"Index","KernelName","gpu-id","queue-id","queue-index","pid","tid","grd","wgr","lds","scr","arch_vgpr","accum_vgpr","sgpr","wave_size","sig","obj","DispatchNs","BeginNs","EndNs","CompleteNs","DurationNs"
0,"__amd_rocclr_fillBufferAligned.kd",4,0,0,149960,149960,3584,256,0,0,12,0,32,64,"0x0","0x7dde218bd740",7172727732073,7172727819689,7172727827245,7172727844313,7556
1,"void dequantize_block_q4_0<__half>(void const*, __half*, int) [clone .kd]",4,1,0,149960,149960,229376,32,0,0,12,0,16,64,"0x0","0x7dddb3bd2b80",7172730941438,7172730992786,7172731096932,7172731145335,104146
2,"void dequantize_block_q4_0<__half>(void const*, __half*, int) [clone .kd]",4,1,1,149960,149960,229376,32,0,0,12,0,16,64,"0x0","0x7dddb3bd2b80",7172730948845,7172731096932,7172731198707,7172731204369,101775
3,"void flash_attn_tile<256, 256, 4, 2, false>(char const*, char const*, char const*, char const*, char const*, int const*, float*, HIP_vector_type<float, 2u>*, float, float, float, float, unsigned int, float, int, HIP_vector_type<unsigned int, 3u>, int, int, int, int, int, int, int, int, int, int, int, long, int, int, long, int, int, int, int, int, long) [clone .kd]",4,1,2,149960,149960,28416,256,22528,1104,128,0,64,64,"0x0","0x7ddd5e587e00",7172731942754,7172732364749,7172733076285,7172733579233,711536
4,"void flash_attn_combine_results<256>(float const*, HIP_vector_type<float, 2u> const*, float*, int) [clone .kd]",4,1,3,149960,149960,6144,256,512,0,20,0,32,64,"0x0","0x7ddd5e587cc0",7172731948730,7172733076285,7172733097914,7172733584349,21629
5,"void dequantize_block_q4_0<__half>(void const*, __half*, int) [clone .kd]",4,1,4,149960,149960,229376,32,0,0,12,0,16,64,"0x0","0x7dddb3bd2b80",7172731952635,7172733097914,7172733121617,7172733586458,23703
6,"void dequantize_block_q4_0<__half>(void const*, __half*, int) [clone .kd]",4,1,5,149960,149960,229376,32,0,0,12,0,16,64,"0x0","0x7dddb3bd2b80",7172731955614,7172733121617,7172733144431,7172733588400,22814
7,"void flash_attn_tile<256, 256, 4, 6, false>(char const*, char const*, char const*, char const*, char const*, int const*, float*, HIP_vector_type<float, 2u>*, float, float, float, float, unsigned int, float, int, HIP_vector_type<unsigned int, 3u>, int, int, int, int, int, int, int, int, int, int, int, long, int, int, long, int, int, int, int, int, long) [clone .kd]",4,1,6,149960,149960,21504,384,32768,1432,128,0,48,64,"0x0","0x7ddd5e587e80",7172731974166,7172733750637,7172734292548,7172734376534,541911
8,"void flash_attn_combine_results<256>(float const*, HIP_vector_type<float, 2u> const*, float*, int) [clone .kd]",4,1,7,149960,149960,6144,256,512,0,20,0,32,64,"0x0","0x7ddd5e587cc0",7172731976559,7172734393286,7172734419507,7172734430009,26221
9,"void dequantize_block_q4_0<__half>(void const*, __half*, int) [clone .kd]",4,1,8,149960,149960,229376,32,0,0,12,0,16,64,"0x0","0x7dddb3bd2b80",7172731978739,7172734419507,7172734443062,7172734460173,23555
10,"void dequantize_block_q4_0<__half>(void const*, __half*, int) [clone .kd]",4,1,9,149960,149960,229376,32,0,0,12,0,16,64,"0x0","0x7dddb3bd2b80",7172731981108,7172734443062,7172734466469,7172734494430,23407
11,"void flash_attn_tile<256, 256, 4, 2, false>(char const*, char const*, char const*, char const*, char const*, int const*, float*, HIP_vector_type<float, 2u>*, float, float, float, float, unsigned int, float, int, HIP_vector_type<unsigned int, 3u>, int, int, int, int, int, int, int, int, int, int, int, long, int, int, long, int, int, int, int, int, long) [clone .kd]",4,1,10,149960,149960,28416,256,22528,1104,128,0,64,64,"0x0","0x7ddd5e587e00",7172731984133,7172734676537,7172735386147,7172735464347,709610
12,"void flash_attn_combine_results<256>(float const*, HIP_vector_type<float, 2u> const*, float*, int) [clone .kd]",4,1,11,149960,149960,6144,256,512,0,20,0,32,64,"0x0","0x7ddd5e587cc0",7172731986186,7172735386147,7172735408221,7172735474997,22074
13,"void dequantize_block_q4_0<__half>(void const*, __half*, int) [clone .kd]",4,1,12,149960,149960,229376,32,0,0,12,0,16,64,"0x0","0x7dddb3bd2b80",7172731988190,7172735408221,7172735431628,7172735477224,23407
14,"void dequantize_block_q4_0<__half>(void const*, __half*, int) [clone .kd]",4,1,13,149960,149960,229376,32,0,0,12,0,16,64,"0x0","0x7dddb3bd2b80",7172731989855,7172735431628,7172735454442,7172735478861,22814
15,"void flash_attn_tile<256, 256, 4, 6, false>(char const*, char const*, char const*, char const*, char const*, int const*, float*, HIP_vector_type<float, 2u>*, float, float, float, float, unsigned int, float, int, HIP_vector_type<unsigned int, 3u>, int, int, int, int, int, int, int, int, int, int, int, long, int, int, long, int, int, int, int, int, long) [clone .kd]",4,1,14,149960,149960,21504,384,32768,1432,128,0,48,64,"0x0","0x7ddd5e587e80",7172731992376,7172735664806,7172736204051,7172736280725,539245
16,"void flash_attn_combine_results<256>(float const*, HIP_vector_type<float, 2u> const*, float*, int) [clone .kd]",4,1,15,149960,149960,6144,256,512,0,20,0,32,64,"0x0","0x7ddd5e587cc0",7172731994871,7172736307604,7172736335307,7172736345491,27703
17,"void dequantize_block_q4_0<__half>(void const*, __half*, int) [clone .kd]",4,1,16,149960,149960,229376,32,0,0,12,0,16,64,"0x0","0x7dddb3bd2b80",7172731996616,7172736335307,7172736358565,7172736375614,23258
18,"void dequantize_block_q4_0<__half>(void const*, __half*, int) [clone .kd]",4,1,17,149960,149960,229376,32,0,0,12,0,16,64,"0x0","0x7dddb3bd2b80",7172731998380,7172736358565,7172736381824,7172736404505,23259
19,"void flash_attn_tile<256, 256, 4, 2, false>(char const*, char const*, char const*, char const*, char const*, int const*, float*, HIP_vector_type<float, 2u>*, float, float, float, float, unsigned int, float, int, HIP_vector_type<unsigned int, 3u>, int, int, int, int, int, int, int, int, int, int, int, long, int, int, long, int, int, int, int, int, long) [clone .kd]",4,1,18,149960,149960,28416,256,22528,1104,128,0,64,64,"0x0","0x7ddd5e587e00",7172732003971,7172736592040,7172737290836,7172737368742,698796
20,"void flash_attn_combine_results<256>(float const*, HIP_vector_type<float, 2u> const*, float*, int) [clone .kd]",4,1,19,149960,149960,6144,256,512,0,20,0,32,64,"0x0","0x7ddd5e587cc0",7172732005833,7172737290836,7172737312613,7172737382432,21777
21,"void dequantize_block_q4_0<__half>(void const*, __half*, int) [clone .kd]",4,1,20,149960,149960,229376,32,0,0,12,0,16,64,"0x0","0x7dddb3bd2b80",7172732007630,7172737312613,7172737335872,7172737384624,23259
22,"void dequantize_block_q4_0<__half>(void const*, __half*, int) [clone .kd]",4,1,21,149960,149960,229376,32,0,0,12,0,16,64,"0x0","0x7dddb3bd2b80",7172732009083,7172737335872,7172737358686,7172737386254,22814
23,"void flash_attn_tile<256, 256, 4, 6, false>(char const*, char const*, char const*, char const*, char const*, int const*, float*, HIP_vector_type<float, 2u>*, float, float, float, float, unsigned int, float, int, HIP_vector_type<unsigned int, 3u>, int, int, int, int, int, int, int, int, int, int, int, long, int, int, long, int, int, int, int, int, long) [clone .kd]",4,1,22,149960,149960,21504,384,32768,1432,128,0,48,64,"0x0","0x7ddd5e587e80",7172732011357,7172737568902,7172738107554,7172738187543,538652
24,"void flash_attn_combine_results<256>(float const*, HIP_vector_type<float, 2u> const*, float*, int) [clone .kd]",4,1,23,149960,149960,6144,256,512,0,20,0,32,64,"0x0","0x7ddd5e587cc0",7172732013351,7172738211551,7172738238514,7172738248970,26963
25,"void dequantize_block_q4_0<__half>(void const*, __half*, int) [clone .kd]",4,1,24,149960,149960,229376,32,0,0,12,0,16,64,"0x0","0x7dddb3bd2b80",7172732015807,7172738238514,7172738261772,7172738279159,23258
26,"void dequantize_block_q4_0<__half>(void const*, __half*, int) [clone .kd]",4,1,25,149960,149960,229376,32,0,0,12,0,16,64,"0x0","0x7dddb3bd2b80",7172732017789,7172738261772,7172738284883,7172738308457,23111
27,"void flash_attn_tile<256, 256, 4, 2, false>(char const*, char const*, char const*, char const*, char const*, int const*, float*, HIP_vector_type<float, 2u>*, float, float, float, float, unsigned int, float, int, HIP_vector_type<unsigned int, 3u>, int, int, int, int, int, int, int, int, int, int, int, long, int, int, long, int, int, int, int, int, long) [clone .kd]",4,1,26,149960,149960,28416,256,22528,1104,128,0,64,64,"0x0","0x7ddd5e587e00",7172732020501,7172738494358,7172739201450,7172739279233,707092
28,"void flash_attn_combine_results<256>(float const*, HIP_vector_type<float, 2u> const*, float*, int) [clone .kd]",4,1,27,149960,149960,6144,256,512,0,20,0,32,64,"0x0","0x7ddd5e587cc0",7172732022514,7172739201450,7172739223079,7172739289715,21629
29,"void dequantize_block_q4_0<__half>(void const*, __half*, int) [clone .kd]",4,1,28,149960,149960,229376,32,0,0,12,0,16,64,"0x0","0x7dddb3bd2b80",7172732024537,7172739223079,7172739246634,7172739295066,23555
30,"void dequantize_block_q4_0<__half>(void const*, __half*, int) [clone .kd]",4,1,29,149960,149960,229376,32,0,0,12,0,16,64,"0x0","0x7dddb3bd2b80",7172732026681,7172739246634,7172739269745,7172739296784,23111
31,"void flash_attn_tile<256, 256, 4, 6, false>(char const*, char const*, char const*, char const*, char const*, int const*, float*, HIP_vector_type<float, 2u>*, float, float, float, float, unsigned int, float, int, HIP_vector_type<unsigned int, 3u>, int, int, int, int, int, int, int, int, int, int, int, long, int, int, long, int, int, int, int, int, long) [clone .kd]",4,1,30,149960,149960,21504,384,32768,1432,128,0,48,64,"0x0","0x7ddd5e587e80",7172732029215,7172739481146,7172740020539,7172740103886,539393
32,"void flash_attn_combine_results<256>(float const*, HIP_vector_type<float, 2u> const*, float*, int) [clone .kd]",4,1,31,149960,149960,6144,256,512,0,20,0,32,64,"0x0","0x7ddd5e587cc0",7172732031309,7172740123647,7172740151054,7172740160449,27407
33,"void dequantize_block_q4_0<__half>(void const*, __half*, int) [clone .kd]",4,1,32,149960,149960,229376,32,0,0,12,0,16,64,"0x0","0x7dddb3bd2b80",7172732033361,7172740151054,7172740174461,7172740195847,23407
34,"void dequantize_block_q4_0<__half>(void const*, __half*, int) [clone .kd]",4,1,33,149960,149960,229376,32,0,0,12,0,16,64,"0x0","0x7dddb3bd2b80",7172732035547,7172740174461,7172740197423,7172740229038,22962
35,"void flash_attn_tile<256, 256, 4, 2, false>(char const*, char const*, char const*, char const*, char const*, int const*, float*, HIP_vector_type<float, 2u>*, float, float, float, float, unsigned int, float, int, HIP_vector_type<unsigned int, 3u>, int, int, int, int, int, int, int, int, int, int, int, long, int, int, long, int, int, int, int, int, long) [clone .kd]",4,1,34,149960,149960,28416,256,22528,1104,128,0,64,64,"0x0","0x7ddd5e587e00",7172732038266,7172740407639,7172741112509,7172741192819,704870
36,"void flash_attn_combine_results<256>(float const*, HIP_vector_type<float, 2u> const*, float*, int) [clone .kd]",4,1,35,149960,149960,6144,256,512,0,20,0,32,64,"0x0","0x7ddd5e587cc0",7172732040387,7172741112509,7172741134138,7172741203544,21629
37,"void dequantize_block_q4_0<__half>(void const*, __half*, int) [clone .kd]",4,1,36,149960,149960,229376,32,0,0,12,0,16,64,"0x0","0x7dddb3bd2b80",7172732042486,7172741134138,7172741157841,7172741205808,23703
38,"void dequantize_block_q4_0<__half>(void const*, __half*, int) [clone .kd]",4,1,37,149960,149960,229376,32,0,0,12,0,16,64,"0x0","0x7dddb3bd2b80",7172732044203,7172741157841,7172741180803,7172741212936,22962
39,"void flash_attn_tile<256, 256, 4, 6, false>(char const*, char const*, char const*, char const*, char const*, int const*, float*, HIP_vector_type<float, 2u>*, float, float, float, float, unsigned int, float, int, HIP_vector_type<unsigned int, 3u>, int, int, int, int, int, int, int, int, int, int, int, long, int, int, long, int, int, int, int, int, long) [clone .kd]",4,1,38,149960,149960,21504,384,32768,1432,128,0,48,64,"0x0","0x7ddd5e587e80",7172732046827,7172741390872,7172741929672,7172742014929,538800
40,"void flash_attn_combine_results<256>(float const*, HIP_vector_type<float, 2u> const*, float*, int) [clone .kd]",4,1,39,149960,149960,6144,256,512,0,20,0,32,64,"0x0","0x7ddd5e587cc0",7172732048857,7172742033224,7172742060483,7172742069266,27259
41,"void dequantize_block_q4_0<__half>(void const*, __half*, int) [clone .kd]",4,1,40,149960,149960,229376,32,0,0,12,0,16,64,"0x0","0x7dddb3bd2b80",7172732050982,7172742060483,7172742084038,7172742097962,23555
42,"void dequantize_block_q4_0<__half>(void const*, __half*, int) [clone .kd]",4,1,41,149960,149960,229376,32,0,0,12,0,16,64,"0x0","0x7dddb3bd2b80",7172732052887,7172742084038,7172742107148,7172742124518,23110
43,"void flash_attn_tile<256, 256, 4, 2, false>(char const*, char const*, char const*, char const*, char const*, int const*, float*, HIP_vector_type<float, 2u>*, float, float, float, float, unsigned int, float, int, HIP_vector_type<unsigned int, 3u>, int, int, int, int, int, int, int, int, int, int, int, long, int, int, long, int, int, int, int, int, long) [clone .kd]",4,1,42,149960,149960,28416,256,22528,1104,128,0,64,64,"0x0","0x7ddd5e587e00",7172732056486,7172742316772,7172743015271,7172743104678,698499
44,"void flash_attn_combine_results<256>(float const*, HIP_vector_type<float, 2u> const*, float*, int) [clone .kd]",4,1,43,149960,149960,6144,256,512,0,20,0,32,64,"0x0","0x7ddd5e587cc0",7172732058420,7172743015271,7172743036752,7172743115124,21481
45,"void dequantize_block_q4_0<__half>(void const*, __half*, int) [clone .kd]",4,1,44,149960,149960,229376,32,0,0,12,0,16,64,"0x0","0x7dddb3bd2b80",7172732060702,7172743036752,7172743060159,7172743117368,23407
46,"void dequantize_block_q4_0<__half>(void const*, __half*, int) [clone .kd]",4,1,45,149960,149960,229376,32,0,0,12,0,16,64,"0x0","0x7dddb3bd2b80",7172732062400,7172743060159,7172743083418,7172743118955,23259
47,"void flash_attn_tile<256, 256, 4, 6, false>(char const*, char const*, char const*, char const*, char const*, int const*, float*, HIP_vector_type<float, 2u>*, float, float, float, float, unsigned int, float, int, HIP_vector_type<unsigned int, 3u>, int, int, int, int, int, int, int, int, int, int, int, long, int, int, long, int, int, int, int, int, long) [clone .kd]",4,1,46,149960,149960,21504,384,32768,1432,128,0,48,64,"0x0","0x7ddd5e587e80",7172732064788,7172743293930,7172743837619,7172743867919,543689
48,"void flash_attn_combine_results<256>(float const*, HIP_vector_type<float, 2u> const*, float*, int) [clone .kd]",4,1,47,149960,149960,6144,256,512,0,20,0,32,64,"0x0","0x7ddd5e587cc0",7172732066692,7172743887248,7172743917025,7172743925524,29777
49,"void dequantize_block_q4_0<__half>(void const*, __half*, int) [clone .kd]",4,1,48,149960,149960,229376,32,0,0,12,0,16,64,"0x0","0x7dddb3bd2b80",7172732068590,7172743917025,7172743941616,7172743952315,24591
50,"void dequantize_block_q4_0<__half>(void const*, __half*, int) [clone .kd]",4,1,49,149960,149960,229376,32,0,0,12,0,16,64,"0x0","0x7dddb3bd2b80",7172732070503,7172743941616,7172743966208,7172743979455,24592
51,"void flash_attn_tile<256, 256, 4, 2, false>(char const*, char const*, char const*, char const*, char const*, int const*, float*, HIP_vector_type<float, 2u>*, float, float, float, float, unsigned int, float, int, HIP_vector_type<unsigned int, 3u>, int, int, int, int, int, int, int, int, int, int, int, long, int, int, long, int, int, int, int, int, long) [clone .kd]",4,1,50,149960,149960,28416,256,22528,1104,128,0,64,64,"0x0","0x7ddd5e587e00",7172732073045,7172744189165,7172744910331,7172744988292,721166
52,"void flash_attn_combine_results<256>(float const*, HIP_vector_type<float, 2u> const*, float*, int) [clone .kd]",4,1,51,149960,149960,6144,256,512,0,20,0,32,64,"0x0","0x7ddd5e587cc0",7172732074925,7172744910331,7172744933589,7172744999764,23258
53,"void dequantize_block_q4_0<__half>(void const*, __half*, int) [clone .kd]",4,1,52,149960,149960,229376,32,0,0,12,0,16,64,"0x0","0x7dddb3bd2b80",7172732076791,7172744933589,7172744958626,7172745005987,25037
54,"void dequantize_block_q4_0<__half>(void const*, __half*, int) [clone .kd]",4,1,53,149960,149960,229376,32,0,0,12,0,16,64,"0x0","0x7dddb3bd2b80",7172732078528,7172744958626,7172744983366,7172745007626,24740
55,"void flash_attn_tile<256, 256, 4, 6, false>(char const*, char const*, char const*, char const*, char const*, int const*, float*, HIP_vector_type<float, 2u>*, float, float, float, float, unsigned int, float, int, HIP_vector_type<unsigned int, 3u>, int, int, int, int, int, int, int, int, int, int, int, long, int, int, long, int, int, int, int, int, long) [clone .kd]",4,1,54,149960,149960,21504,384,32768,1432,128,0,48,64,"0x0","0x7ddd5e587e80",7172732081093,7172745206471,7172745754604,7172745832447,548133
56,"void flash_attn_combine_results<256>(float const*, HIP_vector_type<float, 2u> const*, float*, int) [clone .kd]",4,1,55,149960,149960,6144,256,512,0,20,0,32,64,"0x0","0x7ddd5e587cc0",7172732083042,7172745890452,7172745919340,7172745927827,28888
57,"void dequantize_block_q4_0<__half>(void const*, __half*, int) [clone .kd]",4,1,56,149960,149960,229376,32,0,0,12,0,16,64,"0x0","0x7dddb3bd2b80",7172732084938,7172745919340,7172745943932,7172745955600,24592
58,"void dequantize_block_q4_0<__half>(void const*, __half*, int) [clone .kd]",4,1,57,149960,149960,229376,32,0,0,12,0,16,64,"0x0","0x7dddb3bd2b80",7172732086865,7172745943932,7172745968524,7172745981705,24592
59,"void flash_attn_tile<256, 256, 4, 2, false>(char const*, char const*, char const*, char const*, char const*, int const*, float*, HIP_vector_type<float, 2u>*, float, float, float, float, unsigned int, float, int, HIP_vector_type<unsigned int, 3u>, int, int, int, int, int, int, int, int, int, int, int, long, int, int, long, int, int, int, int, int, long) [clone .kd]",4,1,58,149960,149960,28416,256,22528,1104,128,0,64,64,"0x0","0x7ddd5e587e00",7172732089469,7172746191184,7172746902720,7172746979864,711536
60,"void flash_attn_combine_results<256>(float const*, HIP_vector_type<float, 2u> const*, float*, int) [clone .kd]",4,1,59,149960,149960,6144,256,512,0,20,0,32,64,"0x0","0x7ddd5e587cc0",7172732091234,7172746902720,7172746925090,7172746990253,22370
61,"void dequantize_block_q4_0<__half>(void const*, __half*, int) [clone .kd]",4,1,60,149960,149960,229376,32,0,0,12,0,16,64,"0x0","0x7dddb3bd2b80",7172732093488,7172746925090,7172746949978,7172746992376,24888
62,"void dequantize_block_q4_0<__half>(void const*, __half*, int) [clone .kd]",4,1,61,149960,149960,229376,32,0,0,12,0,16,64,"0x0","0x7dddb3bd2b80",7172732095292,7172746949978,7172746974422,7172746994111,24444
63,"void flash_attn_tile<256, 256, 4, 6, false>(char const*, char const*, char const*, char const*, char const*, int const*, float*, HIP_vector_type<float, 2u>*, float, float, float, float, unsigned int, float, int, HIP_vector_type<unsigned int, 3u>, int, int, int, int, int, int, int, int, int, int, int, long, int, int, long, int, int, int, int, int, long) [clone .kd]",4,1,62,149960,149960,21504,384,32768,1432,128,0,48,64,"0x0","0x7ddd5e587e80",7172732097549,7172747197527,7172747744475,7172747827113,546948
64,"void flash_attn_combine_results<256>(float const*, HIP_vector_type<float, 2u> const*, float*, int) [clone .kd]",4,1,63,149960,149960,6144,256,512,0,20,0,32,64,"0x0","0x7ddd5e587cc0",7172732099492,7172747878990,7172747908174,7172747918531,29184
65,"void dequantize_block_q4_0<__half>(void const*, __half*, int) [clone .kd]",4,1,64,149960,149960,229376,32,0,0,12,0,16,64,"0x0","0x7dddb3bd2b80",7172732101521,7172747908174,7172747932914,7172747946885,24740
66,"void dequantize_block_q4_0<__half>(void const*, __half*, int) [clone .kd]",4,1,65,149960,149960,229376,32,0,0,12,0,16,64,"0x0","0x7dddb3bd2b80",7172732103506,7172747932914,7172747957506,7172747977364,24592
67,"void flash_attn_tile<256, 256, 4, 2, false>(char const*, char const*, char const*, char const*, char const*, int const*, float*, HIP_vector_type<float, 2u>*, float, float, float, float, unsigned int, float, int, HIP_vector_type<unsigned int, 3u>, int, int, int, int, int, int, int, int, int, int, int, long, int, int, long, int, int, int, int, int, long) [clone .kd]",4,1,66,149960,149960,28416,256,22528,1104,128,0,64,64,"0x0","0x7ddd5e587e00",7172732106008,7172748180315,7172748901777,7172748982686,721462
68,"void flash_attn_combine_results<256>(float const*, HIP_vector_type<float, 2u> const*, float*, int) [clone .kd]",4,1,67,149960,149960,6144,256,512,0,20,0,32,64,"0x0","0x7ddd5e587cc0",7172732107905,7172748901777,7172748924443,7172748993321,22666
69,"void dequantize_block_q4_0<__half>(void const*, __half*, int) [clone .kd]",4,1,68,149960,149960,229376,32,0,0,12,0,16,64,"0x0","0x7dddb3bd2b80",7172732109998,7172748924443,7172748949331,7172748995555,24888
70,"void dequantize_block_q4_0<__half>(void const*, __half*, int) [clone .kd]",4,1,69,149960,149960,229376,32,0,0,12,0,16,64,"0x0","0x7dddb3bd2b80",7172732111563,7172748949331,7172748973775,7172748997192,24444
71,"void flash_attn_tile<256, 256, 4, 6, false>(char const*, char const*, char const*, char const*, char const*, int const*, float*, HIP_vector_type<float, 2u>*, float, float, float, float, unsigned int, float, int, HIP_vector_type<unsigned int, 3u>, int, int, int, int, int, int, int, int, int, int, int, long, int, int, long, int, int, int, int, int, long) [clone .kd]",4,1,70,149960,149960,21504,384,32768,1432,128,0,48,64,"0x0","0x7ddd5e587e80",7172732113793,7172749197176,7172749740717,7172749818748,543541
72,"void flash_attn_combine_results<256>(float const*, HIP_vector_type<float, 2u> const*, float*, int) [clone .kd]",4,1,71,149960,149960,6144,256,512,0,20,0,32,64,"0x0","0x7ddd5e587cc0",7172732115884,7172749821455,7172749849306,7172749860232,27851
73,"void dequantize_block_q4_0<__half>(void const*, __half*, int) [clone .kd]",4,1,72,149960,149960,229376,32,0,0,12,0,16,64,"0x0","0x7dddb3bd2b80",7172732117704,7172749849306,7172749874194,7172749887972,24888
74,"void dequantize_block_q4_0<__half>(void const*, __half*, int) [clone .kd]",4,1,73,149960,149960,229376,32,0,0,12,0,16,64,"0x0","0x7dddb3bd2b80",7172732119382,7172749874194,7172749898638,7172749914044,24444
75,"void flash_attn_tile<256, 256, 4, 2, false>(char const*, char const*, char const*, char const*, char const*, int const*, float*, HIP_vector_type<float, 2u>*, float, float, float, float, unsigned int, float, int, HIP_vector_type<unsigned int, 3u>, int, int, int, int, int, int, int, int, int, int, int, long, int, int, long, int, int, int, int, int, long) [clone .kd]",4,1,74,149960,149960,28416,256,22528,1104,128,0,64,64,"0x0","0x7ddd5e587e00",7172732121657,7172750123076,7172750848983,7172750943796,725907
76,"void flash_attn_combine_results<256>(float const*, HIP_vector_type<float, 2u> const*, float*, int) [clone .kd]",4,1,75,149960,149960,6144,256,512,0,20,0,32,64,"0x0","0x7ddd5e587cc0",7172732123555,7172750848983,7172750871797,7172750955673,22814
77,"void dequantize_block_q4_0<__half>(void const*, __half*, int) [clone .kd]",4,1,76,149960,149960,229376,32,0,0,12,0,16,64,"0x0","0x7dddb3bd2b80",7172732125537,7172750871797,7172750896833,7172750958147,25036
78,"void dequantize_block_q4_0<__half>(void const*, __half*, int) [clone .kd]",4,1,77,149960,149960,229376,32,0,0,12,0,16,64,"0x0","0x7dddb3bd2b80",7172732127470,7172750896833,7172750921425,7172750960090,24592
79,"void flash_attn_tile<256, 256, 4, 6, false>(char const*, char const*, char const*, char const*, char const*, int const*, float*, HIP_vector_type<float, 2u>*, float, float, float, float, unsigned int, float, int, HIP_vector_type<unsigned int, 3u>, int, int, int, int, int, int, int, int, int, int, int, long, int, int, long, int, int, int, int, int, long) [clone .kd]",4,1,78,149960,149960,21504,384,32768,1432,128,0,48,64,"0x0","0x7ddd5e587e80",7172732129726,7172751144678,7172751694145,7172751726339,549467
80,"void flash_attn_combine_results<256>(float const*, HIP_vector_type<float, 2u> const*, float*, int) [clone .kd]",4,1,79,149960,149960,6144,256,512,0,20,0,32,64,"0x0","0x7ddd5e587cc0",7172732131601,7172751772365,7172751800660,7172751810615,28295
81,"void dequantize_block_q4_0<__half>(void const*, __half*, int) [clone .kd]",4,1,80,149960,149960,229376,32,0,0,12,0,16,64,"0x0","0x7dddb3bd2b80",7172732133627,7172751800660,7172751825696,7172751836773,25036
82,"void dequantize_block_q4_0<__half>(void const*, __half*, int) [clone .kd]",4,1,81,149960,149960,229376,32,0,0,12,0,16,64,"0x0","0x7dddb3bd2b80",7172732135304,7172751825696,7172751850288,7172751862409,24592
83,"void flash_attn_tile<256, 256, 4, 2, false>(char const*, char const*, char const*, char const*, char const*, int const*, float*, HIP_vector_type<float, 2u>*, float, float, float, float, unsigned int, float, int, HIP_vector_type<unsigned int, 3u>, int, int, int, int, int, int, int, int, int, int, int, long, int, int, long, int, int, int, int, int, long) [clone .kd]",4,1,82,149960,149960,28416,256,22528,1104,128,0,64,64,"0x0","0x7ddd5e587e00",7172732137659,7172752073097,7172752795892,7172752880738,722795
84,"void flash_attn_combine_results<256>(float const*, HIP_vector_type<float, 2u> const*, float*, int) [clone .kd]",4,1,83,149960,149960,6144,256,512,0,20,0,32,64,"0x0","0x7ddd5e587cc0",7172732139643,7172752795892,7172752819003,7172752894890,23111
85,"void dequantize_block_q4_0<__half>(void const*, __half*, int) [clone .kd]",4,1,84,149960,149960,229376,32,0,0,12,0,16,64,"0x0","0x7dddb3bd2b80",7172732141680,7172752819003,7172752843891,7172752897142,24888
86,"void dequantize_block_q4_0<__half>(void const*, __half*, int) [clone .kd]",4,1,85,149960,149960,229376,32,0,0,12,0,16,64,"0x0","0x7dddb3bd2b80",7172732143325,7172752843891,7172752868483,7172752898809,24592
87,"void flash_attn_tile<256, 256, 4, 6, false>(char const*, char const*, char const*, char const*, char const*, int const*, float*, HIP_vector_type<float, 2u>*, float, float, float, float, unsigned int, float, int, HIP_vector_type<unsigned int, 3u>, int, int, int, int, int, int, int, int, int, int, int, long, int, int, long, int, int, int, int, int, long) [clone .kd]",4,1,86,149960,149960,21504,384,32768,1432,128,0,48,64,"0x0","0x7ddd5e587e80",7172732145754,7172753091736,7172753638387,7172753725634,546651
88,"void flash_attn_combine_results<256>(float const*, HIP_vector_type<float, 2u> const*, float*, int) [clone .kd]",4,1,87,149960,149960,6144,256,512,0,20,0,32,64,"0x0","0x7ddd5e587cc0",7172732147655,7172753775569,7172753803420,7172753812137,27851
89,"void dequantize_block_q4_0<__half>(void const*, __half*, int) [clone .kd]",4,1,88,149960,149960,229376,32,0,0,12,0,16,64,"0x0","0x7dddb3bd2b80",7172732149680,7172753803420,7172753830382,7172753840189,26962
90,"void dequantize_block_q4_0<__half>(void const*, __half*, int) [clone .kd]",4,1,89,149960,149960,229376,32,0,0,12,0,16,64,"0x0","0x7dddb3bd2b80",7172732151518,7172753830382,7172753857641,7172753866328,27259
91,"void flash_attn_tile<256, 256, 4, 2, false>(char const*, char const*, char const*, char const*, char const*, int const*, float*, HIP_vector_type<float, 2u>*, float, float, float, float, unsigned int, float, int, HIP_vector_type<unsigned int, 3u>, int, int, int, int, int, int, int, int, int, int, int, long, int, int, long, int, int, int, int, int, long) [clone .kd]",4,1,90,149960,149960,28416,256,22528,1104,128,0,64,64,"0x0","0x7ddd5e587e00",7172732153757,7172754105041,7172754885909,7172754972225,780868
92,"void flash_attn_combine_results<256>(float const*, HIP_vector_type<float, 2u> const*, float*, int) [clone .kd]",4,1,91,149960,149960,6144,256,512,0,20,0,32,64,"0x0","0x7ddd5e587cc0",7172732155642,7172754885909,7172754911093,7172754982777,25184
93,"void dequantize_block_q4_0<__half>(void const*, __half*, int) [clone .kd]",4,1,92,149960,149960,229376,32,0,0,12,0,16,64,"0x0","0x7dddb3bd2b80",7172732157572,7172754911093,7172754939093,7172754985000,28000
94,"void dequantize_block_q4_0<__half>(void const*, __half*, int) [clone .kd]",4,1,93,149960,149960,229376,32,0,0,12,0,16,64,"0x0","0x7dddb3bd2b80",7172732159489,7172754939093,7172754966351,7172754989681,27258
95,"void flash_attn_tile<256, 256, 4, 6, false>(char const*, char const*, char const*, char const*, char const*, int const*, float*, HIP_vector_type<float, 2u>*, float, float, float, float, unsigned int, float, int, HIP_vector_type<unsigned int, 3u>, int, int, int, int, int, int, int, int, int, int, int, long, int, int, long, int, int, int, int, int, long) [clone .kd]",4,1,94,149960,149960,21504,384,32768,1432,128,0,48,64,"0x0","0x7ddd5e587e80",7172732162009,7172755214641,7172755823216,7172755911571,608575
96,"void flash_attn_combine_results<256>(float const*, HIP_vector_type<float, 2u> const*, float*, int) [clone .kd]",4,1,95,149960,149960,6144,256,512,0,20,0,32,64,"0x0","0x7ddd5e587cc0",7172732164132,7172755964398,7172755992397,7172756005847,27999
97,"void dequantize_block_q4_0<__half>(void const*, __half*, int) [clone .kd]",4,1,96,149960,149960,229376,32,0,0,12,0,16,64,"0x0","0x7dddb3bd2b80",7172732165932,7172755992397,7172756017137,7172756033847,24740
98,"void dequantize_block_q4_0<__half>(void const*, __half*, int) [clone .kd]",4,1,97,149960,149960,229376,32,0,0,12,0,16,64,"0x0","0x7dddb3bd2b80",7172732167862,7172756017137,7172756041729,7172756059905,24592
99,"void flash_attn_tile<256, 256, 4, 2, false>(char const*, char const*, char const*, char const*, char const*, int const*, float*, HIP_vector_type<float, 2u>*, float, float, float, float, unsigned int, float, int, HIP_vector_type<unsigned int, 3u>, int, int, int, int, int, int, int, int, int, int, int, long, int, int, long, int, int, int, int, int, long) [clone .kd]",4,1,98,149960,149960,28416,256,22528,1104,128,0,64,64,"0x0","0x7ddd5e587e00",7172732170222,7172756264686,7172756985259,7172757065428,720573
100,"void flash_attn_combine_results<256>(float const*, HIP_vector_type<float, 2u> const*, float*, int) [clone .kd]",4,1,99,149960,149960,6144,256,512,0,20,0,32,64,"0x0","0x7ddd5e587cc0",7172732172259,7172756985259,7172757007628,7172757075912,22369
101,"void dequantize_block_q4_0<__half>(void const*, __half*, int) [clone .kd]",4,1,100,149960,149960,229376,32,0,0,12,0,16,64,"0x0","0x7dddb3bd2b80",7172732174278,7172757007628,7172757032665,7172757078261,25037
102,"void dequantize_block_q4_0<__half>(void const*, __half*, int) [clone .kd]",4,1,101,149960,149960,229376,32,0,0,12,0,16,64,"0x0","0x7dddb3bd2b80",7172732175917,7172757032665,7172757057257,7172757079951,24592
103,"void flash_attn_tile<256, 256, 4, 6, false>(char const*, char const*, char const*, char const*, char const*, int const*, float*, HIP_vector_type<float, 2u>*, float, float, float, float, unsigned int, float, int, HIP_vector_type<unsigned int, 3u>, int, int, int, int, int, int, int, int, int, int, int, long, int, int, long, int, int, int, int, int, long) [clone .kd]",4,1,102,149960,149960,21504,384,32768,1432,128,0,48,64,"0x0","0x7ddd5e587e80",7172732178360,7172757280362,7172757826421,7172757913434,546059
104,"void flash_attn_combine_results<256>(float const*, HIP_vector_type<float, 2u> const*, float*, int) [clone .kd]",4,1,103,149960,149960,6144,256,512,0,20,0,32,64,"0x0","0x7ddd5e587cc0",7172732180111,7172757961973,7172757989972,7172757998955,27999
105,"void dequantize_block_q4_0<__half>(void const*, __half*, int) [clone .kd]",4,1,104,149960,149960,229376,32,0,0,12,0,16,64,"0x0","0x7dddb3bd2b80",7172732182080,7172757989972,7172758014712,7172758033686,24740
106,"void dequantize_block_q4_0<__half>(void const*, __half*, int) [clone .kd]",4,1,105,149960,149960,229376,32,0,0,12,0,16,64,"0x0","0x7dddb3bd2b80",7172732183615,7172758014712,7172758039156,7172758061229,24444
107,"void flash_attn_tile<256, 256, 4, 2, false>(char const*, char const*, char const*, char const*, char const*, int const*, float*, HIP_vector_type<float, 2u>*, float, float, float, float, unsigned int, float, int, HIP_vector_type<unsigned int, 3u>, int, int, int, int, int, int, int, int, int, int, int, long, int, int, long, int, int, int, int, int, long) [clone .kd]",4,1,106,149960,149960,28416,256,22528,1104,128,0,64,64,"0x0","0x7ddd5e587e00",7172732186120,7172758262261,7172759007425,7172759120822,745164
108,"void flash_attn_combine_results<256>(float const*, HIP_vector_type<float, 2u> const*, float*, int) [clone .kd]",4,1,107,149960,149960,6144,256,512,0,20,0,32,64,"0x0","0x7ddd5e587cc0",7172732187906,7172759007425,7172759032314,7172759131825,24889
109,"void dequantize_block_q4_0<__half>(void const*, __half*, int) [clone .kd]",4,1,108,149960,149960,229376,32,0,0,12,0,16,64,"0x0","0x7dddb3bd2b80",7172732189858,7172759032314,7172759060165,7172759134201,27851
110,"void dequantize_block_q4_0<__half>(void const*, __half*, int) [clone .kd]",4,1,109,149960,149960,229376,32,0,0,12,0,16,64,"0x0","0x7dddb3bd2b80",7172732191417,7172759060165,7172759087127,7172759135860,26962
111,"void flash_attn_tile<256, 256, 4, 6, false>(char const*, char const*, char const*, char const*, char const*, int const*, float*, HIP_vector_type<float, 2u>*, float, float, float, float, unsigned int, float, int, HIP_vector_type<unsigned int, 3u>, int, int, int, int, int, int, int, int, int, int, int, long, int, int, long, int, int, int, int, int, long) [clone .kd]",4,1,110,149960,149960,21504,384,32768,1432,128,0,48,64,"0x0","0x7ddd5e587e80",7172732193890,7172759335120,7172759940289,7172760022322,605169
112,"void flash_attn_combine_results<256>(float const*, HIP_vector_type<float, 2u> const*, float*, int) [clone .kd]",4,1,111,149960,149960,6144,256,512,0,20,0,32,64,"0x0","0x7ddd5e587cc0",7172732195673,7172760029471,7172760061174,7172760073120,31703
113,"void dequantize_block_q4_0<__half>(void const*, __half*, int) [clone .kd]",4,1,112,149960,149960,229376,32,0,0,12,0,16,64,"0x0","0x7dddb3bd2b80",7172732197566,7172760061174,7172760089025,7172760101984,27851
114,"void dequantize_block_q4_0<__half>(void const*, __half*, int) [clone .kd]",4,1,113,149960,149960,229376,32,0,0,12,0,16,64,"0x0","0x7dddb3bd2b80",7172732199254,7172760089025,7172760116284,7172760128568,27259
115,"void flash_attn_tile<256, 256, 4, 2, false>(char const*, char const*, char const*, char const*, char const*, int const*, float*, HIP_vector_type<float, 2u>*, float, float, float, float, unsigned int, float, int, HIP_vector_type<unsigned int, 3u>, int, int, int, int, int, int, int, int, int, int, int, long, int, int, long, int, int, int, int, int, long) [clone .kd]",4,1,114,149960,149960,28416,256,22528,1104,128,0,64,64,"0x0","0x7ddd5e587e00",7172732201827,7172760364425,7172761144404,7172761234475,779979
116,"void flash_attn_combine_results<256>(float const*, HIP_vector_type<float, 2u> const*, float*, int) [clone .kd]",4,1,115,149960,149960,6144,256,512,0,20,0,32,64,"0x0","0x7ddd5e587cc0",7172732203794,7172761144404,7172761167514,7172761245193,23110
117,"void dequantize_block_q4_0<__half>(void const*, __half*, int) [clone .kd]",4,1,116,149960,149960,229376,32,0,0,12,0,16,64,"0x0","0x7dddb3bd2b80",7172732205714,7172761167514,7172761192847,7172761247470,25333
118,"void dequantize_block_q4_0<__half>(void const*, __half*, int) [clone .kd]",4,1,117,149960,149960,229376,32,0,0,12,0,16,64,"0x0","0x7dddb3bd2b80",7172732207237,7172761192847,7172761217291,7172761249060,24444
119,"void flash_attn_tile<256, 256, 4, 6, false>(char const*, char const*, char const*, char const*, char const*, int const*, float*, HIP_vector_type<float, 2u>*, float, float, float, float, unsigned int, float, int, HIP_vector_type<unsigned int, 3u>, int, int, int, int, int, int, int, int, int, int, int, long, int, int, long, int, int, int, int, int, long) [clone .kd]",4,1,118,149960,149960,21504,384,32768,1432,128,0,48,64,"0x0","0x7ddd5e587e80",7172732209662,7172761440396,7172761984084,7172762018302,543688
120,"void flash_attn_combine_results<256>(float const*, HIP_vector_type<float, 2u> const*, float*, int) [clone .kd]",4,1,119,149960,149960,6144,256,512,0,20,0,32,64,"0x0","0x7ddd5e587cc0",7172732211740,7172762053120,7172762080378,7172762091325,27258
121,"void dequantize_block_q4_0<__half>(void const*, __half*, int) [clone .kd]",4,1,120,149960,149960,229376,32,0,0,12,0,16,64,"0x0","0x7dddb3bd2b80",7172732213663,7172762080378,7172762104081,7172762119714,23703
122,"void dequantize_block_q4_0<__half>(void const*, __half*, int) [clone .kd]",4,1,121,149960,149960,229376,32,0,0,12,0,16,64,"0x0","0x7dddb3bd2b80",7172732217102,7172762104081,7172762127192,7172762144723,23111
123,"void flash_attn_tile<256, 256, 4, 2, false>(char const*, char const*, char const*, char const*, char const*, int const*, float*, HIP_vector_type<float, 2u>*, float, float, float, float, unsigned int, float, int, HIP_vector_type<unsigned int, 3u>, int, int, int, int, int, int, int, int, int, int, int, long, int, int, long, int, int, int, int, int, long) [clone .kd]",4,1,122,149960,149960,28416,256,22528,1104,128,0,64,64,"0x0","0x7ddd5e587e00",7172732219631,7172762336964,7172763056648,7172763086535,719684
124,"void flash_attn_combine_results<256>(float const*, HIP_vector_type<float, 2u> const*, float*, int) [clone .kd]",4,1,123,149960,149960,6144,256,512,0,20,0,32,64,"0x0","0x7ddd5e587cc0",7172732221551,7172763056648,7172763079610,7172763089397,22962
125,"void dequantize_block_q4_0<__half>(void const*, __half*, int) [clone .kd]",4,1,124,149960,149960,229376,32,0,0,12,0,16,64,"0x0","0x7dddb3bd2b80",7172732223488,7172763079610,7172763104794,7172763114556,25184
126,"void dequantize_block_q4_0<__half>(void const*, __half*, int) [clone .kd]",4,1,125,149960,149960,229376,32,0,0,12,0,16,64,"0x0","0x7dddb3bd2b80",7172732225354,7172763104794,7172763129090,7172763139244,24296
127,"void flash_attn_tile<256, 256, 4, 6, false>(char const*, char const*, char const*, char const*, char const*, int const*, float*, HIP_vector_type<float, 2u>*, float, float, float, float, unsigned int, float, int, HIP_vector_type<unsigned int, 3u>, int, int, int, int, int, int, int, int, int, int, int, long, int, int, long, int, int, int, int, int, long) [clone .kd]",4,1,126,149960,149960,21504,384,32768,1432,128,0,48,64,"0x0","0x7ddd5e587e80",7172732227823,7172763352491,7172763899884,7172763930768,547393
128,"void flash_attn_combine_results<256>(float const*, HIP_vector_type<float, 2u> const*, float*, int) [clone .kd]",4,1,127,149960,149960,6144,256,512,0,20,0,32,64,"0x0","0x7ddd5e587cc0",7172732229699,7172763977511,7172764006103,7172764016128,28592
129,"void dequantize_block_q4_0<__half>(void const*, __half*, int) [clone .kd]",4,1,128,149960,149960,229376,32,0,0,12,0,16,64,"0x0","0x7dddb3bd2b80",7172732231618,7172764006103,7172764030843,7172764040331,24740
130,"void dequantize_block_q4_0<__half>(void const*, __half*, int) [clone .kd]",4,1,129,149960,149960,229376,32,0,0,12,0,16,64,"0x0","0x7dddb3bd2b80",7172732233397,7172764030843,7172764055287,7172764064339,24444
131,"void flash_attn_tile<256, 256, 4, 2, false>(char const*, char const*, char const*, char const*, char const*, int const*, float*, HIP_vector_type<float, 2u>*, float, float, float, float, unsigned int, float, int, HIP_vector_type<unsigned int, 3u>, int, int, int, int, int, int, int, int, int, int, int, long, int, int, long, int, int, int, int, int, long) [clone .kd]",4,1,130,149960,149960,28416,256,22528,1104,128,0,64,64,"0x0","0x7ddd5e587e00",7172732235694,7172764277799,7172764994520,7172765025426,716721
132,"void flash_attn_combine_results<256>(float const*, HIP_vector_type<float, 2u> const*, float*, int) [clone .kd]",4,1,131,149960,149960,6144,256,512,0,20,0,32,64,"0x0","0x7ddd5e587cc0",7172732237654,7172764994520,7172765017927,7172765028483,23407
133,"void dequantize_block_q4_0<__half>(void const*, __half*, int) [clone .kd]",4,1,132,149960,149960,229376,32,0,0,12,0,16,64,"0x0","0x7dddb3bd2b80",7172732239593,7172765017927,7172765042815,7172765053050,24888
134,"void dequantize_block_q4_0<__half>(void const*, __half*, int) [clone .kd]",4,1,133,149960,149960,229376,32,0,0,12,0,16,64,"0x0","0x7dddb3bd2b80",7172732241366,7172765042815,7172765067259,7172765078341,24444
135,"void flash_attn_tile<256, 256, 4, 6, false>(char const*, char const*, char const*, char const*, char const*, int const*, float*, HIP_vector_type<float, 2u>*, float, float, float, float, unsigned int, float, int, HIP_vector_type<unsigned int, 3u>, int, int, int, int, int, int, int, int, int, int, int, long, int, int, long, int, int, int, int, int, long) [clone .kd]",4,1,134,149960,149960,21504,384,32768,1432,128,0,48,64,"0x0","0x7ddd5e587e80",7172732243832,7172765290364,7172765832423,7172765862329,542059
136,"void flash_attn_combine_results<256>(float const*, HIP_vector_type<float, 2u> const*, float*, int) [clone .kd]",4,1,135,149960,149960,6144,256,512,0,20,0,32,64,"0x0","0x7ddd5e587cc0",7172732245627,7172765915384,7172765943828,7172765952705,28444
137,"void dequantize_block_q4_0<__half>(void const*, __half*, int) [clone .kd]",4,1,136,149960,149960,229376,32,0,0,12,0,16,64,"0x0","0x7dddb3bd2b80",7172732247585,7172765943828,7172765968864,7172765979486,25036
138,"void dequantize_block_q4_0<__half>(void const*, __half*, int) [clone .kd]",4,1,137,149960,149960,229376,32,0,0,12,0,16,64,"0x0","0x7dddb3bd2b80",7172732249208,7172765968864,7172765993456,7172766015557,24592
139,"void flash_attn_tile<256, 256, 4, 2, false>(char const*, char const*, char const*, char const*, char const*, int const*, float*, HIP_vector_type<float, 2u>*, float, float, float, float, unsigned int, float, int, HIP_vector_type<unsigned int, 3u>, int, int, int, int, int, int, int, int, int, int, int, long, int, int, long, int, int, int, int, int, long) [clone .kd]",4,1,138,149960,149960,28416,256,22528,1104,128,0,64,64,"0x0","0x7ddd5e587e00",7172732251809,7172766216265,7172766951948,7172766981677,735683
140,"void flash_attn_combine_results<256>(float const*, HIP_vector_type<float, 2u> const*, float*, int) [clone .kd]",4,1,139,149960,149960,6144,256,512,0,20,0,32,64,"0x0","0x7ddd5e587cc0",7172732253526,7172766951948,7172766976540,7172766984954,24592
141,"void dequantize_block_q4_0<__half>(void const*, __half*, int) [clone .kd]",4,1,140,149960,149960,229376,32,0,0,12,0,16,64,"0x0","0x7dddb3bd2b80",7172732255585,7172766976540,7172767004391,7172767015811,27851
142,"void dequantize_block_q4_0<__half>(void const*, __half*, int) [clone .kd]",4,1,141,149960,149960,229376,32,0,0,12,0,16,64,"0x0","0x7dddb3bd2b80",7172732257216,7172767004391,7172767031502,7172767042274,27111
143,"void flash_attn_tile<256, 256, 4, 6, false>(char const*, char const*, char const*, char const*, char const*, int const*, float*, HIP_vector_type<float, 2u>*, float, float, float, float, unsigned int, float, int, HIP_vector_type<unsigned int, 3u>, int, int, int, int, int, int, int, int, int, int, int, long, int, int, long, int, int, int, int, int, long) [clone .kd]",4,1,142,149960,149960,21504,384,32768,1432,128,0,48,64,"0x0","0x7ddd5e587e80",7172732259559,7172767279643,7172767885849,7172767915854,606206
144,"void flash_attn_combine_results<256>(float const*, HIP_vector_type<float, 2u> const*, float*, int) [clone .kd]",4,1,143,149960,149960,6144,256,512,0,20,0,32,64,"0x0","0x7ddd5e587cc0",7172732261393,7172767973698,7172768005253,7172768014808,31555
145,"void dequantize_block_q4_0<__half>(void const*, __half*, int) [clone .kd]",4,1,144,149960,149960,229376,32,0,0,12,0,16,64,"0x0","0x7dddb3bd2b80",7172732263213,7172768005253,7172768033252,7172768043725,27999
146,"void dequantize_block_q4_0<__half>(void const*, __half*, int) [clone .kd]",4,1,145,149960,149960,229376,32,0,0,12,0,16,64,"0x0","0x7dddb3bd2b80",7172732265076,7172768033252,7172768060510,7172768070319,27258
147,"void flash_attn_tile<256, 256, 4, 2, false>(char const*, char const*, char const*, char const*, char const*, int const*, float*, HIP_vector_type<float, 2u>*, float, float, float, float, unsigned int, float, int, HIP_vector_type<unsigned int, 3u>, int, int, int, int, int, int, int, int, int, int, int, long, int, int, long, int, int, int, int, int, long) [clone .kd]",4,1,146,149960,149960,28416,256,22528,1104,128,0,64,64,"0x0","0x7ddd5e587e00",7172732267434,7172768310563,7172769098106,7172769130736,787543
148,"void flash_attn_combine_results<256>(float const*, HIP_vector_type<float, 2u> const*, float*, int) [clone .kd]",4,1,147,149960,149960,6144,256,512,0,20,0,32,64,"0x0","0x7ddd5e587cc0",7172732269358,7172769098106,7172769120476,7172769133177,22370
149,"void dequantize_block_q4_0<__half>(void const*, __half*, int) [clone .kd]",4,1,148,149960,149960,229376,32,0,0,12,0,16,64,"0x0","0x7dddb3bd2b80",7172732271263,7172769120476,7172769145659,7172769157874,25183
150,"void dequantize_block_q4_0<__half>(void const*, __half*, int) [clone .kd]",4,1,149,149960,149960,229376,32,0,0,12,0,16,64,"0x0","0x7dddb3bd2b80",7172732272890,7172769145659,7172769170252,7172769180882,24593
151,"void flash_attn_tile<256, 256, 4, 6, false>(char const*, char const*, char const*, char const*, char const*, int const*, float*, HIP_vector_type<float, 2u>*, float, float, float, float, unsigned int, float, int, HIP_vector_type<unsigned int, 3u>, int, int, int, int, int, int, int, int, int, int, int, long, int, int, long, int, int, int, int, int, long) [clone .kd]",4,1,150,149960,149960,21504,384,32768,1432,128,0,48,64,"0x0","0x7ddd5e587e80",7172732275377,7172769393359,7172769944757,7172769972169,551398
152,"void flash_attn_combine_results<256>(float const*, HIP_vector_type<float, 2u> const*, float*, int) [clone .kd]",4,1,151,149960,149960,6144,256,512,0,20,0,32,64,"0x0","0x7ddd5e587cc0",7172732277209,7172770018978,7172770047570,7172770056550,28592
153,"void dequantize_block_q4_0<__half>(void const*, __half*, int) [clone .kd]",4,1,152,149960,149960,229376,32,0,0,12,0,16,64,"0x0","0x7dddb3bd2b80",7172732279297,7172770047570,7172770072311,7172770080066,24741
154,"void dequantize_block_q4_0<__half>(void const*, __half*, int) [clone .kd]",4,1,153,149960,149960,229376,32,0,0,12,0,16,64,"0x0","0x7dddb3bd2b80",7172732281230,7172770072311,7172770096903,7172770105144,24592
155,"void flash_attn_tile<256, 256, 4, 2, false>(char const*, char const*, char const*, char const*, char const*, int const*, float*, HIP_vector_type<float, 2u>*, float, float, float, float, unsigned int, float, int, HIP_vector_type<unsigned int, 3u>, int, int, int, int, int, int, int, int, int, int, int, long, int, int, long, int, int, int, int, int, long) [clone .kd]",4,1,154,149960,149960,28416,256,22528,1104,128,0,64,64,"0x0","0x7ddd5e587e00",7172732283564,7172770319566,7172771037924,7172771065535,718358
156,"void flash_attn_combine_results<256>(float const*, HIP_vector_type<float, 2u> const*, float*, int) [clone .kd]",4,1,155,149960,149960,6144,256,512,0,20,0,32,64,"0x0","0x7ddd5e587cc0",7172732285512,7172771037924,7172771060887,7172771068032,22963
157,"void dequantize_block_q4_0<__half>(void const*, __half*, int) [clone .kd]",4,1,156,149960,149960,229376,32,0,0,12,0,16,64,"0x0","0x7dddb3bd2b80",7172732287365,7172771060887,7172771085627,7172771093595,24740
158,"void dequantize_block_q4_0<__half>(void const*, __half*, int) [clone .kd]",4,1,157,149960,149960,229376,32,0,0,12,0,16,64,"0x0","0x7dddb3bd2b80",7172732289174,7172771085627,7172771110071,7172771117558,24444
159,"void flash_attn_tile<256, 256, 4, 6, false>(char const*, char const*, char const*, char const*, char const*, int const*, float*, HIP_vector_type<float, 2u>*, float, float, float, float, unsigned int, float, int, HIP_vector_type<unsigned int, 3u>, int, int, int, int, int, int, int, int, int, int, int, long, int, int, long, int, int, int, int, int, long) [clone .kd]",4,1,158,149960,149960,21504,384,32768,1432,128,0,48,64,"0x0","0x7ddd5e587e80",7172732291616,7172771333179,7172771883540,7172771910242,550361
160,"void flash_attn_combine_results<256>(float const*, HIP_vector_type<float, 2u> const*, float*, int) [clone .kd]",4,1,159,149960,149960,6144,256,512,0,20,0,32,64,"0x0","0x7ddd5e587cc0",7172732293269,7172771958353,7172771987538,7172771994992,29185
161,"void dequantize_block_q4_0<__half>(void const*, __half*, int) [clone .kd]",4,1,160,149960,149960,229376,32,0,0,12,0,16,64,"0x0","0x7dddb3bd2b80",7172732295270,7172771987538,7172772012871,7172772019526,25333
162,"void dequantize_block_q4_0<__half>(void const*, __half*, int) [clone .kd]",4,1,161,149960,149960,229376,32,0,0,12,0,16,64,"0x0","0x7dddb3bd2b80",7172732296928,7172772012871,7172772037315,7172772046295,24444
163,"void flash_attn_tile<256, 256, 4, 2, false>(char const*, char const*, char const*, char const*, char const*, int const*, float*, HIP_vector_type<float, 2u>*, float, float, float, float, unsigned int, float, int, HIP_vector_type<unsigned int, 3u>, int, int, int, int, int, int, int, int, int, int, int, long, int, int, long, int, int, int, int, int, long) [clone .kd]",4,1,162,149960,149960,28416,256,22528,1104,128,0,64,64,"0x0","0x7ddd5e587e00",7172732299208,7172772260126,7172773010040,7172773062333,749914
164,"void flash_attn_combine_results<256>(float const*, HIP_vector_type<float, 2u> const*, float*, int) [clone .kd]",4,1,163,149960,149960,6144,256,512,0,20,0,32,64,"0x0","0x7ddd5e587cc0",7172732301155,7172773010040,7172773035373,7172773088636,25333
165,"void dequantize_block_q4_0<__half>(void const*, __half*, int) [clone .kd]",4,1,164,149960,149960,229376,32,0,0,12,0,16,64,"0x0","0x7dddb3bd2b80",7172732302856,7172773035373,7172773063224,7172773090706,27851
166,"void dequantize_block_q4_0<__half>(void const*, __half*, int) [clone .kd]",4,1,165,149960,149960,229376,32,0,0,12,0,16,64,"0x0","0x7dddb3bd2b80",7172732304628,7172773063224,7172773090335,7172773092675,27111
167,"void flash_attn_tile<256, 256, 4, 6, false>(char const*, char const*, char const*, char const*, char const*, int const*, float*, HIP_vector_type<float, 2u>*, float, float, float, float, unsigned int, float, int, HIP_vector_type<unsigned int, 3u>, int, int, int, int, int, int, int, int, int, int, int, long, int, int, long, int, int, int, int, int, long) [clone .kd]",4,1,166,149960,149960,21504,384,32768,1432,128,0,48,64,"0x0","0x7ddd5e587e80",7172732307095,7172773338182,7172773944691,7172773971281,606509
168,"void flash_attn_combine_results<256>(float const*, HIP_vector_type<float, 2u> const*, float*, int) [clone .kd]",4,1,167,149960,149960,6144,256,512,0,20,0,32,64,"0x0","0x7ddd5e587cc0",7172732308716,7172774043504,7172774074911,7172774082870,31407
169,"void dequantize_block_q4_0<__half>(void const*, __half*, int) [clone .kd]",4,1,168,149960,149960,229376,32,0,0,12,0,16,64,"0x0","0x7dddb3bd2b80",7172732310759,7172774074911,7172774102466,7172774111192,27555
170,"void dequantize_block_q4_0<__half>(void const*, __half*, int) [clone .kd]",4,1,169,149960,149960,229376,32,0,0,12,0,16,64,"0x0","0x7dddb3bd2b80",7172732312419,7172774102466,7172774129577,7172774137056,27111
171,"void flash_attn_tile<256, 256, 4, 2, false>(char const*, char const*, char const*, char const*, char const*, int const*, float*, HIP_vector_type<float, 2u>*, float, float, float, float, unsigned int, float, int, HIP_vector_type<unsigned int, 3u>, int, int, int, int, int, int, int, int, int, int, int, long, int, int, long, int, int, int, int, int, long) [clone .kd]",4,1,170,149960,149960,28416,256,22528,1104,128,0,64,64,"0x0","0x7ddd5e587e00",7172732314645,7172774377276,7172775149412,7172775176745,772136
172,"void flash_attn_combine_results<256>(float const*, HIP_vector_type<float, 2u> const*, float*, int) [clone .kd]",4,1,171,149960,149960,6144,256,512,0,20,0,32,64,"0x0","0x7ddd5e587cc0",7172732316564,7172775149412,7172775172967,7172775179437,23555
173,"void dequantize_block_q4_0<__half>(void const*, __half*, int) [clone .kd]",4,1,172,149960,149960,229376,32,0,0,12,0,16,64,"0x0","0x7dddb3bd2b80",7172732318613,7172775172967,7172775197855,7172775205179,24888
174,"void dequantize_block_q4_0<__half>(void const*, __half*, int) [clone .kd]",4,1,173,149960,149960,229376,32,0,0,12,0,16,64,"0x0","0x7dddb3bd2b80",7172732320243,7172775197855,7172775222744,7172775231492,24889
175,"void flash_attn_tile<256, 256, 4, 6, false>(char const*, char const*, char const*, char const*, char const*, int const*, float*, HIP_vector_type<float, 2u>*, float, float, float, float, unsigned int, float, int, HIP_vector_type<unsigned int, 3u>, int, int, int, int, int, int, int, int, int, int, int, long, int, int, long, int, int, int, int, int, long) [clone .kd]",4,1,174,149960,149960,21504,384,32768,1432,128,0,48,64,"0x0","0x7ddd5e587e80",7172732322613,7172775445999,7172775986287,7172776013904,540288
176,"void flash_attn_combine_results<256>(float const*, HIP_vector_type<float, 2u> const*, float*, int) [clone .kd]",4,1,175,149960,149960,6144,256,512,0,20,0,32,64,"0x0","0x7ddd5e587cc0",7172732324283,7172776058730,7172776085544,7172776093465,26814
177,"void dequantize_block_q4_0<__half>(void const*, __half*, int) [clone .kd]",4,1,176,149960,149960,229376,32,0,0,12,0,16,64,"0x0","0x7dddb3bd2b80",7172732326050,7172776085544,7172776108951,7172776115517,23407
178,"void dequantize_block_q4_0<__half>(void const*, __half*, int) [clone .kd]",4,1,177,149960,149960,229376,32,0,0,12,0,16,64,"0x0","0x7dddb3bd2b80",7172732327749,7172776108951,7172776132062,7172776140046,23111
179,"void flash_attn_tile<256, 256, 4, 2, false>(char const*, char const*, char const*, char const*, char const*, int const*, float*, HIP_vector_type<float, 2u>*, float, float, float, float, unsigned int, float, int, HIP_vector_type<unsigned int, 3u>, int, int, int, int, int, int, int, int, int, int, int, long, int, int, long, int, int, int, int, int, long) [clone .kd]",4,1,178,149960,149960,28416,256,22528,1104,128,0,64,64,"0x0","0x7ddd5e587e00",7172732330041,7172776341836,7172777050565,7172777078124,708729
180,"void flash_attn_combine_results<256>(float const*, HIP_vector_type<float, 2u> const*, float*, int) [clone .kd]",4,1,179,149960,149960,6144,256,512,0,20,0,32,64,"0x0","0x7ddd5e587cc0",7172732331823,7172777050565,7172777073380,7172777080848,22815
181,"void dequantize_block_q4_0<__half>(void const*, __half*, int) [clone .kd]",4,1,180,149960,149960,229376,32,0,0,12,0,16,64,"0x0","0x7dddb3bd2b80",7172732333746,7172777073380,7172777098268,7172777106940,24888
182,"void dequantize_block_q4_0<__half>(void const*, __half*, int) [clone .kd]",4,1,181,149960,149960,229376,32,0,0,12,0,16,64,"0x0","0x7dddb3bd2b80",7172732335469,7172777098268,7172777122860,7172777130893,24592
183,"void flash_attn_tile<256, 256, 4, 6, false>(char const*, char const*, char const*, char const*, char const*, int const*, float*, HIP_vector_type<float, 2u>*, float, float, float, float, unsigned int, float, int, HIP_vector_type<unsigned int, 3u>, int, int, int, int, int, int, int, int, int, int, int, long, int, int, long, int, int, int, int, int, long) [clone .kd]",4,1,182,149960,149960,21504,384,32768,1432,128,0,48,64,"0x0","0x7ddd5e587e80",7172732337749,7172777346264,7172777894255,7172777921430,547991
184,"void flash_attn_combine_results<256>(float const*, HIP_vector_type<float, 2u> const*, float*, int) [clone .kd]",4,1,183,149960,149960,6144,256,512,0,20,0,32,64,"0x0","0x7ddd5e587cc0",7172732339700,7172777972031,7172778000179,7172778009056,28148
185,"void dequantize_block_q4_0<__half>(void const*, __half*, int) [clone .kd]",4,1,184,149960,149960,229376,32,0,0,12,0,16,64,"0x0","0x7dddb3bd2b80",7172732341579,7172778000179,7172778025364,7172778033747,25185
186,"void dequantize_block_q4_0<__half>(void const*, __half*, int) [clone .kd]",4,1,185,149960,149960,229376,32,0,0,12,0,16,64,"0x0","0x7dddb3bd2b80",7172732343386,7172778025364,7172778050104,7172778057132,24740
187,"void flash_attn_tile<256, 256, 4, 2, false>(char const*, char const*, char const*, char const*, char const*, int const*, float*, HIP_vector_type<float, 2u>*, float, float, float, float, unsigned int, float, int, HIP_vector_type<unsigned int, 3u>, int, int, int, int, int, int, int, int, int, int, int, long, int, int, long, int, int, int, int, int, long) [clone .kd]",4,1,186,149960,149960,28416,256,22528,1104,128,0,64,64,"0x0","0x7ddd5e587e00",7172732345820,7172778272767,7172779014088,7172779045061,741321
188,"void flash_attn_combine_results<256>(float const*, HIP_vector_type<float, 2u> const*, float*, int) [clone .kd]",4,1,187,149960,149960,6144,256,512,0,20,0,32,64,"0x0","0x7ddd5e587cc0",7172732347678,7172779014088,7172779038828,7172779047793,24740
189,"void dequantize_block_q4_0<__half>(void const*, __half*, int) [clone .kd]",4,1,188,149960,149960,229376,32,0,0,12,0,16,64,"0x0","0x7dddb3bd2b80",7172732349430,7172779038828,7172779066532,7172779074094,27704
190,"void dequantize_block_q4_0<__half>(void const*, __half*, int) [clone .kd]",4,1,189,149960,149960,229376,32,0,0,12,0,16,64,"0x0","0x7dddb3bd2b80",7172732351149,7172779066532,7172779093642,7172779101271,27110
191,"void flash_attn_tile<256, 256, 4, 6, false>(char const*, char const*, char const*, char const*, char const*, int const*, float*, HIP_vector_type<float, 2u>*, float, float, float, float, unsigned int, float, int, HIP_vector_type<unsigned int, 3u>, int, int, int, int, int, int, int, int, int, int, int, long, int, int, long, int, int, int, int, int, long) [clone .kd]",4,1,190,149960,149960,21504,384,32768,1432,128,0,48,64,"0x0","0x7ddd5e587e80",7172732353465,7172779341490,7172779947554,7172779974283,606064
192,"void flash_attn_combine_results<256>(float const*, HIP_vector_type<float, 2u> const*, float*, int) [clone .kd]",4,1,191,149960,149960,6144,256,512,0,20,0,32,64,"0x0","0x7ddd5e587cc0",7172732355237,7172780046960,7172780078811,7172780088943,31851
193,"void dequantize_block_q4_0<__half>(void const*, __half*, int) [clone .kd]",4,1,192,149960,149960,229376,32,0,0,12,0,16,64,"0x0","0x7dddb3bd2b80",7172732357193,7172780078811,7172780106811,7172780115471,28000
194,"void dequantize_block_q4_0<__half>(void const*, __half*, int) [clone .kd]",4,1,193,149960,149960,229376,32,0,0,12,0,16,64,"0x0","0x7dddb3bd2b80",7172732358839,7172780106811,7172780133921,7172780141936,27110
195,"void flash_attn_tile<256, 256, 4, 2, false>(char const*, char const*, char const*, char const*, char const*, int const*, float*, HIP_vector_type<float, 2u>*, float, float, float, float, unsigned int, float, int, HIP_vector_type<unsigned int, 3u>, int, int, int, int, int, int, int, int, int, int, int, long, int, int, long, int, int, int, int, int, long) [clone .kd]",4,1,194,149960,149960,28416,256,22528,1104,128,0,64,64,"0x0","0x7ddd5e587e00",7172732361198,7172780381769,7172781159978,7172781186804,778209
196,"void flash_attn_combine_results<256>(float const*, HIP_vector_type<float, 2u> const*, float*, int) [clone .kd]",4,1,195,149960,149960,6144,256,512,0,20,0,32,64,"0x0","0x7ddd5e587cc0",7172732363165,7172781159978,7172781182793,7172781190777,22815
197,"void dequantize_block_q4_0<__half>(void const*, __half*, int) [clone .kd]",4,1,196,149960,149960,229376,32,0,0,12,0,16,64,"0x0","0x7dddb3bd2b80",7172732364999,7172781182793,7172781207681,7172781215673,24888
198,"void dequantize_block_q4_0<__half>(void const*, __half*, int) [clone .kd]",4,1,197,149960,149960,229376,32,0,0,12,0,16,64,"0x0","0x7dddb3bd2b80",7172732366540,7172781207681,7172781232125,7172781242290,24444
199,"void flash_attn_tile<256, 256, 4, 6, false>(char const*, char const*, char const*, char const*, char const*, int const*, float*, HIP_vector_type<float, 2u>*, float, float, float, float, unsigned int, float, int, HIP_vector_type<unsigned int, 3u>, int, int, int, int, int, int, int, int, int, int, int, long, int, int, long, int, int, int, int, int, long) [clone .kd]",4,1,198,149960,149960,21504,384,32768,1432,128,0,48,64,"0x0","0x7ddd5e587e80",7172732368810,7172781455677,7172781999668,7172782032001,543991
200,"void flash_attn_combine_results<256>(float const*, HIP_vector_type<float, 2u> const*, float*, int) [clone .kd]",4,1,199,149960,149960,6144,256,512,0,20,0,32,64,"0x0","0x7ddd5e587cc0",7172732370732,7172782071667,7172782099074,7172782106023,27407
201,"void dequantize_block_q4_0<__half>(void const*, __half*, int) [clone .kd]",4,1,200,149960,149960,229376,32,0,0,12,0,16,64,"0x0","0x7dddb3bd2b80",7172732372603,7172782099074,7172782122481,7172782130502,23407
202,"void dequantize_block_q4_0<__half>(void const*, __half*, int) [clone .kd]",4,1,201,149960,149960,229376,32,0,0,12,0,16,64,"0x0","0x7dddb3bd2b80",7172732374468,7172782122481,7172782145592,7172782152430,23111
203,"void flash_attn_tile<256, 256, 4, 2, false>(char const*, char const*, char const*, char const*, char const*, int const*, float*, HIP_vector_type<float, 2u>*, float, float, float, float, unsigned int, float, int, HIP_vector_type<unsigned int, 3u>, int, int, int, int, int, int, int, int, int, int, int, long, int, int, long, int, int, int, int, int, long) [clone .kd]",4,1,202,149960,149960,28416,256,22528,1104,128,0,64,64,"0x0","0x7ddd5e587e00",7172732377046,7172782355218,7172783070021,7172783095937,714803
204,"void flash_attn_combine_results<256>(float const*, HIP_vector_type<float, 2u> const*, float*, int) [clone .kd]",4,1,203,149960,149960,6144,256,512,0,20,0,32,64,"0x0","0x7ddd5e587cc0",7172732378945,7172783070021,7172783092095,7172783100503,22074
205,"void dequantize_block_q4_0<__half>(void const*, __half*, int) [clone .kd]",4,1,204,149960,149960,229376,32,0,0,12,0,16,64,"0x0","0x7dddb3bd2b80",7172732380726,7172783092095,7172783117427,7172783124853,25332
206,"void dequantize_block_q4_0<__half>(void const*, __half*, int) [clone .kd]",4,1,205,149960,149960,229376,32,0,0,12,0,16,64,"0x0","0x7dddb3bd2b80",7172732382618,7172783117427,7172783142020,7172783150390,24593
207,"void flash_attn_tile<256, 256, 4, 6, false>(char const*, char const*, char const*, char const*, char const*, int const*, float*, HIP_vector_type<float, 2u>*, float, float, float, float, unsigned int, float, int, HIP_vector_type<unsigned int, 3u>, int, int, int, int, int, int, int, int, int, int, int, long, int, int, long, int, int, int, int, int, long) [clone .kd]",4,1,206,149960,149960,21504,384,32768,1432,128,0,48,64,"0x0","0x7ddd5e587e80",7172732385063,7172783365423,7172783913118,7172783939138,547695
208,"void flash_attn_combine_results<256>(float const*, HIP_vector_type<float, 2u> const*, float*, int) [clone .kd]",4,1,207,149960,149960,6144,256,512,0,20,0,32,64,"0x0","0x7ddd5e587cc0",7172732386778,7172783991487,7172784021116,7172784029258,29629
209,"void dequantize_block_q4_0<__half>(void const*, __half*, int) [clone .kd]",4,1,208,149960,149960,229376,32,0,0,12,0,16,64,"0x0","0x7dddb3bd2b80",7172732388736,7172784021116,7172784046005,7172784052655,24889
210,"void dequantize_block_q4_0<__half>(void const*, __half*, int) [clone .kd]",4,1,209,149960,149960,229376,32,0,0,12,0,16,64,"0x0","0x7dddb3bd2b80",7172732390361,7172784046005,7172784070745,7172784078627,24740
211,"void flash_attn_tile<256, 256, 4, 2, false>(char const*, char const*, char const*, char const*, char const*, int const*, float*, HIP_vector_type<float, 2u>*, float, float, float, float, unsigned int, float, int, HIP_vector_type<unsigned int, 3u>, int, int, int, int, int, int, int, int, int, int, int, long, int, int, long, int, int, int, int, int, long) [clone .kd]",4,1,210,149960,149960,28416,256,22528,1104,128,0,64,64,"0x0","0x7ddd5e587e00",7172732392785,7172784293556,7172785006433,7172785045019,712877
212,"void flash_attn_combine_results<256>(float const*, HIP_vector_type<float, 2u> const*, float*, int) [clone .kd]",4,1,211,149960,149960,6144,256,512,0,20,0,32,64,"0x0","0x7ddd5e587cc0",7172732394539,7172785006433,7172785028951,7172785047557,22518
213,"void dequantize_block_q4_0<__half>(void const*, __half*, int) [clone .kd]",4,1,212,149960,149960,229376,32,0,0,12,0,16,64,"0x0","0x7dddb3bd2b80",7172732396565,7172785028951,7172785053840,7172785069532,24889
214,"void dequantize_block_q4_0<__half>(void const*, __half*, int) [clone .kd]",4,1,213,149960,149960,229376,32,0,0,12,0,16,64,"0x0","0x7dddb3bd2b80",7172732398421,7172785053840,7172785078284,7172785090628,24444
215,"void flash_attn_tile<256, 256, 4, 6, false>(char const*, char const*, char const*, char const*, char const*, int const*, float*, HIP_vector_type<float, 2u>*, float, float, float, float, unsigned int, float, int, HIP_vector_type<unsigned int, 3u>, int, int, int, int, int, int, int, int, int, int, int, long, int, int, long, int, int, int, int, int, long) [clone .kd]",4,1,214,149960,149960,21504,384,32768,1432,128,0,48,64,"0x0","0x7ddd5e587e80",7172732400719,7172785301984,7172785855308,7172785881712,553324
216,"void flash_attn_combine_results<256>(float const*, HIP_vector_type<float, 2u> const*, float*, int) [clone .kd]",4,1,215,149960,149960,6144,256,512,0,20,0,32,64,"0x0","0x7ddd5e587cc0",7172732402554,7172785886270,7172785917381,7172785925018,31111
217,"void dequantize_block_q4_0<__half>(void const*, __half*, int) [clone .kd]",4,1,216,149960,149960,229376,32,0,0,12,0,16,64,"0x0","0x7dddb3bd2b80",7172732404498,7172785917381,7172785945381,7172785953555,28000
218,"void dequantize_block_q4_0<__half>(void const*, __half*, int) [clone .kd]",4,1,217,149960,149960,229376,32,0,0,12,0,16,64,"0x0","0x7dddb3bd2b80",7172732406154,7172785945381,7172785972787,7172785979991,27406
219,"void flash_attn_tile<256, 256, 4, 2, false>(char const*, char const*, char const*, char const*, char const*, int const*, float*, HIP_vector_type<float, 2u>*, float, float, float, float, unsigned int, float, int, HIP_vector_type<unsigned int, 3u>, int, int, int, int, int, int, int, int, int, int, int, long, int, int, long, int, int, int, int, int, long) [clone .kd]",4,1,218,149960,149960,28416,256,22528,1104,128,0,64,64,"0x0","0x7ddd5e587e00",7172732408479,7172786220043,7172787009511,7172787037401,789468
220,"void flash_attn_combine_results<256>(float const*, HIP_vector_type<float, 2u> const*, float*, int) [clone .kd]",4,1,219,149960,149960,6144,256,512,0,20,0,32,64,"0x0","0x7ddd5e587cc0",7172732410483,7172787009511,7172787034251,7172787040351,24740
221,"void dequantize_block_q4_0<__half>(void const*, __half*, int) [clone .kd]",4,1,220,149960,149960,229376,32,0,0,12,0,16,64,"0x0","0x7dddb3bd2b80",7172732412361,7172787034251,7172787061955,7172787070809,27704
222,"void dequantize_block_q4_0<__half>(void const*, __half*, int) [clone .kd]",4,1,221,149960,149960,229376,32,0,0,12,0,16,64,"0x0","0x7dddb3bd2b80",7172732413906,7172787061955,7172787089213,7172787096598,27258
223,"void flash_attn_tile<256, 256, 4, 6, false>(char const*, char const*, char const*, char const*, char const*, int const*, float*, HIP_vector_type<float, 2u>*, float, float, float, float, unsigned int, float, int, HIP_vector_type<unsigned int, 3u>, int, int, int, int, int, int, int, int, int, int, int, long, int, int, long, int, int, int, int, int, long) [clone .kd]",4,1,222,149960,149960,21504,384,32768,1432,128,0,48,64,"0x0","0x7ddd5e587e80",7172732416297,7172787337357,7172787948162,7172787974672,610805
224,"void flash_attn_combine_results<256>(float const*, HIP_vector_type<float, 2u> const*, float*, int) [clone .kd]",4,1,223,149960,149960,6144,256,512,0,20,0,32,64,"0x0","0x7ddd5e587cc0",7172732418223,7172788024013,7172788053049,7172788061150,29036
225,"void dequantize_block_q4_0<__half>(void const*, __half*, int) [clone .kd]",4,1,224,149960,149960,229376,32,0,0,12,0,16,64,"0x0","0x7dddb3bd2b80",7172732420122,7172788053049,7172788077938,7172788085851,24889
226,"void dequantize_block_q4_0<__half>(void const*, __half*, int) [clone .kd]",4,1,225,149960,149960,229376,32,0,0,12,0,16,64,"0x0","0x7dddb3bd2b80",7172732421766,7172788077938,7172788102530,7172788110144,24592
227,"void flash_attn_tile<256, 256, 4, 2, false>(char const*, char const*, char const*, char const*, char const*, int const*, float*, HIP_vector_type<float, 2u>*, float, float, float, float, unsigned int, float, int, HIP_vector_type<unsigned int, 3u>, int, int, int, int, int, int, int, int, int, int, int, long, int, int, long, int, int, int, int, int, long) [clone .kd]",4,1,226,149960,149960,28416,256,22528,1104,128,0,64,64,"0x0","0x7ddd5e587e00",7172732424281,7172788325489,7172789049033,7172789075807,723544
228,"void flash_attn_combine_results<256>(float const*, HIP_vector_type<float, 2u> const*, float*, int) [clone .kd]",4,1,227,149960,149960,6144,256,512,0,20,0,32,64,"0x0","0x7ddd5e587cc0",7172732426115,7172789049033,7172789072292,7172789078959,23259
229,"void dequantize_block_q4_0<__half>(void const*, __half*, int) [clone .kd]",4,1,228,149960,149960,229376,32,0,0,12,0,16,64,"0x0","0x7dddb3bd2b80",7172732428013,7172789072292,7172789097032,7172789105360,24740
230,"void dequantize_block_q4_0<__half>(void const*, __half*, int) [clone .kd]",4,1,229,149960,149960,229376,32,0,0,12,0,16,64,"0x0","0x7dddb3bd2b80",7172732429539,7172789097032,7172789121624,7172789129216,24592
231,"void flash_attn_tile<256, 256, 4, 6, false>(char const*, char const*, char const*, char const*, char const*, int const*, float*, HIP_vector_type<float, 2u>*, float, float, float, float, unsigned int, float, int, HIP_vector_type<unsigned int, 3u>, int, int, int, int, int, int, int, int, int, int, int, long, int, int, long, int, int, int, int, int, long) [clone .kd]",4,1,230,149960,149960,21504,384,32768,1432,128,0,48,64,"0x0","0x7ddd5e587e80",7172732431893,7172789344732,7172789892278,7172789918650,547546
232,"void flash_attn_combine_results<256>(float const*, HIP_vector_type<float, 2u> const*, float*, int) [clone .kd]",4,1,231,149960,149960,6144,256,512,0,20,0,32,64,"0x0","0x7ddd5e587cc0",7172732433789,7172789970203,7172789998795,7172790007123,28592
233,"void dequantize_block_q4_0<__half>(void const*, __half*, int) [clone .kd]",4,1,232,149960,149960,229376,32,0,0,12,0,16,64,"0x0","0x7dddb3bd2b80",7172732435623,7172789998795,7172790023683,7172790032157,24888
234,"void dequantize_block_q4_0<__half>(void const*, __half*, int) [clone .kd]",4,1,233,149960,149960,229376,32,0,0,12,0,16,64,"0x0","0x7dddb3bd2b80",7172732437346,7172790023683,7172790048572,7172790056898,24889
235,"void flash_attn_tile<256, 256, 4, 2, false>(char const*, char const*, char const*, char const*, char const*, int const*, float*, HIP_vector_type<float, 2u>*, float, float, float, float, unsigned int, float, int, HIP_vector_type<unsigned int, 3u>, int, int, int, int, int, int, int, int, int, int, int, long, int, int, long, int, int, int, int, int, long) [clone .kd]",4,1,234,149960,149960,28416,256,22528,1104,128,0,64,64,"0x0","0x7ddd5e587e00",7172732439739,7172790271383,7172790996852,7172791023486,725469
236,"void flash_attn_combine_results<256>(float const*, HIP_vector_type<float, 2u> const*, float*, int) [clone .kd]",4,1,235,149960,149960,6144,256,512,0,20,0,32,64,"0x0","0x7ddd5e587cc0",7172732441574,7172790996852,7172791022037,7172791026817,25185
237,"void dequantize_block_q4_0<__half>(void const*, __half*, int) [clone .kd]",4,1,236,149960,149960,229376,32,0,0,12,0,16,64,"0x0","0x7dddb3bd2b80",7172732443398,7172791022037,7172791050037,7172791058166,28000
238,"void dequantize_block_q4_0<__half>(void const*, __half*, int) [clone .kd]",4,1,237,149960,149960,229376,32,0,0,12,0,16,64,"0x0","0x7dddb3bd2b80",7172732444970,7172791050037,7172791077295,7172791086019,27258
239,"void flash_attn_tile<256, 256, 4, 6, false>(char const*, char const*, char const*, char const*, char const*, int const*, float*, HIP_vector_type<float, 2u>*, float, float, float, float, unsigned int, float, int, HIP_vector_type<unsigned int, 3u>, int, int, int, int, int, int, int, int, int, int, int, long, int, int, long, int, int, int, int, int, long) [clone .kd]",4,1,238,149960,149960,21504,384,32768,1432,128,0,48,64,"0x0","0x7ddd5e587e80",7172732447393,7172791325439,7172791933133,7172791960854,607694
240,"void flash_attn_combine_results<256>(float const*, HIP_vector_type<float, 2u> const*, float*, int) [clone .kd]",4,1,239,149960,149960,6144,256,512,0,20,0,32,64,"0x0","0x7ddd5e587cc0",7172732449250,7172792019058,7172792051501,7172792058674,32443
241,"void dequantize_block_q4_0<__half>(void const*, __half*, int) [clone .kd]",4,1,240,149960,149960,229376,32,0,0,12,0,16,64,"0x0","0x7dddb3bd2b80",7172732451210,7172792051501,7172792079649,7172792088029,28148
242,"void dequantize_block_q4_0<__half>(void const*, __half*, int) [clone .kd]",4,1,241,149960,149960,229376,32,0,0,12,0,16,64,"0x0","0x7dddb3bd2b80",7172732452744,7172792079649,7172792107056,7172792114932,27407
243,"void flash_attn_tile<256, 256, 4, 2, false>(char const*, char const*, char const*, char const*, char const*, int const*, float*, HIP_vector_type<float, 2u>*, float, float, float, float, unsigned int, float, int, HIP_vector_type<unsigned int, 3u>, int, int, int, int, int, int, int, int, int, int, int, long, int, int, long, int, int, int, int, int, long) [clone .kd]",4,1,242,149960,149960,28416,256,22528,1104,128,0,64,64,"0x0","0x7ddd5e587e00",7172732455210,7172792355052,7172793135039,7172793161828,779987
244,"void flash_attn_combine_results<256>(float const*, HIP_vector_type<float, 2u> const*, float*, int) [clone .kd]",4,1,243,149960,149960,6144,256,512,0,20,0,32,64,"0x0","0x7ddd5e587cc0",7172732457061,7172793135039,7172793158002,7172793164587,22963
245,"void dequantize_block_q4_0<__half>(void const*, __half*, int) [clone .kd]",4,1,244,149960,149960,229376,32,0,0,12,0,16,64,"0x0","0x7dddb3bd2b80",7172732459015,7172793158002,7172793183186,7172793191315,25184
246,"void dequantize_block_q4_0<__half>(void const*, __half*, int) [clone .kd]",4,1,245,149960,149960,229376,32,0,0,12,0,16,64,"0x0","0x7dddb3bd2b80",7172732460526,7172793183186,7172793207630,7172793215554,24444
247,"void flash_attn_tile<256, 256, 4, 6, false>(char const*, char const*, char const*, char const*, char const*, int const*, float*, HIP_vector_type<float, 2u>*, float, float, float, float, unsigned int, float, int, HIP_vector_type<unsigned int, 3u>, int, int, int, int, int, int, int, int, int, int, int, long, int, int, long, int, int, int, int, int, long) [clone .kd]",4,1,246,149960,149960,21504,384,32768,1432,128,0,48,64,"0x0","0x7ddd5e587e80",7172732462913,7172793430886,7172793982877,7172794010616,551991
248,"void flash_attn_combine_results<256>(float const*, HIP_vector_type<float, 2u> const*, float*, int) [clone .kd]",4,1,247,149960,149960,6144,256,512,0,20,0,32,64,"0x0","0x7ddd5e587cc0",7172732464773,7172794056653,7172794085097,7172794092051,28444
249,"void dequantize_block_q4_0<__half>(void const*, __half*, int) [clone .kd]",4,1,248,149960,149960,229376,32,0,0,12,0,16,64,"0x0","0x7dddb3bd2b80",7172732466617,7172794085097,7172794109689,7172794116773,24592
250,"void dequantize_block_q4_0<__half>(void const*, __half*, int) [clone .kd]",4,1,249,149960,149960,229376,32,0,0,12,0,16,64,"0x0","0x7dddb3bd2b80",7172732468234,7172794109689,7172794134282,7172794142617,24593
251,"void flash_attn_tile<256, 256, 4, 2, false>(char const*, char const*, char const*, char const*, char const*, int const*, float*, HIP_vector_type<float, 2u>*, float, float, float, float, unsigned int, float, int, HIP_vector_type<unsigned int, 3u>, int, int, int, int, int, int, int, int, int, int, int, long, int, int, long, int, int, int, int, int, long) [clone .kd]",4,1,250,149960,149960,28416,256,22528,1104,128,0,64,64,"0x0","0x7ddd5e587e00",7172732472232,7172794357093,7172795078266,7172795104449,721173
252,"void flash_attn_combine_results<256>(float const*, HIP_vector_type<float, 2u> const*, float*, int) [clone .kd]",4,1,251,149960,149960,6144,256,512,0,20,0,32,64,"0x0","0x7ddd5e587cc0",7172732474191,7172795078266,7172795101377,7172795106998,23111
253,"void dequantize_block_q4_0<__half>(void const*, __half*, int) [clone .kd]",4,1,252,149960,149960,229376,32,0,0,12,0,16,64,"0x0","0x7dddb3bd2b80",7172732476063,7172795101377,7172795126117,7172795133141,24740
254,"void dequantize_block_q4_0<__half>(void const*, __half*, int) [clone .kd]",4,1,253,149960,149960,229376,32,0,0,12,0,16,64,"0x0","0x7dddb3bd2b80",7172732477739,7172795126117,7172795150709,7172795158704,24592
255,"void flash_attn_tile<256, 256, 4, 6, false>(char const*, char const*, char const*, char const*, char const*, int const*, float*, HIP_vector_type<float, 2u>*, float, float, float, float, unsigned int, float, int, HIP_vector_type<unsigned int, 3u>, int, int, int, int, int, int, int, int, int, int, int, long, int, int, long, int, int, int, int, int, long) [clone .kd]",4,1,254,149960,149960,21504,384,32768,1432,128,0,48,64,"0x0","0x7ddd5e587e80",7172732480107,7172795373817,7172795923141,7172795948479,549324
256,"void flash_attn_combine_results<256>(float const*, HIP_vector_type<float, 2u> const*, float*, int) [clone .kd]",4,1,255,149960,149960,6144,256,512,0,20,0,32,64,"0x0","0x7ddd5e587cc0",7172732481885,7172795989955,7172796017954,7172796026342,27999
257,"void dequantize_block_q4_0<__half>(void const*, __half*, int) [clone .kd]",4,1,256,149960,149960,229376,32,0,0,12,0,16,64,"0x0","0x7dddb3bd2b80",7172732483937,7172796017954,7172796041657,7172796049540,23703
258,"void dequantize_block_q4_0<__half>(void const*, __half*, int) [clone .kd]",4,1,257,149960,149960,229376,32,0,0,12,0,16,64,"0x0","0x7dddb3bd2b80",7172732485701,7172796041657,7172796064916,7172796072151,23259
259,"void flash_attn_tile<256, 256, 4, 2, false>(char const*, char const*, char const*, char const*, char const*, int const*, float*, HIP_vector_type<float, 2u>*, float, float, float, float, unsigned int, float, int, HIP_vector_type<unsigned int, 3u>, int, int, int, int, int, int, int, int, int, int, int, long, int, int, long, int, int, int, int, int, long) [clone .kd]",4,1,258,149960,149960,28416,256,22528,1104,128,0,64,64,"0x0","0x7ddd5e587e00",7172732488263,7172796274542,7172796984160,7172797010731,709618
260,"void flash_attn_combine_results<256>(float const*, HIP_vector_type<float, 2u> const*, float*, int) [clone .kd]",4,1,259,149960,149960,6144,256,512,0,20,0,32,64,"0x0","0x7ddd5e587cc0",7172732489990,7172796984160,7172797007419,7172797014809,23259
261,"void dequantize_block_q4_0<__half>(void const*, __half*, int) [clone .kd]",4,1,260,149960,149960,229376,32,0,0,12,0,16,64,"0x0","0x7dddb3bd2b80",7172732491827,7172797007419,7172797032604,7172797039712,25185
262,"void dequantize_block_q4_0<__half>(void const*, __half*, int) [clone .kd]",4,1,261,149960,149960,229376,32,0,0,12,0,16,64,"0x0","0x7dddb3bd2b80",7172732493591,7172797032604,7172797057196,7172797065013,24592
263,"void flash_attn_tile<256, 256, 4, 6, false>(char const*, char const*, char const*, char const*, char const*, int const*, float*, HIP_vector_type<float, 2u>*, float, float, float, float, unsigned int, float, int, HIP_vector_type<unsigned int, 3u>, int, int, int, int, int, int, int, int, int, int, int, long, int, int, long, int, int, int, int, int, long) [clone .kd]",4,1,262,149960,149960,21504,384,32768,1432,128,0,48,64,"0x0","0x7ddd5e587e80",7172732495904,7172797280304,7172797830368,7172797854500,550064
264,"void flash_attn_combine_results<256>(float const*, HIP_vector_type<float, 2u> const*, float*, int) [clone .kd]",4,1,263,149960,149960,6144,256,512,0,20,0,32,64,"0x0","0x7ddd5e587cc0",7172732497717,7172797904886,7172797933774,7172797942046,28888
265,"void dequantize_block_q4_0<__half>(void const*, __half*, int) [clone .kd]",4,1,264,149960,149960,229376,32,0,0,12,0,16,64,"0x0","0x7dddb3bd2b80",7172732499529,7172797933774,7172797958366,7172797966336,24592
266,"void dequantize_block_q4_0<__half>(void const*, __half*, int) [clone .kd]",4,1,265,149960,149960,229376,32,0,0,12,0,16,64,"0x0","0x7dddb3bd2b80",7172732501297,7172797958366,7172797982959,7172798014058,24593
267,"void flash_attn_tile<256, 256, 4, 2, false>(char const*, char const*, char const*, char const*, char const*, int const*, float*, HIP_vector_type<float, 2u>*, float, float, float, float, unsigned int, float, int, HIP_vector_type<unsigned int, 3u>, int, int, int, int, int, int, int, int, int, int, int, long, int, int, long, int, int, int, int, int, long) [clone .kd]",4,1,266,149960,149960,28416,256,22528,1104,128,0,64,64,"0x0","0x7ddd5e587e00",7172732503670,7172798207399,7172798938498,7172798963087,731099
268,"void flash_attn_combine_results<256>(float const*, HIP_vector_type<float, 2u> const*, float*, int) [clone .kd]",4,1,267,149960,149960,6144,256,512,0,20,0,32,64,"0x0","0x7ddd5e587cc0",7172732505406,7172798938498,7172798962942,7172798981946,24444
269,"void dequantize_block_q4_0<__half>(void const*, __half*, int) [clone .kd]",4,1,268,149960,149960,229376,32,0,0,12,0,16,64,"0x0","0x7dddb3bd2b80",7172732507132,7172798962942,7172798990497,7172799002380,27555
270,"void dequantize_block_q4_0<__half>(void const*, __half*, int) [clone .kd]",4,1,269,149960,149960,229376,32,0,0,12,0,16,64,"0x0","0x7dddb3bd2b80",7172732509012,7172798990497,7172799017608,7172799025297,27111
271,"void flash_attn_tile<256, 256, 4, 6, false>(char const*, char const*, char const*, char const*, char const*, int const*, float*, HIP_vector_type<float, 2u>*, float, float, float, float, unsigned int, float, int, HIP_vector_type<unsigned int, 3u>, int, int, int, int, int, int, int, int, int, int, int, long, int, int, long, int, int, int, int, int, long) [clone .kd]",4,1,270,149960,149960,21504,384,32768,1432,128,0,48,64,"0x0","0x7ddd5e587e80",7172732511433,7172799269752,7172799875075,7172799899688,605323
272,"void flash_attn_combine_results<256>(float const*, HIP_vector_type<float, 2u> const*, float*, int) [clone .kd]",4,1,271,149960,149960,6144,256,512,0,20,0,32,64,"0x0","0x7ddd5e587cc0",7172732513324,7172799963518,7172799995518,7172800004628,32000
273,"void dequantize_block_q4_0<__half>(void const*, __half*, int) [clone .kd]",4,1,272,149960,149960,229376,32,0,0,12,0,16,64,"0x0","0x7dddb3bd2b80",7172732515115,7172799995518,7172800023369,7172800032377,27851
274,"void dequantize_block_q4_0<__half>(void const*, __half*, int) [clone .kd]",4,1,273,149960,149960,229376,32,0,0,12,0,16,64,"0x0","0x7dddb3bd2b80",7172732516888,7172800023369,7172800050628,7172800058278,27259
275,"void flash_attn_tile<256, 256, 4, 2, false>(char const*, char const*, char const*, char const*, char const*, int const*, float*, HIP_vector_type<float, 2u>*, float, float, float, float, unsigned int, float, int, HIP_vector_type<unsigned int, 3u>, int, int, int, int, int, int, int, int, int, int, int, long, int, int, long, int, int, int, int, int, long) [clone .kd]",4,1,274,149960,149960,28416,256,22528,1104,128,0,64,64,"0x0","0x7ddd5e587e00",7172732519317,7172800298624,7172801087055,7172801112138,788431
276,"void flash_attn_combine_results<256>(float const*, HIP_vector_type<float, 2u> const*, float*, int) [clone .kd]",4,1,275,149960,149960,6144,256,512,0,20,0,32,64,"0x0","0x7ddd5e587cc0",7172732521158,7172801087055,7172801109870,7172801114749,22815
277,"void dequantize_block_q4_0<__half>(void const*, __half*, int) [clone .kd]",4,1,276,149960,149960,229376,32,0,0,12,0,16,64,"0x0","0x7dddb3bd2b80",7172732522875,7172801109870,7172801134906,7172801143788,25036
278,"void dequantize_block_q4_0<__half>(void const*, __half*, int) [clone .kd]",4,1,277,149960,149960,229376,32,0,0,12,0,16,64,"0x0","0x7dddb3bd2b80",7172732524427,7172801134906,7172801159498,7172801166874,24592
279,"void flash_attn_tile<256, 256, 4, 6, false>(char const*, char const*, char const*, char const*, char const*, int const*, float*, HIP_vector_type<float, 2u>*, float, float, float, float, unsigned int, float, int, HIP_vector_type<unsigned int, 3u>, int, int, int, int, int, int, int, int, int, int, int, long, int, int, long, int, int, int, int, int, long) [clone .kd]",4,1,278,149960,149960,21504,384,32768,1432,128,0,48,64,"0x0","0x7ddd5e587e80",7172732526673,7172801382606,7172801932078,7172801955742,549472
280,"void flash_attn_combine_results<256>(float const*, HIP_vector_type<float, 2u> const*, float*, int) [clone .kd]",4,1,279,149960,149960,6144,256,512,0,20,0,32,64,"0x0","0x7ddd5e587cc0",7172732528578,7172802008225,7172802037706,7172802045871,29481
281,"void dequantize_block_q4_0<__half>(void const*, __half*, int) [clone .kd]",4,1,280,149960,149960,229376,32,0,0,12,0,16,64,"0x0","0x7dddb3bd2b80",7172732530665,7172802037706,7172802062446,7172802071010,24740
282,"void dequantize_block_q4_0<__half>(void const*, __half*, int) [clone .kd]",4,1,281,149960,149960,229376,32,0,0,12,0,16,64,"0x0","0x7dddb3bd2b80",7172732532225,7172802062446,7172802087187,7172802094460,24741
283,"void flash_attn_tile<256, 256, 4, 2, false>(char const*, char const*, char const*, char const*, char const*, int const*, float*, HIP_vector_type<float, 2u>*, float, float, float, float, unsigned int, float, int, HIP_vector_type<unsigned int, 3u>, int, int, int, int, int, int, int, int, int, int, int, long, int, int, long, int, int, int, int, int, long) [clone .kd]",4,1,282,149960,149960,28416,256,22528,1104,128,0,64,64,"0x0","0x7ddd5e587e00",7172732534436,7172802309702,7172803026875,7172803051678,717173
284,"void flash_attn_combine_results<256>(float const*, HIP_vector_type<float, 2u> const*, float*, int) [clone .kd]",4,1,283,149960,149960,6144,256,512,0,20,0,32,64,"0x0","0x7ddd5e587cc0",7172732536322,7172803026875,7172803049245,7172803054284,22370
285,"void dequantize_block_q4_0<__half>(void const*, __half*, int) [clone .kd]",4,1,284,149960,149960,229376,32,0,0,12,0,16,64,"0x0","0x7dddb3bd2b80",7172732538289,7172803049245,7172803074281,7172803081553,25036
286,"void dequantize_block_q4_0<__half>(void const*, __half*, int) [clone .kd]",4,1,285,149960,149960,229376,32,0,0,12,0,16,64,"0x0","0x7dddb3bd2b80",7172732539992,7172803074281,7172803099318,7172803106810,25037
287,"void flash_attn_tile<256, 256, 4, 6, false>(char const*, char const*, char const*, char const*, char const*, int const*, float*, HIP_vector_type<float, 2u>*, float, float, float, float, unsigned int, float, int, HIP_vector_type<unsigned int, 3u>, int, int, int, int, int, int, int, int, int, int, int, long, int, int, long, int, int, int, int, int, long) [clone .kd]",4,1,286,149960,149960,21504,384,32768,1432,128,0,48,64,"0x0","0x7ddd5e587e80",7172732542230,7172803322277,7172803872342,7172803896599,550065
288,"void flash_attn_combine_results<256>(float const*, HIP_vector_type<float, 2u> const*, float*, int) [clone .kd]",4,1,287,149960,149960,6144,256,512,0,20,0,32,64,"0x0","0x7ddd5e587cc0",7172732543951,7172803948193,7172803977081,7172803985088,28888
289,"void dequantize_block_q4_0<__half>(void const*, __half*, int) [clone .kd]",4,1,288,149960,149960,229376,32,0,0,12,0,16,64,"0x0","0x7dddb3bd2b80",7172732545889,7172803977081,7172804001822,7172804009825,24741
290,"void dequantize_block_q4_0<__half>(void const*, __half*, int) [clone .kd]",4,1,289,149960,149960,229376,32,0,0,12,0,16,64,"0x0","0x7dddb3bd2b80",7172732547538,7172804001822,7172804026266,7172804033662,24444
291,"void flash_attn_tile<256, 256, 4, 2, false>(char const*, char const*, char const*, char const*, char const*, int const*, float*, HIP_vector_type<float, 2u>*, float, float, float, float, unsigned int, float, int, HIP_vector_type<unsigned int, 3u>, int, int, int, int, int, int, int, int, int, int, int, long, int, int, long, int, int, int, int, int, long) [clone .kd]",4,1,290,149960,149960,28416,256,22528,1104,128,0,64,64,"0x0","0x7ddd5e587e00",7172732549899,7172804248929,7172804997064,7172805022495,748135
292,"void flash_attn_combine_results<256>(float const*, HIP_vector_type<float, 2u> const*, float*, int) [clone .kd]",4,1,291,149960,149960,6144,256,512,0,20,0,32,64,"0x0","0x7ddd5e587cc0",7172732551661,7172804997064,7172805022249,7172805041503,25185
293,"void dequantize_block_q4_0<__half>(void const*, __half*, int) [clone .kd]",4,1,292,149960,149960,229376,32,0,0,12,0,16,64,"0x0","0x7dddb3bd2b80",7172732553422,7172805022249,7172805050100,7172805059183,27851
294,"void dequantize_block_q4_0<__half>(void const*, __half*, int) [clone .kd]",4,1,293,149960,149960,229376,32,0,0,12,0,16,64,"0x0","0x7dddb3bd2b80",7172732555100,7172805050100,7172805077359,7172805085283,27259
295,"void flash_attn_tile<256, 256, 4, 6, false>(char const*, char const*, char const*, char const*, char const*, int const*, float*, HIP_vector_type<float, 2u>*, float, float, float, float, unsigned int, float, int, HIP_vector_type<unsigned int, 3u>, int, int, int, int, int, int, int, int, int, int, int, long, int, int, long, int, int, int, int, int, long) [clone .kd]",4,1,294,149960,149960,21504,384,32768,1432,128,0,48,64,"0x0","0x7ddd5e587e80",7172732557495,7172805325651,7172805932012,7172805956741,606361
296,"void flash_attn_combine_results<256>(float const*, HIP_vector_type<float, 2u> const*, float*, int) [clone .kd]",4,1,295,149960,149960,6144,256,512,0,20,0,32,64,"0x0","0x7ddd5e587cc0",7172732559330,7172806019566,7172806051121,7172806059466,31555
297,"void dequantize_block_q4_0<__half>(void const*, __half*, int) [clone .kd]",4,1,296,149960,149960,229376,32,0,0,12,0,16,64,"0x0","0x7dddb3bd2b80",7172732561076,7172806051121,7172806078676,7172806087165,27555
298,"void dequantize_block_q4_0<__half>(void const*, __half*, int) [clone .kd]",4,1,297,149960,149960,229376,32,0,0,12,0,16,64,"0x0","0x7dddb3bd2b80",7172732562635,7172806078676,7172806106527,7172806114909,27851
299,"void flash_attn_tile<256, 256, 4, 2, false>(char const*, char const*, char const*, char const*, char const*, int const*, float*, HIP_vector_type<float, 2u>*, float, float, float, float, unsigned int, float, int, HIP_vector_type<unsigned int, 3u>, int, int, int, int, int, int, int, int, int, int, int, long, int, int, long, int, int, int, int, int, long) [clone .kd]",4,1,298,149960,149960,28416,256,22528,1104,128,0,64,64,"0x0","0x7ddd5e587e00",7172732565022,7172806354671,7172807135103,7172807159929,780432
300,"void flash_attn_combine_results<256>(float const*, HIP_vector_type<float, 2u> const*, float*, int) [clone .kd]",4,1,299,149960,149960,6144,256,512,0,20,0,32,64,"0x0","0x7ddd5e587cc0",7172732566788,7172807135103,7172807158214,7172807162534,23111
301,"void dequantize_block_q4_0<__half>(void const*, __half*, int) [clone .kd]",4,1,300,149960,149960,229376,32,0,0,12,0,16,64,"0x0","0x7dddb3bd2b80",7172732568617,7172807158214,7172807183398,7172807194081,25184
302,"void dequantize_block_q4_0<__half>(void const*, __half*, int) [clone .kd]",4,1,301,149960,149960,229376,32,0,0,12,0,16,64,"0x0","0x7dddb3bd2b80",7172732570153,7172807183398,7172807207842,7172807215075,24444
303,"void flash_attn_tile<256, 256, 4, 6, false>(char const*, char const*, char const*, char const*, char const*, int const*, float*, HIP_vector_type<float, 2u>*, float, float, float, float, unsigned int, float, int, HIP_vector_type<unsigned int, 3u>, int, int, int, int, int, int, int, int, int, int, int, long, int, int, long, int, int, int, int, int, long) [clone .kd]",4,1,302,149960,149960,21504,384,32768,1432,128,0,48,64,"0x0","0x7ddd5e587e80",7172732572632,7172807431098,7172807977015,7172808002832,545917
304,"void flash_attn_combine_results<256>(float const*, HIP_vector_type<float, 2u> const*, float*, int) [clone .kd]",4,1,303,149960,149960,6144,256,512,0,20,0,32,64,"0x0","0x7ddd5e587cc0",7172732574509,7172808056865,7172808085754,7172808093210,28889
305,"void dequantize_block_q4_0<__half>(void const*, __half*, int) [clone .kd]",4,1,304,149960,149960,229376,32,0,0,12,0,16,64,"0x0","0x7dddb3bd2b80",7172732576432,7172808085754,7172808110642,7172808118639,24888
306,"void dequantize_block_q4_0<__half>(void const*, __half*, int) [clone .kd]",4,1,305,149960,149960,229376,32,0,0,12,0,16,64,"0x0","0x7dddb3bd2b80",7172732578103,7172808110642,7172808135234,7172808143404,24592
307,"void flash_attn_tile<256, 256, 4, 2, false>(char const*, char const*, char const*, char const*, char const*, int const*, float*, HIP_vector_type<float, 2u>*, float, float, float, float, unsigned int, float, int, HIP_vector_type<unsigned int, 3u>, int, int, int, int, int, int, int, int, int, int, int, long, int, int, long, int, int, int, int, int, long) [clone .kd]",4,1,306,149960,149960,28416,256,22528,1104,128,0,64,64,"0x0","0x7ddd5e587e00",7172732580368,7172808358046,7172809078034,7172809102700,719988
308,"void flash_attn_combine_results<256>(float const*, HIP_vector_type<float, 2u> const*, float*, int) [clone .kd]",4,1,307,149960,149960,6144,256,512,0,20,0,32,64,"0x0","0x7ddd5e587cc0",7172732582070,7172809078034,7172809100700,7172809105313,22666
309,"void dequantize_block_q4_0<__half>(void const*, __half*, int) [clone .kd]",4,1,308,149960,149960,229376,32,0,0,12,0,16,64,"0x0","0x7dddb3bd2b80",7172732583984,7172809100700,7172809125440,7172809133379,24740
310,"void dequantize_block_q4_0<__half>(void const*, __half*, int) [clone .kd]",4,1,309,149960,149960,229376,32,0,0,12,0,16,64,"0x0","0x7dddb3bd2b80",7172732585746,7172809125440,7172809150032,7172809158162,24592
311,"void flash_attn_tile<256, 256, 4, 6, false>(char const*, char const*, char const*, char const*, char const*, int const*, float*, HIP_vector_type<float, 2u>*, float, float, float, float, unsigned int, float, int, HIP_vector_type<unsigned int, 3u>, int, int, int, int, int, int, int, int, int, int, int, long, int, int, long, int, int, int, int, int, long) [clone .kd]",4,1,310,149960,149960,21504,384,32768,1432,128,0,48,64,"0x0","0x7ddd5e587e80",7172732588161,7172809373140,7172809922464,7172809946581,549324
312,"void flash_attn_combine_results<256>(float const*, HIP_vector_type<float, 2u> const*, float*, int) [clone .kd]",4,1,311,149960,149960,6144,256,512,0,20,0,32,64,"0x0","0x7ddd5e587cc0",7172732589878,7172809999648,7172810028685,7172810036870,29037
313,"void dequantize_block_q4_0<__half>(void const*, __half*, int) [clone .kd]",4,1,312,149960,149960,229376,32,0,0,12,0,16,64,"0x0","0x7dddb3bd2b80",7172732591629,7172810028685,7172810053573,7172810062120,24888
314,"void dequantize_block_q4_0<__half>(void const*, __half*, int) [clone .kd]",4,1,313,149960,149960,229376,32,0,0,12,0,16,64,"0x0","0x7dddb3bd2b80",7172732593443,7172810053573,7172810078017,7172810085686,24444
315,"void flash_attn_tile<256, 256, 4, 2, false>(char const*, char const*, char const*, char const*, char const*, int const*, float*, HIP_vector_type<float, 2u>*, float, float, float, float, unsigned int, float, int, HIP_vector_type<unsigned int, 3u>, int, int, int, int, int, int, int, int, int, int, int, long, int, int, long, int, int, int, int, int, long) [clone .kd]",4,1,314,149960,149960,28416,256,22528,1104,128,0,64,64,"0x0","0x7ddd5e587e00",7172732596038,7172810300680,7172811018446,7172811041906,717766
316,"void flash_attn_combine_results<256>(float const*, HIP_vector_type<float, 2u> const*, float*, int) [clone .kd]",4,1,315,149960,149960,6144,256,512,0,20,0,32,64,"0x0","0x7ddd5e587cc0",7172732597856,7172811018446,7172811040964,7172811044976,22518
317,"void dequantize_block_q4_0<__half>(void const*, __half*, int) [clone .kd]",4,1,316,149960,149960,229376,32,0,0,12,0,16,64,"0x0","0x7dddb3bd2b80",7172732599612,7172811040964,7172811066001,7172811073616,25037
318,"void dequantize_block_q4_0<__half>(void const*, __half*, int) [clone .kd]",4,1,317,149960,149960,229376,32,0,0,12,0,16,64,"0x0","0x7dddb3bd2b80",7172732601088,7172811066001,7172811090889,7172811098615,24888
319,"void flash_attn_tile<256, 256, 4, 6, false>(char const*, char const*, char const*, char const*, char const*, int const*, float*, HIP_vector_type<float, 2u>*, float, float, float, float, unsigned int, float, int, HIP_vector_type<unsigned int, 3u>, int, int, int, int, int, int, int, int, int, int, int, long, int, int, long, int, int, int, int, int, long) [clone .kd]",4,1,318,149960,149960,21504,384,32768,1432,128,0,48,64,"0x0","0x7ddd5e587e80",7172732603414,7172811313848,7172811858580,7172811881520,544732
320,"void flash_attn_combine_results<256>(float const*, HIP_vector_type<float, 2u> const*, float*, int) [clone .kd]",4,1,319,149960,149960,6144,256,512,0,20,0,32,64,"0x0","0x7ddd5e587cc0",7172732605368,7172811938431,7172811967171,7172811974502,28740
321,"void dequantize_block_q4_0<__half>(void const*, __half*, int) [clone .kd]",4,1,320,149960,149960,229376,32,0,0,12,0,16,64,"0x0","0x7dddb3bd2b80",7172732607308,7172811967171,7172811992059,7172811999300,24888
322,"void dequantize_block_q4_0<__half>(void const*, __half*, int) [clone .kd]",4,1,321,149960,149960,229376,32,0,0,12,0,16,64,"0x0","0x7dddb3bd2b80",7172732608946,7172811992059,7172812016652,7172812023821,24593
323,"void flash_attn_tile<256, 256, 4, 2, false>(char const*, char const*, char const*, char const*, char const*, int const*, float*, HIP_vector_type<float, 2u>*, float, float, float, float, unsigned int, float, int, HIP_vector_type<unsigned int, 3u>, int, int, int, int, int, int, int, int, int, int, int, long, int, int, long, int, int, int, int, int, long) [clone .kd]",4,1,322,149960,149960,28416,256,22528,1104,128,0,64,64,"0x0","0x7ddd5e587e00",7172732611212,7172812239166,7172812963451,7172812987813,724285
324,"void flash_attn_combine_results<256>(float const*, HIP_vector_type<float, 2u> const*, float*, int) [clone .kd]",4,1,323,149960,149960,6144,256,512,0,20,0,32,64,"0x0","0x7ddd5e587cc0",7172732612949,7172812963451,7172812987598,7172812991354,24147
325,"void dequantize_block_q4_0<__half>(void const*, __half*, int) [clone .kd]",4,1,324,149960,149960,229376,32,0,0,12,0,16,64,"0x0","0x7dddb3bd2b80",7172732614956,7172812987598,7172813015746,7172813023640,28148
326,"void dequantize_block_q4_0<__half>(void const*, __half*, int) [clone .kd]",4,1,325,149960,149960,229376,32,0,0,12,0,16,64,"0x0","0x7dddb3bd2b80",7172732616665,7172813015746,7172813042857,7172813051739,27111
327,"void flash_attn_tile<256, 256, 4, 6, false>(char const*, char const*, char const*, char const*, char const*, int const*, float*, HIP_vector_type<float, 2u>*, float, float, float, float, unsigned int, float, int, HIP_vector_type<unsigned int, 3u>, int, int, int, int, int, int, int, int, int, int, int, long, int, int, long, int, int, int, int, int, long) [clone .kd]",4,1,326,149960,149960,21504,384,32768,1432,128,0,48,64,"0x0","0x7ddd5e587e80",7172732619242,7172813290853,7172813896176,7172813920318,605323
328,"void flash_attn_combine_results<256>(float const*, HIP_vector_type<float, 2u> const*, float*, int) [clone .kd]",4,1,327,149960,149960,6144,256,512,0,20,0,32,64,"0x0","0x7ddd5e587cc0",7172732620941,7172813983730,7172814016322,7172814023984,32592
329,"void dequantize_block_q4_0<__half>(void const*, __half*, int) [clone .kd]",4,1,328,149960,149960,229376,32,0,0,12,0,16,64,"0x0","0x7dddb3bd2b80",7172732622686,7172814016322,7172814044322,7172814052109,28000
330,"void dequantize_block_q4_0<__half>(void const*, __half*, int) [clone .kd]",4,1,329,149960,149960,229376,32,0,0,12,0,16,64,"0x0","0x7dddb3bd2b80",7172732624260,7172814044322,7172814071729,7172814079361,27407
331,"void flash_attn_tile<256, 256, 4, 2, false>(char const*, char const*, char const*, char const*, char const*, int const*, float*, HIP_vector_type<float, 2u>*, float, float, float, float, unsigned int, float, int, HIP_vector_type<unsigned int, 3u>, int, int, int, int, int, int, int, int, int, int, int, long, int, int, long, int, int, int, int, int, long) [clone .kd]",4,1,330,149960,149960,28416,256,22528,1104,128,0,64,64,"0x0","0x7ddd5e587e00",7172732626663,7172814319428,7172815109045,7172815133607,789617
332,"void flash_attn_combine_results<256>(float const*, HIP_vector_type<float, 2u> const*, float*, int) [clone .kd]",4,1,331,149960,149960,6144,256,512,0,20,0,32,64,"0x0","0x7ddd5e587cc0",7172732628453,7172815109045,7172815131267,7172815136108,22222
333,"void dequantize_block_q4_0<__half>(void const*, __half*, int) [clone .kd]",4,1,332,149960,149960,229376,32,0,0,12,0,16,64,"0x0","0x7dddb3bd2b80",7172732630316,7172815131267,7172815156155,7172815163666,24888
334,"void dequantize_block_q4_0<__half>(void const*, __half*, int) [clone .kd]",4,1,333,149960,149960,229376,32,0,0,12,0,16,64,"0x0","0x7dddb3bd2b80",7172732632014,7172815156155,7172815180747,7172815189404,24592
335,"void flash_attn_tile<256, 256, 4, 6, false>(char const*, char const*, char const*, char const*, char const*, int const*, float*, HIP_vector_type<float, 2u>*, float, float, float, float, unsigned int, float, int, HIP_vector_type<unsigned int, 3u>, int, int, int, int, int, int, int, int, int, int, int, long, int, int, long, int, int, int, int, int, long) [clone .kd]",4,1,334,149960,149960,21504,384,32768,1432,128,0,48,64,"0x0","0x7ddd5e587e80",7172732634187,7172815404151,7172815957031,7172815987035,552880
336,"void flash_attn_combine_results<256>(float const*, HIP_vector_type<float, 2u> const*, float*, int) [clone .kd]",4,1,335,149960,149960,6144,256,512,0,20,0,32,64,"0x0","0x7ddd5e587cc0",7172732636085,7172816031252,7172816059844,7172816068262,28592
337,"void dequantize_block_q4_0<__half>(void const*, __half*, int) [clone .kd]",4,1,336,149960,149960,229376,32,0,0,12,0,16,64,"0x0","0x7dddb3bd2b80",7172732638017,7172816059844,7172816084880,7172816093738,25036
338,"void dequantize_block_q4_0<__half>(void const*, __half*, int) [clone .kd]",4,1,337,149960,149960,229376,32,0,0,12,0,16,64,"0x0","0x7dddb3bd2b80",7172732639708,7172816084880,7172816109621,7172816118010,24741
339,"void flash_attn_tile<256, 256, 4, 2, false>(char const*, char const*, char const*, char const*, char const*, int const*, float*, HIP_vector_type<float, 2u>*, float, float, float, float, unsigned int, float, int, HIP_vector_type<unsigned int, 3u>, int, int, int, int, int, int, int, int, int, int, int, long, int, int, long, int, int, int, int, int, long) [clone .kd]",4,1,338,149960,149960,28416,256,22528,1104,128,0,64,64,"0x0","0x7ddd5e587e00",7172732642071,7172816332432,7172817053012,7172817077478,720580
340,"void flash_attn_combine_results<256>(float const*, HIP_vector_type<float, 2u> const*, float*, int) [clone .kd]",4,1,339,149960,149960,6144,256,512,0,20,0,32,64,"0x0","0x7ddd5e587cc0",7172732643745,7172817053012,7172817075975,7172817080375,22963
341,"void dequantize_block_q4_0<__half>(void const*, __half*, int) [clone .kd]",4,1,340,149960,149960,229376,32,0,0,12,0,16,64,"0x0","0x7dddb3bd2b80",7172732645542,7172817075975,7172817100863,7172817109705,24888
342,"void dequantize_block_q4_0<__half>(void const*, __half*, int) [clone .kd]",4,1,341,149960,149960,229376,32,0,0,12,0,16,64,"0x0","0x7dddb3bd2b80",7172732647258,7172817100863,7172817125604,7172817133709,24741
343,"void flash_attn_tile<256, 256, 4, 6, false>(char const*, char const*, char const*, char const*, char const*, int const*, float*, HIP_vector_type<float, 2u>*, float, float, float, float, unsigned int, float, int, HIP_vector_type<unsigned int, 3u>, int, int, int, int, int, int, int, int, int, int, int, long, int, int, long, int, int, int, int, int, long) [clone .kd]",4,1,342,149960,149960,21504,384,32768,1432,128,0,48,64,"0x0","0x7ddd5e587e80",7172732649626,7172817348859,7172817897295,7172817921165,548436
344,"void flash_attn_combine_results<256>(float const*, HIP_vector_type<float, 2u> const*, float*, int) [clone .kd]",4,1,343,149960,149960,6144,256,512,0,20,0,32,64,"0x0","0x7ddd5e587cc0",7172732651426,7172817974330,7172818002774,7172818011520,28444
345,"void dequantize_block_q4_0<__half>(void const*, __half*, int) [clone .kd]",4,1,344,149960,149960,229376,32,0,0,12,0,16,64,"0x0","0x7dddb3bd2b80",7172732653164,7172818002774,7172818027515,7172818035971,24741
346,"void dequantize_block_q4_0<__half>(void const*, __half*, int) [clone .kd]",4,1,345,149960,149960,229376,32,0,0,12,0,16,64,"0x0","0x7dddb3bd2b80",7172732654742,7172818027515,7172818052403,7172818060150,24888
347,"void flash_attn_tile<256, 256, 4, 2, false>(char const*, char const*, char const*, char const*, char const*, int const*, float*, HIP_vector_type<float, 2u>*, float, float, float, float, unsigned int, float, int, HIP_vector_type<unsigned int, 3u>, int, int, int, int, int, int, int, int, int, int, int, long, int, int, long, int, int, int, int, int, long) [clone .kd]",4,1,346,149960,149960,28416,256,22528,1104,128,0,64,64,"0x0","0x7ddd5e587e00",7172732656987,7172818274918,7172819017424,7172819041173,742506
348,"void flash_attn_combine_results<256>(float const*, HIP_vector_type<float, 2u> const*, float*, int) [clone .kd]",4,1,347,149960,149960,6144,256,512,0,20,0,32,64,"0x0","0x7ddd5e587cc0",7172732658981,7172819017424,7172819041720,7172819058366,24296
349,"void dequantize_block_q4_0<__half>(void const*, __half*, int) [clone .kd]",4,1,348,149960,149960,229376,32,0,0,12,0,16,64,"0x0","0x7dddb3bd2b80",7172732660869,7172819041720,7172819069572,7172819077866,27852
350,"void dequantize_block_q4_0<__half>(void const*, __half*, int) [clone .kd]",4,1,349,149960,149960,229376,32,0,0,12,0,16,64,"0x0","0x7dddb3bd2b80",7172732662625,7172819069572,7172819096830,7172819105117,27258
351,"void flash_attn_tile<256, 256, 4, 6, false>(char const*, char const*, char const*, char const*, char const*, int const*, float*, HIP_vector_type<float, 2u>*, float, float, float, float, unsigned int, float, int, HIP_vector_type<unsigned int, 3u>, int, int, int, int, int, int, int, int, int, int, int, long, int, int, long, int, int, int, int, int, long) [clone .kd]",4,1,350,149960,149960,21504,384,32768,1432,128,0,48,64,"0x0","0x7ddd5e587e80",7172732664919,7172819344678,7172819950446,7172819974155,605768
352,"void flash_attn_combine_results<256>(float const*, HIP_vector_type<float, 2u> const*, float*, int) [clone .kd]",4,1,351,149960,149960,6144,256,512,0,20,0,32,64,"0x0","0x7ddd5e587cc0",7172732666864,7172819975927,7172820007926,7172820016903,31999
353,"void dequantize_block_q4_0<__half>(void const*, __half*, int) [clone .kd]",4,1,352,149960,149960,229376,32,0,0,12,0,16,64,"0x0","0x7dddb3bd2b80",7172732668718,7172820007926,7172820035778,7172820044335,27852
354,"void dequantize_block_q4_0<__half>(void const*, __half*, int) [clone .kd]",4,1,353,149960,149960,229376,32,0,0,12,0,16,64,"0x0","0x7dddb3bd2b80",7172732670431,7172820035778,7172820063037,7172820071317,27259
355,"void flash_attn_tile<256, 256, 4, 2, false>(char const*, char const*, char const*, char const*, char const*, int const*, float*, HIP_vector_type<float, 2u>*, float, float, float, float, unsigned int, float, int, HIP_vector_type<unsigned int, 3u>, int, int, int, int, int, int, int, int, int, int, int, long, int, int, long, int, int, int, int, int, long) [clone .kd]",4,1,354,149960,149960,28416,256,22528,1104,128,0,64,64,"0x0","0x7ddd5e587e00",7172732672778,7172820313215,7172821094987,7172821120661,781772
356,"void flash_attn_combine_results<256>(float const*, HIP_vector_type<float, 2u> const*, float*, int) [clone .kd]",4,1,355,149960,149960,6144,256,512,0,20,0,32,64,"0x0","0x7ddd5e587cc0",7172732674615,7172821094987,7172821117506,7172821123730,22519
357,"void dequantize_block_q4_0<__half>(void const*, __half*, int) [clone .kd]",4,1,356,149960,149960,229376,32,0,0,12,0,16,64,"0x0","0x7dddb3bd2b80",7172732676348,7172821117506,7172821142690,7172821149058,25184
358,"void dequantize_block_q4_0<__half>(void const*, __half*, int) [clone .kd]",4,1,357,149960,149960,229376,32,0,0,12,0,16,64,"0x0","0x7dddb3bd2b80",7172732677962,7172821142690,7172821167282,7172821172789,24592
359,"void flash_attn_tile<256, 256, 4, 6, false>(char const*, char const*, char const*, char const*, char const*, int const*, float*, HIP_vector_type<float, 2u>*, float, float, float, float, unsigned int, float, int, HIP_vector_type<unsigned int, 3u>, int, int, int, int, int, int, int, int, int, int, int, long, int, int, long, int, int, int, int, int, long) [clone .kd]",4,1,358,149960,149960,21504,384,32768,1432,128,0,48,64,"0x0","0x7ddd5e587e80",7172732680384,7172821390391,7172821935573,7172821956477,545182
360,"void flash_attn_combine_results<256>(float const*, HIP_vector_type<float, 2u> const*, float*, int) [clone .kd]",4,1,359,149960,149960,6144,256,512,0,20,0,32,64,"0x0","0x7ddd5e587cc0",7172732682278,7172822015868,7172822043720,7172822049458,27852
361,"void dequantize_block_q4_0<__half>(void const*, __half*, int) [clone .kd]",4,1,360,149960,149960,229376,32,0,0,12,0,16,64,"0x0","0x7dddb3bd2b80",7172732684139,7172822043720,7172822068460,7172822074654,24740
362,"void dequantize_block_q4_0<__half>(void const*, __half*, int) [clone .kd]",4,1,361,149960,149960,229376,32,0,0,12,0,16,64,"0x0","0x7dddb3bd2b80",7172732685870,7172822068460,7172822092905,7172822098226,24445
363,"void flash_attn_tile<256, 256, 4, 2, false>(char const*, char const*, char const*, char const*, char const*, int const*, float*, HIP_vector_type<float, 2u>*, float, float, float, float, unsigned int, float, int, HIP_vector_type<unsigned int, 3u>, int, int, int, int, int, int, int, int, int, int, int, long, int, int, long, int, int, int, int, int, long) [clone .kd]",4,1,362,149960,149960,28416,256,22528,1104,128,0,64,64,"0x0","0x7ddd5e587e00",7172732688138,7172822315718,7172823037490,7172823059450,721772
364,"void flash_attn_combine_results<256>(float const*, HIP_vector_type<float, 2u> const*, float*, int) [clone .kd]",4,1,363,149960,149960,6144,256,512,0,20,0,32,64,"0x0","0x7ddd5e587cc0",7172732690015,7172823037490,7172823060009,7172823062293,22519
365,"void dequantize_block_q4_0<__half>(void const*, __half*, int) [clone .kd]",4,1,364,149960,149960,229376,32,0,0,12,0,16,64,"0x0","0x7dddb3bd2b80",7172732691880,7172823060009,7172823085194,7172823090669,25185
366,"void dequantize_block_q4_0<__half>(void const*, __half*, int) [clone .kd]",4,1,365,149960,149960,229376,32,0,0,12,0,16,64,"0x0","0x7dddb3bd2b80",7172732693770,7172823085194,7172823109934,7172823115014,24740
367,"void flash_attn_tile<256, 256, 4, 6, false>(char const*, char const*, char const*, char const*, char const*, int const*, float*, HIP_vector_type<float, 2u>*, float, float, float, float, unsigned int, float, int, HIP_vector_type<unsigned int, 3u>, int, int, int, int, int, int, int, int, int, int, int, long, int, int, long, int, int, int, int, int, long) [clone .kd]",4,1,366,149960,149960,21504,384,32768,1432,128,0,48,64,"0x0","0x7ddd5e587e80",7172732696146,7172823333192,7172823879558,7172823900737,546366
368,"void flash_attn_combine_results<256>(float const*, HIP_vector_type<float, 2u> const*, float*, int) [clone .kd]",4,1,367,149960,149960,6144,256,512,0,20,0,32,64,"0x0","0x7ddd5e587cc0",7172732697953,7172823959261,7172823987557,7172823993891,28296
369,"void dequantize_block_q4_0<__half>(void const*, __half*, int) [clone .kd]",4,1,368,149960,149960,229376,32,0,0,12,0,16,64,"0x0","0x7dddb3bd2b80",7172732699819,7172823987557,7172824012594,7172824017599,25037
370,"void dequantize_block_q4_0<__half>(void const*, __half*, int) [clone .kd]",4,1,369,149960,149960,229376,32,0,0,12,0,16,64,"0x0","0x7dddb3bd2b80",7172732701352,7172824012594,7172824037186,7172824043420,24592
371,"void flash_attn_tile<256, 256, 4, 2, false>(char const*, char const*, char const*, char const*, char const*, int const*, float*, HIP_vector_type<float, 2u>*, float, float, float, float, unsigned int, float, int, HIP_vector_type<unsigned int, 3u>, int, int, int, int, int, int, int, int, int, int, int, long, int, int, long, int, int, int, int, int, long) [clone .kd]",4,1,370,149960,149960,28416,256,22528,1104,128,0,64,64,"0x0","0x7ddd5e587e00",7172732703579,7172824260148,7172824990957,7172825018691,730809
372,"void flash_attn_combine_results<256>(float const*, HIP_vector_type<float, 2u> const*, float*, int) [clone .kd]",4,1,371,149960,149960,6144,256,512,0,20,0,32,64,"0x0","0x7ddd5e587cc0",7172732705397,7172824990957,7172825015401,7172825025100,24444
373,"void dequantize_block_q4_0<__half>(void const*, __half*, int) [clone .kd]",4,1,372,149960,149960,229376,32,0,0,12,0,16,64,"0x0","0x7dddb3bd2b80",7172732707272,7172825015401,7172825043253,7172825048883,27852
374,"void dequantize_block_q4_0<__half>(void const*, __half*, int) [clone .kd]",4,1,373,149960,149960,229376,32,0,0,12,0,16,64,"0x0","0x7dddb3bd2b80",7172732708950,7172825043253,7172825070512,7172825075851,27259
375,"void flash_attn_tile<256, 256, 4, 6, false>(char const*, char const*, char const*, char const*, char const*, int const*, float*, HIP_vector_type<float, 2u>*, float, float, float, float, unsigned int, float, int, HIP_vector_type<unsigned int, 3u>, int, int, int, int, int, int, int, int, int, int, int, long, int, int, long, int, int, int, int, int, long) [clone .kd]",4,1,374,149960,149960,21504,384,32768,1432,128,0,48,64,"0x0","0x7ddd5e587e80",7172732711195,7172825318362,7172825925320,7172825946853,606958
376,"void flash_attn_combine_results<256>(float const*, HIP_vector_type<float, 2u> const*, float*, int) [clone .kd]",4,1,375,149960,149960,6144,256,512,0,20,0,32,64,"0x0","0x7ddd5e587cc0",7172732712890,7172826012283,7172826044134,7172826049262,31851
377,"void dequantize_block_q4_0<__half>(void const*, __half*, int) [clone .kd]",4,1,376,149960,149960,229376,32,0,0,12,0,16,64,"0x0","0x7dddb3bd2b80",7172732714719,7172826044134,7172826072134,7172826078322,28000
378,"void dequantize_block_q4_0<__half>(void const*, __half*, int) [clone .kd]",4,1,377,149960,149960,229376,32,0,0,12,0,16,64,"0x0","0x7dddb3bd2b80",7172732716478,7172826072134,7172826099245,7172826104431,27111
379,"void flash_attn_tile<256, 256, 4, 2, false>(char const*, char const*, char const*, char const*, char const*, int const*, float*, HIP_vector_type<float, 2u>*, float, float, float, float, unsigned int, float, int, HIP_vector_type<unsigned int, 3u>, int, int, int, int, int, int, int, int, int, int, int, long, int, int, long, int, int, int, int, int, long) [clone .kd]",4,1,378,149960,149960,28416,256,22528,1104,128,0,64,64,"0x0","0x7ddd5e587e00",7172732719149,7172826346947,7172827124867,7172827145481,777920
380,"void flash_attn_combine_results<256>(float const*, HIP_vector_type<float, 2u> const*, float*, int) [clone .kd]",4,1,379,149960,149960,6144,256,512,0,20,0,32,64,"0x0","0x7ddd5e587cc0",7172732721128,7172827124867,7172827147385,7172827149721,22518
381,"void dequantize_block_q4_0<__half>(void const*, __half*, int) [clone .kd]",4,1,380,149960,149960,229376,32,0,0,12,0,16,64,"0x0","0x7dddb3bd2b80",7172732722997,7172827147385,7172827172570,7172827178353,25185
382,"void dequantize_block_q4_0<__half>(void const*, __half*, int) [clone .kd]",4,1,381,149960,149960,229376,32,0,0,12,0,16,64,"0x0","0x7dddb3bd2b80",7172732724535,7172827172570,7172827197163,7172827202473,24593
383,"void flash_attn_tile<256, 256, 4, 6, false>(char const*, char const*, char const*, char const*, char const*, int const*, float*, HIP_vector_type<float, 2u>*, float, float, float, float, unsigned int, float, int, HIP_vector_type<unsigned int, 3u>, int, int, int, int, int, int, int, int, int, int, int, long, int, int, long, int, int, int, int, int, long) [clone .kd]",4,1,382,149960,149960,21504,384,32768,1432,128,0,48,64,"0x0","0x7ddd5e587e80",7172732727147,7172827420420,7172827966490,7172827994058,546070
384,"void flash_attn_combine_results<256>(float const*, HIP_vector_type<float, 2u> const*, float*, int) [clone .kd]",4,1,383,149960,149960,6144,256,512,0,20,0,32,64,"0x0","0x7ddd5e587cc0",7172732729014,7172828045749,7172828075082,7172828080326,29333
385,"void dequantize_block_q4_0<__half>(void const*, __half*, int) [clone .kd]",4,1,384,149960,149960,229376,32,0,0,12,0,16,64,"0x0","0x7dddb3bd2b80",7172732731032,7172828075082,7172828099675,7172828105745,24593
386,"void dequantize_block_q4_0<__half>(void const*, __half*, int) [clone .kd]",4,1,385,149960,149960,229376,32,0,0,12,0,16,64,"0x0","0x7dddb3bd2b80",7172732732769,7172828099675,7172828124119,7172828130066,24444
387,"void flash_attn_tile<256, 256, 4, 2, false>(char const*, char const*, char const*, char const*, char const*, int const*, float*, HIP_vector_type<float, 2u>*, float, float, float, float, unsigned int, float, int, HIP_vector_type<unsigned int, 3u>, int, int, int, int, int, int, int, int, int, int, int, long, int, int, long, int, int, int, int, int, long) [clone .kd]",4,1,386,149960,149960,28416,256,22528,1104,128,0,64,64,"0x0","0x7ddd5e587e00",7172732735148,7172828346784,7172829066482,7172829087557,719698
388,"void flash_attn_combine_results<256>(float const*, HIP_vector_type<float, 2u> const*, float*, int) [clone .kd]",4,1,387,149960,149960,6144,256,512,0,20,0,32,64,"0x0","0x7ddd5e587cc0",7172732736912,7172829066482,7172829089297,7172829103124,22815
389,"void dequantize_block_q4_0<__half>(void const*, __half*, int) [clone .kd]",4,1,388,149960,149960,229376,32,0,0,12,0,16,64,"0x0","0x7dddb3bd2b80",7172732738742,7172829089297,7172829114482,7172829120199,25185
390,"void dequantize_block_q4_0<__half>(void const*, __half*, int) [clone .kd]",4,1,389,149960,149960,229376,32,0,0,12,0,16,64,"0x0","0x7dddb3bd2b80",7172732740487,7172829114482,7172829139222,7172829144559,24740
391,"void flash_attn_tile<256, 256, 4, 6, false>(char const*, char const*, char const*, char const*, char const*, int const*, float*, HIP_vector_type<float, 2u>*, float, float, float, float, unsigned int, float, int, HIP_vector_type<unsigned int, 3u>, int, int, int, int, int, int, int, int, int, int, int, long, int, int, long, int, int, int, int, int, long) [clone .kd]",4,1,390,149960,149960,21504,384,32768,1432,128,0,48,64,"0x0","0x7ddd5e587e80",7172732743108,7172829362480,7172829908105,7172829928683,545625
392,"void flash_attn_combine_results<256>(float const*, HIP_vector_type<float, 2u> const*, float*, int) [clone .kd]",4,1,391,149960,149960,6144,256,512,0,20,0,32,64,"0x0","0x7ddd5e587cc0",7172732744930,7172830013142,7172830042030,7172830047551,28888
393,"void dequantize_block_q4_0<__half>(void const*, __half*, int) [clone .kd]",4,1,392,149960,149960,229376,32,0,0,12,0,16,64,"0x0","0x7dddb3bd2b80",7172732746833,7172830042030,7172830066919,7172830072012,24889
394,"void dequantize_block_q4_0<__half>(void const*, __half*, int) [clone .kd]",4,1,393,149960,149960,229376,32,0,0,12,0,16,64,"0x0","0x7dddb3bd2b80",7172732748485,7172830066919,7172830091808,7172830097501,24889
395,"void flash_attn_tile<256, 256, 4, 2, false>(char const*, char const*, char const*, char const*, char const*, int const*, float*, HIP_vector_type<float, 2u>*, float, float, float, float, unsigned int, float, int, HIP_vector_type<unsigned int, 3u>, int, int, int, int, int, int, int, int, int, int, int, long, int, int, long, int, int, int, int, int, long) [clone .kd]",4,1,394,149960,149960,28416,256,22528,1104,128,0,64,64,"0x0","0x7ddd5e587e00",7172732750817,7172830314621,7172831035208,7172831056566,720587
396,"void flash_attn_combine_results<256>(float const*, HIP_vector_type<float, 2u> const*, float*, int) [clone .kd]",4,1,395,149960,149960,6144,256,512,0,20,0,32,64,"0x0","0x7ddd5e587cc0",7172732752694,7172831035208,7172831057726,7172831072247,22518
397,"void dequantize_block_q4_0<__half>(void const*, __half*, int) [clone .kd]",4,1,396,149960,149960,229376,32,0,0,12,0,16,64,"0x0","0x7dddb3bd2b80",7172732754628,7172831057726,7172831082615,7172831088026,24889
398,"void dequantize_block_q4_0<__half>(void const*, __half*, int) [clone .kd]",4,1,397,149960,149960,229376,32,0,0,12,0,16,64,"0x0","0x7dddb3bd2b80",7172732756328,7172831082615,7172831107208,7172831112926,24593
399,"void flash_attn_tile<256, 256, 4, 6, false>(char const*, char const*, char const*, char const*, char const*, int const*, float*, HIP_vector_type<float, 2u>*, float, float, float, float, unsigned int, float, int, HIP_vector_type<unsigned int, 3u>, int, int, int, int, int, int, int, int, int, int, int, long, int, int, long, int, int, int, int, int, long) [clone .kd]",4,1,398,149960,149960,21504,384,32768,1432,128,0,48,64,"0x0","0x7ddd5e587e80",7172732758687,7172831330465,7172831891942,7172831912138,561477
400,"void flash_attn_combine_results<256>(float const*, HIP_vector_type<float, 2u> const*, float*, int) [clone .kd]",4,1,399,149960,149960,6144,256,512,0,20,0,32,64,"0x0","0x7ddd5e587cc0",7172732760418,7172831970905,7172832002905,7172832008346,32000
401,"void dequantize_block_q4_0<__half>(void const*, __half*, int) [clone .kd]",4,1,400,149960,149960,229376,32,0,0,12,0,16,64,"0x0","0x7dddb3bd2b80",7172732762179,7172832002905,7172832030756,7172832036381,27851
402,"void dequantize_block_q4_0<__half>(void const*, __half*, int) [clone .kd]",4,1,401,149960,149960,229376,32,0,0,12,0,16,64,"0x0","0x7dddb3bd2b80",7172732764095,7172832030756,7172832057867,7172832063820,27111
403,"void flash_attn_tile<256, 256, 4, 2, false>(char const*, char const*, char const*, char const*, char const*, int const*, float*, HIP_vector_type<float, 2u>*, float, float, float, float, unsigned int, float, int, HIP_vector_type<unsigned int, 3u>, int, int, int, int, int, int, int, int, int, int, int, long, int, int, long, int, int, int, int, int, long) [clone .kd]",4,1,402,149960,149960,28416,256,22528,1104,128,0,64,64,"0x0","0x7ddd5e587e00",7172732766477,7172832305421,7172833101415,7172833122574,795994
404,"void flash_attn_combine_results<256>(float const*, HIP_vector_type<float, 2u> const*, float*, int) [clone .kd]",4,1,403,149960,149960,6144,256,512,0,20,0,32,64,"0x0","0x7ddd5e587cc0",7172732768298,7172833101415,7172833126600,7172833137263,25185
405,"void dequantize_block_q4_0<__half>(void const*, __half*, int) [clone .kd]",4,1,404,149960,149960,229376,32,0,0,12,0,16,64,"0x0","0x7dddb3bd2b80",7172732770328,7172833126600,7172833154600,7172833159949,28000
406,"void dequantize_block_q4_0<__half>(void const*, __half*, int) [clone .kd]",4,1,405,149960,149960,229376,32,0,0,12,0,16,64,"0x0","0x7dddb3bd2b80",7172732772038,7172833154600,7172833181711,7172833187991,27111
407,"void flash_attn_tile<256, 256, 4, 6, false>(char const*, char const*, char const*, char const*, char const*, int const*, float*, HIP_vector_type<float, 2u>*, float, float, float, float, unsigned int, float, int, HIP_vector_type<unsigned int, 3u>, int, int, int, int, int, int, int, int, int, int, int, long, int, int, long, int, int, int, int, int, long) [clone .kd]",4,1,406,149960,149960,21504,384,32768,1432,128,0,48,64,"0x0","0x7ddd5e587e80",7172732774361,7172833429857,7172834039778,7172834059519,609921
408,"void flash_attn_combine_results<256>(float const*, HIP_vector_type<float, 2u> const*, float*, int) [clone .kd]",4,1,407,149960,149960,6144,256,512,0,20,0,32,64,"0x0","0x7ddd5e587cc0",7172732775998,7172834105852,7172834133852,7172834139579,28000
409,"void dequantize_block_q4_0<__half>(void const*, __half*, int) [clone .kd]",4,1,408,149960,149960,229376,32,0,0,12,0,16,64,"0x0","0x7dddb3bd2b80",7172732777757,7172834133852,7172834158888,7172834164659,25036
410,"void dequantize_block_q4_0<__half>(void const*, __half*, int) [clone .kd]",4,1,409,149960,149960,229376,32,0,0,12,0,16,64,"0x0","0x7dddb3bd2b80",7172732779500,7172834158888,7172834183481,7172834189441,24593
411,"void flash_attn_tile<256, 256, 4, 2, false>(char const*, char const*, char const*, char const*, char const*, int const*, float*, HIP_vector_type<float, 2u>*, float, float, float, float, unsigned int, float, int, HIP_vector_type<unsigned int, 3u>, int, int, int, int, int, int, int, int, int, int, int, long, int, int, long, int, int, int, int, int, long) [clone .kd]",4,1,410,149960,149960,28416,256,22528,1104,128,0,64,64,"0x0","0x7ddd5e587e00",7172732781863,7172834406146,7172835134881,7172835154553,728735
412,"void flash_attn_combine_results<256>(float const*, HIP_vector_type<float, 2u> const*, float*, int) [clone .kd]",4,1,411,149960,149960,6144,256,512,0,20,0,32,64,"0x0","0x7ddd5e587cc0",7172732783708,7172835134881,7172835156955,7172835169768,22074
413,"void dequantize_block_q4_0<__half>(void const*, __half*, int) [clone .kd]",4,1,412,149960,149960,229376,32,0,0,12,0,16,64,"0x0","0x7dddb3bd2b80",7172732785613,7172835156955,7172835181992,7172835187256,25037
414,"void dequantize_block_q4_0<__half>(void const*, __half*, int) [clone .kd]",4,1,413,149960,149960,229376,32,0,0,12,0,16,64,"0x0","0x7dddb3bd2b80",7172732787200,7172835181992,7172835206584,7172835211792,24592
415,"void flash_attn_tile<256, 256, 4, 6, false>(char const*, char const*, char const*, char const*, char const*, int const*, float*, HIP_vector_type<float, 2u>*, float, float, float, float, unsigned int, float, int, HIP_vector_type<unsigned int, 3u>, int, int, int, int, int, int, int, int, int, int, int, long, int, int, long, int, int, int, int, int, long) [clone .kd]",4,1,414,149960,149960,21504,384,32768,1432,128,0,48,64,"0x0","0x7ddd5e587e80",7172732789505,7172835429546,7172835975319,7172835994460,545773
416,"void flash_attn_combine_results<256>(float const*, HIP_vector_type<float, 2u> const*, float*, int) [clone .kd]",4,1,415,149960,149960,6144,256,512,0,20,0,32,64,"0x0","0x7ddd5e587cc0",7172732791234,7172836042430,7172836070282,7172836075546,27852
417,"void dequantize_block_q4_0<__half>(void const*, __half*, int) [clone .kd]",4,1,416,149960,149960,229376,32,0,0,12,0,16,64,"0x0","0x7dddb3bd2b80",7172732793196,7172836070282,7172836093392,7172836098239,23110
418,"void dequantize_block_q4_0<__half>(void const*, __half*, int) [clone .kd]",4,1,417,149960,149960,229376,32,0,0,12,0,16,64,"0x0","0x7dddb3bd2b80",7172732795065,7172836093392,7172836116207,7172836122251,22815
419,"void flash_attn_tile<256, 256, 4, 2, false>(char const*, char const*, char const*, char const*, char const*, int const*, float*, HIP_vector_type<float, 2u>*, float, float, float, float, unsigned int, float, int, HIP_vector_type<unsigned int, 3u>, int, int, int, int, int, int, int, int, int, int, int, long, int, int, long, int, int, int, int, int, long) [clone .kd]",4,1,418,149960,149960,28416,256,22528,1104,128,0,64,64,"0x0","0x7ddd5e587e00",7172732797401,7172836325983,7172837043904,7172837064536,717921
420,"void flash_attn_combine_results<256>(float const*, HIP_vector_type<float, 2u> const*, float*, int) [clone .kd]",4,1,419,149960,149960,6144,256,512,0,20,0,32,64,"0x0","0x7ddd5e587cc0",7172732799265,7172837043904,7172837066570,7172837078329,22666
421,"void dequantize_block_q4_0<__half>(void const*, __half*, int) [clone .kd]",4,1,420,149960,149960,229376,32,0,0,12,0,16,64,"0x0","0x7dddb3bd2b80",7172732801031,7172837066570,7172837091755,7172837097823,25185
422,"void dequantize_block_q4_0<__half>(void const*, __half*, int) [clone .kd]",4,1,421,149960,149960,229376,32,0,0,12,0,16,64,"0x0","0x7dddb3bd2b80",7172732802611,7172837091755,7172837116348,7172837121548,24593
423,"void flash_attn_tile<256, 256, 4, 6, false>(char const*, char const*, char const*, char const*, char const*, int const*, float*, HIP_vector_type<float, 2u>*, float, float, float, float, unsigned int, float, int, HIP_vector_type<unsigned int, 3u>, int, int, int, int, int, int, int, int, int, int, int, long, int, int, long, int, int, int, int, int, long) [clone .kd]",4,1,422,149960,149960,21504,384,32768,1432,128,0,48,64,"0x0","0x7ddd5e587e80",7172732804850,7172837339754,7172837886861,7172837906280,547107
424,"void flash_attn_combine_results<256>(float const*, HIP_vector_type<float, 2u> const*, float*, int) [clone .kd]",4,1,423,149960,149960,6144,256,512,0,20,0,32,64,"0x0","0x7ddd5e587cc0",7172732806785,7172837965378,7172837993823,7172837999518,28445
425,"void dequantize_block_q4_0<__half>(void const*, __half*, int) [clone .kd]",4,1,424,149960,149960,229376,32,0,0,12,0,16,64,"0x0","0x7dddb3bd2b80",7172732808669,7172837993823,7172838018711,7172838024826,24888
426,"void dequantize_block_q4_0<__half>(void const*, __half*, int) [clone .kd]",4,1,425,149960,149960,229376,32,0,0,12,0,16,64,"0x0","0x7dddb3bd2b80",7172732810301,7172838018711,7172838043008,7172838048157,24297
427,"void flash_attn_tile<256, 256, 4, 2, false>(char const*, char const*, char const*, char const*, char const*, int const*, float*, HIP_vector_type<float, 2u>*, float, float, float, float, unsigned int, float, int, HIP_vector_type<unsigned int, 3u>, int, int, int, int, int, int, int, int, int, int, int, long, int, int, long, int, int, int, int, int, long) [clone .kd]",4,1,426,149960,149960,28416,256,22528,1104,128,0,64,64,"0x0","0x7ddd5e587e00",7172732812708,7172838265821,7172838995445,7172839016044,729624
428,"void flash_attn_combine_results<256>(float const*, HIP_vector_type<float, 2u> const*, float*, int) [clone .kd]",4,1,427,149960,149960,6144,256,512,0,20,0,32,64,"0x0","0x7ddd5e587cc0",7172732814432,7172838995445,7172839020926,7172839030847,25481
429,"void dequantize_block_q4_0<__half>(void const*, __half*, int) [clone .kd]",4,1,428,149960,149960,229376,32,0,0,12,0,16,64,"0x0","0x7dddb3bd2b80",7172732816149,7172839020926,7172839048630,7172839054306,27704
430,"void dequantize_block_q4_0<__half>(void const*, __half*, int) [clone .kd]",4,1,429,149960,149960,229376,32,0,0,12,0,16,64,"0x0","0x7dddb3bd2b80",7172732817734,7172839048630,7172839075741,7172839081205,27111
431,"void flash_attn_tile<256, 256, 4, 6, false>(char const*, char const*, char const*, char const*, char const*, int const*, float*, HIP_vector_type<float, 2u>*, float, float, float, float, unsigned int, float, int, HIP_vector_type<unsigned int, 3u>, int, int, int, int, int, int, int, int, int, int, int, long, int, int, long, int, int, int, int, int, long) [clone .kd]",4,1,430,149960,149960,21504,384,32768,1432,128,0,48,64,"0x0","0x7ddd5e587e80",7172732820200,7172839323739,7172839931438,7172839951705,607699
432,"void flash_attn_combine_results<256>(float const*, HIP_vector_type<float, 2u> const*, float*, int) [clone .kd]",4,1,431,149960,149960,6144,256,512,0,20,0,32,64,"0x0","0x7ddd5e587cc0",7172732822106,7172840016474,7172840048326,7172840053956,31852
433,"void dequantize_block_q4_0<__half>(void const*, __half*, int) [clone .kd]",4,1,432,149960,149960,229376,32,0,0,12,0,16,64,"0x0","0x7dddb3bd2b80",7172732824006,7172840048326,7172840076326,7172840081946,28000
434,"void dequantize_block_q4_0<__half>(void const*, __half*, int) [clone .kd]",4,1,433,149960,149960,229376,32,0,0,12,0,16,64,"0x0","0x7dddb3bd2b80",7172732825688,7172840076326,7172840103585,7172840109370,27259
435,"void flash_attn_tile<256, 256, 4, 2, false>(char const*, char const*, char const*, char const*, char const*, int const*, float*, HIP_vector_type<float, 2u>*, float, float, float, float, unsigned int, float, int, HIP_vector_type<unsigned int, 3u>, int, int, int, int, int, int, int, int, int, int, int, long, int, int, long, int, int, int, int, int, long) [clone .kd]",4,1,434,149960,149960,28416,256,22528,1104,128,0,64,64,"0x0","0x7ddd5e587e00",7172732828123,7172840351435,7172841134095,7172841154162,782660
436,"void flash_attn_combine_results<256>(float const*, HIP_vector_type<float, 2u> const*, float*, int) [clone .kd]",4,1,435,149960,149960,6144,256,512,0,20,0,32,64,"0x0","0x7ddd5e587cc0",7172732829815,7172841134095,7172841156021,7172841167681,21926
437,"void dequantize_block_q4_0<__half>(void const*, __half*, int) [clone .kd]",4,1,436,149960,149960,229376,32,0,0,12,0,16,64,"0x0","0x7dddb3bd2b80",7172732831603,7172841156021,7172841180762,7172841186861,24741
438,"void dequantize_block_q4_0<__half>(void const*, __half*, int) [clone .kd]",4,1,437,149960,149960,229376,32,0,0,12,0,16,64,"0x0","0x7dddb3bd2b80",7172732833240,7172841180762,7172841205354,7172841210629,24592
439,"void flash_attn_tile<256, 256, 4, 6, false>(char const*, char const*, char const*, char const*, char const*, int const*, float*, HIP_vector_type<float, 2u>*, float, float, float, float, unsigned int, float, int, HIP_vector_type<unsigned int, 3u>, int, int, int, int, int, int, int, int, int, int, int, long, int, int, long, int, int, int, int, int, long) [clone .kd]",4,1,438,149960,149960,21504,384,32768,1432,128,0,48,64,"0x0","0x7ddd5e587e80",7172732835624,7172841428612,7172841980015,7172841999161,551403
440,"void flash_attn_combine_results<256>(float const*, HIP_vector_type<float, 2u> const*, float*, int) [clone .kd]",4,1,439,149960,149960,6144,256,512,0,20,0,32,64,"0x0","0x7ddd5e587cc0",7172732837522,7172842054681,7172842084162,7172842090010,29481
441,"void dequantize_block_q4_0<__half>(void const*, __half*, int) [clone .kd]",4,1,440,149960,149960,229376,32,0,0,12,0,16,64,"0x0","0x7dddb3bd2b80",7172732839487,7172842084162,7172842108903,7172842114983,24741
442,"void dequantize_block_q4_0<__half>(void const*, __half*, int) [clone .kd]",4,1,441,149960,149960,229376,32,0,0,12,0,16,64,"0x0","0x7dddb3bd2b80",7172732841115,7172842108903,7172842133495,7172842138527,24592
443,"void flash_attn_tile<256, 256, 4, 2, false>(char const*, char const*, char const*, char const*, char const*, int const*, float*, HIP_vector_type<float, 2u>*, float, float, float, float, unsigned int, float, int, HIP_vector_type<unsigned int, 3u>, int, int, int, int, int, int, int, int, int, int, int, long, int, int, long, int, int, int, int, int, long) [clone .kd]",4,1,442,149960,149960,28416,256,22528,1104,128,0,64,64,"0x0","0x7ddd5e587e00",7172732843434,7172842356160,7172843076748,7172843096562,720588
444,"void flash_attn_combine_results<256>(float const*, HIP_vector_type<float, 2u> const*, float*, int) [clone .kd]",4,1,443,149960,149960,6144,256,512,0,20,0,32,64,"0x0","0x7ddd5e587cc0",7172732845112,7172843076748,7172843099118,7172843111539,22370
445,"void dequantize_block_q4_0<__half>(void const*, __half*, int) [clone .kd]",4,1,444,149960,149960,229376,32,0,0,12,0,16,64,"0x0","0x7dddb3bd2b80",7172732847138,7172843099118,7172843124007,7172843129195,24889
446,"void dequantize_block_q4_0<__half>(void const*, __half*, int) [clone .kd]",4,1,445,149960,149960,229376,32,0,0,12,0,16,64,"0x0","0x7dddb3bd2b80",7172732848872,7172843124007,7172843148895,7172843154694,24888
447,"void flash_attn_tile<256, 256, 4, 6, false>(char const*, char const*, char const*, char const*, char const*, int const*, float*, HIP_vector_type<float, 2u>*, float, float, float, float, unsigned int, float, int, HIP_vector_type<unsigned int, 3u>, int, int, int, int, int, int, int, int, int, int, int, long, int, int, long, int, int, int, int, int, long) [clone .kd]",4,1,446,149960,149960,21504,384,32768,1432,128,0,48,64,"0x0","0x7ddd5e587e80",7172732851299,7172843372005,7172843916889,7172843936318,544884
448,"void flash_attn_combine_results<256>(float const*, HIP_vector_type<float, 2u> const*, float*, int) [clone .kd]",4,1,447,149960,149960,6144,256,512,0,20,0,32,64,"0x0","0x7ddd5e587cc0",7172732853289,7172843940593,7172843969334,7172843975650,28741
449,"void dequantize_block_q4_0<__half>(void const*, __half*, int) [clone .kd]",4,1,448,149960,149960,229376,32,0,0,12,0,16,64,"0x0","0x7dddb3bd2b80",7172732855335,7172843969334,7172843994222,7172844002098,24888
450,"void dequantize_block_q4_0<__half>(void const*, __half*, int) [clone .kd]",4,1,449,149960,149960,229376,32,0,0,12,0,16,64,"0x0","0x7dddb3bd2b80",7172732856870,7172843994222,7172844018963,7172844025011,24741
451,"void flash_attn_tile<256, 256, 4, 2, false>(char const*, char const*, char const*, char const*, char const*, int const*, float*, HIP_vector_type<float, 2u>*, float, float, float, float, unsigned int, float, int, HIP_vector_type<unsigned int, 3u>, int, int, int, int, int, int, int, int, int, int, int, long, int, int, long, int, int, int, int, int, long) [clone .kd]",4,1,450,149960,149960,28416,256,22528,1104,128,0,64,64,"0x0","0x7ddd5e587e00",7172732859091,7172844241924,7172844962363,7172844984087,720439
452,"void flash_attn_combine_results<256>(float const*, HIP_vector_type<float, 2u> const*, float*, int) [clone .kd]",4,1,451,149960,149960,6144,256,512,0,20,0,32,64,"0x0","0x7ddd5e587cc0",7172732860867,7172844962363,7172844984289,7172844999449,21926
453,"void dequantize_block_q4_0<__half>(void const*, __half*, int) [clone .kd]",4,1,452,149960,149960,229376,32,0,0,12,0,16,64,"0x0","0x7dddb3bd2b80",7172732862642,7172844984289,7172845009326,7172845014754,25037
454,"void dequantize_block_q4_0<__half>(void const*, __half*, int) [clone .kd]",4,1,453,149960,149960,229376,32,0,0,12,0,16,64,"0x0","0x7dddb3bd2b80",7172732864461,7172845009326,7172845033770,7172845039806,24444
455,"void flash_attn_tile<256, 256, 4, 6, false>(char const*, char const*, char const*, char const*, char const*, int const*, float*, HIP_vector_type<float, 2u>*, float, float, float, float, unsigned int, float, int, HIP_vector_type<unsigned int, 3u>, int, int, int, int, int, int, int, int, int, int, int, long, int, int, long, int, int, int, int, int, long) [clone .kd]",4,1,454,149960,149960,21504,384,32768,1432,128,0,48,64,"0x0","0x7ddd5e587e80",7172732866829,7172845256879,7172845805616,7172845827432,548737
456,"void flash_attn_combine_results<256>(float const*, HIP_vector_type<float, 2u> const*, float*, int) [clone .kd]",4,1,455,149960,149960,6144,256,512,0,20,0,32,64,"0x0","0x7ddd5e587cc0",7172732868822,7172845889764,7172845921467,7172845927422,31703
457,"void dequantize_block_q4_0<__half>(void const*, __half*, int) [clone .kd]",4,1,456,149960,149960,229376,32,0,0,12,0,16,64,"0x0","0x7dddb3bd2b80",7172732870804,7172845921467,7172845949467,7172845955032,28000
458,"void dequantize_block_q4_0<__half>(void const*, __half*, int) [clone .kd]",4,1,457,149960,149960,229376,32,0,0,12,0,16,64,"0x0","0x7dddb3bd2b80",7172732872347,7172845949467,7172845976874,7172845982308,27407
459,"void flash_attn_tile<256, 256, 4, 2, false>(char const*, char const*, char const*, char const*, char const*, int const*, float*, HIP_vector_type<float, 2u>*, float, float, float, float, unsigned int, float, int, HIP_vector_type<unsigned int, 3u>, int, int, int, int, int, int, int, int, int, int, int, long, int, int, long, int, int, int, int, int, long) [clone .kd]",4,1,458,149960,149960,28416,256,22528,1104,128,0,64,64,"0x0","0x7ddd5e587e00",7172732874637,7172846224576,7172847020422,7172847042994,795846
460,"void flash_attn_combine_results<256>(float const*, HIP_vector_type<float, 2u> const*, float*, int) [clone .kd]",4,1,459,149960,149960,6144,256,512,0,20,0,32,64,"0x0","0x7ddd5e587cc0",7172732876489,7172847020422,7172847045903,7172847059554,25481
461,"void dequantize_block_q4_0<__half>(void const*, __half*, int) [clone .kd]",4,1,460,149960,149960,229376,32,0,0,12,0,16,64,"0x0","0x7dddb3bd2b80",7172732878810,7172847045903,7172847073755,7172847079326,27852
462,"void dequantize_block_q4_0<__half>(void const*, __half*, int) [clone .kd]",4,1,461,149960,149960,229376,32,0,0,12,0,16,64,"0x0","0x7dddb3bd2b80",7172732880501,7172847073755,7172847101014,7172847107247,27259
463,"void flash_attn_tile<256, 256, 4, 6, false>(char const*, char const*, char const*, char const*, char const*, int const*, float*, HIP_vector_type<float, 2u>*, float, float, float, float, unsigned int, float, int, HIP_vector_type<unsigned int, 3u>, int, int, int, int, int, int, int, int, int, int, int, long, int, int, long, int, int, int, int, int, long) [clone .kd]",4,1,462,149960,149960,21504,384,32768,1432,128,0,48,64,"0x0","0x7ddd5e587e80",7172732882861,7172847349308,7172847957748,7172847977734,608440
464,"void flash_attn_combine_results<256>(float const*, HIP_vector_type<float, 2u> const*, float*, int) [clone .kd]",4,1,463,149960,149960,6144,256,512,0,20,0,32,64,"0x0","0x7ddd5e587cc0",7172732884725,7172848034044,7172848063673,7172848068920,29629
465,"void dequantize_block_q4_0<__half>(void const*, __half*, int) [clone .kd]",4,1,464,149960,149960,229376,32,0,0,12,0,16,64,"0x0","0x7dddb3bd2b80",7172732886590,7172848063673,7172848088266,7172848094807,24593
466,"void dequantize_block_q4_0<__half>(void const*, __half*, int) [clone .kd]",4,1,465,149960,149960,229376,32,0,0,12,0,16,64,"0x0","0x7dddb3bd2b80",7172732888154,7172848088266,7172848113154,7172848118477,24888
467,"void flash_attn_tile<256, 256, 4, 2, false>(char const*, char const*, char const*, char const*, char const*, int const*, float*, HIP_vector_type<float, 2u>*, float, float, float, float, unsigned int, float, int, HIP_vector_type<unsigned int, 3u>, int, int, int, int, int, int, int, int, int, int, int, long, int, int, long, int, int, int, int, int, long) [clone .kd]",4,1,466,149960,149960,28416,256,22528,1104,128,0,64,64,"0x0","0x7ddd5e587e00",7172732890356,7172848335968,7172849051666,7172849072642,715698
468,"void flash_attn_combine_results<256>(float const*, HIP_vector_type<float, 2u> const*, float*, int) [clone .kd]",4,1,467,149960,149960,6144,256,512,0,20,0,32,64,"0x0","0x7ddd5e587cc0",7172732892081,7172849051666,7172849074629,7172849085133,22963
469,"void dequantize_block_q4_0<__half>(void const*, __half*, int) [clone .kd]",4,1,468,149960,149960,229376,32,0,0,12,0,16,64,"0x0","0x7dddb3bd2b80",7172732894017,7172849074629,7172849099666,7172849105506,25037
470,"void dequantize_block_q4_0<__half>(void const*, __half*, int) [clone .kd]",4,1,469,149960,149960,229376,32,0,0,12,0,16,64,"0x0","0x7dddb3bd2b80",7172732895741,7172849099666,7172849124258,7172849129482,24592
471,"void flash_attn_tile<256, 256, 4, 6, false>(char const*, char const*, char const*, char const*, char const*, int const*, float*, HIP_vector_type<float, 2u>*, float, float, float, float, unsigned int, float, int, HIP_vector_type<unsigned int, 3u>, int, int, int, int, int, int, int, int, int, int, int, long, int, int, long, int, int, int, int, int, long) [clone .kd]",4,1,470,149960,149960,21504,384,32768,1432,128,0,48,64,"0x0","0x7ddd5e587e80",7172732898176,7172849347664,7172849900252,7172849919696,552588
472,"void flash_attn_combine_results<256>(float const*, HIP_vector_type<float, 2u> const*, float*, int) [clone .kd]",4,1,471,149960,149960,6144,256,512,0,20,0,32,64,"0x0","0x7ddd5e587cc0",7172732899964,7172849973881,7172850002325,7172850007578,28444
473,"void dequantize_block_q4_0<__half>(void const*, __half*, int) [clone .kd]",4,1,472,149960,149960,229376,32,0,0,12,0,16,64,"0x0","0x7dddb3bd2b80",7172732901831,7172850002325,7172850027066,7172850032031,24741
474,"void dequantize_block_q4_0<__half>(void const*, __half*, int) [clone .kd]",4,1,473,149960,149960,229376,32,0,0,12,0,16,64,"0x0","0x7dddb3bd2b80",7172732903384,7172850027066,7172850051807,7172850057708,24741
475,"void flash_attn_tile<256, 256, 4, 2, false>(char const*, char const*, char const*, char const*, char const*, int const*, float*, HIP_vector_type<float, 2u>*, float, float, float, float, unsigned int, float, int, HIP_vector_type<unsigned int, 3u>, int, int, int, int, int, int, int, int, int, int, int, long, int, int, long, int, int, int, int, int, long) [clone .kd]",4,1,474,149960,149960,28416,256,22528,1104,128,0,64,64,"0x0","0x7ddd5e587e00",7172732905599,7172850274323,7172851021281,7172851041969,746958
476,"void flash_attn_combine_results<256>(float const*, HIP_vector_type<float, 2u> const*, float*, int) [clone .kd]",4,1,475,149960,149960,6144,256,512,0,20,0,32,64,"0x0","0x7ddd5e587cc0",7172732907330,7172851021281,7172851045873,7172851054715,24592
477,"void dequantize_block_q4_0<__half>(void const*, __half*, int) [clone .kd]",4,1,476,149960,149960,229376,32,0,0,12,0,16,64,"0x0","0x7dddb3bd2b80",7172732909186,7172851045873,7172851073873,7172851080411,28000
478,"void dequantize_block_q4_0<__half>(void const*, __half*, int) [clone .kd]",4,1,477,149960,149960,229376,32,0,0,12,0,16,64,"0x0","0x7dddb3bd2b80",7172732910947,7172851073873,7172851100984,7172851106214,27111
479,"void flash_attn_tile<256, 256, 4, 6, false>(char const*, char const*, char const*, char const*, char const*, int const*, float*, HIP_vector_type<float, 2u>*, float, float, float, float, unsigned int, float, int, HIP_vector_type<unsigned int, 3u>, int, int, int, int, int, int, int, int, int, int, int, long, int, int, long, int, int, int, int, int, long) [clone .kd]",4,1,478,149960,149960,21504,384,32768,1432,128,0,48,64,"0x0","0x7ddd5e587e80",7172732913338,7172851348982,7172851952237,7172851972305,603255
480,"void flash_attn_combine_results<256>(float const*, HIP_vector_type<float, 2u> const*, float*, int) [clone .kd]",4,1,479,149960,149960,6144,256,512,0,20,0,32,64,"0x0","0x7ddd5e587cc0",7172732915158,7172851979644,7172852013125,7172852018693,33481
481,"void dequantize_block_q4_0<__half>(void const*, __half*, int) [clone .kd]",4,1,480,149960,149960,229376,32,0,0,12,0,16,64,"0x0","0x7dddb3bd2b80",7172732917117,7172852013125,7172852040829,7172852046783,27704
482,"void dequantize_block_q4_0<__half>(void const*, __half*, int) [clone .kd]",4,1,481,149960,149960,229376,32,0,0,12,0,16,64,"0x0","0x7dddb3bd2b80",7172732918646,7172852040829,7172852067940,7172852073412,27111
483,"void flash_attn_tile<256, 256, 4, 2, false>(char const*, char const*, char const*, char const*, char const*, int const*, float*, HIP_vector_type<float, 2u>*, float, float, float, float, unsigned int, float, int, HIP_vector_type<unsigned int, 3u>, int, int, int, int, int, int, int, int, int, int, int, long, int, int, long, int, int, int, int, int, long) [clone .kd]",4,1,482,149960,149960,28416,256,22528,1104,128,0,64,64,"0x0","0x7ddd5e587e00",7172732920855,7172852315938,7172853105117,7172853124873,789179
484,"void flash_attn_combine_results<256>(float const*, HIP_vector_type<float, 2u> const*, float*, int) [clone .kd]",4,1,483,149960,149960,6144,256,512,0,20,0,32,64,"0x0","0x7ddd5e587cc0",7172732922634,7172853105117,7172853127635,7172853137387,22518
485,"void dequantize_block_q4_0<__half>(void const*, __half*, int) [clone .kd]",4,1,484,149960,149960,229376,32,0,0,12,0,16,64,"0x0","0x7dddb3bd2b80",7172732924429,7172853127635,7172853152672,7172853157905,25037
486,"void dequantize_block_q4_0<__half>(void const*, __half*, int) [clone .kd]",4,1,485,149960,149960,229376,32,0,0,12,0,16,64,"0x0","0x7dddb3bd2b80",7172732926201,7172853152672,7172853177116,7172853182606,24444
487,"void flash_attn_tile<256, 256, 4, 6, false>(char const*, char const*, char const*, char const*, char const*, int const*, float*, HIP_vector_type<float, 2u>*, float, float, float, float, unsigned int, float, int, HIP_vector_type<unsigned int, 3u>, int, int, int, int, int, int, int, int, int, int, int, long, int, int, long, int, int, int, int, int, long) [clone .kd]",4,1,486,149960,149960,21504,384,32768,1432,128,0,48,64,"0x0","0x7ddd5e587e80",7172732928521,7172853400226,7172853947185,7172853966454,546959
488,"void flash_attn_combine_results<256>(float const*, HIP_vector_type<float, 2u> const*, float*, int) [clone .kd]",4,1,487,149960,149960,6144,256,512,0,20,0,32,64,"0x0","0x7ddd5e587cc0",7172732930299,7172853968666,7172853997703,7172854004756,29037
489,"void dequantize_block_q4_0<__half>(void const*, __half*, int) [clone .kd]",4,1,488,149960,149960,229376,32,0,0,12,0,16,64,"0x0","0x7dddb3bd2b80",7172732932186,7172853997703,7172854022740,7172854028052,25037
490,"void dequantize_block_q4_0<__half>(void const*, __half*, int) [clone .kd]",4,1,489,149960,149960,229376,32,0,0,12,0,16,64,"0x0","0x7dddb3bd2b80",7172732933842,7172854022740,7172854047184,7172854053313,24444
491,"void flash_attn_tile<256, 256, 4, 2, false>(char const*, char const*, char const*, char const*, char const*, int const*, float*, HIP_vector_type<float, 2u>*, float, float, float, float, unsigned int, float, int, HIP_vector_type<unsigned int, 3u>, int, int, int, int, int, int, int, int, int, int, int, long, int, int, long, int, int, int, int, int, long) [clone .kd]",4,1,490,149960,149960,28416,256,22528,1104,128,0,64,64,"0x0","0x7ddd5e587e00",7172732936311,7172854269997,7172854981696,7172855002915,711699
492,"void flash_attn_combine_results<256>(float const*, HIP_vector_type<float, 2u> const*, float*, int) [clone .kd]",4,1,491,149960,149960,6144,256,512,0,20,0,32,64,"0x0","0x7ddd5e587cc0",7172732937983,7172854981696,7172855004362,7172855014634,22666
493,"void dequantize_block_q4_0<__half>(void const*, __half*, int) [clone .kd]",4,1,492,149960,149960,229376,32,0,0,12,0,16,64,"0x0","0x7dddb3bd2b80",7172732939773,7172855004362,7172855029251,7172855034954,24889
494,"void dequantize_block_q4_0<__half>(void const*, __half*, int) [clone .kd]",4,1,493,149960,149960,229376,32,0,0,12,0,16,64,"0x0","0x7dddb3bd2b80",7172732941451,7172855029251,7172855054139,7172855059631,24888
495,"void flash_attn_tile<256, 256, 4, 6, false>(char const*, char const*, char const*, char const*, char const*, int const*, float*, HIP_vector_type<float, 2u>*, float, float, float, float, unsigned int, float, int, HIP_vector_type<unsigned int, 3u>, int, int, int, int, int, int, int, int, int, int, int, long, int, int, long, int, int, int, int, int, long) [clone .kd]",4,1,494,149960,149960,21504,384,32768,1432,128,0,48,64,"0x0","0x7ddd5e587e80",7172732943919,7172855277545,7172855833097,7172855852078,555552
496,"void flash_attn_combine_results<256>(float const*, HIP_vector_type<float, 2u> const*, float*, int) [clone .kd]",4,1,495,149960,149960,6144,256,512,0,20,0,32,64,"0x0","0x7ddd5e587cc0",7172732945763,7172855912800,7172855944948,7172855950652,32148
497,"void dequantize_block_q4_0<__half>(void const*, __half*, int) [clone .kd]",4,1,496,149960,149960,229376,32,0,0,12,0,16,64,"0x0","0x7dddb3bd2b80",7172732947729,7172855944948,7172855973096,7172855978430,28148
498,"void dequantize_block_q4_0<__half>(void const*, __half*, int) [clone .kd]",4,1,497,149960,149960,229376,32,0,0,12,0,16,64,"0x0","0x7dddb3bd2b80",7172732949425,7172855973096,7172856000503,7172856006663,27407
499,"void flash_attn_tile<256, 256, 4, 2, false>(char const*, char const*, char const*, char const*, char const*, int const*, float*, HIP_vector_type<float, 2u>*, float, float, float, float, unsigned int, float, int, HIP_vector_type<unsigned int, 3u>, int, int, int, int, int, int, int, int, int, int, int, long, int, int, long, int, int, int, int, int, long) [clone .kd]",4,1,498,149960,149960,28416,256,22528,1104,128,0,64,64,"0x0","0x7ddd5e587e00",7172732951680,7172856248205,7172857033088,7172857053106,784883
500,"void flash_attn_combine_results<256>(float const*, HIP_vector_type<float, 2u> const*, float*, int) [clone .kd]",4,1,499,149960,149960,6144,256,512,0,20,0,32,64,"0x0","0x7ddd5e587cc0",7172732953470,7172857033088,7172857058865,7172857065944,25777
501,"void dequantize_block_q4_0<__half>(void const*, __half*, int) [clone .kd]",4,1,500,149960,149960,229376,32,0,0,12,0,16,64,"0x0","0x7dddb3bd2b80",7172732955256,7172857058865,7172857086717,7172857092104,27852
502,"void dequantize_block_q4_0<__half>(void const*, __half*, int) [clone .kd]",4,1,501,149960,149960,229376,32,0,0,12,0,16,64,"0x0","0x7dddb3bd2b80",7172732956952,7172857086717,7172857113828,7172857120126,27111
503,"void flash_attn_tile<256, 256, 4, 6, false>(char const*, char const*, char const*, char const*, char const*, int const*, float*, HIP_vector_type<float, 2u>*, float, float, float, float, unsigned int, float, int, HIP_vector_type<unsigned int, 3u>, int, int, int, int, int, int, int, int, int, int, int, long, int, int, long, int, int, int, int, int, long) [clone .kd]",4,1,502,149960,149960,21504,384,32768,1432,128,0,48,64,"0x0","0x7ddd5e587e80",7172732959347,7172857362122,7172857973821,7172857994715,611699
504,"void flash_attn_combine_results<256>(float const*, HIP_vector_type<float, 2u> const*, float*, int) [clone .kd]",4,1,503,149960,149960,6144,256,512,0,20,0,32,64,"0x0","0x7ddd5e587cc0",7172732961275,7172858044636,7172858073228,7172858079170,28592
505,"void dequantize_block_q4_0<__half>(void const*, __half*, int) [clone .kd]",4,1,504,149960,149960,229376,32,0,0,12,0,16,64,"0x0","0x7dddb3bd2b80",7172732963150,7172858073228,7172858098117,7172858103857,24889
506,"void dequantize_block_q4_0<__half>(void const*, __half*, int) [clone .kd]",4,1,505,149960,149960,229376,32,0,0,12,0,16,64,"0x0","0x7dddb3bd2b80",7172732964776,7172858098117,7172858122561,7172858128136,24444
507,"void flash_attn_tile<256, 256, 4, 2, false>(char const*, char const*, char const*, char const*, char const*, int const*, float*, HIP_vector_type<float, 2u>*, float, float, float, float, unsigned int, float, int, HIP_vector_type<unsigned int, 3u>, int, int, int, int, int, int, int, int, int, int, int, long, int, int, long, int, int, int, int, int, long) [clone .kd]",4,1,506,149960,149960,28416,256,22528,1104,128,0,64,64,"0x0","0x7ddd5e587e00",7172732967249,7172858345522,7172859064332,7172859085360,718810
508,"void flash_attn_combine_results<256>(float const*, HIP_vector_type<float, 2u> const*, float*, int) [clone .kd]",4,1,507,149960,149960,6144,256,512,0,20,0,32,64,"0x0","0x7ddd5e587cc0",7172732968925,7172859064332,7172859087146,7172859097207,22814
509,"void dequantize_block_q4_0<__half>(void const*, __half*, int) [clone .kd]",4,1,508,149960,149960,229376,32,0,0,12,0,16,64,"0x0","0x7dddb3bd2b80",7172732970666,7172859087146,7172859112183,7172859117450,25037
510,"void dequantize_block_q4_0<__half>(void const*, __half*, int) [clone .kd]",4,1,509,149960,149960,229376,32,0,0,12,0,16,64,"0x0","0x7dddb3bd2b80",7172732976715,7172859112183,7172859136924,7172859142884,24741
511,"void flash_attn_tile<256, 256, 4, 6, false>(char const*, char const*, char const*, char const*, char const*, int const*, float*, HIP_vector_type<float, 2u>*, float, float, float, float, unsigned int, float, int, HIP_vector_type<unsigned int, 3u>, int, int, int, int, int, int, int, int, int, int, int, long, int, int, long, int, int, int, int, int, long) [clone .kd]",4,1,510,149960,149960,21504,384,32768,1432,128,0,48,64,"0x0","0x7ddd5e587e80",7172732979120,7172859359885,7172859904918,7172859923018,545033
512,"void flash_attn_combine_results<256>(float const*, HIP_vector_type<float, 2u> const*, float*, int) [clone .kd]",4,1,511,149960,149960,6144,256,512,0,20,0,32,64,"0x0","0x7ddd5e587cc0",7172732980969,7172859928622,7172859957214,7172859962840,28592
513,"void dequantize_block_q4_0<__half>(void const*, __half*, int) [clone .kd]",4,1,512,149960,149960,229376,32,0,0,12,0,16,64,"0x0","0x7dddb3bd2b80",7172732983013,7172859957214,7172859982103,7172859987496,24889
514,"void dequantize_block_q4_0<__half>(void const*, __half*, int) [clone .kd]",4,1,513,149960,149960,229376,32,0,0,12,0,16,64,"0x0","0x7dddb3bd2b80",7172732987522,7172859982103,7172860006547,7172860012377,24444
515,"void flash_attn_tile<256, 256, 4, 2, false>(char const*, char const*, char const*, char const*, char const*, int const*, float*, HIP_vector_type<float, 2u>*, float, float, float, float, unsigned int, float, int, HIP_vector_type<unsigned int, 3u>, int, int, int, int, int, int, int, int, int, int, int, long, int, int, long, int, int, int, int, int, long) [clone .kd]",4,1,514,149960,149960,28416,256,22528,1104,128,0,64,64,"0x0","0x7ddd5e587e00",7172732989986,7172860229360,7172860966688,7172860985501,737328
516,"void flash_attn_combine_results<256>(float const*, HIP_vector_type<float, 2u> const*, float*, int) [clone .kd]",4,1,515,149960,149960,6144,256,512,0,20,0,32,64,"0x0","0x7ddd5e587cc0",7172732991749,7172860966688,7172860991725,7172860997119,25037
517,"void dequantize_block_q4_0<__half>(void const*, __half*, int) [clone .kd]",4,1,516,149960,149960,229376,32,0,0,12,0,16,64,"0x0","0x7dddb3bd2b80",7172732993926,7172860991725,7172861019132,7172861024686,27407
518,"void dequantize_block_q4_0<__half>(void const*, __half*, int) [clone .kd]",4,1,517,149960,149960,229376,32,0,0,12,0,16,64,"0x0","0x7dddb3bd2b80",7172732995489,7172861019132,7172861046539,7172861052272,27407
519,"void flash_attn_tile<256, 256, 4, 6, false>(char const*, char const*, char const*, char const*, char const*, int const*, float*, HIP_vector_type<float, 2u>*, float, float, float, float, unsigned int, float, int, HIP_vector_type<unsigned int, 3u>, int, int, int, int, int, int, int, int, int, int, int, long, int, int, long, int, int, int, int, int, long) [clone .kd]",4,1,518,149960,149960,21504,384,32768,1432,128,0,48,64,"0x0","0x7ddd5e587e80",7172732997860,7172861294537,7172861895718,7172861913733,601181
520,"void flash_attn_combine_results<256>(float const*, HIP_vector_type<float, 2u> const*, float*, int) [clone .kd]",4,1,519,149960,149960,6144,256,512,0,20,0,32,64,"0x0","0x7ddd5e587cc0",7172732999880,7172861927273,7172861959866,7172861965932,32593
521,"void dequantize_block_q4_0<__half>(void const*, __half*, int) [clone .kd]",4,1,520,149960,149960,229376,32,0,0,12,0,16,64,"0x0","0x7dddb3bd2b80",7172733003988,7172861959866,7172861987421,7172861992930,27555
522,"void dequantize_block_q4_0<__half>(void const*, __half*, int) [clone .kd]",4,1,521,149960,149960,229376,32,0,0,12,0,16,64,"0x0","0x7dddb3bd2b80",7172733005858,7172861987421,7172862014680,7172862020191,27259
523,"void flash_attn_tile<256, 256, 4, 2, false>(char const*, char const*, char const*, char const*, char const*, int const*, float*, HIP_vector_type<float, 2u>*, float, float, float, float, unsigned int, float, int, HIP_vector_type<unsigned int, 3u>, int, int, int, int, int, int, int, int, int, int, int, long, int, int, long, int, int, int, int, int, long) [clone .kd]",4,1,522,149960,149960,28416,256,22528,1104,128,0,64,64,"0x0","0x7ddd5e587e00",7172733008157,7172862262382,7172863059857,7172863078350,797475
524,"void flash_attn_combine_results<256>(float const*, HIP_vector_type<float, 2u> const*, float*, int) [clone .kd]",4,1,523,149960,149960,6144,256,512,0,20,0,32,64,"0x0","0x7ddd5e587cc0",7172733009860,7172863059857,7172863082376,7172863088921,22519
525,"void dequantize_block_q4_0<__half>(void const*, __half*, int) [clone .kd]",4,1,524,149960,149960,229376,32,0,0,12,0,16,64,"0x0","0x7dddb3bd2b80",7172733011747,7172863082376,7172863107413,7172863113118,25037
526,"void dequantize_block_q4_0<__half>(void const*, __half*, int) [clone .kd]",4,1,525,149960,149960,229376,32,0,0,12,0,16,64,"0x0","0x7dddb3bd2b80",7172733013352,7172863107413,7172863132153,7172863138250,24740
527,"void flash_attn_tile<256, 256, 4, 6, false>(char const*, char const*, char const*, char const*, char const*, int const*, float*, HIP_vector_type<float, 2u>*, float, float, float, float, unsigned int, float, int, HIP_vector_type<unsigned int, 3u>, int, int, int, int, int, int, int, int, int, int, int, long, int, int, long, int, int, int, int, int, long) [clone .kd]",4,1,526,149960,149960,21504,384,32768,1432,128,0,48,64,"0x0","0x7ddd5e587e80",7172733015951,7172863355411,7172863900888,7172863918149,545477
528,"void flash_attn_combine_results<256>(float const*, HIP_vector_type<float, 2u> const*, float*, int) [clone .kd]",4,1,527,149960,149960,6144,256,512,0,20,0,32,64,"0x0","0x7ddd5e587cc0",7172733017868,7172863924740,7172863953480,7172863959443,28740
529,"void dequantize_block_q4_0<__half>(void const*, __half*, int) [clone .kd]",4,1,528,149960,149960,229376,32,0,0,12,0,16,64,"0x0","0x7dddb3bd2b80",7172733019789,7172863953480,7172863978665,7172863984595,25185
530,"void dequantize_block_q4_0<__half>(void const*, __half*, int) [clone .kd]",4,1,529,149960,149960,229376,32,0,0,12,0,16,64,"0x0","0x7dddb3bd2b80",7172733021417,7172863978665,7172864003258,7172864008852,24593
531,"void flash_attn_tile<256, 256, 4, 2, false>(char const*, char const*, char const*, char const*, char const*, int const*, float*, HIP_vector_type<float, 2u>*, float, float, float, float, unsigned int, float, int, HIP_vector_type<unsigned int, 3u>, int, int, int, int, int, int, int, int, int, int, int, long, int, int, long, int, int, int, int, int, long) [clone .kd]",4,1,530,149960,149960,28416,256,22528,1104,128,0,64,64,"0x0","0x7ddd5e587e00",7172733023806,7172864226219,7172864969176,7172864986561,742957
532,"void flash_attn_combine_results<256>(float const*, HIP_vector_type<float, 2u> const*, float*, int) [clone .kd]",4,1,531,149960,149960,6144,256,512,0,20,0,32,64,"0x0","0x7ddd5e587cc0",7172733025554,7172864969176,7172864994361,7172865001456,25185
533,"void dequantize_block_q4_0<__half>(void const*, __half*, int) [clone .kd]",4,1,532,149960,149960,229376,32,0,0,12,0,16,64,"0x0","0x7dddb3bd2b80",7172733027256,7172864994361,7172865022065,7172865028319,27704
534,"void dequantize_block_q4_0<__half>(void const*, __half*, int) [clone .kd]",4,1,533,149960,149960,229376,32,0,0,12,0,16,64,"0x0","0x7dddb3bd2b80",7172733028934,7172865022065,7172865049176,7172865055169,27111
535,"void flash_attn_tile<256, 256, 4, 6, false>(char const*, char const*, char const*, char const*, char const*, int const*, float*, HIP_vector_type<float, 2u>*, float, float, float, float, unsigned int, float, int, HIP_vector_type<unsigned int, 3u>, int, int, int, int, int, int, int, int, int, int, int, long, int, int, long, int, int, int, int, int, long) [clone .kd]",4,1,534,149960,149960,21504,384,32768,1432,128,0,48,64,"0x0","0x7ddd5e587e80",7172733031174,7172865297174,7172865899243,7172865917302,602069
536,"void flash_attn_combine_results<256>(float const*, HIP_vector_type<float, 2u> const*, float*, int) [clone .kd]",4,1,535,149960,149960,6144,256,512,0,20,0,32,64,"0x0","0x7ddd5e587cc0",7172733033098,7172865929465,7172865961021,7172865966953,31556
537,"void dequantize_block_q4_0<__half>(void const*, __half*, int) [clone .kd]",4,1,536,149960,149960,229376,32,0,0,12,0,16,64,"0x0","0x7dddb3bd2b80",7172733035019,7172865961021,7172865988576,7172865994123,27555
538,"void dequantize_block_q4_0<__half>(void const*, __half*, int) [clone .kd]",4,1,537,149960,149960,229376,32,0,0,12,0,16,64,"0x0","0x7dddb3bd2b80",7172733036705,7172865988576,7172866015835,7172866021269,27259
539,"void flash_attn_tile<256, 256, 4, 2, false>(char const*, char const*, char const*, char const*, char const*, int const*, float*, HIP_vector_type<float, 2u>*, float, float, float, float, unsigned int, float, int, HIP_vector_type<unsigned int, 3u>, int, int, int, int, int, int, int, int, int, int, int, long, int, int, long, int, int, int, int, int, long) [clone .kd]",4,1,538,149960,149960,28416,256,22528,1104,128,0,64,64,"0x0","0x7ddd5e587e00",7172733039128,7172866263537,7172867044272,7172867062916,780735
540,"void flash_attn_combine_results<256>(float const*, HIP_vector_type<float, 2u> const*, float*, int) [clone .kd]",4,1,539,149960,149960,6144,256,512,0,20,0,32,64,"0x0","0x7ddd5e587cc0",7172733041004,7172867044272,7172867066790,7172867073390,22518
541,"void dequantize_block_q4_0<__half>(void const*, __half*, int) [clone .kd]",4,1,540,149960,149960,229376,32,0,0,12,0,16,64,"0x0","0x7dddb3bd2b80",7172733042855,7172867066790,7172867091531,7172867097343,24741
542,"void dequantize_block_q4_0<__half>(void const*, __half*, int) [clone .kd]",4,1,541,149960,149960,229376,32,0,0,12,0,16,64,"0x0","0x7dddb3bd2b80",7172733044406,7172867091531,7172867116271,7172867121704,24740
543,"void flash_attn_tile<256, 256, 4, 6, false>(char const*, char const*, char const*, char const*, char const*, int const*, float*, HIP_vector_type<float, 2u>*, float, float, float, float, unsigned int, float, int, HIP_vector_type<unsigned int, 3u>, int, int, int, int, int, int, int, int, int, int, int, long, int, int, long, int, int, int, int, int, long) [clone .kd]",4,1,542,149960,149960,21504,384,32768,1432,128,0,48,64,"0x0","0x7ddd5e587e80",7172733046667,7172867339381,7172867888562,7172867905990,549181
544,"void flash_attn_combine_results<256>(float const*, HIP_vector_type<float, 2u> const*, float*, int) [clone .kd]",4,1,543,149960,149960,6144,256,512,0,20,0,32,64,"0x0","0x7ddd5e587cc0",7172733048482,7172867908562,7172867936710,7172867942218,28148
545,"void dequantize_block_q4_0<__half>(void const*, __half*, int) [clone .kd]",4,1,544,149960,149960,229376,32,0,0,12,0,16,64,"0x0","0x7dddb3bd2b80",7172733050741,7172867936710,7172867961895,7172867967477,25185
546,"void dequantize_block_q4_0<__half>(void const*, __half*, int) [clone .kd]",4,1,545,149960,149960,229376,32,0,0,12,0,16,64,"0x0","0x7dddb3bd2b80",7172733052466,7172867961895,7172867986487,7172867992340,24592
547,"void flash_attn_tile<256, 256, 4, 2, false>(char const*, char const*, char const*, char const*, char const*, int const*, float*, HIP_vector_type<float, 2u>*, float, float, float, float, unsigned int, float, int, HIP_vector_type<unsigned int, 3u>, int, int, int, int, int, int, int, int, int, int, int, long, int, int, long, int, int, int, int, int, long) [clone .kd]",4,1,546,149960,149960,28416,256,22528,1104,128,0,64,64,"0x0","0x7ddd5e587e00",7172733054892,7172868209152,7172868954184,7172868972594,745032
548,"void flash_attn_combine_results<256>(float const*, HIP_vector_type<float, 2u> const*, float*, int) [clone .kd]",4,1,547,149960,149960,6144,256,512,0,20,0,32,64,"0x0","0x7ddd5e587cc0",7172733056759,7172868954184,7172868979072,7172868984839,24888
549,"void dequantize_block_q4_0<__half>(void const*, __half*, int) [clone .kd]",4,1,548,149960,149960,229376,32,0,0,12,0,16,64,"0x0","0x7dddb3bd2b80",7172733058631,7172868979072,7172869006628,7172869012184,27556
550,"void dequantize_block_q4_0<__half>(void const*, __half*, int) [clone .kd]",4,1,549,149960,149960,229376,32,0,0,12,0,16,64,"0x0","0x7dddb3bd2b80",7172733060242,7172869006628,7172869033590,7172869039148,26962
551,"void flash_attn_tile<256, 256, 4, 6, false>(char const*, char const*, char const*, char const*, char const*, int const*, float*, HIP_vector_type<float, 2u>*, float, float, float, float, unsigned int, float, int, HIP_vector_type<unsigned int, 3u>, int, int, int, int, int, int, int, int, int, int, int, long, int, int, long, int, int, int, int, int, long) [clone .kd]",4,1,550,149960,149960,21504,384,32768,1432,128,0,48,64,"0x0","0x7ddd5e587e80",7172733062478,7172869281440,7172869886028,7172869904314,604588
552,"void flash_attn_combine_results<256>(float const*, HIP_vector_type<float, 2u> const*, float*, int) [clone .kd]",4,1,551,149960,149960,6144,256,512,0,20,0,32,64,"0x0","0x7ddd5e587cc0",7172733064141,7172869912102,7172869943954,7172869949791,31852
553,"void dequantize_block_q4_0<__half>(void const*, __half*, int) [clone .kd]",4,1,552,149960,149960,229376,32,0,0,12,0,16,64,"0x0","0x7dddb3bd2b80",7172733065936,7172869943954,7172869971954,7172869978142,28000
554,"void dequantize_block_q4_0<__half>(void const*, __half*, int) [clone .kd]",4,1,553,149960,149960,229376,32,0,0,12,0,16,64,"0x0","0x7dddb3bd2b80",7172733067679,7172869971954,7172869999213,7172870004558,27259
555,"void flash_attn_tile<256, 256, 4, 2, false>(char const*, char const*, char const*, char const*, char const*, int const*, float*, HIP_vector_type<float, 2u>*, float, float, float, float, unsigned int, float, int, HIP_vector_type<unsigned int, 3u>, int, int, int, int, int, int, int, int, int, int, int, long, int, int, long, int, int, int, int, int, long) [clone .kd]",4,1,554,149960,149960,28416,256,22528,1104,128,0,64,64,"0x0","0x7ddd5e587e00",7172733070062,7172870247063,7172871027946,7172871045959,780883
556,"void flash_attn_combine_results<256>(float const*, HIP_vector_type<float, 2u> const*, float*, int) [clone .kd]",4,1,555,149960,149960,6144,256,512,0,20,0,32,64,"0x0","0x7ddd5e587cc0",7172733071860,7172871027946,7172871049723,7172871055840,21777
557,"void dequantize_block_q4_0<__half>(void const*, __half*, int) [clone .kd]",4,1,556,149960,149960,229376,32,0,0,12,0,16,64,"0x0","0x7dddb3bd2b80",7172733073702,7172871049723,7172871074464,7172871080356,24741
558,"void dequantize_block_q4_0<__half>(void const*, __half*, int) [clone .kd]",4,1,557,149960,149960,229376,32,0,0,12,0,16,64,"0x0","0x7dddb3bd2b80",7172733075302,7172871074464,7172871099056,7172871104969,24592
559,"void flash_attn_tile<256, 256, 4, 6, false>(char const*, char const*, char const*, char const*, char const*, int const*, float*, HIP_vector_type<float, 2u>*, float, float, float, float, unsigned int, float, int, HIP_vector_type<unsigned int, 3u>, int, int, int, int, int, int, int, int, int, int, int, long, int, int, long, int, int, int, int, int, long) [clone .kd]",4,1,558,149960,149960,21504,384,32768,1432,128,0,48,64,"0x0","0x7ddd5e587e80",7172733077573,7172871322314,7172871868828,7172871885909,546514
560,"void flash_attn_combine_results<256>(float const*, HIP_vector_type<float, 2u> const*, float*, int) [clone .kd]",4,1,559,149960,149960,6144,256,512,0,20,0,32,64,"0x0","0x7ddd5e587cc0",7172733079266,7172871890606,7172871919939,7172871925458,29333
561,"void dequantize_block_q4_0<__half>(void const*, __half*, int) [clone .kd]",4,1,560,149960,149960,229376,32,0,0,12,0,16,64,"0x0","0x7dddb3bd2b80",7172733081073,7172871919939,7172871944828,7172871950406,24889
562,"void dequantize_block_q4_0<__half>(void const*, __half*, int) [clone .kd]",4,1,561,149960,149960,229376,32,0,0,12,0,16,64,"0x0","0x7dddb3bd2b80",7172733082709,7172871944828,7172871969420,7172871975573,24592
563,"void flash_attn_tile<256, 256, 4, 2, false>(char const*, char const*, char const*, char const*, char const*, int const*, float*, HIP_vector_type<float, 2u>*, float, float, float, float, unsigned int, float, int, HIP_vector_type<unsigned int, 3u>, int, int, int, int, int, int, int, int, int, int, int, long, int, int, long, int, int, int, int, int, long) [clone .kd]",4,1,562,149960,149960,28416,256,22528,1104,128,0,64,64,"0x0","0x7ddd5e587e00",7172733085088,7172872192826,7172872929265,7172872945961,736439
564,"void flash_attn_combine_results<256>(float const*, HIP_vector_type<float, 2u> const*, float*, int) [clone .kd]",4,1,563,149960,149960,6144,256,512,0,20,0,32,64,"0x0","0x7ddd5e587cc0",7172733086902,7172872929265,7172872953413,7172872959194,24148
565,"void dequantize_block_q4_0<__half>(void const*, __half*, int) [clone .kd]",4,1,564,149960,149960,229376,32,0,0,12,0,16,64,"0x0","0x7dddb3bd2b80",7172733088808,7172872953413,7172872981413,7172872986954,28000
566,"void dequantize_block_q4_0<__half>(void const*, __half*, int) [clone .kd]",4,1,565,149960,149960,229376,32,0,0,12,0,16,64,"0x0","0x7dddb3bd2b80",7172733090473,7172872981413,7172873008524,7172873014234,27111
567,"void flash_attn_tile<256, 256, 4, 6, false>(char const*, char const*, char const*, char const*, char const*, int const*, float*, HIP_vector_type<float, 2u>*, float, float, float, float, unsigned int, float, int, HIP_vector_type<unsigned int, 3u>, int, int, int, int, int, int, int, int, int, int, int, long, int, int, long, int, int, int, int, int, long) [clone .kd]",4,1,566,149960,149960,21504,384,32768,1432,128,0,48,64,"0x0","0x7ddd5e587e80",7172733092830,7172873256818,7172873859184,7172873876573,602366
568,"void flash_attn_combine_results<256>(float const*, HIP_vector_type<float, 2u> const*, float*, int) [clone .kd]",4,1,567,149960,149960,6144,256,512,0,20,0,32,64,"0x0","0x7ddd5e587cc0",7172733094627,7172873886887,7172873918443,7172873923956,31556
569,"void dequantize_block_q4_0<__half>(void const*, __half*, int) [clone .kd]",4,1,568,149960,149960,229376,32,0,0,12,0,16,64,"0x0","0x7dddb3bd2b80",7172733096547,7172873918443,7172873946146,7172873952051,27703
570,"void dequantize_block_q4_0<__half>(void const*, __half*, int) [clone .kd]",4,1,569,149960,149960,229376,32,0,0,12,0,16,64,"0x0","0x7dddb3bd2b80",7172733098064,7172873946146,7172873973405,7172873979317,27259
571,"void flash_attn_tile<256, 256, 4, 2, false>(char const*, char const*, char const*, char const*, char const*, int const*, float*, HIP_vector_type<float, 2u>*, float, float, float, float, unsigned int, float, int, HIP_vector_type<unsigned int, 3u>, int, int, int, int, int, int, int, int, int, int, int, long, int, int, long, int, int, int, int, int, long) [clone .kd]",4,1,570,149960,149960,28416,256,22528,1104,128,0,64,64,"0x0","0x7ddd5e587e00",7172733100525,7172874221107,7172875011472,7172875028990,790365
572,"void flash_attn_combine_results<256>(float const*, HIP_vector_type<float, 2u> const*, float*, int) [clone .kd]",4,1,571,149960,149960,6144,256,512,0,20,0,32,64,"0x0","0x7ddd5e587cc0",7172733102347,7172875011472,7172875034583,7172875039977,23111
573,"void dequantize_block_q4_0<__half>(void const*, __half*, int) [clone .kd]",4,1,572,149960,149960,229376,32,0,0,12,0,16,64,"0x0","0x7dddb3bd2b80",7172733104240,7172875034583,7172875059323,7172875065144,24740
574,"void dequantize_block_q4_0<__half>(void const*, __half*, int) [clone .kd]",4,1,573,149960,149960,229376,32,0,0,12,0,16,64,"0x0","0x7dddb3bd2b80",7172733108057,7172875059323,7172875083915,7172875089294,24592
575,"void flash_attn_tile<256, 256, 4, 6, false>(char const*, char const*, char const*, char const*, char const*, int const*, float*, HIP_vector_type<float, 2u>*, float, float, float, float, unsigned int, float, int, HIP_vector_type<unsigned int, 3u>, int, int, int, int, int, int, int, int, int, int, int, long, int, int, long, int, int, int, int, int, long) [clone .kd]",4,1,574,149960,149960,21504,384,32768,1432,128,0,48,64,"0x0","0x7ddd5e587e80",7172733110401,7172875307025,7172875853688,7172875870211,546663
576,"void flash_attn_combine_results<256>(float const*, HIP_vector_type<float, 2u> const*, float*, int) [clone .kd]",4,1,575,149960,149960,6144,256,512,0,20,0,32,64,"0x0","0x7ddd5e587cc0",7172733112252,7172875875910,7172875904206,7172875909726,28296
577,"void dequantize_block_q4_0<__half>(void const*, __half*, int) [clone .kd]",4,1,576,149960,149960,229376,32,0,0,12,0,16,64,"0x0","0x7dddb3bd2b80",7172733114183,7172875904206,7172875928946,7172875934679,24740
578,"void dequantize_block_q4_0<__half>(void const*, __half*, int) [clone .kd]",4,1,577,149960,149960,229376,32,0,0,12,0,16,64,"0x0","0x7dddb3bd2b80",7172733115718,7172875928946,7172875953687,7172875959409,24741
579,"void flash_attn_tile<256, 256, 4, 2, false>(char const*, char const*, char const*, char const*, char const*, int const*, float*, HIP_vector_type<float, 2u>*, float, float, float, float, unsigned int, float, int, HIP_vector_type<unsigned int, 3u>, int, int, int, int, int, int, int, int, int, int, int, long, int, int, long, int, int, int, int, int, long) [clone .kd]",4,1,578,149960,149960,28416,256,22528,1104,128,0,64,64,"0x0","0x7ddd5e587e00",7172733117911,7172876176648,7172876897532,7172876914280,720884
580,"void flash_attn_combine_results<256>(float const*, HIP_vector_type<float, 2u> const*, float*, int) [clone .kd]",4,1,579,149960,149960,6144,256,512,0,20,0,32,64,"0x0","0x7ddd5e587cc0",7172733119587,7172876897532,7172876922568,7172876928575,25036
581,"void dequantize_block_q4_0<__half>(void const*, __half*, int) [clone .kd]",4,1,580,149960,149960,229376,32,0,0,12,0,16,64,"0x0","0x7dddb3bd2b80",7172733121543,7172876922568,7172876950124,7172876956141,27556
582,"void dequantize_block_q4_0<__half>(void const*, __half*, int) [clone .kd]",4,1,581,149960,149960,229376,32,0,0,12,0,16,64,"0x0","0x7dddb3bd2b80",7172733123266,7172876950124,7172876977679,7172876983258,27555
583,"void flash_attn_tile<256, 256, 4, 6, false>(char const*, char const*, char const*, char const*, char const*, int const*, float*, HIP_vector_type<float, 2u>*, float, float, float, float, unsigned int, float, int, HIP_vector_type<unsigned int, 3u>, int, int, int, int, int, int, int, int, int, int, int, long, int, int, long, int, int, int, int, int, long) [clone .kd]",4,1,582,149960,149960,21504,384,32768,1432,128,0,48,64,"0x0","0x7ddd5e587e80",7172733125725,7172877225529,7172877830562,7172877847630,605033
584,"void flash_attn_combine_results<256>(float const*, HIP_vector_type<float, 2u> const*, float*, int) [clone .kd]",4,1,583,149960,149960,6144,256,512,0,20,0,32,64,"0x0","0x7ddd5e587cc0",7172733127525,7172877856339,7172877888487,7172877894544,32148
585,"void dequantize_block_q4_0<__half>(void const*, __half*, int) [clone .kd]",4,1,584,149960,149960,229376,32,0,0,12,0,16,64,"0x0","0x7dddb3bd2b80",7172733129511,7172877888487,7172877916487,7172877922338,28000
586,"void dequantize_block_q4_0<__half>(void const*, __half*, int) [clone .kd]",4,1,585,149960,149960,229376,32,0,0,12,0,16,64,"0x0","0x7dddb3bd2b80",7172733131149,7172877916487,7172877943598,7172877949637,27111
587,"void flash_attn_tile<256, 256, 4, 2, false>(char const*, char const*, char const*, char const*, char const*, int const*, float*, HIP_vector_type<float, 2u>*, float, float, float, float, unsigned int, float, int, HIP_vector_type<unsigned int, 3u>, int, int, int, int, int, int, int, int, int, int, int, long, int, int, long, int, int, int, int, int, long) [clone .kd]",4,1,586,149960,149960,28416,256,22528,1104,128,0,64,64,"0x0","0x7ddd5e587e00",7172733133427,7172878191596,7172878991886,7172879010549,800290
588,"void flash_attn_combine_results<256>(float const*, HIP_vector_type<float, 2u> const*, float*, int) [clone .kd]",4,1,587,149960,149960,6144,256,512,0,20,0,32,64,"0x0","0x7ddd5e587cc0",7172733135061,7172878991886,7172879014553,7172879020396,22667
589,"void dequantize_block_q4_0<__half>(void const*, __half*, int) [clone .kd]",4,1,588,149960,149960,229376,32,0,0,12,0,16,64,"0x0","0x7dddb3bd2b80",7172733136701,7172879014553,7172879039441,7172879044882,24888
590,"void dequantize_block_q4_0<__half>(void const*, __half*, int) [clone .kd]",4,1,589,149960,149960,229376,32,0,0,12,0,16,64,"0x0","0x7dddb3bd2b80",7172733138269,7172879039441,7172879063886,7172879069555,24445
591,"void flash_attn_tile<256, 256, 4, 6, false>(char const*, char const*, char const*, char const*, char const*, int const*, float*, HIP_vector_type<float, 2u>*, float, float, float, float, unsigned int, float, int, HIP_vector_type<unsigned int, 3u>, int, int, int, int, int, int, int, int, int, int, int, long, int, int, long, int, int, int, int, int, long) [clone .kd]",4,1,590,149960,149960,21504,384,32768,1432,128,0,48,64,"0x0","0x7ddd5e587e80",7172733140536,7172879287291,7172879835435,7172879851677,548144
592,"void flash_attn_combine_results<256>(float const*, HIP_vector_type<float, 2u> const*, float*, int) [clone .kd]",4,1,591,149960,149960,6144,256,512,0,20,0,32,64,"0x0","0x7ddd5e587cc0",7172733142457,7172879856472,7172879884768,7172879890162,28296
593,"void dequantize_block_q4_0<__half>(void const*, __half*, int) [clone .kd]",4,1,592,149960,149960,229376,32,0,0,12,0,16,64,"0x0","0x7dddb3bd2b80",7172733144346,7172879884768,7172879909805,7172879915445,25037
594,"void dequantize_block_q4_0<__half>(void const*, __half*, int) [clone .kd]",4,1,593,149960,149960,229376,32,0,0,12,0,16,64,"0x0","0x7dddb3bd2b80",7172733146002,7172879909805,7172879934398,7172879940002,24593
595,"void flash_attn_tile<256, 256, 4, 2, false>(char const*, char const*, char const*, char const*, char const*, int const*, float*, HIP_vector_type<float, 2u>*, float, float, float, float, unsigned int, float, int, HIP_vector_type<unsigned int, 3u>, int, int, int, int, int, int, int, int, int, int, int, long, int, int, long, int, int, int, int, int, long) [clone .kd]",4,1,594,149960,149960,28416,256,22528,1104,128,0,64,64,"0x0","0x7ddd5e587e00",7172733148298,7172880157211,7172880888020,7172880904707,730809
596,"void flash_attn_combine_results<256>(float const*, HIP_vector_type<float, 2u> const*, float*, int) [clone .kd]",4,1,595,149960,149960,6144,256,512,0,20,0,32,64,"0x0","0x7ddd5e587cc0",7172733150220,7172880888020,7172880912909,7172880918711,24889
597,"void dequantize_block_q4_0<__half>(void const*, __half*, int) [clone .kd]",4,1,596,149960,149960,229376,32,0,0,12,0,16,64,"0x0","0x7dddb3bd2b80",7172733152096,7172880912909,7172880940909,7172880946692,28000
598,"void dequantize_block_q4_0<__half>(void const*, __half*, int) [clone .kd]",4,1,597,149960,149960,229376,32,0,0,12,0,16,64,"0x0","0x7dddb3bd2b80",7172733153618,7172880940909,7172880968464,7172880974374,27555
599,"void flash_attn_tile<256, 256, 4, 6, false>(char const*, char const*, char const*, char const*, char const*, int const*, float*, HIP_vector_type<float, 2u>*, float, float, float, float, unsigned int, float, int, HIP_vector_type<unsigned int, 3u>, int, int, int, int, int, int, int, int, int, int, int, long, int, int, long, int, int, int, int, int, long) [clone .kd]",4,1,598,149960,149960,21504,384,32768,1432,128,0,48,64,"0x0","0x7ddd5e587e80",7172733155875,7172881217055,7172881820310,7172881836103,603255
600,"void flash_attn_combine_results<256>(float const*, HIP_vector_type<float, 2u> const*, float*, int) [clone .kd]",4,1,599,149960,149960,6144,256,512,0,20,0,32,64,"0x0","0x7ddd5e587cc0",7172733157751,7172881847569,7172881879420,7172881884970,31851
601,"void dequantize_block_q4_0<__half>(void const*, __half*, int) [clone .kd]",4,1,600,149960,149960,229376,32,0,0,12,0,16,64,"0x0","0x7dddb3bd2b80",7172733159649,7172881879420,7172881907124,7172881912799,27704
602,"void dequantize_block_q4_0<__half>(void const*, __half*, int) [clone .kd]",4,1,601,149960,149960,229376,32,0,0,12,0,16,64,"0x0","0x7dddb3bd2b80",7172733161287,7172881907124,7172881934679,7172881939932,27555
603,"void flash_attn_tile<256, 256, 4, 2, false>(char const*, char const*, char const*, char const*, char const*, int const*, float*, HIP_vector_type<float, 2u>*, float, float, float, float, unsigned int, float, int, HIP_vector_type<unsigned int, 3u>, int, int, int, int, int, int, int, int, int, int, int, long, int, int, long, int, int, int, int, int, long) [clone .kd]",4,1,602,149960,149960,28416,256,22528,1104,128,0,64,64,"0x0","0x7ddd5e587e00",7172733163626,7172882182381,7172882973190,7172882989466,790809
604,"void flash_attn_combine_results<256>(float const*, HIP_vector_type<float, 2u> const*, float*, int) [clone .kd]",4,1,603,149960,149960,6144,256,512,0,20,0,32,64,"0x0","0x7ddd5e587cc0",7172733165481,7172882973190,7172882995264,7172883002031,22074
605,"void dequantize_block_q4_0<__half>(void const*, __half*, int) [clone .kd]",4,1,604,149960,149960,229376,32,0,0,12,0,16,64,"0x0","0x7dddb3bd2b80",7172733167373,7172882995264,7172883020152,7172883025708,24888
606,"void dequantize_block_q4_0<__half>(void const*, __half*, int) [clone .kd]",4,1,605,149960,149960,229376,32,0,0,12,0,16,64,"0x0","0x7dddb3bd2b80",7172733169046,7172883020152,7172883044893,7172883050464,24741
607,"void flash_attn_tile<256, 256, 4, 6, false>(char const*, char const*, char const*, char const*, char const*, int const*, float*, HIP_vector_type<float, 2u>*, float, float, float, float, unsigned int, float, int, HIP_vector_type<unsigned int, 3u>, int, int, int, int, int, int, int, int, int, int, int, long, int, int, long, int, int, int, int, int, long) [clone .kd]",4,1,606,149960,149960,21504,384,32768,1432,128,0,48,64,"0x0","0x7ddd5e587e80",7172733171284,7172883270268,7172883817824,7172883834761,547556
608,"void flash_attn_combine_results<256>(float const*, HIP_vector_type<float, 2u> const*, float*, int) [clone .kd]",4,1,607,149960,149960,6144,256,512,0,20,0,32,64,"0x0","0x7ddd5e587cc0",7172733172911,7172883839749,7172883868786,7172883871960,29037
609,"void dequantize_block_q4_0<__half>(void const*, __half*, int) [clone .kd]",4,1,608,149960,149960,229376,32,0,0,12,0,16,64,"0x0","0x7dddb3bd2b80",7172733174692,7172883868786,7172883893823,7172883897337,25037
610,"void dequantize_block_q4_0<__half>(void const*, __half*, int) [clone .kd]",4,1,609,149960,149960,229376,32,0,0,12,0,16,64,"0x0","0x7dddb3bd2b80",7172733176252,7172883893823,7172883918415,7172883921488,24592
611,"void flash_attn_tile<256, 256, 4, 2, false>(char const*, char const*, char const*, char const*, char const*, int const*, float*, HIP_vector_type<float, 2u>*, float, float, float, float, unsigned int, float, int, HIP_vector_type<unsigned int, 3u>, int, int, int, int, int, int, int, int, int, int, int, long, int, int, long, int, int, int, int, int, long) [clone .kd]",4,1,610,149960,149960,28416,256,22528,1104,128,0,64,64,"0x0","0x7ddd5e587e00",7172733178474,7172884141082,7172884865526,7172884879195,724444
612,"void flash_attn_combine_results<256>(float const*, HIP_vector_type<float, 2u> const*, float*, int) [clone .kd]",4,1,611,149960,149960,6144,256,512,0,20,0,32,64,"0x0","0x7ddd5e587cc0",7172733180336,7172884865526,7172884900489,7172884903532,34963
613,"void dequantize_block_q4_0<__half>(void const*, __half*, int) [clone .kd]",4,1,612,149960,149960,229376,32,0,0,12,0,16,64,"0x0","0x7dddb3bd2b80",7172733182204,7172884900489,7172884928193,7172884931559,27704
614,"void dequantize_block_q4_0<__half>(void const*, __half*, int) [clone .kd]",4,1,613,149960,149960,229376,32,0,0,12,0,16,64,"0x0","0x7dddb3bd2b80",7172733183876,7172884928193,7172884955896,7172884959511,27703
615,"void flash_attn_tile<256, 256, 4, 6, false>(char const*, char const*, char const*, char const*, char const*, int const*, float*, HIP_vector_type<float, 2u>*, float, float, float, float, unsigned int, float, int, HIP_vector_type<unsigned int, 3u>, int, int, int, int, int, int, int, int, int, int, int, long, int, int, long, int, int, int, int, int, long) [clone .kd]",4,1,614,149960,149960,21504,384,32768,1432,128,0,48,64,"0x0","0x7ddd5e587e80",7172733186215,7172885204044,7172885807748,7172885821310,603704
616,"void flash_attn_combine_results<256>(float const*, HIP_vector_type<float, 2u> const*, float*, int) [clone .kd]",4,1,615,149960,149960,6144,256,512,0,20,0,32,64,"0x0","0x7ddd5e587cc0",7172733187979,7172885835007,7172885867007,7172885870174,32000
617,"void dequantize_block_q4_0<__half>(void const*, __half*, int) [clone .kd]",4,1,616,149960,149960,229376,32,0,0,12,0,16,64,"0x0","0x7dddb3bd2b80",7172733189838,7172885867007,7172885895007,7172885898672,28000
618,"void dequantize_block_q4_0<__half>(void const*, __half*, int) [clone .kd]",4,1,617,149960,149960,229376,32,0,0,12,0,16,64,"0x0","0x7dddb3bd2b80",7172733191300,7172885895007,7172885922266,7172885925821,27259
619,"void flash_attn_tile<256, 256, 4, 2, false>(char const*, char const*, char const*, char const*, char const*, int const*, float*, HIP_vector_type<float, 2u>*, float, float, float, float, unsigned int, float, int, HIP_vector_type<unsigned int, 3u>, int, int, int, int, int, int, int, int, int, int, int, long, int, int, long, int, int, int, int, int, long) [clone .kd]",4,1,618,149960,149960,28416,256,22528,1104,128,0,64,64,"0x0","0x7ddd5e587e00",7172733193545,7172886169970,7172886960044,7172886973641,790074
620,"void flash_attn_combine_results<256>(float const*, HIP_vector_type<float, 2u> const*, float*, int) [clone .kd]",4,1,619,149960,149960,6144,256,512,0,20,0,32,64,"0x0","0x7ddd5e587cc0",7172733195324,7172886960044,7172886982266,7172886985456,22222
621,"void dequantize_block_q4_0<__half>(void const*, __half*, int) [clone .kd]",4,1,620,149960,149960,229376,32,0,0,12,0,16,64,"0x0","0x7dddb3bd2b80",7172733196999,7172886982266,7172887007451,7172887010415,25185
622,"void dequantize_block_q4_0<__half>(void const*, __half*, int) [clone .kd]",4,1,621,149960,149960,229376,32,0,0,12,0,16,64,"0x0","0x7dddb3bd2b80",7172733198666,7172887007451,7172887032044,7172887035169,24593
623,"void flash_attn_tile<256, 256, 4, 6, false>(char const*, char const*, char const*, char const*, char const*, int const*, float*, HIP_vector_type<float, 2u>*, float, float, float, float, unsigned int, float, int, HIP_vector_type<unsigned int, 3u>, int, int, int, int, int, int, int, int, int, int, int, long, int, int, long, int, int, int, int, int, long) [clone .kd]",4,1,622,149960,149960,21504,384,32768,1432,128,0,48,64,"0x0","0x7ddd5e587e80",7172733201068,7172887255451,7172887802118,7172887815799,546667
624,"void flash_attn_combine_results<256>(float const*, HIP_vector_type<float, 2u> const*, float*, int) [clone .kd]",4,1,623,149960,149960,6144,256,512,0,20,0,32,64,"0x0","0x7ddd5e587cc0",7172733202961,7172887824488,7172887853821,7172887857280,29333
625,"void dequantize_block_q4_0<__half>(void const*, __half*, int) [clone .kd]",4,1,624,149960,149960,229376,32,0,0,12,0,16,64,"0x0","0x7dddb3bd2b80",7172733204886,7172887853821,7172887878710,7172887882040,24889
626,"void dequantize_block_q4_0<__half>(void const*, __half*, int) [clone .kd]",4,1,625,149960,149960,229376,32,0,0,12,0,16,64,"0x0","0x7dddb3bd2b80",7172733206522,7172887878710,7172887903303,7172887906570,24593
627,"void flash_attn_tile<256, 256, 4, 2, false>(char const*, char const*, char const*, char const*, char const*, int const*, float*, HIP_vector_type<float, 2u>*, float, float, float, float, unsigned int, float, int, HIP_vector_type<unsigned int, 3u>, int, int, int, int, int, int, int, int, int, int, int, long, int, int, long, int, int, int, int, int, long) [clone .kd]",4,1,626,149960,149960,28416,256,22528,1104,128,0,64,64,"0x0","0x7ddd5e587e00",7172733208910,7172888126562,7172888850117,7172888864498,723555
628,"void flash_attn_combine_results<256>(float const*, HIP_vector_type<float, 2u> const*, float*, int) [clone .kd]",4,1,627,149960,149960,6144,256,512,0,20,0,32,64,"0x0","0x7ddd5e587cc0",7172733210626,7172888850117,7172888874858,7172888884008,24741
629,"void dequantize_block_q4_0<__half>(void const*, __half*, int) [clone .kd]",4,1,628,149960,149960,229376,32,0,0,12,0,16,64,"0x0","0x7dddb3bd2b80",7172733212364,7172888874858,7172888908932,7172888912413,34074
630,"void dequantize_block_q4_0<__half>(void const*, __half*, int) [clone .kd]",4,1,629,149960,149960,229376,32,0,0,12,0,16,64,"0x0","0x7dddb3bd2b80",7172733214018,7172888908932,7172888936191,7172888939468,27259
631,"void flash_attn_tile<256, 256, 4, 6, false>(char const*, char const*, char const*, char const*, char const*, int const*, float*, HIP_vector_type<float, 2u>*, float, float, float, float, unsigned int, float, int, HIP_vector_type<unsigned int, 3u>, int, int, int, int, int, int, int, int, int, int, int, long, int, int, long, int, int, int, int, int, long) [clone .kd]",4,1,630,149960,149960,21504,384,32768,1432,128,0,48,64,"0x0","0x7ddd5e587e80",7172733216355,7172889184191,7172889789376,7172889802882,605185
632,"void flash_attn_combine_results<256>(float const*, HIP_vector_type<float, 2u> const*, float*, int) [clone .kd]",4,1,631,149960,149960,6144,256,512,0,20,0,32,64,"0x0","0x7ddd5e587cc0",7172733218368,7172889815450,7172889847598,7172889850964,32148
633,"void dequantize_block_q4_0<__half>(void const*, __half*, int) [clone .kd]",4,1,632,149960,149960,229376,32,0,0,12,0,16,64,"0x0","0x7dddb3bd2b80",7172733220322,7172889847598,7172889875302,7172889878618,27704
634,"void dequantize_block_q4_0<__half>(void const*, __half*, int) [clone .kd]",4,1,633,149960,149960,229376,32,0,0,12,0,16,64,"0x0","0x7dddb3bd2b80",7172733223764,7172889875302,7172889902413,7172889905733,27111
635,"void flash_attn_tile<256, 256, 4, 2, false>(char const*, char const*, char const*, char const*, char const*, int const*, float*, HIP_vector_type<float, 2u>*, float, float, float, float, unsigned int, float, int, HIP_vector_type<unsigned int, 3u>, int, int, int, int, int, int, int, int, int, int, int, long, int, int, long, int, int, int, int, int, long) [clone .kd]",4,1,634,149960,149960,28416,256,22528,1104,128,0,64,64,"0x0","0x7ddd5e587e00",7172733226420,7172890150117,7172890938857,7172890953132,788740
636,"void flash_attn_combine_results<256>(float const*, HIP_vector_type<float, 2u> const*, float*, int) [clone .kd]",4,1,635,149960,149960,6144,256,512,0,20,0,32,64,"0x0","0x7ddd5e587cc0",7172733228211,7172890938857,7172890960635,7172890963644,21778
637,"void dequantize_block_q4_0<__half>(void const*, __half*, int) [clone .kd]",4,1,636,149960,149960,229376,32,0,0,12,0,16,64,"0x0","0x7dddb3bd2b80",7172733230039,7172890960635,7172890985672,7172890988743,25037
638,"void dequantize_block_q4_0<__half>(void const*, __half*, int) [clone .kd]",4,1,637,149960,149960,229376,32,0,0,12,0,16,64,"0x0","0x7dddb3bd2b80",7172733231648,7172890985672,7172891010413,7172891013461,24741
639,"void flash_attn_tile<256, 256, 4, 6, false>(char const*, char const*, char const*, char const*, char const*, int const*, float*, HIP_vector_type<float, 2u>*, float, float, float, float, unsigned int, float, int, HIP_vector_type<unsigned int, 3u>, int, int, int, int, int, int, int, int, int, int, int, long, int, int, long, int, int, int, int, int, long) [clone .kd]",4,1,638,149960,149960,21504,384,32768,1432,128,0,48,64,"0x0","0x7ddd5e587e80",7172733233919,7172891233672,7172891780931,7172891800478,547259
640,"void flash_attn_combine_results<256>(float const*, HIP_vector_type<float, 2u> const*, float*, int) [clone .kd]",4,1,639,149960,149960,6144,256,512,0,20,0,32,64,"0x0","0x7ddd5e587cc0",7172733235719,7172891859005,7172891888190,7172891891298,29185
641,"void dequantize_block_q4_0<__half>(void const*, __half*, int) [clone .kd]",4,1,640,149960,149960,229376,32,0,0,12,0,16,64,"0x0","0x7dddb3bd2b80",7172733237521,7172891888190,7172891912931,7172891916279,24741
642,"void dequantize_block_q4_0<__half>(void const*, __half*, int) [clone .kd]",4,1,641,149960,149960,229376,32,0,0,12,0,16,64,"0x0","0x7dddb3bd2b80",7172733239245,7172891912931,7172891937672,7172891940854,24741
643,"void flash_attn_tile<256, 256, 4, 2, false>(char const*, char const*, char const*, char const*, char const*, int const*, float*, HIP_vector_type<float, 2u>*, float, float, float, float, unsigned int, float, int, HIP_vector_type<unsigned int, 3u>, int, int, int, int, int, int, int, int, int, int, int, long, int, int, long, int, int, int, int, int, long) [clone .kd]",4,1,642,149960,149960,28416,256,22528,1104,128,0,64,64,"0x0","0x7ddd5e587e00",7172733241721,7172892160338,7172892890708,7172892904717,730370
644,"void flash_attn_combine_results<256>(float const*, HIP_vector_type<float, 2u> const*, float*, int) [clone .kd]",4,1,643,149960,149960,6144,256,512,0,20,0,32,64,"0x0","0x7ddd5e587cc0",7172733243553,7172892890708,7172892915005,7172892918129,24297
645,"void dequantize_block_q4_0<__half>(void const*, __half*, int) [clone .kd]",4,1,644,149960,149960,229376,32,0,0,12,0,16,64,"0x0","0x7dddb3bd2b80",7172733245393,7172892915005,7172892942708,7172892946193,27703
646,"void dequantize_block_q4_0<__half>(void const*, __half*, int) [clone .kd]",4,1,645,149960,149960,229376,32,0,0,12,0,16,64,"0x0","0x7dddb3bd2b80",7172733247101,7172892942708,7172892969967,7172892973144,27259
647,"void flash_attn_tile<256, 256, 4, 6, false>(char const*, char const*, char const*, char const*, char const*, int const*, float*, HIP_vector_type<float, 2u>*, float, float, float, float, unsigned int, float, int, HIP_vector_type<unsigned int, 3u>, int, int, int, int, int, int, int, int, int, int, int, long, int, int, long, int, int, int, int, int, long) [clone .kd]",4,1,646,149960,149960,21504,384,32768,1432,128,0,48,64,"0x0","0x7ddd5e587e80",7172733249458,7172893217819,7172893820782,7172893833775,602963
648,"void flash_attn_combine_results<256>(float const*, HIP_vector_type<float, 2u> const*, float*, int) [clone .kd]",4,1,647,149960,149960,6144,256,512,0,20,0,32,64,"0x0","0x7ddd5e587cc0",7172733251153,7172893848634,7172893880782,7172893883955,32148
649,"void dequantize_block_q4_0<__half>(void const*, __half*, int) [clone .kd]",4,1,648,149960,149960,229376,32,0,0,12,0,16,64,"0x0","0x7dddb3bd2b80",7172733252902,7172893880782,7172893908634,7172893912282,27852
650,"void dequantize_block_q4_0<__half>(void const*, __half*, int) [clone .kd]",4,1,649,149960,149960,229376,32,0,0,12,0,16,64,"0x0","0x7dddb3bd2b80",7172733254352,7172893908634,7172893935893,7172893939523,27259
651,"void flash_attn_tile<256, 256, 4, 2, false>(char const*, char const*, char const*, char const*, char const*, int const*, float*, HIP_vector_type<float, 2u>*, float, float, float, float, unsigned int, float, int, HIP_vector_type<unsigned int, 3u>, int, int, int, int, int, int, int, int, int, int, int, long, int, int, long, int, int, int, int, int, long) [clone .kd]",4,1,650,149960,149960,28416,256,22528,1104,128,0,64,64,"0x0","0x7ddd5e587e00",7172733256657,7172894184189,7172894968337,7172894981233,784148
652,"void flash_attn_combine_results<256>(float const*, HIP_vector_type<float, 2u> const*, float*, int) [clone .kd]",4,1,651,149960,149960,6144,256,512,0,20,0,32,64,"0x0","0x7ddd5e587cc0",7172733258562,7172894968337,7172894991596,7172894994629,23259
653,"void dequantize_block_q4_0<__half>(void const*, __half*, int) [clone .kd]",4,1,652,149960,149960,229376,32,0,0,12,0,16,64,"0x0","0x7dddb3bd2b80",7172733260457,7172894991596,7172895016930,7172895019904,25334
654,"void dequantize_block_q4_0<__half>(void const*, __half*, int) [clone .kd]",4,1,653,149960,149960,229376,32,0,0,12,0,16,64,"0x0","0x7dddb3bd2b80",7172733262190,7172895016930,7172895041522,7172895044890,24592
655,"void flash_attn_tile<256, 256, 4, 6, false>(char const*, char const*, char const*, char const*, char const*, int const*, float*, HIP_vector_type<float, 2u>*, float, float, float, float, unsigned int, float, int, HIP_vector_type<unsigned int, 3u>, int, int, int, int, int, int, int, int, int, int, int, long, int, int, long, int, int, int, int, int, long) [clone .kd]",4,1,654,149960,149960,21504,384,32768,1432,128,0,48,64,"0x0","0x7ddd5e587e80",7172733264531,7172895264781,7172895813078,7172895825426,548297
656,"void flash_attn_combine_results<256>(float const*, HIP_vector_type<float, 2u> const*, float*, int) [clone .kd]",4,1,655,149960,149960,6144,256,512,0,20,0,32,64,"0x0","0x7ddd5e587cc0",7172733266375,7172895834411,7172895863300,7172895866105,28889
657,"void dequantize_block_q4_0<__half>(void const*, __half*, int) [clone .kd]",4,1,656,149960,149960,229376,32,0,0,12,0,16,64,"0x0","0x7dddb3bd2b80",7172733268226,7172895863300,7172895888189,7172895891428,24889
658,"void dequantize_block_q4_0<__half>(void const*, __half*, int) [clone .kd]",4,1,657,149960,149960,229376,32,0,0,12,0,16,64,"0x0","0x7dddb3bd2b80",7172733269894,7172895888189,7172895912781,7172895915881,24592
659,"void flash_attn_tile<256, 256, 4, 2, false>(char const*, char const*, char const*, char const*, char const*, int const*, float*, HIP_vector_type<float, 2u>*, float, float, float, float, unsigned int, float, int, HIP_vector_type<unsigned int, 3u>, int, int, int, int, int, int, int, int, int, int, int, long, int, int, long, int, int, int, int, int, long) [clone .kd]",4,1,658,149960,149960,28416,256,22528,1104,128,0,64,64,"0x0","0x7ddd5e587e00",7172733272152,7172896135892,7172896855447,7172896867920,719555
660,"void flash_attn_combine_results<256>(float const*, HIP_vector_type<float, 2u> const*, float*, int) [clone .kd]",4,1,659,149960,149960,6144,256,512,0,20,0,32,64,"0x0","0x7ddd5e587cc0",7172733273896,7172896855447,7172896891447,7172896894611,36000
661,"void dequantize_block_q4_0<__half>(void const*, __half*, int) [clone .kd]",4,1,660,149960,149960,229376,32,0,0,12,0,16,64,"0x0","0x7dddb3bd2b80",7172733275710,7172896891447,7172896919003,7172896922232,27556
662,"void dequantize_block_q4_0<__half>(void const*, __half*, int) [clone .kd]",4,1,661,149960,149960,229376,32,0,0,12,0,16,64,"0x0","0x7dddb3bd2b80",7172733277242,7172896919003,7172896946262,7172896949464,27259
663,"void flash_attn_tile<256, 256, 4, 6, false>(char const*, char const*, char const*, char const*, char const*, int const*, float*, HIP_vector_type<float, 2u>*, float, float, float, float, unsigned int, float, int, HIP_vector_type<unsigned int, 3u>, int, int, int, int, int, int, int, int, int, int, int, long, int, int, long, int, int, int, int, int, long) [clone .kd]",4,1,662,149960,149960,21504,384,32768,1432,128,0,48,64,"0x0","0x7ddd5e587e80",7172733279939,7172897194262,7172897793966,7172897806919,599704
664,"void flash_attn_combine_results<256>(float const*, HIP_vector_type<float, 2u> const*, float*, int) [clone .kd]",4,1,663,149960,149960,6144,256,512,0,20,0,32,64,"0x0","0x7ddd5e587cc0",7172733281771,7172897824780,7172897857225,7172897860434,32445
665,"void dequantize_block_q4_0<__half>(void const*, __half*, int) [clone .kd]",4,1,664,149960,149960,229376,32,0,0,12,0,16,64,"0x0","0x7dddb3bd2b80",7172733283662,7172897857225,7172897884929,7172897888284,27704
666,"void dequantize_block_q4_0<__half>(void const*, __half*, int) [clone .kd]",4,1,665,149960,149960,229376,32,0,0,12,0,16,64,"0x0","0x7dddb3bd2b80",7172733285369,7172897884929,7172897912336,7172897915820,27407
667,"void flash_attn_tile<256, 256, 4, 2, false>(char const*, char const*, char const*, char const*, char const*, int const*, float*, HIP_vector_type<float, 2u>*, float, float, float, float, unsigned int, float, int, HIP_vector_type<unsigned int, 3u>, int, int, int, int, int, int, int, int, int, int, int, long, int, int, long, int, int, int, int, int, long) [clone .kd]",4,1,666,149960,149960,28416,256,22528,1104,128,0,64,64,"0x0","0x7ddd5e587e00",7172733287710,7172898160040,7172898942558,7172898954515,782518
668,"void flash_attn_combine_results<256>(float const*, HIP_vector_type<float, 2u> const*, float*, int) [clone .kd]",4,1,667,149960,149960,6144,256,512,0,20,0,32,64,"0x0","0x7ddd5e587cc0",7172733289588,7172898942558,7172898965224,7172898968476,22666
669,"void dequantize_block_q4_0<__half>(void const*, __half*, int) [clone .kd]",4,1,668,149960,149960,229376,32,0,0,12,0,16,64,"0x0","0x7dddb3bd2b80",7172733291321,7172898965224,7172898990262,7172898993313,25038
670,"void dequantize_block_q4_0<__half>(void const*, __half*, int) [clone .kd]",4,1,669,149960,149960,229376,32,0,0,12,0,16,64,"0x0","0x7dddb3bd2b80",7172733292820,7172898990262,7172899015150,7172899018282,24888
671,"void flash_attn_tile<256, 256, 4, 6, false>(char const*, char const*, char const*, char const*, char const*, int const*, float*, HIP_vector_type<float, 2u>*, float, float, float, float, unsigned int, float, int, HIP_vector_type<unsigned int, 3u>, int, int, int, int, int, int, int, int, int, int, int, long, int, int, long, int, int, int, int, int, long) [clone .kd]",4,1,670,149960,149960,21504,384,32768,1432,128,0,48,64,"0x0","0x7ddd5e587e80",7172733295101,7172899238113,7172899784928,7172899796240,546815
672,"void flash_attn_combine_results<256>(float const*, HIP_vector_type<float, 2u> const*, float*, int) [clone .kd]",4,1,671,149960,149960,6144,256,512,0,20,0,32,64,"0x0","0x7ddd5e587cc0",7172733296745,7172899807743,7172899836335,7172899839462,28592
673,"void dequantize_block_q4_0<__half>(void const*, __half*, int) [clone .kd]",4,1,672,149960,149960,229376,32,0,0,12,0,16,64,"0x0","0x7dddb3bd2b80",7172733298587,7172899836335,7172899861224,7172899864369,24889
674,"void dequantize_block_q4_0<__half>(void const*, __half*, int) [clone .kd]",4,1,673,149960,149960,229376,32,0,0,12,0,16,64,"0x0","0x7dddb3bd2b80",7172733300307,7172899861224,7172899886113,7172899888889,24889
675,"void flash_attn_tile<256, 256, 4, 2, false>(char const*, char const*, char const*, char const*, char const*, int const*, float*, HIP_vector_type<float, 2u>*, float, float, float, float, unsigned int, float, int, HIP_vector_type<unsigned int, 3u>, int, int, int, int, int, int, int, int, int, int, int, long, int, int, long, int, int, int, int, int, long) [clone .kd]",4,1,674,149960,149960,28416,256,22528,1104,128,0,64,64,"0x0","0x7ddd5e587e00",7172733302678,7172900108780,7172900825372,7172900836941,716592
676,"void flash_attn_combine_results<256>(float const*, HIP_vector_type<float, 2u> const*, float*, int) [clone .kd]",4,1,675,149960,149960,6144,256,512,0,20,0,32,64,"0x0","0x7ddd5e587cc0",7172733304515,7172900825372,7172900850409,7172900853417,25037
677,"void dequantize_block_q4_0<__half>(void const*, __half*, int) [clone .kd]",4,1,676,149960,149960,229376,32,0,0,12,0,16,64,"0x0","0x7dddb3bd2b80",7172733306380,7172900850409,7172900877965,7172900885768,27556
678,"void dequantize_block_q4_0<__half>(void const*, __half*, int) [clone .kd]",4,1,677,149960,149960,229376,32,0,0,12,0,16,64,"0x0","0x7dddb3bd2b80",7172733308023,7172900877965,7172900910557,7172900913883,32592
679,"void flash_attn_tile<256, 256, 4, 6, false>(char const*, char const*, char const*, char const*, char const*, int const*, float*, HIP_vector_type<float, 2u>*, float, float, float, float, unsigned int, float, int, HIP_vector_type<unsigned int, 3u>, int, int, int, int, int, int, int, int, int, int, int, long, int, int, long, int, int, int, int, int, long) [clone .kd]",4,1,678,149960,149960,21504,384,32768,1432,128,0,48,64,"0x0","0x7ddd5e587e80",7172733310349,7172901158409,7172901759446,7172901771630,601037
680,"void flash_attn_combine_results<256>(float const*, HIP_vector_type<float, 2u> const*, float*, int) [clone .kd]",4,1,679,149960,149960,6144,256,512,0,20,0,32,64,"0x0","0x7ddd5e587cc0",7172733312180,7172901789223,7172901821520,7172901824734,32297
681,"void dequantize_block_q4_0<__half>(void const*, __half*, int) [clone .kd]",4,1,680,149960,149960,229376,32,0,0,12,0,16,64,"0x0","0x7dddb3bd2b80",7172733314049,7172901821520,7172901849520,7172901852920,28000
682,"void dequantize_block_q4_0<__half>(void const*, __half*, int) [clone .kd]",4,1,681,149960,149960,229376,32,0,0,12,0,16,64,"0x0","0x7dddb3bd2b80",7172733315601,7172901849520,7172901876631,7172901879862,27111
683,"void flash_attn_tile<256, 256, 4, 2, false>(char const*, char const*, char const*, char const*, char const*, int const*, float*, HIP_vector_type<float, 2u>*, float, float, float, float, unsigned int, float, int, HIP_vector_type<unsigned int, 3u>, int, int, int, int, int, int, int, int, int, int, int, long, int, int, long, int, int, int, int, int, long) [clone .kd]",4,1,682,149960,149960,28416,256,22528,1104,128,0,64,64,"0x0","0x7ddd5e587e00",7172733317777,7172902124483,7172902922408,7172902933777,797925
684,"void flash_attn_combine_results<256>(float const*, HIP_vector_type<float, 2u> const*, float*, int) [clone .kd]",4,1,683,149960,149960,6144,256,512,0,20,0,32,64,"0x0","0x7ddd5e587cc0",7172733319505,7172902922408,7172902945223,7172902948215,22815
685,"void dequantize_block_q4_0<__half>(void const*, __half*, int) [clone .kd]",4,1,684,149960,149960,229376,32,0,0,12,0,16,64,"0x0","0x7dddb3bd2b80",7172733321175,7172902945223,7172902969964,7172902972929,24741
686,"void dequantize_block_q4_0<__half>(void const*, __half*, int) [clone .kd]",4,1,685,149960,149960,229376,32,0,0,12,0,16,64,"0x0","0x7dddb3bd2b80",7172733322905,7172902969964,7172902994556,7172902997781,24592
687,"void flash_attn_tile<256, 256, 4, 6, false>(char const*, char const*, char const*, char const*, char const*, int const*, float*, HIP_vector_type<float, 2u>*, float, float, float, float, unsigned int, float, int, HIP_vector_type<unsigned int, 3u>, int, int, int, int, int, int, int, int, int, int, int, long, int, int, long, int, int, int, int, int, long) [clone .kd]",4,1,686,149960,149960,21504,384,32768,1432,128,0,48,64,"0x0","0x7ddd5e587e80",7172733325445,7172903217815,7172903765371,7172903776451,547556
688,"void flash_attn_combine_results<256>(float const*, HIP_vector_type<float, 2u> const*, float*, int) [clone .kd]",4,1,687,149960,149960,6144,256,512,0,20,0,32,64,"0x0","0x7ddd5e587cc0",7172733327236,7172903788037,7172903816926,7172903820062,28889
689,"void dequantize_block_q4_0<__half>(void const*, __half*, int) [clone .kd]",4,1,688,149960,149960,229376,32,0,0,12,0,16,64,"0x0","0x7dddb3bd2b80",7172733329153,7172903816926,7172903842112,7172903845221,25186
690,"void dequantize_block_q4_0<__half>(void const*, __half*, int) [clone .kd]",4,1,689,149960,149960,229376,32,0,0,12,0,16,64,"0x0","0x7dddb3bd2b80",7172733330782,7172903842112,7172903866556,7172903869722,24444
691,"void flash_attn_tile<256, 256, 4, 2, false>(char const*, char const*, char const*, char const*, char const*, int const*, float*, HIP_vector_type<float, 2u>*, float, float, float, float, unsigned int, float, int, HIP_vector_type<unsigned int, 3u>, int, int, int, int, int, int, int, int, int, int, int, long, int, int, long, int, int, int, int, int, long) [clone .kd]",4,1,690,149960,149960,28416,256,22528,1104,128,0,64,64,"0x0","0x7ddd5e587e00",7172733333126,7172904089667,7172904807889,7172904818991,718222
692,"void flash_attn_combine_results<256>(float const*, HIP_vector_type<float, 2u> const*, float*, int) [clone .kd]",4,1,691,149960,149960,6144,256,512,0,20,0,32,64,"0x0","0x7ddd5e587cc0",7172733334806,7172904807889,7172904830704,7172904833919,22815
693,"void dequantize_block_q4_0<__half>(void const*, __half*, int) [clone .kd]",4,1,692,149960,149960,229376,32,0,0,12,0,16,64,"0x0","0x7dddb3bd2b80",7172733336479,7172904830704,7172904858407,7172904861486,27703
694,"void dequantize_block_q4_0<__half>(void const*, __half*, int) [clone .kd]",4,1,693,149960,149960,229376,32,0,0,12,0,16,64,"0x0","0x7dddb3bd2b80",7172733340963,7172904858407,7172904949815,7172904952896,91408
695,"void flash_attn_tile<256, 256, 4, 6, false>(char const*, char const*, char const*, char const*, char const*, int const*, float*, HIP_vector_type<float, 2u>*, float, float, float, float, unsigned int, float, int, HIP_vector_type<unsigned int, 3u>, int, int, int, int, int, int, int, int, int, int, int, long, int, int, long, int, int, int, int, int, long) [clone .kd]",4,1,694,149960,149960,21504,384,32768,1432,128,0,48,64,"0x0","0x7ddd5e587e80",7172733343165,7172905197667,7172905798111,7172905809787,600444
696,"void flash_attn_combine_results<256>(float const*, HIP_vector_type<float, 2u> const*, float*, int) [clone .kd]",4,1,695,149960,149960,6144,256,512,0,20,0,32,64,"0x0","0x7ddd5e587cc0",7172733345029,7172905829074,7172905860926,7172905883561,31852
697,"void dequantize_block_q4_0<__half>(void const*, __half*, int) [clone .kd]",4,1,696,149960,149960,229376,32,0,0,12,0,16,64,"0x0","0x7dddb3bd2b80",7172733346993,7172905860926,7172905888777,7172905891924,27851
698,"void dequantize_block_q4_0<__half>(void const*, __half*, int) [clone .kd]",4,1,697,149960,149960,229376,32,0,0,12,0,16,64,"0x0","0x7dddb3bd2b80",7172733348810,7172905888777,7172905915889,7172905919069,27112
699,"void flash_attn_tile<256, 256, 4, 2, false>(char const*, char const*, char const*, char const*, char const*, int const*, float*, HIP_vector_type<float, 2u>*, float, float, float, float, unsigned int, float, int, HIP_vector_type<unsigned int, 3u>, int, int, int, int, int, int, int, int, int, int, int, long, int, int, long, int, int, int, int, int, long) [clone .kd]",4,1,698,149960,149960,28416,256,22528,1104,128,0,64,64,"0x0","0x7ddd5e587e00",7172733351253,7172906163740,7172906968333,7172906979461,804593
700,"void flash_attn_combine_results<256>(float const*, HIP_vector_type<float, 2u> const*, float*, int) [clone .kd]",4,1,699,149960,149960,6144,256,512,0,20,0,32,64,"0x0","0x7ddd5e587cc0",7172733353043,7172906968333,7172906991296,7172906994339,22963
701,"void dequantize_block_q4_0<__half>(void const*, __half*, int) [clone .kd]",4,1,700,149960,149960,229376,32,0,0,12,0,16,64,"0x0","0x7dddb3bd2b80",7172733354960,7172906991296,7172907016481,7172907019758,25185
702,"void dequantize_block_q4_0<__half>(void const*, __half*, int) [clone .kd]",4,1,701,149960,149960,229376,32,0,0,12,0,16,64,"0x0","0x7dddb3bd2b80",7172733356566,7172907016481,7172907041221,7172907044179,24740
703,"void flash_attn_tile<256, 256, 4, 6, false>(char const*, char const*, char const*, char const*, char const*, int const*, float*, HIP_vector_type<float, 2u>*, float, float, float, float, unsigned int, float, int, HIP_vector_type<unsigned int, 3u>, int, int, int, int, int, int, int, int, int, int, int, long, int, int, long, int, int, int, int, int, long) [clone .kd]",4,1,702,149960,149960,21504,384,32768,1432,128,0,48,64,"0x0","0x7ddd5e587e80",7172733358840,7172907264777,7172907814851,7172907825898,550074
704,"void flash_attn_combine_results<256>(float const*, HIP_vector_type<float, 2u> const*, float*, int) [clone .kd]",4,1,703,149960,149960,6144,256,512,0,20,0,32,64,"0x0","0x7ddd5e587cc0",7172733360489,7172907833073,7172907861962,7172907865072,28889
705,"void dequantize_block_q4_0<__half>(void const*, __half*, int) [clone .kd]",4,1,704,149960,149960,229376,32,0,0,12,0,16,64,"0x0","0x7dddb3bd2b80",7172733362238,7172907861962,7172907886999,7172907890022,25037
706,"void dequantize_block_q4_0<__half>(void const*, __half*, int) [clone .kd]",4,1,705,149960,149960,229376,32,0,0,12,0,16,64,"0x0","0x7dddb3bd2b80",7172733363830,7172907886999,7172907911591,7172907914603,24592
707,"void flash_attn_tile<256, 256, 4, 2, false>(char const*, char const*, char const*, char const*, char const*, int const*, float*, HIP_vector_type<float, 2u>*, float, float, float, float, unsigned int, float, int, HIP_vector_type<unsigned int, 3u>, int, int, int, int, int, int, int, int, int, int, int, long, int, int, long, int, int, int, int, int, long) [clone .kd]",4,1,706,149960,149960,28416,256,22528,1104,128,0,64,64,"0x0","0x7ddd5e587e00",7172733366396,7172908134258,7172908859739,7172908870674,725481
708,"void flash_attn_combine_results<256>(float const*, HIP_vector_type<float, 2u> const*, float*, int) [clone .kd]",4,1,707,149960,149960,6144,256,512,0,20,0,32,64,"0x0","0x7ddd5e587cc0",7172733368373,7172908859739,7172908894554,7172908897672,34815
709,"void dequantize_block_q4_0<__half>(void const*, __half*, int) [clone .kd]",4,1,708,149960,149960,229376,32,0,0,12,0,16,64,"0x0","0x7dddb3bd2b80",7172733370268,7172908894554,7172908922258,7172908925360,27704
710,"void dequantize_block_q4_0<__half>(void const*, __half*, int) [clone .kd]",4,1,709,149960,149960,229376,32,0,0,12,0,16,64,"0x0","0x7dddb3bd2b80",7172733371942,7172908922258,7172908949369,7172908952418,27111
711,"void flash_attn_tile<256, 256, 4, 6, false>(char const*, char const*, char const*, char const*, char const*, int const*, float*, HIP_vector_type<float, 2u>*, float, float, float, float, unsigned int, float, int, HIP_vector_type<unsigned int, 3u>, int, int, int, int, int, int, int, int, int, int, int, long, int, int, long, int, int, int, int, int, long) [clone .kd]",4,1,710,149960,149960,21504,384,32768,1432,128,0,48,64,"0x0","0x7ddd5e587e80",7172733374331,7172909197221,7172909803146,7172909814606,605925
712,"void flash_attn_combine_results<256>(float const*, HIP_vector_type<float, 2u> const*, float*, int) [clone .kd]",4,1,711,149960,149960,6144,256,512,0,20,0,32,64,"0x0","0x7ddd5e587cc0",7172733376170,7172909827591,7172909858998,7172909862060,31407
713,"void dequantize_block_q4_0<__half>(void const*, __half*, int) [clone .kd]",4,1,712,149960,149960,229376,32,0,0,12,0,16,64,"0x0","0x7dddb3bd2b80",7172733377921,7172909858998,7172909886998,7172909890352,28000
714,"void dequantize_block_q4_0<__half>(void const*, __half*, int) [clone .kd]",4,1,713,149960,149960,229376,32,0,0,12,0,16,64,"0x0","0x7dddb3bd2b80",7172733379425,7172909886998,7172909914257,7172909917399,27259
715,"void flash_attn_tile<256, 256, 4, 2, false>(char const*, char const*, char const*, char const*, char const*, int const*, float*, HIP_vector_type<float, 2u>*, float, float, float, float, unsigned int, float, int, HIP_vector_type<unsigned int, 3u>, int, int, int, int, int, int, int, int, int, int, int, long, int, int, long, int, int, int, int, int, long) [clone .kd]",4,1,714,149960,149960,28416,256,22528,1104,128,0,64,64,"0x0","0x7ddd5e587e00",7172733381693,7172910161961,7172910967590,7172910978142,805629
716,"void flash_attn_combine_results<256>(float const*, HIP_vector_type<float, 2u> const*, float*, int) [clone .kd]",4,1,715,149960,149960,6144,256,512,0,20,0,32,64,"0x0","0x7ddd5e587cc0",7172733383317,7172910967590,7172910991146,7172910994163,23556
717,"void dequantize_block_q4_0<__half>(void const*, __half*, int) [clone .kd]",4,1,716,149960,149960,229376,32,0,0,12,0,16,64,"0x0","0x7dddb3bd2b80",7172733385081,7172910991146,7172911016035,7172911019133,24889
718,"void dequantize_block_q4_0<__half>(void const*, __half*, int) [clone .kd]",4,1,717,149960,149960,229376,32,0,0,12,0,16,64,"0x0","0x7dddb3bd2b80",7172733386570,7172911016035,7172911040924,7172911043777,24889
719,"void flash_attn_tile<256, 256, 4, 6, false>(char const*, char const*, char const*, char const*, char const*, int const*, float*, HIP_vector_type<float, 2u>*, float, float, float, float, unsigned int, float, int, HIP_vector_type<unsigned int, 3u>, int, int, int, int, int, int, int, int, int, int, int, long, int, int, long, int, int, int, int, int, long) [clone .kd]",4,1,718,149960,149960,21504,384,32768,1432,128,0,48,64,"0x0","0x7ddd5e587e80",7172733389079,7172911270109,7172911821960,7172911832294,551851
720,"void flash_attn_combine_results<256>(float const*, HIP_vector_type<float, 2u> const*, float*, int) [clone .kd]",4,1,719,149960,149960,6144,256,512,0,20,0,32,64,"0x0","0x7ddd5e587cc0",7172733390979,7172911838997,7172911867442,7172911870310,28445
721,"void dequantize_block_q4_0<__half>(void const*, __half*, int) [clone .kd]",4,1,720,149960,149960,229376,32,0,0,12,0,16,64,"0x0","0x7dddb3bd2b80",7172733392883,7172911867442,7172911892331,7172911895384,24889
722,"void dequantize_block_q4_0<__half>(void const*, __half*, int) [clone .kd]",4,1,721,149960,149960,229376,32,0,0,12,0,16,64,"0x0","0x7dddb3bd2b80",7172733394586,7172911892331,7172911917071,7172911920146,24740
723,"void flash_attn_tile<256, 256, 4, 2, false>(char const*, char const*, char const*, char const*, char const*, int const*, float*, HIP_vector_type<float, 2u>*, float, float, float, float, unsigned int, float, int, HIP_vector_type<unsigned int, 3u>, int, int, int, int, int, int, int, int, int, int, int, long, int, int, long, int, int, int, int, int, long) [clone .kd]",4,1,722,149960,149960,28416,256,22528,1104,128,0,64,64,"0x0","0x7ddd5e587e00",7172733396925,7172912139886,7172912856923,7172912867397,717037
724,"void flash_attn_combine_results<256>(float const*, HIP_vector_type<float, 2u> const*, float*, int) [clone .kd]",4,1,723,149960,149960,6144,256,512,0,20,0,32,64,"0x0","0x7ddd5e587cc0",7172733398747,7172912856923,7172912892627,7172912895804,35704
725,"void dequantize_block_q4_0<__half>(void const*, __half*, int) [clone .kd]",4,1,724,149960,149960,229376,32,0,0,12,0,16,64,"0x0","0x7dddb3bd2b80",7172733400610,7172912892627,7172912920478,7172912923689,27851
726,"void dequantize_block_q4_0<__half>(void const*, __half*, int) [clone .kd]",4,1,725,149960,149960,229376,32,0,0,12,0,16,64,"0x0","0x7dddb3bd2b80",7172733402128,7172912920478,7172912947886,7172912951035,27408
727,"void flash_attn_tile<256, 256, 4, 6, false>(char const*, char const*, char const*, char const*, char const*, int const*, float*, HIP_vector_type<float, 2u>*, float, float, float, float, unsigned int, float, int, HIP_vector_type<unsigned int, 3u>, int, int, int, int, int, int, int, int, int, int, int, long, int, int, long, int, int, int, int, int, long) [clone .kd]",4,1,726,149960,149960,21504,384,32768,1432,128,0,48,64,"0x0","0x7ddd5e587e80",7172733404340,7172913195886,7172913797812,7172913808803,601926
728,"void flash_attn_combine_results<256>(float const*, HIP_vector_type<float, 2u> const*, float*, int) [clone .kd]",4,1,727,149960,149960,6144,256,512,0,20,0,32,64,"0x0","0x7ddd5e587cc0",7172733406068,7172913826700,7172913858108,7172913861330,31408
729,"void dequantize_block_q4_0<__half>(void const*, __half*, int) [clone .kd]",4,1,728,149960,149960,229376,32,0,0,12,0,16,64,"0x0","0x7dddb3bd2b80",7172733407935,7172913858108,7172913886108,7172913889177,28000
730,"void dequantize_block_q4_0<__half>(void const*, __half*, int) [clone .kd]",4,1,729,149960,149960,229376,32,0,0,12,0,16,64,"0x0","0x7dddb3bd2b80",7172733409377,7172913886108,7172913913367,7172913916487,27259
731,"void flash_attn_tile<256, 256, 4, 2, false>(char const*, char const*, char const*, char const*, char const*, int const*, float*, HIP_vector_type<float, 2u>*, float, float, float, float, unsigned int, float, int, HIP_vector_type<unsigned int, 3u>, int, int, int, int, int, int, int, int, int, int, int, long, int, int, long, int, int, int, int, int, long) [clone .kd]",4,1,730,149960,149960,28416,256,22528,1104,128,0,64,64,"0x0","0x7ddd5e587e00",7172733411810,7172914161071,7172914942256,7172914952704,781185
732,"void flash_attn_combine_results<256>(float const*, HIP_vector_type<float, 2u> const*, float*, int) [clone .kd]",4,1,731,149960,149960,6144,256,512,0,20,0,32,64,"0x0","0x7ddd5e587cc0",7172733413634,7172914942256,7172914964774,7172914967973,22518
733,"void dequantize_block_q4_0<__half>(void const*, __half*, int) [clone .kd]",4,1,732,149960,149960,229376,32,0,0,12,0,16,64,"0x0","0x7dddb3bd2b80",7172733415513,7172914964774,7172914989959,7172914992880,25185
734,"void dequantize_block_q4_0<__half>(void const*, __half*, int) [clone .kd]",4,1,733,149960,149960,229376,32,0,0,12,0,16,64,"0x0","0x7dddb3bd2b80",7172733417283,7172914989959,7172915014404,7172915017356,24445
735,"void flash_attn_tile<256, 256, 4, 6, false>(char const*, char const*, char const*, char const*, char const*, int const*, float*, HIP_vector_type<float, 2u>*, float, float, float, float, unsigned int, float, int, HIP_vector_type<unsigned int, 3u>, int, int, int, int, int, int, int, int, int, int, int, long, int, int, long, int, int, int, int, int, long) [clone .kd]",4,1,734,149960,149960,21504,384,32768,1432,128,0,48,64,"0x0","0x7ddd5e587e80",7172733419624,7172915237367,7172915785663,7172915795913,548296
736,"void flash_attn_combine_results<256>(float const*, HIP_vector_type<float, 2u> const*, float*, int) [clone .kd]",4,1,735,149960,149960,6144,256,512,0,20,0,32,64,"0x0","0x7ddd5e587cc0",7172733421424,7172915806403,7172915835885,7172915838654,29482
737,"void dequantize_block_q4_0<__half>(void const*, __half*, int) [clone .kd]",4,1,736,149960,149960,229376,32,0,0,12,0,16,64,"0x0","0x7dddb3bd2b80",7172733423315,7172915835885,7172915860774,7172915863726,24889
738,"void dequantize_block_q4_0<__half>(void const*, __half*, int) [clone .kd]",4,1,737,149960,149960,229376,32,0,0,12,0,16,64,"0x0","0x7dddb3bd2b80",7172733424880,7172915860774,7172915885663,7172915888593,24889
739,"void flash_attn_tile<256, 256, 4, 2, false>(char const*, char const*, char const*, char const*, char const*, int const*, float*, HIP_vector_type<float, 2u>*, float, float, float, float, unsigned int, float, int, HIP_vector_type<unsigned int, 3u>, int, int, int, int, int, int, int, int, int, int, int, long, int, int, long, int, int, int, int, int, long) [clone .kd]",4,1,738,149960,149960,28416,256,22528,1104,128,0,64,64,"0x0","0x7ddd5e587e00",7172733427044,7172916108477,7172916834255,7172916844786,725778
740,"void flash_attn_combine_results<256>(float const*, HIP_vector_type<float, 2u> const*, float*, int) [clone .kd]",4,1,739,149960,149960,6144,256,512,0,20,0,32,64,"0x0","0x7ddd5e587cc0",7172733428733,7172916834255,7172916858996,7172916862178,24741
741,"void dequantize_block_q4_0<__half>(void const*, __half*, int) [clone .kd]",4,1,740,149960,149960,229376,32,0,0,12,0,16,64,"0x0","0x7dddb3bd2b80",7172733430508,7172916858996,7172916895884,7172916898811,36888
742,"void dequantize_block_q4_0<__half>(void const*, __half*, int) [clone .kd]",4,1,741,149960,149960,229376,32,0,0,12,0,16,64,"0x0","0x7dddb3bd2b80",7172733432088,7172916895884,7172916923440,7172916926569,27556
743,"void flash_attn_tile<256, 256, 4, 6, false>(char const*, char const*, char const*, char const*, char const*, int const*, float*, HIP_vector_type<float, 2u>*, float, float, float, float, unsigned int, float, int, HIP_vector_type<unsigned int, 3u>, int, int, int, int, int, int, int, int, int, int, int, long, int, int, long, int, int, int, int, int, long) [clone .kd]",4,1,742,149960,149960,21504,384,32768,1432,128,0,48,64,"0x0","0x7ddd5e587e80",7172733434574,7172917171292,7172917773958,7172917784251,602666
744,"void flash_attn_combine_results<256>(float const*, HIP_vector_type<float, 2u> const*, float*, int) [clone .kd]",4,1,743,149960,149960,6144,256,512,0,20,0,32,64,"0x0","0x7ddd5e587cc0",7172733436410,7172917801662,7172917833217,7172917836337,31555
745,"void dequantize_block_q4_0<__half>(void const*, __half*, int) [clone .kd]",4,1,744,149960,149960,229376,32,0,0,12,0,16,64,"0x0","0x7dddb3bd2b80",7172733438530,7172917833217,7172917860921,7172917864148,27704
746,"void dequantize_block_q4_0<__half>(void const*, __half*, int) [clone .kd]",4,1,745,149960,149960,229376,32,0,0,12,0,16,64,"0x0","0x7dddb3bd2b80",7172733440161,7172917860921,7172917888773,7172917891724,27852
747,"void flash_attn_tile<256, 256, 4, 2, false>(char const*, char const*, char const*, char const*, char const*, int const*, float*, HIP_vector_type<float, 2u>*, float, float, float, float, unsigned int, float, int, HIP_vector_type<unsigned int, 3u>, int, int, int, int, int, int, int, int, int, int, int, long, int, int, long, int, int, int, int, int, long) [clone .kd]",4,1,746,149960,149960,28416,256,22528,1104,128,0,64,64,"0x0","0x7ddd5e587e00",7172733442487,7172918136773,7172918926550,7172918936424,789777
748,"void flash_attn_combine_results<256>(float const*, HIP_vector_type<float, 2u> const*, float*, int) [clone .kd]",4,1,747,149960,149960,6144,256,512,0,20,0,32,64,"0x0","0x7ddd5e587cc0",7172733444308,7172918926550,7172918949365,7172918952295,22815
749,"void dequantize_block_q4_0<__half>(void const*, __half*, int) [clone .kd]",4,1,748,149960,149960,229376,32,0,0,12,0,16,64,"0x0","0x7dddb3bd2b80",7172733446254,7172918949365,7172918974550,7172918977564,25185
750,"void dequantize_block_q4_0<__half>(void const*, __half*, int) [clone .kd]",4,1,749,149960,149960,229376,32,0,0,12,0,16,64,"0x0","0x7dddb3bd2b80",7172733447915,7172918974550,7172918999143,7172919002283,24593
751,"void flash_attn_tile<256, 256, 4, 6, false>(char const*, char const*, char const*, char const*, char const*, int const*, float*, HIP_vector_type<float, 2u>*, float, float, float, float, unsigned int, float, int, HIP_vector_type<unsigned int, 3u>, int, int, int, int, int, int, int, int, int, int, int, long, int, int, long, int, int, int, int, int, long) [clone .kd]",4,1,750,149960,149960,21504,384,32768,1432,128,0,48,64,"0x0","0x7ddd5e587e80",7172733450163,7172919222402,7172919769809,7172919779970,547407
752,"void flash_attn_combine_results<256>(float const*, HIP_vector_type<float, 2u> const*, float*, int) [clone .kd]",4,1,751,149960,149960,6144,256,512,0,20,0,32,64,"0x0","0x7ddd5e587cc0",7172733451811,7172919791439,7172919820180,7172919822943,28741
753,"void dequantize_block_q4_0<__half>(void const*, __half*, int) [clone .kd]",4,1,752,149960,149960,229376,32,0,0,12,0,16,64,"0x0","0x7dddb3bd2b80",7172733453514,7172919820180,7172919844920,7172919847893,24740
754,"void dequantize_block_q4_0<__half>(void const*, __half*, int) [clone .kd]",4,1,753,149960,149960,229376,32,0,0,12,0,16,64,"0x0","0x7dddb3bd2b80",7172733457528,7172919844920,7172919869513,7172919872524,24593
755,"void flash_attn_tile<256, 256, 4, 2, false>(char const*, char const*, char const*, char const*, char const*, int const*, float*, HIP_vector_type<float, 2u>*, float, float, float, float, unsigned int, float, int, HIP_vector_type<unsigned int, 3u>, int, int, int, int, int, int, int, int, int, int, int, long, int, int, long, int, int, int, int, int, long) [clone .kd]",4,1,754,149960,149960,28416,256,22528,1104,128,0,64,64,"0x0","0x7ddd5e587e00",7172733459949,7172920092476,7172920807290,7172920816992,714814
756,"void flash_attn_combine_results<256>(float const*, HIP_vector_type<float, 2u> const*, float*, int) [clone .kd]",4,1,755,149960,149960,6144,256,512,0,20,0,32,64,"0x0","0x7ddd5e587cc0",7172733461888,7172920807290,7172920830698,7172920833861,23408
757,"void dequantize_block_q4_0<__half>(void const*, __half*, int) [clone .kd]",4,1,756,149960,149960,229376,32,0,0,12,0,16,64,"0x0","0x7dddb3bd2b80",7172733463723,7172920830698,7172920858550,7172920861558,27852
758,"void dequantize_block_q4_0<__half>(void const*, __half*, int) [clone .kd]",4,1,757,149960,149960,229376,32,0,0,12,0,16,64,"0x0","0x7dddb3bd2b80",7172733465519,7172920858550,7172920895142,7172920898191,36592
759,"void flash_attn_tile<256, 256, 4, 6, false>(char const*, char const*, char const*, char const*, char const*, int const*, float*, HIP_vector_type<float, 2u>*, float, float, float, float, unsigned int, float, int, HIP_vector_type<unsigned int, 3u>, int, int, int, int, int, int, int, int, int, int, int, long, int, int, long, int, int, int, int, int, long) [clone .kd]",4,1,758,149960,149960,21504,384,32768,1432,128,0,48,64,"0x0","0x7ddd5e587e80",7172733467891,7172921143290,7172921747290,7172921757388,604000
760,"void flash_attn_combine_results<256>(float const*, HIP_vector_type<float, 2u> const*, float*, int) [clone .kd]",4,1,759,149960,149960,6144,256,512,0,20,0,32,64,"0x0","0x7ddd5e587cc0",7172733469702,7172921773809,7172921805957,7172921808966,32148
761,"void dequantize_block_q4_0<__half>(void const*, __half*, int) [clone .kd]",4,1,760,149960,149960,229376,32,0,0,12,0,16,64,"0x0","0x7dddb3bd2b80",7172733471643,7172921805957,7172921833660,7172921836659,27703
762,"void dequantize_block_q4_0<__half>(void const*, __half*, int) [clone .kd]",4,1,761,149960,149960,229376,32,0,0,12,0,16,64,"0x0","0x7dddb3bd2b80",7172733473179,7172921833660,7172921861068,7172921881157,27408
763,"void flash_attn_tile<256, 256, 4, 2, false>(char const*, char const*, char const*, char const*, char const*, int const*, float*, HIP_vector_type<float, 2u>*, float, float, float, float, unsigned int, float, int, HIP_vector_type<unsigned int, 3u>, int, int, int, int, int, int, int, int, int, int, int, long, int, int, long, int, int, int, int, int, long) [clone .kd]",4,1,762,149960,149960,28416,256,22528,1104,128,0,64,64,"0x0","0x7ddd5e587e00",7172733475590,7172922108771,7172922906104,7172922921501,797333
764,"void flash_attn_combine_results<256>(float const*, HIP_vector_type<float, 2u> const*, float*, int) [clone .kd]",4,1,763,149960,149960,6144,256,512,0,20,0,32,64,"0x0","0x7ddd5e587cc0",7172733477260,7172922906104,7172922939882,7172922942884,33778
765,"void dequantize_block_q4_0<__half>(void const*, __half*, int) [clone .kd]",4,1,764,149960,149960,229376,32,0,0,12,0,16,64,"0x0","0x7dddb3bd2b80",7172733479034,7172922939882,7172922964623,7172922967533,24741
766,"void dequantize_block_q4_0<__half>(void const*, __half*, int) [clone .kd]",4,1,765,149960,149960,229376,32,0,0,12,0,16,64,"0x0","0x7dddb3bd2b80",7172733480563,7172922964623,7172922989215,7172922992021,24592
767,"void flash_attn_tile<256, 256, 4, 6, false>(char const*, char const*, char const*, char const*, char const*, int const*, float*, HIP_vector_type<float, 2u>*, float, float, float, float, unsigned int, float, int, HIP_vector_type<unsigned int, 3u>, int, int, int, int, int, int, int, int, int, int, int, long, int, int, long, int, int, int, int, int, long) [clone .kd]",4,1,766,149960,149960,21504,384,32768,1432,128,0,48,64,"0x0","0x7ddd5e587e80",7172733483251,7172923212475,7172923764623,7172923773987,552148
768,"void flash_attn_combine_results<256>(float const*, HIP_vector_type<float, 2u> const*, float*, int) [clone .kd]",4,1,767,149960,149960,6144,256,512,0,20,0,32,64,"0x0","0x7ddd5e587cc0",7172733485173,7172923781067,7172923809956,7172923812842,28889
769,"void dequantize_block_q4_0<__half>(void const*, __half*, int) [clone .kd]",4,1,768,149960,149960,229376,32,0,0,12,0,16,64,"0x0","0x7dddb3bd2b80",7172733487071,7172923809956,7172923835141,7172923837997,25185
770,"void dequantize_block_q4_0<__half>(void const*, __half*, int) [clone .kd]",4,1,769,149960,149960,229376,32,0,0,12,0,16,64,"0x0","0x7dddb3bd2b80",7172733488802,7172923835141,7172923860030,7172923862930,24889
771,"void flash_attn_tile<256, 256, 4, 2, false>(char const*, char const*, char const*, char const*, char const*, int const*, float*, HIP_vector_type<float, 2u>*, float, float, float, float, unsigned int, float, int, HIP_vector_type<unsigned int, 3u>, int, int, int, int, int, int, int, int, int, int, int, long, int, int, long, int, int, int, int, int, long) [clone .kd]",4,1,770,149960,149960,28416,256,22528,1104,128,0,64,64,"0x0","0x7ddd5e587e00",7172733491220,7172924082993,7172924804474,7172924813671,721481
772,"void flash_attn_combine_results<256>(float const*, HIP_vector_type<float, 2u> const*, float*, int) [clone .kd]",4,1,771,149960,149960,6144,256,512,0,20,0,32,64,"0x0","0x7ddd5e587cc0",7172733493051,7172924804474,7172924827733,7172924830781,23259
773,"void dequantize_block_q4_0<__half>(void const*, __half*, int) [clone .kd]",4,1,772,149960,149960,229376,32,0,0,12,0,16,64,"0x0","0x7dddb3bd2b80",7172733494913,7172924827733,7172924855733,7172924858648,28000
774,"void dequantize_block_q4_0<__half>(void const*, __half*, int) [clone .kd]",4,1,773,149960,149960,229376,32,0,0,12,0,16,64,"0x0","0x7dddb3bd2b80",7172733496474,7172924855733,7172924892918,7172924895961,37185
775,"void flash_attn_tile<256, 256, 4, 6, false>(char const*, char const*, char const*, char const*, char const*, int const*, float*, HIP_vector_type<float, 2u>*, float, float, float, float, unsigned int, float, int, HIP_vector_type<unsigned int, 3u>, int, int, int, int, int, int, int, int, int, int, int, long, int, int, long, int, int, int, int, int, long) [clone .kd]",4,1,774,149960,149960,21504,384,32768,1432,128,0,48,64,"0x0","0x7ddd5e587e80",7172733498824,7172925140770,7172925745511,7172925755273,604741
776,"void flash_attn_combine_results<256>(float const*, HIP_vector_type<float, 2u> const*, float*, int) [clone .kd]",4,1,775,149960,149960,6144,256,512,0,20,0,32,64,"0x0","0x7ddd5e587cc0",7172733500547,7172925771437,7172925803437,7172925806448,32000
777,"void dequantize_block_q4_0<__half>(void const*, __half*, int) [clone .kd]",4,1,776,149960,149960,229376,32,0,0,12,0,16,64,"0x0","0x7dddb3bd2b80",7172733502322,7172925803437,7172925831437,7172925834597,28000
778,"void dequantize_block_q4_0<__half>(void const*, __half*, int) [clone .kd]",4,1,777,149960,149960,229376,32,0,0,12,0,16,64,"0x0","0x7dddb3bd2b80",7172733503881,7172925831437,7172925858548,7172925861517,27111
779,"void flash_attn_tile<256, 256, 4, 2, false>(char const*, char const*, char const*, char const*, char const*, int const*, float*, HIP_vector_type<float, 2u>*, float, float, float, float, unsigned int, float, int, HIP_vector_type<unsigned int, 3u>, int, int, int, int, int, int, int, int, int, int, int, long, int, int, long, int, int, int, int, int, long) [clone .kd]",4,1,778,149960,149960,28416,256,22528,1104,128,0,64,64,"0x0","0x7ddd5e587e00",7172733506085,7172926108029,7172926884770,7172926893609,776741
780,"void flash_attn_combine_results<256>(float const*, HIP_vector_type<float, 2u> const*, float*, int) [clone .kd]",4,1,779,149960,149960,6144,256,512,0,20,0,32,64,"0x0","0x7ddd5e587cc0",7172733508008,7172926884770,7172926917807,7172926920637,33037
781,"void dequantize_block_q4_0<__half>(void const*, __half*, int) [clone .kd]",4,1,780,149960,149960,229376,32,0,0,12,0,16,64,"0x0","0x7dddb3bd2b80",7172733509894,7172926917807,7172926942547,7172926945532,24740
782,"void dequantize_block_q4_0<__half>(void const*, __half*, int) [clone .kd]",4,1,781,149960,149960,229376,32,0,0,12,0,16,64,"0x0","0x7dddb3bd2b80",7172733511612,7172926942547,7172926967140,7172926969942,24593
783,"void flash_attn_tile<256, 256, 4, 6, false>(char const*, char const*, char const*, char const*, char const*, int const*, float*, HIP_vector_type<float, 2u>*, float, float, float, float, unsigned int, float, int, HIP_vector_type<unsigned int, 3u>, int, int, int, int, int, int, int, int, int, int, int, long, int, int, long, int, int, int, int, int, long) [clone .kd]",4,1,782,149960,149960,21504,384,32768,1432,128,0,48,64,"0x0","0x7ddd5e587e80",7172733514006,7172927190695,7172927739584,7172927748433,548889
784,"void flash_attn_combine_results<256>(float const*, HIP_vector_type<float, 2u> const*, float*, int) [clone .kd]",4,1,783,149960,149960,6144,256,512,0,20,0,32,64,"0x0","0x7ddd5e587cc0",7172733515792,7172927759880,7172927788325,7172927791193,28445
785,"void dequantize_block_q4_0<__half>(void const*, __half*, int) [clone .kd]",4,1,784,149960,149960,229376,32,0,0,12,0,16,64,"0x0","0x7dddb3bd2b80",7172733517675,7172927788325,7172927813214,7172927816109,24889
786,"void dequantize_block_q4_0<__half>(void const*, __half*, int) [clone .kd]",4,1,785,149960,149960,229376,32,0,0,12,0,16,64,"0x0","0x7dddb3bd2b80",7172733519287,7172927813214,7172927837806,7172927840858,24592
787,"void flash_attn_tile<256, 256, 4, 2, false>(char const*, char const*, char const*, char const*, char const*, int const*, float*, HIP_vector_type<float, 2u>*, float, float, float, float, unsigned int, float, int, HIP_vector_type<unsigned int, 3u>, int, int, int, int, int, int, int, int, int, int, int, long, int, int, long, int, int, int, int, int, long) [clone .kd]",4,1,786,149960,149960,28416,256,22528,1104,128,0,64,64,"0x0","0x7ddd5e587e00",7172733521668,7172928060621,7172928777510,7172928786289,716889
788,"void flash_attn_combine_results<256>(float const*, HIP_vector_type<float, 2u> const*, float*, int) [clone .kd]",4,1,787,149960,149960,6144,256,512,0,20,0,32,64,"0x0","0x7ddd5e587cc0",7172733523392,7172928777510,7172928800473,7172928803368,22963
789,"void dequantize_block_q4_0<__half>(void const*, __half*, int) [clone .kd]",4,1,788,149960,149960,229376,32,0,0,12,0,16,64,"0x0","0x7dddb3bd2b80",7172733525083,7172928800473,7172928825658,7172928828672,25185
790,"void dequantize_block_q4_0<__half>(void const*, __half*, int) [clone .kd]",4,1,789,149960,149960,229376,32,0,0,12,0,16,64,"0x0","0x7dddb3bd2b80",7172733526608,7172928825658,7172928853065,7172928856083,27407
791,"void flash_attn_tile<256, 256, 4, 6, false>(char const*, char const*, char const*, char const*, char const*, int const*, float*, HIP_vector_type<float, 2u>*, float, float, float, float, unsigned int, float, int, HIP_vector_type<unsigned int, 3u>, int, int, int, int, int, int, int, int, int, int, int, long, int, int, long, int, int, int, int, int, long) [clone .kd]",4,1,790,149960,149960,21504,384,32768,1432,128,0,48,64,"0x0","0x7ddd5e587e80",7172733528744,7172929101065,7172929701361,7172929710587,600296
792,"void flash_attn_combine_results<256>(float const*, HIP_vector_type<float, 2u> const*, float*, int) [clone .kd]",4,1,791,149960,149960,6144,256,512,0,20,0,32,64,"0x0","0x7ddd5e587cc0",7172733530560,7172929732620,7172929764176,7172929767185,31556
793,"void dequantize_block_q4_0<__half>(void const*, __half*, int) [clone .kd]",4,1,792,149960,149960,229376,32,0,0,12,0,16,64,"0x0","0x7dddb3bd2b80",7172733532233,7172929764176,7172929792176,7172929795234,28000
794,"void dequantize_block_q4_0<__half>(void const*, __half*, int) [clone .kd]",4,1,793,149960,149960,229376,32,0,0,12,0,16,64,"0x0","0x7dddb3bd2b80",7172733534007,7172929792176,7172929819287,7172929822171,27111
795,"void flash_attn_tile<256, 256, 4, 2, false>(char const*, char const*, char const*, char const*, char const*, int const*, float*, HIP_vector_type<float, 2u>*, float, float, float, float, unsigned int, float, int, HIP_vector_type<unsigned int, 3u>, int, int, int, int, int, int, int, int, int, int, int, long, int, int, long, int, int, int, int, int, long) [clone .kd]",4,1,794,149960,149960,28416,256,22528,1104,128,0,64,64,"0x0","0x7ddd5e587e00",7172733536519,7172930066842,7172930864472,7172930873480,797630
796,"void flash_attn_combine_results<256>(float const*, HIP_vector_type<float, 2u> const*, float*, int) [clone .kd]",4,1,795,149960,149960,6144,256,512,0,20,0,32,64,"0x0","0x7ddd5e587cc0",7172733538385,7172930864472,7172930887583,7172930890745,23111
797,"void dequantize_block_q4_0<__half>(void const*, __half*, int) [clone .kd]",4,1,796,149960,149960,229376,32,0,0,12,0,16,64,"0x0","0x7dddb3bd2b80",7172733540299,7172930887583,7172930923287,7172930926002,35704
798,"void dequantize_block_q4_0<__half>(void const*, __half*, int) [clone .kd]",4,1,797,149960,149960,229376,32,0,0,12,0,16,64,"0x0","0x7dddb3bd2b80",7172733541915,7172930923287,7172930947731,7172930950655,24444
799,"void flash_attn_tile<256, 256, 4, 6, false>(char const*, char const*, char const*, char const*, char const*, int const*, float*, HIP_vector_type<float, 2u>*, float, float, float, float, unsigned int, float, int, HIP_vector_type<unsigned int, 3u>, int, int, int, int, int, int, int, int, int, int, int, long, int, int, long, int, int, int, int, int, long) [clone .kd]",4,1,798,149960,149960,21504,384,32768,1432,128,0,48,64,"0x0","0x7ddd5e587e80",7172733544276,7172931170990,7172931718842,7172931727554,547852
800,"void flash_attn_combine_results<256>(float const*, HIP_vector_type<float, 2u> const*, float*, int) [clone .kd]",4,1,799,149960,149960,6144,256,512,0,20,0,32,64,"0x0","0x7ddd5e587cc0",7172733546067,7172931739138,7172931767286,7172931770337,28148
801,"void dequantize_block_q4_0<__half>(void const*, __half*, int) [clone .kd]",4,1,801,149960,149960,229376,32,0,0,12,0,16,64,"0x0","0x7dddb3bd2b80",7172931941213,7172931982842,7172932008323,7172932011345,25481
802,"void dequantize_block_q4_0<__half>(void const*, __half*, int) [clone .kd]",4,1,802,149960,149960,229376,32,0,0,12,0,16,64,"0x0","0x7dddb3bd2b80",7172931977180,7172932008323,7172932032768,7172932035632,24445
803,"void flash_attn_tile<256, 256, 4, 6, false>(char const*, char const*, char const*, char const*, char const*, int const*, float*, HIP_vector_type<float, 2u>*, float, float, float, float, unsigned int, float, int, HIP_vector_type<unsigned int, 3u>, int, int, int, int, int, int, int, int, int, int, int, long, int, int, long, int, int, int, int, int, long) [clone .kd]",4,1,803,149960,149960,21504,384,32768,1432,128,0,48,64,"0x0","0x7ddd5e587e80",7172931984414,7172932256027,7172932802841,7172932810953,546814
804,"void flash_attn_combine_results<256>(float const*, HIP_vector_type<float, 2u> const*, float*, int) [clone .kd]",4,1,804,149960,149960,6144,256,512,0,20,0,32,64,"0x0","0x7ddd5e587cc0",7172931988688,7172932824767,7172932856471,7172932859543,31704
805,"void dequantize_block_q4_0<__half>(void const*, __half*, int) [clone .kd]",4,1,807,149960,149960,229376,32,0,0,12,0,16,64,"0x0","0x7dddb3bd2b80",7172932877056,7172932890990,7172932918990,7172932922133,28000
806,"void dequantize_block_q4_0<__half>(void const*, __half*, int) [clone .kd]",4,1,808,149960,149960,229376,32,0,0,12,0,16,64,"0x0","0x7dddb3bd2b80",7172932879043,7172932918990,7172932946545,7172932949653,27555
807,"void flash_attn_tile<256, 256, 4, 2, false>(char const*, char const*, char const*, char const*, char const*, int const*, float*, HIP_vector_type<float, 2u>*, float, float, float, float, unsigned int, float, int, HIP_vector_type<unsigned int, 3u>, int, int, int, int, int, int, int, int, int, int, int, long, int, int, long, int, int, int, int, int, long) [clone .kd]",4,1,809,149960,149960,28416,256,22528,1104,128,0,64,64,"0x0","0x7ddd5e587e00",7172932882685,7172933194101,7172933982248,7172933991003,788147
808,"void flash_attn_combine_results<256>(float const*, HIP_vector_type<float, 2u> const*, float*, int) [clone .kd]",4,1,810,149960,149960,6144,256,512,0,20,0,32,64,"0x0","0x7ddd5e587cc0",7172932884836,7172933982248,7172934006693,7172934009873,24445
809,"void dequantize_block_q4_0<__half>(void const*, __half*, int) [clone .kd]",4,1,812,149960,149960,229376,32,0,0,12,0,16,64,"0x0","0x7dddb3bd2b80",7172934024179,7172934029211,7172934057211,7172934060502,28000
810,"void dequantize_block_q4_0<__half>(void const*, __half*, int) [clone .kd]",4,1,813,149960,149960,229376,32,0,0,12,0,16,64,"0x0","0x7dddb3bd2b80",7172934026575,7172934057211,7172934084471,7172934087791,27260
811,"void flash_attn_tile<256, 256, 4, 6, false>(char const*, char const*, char const*, char const*, char const*, int const*, float*, HIP_vector_type<float, 2u>*, float, float, float, float, unsigned int, float, int, HIP_vector_type<unsigned int, 3u>, int, int, int, int, int, int, int, int, int, int, int, long, int, int, long, int, int, int, int, int, long) [clone .kd]",4,1,814,149960,149960,21504,384,32768,1432,128,0,48,64,"0x0","0x7ddd5e587e80",7172934029088,7172934333063,7172934952767,7172934961062,619704
812,"void flash_attn_combine_results<256>(float const*, HIP_vector_type<float, 2u> const*, float*, int) [clone .kd]",4,1,815,149960,149960,6144,256,512,0,20,0,32,64,"0x0","0x7ddd5e587cc0",7172934030851,7172935018692,7172935048174,7172935051186,29482
813,"void dequantize_block_q4_0<__half>(void const*, __half*, int) [clone .kd]",4,1,818,149960,149960,229376,32,0,0,12,0,16,64,"0x0","0x7dddb3bd2b80",7172935062186,7172935070989,7172935096026,7172935099030,25037
814,"void dequantize_block_q4_0<__half>(void const*, __half*, int) [clone .kd]",4,1,819,149960,149960,229376,32,0,0,12,0,16,64,"0x0","0x7dddb3bd2b80",7172935063714,7172935096026,7172935120322,7172935123409,24296
815,"void flash_attn_tile<256, 256, 4, 2, false>(char const*, char const*, char const*, char const*, char const*, int const*, float*, HIP_vector_type<float, 2u>*, float, float, float, float, unsigned int, float, int, HIP_vector_type<unsigned int, 3u>, int, int, int, int, int, int, int, int, int, int, int, long, int, int, long, int, int, int, int, int, long) [clone .kd]",4,1,820,149960,149960,28416,256,22528,1104,128,0,64,64,"0x0","0x7ddd5e587e00",7172935065872,7172935342989,7172936066988,7172936075597,723999
816,"void flash_attn_combine_results<256>(float const*, HIP_vector_type<float, 2u> const*, float*, int) [clone .kd]",4,1,821,149960,149960,6144,256,512,0,20,0,32,64,"0x0","0x7ddd5e587cc0",7172935067504,7172936066988,7172936089655,7172936092643,22667
817,"void dequantize_block_q4_0<__half>(void const*, __half*, int) [clone .kd]",4,1,823,149960,149960,229376,32,0,0,12,0,16,64,"0x0","0x7dddb3bd2b80",7172936101271,7172936106248,7172936131433,7172936134593,25185
818,"void dequantize_block_q4_0<__half>(void const*, __half*, int) [clone .kd]",4,1,824,149960,149960,229376,32,0,0,12,0,16,64,"0x0","0x7dddb3bd2b80",7172936103669,7172936131433,7172936156025,7172936159171,24592
819,"void flash_attn_tile<256, 256, 4, 6, false>(char const*, char const*, char const*, char const*, char const*, int const*, float*, HIP_vector_type<float, 2u>*, float, float, float, float, unsigned int, float, int, HIP_vector_type<unsigned int, 3u>, int, int, int, int, int, int, int, int, int, int, int, long, int, int, long, int, int, int, int, int, long) [clone .kd]",4,1,825,149960,149960,21504,384,32768,1432,128,0,48,64,"0x0","0x7ddd5e587e80",7172936106047,7172936379136,7172936928766,7172936937176,549630
820,"void flash_attn_combine_results<256>(float const*, HIP_vector_type<float, 2u> const*, float*, int) [clone .kd]",4,1,826,149960,149960,6144,256,512,0,20,0,32,64,"0x0","0x7ddd5e587cc0",7172936108001,7172936948618,7172936977358,7172936980386,28740
821,"void dequantize_block_q4_0<__half>(void const*, __half*, int) [clone .kd]",4,1,829,149960,149960,229376,32,0,0,12,0,16,64,"0x0","0x7dddb3bd2b80",7172936991115,7172936999729,7172937024914,7172937027914,25185
822,"void dequantize_block_q4_0<__half>(void const*, __half*, int) [clone .kd]",4,1,830,149960,149960,229376,32,0,0,12,0,16,64,"0x0","0x7dddb3bd2b80",7172936992896,7172937024914,7172937049506,7172937052694,24592
823,"void flash_attn_tile<256, 256, 4, 2, false>(char const*, char const*, char const*, char const*, char const*, int const*, float*, HIP_vector_type<float, 2u>*, float, float, float, float, unsigned int, float, int, HIP_vector_type<unsigned int, 3u>, int, int, int, int, int, int, int, int, int, int, int, long, int, int, long, int, int, int, int, int, long) [clone .kd]",4,1,831,149960,149960,28416,256,22528,1104,128,0,64,64,"0x0","0x7ddd5e587e00",7172936995022,7172937272173,7172938012469,7172938021638,740296
824,"void flash_attn_combine_results<256>(float const*, HIP_vector_type<float, 2u> const*, float*, int) [clone .kd]",4,1,832,149960,149960,6144,256,512,0,20,0,32,64,"0x0","0x7ddd5e587cc0",7172936996986,7172938012469,7172938037062,7172938040291,24593
825,"void dequantize_block_q4_0<__half>(void const*, __half*, int) [clone .kd]",4,1,834,149960,149960,229376,32,0,0,12,0,16,64,"0x0","0x7dddb3bd2b80",7172938049237,7172938054395,7172938082395,7172938085801,28000
826,"void dequantize_block_q4_0<__half>(void const*, __half*, int) [clone .kd]",4,1,835,149960,149960,229376,32,0,0,12,0,16,64,"0x0","0x7dddb3bd2b80",7172938052182,7172938082395,7172938109654,7172938112946,27259
827,"void flash_attn_tile<256, 256, 4, 6, false>(char const*, char const*, char const*, char const*, char const*, int const*, float*, HIP_vector_type<float, 2u>*, float, float, float, float, unsigned int, float, int, HIP_vector_type<unsigned int, 3u>, int, int, int, int, int, int, int, int, int, int, int, long, int, int, long, int, int, int, int, int, long) [clone .kd]",4,1,836,149960,149960,21504,384,32768,1432,128,0,48,64,"0x0","0x7ddd5e587e80",7172938054802,7172938357950,7172938966839,7172938975491,608889
828,"void flash_attn_combine_results<256>(float const*, HIP_vector_type<float, 2u> const*, float*, int) [clone .kd]",4,1,837,149960,149960,6144,256,512,0,20,0,32,64,"0x0","0x7ddd5e587cc0",7172938056495,7172938988321,7172939020024,7172939023429,31703
829,"void dequantize_block_q4_0<__half>(void const*, __half*, int) [clone .kd]",4,1,840,149960,149960,229376,32,0,0,12,0,16,64,"0x0","0x7dddb3bd2b80",7172939035072,7172939044172,7172939072172,7172939075444,28000
830,"void dequantize_block_q4_0<__half>(void const*, __half*, int) [clone .kd]",4,1,841,149960,149960,229376,32,0,0,12,0,16,64,"0x0","0x7dddb3bd2b80",7172939036667,7172939072172,7172939099283,7172939102627,27111
831,"void flash_attn_tile<256, 256, 4, 2, false>(char const*, char const*, char const*, char const*, char const*, int const*, float*, HIP_vector_type<float, 2u>*, float, float, float, float, unsigned int, float, int, HIP_vector_type<unsigned int, 3u>, int, int, int, int, int, int, int, int, int, int, int, long, int, int, long, int, int, int, int, int, long) [clone .kd]",4,1,842,149960,149960,28416,256,22528,1104,128,0,64,64,"0x0","0x7ddd5e587e00",7172939038755,7172939346987,7172940128024,7172940136975,781037
832,"void flash_attn_combine_results<256>(float const*, HIP_vector_type<float, 2u> const*, float*, int) [clone .kd]",4,1,843,149960,149960,6144,256,512,0,20,0,32,64,"0x0","0x7ddd5e587cc0",7172939040640,7172940128024,7172940150987,7172940154231,22963
833,"void dequantize_block_q4_0<__half>(void const*, __half*, int) [clone .kd]",4,1,845,149960,149960,229376,32,0,0,12,0,16,64,"0x0","0x7dddb3bd2b80",7172940162564,7172940167431,7172940192765,7172940196059,25334
834,"void dequantize_block_q4_0<__half>(void const*, __half*, int) [clone .kd]",4,1,846,149960,149960,229376,32,0,0,12,0,16,64,"0x0","0x7dddb3bd2b80",7172940165100,7172940192765,7172940217653,7172940220803,24888
835,"void flash_attn_tile<256, 256, 4, 6, false>(char const*, char const*, char const*, char const*, char const*, int const*, float*, HIP_vector_type<float, 2u>*, float, float, float, float, unsigned int, float, int, HIP_vector_type<unsigned int, 3u>, int, int, int, int, int, int, int, int, int, int, int, long, int, int, long, int, int, int, int, int, long) [clone .kd]",4,1,847,149960,149960,21504,384,32768,1432,128,0,48,64,"0x0","0x7ddd5e587e80",7172940167377,7172940440913,7172940984912,7172940993090,543999
836,"void flash_attn_combine_results<256>(float const*, HIP_vector_type<float, 2u> const*, float*, int) [clone .kd]",4,1,848,149960,149960,6144,256,512,0,20,0,32,64,"0x0","0x7ddd5e587cc0",7172940169071,7172941000912,7172941028468,7172941031381,27556
837,"void dequantize_block_q4_0<__half>(void const*, __half*, int) [clone .kd]",4,1,851,149960,149960,229376,32,0,0,12,0,16,64,"0x0","0x7dddb3bd2b80",7172941042160,7172941050246,7172941073949,7172941077106,23703
838,"void dequantize_block_q4_0<__half>(void const*, __half*, int) [clone .kd]",4,1,852,149960,149960,229376,32,0,0,12,0,16,64,"0x0","0x7dddb3bd2b80",7172941043898,7172941073949,7172941097061,7172941100199,23112
839,"void flash_attn_tile<256, 256, 4, 2, false>(char const*, char const*, char const*, char const*, char const*, int const*, float*, HIP_vector_type<float, 2u>*, float, float, float, float, unsigned int, float, int, HIP_vector_type<unsigned int, 3u>, int, int, int, int, int, int, int, int, int, int, int, long, int, int, long, int, int, int, int, int, long) [clone .kd]",4,1,853,149960,149960,28416,256,22528,1104,128,0,64,64,"0x0","0x7ddd5e587e00",7172941046031,7172941306838,7172942017653,7172942026842,710815
840,"void flash_attn_combine_results<256>(float const*, HIP_vector_type<float, 2u> const*, float*, int) [clone .kd]",4,1,854,149960,149960,6144,256,512,0,20,0,32,64,"0x0","0x7ddd5e587cc0",7172941047560,7172942017653,7172942039875,7172942043070,22222
841,"void dequantize_block_q4_0<__half>(void const*, __half*, int) [clone .kd]",4,1,856,149960,149960,229376,32,0,0,12,0,16,64,"0x0","0x7dddb3bd2b80",7172942052089,7172942057208,7172942082245,7172942085419,25037
842,"void dequantize_block_q4_0<__half>(void const*, __half*, int) [clone .kd]",4,1,857,149960,149960,229376,32,0,0,12,0,16,64,"0x0","0x7dddb3bd2b80",7172942054932,7172942082245,7172942106690,7172942109796,24445
843,"void flash_attn_tile<256, 256, 4, 6, false>(char const*, char const*, char const*, char const*, char const*, int const*, float*, HIP_vector_type<float, 2u>*, float, float, float, float, unsigned int, float, int, HIP_vector_type<unsigned int, 3u>, int, int, int, int, int, int, int, int, int, int, int, long, int, int, long, int, int, int, int, int, long) [clone .kd]",4,1,858,149960,149960,21504,384,32768,1432,128,0,48,64,"0x0","0x7ddd5e587e80",7172942057428,7172942329801,7172942881504,7172942890709,551703
844,"void flash_attn_combine_results<256>(float const*, HIP_vector_type<float, 2u> const*, float*, int) [clone .kd]",4,1,859,149960,149960,6144,256,512,0,20,0,32,64,"0x0","0x7ddd5e587cc0",7172942059407,7172942898245,7172942926986,7172942930051,28741
845,"void dequantize_block_q4_0<__half>(void const*, __half*, int) [clone .kd]",4,1,862,149960,149960,229376,32,0,0,12,0,16,64,"0x0","0x7dddb3bd2b80",7172942941749,7172942949060,7172942973949,7172942977195,24889
846,"void dequantize_block_q4_0<__half>(void const*, __half*, int) [clone .kd]",4,1,863,149960,149960,229376,32,0,0,12,0,16,64,"0x0","0x7dddb3bd2b80",7172942944128,7172942973949,7172942998541,7172943001638,24592
847,"void flash_attn_tile<256, 256, 4, 2, false>(char const*, char const*, char const*, char const*, char const*, int const*, float*, HIP_vector_type<float, 2u>*, float, float, float, float, unsigned int, float, int, HIP_vector_type<unsigned int, 3u>, int, int, int, int, int, int, int, int, int, int, int, long, int, int, long, int, int, int, int, int, long) [clone .kd]",4,1,864,149960,149960,28416,256,22528,1104,128,0,64,64,"0x0","0x7ddd5e587e00",7172942946510,7172943221356,7172943957356,7172943967192,736000
848,"void flash_attn_combine_results<256>(float const*, HIP_vector_type<float, 2u> const*, float*, int) [clone .kd]",4,1,865,149960,149960,6144,256,512,0,20,0,32,64,"0x0","0x7ddd5e587cc0",7172942948222,7172943957356,7172943982245,7172943985596,24889
849,"void dequantize_block_q4_0<__half>(void const*, __half*, int) [clone .kd]",4,1,867,149960,149960,229376,32,0,0,12,0,16,64,"0x0","0x7dddb3bd2b80",7172943995831,7172944001800,7172944029800,7172944033459,28000
850,"void dequantize_block_q4_0<__half>(void const*, __half*, int) [clone .kd]",4,1,868,149960,149960,229376,32,0,0,12,0,16,64,"0x0","0x7dddb3bd2b80",7172943999593,7172944029800,7172944056911,7172944060547,27111
851,"void flash_attn_tile<256, 256, 4, 6, false>(char const*, char const*, char const*, char const*, char const*, int const*, float*, HIP_vector_type<float, 2u>*, float, float, float, float, unsigned int, float, int, HIP_vector_type<unsigned int, 3u>, int, int, int, int, int, int, int, int, int, int, int, long, int, int, long, int, int, int, int, int, long) [clone .kd]",4,1,869,149960,149960,21504,384,32768,1432,128,0,48,64,"0x0","0x7ddd5e587e80",7172944003944,7172944304911,7172944909948,7172944918677,605037
852,"void flash_attn_combine_results<256>(float const*, HIP_vector_type<float, 2u> const*, float*, int) [clone .kd]",4,1,870,149960,149960,6144,256,512,0,20,0,32,64,"0x0","0x7ddd5e587cc0",7172944006111,7172944934392,7172944966837,7172944970142,32445
853,"void dequantize_block_q4_0<__half>(void const*, __half*, int) [clone .kd]",4,1,873,149960,149960,229376,32,0,0,12,0,16,64,"0x0","0x7dddb3bd2b80",7172944981936,7172944991133,7172945019133,7172945022529,28000
854,"void dequantize_block_q4_0<__half>(void const*, __half*, int) [clone .kd]",4,1,874,149960,149960,229376,32,0,0,12,0,16,64,"0x0","0x7dddb3bd2b80",7172944983678,7172945019133,7172945046392,7172945049959,27259
855,"void flash_attn_tile<256, 256, 4, 2, false>(char const*, char const*, char const*, char const*, char const*, int const*, float*, HIP_vector_type<float, 2u>*, float, float, float, float, unsigned int, float, int, HIP_vector_type<unsigned int, 3u>, int, int, int, int, int, int, int, int, int, int, int, long, int, int, long, int, int, int, int, int, long) [clone .kd]",4,1,875,149960,149960,28416,256,22528,1104,128,0,64,64,"0x0","0x7ddd5e587e00",7172944986074,7172945294096,7172946075725,7172946084357,781629
856,"void flash_attn_combine_results<256>(float const*, HIP_vector_type<float, 2u> const*, float*, int) [clone .kd]",4,1,876,149960,149960,6144,256,512,0,20,0,32,64,"0x0","0x7ddd5e587cc0",7172944987991,7172946075725,7172946098096,7172946101651,22371
857,"void dequantize_block_q4_0<__half>(void const*, __half*, int) [clone .kd]",4,1,878,149960,149960,229376,32,0,0,12,0,16,64,"0x0","0x7dddb3bd2b80",7172946110359,7172946115133,7172946140318,7172946143727,25185
858,"void dequantize_block_q4_0<__half>(void const*, __half*, int) [clone .kd]",4,1,879,149960,149960,229376,32,0,0,12,0,16,64,"0x0","0x7dddb3bd2b80",7172946112952,7172946140318,7172946164910,7172946168358,24592
859,"void flash_attn_tile<256, 256, 4, 6, false>(char const*, char const*, char const*, char const*, char const*, int const*, float*, HIP_vector_type<float, 2u>*, float, float, float, float, unsigned int, float, int, HIP_vector_type<unsigned int, 3u>, int, int, int, int, int, int, int, int, int, int, int, long, int, int, long, int, int, int, int, int, long) [clone .kd]",4,1,880,149960,149960,21504,384,32768,1432,128,0,48,64,"0x0","0x7ddd5e587e80",7172946115542,7172946390102,7172946938104,7172946948454,548002
860,"void flash_attn_combine_results<256>(float const*, HIP_vector_type<float, 2u> const*, float*, int) [clone .kd]",4,1,881,149960,149960,6144,256,512,0,20,0,32,64,"0x0","0x7ddd5e587cc0",7172946117409,7172946958696,7172946987140,7172946988522,28444
861,"void dequantize_block_q4_0<__half>(void const*, __half*, int) [clone .kd]",4,1,884,149960,149960,229376,32,0,0,12,0,16,64,"0x0","0x7dddb3bd2b80",7172946999553,7172947009215,7172947034696,7172947036289,25481
862,"void dequantize_block_q4_0<__half>(void const*, __half*, int) [clone .kd]",4,1,885,149960,149960,229376,32,0,0,12,0,16,64,"0x0","0x7dddb3bd2b80",7172947002722,7172947034696,7172947059141,7172947060573,24445
863,"void flash_attn_tile<256, 256, 4, 2, false>(char const*, char const*, char const*, char const*, char const*, int const*, float*, HIP_vector_type<float, 2u>*, float, float, float, float, unsigned int, float, int, HIP_vector_type<unsigned int, 3u>, int, int, int, int, int, int, int, int, int, int, int, long, int, int, long, int, int, int, int, int, long) [clone .kd]",4,1,886,149960,149960,28416,256,22528,1104,128,0,64,64,"0x0","0x7ddd5e587e00",7172947004954,7172947281808,7172948005515,7172948012781,723707
864,"void flash_attn_combine_results<256>(float const*, HIP_vector_type<float, 2u> const*, float*, int) [clone .kd]",4,1,887,149960,149960,6144,256,512,0,20,0,32,64,"0x0","0x7ddd5e587cc0",7172947006644,7172948005515,7172948028182,7172948029746,22667
865,"void dequantize_block_q4_0<__half>(void const*, __half*, int) [clone .kd]",4,1,889,149960,149960,229376,32,0,0,12,0,16,64,"0x0","0x7dddb3bd2b80",7172948038870,7172948045367,7172948070553,7172948072332,25186
866,"void dequantize_block_q4_0<__half>(void const*, __half*, int) [clone .kd]",4,1,890,149960,149960,229376,32,0,0,12,0,16,64,"0x0","0x7dddb3bd2b80",7172948041490,7172948070553,7172948095293,7172948096911,24740
867,"void flash_attn_tile<256, 256, 4, 6, false>(char const*, char const*, char const*, char const*, char const*, int const*, float*, HIP_vector_type<float, 2u>*, float, float, float, float, unsigned int, float, int, HIP_vector_type<unsigned int, 3u>, int, int, int, int, int, int, int, int, int, int, int, long, int, int, long, int, int, int, int, int, long) [clone .kd]",4,1,891,149960,149960,21504,384,32768,1432,128,0,48,64,"0x0","0x7ddd5e587e80",7172948043943,7172948318405,7172948870408,7172948877038,552003
868,"void flash_attn_combine_results<256>(float const*, HIP_vector_type<float, 2u> const*, float*, int) [clone .kd]",4,1,892,149960,149960,6144,256,512,0,20,0,32,64,"0x0","0x7ddd5e587cc0",7172948045866,7172948897371,7172948929223,7172948930845,31852
869,"void dequantize_block_q4_0<__half>(void const*, __half*, int) [clone .kd]",4,1,895,149960,149960,229376,32,0,0,12,0,16,64,"0x0","0x7dddb3bd2b80",7172948942372,7172948952927,7172948980779,7172948982638,27852
870,"void dequantize_block_q4_0<__half>(void const*, __half*, int) [clone .kd]",4,1,896,149960,149960,229376,32,0,0,12,0,16,64,"0x0","0x7dddb3bd2b80",7172948944168,7172948980779,7172949008334,7172949010110,27555
871,"void flash_attn_tile<256, 256, 4, 2, false>(char const*, char const*, char const*, char const*, char const*, int const*, float*, HIP_vector_type<float, 2u>*, float, float, float, float, unsigned int, float, int, HIP_vector_type<unsigned int, 3u>, int, int, int, int, int, int, int, int, int, int, int, long, int, int, long, int, int, int, int, int, long) [clone .kd]",4,1,897,149960,149960,28416,256,22528,1104,128,0,64,64,"0x0","0x7ddd5e587e00",7172948946323,7172949255743,7172950048487,7172950056512,792744
872,"void flash_attn_combine_results<256>(float const*, HIP_vector_type<float, 2u> const*, float*, int) [clone .kd]",4,1,898,149960,149960,6144,256,512,0,20,0,32,64,"0x0","0x7ddd5e587cc0",7172948947923,7172950048487,7172950072783,7172950074742,24296
873,"void dequantize_block_q4_0<__half>(void const*, __half*, int) [clone .kd]",4,1,900,149960,149960,229376,32,0,0,12,0,16,64,"0x0","0x7dddb3bd2b80",7172950088996,7172950098858,7172950126710,7172950128770,27852
874,"void dequantize_block_q4_0<__half>(void const*, __half*, int) [clone .kd]",4,1,901,149960,149960,229376,32,0,0,12,0,16,64,"0x0","0x7dddb3bd2b80",7172950095649,7172950126710,7172950153969,7172950155793,27259
875,"void flash_attn_tile<256, 256, 4, 6, false>(char const*, char const*, char const*, char const*, char const*, int const*, float*, HIP_vector_type<float, 2u>*, float, float, float, float, unsigned int, float, int, HIP_vector_type<unsigned int, 3u>, int, int, int, int, int, int, int, int, int, int, int, long, int, int, long, int, int, int, int, int, long) [clone .kd]",4,1,902,149960,149960,21504,384,32768,1432,128,0,48,64,"0x0","0x7ddd5e587e80",7172950099394,7172950402266,7172951008936,7172951016188,606670
876,"void flash_attn_combine_results<256>(float const*, HIP_vector_type<float, 2u> const*, float*, int) [clone .kd]",4,1,903,149960,149960,6144,256,512,0,20,0,32,64,"0x0","0x7ddd5e587cc0",7172950101420,7172951022862,7172951051306,7172951069131,28444
877,"void dequantize_block_q4_0<__half>(void const*, __half*, int) [clone .kd]",4,1,906,149960,149960,229376,32,0,0,12,0,16,64,"0x0","0x7dddb3bd2b80",7172951075325,7172951084195,7172951109677,7172951111321,25482
878,"void dequantize_block_q4_0<__half>(void const*, __half*, int) [clone .kd]",4,1,907,149960,149960,229376,32,0,0,12,0,16,64,"0x0","0x7dddb3bd2b80",7172951077334,7172951109677,7172951134269,7172951135990,24592
879,"void flash_attn_tile<256, 256, 4, 2, false>(char const*, char const*, char const*, char const*, char const*, int const*, float*, HIP_vector_type<float, 2u>*, float, float, float, float, unsigned int, float, int, HIP_vector_type<unsigned int, 3u>, int, int, int, int, int, int, int, int, int, int, int, long, int, int, long, int, int, int, int, int, long) [clone .kd]",4,1,908,149960,149960,28416,256,22528,1104,128,0,64,64,"0x0","0x7ddd5e587e00",7172951080013,7172951357085,7172952079014,7172952086084,721929
880,"void flash_attn_combine_results<256>(float const*, HIP_vector_type<float, 2u> const*, float*, int) [clone .kd]",4,1,909,149960,149960,6144,256,512,0,20,0,32,64,"0x0","0x7ddd5e587cc0",7172951082147,7172952079014,7172952101088,7172952102819,22074
