"Index","KernelName","gpu-id","queue-id","queue-index","pid","tid","grd","wgr","lds","scr","arch_vgpr","accum_vgpr","sgpr","wave_size","sig","obj","DispatchNs","BeginNs","EndNs","CompleteNs","DurationNs"
0,"__amd_rocclr_fillBufferAligned.kd",4,0,0,150034,150034,3584,256,0,0,12,0,32,64,"0x0","0x78a6425a5740",7173382667889,7173382765813,7173382773220,7173382783302,7407
1,"void dequantize_block_q4_0<__half>(void const*, __half*, int) [clone .kd]",4,1,0,150034,150034,229376,32,0,0,12,0,16,64,"0x0","0x78a5c96d2b80",7173385777157,7173385791054,7173385814609,7173385819753,23555
2,"void dequantize_block_q4_0<__half>(void const*, __half*, int) [clone .kd]",4,1,1,150034,150034,229376,32,0,0,12,0,16,64,"0x0","0x78a5c96d2b80",7173385784674,7173385814609,7173385838016,7173385840002,23407
3,"void flash_attn_tile<256, 256, 4, 2, false>(char const*, char const*, char const*, char const*, char const*, int const*, float*, HIP_vector_type<float, 2u>*, float, float, float, float, unsigned int, float, int, HIP_vector_type<unsigned int, 3u>, int, int, int, int, int, int, int, int, int, int, int, long, int, int, long, int, int, int, int, int, long) [clone .kd]",4,1,2,150034,150034,28416,256,22528,1104,128,0,64,64,"0x0","0x78a506387e00",7173386737927,7173387159458,7173387867881,7173388413195,708423
4,"void flash_attn_combine_results<256>(float const*, HIP_vector_type<float, 2u> const*, float*, int) [clone .kd]",4,1,3,150034,150034,6144,256,512,0,20,0,32,64,"0x0","0x78a506387cc0",7173386743703,7173387867881,7173387889065,7173388425394,21184
5,"void dequantize_block_q4_0<__half>(void const*, __half*, int) [clone .kd]",4,1,4,150034,150034,229376,32,0,0,12,0,16,64,"0x0","0x78a5c96d2b80",7173386747193,7173387889065,7173387912620,7173388428346,23555
6,"void dequantize_block_q4_0<__half>(void const*, __half*, int) [clone .kd]",4,1,5,150034,150034,229376,32,0,0,12,0,16,64,"0x0","0x78a5c96d2b80",7173386750352,7173387912620,7173387935434,7173388430558,22814
7,"void flash_attn_tile<256, 256, 4, 6, false>(char const*, char const*, char const*, char const*, char const*, int const*, float*, HIP_vector_type<float, 2u>*, float, float, float, float, unsigned int, float, int, HIP_vector_type<unsigned int, 3u>, int, int, int, int, int, int, int, int, int, int, int, long, int, int, long, int, int, int, int, int, long) [clone .kd]",4,1,6,150034,150034,21504,384,32768,1432,128,0,48,64,"0x0","0x78a506387e80",7173386770462,7173388542379,7173389081770,7173389165866,539391
8,"void flash_attn_combine_results<256>(float const*, HIP_vector_type<float, 2u> const*, float*, int) [clone .kd]",4,1,7,150034,150034,6144,256,512,0,20,0,32,64,"0x0","0x78a506387cc0",7173386773072,7173389185471,7173389212877,7173389223397,27406
9,"void dequantize_block_q4_0<__half>(void const*, __half*, int) [clone .kd]",4,1,8,150034,150034,229376,32,0,0,12,0,16,64,"0x0","0x78a5c96d2b80",7173386775520,7173389212877,7173389236136,7173389254264,23259
10,"void dequantize_block_q4_0<__half>(void const*, __half*, int) [clone .kd]",4,1,9,150034,150034,229376,32,0,0,12,0,16,64,"0x0","0x78a5c96d2b80",7173386777651,7173389236136,7173389259394,7173389262445,23258
11,"void flash_attn_tile<256, 256, 4, 2, false>(char const*, char const*, char const*, char const*, char const*, int const*, float*, HIP_vector_type<float, 2u>*, float, float, float, float, unsigned int, float, int, HIP_vector_type<unsigned int, 3u>, int, int, int, int, int, int, int, int, int, int, int, long, int, int, long, int, int, int, int, int, long) [clone .kd]",4,1,10,150034,150034,28416,256,22528,1104,128,0,64,64,"0x0","0x78a506387e00",7173386780802,7173389469018,7173390179515,7173390263127,710497
12,"void flash_attn_combine_results<256>(float const*, HIP_vector_type<float, 2u> const*, float*, int) [clone .kd]",4,1,11,150034,150034,6144,256,512,0,20,0,32,64,"0x0","0x78a506387cc0",7173386782979,7173390179515,7173390200551,7173390276090,21036
13,"void dequantize_block_q4_0<__half>(void const*, __half*, int) [clone .kd]",4,1,12,150034,150034,229376,32,0,0,12,0,16,64,"0x0","0x78a5c96d2b80",7173386784911,7173390200551,7173390223810,7173390278298,23259
14,"void dequantize_block_q4_0<__half>(void const*, __half*, int) [clone .kd]",4,1,13,150034,150034,229376,32,0,0,12,0,16,64,"0x0","0x78a5c96d2b80",7173386786634,7173390223810,7173390246772,7173390279900,22962
15,"void flash_attn_tile<256, 256, 4, 6, false>(char const*, char const*, char const*, char const*, char const*, int const*, float*, HIP_vector_type<float, 2u>*, float, float, float, float, unsigned int, float, int, HIP_vector_type<unsigned int, 3u>, int, int, int, int, int, int, int, int, int, int, int, long, int, int, long, int, int, int, int, int, long) [clone .kd]",4,1,14,150034,150034,21504,384,32768,1432,128,0,48,64,"0x0","0x78a506387e80",7173386789229,7173390456988,7173390998453,7173391088877,541465
16,"void flash_attn_combine_results<256>(float const*, HIP_vector_type<float, 2u> const*, float*, int) [clone .kd]",4,1,15,150034,150034,6144,256,512,0,20,0,32,64,"0x0","0x78a506387cc0",7173386791235,7173391100376,7173391128819,7173391139457,28443
17,"void dequantize_block_q4_0<__half>(void const*, __half*, int) [clone .kd]",4,1,16,150034,150034,229376,32,0,0,12,0,16,64,"0x0","0x78a5c96d2b80",7173386793121,7173391128819,7173391152374,7173391169512,23555
18,"void dequantize_block_q4_0<__half>(void const*, __half*, int) [clone .kd]",4,1,17,150034,150034,229376,32,0,0,12,0,16,64,"0x0","0x78a5c96d2b80",7173386794715,7173391152374,7173391175336,7173391199688,22962
19,"void flash_attn_tile<256, 256, 4, 2, false>(char const*, char const*, char const*, char const*, char const*, int const*, float*, HIP_vector_type<float, 2u>*, float, float, float, float, unsigned int, float, int, HIP_vector_type<unsigned int, 3u>, int, int, int, int, int, int, int, int, int, int, int, long, int, int, long, int, int, int, int, int, long) [clone .kd]",4,1,18,150034,150034,28416,256,22528,1104,128,0,64,64,"0x0","0x78a506387e00",7173386797101,7173391385404,7173392097975,7173392179713,712571
20,"void flash_attn_combine_results<256>(float const*, HIP_vector_type<float, 2u> const*, float*, int) [clone .kd]",4,1,19,150034,150034,6144,256,512,0,20,0,32,64,"0x0","0x78a506387cc0",7173386799356,7173392097975,7173392119456,7173392194768,21481
21,"void dequantize_block_q4_0<__half>(void const*, __half*, int) [clone .kd]",4,1,20,150034,150034,229376,32,0,0,12,0,16,64,"0x0","0x78a5c96d2b80",7173386801194,7173392119456,7173392142863,7173392197045,23407
22,"void dequantize_block_q4_0<__half>(void const*, __half*, int) [clone .kd]",4,1,21,150034,150034,229376,32,0,0,12,0,16,64,"0x0","0x78a5c96d2b80",7173386802772,7173392142863,7173392165825,7173392198672,22962
23,"void flash_attn_tile<256, 256, 4, 6, false>(char const*, char const*, char const*, char const*, char const*, int const*, float*, HIP_vector_type<float, 2u>*, float, float, float, float, unsigned int, float, int, HIP_vector_type<unsigned int, 3u>, int, int, int, int, int, int, int, int, int, int, int, long, int, int, long, int, int, int, int, int, long) [clone .kd]",4,1,22,150034,150034,21504,384,32768,1432,128,0,48,64,"0x0","0x78a506387e80",7173386805325,7173392376337,7173392915284,7173392995996,538947
24,"void flash_attn_combine_results<256>(float const*, HIP_vector_type<float, 2u> const*, float*, int) [clone .kd]",4,1,23,150034,150034,6144,256,512,0,20,0,32,64,"0x0","0x78a506387cc0",7173386807151,7173393028021,7173393056317,7173393065980,28296
25,"void dequantize_block_q4_0<__half>(void const*, __half*, int) [clone .kd]",4,1,24,150034,150034,229376,32,0,0,12,0,16,64,"0x0","0x78a5c96d2b80",7173386808869,7173393056317,7173393081057,7173393098856,24740
26,"void dequantize_block_q4_0<__half>(void const*, __half*, int) [clone .kd]",4,1,25,150034,150034,229376,32,0,0,12,0,16,64,"0x0","0x78a5c96d2b80",7173386810461,7173393081057,7173393105945,7173393127707,24888
27,"void flash_attn_tile<256, 256, 4, 2, false>(char const*, char const*, char const*, char const*, char const*, int const*, float*, HIP_vector_type<float, 2u>*, float, float, float, float, unsigned int, float, int, HIP_vector_type<unsigned int, 3u>, int, int, int, int, int, int, int, int, int, int, int, long, int, int, long, int, int, int, int, int, long) [clone .kd]",4,1,26,150034,150034,28416,256,22528,1104,128,0,64,64,"0x0","0x78a506387e00",7173386812720,7173393328457,7173394047991,7173394126257,719534
28,"void flash_attn_combine_results<256>(float const*, HIP_vector_type<float, 2u> const*, float*, int) [clone .kd]",4,1,27,150034,150034,6144,256,512,0,20,0,32,64,"0x0","0x78a506387cc0",7173386814619,7173394047991,7173394070805,7173394136527,22814
29,"void dequantize_block_q4_0<__half>(void const*, __half*, int) [clone .kd]",4,1,28,150034,150034,229376,32,0,0,12,0,16,64,"0x0","0x78a5c96d2b80",7173386816415,7173394070805,7173394095693,7173394142028,24888
30,"void dequantize_block_q4_0<__half>(void const*, __half*, int) [clone .kd]",4,1,29,150034,150034,229376,32,0,0,12,0,16,64,"0x0","0x78a5c96d2b80",7173386818068,7173394095693,7173394120285,7173394144019,24592
31,"void flash_attn_tile<256, 256, 4, 6, false>(char const*, char const*, char const*, char const*, char const*, int const*, float*, HIP_vector_type<float, 2u>*, float, float, float, float, unsigned int, float, int, HIP_vector_type<unsigned int, 3u>, int, int, int, int, int, int, int, int, int, int, int, long, int, int, long, int, int, int, int, int, long) [clone .kd]",4,1,30,150034,150034,21504,384,32768,1432,128,0,48,64,"0x0","0x78a506387e80",7173386820452,7173394343389,7173394887521,7173394967158,544132
32,"void flash_attn_combine_results<256>(float const*, HIP_vector_type<float, 2u> const*, float*, int) [clone .kd]",4,1,31,150034,150034,6144,256,512,0,20,0,32,64,"0x0","0x78a506387cc0",7173386822176,7173395025146,7173395053590,7173395064567,28444
33,"void dequantize_block_q4_0<__half>(void const*, __half*, int) [clone .kd]",4,1,32,150034,150034,229376,32,0,0,12,0,16,64,"0x0","0x78a5c96d2b80",7173386824274,7173395053590,7173395078478,7173395095749,24888
34,"void dequantize_block_q4_0<__half>(void const*, __half*, int) [clone .kd]",4,1,33,150034,150034,229376,32,0,0,12,0,16,64,"0x0","0x78a5c96d2b80",7173386825855,7173395078478,7173395103366,7173395123787,24888
35,"void flash_attn_tile<256, 256, 4, 2, false>(char const*, char const*, char const*, char const*, char const*, int const*, float*, HIP_vector_type<float, 2u>*, float, float, float, float, unsigned int, float, int, HIP_vector_type<unsigned int, 3u>, int, int, int, int, int, int, int, int, int, int, int, long, int, int, long, int, int, int, int, int, long) [clone .kd]",4,1,34,150034,150034,28416,256,22528,1104,128,0,64,64,"0x0","0x78a506387e00",7173386828052,7173395326174,7173396044375,7173396123858,718201
36,"void flash_attn_combine_results<256>(float const*, HIP_vector_type<float, 2u> const*, float*, int) [clone .kd]",4,1,35,150034,150034,6144,256,512,0,20,0,32,64,"0x0","0x78a506387cc0",7173386829696,7173396044375,7173396066596,7173396134374,22221
37,"void dequantize_block_q4_0<__half>(void const*, __half*, int) [clone .kd]",4,1,36,150034,150034,229376,32,0,0,12,0,16,64,"0x0","0x78a5c96d2b80",7173386831341,7173396066596,7173396091485,7173396136701,24889
38,"void dequantize_block_q4_0<__half>(void const*, __half*, int) [clone .kd]",4,1,37,150034,150034,229376,32,0,0,12,0,16,64,"0x0","0x78a5c96d2b80",7173386832920,7173396091485,7173396116225,7173396141725,24740
39,"void flash_attn_tile<256, 256, 4, 6, false>(char const*, char const*, char const*, char const*, char const*, int const*, float*, HIP_vector_type<float, 2u>*, float, float, float, float, unsigned int, float, int, HIP_vector_type<unsigned int, 3u>, int, int, int, int, int, int, int, int, int, int, int, long, int, int, long, int, int, int, int, int, long) [clone .kd]",4,1,38,150034,150034,21504,384,32768,1432,128,0,48,64,"0x0","0x78a506387e80",7173386835066,7173396339329,7173396887609,7173396967551,548280
40,"void flash_attn_combine_results<256>(float const*, HIP_vector_type<float, 2u> const*, float*, int) [clone .kd]",4,1,39,150034,150034,6144,256,512,0,20,0,32,64,"0x0","0x78a506387cc0",7173386836732,7173397021234,7173397049826,7173397058808,28592
41,"void dequantize_block_q4_0<__half>(void const*, __half*, int) [clone .kd]",4,1,40,150034,150034,229376,32,0,0,12,0,16,64,"0x0","0x78a5c96d2b80",7173386838471,7173397049826,7173397074566,7173397092105,24740
42,"void dequantize_block_q4_0<__half>(void const*, __half*, int) [clone .kd]",4,1,41,150034,150034,229376,32,0,0,12,0,16,64,"0x0","0x78a5c96d2b80",7173386841557,7173397074566,7173397099306,7173397120066,24740
43,"void flash_attn_tile<256, 256, 4, 2, false>(char const*, char const*, char const*, char const*, char const*, int const*, float*, HIP_vector_type<float, 2u>*, float, float, float, float, unsigned int, float, int, HIP_vector_type<unsigned int, 3u>, int, int, int, int, int, int, int, int, int, int, int, long, int, int, long, int, int, int, int, int, long) [clone .kd]",4,1,42,150034,150034,28416,256,22528,1104,128,0,64,64,"0x0","0x78a506387e00",7173386844220,7173397322262,7173398039426,7173398138508,717164
44,"void flash_attn_combine_results<256>(float const*, HIP_vector_type<float, 2u> const*, float*, int) [clone .kd]",4,1,43,150034,150034,6144,256,512,0,20,0,32,64,"0x0","0x78a506387cc0",7173386846453,7173398039426,7173398062536,7173398149326,23110
45,"void dequantize_block_q4_0<__half>(void const*, __half*, int) [clone .kd]",4,1,44,150034,150034,229376,32,0,0,12,0,16,64,"0x0","0x78a5c96d2b80",7173386848594,7173398062536,7173398087573,7173398151561,25037
46,"void dequantize_block_q4_0<__half>(void const*, __half*, int) [clone .kd]",4,1,45,150034,150034,229376,32,0,0,12,0,16,64,"0x0","0x78a5c96d2b80",7173386850246,7173398087573,7173398112164,7173398153250,24591
47,"void flash_attn_tile<256, 256, 4, 6, false>(char const*, char const*, char const*, char const*, char const*, int const*, float*, HIP_vector_type<float, 2u>*, float, float, float, float, unsigned int, float, int, HIP_vector_type<unsigned int, 3u>, int, int, int, int, int, int, int, int, int, int, int, long, int, int, long, int, int, int, int, int, long) [clone .kd]",4,1,46,150034,150034,21504,384,32768,1432,128,0,48,64,"0x0","0x78a506387e80",7173386852554,7173398335417,7173398882363,7173398958961,546946
48,"void flash_attn_combine_results<256>(float const*, HIP_vector_type<float, 2u> const*, float*, int) [clone .kd]",4,1,47,150034,150034,6144,256,512,0,20,0,32,64,"0x0","0x78a506387cc0",7173386854573,7173399017174,7173399046210,7173399056315,29036
49,"void dequantize_block_q4_0<__half>(void const*, __half*, int) [clone .kd]",4,1,48,150034,150034,229376,32,0,0,12,0,16,64,"0x0","0x78a5c96d2b80",7173386856667,7173399046210,7173399070950,7173399086734,24740
50,"void dequantize_block_q4_0<__half>(void const*, __half*, int) [clone .kd]",4,1,49,150034,150034,229376,32,0,0,12,0,16,64,"0x0","0x78a5c96d2b80",7173386858334,7173399070950,7173399095542,7173399114314,24592
51,"void flash_attn_tile<256, 256, 4, 2, false>(char const*, char const*, char const*, char const*, char const*, int const*, float*, HIP_vector_type<float, 2u>*, float, float, float, float, unsigned int, float, int, HIP_vector_type<unsigned int, 3u>, int, int, int, int, int, int, int, int, int, int, int, long, int, int, long, int, int, int, int, int, long) [clone .kd]",4,1,50,150034,150034,28416,256,22528,1104,128,0,64,64,"0x0","0x78a506387e00",7173386860802,7173399318498,7173400036995,7173400117929,718497
52,"void flash_attn_combine_results<256>(float const*, HIP_vector_type<float, 2u> const*, float*, int) [clone .kd]",4,1,51,150034,150034,6144,256,512,0,20,0,32,64,"0x0","0x78a506387cc0",7173386862790,7173400036995,7173400059809,7173400129649,22814
53,"void dequantize_block_q4_0<__half>(void const*, __half*, int) [clone .kd]",4,1,52,150034,150034,229376,32,0,0,12,0,16,64,"0x0","0x78a5c96d2b80",7173386864999,7173400059809,7173400084994,7173400132212,25185
54,"void dequantize_block_q4_0<__half>(void const*, __half*, int) [clone .kd]",4,1,53,150034,150034,229376,32,0,0,12,0,16,64,"0x0","0x78a5c96d2b80",7173386866675,7173400084994,7173400109438,7173400134039,24444
55,"void flash_attn_tile<256, 256, 4, 6, false>(char const*, char const*, char const*, char const*, char const*, int const*, float*, HIP_vector_type<float, 2u>*, float, float, float, float, unsigned int, float, int, HIP_vector_type<unsigned int, 3u>, int, int, int, int, int, int, int, int, int, int, int, long, int, int, long, int, int, int, int, int, long) [clone .kd]",4,1,54,150034,150034,21504,384,32768,1432,128,0,48,64,"0x0","0x78a506387e80",7173386869310,7173400332838,7173400881266,7173400960514,548428
56,"void flash_attn_combine_results<256>(float const*, HIP_vector_type<float, 2u> const*, float*, int) [clone .kd]",4,1,55,150034,150034,6144,256,512,0,20,0,32,64,"0x0","0x78a506387cc0",7173386871317,7173401014151,7173401042595,7173401053934,28444
57,"void dequantize_block_q4_0<__half>(void const*, __half*, int) [clone .kd]",4,1,56,150034,150034,229376,32,0,0,12,0,16,64,"0x0","0x78a5c96d2b80",7173386873301,7173401042595,7173401067335,7173401083934,24740
58,"void dequantize_block_q4_0<__half>(void const*, __half*, int) [clone .kd]",4,1,57,150034,150034,229376,32,0,0,12,0,16,64,"0x0","0x78a5c96d2b80",7173386875359,7173401067335,7173401091926,7173401111035,24591
59,"void flash_attn_tile<256, 256, 4, 2, false>(char const*, char const*, char const*, char const*, char const*, int const*, float*, HIP_vector_type<float, 2u>*, float, float, float, float, unsigned int, float, int, HIP_vector_type<unsigned int, 3u>, int, int, int, int, int, int, int, int, int, int, int, long, int, int, long, int, int, int, int, int, long) [clone .kd]",4,1,58,150034,150034,28416,256,22528,1104,128,0,64,64,"0x0","0x78a506387e00",7173386878056,7173401314586,7173402030268,7173402109682,715682
60,"void flash_attn_combine_results<256>(float const*, HIP_vector_type<float, 2u> const*, float*, int) [clone .kd]",4,1,59,150034,150034,6144,256,512,0,20,0,32,64,"0x0","0x78a506387cc0",7173386880530,7173402030268,7173402052786,7173402120028,22518
61,"void dequantize_block_q4_0<__half>(void const*, __half*, int) [clone .kd]",4,1,60,150034,150034,229376,32,0,0,12,0,16,64,"0x0","0x78a5c96d2b80",7173386882802,7173402052786,7173402078119,7173402122267,25333
62,"void dequantize_block_q4_0<__half>(void const*, __half*, int) [clone .kd]",4,1,61,150034,150034,229376,32,0,0,12,0,16,64,"0x0","0x78a5c96d2b80",7173386884423,7173402078119,7173402102563,7173402123943,24444
63,"void flash_attn_tile<256, 256, 4, 6, false>(char const*, char const*, char const*, char const*, char const*, int const*, float*, HIP_vector_type<float, 2u>*, float, float, float, float, unsigned int, float, int, HIP_vector_type<unsigned int, 3u>, int, int, int, int, int, int, int, int, int, int, int, long, int, int, long, int, int, int, int, int, long) [clone .kd]",4,1,62,150034,150034,21504,384,32768,1432,128,0,48,64,"0x0","0x78a506387e80",7173386886994,7173402325667,7173402877354,7173402954474,551687
64,"void flash_attn_combine_results<256>(float const*, HIP_vector_type<float, 2u> const*, float*, int) [clone .kd]",4,1,63,150034,150034,6144,256,512,0,20,0,32,64,"0x0","0x78a506387cc0",7173386888829,7173403007424,7173403035572,7173403045196,28148
65,"void dequantize_block_q4_0<__half>(void const*, __half*, int) [clone .kd]",4,1,64,150034,150034,229376,32,0,0,12,0,16,64,"0x0","0x78a5c96d2b80",7173386890822,7173403035572,7173403060756,7173403075886,25184
66,"void dequantize_block_q4_0<__half>(void const*, __half*, int) [clone .kd]",4,1,65,150034,150034,229376,32,0,0,12,0,16,64,"0x0","0x78a5c96d2b80",7173386892840,7173403060756,7173403085200,7173403106055,24444
67,"void flash_attn_tile<256, 256, 4, 2, false>(char const*, char const*, char const*, char const*, char const*, int const*, float*, HIP_vector_type<float, 2u>*, float, float, float, float, unsigned int, float, int, HIP_vector_type<unsigned int, 3u>, int, int, int, int, int, int, int, int, int, int, int, long, int, int, long, int, int, int, int, int, long) [clone .kd]",4,1,66,150034,150034,28416,256,22528,1104,128,0,64,64,"0x0","0x78a506387e00",7173386895131,7173403307860,7173404021616,7173404102334,713756
68,"void flash_attn_combine_results<256>(float const*, HIP_vector_type<float, 2u> const*, float*, int) [clone .kd]",4,1,67,150034,150034,6144,256,512,0,20,0,32,64,"0x0","0x78a506387cc0",7173386897315,7173404021616,7173404043986,7173404112887,22370
69,"void dequantize_block_q4_0<__half>(void const*, __half*, int) [clone .kd]",4,1,68,150034,150034,229376,32,0,0,12,0,16,64,"0x0","0x78a5c96d2b80",7173386899509,7173404043986,7173404068726,7173404115112,24740
70,"void dequantize_block_q4_0<__half>(void const*, __half*, int) [clone .kd]",4,1,69,150034,150034,229376,32,0,0,12,0,16,64,"0x0","0x78a5c96d2b80",7173386901369,7173404068726,7173404093466,7173404116759,24740
71,"void flash_attn_tile<256, 256, 4, 6, false>(char const*, char const*, char const*, char const*, char const*, int const*, float*, HIP_vector_type<float, 2u>*, float, float, float, float, unsigned int, float, int, HIP_vector_type<unsigned int, 3u>, int, int, int, int, int, int, int, int, int, int, int, long, int, int, long, int, int, int, int, int, long) [clone .kd]",4,1,70,150034,150034,21504,384,32768,1432,128,0,48,64,"0x0","0x78a506387e80",7173386903790,7173404316422,7173404865739,7173404941996,549317
72,"void flash_attn_combine_results<256>(float const*, HIP_vector_type<float, 2u> const*, float*, int) [clone .kd]",4,1,71,150034,150034,6144,256,512,0,20,0,32,64,"0x0","0x78a506387cc0",7173386905877,7173404997290,7173405025289,7173405034933,27999
73,"void dequantize_block_q4_0<__half>(void const*, __half*, int) [clone .kd]",4,1,72,150034,150034,229376,32,0,0,12,0,16,64,"0x0","0x78a5c96d2b80",7173386907747,7173405025289,7173405049881,7173405065139,24592
74,"void dequantize_block_q4_0<__half>(void const*, __half*, int) [clone .kd]",4,1,73,150034,150034,229376,32,0,0,12,0,16,64,"0x0","0x78a5c96d2b80",7173386909512,7173405049881,7173405074621,7173405092120,24740
75,"void flash_attn_tile<256, 256, 4, 2, false>(char const*, char const*, char const*, char const*, char const*, int const*, float*, HIP_vector_type<float, 2u>*, float, float, float, float, unsigned int, float, int, HIP_vector_type<unsigned int, 3u>, int, int, int, int, int, int, int, int, int, int, int, long, int, int, long, int, int, int, int, int, long) [clone .kd]",4,1,74,150034,150034,28416,256,22528,1104,128,0,64,64,"0x0","0x78a506387e00",7173386911790,7173405297281,7173406042296,7173406136661,745015
76,"void flash_attn_combine_results<256>(float const*, HIP_vector_type<float, 2u> const*, float*, int) [clone .kd]",4,1,75,150034,150034,6144,256,512,0,20,0,32,64,"0x0","0x78a506387cc0",7173386913679,7173406042296,7173406067332,7173406147055,25036
77,"void dequantize_block_q4_0<__half>(void const*, __half*, int) [clone .kd]",4,1,76,150034,150034,229376,32,0,0,12,0,16,64,"0x0","0x78a5c96d2b80",7173386915472,7173406067332,7173406095331,7173406149300,27999
78,"void dequantize_block_q4_0<__half>(void const*, __half*, int) [clone .kd]",4,1,77,150034,150034,229376,32,0,0,12,0,16,64,"0x0","0x78a5c96d2b80",7173386917373,7173406095331,7173406122441,7173406150916,27110
79,"void flash_attn_tile<256, 256, 4, 6, false>(char const*, char const*, char const*, char const*, char const*, int const*, float*, HIP_vector_type<float, 2u>*, float, float, float, float, unsigned int, float, int, HIP_vector_type<unsigned int, 3u>, int, int, int, int, int, int, int, int, int, int, int, long, int, int, long, int, int, int, int, int, long) [clone .kd]",4,1,78,150034,150034,21504,384,32768,1432,128,0,48,64,"0x0","0x78a506387e80",7173386919797,7173406370434,7173406973823,7173407060191,603389
80,"void flash_attn_combine_results<256>(float const*, HIP_vector_type<float, 2u> const*, float*, int) [clone .kd]",4,1,79,150034,150034,6144,256,512,0,20,0,32,64,"0x0","0x78a506387cc0",7173386922097,7173407065376,7173407097079,7173407107101,31703
81,"void dequantize_block_q4_0<__half>(void const*, __half*, int) [clone .kd]",4,1,80,150034,150034,229376,32,0,0,12,0,16,64,"0x0","0x78a5c96d2b80",7173386924246,7173407097079,7173407124930,7173407135871,27851
82,"void dequantize_block_q4_0<__half>(void const*, __half*, int) [clone .kd]",4,1,81,150034,150034,229376,32,0,0,12,0,16,64,"0x0","0x78a5c96d2b80",7173386925928,7173407124930,7173407152188,7173407162621,27258
83,"void flash_attn_tile<256, 256, 4, 2, false>(char const*, char const*, char const*, char const*, char const*, int const*, float*, HIP_vector_type<float, 2u>*, float, float, float, float, unsigned int, float, int, HIP_vector_type<unsigned int, 3u>, int, int, int, int, int, int, int, int, int, int, int, long, int, int, long, int, int, int, int, int, long) [clone .kd]",4,1,82,150034,150034,28416,256,22528,1104,128,0,64,64,"0x0","0x78a506387e00",7173386928279,7173407400033,7173408185490,7173408264016,785457
84,"void flash_attn_combine_results<256>(float const*, HIP_vector_type<float, 2u> const*, float*, int) [clone .kd]",4,1,83,150034,150034,6144,256,512,0,20,0,32,64,"0x0","0x78a506387cc0",7173386930102,7173408185490,7173408208453,7173408277550,22963
85,"void dequantize_block_q4_0<__half>(void const*, __half*, int) [clone .kd]",4,1,84,150034,150034,229376,32,0,0,12,0,16,64,"0x0","0x78a5c96d2b80",7173386932168,7173408208453,7173408233341,7173408279869,24888
86,"void dequantize_block_q4_0<__half>(void const*, __half*, int) [clone .kd]",4,1,85,150034,150034,229376,32,0,0,12,0,16,64,"0x0","0x78a5c96d2b80",7173386933983,7173408233341,7173408257933,7173408281591,24592
87,"void flash_attn_tile<256, 256, 4, 6, false>(char const*, char const*, char const*, char const*, char const*, int const*, float*, HIP_vector_type<float, 2u>*, float, float, float, float, unsigned int, float, int, HIP_vector_type<unsigned int, 3u>, int, int, int, int, int, int, int, int, int, int, int, long, int, int, long, int, int, int, int, int, long) [clone .kd]",4,1,86,150034,150034,21504,384,32768,1432,128,0,48,64,"0x0","0x78a506387e80",7173386936318,7173408481333,7173409024872,7173409056269,543539
88,"void flash_attn_combine_results<256>(float const*, HIP_vector_type<float, 2u> const*, float*, int) [clone .kd]",4,1,87,150034,150034,6144,256,512,0,20,0,32,64,"0x0","0x78a506387cc0",7173386938496,7173409094500,7173409122203,7173409133433,27703
89,"void dequantize_block_q4_0<__half>(void const*, __half*, int) [clone .kd]",4,1,88,150034,150034,229376,32,0,0,12,0,16,64,"0x0","0x78a5c96d2b80",7173386940285,7173409122203,7173409145313,7173409158994,23110
90,"void dequantize_block_q4_0<__half>(void const*, __half*, int) [clone .kd]",4,1,89,150034,150034,229376,32,0,0,12,0,16,64,"0x0","0x78a5c96d2b80",7173386942215,7173409145313,7173409168276,7173409184312,22963
91,"void flash_attn_tile<256, 256, 4, 2, false>(char const*, char const*, char const*, char const*, char const*, int const*, float*, HIP_vector_type<float, 2u>*, float, float, float, float, unsigned int, float, int, HIP_vector_type<unsigned int, 3u>, int, int, int, int, int, int, int, int, int, int, int, long, int, int, long, int, int, int, int, int, long) [clone .kd]",4,1,90,150034,150034,28416,256,22528,1104,128,0,64,64,"0x0","0x78a506387e00",7173386944516,7173409378047,7173410095211,7173410126391,717164
92,"void flash_attn_combine_results<256>(float const*, HIP_vector_type<float, 2u> const*, float*, int) [clone .kd]",4,1,91,150034,150034,6144,256,512,0,20,0,32,64,"0x0","0x78a506387cc0",7173386946501,7173410095211,7173410118025,7173410129112,22814
93,"void dequantize_block_q4_0<__half>(void const*, __half*, int) [clone .kd]",4,1,92,150034,150034,229376,32,0,0,12,0,16,64,"0x0","0x78a5c96d2b80",7173386948452,7173410118025,7173410143061,7173410154718,25036
94,"void dequantize_block_q4_0<__half>(void const*, __half*, int) [clone .kd]",4,1,93,150034,150034,229376,32,0,0,12,0,16,64,"0x0","0x78a5c96d2b80",7173386950125,7173410143061,7173410167801,7173410181311,24740
95,"void flash_attn_tile<256, 256, 4, 6, false>(char const*, char const*, char const*, char const*, char const*, int const*, float*, HIP_vector_type<float, 2u>*, float, float, float, float, unsigned int, float, int, HIP_vector_type<unsigned int, 3u>, int, int, int, int, int, int, int, int, int, int, int, long, int, int, long, int, int, int, int, int, long) [clone .kd]",4,1,94,150034,150034,21504,384,32768,1432,128,0,48,64,"0x0","0x78a506387e80",7173386952563,7173410390905,7173410940667,7173410971693,549762
96,"void flash_attn_combine_results<256>(float const*, HIP_vector_type<float, 2u> const*, float*, int) [clone .kd]",4,1,95,150034,150034,6144,256,512,0,20,0,32,64,"0x0","0x78a506387cc0",7173386954327,7173411016664,7173411045552,7173411054644,28888
97,"void dequantize_block_q4_0<__half>(void const*, __half*, int) [clone .kd]",4,1,96,150034,150034,229376,32,0,0,12,0,16,64,"0x0","0x78a5c96d2b80",7173386956233,7173411045552,7173411070440,7173411080220,24888
98,"void dequantize_block_q4_0<__half>(void const*, __half*, int) [clone .kd]",4,1,97,150034,150034,229376,32,0,0,12,0,16,64,"0x0","0x78a5c96d2b80",7173386958159,7173411070440,7173411095180,7173411104873,24740
99,"void flash_attn_tile<256, 256, 4, 2, false>(char const*, char const*, char const*, char const*, char const*, int const*, float*, HIP_vector_type<float, 2u>*, float, float, float, float, unsigned int, float, int, HIP_vector_type<unsigned int, 3u>, int, int, int, int, int, int, int, int, int, int, int, long, int, int, long, int, int, int, int, int, long) [clone .kd]",4,1,98,150034,150034,28416,256,22528,1104,128,0,64,64,"0x0","0x78a506387e00",7173386960468,7173411317988,7173412031745,7173412063012,713757
100,"void flash_attn_combine_results<256>(float const*, HIP_vector_type<float, 2u> const*, float*, int) [clone .kd]",4,1,99,150034,150034,6144,256,512,0,20,0,32,64,"0x0","0x78a506387cc0",7173386962478,7173412031745,7173412054263,7173412065804,22518
101,"void dequantize_block_q4_0<__half>(void const*, __half*, int) [clone .kd]",4,1,100,150034,150034,229376,32,0,0,12,0,16,64,"0x0","0x78a5c96d2b80",7173386964323,7173412054263,7173412079003,7173412091418,24740
102,"void dequantize_block_q4_0<__half>(void const*, __half*, int) [clone .kd]",4,1,101,150034,150034,229376,32,0,0,12,0,16,64,"0x0","0x78a5c96d2b80",7173386966129,7173412079003,7173412103594,7173412116329,24591
103,"void flash_attn_tile<256, 256, 4, 6, false>(char const*, char const*, char const*, char const*, char const*, int const*, float*, HIP_vector_type<float, 2u>*, float, float, float, float, unsigned int, float, int, HIP_vector_type<unsigned int, 3u>, int, int, int, int, int, int, int, int, int, int, int, long, int, int, long, int, int, int, int, int, long) [clone .kd]",4,1,102,150034,150034,21504,384,32768,1432,128,0,48,64,"0x0","0x78a506387e80",7173386968610,7173412326699,7173412878830,7173412909606,552131
104,"void flash_attn_combine_results<256>(float const*, HIP_vector_type<float, 2u> const*, float*, int) [clone .kd]",4,1,103,150034,150034,6144,256,512,0,20,0,32,64,"0x0","0x78a506387cc0",7173386970444,7173412953495,7173412982679,7173412993399,29184
105,"void dequantize_block_q4_0<__half>(void const*, __half*, int) [clone .kd]",4,1,104,150034,150034,229376,32,0,0,12,0,16,64,"0x0","0x78a5c96d2b80",7173386972574,7173412982679,7173413007419,7173413022033,24740
106,"void dequantize_block_q4_0<__half>(void const*, __half*, int) [clone .kd]",4,1,105,150034,150034,229376,32,0,0,12,0,16,64,"0x0","0x78a5c96d2b80",7173386974204,7173413007419,7173413032011,7173413047481,24592
107,"void flash_attn_tile<256, 256, 4, 2, false>(char const*, char const*, char const*, char const*, char const*, int const*, float*, HIP_vector_type<float, 2u>*, float, float, float, float, unsigned int, float, int, HIP_vector_type<unsigned int, 3u>, int, int, int, int, int, int, int, int, int, int, int, long, int, int, long, int, int, int, int, int, long) [clone .kd]",4,1,106,150034,150034,28416,256,22528,1104,128,0,64,64,"0x0","0x78a506387e00",7173386977077,7173413254967,7173413982945,7173414015149,727978
108,"void flash_attn_combine_results<256>(float const*, HIP_vector_type<float, 2u> const*, float*, int) [clone .kd]",4,1,107,150034,150034,6144,256,512,0,20,0,32,64,"0x0","0x78a506387cc0",7173386979121,7173413982945,7173414008130,7173414017833,25185
109,"void dequantize_block_q4_0<__half>(void const*, __half*, int) [clone .kd]",4,1,108,150034,150034,229376,32,0,0,12,0,16,64,"0x0","0x78a5c96d2b80",7173386981046,7173414008130,7173414035536,7173414053739,27406
110,"void dequantize_block_q4_0<__half>(void const*, __half*, int) [clone .kd]",4,1,109,150034,150034,229376,32,0,0,12,0,16,64,"0x0","0x78a5c96d2b80",7173386983101,7173414035536,7173414062795,7173414077740,27259
111,"void flash_attn_tile<256, 256, 4, 6, false>(char const*, char const*, char const*, char const*, char const*, int const*, float*, HIP_vector_type<float, 2u>*, float, float, float, float, unsigned int, float, int, HIP_vector_type<unsigned int, 3u>, int, int, int, int, int, int, int, int, int, int, int, long, int, int, long, int, int, int, int, int, long) [clone .kd]",4,1,110,150034,150034,21504,384,32768,1432,128,0,48,64,"0x0","0x78a506387e80",7173386985606,7173414310787,7173414915954,7173414946126,605167
112,"void flash_attn_combine_results<256>(float const*, HIP_vector_type<float, 2u> const*, float*, int) [clone .kd]",4,1,111,150034,150034,6144,256,512,0,20,0,32,64,"0x0","0x78a506387cc0",7173386987674,7173415003359,7173415035062,7173415045761,31703
113,"void dequantize_block_q4_0<__half>(void const*, __half*, int) [clone .kd]",4,1,112,150034,150034,229376,32,0,0,12,0,16,64,"0x0","0x78a5c96d2b80",7173386989786,7173415035062,7173415063061,7173415073665,27999
114,"void dequantize_block_q4_0<__half>(void const*, __half*, int) [clone .kd]",4,1,113,150034,150034,229376,32,0,0,12,0,16,64,"0x0","0x78a5c96d2b80",7173386991563,7173415063061,7173415090319,7173415100114,27258
115,"void flash_attn_tile<256, 256, 4, 2, false>(char const*, char const*, char const*, char const*, char const*, int const*, float*, HIP_vector_type<float, 2u>*, float, float, float, float, unsigned int, float, int, HIP_vector_type<unsigned int, 3u>, int, int, int, int, int, int, int, int, int, int, int, long, int, int, long, int, int, int, int, int, long) [clone .kd]",4,1,114,150034,150034,28416,256,22528,1104,128,0,64,64,"0x0","0x78a506387e00",7173386993920,7173415338312,7173416120658,7173416149684,782346
116,"void flash_attn_combine_results<256>(float const*, HIP_vector_type<float, 2u> const*, float*, int) [clone .kd]",4,1,115,150034,150034,6144,256,512,0,20,0,32,64,"0x0","0x78a506387cc0",7173386995970,7173416120658,7173416143621,7173416152236,22963
117,"void dequantize_block_q4_0<__half>(void const*, __half*, int) [clone .kd]",4,1,116,150034,150034,229376,32,0,0,12,0,16,64,"0x0","0x78a5c96d2b80",7173386998078,7173416143621,7173416168509,7173416178902,24888
118,"void dequantize_block_q4_0<__half>(void const*, __half*, int) [clone .kd]",4,1,117,150034,150034,229376,32,0,0,12,0,16,64,"0x0","0x78a5c96d2b80",7173386999769,7173416168509,7173416193101,7173416203239,24592
119,"void flash_attn_tile<256, 256, 4, 6, false>(char const*, char const*, char const*, char const*, char const*, int const*, float*, HIP_vector_type<float, 2u>*, float, float, float, float, unsigned int, float, int, HIP_vector_type<unsigned int, 3u>, int, int, int, int, int, int, int, int, int, int, int, long, int, int, long, int, int, int, int, int, long) [clone .kd]",4,1,118,150034,150034,21504,384,32768,1432,128,0,48,64,"0x0","0x78a506387e80",7173387006385,7173416416205,7173416964189,7173416992896,547984
120,"void flash_attn_combine_results<256>(float const*, HIP_vector_type<float, 2u> const*, float*, int) [clone .kd]",4,1,119,150034,150034,6144,256,512,0,20,0,32,64,"0x0","0x78a506387cc0",7173387008422,7173417041816,7173417071148,7173417080399,29332
121,"void dequantize_block_q4_0<__half>(void const*, __half*, int) [clone .kd]",4,1,120,150034,150034,229376,32,0,0,12,0,16,64,"0x0","0x78a5c96d2b80",7173387010406,7173417071148,7173417095888,7173417106324,24740
122,"void dequantize_block_q4_0<__half>(void const*, __half*, int) [clone .kd]",4,1,121,150034,150034,229376,32,0,0,12,0,16,64,"0x0","0x78a5c96d2b80",7173387015783,7173417095888,7173417120332,7173417130791,24444
123,"void flash_attn_tile<256, 256, 4, 2, false>(char const*, char const*, char const*, char const*, char const*, int const*, float*, HIP_vector_type<float, 2u>*, float, float, float, float, unsigned int, float, int, HIP_vector_type<unsigned int, 3u>, int, int, int, int, int, int, int, int, int, int, int, long, int, int, long, int, int, int, int, int, long) [clone .kd]",4,1,122,150034,150034,28416,256,22528,1104,128,0,64,64,"0x0","0x78a506387e00",7173387018492,7173417342992,7173418064896,7173418095232,721904
124,"void flash_attn_combine_results<256>(float const*, HIP_vector_type<float, 2u> const*, float*, int) [clone .kd]",4,1,123,150034,150034,6144,256,512,0,20,0,32,64,"0x0","0x78a506387cc0",7173387020349,7173418064896,7173418087710,7173418097876,22814
125,"void dequantize_block_q4_0<__half>(void const*, __half*, int) [clone .kd]",4,1,124,150034,150034,229376,32,0,0,12,0,16,64,"0x0","0x78a5c96d2b80",7173387022305,7173418087710,7173418112450,7173418122243,24740
126,"void dequantize_block_q4_0<__half>(void const*, __half*, int) [clone .kd]",4,1,125,150034,150034,229376,32,0,0,12,0,16,64,"0x0","0x78a5c96d2b80",7173387024148,7173418112450,7173418137042,7173418146051,24592
127,"void flash_attn_tile<256, 256, 4, 6, false>(char const*, char const*, char const*, char const*, char const*, int const*, float*, HIP_vector_type<float, 2u>*, float, float, float, float, unsigned int, float, int, HIP_vector_type<unsigned int, 3u>, int, int, int, int, int, int, int, int, int, int, int, long, int, int, long, int, int, int, int, int, long) [clone .kd]",4,1,126,150034,150034,21504,384,32768,1432,128,0,48,64,"0x0","0x78a506387e80",7173387026655,7173418360147,7173418907686,7173418937170,547539
128,"void flash_attn_combine_results<256>(float const*, HIP_vector_type<float, 2u> const*, float*, int) [clone .kd]",4,1,127,150034,150034,6144,256,512,0,20,0,32,64,"0x0","0x78a506387cc0",7173387028467,7173418984572,7173419013905,7173419024075,29333
129,"void dequantize_block_q4_0<__half>(void const*, __half*, int) [clone .kd]",4,1,128,150034,150034,229376,32,0,0,12,0,16,64,"0x0","0x78a5c96d2b80",7173387030558,7173419013905,7173419038793,7173419048621,24888
130,"void dequantize_block_q4_0<__half>(void const*, __half*, int) [clone .kd]",4,1,129,150034,150034,229376,32,0,0,12,0,16,64,"0x0","0x78a5c96d2b80",7173387032364,7173419038793,7173419063236,7173419072346,24443
131,"void flash_attn_tile<256, 256, 4, 2, false>(char const*, char const*, char const*, char const*, char const*, int const*, float*, HIP_vector_type<float, 2u>*, float, float, float, float, unsigned int, float, int, HIP_vector_type<unsigned int, 3u>, int, int, int, int, int, int, int, int, int, int, int, long, int, int, long, int, int, int, int, int, long) [clone .kd]",4,1,130,150034,150034,28416,256,22528,1104,128,0,64,64,"0x0","0x78a506387e00",7173387034770,7173419286045,7173420031800,7173420061759,745755
132,"void flash_attn_combine_results<256>(float const*, HIP_vector_type<float, 2u> const*, float*, int) [clone .kd]",4,1,131,150034,150034,6144,256,512,0,20,0,32,64,"0x0","0x78a506387cc0",7173387036705,7173420031800,7173420056836,7173420064696,25036
133,"void dequantize_block_q4_0<__half>(void const*, __half*, int) [clone .kd]",4,1,132,150034,150034,229376,32,0,0,12,0,16,64,"0x0","0x78a5c96d2b80",7173387038829,7173420056836,7173420084243,7173420095096,27407
134,"void dequantize_block_q4_0<__half>(void const*, __half*, int) [clone .kd]",4,1,133,150034,150034,229376,32,0,0,12,0,16,64,"0x0","0x78a5c96d2b80",7173387040515,7173420084243,7173420111797,7173420122878,27554
135,"void flash_attn_tile<256, 256, 4, 6, false>(char const*, char const*, char const*, char const*, char const*, int const*, float*, HIP_vector_type<float, 2u>*, float, float, float, float, unsigned int, float, int, HIP_vector_type<unsigned int, 3u>, int, int, int, int, int, int, int, int, int, int, int, long, int, int, long, int, int, int, int, int, long) [clone .kd]",4,1,134,150034,150034,21504,384,32768,1432,128,0,48,64,"0x0","0x78a506387e80",7173387042974,7173420359642,7173420961846,7173420993409,602204
136,"void flash_attn_combine_results<256>(float const*, HIP_vector_type<float, 2u> const*, float*, int) [clone .kd]",4,1,135,150034,150034,6144,256,512,0,20,0,32,64,"0x0","0x78a506387cc0",7173387045087,7173421052806,7173421084361,7173421095234,31555
137,"void dequantize_block_q4_0<__half>(void const*, __half*, int) [clone .kd]",4,1,136,150034,150034,229376,32,0,0,12,0,16,64,"0x0","0x78a5c96d2b80",7173387046977,7173421084361,7173421112064,7173421123181,27703
138,"void dequantize_block_q4_0<__half>(void const*, __half*, int) [clone .kd]",4,1,137,150034,150034,229376,32,0,0,12,0,16,64,"0x0","0x78a5c96d2b80",7173387048629,7173421112064,7173421139470,7173421150492,27406
139,"void flash_attn_tile<256, 256, 4, 2, false>(char const*, char const*, char const*, char const*, char const*, int const*, float*, HIP_vector_type<float, 2u>*, float, float, float, float, unsigned int, float, int, HIP_vector_type<unsigned int, 3u>, int, int, int, int, int, int, int, int, int, int, int, long, int, int, long, int, int, int, int, int, long) [clone .kd]",4,1,138,150034,150034,28416,256,22528,1104,128,0,64,64,"0x0","0x78a506387e00",7173387050816,7173421387315,7173422176031,7173422209392,788716
140,"void flash_attn_combine_results<256>(float const*, HIP_vector_type<float, 2u> const*, float*, int) [clone .kd]",4,1,139,150034,150034,6144,256,512,0,20,0,32,64,"0x0","0x78a506387cc0",7173387052697,7173422176031,7173422198697,7173422212960,22666
141,"void dequantize_block_q4_0<__half>(void const*, __half*, int) [clone .kd]",4,1,140,150034,150034,229376,32,0,0,12,0,16,64,"0x0","0x78a5c96d2b80",7173387054393,7173422198697,7173422223734,7173422236066,25037
142,"void dequantize_block_q4_0<__half>(void const*, __half*, int) [clone .kd]",4,1,141,150034,150034,229376,32,0,0,12,0,16,64,"0x0","0x78a5c96d2b80",7173387055993,7173422223734,7173422248474,7173422258907,24740
143,"void flash_attn_tile<256, 256, 4, 6, false>(char const*, char const*, char const*, char const*, char const*, int const*, float*, HIP_vector_type<float, 2u>*, float, float, float, float, unsigned int, float, int, HIP_vector_type<unsigned int, 3u>, int, int, int, int, int, int, int, int, int, int, int, long, int, int, long, int, int, int, int, int, long) [clone .kd]",4,1,142,150034,150034,21504,384,32768,1432,128,0,48,64,"0x0","0x78a506387e80",7173387058171,7173422471726,7173423017636,7173423049210,545910
144,"void flash_attn_combine_results<256>(float const*, HIP_vector_type<float, 2u> const*, float*, int) [clone .kd]",4,1,143,150034,150034,6144,256,512,0,20,0,32,64,"0x0","0x78a506387cc0",7173387059943,7173423087409,7173423114075,7173423126924,26666
145,"void dequantize_block_q4_0<__half>(void const*, __half*, int) [clone .kd]",4,1,144,150034,150034,229376,32,0,0,12,0,16,64,"0x0","0x78a5c96d2b80",7173387061692,7173423114075,7173423137629,7173423150178,23554
146,"void dequantize_block_q4_0<__half>(void const*, __half*, int) [clone .kd]",4,1,145,150034,150034,229376,32,0,0,12,0,16,64,"0x0","0x78a5c96d2b80",7173387063380,7173423137629,7173423160592,7173423173191,22963
147,"void flash_attn_tile<256, 256, 4, 2, false>(char const*, char const*, char const*, char const*, char const*, int const*, float*, HIP_vector_type<float, 2u>*, float, float, float, float, unsigned int, float, int, HIP_vector_type<unsigned int, 3u>, int, int, int, int, int, int, int, int, int, int, int, long, int, int, long, int, int, int, int, int, long) [clone .kd]",4,1,146,150034,150034,28416,256,22528,1104,128,0,64,64,"0x0","0x78a506387e00",7173387065750,7173423370366,7173424085908,7173424114922,715542
148,"void flash_attn_combine_results<256>(float const*, HIP_vector_type<float, 2u> const*, float*, int) [clone .kd]",4,1,147,150034,150034,6144,256,512,0,20,0,32,64,"0x0","0x78a506387cc0",7173387067493,7173424085908,7173424108574,7173424117566,22666
149,"void dequantize_block_q4_0<__half>(void const*, __half*, int) [clone .kd]",4,1,148,150034,150034,229376,32,0,0,12,0,16,64,"0x0","0x78a5c96d2b80",7173387069178,7173424108574,7173424133611,7173424141287,25037
150,"void dequantize_block_q4_0<__half>(void const*, __half*, int) [clone .kd]",4,1,149,150034,150034,229376,32,0,0,12,0,16,64,"0x0","0x78a5c96d2b80",7173387070733,7173424133611,7173424158499,7173424166082,24888
151,"void flash_attn_tile<256, 256, 4, 6, false>(char const*, char const*, char const*, char const*, char const*, int const*, float*, HIP_vector_type<float, 2u>*, float, float, float, float, unsigned int, float, int, HIP_vector_type<unsigned int, 3u>, int, int, int, int, int, int, int, int, int, int, int, long, int, int, long, int, int, int, int, int, long) [clone .kd]",4,1,150,150034,150034,21504,384,32768,1432,128,0,48,64,"0x0","0x78a506387e80",7173387073018,7173424381754,7173424932559,7173424960690,550805
152,"void flash_attn_combine_results<256>(float const*, HIP_vector_type<float, 2u> const*, float*, int) [clone .kd]",4,1,151,150034,150034,6144,256,512,0,20,0,32,64,"0x0","0x78a506387cc0",7173387074723,7173425007669,7173425035816,7173425044110,28147
153,"void dequantize_block_q4_0<__half>(void const*, __half*, int) [clone .kd]",4,1,152,150034,150034,229376,32,0,0,12,0,16,64,"0x0","0x78a5c96d2b80",7173387076404,7173425035816,7173425060705,7173425069144,24889
154,"void dequantize_block_q4_0<__half>(void const*, __half*, int) [clone .kd]",4,1,153,150034,150034,229376,32,0,0,12,0,16,64,"0x0","0x78a5c96d2b80",7173387078066,7173425060705,7173425085445,7173425093420,24740
155,"void flash_attn_tile<256, 256, 4, 2, false>(char const*, char const*, char const*, char const*, char const*, int const*, float*, HIP_vector_type<float, 2u>*, float, float, float, float, unsigned int, float, int, HIP_vector_type<unsigned int, 3u>, int, int, int, int, int, int, int, int, int, int, int, long, int, int, long, int, int, int, int, int, long) [clone .kd]",4,1,154,150034,150034,28416,256,22528,1104,128,0,64,64,"0x0","0x78a506387e00",7173387080561,7173425308108,7173426051353,7173426084389,743245
156,"void flash_attn_combine_results<256>(float const*, HIP_vector_type<float, 2u> const*, float*, int) [clone .kd]",4,1,155,150034,150034,6144,256,512,0,20,0,32,64,"0x0","0x78a506387cc0",7173387082170,7173426051353,7173426076834,7173426089653,25481
157,"void dequantize_block_q4_0<__half>(void const*, __half*, int) [clone .kd]",4,1,156,150034,150034,229376,32,0,0,12,0,16,64,"0x0","0x78a5c96d2b80",7173387083867,7173426076834,7173426104537,7173426112892,27703
158,"void dequantize_block_q4_0<__half>(void const*, __half*, int) [clone .kd]",4,1,157,150034,150034,229376,32,0,0,12,0,16,64,"0x0","0x78a5c96d2b80",7173387085443,7173426104537,7173426131648,7173426139575,27111
159,"void flash_attn_tile<256, 256, 4, 6, false>(char const*, char const*, char const*, char const*, char const*, int const*, float*, HIP_vector_type<float, 2u>*, float, float, float, float, unsigned int, float, int, HIP_vector_type<unsigned int, 3u>, int, int, int, int, int, int, int, int, int, int, int, long, int, int, long, int, int, int, int, int, long) [clone .kd]",4,1,158,150034,150034,21504,384,32768,1432,128,0,48,64,"0x0","0x78a506387e80",7173387087603,7173426379495,7173426984077,7173427015534,604582
160,"void flash_attn_combine_results<256>(float const*, HIP_vector_type<float, 2u> const*, float*, int) [clone .kd]",4,1,159,150034,150034,6144,256,512,0,20,0,32,64,"0x0","0x78a506387cc0",7173387089241,7173427073260,7173427106741,7173427115439,33481
161,"void dequantize_block_q4_0<__half>(void const*, __half*, int) [clone .kd]",4,1,160,150034,150034,229376,32,0,0,12,0,16,64,"0x0","0x78a5c96d2b80",7173387091033,7173427106741,7173427134593,7173427142758,27852
162,"void dequantize_block_q4_0<__half>(void const*, __half*, int) [clone .kd]",4,1,161,150034,150034,229376,32,0,0,12,0,16,64,"0x0","0x78a5c96d2b80",7173387092689,7173427134593,7173427161851,7173427169180,27258
163,"void flash_attn_tile<256, 256, 4, 2, false>(char const*, char const*, char const*, char const*, char const*, int const*, float*, HIP_vector_type<float, 2u>*, float, float, float, float, unsigned int, float, int, HIP_vector_type<unsigned int, 3u>, int, int, int, int, int, int, int, int, int, int, int, long, int, int, long, int, int, int, int, int, long) [clone .kd]",4,1,162,150034,150034,28416,256,22528,1104,128,0,64,64,"0x0","0x78a506387e00",7173387095076,7173427409551,7173428195462,7173428222688,785911
164,"void flash_attn_combine_results<256>(float const*, HIP_vector_type<float, 2u> const*, float*, int) [clone .kd]",4,1,163,150034,150034,6144,256,512,0,20,0,32,64,"0x0","0x78a506387cc0",7173387096949,7173428195462,7173428218425,7173428225967,22963
165,"void dequantize_block_q4_0<__half>(void const*, __half*, int) [clone .kd]",4,1,164,150034,150034,229376,32,0,0,12,0,16,64,"0x0","0x78a5c96d2b80",7173387099099,7173428218425,7173428243165,7173428251443,24740
166,"void dequantize_block_q4_0<__half>(void const*, __half*, int) [clone .kd]",4,1,165,150034,150034,229376,32,0,0,12,0,16,64,"0x0","0x78a5c96d2b80",7173387100876,7173428243165,7173428267905,7173428276295,24740
167,"void flash_attn_tile<256, 256, 4, 6, false>(char const*, char const*, char const*, char const*, char const*, int const*, float*, HIP_vector_type<float, 2u>*, float, float, float, float, unsigned int, float, int, HIP_vector_type<unsigned int, 3u>, int, int, int, int, int, int, int, int, int, int, int, long, int, int, long, int, int, int, int, int, long) [clone .kd]",4,1,166,150034,150034,21504,384,32768,1432,128,0,48,64,"0x0","0x78a506387e80",7173387103260,7173428491012,7173429034410,7173429061045,543398
168,"void flash_attn_combine_results<256>(float const*, HIP_vector_type<float, 2u> const*, float*, int) [clone .kd]",4,1,167,150034,150034,6144,256,512,0,20,0,32,64,"0x0","0x78a506387cc0",7173387105088,7173429102556,7173429129223,7173429137008,26667
169,"void dequantize_block_q4_0<__half>(void const*, __half*, int) [clone .kd]",4,1,168,150034,150034,229376,32,0,0,12,0,16,64,"0x0","0x78a5c96d2b80",7173387107164,7173429129223,7173429152481,7173429160686,23258
170,"void dequantize_block_q4_0<__half>(void const*, __half*, int) [clone .kd]",4,1,169,150034,150034,229376,32,0,0,12,0,16,64,"0x0","0x78a5c96d2b80",7173387108838,7173429152481,7173429175296,7173429183935,22815
171,"void flash_attn_tile<256, 256, 4, 2, false>(char const*, char const*, char const*, char const*, char const*, int const*, float*, HIP_vector_type<float, 2u>*, float, float, float, float, unsigned int, float, int, HIP_vector_type<unsigned int, 3u>, int, int, int, int, int, int, int, int, int, int, int, long, int, int, long, int, int, int, int, int, long) [clone .kd]",4,1,170,150034,150034,28416,256,22528,1104,128,0,64,64,"0x0","0x78a506387e00",7173387111190,7173429385514,7173430090983,7173430117907,705469
172,"void flash_attn_combine_results<256>(float const*, HIP_vector_type<float, 2u> const*, float*, int) [clone .kd]",4,1,171,150034,150034,6144,256,512,0,20,0,32,64,"0x0","0x78a506387cc0",7173387113107,7173430090983,7173430113649,7173430120660,22666
173,"void dequantize_block_q4_0<__half>(void const*, __half*, int) [clone .kd]",4,1,172,150034,150034,229376,32,0,0,12,0,16,64,"0x0","0x78a5c96d2b80",7173387115007,7173430113649,7173430138389,7173430146353,24740
174,"void dequantize_block_q4_0<__half>(void const*, __half*, int) [clone .kd]",4,1,173,150034,150034,229376,32,0,0,12,0,16,64,"0x0","0x78a5c96d2b80",7173387116629,7173430138389,7173430162981,7173430171325,24592
175,"void flash_attn_tile<256, 256, 4, 6, false>(char const*, char const*, char const*, char const*, char const*, int const*, float*, HIP_vector_type<float, 2u>*, float, float, float, float, unsigned int, float, int, HIP_vector_type<unsigned int, 3u>, int, int, int, int, int, int, int, int, int, int, int, long, int, int, long, int, int, int, int, int, long) [clone .kd]",4,1,174,150034,150034,21504,384,32768,1432,128,0,48,64,"0x0","0x78a506387e80",7173387119150,7173430386236,7173430938819,7173430965644,552583
176,"void flash_attn_combine_results<256>(float const*, HIP_vector_type<float, 2u> const*, float*, int) [clone .kd]",4,1,175,150034,150034,6144,256,512,0,20,0,32,64,"0x0","0x78a506387cc0",7173387120938,7173431020003,7173431048743,7173431057453,28740
177,"void dequantize_block_q4_0<__half>(void const*, __half*, int) [clone .kd]",4,1,176,150034,150034,229376,32,0,0,12,0,16,64,"0x0","0x78a5c96d2b80",7173387122824,7173431048743,7173431073631,7173431082210,24888
178,"void dequantize_block_q4_0<__half>(void const*, __half*, int) [clone .kd]",4,1,177,150034,150034,229376,32,0,0,12,0,16,64,"0x0","0x78a5c96d2b80",7173387124796,7173431073631,7173431098075,7173431105394,24444
179,"void flash_attn_tile<256, 256, 4, 2, false>(char const*, char const*, char const*, char const*, char const*, int const*, float*, HIP_vector_type<float, 2u>*, float, float, float, float, unsigned int, float, int, HIP_vector_type<unsigned int, 3u>, int, int, int, int, int, int, int, int, int, int, int, long, int, int, long, int, int, int, int, int, long) [clone .kd]",4,1,178,150034,150034,28416,256,22528,1104,128,0,64,64,"0x0","0x78a506387e00",7173387127455,7173431320738,7173432038947,7173432066294,718209
180,"void flash_attn_combine_results<256>(float const*, HIP_vector_type<float, 2u> const*, float*, int) [clone .kd]",4,1,179,150034,150034,6144,256,512,0,20,0,32,64,"0x0","0x78a506387cc0",7173387129532,7173432038947,7173432061020,7173432069136,22073
181,"void dequantize_block_q4_0<__half>(void const*, __half*, int) [clone .kd]",4,1,180,150034,150034,229376,32,0,0,12,0,16,64,"0x0","0x78a5c96d2b80",7173387131443,7173432061020,7173432085909,7173432093881,24889
182,"void dequantize_block_q4_0<__half>(void const*, __half*, int) [clone .kd]",4,1,181,150034,150034,229376,32,0,0,12,0,16,64,"0x0","0x78a5c96d2b80",7173387133181,7173432085909,7173432110501,7173432118285,24592
183,"void flash_attn_tile<256, 256, 4, 6, false>(char const*, char const*, char const*, char const*, char const*, int const*, float*, HIP_vector_type<float, 2u>*, float, float, float, float, unsigned int, float, int, HIP_vector_type<unsigned int, 3u>, int, int, int, int, int, int, int, int, int, int, int, long, int, int, long, int, int, int, int, int, long) [clone .kd]",4,1,182,150034,150034,21504,384,32768,1432,128,0,48,64,"0x0","0x78a506387e80",7173387135942,7173432333608,7173432881005,7173432907654,547397
184,"void flash_attn_combine_results<256>(float const*, HIP_vector_type<float, 2u> const*, float*, int) [clone .kd]",4,1,183,150034,150034,6144,256,512,0,20,0,32,64,"0x0","0x78a506387cc0",7173387138011,7173432968856,7173432999966,7173433007234,31110
185,"void dequantize_block_q4_0<__half>(void const*, __half*, int) [clone .kd]",4,1,184,150034,150034,229376,32,0,0,12,0,16,64,"0x0","0x78a5c96d2b80",7173387139857,7173432999966,7173433027669,7173433036007,27703
186,"void dequantize_block_q4_0<__half>(void const*, __half*, int) [clone .kd]",4,1,185,150034,150034,229376,32,0,0,12,0,16,64,"0x0","0x78a5c96d2b80",7173387141548,7173433027669,7173433055224,7173433062824,27555
187,"void flash_attn_tile<256, 256, 4, 2, false>(char const*, char const*, char const*, char const*, char const*, int const*, float*, HIP_vector_type<float, 2u>*, float, float, float, float, unsigned int, float, int, HIP_vector_type<unsigned int, 3u>, int, int, int, int, int, int, int, int, int, int, int, long, int, int, long, int, int, int, int, int, long) [clone .kd]",4,1,186,150034,150034,28416,256,22528,1104,128,0,64,64,"0x0","0x78a506387e00",7173387144217,7173433302775,7173434090761,7173434117321,787986
188,"void flash_attn_combine_results<256>(float const*, HIP_vector_type<float, 2u> const*, float*, int) [clone .kd]",4,1,187,150034,150034,6144,256,512,0,20,0,32,64,"0x0","0x78a506387cc0",7173387146137,7173434090761,7173434115946,7173434119711,25185
189,"void dequantize_block_q4_0<__half>(void const*, __half*, int) [clone .kd]",4,1,188,150034,150034,229376,32,0,0,12,0,16,64,"0x0","0x78a5c96d2b80",7173387147942,7173434115946,7173434143353,7173434152159,27407
190,"void dequantize_block_q4_0<__half>(void const*, __half*, int) [clone .kd]",4,1,189,150034,150034,229376,32,0,0,12,0,16,64,"0x0","0x78a5c96d2b80",7173387149707,7173434143353,7173434170759,7173434178380,27406
191,"void flash_attn_tile<256, 256, 4, 6, false>(char const*, char const*, char const*, char const*, char const*, int const*, float*, HIP_vector_type<float, 2u>*, float, float, float, float, unsigned int, float, int, HIP_vector_type<unsigned int, 3u>, int, int, int, int, int, int, int, int, int, int, int, long, int, int, long, int, int, int, int, int, long) [clone .kd]",4,1,190,150034,150034,21504,384,32768,1432,128,0,48,64,"0x0","0x78a506387e80",7173387152028,7173434418903,7173435027336,7173435054195,608433
192,"void flash_attn_combine_results<256>(float const*, HIP_vector_type<float, 2u> const*, float*, int) [clone .kd]",4,1,191,150034,150034,6144,256,512,0,20,0,32,64,"0x0","0x78a506387cc0",7173387153956,7173435098150,7173435127631,7173435136259,29481
193,"void dequantize_block_q4_0<__half>(void const*, __half*, int) [clone .kd]",4,1,192,150034,150034,229376,32,0,0,12,0,16,64,"0x0","0x78a5c96d2b80",7173387155956,7173435127631,7173435152519,7173435159841,24888
194,"void dequantize_block_q4_0<__half>(void const*, __half*, int) [clone .kd]",4,1,193,150034,150034,229376,32,0,0,12,0,16,64,"0x0","0x78a5c96d2b80",7173387157632,7173435152519,7173435177259,7173435185167,24740
195,"void flash_attn_tile<256, 256, 4, 2, false>(char const*, char const*, char const*, char const*, char const*, int const*, float*, HIP_vector_type<float, 2u>*, float, float, float, float, unsigned int, float, int, HIP_vector_type<unsigned int, 3u>, int, int, int, int, int, int, int, int, int, int, int, long, int, int, long, int, int, int, int, int, long) [clone .kd]",4,1,194,150034,150034,28416,256,22528,1104,128,0,64,64,"0x0","0x78a506387e00",7173387159982,7173435399922,7173436114131,7173436140764,714209
196,"void flash_attn_combine_results<256>(float const*, HIP_vector_type<float, 2u> const*, float*, int) [clone .kd]",4,1,195,150034,150034,6144,256,512,0,20,0,32,64,"0x0","0x78a506387cc0",7173387161960,7173436114131,7173436136946,7173436144598,22815
197,"void dequantize_block_q4_0<__half>(void const*, __half*, int) [clone .kd]",4,1,196,150034,150034,229376,32,0,0,12,0,16,64,"0x0","0x78a5c96d2b80",7173387163785,7173436136946,7173436162130,7173436170165,25184
198,"void dequantize_block_q4_0<__half>(void const*, __half*, int) [clone .kd]",4,1,197,150034,150034,229376,32,0,0,12,0,16,64,"0x0","0x78a5c96d2b80",7173387165438,7173436162130,7173436186574,7173436193563,24444
199,"void flash_attn_tile<256, 256, 4, 6, false>(char const*, char const*, char const*, char const*, char const*, int const*, float*, HIP_vector_type<float, 2u>*, float, float, float, float, unsigned int, float, int, HIP_vector_type<unsigned int, 3u>, int, int, int, int, int, int, int, int, int, int, int, long, int, int, long, int, int, int, int, int, long) [clone .kd]",4,1,198,150034,150034,21504,384,32768,1432,128,0,48,64,"0x0","0x78a506387e80",7173387167772,7173436409681,7173436955153,7173436981280,545472
200,"void flash_attn_combine_results<256>(float const*, HIP_vector_type<float, 2u> const*, float*, int) [clone .kd]",4,1,199,150034,150034,6144,256,512,0,20,0,32,64,"0x0","0x78a506387cc0",7173387169633,7173437034707,7173437064484,7173437071488,29777
201,"void dequantize_block_q4_0<__half>(void const*, __half*, int) [clone .kd]",4,1,200,150034,150034,229376,32,0,0,12,0,16,64,"0x0","0x78a5c96d2b80",7173387171508,7173437064484,7173437089669,7173437097728,25185
202,"void dequantize_block_q4_0<__half>(void const*, __half*, int) [clone .kd]",4,1,201,150034,150034,229376,32,0,0,12,0,16,64,"0x0","0x78a5c96d2b80",7173387173154,7173437089669,7173437114261,7173437123085,24592
203,"void flash_attn_tile<256, 256, 4, 2, false>(char const*, char const*, char const*, char const*, char const*, int const*, float*, HIP_vector_type<float, 2u>*, float, float, float, float, unsigned int, float, int, HIP_vector_type<unsigned int, 3u>, int, int, int, int, int, int, int, int, int, int, int, long, int, int, long, int, int, int, int, int, long) [clone .kd]",4,1,202,150034,150034,28416,256,22528,1104,128,0,64,64,"0x0","0x78a506387e00",7173387175635,7173437337072,7173438056762,7173438083440,719690
204,"void flash_attn_combine_results<256>(float const*, HIP_vector_type<float, 2u> const*, float*, int) [clone .kd]",4,1,203,150034,150034,6144,256,512,0,20,0,32,64,"0x0","0x78a506387cc0",7173387177430,7173438056762,7173438079873,7173438087328,23111
205,"void dequantize_block_q4_0<__half>(void const*, __half*, int) [clone .kd]",4,1,204,150034,150034,229376,32,0,0,12,0,16,64,"0x0","0x78a5c96d2b80",7173387179444,7173438079873,7173438104909,7173438112825,25036
206,"void dequantize_block_q4_0<__half>(void const*, __half*, int) [clone .kd]",4,1,205,150034,150034,229376,32,0,0,12,0,16,64,"0x0","0x78a5c96d2b80",7173387181248,7173438104909,7173438129501,7173438137810,24592
207,"void flash_attn_tile<256, 256, 4, 6, false>(char const*, char const*, char const*, char const*, char const*, int const*, float*, HIP_vector_type<float, 2u>*, float, float, float, float, unsigned int, float, int, HIP_vector_type<unsigned int, 3u>, int, int, int, int, int, int, int, int, int, int, int, long, int, int, long, int, int, int, int, int, long) [clone .kd]",4,1,206,150034,150034,21504,384,32768,1432,128,0,48,64,"0x0","0x78a506387e80",7173387183811,7173438353053,7173438900154,7173438926264,547101
208,"void flash_attn_combine_results<256>(float const*, HIP_vector_type<float, 2u> const*, float*, int) [clone .kd]",4,1,207,150034,150034,6144,256,512,0,20,0,32,64,"0x0","0x78a506387cc0",7173387185694,7173438978671,7173439007856,7173439015941,29185
209,"void dequantize_block_q4_0<__half>(void const*, __half*, int) [clone .kd]",4,1,208,150034,150034,229376,32,0,0,12,0,16,64,"0x0","0x78a5c96d2b80",7173387187695,7173439007856,7173439032596,7173439039550,24740
210,"void dequantize_block_q4_0<__half>(void const*, __half*, int) [clone .kd]",4,1,209,150034,150034,229376,32,0,0,12,0,16,64,"0x0","0x78a5c96d2b80",7173387189372,7173439032596,7173439057188,7173439064707,24592
211,"void flash_attn_tile<256, 256, 4, 2, false>(char const*, char const*, char const*, char const*, char const*, int const*, float*, HIP_vector_type<float, 2u>*, float, float, float, float, unsigned int, float, int, HIP_vector_type<unsigned int, 3u>, int, int, int, int, int, int, int, int, int, int, int, long, int, int, long, int, int, int, int, int, long) [clone .kd]",4,1,210,150034,150034,28416,256,22528,1104,128,0,64,64,"0x0","0x78a506387e00",7173387191714,7173439280147,7173440021170,7173440047358,741023
212,"void flash_attn_combine_results<256>(float const*, HIP_vector_type<float, 2u> const*, float*, int) [clone .kd]",4,1,211,150034,150034,6144,256,512,0,20,0,32,64,"0x0","0x78a506387cc0",7173387193855,7173440021170,7173440046207,7173440050037,25037
213,"void dequantize_block_q4_0<__half>(void const*, __half*, int) [clone .kd]",4,1,212,150034,150034,229376,32,0,0,12,0,16,64,"0x0","0x78a5c96d2b80",7173387195891,7173440046207,7173440074058,7173440082997,27851
214,"void dequantize_block_q4_0<__half>(void const*, __half*, int) [clone .kd]",4,1,213,150034,150034,229376,32,0,0,12,0,16,64,"0x0","0x78a5c96d2b80",7173387197768,7173440074058,7173440101021,7173440108605,26963
215,"void flash_attn_tile<256, 256, 4, 6, false>(char const*, char const*, char const*, char const*, char const*, int const*, float*, HIP_vector_type<float, 2u>*, float, float, float, float, unsigned int, float, int, HIP_vector_type<unsigned int, 3u>, int, int, int, int, int, int, int, int, int, int, int, long, int, int, long, int, int, int, int, int, long) [clone .kd]",4,1,214,150034,150034,21504,384,32768,1432,128,0,48,64,"0x0","0x78a506387e80",7173387200051,7173440349016,7173440951079,7173440977550,602063
216,"void flash_attn_combine_results<256>(float const*, HIP_vector_type<float, 2u> const*, float*, int) [clone .kd]",4,1,215,150034,150034,6144,256,512,0,20,0,32,64,"0x0","0x78a506387cc0",7173387202309,7173440981301,7173441013597,7173441022198,32296
217,"void dequantize_block_q4_0<__half>(void const*, __half*, int) [clone .kd]",4,1,216,150034,150034,229376,32,0,0,12,0,16,64,"0x0","0x78a5c96d2b80",7173387204358,7173441013597,7173441041152,7173441049232,27555
218,"void dequantize_block_q4_0<__half>(void const*, __half*, int) [clone .kd]",4,1,217,150034,150034,229376,32,0,0,12,0,16,64,"0x0","0x78a5c96d2b80",7173387205942,7173441041152,7173441068558,7173441075630,27406
219,"void flash_attn_tile<256, 256, 4, 2, false>(char const*, char const*, char const*, char const*, char const*, int const*, float*, HIP_vector_type<float, 2u>*, float, float, float, float, unsigned int, float, int, HIP_vector_type<unsigned int, 3u>, int, int, int, int, int, int, int, int, int, int, int, long, int, int, long, int, int, int, int, int, long) [clone .kd]",4,1,218,150034,150034,28416,256,22528,1104,128,0,64,64,"0x0","0x78a506387e00",7173387208189,7173441316258,7173442103354,7173442129538,787096
220,"void flash_attn_combine_results<256>(float const*, HIP_vector_type<float, 2u> const*, float*, int) [clone .kd]",4,1,219,150034,150034,6144,256,512,0,20,0,32,64,"0x0","0x78a506387cc0",7173387210068,7173442103354,7173442125872,7173442132300,22518
221,"void dequantize_block_q4_0<__half>(void const*, __half*, int) [clone .kd]",4,1,220,150034,150034,229376,32,0,0,12,0,16,64,"0x0","0x78a5c96d2b80",7173387211952,7173442125872,7173442151057,7173442158862,25185
222,"void dequantize_block_q4_0<__half>(void const*, __half*, int) [clone .kd]",4,1,221,150034,150034,229376,32,0,0,12,0,16,64,"0x0","0x78a5c96d2b80",7173387213535,7173442151057,7173442175649,7173442183284,24592
223,"void flash_attn_tile<256, 256, 4, 6, false>(char const*, char const*, char const*, char const*, char const*, int const*, float*, HIP_vector_type<float, 2u>*, float, float, float, float, unsigned int, float, int, HIP_vector_type<unsigned int, 3u>, int, int, int, int, int, int, int, int, int, int, int, long, int, int, long, int, int, int, int, int, long) [clone .kd]",4,1,222,150034,150034,21504,384,32768,1432,128,0,48,64,"0x0","0x78a506387e80",7173387215963,7173442398756,7173442947783,7173442973329,549027
224,"void flash_attn_combine_results<256>(float const*, HIP_vector_type<float, 2u> const*, float*, int) [clone .kd]",4,1,223,150034,150034,6144,256,512,0,20,0,32,64,"0x0","0x78a506387cc0",7173387217950,7173443024078,7173443052670,7173443059780,28592
225,"void dequantize_block_q4_0<__half>(void const*, __half*, int) [clone .kd]",4,1,224,150034,150034,229376,32,0,0,12,0,16,64,"0x0","0x78a5c96d2b80",7173387219936,7173443052670,7173443077262,7173443086054,24592
226,"void dequantize_block_q4_0<__half>(void const*, __half*, int) [clone .kd]",4,1,225,150034,150034,229376,32,0,0,12,0,16,64,"0x0","0x78a5c96d2b80",7173387221505,7173443077262,7173443102151,7173443109791,24889
227,"void flash_attn_tile<256, 256, 4, 2, false>(char const*, char const*, char const*, char const*, char const*, int const*, float*, HIP_vector_type<float, 2u>*, float, float, float, float, unsigned int, float, int, HIP_vector_type<unsigned int, 3u>, int, int, int, int, int, int, int, int, int, int, int, long, int, int, long, int, int, int, int, int, long) [clone .kd]",4,1,226,150034,150034,28416,256,22528,1104,128,0,64,64,"0x0","0x78a506387e00",7173387223874,7173443324813,7173444073688,7173444099759,748875
228,"void flash_attn_combine_results<256>(float const*, HIP_vector_type<float, 2u> const*, float*, int) [clone .kd]",4,1,227,150034,150034,6144,256,512,0,20,0,32,64,"0x0","0x78a506387cc0",7173387225677,7173444073688,7173444097984,7173444102448,24296
229,"void dequantize_block_q4_0<__half>(void const*, __half*, int) [clone .kd]",4,1,228,150034,150034,229376,32,0,0,12,0,16,64,"0x0","0x78a5c96d2b80",7173387227557,7173444097984,7173444125836,7173444134630,27852
230,"void dequantize_block_q4_0<__half>(void const*, __half*, int) [clone .kd]",4,1,229,150034,150034,229376,32,0,0,12,0,16,64,"0x0","0x78a5c96d2b80",7173387229144,7173444125836,7173444152946,7173444160232,27110
231,"void flash_attn_tile<256, 256, 4, 6, false>(char const*, char const*, char const*, char const*, char const*, int const*, float*, HIP_vector_type<float, 2u>*, float, float, float, float, unsigned int, float, int, HIP_vector_type<unsigned int, 3u>, int, int, int, int, int, int, int, int, int, int, int, long, int, int, long, int, int, int, int, int, long) [clone .kd]",4,1,230,150034,150034,21504,384,32768,1432,128,0,48,64,"0x0","0x78a506387e80",7173387231740,7173444400793,7173445004190,7173445029826,603397
232,"void flash_attn_combine_results<256>(float const*, HIP_vector_type<float, 2u> const*, float*, int) [clone .kd]",4,1,231,150034,150034,6144,256,512,0,20,0,32,64,"0x0","0x78a506387cc0",7173387233663,7173445094410,7173445126558,7173445133980,32148
233,"void dequantize_block_q4_0<__half>(void const*, __half*, int) [clone .kd]",4,1,232,150034,150034,229376,32,0,0,12,0,16,64,"0x0","0x78a5c96d2b80",7173387235509,7173445126558,7173445154113,7173445161616,27555
234,"void dequantize_block_q4_0<__half>(void const*, __half*, int) [clone .kd]",4,1,233,150034,150034,229376,32,0,0,12,0,16,64,"0x0","0x78a5c96d2b80",7173387237083,7173445154113,7173445181372,7173445188865,27259
235,"void flash_attn_tile<256, 256, 4, 2, false>(char const*, char const*, char const*, char const*, char const*, int const*, float*, HIP_vector_type<float, 2u>*, float, float, float, float, unsigned int, float, int, HIP_vector_type<unsigned int, 3u>, int, int, int, int, int, int, int, int, int, int, int, long, int, int, long, int, int, int, int, int, long) [clone .kd]",4,1,234,150034,150034,28416,256,22528,1104,128,0,64,64,"0x0","0x78a506387e00",7173387239629,7173445429071,7173446207427,7173446233319,778356
236,"void flash_attn_combine_results<256>(float const*, HIP_vector_type<float, 2u> const*, float*, int) [clone .kd]",4,1,235,150034,150034,6144,256,512,0,20,0,32,64,"0x0","0x78a506387cc0",7173387241510,7173446207427,7173446229797,7173446235839,22370
237,"void dequantize_block_q4_0<__half>(void const*, __half*, int) [clone .kd]",4,1,236,150034,150034,229376,32,0,0,12,0,16,64,"0x0","0x78a5c96d2b80",7173387243332,7173446229797,7173446254982,7173446263613,25185
238,"void dequantize_block_q4_0<__half>(void const*, __half*, int) [clone .kd]",4,1,237,150034,150034,229376,32,0,0,12,0,16,64,"0x0","0x78a5c96d2b80",7173387244869,7173446254982,7173446279870,7173446287577,24888
239,"void flash_attn_tile<256, 256, 4, 6, false>(char const*, char const*, char const*, char const*, char const*, int const*, float*, HIP_vector_type<float, 2u>*, float, float, float, float, unsigned int, float, int, HIP_vector_type<unsigned int, 3u>, int, int, int, int, int, int, int, int, int, int, int, long, int, int, long, int, int, int, int, int, long) [clone .kd]",4,1,238,150034,150034,21504,384,32768,1432,128,0,48,64,"0x0","0x78a506387e80",7173387247431,7173446502977,7173447049782,7173447075389,546805
240,"void flash_attn_combine_results<256>(float const*, HIP_vector_type<float, 2u> const*, float*, int) [clone .kd]",4,1,239,150034,150034,6144,256,512,0,20,0,32,64,"0x0","0x78a506387cc0",7173387249566,7173447116595,7173447143410,7173447150406,26815
241,"void dequantize_block_q4_0<__half>(void const*, __half*, int) [clone .kd]",4,1,240,150034,150034,229376,32,0,0,12,0,16,64,"0x0","0x78a5c96d2b80",7173387251426,7173447143410,7173447167261,7173447174785,23851
242,"void dequantize_block_q4_0<__half>(void const*, __half*, int) [clone .kd]",4,1,241,150034,150034,229376,32,0,0,12,0,16,64,"0x0","0x78a5c96d2b80",7173387253087,7173447167261,7173447190520,7173447198671,23259
243,"void flash_attn_tile<256, 256, 4, 2, false>(char const*, char const*, char const*, char const*, char const*, int const*, float*, HIP_vector_type<float, 2u>*, float, float, float, float, unsigned int, float, int, HIP_vector_type<unsigned int, 3u>, int, int, int, int, int, int, int, int, int, int, int, long, int, int, long, int, int, int, int, int, long) [clone .kd]",4,1,242,150034,150034,28416,256,22528,1104,128,0,64,64,"0x0","0x78a506387e00",7173387255545,7173447400294,7173448120873,7173448146460,720579
244,"void flash_attn_combine_results<256>(float const*, HIP_vector_type<float, 2u> const*, float*, int) [clone .kd]",4,1,243,150034,150034,6144,256,512,0,20,0,32,64,"0x0","0x78a506387cc0",7173387257480,7173448120873,7173448143836,7173448149076,22963
245,"void dequantize_block_q4_0<__half>(void const*, __half*, int) [clone .kd]",4,1,244,150034,150034,229376,32,0,0,12,0,16,64,"0x0","0x78a5c96d2b80",7173387259259,7173448143836,7173448168872,7173448176108,25036
246,"void dequantize_block_q4_0<__half>(void const*, __half*, int) [clone .kd]",4,1,245,150034,150034,229376,32,0,0,12,0,16,64,"0x0","0x78a5c96d2b80",7173387260929,7173448168872,7173448193761,7173448202096,24889
247,"void flash_attn_tile<256, 256, 4, 6, false>(char const*, char const*, char const*, char const*, char const*, int const*, float*, HIP_vector_type<float, 2u>*, float, float, float, float, unsigned int, float, int, HIP_vector_type<unsigned int, 3u>, int, int, int, int, int, int, int, int, int, int, int, long, int, int, long, int, int, int, int, int, long) [clone .kd]",4,1,246,150034,150034,21504,384,32768,1432,128,0,48,64,"0x0","0x78a506387e80",7173387263534,7173448416868,7173448963080,7173448988573,546212
248,"void flash_attn_combine_results<256>(float const*, HIP_vector_type<float, 2u> const*, float*, int) [clone .kd]",4,1,247,150034,150034,6144,256,512,0,20,0,32,64,"0x0","0x78a506387cc0",7173387265429,7173449042190,7173449070633,7173449078639,28443
249,"void dequantize_block_q4_0<__half>(void const*, __half*, int) [clone .kd]",4,1,248,150034,150034,229376,32,0,0,12,0,16,64,"0x0","0x78a5c96d2b80",7173387267374,7173449070633,7173449095374,7173449103880,24741
250,"void dequantize_block_q4_0<__half>(void const*, __half*, int) [clone .kd]",4,1,249,150034,150034,229376,32,0,0,12,0,16,64,"0x0","0x78a5c96d2b80",7173387268943,7173449095374,7173449119966,7173449126815,24592
251,"void flash_attn_tile<256, 256, 4, 2, false>(char const*, char const*, char const*, char const*, char const*, int const*, float*, HIP_vector_type<float, 2u>*, float, float, float, float, unsigned int, float, int, HIP_vector_type<unsigned int, 3u>, int, int, int, int, int, int, int, int, int, int, int, long, int, int, long, int, int, int, int, int, long) [clone .kd]",4,1,250,150034,150034,28416,256,22528,1104,128,0,64,64,"0x0","0x78a506387e00",7173387277080,7173449342480,7173450050615,7173450076589,708135
252,"void flash_attn_combine_results<256>(float const*, HIP_vector_type<float, 2u> const*, float*, int) [clone .kd]",4,1,251,150034,150034,6144,256,512,0,20,0,32,64,"0x0","0x78a506387cc0",7173387279048,7173450050615,7173450072541,7173450079191,21926
253,"void dequantize_block_q4_0<__half>(void const*, __half*, int) [clone .kd]",4,1,252,150034,150034,229376,32,0,0,12,0,16,64,"0x0","0x78a5c96d2b80",7173387281030,7173450072541,7173450097726,7173450106616,25185
254,"void dequantize_block_q4_0<__half>(void const*, __half*, int) [clone .kd]",4,1,253,150034,150034,229376,32,0,0,12,0,16,64,"0x0","0x78a5c96d2b80",7173387282688,7173450097726,7173450122614,7173450129761,24888
255,"void flash_attn_tile<256, 256, 4, 6, false>(char const*, char const*, char const*, char const*, char const*, int const*, float*, HIP_vector_type<float, 2u>*, float, float, float, float, unsigned int, float, int, HIP_vector_type<unsigned int, 3u>, int, int, int, int, int, int, int, int, int, int, int, long, int, int, long, int, int, int, int, int, long) [clone .kd]",4,1,254,150034,150034,21504,384,32768,1432,128,0,48,64,"0x0","0x78a506387e80",7173387284937,7173450345721,7173450896081,7173450921568,550360
256,"void flash_attn_combine_results<256>(float const*, HIP_vector_type<float, 2u> const*, float*, int) [clone .kd]",4,1,255,150034,150034,6144,256,512,0,20,0,32,64,"0x0","0x78a506387cc0",7173387286815,7173450970747,7173450999487,7173451007152,28740
257,"void dequantize_block_q4_0<__half>(void const*, __half*, int) [clone .kd]",4,1,256,150034,150034,229376,32,0,0,12,0,16,64,"0x0","0x78a5c96d2b80",7173387288826,7173450999487,7173451024227,7173451031753,24740
258,"void dequantize_block_q4_0<__half>(void const*, __half*, int) [clone .kd]",4,1,257,150034,150034,229376,32,0,0,12,0,16,64,"0x0","0x78a5c96d2b80",7173387290488,7173451024227,7173451048819,7173451055798,24592
259,"void flash_attn_tile<256, 256, 4, 2, false>(char const*, char const*, char const*, char const*, char const*, int const*, float*, HIP_vector_type<float, 2u>*, float, float, float, float, unsigned int, float, int, HIP_vector_type<unsigned int, 3u>, int, int, int, int, int, int, int, int, int, int, int, long, int, int, long, int, int, int, int, int, long) [clone .kd]",4,1,258,150034,150034,28416,256,22528,1104,128,0,64,64,"0x0","0x78a506387e00",7173387292742,7173451271482,7173452003024,7173452028996,731542
260,"void flash_attn_combine_results<256>(float const*, HIP_vector_type<float, 2u> const*, float*, int) [clone .kd]",4,1,259,150034,150034,6144,256,512,0,20,0,32,64,"0x0","0x78a506387cc0",7173387294652,7173452003024,7173452027616,7173452032986,24592
261,"void dequantize_block_q4_0<__half>(void const*, __half*, int) [clone .kd]",4,1,260,150034,150034,229376,32,0,0,12,0,16,64,"0x0","0x78a5c96d2b80",7173387296488,7173452027616,7173452055467,7173452063104,27851
262,"void dequantize_block_q4_0<__half>(void const*, __half*, int) [clone .kd]",4,1,261,150034,150034,229376,32,0,0,12,0,16,64,"0x0","0x78a5c96d2b80",7173387298175,7173452055467,7173452083023,7173452091003,27556
263,"void flash_attn_tile<256, 256, 4, 6, false>(char const*, char const*, char const*, char const*, char const*, int const*, float*, HIP_vector_type<float, 2u>*, float, float, float, float, unsigned int, float, int, HIP_vector_type<unsigned int, 3u>, int, int, int, int, int, int, int, int, int, int, int, long, int, int, long, int, int, int, int, int, long) [clone .kd]",4,1,262,150034,150034,21504,384,32768,1432,128,0,48,64,"0x0","0x78a506387e80",7173387300654,7173452330870,7173452933970,7173452959206,603100
264,"void flash_attn_combine_results<256>(float const*, HIP_vector_type<float, 2u> const*, float*, int) [clone .kd]",4,1,263,150034,150034,6144,256,512,0,20,0,32,64,"0x0","0x78a506387cc0",7173387302606,7173452961673,7173452993672,7173453004024,31999
265,"void dequantize_block_q4_0<__half>(void const*, __half*, int) [clone .kd]",4,1,264,150034,150034,229376,32,0,0,12,0,16,64,"0x0","0x78a5c96d2b80",7173387304494,7173452993672,7173453021672,7173453029398,28000
266,"void dequantize_block_q4_0<__half>(void const*, __half*, int) [clone .kd]",4,1,265,150034,150034,229376,32,0,0,12,0,16,64,"0x0","0x78a5c96d2b80",7173387306180,7173453021672,7173453048931,7173453057524,27259
267,"void flash_attn_tile<256, 256, 4, 2, false>(char const*, char const*, char const*, char const*, char const*, int const*, float*, HIP_vector_type<float, 2u>*, float, float, float, float, unsigned int, float, int, HIP_vector_type<unsigned int, 3u>, int, int, int, int, int, int, int, int, int, int, int, long, int, int, long, int, int, int, int, int, long) [clone .kd]",4,1,266,150034,150034,28416,256,22528,1104,128,0,64,64,"0x0","0x78a506387e00",7173387308454,7173453296926,7173454086393,7173454113773,789467
268,"void flash_attn_combine_results<256>(float const*, HIP_vector_type<float, 2u> const*, float*, int) [clone .kd]",4,1,267,150034,150034,6144,256,512,0,20,0,32,64,"0x0","0x78a506387cc0",7173387310232,7173454086393,7173454108467,7173454116559,22074
269,"void dequantize_block_q4_0<__half>(void const*, __half*, int) [clone .kd]",4,1,268,150034,150034,229376,32,0,0,12,0,16,64,"0x0","0x78a5c96d2b80",7173387312228,7173454108467,7173454133651,7173454142484,25184
270,"void dequantize_block_q4_0<__half>(void const*, __half*, int) [clone .kd]",4,1,269,150034,150034,229376,32,0,0,12,0,16,64,"0x0","0x78a5c96d2b80",7173387313938,7173454133651,7173454158392,7173454166416,24741
271,"void flash_attn_tile<256, 256, 4, 6, false>(char const*, char const*, char const*, char const*, char const*, int const*, float*, HIP_vector_type<float, 2u>*, float, float, float, float, unsigned int, float, int, HIP_vector_type<unsigned int, 3u>, int, int, int, int, int, int, int, int, int, int, int, long, int, int, long, int, int, int, int, int, long) [clone .kd]",4,1,270,150034,150034,21504,384,32768,1432,128,0,48,64,"0x0","0x78a506387e80",7173387316208,7173454381943,7173454928452,7173454955449,546509
272,"void flash_attn_combine_results<256>(float const*, HIP_vector_type<float, 2u> const*, float*, int) [clone .kd]",4,1,271,150034,150034,6144,256,512,0,20,0,32,64,"0x0","0x78a506387cc0",7173387317998,7173455009339,7173455038672,7173455046280,29333
273,"void dequantize_block_q4_0<__half>(void const*, __half*, int) [clone .kd]",4,1,272,150034,150034,229376,32,0,0,12,0,16,64,"0x0","0x78a5c96d2b80",7173387320342,7173455038672,7173455063708,7173455072494,25036
274,"void dequantize_block_q4_0<__half>(void const*, __half*, int) [clone .kd]",4,1,273,150034,150034,229376,32,0,0,12,0,16,64,"0x0","0x78a5c96d2b80",7173387322053,7173455063708,7173455088301,7173455096827,24593
275,"void flash_attn_tile<256, 256, 4, 2, false>(char const*, char const*, char const*, char const*, char const*, int const*, float*, HIP_vector_type<float, 2u>*, float, float, float, float, unsigned int, float, int, HIP_vector_type<unsigned int, 3u>, int, int, int, int, int, int, int, int, int, int, int, long, int, int, long, int, int, int, int, int, long) [clone .kd]",4,1,274,150034,150034,28416,256,22528,1104,128,0,64,64,"0x0","0x78a506387e00",7173387324396,7173455311111,7173456056727,7173456087567,745616
276,"void flash_attn_combine_results<256>(float const*, HIP_vector_type<float, 2u> const*, float*, int) [clone .kd]",4,1,275,150034,150034,6144,256,512,0,20,0,32,64,"0x0","0x78a506387cc0",7173387326216,7173456056727,7173456081467,7173456091876,24740
277,"void dequantize_block_q4_0<__half>(void const*, __half*, int) [clone .kd]",4,1,276,150034,150034,229376,32,0,0,12,0,16,64,"0x0","0x78a5c96d2b80",7173387328083,7173456081467,7173456109171,7173456118046,27704
278,"void dequantize_block_q4_0<__half>(void const*, __half*, int) [clone .kd]",4,1,277,150034,150034,229376,32,0,0,12,0,16,64,"0x0","0x78a5c96d2b80",7173387329840,7173456109171,7173456136726,7173456145550,27555
279,"void flash_attn_tile<256, 256, 4, 6, false>(char const*, char const*, char const*, char const*, char const*, int const*, float*, HIP_vector_type<float, 2u>*, float, float, float, float, unsigned int, float, int, HIP_vector_type<unsigned int, 3u>, int, int, int, int, int, int, int, int, int, int, int, long, int, int, long, int, int, int, int, int, long) [clone .kd]",4,1,278,150034,150034,21504,384,32768,1432,128,0,48,64,"0x0","0x78a506387e80",7173387332285,7173456384721,7173456987673,7173457015338,602952
280,"void flash_attn_combine_results<256>(float const*, HIP_vector_type<float, 2u> const*, float*, int) [clone .kd]",4,1,279,150034,150034,6144,256,512,0,20,0,32,64,"0x0","0x78a506387cc0",7173387334026,7173457079079,7173457110782,7173457119509,31703
281,"void dequantize_block_q4_0<__half>(void const*, __half*, int) [clone .kd]",4,1,280,150034,150034,229376,32,0,0,12,0,16,64,"0x0","0x78a5c96d2b80",7173387335864,7173457110782,7173457138485,7173457147047,27703
282,"void dequantize_block_q4_0<__half>(void const*, __half*, int) [clone .kd]",4,1,281,150034,150034,229376,32,0,0,12,0,16,64,"0x0","0x78a5c96d2b80",7173387337687,7173457138485,7173457165744,7173457174611,27259
283,"void flash_attn_tile<256, 256, 4, 2, false>(char const*, char const*, char const*, char const*, char const*, int const*, float*, HIP_vector_type<float, 2u>*, float, float, float, float, unsigned int, float, int, HIP_vector_type<unsigned int, 3u>, int, int, int, int, int, int, int, int, int, int, int, long, int, int, long, int, int, int, int, int, long) [clone .kd]",4,1,282,150034,150034,28416,256,22528,1104,128,0,64,64,"0x0","0x78a506387e00",7173387340025,7173457413591,7173458186466,7173458215206,772875
284,"void flash_attn_combine_results<256>(float const*, HIP_vector_type<float, 2u> const*, float*, int) [clone .kd]",4,1,283,150034,150034,6144,256,512,0,20,0,32,64,"0x0","0x78a506387cc0",7173387341854,7173458186466,7173458208984,7173458217997,22518
285,"void dequantize_block_q4_0<__half>(void const*, __half*, int) [clone .kd]",4,1,284,150034,150034,229376,32,0,0,12,0,16,64,"0x0","0x78a5c96d2b80",7173387343722,7173458208984,7173458233724,7173458242522,24740
286,"void dequantize_block_q4_0<__half>(void const*, __half*, int) [clone .kd]",4,1,285,150034,150034,229376,32,0,0,12,0,16,64,"0x0","0x78a5c96d2b80",7173387345595,7173458233724,7173458258316,7173458265833,24592
287,"void flash_attn_tile<256, 256, 4, 6, false>(char const*, char const*, char const*, char const*, char const*, int const*, float*, HIP_vector_type<float, 2u>*, float, float, float, float, unsigned int, float, int, HIP_vector_type<unsigned int, 3u>, int, int, int, int, int, int, int, int, int, int, int, long, int, int, long, int, int, int, int, int, long) [clone .kd]",4,1,286,150034,150034,21504,384,32768,1432,128,0,48,64,"0x0","0x78a506387e80",7173387348155,7173458481423,7173459026450,7173459053858,545027
288,"void flash_attn_combine_results<256>(float const*, HIP_vector_type<float, 2u> const*, float*, int) [clone .kd]",4,1,287,150034,150034,6144,256,512,0,20,0,32,64,"0x0","0x78a506387cc0",7173387349971,7173459094005,7173459121115,7173459128516,27110
289,"void dequantize_block_q4_0<__half>(void const*, __half*, int) [clone .kd]",4,1,288,150034,150034,229376,32,0,0,12,0,16,64,"0x0","0x78a5c96d2b80",7173387351971,7173459121115,7173459144819,7173459152018,23704
290,"void dequantize_block_q4_0<__half>(void const*, __half*, int) [clone .kd]",4,1,289,150034,150034,229376,32,0,0,12,0,16,64,"0x0","0x78a5c96d2b80",7173387353561,7173459144819,7173459167633,7173459175679,22814
291,"void flash_attn_tile<256, 256, 4, 2, false>(char const*, char const*, char const*, char const*, char const*, int const*, float*, HIP_vector_type<float, 2u>*, float, float, float, float, unsigned int, float, int, HIP_vector_type<unsigned int, 3u>, int, int, int, int, int, int, int, int, int, int, int, long, int, int, long, int, int, int, int, int, long) [clone .kd]",4,1,290,150034,150034,28416,256,22528,1104,128,0,64,64,"0x0","0x78a506387e00",7173387355805,7173459396369,7173460116208,7173460144373,719839
292,"void flash_attn_combine_results<256>(float const*, HIP_vector_type<float, 2u> const*, float*, int) [clone .kd]",4,1,291,150034,150034,6144,256,512,0,20,0,32,64,"0x0","0x78a506387cc0",7173387357661,7173460116208,7173460138578,7173460150209,22370
293,"void dequantize_block_q4_0<__half>(void const*, __half*, int) [clone .kd]",4,1,292,150034,150034,229376,32,0,0,12,0,16,64,"0x0","0x78a5c96d2b80",7173387359520,7173460138578,7173460163615,7173460171018,25037
294,"void dequantize_block_q4_0<__half>(void const*, __half*, int) [clone .kd]",4,1,293,150034,150034,229376,32,0,0,12,0,16,64,"0x0","0x78a5c96d2b80",7173387361178,7173460163615,7173460188059,7173460195890,24444
295,"void flash_attn_tile<256, 256, 4, 6, false>(char const*, char const*, char const*, char const*, char const*, int const*, float*, HIP_vector_type<float, 2u>*, float, float, float, float, unsigned int, float, int, HIP_vector_type<unsigned int, 3u>, int, int, int, int, int, int, int, int, int, int, int, long, int, int, long, int, int, int, int, int, long) [clone .kd]",4,1,294,150034,150034,21504,384,32768,1432,128,0,48,64,"0x0","0x78a506387e80",7173387363605,7173460411462,7173460958267,7173460982721,546805
296,"void flash_attn_combine_results<256>(float const*, HIP_vector_type<float, 2u> const*, float*, int) [clone .kd]",4,1,295,150034,150034,6144,256,512,0,20,0,32,64,"0x0","0x78a506387cc0",7173387365375,7173461036487,7173461064191,7173461109317,27704
297,"void dequantize_block_q4_0<__half>(void const*, __half*, int) [clone .kd]",4,1,296,150034,150034,229376,32,0,0,12,0,16,64,"0x0","0x78a5c96d2b80",7173387367355,7173461064191,7173461089079,7173461129791,24888
298,"void dequantize_block_q4_0<__half>(void const*, __half*, int) [clone .kd]",4,1,297,150034,150034,229376,32,0,0,12,0,16,64,"0x0","0x78a5c96d2b80",7173387369047,7173461089079,7173461113671,7173461131977,24592
299,"void flash_attn_tile<256, 256, 4, 2, false>(char const*, char const*, char const*, char const*, char const*, int const*, float*, HIP_vector_type<float, 2u>*, float, float, float, float, unsigned int, float, int, HIP_vector_type<unsigned int, 3u>, int, int, int, int, int, int, int, int, int, int, int, long, int, int, long, int, int, int, int, int, long) [clone .kd]",4,1,298,150034,150034,28416,256,22528,1104,128,0,64,64,"0x0","0x78a506387e00",7173387371350,7173461336482,7173462057061,7173462131426,720579
300,"void flash_attn_combine_results<256>(float const*, HIP_vector_type<float, 2u> const*, float*, int) [clone .kd]",4,1,299,150034,150034,6144,256,512,0,20,0,32,64,"0x0","0x78a506387cc0",7173387373205,7173462057061,7173462079876,7173462142118,22815
301,"void dequantize_block_q4_0<__half>(void const*, __half*, int) [clone .kd]",4,1,300,150034,150034,229376,32,0,0,12,0,16,64,"0x0","0x78a5c96d2b80",7173387375021,7173462079876,7173462105357,7173462144323,25481
302,"void dequantize_block_q4_0<__half>(void const*, __half*, int) [clone .kd]",4,1,301,150034,150034,229376,32,0,0,12,0,16,64,"0x0","0x78a5c96d2b80",7173387376798,7173462105357,7173462129801,7173462146196,24444
303,"void flash_attn_tile<256, 256, 4, 6, false>(char const*, char const*, char const*, char const*, char const*, int const*, float*, HIP_vector_type<float, 2u>*, float, float, float, float, unsigned int, float, int, HIP_vector_type<unsigned int, 3u>, int, int, int, int, int, int, int, int, int, int, int, long, int, int, long, int, int, int, int, int, long) [clone .kd]",4,1,302,150034,150034,21504,384,32768,1432,128,0,48,64,"0x0","0x78a506387e80",7173387379180,7173462352908,7173462898675,7173462969603,545767
304,"void flash_attn_combine_results<256>(float const*, HIP_vector_type<float, 2u> const*, float*, int) [clone .kd]",4,1,303,150034,150034,6144,256,512,0,20,0,32,64,"0x0","0x78a506387cc0",7173387380992,7173462992303,7173463023710,7173463032178,31407
305,"void dequantize_block_q4_0<__half>(void const*, __half*, int) [clone .kd]",4,1,304,150034,150034,229376,32,0,0,12,0,16,64,"0x0","0x78a5c96d2b80",7173387382784,7173463023710,7173463051413,7173463058986,27703
306,"void dequantize_block_q4_0<__half>(void const*, __half*, int) [clone .kd]",4,1,305,150034,150034,229376,32,0,0,12,0,16,64,"0x0","0x78a5c96d2b80",7173387384514,7173463051413,7173463078524,7173463086032,27111
307,"void flash_attn_tile<256, 256, 4, 2, false>(char const*, char const*, char const*, char const*, char const*, int const*, float*, HIP_vector_type<float, 2u>*, float, float, float, float, unsigned int, float, int, HIP_vector_type<unsigned int, 3u>, int, int, int, int, int, int, int, int, int, int, int, long, int, int, long, int, int, int, int, int, long) [clone .kd]",4,1,306,150034,150034,28416,256,22528,1104,128,0,64,64,"0x0","0x78a506387e00",7173387386930,7173463326075,7173464115690,7173464187396,789615
308,"void flash_attn_combine_results<256>(float const*, HIP_vector_type<float, 2u> const*, float*, int) [clone .kd]",4,1,307,150034,150034,6144,256,512,0,20,0,32,64,"0x0","0x78a506387cc0",7173387388720,7173464115690,7173464140875,7173464197830,25185
309,"void dequantize_block_q4_0<__half>(void const*, __half*, int) [clone .kd]",4,1,308,150034,150034,229376,32,0,0,12,0,16,64,"0x0","0x78a5c96d2b80",7173387390629,7173464140875,7173464168430,7173464200077,27555
310,"void dequantize_block_q4_0<__half>(void const*, __half*, int) [clone .kd]",4,1,309,150034,150034,229376,32,0,0,12,0,16,64,"0x0","0x78a5c96d2b80",7173387392227,7173464168430,7173464195689,7173464201891,27259
311,"void flash_attn_tile<256, 256, 4, 6, false>(char const*, char const*, char const*, char const*, char const*, int const*, float*, HIP_vector_type<float, 2u>*, float, float, float, float, unsigned int, float, int, HIP_vector_type<unsigned int, 3u>, int, int, int, int, int, int, int, int, int, int, int, long, int, int, long, int, int, int, int, int, long) [clone .kd]",4,1,310,150034,150034,21504,384,32768,1432,128,0,48,64,"0x0","0x78a506387e80",7173387394536,7173464443684,7173465046191,7173465127719,602507
312,"void flash_attn_combine_results<256>(float const*, HIP_vector_type<float, 2u> const*, float*, int) [clone .kd]",4,1,311,150034,150034,6144,256,512,0,20,0,32,64,"0x0","0x78a506387cc0",7173387396439,7173465179967,7173465209151,7173465217749,29184
313,"void dequantize_block_q4_0<__half>(void const*, __half*, int) [clone .kd]",4,1,312,150034,150034,229376,32,0,0,12,0,16,64,"0x0","0x78a5c96d2b80",7173387398292,7173465209151,7173465234188,7173465241618,25037
314,"void dequantize_block_q4_0<__half>(void const*, __half*, int) [clone .kd]",4,1,313,150034,150034,229376,32,0,0,12,0,16,64,"0x0","0x78a5c96d2b80",7173387399974,7173465234188,7173465258780,7173465267492,24592
315,"void flash_attn_tile<256, 256, 4, 2, false>(char const*, char const*, char const*, char const*, char const*, int const*, float*, HIP_vector_type<float, 2u>*, float, float, float, float, unsigned int, float, int, HIP_vector_type<unsigned int, 3u>, int, int, int, int, int, int, int, int, int, int, int, long, int, int, long, int, int, int, int, int, long) [clone .kd]",4,1,314,150034,150034,28416,256,22528,1104,128,0,64,64,"0x0","0x78a506387e00",7173387402409,7173465481443,7173466206318,7173466288067,724875
316,"void flash_attn_combine_results<256>(float const*, HIP_vector_type<float, 2u> const*, float*, int) [clone .kd]",4,1,315,150034,150034,6144,256,512,0,20,0,32,64,"0x0","0x78a506387cc0",7173387404152,7173466206318,7173466228096,7173466306803,21778
317,"void dequantize_block_q4_0<__half>(void const*, __half*, int) [clone .kd]",4,1,316,150034,150034,229376,32,0,0,12,0,16,64,"0x0","0x78a5c96d2b80",7173387406055,7173466228096,7173466253280,7173466309388,25184
318,"void dequantize_block_q4_0<__half>(void const*, __half*, int) [clone .kd]",4,1,317,150034,150034,229376,32,0,0,12,0,16,64,"0x0","0x78a5c96d2b80",7173387407722,7173466253280,7173466277872,7173466311266,24592
319,"void flash_attn_tile<256, 256, 4, 6, false>(char const*, char const*, char const*, char const*, char const*, int const*, float*, HIP_vector_type<float, 2u>*, float, float, float, float, unsigned int, float, int, HIP_vector_type<unsigned int, 3u>, int, int, int, int, int, int, int, int, int, int, int, long, int, int, long, int, int, int, int, int, long) [clone .kd]",4,1,318,150034,150034,21504,384,32768,1432,128,0,48,64,"0x0","0x78a506387e80",7173387410067,7173466500979,7173467048969,7173467120882,547990
320,"void flash_attn_combine_results<256>(float const*, HIP_vector_type<float, 2u> const*, float*, int) [clone .kd]",4,1,319,150034,150034,6144,256,512,0,20,0,32,64,"0x0","0x78a506387cc0",7173387411894,7173467169412,7173467196670,7173467205107,27258
321,"void dequantize_block_q4_0<__half>(void const*, __half*, int) [clone .kd]",4,1,320,150034,150034,229376,32,0,0,12,0,16,64,"0x0","0x78a5c96d2b80",7173387413663,7173467196670,7173467219929,7173467227908,23259
322,"void dequantize_block_q4_0<__half>(void const*, __half*, int) [clone .kd]",4,1,321,150034,150034,229376,32,0,0,12,0,16,64,"0x0","0x78a5c96d2b80",7173387415363,7173467219929,7173467243040,7173467251788,23111
323,"void flash_attn_tile<256, 256, 4, 2, false>(char const*, char const*, char const*, char const*, char const*, int const*, float*, HIP_vector_type<float, 2u>*, float, float, float, float, unsigned int, float, int, HIP_vector_type<unsigned int, 3u>, int, int, int, int, int, int, int, int, int, int, int, long, int, int, long, int, int, int, int, int, long) [clone .kd]",4,1,322,150034,150034,28416,256,22528,1104,128,0,64,64,"0x0","0x78a506387e00",7173387417851,7173467452962,7173468161245,7173468239008,708283
324,"void flash_attn_combine_results<256>(float const*, HIP_vector_type<float, 2u> const*, float*, int) [clone .kd]",4,1,323,150034,150034,6144,256,512,0,20,0,32,64,"0x0","0x78a506387cc0",7173387419676,7173468161245,7173468184504,7173468253777,23259
325,"void dequantize_block_q4_0<__half>(void const*, __half*, int) [clone .kd]",4,1,324,150034,150034,229376,32,0,0,12,0,16,64,"0x0","0x78a5c96d2b80",7173387421555,7173468184504,7173468209244,7173468256043,24740
326,"void dequantize_block_q4_0<__half>(void const*, __half*, int) [clone .kd]",4,1,325,150034,150034,229376,32,0,0,12,0,16,64,"0x0","0x78a5c96d2b80",7173387423199,7173468209244,7173468233985,7173468257677,24741
327,"void flash_attn_tile<256, 256, 4, 6, false>(char const*, char const*, char const*, char const*, char const*, int const*, float*, HIP_vector_type<float, 2u>*, float, float, float, float, unsigned int, float, int, HIP_vector_type<unsigned int, 3u>, int, int, int, int, int, int, int, int, int, int, int, long, int, int, long, int, int, int, int, int, long) [clone .kd]",4,1,326,150034,150034,21504,384,32768,1432,128,0,48,64,"0x0","0x78a506387e80",7173387425697,7173468456943,7173469007304,7173469032238,550361
328,"void flash_attn_combine_results<256>(float const*, HIP_vector_type<float, 2u> const*, float*, int) [clone .kd]",4,1,327,150034,150034,6144,256,512,0,20,0,32,64,"0x0","0x78a506387cc0",7173387427629,7173469081969,7173469111006,7173469118383,29037
329,"void dequantize_block_q4_0<__half>(void const*, __half*, int) [clone .kd]",4,1,328,150034,150034,229376,32,0,0,12,0,16,64,"0x0","0x78a5c96d2b80",7173387429479,7173469111006,7173469135894,7173469144013,24888
330,"void dequantize_block_q4_0<__half>(void const*, __half*, int) [clone .kd]",4,1,329,150034,150034,229376,32,0,0,12,0,16,64,"0x0","0x78a5c96d2b80",7173387431169,7173469135894,7173469160338,7173469168989,24444
331,"void flash_attn_tile<256, 256, 4, 2, false>(char const*, char const*, char const*, char const*, char const*, int const*, float*, HIP_vector_type<float, 2u>*, float, float, float, float, unsigned int, float, int, HIP_vector_type<unsigned int, 3u>, int, int, int, int, int, int, int, int, int, int, int, long, int, int, long, int, int, int, int, int, long) [clone .kd]",4,1,330,150034,150034,28416,256,22528,1104,128,0,64,64,"0x0","0x78a506387e00",7173387433448,7173469383297,7173470108024,7173470198943,724727
332,"void flash_attn_combine_results<256>(float const*, HIP_vector_type<float, 2u> const*, float*, int) [clone .kd]",4,1,331,150034,150034,6144,256,512,0,20,0,32,64,"0x0","0x78a506387cc0",7173387435213,7173470108024,7173470130246,7173470210145,22222
333,"void dequantize_block_q4_0<__half>(void const*, __half*, int) [clone .kd]",4,1,332,150034,150034,229376,32,0,0,12,0,16,64,"0x0","0x78a5c96d2b80",7173387437114,7173470130246,7173470155431,7173470212474,25185
334,"void dequantize_block_q4_0<__half>(void const*, __half*, int) [clone .kd]",4,1,333,150034,150034,229376,32,0,0,12,0,16,64,"0x0","0x78a5c96d2b80",7173387438886,7173470155431,7173470180171,7173470218096,24740
335,"void flash_attn_tile<256, 256, 4, 6, false>(char const*, char const*, char const*, char const*, char const*, int const*, float*, HIP_vector_type<float, 2u>*, float, float, float, float, unsigned int, float, int, HIP_vector_type<unsigned int, 3u>, int, int, int, int, int, int, int, int, int, int, int, long, int, int, long, int, int, int, int, int, long) [clone .kd]",4,1,334,150034,150034,21504,384,32768,1432,128,0,48,64,"0x0","0x78a506387e80",7173387441254,7173470403574,7173470955120,7173471029896,551546
336,"void flash_attn_combine_results<256>(float const*, HIP_vector_type<float, 2u> const*, float*, int) [clone .kd]",4,1,335,150034,150034,6144,256,512,0,20,0,32,64,"0x0","0x78a506387cc0",7173387443066,7173471030081,7173471058081,7173471065638,28000
337,"void dequantize_block_q4_0<__half>(void const*, __half*, int) [clone .kd]",4,1,336,150034,150034,229376,32,0,0,12,0,16,64,"0x0","0x78a5c96d2b80",7173387445019,7173471058081,7173471083266,7173471091951,25185
338,"void dequantize_block_q4_0<__half>(void const*, __half*, int) [clone .kd]",4,1,337,150034,150034,229376,32,0,0,12,0,16,64,"0x0","0x78a5c96d2b80",7173387446593,7173471083266,7173471108006,7173471115521,24740
339,"void flash_attn_tile<256, 256, 4, 2, false>(char const*, char const*, char const*, char const*, char const*, int const*, float*, HIP_vector_type<float, 2u>*, float, float, float, float, unsigned int, float, int, HIP_vector_type<unsigned int, 3u>, int, int, int, int, int, int, int, int, int, int, int, long, int, int, long, int, int, int, int, int, long) [clone .kd]",4,1,338,150034,150034,28416,256,22528,1104,128,0,64,64,"0x0","0x78a506387e00",7173387449074,7173471330817,7173472049914,7173472130799,719097
340,"void flash_attn_combine_results<256>(float const*, HIP_vector_type<float, 2u> const*, float*, int) [clone .kd]",4,1,339,150034,150034,6144,256,512,0,20,0,32,64,"0x0","0x78a506387cc0",7173387450967,7173472049914,7173472072581,7173472141875,22667
341,"void dequantize_block_q4_0<__half>(void const*, __half*, int) [clone .kd]",4,1,340,150034,150034,229376,32,0,0,12,0,16,64,"0x0","0x78a5c96d2b80",7173387452858,7173472072581,7173472097469,7173472144110,24888
342,"void dequantize_block_q4_0<__half>(void const*, __half*, int) [clone .kd]",4,1,341,150034,150034,229376,32,0,0,12,0,16,64,"0x0","0x78a5c96d2b80",7173387454611,7173472097469,7173472122209,7173472145807,24740
343,"void flash_attn_tile<256, 256, 4, 6, false>(char const*, char const*, char const*, char const*, char const*, int const*, float*, HIP_vector_type<float, 2u>*, float, float, float, float, unsigned int, float, int, HIP_vector_type<unsigned int, 3u>, int, int, int, int, int, int, int, int, int, int, int, long, int, int, long, int, int, int, int, int, long) [clone .kd]",4,1,342,150034,150034,21504,384,32768,1432,128,0,48,64,"0x0","0x78a506387e80",7173387456987,7173472345316,7173472895232,7173472973708,549916
344,"void flash_attn_combine_results<256>(float const*, HIP_vector_type<float, 2u> const*, float*, int) [clone .kd]",4,1,343,150034,150034,6144,256,512,0,20,0,32,64,"0x0","0x78a506387cc0",7173387458757,7173472992564,7173473024415,7173473033988,31851
345,"void dequantize_block_q4_0<__half>(void const*, __half*, int) [clone .kd]",4,1,344,150034,150034,229376,32,0,0,12,0,16,64,"0x0","0x78a5c96d2b80",7173387460542,7173473024415,7173473052118,7173473061091,27703
346,"void dequantize_block_q4_0<__half>(void const*, __half*, int) [clone .kd]",4,1,345,150034,150034,229376,32,0,0,12,0,16,64,"0x0","0x78a5c96d2b80",7173387462344,7173473052118,7173473079525,7173473087505,27407
347,"void flash_attn_tile<256, 256, 4, 2, false>(char const*, char const*, char const*, char const*, char const*, int const*, float*, HIP_vector_type<float, 2u>*, float, float, float, float, unsigned int, float, int, HIP_vector_type<unsigned int, 3u>, int, int, int, int, int, int, int, int, int, int, int, long, int, int, long, int, int, int, int, int, long) [clone .kd]",4,1,346,150034,150034,28416,256,22528,1104,128,0,64,64,"0x0","0x78a506387e00",7173387464730,7173473329071,7173474123434,7173474200079,794363
348,"void flash_attn_combine_results<256>(float const*, HIP_vector_type<float, 2u> const*, float*, int) [clone .kd]",4,1,347,150034,150034,6144,256,512,0,20,0,32,64,"0x0","0x78a506387cc0",7173387466518,7173474123434,7173474148323,7173474212418,24889
349,"void dequantize_block_q4_0<__half>(void const*, __half*, int) [clone .kd]",4,1,348,150034,150034,229376,32,0,0,12,0,16,64,"0x0","0x78a5c96d2b80",7173387468313,7173474148323,7173474176026,7173474214719,27703
350,"void dequantize_block_q4_0<__half>(void const*, __half*, int) [clone .kd]",4,1,349,150034,150034,229376,32,0,0,12,0,16,64,"0x0","0x78a5c96d2b80",7173387469903,7173474176026,7173474203284,7173474216360,27258
351,"void flash_attn_tile<256, 256, 4, 6, false>(char const*, char const*, char const*, char const*, char const*, int const*, float*, HIP_vector_type<float, 2u>*, float, float, float, float, unsigned int, float, int, HIP_vector_type<unsigned int, 3u>, int, int, int, int, int, int, int, int, int, int, int, long, int, int, long, int, int, int, int, int, long) [clone .kd]",4,1,350,150034,150034,21504,384,32768,1432,128,0,48,64,"0x0","0x78a506387e80",7173387472248,7173474451578,7173475055425,7173475080473,603847
352,"void flash_attn_combine_results<256>(float const*, HIP_vector_type<float, 2u> const*, float*, int) [clone .kd]",4,1,351,150034,150034,6144,256,512,0,20,0,32,64,"0x0","0x78a506387cc0",7173387474111,7173475126091,7173475155572,7173475162016,29481
353,"void dequantize_block_q4_0<__half>(void const*, __half*, int) [clone .kd]",4,1,352,150034,150034,229376,32,0,0,12,0,16,64,"0x0","0x78a5c96d2b80",7173387476047,7173475155572,7173475180460,7173475186897,24888
354,"void dequantize_block_q4_0<__half>(void const*, __half*, int) [clone .kd]",4,1,353,150034,150034,229376,32,0,0,12,0,16,64,"0x0","0x78a5c96d2b80",7173387477789,7173475180460,7173475204905,7173475211365,24445
355,"void flash_attn_tile<256, 256, 4, 2, false>(char const*, char const*, char const*, char const*, char const*, int const*, float*, HIP_vector_type<float, 2u>*, float, float, float, float, unsigned int, float, int, HIP_vector_type<unsigned int, 3u>, int, int, int, int, int, int, int, int, int, int, int, long, int, int, long, int, int, int, int, int, long) [clone .kd]",4,1,354,150034,150034,28416,256,22528,1104,128,0,64,64,"0x0","0x78a506387e00",7173387480051,7173475427717,7173476144155,7173476167950,716438
356,"void flash_attn_combine_results<256>(float const*, HIP_vector_type<float, 2u> const*, float*, int) [clone .kd]",4,1,355,150034,150034,6144,256,512,0,20,0,32,64,"0x0","0x78a506387cc0",7173387481856,7173476144155,7173476167414,7173476171426,23259
357,"void dequantize_block_q4_0<__half>(void const*, __half*, int) [clone .kd]",4,1,356,150034,150034,229376,32,0,0,12,0,16,64,"0x0","0x78a5c96d2b80",7173387483745,7173476167414,7173476192599,7173476199431,25185
358,"void dequantize_block_q4_0<__half>(void const*, __half*, int) [clone .kd]",4,1,357,150034,150034,229376,32,0,0,12,0,16,64,"0x0","0x78a5c96d2b80",7173387485537,7173476192599,7173476217043,7173476223452,24444
359,"void flash_attn_tile<256, 256, 4, 6, false>(char const*, char const*, char const*, char const*, char const*, int const*, float*, HIP_vector_type<float, 2u>*, float, float, float, float, unsigned int, float, int, HIP_vector_type<unsigned int, 3u>, int, int, int, int, int, int, int, int, int, int, int, long, int, int, long, int, int, int, int, int, long) [clone .kd]",4,1,358,150034,150034,21504,384,32768,1432,128,0,48,64,"0x0","0x78a506387e80",7173387488011,7173476440301,7173476990370,7173477014866,550069
360,"void flash_attn_combine_results<256>(float const*, HIP_vector_type<float, 2u> const*, float*, int) [clone .kd]",4,1,359,150034,150034,6144,256,512,0,20,0,32,64,"0x0","0x78a506387cc0",7173387490143,7173477065332,7173477094369,7173477100934,29037
361,"void dequantize_block_q4_0<__half>(void const*, __half*, int) [clone .kd]",4,1,360,150034,150034,229376,32,0,0,12,0,16,64,"0x0","0x78a5c96d2b80",7173387492040,7173477094369,7173477119257,7173477125110,24888
362,"void dequantize_block_q4_0<__half>(void const*, __half*, int) [clone .kd]",4,1,361,150034,150034,229376,32,0,0,12,0,16,64,"0x0","0x78a5c96d2b80",7173387493593,7173477119257,7173477143701,7173477149439,24444
363,"void flash_attn_tile<256, 256, 4, 2, false>(char const*, char const*, char const*, char const*, char const*, int const*, float*, HIP_vector_type<float, 2u>*, float, float, float, float, unsigned int, float, int, HIP_vector_type<unsigned int, 3u>, int, int, int, int, int, int, int, int, int, int, int, long, int, int, long, int, int, int, int, int, long) [clone .kd]",4,1,362,150034,150034,28416,256,22528,1104,128,0,64,64,"0x0","0x78a506387e00",7173387495850,7173477366810,7173478076730,7173478102551,709920
364,"void flash_attn_combine_results<256>(float const*, HIP_vector_type<float, 2u> const*, float*, int) [clone .kd]",4,1,363,150034,150034,6144,256,512,0,20,0,32,64,"0x0","0x78a506387cc0",7173387497831,7173478076730,7173478099544,7173478105689,22814
365,"void dequantize_block_q4_0<__half>(void const*, __half*, int) [clone .kd]",4,1,364,150034,150034,229376,32,0,0,12,0,16,64,"0x0","0x78a5c96d2b80",7173387499668,7173478099544,7173478124729,7173478131297,25185
366,"void dequantize_block_q4_0<__half>(void const*, __half*, int) [clone .kd]",4,1,365,150034,150034,229376,32,0,0,12,0,16,64,"0x0","0x78a5c96d2b80",7173387501398,7173478124729,7173478149322,7173478155030,24593
367,"void flash_attn_tile<256, 256, 4, 6, false>(char const*, char const*, char const*, char const*, char const*, int const*, float*, HIP_vector_type<float, 2u>*, float, float, float, float, unsigned int, float, int, HIP_vector_type<unsigned int, 3u>, int, int, int, int, int, int, int, int, int, int, int, long, int, int, long, int, int, int, int, int, long) [clone .kd]",4,1,366,150034,150034,21504,384,32768,1432,128,0,48,64,"0x0","0x78a506387e80",7173387503660,7173478372431,7173478924722,7173478946441,552291
368,"void flash_attn_combine_results<256>(float const*, HIP_vector_type<float, 2u> const*, float*, int) [clone .kd]",4,1,367,150034,150034,6144,256,512,0,20,0,32,64,"0x0","0x78a506387cc0",7173387505398,7173478998647,7173479027536,7173479033879,28889
369,"void dequantize_block_q4_0<__half>(void const*, __half*, int) [clone .kd]",4,1,368,150034,150034,229376,32,0,0,12,0,16,64,"0x0","0x78a5c96d2b80",7173387507262,7173479027536,7173479052721,7173479058168,25185
370,"void dequantize_block_q4_0<__half>(void const*, __half*, int) [clone .kd]",4,1,369,150034,150034,229376,32,0,0,12,0,16,64,"0x0","0x78a5c96d2b80",7173387509085,7173479052721,7173479077313,7173479083962,24592
371,"void flash_attn_tile<256, 256, 4, 2, false>(char const*, char const*, char const*, char const*, char const*, int const*, float*, HIP_vector_type<float, 2u>*, float, float, float, float, unsigned int, float, int, HIP_vector_type<unsigned int, 3u>, int, int, int, int, int, int, int, int, int, int, int, long, int, int, long, int, int, int, int, int, long) [clone .kd]",4,1,370,150034,150034,28416,256,22528,1104,128,0,64,64,"0x0","0x78a506387e00",7173387511688,7173479300126,7173480050934,7173480075061,750808
372,"void flash_attn_combine_results<256>(float const*, HIP_vector_type<float, 2u> const*, float*, int) [clone .kd]",4,1,371,150034,150034,6144,256,512,0,20,0,32,64,"0x0","0x78a506387cc0",7173387513483,7173480050934,7173480075526,7173480077758,24592
373,"void dequantize_block_q4_0<__half>(void const*, __half*, int) [clone .kd]",4,1,372,150034,150034,229376,32,0,0,12,0,16,64,"0x0","0x78a5c96d2b80",7173387515259,7173480075526,7173480103378,7173480109531,27852
374,"void dequantize_block_q4_0<__half>(void const*, __half*, int) [clone .kd]",4,1,373,150034,150034,229376,32,0,0,12,0,16,64,"0x0","0x78a5c96d2b80",7173387516819,7173480103378,7173480130488,7173480137515,27110
375,"void flash_attn_tile<256, 256, 4, 6, false>(char const*, char const*, char const*, char const*, char const*, int const*, float*, HIP_vector_type<float, 2u>*, float, float, float, float, unsigned int, float, int, HIP_vector_type<unsigned int, 3u>, int, int, int, int, int, int, int, int, int, int, int, long, int, int, long, int, int, int, int, int, long) [clone .kd]",4,1,374,150034,150034,21504,384,32768,1432,128,0,48,64,"0x0","0x78a506387e80",7173387519156,7173480379079,7173480980555,7173481004298,601476
376,"void flash_attn_combine_results<256>(float const*, HIP_vector_type<float, 2u> const*, float*, int) [clone .kd]",4,1,375,150034,150034,6144,256,512,0,20,0,32,64,"0x0","0x78a506387cc0",7173387521099,7173481009591,7173481041147,7173481047686,31556
377,"void dequantize_block_q4_0<__half>(void const*, __half*, int) [clone .kd]",4,1,376,150034,150034,229376,32,0,0,12,0,16,64,"0x0","0x78a5c96d2b80",7173387523039,7173481041147,7173481068702,7173481074397,27555
378,"void dequantize_block_q4_0<__half>(void const*, __half*, int) [clone .kd]",4,1,377,150034,150034,229376,32,0,0,12,0,16,64,"0x0","0x78a5c96d2b80",7173387524783,7173481068702,7173481095961,7173481102946,27259
379,"void flash_attn_tile<256, 256, 4, 2, false>(char const*, char const*, char const*, char const*, char const*, int const*, float*, HIP_vector_type<float, 2u>*, float, float, float, float, unsigned int, float, int, HIP_vector_type<unsigned int, 3u>, int, int, int, int, int, int, int, int, int, int, int, long, int, int, long, int, int, int, int, int, long) [clone .kd]",4,1,378,150034,150034,28416,256,22528,1104,128,0,64,64,"0x0","0x78a506387e00",7173387527208,7173481343662,7173482132099,7173482154447,788437
380,"void flash_attn_combine_results<256>(float const*, HIP_vector_type<float, 2u> const*, float*, int) [clone .kd]",4,1,379,150034,150034,6144,256,512,0,20,0,32,64,"0x0","0x78a506387cc0",7173387528896,7173482132099,7173482154914,7173482158043,22815
381,"void dequantize_block_q4_0<__half>(void const*, __half*, int) [clone .kd]",4,1,380,150034,150034,229376,32,0,0,12,0,16,64,"0x0","0x78a5c96d2b80",7173387530714,7173482154914,7173482179803,7173482185124,24889
382,"void dequantize_block_q4_0<__half>(void const*, __half*, int) [clone .kd]",4,1,381,150034,150034,229376,32,0,0,12,0,16,64,"0x0","0x78a5c96d2b80",7173387532545,7173482179803,7173482204543,7173482210132,24740
383,"void flash_attn_tile<256, 256, 4, 6, false>(char const*, char const*, char const*, char const*, char const*, int const*, float*, HIP_vector_type<float, 2u>*, float, float, float, float, unsigned int, float, int, HIP_vector_type<unsigned int, 3u>, int, int, int, int, int, int, int, int, int, int, int, long, int, int, long, int, int, int, int, int, long) [clone .kd]",4,1,382,150034,150034,21504,384,32768,1432,128,0,48,64,"0x0","0x78a506387e80",7173387534933,7173482427652,7173482977425,7173482998183,549773
384,"void flash_attn_combine_results<256>(float const*, HIP_vector_type<float, 2u> const*, float*, int) [clone .kd]",4,1,383,150034,150034,6144,256,512,0,20,0,32,64,"0x0","0x78a506387cc0",7173387536771,7173483053276,7173483081868,7173483087394,28592
385,"void dequantize_block_q4_0<__half>(void const*, __half*, int) [clone .kd]",4,1,384,150034,150034,229376,32,0,0,12,0,16,64,"0x0","0x78a5c96d2b80",7173387538772,7173483081868,7173483106905,7173483113172,25037
386,"void dequantize_block_q4_0<__half>(void const*, __half*, int) [clone .kd]",4,1,385,150034,150034,229376,32,0,0,12,0,16,64,"0x0","0x78a5c96d2b80",7173387540412,7173483106905,7173483131349,7173483136753,24444
387,"void flash_attn_tile<256, 256, 4, 2, false>(char const*, char const*, char const*, char const*, char const*, int const*, float*, HIP_vector_type<float, 2u>*, float, float, float, float, unsigned int, float, int, HIP_vector_type<unsigned int, 3u>, int, int, int, int, int, int, int, int, int, int, int, long, int, int, long, int, int, int, int, int, long) [clone .kd]",4,1,386,150034,150034,28416,256,22528,1104,128,0,64,64,"0x0","0x78a506387e00",7173387542672,7173483354162,7173484072378,7173484096941,718216
388,"void flash_attn_combine_results<256>(float const*, HIP_vector_type<float, 2u> const*, float*, int) [clone .kd]",4,1,387,150034,150034,6144,256,512,0,20,0,32,64,"0x0","0x78a506387cc0",7173387544571,7173484072378,7173484094896,7173484101034,22518
389,"void dequantize_block_q4_0<__half>(void const*, __half*, int) [clone .kd]",4,1,388,150034,150034,229376,32,0,0,12,0,16,64,"0x0","0x78a5c96d2b80",7173387546499,7173484094896,7173484120081,7173484126837,25185
390,"void dequantize_block_q4_0<__half>(void const*, __half*, int) [clone .kd]",4,1,389,150034,150034,229376,32,0,0,12,0,16,64,"0x0","0x78a5c96d2b80",7173387548191,7173484120081,7173484144673,7173484150575,24592
391,"void flash_attn_tile<256, 256, 4, 6, false>(char const*, char const*, char const*, char const*, char const*, int const*, float*, HIP_vector_type<float, 2u>*, float, float, float, float, unsigned int, float, int, HIP_vector_type<unsigned int, 3u>, int, int, int, int, int, int, int, int, int, int, int, long, int, int, long, int, int, int, int, int, long) [clone .kd]",4,1,390,150034,150034,21504,384,32768,1432,128,0,48,64,"0x0","0x78a506387e80",7173387550588,7173484367782,7173484918888,7173484939835,551106
392,"void flash_attn_combine_results<256>(float const*, HIP_vector_type<float, 2u> const*, float*, int) [clone .kd]",4,1,391,150034,150034,6144,256,512,0,20,0,32,64,"0x0","0x78a506387cc0",7173387552338,7173484991628,7173485019925,7173485026277,28297
393,"void dequantize_block_q4_0<__half>(void const*, __half*, int) [clone .kd]",4,1,392,150034,150034,229376,32,0,0,12,0,16,64,"0x0","0x78a5c96d2b80",7173387554114,7173485019925,7173485044813,7173485050588,24888
394,"void dequantize_block_q4_0<__half>(void const*, __half*, int) [clone .kd]",4,1,393,150034,150034,229376,32,0,0,12,0,16,64,"0x0","0x78a5c96d2b80",7173387555777,7173485044813,7173485069554,7173485076051,24741
395,"void flash_attn_tile<256, 256, 4, 2, false>(char const*, char const*, char const*, char const*, char const*, int const*, float*, HIP_vector_type<float, 2u>*, float, float, float, float, unsigned int, float, int, HIP_vector_type<unsigned int, 3u>, int, int, int, int, int, int, int, int, int, int, int, long, int, int, long, int, int, int, int, int, long) [clone .kd]",4,1,394,150034,150034,28416,256,22528,1104,128,0,64,64,"0x0","0x78a506387e00",7173387558271,7173485292218,7173486038582,7173486060441,746364
396,"void flash_attn_combine_results<256>(float const*, HIP_vector_type<float, 2u> const*, float*, int) [clone .kd]",4,1,395,150034,150034,6144,256,512,0,20,0,32,64,"0x0","0x78a506387cc0",7173387560150,7173486038582,7173486063026,7173486077127,24444
397,"void dequantize_block_q4_0<__half>(void const*, __half*, int) [clone .kd]",4,1,396,150034,150034,229376,32,0,0,12,0,16,64,"0x0","0x78a5c96d2b80",7173387562123,7173486063026,7173486090729,7173486097467,27703
398,"void dequantize_block_q4_0<__half>(void const*, __half*, int) [clone .kd]",4,1,397,150034,150034,229376,32,0,0,12,0,16,64,"0x0","0x78a5c96d2b80",7173387563876,7173486090729,7173486118285,7173486125038,27556
399,"void flash_attn_tile<256, 256, 4, 6, false>(char const*, char const*, char const*, char const*, char const*, int const*, float*, HIP_vector_type<float, 2u>*, float, float, float, float, unsigned int, float, int, HIP_vector_type<unsigned int, 3u>, int, int, int, int, int, int, int, int, int, int, int, long, int, int, long, int, int, int, int, int, long) [clone .kd]",4,1,398,150034,150034,21504,384,32768,1432,128,0,48,64,"0x0","0x78a506387e80",7173387566193,7173486366431,7173486966869,7173486987546,600438
400,"void flash_attn_combine_results<256>(float const*, HIP_vector_type<float, 2u> const*, float*, int) [clone .kd]",4,1,399,150034,150034,6144,256,512,0,20,0,32,64,"0x0","0x78a506387cc0",7173387567892,7173486998425,7173487031313,7173487037960,32888
401,"void dequantize_block_q4_0<__half>(void const*, __half*, int) [clone .kd]",4,1,400,150034,150034,229376,32,0,0,12,0,16,64,"0x0","0x78a5c96d2b80",7173387569904,7173487031313,7173487059313,7173487066076,28000
402,"void dequantize_block_q4_0<__half>(void const*, __half*, int) [clone .kd]",4,1,401,150034,150034,229376,32,0,0,12,0,16,64,"0x0","0x78a5c96d2b80",7173387571760,7173487059313,7173487086572,7173487092424,27259
403,"void flash_attn_tile<256, 256, 4, 2, false>(char const*, char const*, char const*, char const*, char const*, int const*, float*, HIP_vector_type<float, 2u>*, float, float, float, float, unsigned int, float, int, HIP_vector_type<unsigned int, 3u>, int, int, int, int, int, int, int, int, int, int, int, long, int, int, long, int, int, int, int, int, long) [clone .kd]",4,1,402,150034,150034,28416,256,22528,1104,128,0,64,64,"0x0","0x78a506387e00",7173387574121,7173487334422,7173488122859,7173488147504,788437
404,"void flash_attn_combine_results<256>(float const*, HIP_vector_type<float, 2u> const*, float*, int) [clone .kd]",4,1,403,150034,150034,6144,256,512,0,20,0,32,64,"0x0","0x78a506387cc0",7173387575966,7173488122859,7173488145525,7173488162211,22666
405,"void dequantize_block_q4_0<__half>(void const*, __half*, int) [clone .kd]",4,1,404,150034,150034,229376,32,0,0,12,0,16,64,"0x0","0x78a5c96d2b80",7173387577773,7173488145525,7173488170562,7173488176020,25037
406,"void dequantize_block_q4_0<__half>(void const*, __half*, int) [clone .kd]",4,1,405,150034,150034,229376,32,0,0,12,0,16,64,"0x0","0x78a5c96d2b80",7173387579401,7173488170562,7173488195006,7173488200645,24444
407,"void flash_attn_tile<256, 256, 4, 6, false>(char const*, char const*, char const*, char const*, char const*, int const*, float*, HIP_vector_type<float, 2u>*, float, float, float, float, unsigned int, float, int, HIP_vector_type<unsigned int, 3u>, int, int, int, int, int, int, int, int, int, int, int, long, int, int, long, int, int, int, int, int, long) [clone .kd]",4,1,406,150034,150034,21504,384,32768,1432,128,0,48,64,"0x0","0x78a506387e80",7173387582246,7173488418411,7173488965962,7173488989140,547551
408,"void flash_attn_combine_results<256>(float const*, HIP_vector_type<float, 2u> const*, float*, int) [clone .kd]",4,1,407,150034,150034,6144,256,512,0,20,0,32,64,"0x0","0x78a506387cc0",7173387584180,7173489043146,7173489070702,7173489077401,27556
409,"void dequantize_block_q4_0<__half>(void const*, __half*, int) [clone .kd]",4,1,408,150034,150034,229376,32,0,0,12,0,16,64,"0x0","0x78a5c96d2b80",7173387586123,7173489070702,7173489095590,7173489100949,24888
410,"void dequantize_block_q4_0<__half>(void const*, __half*, int) [clone .kd]",4,1,409,150034,150034,229376,32,0,0,12,0,16,64,"0x0","0x78a5c96d2b80",7173387588058,7173489095590,7173489120035,7173489126445,24445
411,"void flash_attn_tile<256, 256, 4, 2, false>(char const*, char const*, char const*, char const*, char const*, int const*, float*, HIP_vector_type<float, 2u>*, float, float, float, float, unsigned int, float, int, HIP_vector_type<unsigned int, 3u>, int, int, int, int, int, int, int, int, int, int, int, long, int, int, long, int, int, int, int, int, long) [clone .kd]",4,1,410,150034,150034,28416,256,22528,1104,128,0,64,64,"0x0","0x78a506387e00",7173387590417,7173489342551,7173490056174,7173490081754,713623
412,"void flash_attn_combine_results<256>(float const*, HIP_vector_type<float, 2u> const*, float*, int) [clone .kd]",4,1,411,150034,150034,6144,256,512,0,20,0,32,64,"0x0","0x78a506387cc0",7173387592186,7173490056174,7173490078544,7173490096816,22370
413,"void dequantize_block_q4_0<__half>(void const*, __half*, int) [clone .kd]",4,1,412,150034,150034,229376,32,0,0,12,0,16,64,"0x0","0x78a5c96d2b80",7173387593878,7173490078544,7173490103729,7173490110312,25185
414,"void dequantize_block_q4_0<__half>(void const*, __half*, int) [clone .kd]",4,1,413,150034,150034,229376,32,0,0,12,0,16,64,"0x0","0x78a5c96d2b80",7173387595527,7173490103729,7173490128470,7173490134557,24741
415,"void flash_attn_tile<256, 256, 4, 6, false>(char const*, char const*, char const*, char const*, char const*, int const*, float*, HIP_vector_type<float, 2u>*, float, float, float, float, unsigned int, float, int, HIP_vector_type<unsigned int, 3u>, int, int, int, int, int, int, int, int, int, int, int, long, int, int, long, int, int, int, int, int, long) [clone .kd]",4,1,414,150034,150034,21504,384,32768,1432,128,0,48,64,"0x0","0x78a506387e80",7173387598022,7173490351579,7173490902240,7173490926155,550661
416,"void flash_attn_combine_results<256>(float const*, HIP_vector_type<float, 2u> const*, float*, int) [clone .kd]",4,1,415,150034,150034,6144,256,512,0,20,0,32,64,"0x0","0x78a506387cc0",7173387599903,7173490932314,7173490964017,7173490970935,31703
417,"void dequantize_block_q4_0<__half>(void const*, __half*, int) [clone .kd]",4,1,416,150034,150034,229376,32,0,0,12,0,16,64,"0x0","0x78a5c96d2b80",7173387601871,7173490964017,7173490991869,7173490997318,27852
418,"void dequantize_block_q4_0<__half>(void const*, __half*, int) [clone .kd]",4,1,417,150034,150034,229376,32,0,0,12,0,16,64,"0x0","0x78a5c96d2b80",7173387603590,7173490991869,7173491019128,7173491025579,27259
419,"void flash_attn_tile<256, 256, 4, 2, false>(char const*, char const*, char const*, char const*, char const*, int const*, float*, HIP_vector_type<float, 2u>*, float, float, float, float, unsigned int, float, int, HIP_vector_type<unsigned int, 3u>, int, int, int, int, int, int, int, int, int, int, int, long, int, int, long, int, int, int, int, int, long) [clone .kd]",4,1,418,150034,150034,28416,256,22528,1104,128,0,64,64,"0x0","0x78a506387e00",7173387605845,7173491266829,7173492066526,7173492092486,799697
420,"void flash_attn_combine_results<256>(float const*, HIP_vector_type<float, 2u> const*, float*, int) [clone .kd]",4,1,419,150034,150034,6144,256,512,0,20,0,32,64,"0x0","0x78a506387cc0",7173387607655,7173492066526,7173492091859,7173492107875,25333
421,"void dequantize_block_q4_0<__half>(void const*, __half*, int) [clone .kd]",4,1,420,150034,150034,229376,32,0,0,12,0,16,64,"0x0","0x78a5c96d2b80",7173387609439,7173492091859,7173492119859,7173492125546,28000
422,"void dequantize_block_q4_0<__half>(void const*, __half*, int) [clone .kd]",4,1,421,150034,150034,229376,32,0,0,12,0,16,64,"0x0","0x78a5c96d2b80",7173387611111,7173492119859,7173492146969,7173492152505,27110
423,"void flash_attn_tile<256, 256, 4, 6, false>(char const*, char const*, char const*, char const*, char const*, int const*, float*, HIP_vector_type<float, 2u>*, float, float, float, float, unsigned int, float, int, HIP_vector_type<unsigned int, 3u>, int, int, int, int, int, int, int, int, int, int, int, long, int, int, long, int, int, int, int, int, long) [clone .kd]",4,1,422,150034,150034,21504,384,32768,1432,128,0,48,64,"0x0","0x78a506387e80",7173387613540,7173492395115,7173493002961,7173493028605,607846
424,"void flash_attn_combine_results<256>(float const*, HIP_vector_type<float, 2u> const*, float*, int) [clone .kd]",4,1,423,150034,150034,6144,256,512,0,20,0,32,64,"0x0","0x78a506387cc0",7173387615362,7173493073479,7173493101923,7173493107597,28444
425,"void dequantize_block_q4_0<__half>(void const*, __half*, int) [clone .kd]",4,1,424,150034,150034,229376,32,0,0,12,0,16,64,"0x0","0x78a5c96d2b80",7173387617260,7173493101923,7173493126664,7173493132688,24741
426,"void dequantize_block_q4_0<__half>(void const*, __half*, int) [clone .kd]",4,1,425,150034,150034,229376,32,0,0,12,0,16,64,"0x0","0x78a5c96d2b80",7173387618976,7173493126664,7173493151256,7173493157398,24592
427,"void flash_attn_tile<256, 256, 4, 2, false>(char const*, char const*, char const*, char const*, char const*, int const*, float*, HIP_vector_type<float, 2u>*, float, float, float, float, unsigned int, float, int, HIP_vector_type<unsigned int, 3u>, int, int, int, int, int, int, int, int, int, int, int, long, int, int, long, int, int, int, int, int, long) [clone .kd]",4,1,426,150034,150034,28416,256,22528,1104,128,0,64,64,"0x0","0x78a506387e00",7173387621193,7173493374217,7173494083988,7173494106994,709771
428,"void flash_attn_combine_results<256>(float const*, HIP_vector_type<float, 2u> const*, float*, int) [clone .kd]",4,1,427,150034,150034,6144,256,512,0,20,0,32,64,"0x0","0x78a506387cc0",7173387622894,7173494083988,7173494106507,7173494122924,22519
429,"void dequantize_block_q4_0<__half>(void const*, __half*, int) [clone .kd]",4,1,428,150034,150034,229376,32,0,0,12,0,16,64,"0x0","0x78a5c96d2b80",7173387624670,7173494106507,7173494131247,7173494137726,24740
430,"void dequantize_block_q4_0<__half>(void const*, __half*, int) [clone .kd]",4,1,429,150034,150034,229376,32,0,0,12,0,16,64,"0x0","0x78a5c96d2b80",7173387626414,7173494131247,7173494155840,7173494162049,24593
431,"void flash_attn_tile<256, 256, 4, 6, false>(char const*, char const*, char const*, char const*, char const*, int const*, float*, HIP_vector_type<float, 2u>*, float, float, float, float, unsigned int, float, int, HIP_vector_type<unsigned int, 3u>, int, int, int, int, int, int, int, int, int, int, int, long, int, int, long, int, int, int, int, int, long) [clone .kd]",4,1,430,150034,150034,21504,384,32768,1432,128,0,48,64,"0x0","0x78a506387e80",7173387628790,7173494378949,7173494928129,7173494949512,549180
432,"void flash_attn_combine_results<256>(float const*, HIP_vector_type<float, 2u> const*, float*, int) [clone .kd]",4,1,431,150034,150034,6144,256,512,0,20,0,32,64,"0x0","0x78a506387cc0",7173387630590,7173495004572,7173495033905,7173495040210,29333
433,"void dequantize_block_q4_0<__half>(void const*, __half*, int) [clone .kd]",4,1,432,150034,150034,229376,32,0,0,12,0,16,64,"0x0","0x78a5c96d2b80",7173387632528,7173495033905,7173495059090,7173495064961,25185
434,"void dequantize_block_q4_0<__half>(void const*, __half*, int) [clone .kd]",4,1,433,150034,150034,229376,32,0,0,12,0,16,64,"0x0","0x78a5c96d2b80",7173387634246,7173495059090,7173495083535,7173495090631,24445
435,"void flash_attn_tile<256, 256, 4, 2, false>(char const*, char const*, char const*, char const*, char const*, int const*, float*, HIP_vector_type<float, 2u>*, float, float, float, float, unsigned int, float, int, HIP_vector_type<unsigned int, 3u>, int, int, int, int, int, int, int, int, int, int, int, long, int, int, long, int, int, int, int, int, long) [clone .kd]",4,1,434,150034,150034,28416,256,22528,1104,128,0,64,64,"0x0","0x78a506387e00",7173387636804,7173495306496,7173496057155,7173496080667,750659
436,"void flash_attn_combine_results<256>(float const*, HIP_vector_type<float, 2u> const*, float*, int) [clone .kd]",4,1,435,150034,150034,6144,256,512,0,20,0,32,64,"0x0","0x78a506387cc0",7173387638510,7173496057155,7173496081599,7173496094742,24444
437,"void dequantize_block_q4_0<__half>(void const*, __half*, int) [clone .kd]",4,1,436,150034,150034,229376,32,0,0,12,0,16,64,"0x0","0x78a5c96d2b80",7173387640477,7173496081599,7173496109303,7173496116092,27704
438,"void dequantize_block_q4_0<__half>(void const*, __half*, int) [clone .kd]",4,1,437,150034,150034,229376,32,0,0,12,0,16,64,"0x0","0x78a5c96d2b80",7173387642218,7173496109303,7173496136266,7173496142786,26963
439,"void flash_attn_tile<256, 256, 4, 6, false>(char const*, char const*, char const*, char const*, char const*, int const*, float*, HIP_vector_type<float, 2u>*, float, float, float, float, unsigned int, float, int, HIP_vector_type<unsigned int, 3u>, int, int, int, int, int, int, int, int, int, int, int, long, int, int, long, int, int, int, int, int, long) [clone .kd]",4,1,438,150034,150034,21504,384,32768,1432,128,0,48,64,"0x0","0x78a506387e80",7173387644880,7173496384115,7173496987813,7173497009114,603698
440,"void flash_attn_combine_results<256>(float const*, HIP_vector_type<float, 2u> const*, float*, int) [clone .kd]",4,1,439,150034,150034,6144,256,512,0,20,0,32,64,"0x0","0x78a506387cc0",7173387646711,7173497015072,7173497047368,7173497053042,32296
441,"void dequantize_block_q4_0<__half>(void const*, __half*, int) [clone .kd]",4,1,440,150034,150034,229376,32,0,0,12,0,16,64,"0x0","0x78a5c96d2b80",7173387648630,7173497047368,7173497075072,7173497082662,27704
442,"void dequantize_block_q4_0<__half>(void const*, __half*, int) [clone .kd]",4,1,441,150034,150034,229376,32,0,0,12,0,16,64,"0x0","0x78a5c96d2b80",7173387650327,7173497075072,7173497102183,7173497108975,27111
443,"void flash_attn_tile<256, 256, 4, 2, false>(char const*, char const*, char const*, char const*, char const*, int const*, float*, HIP_vector_type<float, 2u>*, float, float, float, float, unsigned int, float, int, HIP_vector_type<unsigned int, 3u>, int, int, int, int, int, int, int, int, int, int, int, long, int, int, long, int, int, int, int, int, long) [clone .kd]",4,1,442,150034,150034,28416,256,22528,1104,128,0,64,64,"0x0","0x78a506387e00",7173387652608,7173497349884,7173498132247,7173498153650,782363
444,"void flash_attn_combine_results<256>(float const*, HIP_vector_type<float, 2u> const*, float*, int) [clone .kd]",4,1,443,150034,150034,6144,256,512,0,20,0,32,64,"0x0","0x78a506387cc0",7173387654388,7173498132247,7173498154765,7173498168281,22518
445,"void dequantize_block_q4_0<__half>(void const*, __half*, int) [clone .kd]",4,1,444,150034,150034,229376,32,0,0,12,0,16,64,"0x0","0x78a5c96d2b80",7173387656355,7173498154765,7173498179950,7173498186493,25185
446,"void dequantize_block_q4_0<__half>(void const*, __half*, int) [clone .kd]",4,1,445,150034,150034,229376,32,0,0,12,0,16,64,"0x0","0x78a5c96d2b80",7173387658131,7173498179950,7173498204839,7173498210365,24889
447,"void flash_attn_tile<256, 256, 4, 6, false>(char const*, char const*, char const*, char const*, char const*, int const*, float*, HIP_vector_type<float, 2u>*, float, float, float, float, unsigned int, float, int, HIP_vector_type<unsigned int, 3u>, int, int, int, int, int, int, int, int, int, int, int, long, int, int, long, int, int, int, int, int, long) [clone .kd]",4,1,446,150034,150034,21504,384,32768,1432,128,0,48,64,"0x0","0x78a506387e80",7173387660498,7173498427800,7173498974610,7173498994546,546810
448,"void flash_attn_combine_results<256>(float const*, HIP_vector_type<float, 2u> const*, float*, int) [clone .kd]",4,1,447,150034,150034,6144,256,512,0,20,0,32,64,"0x0","0x78a506387cc0",7173387662299,7173499052239,7173499081127,7173499087275,28888
449,"void dequantize_block_q4_0<__half>(void const*, __half*, int) [clone .kd]",4,1,448,150034,150034,229376,32,0,0,12,0,16,64,"0x0","0x78a5c96d2b80",7173387664180,7173499081127,7173499106312,7173499112590,25185
450,"void dequantize_block_q4_0<__half>(void const*, __half*, int) [clone .kd]",4,1,449,150034,150034,229376,32,0,0,12,0,16,64,"0x0","0x78a5c96d2b80",7173387665720,7173499106312,7173499131053,7173499137274,24741
451,"void flash_attn_tile<256, 256, 4, 2, false>(char const*, char const*, char const*, char const*, char const*, int const*, float*, HIP_vector_type<float, 2u>*, float, float, float, float, unsigned int, float, int, HIP_vector_type<unsigned int, 3u>, int, int, int, int, int, int, int, int, int, int, int, long, int, int, long, int, int, int, int, int, long) [clone .kd]",4,1,450,150034,150034,28416,256,22528,1104,128,0,64,64,"0x0","0x78a506387e00",7173387668504,7173499353717,7173500062155,7173500083819,708438
452,"void flash_attn_combine_results<256>(float const*, HIP_vector_type<float, 2u> const*, float*, int) [clone .kd]",4,1,451,150034,150034,6144,256,512,0,20,0,32,64,"0x0","0x78a506387cc0",7173387670366,7173500062155,7173500084673,7173500096713,22518
453,"void dequantize_block_q4_0<__half>(void const*, __half*, int) [clone .kd]",4,1,452,150034,150034,229376,32,0,0,12,0,16,64,"0x0","0x78a5c96d2b80",7173387672422,7173500084673,7173500109858,7173500115435,25185
454,"void dequantize_block_q4_0<__half>(void const*, __half*, int) [clone .kd]",4,1,453,150034,150034,229376,32,0,0,12,0,16,64,"0x0","0x78a5c96d2b80",7173387674108,7173500109858,7173500134303,7173500140759,24445
455,"void flash_attn_tile<256, 256, 4, 6, false>(char const*, char const*, char const*, char const*, char const*, int const*, float*, HIP_vector_type<float, 2u>*, float, float, float, float, unsigned int, float, int, HIP_vector_type<unsigned int, 3u>, int, int, int, int, int, int, int, int, int, int, int, long, int, int, long, int, int, int, int, int, long) [clone .kd]",4,1,454,150034,150034,21504,384,32768,1432,128,0,48,64,"0x0","0x78a506387e80",7173387676529,7173500357412,7173500907925,7173500926728,550513
456,"void flash_attn_combine_results<256>(float const*, HIP_vector_type<float, 2u> const*, float*, int) [clone .kd]",4,1,455,150034,150034,6144,256,512,0,20,0,32,64,"0x0","0x78a506387cc0",7173387678238,7173500982295,7173501011331,7173501017545,29036
457,"void dequantize_block_q4_0<__half>(void const*, __half*, int) [clone .kd]",4,1,456,150034,150034,229376,32,0,0,12,0,16,64,"0x0","0x78a5c96d2b80",7173387679930,7173501011331,7173501036516,7173501042958,25185
458,"void dequantize_block_q4_0<__half>(void const*, __half*, int) [clone .kd]",4,1,457,150034,150034,229376,32,0,0,12,0,16,64,"0x0","0x78a5c96d2b80",7173387681637,7173501036516,7173501060812,7173501066861,24296
459,"void flash_attn_tile<256, 256, 4, 2, false>(char const*, char const*, char const*, char const*, char const*, int const*, float*, HIP_vector_type<float, 2u>*, float, float, float, float, unsigned int, float, int, HIP_vector_type<unsigned int, 3u>, int, int, int, int, int, int, int, int, int, int, int, long, int, int, long, int, int, int, int, int, long) [clone .kd]",4,1,458,150034,150034,28416,256,22528,1104,128,0,64,64,"0x0","0x78a506387e00",7173387683917,7173501283625,7173502038285,7173502057724,754660
460,"void flash_attn_combine_results<256>(float const*, HIP_vector_type<float, 2u> const*, float*, int) [clone .kd]",4,1,459,150034,150034,6144,256,512,0,20,0,32,64,"0x0","0x78a506387cc0",7173387685940,7173502038285,7173502062433,7173502071221,24148
461,"void dequantize_block_q4_0<__half>(void const*, __half*, int) [clone .kd]",4,1,460,150034,150034,229376,32,0,0,12,0,16,64,"0x0","0x78a5c96d2b80",7173387687894,7173502062433,7173502090136,7173502095866,27703
462,"void dequantize_block_q4_0<__half>(void const*, __half*, int) [clone .kd]",4,1,461,150034,150034,229376,32,0,0,12,0,16,64,"0x0","0x78a5c96d2b80",7173387689557,7173502090136,7173502117395,7173502123105,27259
463,"void flash_attn_tile<256, 256, 4, 6, false>(char const*, char const*, char const*, char const*, char const*, int const*, float*, HIP_vector_type<float, 2u>*, float, float, float, float, unsigned int, float, int, HIP_vector_type<unsigned int, 3u>, int, int, int, int, int, int, int, int, int, int, int, long, int, int, long, int, int, int, int, int, long) [clone .kd]",4,1,462,150034,150034,21504,384,32768,1432,128,0,48,64,"0x0","0x78a506387e80",7173387691947,7173502365541,7173502965387,7173502985157,599846
464,"void flash_attn_combine_results<256>(float const*, HIP_vector_type<float, 2u> const*, float*, int) [clone .kd]",4,1,463,150034,150034,6144,256,512,0,20,0,32,64,"0x0","0x78a506387cc0",7173387693690,7173502999165,7173503031609,7173503038218,32444
465,"void dequantize_block_q4_0<__half>(void const*, __half*, int) [clone .kd]",4,1,464,150034,150034,229376,32,0,0,12,0,16,64,"0x0","0x78a5c96d2b80",7173387695508,7173503031609,7173503059609,7173503065779,28000
466,"void dequantize_block_q4_0<__half>(void const*, __half*, int) [clone .kd]",4,1,465,150034,150034,229376,32,0,0,12,0,16,64,"0x0","0x78a5c96d2b80",7173387697146,7173503059609,7173503086868,7173503092824,27259
467,"void flash_attn_tile<256, 256, 4, 2, false>(char const*, char const*, char const*, char const*, char const*, int const*, float*, HIP_vector_type<float, 2u>*, float, float, float, float, unsigned int, float, int, HIP_vector_type<unsigned int, 3u>, int, int, int, int, int, int, int, int, int, int, int, long, int, int, long, int, int, int, int, int, long) [clone .kd]",4,1,466,150034,150034,28416,256,22528,1104,128,0,64,64,"0x0","0x78a506387e00",7173387699679,7173503334717,7173504124340,7173504144393,789623
468,"void flash_attn_combine_results<256>(float const*, HIP_vector_type<float, 2u> const*, float*, int) [clone .kd]",4,1,467,150034,150034,6144,256,512,0,20,0,32,64,"0x0","0x78a506387cc0",7173387701504,7173504124340,7173504147302,7173504157616,22962
469,"void dequantize_block_q4_0<__half>(void const*, __half*, int) [clone .kd]",4,1,468,150034,150034,229376,32,0,0,12,0,16,64,"0x0","0x78a5c96d2b80",7173387703393,7173504147302,7173504172191,7173504177770,24889
470,"void dequantize_block_q4_0<__half>(void const*, __half*, int) [clone .kd]",4,1,469,150034,150034,229376,32,0,0,12,0,16,64,"0x0","0x78a5c96d2b80",7173387705272,7173504172191,7173504196635,7173504203043,24444
471,"void flash_attn_tile<256, 256, 4, 6, false>(char const*, char const*, char const*, char const*, char const*, int const*, float*, HIP_vector_type<float, 2u>*, float, float, float, float, unsigned int, float, int, HIP_vector_type<unsigned int, 3u>, int, int, int, int, int, int, int, int, int, int, int, long, int, int, long, int, int, int, int, int, long) [clone .kd]",4,1,470,150034,150034,21504,384,32768,1432,128,0,48,64,"0x0","0x78a506387e80",7173387707777,7173504420040,7173504974109,7173504992310,554069
472,"void flash_attn_combine_results<256>(float const*, HIP_vector_type<float, 2u> const*, float*, int) [clone .kd]",4,1,471,150034,150034,6144,256,512,0,20,0,32,64,"0x0","0x78a506387cc0",7173387709494,7173505044924,7173505073664,7173505080193,28740
473,"void dequantize_block_q4_0<__half>(void const*, __half*, int) [clone .kd]",4,1,472,150034,150034,229376,32,0,0,12,0,16,64,"0x0","0x78a5c96d2b80",7173387711210,7173505073664,7173505098553,7173505104338,24889
474,"void dequantize_block_q4_0<__half>(void const*, __half*, int) [clone .kd]",4,1,473,150034,150034,229376,32,0,0,12,0,16,64,"0x0","0x78a5c96d2b80",7173387712915,7173505098553,7173505122997,7173505129470,24444
475,"void flash_attn_tile<256, 256, 4, 2, false>(char const*, char const*, char const*, char const*, char const*, int const*, float*, HIP_vector_type<float, 2u>*, float, float, float, float, unsigned int, float, int, HIP_vector_type<unsigned int, 3u>, int, int, int, int, int, int, int, int, int, int, int, long, int, int, long, int, int, int, int, int, long) [clone .kd]",4,1,474,150034,150034,28416,256,22528,1104,128,0,64,64,"0x0","0x78a506387e00",7173387715423,7173505345810,7173506060618,7173506080702,714808
476,"void flash_attn_combine_results<256>(float const*, HIP_vector_type<float, 2u> const*, float*, int) [clone .kd]",4,1,475,150034,150034,6144,256,512,0,20,0,32,64,"0x0","0x78a506387cc0",7173387717300,7173506060618,7173506082840,7173506093992,22222
477,"void dequantize_block_q4_0<__half>(void const*, __half*, int) [clone .kd]",4,1,476,150034,150034,229376,32,0,0,12,0,16,64,"0x0","0x78a5c96d2b80",7173387719244,7173506082840,7173506107877,7173506113992,25037
478,"void dequantize_block_q4_0<__half>(void const*, __half*, int) [clone .kd]",4,1,477,150034,150034,229376,32,0,0,12,0,16,64,"0x0","0x78a5c96d2b80",7173387720955,7173506107877,7173506132469,7173506138974,24592
479,"void flash_attn_tile<256, 256, 4, 6, false>(char const*, char const*, char const*, char const*, char const*, int const*, float*, HIP_vector_type<float, 2u>*, float, float, float, float, unsigned int, float, int, HIP_vector_type<unsigned int, 3u>, int, int, int, int, int, int, int, int, int, int, int, long, int, int, long, int, int, int, int, int, long) [clone .kd]",4,1,478,150034,150034,21504,384,32768,1432,128,0,48,64,"0x0","0x78a506387e80",7173387723321,7173506356022,7173506902980,7173506922175,546958
480,"void flash_attn_combine_results<256>(float const*, HIP_vector_type<float, 2u> const*, float*, int) [clone .kd]",4,1,479,150034,150034,6144,256,512,0,20,0,32,64,"0x0","0x78a506387cc0",7173387727921,7173506932462,7173506963572,7173506969385,31110
481,"void dequantize_block_q4_0<__half>(void const*, __half*, int) [clone .kd]",4,1,480,150034,150034,229376,32,0,0,12,0,16,64,"0x0","0x78a5c96d2b80",7173387729705,7173506963572,7173506991572,7173506997255,28000
482,"void dequantize_block_q4_0<__half>(void const*, __half*, int) [clone .kd]",4,1,481,150034,150034,229376,32,0,0,12,0,16,64,"0x0","0x78a5c96d2b80",7173387731530,7173506991572,7173507018683,7173507025003,27111
483,"void flash_attn_tile<256, 256, 4, 2, false>(char const*, char const*, char const*, char const*, char const*, int const*, float*, HIP_vector_type<float, 2u>*, float, float, float, float, unsigned int, float, int, HIP_vector_type<unsigned int, 3u>, int, int, int, int, int, int, int, int, int, int, int, long, int, int, long, int, int, int, int, int, long) [clone .kd]",4,1,482,150034,150034,28416,256,22528,1104,128,0,64,64,"0x0","0x78a506387e00",7173387733953,7173507266236,7173508060599,7173508080744,794363
484,"void flash_attn_combine_results<256>(float const*, HIP_vector_type<float, 2u> const*, float*, int) [clone .kd]",4,1,483,150034,150034,6144,256,512,0,20,0,32,64,"0x0","0x78a506387cc0",7173387735783,7173508060599,7173508085043,7173508093609,24444
485,"void dequantize_block_q4_0<__half>(void const*, __half*, int) [clone .kd]",4,1,484,150034,150034,229376,32,0,0,12,0,16,64,"0x0","0x78a5c96d2b80",7173387737658,7173508085043,7173508113191,7173508119005,28148
486,"void dequantize_block_q4_0<__half>(void const*, __half*, int) [clone .kd]",4,1,485,150034,150034,229376,32,0,0,12,0,16,64,"0x0","0x78a5c96d2b80",7173387739225,7173508113191,7173508140302,7173508146791,27111
487,"void flash_attn_tile<256, 256, 4, 6, false>(char const*, char const*, char const*, char const*, char const*, int const*, float*, HIP_vector_type<float, 2u>*, float, float, float, float, unsigned int, float, int, HIP_vector_type<unsigned int, 3u>, int, int, int, int, int, int, int, int, int, int, int, long, int, int, long, int, int, int, int, int, long) [clone .kd]",4,1,486,150034,150034,21504,384,32768,1432,128,0,48,64,"0x0","0x78a506387e80",7173387741488,7173508388448,7173508999702,7173509018600,611254
488,"void flash_attn_combine_results<256>(float const*, HIP_vector_type<float, 2u> const*, float*, int) [clone .kd]",4,1,487,150034,150034,6144,256,512,0,20,0,32,64,"0x0","0x78a506387cc0",7173387743156,7173509070368,7173509098367,7173509104707,27999
489,"void dequantize_block_q4_0<__half>(void const*, __half*, int) [clone .kd]",4,1,488,150034,150034,229376,32,0,0,12,0,16,64,"0x0","0x78a5c96d2b80",7173387745345,7173509098367,7173509123404,7173509129909,25037
490,"void dequantize_block_q4_0<__half>(void const*, __half*, int) [clone .kd]",4,1,489,150034,150034,229376,32,0,0,12,0,16,64,"0x0","0x78a5c96d2b80",7173387747123,7173509123404,7173509148145,7173509154372,24741
491,"void flash_attn_tile<256, 256, 4, 2, false>(char const*, char const*, char const*, char const*, char const*, int const*, float*, HIP_vector_type<float, 2u>*, float, float, float, float, unsigned int, float, int, HIP_vector_type<unsigned int, 3u>, int, int, int, int, int, int, int, int, int, int, int, long, int, int, long, int, int, int, int, int, long) [clone .kd]",4,1,490,150034,150034,28416,256,22528,1104,128,0,64,64,"0x0","0x78a506387e00",7173387749439,7173509371106,7173510087395,7173510106696,716289
492,"void flash_attn_combine_results<256>(float const*, HIP_vector_type<float, 2u> const*, float*, int) [clone .kd]",4,1,491,150034,150034,6144,256,512,0,20,0,32,64,"0x0","0x78a506387cc0",7173387751293,7173510087395,7173510109765,7173510119459,22370
493,"void dequantize_block_q4_0<__half>(void const*, __half*, int) [clone .kd]",4,1,492,150034,150034,229376,32,0,0,12,0,16,64,"0x0","0x78a5c96d2b80",7173387753312,7173510109765,7173510134506,7173510140948,24741
494,"void dequantize_block_q4_0<__half>(void const*, __half*, int) [clone .kd]",4,1,493,150034,150034,229376,32,0,0,12,0,16,64,"0x0","0x78a5c96d2b80",7173387754911,7173510134506,7173510159098,7173510164714,24592
495,"void flash_attn_tile<256, 256, 4, 6, false>(char const*, char const*, char const*, char const*, char const*, int const*, float*, HIP_vector_type<float, 2u>*, float, float, float, float, unsigned int, float, int, HIP_vector_type<unsigned int, 3u>, int, int, int, int, int, int, int, int, int, int, int, long, int, int, long, int, int, int, int, int, long) [clone .kd]",4,1,494,150034,150034,21504,384,32768,1432,128,0,48,64,"0x0","0x78a506387e80",7173387757204,7173510382207,7173510947239,7173510965425,565032
496,"void flash_attn_combine_results<256>(float const*, HIP_vector_type<float, 2u> const*, float*, int) [clone .kd]",4,1,495,150034,150034,6144,256,512,0,20,0,32,64,"0x0","0x78a506387cc0",7173387758984,7173511024868,7173511056720,7173511062424,31852
497,"void dequantize_block_q4_0<__half>(void const*, __half*, int) [clone .kd]",4,1,496,150034,150034,229376,32,0,0,12,0,16,64,"0x0","0x78a5c96d2b80",7173387760923,7173511056720,7173511084719,7173511090980,27999
498,"void dequantize_block_q4_0<__half>(void const*, __half*, int) [clone .kd]",4,1,497,150034,150034,229376,32,0,0,12,0,16,64,"0x0","0x78a5c96d2b80",7173387762630,7173511084719,7173511111830,7173511117804,27111
499,"void flash_attn_tile<256, 256, 4, 2, false>(char const*, char const*, char const*, char const*, char const*, int const*, float*, HIP_vector_type<float, 2u>*, float, float, float, float, unsigned int, float, int, HIP_vector_type<unsigned int, 3u>, int, int, int, int, int, int, int, int, int, int, int, long, int, int, long, int, int, int, int, int, long) [clone .kd]",4,1,498,150034,150034,28416,256,22528,1104,128,0,64,64,"0x0","0x78a506387e00",7173387765015,7173511359828,7173512146191,7173512165908,786363
500,"void flash_attn_combine_results<256>(float const*, HIP_vector_type<float, 2u> const*, float*, int) [clone .kd]",4,1,499,150034,150034,6144,256,512,0,20,0,32,64,"0x0","0x78a506387cc0",7173387766812,7173512146191,7173512171080,7173512179607,24889
501,"void dequantize_block_q4_0<__half>(void const*, __half*, int) [clone .kd]",4,1,500,150034,150034,229376,32,0,0,12,0,16,64,"0x0","0x78a5c96d2b80",7173387768704,7173512171080,7173512198487,7173512204395,27407
502,"void dequantize_block_q4_0<__half>(void const*, __half*, int) [clone .kd]",4,1,501,150034,150034,229376,32,0,0,12,0,16,64,"0x0","0x78a5c96d2b80",7173387770428,7173512198487,7173512226190,7173512232976,27703
503,"void flash_attn_tile<256, 256, 4, 6, false>(char const*, char const*, char const*, char const*, char const*, int const*, float*, HIP_vector_type<float, 2u>*, float, float, float, float, unsigned int, float, int, HIP_vector_type<unsigned int, 3u>, int, int, int, int, int, int, int, int, int, int, int, long, int, int, long, int, int, int, int, int, long) [clone .kd]",4,1,502,150034,150034,21504,384,32768,1432,128,0,48,64,"0x0","0x78a506387e80",7173387772675,7173512474484,7173513079367,7173513099457,604883
504,"void flash_attn_combine_results<256>(float const*, HIP_vector_type<float, 2u> const*, float*, int) [clone .kd]",4,1,503,150034,150034,6144,256,512,0,20,0,32,64,"0x0","0x78a506387cc0",7173387774422,7173513150182,7173513179070,7173513185009,28888
505,"void dequantize_block_q4_0<__half>(void const*, __half*, int) [clone .kd]",4,1,504,150034,150034,229376,32,0,0,12,0,16,64,"0x0","0x78a5c96d2b80",7173387776395,7173513179070,7173513204255,7173513210353,25185
506,"void dequantize_block_q4_0<__half>(void const*, __half*, int) [clone .kd]",4,1,505,150034,150034,229376,32,0,0,12,0,16,64,"0x0","0x78a5c96d2b80",7173387778216,7173513204255,7173513228847,7173513235226,24592
507,"void flash_attn_tile<256, 256, 4, 2, false>(char const*, char const*, char const*, char const*, char const*, int const*, float*, HIP_vector_type<float, 2u>*, float, float, float, float, unsigned int, float, int, HIP_vector_type<unsigned int, 3u>, int, int, int, int, int, int, int, int, int, int, int, long, int, int, long, int, int, int, int, int, long) [clone .kd]",4,1,506,150034,150034,28416,256,22528,1104,128,0,64,64,"0x0","0x78a506387e00",7173387780822,7173513451364,7173514168098,7173514187243,716734
508,"void flash_attn_combine_results<256>(float const*, HIP_vector_type<float, 2u> const*, float*, int) [clone .kd]",4,1,507,150034,150034,6144,256,512,0,20,0,32,64,"0x0","0x78a506387cc0",7173387782614,7173514168098,7173514190913,7173514199668,22815
509,"void dequantize_block_q4_0<__half>(void const*, __half*, int) [clone .kd]",4,1,508,150034,150034,229376,32,0,0,12,0,16,64,"0x0","0x78a5c96d2b80",7173387784459,7173514190913,7173514216246,7173514222614,25333
510,"void dequantize_block_q4_0<__half>(void const*, __half*, int) [clone .kd]",4,1,509,150034,150034,229376,32,0,0,12,0,16,64,"0x0","0x78a5c96d2b80",7173387786239,7173514216246,7173514240838,7173514247212,24592
511,"void flash_attn_tile<256, 256, 4, 6, false>(char const*, char const*, char const*, char const*, char const*, int const*, float*, HIP_vector_type<float, 2u>*, float, float, float, float, unsigned int, float, int, HIP_vector_type<unsigned int, 3u>, int, int, int, int, int, int, int, int, int, int, int, long, int, int, long, int, int, int, int, int, long) [clone .kd]",4,1,510,150034,150034,21504,384,32768,1432,128,0,48,64,"0x0","0x78a506387e80",7173387788448,7173514463947,7173515008386,7173515026578,544439
512,"void flash_attn_combine_results<256>(float const*, HIP_vector_type<float, 2u> const*, float*, int) [clone .kd]",4,1,511,150034,150034,6144,256,512,0,20,0,32,64,"0x0","0x78a506387cc0",7173387795089,7173515076978,7173515103793,7173515109844,26815
513,"void dequantize_block_q4_0<__half>(void const*, __half*, int) [clone .kd]",4,1,512,150034,150034,229376,32,0,0,12,0,16,64,"0x0","0x78a5c96d2b80",7173387797018,7173515103793,7173515127052,7173515133368,23259
514,"void dequantize_block_q4_0<__half>(void const*, __half*, int) [clone .kd]",4,1,513,150034,150034,229376,32,0,0,12,0,16,64,"0x0","0x78a5c96d2b80",7173387798782,7173515127052,7173515150163,7173515155690,23111
515,"void flash_attn_tile<256, 256, 4, 2, false>(char const*, char const*, char const*, char const*, char const*, int const*, float*, HIP_vector_type<float, 2u>*, float, float, float, float, unsigned int, float, int, HIP_vector_type<unsigned int, 3u>, int, int, int, int, int, int, int, int, int, int, int, long, int, int, long, int, int, int, int, int, long) [clone .kd]",4,1,514,150034,150034,28416,256,22528,1104,128,0,64,64,"0x0","0x78a506387e00",7173387801330,7173515359791,7173516078895,7173516097331,719104
516,"void flash_attn_combine_results<256>(float const*, HIP_vector_type<float, 2u> const*, float*, int) [clone .kd]",4,1,515,150034,150034,6144,256,512,0,20,0,32,64,"0x0","0x78a506387cc0",7173387803185,7173516078895,7173516103043,7173516110199,24148
517,"void dequantize_block_q4_0<__half>(void const*, __half*, int) [clone .kd]",4,1,516,150034,150034,229376,32,0,0,12,0,16,64,"0x0","0x78a5c96d2b80",7173387805067,7173516103043,7173516128228,7173516133934,25185
518,"void dequantize_block_q4_0<__half>(void const*, __half*, int) [clone .kd]",4,1,517,150034,150034,229376,32,0,0,12,0,16,64,"0x0","0x78a5c96d2b80",7173387806766,7173516128228,7173516153117,7173516159312,24889
519,"void flash_attn_tile<256, 256, 4, 6, false>(char const*, char const*, char const*, char const*, char const*, int const*, float*, HIP_vector_type<float, 2u>*, float, float, float, float, unsigned int, float, int, HIP_vector_type<unsigned int, 3u>, int, int, int, int, int, int, int, int, int, int, int, long, int, int, long, int, int, int, int, int, long) [clone .kd]",4,1,518,150034,150034,21504,384,32768,1432,128,0,48,64,"0x0","0x78a506387e80",7173387809116,7173516376077,7173516924072,7173516941112,547995
520,"void flash_attn_combine_results<256>(float const*, HIP_vector_type<float, 2u> const*, float*, int) [clone .kd]",4,1,519,150034,150034,6144,256,512,0,20,0,32,64,"0x0","0x78a506387cc0",7173387810839,7173516944517,7173516973553,7173516979409,29036
521,"void dequantize_block_q4_0<__half>(void const*, __half*, int) [clone .kd]",4,1,520,150034,150034,229376,32,0,0,12,0,16,64,"0x0","0x78a5c96d2b80",7173387812686,7173516973553,7173516998294,7173517003919,24741
522,"void dequantize_block_q4_0<__half>(void const*, __half*, int) [clone .kd]",4,1,521,150034,150034,229376,32,0,0,12,0,16,64,"0x0","0x78a5c96d2b80",7173387814566,7173516998294,7173517022886,7173517028396,24592
523,"void flash_attn_tile<256, 256, 4, 2, false>(char const*, char const*, char const*, char const*, char const*, int const*, float*, HIP_vector_type<float, 2u>*, float, float, float, float, unsigned int, float, int, HIP_vector_type<unsigned int, 3u>, int, int, int, int, int, int, int, int, int, int, int, long, int, int, long, int, int, int, int, int, long) [clone .kd]",4,1,522,150034,150034,28416,256,22528,1104,128,0,64,64,"0x0","0x78a506387e00",7173387816993,7173517245699,7173517985100,7173518029929,739401
524,"void flash_attn_combine_results<256>(float const*, HIP_vector_type<float, 2u> const*, float*, int) [clone .kd]",4,1,523,150034,150034,6144,256,512,0,20,0,32,64,"0x0","0x78a506387cc0",7173387818958,7173517985100,7173518009544,7173518027499,24444
525,"void dequantize_block_q4_0<__half>(void const*, __half*, int) [clone .kd]",4,1,524,150034,150034,229376,32,0,0,12,0,16,64,"0x0","0x78a5c96d2b80",7173387820844,7173518009544,7173518037247,7173518043259,27703
526,"void dequantize_block_q4_0<__half>(void const*, __half*, int) [clone .kd]",4,1,525,150034,150034,229376,32,0,0,12,0,16,64,"0x0","0x78a5c96d2b80",7173387822602,7173518037247,7173518064654,7173518070489,27407
527,"void flash_attn_tile<256, 256, 4, 6, false>(char const*, char const*, char const*, char const*, char const*, int const*, float*, HIP_vector_type<float, 2u>*, float, float, float, float, unsigned int, float, int, HIP_vector_type<unsigned int, 3u>, int, int, int, int, int, int, int, int, int, int, int, long, int, int, long, int, int, int, int, int, long) [clone .kd]",4,1,526,150034,150034,21504,384,32768,1432,128,0,48,64,"0x0","0x78a506387e80",7173387824872,7173518312652,7173518914424,7173518932358,601772
528,"void flash_attn_combine_results<256>(float const*, HIP_vector_type<float, 2u> const*, float*, int) [clone .kd]",4,1,527,150034,150034,6144,256,512,0,20,0,32,64,"0x0","0x78a506387cc0",7173387826776,7173518943461,7173518974424,7173518980757,30963
529,"void dequantize_block_q4_0<__half>(void const*, __half*, int) [clone .kd]",4,1,528,150034,150034,229376,32,0,0,12,0,16,64,"0x0","0x78a5c96d2b80",7173387829020,7173518974424,7173519001831,7173519008460,27407
530,"void dequantize_block_q4_0<__half>(void const*, __half*, int) [clone .kd]",4,1,529,150034,150034,229376,32,0,0,12,0,16,64,"0x0","0x78a5c96d2b80",7173387830621,7173519001831,7173519029090,7173519034932,27259
531,"void flash_attn_tile<256, 256, 4, 2, false>(char const*, char const*, char const*, char const*, char const*, int const*, float*, HIP_vector_type<float, 2u>*, float, float, float, float, unsigned int, float, int, HIP_vector_type<unsigned int, 3u>, int, int, int, int, int, int, int, int, int, int, int, long, int, int, long, int, int, int, int, int, long) [clone .kd]",4,1,530,150034,150034,28416,256,22528,1104,128,0,64,64,"0x0","0x78a506387e00",7173387833046,7173519277088,7173520070562,7173520088890,793474
532,"void flash_attn_combine_results<256>(float const*, HIP_vector_type<float, 2u> const*, float*, int) [clone .kd]",4,1,531,150034,150034,6144,256,512,0,20,0,32,64,"0x0","0x78a506387cc0",7173387834922,7173520070562,7173520093673,7173520099642,23111
533,"void dequantize_block_q4_0<__half>(void const*, __half*, int) [clone .kd]",4,1,532,150034,150034,229376,32,0,0,12,0,16,64,"0x0","0x78a5c96d2b80",7173387836759,7173520093673,7173520118265,7173520124775,24592
534,"void dequantize_block_q4_0<__half>(void const*, __half*, int) [clone .kd]",4,1,533,150034,150034,229376,32,0,0,12,0,16,64,"0x0","0x78a5c96d2b80",7173387838534,7173520118265,7173520142857,7173520148684,24592
535,"void flash_attn_tile<256, 256, 4, 6, false>(char const*, char const*, char const*, char const*, char const*, int const*, float*, HIP_vector_type<float, 2u>*, float, float, float, float, unsigned int, float, int, HIP_vector_type<unsigned int, 3u>, int, int, int, int, int, int, int, int, int, int, int, long, int, int, long, int, int, int, int, int, long) [clone .kd]",4,1,534,150034,150034,21504,384,32768,1432,128,0,48,64,"0x0","0x78a506387e80",7173387840898,7173520366114,7173520914406,7173520931240,548292
536,"void flash_attn_combine_results<256>(float const*, HIP_vector_type<float, 2u> const*, float*, int) [clone .kd]",4,1,535,150034,150034,6144,256,512,0,20,0,32,64,"0x0","0x78a506387cc0",7173387842650,7173520935294,7173520963590,7173520969473,28296
537,"void dequantize_block_q4_0<__half>(void const*, __half*, int) [clone .kd]",4,1,536,150034,150034,229376,32,0,0,12,0,16,64,"0x0","0x78a5c96d2b80",7173387844373,7173520963590,7173520988331,7173520993986,24741
538,"void dequantize_block_q4_0<__half>(void const*, __half*, int) [clone .kd]",4,1,537,150034,150034,229376,32,0,0,12,0,16,64,"0x0","0x78a5c96d2b80",7173387846163,7173520988331,7173521013071,7173521018744,24740
539,"void flash_attn_tile<256, 256, 4, 2, false>(char const*, char const*, char const*, char const*, char const*, int const*, float*, HIP_vector_type<float, 2u>*, float, float, float, float, unsigned int, float, int, HIP_vector_type<unsigned int, 3u>, int, int, int, int, int, int, int, int, int, int, int, long, int, int, long, int, int, int, int, int, long) [clone .kd]",4,1,538,150034,150034,28416,256,22528,1104,128,0,64,64,"0x0","0x78a506387e00",7173387848418,7173521235736,7173521985951,7173522007442,750215
540,"void flash_attn_combine_results<256>(float const*, HIP_vector_type<float, 2u> const*, float*, int) [clone .kd]",4,1,539,150034,150034,6144,256,512,0,20,0,32,64,"0x0","0x78a506387cc0",7173387852674,7173521985951,7173522010395,7173522019046,24444
541,"void dequantize_block_q4_0<__half>(void const*, __half*, int) [clone .kd]",4,1,540,150034,150034,229376,32,0,0,12,0,16,64,"0x0","0x78a5c96d2b80",7173387854575,7173522010395,7173522038099,7173522043858,27704
542,"void dequantize_block_q4_0<__half>(void const*, __half*, int) [clone .kd]",4,1,541,150034,150034,229376,32,0,0,12,0,16,64,"0x0","0x78a5c96d2b80",7173387856230,7173522038099,7173522065210,7173522071147,27111
543,"void flash_attn_tile<256, 256, 4, 6, false>(char const*, char const*, char const*, char const*, char const*, int const*, float*, HIP_vector_type<float, 2u>*, float, float, float, float, unsigned int, float, int, HIP_vector_type<unsigned int, 3u>, int, int, int, int, int, int, int, int, int, int, int, long, int, int, long, int, int, int, int, int, long) [clone .kd]",4,1,542,150034,150034,21504,384,32768,1432,128,0,48,64,"0x0","0x78a506387e80",7173387858853,7173522313948,7173522921054,7173522940125,607106
544,"void flash_attn_combine_results<256>(float const*, HIP_vector_type<float, 2u> const*, float*, int) [clone .kd]",4,1,543,150034,150034,6144,256,512,0,20,0,32,64,"0x0","0x78a506387cc0",7173387860543,7173522945942,7173522977349,7173522984218,31407
545,"void dequantize_block_q4_0<__half>(void const*, __half*, int) [clone .kd]",4,1,544,150034,150034,229376,32,0,0,12,0,16,64,"0x0","0x78a5c96d2b80",7173387862315,7173522977349,7173523005497,7173523011667,28148
546,"void dequantize_block_q4_0<__half>(void const*, __half*, int) [clone .kd]",4,1,545,150034,150034,229376,32,0,0,12,0,16,64,"0x0","0x78a5c96d2b80",7173387864269,7173523005497,7173523032608,7173523038687,27111
547,"void flash_attn_tile<256, 256, 4, 2, false>(char const*, char const*, char const*, char const*, char const*, int const*, float*, HIP_vector_type<float, 2u>*, float, float, float, float, unsigned int, float, int, HIP_vector_type<unsigned int, 3u>, int, int, int, int, int, int, int, int, int, int, int, long, int, int, long, int, int, int, int, int, long) [clone .kd]",4,1,546,150034,150034,28416,256,22528,1104,128,0,64,64,"0x0","0x78a506387e00",7173387866454,7173523280754,7173524072747,7173524091986,791993
548,"void flash_attn_combine_results<256>(float const*, HIP_vector_type<float, 2u> const*, float*, int) [clone .kd]",4,1,547,150034,150034,6144,256,512,0,20,0,32,64,"0x0","0x78a506387cc0",7173387868274,7173524072747,7173524095561,7173524103220,22814
549,"void dequantize_block_q4_0<__half>(void const*, __half*, int) [clone .kd]",4,1,548,150034,150034,229376,32,0,0,12,0,16,64,"0x0","0x78a5c96d2b80",7173387870183,7173524095561,7173524120746,7173524127120,25185
550,"void dequantize_block_q4_0<__half>(void const*, __half*, int) [clone .kd]",4,1,549,150034,150034,229376,32,0,0,12,0,16,64,"0x0","0x78a5c96d2b80",7173387871912,7173524120746,7173524145339,7173524151668,24593
551,"void flash_attn_tile<256, 256, 4, 6, false>(char const*, char const*, char const*, char const*, char const*, int const*, float*, HIP_vector_type<float, 2u>*, float, float, float, float, unsigned int, float, int, HIP_vector_type<unsigned int, 3u>, int, int, int, int, int, int, int, int, int, int, int, long, int, int, long, int, int, int, int, int, long) [clone .kd]",4,1,550,150034,150034,21504,384,32768,1432,128,0,48,64,"0x0","0x78a506387e80",7173387874365,7173524368448,7173524922813,7173524941656,554365
552,"void flash_attn_combine_results<256>(float const*, HIP_vector_type<float, 2u> const*, float*, int) [clone .kd]",4,1,551,150034,150034,6144,256,512,0,20,0,32,64,"0x0","0x78a506387cc0",7173387876192,7173524994368,7173525022367,7173525028636,27999
553,"void dequantize_block_q4_0<__half>(void const*, __half*, int) [clone .kd]",4,1,552,150034,150034,229376,32,0,0,12,0,16,64,"0x0","0x78a5c96d2b80",7173387878058,7173525022367,7173525047256,7173525053447,24889
554,"void dequantize_block_q4_0<__half>(void const*, __half*, int) [clone .kd]",4,1,553,150034,150034,229376,32,0,0,12,0,16,64,"0x0","0x78a5c96d2b80",7173387879616,7173525047256,7173525071848,7173525077749,24592
555,"void flash_attn_tile<256, 256, 4, 2, false>(char const*, char const*, char const*, char const*, char const*, int const*, float*, HIP_vector_type<float, 2u>*, float, float, float, float, unsigned int, float, int, HIP_vector_type<unsigned int, 3u>, int, int, int, int, int, int, int, int, int, int, int, long, int, int, long, int, int, int, int, int, long) [clone .kd]",4,1,554,150034,150034,28416,256,22528,1104,128,0,64,64,"0x0","0x78a506387e00",7173387881823,7173525294661,7173526025914,7173526045760,731253
556,"void flash_attn_combine_results<256>(float const*, HIP_vector_type<float, 2u> const*, float*, int) [clone .kd]",4,1,555,150034,150034,6144,256,512,0,20,0,32,64,"0x0","0x78a506387cc0",7173387883606,7173526025914,7173526050950,7173526057100,25036
557,"void dequantize_block_q4_0<__half>(void const*, __half*, int) [clone .kd]",4,1,556,150034,150034,229376,32,0,0,12,0,16,64,"0x0","0x78a5c96d2b80",7173387885621,7173526050950,7173526078506,7173526084385,27556
558,"void dequantize_block_q4_0<__half>(void const*, __half*, int) [clone .kd]",4,1,557,150034,150034,229376,32,0,0,12,0,16,64,"0x0","0x78a5c96d2b80",7173387887326,7173526078506,7173526105765,7173526112188,27259
559,"void flash_attn_tile<256, 256, 4, 6, false>(char const*, char const*, char const*, char const*, char const*, int const*, float*, HIP_vector_type<float, 2u>*, float, float, float, float, unsigned int, float, int, HIP_vector_type<unsigned int, 3u>, int, int, int, int, int, int, int, int, int, int, int, long, int, int, long, int, int, int, int, int, long) [clone .kd]",4,1,558,150034,150034,21504,384,32768,1432,128,0,48,64,"0x0","0x78a506387e80",7173387889719,7173526353762,7173526955831,7173526977587,602069
560,"void flash_attn_combine_results<256>(float const*, HIP_vector_type<float, 2u> const*, float*, int) [clone .kd]",4,1,559,150034,150034,6144,256,512,0,20,0,32,64,"0x0","0x78a506387cc0",7173387891515,7173526985312,7173527016867,7173527022932,31555
561,"void dequantize_block_q4_0<__half>(void const*, __half*, int) [clone .kd]",4,1,560,150034,150034,229376,32,0,0,12,0,16,64,"0x0","0x78a5c96d2b80",7173387893495,7173527016867,7173527044571,7173527050553,27704
562,"void dequantize_block_q4_0<__half>(void const*, __half*, int) [clone .kd]",4,1,561,150034,150034,229376,32,0,0,12,0,16,64,"0x0","0x78a5c96d2b80",7173387895167,7173527044571,7173527071830,7173527077914,27259
563,"void flash_attn_tile<256, 256, 4, 2, false>(char const*, char const*, char const*, char const*, char const*, int const*, float*, HIP_vector_type<float, 2u>*, float, float, float, float, unsigned int, float, int, HIP_vector_type<unsigned int, 3u>, int, int, int, int, int, int, int, int, int, int, int, long, int, int, long, int, int, int, int, int, long) [clone .kd]",4,1,562,150034,150034,28416,256,22528,1104,128,0,64,64,"0x0","0x78a506387e00",7173387897426,7173527319828,7173528105154,7173528122179,785326
564,"void flash_attn_combine_results<256>(float const*, HIP_vector_type<float, 2u> const*, float*, int) [clone .kd]",4,1,563,150034,150034,6144,256,512,0,20,0,32,64,"0x0","0x78a506387cc0",7173387899109,7173528105154,7173528127079,7173528134657,21925
565,"void dequantize_block_q4_0<__half>(void const*, __half*, int) [clone .kd]",4,1,564,150034,150034,229376,32,0,0,12,0,16,64,"0x0","0x78a5c96d2b80",7173387900937,7173528127079,7173528151820,7173528158051,24741
566,"void dequantize_block_q4_0<__half>(void const*, __half*, int) [clone .kd]",4,1,565,150034,150034,229376,32,0,0,12,0,16,64,"0x0","0x78a5c96d2b80",7173387902745,7173528151820,7173528176412,7173528182124,24592
567,"void flash_attn_tile<256, 256, 4, 6, false>(char const*, char const*, char const*, char const*, char const*, int const*, float*, HIP_vector_type<float, 2u>*, float, float, float, float, unsigned int, float, int, HIP_vector_type<unsigned int, 3u>, int, int, int, int, int, int, int, int, int, int, int, long, int, int, long, int, int, int, int, int, long) [clone .kd]",4,1,566,150034,150034,21504,384,32768,1432,128,0,48,64,"0x0","0x78a506387e80",7173387905157,7173528399669,7173528945442,7173528961562,545773
568,"void flash_attn_combine_results<256>(float const*, HIP_vector_type<float, 2u> const*, float*, int) [clone .kd]",4,1,567,150034,150034,6144,256,512,0,20,0,32,64,"0x0","0x78a506387cc0",7173387906948,7173528968405,7173528996849,7173529003957,28444
569,"void dequantize_block_q4_0<__half>(void const*, __half*, int) [clone .kd]",4,1,568,150034,150034,229376,32,0,0,12,0,16,64,"0x0","0x78a5c96d2b80",7173387909026,7173528996849,7173529022034,7173529028136,25185
570,"void dequantize_block_q4_0<__half>(void const*, __half*, int) [clone .kd]",4,1,569,150034,150034,229376,32,0,0,12,0,16,64,"0x0","0x78a5c96d2b80",7173387910761,7173529022034,7173529046626,7173529052628,24592
571,"void flash_attn_tile<256, 256, 4, 2, false>(char const*, char const*, char const*, char const*, char const*, int const*, float*, HIP_vector_type<float, 2u>*, float, float, float, float, unsigned int, float, int, HIP_vector_type<unsigned int, 3u>, int, int, int, int, int, int, int, int, int, int, int, long, int, int, long, int, int, int, int, int, long) [clone .kd]",4,1,570,150034,150034,28416,256,22528,1104,128,0,64,64,"0x0","0x78a506387e00",7173387913269,7173529269439,7173529988247,7173530006820,718808
572,"void flash_attn_combine_results<256>(float const*, HIP_vector_type<float, 2u> const*, float*, int) [clone .kd]",4,1,571,150034,150034,6144,256,512,0,20,0,32,64,"0x0","0x78a506387cc0",7173387914977,7173529988247,7173530011358,7173530016943,23111
573,"void dequantize_block_q4_0<__half>(void const*, __half*, int) [clone .kd]",4,1,572,150034,150034,229376,32,0,0,12,0,16,64,"0x0","0x78a5c96d2b80",7173387916910,7173530011358,7173530036247,7173530043665,24889
574,"void dequantize_block_q4_0<__half>(void const*, __half*, int) [clone .kd]",4,1,573,150034,150034,229376,32,0,0,12,0,16,64,"0x0","0x78a5c96d2b80",7173387918486,7173530036247,7173530060987,7173530066571,24740
575,"void flash_attn_tile<256, 256, 4, 6, false>(char const*, char const*, char const*, char const*, char const*, int const*, float*, HIP_vector_type<float, 2u>*, float, float, float, float, unsigned int, float, int, HIP_vector_type<unsigned int, 3u>, int, int, int, int, int, int, int, int, int, int, int, long, int, int, long, int, int, int, int, int, long) [clone .kd]",4,1,574,150034,150034,21504,384,32768,1432,128,0,48,64,"0x0","0x78a506387e80",7173387920821,7173530284244,7173530831647,7173530848540,547403
576,"void flash_attn_combine_results<256>(float const*, HIP_vector_type<float, 2u> const*, float*, int) [clone .kd]",4,1,575,150034,150034,6144,256,512,0,20,0,32,64,"0x0","0x78a506387cc0",7173387922694,7173530853276,7173530883943,7173530890390,30667
577,"void dequantize_block_q4_0<__half>(void const*, __half*, int) [clone .kd]",4,1,576,150034,150034,229376,32,0,0,12,0,16,64,"0x0","0x78a5c96d2b80",7173387924697,7173530883943,7173530912090,7173530917842,28147
578,"void dequantize_block_q4_0<__half>(void const*, __half*, int) [clone .kd]",4,1,577,150034,150034,229376,32,0,0,12,0,16,64,"0x0","0x78a5c96d2b80",7173387926369,7173530912090,7173530945868,7173530951677,33778
579,"void flash_attn_tile<256, 256, 4, 2, false>(char const*, char const*, char const*, char const*, char const*, int const*, float*, HIP_vector_type<float, 2u>*, float, float, float, float, unsigned int, float, int, HIP_vector_type<unsigned int, 3u>, int, int, int, int, int, int, int, int, int, int, int, long, int, int, long, int, int, int, int, int, long) [clone .kd]",4,1,578,150034,150034,28416,256,22528,1104,128,0,64,64,"0x0","0x78a506387e00",7173387928773,7173531193273,7173531992525,7173532011308,799252
580,"void flash_attn_combine_results<256>(float const*, HIP_vector_type<float, 2u> const*, float*, int) [clone .kd]",4,1,579,150034,150034,6144,256,512,0,20,0,32,64,"0x0","0x78a506387cc0",7173387930629,7173531992525,7173532017562,7173532023528,25037
581,"void dequantize_block_q4_0<__half>(void const*, __half*, int) [clone .kd]",4,1,580,150034,150034,229376,32,0,0,12,0,16,64,"0x0","0x78a5c96d2b80",7173387932438,7173532017562,7173532045117,7173532051367,27555
582,"void dequantize_block_q4_0<__half>(void const*, __half*, int) [clone .kd]",4,1,581,150034,150034,229376,32,0,0,12,0,16,64,"0x0","0x78a5c96d2b80",7173387933956,7173532045117,7173532072376,7173532078363,27259
583,"void flash_attn_tile<256, 256, 4, 6, false>(char const*, char const*, char const*, char const*, char const*, int const*, float*, HIP_vector_type<float, 2u>*, float, float, float, float, unsigned int, float, int, HIP_vector_type<unsigned int, 3u>, int, int, int, int, int, int, int, int, int, int, int, long, int, int, long, int, int, int, int, int, long) [clone .kd]",4,1,582,150034,150034,21504,384,32768,1432,128,0,48,64,"0x0","0x78a506387e80",7173387936206,7173532320670,7173532923627,7173532941583,602957
584,"void flash_attn_combine_results<256>(float const*, HIP_vector_type<float, 2u> const*, float*, int) [clone .kd]",4,1,583,150034,150034,6144,256,512,0,20,0,32,64,"0x0","0x78a506387cc0",7173387937920,7173532946738,7173532985553,7173532991521,38815
585,"void dequantize_block_q4_0<__half>(void const*, __half*, int) [clone .kd]",4,1,584,150034,150034,229376,32,0,0,12,0,16,64,"0x0","0x78a5c96d2b80",7173387939885,7173532985553,7173533010589,7173533016264,25036
586,"void dequantize_block_q4_0<__half>(void const*, __half*, int) [clone .kd]",4,1,585,150034,150034,229376,32,0,0,12,0,16,64,"0x0","0x78a5c96d2b80",7173387941767,7173533010589,7173533035330,7173533040992,24741
587,"void flash_attn_tile<256, 256, 4, 2, false>(char const*, char const*, char const*, char const*, char const*, int const*, float*, HIP_vector_type<float, 2u>*, float, float, float, float, unsigned int, float, int, HIP_vector_type<unsigned int, 3u>, int, int, int, int, int, int, int, int, int, int, int, long, int, int, long, int, int, int, int, int, long) [clone .kd]",4,1,586,150034,150034,28416,256,22528,1104,128,0,64,64,"0x0","0x78a506387e00",7173387944349,7173533258143,7173533978729,7173534025488,720586
588,"void flash_attn_combine_results<256>(float const*, HIP_vector_type<float, 2u> const*, float*, int) [clone .kd]",4,1,587,150034,150034,6144,256,512,0,20,0,32,64,"0x0","0x78a506387cc0",7173387946181,7173533978729,7173534001395,7173534022993,22666
589,"void dequantize_block_q4_0<__half>(void const*, __half*, int) [clone .kd]",4,1,588,150034,150034,229376,32,0,0,12,0,16,64,"0x0","0x78a5c96d2b80",7173387948024,7173534001395,7173534032358,7173534038522,30963
590,"void dequantize_block_q4_0<__half>(void const*, __half*, int) [clone .kd]",4,1,589,150034,150034,229376,32,0,0,12,0,16,64,"0x0","0x78a5c96d2b80",7173387949719,7173534032358,7173534057098,7173534063082,24740
591,"void flash_attn_tile<256, 256, 4, 6, false>(char const*, char const*, char const*, char const*, char const*, int const*, float*, HIP_vector_type<float, 2u>*, float, float, float, float, unsigned int, float, int, HIP_vector_type<unsigned int, 3u>, int, int, int, int, int, int, int, int, int, int, int, long, int, int, long, int, int, int, int, int, long) [clone .kd]",4,1,590,150034,150034,21504,384,32768,1432,128,0,48,64,"0x0","0x78a506387e80",7173387952031,7173534280355,7173534824943,7173534841478,544588
592,"void flash_attn_combine_results<256>(float const*, HIP_vector_type<float, 2u> const*, float*, int) [clone .kd]",4,1,591,150034,150034,6144,256,512,0,20,0,32,64,"0x0","0x78a506387cc0",7173387953710,7173534848646,7173534879017,7173534884741,30371
593,"void dequantize_block_q4_0<__half>(void const*, __half*, int) [clone .kd]",4,1,592,150034,150034,229376,32,0,0,12,0,16,64,"0x0","0x78a5c96d2b80",7173387955431,7173534879017,7173534906572,7173534912671,27555
594,"void dequantize_block_q4_0<__half>(void const*, __half*, int) [clone .kd]",4,1,593,150034,150034,229376,32,0,0,12,0,16,64,"0x0","0x78a5c96d2b80",7173387957190,7173534906572,7173534940497,7173534946405,33925
595,"void flash_attn_tile<256, 256, 4, 2, false>(char const*, char const*, char const*, char const*, char const*, int const*, float*, HIP_vector_type<float, 2u>*, float, float, float, float, unsigned int, float, int, HIP_vector_type<unsigned int, 3u>, int, int, int, int, int, int, int, int, int, int, int, long, int, int, long, int, int, int, int, int, long) [clone .kd]",4,1,594,150034,150034,28416,256,22528,1104,128,0,64,64,"0x0","0x78a506387e00",7173387959716,7173535188199,7173535976932,7173535994765,788733
596,"void flash_attn_combine_results<256>(float const*, HIP_vector_type<float, 2u> const*, float*, int) [clone .kd]",4,1,595,150034,150034,6144,256,512,0,20,0,32,64,"0x0","0x78a506387cc0",7173387961927,7173535976932,7173536002265,7173536008747,25333
597,"void dequantize_block_q4_0<__half>(void const*, __half*, int) [clone .kd]",4,1,596,150034,150034,229376,32,0,0,12,0,16,64,"0x0","0x78a5c96d2b80",7173387963916,7173536002265,7173536029821,7173536035604,27556
598,"void dequantize_block_q4_0<__half>(void const*, __half*, int) [clone .kd]",4,1,597,150034,150034,229376,32,0,0,12,0,16,64,"0x0","0x78a5c96d2b80",7173387965600,7173536029821,7173536057080,7173536063075,27259
599,"void flash_attn_tile<256, 256, 4, 6, false>(char const*, char const*, char const*, char const*, char const*, int const*, float*, HIP_vector_type<float, 2u>*, float, float, float, float, unsigned int, float, int, HIP_vector_type<unsigned int, 3u>, int, int, int, int, int, int, int, int, int, int, int, long, int, int, long, int, int, int, int, int, long) [clone .kd]",4,1,598,150034,150034,21504,384,32768,1432,128,0,48,64,"0x0","0x78a506387e80",7173387968038,7173536307626,7173536913551,7173536932788,605925
600,"void flash_attn_combine_results<256>(float const*, HIP_vector_type<float, 2u> const*, float*, int) [clone .kd]",4,1,599,150034,150034,6144,256,512,0,20,0,32,64,"0x0","0x78a506387cc0",7173387971930,7173536936364,7173536975624,7173536979228,39260
601,"void dequantize_block_q4_0<__half>(void const*, __half*, int) [clone .kd]",4,1,600,150034,150034,229376,32,0,0,12,0,16,64,"0x0","0x78a5c96d2b80",7173387973656,7173536975624,7173537000512,7173537004137,24888
602,"void dequantize_block_q4_0<__half>(void const*, __half*, int) [clone .kd]",4,1,601,150034,150034,229376,32,0,0,12,0,16,64,"0x0","0x78a5c96d2b80",7173387975603,7173537000512,7173537025253,7173537028970,24741
603,"void flash_attn_tile<256, 256, 4, 2, false>(char const*, char const*, char const*, char const*, char const*, int const*, float*, HIP_vector_type<float, 2u>*, float, float, float, float, unsigned int, float, int, HIP_vector_type<unsigned int, 3u>, int, int, int, int, int, int, int, int, int, int, int, long, int, int, long, int, int, int, int, int, long) [clone .kd]",4,1,602,150034,150034,28416,256,22528,1104,128,0,64,64,"0x0","0x78a506387e00",7173387977804,7173537247771,7173537963177,7173537977424,715406
604,"void flash_attn_combine_results<256>(float const*, HIP_vector_type<float, 2u> const*, float*, int) [clone .kd]",4,1,603,150034,150034,6144,256,512,0,20,0,32,64,"0x0","0x78a506387cc0",7173387979813,7173537963177,7173537985400,7173537989089,22223
605,"void dequantize_block_q4_0<__half>(void const*, __half*, int) [clone .kd]",4,1,604,150034,150034,229376,32,0,0,12,0,16,64,"0x0","0x78a5c96d2b80",7173387981787,7173537985400,7173538010288,7173538013985,24888
606,"void dequantize_block_q4_0<__half>(void const*, __half*, int) [clone .kd]",4,1,605,150034,150034,229376,32,0,0,12,0,16,64,"0x0","0x78a5c96d2b80",7173387983641,7173538010288,7173538035177,7173538038299,24889
607,"void flash_attn_tile<256, 256, 4, 6, false>(char const*, char const*, char const*, char const*, char const*, int const*, float*, HIP_vector_type<float, 2u>*, float, float, float, float, unsigned int, float, int, HIP_vector_type<unsigned int, 3u>, int, int, int, int, int, int, int, int, int, int, int, long, int, int, long, int, int, int, int, int, long) [clone .kd]",4,1,606,150034,150034,21504,384,32768,1432,128,0,48,64,"0x0","0x78a506387e80",7173387985996,7173538258436,7173538804361,7173538817818,545925
608,"void flash_attn_combine_results<256>(float const*, HIP_vector_type<float, 2u> const*, float*, int) [clone .kd]",4,1,607,150034,150034,6144,256,512,0,20,0,32,64,"0x0","0x78a506387cc0",7173387987837,7173538826583,7173538856213,7173538859629,29630
609,"void dequantize_block_q4_0<__half>(void const*, __half*, int) [clone .kd]",4,1,608,150034,150034,229376,32,0,0,12,0,16,64,"0x0","0x78a5c96d2b80",7173387989796,7173538856213,7173538883028,7173538886333,26815
610,"void dequantize_block_q4_0<__half>(void const*, __half*, int) [clone .kd]",4,1,609,150034,150034,229376,32,0,0,12,0,16,64,"0x0","0x78a5c96d2b80",7173387991392,7173538883028,7173538910287,7173538913940,27259
611,"void flash_attn_tile<256, 256, 4, 2, false>(char const*, char const*, char const*, char const*, char const*, int const*, float*, HIP_vector_type<float, 2u>*, float, float, float, float, unsigned int, float, int, HIP_vector_type<unsigned int, 3u>, int, int, int, int, int, int, int, int, int, int, int, long, int, int, long, int, int, int, int, int, long) [clone .kd]",4,1,610,150034,150034,28416,256,22528,1104,128,0,64,64,"0x0","0x78a506387e00",7173387993706,7173539157842,7173539936063,7173539950737,778221
612,"void flash_attn_combine_results<256>(float const*, HIP_vector_type<float, 2u> const*, float*, int) [clone .kd]",4,1,611,150034,150034,6144,256,512,0,20,0,32,64,"0x0","0x78a506387cc0",7173387995427,7173539936063,7173539961100,7173539964531,25037
613,"void dequantize_block_q4_0<__half>(void const*, __half*, int) [clone .kd]",4,1,612,150034,150034,229376,32,0,0,12,0,16,64,"0x0","0x78a5c96d2b80",7173387997267,7173539961100,7173539988804,7173539992275,27704
614,"void dequantize_block_q4_0<__half>(void const*, __half*, int) [clone .kd]",4,1,613,150034,150034,229376,32,0,0,12,0,16,64,"0x0","0x78a5c96d2b80",7173387999094,7173539988804,7173540016063,7173540019776,27259
615,"void flash_attn_tile<256, 256, 4, 6, false>(char const*, char const*, char const*, char const*, char const*, int const*, float*, HIP_vector_type<float, 2u>*, float, float, float, float, unsigned int, float, int, HIP_vector_type<unsigned int, 3u>, int, int, int, int, int, int, int, int, int, int, int, long, int, int, long, int, int, int, int, int, long) [clone .kd]",4,1,614,150034,150034,21504,384,32768,1432,128,0,48,64,"0x0","0x78a506387e80",7173388005987,7173540264655,7173540868950,7173540883055,604295
616,"void flash_attn_combine_results<256>(float const*, HIP_vector_type<float, 2u> const*, float*, int) [clone .kd]",4,1,615,150034,150034,6144,256,512,0,20,0,32,64,"0x0","0x78a506387cc0",7173388007958,7173540895913,7173540925691,7173540928928,29778
617,"void dequantize_block_q4_0<__half>(void const*, __half*, int) [clone .kd]",4,1,616,150034,150034,229376,32,0,0,12,0,16,64,"0x0","0x78a5c96d2b80",7173388009865,7173540925691,7173540950432,7173540958869,24741
618,"void dequantize_block_q4_0<__half>(void const*, __half*, int) [clone .kd]",4,1,617,150034,150034,229376,32,0,0,12,0,16,64,"0x0","0x78a5c96d2b80",7173388011605,7173540950432,7173540980506,7173540983953,30074
619,"void flash_attn_tile<256, 256, 4, 2, false>(char const*, char const*, char const*, char const*, char const*, int const*, float*, HIP_vector_type<float, 2u>*, float, float, float, float, unsigned int, float, int, HIP_vector_type<unsigned int, 3u>, int, int, int, int, int, int, int, int, int, int, int, long, int, int, long, int, int, int, int, int, long) [clone .kd]",4,1,618,150034,150034,28416,256,22528,1104,128,0,64,64,"0x0","0x78a506387e00",7173388014034,7173541203320,7173541928208,7173541942173,724888
620,"void flash_attn_combine_results<256>(float const*, HIP_vector_type<float, 2u> const*, float*, int) [clone .kd]",4,1,619,150034,150034,6144,256,512,0,20,0,32,64,"0x0","0x78a506387cc0",7173388015778,7173541928208,7173541951023,7173541954759,22815
621,"void dequantize_block_q4_0<__half>(void const*, __half*, int) [clone .kd]",4,1,620,150034,150034,229376,32,0,0,12,0,16,64,"0x0","0x78a5c96d2b80",7173388017575,7173541951023,7173541975763,7173541979434,24740
622,"void dequantize_block_q4_0<__half>(void const*, __half*, int) [clone .kd]",4,1,621,150034,150034,229376,32,0,0,12,0,16,64,"0x0","0x78a5c96d2b80",7173388019138,7173541975763,7173542000652,7173542003900,24889
623,"void flash_attn_tile<256, 256, 4, 6, false>(char const*, char const*, char const*, char const*, char const*, int const*, float*, HIP_vector_type<float, 2u>*, float, float, float, float, unsigned int, float, int, HIP_vector_type<unsigned int, 3u>, int, int, int, int, int, int, int, int, int, int, int, long, int, int, long, int, int, int, int, int, long) [clone .kd]",4,1,622,150034,150034,21504,384,32768,1432,128,0,48,64,"0x0","0x78a506387e80",7173388021527,7173542223763,7173542773688,7173542787167,549925
624,"void flash_attn_combine_results<256>(float const*, HIP_vector_type<float, 2u> const*, float*, int) [clone .kd]",4,1,623,150034,150034,6144,256,512,0,20,0,32,64,"0x0","0x78a506387cc0",7173388023236,7173542793095,7173542821984,7173542825130,28889
625,"void dequantize_block_q4_0<__half>(void const*, __half*, int) [clone .kd]",4,1,624,150034,150034,229376,32,0,0,12,0,16,64,"0x0","0x78a5c96d2b80",7173388025155,7173542821984,7173542846873,7173542850118,24889
626,"void dequantize_block_q4_0<__half>(void const*, __half*, int) [clone .kd]",4,1,625,150034,150034,229376,32,0,0,12,0,16,64,"0x0","0x78a5c96d2b80",7173388026941,7173542846873,7173542872058,7173542875898,25185
627,"void flash_attn_tile<256, 256, 4, 2, false>(char const*, char const*, char const*, char const*, char const*, int const*, float*, HIP_vector_type<float, 2u>*, float, float, float, float, unsigned int, float, int, HIP_vector_type<unsigned int, 3u>, int, int, int, int, int, int, int, int, int, int, int, long, int, int, long, int, int, int, int, int, long) [clone .kd]",4,1,626,150034,150034,28416,256,22528,1104,128,0,64,64,"0x0","0x78a506387e00",7173388029353,7173543119761,7173543914279,7173543928289,794518
628,"void flash_attn_combine_results<256>(float const*, HIP_vector_type<float, 2u> const*, float*, int) [clone .kd]",4,1,627,150034,150034,6144,256,512,0,20,0,32,64,"0x0","0x78a506387cc0",7173388031175,7173543914279,7173543938871,7173543942308,24592
629,"void dequantize_block_q4_0<__half>(void const*, __half*, int) [clone .kd]",4,1,628,150034,150034,229376,32,0,0,12,0,16,64,"0x0","0x78a5c96d2b80",7173388033091,7173543938871,7173543966427,7173543969762,27556
630,"void dequantize_block_q4_0<__half>(void const*, __half*, int) [clone .kd]",4,1,629,150034,150034,229376,32,0,0,12,0,16,64,"0x0","0x78a5c96d2b80",7173388034858,7173543966427,7173543993834,7173543997653,27407
631,"void flash_attn_tile<256, 256, 4, 6, false>(char const*, char const*, char const*, char const*, char const*, int const*, float*, HIP_vector_type<float, 2u>*, float, float, float, float, unsigned int, float, int, HIP_vector_type<unsigned int, 3u>, int, int, int, int, int, int, int, int, int, int, int, long, int, int, long, int, int, int, int, int, long) [clone .kd]",4,1,630,150034,150034,21504,384,32768,1432,128,0,48,64,"0x0","0x78a506387e80",7173388037210,7173544242130,7173544845092,7173544858936,602962
632,"void flash_attn_combine_results<256>(float const*, HIP_vector_type<float, 2u> const*, float*, int) [clone .kd]",4,1,631,150034,150034,6144,256,512,0,20,0,32,64,"0x0","0x78a506387cc0",7173388038861,7173544872944,7173544905240,7173544908417,32296
633,"void dequantize_block_q4_0<__half>(void const*, __half*, int) [clone .kd]",4,1,632,150034,150034,229376,32,0,0,12,0,16,64,"0x0","0x78a5c96d2b80",7173388040598,7173544905240,7173544930425,7173544934020,25185
634,"void dequantize_block_q4_0<__half>(void const*, __half*, int) [clone .kd]",4,1,633,150034,150034,229376,32,0,0,12,0,16,64,"0x0","0x78a5c96d2b80",7173388042274,7173544930425,7173544963166,7173544966281,32741
635,"void flash_attn_tile<256, 256, 4, 2, false>(char const*, char const*, char const*, char const*, char const*, int const*, float*, HIP_vector_type<float, 2u>*, float, float, float, float, unsigned int, float, int, HIP_vector_type<unsigned int, 3u>, int, int, int, int, int, int, int, int, int, int, int, long, int, int, long, int, int, int, int, int, long) [clone .kd]",4,1,634,150034,150034,28416,256,22528,1104,128,0,64,64,"0x0","0x78a506387e00",7173388044882,7173545185832,7173545903164,7173545916434,717332
636,"void flash_attn_combine_results<256>(float const*, HIP_vector_type<float, 2u> const*, float*, int) [clone .kd]",4,1,635,150034,150034,6144,256,512,0,20,0,32,64,"0x0","0x78a506387cc0",7173388046794,7173545903164,7173545926423,7173545929899,23259
637,"void dequantize_block_q4_0<__half>(void const*, __half*, int) [clone .kd]",4,1,636,150034,150034,229376,32,0,0,12,0,16,64,"0x0","0x78a5c96d2b80",7173388048794,7173545926423,7173545951460,7173545954755,25037
638,"void dequantize_block_q4_0<__half>(void const*, __half*, int) [clone .kd]",4,1,637,150034,150034,229376,32,0,0,12,0,16,64,"0x0","0x78a5c96d2b80",7173388050530,7173545951460,7173545975905,7173545979057,24445
639,"void flash_attn_tile<256, 256, 4, 6, false>(char const*, char const*, char const*, char const*, char const*, int const*, float*, HIP_vector_type<float, 2u>*, float, float, float, float, unsigned int, float, int, HIP_vector_type<unsigned int, 3u>, int, int, int, int, int, int, int, int, int, int, int, long, int, int, long, int, int, int, int, int, long) [clone .kd]",4,1,638,150034,150034,21504,384,32768,1432,128,0,48,64,"0x0","0x78a506387e80",7173388052918,7173546199016,7173546749978,7173546762409,550962
640,"void flash_attn_combine_results<256>(float const*, HIP_vector_type<float, 2u> const*, float*, int) [clone .kd]",4,1,639,150034,150034,6144,256,512,0,20,0,32,64,"0x0","0x78a506387cc0",7173388054758,7173546766718,7173546795163,7173546798523,28445
641,"void dequantize_block_q4_0<__half>(void const*, __half*, int) [clone .kd]",4,1,640,150034,150034,229376,32,0,0,12,0,16,64,"0x0","0x78a5c96d2b80",7173388056754,7173546795163,7173546820052,7173546823294,24889
642,"void dequantize_block_q4_0<__half>(void const*, __half*, int) [clone .kd]",4,1,641,150034,150034,229376,32,0,0,12,0,16,64,"0x0","0x78a5c96d2b80",7173388058327,7173546820052,7173546844644,7173546847565,24592
643,"void flash_attn_tile<256, 256, 4, 2, false>(char const*, char const*, char const*, char const*, char const*, int const*, float*, HIP_vector_type<float, 2u>*, float, float, float, float, unsigned int, float, int, HIP_vector_type<unsigned int, 3u>, int, int, int, int, int, int, int, int, int, int, int, long, int, int, long, int, int, int, int, int, long) [clone .kd]",4,1,642,150034,150034,28416,256,22528,1104,128,0,64,64,"0x0","0x78a506387e00",7173388060589,7173547090125,7173547872642,7173547955360,782517
644,"void flash_attn_combine_results<256>(float const*, HIP_vector_type<float, 2u> const*, float*, int) [clone .kd]",4,1,643,150034,150034,6144,256,512,0,20,0,32,64,"0x0","0x78a506387cc0",7173388062410,7173547872642,7173547897235,7173547958101,24593
645,"void dequantize_block_q4_0<__half>(void const*, __half*, int) [clone .kd]",4,1,644,150034,150034,229376,32,0,0,12,0,16,64,"0x0","0x78a5c96d2b80",7173388064173,7173547897235,7173547925383,7173547938550,28148
646,"void dequantize_block_q4_0<__half>(void const*, __half*, int) [clone .kd]",4,1,645,150034,150034,229376,32,0,0,12,0,16,64,"0x0","0x78a5c96d2b80",7173388065923,7173547925383,7173547952346,7173547967691,26963
647,"void flash_attn_tile<256, 256, 4, 6, false>(char const*, char const*, char const*, char const*, char const*, int const*, float*, HIP_vector_type<float, 2u>*, float, float, float, float, unsigned int, float, int, HIP_vector_type<unsigned int, 3u>, int, int, int, int, int, int, int, int, int, int, int, long, int, int, long, int, int, int, int, int, long) [clone .kd]",4,1,646,150034,150034,21504,384,32768,1432,128,0,48,64,"0x0","0x78a506387e80",7173388068367,7173548200790,7173548806863,7173548865346,606073
648,"void flash_attn_combine_results<256>(float const*, HIP_vector_type<float, 2u> const*, float*, int) [clone .kd]",4,1,647,150034,150034,6144,256,512,0,20,0,32,64,"0x0","0x78a506387cc0",7173388070265,7173548894122,7173548923307,7173548926682,29185
649,"void dequantize_block_q4_0<__half>(void const*, __half*, int) [clone .kd]",4,1,648,150034,150034,229376,32,0,0,12,0,16,64,"0x0","0x78a5c96d2b80",7173388072146,7173548923307,7173548948641,7173548956843,25334
650,"void dequantize_block_q4_0<__half>(void const*, __half*, int) [clone .kd]",4,1,649,150034,150034,229376,32,0,0,12,0,16,64,"0x0","0x78a5c96d2b80",7173388073800,7173548948641,7173548978863,7173548982084,30222
651,"void flash_attn_tile<256, 256, 4, 2, false>(char const*, char const*, char const*, char const*, char const*, int const*, float*, HIP_vector_type<float, 2u>*, float, float, float, float, unsigned int, float, int, HIP_vector_type<unsigned int, 3u>, int, int, int, int, int, int, int, int, int, int, int, long, int, int, long, int, int, int, int, int, long) [clone .kd]",4,1,650,150034,150034,28416,256,22528,1104,128,0,64,64,"0x0","0x78a506387e00",7173388076090,7173549201677,7173549925676,7173549990912,723999
652,"void flash_attn_combine_results<256>(float const*, HIP_vector_type<float, 2u> const*, float*, int) [clone .kd]",4,1,651,150034,150034,6144,256,512,0,20,0,32,64,"0x0","0x78a506387cc0",7173388077806,7173549925676,7173549948787,7173549993461,23111
653,"void dequantize_block_q4_0<__half>(void const*, __half*, int) [clone .kd]",4,1,652,150034,150034,229376,32,0,0,12,0,16,64,"0x0","0x78a5c96d2b80",7173388079544,7173549948787,7173549973528,7173549979872,24741
654,"void dequantize_block_q4_0<__half>(void const*, __half*, int) [clone .kd]",4,1,653,150034,150034,229376,32,0,0,12,0,16,64,"0x0","0x78a5c96d2b80",7173388081103,7173549973528,7173549998120,7173550007268,24592
655,"void flash_attn_tile<256, 256, 4, 6, false>(char const*, char const*, char const*, char const*, char const*, int const*, float*, HIP_vector_type<float, 2u>*, float, float, float, float, unsigned int, float, int, HIP_vector_type<unsigned int, 3u>, int, int, int, int, int, int, int, int, int, int, int, long, int, int, long, int, int, int, int, int, long) [clone .kd]",4,1,654,150034,150034,21504,384,32768,1432,128,0,48,64,"0x0","0x78a506387e80",7173388083485,7173550221527,7173550774860,7173550845494,553333
656,"void flash_attn_combine_results<256>(float const*, HIP_vector_type<float, 2u> const*, float*, int) [clone .kd]",4,1,655,150034,150034,6144,256,512,0,20,0,32,64,"0x0","0x78a506387cc0",7173388085258,7173550907748,7173550948934,7173550952516,41186
657,"void dequantize_block_q4_0<__half>(void const*, __half*, int) [clone .kd]",4,1,656,150034,150034,229376,32,0,0,12,0,16,64,"0x0","0x78a5c96d2b80",7173388087318,7173550948934,7173550976637,7173550980060,27703
658,"void dequantize_block_q4_0<__half>(void const*, __half*, int) [clone .kd]",4,1,657,150034,150034,229376,32,0,0,12,0,16,64,"0x0","0x78a5c96d2b80",7173388089030,7173550976637,7173551003896,7173551007316,27259
659,"void flash_attn_tile<256, 256, 4, 2, false>(char const*, char const*, char const*, char const*, char const*, int const*, float*, HIP_vector_type<float, 2u>*, float, float, float, float, unsigned int, float, int, HIP_vector_type<unsigned int, 3u>, int, int, int, int, int, int, int, int, int, int, int, long, int, int, long, int, int, int, int, int, long) [clone .kd]",4,1,658,150034,150034,28416,256,22528,1104,128,0,64,64,"0x0","0x78a506387e00",7173388091379,7173551274859,7173552063006,7173552138546,788147
660,"void flash_attn_combine_results<256>(float const*, HIP_vector_type<float, 2u> const*, float*, int) [clone .kd]",4,1,659,150034,150034,6144,256,512,0,20,0,32,64,"0x0","0x78a506387cc0",7173388096169,7173552063006,7173552088339,7173552141027,25333
661,"void dequantize_block_q4_0<__half>(void const*, __half*, int) [clone .kd]",4,1,660,150034,150034,229376,32,0,0,12,0,16,64,"0x0","0x78a5c96d2b80",7173388098021,7173552088339,7173552115895,7173552128120,27556
662,"void dequantize_block_q4_0<__half>(void const*, __half*, int) [clone .kd]",4,1,661,150034,150034,229376,32,0,0,12,0,16,64,"0x0","0x78a5c96d2b80",7173388099599,7173552115895,7173552143154,7173552149736,27259
663,"void flash_attn_tile<256, 256, 4, 6, false>(char const*, char const*, char const*, char const*, char const*, int const*, float*, HIP_vector_type<float, 2u>*, float, float, float, float, unsigned int, float, int, HIP_vector_type<unsigned int, 3u>, int, int, int, int, int, int, int, int, int, int, int, long, int, int, long, int, int, int, int, int, long) [clone .kd]",4,1,662,150034,150034,21504,384,32768,1432,128,0,48,64,"0x0","0x78a506387e80",7173388101842,7173552391450,7173553002263,7173553058628,610813
664,"void flash_attn_combine_results<256>(float const*, HIP_vector_type<float, 2u> const*, float*, int) [clone .kd]",4,1,663,150034,150034,6144,256,512,0,20,0,32,64,"0x0","0x78a506387cc0",7173388103619,7173553074708,7173553103300,7173553106539,28592
665,"void dequantize_block_q4_0<__half>(void const*, __half*, int) [clone .kd]",4,1,664,150034,150034,229376,32,0,0,12,0,16,64,"0x0","0x78a5c96d2b80",7173388105515,7173553103300,7173553128189,7173553131526,24889
666,"void dequantize_block_q4_0<__half>(void const*, __half*, int) [clone .kd]",4,1,665,150034,150034,229376,32,0,0,12,0,16,64,"0x0","0x78a5c96d2b80",7173388107062,7173553128189,7173553152782,7173553156050,24593
667,"void flash_attn_tile<256, 256, 4, 2, false>(char const*, char const*, char const*, char const*, char const*, int const*, float*, HIP_vector_type<float, 2u>*, float, float, float, float, unsigned int, float, int, HIP_vector_type<unsigned int, 3u>, int, int, int, int, int, int, int, int, int, int, int, long, int, int, long, int, int, int, int, int, long) [clone .kd]",4,1,666,150034,150034,28416,256,22528,1104,128,0,64,64,"0x0","0x78a506387e00",7173388109531,7173553375300,7173554090262,7173554108944,714962
668,"void flash_attn_combine_results<256>(float const*, HIP_vector_type<float, 2u> const*, float*, int) [clone .kd]",4,1,667,150034,150034,6144,256,512,0,20,0,32,64,"0x0","0x78a506387cc0",7173388111375,7173554090262,7173554112928,7173554125597,22666
669,"void dequantize_block_q4_0<__half>(void const*, __half*, int) [clone .kd]",4,1,668,150034,150034,229376,32,0,0,12,0,16,64,"0x0","0x78a5c96d2b80",7173388113286,7173554112928,7173554137669,7173554141001,24741
670,"void dequantize_block_q4_0<__half>(void const*, __half*, int) [clone .kd]",4,1,669,150034,150034,229376,32,0,0,12,0,16,64,"0x0","0x78a5c96d2b80",7173388114967,7173554137669,7173554162410,7173554165414,24741
671,"void flash_attn_tile<256, 256, 4, 6, false>(char const*, char const*, char const*, char const*, char const*, int const*, float*, HIP_vector_type<float, 2u>*, float, float, float, float, unsigned int, float, int, HIP_vector_type<unsigned int, 3u>, int, int, int, int, int, int, int, int, int, int, int, long, int, int, long, int, int, int, int, int, long) [clone .kd]",4,1,670,150034,150034,21504,384,32768,1432,128,0,48,64,"0x0","0x78a506387e80",7173388117364,7173554385520,7173554944631,7173555006912,559111
672,"void flash_attn_combine_results<256>(float const*, HIP_vector_type<float, 2u> const*, float*, int) [clone .kd]",4,1,671,150034,150034,6144,256,512,0,20,0,32,64,"0x0","0x78a506387cc0",7173388119216,7173555027742,7173555059001,7173555062325,31259
673,"void dequantize_block_q4_0<__half>(void const*, __half*, int) [clone .kd]",4,1,672,150034,150034,229376,32,0,0,12,0,16,64,"0x0","0x78a5c96d2b80",7173388121030,7173555059001,7173555087001,7173555090422,28000
674,"void dequantize_block_q4_0<__half>(void const*, __half*, int) [clone .kd]",4,1,673,150034,150034,229376,32,0,0,12,0,16,64,"0x0","0x78a5c96d2b80",7173388122595,7173555087001,7173555114112,7173555117386,27111
675,"void flash_attn_tile<256, 256, 4, 2, false>(char const*, char const*, char const*, char const*, char const*, int const*, float*, HIP_vector_type<float, 2u>*, float, float, float, float, unsigned int, float, int, HIP_vector_type<unsigned int, 3u>, int, int, int, int, int, int, int, int, int, int, int, long, int, int, long, int, int, int, int, int, long) [clone .kd]",4,1,674,150034,150034,28416,256,22528,1104,128,0,64,64,"0x0","0x78a506387e00",7173388124741,7173555361667,7173556151443,7173556217620,789776
676,"void flash_attn_combine_results<256>(float const*, HIP_vector_type<float, 2u> const*, float*, int) [clone .kd]",4,1,675,150034,150034,6144,256,512,0,20,0,32,64,"0x0","0x78a506387cc0",7173388126441,7173556151443,7173556176332,7173556205549,24889
677,"void dequantize_block_q4_0<__half>(void const*, __half*, int) [clone .kd]",4,1,676,150034,150034,229376,32,0,0,12,0,16,64,"0x0","0x78a5c96d2b80",7173388128164,7173556176332,7173556204332,7173556227408,28000
678,"void dequantize_block_q4_0<__half>(void const*, __half*, int) [clone .kd]",4,1,677,150034,150034,229376,32,0,0,12,0,16,64,"0x0","0x78a5c96d2b80",7173388129942,7173556204332,7173556231591,7173556235261,27259
679,"void flash_attn_tile<256, 256, 4, 6, false>(char const*, char const*, char const*, char const*, char const*, int const*, float*, HIP_vector_type<float, 2u>*, float, float, float, float, unsigned int, float, int, HIP_vector_type<unsigned int, 3u>, int, int, int, int, int, int, int, int, int, int, int, long, int, int, long, int, int, int, int, int, long) [clone .kd]",4,1,678,150034,150034,21504,384,32768,1432,128,0,48,64,"0x0","0x78a506387e80",7173388132339,7173556479887,7173557081220,7173557096254,601333
680,"void flash_attn_combine_results<256>(float const*, HIP_vector_type<float, 2u> const*, float*, int) [clone .kd]",4,1,679,150034,150034,6144,256,512,0,20,0,32,64,"0x0","0x78a506387cc0",7173388134137,7173557151886,7173557180775,7173557183748,28889
681,"void dequantize_block_q4_0<__half>(void const*, __half*, int) [clone .kd]",4,1,680,150034,150034,229376,32,0,0,12,0,16,64,"0x0","0x78a5c96d2b80",7173388136021,7173557180775,7173557205664,7173557208801,24889
682,"void dequantize_block_q4_0<__half>(void const*, __half*, int) [clone .kd]",4,1,681,150034,150034,229376,32,0,0,12,0,16,64,"0x0","0x78a5c96d2b80",7173388137689,7173557205664,7173557230256,7173557233701,24592
683,"void flash_attn_tile<256, 256, 4, 2, false>(char const*, char const*, char const*, char const*, char const*, int const*, float*, HIP_vector_type<float, 2u>*, float, float, float, float, unsigned int, float, int, HIP_vector_type<unsigned int, 3u>, int, int, int, int, int, int, int, int, int, int, int, long, int, int, long, int, int, int, int, int, long) [clone .kd]",4,1,682,150034,150034,28416,256,22528,1104,128,0,64,64,"0x0","0x78a506387e00",7173388139944,7173557453367,7173558174403,7173558186867,721036
684,"void flash_attn_combine_results<256>(float const*, HIP_vector_type<float, 2u> const*, float*, int) [clone .kd]",4,1,683,150034,150034,6144,256,512,0,20,0,32,64,"0x0","0x78a506387cc0",7173388141748,7173558174403,7173558197366,7173558200977,22963
685,"void dequantize_block_q4_0<__half>(void const*, __half*, int) [clone .kd]",4,1,684,150034,150034,229376,32,0,0,12,0,16,64,"0x0","0x78a5c96d2b80",7173388143548,7173558197366,7173558222255,7173558225383,24889
686,"void dequantize_block_q4_0<__half>(void const*, __half*, int) [clone .kd]",4,1,685,150034,150034,229376,32,0,0,12,0,16,64,"0x0","0x78a5c96d2b80",7173388145094,7173558222255,7173558246699,7173558250157,24444
687,"void flash_attn_tile<256, 256, 4, 6, false>(char const*, char const*, char const*, char const*, char const*, int const*, float*, HIP_vector_type<float, 2u>*, float, float, float, float, unsigned int, float, int, HIP_vector_type<unsigned int, 3u>, int, int, int, int, int, int, int, int, int, int, int, long, int, int, long, int, int, int, int, int, long) [clone .kd]",4,1,686,150034,150034,21504,384,32768,1432,128,0,48,64,"0x0","0x78a506387e80",7173388147312,7173558470254,7173559016476,7173559028808,546222
688,"void flash_attn_combine_results<256>(float const*, HIP_vector_type<float, 2u> const*, float*, int) [clone .kd]",4,1,687,150034,150034,6144,256,512,0,20,0,32,64,"0x0","0x78a506387cc0",7173388149116,7173559038846,7173559067438,7173559070615,28592
689,"void dequantize_block_q4_0<__half>(void const*, __half*, int) [clone .kd]",4,1,688,150034,150034,229376,32,0,0,12,0,16,64,"0x0","0x78a5c96d2b80",7173388151036,7173559067438,7173559092179,7173559095279,24741
690,"void dequantize_block_q4_0<__half>(void const*, __half*, int) [clone .kd]",4,1,689,150034,150034,229376,32,0,0,12,0,16,64,"0x0","0x78a5c96d2b80",7173388152826,7173559092179,7173559116624,7173559119853,24445
691,"void flash_attn_tile<256, 256, 4, 2, false>(char const*, char const*, char const*, char const*, char const*, int const*, float*, HIP_vector_type<float, 2u>*, float, float, float, float, unsigned int, float, int, HIP_vector_type<unsigned int, 3u>, int, int, int, int, int, int, int, int, int, int, int, long, int, int, long, int, int, int, int, int, long) [clone .kd]",4,1,690,150034,150034,28416,256,22528,1104,128,0,64,64,"0x0","0x78a506387e00",7173388155226,7173559339438,7173560057807,7173560073152,718369
692,"void flash_attn_combine_results<256>(float const*, HIP_vector_type<float, 2u> const*, float*, int) [clone .kd]",4,1,691,150034,150034,6144,256,512,0,20,0,32,64,"0x0","0x78a506387cc0",7173388157039,7173560057807,7173560080622,7173560084238,22815
693,"void dequantize_block_q4_0<__half>(void const*, __half*, int) [clone .kd]",4,1,692,150034,150034,229376,32,0,0,12,0,16,64,"0x0","0x78a5c96d2b80",7173388158910,7173560080622,7173560105659,7173560108872,25037
694,"void dequantize_block_q4_0<__half>(void const*, __half*, int) [clone .kd]",4,1,693,150034,150034,229376,32,0,0,12,0,16,64,"0x0","0x78a5c96d2b80",7173388160549,7173560105659,7173560130400,7173560133771,24741
695,"void flash_attn_tile<256, 256, 4, 6, false>(char const*, char const*, char const*, char const*, char const*, int const*, float*, HIP_vector_type<float, 2u>*, float, float, float, float, unsigned int, float, int, HIP_vector_type<unsigned int, 3u>, int, int, int, int, int, int, int, int, int, int, int, long, int, int, long, int, int, int, int, int, long) [clone .kd]",4,1,694,150034,150034,21504,384,32768,1432,128,0,48,64,"0x0","0x78a506387e80",7173388162875,7173560353659,7173560900621,7173560913837,546962
696,"void flash_attn_combine_results<256>(float const*, HIP_vector_type<float, 2u> const*, float*, int) [clone .kd]",4,1,695,150034,150034,6144,256,512,0,20,0,32,64,"0x0","0x78a506387cc0",7173388164518,7173560922398,7173560950843,7173560953975,28445
697,"void dequantize_block_q4_0<__half>(void const*, __half*, int) [clone .kd]",4,1,696,150034,150034,229376,32,0,0,12,0,16,64,"0x0","0x78a5c96d2b80",7173388166219,7173560950843,7173560975583,7173560978698,24740
698,"void dequantize_block_q4_0<__half>(void const*, __half*, int) [clone .kd]",4,1,697,150034,150034,229376,32,0,0,12,0,16,64,"0x0","0x78a5c96d2b80",7173388167735,7173560975583,7173561000028,7173561003158,24445
699,"void flash_attn_tile<256, 256, 4, 2, false>(char const*, char const*, char const*, char const*, char const*, int const*, float*, HIP_vector_type<float, 2u>*, float, float, float, float, unsigned int, float, int, HIP_vector_type<unsigned int, 3u>, int, int, int, int, int, int, int, int, int, int, int, long, int, int, long, int, int, int, int, int, long) [clone .kd]",4,1,698,150034,150034,28416,256,22528,1104,128,0,64,64,"0x0","0x78a506387e00",7173388169989,7173561222694,7173561956323,7173561967914,733629
700,"void flash_attn_combine_results<256>(float const*, HIP_vector_type<float, 2u> const*, float*, int) [clone .kd]",4,1,699,150034,150034,6144,256,512,0,20,0,32,64,"0x0","0x78a506387cc0",7173388171714,7173561956323,7173561980619,7173561984236,24296
701,"void dequantize_block_q4_0<__half>(void const*, __half*, int) [clone .kd]",4,1,700,150034,150034,229376,32,0,0,12,0,16,64,"0x0","0x78a5c96d2b80",7173388173711,7173561980619,7173562008174,7173562078559,27555
702,"void dequantize_block_q4_0<__half>(void const*, __half*, int) [clone .kd]",4,1,701,150034,150034,229376,32,0,0,12,0,16,64,"0x0","0x78a5c96d2b80",7173388175373,7173562008174,7173562035285,7173562065032,27111
703,"void flash_attn_tile<256, 256, 4, 6, false>(char const*, char const*, char const*, char const*, char const*, int const*, float*, HIP_vector_type<float, 2u>*, float, float, float, float, unsigned int, float, int, HIP_vector_type<unsigned int, 3u>, int, int, int, int, int, int, int, int, int, int, int, long, int, int, long, int, int, int, int, int, long) [clone .kd]",4,1,702,150034,150034,21504,384,32768,1432,128,0,48,64,"0x0","0x78a506387e80",7173388177817,7173562283137,7173562885951,7173562943267,602814
704,"void flash_attn_combine_results<256>(float const*, HIP_vector_type<float, 2u> const*, float*, int) [clone .kd]",4,1,703,150034,150034,6144,256,512,0,20,0,32,64,"0x0","0x78a506387cc0",7173388179665,7173562976765,7173563008173,7173563011620,31408
705,"void dequantize_block_q4_0<__half>(void const*, __half*, int) [clone .kd]",4,1,704,150034,150034,229376,32,0,0,12,0,16,64,"0x0","0x78a5c96d2b80",7173388181768,7173563008173,7173563035728,7173563039238,27555
706,"void dequantize_block_q4_0<__half>(void const*, __half*, int) [clone .kd]",4,1,705,150034,150034,229376,32,0,0,12,0,16,64,"0x0","0x78a5c96d2b80",7173388183429,7173563035728,7173563063136,7173563066525,27408
707,"void flash_attn_tile<256, 256, 4, 2, false>(char const*, char const*, char const*, char const*, char const*, int const*, float*, HIP_vector_type<float, 2u>*, float, float, float, float, unsigned int, float, int, HIP_vector_type<unsigned int, 3u>, int, int, int, int, int, int, int, int, int, int, int, long, int, int, long, int, int, int, int, int, long) [clone .kd]",4,1,706,150034,150034,28416,256,22528,1104,128,0,64,64,"0x0","0x78a506387e00",7173388185743,7173563311135,7173564103875,7173564171548,792740
708,"void flash_attn_combine_results<256>(float const*, HIP_vector_type<float, 2u> const*, float*, int) [clone .kd]",4,1,707,150034,150034,6144,256,512,0,20,0,32,64,"0x0","0x78a506387cc0",7173388187495,7173564103875,7173564126393,7173564174184,22518
709,"void dequantize_block_q4_0<__half>(void const*, __half*, int) [clone .kd]",4,1,708,150034,150034,229376,32,0,0,12,0,16,64,"0x0","0x78a5c96d2b80",7173388189237,7173564126393,7173564151430,7173564161370,25037
710,"void dequantize_block_q4_0<__half>(void const*, __half*, int) [clone .kd]",4,1,709,150034,150034,229376,32,0,0,12,0,16,64,"0x0","0x78a5c96d2b80",7173388190819,7173564151430,7173564176023,7173564180474,24593
711,"void flash_attn_tile<256, 256, 4, 6, false>(char const*, char const*, char const*, char const*, char const*, int const*, float*, HIP_vector_type<float, 2u>*, float, float, float, float, unsigned int, float, int, HIP_vector_type<unsigned int, 3u>, int, int, int, int, int, int, int, int, int, int, int, long, int, int, long, int, int, int, int, int, long) [clone .kd]",4,1,710,150034,150034,21504,384,32768,1432,128,0,48,64,"0x0","0x78a506387e80",7173388193166,7173564399281,7173564947132,7173565011876,547851
712,"void flash_attn_combine_results<256>(float const*, HIP_vector_type<float, 2u> const*, float*, int) [clone .kd]",4,1,711,150034,150034,6144,256,512,0,20,0,32,64,"0x0","0x78a506387cc0",7173388194883,7173565023873,7173565052317,7173565055471,28444
713,"void dequantize_block_q4_0<__half>(void const*, __half*, int) [clone .kd]",4,1,712,150034,150034,229376,32,0,0,12,0,16,64,"0x0","0x78a5c96d2b80",7173388196850,7173565052317,7173565077206,7173565080352,24889
714,"void dequantize_block_q4_0<__half>(void const*, __half*, int) [clone .kd]",4,1,713,150034,150034,229376,32,0,0,12,0,16,64,"0x0","0x78a5c96d2b80",7173388198514,7173565077206,7173565102243,7173565105363,25037
715,"void flash_attn_tile<256, 256, 4, 2, false>(char const*, char const*, char const*, char const*, char const*, int const*, float*, HIP_vector_type<float, 2u>*, float, float, float, float, unsigned int, float, int, HIP_vector_type<unsigned int, 3u>, int, int, int, int, int, int, int, int, int, int, int, long, int, int, long, int, int, int, int, int, long) [clone .kd]",4,1,714,150034,150034,28416,256,22528,1104,128,0,64,64,"0x0","0x78a506387e00",7173388200881,7173565325058,7173566070686,7173566157178,745628
716,"void flash_attn_combine_results<256>(float const*, HIP_vector_type<float, 2u> const*, float*, int) [clone .kd]",4,1,715,150034,150034,6144,256,512,0,20,0,32,64,"0x0","0x78a506387cc0",7173388202656,7173566070686,7173566095279,7173566159702,24593
717,"void dequantize_block_q4_0<__half>(void const*, __half*, int) [clone .kd]",4,1,716,150034,150034,229376,32,0,0,12,0,16,64,"0x0","0x78a5c96d2b80",7173388204506,7173566095279,7173566122982,7173566146960,27703
718,"void dequantize_block_q4_0<__half>(void const*, __half*, int) [clone .kd]",4,1,717,150034,150034,229376,32,0,0,12,0,16,64,"0x0","0x78a5c96d2b80",7173388206189,7173566122982,7173566150241,7173566165679,27259
719,"void flash_attn_tile<256, 256, 4, 6, false>(char const*, char const*, char const*, char const*, char const*, int const*, float*, HIP_vector_type<float, 2u>*, float, float, float, float, unsigned int, float, int, HIP_vector_type<unsigned int, 3u>, int, int, int, int, int, int, int, int, int, int, int, long, int, int, long, int, int, int, int, int, long) [clone .kd]",4,1,718,150034,150034,21504,384,32768,1432,128,0,48,64,"0x0","0x78a506387e80",7173388208512,7173566398537,7173566998684,7173567055898,600147
720,"void flash_attn_combine_results<256>(float const*, HIP_vector_type<float, 2u> const*, float*, int) [clone .kd]",4,1,719,150034,150034,6144,256,512,0,20,0,32,64,"0x0","0x78a506387cc0",7173388213499,7173567093499,7173567126240,7173567129630,32741
721,"void dequantize_block_q4_0<__half>(void const*, __half*, int) [clone .kd]",4,1,720,150034,150034,229376,32,0,0,12,0,16,64,"0x0","0x78a5c96d2b80",7173388215378,7173567126240,7173567154092,7173567157372,27852
722,"void dequantize_block_q4_0<__half>(void const*, __half*, int) [clone .kd]",4,1,721,150034,150034,229376,32,0,0,12,0,16,64,"0x0","0x78a5c96d2b80",7173388217110,7173567154092,7173567181351,7173567184675,27259
723,"void flash_attn_tile<256, 256, 4, 2, false>(char const*, char const*, char const*, char const*, char const*, int const*, float*, HIP_vector_type<float, 2u>*, float, float, float, float, unsigned int, float, int, HIP_vector_type<unsigned int, 3u>, int, int, int, int, int, int, int, int, int, int, int, long, int, int, long, int, int, int, int, int, long) [clone .kd]",4,1,722,150034,150034,28416,256,22528,1104,128,0,64,64,"0x0","0x78a506387e00",7173388219441,7173567429202,7173568209053,7173568275405,779851
724,"void flash_attn_combine_results<256>(float const*, HIP_vector_type<float, 2u> const*, float*, int) [clone .kd]",4,1,723,150034,150034,6144,256,512,0,20,0,32,64,"0x0","0x78a506387cc0",7173388221436,7173568209053,7173568231423,7173568278450,22370
725,"void dequantize_block_q4_0<__half>(void const*, __half*, int) [clone .kd]",4,1,724,150034,150034,229376,32,0,0,12,0,16,64,"0x0","0x78a5c96d2b80",7173388223307,7173568231423,7173568256312,7173568264884,24889
726,"void dequantize_block_q4_0<__half>(void const*, __half*, int) [clone .kd]",4,1,725,150034,150034,229376,32,0,0,12,0,16,64,"0x0","0x78a5c96d2b80",7173388224991,7173568256312,7173568281349,7173568285134,25037
727,"void flash_attn_tile<256, 256, 4, 6, false>(char const*, char const*, char const*, char const*, char const*, int const*, float*, HIP_vector_type<float, 2u>*, float, float, float, float, unsigned int, float, int, HIP_vector_type<unsigned int, 3u>, int, int, int, int, int, int, int, int, int, int, int, long, int, int, long, int, int, int, int, int, long) [clone .kd]",4,1,726,150034,150034,21504,384,32768,1432,128,0,48,64,"0x0","0x78a506387e80",7173388227338,7173568504608,7173569048755,7173569060333,544147
728,"void flash_attn_combine_results<256>(float const*, HIP_vector_type<float, 2u> const*, float*, int) [clone .kd]",4,1,727,150034,150034,6144,256,512,0,20,0,32,64,"0x0","0x78a506387cc0",7173388229149,7173569063422,7173569090237,7173569093188,26815
729,"void dequantize_block_q4_0<__half>(void const*, __half*, int) [clone .kd]",4,1,728,150034,150034,229376,32,0,0,12,0,16,64,"0x0","0x78a5c96d2b80",7173388231209,7173569090237,7173569113940,7173569116842,23703
730,"void dequantize_block_q4_0<__half>(void const*, __half*, int) [clone .kd]",4,1,729,150034,150034,229376,32,0,0,12,0,16,64,"0x0","0x78a5c96d2b80",7173388232887,7173569113940,7173569137199,7173569140141,23259
731,"void flash_attn_tile<256, 256, 4, 2, false>(char const*, char const*, char const*, char const*, char const*, int const*, float*, HIP_vector_type<float, 2u>*, float, float, float, float, unsigned int, float, int, HIP_vector_type<unsigned int, 3u>, int, int, int, int, int, int, int, int, int, int, int, long, int, int, long, int, int, int, int, int, long) [clone .kd]",4,1,730,150034,150034,28416,256,22528,1104,128,0,64,64,"0x0","0x78a506387e00",7173388235089,7173569346829,7173570053346,7173570116839,706517
732,"void flash_attn_combine_results<256>(float const*, HIP_vector_type<float, 2u> const*, float*, int) [clone .kd]",4,1,731,150034,150034,6144,256,512,0,20,0,32,64,"0x0","0x78a506387cc0",7173388236765,7173570053346,7173570076309,7173570119342,22963
733,"void dequantize_block_q4_0<__half>(void const*, __half*, int) [clone .kd]",4,1,732,150034,150034,229376,32,0,0,12,0,16,64,"0x0","0x78a5c96d2b80",7173388238574,7173570076309,7173570101346,7173570106467,25037
734,"void dequantize_block_q4_0<__half>(void const*, __half*, int) [clone .kd]",4,1,733,150034,150034,229376,32,0,0,12,0,16,64,"0x0","0x78a5c96d2b80",7173388240278,7173570101346,7173570126383,7173570129272,25037
735,"void flash_attn_tile<256, 256, 4, 6, false>(char const*, char const*, char const*, char const*, char const*, int const*, float*, HIP_vector_type<float, 2u>*, float, float, float, float, unsigned int, float, int, HIP_vector_type<unsigned int, 3u>, int, int, int, int, int, int, int, int, int, int, int, long, int, int, long, int, int, int, int, int, long) [clone .kd]",4,1,734,150034,150034,21504,384,32768,1432,128,0,48,64,"0x0","0x78a506387e80",7173388242570,7173570349494,7173570901789,7173570951806,552295
736,"void flash_attn_combine_results<256>(float const*, HIP_vector_type<float, 2u> const*, float*, int) [clone .kd]",4,1,735,150034,150034,6144,256,512,0,20,0,32,64,"0x0","0x78a506387cc0",7173388244524,7173570975122,7173571004900,7173571008314,29778
737,"void dequantize_block_q4_0<__half>(void const*, __half*, int) [clone .kd]",4,1,736,150034,150034,229376,32,0,0,12,0,16,64,"0x0","0x78a5c96d2b80",7173388246461,7173571004900,7173571030085,7173571033256,25185
738,"void dequantize_block_q4_0<__half>(void const*, __half*, int) [clone .kd]",4,1,737,150034,150034,229376,32,0,0,12,0,16,64,"0x0","0x78a5c96d2b80",7173388248175,7173571030085,7173571054678,7173571057754,24593
739,"void flash_attn_tile<256, 256, 4, 2, false>(char const*, char const*, char const*, char const*, char const*, int const*, float*, HIP_vector_type<float, 2u>*, float, float, float, float, unsigned int, float, int, HIP_vector_type<unsigned int, 3u>, int, int, int, int, int, int, int, int, int, int, int, long, int, int, long, int, int, int, int, int, long) [clone .kd]",4,1,738,150034,150034,28416,256,22528,1104,128,0,64,64,"0x0","0x78a506387e00",7173388250459,7173571277344,7173572022232,7173572096278,744888
740,"void flash_attn_combine_results<256>(float const*, HIP_vector_type<float, 2u> const*, float*, int) [clone .kd]",4,1,739,150034,150034,6144,256,512,0,20,0,32,64,"0x0","0x78a506387cc0",7173388252358,7173572022232,7173572047121,7173572099042,24889
741,"void dequantize_block_q4_0<__half>(void const*, __half*, int) [clone .kd]",4,1,740,150034,150034,229376,32,0,0,12,0,16,64,"0x0","0x78a5c96d2b80",7173388254208,7173572047121,7173572074824,7173572082809,27703
742,"void dequantize_block_q4_0<__half>(void const*, __half*, int) [clone .kd]",4,1,741,150034,150034,229376,32,0,0,12,0,16,64,"0x0","0x78a5c96d2b80",7173388255861,7173572074824,7173572101935,7173572105355,27111
743,"void flash_attn_tile<256, 256, 4, 6, false>(char const*, char const*, char const*, char const*, char const*, int const*, float*, HIP_vector_type<float, 2u>*, float, float, float, float, unsigned int, float, int, HIP_vector_type<unsigned int, 3u>, int, int, int, int, int, int, int, int, int, int, int, long, int, int, long, int, int, int, int, int, long) [clone .kd]",4,1,742,150034,150034,21504,384,32768,1432,128,0,48,64,"0x0","0x78a506387e80",7173388258242,7173572350083,7173572950971,7173573011562,600888
744,"void flash_attn_combine_results<256>(float const*, HIP_vector_type<float, 2u> const*, float*, int) [clone .kd]",4,1,743,150034,150034,6144,256,512,0,20,0,32,64,"0x0","0x78a506387cc0",7173388259930,7173573043860,7173573075711,7173573079108,31851
745,"void dequantize_block_q4_0<__half>(void const*, __half*, int) [clone .kd]",4,1,744,150034,150034,229376,32,0,0,12,0,16,64,"0x0","0x78a5c96d2b80",7173388261636,7173573075711,7173573103711,7173573107111,28000
746,"void dequantize_block_q4_0<__half>(void const*, __half*, int) [clone .kd]",4,1,745,150034,150034,229376,32,0,0,12,0,16,64,"0x0","0x78a5c96d2b80",7173388263163,7173573103711,7173573131119,7173573134385,27408
747,"void flash_attn_tile<256, 256, 4, 2, false>(char const*, char const*, char const*, char const*, char const*, int const*, float*, HIP_vector_type<float, 2u>*, float, float, float, float, unsigned int, float, int, HIP_vector_type<unsigned int, 3u>, int, int, int, int, int, int, int, int, int, int, int, long, int, int, long, int, int, int, int, int, long) [clone .kd]",4,1,746,150034,150034,28416,256,22528,1104,128,0,64,64,"0x0","0x78a506387e00",7173388265451,7173573379118,7173574164598,7173574231815,785480
748,"void flash_attn_combine_results<256>(float const*, HIP_vector_type<float, 2u> const*, float*, int) [clone .kd]",4,1,747,150034,150034,6144,256,512,0,20,0,32,64,"0x0","0x78a506387cc0",7173388267432,7173574164598,7173574186672,7173574237982,22074
749,"void dequantize_block_q4_0<__half>(void const*, __half*, int) [clone .kd]",4,1,748,150034,150034,229376,32,0,0,12,0,16,64,"0x0","0x78a5c96d2b80",7173388269317,7173574186672,7173574211709,7173574221778,25037
750,"void dequantize_block_q4_0<__half>(void const*, __half*, int) [clone .kd]",4,1,749,150034,150034,229376,32,0,0,12,0,16,64,"0x0","0x78a5c96d2b80",7173388271030,7173574211709,7173574236302,7173574242766,24593
751,"void flash_attn_tile<256, 256, 4, 6, false>(char const*, char const*, char const*, char const*, char const*, int const*, float*, HIP_vector_type<float, 2u>*, float, float, float, float, unsigned int, float, int, HIP_vector_type<unsigned int, 3u>, int, int, int, int, int, int, int, int, int, int, int, long, int, int, long, int, int, int, int, int, long) [clone .kd]",4,1,750,150034,150034,21504,384,32768,1432,128,0,48,64,"0x0","0x78a506387e80",7173388273473,7173574459561,7173575006967,7173575063798,547406
752,"void flash_attn_combine_results<256>(float const*, HIP_vector_type<float, 2u> const*, float*, int) [clone .kd]",4,1,751,150034,150034,6144,256,512,0,20,0,32,64,"0x0","0x78a506387cc0",7173388275391,7173575084893,7173575114375,7173575117333,29482
753,"void dequantize_block_q4_0<__half>(void const*, __half*, int) [clone .kd]",4,1,752,150034,150034,229376,32,0,0,12,0,16,64,"0x0","0x78a5c96d2b80",7173388277371,7173575114375,7173575139560,7173575142578,25185
754,"void dequantize_block_q4_0<__half>(void const*, __half*, int) [clone .kd]",4,1,753,150034,150034,229376,32,0,0,12,0,16,64,"0x0","0x78a5c96d2b80",7173388279210,7173575139560,7173575164004,7173575167224,24444
755,"void flash_attn_tile<256, 256, 4, 2, false>(char const*, char const*, char const*, char const*, char const*, int const*, float*, HIP_vector_type<float, 2u>*, float, float, float, float, unsigned int, float, int, HIP_vector_type<unsigned int, 3u>, int, int, int, int, int, int, int, int, int, int, int, long, int, int, long, int, int, int, int, int, long) [clone .kd]",4,1,754,150034,150034,28416,256,22528,1104,128,0,64,64,"0x0","0x78a506387e00",7173388281624,7173575386819,7173576105484,7173576170841,718665
756,"void flash_attn_combine_results<256>(float const*, HIP_vector_type<float, 2u> const*, float*, int) [clone .kd]",4,1,755,150034,150034,6144,256,512,0,20,0,32,64,"0x0","0x78a506387cc0",7173388283268,7173576105484,7173576128891,7173576173427,23407
757,"void dequantize_block_q4_0<__half>(void const*, __half*, int) [clone .kd]",4,1,756,150034,150034,229376,32,0,0,12,0,16,64,"0x0","0x78a5c96d2b80",7173388285035,7173576128891,7173576154077,7173576160835,25186
758,"void dequantize_block_q4_0<__half>(void const*, __half*, int) [clone .kd]",4,1,757,150034,150034,229376,32,0,0,12,0,16,64,"0x0","0x78a5c96d2b80",7173388286584,7173576154077,7173576178521,7173576181796,24444
759,"void flash_attn_tile<256, 256, 4, 6, false>(char const*, char const*, char const*, char const*, char const*, int const*, float*, HIP_vector_type<float, 2u>*, float, float, float, float, unsigned int, float, int, HIP_vector_type<unsigned int, 3u>, int, int, int, int, int, int, int, int, int, int, int, long, int, int, long, int, int, int, int, int, long) [clone .kd]",4,1,758,150034,150034,21504,384,32768,1432,128,0,48,64,"0x0","0x78a506387e80",7173388288917,7173576401780,7173576951705,7173576961310,549925
760,"void flash_attn_combine_results<256>(float const*, HIP_vector_type<float, 2u> const*, float*, int) [clone .kd]",4,1,759,150034,150034,6144,256,512,0,20,0,32,64,"0x0","0x78a506387cc0",7173388290806,7173576972594,7173577001779,7173577004920,29185
761,"void dequantize_block_q4_0<__half>(void const*, __half*, int) [clone .kd]",4,1,760,150034,150034,229376,32,0,0,12,0,16,64,"0x0","0x78a5c96d2b80",7173388292698,7173577001779,7173577026668,7173577029922,24889
762,"void dequantize_block_q4_0<__half>(void const*, __half*, int) [clone .kd]",4,1,761,150034,150034,229376,32,0,0,12,0,16,64,"0x0","0x78a5c96d2b80",7173388294474,7173577026668,7173577051260,7173577054336,24592
763,"void flash_attn_tile<256, 256, 4, 2, false>(char const*, char const*, char const*, char const*, char const*, int const*, float*, HIP_vector_type<float, 2u>*, float, float, float, float, unsigned int, float, int, HIP_vector_type<unsigned int, 3u>, int, int, int, int, int, int, int, int, int, int, int, long, int, int, long, int, int, int, int, int, long) [clone .kd]",4,1,762,150034,150034,28416,256,22528,1104,128,0,64,64,"0x0","0x78a506387e00",7173388297063,7173577273927,7173577992740,7173578004074,718813
764,"void flash_attn_combine_results<256>(float const*, HIP_vector_type<float, 2u> const*, float*, int) [clone .kd]",4,1,763,150034,150034,6144,256,512,0,20,0,32,64,"0x0","0x78a506387cc0",7173388298907,7173577992740,7173578015703,7173578018950,22963
765,"void dequantize_block_q4_0<__half>(void const*, __half*, int) [clone .kd]",4,1,764,150034,150034,229376,32,0,0,12,0,16,64,"0x0","0x78a5c96d2b80",7173388300770,7173578015703,7173578040740,7173578045658,25037
766,"void dequantize_block_q4_0<__half>(void const*, __half*, int) [clone .kd]",4,1,765,150034,150034,229376,32,0,0,12,0,16,64,"0x0","0x78a5c96d2b80",7173388302510,7173578040740,7173578065481,7173578068555,24741
767,"void flash_attn_tile<256, 256, 4, 6, false>(char const*, char const*, char const*, char const*, char const*, int const*, float*, HIP_vector_type<float, 2u>*, float, float, float, float, unsigned int, float, int, HIP_vector_type<unsigned int, 3u>, int, int, int, int, int, int, int, int, int, int, int, long, int, int, long, int, int, int, int, int, long) [clone .kd]",4,1,766,150034,150034,21504,384,32768,1432,128,0,48,64,"0x0","0x78a506387e80",7173388304946,7173578288443,7173578836591,7173578846634,548148
768,"void flash_attn_combine_results<256>(float const*, HIP_vector_type<float, 2u> const*, float*, int) [clone .kd]",4,1,767,150034,150034,6144,256,512,0,20,0,32,64,"0x0","0x78a506387cc0",7173388306650,7173578856146,7173578884739,7173578887867,28593
769,"void dequantize_block_q4_0<__half>(void const*, __half*, int) [clone .kd]",4,1,768,150034,150034,229376,32,0,0,12,0,16,64,"0x0","0x78a5c96d2b80",7173388308617,7173578884739,7173578909776,7173578912939,25037
770,"void dequantize_block_q4_0<__half>(void const*, __half*, int) [clone .kd]",4,1,769,150034,150034,229376,32,0,0,12,0,16,64,"0x0","0x78a5c96d2b80",7173388310243,7173578909776,7173578934368,7173578937319,24592
771,"void flash_attn_tile<256, 256, 4, 2, false>(char const*, char const*, char const*, char const*, char const*, int const*, float*, HIP_vector_type<float, 2u>*, float, float, float, float, unsigned int, float, int, HIP_vector_type<unsigned int, 3u>, int, int, int, int, int, int, int, int, int, int, int, long, int, int, long, int, int, int, int, int, long) [clone .kd]",4,1,770,150034,150034,28416,256,22528,1104,128,0,64,64,"0x0","0x78a506387e00",7173388312614,7173579157035,7173579873182,7173579883312,716147
772,"void flash_attn_combine_results<256>(float const*, HIP_vector_type<float, 2u> const*, float*, int) [clone .kd]",4,1,771,150034,150034,6144,256,512,0,20,0,32,64,"0x0","0x78a506387cc0",7173388314325,7173579873182,7173579897478,7173579900713,24296
773,"void dequantize_block_q4_0<__half>(void const*, __half*, int) [clone .kd]",4,1,772,150034,150034,229376,32,0,0,12,0,16,64,"0x0","0x78a5c96d2b80",7173388316309,7173579897478,7173579935107,7173579938295,37629
774,"void dequantize_block_q4_0<__half>(void const*, __half*, int) [clone .kd]",4,1,773,150034,150034,229376,32,0,0,12,0,16,64,"0x0","0x78a5c96d2b80",7173388318087,7173579935107,7173579962218,7173579965419,27111
775,"void flash_attn_tile<256, 256, 4, 6, false>(char const*, char const*, char const*, char const*, char const*, int const*, float*, HIP_vector_type<float, 2u>*, float, float, float, float, unsigned int, float, int, HIP_vector_type<unsigned int, 3u>, int, int, int, int, int, int, int, int, int, int, int, long, int, int, long, int, int, int, int, int, long) [clone .kd]",4,1,774,150034,150034,21504,384,32768,1432,128,0,48,64,"0x0","0x78a506387e80",7173388320591,7173580210218,7173580812587,7173580822589,602369
776,"void flash_attn_combine_results<256>(float const*, HIP_vector_type<float, 2u> const*, float*, int) [clone .kd]",4,1,775,150034,150034,6144,256,512,0,20,0,32,64,"0x0","0x78a506387cc0",7173388322529,7173580840587,7173580873032,7173580876229,32445
777,"void dequantize_block_q4_0<__half>(void const*, __half*, int) [clone .kd]",4,1,776,150034,150034,229376,32,0,0,12,0,16,64,"0x0","0x78a5c96d2b80",7173388324455,7173580873032,7173580901032,7173580904250,28000
778,"void dequantize_block_q4_0<__half>(void const*, __half*, int) [clone .kd]",4,1,777,150034,150034,229376,32,0,0,12,0,16,64,"0x0","0x78a5c96d2b80",7173388326223,7173580901032,7173580928291,7173580931542,27259
779,"void flash_attn_tile<256, 256, 4, 2, false>(char const*, char const*, char const*, char const*, char const*, int const*, float*, HIP_vector_type<float, 2u>*, float, float, float, float, unsigned int, float, int, HIP_vector_type<unsigned int, 3u>, int, int, int, int, int, int, int, int, int, int, int, long, int, int, long, int, int, int, int, int, long) [clone .kd]",4,1,778,150034,150034,28416,256,22528,1104,128,0,64,64,"0x0","0x78a506387e00",7173388328553,7173581176142,7173581969326,7173581978778,793184
780,"void flash_attn_combine_results<256>(float const*, HIP_vector_type<float, 2u> const*, float*, int) [clone .kd]",4,1,779,150034,150034,6144,256,512,0,20,0,32,64,"0x0","0x78a506387cc0",7173388332327,7173581969326,7173581991993,7173582014053,22667
781,"void dequantize_block_q4_0<__half>(void const*, __half*, int) [clone .kd]",4,1,780,150034,150034,229376,32,0,0,12,0,16,64,"0x0","0x78a5c96d2b80",7173388334060,7173581991993,7173582016882,7173582019856,24889
782,"void dequantize_block_q4_0<__half>(void const*, __half*, int) [clone .kd]",4,1,781,150034,150034,229376,32,0,0,12,0,16,64,"0x0","0x78a5c96d2b80",7173388335691,7173582016882,7173582041178,7173582044322,24296
783,"void flash_attn_tile<256, 256, 4, 6, false>(char const*, char const*, char const*, char const*, char const*, int const*, float*, HIP_vector_type<float, 2u>*, float, float, float, float, unsigned int, float, int, HIP_vector_type<unsigned int, 3u>, int, int, int, int, int, int, int, int, int, int, int, long, int, int, long, int, int, int, int, int, long) [clone .kd]",4,1,782,150034,150034,21504,384,32768,1432,128,0,48,64,"0x0","0x78a506387e80",7173388338128,7173582264437,7173582811251,7173582820280,546814
784,"void flash_attn_combine_results<256>(float const*, HIP_vector_type<float, 2u> const*, float*, int) [clone .kd]",4,1,783,150034,150034,6144,256,512,0,20,0,32,64,"0x0","0x78a506387cc0",7173388339875,7173582834214,7173582861621,7173582864528,27407
785,"void dequantize_block_q4_0<__half>(void const*, __half*, int) [clone .kd]",4,1,784,150034,150034,229376,32,0,0,12,0,16,64,"0x0","0x78a5c96d2b80",7173388341860,7173582861621,7173582886510,7173582889619,24889
786,"void dequantize_block_q4_0<__half>(void const*, __half*, int) [clone .kd]",4,1,785,150034,150034,229376,32,0,0,12,0,16,64,"0x0","0x78a5c96d2b80",7173388343605,7173582886510,7173582911399,7173582914540,24889
787,"void flash_attn_tile<256, 256, 4, 2, false>(char const*, char const*, char const*, char const*, char const*, int const*, float*, HIP_vector_type<float, 2u>*, float, float, float, float, unsigned int, float, int, HIP_vector_type<unsigned int, 3u>, int, int, int, int, int, int, int, int, int, int, int, long, int, int, long, int, int, int, int, int, long) [clone .kd]",4,1,786,150034,150034,28416,256,22528,1104,128,0,64,64,"0x0","0x78a506387e00",7173388346083,7173583134213,7173583847545,7173583857591,713332
788,"void flash_attn_combine_results<256>(float const*, HIP_vector_type<float, 2u> const*, float*, int) [clone .kd]",4,1,787,150034,150034,6144,256,512,0,20,0,32,64,"0x0","0x78a506387cc0",7173388347978,7173583847545,7173583870804,7173583874014,23259
789,"void dequantize_block_q4_0<__half>(void const*, __half*, int) [clone .kd]",4,1,788,150034,150034,229376,32,0,0,12,0,16,64,"0x0","0x78a5c96d2b80",7173388349879,7173583870804,7173583898953,7173583902271,28149
790,"void dequantize_block_q4_0<__half>(void const*, __half*, int) [clone .kd]",4,1,789,150034,150034,229376,32,0,0,12,0,16,64,"0x0","0x78a5c96d2b80",7173388351615,7173583898953,7173583936138,7173583939390,37185
791,"void flash_attn_tile<256, 256, 4, 6, false>(char const*, char const*, char const*, char const*, char const*, int const*, float*, HIP_vector_type<float, 2u>*, float, float, float, float, unsigned int, float, int, HIP_vector_type<unsigned int, 3u>, int, int, int, int, int, int, int, int, int, int, int, long, int, int, long, int, int, int, int, int, long) [clone .kd]",4,1,790,150034,150034,21504,384,32768,1432,128,0,48,64,"0x0","0x78a506387e80",7173388354086,7173584183989,7173584788877,7173584798321,604888
792,"void flash_attn_combine_results<256>(float const*, HIP_vector_type<float, 2u> const*, float*, int) [clone .kd]",4,1,791,150034,150034,6144,256,512,0,20,0,32,64,"0x0","0x78a506387cc0",7173388355772,7173584814358,7173584846655,7173584850014,32297
793,"void dequantize_block_q4_0<__half>(void const*, __half*, int) [clone .kd]",4,1,792,150034,150034,229376,32,0,0,12,0,16,64,"0x0","0x78a5c96d2b80",7173388357474,7173584846655,7173584874210,7173584877503,27555
794,"void dequantize_block_q4_0<__half>(void const*, __half*, int) [clone .kd]",4,1,793,150034,150034,229376,32,0,0,12,0,16,64,"0x0","0x78a5c96d2b80",7173388359132,7173584874210,7173584901469,7173584904635,27259
795,"void flash_attn_tile<256, 256, 4, 2, false>(char const*, char const*, char const*, char const*, char const*, int const*, float*, HIP_vector_type<float, 2u>*, float, float, float, float, unsigned int, float, int, HIP_vector_type<unsigned int, 3u>, int, int, int, int, int, int, int, int, int, int, int, long, int, int, long, int, int, int, int, int, long) [clone .kd]",4,1,794,150034,150034,28416,256,22528,1104,128,0,64,64,"0x0","0x78a506387e00",7173388361324,7173585149025,7173585939245,7173585947869,790220
796,"void flash_attn_combine_results<256>(float const*, HIP_vector_type<float, 2u> const*, float*, int) [clone .kd]",4,1,795,150034,150034,6144,256,512,0,20,0,32,64,"0x0","0x78a506387cc0",7173388363041,7173585939245,7173585972875,7173585975987,33630
797,"void dequantize_block_q4_0<__half>(void const*, __half*, int) [clone .kd]",4,1,796,150034,150034,229376,32,0,0,12,0,16,64,"0x0","0x78a5c96d2b80",7173388364730,7173585972875,7173585997912,7173586001769,25037
798,"void dequantize_block_q4_0<__half>(void const*, __half*, int) [clone .kd]",4,1,797,150034,150034,229376,32,0,0,12,0,16,64,"0x0","0x78a5c96d2b80",7173388366506,7173585997912,7173586022208,7173586042555,24296
799,"void flash_attn_tile<256, 256, 4, 6, false>(char const*, char const*, char const*, char const*, char const*, int const*, float*, HIP_vector_type<float, 2u>*, float, float, float, float, unsigned int, float, int, HIP_vector_type<unsigned int, 3u>, int, int, int, int, int, int, int, int, int, int, int, long, int, int, long, int, int, int, int, int, long) [clone .kd]",4,1,798,150034,150034,21504,384,32768,1432,128,0,48,64,"0x0","0x78a506387e80",7173388368891,7173586245319,7173586790948,7173586799455,545629
800,"void flash_attn_combine_results<256>(float const*, HIP_vector_type<float, 2u> const*, float*, int) [clone .kd]",4,1,799,150034,150034,6144,256,512,0,20,0,32,64,"0x0","0x78a506387cc0",7173388370798,7173586814355,7173586841911,7173586845144,27556
801,"void dequantize_block_q4_0<__half>(void const*, __half*, int) [clone .kd]",4,1,801,150034,150034,229376,32,0,0,12,0,16,64,"0x0","0x78a5c96d2b80",7173587044189,7173587090947,7173587116281,7173587119463,25334
802,"void dequantize_block_q4_0<__half>(void const*, __half*, int) [clone .kd]",4,1,802,150034,150034,229376,32,0,0,12,0,16,64,"0x0","0x78a5c96d2b80",7173587085050,7173587116281,7173587140725,7173587143991,24444
803,"void flash_attn_tile<256, 256, 4, 2, false>(char const*, char const*, char const*, char const*, char const*, int const*, float*, HIP_vector_type<float, 2u>*, float, float, float, float, unsigned int, float, int, HIP_vector_type<unsigned int, 3u>, int, int, int, int, int, int, int, int, int, int, int, long, int, int, long, int, int, int, int, int, long) [clone .kd]",4,1,803,150034,150034,28416,256,22528,1104,128,0,64,64,"0x0","0x78a506387e00",7173587092369,7173587388576,7173588134797,7173588143568,746221
804,"void flash_attn_combine_results<256>(float const*, HIP_vector_type<float, 2u> const*, float*, int) [clone .kd]",4,1,804,150034,150034,6144,256,512,0,20,0,32,64,"0x0","0x78a506387cc0",7173587096188,7173588134797,7173588158797,7173588161930,24000
805,"void dequantize_block_q4_0<__half>(void const*, __half*, int) [clone .kd]",4,1,807,150034,150034,229376,32,0,0,12,0,16,64,"0x0","0x78a5c96d2b80",7173588178637,7173588187834,7173588215982,7173588219258,28148
806,"void dequantize_block_q4_0<__half>(void const*, __half*, int) [clone .kd]",4,1,808,150034,150034,229376,32,0,0,12,0,16,64,"0x0","0x78a5c96d2b80",7173588180603,7173588215982,7173588243538,7173588246810,27556
807,"void flash_attn_tile<256, 256, 4, 2, false>(char const*, char const*, char const*, char const*, char const*, int const*, float*, HIP_vector_type<float, 2u>*, float, float, float, float, unsigned int, float, int, HIP_vector_type<unsigned int, 3u>, int, int, int, int, int, int, int, int, int, int, int, long, int, int, long, int, int, int, int, int, long) [clone .kd]",4,1,809,150034,150034,28416,256,22528,1104,128,0,64,64,"0x0","0x78a506387e00",7173588183280,7173588243538,7173589029314,7173589039027,785776
808,"void flash_attn_combine_results<256>(float const*, HIP_vector_type<float, 2u> const*, float*, int) [clone .kd]",4,1,810,150034,150034,6144,256,512,0,20,0,32,64,"0x0","0x78a506387cc0",7173588185204,7173589029314,7173589054055,7173589057358,24741
809,"void dequantize_block_q4_0<__half>(void const*, __half*, int) [clone .kd]",4,1,812,150034,150034,229376,32,0,0,12,0,16,64,"0x0","0x78a5c96d2b80",7173589072182,7173589077462,7173589105462,7173589108862,28000
810,"void dequantize_block_q4_0<__half>(void const*, __half*, int) [clone .kd]",4,1,813,150034,150034,229376,32,0,0,12,0,16,64,"0x0","0x78a5c96d2b80",7173589075041,7173589105462,7173589133166,7173589136621,27704
811,"void flash_attn_tile<256, 256, 4, 2, false>(char const*, char const*, char const*, char const*, char const*, int const*, float*, HIP_vector_type<float, 2u>*, float, float, float, float, unsigned int, float, int, HIP_vector_type<unsigned int, 3u>, int, int, int, int, int, int, int, int, int, int, int, long, int, int, long, int, int, int, int, int, long) [clone .kd]",4,1,814,150034,150034,28416,256,22528,1104,128,0,64,64,"0x0","0x78a506387e00",7173589077621,7173589133166,7173589930942,7173589939481,797776
812,"void flash_attn_combine_results<256>(float const*, HIP_vector_type<float, 2u> const*, float*, int) [clone .kd]",4,1,815,150034,150034,6144,256,512,0,20,0,32,64,"0x0","0x78a506387cc0",7173589079557,7173589930942,7173589953313,7173589961371,22371
813,"void dequantize_block_q4_0<__half>(void const*, __half*, int) [clone .kd]",4,1,818,150034,150034,229376,32,0,0,12,0,16,64,"0x0","0x78a5c96d2b80",7173589973329,7173589980868,7173590005905,7173590008915,25037
814,"void dequantize_block_q4_0<__half>(void const*, __half*, int) [clone .kd]",4,1,819,150034,150034,229376,32,0,0,12,0,16,64,"0x0","0x78a5c96d2b80",7173589975084,7173590005905,7173590031090,7173590034077,25185
815,"void flash_attn_tile<256, 256, 4, 2, false>(char const*, char const*, char const*, char const*, char const*, int const*, float*, HIP_vector_type<float, 2u>*, float, float, float, float, unsigned int, float, int, HIP_vector_type<unsigned int, 3u>, int, int, int, int, int, int, int, int, int, int, int, long, int, int, long, int, int, int, int, int, long) [clone .kd]",4,1,820,150034,150034,28416,256,22528,1104,128,0,64,64,"0x0","0x78a506387e00",7173589977474,7173590031090,7173590746645,7173590755249,715555
816,"void flash_attn_combine_results<256>(float const*, HIP_vector_type<float, 2u> const*, float*, int) [clone .kd]",4,1,821,150034,150034,6144,256,512,0,20,0,32,64,"0x0","0x78a506387cc0",7173589979156,7173590746645,7173590769015,7173590772194,22370
817,"void dequantize_block_q4_0<__half>(void const*, __half*, int) [clone .kd]",4,1,823,150034,150034,229376,32,0,0,12,0,16,64,"0x0","0x78a5c96d2b80",7173590781342,7173590786497,7173590811682,7173590814934,25185
818,"void dequantize_block_q4_0<__half>(void const*, __half*, int) [clone .kd]",4,1,824,150034,150034,229376,32,0,0,12,0,16,64,"0x0","0x78a5c96d2b80",7173590784217,7173590811682,7173590836571,7173590839747,24889
819,"void flash_attn_tile<256, 256, 4, 2, false>(char const*, char const*, char const*, char const*, char const*, int const*, float*, HIP_vector_type<float, 2u>*, float, float, float, float, unsigned int, float, int, HIP_vector_type<unsigned int, 3u>, int, int, int, int, int, int, int, int, int, int, int, long, int, int, long, int, int, int, int, int, long) [clone .kd]",4,1,825,150034,150034,28416,256,22528,1104,128,0,64,64,"0x0","0x78a506387e00",7173590786607,7173590836571,7173591557458,7173591566467,720887
820,"void flash_attn_combine_results<256>(float const*, HIP_vector_type<float, 2u> const*, float*, int) [clone .kd]",4,1,826,150034,150034,6144,256,512,0,20,0,32,64,"0x0","0x78a506387cc0",7173590788498,7173591557458,7173591579088,7173591582153,21630
821,"void dequantize_block_q4_0<__half>(void const*, __half*, int) [clone .kd]",4,1,829,150034,150034,229376,32,0,0,12,0,16,64,"0x0","0x78a5c96d2b80",7173591591903,7173591600421,7173591625606,7173591628745,25185
822,"void dequantize_block_q4_0<__half>(void const*, __half*, int) [clone .kd]",4,1,830,150034,150034,229376,32,0,0,12,0,16,64,"0x0","0x78a5c96d2b80",7173591593784,7173591625606,7173591650643,7173591653757,25037
823,"void flash_attn_tile<256, 256, 4, 2, false>(char const*, char const*, char const*, char const*, char const*, int const*, float*, HIP_vector_type<float, 2u>*, float, float, float, float, unsigned int, float, int, HIP_vector_type<unsigned int, 3u>, int, int, int, int, int, int, int, int, int, int, int, long, int, int, long, int, int, int, int, int, long) [clone .kd]",4,1,831,150034,150034,28416,256,22528,1104,128,0,64,64,"0x0","0x78a506387e00",7173591595901,7173591650643,7173592357901,7173592366947,707258
824,"void flash_attn_combine_results<256>(float const*, HIP_vector_type<float, 2u> const*, float*, int) [clone .kd]",4,1,832,150034,150034,6144,256,512,0,20,0,32,64,"0x0","0x78a506387cc0",7173591597517,7173592357901,7173592379679,7173592382804,21778
825,"void dequantize_block_q4_0<__half>(void const*, __half*, int) [clone .kd]",4,1,834,150034,150034,229376,32,0,0,12,0,16,64,"0x0","0x78a5c96d2b80",7173592391094,7173592396272,7173592419975,7173592423124,23703
826,"void dequantize_block_q4_0<__half>(void const*, __half*, int) [clone .kd]",4,1,835,150034,150034,229376,32,0,0,12,0,16,64,"0x0","0x78a5c96d2b80",7173592394186,7173592419975,7173592443531,7173592446648,23556
827,"void flash_attn_tile<256, 256, 4, 2, false>(char const*, char const*, char const*, char const*, char const*, int const*, float*, HIP_vector_type<float, 2u>*, float, float, float, float, unsigned int, float, int, HIP_vector_type<unsigned int, 3u>, int, int, int, int, int, int, int, int, int, int, int, long, int, int, long, int, int, int, int, int, long) [clone .kd]",4,1,836,150034,150034,28416,256,22528,1104,128,0,64,64,"0x0","0x78a506387e00",7173592396890,7173592443531,7173593150345,7173593162048,706814
828,"void flash_attn_combine_results<256>(float const*, HIP_vector_type<float, 2u> const*, float*, int) [clone .kd]",4,1,837,150034,150034,6144,256,512,0,20,0,32,64,"0x0","0x78a506387cc0",7173592398474,7173593150345,7173593172419,7173593175531,22074
829,"void dequantize_block_q4_0<__half>(void const*, __half*, int) [clone .kd]",4,1,840,150034,150034,229376,32,0,0,12,0,16,64,"0x0","0x78a5c96d2b80",7173593187705,7173593195381,7173593220863,7173593224028,25482
830,"void dequantize_block_q4_0<__half>(void const*, __half*, int) [clone .kd]",4,1,841,150034,150034,229376,32,0,0,12,0,16,64,"0x0","0x78a5c96d2b80",7173593190303,7173593220863,7173593245900,7173593249156,25037
831,"void flash_attn_tile<256, 256, 4, 2, false>(char const*, char const*, char const*, char const*, char const*, int const*, float*, HIP_vector_type<float, 2u>*, float, float, float, float, unsigned int, float, int, HIP_vector_type<unsigned int, 3u>, int, int, int, int, int, int, int, int, int, int, int, long, int, int, long, int, int, int, int, int, long) [clone .kd]",4,1,842,150034,150034,28416,256,22528,1104,128,0,64,64,"0x0","0x78a506387e00",7173593193417,7173593245900,7173593965158,7173593984036,719258
832,"void flash_attn_combine_results<256>(float const*, HIP_vector_type<float, 2u> const*, float*, int) [clone .kd]",4,1,843,150034,150034,6144,256,512,0,20,0,32,64,"0x0","0x78a506387cc0",7173593195741,7173593965158,7173593986639,7173593996013,21481
833,"void dequantize_block_q4_0<__half>(void const*, __half*, int) [clone .kd]",4,1,845,150034,150034,229376,32,0,0,12,0,16,64,"0x0","0x78a5c96d2b80",7173594004371,7173594011232,7173594036269,7173594039611,25037
834,"void dequantize_block_q4_0<__half>(void const*, __half*, int) [clone .kd]",4,1,846,150034,150034,229376,32,0,0,12,0,16,64,"0x0","0x78a5c96d2b80",7173594009150,7173594036269,7173594061306,7173594064573,25037
835,"void flash_attn_tile<256, 256, 4, 2, false>(char const*, char const*, char const*, char const*, char const*, int const*, float*, HIP_vector_type<float, 2u>*, float, float, float, float, unsigned int, float, int, HIP_vector_type<unsigned int, 3u>, int, int, int, int, int, int, int, int, int, int, int, long, int, int, long, int, int, int, int, int, long) [clone .kd]",4,1,847,150034,150034,28416,256,22528,1104,128,0,64,64,"0x0","0x78a506387e00",7173594012104,7173594061306,7173594783823,7173594792769,722517
836,"void flash_attn_combine_results<256>(float const*, HIP_vector_type<float, 2u> const*, float*, int) [clone .kd]",4,1,848,150034,150034,6144,256,512,0,20,0,32,64,"0x0","0x78a506387cc0",7173594014148,7173594783823,7173594805305,7173594808401,21482
837,"void dequantize_block_q4_0<__half>(void const*, __half*, int) [clone .kd]",4,1,851,150034,150034,229376,32,0,0,12,0,16,64,"0x0","0x78a5c96d2b80",7173594819241,7173594827675,7173594852712,7173594856148,25037
838,"void dequantize_block_q4_0<__half>(void const*, __half*, int) [clone .kd]",4,1,852,150034,150034,229376,32,0,0,12,0,16,64,"0x0","0x78a5c96d2b80",7173594821122,7173594852712,7173594879082,7173594882467,26370
839,"void flash_attn_tile<256, 256, 4, 2, false>(char const*, char const*, char const*, char const*, char const*, int const*, float*, HIP_vector_type<float, 2u>*, float, float, float, float, unsigned int, float, int, HIP_vector_type<unsigned int, 3u>, int, int, int, int, int, int, int, int, int, int, int, long, int, int, long, int, int, int, int, int, long) [clone .kd]",4,1,853,150034,150034,28416,256,22528,1104,128,0,64,64,"0x0","0x78a506387e00",7173594823266,7173594879082,7173595669155,7173595677665,790073
840,"void flash_attn_combine_results<256>(float const*, HIP_vector_type<float, 2u> const*, float*, int) [clone .kd]",4,1,854,150034,150034,6144,256,512,0,20,0,32,64,"0x0","0x78a506387cc0",7173594825038,7173595669155,7173595692562,7173595696025,23407
841,"void dequantize_block_q4_0<__half>(void const*, __half*, int) [clone .kd]",4,1,856,150034,150034,229376,32,0,0,12,0,16,64,"0x0","0x78a5c96d2b80",7173595704799,7173595710044,7173595738340,7173595741943,28296
842,"void dequantize_block_q4_0<__half>(void const*, __half*, int) [clone .kd]",4,1,857,150034,150034,229376,32,0,0,12,0,16,64,"0x0","0x78a5c96d2b80",7173595707753,7173595738340,7173595766044,7173595769440,27704
843,"void flash_attn_tile<256, 256, 4, 2, false>(char const*, char const*, char const*, char const*, char const*, int const*, float*, HIP_vector_type<float, 2u>*, float, float, float, float, unsigned int, float, int, HIP_vector_type<unsigned int, 3u>, int, int, int, int, int, int, int, int, int, int, int, long, int, int, long, int, int, int, int, int, long) [clone .kd]",4,1,858,150034,150034,28416,256,22528,1104,128,0,64,64,"0x0","0x78a506387e00",7173595710164,7173595766044,7173596521894,7173596530910,755850
844,"void flash_attn_combine_results<256>(float const*, HIP_vector_type<float, 2u> const*, float*, int) [clone .kd]",4,1,859,150034,150034,6144,256,512,0,20,0,32,64,"0x0","0x78a506387cc0",7173595712053,7173596521894,7173596544265,7173596547451,22371
845,"void dequantize_block_q4_0<__half>(void const*, __half*, int) [clone .kd]",4,1,862,150034,150034,229376,32,0,0,12,0,16,64,"0x0","0x78a5c96d2b80",7173596557139,7173596565598,7173596590487,7173596593985,24889
846,"void dequantize_block_q4_0<__half>(void const*, __half*, int) [clone .kd]",4,1,863,150034,150034,229376,32,0,0,12,0,16,64,"0x0","0x78a5c96d2b80",7173596558936,7173596590487,7173596615376,7173596618883,24889
847,"void flash_attn_tile<256, 256, 4, 2, false>(char const*, char const*, char const*, char const*, char const*, int const*, float*, HIP_vector_type<float, 2u>*, float, float, float, float, unsigned int, float, int, HIP_vector_type<unsigned int, 3u>, int, int, int, int, int, int, int, int, int, int, int, long, int, int, long, int, int, int, int, int, long) [clone .kd]",4,1,864,150034,150034,28416,256,22528,1104,128,0,64,64,"0x0","0x78a506387e00",7173596561195,7173596615376,7173597311375,7173597319930,695999
848,"void flash_attn_combine_results<256>(float const*, HIP_vector_type<float, 2u> const*, float*, int) [clone .kd]",4,1,865,150034,150034,6144,256,512,0,20,0,32,64,"0x0","0x78a506387cc0",7173596562928,7173597311375,7173597332263,7173597335560,20888
849,"void dequantize_block_q4_0<__half>(void const*, __half*, int) [clone .kd]",4,1,867,150034,150034,229376,32,0,0,12,0,16,64,"0x0","0x78a5c96d2b80",7173597344182,7173597348708,7173597372263,7173597375626,23555
850,"void dequantize_block_q4_0<__half>(void const*, __half*, int) [clone .kd]",4,1,868,150034,150034,229376,32,0,0,12,0,16,64,"0x0","0x78a5c96d2b80",7173597346955,7173597372263,7173597395523,7173597398965,23260
851,"void flash_attn_tile<256, 256, 4, 2, false>(char const*, char const*, char const*, char const*, char const*, int const*, float*, HIP_vector_type<float, 2u>*, float, float, float, float, unsigned int, float, int, HIP_vector_type<unsigned int, 3u>, int, int, int, int, int, int, int, int, int, int, int, long, int, int, long, int, int, int, int, int, long) [clone .kd]",4,1,869,150034,150034,28416,256,22528,1104,128,0,64,64,"0x0","0x78a506387e00",7173597349071,7173597395523,7173598107521,7173598116742,711998
852,"void flash_attn_combine_results<256>(float const*, HIP_vector_type<float, 2u> const*, float*, int) [clone .kd]",4,1,870,150034,150034,6144,256,512,0,20,0,32,64,"0x0","0x78a506387cc0",7173597350788,7173598107521,7173598129744,7173598132987,22223
853,"void dequantize_block_q4_0<__half>(void const*, __half*, int) [clone .kd]",4,1,873,150034,150034,229376,32,0,0,12,0,16,64,"0x0","0x78a5c96d2b80",7173598142700,7173598151077,7173598176114,7173598179677,25037
854,"void dequantize_block_q4_0<__half>(void const*, __half*, int) [clone .kd]",4,1,874,150034,150034,229376,32,0,0,12,0,16,64,"0x0","0x78a5c96d2b80",7173598144475,7173598176114,7173598201447,7173598204722,25333
855,"void flash_attn_tile<256, 256, 4, 2, false>(char const*, char const*, char const*, char const*, char const*, int const*, float*, HIP_vector_type<float, 2u>*, float, float, float, float, unsigned int, float, int, HIP_vector_type<unsigned int, 3u>, int, int, int, int, int, int, int, int, int, int, int, long, int, int, long, int, int, int, int, int, long) [clone .kd]",4,1,875,150034,150034,28416,256,22528,1104,128,0,64,64,"0x0","0x78a506387e00",7173598146634,7173598201447,7173598925298,7173598934073,723851
856,"void flash_attn_combine_results<256>(float const*, HIP_vector_type<float, 2u> const*, float*, int) [clone .kd]",4,1,876,150034,150034,6144,256,512,0,20,0,32,64,"0x0","0x78a506387cc0",7173598148562,7173598925298,7173598947076,7173598950607,21778
857,"void dequantize_block_q4_0<__half>(void const*, __half*, int) [clone .kd]",4,1,878,150034,150034,229376,32,0,0,12,0,16,64,"0x0","0x78a5c96d2b80",7173598959170,7173598963668,7173598989150,7173598992674,25482
858,"void dequantize_block_q4_0<__half>(void const*, __half*, int) [clone .kd]",4,1,879,150034,150034,229376,32,0,0,12,0,16,64,"0x0","0x78a5c96d2b80",7173598961715,7173598989150,7173599013890,7173599017543,24740
859,"void flash_attn_tile<256, 256, 4, 2, false>(char const*, char const*, char const*, char const*, char const*, int const*, float*, HIP_vector_type<float, 2u>*, float, float, float, float, unsigned int, float, int, HIP_vector_type<unsigned int, 3u>, int, int, int, int, int, int, int, int, int, int, int, long, int, int, long, int, int, int, int, int, long) [clone .kd]",4,1,880,150034,150034,28416,256,22528,1104,128,0,64,64,"0x0","0x78a506387e00",7173598964145,7173599015751,7173599724049,7173599736362,708298
860,"void flash_attn_combine_results<256>(float const*, HIP_vector_type<float, 2u> const*, float*, int) [clone .kd]",4,1,881,150034,150034,6144,256,512,0,20,0,32,64,"0x0","0x78a506387cc0",7173598966025,7173599724049,7173599745678,7173599747262,21629
861,"void dequantize_block_q4_0<__half>(void const*, __half*, int) [clone .kd]",4,1,884,150034,150034,229376,32,0,0,12,0,16,64,"0x0","0x78a5c96d2b80",7173599757050,7173599767160,7173599792197,7173599793903,25037
862,"void dequantize_block_q4_0<__half>(void const*, __half*, int) [clone .kd]",4,1,885,150034,150034,229376,32,0,0,12,0,16,64,"0x0","0x78a5c96d2b80",7173599758683,7173599792197,7173599817234,7173599818999,25037
863,"void flash_attn_tile<256, 256, 4, 2, false>(char const*, char const*, char const*, char const*, char const*, int const*, float*, HIP_vector_type<float, 2u>*, float, float, float, float, unsigned int, float, int, HIP_vector_type<unsigned int, 3u>, int, int, int, int, int, int, int, int, int, int, int, long, int, int, long, int, int, int, int, int, long) [clone .kd]",4,1,886,150034,150034,28416,256,22528,1104,128,0,64,64,"0x0","0x78a506387e00",7173599761090,7173599817234,7173600609829,7173600616954,792595
864,"void flash_attn_combine_results<256>(float const*, HIP_vector_type<float, 2u> const*, float*, int) [clone .kd]",4,1,887,150034,150034,6144,256,512,0,20,0,32,64,"0x0","0x78a506387cc0",7173599762779,7173600609829,7173600634422,7173600636266,24593
865,"void dequantize_block_q4_0<__half>(void const*, __half*, int) [clone .kd]",4,1,889,150034,150034,229376,32,0,0,12,0,16,64,"0x0","0x78a5c96d2b80",7173600645918,7173600652792,7173600680644,7173600682682,27852
866,"void dequantize_block_q4_0<__half>(void const*, __half*, int) [clone .kd]",4,1,890,150034,150034,229376,32,0,0,12,0,16,64,"0x0","0x78a5c96d2b80",7173600648716,7173600680644,7173600708348,7173600710208,27704
867,"void flash_attn_tile<256, 256, 4, 2, false>(char const*, char const*, char const*, char const*, char const*, int const*, float*, HIP_vector_type<float, 2u>*, float, float, float, float, unsigned int, float, int, HIP_vector_type<unsigned int, 3u>, int, int, int, int, int, int, int, int, int, int, int, long, int, int, long, int, int, int, int, int, long) [clone .kd]",4,1,891,150034,150034,28416,256,22528,1104,128,0,64,64,"0x0","0x78a506387e00",7173600650929,7173600708348,7173601472795,7173601479616,764447
868,"void flash_attn_combine_results<256>(float const*, HIP_vector_type<float, 2u> const*, float*, int) [clone .kd]",4,1,892,150034,150034,6144,256,512,0,20,0,32,64,"0x0","0x78a506387cc0",7173600652853,7173601472795,7173601494573,7173601496218,21778
869,"void dequantize_block_q4_0<__half>(void const*, __half*, int) [clone .kd]",4,1,895,150034,150034,229376,32,0,0,12,0,16,64,"0x0","0x78a5c96d2b80",7173601506001,7173601516054,7173601540943,7173601542629,24889
870,"void dequantize_block_q4_0<__half>(void const*, __half*, int) [clone .kd]",4,1,896,150034,150034,229376,32,0,0,12,0,16,64,"0x0","0x78a5c96d2b80",7173601507950,7173601540943,7173601566128,7173601567806,25185
871,"void flash_attn_tile<256, 256, 4, 2, false>(char const*, char const*, char const*, char const*, char const*, int const*, float*, HIP_vector_type<float, 2u>*, float, float, float, float, unsigned int, float, int, HIP_vector_type<unsigned int, 3u>, int, int, int, int, int, int, int, int, int, int, int, long, int, int, long, int, int, int, int, int, long) [clone .kd]",4,1,897,150034,150034,28416,256,22528,1104,128,0,64,64,"0x0","0x78a506387e00",7173601510236,7173601566128,7173602284205,7173602291309,718077
872,"void flash_attn_combine_results<256>(float const*, HIP_vector_type<float, 2u> const*, float*, int) [clone .kd]",4,1,898,150034,150034,6144,256,512,0,20,0,32,64,"0x0","0x78a506387cc0",7173601511888,7173602284205,7173602305834,7173602307628,21629
873,"void dequantize_block_q4_0<__half>(void const*, __half*, int) [clone .kd]",4,1,900,150034,150034,229376,32,0,0,12,0,16,64,"0x0","0x78a5c96d2b80",7173602316024,7173602323168,7173602348205,7173602349909,25037
874,"void dequantize_block_q4_0<__half>(void const*, __half*, int) [clone .kd]",4,1,901,150034,150034,229376,32,0,0,12,0,16,64,"0x0","0x78a5c96d2b80",7173602319575,7173602348205,7173602373242,7173602375014,25037
875,"void flash_attn_tile<256, 256, 4, 2, false>(char const*, char const*, char const*, char const*, char const*, int const*, float*, HIP_vector_type<float, 2u>*, float, float, float, float, unsigned int, float, int, HIP_vector_type<unsigned int, 3u>, int, int, int, int, int, int, int, int, int, int, int, long, int, int, long, int, int, int, int, int, long) [clone .kd]",4,1,902,150034,150034,28416,256,22528,1104,128,0,64,64,"0x0","0x78a506387e00",7173602321914,7173602373242,7173603087615,7173603094646,714373
876,"void flash_attn_combine_results<256>(float const*, HIP_vector_type<float, 2u> const*, float*, int) [clone .kd]",4,1,903,150034,150034,6144,256,512,0,20,0,32,64,"0x0","0x78a506387cc0",7173602323650,7173603087615,7173603109393,7173603111063,21778
877,"void dequantize_block_q4_0<__half>(void const*, __half*, int) [clone .kd]",4,1,906,150034,150034,229376,32,0,0,12,0,16,64,"0x0","0x78a5c96d2b80",7173603120660,7173603130578,7173603155467,7173603157235,24889
878,"void dequantize_block_q4_0<__half>(void const*, __half*, int) [clone .kd]",4,1,907,150034,150034,229376,32,0,0,12,0,16,64,"0x0","0x78a5c96d2b80",7173603122262,7173603155467,7173603180504,7173603182098,25037
879,"void flash_attn_tile<256, 256, 4, 2, false>(char const*, char const*, char const*, char const*, char const*, int const*, float*, HIP_vector_type<float, 2u>*, float, float, float, float, unsigned int, float, int, HIP_vector_type<unsigned int, 3u>, int, int, int, int, int, int, int, int, int, int, int, long, int, int, long, int, int, int, int, int, long) [clone .kd]",4,1,908,150034,150034,28416,256,22528,1104,128,0,64,64,"0x0","0x78a506387e00",7173603124378,7173603180504,7173603909247,7173603916253,728743
880,"void flash_attn_combine_results<256>(float const*, HIP_vector_type<float, 2u> const*, float*, int) [clone .kd]",4,1,909,150034,150034,6144,256,512,0,20,0,32,64,"0x0","0x78a506387cc0",7173603126344,7173603909247,7173603944507,7173603946277,35260
