"Index","KernelName","gpu-id","queue-id","queue-index","pid","tid","grd","wgr","lds","scr","arch_vgpr","accum_vgpr","sgpr","wave_size","sig","obj","DispatchNs","BeginNs","EndNs","CompleteNs","DurationNs"
0,"__amd_rocclr_fillBufferAligned.kd",4,0,0,70054,70054,3584,256,0,0,12,0,32,64,"0x0","0x7c5b8dfd5740",3895884291019,3895884355776,3895884387627,3895884396949,31851
1,"void dequantize_block_q4_0<__half>(void const*, __half*, int) [clone .kd]",4,1,0,70054,70054,229376,32,0,0,12,0,16,64,"0x0","0x7c5b0c5d2b80",3895887422185,3895887436415,3895887459969,3895887471188,23554
2,"void dequantize_block_q4_0<__half>(void const*, __half*, int) [clone .kd]",4,1,1,70054,70054,229376,32,0,0,12,0,16,64,"0x0","0x7c5b0c5d2b80",3895887428963,3895887459969,3895887482783,3895887484324,22814
3,"void flash_attn_tile<256, 256, 4, 2, false>(char const*, char const*, char const*, char const*, char const*, int const*, float*, HIP_vector_type<float, 2u>*, float, float, float, float, unsigned int, float, int, HIP_vector_type<unsigned int, 3u>, int, int, int, int, int, int, int, int, int, int, int, long, int, int, long, int, int, int, int, int, long) [clone .kd]",4,1,2,70054,70054,28416,256,22528,1104,128,0,64,64,"0x0","0x7c5b0c5469c0",3895888136449,3895888557267,3895889242429,3895889525982,685162
4,"void flash_attn_combine_results<256>(float const*, HIP_vector_type<float, 2u> const*, float*, int) [clone .kd]",4,1,3,70054,70054,6144,256,512,0,20,0,32,64,"0x0","0x7c5b0c546880",3895888142120,3895889242429,3895889263910,3895889538252,21481
5,"void dequantize_block_q4_0<__half>(void const*, __half*, int) [clone .kd]",4,1,4,70054,70054,229376,32,0,0,12,0,16,64,"0x0","0x7c5b0c5d2b80",3895888145653,3895889263910,3895889287317,3895889542182,23407
6,"void dequantize_block_q4_0<__half>(void const*, __half*, int) [clone .kd]",4,1,5,70054,70054,229376,32,0,0,12,0,16,64,"0x0","0x7c5b0c5d2b80",3895888148561,3895889287317,3895889310427,3895889544964,23110
7,"void flash_attn_tile<256, 256, 4, 6, false>(char const*, char const*, char const*, char const*, char const*, int const*, float*, HIP_vector_type<float, 2u>*, float, float, float, float, unsigned int, float, int, HIP_vector_type<unsigned int, 3u>, int, int, int, int, int, int, int, int, int, int, int, long, int, int, long, int, int, int, int, int, long) [clone .kd]",4,1,6,70054,70054,21504,384,32768,1432,128,0,48,64,"0x0","0x7c5b0c546a40",3895888173549,3895889719154,3895890238100,3895890345598,518946
8,"void flash_attn_combine_results<256>(float const*, HIP_vector_type<float, 2u> const*, float*, int) [clone .kd]",4,1,7,70054,70054,6144,256,512,0,20,0,32,64,"0x0","0x7c5b0c546880",3895888176115,3895890362985,3895890389947,3895890398300,26962
9,"void dequantize_block_q4_0<__half>(void const*, __half*, int) [clone .kd]",4,1,8,70054,70054,229376,32,0,0,12,0,16,64,"0x0","0x7c5b0c5d2b80",3895888179294,3895890389947,3895890413798,3895890427385,23851
10,"void dequantize_block_q4_0<__half>(void const*, __half*, int) [clone .kd]",4,1,9,70054,70054,229376,32,0,0,12,0,16,64,"0x0","0x7c5b0c5d2b80",3895888181269,3895890413798,3895890437205,3895890459004,23407
11,"void flash_attn_tile<256, 256, 4, 2, false>(char const*, char const*, char const*, char const*, char const*, int const*, float*, HIP_vector_type<float, 2u>*, float, float, float, float, unsigned int, float, int, HIP_vector_type<unsigned int, 3u>, int, int, int, int, int, int, int, int, int, int, int, long, int, int, long, int, int, int, int, int, long) [clone .kd]",4,1,10,70054,70054,28416,256,22528,1104,128,0,64,64,"0x0","0x7c5b0c5469c0",3895888184390,3895890646827,3895891319842,3895891440446,673015
12,"void flash_attn_combine_results<256>(float const*, HIP_vector_type<float, 2u> const*, float*, int) [clone .kd]",4,1,11,70054,70054,6144,256,512,0,20,0,32,64,"0x0","0x7c5b0c546880",3895888186536,3895891319842,3895891340730,3895891451196,20888
13,"void dequantize_block_q4_0<__half>(void const*, __half*, int) [clone .kd]",4,1,12,70054,70054,229376,32,0,0,12,0,16,64,"0x0","0x7c5b0c5d2b80",3895888188425,3895891340730,3895891363989,3895891453349,23259
14,"void dequantize_block_q4_0<__half>(void const*, __half*, int) [clone .kd]",4,1,13,70054,70054,229376,32,0,0,12,0,16,64,"0x0","0x7c5b0c5d2b80",3895888190021,3895891363989,3895891387396,3895891455152,23407
15,"void flash_attn_tile<256, 256, 4, 6, false>(char const*, char const*, char const*, char const*, char const*, int const*, float*, HIP_vector_type<float, 2u>*, float, float, float, float, unsigned int, float, int, HIP_vector_type<unsigned int, 3u>, int, int, int, int, int, int, int, int, int, int, int, long, int, int, long, int, int, int, int, int, long) [clone .kd]",4,1,14,70054,70054,21504,384,32768,1432,128,0,48,64,"0x0","0x7c5b0c546a40",3895888192476,3895891597611,3895892117001,3895892242106,519390
16,"void flash_attn_combine_results<256>(float const*, HIP_vector_type<float, 2u> const*, float*, int) [clone .kd]",4,1,15,70054,70054,6144,256,512,0,20,0,32,64,"0x0","0x7c5b0c546880",3895888194164,3895892293736,3895892320254,3895892329789,26518
17,"void dequantize_block_q4_0<__half>(void const*, __half*, int) [clone .kd]",4,1,16,70054,70054,229376,32,0,0,12,0,16,64,"0x0","0x7c5b0c5d2b80",3895888195881,3895892320254,3895892343809,3895892365931,23555
18,"void dequantize_block_q4_0<__half>(void const*, __half*, int) [clone .kd]",4,1,17,70054,70054,229376,32,0,0,12,0,16,64,"0x0","0x7c5b0c5d2b80",3895888197456,3895892343809,3895892366919,3895892400454,23110
19,"void flash_attn_tile<256, 256, 4, 2, false>(char const*, char const*, char const*, char const*, char const*, int const*, float*, HIP_vector_type<float, 2u>*, float, float, float, float, unsigned int, float, int, HIP_vector_type<unsigned int, 3u>, int, int, int, int, int, int, int, int, int, int, int, long, int, int, long, int, int, int, int, int, long) [clone .kd]",4,1,18,70054,70054,28416,256,22528,1104,128,0,64,64,"0x0","0x7c5b0c5469c0",3895888200074,3895892576838,3895893254001,3895893338886,677163
20,"void flash_attn_combine_results<256>(float const*, HIP_vector_type<float, 2u> const*, float*, int) [clone .kd]",4,1,19,70054,70054,6144,256,512,0,20,0,32,64,"0x0","0x7c5b0c546880",3895888201885,3895893254001,3895893275482,3895893352623,21481
21,"void dequantize_block_q4_0<__half>(void const*, __half*, int) [clone .kd]",4,1,20,70054,70054,229376,32,0,0,12,0,16,64,"0x0","0x7c5b0c5d2b80",3895888203651,3895893275482,3895893299036,3895893354778,23554
22,"void dequantize_block_q4_0<__half>(void const*, __half*, int) [clone .kd]",4,1,21,70054,70054,229376,32,0,0,12,0,16,64,"0x0","0x7c5b0c5d2b80",3895888205151,3895893299036,3895893322295,3895893356465,23259
23,"void flash_attn_tile<256, 256, 4, 6, false>(char const*, char const*, char const*, char const*, char const*, int const*, float*, HIP_vector_type<float, 2u>*, float, float, float, float, unsigned int, float, int, HIP_vector_type<unsigned int, 3u>, int, int, int, int, int, int, int, int, int, int, int, long, int, int, long, int, int, int, int, int, long) [clone .kd]",4,1,22,70054,70054,21504,384,32768,1432,128,0,48,64,"0x0","0x7c5b0c546a40",3895888207496,3895893532510,3895894047012,3895894125106,514502
24,"void flash_attn_combine_results<256>(float const*, HIP_vector_type<float, 2u> const*, float*, int) [clone .kd]",4,1,23,70054,70054,6144,256,512,0,20,0,32,64,"0x0","0x7c5b0c546880",3895888209322,3895894175748,3895894202118,3895894212370,26370
25,"void dequantize_block_q4_0<__half>(void const*, __half*, int) [clone .kd]",4,1,24,70054,70054,229376,32,0,0,12,0,16,64,"0x0","0x7c5b0c5d2b80",3895888210960,3895894202118,3895894225376,3895894242755,23258
26,"void dequantize_block_q4_0<__half>(void const*, __half*, int) [clone .kd]",4,1,25,70054,70054,229376,32,0,0,12,0,16,64,"0x0","0x7c5b0c5d2b80",3895888212351,3895894225376,3895894248190,3895894272458,22814
27,"void flash_attn_tile<256, 256, 4, 2, false>(char const*, char const*, char const*, char const*, char const*, int const*, float*, HIP_vector_type<float, 2u>*, float, float, float, float, unsigned int, float, int, HIP_vector_type<unsigned int, 3u>, int, int, int, int, int, int, int, int, int, int, int, long, int, int, long, int, int, int, int, int, long) [clone .kd]",4,1,26,70054,70054,28416,256,22528,1104,128,0,64,64,"0x0","0x7c5b0c5469c0",3895888214683,3895894457961,3895895134828,3895895217484,676867
28,"void flash_attn_combine_results<256>(float const*, HIP_vector_type<float, 2u> const*, float*, int) [clone .kd]",4,1,27,70054,70054,6144,256,512,0,20,0,32,64,"0x0","0x7c5b0c546880",3895888216435,3895895134828,3895895155568,3895895228110,20740
29,"void dequantize_block_q4_0<__half>(void const*, __half*, int) [clone .kd]",4,1,28,70054,70054,229376,32,0,0,12,0,16,64,"0x0","0x7c5b0c5d2b80",3895888218189,3895895155568,3895895178974,3895895233606,23406
30,"void dequantize_block_q4_0<__half>(void const*, __half*, int) [clone .kd]",4,1,29,70054,70054,229376,32,0,0,12,0,16,64,"0x0","0x7c5b0c5d2b80",3895888219646,3895895178974,3895895201937,3895895235295,22963
31,"void flash_attn_tile<256, 256, 4, 6, false>(char const*, char const*, char const*, char const*, char const*, int const*, float*, HIP_vector_type<float, 2u>*, float, float, float, float, unsigned int, float, int, HIP_vector_type<unsigned int, 3u>, int, int, int, int, int, int, int, int, int, int, int, long, int, int, long, int, int, int, int, int, long) [clone .kd]",4,1,30,70054,70054,21504,384,32768,1432,128,0,48,64,"0x0","0x7c5b0c546a40",3895888221901,3895895412152,3895895931542,3895895964782,519390
32,"void flash_attn_combine_results<256>(float const*, HIP_vector_type<float, 2u> const*, float*, int) [clone .kd]",4,1,31,70054,70054,6144,256,512,0,20,0,32,64,"0x0","0x7c5b0c546880",3895888224239,3895896025761,3895896053168,3895896064226,27407
33,"void dequantize_block_q4_0<__half>(void const*, __half*, int) [clone .kd]",4,1,32,70054,70054,229376,32,0,0,12,0,16,64,"0x0","0x7c5b0c5d2b80",3895888226211,3895896053168,3895896076426,3895896094269,23258
34,"void dequantize_block_q4_0<__half>(void const*, __half*, int) [clone .kd]",4,1,33,70054,70054,229376,32,0,0,12,0,16,64,"0x0","0x7c5b0c5d2b80",3895888227977,3895896076426,3895896099537,3895896123309,23111
35,"void flash_attn_tile<256, 256, 4, 2, false>(char const*, char const*, char const*, char const*, char const*, int const*, float*, HIP_vector_type<float, 2u>*, float, float, float, float, unsigned int, float, int, HIP_vector_type<unsigned int, 3u>, int, int, int, int, int, int, int, int, int, int, int, long, int, int, long, int, int, int, int, int, long) [clone .kd]",4,1,34,70054,70054,28416,256,22528,1104,128,0,64,64,"0x0","0x7c5b0c5469c0",3895888230458,3895896309308,3895896991359,3895897026078,682051
36,"void flash_attn_combine_results<256>(float const*, HIP_vector_type<float, 2u> const*, float*, int) [clone .kd]",4,1,35,70054,70054,6144,256,512,0,20,0,32,64,"0x0","0x7c5b0c546880",3895888232545,3895896991359,3895897012247,3895897029168,20888
37,"void dequantize_block_q4_0<__half>(void const*, __half*, int) [clone .kd]",4,1,36,70054,70054,229376,32,0,0,12,0,16,64,"0x0","0x7c5b0c5d2b80",3895888234450,3895897012247,3895897035506,3895897057929,23259
38,"void dequantize_block_q4_0<__half>(void const*, __half*, int) [clone .kd]",4,1,37,70054,70054,229376,32,0,0,12,0,16,64,"0x0","0x7c5b0c5d2b80",3895888236194,3895897035506,3895897058913,3895897061138,23407
39,"void flash_attn_tile<256, 256, 4, 6, false>(char const*, char const*, char const*, char const*, char const*, int const*, float*, HIP_vector_type<float, 2u>*, float, float, float, float, unsigned int, float, int, HIP_vector_type<unsigned int, 3u>, int, int, int, int, int, int, int, int, int, int, int, long, int, int, long, int, int, int, int, int, long) [clone .kd]",4,1,38,70054,70054,21504,384,32768,1432,128,0,48,64,"0x0","0x7c5b0c546a40",3895888238638,3895897268832,3895897785259,3895897816348,516427
40,"void flash_attn_combine_results<256>(float const*, HIP_vector_type<float, 2u> const*, float*, int) [clone .kd]",4,1,39,70054,70054,6144,256,512,0,20,0,32,64,"0x0","0x7c5b0c546880",3895888240895,3895897860219,3895897888219,3895897897030,28000
41,"void dequantize_block_q4_0<__half>(void const*, __half*, int) [clone .kd]",4,1,40,70054,70054,229376,32,0,0,12,0,16,64,"0x0","0x7c5b0c5d2b80",3895888242832,3895897888219,3895897911773,3895897924831,23554
42,"void dequantize_block_q4_0<__half>(void const*, __half*, int) [clone .kd]",4,1,41,70054,70054,229376,32,0,0,12,0,16,64,"0x0","0x7c5b0c5d2b80",3895888244429,3895897911773,3895897935032,3895897952194,23259
43,"void flash_attn_tile<256, 256, 4, 2, false>(char const*, char const*, char const*, char const*, char const*, int const*, float*, HIP_vector_type<float, 2u>*, float, float, float, float, unsigned int, float, int, HIP_vector_type<unsigned int, 3u>, int, int, int, int, int, int, int, int, int, int, int, long, int, int, long, int, int, int, int, int, long) [clone .kd]",4,1,42,70054,70054,28416,256,22528,1104,128,0,64,64,"0x0","0x7c5b0c5469c0",3895888246760,3895898144951,3895898831002,3895898862154,686051
44,"void flash_attn_combine_results<256>(float const*, HIP_vector_type<float, 2u> const*, float*, int) [clone .kd]",4,1,43,70054,70054,6144,256,512,0,20,0,32,64,"0x0","0x7c5b0c546880",3895888248583,3895898831002,3895898852631,3895898864719,21629
45,"void dequantize_block_q4_0<__half>(void const*, __half*, int) [clone .kd]",4,1,44,70054,70054,229376,32,0,0,12,0,16,64,"0x0","0x7c5b0c5d2b80",3895888250547,3895898852631,3895898875890,3895898892076,23259
46,"void dequantize_block_q4_0<__half>(void const*, __half*, int) [clone .kd]",4,1,45,70054,70054,229376,32,0,0,12,0,16,64,"0x0","0x7c5b0c5d2b80",3895888252451,3895898875890,3895898899000,3895898918753,23110
47,"void flash_attn_tile<256, 256, 4, 6, false>(char const*, char const*, char const*, char const*, char const*, int const*, float*, HIP_vector_type<float, 2u>*, float, float, float, float, unsigned int, float, int, HIP_vector_type<unsigned int, 3u>, int, int, int, int, int, int, int, int, int, int, int, long, int, int, long, int, int, int, int, int, long) [clone .kd]",4,1,46,70054,70054,21504,384,32768,1432,128,0,48,64,"0x0","0x7c5b0c546a40",3895888254990,3895899109215,3895899629198,3895899660379,519983
48,"void flash_attn_combine_results<256>(float const*, HIP_vector_type<float, 2u> const*, float*, int) [clone .kd]",4,1,47,70054,70054,6144,256,512,0,20,0,32,64,"0x0","0x7c5b0c546880",3895888257015,3895899701196,3895899728454,3895899738763,27258
49,"void dequantize_block_q4_0<__half>(void const*, __half*, int) [clone .kd]",4,1,48,70054,70054,229376,32,0,0,12,0,16,64,"0x0","0x7c5b0c5d2b80",3895888259094,3895899728454,3895899752009,3895899766113,23555
50,"void dequantize_block_q4_0<__half>(void const*, __half*, int) [clone .kd]",4,1,49,70054,70054,229376,32,0,0,12,0,16,64,"0x0","0x7c5b0c5d2b80",3895888260800,3895899752009,3895899775268,3895899793405,23259
51,"void flash_attn_tile<256, 256, 4, 2, false>(char const*, char const*, char const*, char const*, char const*, int const*, float*, HIP_vector_type<float, 2u>*, float, float, float, float, unsigned int, float, int, HIP_vector_type<unsigned int, 3u>, int, int, int, int, int, int, int, int, int, int, int, long, int, int, long, int, int, int, int, int, long) [clone .kd]",4,1,50,70054,70054,28416,256,22528,1104,128,0,64,64,"0x0","0x7c5b0c5469c0",3895888263124,3895899985631,3895900665164,3895900696612,679533
52,"void flash_attn_combine_results<256>(float const*, HIP_vector_type<float, 2u> const*, float*, int) [clone .kd]",4,1,51,70054,70054,6144,256,512,0,20,0,32,64,"0x0","0x7c5b0c546880",3895888265164,3895900665164,3895900686793,3895900699194,21629
53,"void dequantize_block_q4_0<__half>(void const*, __half*, int) [clone .kd]",4,1,52,70054,70054,229376,32,0,0,12,0,16,64,"0x0","0x7c5b0c5d2b80",3895888267126,3895900686793,3895900710052,3895900726857,23259
54,"void dequantize_block_q4_0<__half>(void const*, __half*, int) [clone .kd]",4,1,53,70054,70054,229376,32,0,0,12,0,16,64,"0x0","0x7c5b0c5d2b80",3895888268848,3895900710052,3895900733310,3895900753948,23258
55,"void flash_attn_tile<256, 256, 4, 6, false>(char const*, char const*, char const*, char const*, char const*, int const*, float*, HIP_vector_type<float, 2u>*, float, float, float, float, unsigned int, float, int, HIP_vector_type<unsigned int, 3u>, int, int, int, int, int, int, int, int, int, int, int, long, int, int, long, int, int, int, int, int, long) [clone .kd]",4,1,54,70054,70054,21504,384,32768,1432,128,0,48,64,"0x0","0x7c5b0c546a40",3895888271296,3895900943673,3895901473730,3895901505589,530057
56,"void flash_attn_combine_results<256>(float const*, HIP_vector_type<float, 2u> const*, float*, int) [clone .kd]",4,1,55,70054,70054,6144,256,512,0,20,0,32,64,"0x0","0x7c5b0c546880",3895888273356,3895901540691,3895901567801,3895901576825,27110
57,"void dequantize_block_q4_0<__half>(void const*, __half*, int) [clone .kd]",4,1,56,70054,70054,229376,32,0,0,12,0,16,64,"0x0","0x7c5b0c5d2b80",3895888275269,3895901567801,3895901590911,3895901604600,23110
58,"void dequantize_block_q4_0<__half>(void const*, __half*, int) [clone .kd]",4,1,57,70054,70054,229376,32,0,0,12,0,16,64,"0x0","0x7c5b0c5d2b80",3895888277100,3895901590911,3895901614170,3895901631301,23259
59,"void flash_attn_tile<256, 256, 4, 2, false>(char const*, char const*, char const*, char const*, char const*, int const*, float*, HIP_vector_type<float, 2u>*, float, float, float, float, unsigned int, float, int, HIP_vector_type<unsigned int, 3u>, int, int, int, int, int, int, int, int, int, int, int, long, int, int, long, int, int, int, int, int, long) [clone .kd]",4,1,58,70054,70054,28416,256,22528,1104,128,0,64,64,"0x0","0x7c5b0c5469c0",3895888279753,3895901824237,3895902504955,3895902535900,680718
60,"void flash_attn_combine_results<256>(float const*, HIP_vector_type<float, 2u> const*, float*, int) [clone .kd]",4,1,59,70054,70054,6144,256,512,0,20,0,32,64,"0x0","0x7c5b0c546880",3895888281637,3895902504955,3895902526881,3895902538632,21926
61,"void dequantize_block_q4_0<__half>(void const*, __half*, int) [clone .kd]",4,1,60,70054,70054,229376,32,0,0,12,0,16,64,"0x0","0x7c5b0c5d2b80",3895888283502,3895902526881,3895902551769,3895902565465,24888
62,"void dequantize_block_q4_0<__half>(void const*, __half*, int) [clone .kd]",4,1,61,70054,70054,229376,32,0,0,12,0,16,64,"0x0","0x7c5b0c5d2b80",3895888285389,3895902551769,3895902576360,3895902591397,24591
63,"void flash_attn_tile<256, 256, 4, 6, false>(char const*, char const*, char const*, char const*, char const*, int const*, float*, HIP_vector_type<float, 2u>*, float, float, float, float, unsigned int, float, int, HIP_vector_type<unsigned int, 3u>, int, int, int, int, int, int, int, int, int, int, int, long, int, int, long, int, int, int, int, int, long) [clone .kd]",4,1,62,70054,70054,21504,384,32768,1432,128,0,48,64,"0x0","0x7c5b0c546a40",3895888287916,3895902799612,3895903335743,3895903366841,536131
64,"void flash_attn_combine_results<256>(float const*, HIP_vector_type<float, 2u> const*, float*, int) [clone .kd]",4,1,63,70054,70054,6144,256,512,0,20,0,32,64,"0x0","0x7c5b0c546880",3895888289864,3895903425814,3895903454850,3895903464558,29036
65,"void dequantize_block_q4_0<__half>(void const*, __half*, int) [clone .kd]",4,1,64,70054,70054,229376,32,0,0,12,0,16,64,"0x0","0x7c5b0c5d2b80",3895888291939,3895903454850,3895903479442,3895903490036,24592
66,"void dequantize_block_q4_0<__half>(void const*, __half*, int) [clone .kd]",4,1,65,70054,70054,229376,32,0,0,12,0,16,64,"0x0","0x7c5b0c5d2b80",3895888293633,3895903479442,3895903503589,3895903516574,24147
67,"void flash_attn_tile<256, 256, 4, 2, false>(char const*, char const*, char const*, char const*, char const*, int const*, float*, HIP_vector_type<float, 2u>*, float, float, float, float, unsigned int, float, int, HIP_vector_type<unsigned int, 3u>, int, int, int, int, int, int, int, int, int, int, int, long, int, int, long, int, int, int, int, int, long) [clone .kd]",4,1,66,70054,70054,28416,256,22528,1104,128,0,64,64,"0x0","0x7c5b0c5469c0",3895888296127,3895903726545,3895904431707,3895904462252,705162
68,"void flash_attn_combine_results<256>(float const*, HIP_vector_type<float, 2u> const*, float*, int) [clone .kd]",4,1,67,70054,70054,6144,256,512,0,20,0,32,64,"0x0","0x7c5b0c546880",3895888297919,3895904431707,3895904453336,3895904464857,21629
69,"void dequantize_block_q4_0<__half>(void const*, __half*, int) [clone .kd]",4,1,68,70054,70054,229376,32,0,0,12,0,16,64,"0x0","0x7c5b0c5d2b80",3895888299759,3895904453336,3895904477483,3895904491358,24147
70,"void dequantize_block_q4_0<__half>(void const*, __half*, int) [clone .kd]",4,1,69,70054,70054,229376,32,0,0,12,0,16,64,"0x0","0x7c5b0c5d2b80",3895888301529,3895904477483,3895904500890,3895904516963,23407
71,"void flash_attn_tile<256, 256, 4, 6, false>(char const*, char const*, char const*, char const*, char const*, int const*, float*, HIP_vector_type<float, 2u>*, float, float, float, float, unsigned int, float, int, HIP_vector_type<unsigned int, 3u>, int, int, int, int, int, int, int, int, int, int, int, long, int, int, long, int, int, int, int, int, long) [clone .kd]",4,1,70,70054,70054,21504,384,32768,1432,128,0,48,64,"0x0","0x7c5b0c546a40",3895888303994,3895904710957,3895905227384,3895905271555,516427
72,"void flash_attn_combine_results<256>(float const*, HIP_vector_type<float, 2u> const*, float*, int) [clone .kd]",4,1,71,70054,70054,6144,256,512,0,20,0,32,64,"0x0","0x7c5b0c546880",3895888305877,3895905307678,3895905334196,3895905344340,26518
73,"void dequantize_block_q4_0<__half>(void const*, __half*, int) [clone .kd]",4,1,72,70054,70054,229376,32,0,0,12,0,16,64,"0x0","0x7c5b0c5d2b80",3895888307794,3895905334196,3895905357750,3895905369782,23554
74,"void dequantize_block_q4_0<__half>(void const*, __half*, int) [clone .kd]",4,1,73,70054,70054,229376,32,0,0,12,0,16,64,"0x0","0x7c5b0c5d2b80",3895888309391,3895905357750,3895905381305,3895905395247,23555
75,"void flash_attn_tile<256, 256, 4, 2, false>(char const*, char const*, char const*, char const*, char const*, int const*, float*, HIP_vector_type<float, 2u>*, float, float, float, float, unsigned int, float, int, HIP_vector_type<unsigned int, 3u>, int, int, int, int, int, int, int, int, int, int, int, long, int, int, long, int, int, int, int, int, long) [clone .kd]",4,1,74,70054,70054,28416,256,22528,1104,128,0,64,64,"0x0","0x7c5b0c5469c0",3895888311747,3895905599816,3895906306164,3895906335851,706348
76,"void flash_attn_combine_results<256>(float const*, HIP_vector_type<float, 2u> const*, float*, int) [clone .kd]",4,1,75,70054,70054,6144,256,512,0,20,0,32,64,"0x0","0x7c5b0c546880",3895888313684,3895906306164,3895906328089,3895906339271,21925
77,"void dequantize_block_q4_0<__half>(void const*, __half*, int) [clone .kd]",4,1,76,70054,70054,229376,32,0,0,12,0,16,64,"0x0","0x7c5b0c5d2b80",3895888315807,3895906328089,3895906353125,3895906366073,25036
78,"void dequantize_block_q4_0<__half>(void const*, __half*, int) [clone .kd]",4,1,77,70054,70054,229376,32,0,0,12,0,16,64,"0x0","0x7c5b0c5d2b80",3895888317394,3895906353125,3895906377569,3895906391482,24444
79,"void flash_attn_tile<256, 256, 4, 6, false>(char const*, char const*, char const*, char const*, char const*, int const*, float*, HIP_vector_type<float, 2u>*, float, float, float, float, unsigned int, float, int, HIP_vector_type<unsigned int, 3u>, int, int, int, int, int, int, int, int, int, int, int, long, int, int, long, int, int, int, int, int, long) [clone .kd]",4,1,78,70054,70054,21504,384,32768,1432,128,0,48,64,"0x0","0x7c5b0c546a40",3895888319860,3895906600821,3895907138432,3895907170553,537611
80,"void flash_attn_combine_results<256>(float const*, HIP_vector_type<float, 2u> const*, float*, int) [clone .kd]",4,1,79,70054,70054,6144,256,512,0,20,0,32,64,"0x0","0x7c5b0c546880",3895888321786,3895907228207,3895907256947,3895907266580,28740
81,"void dequantize_block_q4_0<__half>(void const*, __half*, int) [clone .kd]",4,1,80,70054,70054,229376,32,0,0,12,0,16,64,"0x0","0x7c5b0c5d2b80",3895888323752,3895907256947,3895907281983,3895907294161,25036
82,"void dequantize_block_q4_0<__half>(void const*, __half*, int) [clone .kd]",4,1,81,70054,70054,229376,32,0,0,12,0,16,64,"0x0","0x7c5b0c5d2b80",3895888325357,3895907281983,3895907306575,3895907320248,24592
83,"void flash_attn_tile<256, 256, 4, 2, false>(char const*, char const*, char const*, char const*, char const*, int const*, float*, HIP_vector_type<float, 2u>*, float, float, float, float, unsigned int, float, int, HIP_vector_type<unsigned int, 3u>, int, int, int, int, int, int, int, int, int, int, int, long, int, int, long, int, int, int, int, int, long) [clone .kd]",4,1,82,70054,70054,28416,256,22528,1104,128,0,64,64,"0x0","0x7c5b0c5469c0",3895888327690,3895907525827,3895908235285,3895908268000,709458
84,"void flash_attn_combine_results<256>(float const*, HIP_vector_type<float, 2u> const*, float*, int) [clone .kd]",4,1,83,70054,70054,6144,256,512,0,20,0,32,64,"0x0","0x7c5b0c546880",3895888329739,3895908235285,3895908256470,3895908272127,21185
85,"void dequantize_block_q4_0<__half>(void const*, __half*, int) [clone .kd]",4,1,84,70054,70054,229376,32,0,0,12,0,16,64,"0x0","0x7c5b0c5d2b80",3895888331674,3895908256470,3895908280173,3895908302645,23703
86,"void dequantize_block_q4_0<__half>(void const*, __half*, int) [clone .kd]",4,1,85,70054,70054,229376,32,0,0,12,0,16,64,"0x0","0x7c5b0c5d2b80",3895888333354,3895908280173,3895908303431,3895908329136,23258
87,"void flash_attn_tile<256, 256, 4, 6, false>(char const*, char const*, char const*, char const*, char const*, int const*, float*, HIP_vector_type<float, 2u>*, float, float, float, float, unsigned int, float, int, HIP_vector_type<unsigned int, 3u>, int, int, int, int, int, int, int, int, int, int, int, long, int, int, long, int, int, int, int, int, long) [clone .kd]",4,1,86,70054,70054,21504,384,32768,1432,128,0,48,64,"0x0","0x7c5b0c546a40",3895888335799,3895908513646,3895909052444,3895909085003,538798
88,"void flash_attn_combine_results<256>(float const*, HIP_vector_type<float, 2u> const*, float*, int) [clone .kd]",4,1,87,70054,70054,6144,256,512,0,20,0,32,64,"0x0","0x7c5b0c546880",3895888337560,3895909103997,3895909131256,3895909141233,27259
89,"void dequantize_block_q4_0<__half>(void const*, __half*, int) [clone .kd]",4,1,88,70054,70054,229376,32,0,0,12,0,16,64,"0x0","0x7c5b0c5d2b80",3895888339314,3895909131256,3895909154959,3895909166191,23703
90,"void dequantize_block_q4_0<__half>(void const*, __half*, int) [clone .kd]",4,1,89,70054,70054,229376,32,0,0,12,0,16,64,"0x0","0x7c5b0c5d2b80",3895888341045,3895909154959,3895909177921,3895909191111,22962
91,"void flash_attn_tile<256, 256, 4, 2, false>(char const*, char const*, char const*, char const*, char const*, int const*, float*, HIP_vector_type<float, 2u>*, float, float, float, float, unsigned int, float, int, HIP_vector_type<unsigned int, 3u>, int, int, int, int, int, int, int, int, int, int, int, long, int, int, long, int, int, int, int, int, long) [clone .kd]",4,1,90,70054,70054,28416,256,22528,1104,128,0,64,64,"0x0","0x7c5b0c5469c0",3895888343370,3895909387544,3895910068706,3895910101457,681162
92,"void flash_attn_combine_results<256>(float const*, HIP_vector_type<float, 2u> const*, float*, int) [clone .kd]",4,1,91,70054,70054,6144,256,512,0,20,0,32,64,"0x0","0x7c5b0c546880",3895888345248,3895910068706,3895910090632,3895910105232,21926
93,"void dequantize_block_q4_0<__half>(void const*, __half*, int) [clone .kd]",4,1,92,70054,70054,229376,32,0,0,12,0,16,64,"0x0","0x7c5b0c5d2b80",3895888347169,3895910090632,3895910114186,3895910131125,23554
94,"void dequantize_block_q4_0<__half>(void const*, __half*, int) [clone .kd]",4,1,93,70054,70054,229376,32,0,0,12,0,16,64,"0x0","0x7c5b0c5d2b80",3895888348733,3895910114186,3895910137000,3895910157513,22814
95,"void flash_attn_tile<256, 256, 4, 6, false>(char const*, char const*, char const*, char const*, char const*, int const*, float*, HIP_vector_type<float, 2u>*, float, float, float, float, unsigned int, float, int, HIP_vector_type<unsigned int, 3u>, int, int, int, int, int, int, int, int, int, int, int, long, int, int, long, int, int, int, int, int, long) [clone .kd]",4,1,94,70054,70054,21504,384,32768,1432,128,0,48,64,"0x0","0x7c5b0c546a40",3895888351191,3895910347216,3895910862310,3895910892493,515094
96,"void flash_attn_combine_results<256>(float const*, HIP_vector_type<float, 2u> const*, float*, int) [clone .kd]",4,1,95,70054,70054,6144,256,512,0,20,0,32,64,"0x0","0x7c5b0c546880",3895888352948,3895910937715,3895910964973,3895910975419,27258
97,"void dequantize_block_q4_0<__half>(void const*, __half*, int) [clone .kd]",4,1,96,70054,70054,229376,32,0,0,12,0,16,64,"0x0","0x7c5b0c5d2b80",3895888355068,3895910964973,3895910988824,3895911001759,23851
98,"void dequantize_block_q4_0<__half>(void const*, __half*, int) [clone .kd]",4,1,97,70054,70054,229376,32,0,0,12,0,16,64,"0x0","0x7c5b0c5d2b80",3895888356842,3895910988824,3895911011638,3895911027304,22814
99,"void flash_attn_tile<256, 256, 4, 2, false>(char const*, char const*, char const*, char const*, char const*, int const*, float*, HIP_vector_type<float, 2u>*, float, float, float, float, unsigned int, float, int, HIP_vector_type<unsigned int, 3u>, int, int, int, int, int, int, int, int, int, int, int, long, int, int, long, int, int, int, int, int, long) [clone .kd]",4,1,98,70054,70054,28416,256,22528,1104,128,0,64,64,"0x0","0x7c5b0c5469c0",3895888359139,3895911221705,3895911910127,3895911940374,688422
100,"void flash_attn_combine_results<256>(float const*, HIP_vector_type<float, 2u> const*, float*, int) [clone .kd]",4,1,99,70054,70054,6144,256,512,0,20,0,32,64,"0x0","0x7c5b0c546880",3895888361031,3895911910127,3895911931312,3895911943050,21185
101,"void dequantize_block_q4_0<__half>(void const*, __half*, int) [clone .kd]",4,1,100,70054,70054,229376,32,0,0,12,0,16,64,"0x0","0x7c5b0c5d2b80",3895888362752,3895911931312,3895911954866,3895911968389,23554
102,"void dequantize_block_q4_0<__half>(void const*, __half*, int) [clone .kd]",4,1,101,70054,70054,229376,32,0,0,12,0,16,64,"0x0","0x7c5b0c5d2b80",3895888364595,3895911954866,3895911977829,3895911992800,22963
103,"void flash_attn_tile<256, 256, 4, 6, false>(char const*, char const*, char const*, char const*, char const*, int const*, float*, HIP_vector_type<float, 2u>*, float, float, float, float, unsigned int, float, int, HIP_vector_type<unsigned int, 3u>, int, int, int, int, int, int, int, int, int, int, int, long, int, int, long, int, int, int, int, int, long) [clone .kd]",4,1,102,70054,70054,21504,384,32768,1432,128,0,48,64,"0x0","0x7c5b0c546a40",3895888367003,3895912187896,3895912707138,3895912738571,519242
104,"void flash_attn_combine_results<256>(float const*, HIP_vector_type<float, 2u> const*, float*, int) [clone .kd]",4,1,103,70054,70054,6144,256,512,0,20,0,32,64,"0x0","0x7c5b0c546880",3895888369056,3895912777358,3895912804320,3895912812865,26962
105,"void dequantize_block_q4_0<__half>(void const*, __half*, int) [clone .kd]",4,1,104,70054,70054,229376,32,0,0,12,0,16,64,"0x0","0x7c5b0c5d2b80",3895888371038,3895912804320,3895912828023,3895912838389,23703
106,"void dequantize_block_q4_0<__half>(void const*, __half*, int) [clone .kd]",4,1,105,70054,70054,229376,32,0,0,12,0,16,64,"0x0","0x7c5b0c5d2b80",3895888372625,3895912828023,3895912850985,3895912863696,22962
107,"void flash_attn_tile<256, 256, 4, 2, false>(char const*, char const*, char const*, char const*, char const*, int const*, float*, HIP_vector_type<float, 2u>*, float, float, float, float, unsigned int, float, int, HIP_vector_type<unsigned int, 3u>, int, int, int, int, int, int, int, int, int, int, int, long, int, int, long, int, int, int, int, int, long) [clone .kd]",4,1,106,70054,70054,28416,256,22528,1104,128,0,64,64,"0x0","0x7c5b0c5469c0",3895888374879,3895913061200,3895913768733,3895913800182,707533
108,"void flash_attn_combine_results<256>(float const*, HIP_vector_type<float, 2u> const*, float*, int) [clone .kd]",4,1,107,70054,70054,6144,256,512,0,20,0,32,64,"0x0","0x7c5b0c546880",3895888376769,3895913768733,3895913790362,3895913803496,21629
109,"void dequantize_block_q4_0<__half>(void const*, __half*, int) [clone .kd]",4,1,108,70054,70054,229376,32,0,0,12,0,16,64,"0x0","0x7c5b0c5d2b80",3895888378557,3895913790362,3895913813768,3895913829858,23406
110,"void dequantize_block_q4_0<__half>(void const*, __half*, int) [clone .kd]",4,1,109,70054,70054,229376,32,0,0,12,0,16,64,"0x0","0x7c5b0c5d2b80",3895888380238,3895913813768,3895913836582,3895913854593,22814
111,"void flash_attn_tile<256, 256, 4, 6, false>(char const*, char const*, char const*, char const*, char const*, int const*, float*, HIP_vector_type<float, 2u>*, float, float, float, float, unsigned int, float, int, HIP_vector_type<unsigned int, 3u>, int, int, int, int, int, int, int, int, int, int, int, long, int, int, long, int, int, int, int, int, long) [clone .kd]",4,1,110,70054,70054,21504,384,32768,1432,128,0,48,64,"0x0","0x7c5b0c546a40",3895888382728,3895914046798,3895914566188,3895914597193,519390
112,"void flash_attn_combine_results<256>(float const*, HIP_vector_type<float, 2u> const*, float*, int) [clone .kd]",4,1,111,70054,70054,6144,256,512,0,20,0,32,64,"0x0","0x7c5b0c546880",3895888384414,3895914638037,3895914665444,3895914674530,27407
113,"void dequantize_block_q4_0<__half>(void const*, __half*, int) [clone .kd]",4,1,112,70054,70054,229376,32,0,0,12,0,16,64,"0x0","0x7c5b0c5d2b80",3895888386427,3895914665444,3895914688999,3895914698812,23555
114,"void dequantize_block_q4_0<__half>(void const*, __half*, int) [clone .kd]",4,1,113,70054,70054,229376,32,0,0,12,0,16,64,"0x0","0x7c5b0c5d2b80",3895888388039,3895914688999,3895914712257,3895914723498,23258
115,"void flash_attn_tile<256, 256, 4, 2, false>(char const*, char const*, char const*, char const*, char const*, int const*, float*, HIP_vector_type<float, 2u>*, float, float, float, float, unsigned int, float, int, HIP_vector_type<unsigned int, 3u>, int, int, int, int, int, int, int, int, int, int, int, long, int, int, long, int, int, int, int, int, long) [clone .kd]",4,1,114,70054,70054,28416,256,22528,1104,128,0,64,64,"0x0","0x7c5b0c5469c0",3895888390652,3895914922176,3895915620375,3895915651572,698199
116,"void flash_attn_combine_results<256>(float const*, HIP_vector_type<float, 2u> const*, float*, int) [clone .kd]",4,1,115,70054,70054,6144,256,512,0,20,0,32,64,"0x0","0x7c5b0c546880",3895888392478,3895915620375,3895915641856,3895915654508,21481
117,"void dequantize_block_q4_0<__half>(void const*, __half*, int) [clone .kd]",4,1,116,70054,70054,229376,32,0,0,12,0,16,64,"0x0","0x7c5b0c5d2b80",3895888394267,3895915641856,3895915664967,3895915679344,23111
118,"void dequantize_block_q4_0<__half>(void const*, __half*, int) [clone .kd]",4,1,117,70054,70054,229376,32,0,0,12,0,16,64,"0x0","0x7c5b0c5d2b80",3895888396082,3895915664967,3895915688077,3895915703238,23110
119,"void flash_attn_tile<256, 256, 4, 6, false>(char const*, char const*, char const*, char const*, char const*, int const*, float*, HIP_vector_type<float, 2u>*, float, float, float, float, unsigned int, float, int, HIP_vector_type<unsigned int, 3u>, int, int, int, int, int, int, int, int, int, int, int, long, int, int, long, int, int, int, int, int, long) [clone .kd]",4,1,118,70054,70054,21504,384,32768,1432,128,0,48,64,"0x0","0x7c5b0c546a40",3895888398761,3895915898885,3895916436349,3895916467511,537464
120,"void flash_attn_combine_results<256>(float const*, HIP_vector_type<float, 2u> const*, float*, int) [clone .kd]",4,1,119,70054,70054,6144,256,512,0,20,0,32,64,"0x0","0x7c5b0c546880",3895888400579,3895916491902,3895916521235,3895916531792,29333
121,"void dequantize_block_q4_0<__half>(void const*, __half*, int) [clone .kd]",4,1,120,70054,70054,229376,32,0,0,12,0,16,64,"0x0","0x7c5b0c5d2b80",3895888402357,3895916521235,3895916545826,3895916555719,24591
122,"void dequantize_block_q4_0<__half>(void const*, __half*, int) [clone .kd]",4,1,121,70054,70054,229376,32,0,0,12,0,16,64,"0x0","0x7c5b0c5d2b80",3895888404301,3895916545826,3895916570270,3895916581091,24444
123,"void flash_attn_tile<256, 256, 4, 2, false>(char const*, char const*, char const*, char const*, char const*, int const*, float*, HIP_vector_type<float, 2u>*, float, float, float, float, unsigned int, float, int, HIP_vector_type<unsigned int, 3u>, int, int, int, int, int, int, int, int, int, int, int, long, int, int, long, int, int, int, int, int, long) [clone .kd]",4,1,122,70054,70054,28416,256,22528,1104,128,0,64,64,"0x0","0x7c5b0c5469c0",3895888406706,3895916793078,3895917476611,3895917508391,683533
124,"void flash_attn_combine_results<256>(float const*, HIP_vector_type<float, 2u> const*, float*, int) [clone .kd]",4,1,123,70054,70054,6144,256,512,0,20,0,32,64,"0x0","0x7c5b0c546880",3895888408661,3895917476611,3895917499277,3895917512077,22666
125,"void dequantize_block_q4_0<__half>(void const*, __half*, int) [clone .kd]",4,1,124,70054,70054,229376,32,0,0,12,0,16,64,"0x0","0x7c5b0c5d2b80",3895888410475,3895917499277,3895917524313,3895917536457,25036
126,"void dequantize_block_q4_0<__half>(void const*, __half*, int) [clone .kd]",4,1,125,70054,70054,229376,32,0,0,12,0,16,64,"0x0","0x7c5b0c5d2b80",3895888412158,3895917524313,3895917548905,3895917560584,24592
127,"void flash_attn_tile<256, 256, 4, 6, false>(char const*, char const*, char const*, char const*, char const*, int const*, float*, HIP_vector_type<float, 2u>*, float, float, float, float, unsigned int, float, int, HIP_vector_type<unsigned int, 3u>, int, int, int, int, int, int, int, int, int, int, int, long, int, int, long, int, int, int, int, int, long) [clone .kd]",4,1,126,70054,70054,21504,384,32768,1432,128,0,48,64,"0x0","0x7c5b0c546a40",3895888414623,3895917772453,3895918303546,3895918334514,531093
128,"void flash_attn_combine_results<256>(float const*, HIP_vector_type<float, 2u> const*, float*, int) [clone .kd]",4,1,127,70054,70054,6144,256,512,0,20,0,32,64,"0x0","0x7c5b0c546880",3895888416328,3895918340582,3895918368878,3895918378492,28296
129,"void dequantize_block_q4_0<__half>(void const*, __half*, int) [clone .kd]",4,1,128,70054,70054,229376,32,0,0,12,0,16,64,"0x0","0x7c5b0c5d2b80",3895888418269,3895918368878,3895918393914,3895918404069,25036
130,"void dequantize_block_q4_0<__half>(void const*, __half*, int) [clone .kd]",4,1,129,70054,70054,229376,32,0,0,12,0,16,64,"0x0","0x7c5b0c5d2b80",3895888419932,3895918393914,3895918418505,3895918427558,24591
131,"void flash_attn_tile<256, 256, 4, 2, false>(char const*, char const*, char const*, char const*, char const*, int const*, float*, HIP_vector_type<float, 2u>*, float, float, float, float, unsigned int, float, int, HIP_vector_type<unsigned int, 3u>, int, int, int, int, int, int, int, int, int, int, int, long, int, int, long, int, int, int, int, int, long) [clone .kd]",4,1,130,70054,70054,28416,256,22528,1104,128,0,64,64,"0x0","0x7c5b0c5469c0",3895888422300,3895918641461,3895919331661,3895919362881,690200
132,"void flash_attn_combine_results<256>(float const*, HIP_vector_type<float, 2u> const*, float*, int) [clone .kd]",4,1,131,70054,70054,6144,256,512,0,20,0,32,64,"0x0","0x7c5b0c546880",3895888424024,3895919331661,3895919354030,3895919366144,22369
133,"void dequantize_block_q4_0<__half>(void const*, __half*, int) [clone .kd]",4,1,132,70054,70054,229376,32,0,0,12,0,16,64,"0x0","0x7c5b0c5d2b80",3895888426285,3895919354030,3895919378622,3895919390651,24592
134,"void dequantize_block_q4_0<__half>(void const*, __half*, int) [clone .kd]",4,1,133,70054,70054,229376,32,0,0,12,0,16,64,"0x0","0x7c5b0c5d2b80",3895888427858,3895919378622,3895919403214,3895919414378,24592
135,"void flash_attn_tile<256, 256, 4, 6, false>(char const*, char const*, char const*, char const*, char const*, int const*, float*, HIP_vector_type<float, 2u>*, float, float, float, float, unsigned int, float, int, HIP_vector_type<unsigned int, 3u>, int, int, int, int, int, int, int, int, int, int, int, long, int, int, long, int, int, int, int, int, long) [clone .kd]",4,1,134,70054,70054,21504,384,32768,1432,128,0,48,64,"0x0","0x7c5b0c546a40",3895888430358,3895919626466,3895920168226,3895920198568,541760
136,"void flash_attn_combine_results<256>(float const*, HIP_vector_type<float, 2u> const*, float*, int) [clone .kd]",4,1,135,70054,70054,6144,256,512,0,20,0,32,64,"0x0","0x7c5b0c546880",3895888432179,3895920250890,3895920278889,3895920289346,27999
137,"void dequantize_block_q4_0<__half>(void const*, __half*, int) [clone .kd]",4,1,136,70054,70054,229376,32,0,0,12,0,16,64,"0x0","0x7c5b0c5d2b80",3895888434084,3895920278889,3895920304221,3895920313195,25332
138,"void dequantize_block_q4_0<__half>(void const*, __half*, int) [clone .kd]",4,1,137,70054,70054,229376,32,0,0,12,0,16,64,"0x0","0x7c5b0c5d2b80",3895888435790,3895920304221,3895920328665,3895920339834,24444
139,"void flash_attn_tile<256, 256, 4, 2, false>(char const*, char const*, char const*, char const*, char const*, int const*, float*, HIP_vector_type<float, 2u>*, float, float, float, float, unsigned int, float, int, HIP_vector_type<unsigned int, 3u>, int, int, int, int, int, int, int, int, int, int, int, long, int, int, long, int, int, int, int, int, long) [clone .kd]",4,1,138,70054,70054,28416,256,22528,1104,128,0,64,64,"0x0","0x7c5b0c5469c0",3895888437954,3895920546584,3895921246116,3895921276740,699532
140,"void flash_attn_combine_results<256>(float const*, HIP_vector_type<float, 2u> const*, float*, int) [clone .kd]",4,1,139,70054,70054,6144,256,512,0,20,0,32,64,"0x0","0x7c5b0c546880",3895888439919,3895921246116,3895921267745,3895921280889,21629
141,"void dequantize_block_q4_0<__half>(void const*, __half*, int) [clone .kd]",4,1,140,70054,70054,229376,32,0,0,12,0,16,64,"0x0","0x7c5b0c5d2b80",3895888441738,3895921267745,3895921291004,3895921305657,23259
142,"void dequantize_block_q4_0<__half>(void const*, __half*, int) [clone .kd]",4,1,141,70054,70054,229376,32,0,0,12,0,16,64,"0x0","0x7c5b0c5d2b80",3895888443495,3895921291004,3895921314410,3895921329974,23406
143,"void flash_attn_tile<256, 256, 4, 6, false>(char const*, char const*, char const*, char const*, char const*, int const*, float*, HIP_vector_type<float, 2u>*, float, float, float, float, unsigned int, float, int, HIP_vector_type<unsigned int, 3u>, int, int, int, int, int, int, int, int, int, int, int, long, int, int, long, int, int, int, int, int, long) [clone .kd]",4,1,142,70054,70054,21504,384,32768,1432,128,0,48,64,"0x0","0x7c5b0c546a40",3895888445869,3895921524922,3895922061349,3895922091513,536427
144,"void flash_attn_combine_results<256>(float const*, HIP_vector_type<float, 2u> const*, float*, int) [clone .kd]",4,1,143,70054,70054,6144,256,512,0,20,0,32,64,"0x0","0x7c5b0c546880",3895888447662,3895922123865,3895922151864,3895922162066,27999
145,"void dequantize_block_q4_0<__half>(void const*, __half*, int) [clone .kd]",4,1,144,70054,70054,229376,32,0,0,12,0,16,64,"0x0","0x7c5b0c5d2b80",3895888449606,3895922151864,3895922175567,3895922185627,23703
146,"void dequantize_block_q4_0<__half>(void const*, __half*, int) [clone .kd]",4,1,145,70054,70054,229376,32,0,0,12,0,16,64,"0x0","0x7c5b0c5d2b80",3895888451137,3895922175567,3895922198381,3895922208849,22814
147,"void flash_attn_tile<256, 256, 4, 2, false>(char const*, char const*, char const*, char const*, char const*, int const*, float*, HIP_vector_type<float, 2u>*, float, float, float, float, unsigned int, float, int, HIP_vector_type<unsigned int, 3u>, int, int, int, int, int, int, int, int, int, int, int, long, int, int, long, int, int, int, int, int, long) [clone .kd]",4,1,146,70054,70054,28416,256,22528,1104,128,0,64,64,"0x0","0x7c5b0c5469c0",3895888453518,3895922408448,3895923095981,3895923126888,687533
148,"void flash_attn_combine_results<256>(float const*, HIP_vector_type<float, 2u> const*, float*, int) [clone .kd]",4,1,147,70054,70054,6144,256,512,0,20,0,32,64,"0x0","0x7c5b0c546880",3895888455543,3895923095981,3895923116277,3895923130727,20296
149,"void dequantize_block_q4_0<__half>(void const*, __half*, int) [clone .kd]",4,1,148,70054,70054,229376,32,0,0,12,0,16,64,"0x0","0x7c5b0c5d2b80",3895888457342,3895923116277,3895923139980,3895923154735,23703
150,"void dequantize_block_q4_0<__half>(void const*, __half*, int) [clone .kd]",4,1,149,70054,70054,229376,32,0,0,12,0,16,64,"0x0","0x7c5b0c5d2b80",3895888459108,3895923139980,3895923163238,3895923178026,23258
151,"void flash_attn_tile<256, 256, 4, 6, false>(char const*, char const*, char const*, char const*, char const*, int const*, float*, HIP_vector_type<float, 2u>*, float, float, float, float, unsigned int, float, int, HIP_vector_type<unsigned int, 3u>, int, int, int, int, int, int, int, int, int, int, int, long, int, int, long, int, int, int, int, int, long) [clone .kd]",4,1,150,70054,70054,21504,384,32768,1432,128,0,48,64,"0x0","0x7c5b0c546a40",3895888461527,3895923373750,3895923889881,3895923919799,516131
152,"void flash_attn_combine_results<256>(float const*, HIP_vector_type<float, 2u> const*, float*, int) [clone .kd]",4,1,151,70054,70054,6144,256,512,0,20,0,32,64,"0x0","0x7c5b0c546880",3895888463440,3895923963508,3895923990766,3895923999879,27258
153,"void dequantize_block_q4_0<__half>(void const*, __half*, int) [clone .kd]",4,1,152,70054,70054,229376,32,0,0,12,0,16,64,"0x0","0x7c5b0c5d2b80",3895888465445,3895923990766,3895924014321,3895924026852,23555
154,"void dequantize_block_q4_0<__half>(void const*, __half*, int) [clone .kd]",4,1,153,70054,70054,229376,32,0,0,12,0,16,64,"0x0","0x7c5b0c5d2b80",3895888466995,3895924014321,3895924037580,3895924050664,23259
155,"void flash_attn_tile<256, 256, 4, 2, false>(char const*, char const*, char const*, char const*, char const*, int const*, float*, HIP_vector_type<float, 2u>*, float, float, float, float, unsigned int, float, int, HIP_vector_type<unsigned int, 3u>, int, int, int, int, int, int, int, int, int, int, int, long, int, int, long, int, int, int, int, int, long) [clone .kd]",4,1,154,70054,70054,28416,256,22528,1104,128,0,64,64,"0x0","0x7c5b0c5469c0",3895888469442,3895924249601,3895924950327,3895924984993,700726
156,"void flash_attn_combine_results<256>(float const*, HIP_vector_type<float, 2u> const*, float*, int) [clone .kd]",4,1,155,70054,70054,6144,256,512,0,20,0,32,64,"0x0","0x7c5b0c546880",3895888471133,3895924950327,3895924971660,3895924989250,21333
157,"void dequantize_block_q4_0<__half>(void const*, __half*, int) [clone .kd]",4,1,156,70054,70054,229376,32,0,0,12,0,16,64,"0x0","0x7c5b0c5d2b80",3895888473115,3895924971660,3895924995066,3895925017272,23406
158,"void dequantize_block_q4_0<__half>(void const*, __half*, int) [clone .kd]",4,1,157,70054,70054,229376,32,0,0,12,0,16,64,"0x0","0x7c5b0c5d2b80",3895888474698,3895924995066,3895925018028,3895925020531,22962
159,"void flash_attn_tile<256, 256, 4, 6, false>(char const*, char const*, char const*, char const*, char const*, int const*, float*, HIP_vector_type<float, 2u>*, float, float, float, float, unsigned int, float, int, HIP_vector_type<unsigned int, 3u>, int, int, int, int, int, int, int, int, int, int, int, long, int, int, long, int, int, int, int, int, long) [clone .kd]",4,1,158,70054,70054,21504,384,32768,1432,128,0,48,64,"0x0","0x7c5b0c546a40",3895888476983,3895925228246,3895925764827,3895925792222,536581
160,"void flash_attn_combine_results<256>(float const*, HIP_vector_type<float, 2u> const*, float*, int) [clone .kd]",4,1,159,70054,70054,6144,256,512,0,20,0,32,64,"0x0","0x7c5b0c546880",3895888478886,3895925817714,3895925844677,3895925852941,26963
161,"void dequantize_block_q4_0<__half>(void const*, __half*, int) [clone .kd]",4,1,160,70054,70054,229376,32,0,0,12,0,16,64,"0x0","0x7c5b0c5d2b80",3895888480730,3895925844677,3895925868380,3895925876434,23703
162,"void dequantize_block_q4_0<__half>(void const*, __half*, int) [clone .kd]",4,1,161,70054,70054,229376,32,0,0,12,0,16,64,"0x0","0x7c5b0c5d2b80",3895888482481,3895925868380,3895925891787,3895925898987,23407
163,"void flash_attn_tile<256, 256, 4, 2, false>(char const*, char const*, char const*, char const*, char const*, int const*, float*, HIP_vector_type<float, 2u>*, float, float, float, float, unsigned int, float, int, HIP_vector_type<unsigned int, 3u>, int, int, int, int, int, int, int, int, int, int, int, long, int, int, long, int, int, int, int, int, long) [clone .kd]",4,1,162,70054,70054,28416,256,22528,1104,128,0,64,64,"0x0","0x7c5b0c5469c0",3895888484878,3895926101560,3895926799915,3895926828766,698355
164,"void flash_attn_combine_results<256>(float const*, HIP_vector_type<float, 2u> const*, float*, int) [clone .kd]",4,1,163,70054,70054,6144,256,512,0,20,0,32,64,"0x0","0x7c5b0c546880",3895888486649,3895926799915,3895926819322,3895926833756,19407
165,"void dequantize_block_q4_0<__half>(void const*, __half*, int) [clone .kd]",4,1,164,70054,70054,229376,32,0,0,12,0,16,64,"0x0","0x7c5b0c5d2b80",3895888488591,3895926819322,3895926841544,3895926857004,22222
166,"void dequantize_block_q4_0<__half>(void const*, __half*, int) [clone .kd]",4,1,165,70054,70054,229376,32,0,0,12,0,16,64,"0x0","0x7c5b0c5d2b80",3895888490231,3895926841544,3895926862729,3895926880246,21185
167,"void flash_attn_tile<256, 256, 4, 6, false>(char const*, char const*, char const*, char const*, char const*, int const*, float*, HIP_vector_type<float, 2u>*, float, float, float, float, unsigned int, float, int, HIP_vector_type<unsigned int, 3u>, int, int, int, int, int, int, int, int, int, int, int, long, int, int, long, int, int, int, int, int, long) [clone .kd]",4,1,166,70054,70054,21504,384,32768,1432,128,0,48,64,"0x0","0x7c5b0c546a40",3895888492616,3895927052651,3895927578121,3895927606970,525470
168,"void flash_attn_combine_results<256>(float const*, HIP_vector_type<float, 2u> const*, float*, int) [clone .kd]",4,1,167,70054,70054,6144,256,512,0,20,0,32,64,"0x0","0x7c5b0c546880",3895888494505,3895927658712,3895927685674,3895927693858,26962
169,"void dequantize_block_q4_0<__half>(void const*, __half*, int) [clone .kd]",4,1,168,70054,70054,229376,32,0,0,12,0,16,64,"0x0","0x7c5b0c5d2b80",3895888496368,3895927685674,3895927709377,3895927717537,23703
170,"void dequantize_block_q4_0<__half>(void const*, __half*, int) [clone .kd]",4,1,169,70054,70054,229376,32,0,0,12,0,16,64,"0x0","0x7c5b0c5d2b80",3895888497934,3895927709377,3895927732340,3895927739880,22963
171,"void flash_attn_tile<256, 256, 4, 2, false>(char const*, char const*, char const*, char const*, char const*, int const*, float*, HIP_vector_type<float, 2u>*, float, float, float, float, unsigned int, float, int, HIP_vector_type<unsigned int, 3u>, int, int, int, int, int, int, int, int, int, int, int, long, int, int, long, int, int, int, int, int, long) [clone .kd]",4,1,170,70054,70054,28416,256,22528,1104,128,0,64,64,"0x0","0x7c5b0c5469c0",3895888500266,3895927942113,3895928652172,3895928682196,710059
172,"void flash_attn_combine_results<256>(float const*, HIP_vector_type<float, 2u> const*, float*, int) [clone .kd]",4,1,171,70054,70054,6144,256,512,0,20,0,32,64,"0x0","0x7c5b0c546880",3895888502276,3895928652172,3895928674690,3895928686496,22518
173,"void dequantize_block_q4_0<__half>(void const*, __half*, int) [clone .kd]",4,1,172,70054,70054,229376,32,0,0,12,0,16,64,"0x0","0x7c5b0c5d2b80",3895888504257,3895928674690,3895928699430,3895928709263,24740
174,"void dequantize_block_q4_0<__half>(void const*, __half*, int) [clone .kd]",4,1,173,70054,70054,229376,32,0,0,12,0,16,64,"0x0","0x7c5b0c5d2b80",3895888506016,3895928699430,3895928724022,3895928731003,24592
175,"void flash_attn_tile<256, 256, 4, 6, false>(char const*, char const*, char const*, char const*, char const*, int const*, float*, HIP_vector_type<float, 2u>*, float, float, float, float, unsigned int, float, int, HIP_vector_type<unsigned int, 3u>, int, int, int, int, int, int, int, int, int, int, int, long, int, int, long, int, int, int, int, int, long) [clone .kd]",4,1,174,70054,70054,21504,384,32768,1432,128,0,48,64,"0x0","0x7c5b0c546a40",3895888508274,3895928947425,3895929489487,3895929519115,542062
176,"void flash_attn_combine_results<256>(float const*, HIP_vector_type<float, 2u> const*, float*, int) [clone .kd]",4,1,175,70054,70054,6144,256,512,0,20,0,32,64,"0x0","0x7c5b0c546880",3895888510191,3895929573337,3895929601336,3895929608615,27999
177,"void dequantize_block_q4_0<__half>(void const*, __half*, int) [clone .kd]",4,1,176,70054,70054,229376,32,0,0,12,0,16,64,"0x0","0x7c5b0c5d2b80",3895888512074,3895929601336,3895929626225,3895929633855,24889
178,"void dequantize_block_q4_0<__half>(void const*, __half*, int) [clone .kd]",4,1,177,70054,70054,229376,32,0,0,12,0,16,64,"0x0","0x7c5b0c5d2b80",3895888513705,3895929626225,3895929650817,3895929659148,24592
179,"void flash_attn_tile<256, 256, 4, 2, false>(char const*, char const*, char const*, char const*, char const*, int const*, float*, HIP_vector_type<float, 2u>*, float, float, float, float, unsigned int, float, int, HIP_vector_type<unsigned int, 3u>, int, int, int, int, int, int, int, int, int, int, int, long, int, int, long, int, int, int, int, int, long) [clone .kd]",4,1,178,70054,70054,28416,256,22528,1104,128,0,64,64,"0x0","0x7c5b0c5469c0",3895888516161,3895929873775,3895930594945,3895930642627,721170
180,"void flash_attn_combine_results<256>(float const*, HIP_vector_type<float, 2u> const*, float*, int) [clone .kd]",4,1,179,70054,70054,6144,256,512,0,20,0,32,64,"0x0","0x7c5b0c546880",3895888518003,3895930594945,3895930617611,3895930656836,22666
181,"void dequantize_block_q4_0<__half>(void const*, __half*, int) [clone .kd]",4,1,180,70054,70054,229376,32,0,0,12,0,16,64,"0x0","0x7c5b0c5d2b80",3895888519872,3895930617611,3895930642647,3895930659188,25036
182,"void dequantize_block_q4_0<__half>(void const*, __half*, int) [clone .kd]",4,1,181,70054,70054,229376,32,0,0,12,0,16,64,"0x0","0x7c5b0c5d2b80",3895888521706,3895930642647,3895930667239,3895930686412,24592
183,"void flash_attn_tile<256, 256, 4, 6, false>(char const*, char const*, char const*, char const*, char const*, int const*, float*, HIP_vector_type<float, 2u>*, float, float, float, float, unsigned int, float, int, HIP_vector_type<unsigned int, 3u>, int, int, int, int, int, int, int, int, int, int, int, long, int, int, long, int, int, int, int, int, long) [clone .kd]",4,1,182,70054,70054,21504,384,32768,1432,128,0,48,64,"0x0","0x7c5b0c546a40",3895888524062,3895930890346,3895931432852,3895931460931,542506
184,"void flash_attn_combine_results<256>(float const*, HIP_vector_type<float, 2u> const*, float*, int) [clone .kd]",4,1,183,70054,70054,6144,256,512,0,20,0,32,64,"0x0","0x7c5b0c546880",3895888525744,3895931515814,3895931544109,3895931551912,28295
185,"void dequantize_block_q4_0<__half>(void const*, __half*, int) [clone .kd]",4,1,184,70054,70054,229376,32,0,0,12,0,16,64,"0x0","0x7c5b0c5d2b80",3895888527679,3895931544109,3895931568849,3895931575414,24740
186,"void dequantize_block_q4_0<__half>(void const*, __half*, int) [clone .kd]",4,1,185,70054,70054,229376,32,0,0,12,0,16,64,"0x0","0x7c5b0c5d2b80",3895888529281,3895931568849,3895931593293,3895931600826,24444
187,"void flash_attn_tile<256, 256, 4, 2, false>(char const*, char const*, char const*, char const*, char const*, int const*, float*, HIP_vector_type<float, 2u>*, float, float, float, float, unsigned int, float, int, HIP_vector_type<unsigned int, 3u>, int, int, int, int, int, int, int, int, int, int, int, long, int, int, long, int, int, int, int, int, long) [clone .kd]",4,1,186,70054,70054,28416,256,22528,1104,128,0,64,64,"0x0","0x7c5b0c5469c0",3895888531763,3895931816103,3895932531644,3895932559434,715541
188,"void flash_attn_combine_results<256>(float const*, HIP_vector_type<float, 2u> const*, float*, int) [clone .kd]",4,1,187,70054,70054,6144,256,512,0,20,0,32,64,"0x0","0x7c5b0c546880",3895888533678,3895932531644,3895932553717,3895932562716,22073
189,"void dequantize_block_q4_0<__half>(void const*, __half*, int) [clone .kd]",4,1,188,70054,70054,229376,32,0,0,12,0,16,64,"0x0","0x7c5b0c5d2b80",3895888535736,3895932553717,3895932578605,3895932585435,24888
190,"void dequantize_block_q4_0<__half>(void const*, __half*, int) [clone .kd]",4,1,189,70054,70054,229376,32,0,0,12,0,16,64,"0x0","0x7c5b0c5d2b80",3895888537448,3895932578605,3895932603198,3895932609960,24593
191,"void flash_attn_tile<256, 256, 4, 6, false>(char const*, char const*, char const*, char const*, char const*, int const*, float*, HIP_vector_type<float, 2u>*, float, float, float, float, unsigned int, float, int, HIP_vector_type<unsigned int, 3u>, int, int, int, int, int, int, int, int, int, int, int, long, int, int, long, int, int, int, int, int, long) [clone .kd]",4,1,190,70054,70054,21504,384,32768,1432,128,0,48,64,"0x0","0x7c5b0c546a40",3895888539860,3895932826600,3895933371774,3895933399756,545174
192,"void flash_attn_combine_results<256>(float const*, HIP_vector_type<float, 2u> const*, float*, int) [clone .kd]",4,1,191,70054,70054,6144,256,512,0,20,0,32,64,"0x0","0x7c5b0c546880",3895888541633,3895933452216,3895933481104,3895933488372,28888
193,"void dequantize_block_q4_0<__half>(void const*, __half*, int) [clone .kd]",4,1,192,70054,70054,229376,32,0,0,12,0,16,64,"0x0","0x7c5b0c5d2b80",3895888543474,3895933481104,3895933505993,3895933513022,24889
194,"void dequantize_block_q4_0<__half>(void const*, __half*, int) [clone .kd]",4,1,193,70054,70054,229376,32,0,0,12,0,16,64,"0x0","0x7c5b0c5d2b80",3895888545214,3895933505993,3895933530733,3895933537719,24740
195,"void flash_attn_tile<256, 256, 4, 2, false>(char const*, char const*, char const*, char const*, char const*, int const*, float*, HIP_vector_type<float, 2u>*, float, float, float, float, unsigned int, float, int, HIP_vector_type<unsigned int, 3u>, int, int, int, int, int, int, int, int, int, int, int, long, int, int, long, int, int, int, int, int, long) [clone .kd]",4,1,194,70054,70054,28416,256,22528,1104,128,0,64,64,"0x0","0x7c5b0c5469c0",3895888547540,3895933753395,3895934463898,3895934491307,710503
196,"void flash_attn_combine_results<256>(float const*, HIP_vector_type<float, 2u> const*, float*, int) [clone .kd]",4,1,195,70054,70054,6144,256,512,0,20,0,32,64,"0x0","0x7c5b0c546880",3895888549229,3895934463898,3895934485824,3895934495711,21926
197,"void dequantize_block_q4_0<__half>(void const*, __half*, int) [clone .kd]",4,1,196,70054,70054,229376,32,0,0,12,0,16,64,"0x0","0x7c5b0c5d2b80",3895888551166,3895934485824,3895934510712,3895934518063,24888
198,"void dequantize_block_q4_0<__half>(void const*, __half*, int) [clone .kd]",4,1,197,70054,70054,229376,32,0,0,12,0,16,64,"0x0","0x7c5b0c5d2b80",3895888552969,3895934510712,3895934535156,3895934542455,24444
199,"void flash_attn_tile<256, 256, 4, 6, false>(char const*, char const*, char const*, char const*, char const*, int const*, float*, HIP_vector_type<float, 2u>*, float, float, float, float, unsigned int, float, int, HIP_vector_type<unsigned int, 3u>, int, int, int, int, int, int, int, int, int, int, int, long, int, int, long, int, int, int, int, int, long) [clone .kd]",4,1,198,70054,70054,21504,384,32768,1432,128,0,48,64,"0x0","0x7c5b0c546a40",3895888555291,3895934758262,3895935297658,3895935324688,539396
200,"void flash_attn_combine_results<256>(float const*, HIP_vector_type<float, 2u> const*, float*, int) [clone .kd]",4,1,199,70054,70054,6144,256,512,0,20,0,32,64,"0x0","0x7c5b0c546880",3895888557187,3895935328176,3895935356027,3895935364573,27851
201,"void dequantize_block_q4_0<__half>(void const*, __half*, int) [clone .kd]",4,1,200,70054,70054,229376,32,0,0,12,0,16,64,"0x0","0x7c5b0c5d2b80",3895888559176,3895935356027,3895935381063,3895935388656,25036
202,"void dequantize_block_q4_0<__half>(void const*, __half*, int) [clone .kd]",4,1,201,70054,70054,229376,32,0,0,12,0,16,64,"0x0","0x7c5b0c5d2b80",3895888560718,3895935381063,3895935405804,3895935412803,24741
203,"void flash_attn_tile<256, 256, 4, 2, false>(char const*, char const*, char const*, char const*, char const*, int const*, float*, HIP_vector_type<float, 2u>*, float, float, float, float, unsigned int, float, int, HIP_vector_type<unsigned int, 3u>, int, int, int, int, int, int, int, int, int, int, int, long, int, int, long, int, int, int, int, int, long) [clone .kd]",4,1,202,70054,70054,28416,256,22528,1104,128,0,64,64,"0x0","0x7c5b0c5469c0",3895888562958,3895935628614,3895936342820,3895936370016,714206
204,"void flash_attn_combine_results<256>(float const*, HIP_vector_type<float, 2u> const*, float*, int) [clone .kd]",4,1,203,70054,70054,6144,256,512,0,20,0,32,64,"0x0","0x7c5b0c546880",3895888564793,3895936342820,3895936365042,3895936372737,22222
205,"void dequantize_block_q4_0<__half>(void const*, __half*, int) [clone .kd]",4,1,204,70054,70054,229376,32,0,0,12,0,16,64,"0x0","0x7c5b0c5d2b80",3895888566674,3895936365042,3895936390227,3895936398198,25185
206,"void dequantize_block_q4_0<__half>(void const*, __half*, int) [clone .kd]",4,1,205,70054,70054,229376,32,0,0,12,0,16,64,"0x0","0x7c5b0c5d2b80",3895888568364,3895936390227,3895936414819,3895936422665,24592
207,"void flash_attn_tile<256, 256, 4, 6, false>(char const*, char const*, char const*, char const*, char const*, int const*, float*, HIP_vector_type<float, 2u>*, float, float, float, float, unsigned int, float, int, HIP_vector_type<unsigned int, 3u>, int, int, int, int, int, int, int, int, int, int, int, long, int, int, long, int, int, int, int, int, long) [clone .kd]",4,1,206,70054,70054,21504,384,32768,1432,128,0,48,64,"0x0","0x7c5b0c546a40",3895888570996,3895936638666,3895937185913,3895937212697,547247
208,"void flash_attn_combine_results<256>(float const*, HIP_vector_type<float, 2u> const*, float*, int) [clone .kd]",4,1,207,70054,70054,6144,256,512,0,20,0,32,64,"0x0","0x7c5b0c546880",3895888572847,3895937264726,3895937293763,3895937300646,29037
209,"void dequantize_block_q4_0<__half>(void const*, __half*, int) [clone .kd]",4,1,208,70054,70054,229376,32,0,0,12,0,16,64,"0x0","0x7c5b0c5d2b80",3895888574700,3895937293763,3895937318799,3895937326471,25036
210,"void dequantize_block_q4_0<__half>(void const*, __half*, int) [clone .kd]",4,1,209,70054,70054,229376,32,0,0,12,0,16,64,"0x0","0x7c5b0c5d2b80",3895888576456,3895937318799,3895937343540,3895937351866,24741
211,"void flash_attn_tile<256, 256, 4, 2, false>(char const*, char const*, char const*, char const*, char const*, int const*, float*, HIP_vector_type<float, 2u>*, float, float, float, float, unsigned int, float, int, HIP_vector_type<unsigned int, 3u>, int, int, int, int, int, int, int, int, int, int, int, long, int, int, long, int, int, int, int, int, long) [clone .kd]",4,1,210,70054,70054,28416,256,22528,1104,128,0,64,64,"0x0","0x7c5b0c5469c0",3895888578819,3895937560720,3895938263372,3895938290130,702652
212,"void flash_attn_combine_results<256>(float const*, HIP_vector_type<float, 2u> const*, float*, int) [clone .kd]",4,1,211,70054,70054,6144,256,512,0,20,0,32,64,"0x0","0x7c5b0c546880",3895888580627,3895938263372,3895938283964,3895938292977,20592
213,"void dequantize_block_q4_0<__half>(void const*, __half*, int) [clone .kd]",4,1,212,70054,70054,229376,32,0,0,12,0,16,64,"0x0","0x7c5b0c5d2b80",3895888582432,3895938283964,3895938307519,3895938314311,23555
214,"void dequantize_block_q4_0<__half>(void const*, __half*, int) [clone .kd]",4,1,213,70054,70054,229376,32,0,0,12,0,16,64,"0x0","0x7c5b0c5d2b80",3895888584141,3895938307519,3895938330778,3895938339265,23259
215,"void flash_attn_tile<256, 256, 4, 6, false>(char const*, char const*, char const*, char const*, char const*, int const*, float*, HIP_vector_type<float, 2u>*, float, float, float, float, unsigned int, float, int, HIP_vector_type<unsigned int, 3u>, int, int, int, int, int, int, int, int, int, int, int, long, int, int, long, int, int, int, int, int, long) [clone .kd]",4,1,214,70054,70054,21504,384,32768,1432,128,0,48,64,"0x0","0x7c5b0c546a40",3895888586527,3895938546477,3895939086169,3895939111837,539692
216,"void flash_attn_combine_results<256>(float const*, HIP_vector_type<float, 2u> const*, float*, int) [clone .kd]",4,1,215,70054,70054,6144,256,512,0,20,0,32,64,"0x0","0x7c5b0c546880",3895888588302,3895939115501,3895939144241,3895939152171,28740
217,"void dequantize_block_q4_0<__half>(void const*, __half*, int) [clone .kd]",4,1,216,70054,70054,229376,32,0,0,12,0,16,64,"0x0","0x7c5b0c5d2b80",3895888590208,3895939144241,3895939169130,3895939177423,24889
218,"void dequantize_block_q4_0<__half>(void const*, __half*, int) [clone .kd]",4,1,217,70054,70054,229376,32,0,0,12,0,16,64,"0x0","0x7c5b0c5d2b80",3895888591919,3895939169130,3895939193870,3895939201017,24740
219,"void flash_attn_tile<256, 256, 4, 2, false>(char const*, char const*, char const*, char const*, char const*, int const*, float*, HIP_vector_type<float, 2u>*, float, float, float, float, unsigned int, float, int, HIP_vector_type<unsigned int, 3u>, int, int, int, int, int, int, int, int, int, int, int, long, int, int, long, int, int, int, int, int, long) [clone .kd]",4,1,218,70054,70054,28416,256,22528,1104,128,0,64,64,"0x0","0x7c5b0c5469c0",3895888594192,3895939416532,3895940129702,3895940156450,713170
220,"void flash_attn_combine_results<256>(float const*, HIP_vector_type<float, 2u> const*, float*, int) [clone .kd]",4,1,219,70054,70054,6144,256,512,0,20,0,32,64,"0x0","0x7c5b0c546880",3895888595902,3895940129702,3895940150738,3895940159232,21036
221,"void dequantize_block_q4_0<__half>(void const*, __half*, int) [clone .kd]",4,1,220,70054,70054,229376,32,0,0,12,0,16,64,"0x0","0x7c5b0c5d2b80",3895888597813,3895940150738,3895940174293,3895940181765,23555
222,"void dequantize_block_q4_0<__half>(void const*, __half*, int) [clone .kd]",4,1,221,70054,70054,229376,32,0,0,12,0,16,64,"0x0","0x7c5b0c5d2b80",3895888599520,3895940174293,3895940197404,3895940204450,23111
223,"void flash_attn_tile<256, 256, 4, 6, false>(char const*, char const*, char const*, char const*, char const*, int const*, float*, HIP_vector_type<float, 2u>*, float, float, float, float, unsigned int, float, int, HIP_vector_type<unsigned int, 3u>, int, int, int, int, int, int, int, int, int, int, int, long, int, int, long, int, int, int, int, int, long) [clone .kd]",4,1,222,70054,70054,21504,384,32768,1432,128,0,48,64,"0x0","0x7c5b0c546a40",3895888601877,3895940407770,3895940936943,3895940961956,529173
224,"void flash_attn_combine_results<256>(float const*, HIP_vector_type<float, 2u> const*, float*, int) [clone .kd]",4,1,223,70054,70054,6144,256,512,0,20,0,32,64,"0x0","0x7c5b0c546880",3895888603578,3895941005831,3895941031608,3895941038745,25777
225,"void dequantize_block_q4_0<__half>(void const*, __half*, int) [clone .kd]",4,1,224,70054,70054,229376,32,0,0,12,0,16,64,"0x0","0x7c5b0c5d2b80",3895888605540,3895941031608,3895941054719,3895941062406,23111
226,"void dequantize_block_q4_0<__half>(void const*, __half*, int) [clone .kd]",4,1,225,70054,70054,229376,32,0,0,12,0,16,64,"0x0","0x7c5b0c5d2b80",3895888607356,3895941054719,3895941076792,3895941084662,22073
227,"void flash_attn_tile<256, 256, 4, 2, false>(char const*, char const*, char const*, char const*, char const*, int const*, float*, HIP_vector_type<float, 2u>*, float, float, float, float, unsigned int, float, int, HIP_vector_type<unsigned int, 3u>, int, int, int, int, int, int, int, int, int, int, int, long, int, int, long, int, int, int, int, int, long) [clone .kd]",4,1,226,70054,70054,28416,256,22528,1104,128,0,64,64,"0x0","0x7c5b0c5469c0",3895888609576,3895941266714,3895941958403,3895941985282,691689
228,"void flash_attn_combine_results<256>(float const*, HIP_vector_type<float, 2u> const*, float*, int) [clone .kd]",4,1,227,70054,70054,6144,256,512,0,20,0,32,64,"0x0","0x7c5b0c546880",3895888611296,3895941958403,3895941977958,3895941988288,19555
229,"void dequantize_block_q4_0<__half>(void const*, __half*, int) [clone .kd]",4,1,228,70054,70054,229376,32,0,0,12,0,16,64,"0x0","0x7c5b0c5d2b80",3895888613173,3895941977958,3895941998846,3895942010506,20888
230,"void dequantize_block_q4_0<__half>(void const*, __half*, int) [clone .kd]",4,1,229,70054,70054,229376,32,0,0,12,0,16,64,"0x0","0x7c5b0c5d2b80",3895888614816,3895941998846,3895942019883,3895942031219,21037
231,"void flash_attn_tile<256, 256, 4, 6, false>(char const*, char const*, char const*, char const*, char const*, int const*, float*, HIP_vector_type<float, 2u>*, float, float, float, float, unsigned int, float, int, HIP_vector_type<unsigned int, 3u>, int, int, int, int, int, int, int, int, int, int, int, long, int, int, long, int, int, int, int, int, long) [clone .kd]",4,1,230,70054,70054,21504,384,32768,1432,128,0,48,64,"0x0","0x7c5b0c546a40",3895888617108,3895942209805,3895942746090,3895942771690,536285
232,"void flash_attn_combine_results<256>(float const*, HIP_vector_type<float, 2u> const*, float*, int) [clone .kd]",4,1,231,70054,70054,6144,256,512,0,20,0,32,64,"0x0","0x7c5b0c546880",3895888618841,3895942802829,3895942827421,3895942834753,24592
233,"void dequantize_block_q4_0<__half>(void const*, __half*, int) [clone .kd]",4,1,232,70054,70054,229376,32,0,0,12,0,16,64,"0x0","0x7c5b0c5d2b80",3895888620781,3895942827421,3895942850680,3895942863183,23259
234,"void dequantize_block_q4_0<__half>(void const*, __half*, int) [clone .kd]",4,1,233,70054,70054,229376,32,0,0,12,0,16,64,"0x0","0x7c5b0c5d2b80",3895888622380,3895942850680,3895942872902,3895942883268,22222
235,"void flash_attn_tile<256, 256, 4, 2, false>(char const*, char const*, char const*, char const*, char const*, int const*, float*, HIP_vector_type<float, 2u>*, float, float, float, float, unsigned int, float, int, HIP_vector_type<unsigned int, 3u>, int, int, int, int, int, int, int, int, int, int, int, long, int, int, long, int, int, int, int, int, long) [clone .kd]",4,1,234,70054,70054,28416,256,22528,1104,128,0,64,64,"0x0","0x7c5b0c5469c0",3895888624583,3895943062675,3895943777919,3895943804585,715244
236,"void flash_attn_combine_results<256>(float const*, HIP_vector_type<float, 2u> const*, float*, int) [clone .kd]",4,1,235,70054,70054,6144,256,512,0,20,0,32,64,"0x0","0x7c5b0c546880",3895888626405,3895943777919,3895943799548,3895943808698,21629
237,"void dequantize_block_q4_0<__half>(void const*, __half*, int) [clone .kd]",4,1,236,70054,70054,229376,32,0,0,12,0,16,64,"0x0","0x7c5b0c5d2b80",3895888628333,3895943799548,3895943822807,3895943830044,23259
238,"void dequantize_block_q4_0<__half>(void const*, __half*, int) [clone .kd]",4,1,237,70054,70054,229376,32,0,0,12,0,16,64,"0x0","0x7c5b0c5d2b80",3895888629968,3895943822807,3895943845621,3895943852699,22814
239,"void flash_attn_tile<256, 256, 4, 6, false>(char const*, char const*, char const*, char const*, char const*, int const*, float*, HIP_vector_type<float, 2u>*, float, float, float, float, unsigned int, float, int, HIP_vector_type<unsigned int, 3u>, int, int, int, int, int, int, int, int, int, int, int, long, int, int, long, int, int, int, int, int, long) [clone .kd]",4,1,238,70054,70054,21504,384,32768,1432,128,0,48,64,"0x0","0x7c5b0c546a40",3895888632252,3895944055987,3895944593309,3895944622378,537322
240,"void flash_attn_combine_results<256>(float const*, HIP_vector_type<float, 2u> const*, float*, int) [clone .kd]",4,1,239,70054,70054,6144,256,512,0,20,0,32,64,"0x0","0x7c5b0c546880",3895888634095,3895944646345,3895944673455,3895944681650,27110
241,"void dequantize_block_q4_0<__half>(void const*, __half*, int) [clone .kd]",4,1,240,70054,70054,229376,32,0,0,12,0,16,64,"0x0","0x7c5b0c5d2b80",3895888636042,3895944673455,3895944697010,3895944704843,23555
242,"void dequantize_block_q4_0<__half>(void const*, __half*, int) [clone .kd]",4,1,241,70054,70054,229376,32,0,0,12,0,16,64,"0x0","0x7c5b0c5d2b80",3895888637834,3895944697010,3895944720417,3895944727495,23407
243,"void flash_attn_tile<256, 256, 4, 2, false>(char const*, char const*, char const*, char const*, char const*, int const*, float*, HIP_vector_type<float, 2u>*, float, float, float, float, unsigned int, float, int, HIP_vector_type<unsigned int, 3u>, int, int, int, int, int, int, int, int, int, int, int, long, int, int, long, int, int, int, int, int, long) [clone .kd]",4,1,242,70054,70054,28416,256,22528,1104,128,0,64,64,"0x0","0x7c5b0c5469c0",3895888640072,3895944930339,3895945649879,3895945676956,719540
244,"void flash_attn_combine_results<256>(float const*, HIP_vector_type<float, 2u> const*, float*, int) [clone .kd]",4,1,243,70054,70054,6144,256,512,0,20,0,32,64,"0x0","0x7c5b0c546880",3895888641824,3895945649879,3895945672545,3895945680898,22666
245,"void dequantize_block_q4_0<__half>(void const*, __half*, int) [clone .kd]",4,1,244,70054,70054,229376,32,0,0,12,0,16,64,"0x0","0x7c5b0c5d2b80",3895888643788,3895945672545,3895945697433,3895945706061,24888
246,"void dequantize_block_q4_0<__half>(void const*, __half*, int) [clone .kd]",4,1,245,70054,70054,229376,32,0,0,12,0,16,64,"0x0","0x7c5b0c5d2b80",3895888645536,3895945697433,3895945722025,3895945730696,24592
247,"void flash_attn_tile<256, 256, 4, 6, false>(char const*, char const*, char const*, char const*, char const*, int const*, float*, HIP_vector_type<float, 2u>*, float, float, float, float, unsigned int, float, int, HIP_vector_type<unsigned int, 3u>, int, int, int, int, int, int, int, int, int, int, int, long, int, int, long, int, int, int, int, int, long) [clone .kd]",4,1,246,70054,70054,21504,384,32768,1432,128,0,48,64,"0x0","0x7c5b0c546a40",3895888647835,3895945945280,3895946488972,3895946516657,543692
248,"void flash_attn_combine_results<256>(float const*, HIP_vector_type<float, 2u> const*, float*, int) [clone .kd]",4,1,247,70054,70054,6144,256,512,0,20,0,32,64,"0x0","0x7c5b0c546880",3895888649512,3895946571044,3895946599636,3895946608131,28592
249,"void dequantize_block_q4_0<__half>(void const*, __half*, int) [clone .kd]",4,1,248,70054,70054,229376,32,0,0,12,0,16,64,"0x0","0x7c5b0c5d2b80",3895888651466,3895946599636,3895946624376,3895946632268,24740
250,"void dequantize_block_q4_0<__half>(void const*, __half*, int) [clone .kd]",4,1,249,70054,70054,229376,32,0,0,12,0,16,64,"0x0","0x7c5b0c5d2b80",3895888653147,3895946624376,3895946648672,3895946656395,24296
251,"void flash_attn_tile<256, 256, 4, 2, false>(char const*, char const*, char const*, char const*, char const*, int const*, float*, HIP_vector_type<float, 2u>*, float, float, float, float, unsigned int, float, int, HIP_vector_type<unsigned int, 3u>, int, int, int, int, int, int, int, int, int, int, int, long, int, int, long, int, int, int, int, int, long) [clone .kd]",4,1,250,70054,70054,28416,256,22528,1104,128,0,64,64,"0x0","0x7c5b0c5469c0",3895888655550,3895946871482,3895947592503,3895947619741,721021
252,"void flash_attn_combine_results<256>(float const*, HIP_vector_type<float, 2u> const*, float*, int) [clone .kd]",4,1,251,70054,70054,6144,256,512,0,20,0,32,64,"0x0","0x7c5b0c546880",3895888661062,3895947592503,3895947614873,3895947625099,22370
253,"void dequantize_block_q4_0<__half>(void const*, __half*, int) [clone .kd]",4,1,252,70054,70054,229376,32,0,0,12,0,16,64,"0x0","0x7c5b0c5d2b80",3895888662894,3895947614873,3895947639910,3895947647572,25037
254,"void dequantize_block_q4_0<__half>(void const*, __half*, int) [clone .kd]",4,1,253,70054,70054,229376,32,0,0,12,0,16,64,"0x0","0x7c5b0c5d2b80",3895888664601,3895947639910,3895947664650,3895947671736,24740
255,"void flash_attn_tile<256, 256, 4, 6, false>(char const*, char const*, char const*, char const*, char const*, int const*, float*, HIP_vector_type<float, 2u>*, float, float, float, float, unsigned int, float, int, HIP_vector_type<unsigned int, 3u>, int, int, int, int, int, int, int, int, int, int, int, long, int, int, long, int, int, int, int, int, long) [clone .kd]",4,1,254,70054,70054,21504,384,32768,1432,128,0,48,64,"0x0","0x7c5b0c546a40",3895888666950,3895947887905,3895948437522,3895948464929,549617
256,"void flash_attn_combine_results<256>(float const*, HIP_vector_type<float, 2u> const*, float*, int) [clone .kd]",4,1,255,70054,70054,6144,256,512,0,20,0,32,64,"0x0","0x7c5b0c546880",3895888668646,3895948512780,3895948541668,3895948550378,28888
257,"void dequantize_block_q4_0<__half>(void const*, __half*, int) [clone .kd]",4,1,256,70054,70054,229376,32,0,0,12,0,16,64,"0x0","0x7c5b0c5d2b80",3895888670725,3895948541668,3895948566408,3895948574510,24740
258,"void dequantize_block_q4_0<__half>(void const*, __half*, int) [clone .kd]",4,1,257,70054,70054,229376,32,0,0,12,0,16,64,"0x0","0x7c5b0c5d2b80",3895888672497,3895948566408,3895948591149,3895948598976,24741
259,"void flash_attn_tile<256, 256, 4, 2, false>(char const*, char const*, char const*, char const*, char const*, int const*, float*, HIP_vector_type<float, 2u>*, float, float, float, float, unsigned int, float, int, HIP_vector_type<unsigned int, 3u>, int, int, int, int, int, int, int, int, int, int, int, long, int, int, long, int, int, int, int, int, long) [clone .kd]",4,1,258,70054,70054,28416,256,22528,1104,128,0,64,64,"0x0","0x7c5b0c5469c0",3895888674698,3895948813959,3895949545498,3895949572985,731539
260,"void flash_attn_combine_results<256>(float const*, HIP_vector_type<float, 2u> const*, float*, int) [clone .kd]",4,1,259,70054,70054,6144,256,512,0,20,0,32,64,"0x0","0x7c5b0c546880",3895888676636,3895949545498,3895949568165,3895949576385,22667
261,"void dequantize_block_q4_0<__half>(void const*, __half*, int) [clone .kd]",4,1,260,70054,70054,229376,32,0,0,12,0,16,64,"0x0","0x7c5b0c5d2b80",3895888678654,3895949568165,3895949593201,3895949601669,25036
262,"void dequantize_block_q4_0<__half>(void const*, __half*, int) [clone .kd]",4,1,261,70054,70054,229376,32,0,0,12,0,16,64,"0x0","0x7c5b0c5d2b80",3895888680426,3895949593201,3895949617793,3895949625186,24592
263,"void flash_attn_tile<256, 256, 4, 6, false>(char const*, char const*, char const*, char const*, char const*, int const*, float*, HIP_vector_type<float, 2u>*, float, float, float, float, unsigned int, float, int, HIP_vector_type<unsigned int, 3u>, int, int, int, int, int, int, int, int, int, int, int, long, int, int, long, int, int, int, int, int, long) [clone .kd]",4,1,262,70054,70054,21504,384,32768,1432,128,0,48,64,"0x0","0x7c5b0c546a40",3895888682796,3895949840899,3895950386517,3895950413123,545618
264,"void flash_attn_combine_results<256>(float const*, HIP_vector_type<float, 2u> const*, float*, int) [clone .kd]",4,1,263,70054,70054,6144,256,512,0,20,0,32,64,"0x0","0x7c5b0c546880",3895888709620,3895950466071,3895950494663,3895950503341,28592
265,"void dequantize_block_q4_0<__half>(void const*, __half*, int) [clone .kd]",4,1,264,70054,70054,229376,32,0,0,12,0,16,64,"0x0","0x7c5b0c5d2b80",3895888711807,3895950494663,3895950519403,3895950528237,24740
266,"void dequantize_block_q4_0<__half>(void const*, __half*, int) [clone .kd]",4,1,265,70054,70054,229376,32,0,0,12,0,16,64,"0x0","0x7c5b0c5d2b80",3895888713365,3895950519403,3895950543847,3895950551537,24444
267,"void flash_attn_tile<256, 256, 4, 2, false>(char const*, char const*, char const*, char const*, char const*, int const*, float*, HIP_vector_type<float, 2u>*, float, float, float, float, unsigned int, float, int, HIP_vector_type<unsigned int, 3u>, int, int, int, int, int, int, int, int, int, int, int, long, int, int, long, int, int, int, int, int, long) [clone .kd]",4,1,266,70054,70054,28416,256,22528,1104,128,0,64,64,"0x0","0x7c5b0c5469c0",3895888715818,3895950766657,3895951501308,3895951528531,734651
268,"void flash_attn_combine_results<256>(float const*, HIP_vector_type<float, 2u> const*, float*, int) [clone .kd]",4,1,267,70054,70054,6144,256,512,0,20,0,32,64,"0x0","0x7c5b0c546880",3895888717781,3895951501308,3895951523826,3895951531584,22518
269,"void dequantize_block_q4_0<__half>(void const*, __half*, int) [clone .kd]",4,1,268,70054,70054,229376,32,0,0,12,0,16,64,"0x0","0x7c5b0c5d2b80",3895888719714,3895951523826,3895951548566,3895951556746,24740
270,"void dequantize_block_q4_0<__half>(void const*, __half*, int) [clone .kd]",4,1,269,70054,70054,229376,32,0,0,12,0,16,64,"0x0","0x7c5b0c5d2b80",3895888721291,3895951548566,3895951573306,3895951581496,24740
271,"void flash_attn_tile<256, 256, 4, 6, false>(char const*, char const*, char const*, char const*, char const*, int const*, float*, HIP_vector_type<float, 2u>*, float, float, float, float, unsigned int, float, int, HIP_vector_type<unsigned int, 3u>, int, int, int, int, int, int, int, int, int, int, int, long, int, int, long, int, int, int, int, int, long) [clone .kd]",4,1,270,70054,70054,21504,384,32768,1432,128,0,48,64,"0x0","0x7c5b0c546a40",3895888723651,3895951796857,3895952347364,3895952373891,550507
272,"void flash_attn_combine_results<256>(float const*, HIP_vector_type<float, 2u> const*, float*, int) [clone .kd]",4,1,271,70054,70054,6144,256,512,0,20,0,32,64,"0x0","0x7c5b0c546880",3895888725538,3895952425288,3895952454176,3895952461710,28888
273,"void dequantize_block_q4_0<__half>(void const*, __half*, int) [clone .kd]",4,1,272,70054,70054,229376,32,0,0,12,0,16,64,"0x0","0x7c5b0c5d2b80",3895888727702,3895952454176,3895952478768,3895952486750,24592
274,"void dequantize_block_q4_0<__half>(void const*, __half*, int) [clone .kd]",4,1,273,70054,70054,229376,32,0,0,12,0,16,64,"0x0","0x7c5b0c5d2b80",3895888729325,3895952478768,3895952503657,3895952511784,24889
275,"void flash_attn_tile<256, 256, 4, 2, false>(char const*, char const*, char const*, char const*, char const*, int const*, float*, HIP_vector_type<float, 2u>*, float, float, float, float, unsigned int, float, int, HIP_vector_type<unsigned int, 3u>, int, int, int, int, int, int, int, int, int, int, int, long, int, int, long, int, int, int, int, int, long) [clone .kd]",4,1,274,70054,70054,28416,256,22528,1104,128,0,64,64,"0x0","0x7c5b0c5469c0",3895888731600,3895952726763,3895953458006,3895953484464,731243
276,"void flash_attn_combine_results<256>(float const*, HIP_vector_type<float, 2u> const*, float*, int) [clone .kd]",4,1,275,70054,70054,6144,256,512,0,20,0,32,64,"0x0","0x7c5b0c546880",3895888733343,3895953458006,3895953480524,3895953487030,22518
277,"void dequantize_block_q4_0<__half>(void const*, __half*, int) [clone .kd]",4,1,276,70054,70054,229376,32,0,0,12,0,16,64,"0x0","0x7c5b0c5d2b80",3895888735305,3895953480524,3895953505561,3895953513718,25037
278,"void dequantize_block_q4_0<__half>(void const*, __half*, int) [clone .kd]",4,1,277,70054,70054,229376,32,0,0,12,0,16,64,"0x0","0x7c5b0c5d2b80",3895888737276,3895953505561,3895953529857,3895953538738,24296
279,"void flash_attn_tile<256, 256, 4, 6, false>(char const*, char const*, char const*, char const*, char const*, int const*, float*, HIP_vector_type<float, 2u>*, float, float, float, float, unsigned int, float, int, HIP_vector_type<unsigned int, 3u>, int, int, int, int, int, int, int, int, int, int, int, long, int, int, long, int, int, int, int, int, long) [clone .kd]",4,1,278,70054,70054,21504,384,32768,1432,128,0,48,64,"0x0","0x7c5b0c546a40",3895888739762,3895953753704,3895954303025,3895954329373,549321
280,"void flash_attn_combine_results<256>(float const*, HIP_vector_type<float, 2u> const*, float*, int) [clone .kd]",4,1,279,70054,70054,6144,256,512,0,20,0,32,64,"0x0","0x7c5b0c546880",3895888741814,3895954380061,3895954408356,3895954416886,28295
281,"void dequantize_block_q4_0<__half>(void const*, __half*, int) [clone .kd]",4,1,280,70054,70054,229376,32,0,0,12,0,16,64,"0x0","0x7c5b0c5d2b80",3895888743805,3895954408356,3895954433393,3895954441741,25037
282,"void dequantize_block_q4_0<__half>(void const*, __half*, int) [clone .kd]",4,1,281,70054,70054,229376,32,0,0,12,0,16,64,"0x0","0x7c5b0c5d2b80",3895888745553,3895954433393,3895954457985,3895954466077,24592
283,"void flash_attn_tile<256, 256, 4, 2, false>(char const*, char const*, char const*, char const*, char const*, int const*, float*, HIP_vector_type<float, 2u>*, float, float, float, float, unsigned int, float, int, HIP_vector_type<unsigned int, 3u>, int, int, int, int, int, int, int, int, int, int, int, long, int, int, long, int, int, int, int, int, long) [clone .kd]",4,1,282,70054,70054,28416,256,22528,1104,128,0,64,64,"0x0","0x7c5b0c5469c0",3895888747900,3895954680795,3895955413964,3895955440491,733169
284,"void flash_attn_combine_results<256>(float const*, HIP_vector_type<float, 2u> const*, float*, int) [clone .kd]",4,1,283,70054,70054,6144,256,512,0,20,0,32,64,"0x0","0x7c5b0c546880",3895888749627,3895955413964,3895955436334,3895955444027,22370
285,"void dequantize_block_q4_0<__half>(void const*, __half*, int) [clone .kd]",4,1,284,70054,70054,229376,32,0,0,12,0,16,64,"0x0","0x7c5b0c5d2b80",3895888751468,3895955436334,3895955461222,3895955468246,24888
286,"void dequantize_block_q4_0<__half>(void const*, __half*, int) [clone .kd]",4,1,285,70054,70054,229376,32,0,0,12,0,16,64,"0x0","0x7c5b0c5d2b80",3895888753324,3895955461222,3895955486111,3895955494606,24889
287,"void flash_attn_tile<256, 256, 4, 6, false>(char const*, char const*, char const*, char const*, char const*, int const*, float*, HIP_vector_type<float, 2u>*, float, float, float, float, unsigned int, float, int, HIP_vector_type<unsigned int, 3u>, int, int, int, int, int, int, int, int, int, int, int, long, int, int, long, int, int, int, int, int, long) [clone .kd]",4,1,286,70054,70054,21504,384,32768,1432,128,0,48,64,"0x0","0x7c5b0c546a40",3895888755706,3895955709513,3895956264316,3895956289788,554803
288,"void flash_attn_combine_results<256>(float const*, HIP_vector_type<float, 2u> const*, float*, int) [clone .kd]",4,1,287,70054,70054,6144,256,512,0,20,0,32,64,"0x0","0x7c5b0c546880",3895888757524,3895956335722,3895956364907,3895956372785,29185
289,"void dequantize_block_q4_0<__half>(void const*, __half*, int) [clone .kd]",4,1,288,70054,70054,229376,32,0,0,12,0,16,64,"0x0","0x7c5b0c5d2b80",3895888759374,3895956364907,3895956389795,3895956397166,24888
290,"void dequantize_block_q4_0<__half>(void const*, __half*, int) [clone .kd]",4,1,289,70054,70054,229376,32,0,0,12,0,16,64,"0x0","0x7c5b0c5d2b80",3895888761100,3895956389795,3895956414683,3895956421770,24888
291,"void flash_attn_tile<256, 256, 4, 2, false>(char const*, char const*, char const*, char const*, char const*, int const*, float*, HIP_vector_type<float, 2u>*, float, float, float, float, unsigned int, float, int, HIP_vector_type<unsigned int, 3u>, int, int, int, int, int, int, int, int, int, int, int, long, int, int, long, int, int, int, int, int, long) [clone .kd]",4,1,290,70054,70054,28416,256,22528,1104,128,0,64,64,"0x0","0x7c5b0c5469c0",3895888763683,3895956637493,3895957369033,3895957415055,731540
292,"void flash_attn_combine_results<256>(float const*, HIP_vector_type<float, 2u> const*, float*, int) [clone .kd]",4,1,291,70054,70054,6144,256,512,0,20,0,32,64,"0x0","0x7c5b0c546880",3895888765522,3895957369033,3895957391551,3895957429721,22518
293,"void dequantize_block_q4_0<__half>(void const*, __half*, int) [clone .kd]",4,1,292,70054,70054,229376,32,0,0,12,0,16,64,"0x0","0x7c5b0c5d2b80",3895888767325,3895957391551,3895957416439,3895957432330,24888
294,"void dequantize_block_q4_0<__half>(void const*, __half*, int) [clone .kd]",4,1,293,70054,70054,229376,32,0,0,12,0,16,64,"0x0","0x7c5b0c5d2b80",3895888769077,3895957416439,3895957441624,3895957454622,25185
295,"void flash_attn_tile<256, 256, 4, 6, false>(char const*, char const*, char const*, char const*, char const*, int const*, float*, HIP_vector_type<float, 2u>*, float, float, float, float, unsigned int, float, int, HIP_vector_type<unsigned int, 3u>, int, int, int, int, int, int, int, int, int, int, int, long, int, int, long, int, int, int, int, int, long) [clone .kd]",4,1,294,70054,70054,21504,384,32768,1432,128,0,48,64,"0x0","0x7c5b0c546a40",3895888771652,3895957689915,3895958285606,3895958311919,595691
296,"void flash_attn_combine_results<256>(float const*, HIP_vector_type<float, 2u> const*, float*, int) [clone .kd]",4,1,295,70054,70054,6144,256,512,0,20,0,32,64,"0x0","0x7c5b0c546880",3895888773618,3895958320272,3895958350642,3895958359127,30370
297,"void dequantize_block_q4_0<__half>(void const*, __half*, int) [clone .kd]",4,1,296,70054,70054,229376,32,0,0,12,0,16,64,"0x0","0x7c5b0c5d2b80",3895888775492,3895958350642,3895958378641,3895958386045,27999
298,"void dequantize_block_q4_0<__half>(void const*, __half*, int) [clone .kd]",4,1,297,70054,70054,229376,32,0,0,12,0,16,64,"0x0","0x7c5b0c5d2b80",3895888777153,3895958378641,3895958406048,3895958413410,27407
299,"void flash_attn_tile<256, 256, 4, 2, false>(char const*, char const*, char const*, char const*, char const*, int const*, float*, HIP_vector_type<float, 2u>*, float, float, float, float, unsigned int, float, int, HIP_vector_type<unsigned int, 3u>, int, int, int, int, int, int, int, int, int, int, int, long, int, int, long, int, int, int, int, int, long) [clone .kd]",4,1,298,70054,70054,28416,256,22528,1104,128,0,64,64,"0x0","0x7c5b0c5469c0",3895888779420,3895958654042,3895959452692,3895959479720,798650
300,"void flash_attn_combine_results<256>(float const*, HIP_vector_type<float, 2u> const*, float*, int) [clone .kd]",4,1,299,70054,70054,6144,256,512,0,20,0,32,64,"0x0","0x7c5b0c546880",3895888781447,3895959452692,3895959476988,3895959482977,24296
301,"void dequantize_block_q4_0<__half>(void const*, __half*, int) [clone .kd]",4,1,300,70054,70054,229376,32,0,0,12,0,16,64,"0x0","0x7c5b0c5d2b80",3895888783395,3895959476988,3895959502172,3895959510818,25184
302,"void dequantize_block_q4_0<__half>(void const*, __half*, int) [clone .kd]",4,1,301,70054,70054,229376,32,0,0,12,0,16,64,"0x0","0x7c5b0c5d2b80",3895888785146,3895959502172,3895959535801,3895959543774,33629
303,"void flash_attn_tile<256, 256, 4, 6, false>(char const*, char const*, char const*, char const*, char const*, int const*, float*, HIP_vector_type<float, 2u>*, float, float, float, float, unsigned int, float, int, HIP_vector_type<unsigned int, 3u>, int, int, int, int, int, int, int, int, int, int, int, long, int, int, long, int, int, int, int, int, long) [clone .kd]",4,1,302,70054,70054,21504,384,32768,1432,128,0,48,64,"0x0","0x7c5b0c546a40",3895888787519,3895959759204,3895960311784,3895960338010,552580
304,"void flash_attn_combine_results<256>(float const*, HIP_vector_type<float, 2u> const*, float*, int) [clone .kd]",4,1,303,70054,70054,6144,256,512,0,20,0,32,64,"0x0","0x7c5b0c546880",3895888789439,3895960384968,3895960413264,3895960421830,28296
305,"void dequantize_block_q4_0<__half>(void const*, __half*, int) [clone .kd]",4,1,304,70054,70054,229376,32,0,0,12,0,16,64,"0x0","0x7c5b0c5d2b80",3895888791401,3895960413264,3895960438300,3895960445611,25036
306,"void dequantize_block_q4_0<__half>(void const*, __half*, int) [clone .kd]",4,1,305,70054,70054,229376,32,0,0,12,0,16,64,"0x0","0x7c5b0c5d2b80",3895888793188,3895960438300,3895960462892,3895960471030,24592
307,"void flash_attn_tile<256, 256, 4, 2, false>(char const*, char const*, char const*, char const*, char const*, int const*, float*, HIP_vector_type<float, 2u>*, float, float, float, float, unsigned int, float, int, HIP_vector_type<unsigned int, 3u>, int, int, int, int, int, int, int, int, int, int, int, long, int, int, long, int, int, int, int, int, long) [clone .kd]",4,1,306,70054,70054,28416,256,22528,1104,128,0,64,64,"0x0","0x7c5b0c5469c0",3895888795654,3895960685850,3895961402724,3895961429248,716874
308,"void flash_attn_combine_results<256>(float const*, HIP_vector_type<float, 2u> const*, float*, int) [clone .kd]",4,1,307,70054,70054,6144,256,512,0,20,0,32,64,"0x0","0x7c5b0c546880",3895888797398,3895961402724,3895961425390,3895961434088,22666
309,"void dequantize_block_q4_0<__half>(void const*, __half*, int) [clone .kd]",4,1,308,70054,70054,229376,32,0,0,12,0,16,64,"0x0","0x7c5b0c5d2b80",3895888799253,3895961425390,3895961450130,3895961458101,24740
310,"void dequantize_block_q4_0<__half>(void const*, __half*, int) [clone .kd]",4,1,309,70054,70054,229376,32,0,0,12,0,16,64,"0x0","0x7c5b0c5d2b80",3895888801018,3895961450130,3895961474722,3895961482911,24592
311,"void flash_attn_tile<256, 256, 4, 6, false>(char const*, char const*, char const*, char const*, char const*, int const*, float*, HIP_vector_type<float, 2u>*, float, float, float, float, unsigned int, float, int, HIP_vector_type<unsigned int, 3u>, int, int, int, int, int, int, int, int, int, int, int, long, int, int, long, int, int, int, int, int, long) [clone .kd]",4,1,310,70054,70054,21504,384,32768,1432,128,0,48,64,"0x0","0x7c5b0c546a40",3895888803499,3895961698421,3895962243002,3895962270610,544581
312,"void flash_attn_combine_results<256>(float const*, HIP_vector_type<float, 2u> const*, float*, int) [clone .kd]",4,1,311,70054,70054,6144,256,512,0,20,0,32,64,"0x0","0x7c5b0c546880",3895888805265,3895962324630,3895962354555,3895962362484,29925
313,"void dequantize_block_q4_0<__half>(void const*, __half*, int) [clone .kd]",4,1,312,70054,70054,229376,32,0,0,12,0,16,64,"0x0","0x7c5b0c5d2b80",3895888807102,3895962354555,3895962379295,3895962386597,24740
314,"void dequantize_block_q4_0<__half>(void const*, __half*, int) [clone .kd]",4,1,313,70054,70054,229376,32,0,0,12,0,16,64,"0x0","0x7c5b0c5d2b80",3895888808681,3895962379295,3895962403739,3895962411730,24444
315,"void flash_attn_tile<256, 256, 4, 2, false>(char const*, char const*, char const*, char const*, char const*, int const*, float*, HIP_vector_type<float, 2u>*, float, float, float, float, unsigned int, float, int, HIP_vector_type<unsigned int, 3u>, int, int, int, int, int, int, int, int, int, int, int, long, int, int, long, int, int, int, int, int, long) [clone .kd]",4,1,314,70054,70054,28416,256,22528,1104,128,0,64,64,"0x0","0x7c5b0c5469c0",3895888811034,3895962626549,3895963334534,3895963364086,707985
316,"void flash_attn_combine_results<256>(float const*, HIP_vector_type<float, 2u> const*, float*, int) [clone .kd]",4,1,315,70054,70054,6144,256,512,0,20,0,32,64,"0x0","0x7c5b0c546880",3895888813097,3895963334534,3895963356904,3895963370563,22370
317,"void dequantize_block_q4_0<__half>(void const*, __half*, int) [clone .kd]",4,1,316,70054,70054,229376,32,0,0,12,0,16,64,"0x0","0x7c5b0c5d2b80",3895888814948,3895963356904,3895963381644,3895963389483,24740
318,"void dequantize_block_q4_0<__half>(void const*, __half*, int) [clone .kd]",4,1,317,70054,70054,229376,32,0,0,12,0,16,64,"0x0","0x7c5b0c5d2b80",3895888816803,3895963381644,3895963406236,3895963414395,24592
319,"void flash_attn_tile<256, 256, 4, 6, false>(char const*, char const*, char const*, char const*, char const*, int const*, float*, HIP_vector_type<float, 2u>*, float, float, float, float, unsigned int, float, int, HIP_vector_type<unsigned int, 3u>, int, int, int, int, int, int, int, int, int, int, int, long, int, int, long, int, int, int, int, int, long) [clone .kd]",4,1,318,70054,70054,21504,384,32768,1432,128,0,48,64,"0x0","0x7c5b0c546a40",3895888819119,3895963629639,3895964183849,3895964209836,554210
320,"void flash_attn_combine_results<256>(float const*, HIP_vector_type<float, 2u> const*, float*, int) [clone .kd]",4,1,319,70054,70054,6144,256,512,0,20,0,32,64,"0x0","0x7c5b0c546880",3895888820884,3895964255847,3895964284439,3895964292584,28592
321,"void dequantize_block_q4_0<__half>(void const*, __half*, int) [clone .kd]",4,1,320,70054,70054,229376,32,0,0,12,0,16,64,"0x0","0x7c5b0c5d2b80",3895888822884,3895964284439,3895964309180,3895964316512,24741
322,"void dequantize_block_q4_0<__half>(void const*, __half*, int) [clone .kd]",4,1,321,70054,70054,229376,32,0,0,12,0,16,64,"0x0","0x7c5b0c5d2b80",3895888824608,3895964309180,3895964333772,3895964341240,24592
323,"void flash_attn_tile<256, 256, 4, 2, false>(char const*, char const*, char const*, char const*, char const*, int const*, float*, HIP_vector_type<float, 2u>*, float, float, float, float, unsigned int, float, int, HIP_vector_type<unsigned int, 3u>, int, int, int, int, int, int, int, int, int, int, int, long, int, int, long, int, int, int, int, int, long) [clone .kd]",4,1,322,70054,70054,28416,256,22528,1104,128,0,64,64,"0x0","0x7c5b0c5469c0",3895888826912,3895964551545,3895965259085,3895965283518,707540
324,"void flash_attn_combine_results<256>(float const*, HIP_vector_type<float, 2u> const*, float*, int) [clone .kd]",4,1,323,70054,70054,6144,256,512,0,20,0,32,64,"0x0","0x7c5b0c546880",3895888828630,3895965259085,3895965280418,3895965286253,21333
325,"void dequantize_block_q4_0<__half>(void const*, __half*, int) [clone .kd]",4,1,324,70054,70054,229376,32,0,0,12,0,16,64,"0x0","0x7c5b0c5d2b80",3895888830449,3895965280418,3895965303825,3895965311121,23407
326,"void dequantize_block_q4_0<__half>(void const*, __half*, int) [clone .kd]",4,1,325,70054,70054,229376,32,0,0,12,0,16,64,"0x0","0x7c5b0c5d2b80",3895888832253,3895965303825,3895965327232,3895965334589,23407
327,"void flash_attn_tile<256, 256, 4, 6, false>(char const*, char const*, char const*, char const*, char const*, int const*, float*, HIP_vector_type<float, 2u>*, float, float, float, float, unsigned int, float, int, HIP_vector_type<unsigned int, 3u>, int, int, int, int, int, int, int, int, int, int, int, long, int, int, long, int, int, int, int, int, long) [clone .kd]",4,1,326,70054,70054,21504,384,32768,1432,128,0,48,64,"0x0","0x7c5b0c546a40",3895888834717,3895965537449,3895966078919,3895966106251,541470
328,"void flash_attn_combine_results<256>(float const*, HIP_vector_type<float, 2u> const*, float*, int) [clone .kd]",4,1,327,70054,70054,6144,256,512,0,20,0,32,64,"0x0","0x7c5b0c546880",3895888836545,3895966126325,3895966153880,3895966162467,27555
329,"void dequantize_block_q4_0<__half>(void const*, __half*, int) [clone .kd]",4,1,328,70054,70054,229376,32,0,0,12,0,16,64,"0x0","0x7c5b0c5d2b80",3895888838376,3895966153880,3895966177287,3895966185407,23407
330,"void dequantize_block_q4_0<__half>(void const*, __half*, int) [clone .kd]",4,1,329,70054,70054,229376,32,0,0,12,0,16,64,"0x0","0x7c5b0c5d2b80",3895888839995,3895966177287,3895966200398,3895966208122,23111
331,"void flash_attn_tile<256, 256, 4, 2, false>(char const*, char const*, char const*, char const*, char const*, int const*, float*, HIP_vector_type<float, 2u>*, float, float, float, float, unsigned int, float, int, HIP_vector_type<unsigned int, 3u>, int, int, int, int, int, int, int, int, int, int, int, long, int, int, long, int, int, int, int, int, long) [clone .kd]",4,1,330,70054,70054,28416,256,22528,1104,128,0,64,64,"0x0","0x7c5b0c5469c0",3895888842310,3895966410319,3895967114304,3895967144534,703985
332,"void flash_attn_combine_results<256>(float const*, HIP_vector_type<float, 2u> const*, float*, int) [clone .kd]",4,1,331,70054,70054,6144,256,512,0,20,0,32,64,"0x0","0x7c5b0c546880",3895888844286,3895967114304,3895967136081,3895967148529,21777
333,"void dequantize_block_q4_0<__half>(void const*, __half*, int) [clone .kd]",4,1,332,70054,70054,229376,32,0,0,12,0,16,64,"0x0","0x7c5b0c5d2b80",3895888846129,3895967136081,3895967159933,3895967167110,23852
334,"void dequantize_block_q4_0<__half>(void const*, __half*, int) [clone .kd]",4,1,333,70054,70054,229376,32,0,0,12,0,16,64,"0x0","0x7c5b0c5d2b80",3895888847853,3895967159933,3895967182747,3895967190084,22814
335,"void flash_attn_tile<256, 256, 4, 6, false>(char const*, char const*, char const*, char const*, char const*, int const*, float*, HIP_vector_type<float, 2u>*, float, float, float, float, unsigned int, float, int, HIP_vector_type<unsigned int, 3u>, int, int, int, int, int, int, int, int, int, int, int, long, int, int, long, int, int, int, int, int, long) [clone .kd]",4,1,334,70054,70054,21504,384,32768,1432,128,0,48,64,"0x0","0x7c5b0c546a40",3895888850155,3895967393113,3895967929250,3895967956598,536137
336,"void flash_attn_combine_results<256>(float const*, HIP_vector_type<float, 2u> const*, float*, int) [clone .kd]",4,1,335,70054,70054,6144,256,512,0,20,0,32,64,"0x0","0x7c5b0c546880",3895888851950,3895967990582,3895968015766,3895968023173,25184
337,"void dequantize_block_q4_0<__half>(void const*, __half*, int) [clone .kd]",4,1,336,70054,70054,229376,32,0,0,12,0,16,64,"0x0","0x7c5b0c5d2b80",3895888853949,3895968015766,3895968039321,3895968048048,23555
338,"void dequantize_block_q4_0<__half>(void const*, __half*, int) [clone .kd]",4,1,337,70054,70054,229376,32,0,0,12,0,16,64,"0x0","0x7c5b0c5d2b80",3895888855753,3895968039321,3895968062728,3895968071249,23407
339,"void flash_attn_tile<256, 256, 4, 2, false>(char const*, char const*, char const*, char const*, char const*, int const*, float*, HIP_vector_type<float, 2u>*, float, float, float, float, unsigned int, float, int, HIP_vector_type<unsigned int, 3u>, int, int, int, int, int, int, int, int, int, int, int, long, int, int, long, int, int, int, int, int, long) [clone .kd]",4,1,338,70054,70054,28416,256,22528,1104,128,0,64,64,"0x0","0x7c5b0c5469c0",3895888858068,3895968254428,3895968952339,3895968982966,697911
340,"void flash_attn_combine_results<256>(float const*, HIP_vector_type<float, 2u> const*, float*, int) [clone .kd]",4,1,339,70054,70054,6144,256,512,0,20,0,32,64,"0x0","0x7c5b0c546880",3895888859890,3895968952339,3895968972190,3895968986927,19851
341,"void dequantize_block_q4_0<__half>(void const*, __half*, int) [clone .kd]",4,1,340,70054,70054,229376,32,0,0,12,0,16,64,"0x0","0x7c5b0c5d2b80",3895888863685,3895968972190,3895968993375,3895969008957,21185
342,"void dequantize_block_q4_0<__half>(void const*, __half*, int) [clone .kd]",4,1,341,70054,70054,229376,32,0,0,12,0,16,64,"0x0","0x7c5b0c5d2b80",3895888865272,3895968993375,3895969014411,3895969027691,21036
343,"void flash_attn_tile<256, 256, 4, 6, false>(char const*, char const*, char const*, char const*, char const*, int const*, float*, HIP_vector_type<float, 2u>*, float, float, float, float, unsigned int, float, int, HIP_vector_type<unsigned int, 3u>, int, int, int, int, int, int, int, int, int, int, int, long, int, int, long, int, int, int, int, int, long) [clone .kd]",4,1,342,70054,70054,21504,384,32768,1432,128,0,48,64,"0x0","0x7c5b0c546a40",3895888867760,3895969204778,3895969738544,3895969762680,533766
344,"void flash_attn_combine_results<256>(float const*, HIP_vector_type<float, 2u> const*, float*, int) [clone .kd]",4,1,343,70054,70054,6144,256,512,0,20,0,32,64,"0x0","0x7c5b0c546880",3895888869628,3895969800024,3895969825949,3895969833373,25925
345,"void dequantize_block_q4_0<__half>(void const*, __half*, int) [clone .kd]",4,1,344,70054,70054,229376,32,0,0,12,0,16,64,"0x0","0x7c5b0c5d2b80",3895888871550,3895969825949,3895969849356,3895969856729,23407
346,"void dequantize_block_q4_0<__half>(void const*, __half*, int) [clone .kd]",4,1,345,70054,70054,229376,32,0,0,12,0,16,64,"0x0","0x7c5b0c5d2b80",3895888873324,3895969849356,3895969872615,3895969880924,23259
347,"void flash_attn_tile<256, 256, 4, 2, false>(char const*, char const*, char const*, char const*, char const*, int const*, float*, HIP_vector_type<float, 2u>*, float, float, float, float, unsigned int, float, int, HIP_vector_type<unsigned int, 3u>, int, int, int, int, int, int, int, int, int, int, int, long, int, int, long, int, int, int, int, int, long) [clone .kd]",4,1,346,70054,70054,28416,256,22528,1104,128,0,64,64,"0x0","0x7c5b0c5469c0",3895888875473,3895970062833,3895970761485,3895970786429,698652
348,"void flash_attn_combine_results<256>(float const*, HIP_vector_type<float, 2u> const*, float*, int) [clone .kd]",4,1,347,70054,70054,6144,256,512,0,20,0,32,64,"0x0","0x7c5b0c546880",3895888877411,3895970761485,3895970782818,3895970789308,21333
349,"void dequantize_block_q4_0<__half>(void const*, __half*, int) [clone .kd]",4,1,348,70054,70054,229376,32,0,0,12,0,16,64,"0x0","0x7c5b0c5d2b80",3895888879294,3895970782818,3895970806076,3895970813046,23258
350,"void dequantize_block_q4_0<__half>(void const*, __half*, int) [clone .kd]",4,1,349,70054,70054,229376,32,0,0,12,0,16,64,"0x0","0x7c5b0c5d2b80",3895888880965,3895970806076,3895970829187,3895970836709,23111
351,"void flash_attn_tile<256, 256, 4, 6, false>(char const*, char const*, char const*, char const*, char const*, int const*, float*, HIP_vector_type<float, 2u>*, float, float, float, float, unsigned int, float, int, HIP_vector_type<unsigned int, 3u>, int, int, int, int, int, int, int, int, int, int, int, long, int, int, long, int, int, int, int, int, long) [clone .kd]",4,1,350,70054,70054,21504,384,32768,1432,128,0,48,64,"0x0","0x7c5b0c546a40",3895888883354,3895971039256,3895971581171,3895971604479,541915
352,"void flash_attn_combine_results<256>(float const*, HIP_vector_type<float, 2u> const*, float*, int) [clone .kd]",4,1,351,70054,70054,6144,256,512,0,20,0,32,64,"0x0","0x7c5b0c546880",3895888884984,3895971630503,3895971657762,3895971665213,27259
353,"void dequantize_block_q4_0<__half>(void const*, __half*, int) [clone .kd]",4,1,352,70054,70054,229376,32,0,0,12,0,16,64,"0x0","0x7c5b0c5d2b80",3895888886753,3895971657762,3895971681020,3895971688170,23258
354,"void dequantize_block_q4_0<__half>(void const*, __half*, int) [clone .kd]",4,1,353,70054,70054,229376,32,0,0,12,0,16,64,"0x0","0x7c5b0c5d2b80",3895888888380,3895971681020,3895971704131,3895971712022,23111
355,"void flash_attn_tile<256, 256, 4, 2, false>(char const*, char const*, char const*, char const*, char const*, int const*, float*, HIP_vector_type<float, 2u>*, float, float, float, float, unsigned int, float, int, HIP_vector_type<unsigned int, 3u>, int, int, int, int, int, int, int, int, int, int, int, long, int, int, long, int, int, int, int, int, long) [clone .kd]",4,1,354,70054,70054,28416,256,22528,1104,128,0,64,64,"0x0","0x7c5b0c5469c0",3895888890678,3895971914052,3895972630629,3895972655899,716577
356,"void flash_attn_combine_results<256>(float const*, HIP_vector_type<float, 2u> const*, float*, int) [clone .kd]",4,1,355,70054,70054,6144,256,512,0,20,0,32,64,"0x0","0x7c5b0c546880",3895888892543,3895972630629,3895972652851,3895972658557,22222
357,"void dequantize_block_q4_0<__half>(void const*, __half*, int) [clone .kd]",4,1,356,70054,70054,229376,32,0,0,12,0,16,64,"0x0","0x7c5b0c5d2b80",3895888894385,3895972652851,3895972677740,3895972684939,24889
358,"void dequantize_block_q4_0<__half>(void const*, __half*, int) [clone .kd]",4,1,357,70054,70054,229376,32,0,0,12,0,16,64,"0x0","0x7c5b0c5d2b80",3895888895917,3895972677740,3895972702480,3895972710880,24740
359,"void flash_attn_tile<256, 256, 4, 6, false>(char const*, char const*, char const*, char const*, char const*, int const*, float*, HIP_vector_type<float, 2u>*, float, float, float, float, unsigned int, float, int, HIP_vector_type<unsigned int, 3u>, int, int, int, int, int, int, int, int, int, int, int, long, int, int, long, int, int, int, int, int, long) [clone .kd]",4,1,358,70054,70054,21504,384,32768,1432,128,0,48,64,"0x0","0x7c5b0c546a40",3895888898151,3895972926179,3895973478463,3895973502074,552284
360,"void flash_attn_combine_results<256>(float const*, HIP_vector_type<float, 2u> const*, float*, int) [clone .kd]",4,1,359,70054,70054,6144,256,512,0,20,0,32,64,"0x0","0x7c5b0c546880",3895888899851,3895973552684,3895973581424,3895973589493,28740
361,"void dequantize_block_q4_0<__half>(void const*, __half*, int) [clone .kd]",4,1,360,70054,70054,229376,32,0,0,12,0,16,64,"0x0","0x7c5b0c5d2b80",3895888901850,3895973581424,3895973606164,3895973614235,24740
362,"void dequantize_block_q4_0<__half>(void const*, __half*, int) [clone .kd]",4,1,361,70054,70054,229376,32,0,0,12,0,16,64,"0x0","0x7c5b0c5d2b80",3895888903811,3895973606164,3895973631052,3895973638600,24888
363,"void flash_attn_tile<256, 256, 4, 2, false>(char const*, char const*, char const*, char const*, char const*, int const*, float*, HIP_vector_type<float, 2u>*, float, float, float, float, unsigned int, float, int, HIP_vector_type<unsigned int, 3u>, int, int, int, int, int, int, int, int, int, int, int, long, int, int, long, int, int, int, int, int, long) [clone .kd]",4,1,362,70054,70054,28416,256,22528,1104,128,0,64,64,"0x0","0x7c5b0c5469c0",3895888906122,3895973854010,3895974581995,3895974606758,727985
364,"void flash_attn_combine_results<256>(float const*, HIP_vector_type<float, 2u> const*, float*, int) [clone .kd]",4,1,363,70054,70054,6144,256,512,0,20,0,32,64,"0x0","0x7c5b0c546880",3895888907795,3895974581995,3895974604661,3895974609358,22666
365,"void dequantize_block_q4_0<__half>(void const*, __half*, int) [clone .kd]",4,1,364,70054,70054,229376,32,0,0,12,0,16,64,"0x0","0x7c5b0c5d2b80",3895888909492,3895974604661,3895974629697,3895974636963,25036
366,"void dequantize_block_q4_0<__half>(void const*, __half*, int) [clone .kd]",4,1,365,70054,70054,229376,32,0,0,12,0,16,64,"0x0","0x7c5b0c5d2b80",3895888911004,3895974629697,3895974654289,3895974661555,24592
367,"void flash_attn_tile<256, 256, 4, 6, false>(char const*, char const*, char const*, char const*, char const*, int const*, float*, HIP_vector_type<float, 2u>*, float, float, float, float, unsigned int, float, int, HIP_vector_type<unsigned int, 3u>, int, int, int, int, int, int, int, int, int, int, int, long, int, int, long, int, int, int, int, int, long) [clone .kd]",4,1,366,70054,70054,21504,384,32768,1432,128,0,48,64,"0x0","0x7c5b0c546a40",3895888913524,3895974879584,3895975428318,3895975455658,548734
368,"void flash_attn_combine_results<256>(float const*, HIP_vector_type<float, 2u> const*, float*, int) [clone .kd]",4,1,367,70054,70054,6144,256,512,0,20,0,32,64,"0x0","0x7c5b0c546880",3895888915334,3895975506094,3895975535426,3895975541691,29332
369,"void dequantize_block_q4_0<__half>(void const*, __half*, int) [clone .kd]",4,1,368,70054,70054,229376,32,0,0,12,0,16,64,"0x0","0x7c5b0c5d2b80",3895888917221,3895975535426,3895975560611,3895975567029,25185
370,"void dequantize_block_q4_0<__half>(void const*, __half*, int) [clone .kd]",4,1,369,70054,70054,229376,32,0,0,12,0,16,64,"0x0","0x7c5b0c5d2b80",3895888918757,3895975560611,3895975585204,3895975591031,24593
371,"void flash_attn_tile<256, 256, 4, 2, false>(char const*, char const*, char const*, char const*, char const*, int const*, float*, HIP_vector_type<float, 2u>*, float, float, float, float, unsigned int, float, int, HIP_vector_type<unsigned int, 3u>, int, int, int, int, int, int, int, int, int, int, int, long, int, int, long, int, int, int, int, int, long) [clone .kd]",4,1,370,70054,70054,28416,256,22528,1104,128,0,64,64,"0x0","0x7c5b0c5469c0",3895888920967,3895975808312,3895976533191,3895976555711,724879
372,"void flash_attn_combine_results<256>(float const*, HIP_vector_type<float, 2u> const*, float*, int) [clone .kd]",4,1,371,70054,70054,6144,256,512,0,20,0,32,64,"0x0","0x7c5b0c546880",3895888922943,3895976533191,3895976555710,3895976559368,22519
373,"void dequantize_block_q4_0<__half>(void const*, __half*, int) [clone .kd]",4,1,372,70054,70054,229376,32,0,0,12,0,16,64,"0x0","0x7c5b0c5d2b80",3895888924859,3895976555710,3895976580598,3895976586437,24888
374,"void dequantize_block_q4_0<__half>(void const*, __half*, int) [clone .kd]",4,1,373,70054,70054,229376,32,0,0,12,0,16,64,"0x0","0x7c5b0c5d2b80",3895888926559,3895976580598,3895976605191,3895976610216,24593
375,"void flash_attn_tile<256, 256, 4, 6, false>(char const*, char const*, char const*, char const*, char const*, int const*, float*, HIP_vector_type<float, 2u>*, float, float, float, float, unsigned int, float, int, HIP_vector_type<unsigned int, 3u>, int, int, int, int, int, int, int, int, int, int, int, long, int, int, long, int, int, int, int, int, long) [clone .kd]",4,1,374,70054,70054,21504,384,32768,1432,128,0,48,64,"0x0","0x7c5b0c546a40",3895888928940,3895976828447,3895977380440,3895977402552,551993
376,"void flash_attn_combine_results<256>(float const*, HIP_vector_type<float, 2u> const*, float*, int) [clone .kd]",4,1,375,70054,70054,6144,256,512,0,20,0,32,64,"0x0","0x7c5b0c546880",3895888930602,3895977454069,3895977482957,3895977488973,28888
377,"void dequantize_block_q4_0<__half>(void const*, __half*, int) [clone .kd]",4,1,376,70054,70054,229376,32,0,0,12,0,16,64,"0x0","0x7c5b0c5d2b80",3895888932408,3895977482957,3895977507549,3895977513945,24592
378,"void dequantize_block_q4_0<__half>(void const*, __half*, int) [clone .kd]",4,1,377,70054,70054,229376,32,0,0,12,0,16,64,"0x0","0x7c5b0c5d2b80",3895888934451,3895977507549,3895977532290,3895977537576,24741
379,"void flash_attn_tile<256, 256, 4, 2, false>(char const*, char const*, char const*, char const*, char const*, int const*, float*, HIP_vector_type<float, 2u>*, float, float, float, float, unsigned int, float, int, HIP_vector_type<unsigned int, 3u>, int, int, int, int, int, int, int, int, int, int, int, long, int, int, long, int, int, int, int, int, long) [clone .kd]",4,1,378,70054,70054,28416,256,22528,1104,128,0,64,64,"0x0","0x7c5b0c5469c0",3895888936979,3895977755250,3895978480278,3895978504930,725028
380,"void flash_attn_combine_results<256>(float const*, HIP_vector_type<float, 2u> const*, float*, int) [clone .kd]",4,1,379,70054,70054,6144,256,512,0,20,0,32,64,"0x0","0x7c5b0c546880",3895888938814,3895978480278,3895978503092,3895978508688,22814
381,"void dequantize_block_q4_0<__half>(void const*, __half*, int) [clone .kd]",4,1,380,70054,70054,229376,32,0,0,12,0,16,64,"0x0","0x7c5b0c5d2b80",3895888940723,3895978503092,3895978527981,3895978534130,24889
382,"void dequantize_block_q4_0<__half>(void const*, __half*, int) [clone .kd]",4,1,381,70054,70054,229376,32,0,0,12,0,16,64,"0x0","0x7c5b0c5d2b80",3895888942345,3895978527981,3895978552721,3895978557651,24740
383,"void flash_attn_tile<256, 256, 4, 6, false>(char const*, char const*, char const*, char const*, char const*, int const*, float*, HIP_vector_type<float, 2u>*, float, float, float, float, unsigned int, float, int, HIP_vector_type<unsigned int, 3u>, int, int, int, int, int, int, int, int, int, int, int, long, int, int, long, int, int, int, int, int, long) [clone .kd]",4,1,382,70054,70054,21504,384,32768,1432,128,0,48,64,"0x0","0x7c5b0c546a40",3895888944599,3895978775978,3895979324119,3895979346170,548141
384,"void flash_attn_combine_results<256>(float const*, HIP_vector_type<float, 2u> const*, float*, int) [clone .kd]",4,1,383,70054,70054,6144,256,512,0,20,0,32,64,"0x0","0x7c5b0c546880",3895888946257,3895979401451,3895979430784,3895979437214,29333
385,"void dequantize_block_q4_0<__half>(void const*, __half*, int) [clone .kd]",4,1,384,70054,70054,229376,32,0,0,12,0,16,64,"0x0","0x7c5b0c5d2b80",3895888948069,3895979430784,3895979455376,3895979460766,24592
386,"void dequantize_block_q4_0<__half>(void const*, __half*, int) [clone .kd]",4,1,385,70054,70054,229376,32,0,0,12,0,16,64,"0x0","0x7c5b0c5d2b80",3895888949811,3895979455376,3895979479969,3895979485528,24593
387,"void flash_attn_tile<256, 256, 4, 2, false>(char const*, char const*, char const*, char const*, char const*, int const*, float*, HIP_vector_type<float, 2u>*, float, float, float, float, unsigned int, float, int, HIP_vector_type<unsigned int, 3u>, int, int, int, int, int, int, int, int, int, int, int, long, int, int, long, int, int, int, int, int, long) [clone .kd]",4,1,386,70054,70054,28416,256,22528,1104,128,0,64,64,"0x0","0x7c5b0c5469c0",3895888952204,3895979702780,3895980428845,3895980450889,726065
388,"void flash_attn_combine_results<256>(float const*, HIP_vector_type<float, 2u> const*, float*, int) [clone .kd]",4,1,387,70054,70054,6144,256,512,0,20,0,32,64,"0x0","0x7c5b0c546880",3895888954076,3895980428845,3895980452697,3895980468220,23852
389,"void dequantize_block_q4_0<__half>(void const*, __half*, int) [clone .kd]",4,1,388,70054,70054,229376,32,0,0,12,0,16,64,"0x0","0x7c5b0c5d2b80",3895888955958,3895980452697,3895980480548,3895980487042,27851
390,"void dequantize_block_q4_0<__half>(void const*, __half*, int) [clone .kd]",4,1,389,70054,70054,229376,32,0,0,12,0,16,64,"0x0","0x7c5b0c5d2b80",3895888957549,3895980480548,3895980515955,3895980521655,35407
391,"void flash_attn_tile<256, 256, 4, 6, false>(char const*, char const*, char const*, char const*, char const*, int const*, float*, HIP_vector_type<float, 2u>*, float, float, float, float, unsigned int, float, int, HIP_vector_type<unsigned int, 3u>, int, int, int, int, int, int, int, int, int, int, int, long, int, int, long, int, int, int, int, int, long) [clone .kd]",4,1,390,70054,70054,21504,384,32768,1432,128,0,48,64,"0x0","0x7c5b0c546a40",3895888960103,3895980763952,3895981365870,3895981391600,601918
392,"void flash_attn_combine_results<256>(float const*, HIP_vector_type<float, 2u> const*, float*, int) [clone .kd]",4,1,391,70054,70054,6144,256,512,0,20,0,32,64,"0x0","0x7c5b0c546880",3895888961912,3895981395351,3895981427499,3895981432972,32148
393,"void dequantize_block_q4_0<__half>(void const*, __half*, int) [clone .kd]",4,1,392,70054,70054,229376,32,0,0,12,0,16,64,"0x0","0x7c5b0c5d2b80",3895888963820,3895981427499,3895981455202,3895981461762,27703
394,"void dequantize_block_q4_0<__half>(void const*, __half*, int) [clone .kd]",4,1,393,70054,70054,229376,32,0,0,12,0,16,64,"0x0","0x7c5b0c5d2b80",3895888965542,3895981455202,3895981482461,3895981488203,27259
395,"void flash_attn_tile<256, 256, 4, 2, false>(char const*, char const*, char const*, char const*, char const*, int const*, float*, HIP_vector_type<float, 2u>*, float, float, float, float, unsigned int, float, int, HIP_vector_type<unsigned int, 3u>, int, int, int, int, int, int, int, int, int, int, int, long, int, int, long, int, int, int, int, int, long) [clone .kd]",4,1,394,70054,70054,28416,256,22528,1104,128,0,64,64,"0x0","0x7c5b0c5469c0",3895888967905,3895981730458,3895982514152,3895982538175,783694
396,"void flash_attn_combine_results<256>(float const*, HIP_vector_type<float, 2u> const*, float*, int) [clone .kd]",4,1,395,70054,70054,6144,256,512,0,20,0,32,64,"0x0","0x7c5b0c546880",3895888969621,3895982514152,3895982547337,3895982556289,33185
397,"void dequantize_block_q4_0<__half>(void const*, __half*, int) [clone .kd]",4,1,396,70054,70054,229376,32,0,0,12,0,16,64,"0x0","0x7c5b0c5d2b80",3895888971362,3895982547337,3895982572225,3895982578366,24888
398,"void dequantize_block_q4_0<__half>(void const*, __half*, int) [clone .kd]",4,1,397,70054,70054,229376,32,0,0,12,0,16,64,"0x0","0x7c5b0c5d2b80",3895888972905,3895982572225,3895982596669,3895982602432,24444
399,"void flash_attn_tile<256, 256, 4, 6, false>(char const*, char const*, char const*, char const*, char const*, int const*, float*, HIP_vector_type<float, 2u>*, float, float, float, float, unsigned int, float, int, HIP_vector_type<unsigned int, 3u>, int, int, int, int, int, int, int, int, int, int, int, long, int, int, long, int, int, int, int, int, long) [clone .kd]",4,1,398,70054,70054,21504,384,32768,1432,128,0,48,64,"0x0","0x7c5b0c546a40",3895888975355,3895982820370,3895983370585,3895983392336,550215
400,"void flash_attn_combine_results<256>(float const*, HIP_vector_type<float, 2u> const*, float*, int) [clone .kd]",4,1,399,70054,70054,6144,256,512,0,20,0,32,64,"0x0","0x7c5b0c546880",3895888977238,3895983447621,3895983476065,3895983481657,28444
401,"void dequantize_block_q4_0<__half>(void const*, __half*, int) [clone .kd]",4,1,400,70054,70054,229376,32,0,0,12,0,16,64,"0x0","0x7c5b0c5d2b80",3895888979124,3895983476065,3895983500954,3895983506819,24889
402,"void dequantize_block_q4_0<__half>(void const*, __half*, int) [clone .kd]",4,1,401,70054,70054,229376,32,0,0,12,0,16,64,"0x0","0x7c5b0c5d2b80",3895888980799,3895983500954,3895983525694,3895983531992,24740
403,"void flash_attn_tile<256, 256, 4, 2, false>(char const*, char const*, char const*, char const*, char const*, int const*, float*, HIP_vector_type<float, 2u>*, float, float, float, float, unsigned int, float, int, HIP_vector_type<unsigned int, 3u>, int, int, int, int, int, int, int, int, int, int, int, long, int, int, long, int, int, int, int, int, long) [clone .kd]",4,1,402,70054,70054,28416,256,22528,1104,128,0,64,64,"0x0","0x7c5b0c5469c0",3895888983024,3895983748655,3895984470719,3895984492553,722064
404,"void flash_attn_combine_results<256>(float const*, HIP_vector_type<float, 2u> const*, float*, int) [clone .kd]",4,1,403,70054,70054,6144,256,512,0,20,0,32,64,"0x0","0x7c5b0c546880",3895888984655,3895984470719,3895984493386,3895984509145,22667
405,"void dequantize_block_q4_0<__half>(void const*, __half*, int) [clone .kd]",4,1,404,70054,70054,229376,32,0,0,12,0,16,64,"0x0","0x7c5b0c5d2b80",3895888986445,3895984493386,3895984518422,3895984524193,25036
406,"void dequantize_block_q4_0<__half>(void const*, __half*, int) [clone .kd]",4,1,405,70054,70054,229376,32,0,0,12,0,16,64,"0x0","0x7c5b0c5d2b80",3895888988184,3895984518422,3895984543015,3895984548923,24593
407,"void flash_attn_tile<256, 256, 4, 6, false>(char const*, char const*, char const*, char const*, char const*, int const*, float*, HIP_vector_type<float, 2u>*, float, float, float, float, unsigned int, float, int, HIP_vector_type<unsigned int, 3u>, int, int, int, int, int, int, int, int, int, int, int, long, int, int, long, int, int, int, int, int, long) [clone .kd]",4,1,406,70054,70054,21504,384,32768,1432,128,0,48,64,"0x0","0x7c5b0c546a40",3895888990585,3895984766567,3895985315597,3895985336514,549030
408,"void flash_attn_combine_results<256>(float const*, HIP_vector_type<float, 2u> const*, float*, int) [clone .kd]",4,1,407,70054,70054,6144,256,512,0,20,0,32,64,"0x0","0x7c5b0c546880",3895888992351,3895985392337,3895985420781,3895985426514,28444
409,"void dequantize_block_q4_0<__half>(void const*, __half*, int) [clone .kd]",4,1,408,70054,70054,229376,32,0,0,12,0,16,64,"0x0","0x7c5b0c5d2b80",3895888994214,3895985420781,3895985445966,3895985451602,25185
410,"void dequantize_block_q4_0<__half>(void const*, __half*, int) [clone .kd]",4,1,409,70054,70054,229376,32,0,0,12,0,16,64,"0x0","0x7c5b0c5d2b80",3895888995860,3895985445966,3895985470558,3895985476715,24592
411,"void flash_attn_tile<256, 256, 4, 2, false>(char const*, char const*, char const*, char const*, char const*, int const*, float*, HIP_vector_type<float, 2u>*, float, float, float, float, unsigned int, float, int, HIP_vector_type<unsigned int, 3u>, int, int, int, int, int, int, int, int, int, int, int, long, int, int, long, int, int, int, int, int, long) [clone .kd]",4,1,410,70054,70054,28416,256,22528,1104,128,0,64,64,"0x0","0x7c5b0c5469c0",3895888997997,3895985693370,3895986407880,3895986429753,714510
412,"void flash_attn_combine_results<256>(float const*, HIP_vector_type<float, 2u> const*, float*, int) [clone .kd]",4,1,411,70054,70054,6144,256,512,0,20,0,32,64,"0x0","0x7c5b0c546880",3895888999798,3895986407880,3895986429954,3895986444113,22074
413,"void dequantize_block_q4_0<__half>(void const*, __half*, int) [clone .kd]",4,1,412,70054,70054,229376,32,0,0,12,0,16,64,"0x0","0x7c5b0c5d2b80",3895889007018,3895986429954,3895986454990,3895986460200,25036
414,"void dequantize_block_q4_0<__half>(void const*, __half*, int) [clone .kd]",4,1,413,70054,70054,229376,32,0,0,12,0,16,64,"0x0","0x7c5b0c5d2b80",3895889008966,3895986454990,3895986479583,3895986485663,24593
415,"void flash_attn_tile<256, 256, 4, 6, false>(char const*, char const*, char const*, char const*, char const*, int const*, float*, HIP_vector_type<float, 2u>*, float, float, float, float, unsigned int, float, int, HIP_vector_type<unsigned int, 3u>, int, int, int, int, int, int, int, int, int, int, int, long, int, int, long, int, int, int, int, int, long) [clone .kd]",4,1,414,70054,70054,21504,384,32768,1432,128,0,48,64,"0x0","0x7c5b0c546a40",3895889011373,3895986702839,3895987256313,3895987277825,553474
416,"void flash_attn_combine_results<256>(float const*, HIP_vector_type<float, 2u> const*, float*, int) [clone .kd]",4,1,415,70054,70054,6144,256,512,0,20,0,32,64,"0x0","0x7c5b0c546880",3895889013175,3895987331275,3895987359868,3895987365451,28593
417,"void dequantize_block_q4_0<__half>(void const*, __half*, int) [clone .kd]",4,1,416,70054,70054,229376,32,0,0,12,0,16,64,"0x0","0x7c5b0c5d2b80",3895889015018,3895987359868,3895987384608,3895987390209,24740
418,"void dequantize_block_q4_0<__half>(void const*, __half*, int) [clone .kd]",4,1,417,70054,70054,229376,32,0,0,12,0,16,64,"0x0","0x7c5b0c5d2b80",3895889016597,3895987384608,3895987409052,3895987414910,24444
419,"void flash_attn_tile<256, 256, 4, 2, false>(char const*, char const*, char const*, char const*, char const*, int const*, float*, HIP_vector_type<float, 2u>*, float, float, float, float, unsigned int, float, int, HIP_vector_type<unsigned int, 3u>, int, int, int, int, int, int, int, int, int, int, int, long, int, int, long, int, int, int, int, int, long) [clone .kd]",4,1,418,70054,70054,28416,256,22528,1104,128,0,64,64,"0x0","0x7c5b0c5469c0",3895889018918,3895987632160,3895988356744,3895988378736,724584
420,"void flash_attn_combine_results<256>(float const*, HIP_vector_type<float, 2u> const*, float*, int) [clone .kd]",4,1,419,70054,70054,6144,256,512,0,20,0,32,64,"0x0","0x7c5b0c546880",3895889020861,3895988356744,3895988380743,3895988392564,23999
421,"void dequantize_block_q4_0<__half>(void const*, __half*, int) [clone .kd]",4,1,420,70054,70054,229376,32,0,0,12,0,16,64,"0x0","0x7c5b0c5d2b80",3895889022847,3895988380743,3895988405780,3895988411123,25037
422,"void dequantize_block_q4_0<__half>(void const*, __half*, int) [clone .kd]",4,1,421,70054,70054,229376,32,0,0,12,0,16,64,"0x0","0x7c5b0c5d2b80",3895889024623,3895988405780,3895988430372,3895988436211,24592
423,"void flash_attn_tile<256, 256, 4, 6, false>(char const*, char const*, char const*, char const*, char const*, int const*, float*, HIP_vector_type<float, 2u>*, float, float, float, float, unsigned int, float, int, HIP_vector_type<unsigned int, 3u>, int, int, int, int, int, int, int, int, int, int, int, long, int, int, long, int, int, int, int, int, long) [clone .kd]",4,1,422,70054,70054,21504,384,32768,1432,128,0,48,64,"0x0","0x7c5b0c546a40",3895889027270,3895988653629,3895989200881,3895989222088,547252
424,"void flash_attn_combine_results<256>(float const*, HIP_vector_type<float, 2u> const*, float*, int) [clone .kd]",4,1,423,70054,70054,6144,256,512,0,20,0,32,64,"0x0","0x7c5b0c546880",3895889029219,3895989280139,3895989308880,3895989314648,28741
425,"void dequantize_block_q4_0<__half>(void const*, __half*, int) [clone .kd]",4,1,424,70054,70054,229376,32,0,0,12,0,16,64,"0x0","0x7c5b0c5d2b80",3895889031085,3895989308880,3895989334064,3895989339550,25184
426,"void dequantize_block_q4_0<__half>(void const*, __half*, int) [clone .kd]",4,1,425,70054,70054,229376,32,0,0,12,0,16,64,"0x0","0x7c5b0c5d2b80",3895889032705,3895989334064,3895989358657,3895989363916,24593
427,"void flash_attn_tile<256, 256, 4, 2, false>(char const*, char const*, char const*, char const*, char const*, int const*, float*, HIP_vector_type<float, 2u>*, float, float, float, float, unsigned int, float, int, HIP_vector_type<unsigned int, 3u>, int, int, int, int, int, int, int, int, int, int, int, long, int, int, long, int, int, int, int, int, long) [clone .kd]",4,1,426,70054,70054,28416,256,22528,1104,128,0,64,64,"0x0","0x7c5b0c5469c0",3895889035212,3895989581765,3895990313015,3895990335128,731250
428,"void flash_attn_combine_results<256>(float const*, HIP_vector_type<float, 2u> const*, float*, int) [clone .kd]",4,1,427,70054,70054,6144,256,512,0,20,0,32,64,"0x0","0x7c5b0c546880",3895889037117,3895990313015,3895990335385,3895990350570,22370
429,"void dequantize_block_q4_0<__half>(void const*, __half*, int) [clone .kd]",4,1,428,70054,70054,229376,32,0,0,12,0,16,64,"0x0","0x7c5b0c5d2b80",3895889039021,3895990335385,3895990360422,3895990366661,25037
430,"void dequantize_block_q4_0<__half>(void const*, __half*, int) [clone .kd]",4,1,429,70054,70054,229376,32,0,0,12,0,16,64,"0x0","0x7c5b0c5d2b80",3895889040820,3895990360422,3895990384866,3895990390273,24444
431,"void flash_attn_tile<256, 256, 4, 6, false>(char const*, char const*, char const*, char const*, char const*, int const*, float*, HIP_vector_type<float, 2u>*, float, float, float, float, unsigned int, float, int, HIP_vector_type<unsigned int, 3u>, int, int, int, int, int, int, int, int, int, int, int, long, int, int, long, int, int, int, int, int, long) [clone .kd]",4,1,430,70054,70054,21504,384,32768,1432,128,0,48,64,"0x0","0x7c5b0c546a40",3895889043088,3895990608270,3895991158337,3895991179860,550067
432,"void flash_attn_combine_results<256>(float const*, HIP_vector_type<float, 2u> const*, float*, int) [clone .kd]",4,1,431,70054,70054,6144,256,512,0,20,0,32,64,"0x0","0x7c5b0c546880",3895889044787,3895991234781,3895991263521,3895991269545,28740
433,"void dequantize_block_q4_0<__half>(void const*, __half*, int) [clone .kd]",4,1,432,70054,70054,229376,32,0,0,12,0,16,64,"0x0","0x7c5b0c5d2b80",3895889046565,3895991263521,3895991288262,3895991293294,24741
434,"void dequantize_block_q4_0<__half>(void const*, __half*, int) [clone .kd]",4,1,433,70054,70054,229376,32,0,0,12,0,16,64,"0x0","0x7c5b0c5d2b80",3895889048347,3895991288262,3895991313002,3895991318376,24740
435,"void flash_attn_tile<256, 256, 4, 2, false>(char const*, char const*, char const*, char const*, char const*, int const*, float*, HIP_vector_type<float, 2u>*, float, float, float, float, unsigned int, float, int, HIP_vector_type<unsigned int, 3u>, int, int, int, int, int, int, int, int, int, int, int, long, int, int, long, int, int, int, int, int, long) [clone .kd]",4,1,434,70054,70054,28416,256,22528,1104,128,0,64,64,"0x0","0x7c5b0c5469c0",3895889050852,3895991532407,3895992248990,3895992272007,716583
436,"void flash_attn_combine_results<256>(float const*, HIP_vector_type<float, 2u> const*, float*, int) [clone .kd]",4,1,435,70054,70054,6144,256,512,0,20,0,32,64,"0x0","0x7c5b0c546880",3895889052685,3895992248990,3895992270471,3895992286340,21481
437,"void dequantize_block_q4_0<__half>(void const*, __half*, int) [clone .kd]",4,1,436,70054,70054,229376,32,0,0,12,0,16,64,"0x0","0x7c5b0c5d2b80",3895889054639,3895992270471,3895992294027,3895992301310,23556
438,"void dequantize_block_q4_0<__half>(void const*, __half*, int) [clone .kd]",4,1,437,70054,70054,229376,32,0,0,12,0,16,64,"0x0","0x7c5b0c5d2b80",3895889056367,3895992294027,3895992317286,3895992323408,23259
439,"void flash_attn_tile<256, 256, 4, 6, false>(char const*, char const*, char const*, char const*, char const*, int const*, float*, HIP_vector_type<float, 2u>*, float, float, float, float, unsigned int, float, int, HIP_vector_type<unsigned int, 3u>, int, int, int, int, int, int, int, int, int, int, int, long, int, int, long, int, int, int, int, int, long) [clone .kd]",4,1,438,70054,70054,21504,384,32768,1432,128,0,48,64,"0x0","0x7c5b0c546a40",3895889058644,3895992527505,3895993065276,3895993086930,537771
440,"void flash_attn_combine_results<256>(float const*, HIP_vector_type<float, 2u> const*, float*, int) [clone .kd]",4,1,439,70054,70054,6144,256,512,0,20,0,32,64,"0x0","0x7c5b0c546880",3895889060432,3895993117572,3895993144979,3895993150350,27407
441,"void dequantize_block_q4_0<__half>(void const*, __half*, int) [clone .kd]",4,1,440,70054,70054,229376,32,0,0,12,0,16,64,"0x0","0x7c5b0c5d2b80",3895889062286,3895993144979,3895993168534,3895993174324,23555
442,"void dequantize_block_q4_0<__half>(void const*, __half*, int) [clone .kd]",4,1,441,70054,70054,229376,32,0,0,12,0,16,64,"0x0","0x7c5b0c5d2b80",3895889064042,3895993168534,3895993191793,3895993196796,23259
443,"void flash_attn_tile<256, 256, 4, 2, false>(char const*, char const*, char const*, char const*, char const*, int const*, float*, HIP_vector_type<float, 2u>*, float, float, float, float, unsigned int, float, int, HIP_vector_type<unsigned int, 3u>, int, int, int, int, int, int, int, int, int, int, int, long, int, int, long, int, int, int, int, int, long) [clone .kd]",4,1,442,70054,70054,28416,256,22528,1104,128,0,64,64,"0x0","0x7c5b0c5469c0",3895889066544,3895993401420,3895994102152,3895994123927,700732
444,"void flash_attn_combine_results<256>(float const*, HIP_vector_type<float, 2u> const*, float*, int) [clone .kd]",4,1,443,70054,70054,6144,256,512,0,20,0,32,64,"0x0","0x7c5b0c546880",3895889068483,3895994102152,3895994122299,3895994140305,20147
445,"void dequantize_block_q4_0<__half>(void const*, __half*, int) [clone .kd]",4,1,444,70054,70054,229376,32,0,0,12,0,16,64,"0x0","0x7c5b0c5d2b80",3895889070457,3895994122299,3895994144966,3895994153989,22667
446,"void dequantize_block_q4_0<__half>(void const*, __half*, int) [clone .kd]",4,1,445,70054,70054,229376,32,0,0,12,0,16,64,"0x0","0x7c5b0c5d2b80",3895889072038,3895994144966,3895994167484,3895994173549,22518
447,"void flash_attn_tile<256, 256, 4, 6, false>(char const*, char const*, char const*, char const*, char const*, int const*, float*, HIP_vector_type<float, 2u>*, float, float, float, float, unsigned int, float, int, HIP_vector_type<unsigned int, 3u>, int, int, int, int, int, int, int, int, int, int, int, long, int, int, long, int, int, int, int, int, long) [clone .kd]",4,1,446,70054,70054,21504,384,32768,1432,128,0,48,64,"0x0","0x7c5b0c546a40",3895889074308,3895994359037,3895994899475,3895994918281,540438
448,"void flash_attn_combine_results<256>(float const*, HIP_vector_type<float, 2u> const*, float*, int) [clone .kd]",4,1,447,70054,70054,6144,256,512,0,20,0,32,64,"0x0","0x7c5b0c546880",3895889075989,3895994947326,3895994972066,3895994977948,24740
449,"void dequantize_block_q4_0<__half>(void const*, __half*, int) [clone .kd]",4,1,448,70054,70054,229376,32,0,0,12,0,16,64,"0x0","0x7c5b0c5d2b80",3895889078122,3895994972066,3895994995325,3895995003501,23259
450,"void dequantize_block_q4_0<__half>(void const*, __half*, int) [clone .kd]",4,1,449,70054,70054,229376,32,0,0,12,0,16,64,"0x0","0x7c5b0c5d2b80",3895889079806,3895994995325,3895995017251,3895995022477,21926
451,"void flash_attn_tile<256, 256, 4, 2, false>(char const*, char const*, char const*, char const*, char const*, int const*, float*, HIP_vector_type<float, 2u>*, float, float, float, float, unsigned int, float, int, HIP_vector_type<unsigned int, 3u>, int, int, int, int, int, int, int, int, int, int, int, long, int, int, long, int, int, int, int, int, long) [clone .kd]",4,1,450,70054,70054,28416,256,22528,1104,128,0,64,64,"0x0","0x7c5b0c5469c0",3895889082129,3895995206878,3895995904054,3895995927275,697176
452,"void flash_attn_combine_results<256>(float const*, HIP_vector_type<float, 2u> const*, float*, int) [clone .kd]",4,1,451,70054,70054,6144,256,512,0,20,0,32,64,"0x0","0x7c5b0c546880",3895889083948,3895995904054,3895995924054,3895995942835,20000
453,"void dequantize_block_q4_0<__half>(void const*, __half*, int) [clone .kd]",4,1,452,70054,70054,229376,32,0,0,12,0,16,64,"0x0","0x7c5b0c5d2b80",3895889085713,3895995924054,3895995945387,3895995956810,21333
454,"void dequantize_block_q4_0<__half>(void const*, __half*, int) [clone .kd]",4,1,453,70054,70054,229376,32,0,0,12,0,16,64,"0x0","0x7c5b0c5d2b80",3895889087276,3895995945387,3895995966424,3895995971315,21037
455,"void flash_attn_tile<256, 256, 4, 6, false>(char const*, char const*, char const*, char const*, char const*, int const*, float*, HIP_vector_type<float, 2u>*, float, float, float, float, unsigned int, float, int, HIP_vector_type<unsigned int, 3u>, int, int, int, int, int, int, int, int, int, int, int, long, int, int, long, int, int, int, int, int, long) [clone .kd]",4,1,454,70054,70054,21504,384,32768,1432,128,0,48,64,"0x0","0x7c5b0c546a40",3895889089544,3895996156496,3895996685674,3895996708484,529178
456,"void flash_attn_combine_results<256>(float const*, HIP_vector_type<float, 2u> const*, float*, int) [clone .kd]",4,1,455,70054,70054,6144,256,512,0,20,0,32,64,"0x0","0x7c5b0c546880",3895889091452,3895996750858,3895996775302,3895996781019,24444
457,"void dequantize_block_q4_0<__half>(void const*, __half*, int) [clone .kd]",4,1,456,70054,70054,229376,32,0,0,12,0,16,64,"0x0","0x7c5b0c5d2b80",3895889093389,3895996775302,3895996798858,3895996804284,23556
458,"void dequantize_block_q4_0<__half>(void const*, __half*, int) [clone .kd]",4,1,457,70054,70054,229376,32,0,0,12,0,16,64,"0x0","0x7c5b0c5d2b80",3895889095059,3895996798858,3895996820635,3895996826214,21777
459,"void flash_attn_tile<256, 256, 4, 2, false>(char const*, char const*, char const*, char const*, char const*, int const*, float*, HIP_vector_type<float, 2u>*, float, float, float, float, unsigned int, float, int, HIP_vector_type<unsigned int, 3u>, int, int, int, int, int, int, int, int, int, int, int, long, int, int, long, int, int, int, int, int, long) [clone .kd]",4,1,458,70054,70054,28416,256,22528,1104,128,0,64,64,"0x0","0x7c5b0c5469c0",3895889097325,3895997010262,3895997716920,3895997743654,706658
460,"void flash_attn_combine_results<256>(float const*, HIP_vector_type<float, 2u> const*, float*, int) [clone .kd]",4,1,459,70054,70054,6144,256,512,0,20,0,32,64,"0x0","0x7c5b0c546880",3895889099123,3895997716920,3895997738698,3895997763645,21778
461,"void dequantize_block_q4_0<__half>(void const*, __half*, int) [clone .kd]",4,1,460,70054,70054,229376,32,0,0,12,0,16,64,"0x0","0x7c5b0c5d2b80",3895889100867,3895997738698,3895997762105,3895997777001,23407
462,"void dequantize_block_q4_0<__half>(void const*, __half*, int) [clone .kd]",4,1,461,70054,70054,229376,32,0,0,12,0,16,64,"0x0","0x7c5b0c5d2b80",3895889102370,3895997762105,3895997785067,3895997791100,22962
463,"void flash_attn_tile<256, 256, 4, 6, false>(char const*, char const*, char const*, char const*, char const*, int const*, float*, HIP_vector_type<float, 2u>*, float, float, float, float, unsigned int, float, int, HIP_vector_type<unsigned int, 3u>, int, int, int, int, int, int, int, int, int, int, int, long, int, int, long, int, int, int, int, int, long) [clone .kd]",4,1,462,70054,70054,21504,384,32768,1432,128,0,48,64,"0x0","0x7c5b0c546a40",3895889104928,3895997995435,3895998536465,3895998555397,541030
464,"void flash_attn_combine_results<256>(float const*, HIP_vector_type<float, 2u> const*, float*, int) [clone .kd]",4,1,463,70054,70054,6144,256,512,0,20,0,32,64,"0x0","0x7c5b0c546880",3895889106867,3895998592909,3895998621353,3895998626679,28444
465,"void dequantize_block_q4_0<__half>(void const*, __half*, int) [clone .kd]",4,1,464,70054,70054,229376,32,0,0,12,0,16,64,"0x0","0x7c5b0c5d2b80",3895889108773,3895998621353,3895998646241,3895998652146,24888
466,"void dequantize_block_q4_0<__half>(void const*, __half*, int) [clone .kd]",4,1,465,70054,70054,229376,32,0,0,12,0,16,64,"0x0","0x7c5b0c5d2b80",3895889110487,3895998646241,3895998670982,3895998676744,24741
467,"void flash_attn_tile<256, 256, 4, 2, false>(char const*, char const*, char const*, char const*, char const*, int const*, float*, HIP_vector_type<float, 2u>*, float, float, float, float, unsigned int, float, int, HIP_vector_type<unsigned int, 3u>, int, int, int, int, int, int, int, int, int, int, int, long, int, int, long, int, int, int, int, int, long) [clone .kd]",4,1,466,70054,70054,28416,256,22528,1104,128,0,64,64,"0x0","0x7c5b0c5469c0",3895889112809,3895998894090,3895999612007,3895999631216,717917
468,"void flash_attn_combine_results<256>(float const*, HIP_vector_type<float, 2u> const*, float*, int) [clone .kd]",4,1,467,70054,70054,6144,256,512,0,20,0,32,64,"0x0","0x7c5b0c546880",3895889114632,3895999612007,3895999634673,3895999643614,22666
469,"void dequantize_block_q4_0<__half>(void const*, __half*, int) [clone .kd]",4,1,468,70054,70054,229376,32,0,0,12,0,16,64,"0x0","0x7c5b0c5d2b80",3895889116504,3895999634673,3895999659414,3895999665121,24741
470,"void dequantize_block_q4_0<__half>(void const*, __half*, int) [clone .kd]",4,1,469,70054,70054,229376,32,0,0,12,0,16,64,"0x0","0x7c5b0c5d2b80",3895889118074,3895999659414,3895999683858,3895999689522,24444
471,"void flash_attn_tile<256, 256, 4, 6, false>(char const*, char const*, char const*, char const*, char const*, int const*, float*, HIP_vector_type<float, 2u>*, float, float, float, float, unsigned int, float, int, HIP_vector_type<unsigned int, 3u>, int, int, int, int, int, int, int, int, int, int, int, long, int, int, long, int, int, int, int, int, long) [clone .kd]",4,1,470,70054,70054,21504,384,32768,1432,128,0,48,64,"0x0","0x7c5b0c546a40",3895889120411,3895999907410,3896000458811,3896000479050,551401
472,"void flash_attn_combine_results<256>(float const*, HIP_vector_type<float, 2u> const*, float*, int) [clone .kd]",4,1,471,70054,70054,6144,256,512,0,20,0,32,64,"0x0","0x7c5b0c546880",3895889122229,3896000534662,3896000562661,3896000567864,27999
473,"void dequantize_block_q4_0<__half>(void const*, __half*, int) [clone .kd]",4,1,472,70054,70054,229376,32,0,0,12,0,16,64,"0x0","0x7c5b0c5d2b80",3895889124138,3896000562661,3896000587550,3896000592574,24889
474,"void dequantize_block_q4_0<__half>(void const*, __half*, int) [clone .kd]",4,1,473,70054,70054,229376,32,0,0,12,0,16,64,"0x0","0x7c5b0c5d2b80",3895889125822,3896000587550,3896000612142,3896000618043,24592
475,"void flash_attn_tile<256, 256, 4, 2, false>(char const*, char const*, char const*, char const*, char const*, int const*, float*, HIP_vector_type<float, 2u>*, float, float, float, float, unsigned int, float, int, HIP_vector_type<unsigned int, 3u>, int, int, int, int, int, int, int, int, int, int, int, long, int, int, long, int, int, int, int, int, long) [clone .kd]",4,1,474,70054,70054,28416,256,22528,1104,128,0,64,64,"0x0","0x7c5b0c5469c0",3895889128125,3896000835102,3896001561908,3896001582025,726806
476,"void flash_attn_combine_results<256>(float const*, HIP_vector_type<float, 2u> const*, float*, int) [clone .kd]",4,1,475,70054,70054,6144,256,512,0,20,0,32,64,"0x0","0x7c5b0c546880",3895889130021,3896001561908,3896001584130,3896001594737,22222
477,"void dequantize_block_q4_0<__half>(void const*, __half*, int) [clone .kd]",4,1,476,70054,70054,229376,32,0,0,12,0,16,64,"0x0","0x7c5b0c5d2b80",3895889131790,3896001584130,3896001609166,3896001614693,25036
478,"void dequantize_block_q4_0<__half>(void const*, __half*, int) [clone .kd]",4,1,477,70054,70054,229376,32,0,0,12,0,16,64,"0x0","0x7c5b0c5d2b80",3895889133311,3896001609166,3896001633907,3896001639453,24741
479,"void flash_attn_tile<256, 256, 4, 6, false>(char const*, char const*, char const*, char const*, char const*, int const*, float*, HIP_vector_type<float, 2u>*, float, float, float, float, unsigned int, float, int, HIP_vector_type<unsigned int, 3u>, int, int, int, int, int, int, int, int, int, int, int, long, int, int, long, int, int, int, int, int, long) [clone .kd]",4,1,478,70054,70054,21504,384,32768,1432,128,0,48,64,"0x0","0x7c5b0c546a40",3895889135725,3896001857163,3896002407823,3896002426595,550660
480,"void flash_attn_combine_results<256>(float const*, HIP_vector_type<float, 2u> const*, float*, int) [clone .kd]",4,1,479,70054,70054,6144,256,512,0,20,0,32,64,"0x0","0x7c5b0c546880",3895889137728,3896002484118,3896002513896,3896002519341,29778
481,"void dequantize_block_q4_0<__half>(void const*, __half*, int) [clone .kd]",4,1,480,70054,70054,229376,32,0,0,12,0,16,64,"0x0","0x7c5b0c5d2b80",3895889139723,3896002513896,3896002538636,3896002544629,24740
482,"void dequantize_block_q4_0<__half>(void const*, __half*, int) [clone .kd]",4,1,481,70054,70054,229376,32,0,0,12,0,16,64,"0x0","0x7c5b0c5d2b80",3895889144235,3896002538636,3896002563525,3896002569001,24889
483,"void flash_attn_tile<256, 256, 4, 2, false>(char const*, char const*, char const*, char const*, char const*, int const*, float*, HIP_vector_type<float, 2u>*, float, float, float, float, unsigned int, float, int, HIP_vector_type<unsigned int, 3u>, int, int, int, int, int, int, int, int, int, int, int, long, int, int, long, int, int, int, int, int, long) [clone .kd]",4,1,482,70054,70054,28416,256,22528,1104,128,0,64,64,"0x0","0x7c5b0c5469c0",3895889146646,3896002786485,3896003521735,3896003540646,735250
484,"void flash_attn_combine_results<256>(float const*, HIP_vector_type<float, 2u> const*, float*, int) [clone .kd]",4,1,483,70054,70054,6144,256,512,0,20,0,32,64,"0x0","0x7c5b0c546880",3895889148380,3896003521735,3896003545882,3896003554907,24147
485,"void dequantize_block_q4_0<__half>(void const*, __half*, int) [clone .kd]",4,1,484,70054,70054,229376,32,0,0,12,0,16,64,"0x0","0x7c5b0c5d2b80",3895889150108,3896003545882,3896003573586,3896003579172,27704
486,"void dequantize_block_q4_0<__half>(void const*, __half*, int) [clone .kd]",4,1,485,70054,70054,229376,32,0,0,12,0,16,64,"0x0","0x7c5b0c5d2b80",3895889151681,3896003573586,3896003600697,3896003606368,27111
487,"void flash_attn_tile<256, 256, 4, 6, false>(char const*, char const*, char const*, char const*, char const*, int const*, float*, HIP_vector_type<float, 2u>*, float, float, float, float, unsigned int, float, int, HIP_vector_type<unsigned int, 3u>, int, int, int, int, int, int, int, int, int, int, int, long, int, int, long, int, int, int, int, int, long) [clone .kd]",4,1,486,70054,70054,21504,384,32768,1432,128,0,48,64,"0x0","0x7c5b0c546a40",3895889154120,3896003848990,3896004451204,3896004470637,602214
488,"void flash_attn_combine_results<256>(float const*, HIP_vector_type<float, 2u> const*, float*, int) [clone .kd]",4,1,487,70054,70054,6144,256,512,0,20,0,32,64,"0x0","0x7c5b0c546880",3895889156024,3896004481574,3896004513277,3896004519382,31703
489,"void dequantize_block_q4_0<__half>(void const*, __half*, int) [clone .kd]",4,1,488,70054,70054,229376,32,0,0,12,0,16,64,"0x0","0x7c5b0c5d2b80",3895889157861,3896004513277,3896004541277,3896004547253,28000
490,"void dequantize_block_q4_0<__half>(void const*, __half*, int) [clone .kd]",4,1,489,70054,70054,229376,32,0,0,12,0,16,64,"0x0","0x7c5b0c5d2b80",3895889159547,3896004541277,3896004568536,3896004574130,27259
491,"void flash_attn_tile<256, 256, 4, 2, false>(char const*, char const*, char const*, char const*, char const*, int const*, float*, HIP_vector_type<float, 2u>*, float, float, float, float, unsigned int, float, int, HIP_vector_type<unsigned int, 3u>, int, int, int, int, int, int, int, int, int, int, int, long, int, int, long, int, int, int, int, int, long) [clone .kd]",4,1,490,70054,70054,28416,256,22528,1104,128,0,64,64,"0x0","0x7c5b0c5469c0",3895889161913,3896004816681,3896005617115,3896005636255,800434
492,"void flash_attn_combine_results<256>(float const*, HIP_vector_type<float, 2u> const*, float*, int) [clone .kd]",4,1,491,70054,70054,6144,256,512,0,20,0,32,64,"0x0","0x7c5b0c546880",3895889163664,3896005617115,3896005639781,3896005648995,22666
493,"void dequantize_block_q4_0<__half>(void const*, __half*, int) [clone .kd]",4,1,492,70054,70054,229376,32,0,0,12,0,16,64,"0x0","0x7c5b0c5d2b80",3895889165400,3896005639781,3896005664522,3896005669660,24741
494,"void dequantize_block_q4_0<__half>(void const*, __half*, int) [clone .kd]",4,1,493,70054,70054,229376,32,0,0,12,0,16,64,"0x0","0x7c5b0c5d2b80",3895889166953,3896005664522,3896005689114,3896005695119,24592
495,"void flash_attn_tile<256, 256, 4, 6, false>(char const*, char const*, char const*, char const*, char const*, int const*, float*, HIP_vector_type<float, 2u>*, float, float, float, float, unsigned int, float, int, HIP_vector_type<unsigned int, 3u>, int, int, int, int, int, int, int, int, int, int, int, long, int, int, long, int, int, int, int, int, long) [clone .kd]",4,1,494,70054,70054,21504,384,32768,1432,128,0,48,64,"0x0","0x7c5b0c546a40",3895889169278,3896005912519,3896006463178,3896006480902,550659
496,"void flash_attn_combine_results<256>(float const*, HIP_vector_type<float, 2u> const*, float*, int) [clone .kd]",4,1,495,70054,70054,6144,256,512,0,20,0,32,64,"0x0","0x7c5b0c546880",3895889171134,3896006484215,3896006512215,3896006517690,28000
497,"void dequantize_block_q4_0<__half>(void const*, __half*, int) [clone .kd]",4,1,496,70054,70054,229376,32,0,0,12,0,16,64,"0x0","0x7c5b0c5d2b80",3895889172995,3896006512215,3896006536955,3896006542165,24740
498,"void dequantize_block_q4_0<__half>(void const*, __half*, int) [clone .kd]",4,1,497,70054,70054,229376,32,0,0,12,0,16,64,"0x0","0x7c5b0c5d2b80",3895889174653,3896006536955,3896006561696,3896006567311,24741
499,"void flash_attn_tile<256, 256, 4, 2, false>(char const*, char const*, char const*, char const*, char const*, int const*, float*, HIP_vector_type<float, 2u>*, float, float, float, float, unsigned int, float, int, HIP_vector_type<unsigned int, 3u>, int, int, int, int, int, int, int, int, int, int, int, long, int, int, long, int, int, int, int, int, long) [clone .kd]",4,1,498,70054,70054,28416,256,22528,1104,128,0,64,64,"0x0","0x7c5b0c5469c0",3895889176973,3896006784804,3896007504943,3896007523657,720139
500,"void flash_attn_combine_results<256>(float const*, HIP_vector_type<float, 2u> const*, float*, int) [clone .kd]",4,1,499,70054,70054,6144,256,512,0,20,0,32,64,"0x0","0x7c5b0c546880",3895889178708,3896007504943,3896007527609,3896007535847,22666
501,"void dequantize_block_q4_0<__half>(void const*, __half*, int) [clone .kd]",4,1,500,70054,70054,229376,32,0,0,12,0,16,64,"0x0","0x7c5b0c5d2b80",3895889180416,3896007527609,3896007552350,3896007558251,24741
502,"void dequantize_block_q4_0<__half>(void const*, __half*, int) [clone .kd]",4,1,501,70054,70054,229376,32,0,0,12,0,16,64,"0x0","0x7c5b0c5d2b80",3895889182067,3896007552350,3896007577238,3896007583102,24888
503,"void flash_attn_tile<256, 256, 4, 6, false>(char const*, char const*, char const*, char const*, char const*, int const*, float*, HIP_vector_type<float, 2u>*, float, float, float, float, unsigned int, float, int, HIP_vector_type<unsigned int, 3u>, int, int, int, int, int, int, int, int, int, int, int, long, int, int, long, int, int, int, int, int, long) [clone .kd]",4,1,502,70054,70054,21504,384,32768,1432,128,0,48,64,"0x0","0x7c5b0c546a40",3895889184415,3896007800346,3896008351895,3896008369878,551549
504,"void flash_attn_combine_results<256>(float const*, HIP_vector_type<float, 2u> const*, float*, int) [clone .kd]",4,1,503,70054,70054,6144,256,512,0,20,0,32,64,"0x0","0x7c5b0c546880",3895889186271,3896008427005,3896008456042,3896008461466,29037
505,"void dequantize_block_q4_0<__half>(void const*, __half*, int) [clone .kd]",4,1,504,70054,70054,229376,32,0,0,12,0,16,64,"0x0","0x7c5b0c5d2b80",3895889188126,3896008456042,3896008480930,3896008486651,24888
506,"void dequantize_block_q4_0<__half>(void const*, __half*, int) [clone .kd]",4,1,505,70054,70054,229376,32,0,0,12,0,16,64,"0x0","0x7c5b0c5d2b80",3895889189869,3896008480930,3896008505523,3896008510858,24593
507,"void flash_attn_tile<256, 256, 4, 2, false>(char const*, char const*, char const*, char const*, char const*, int const*, float*, HIP_vector_type<float, 2u>*, float, float, float, float, unsigned int, float, int, HIP_vector_type<unsigned int, 3u>, int, int, int, int, int, int, int, int, int, int, int, long, int, int, long, int, int, int, int, int, long) [clone .kd]",4,1,506,70054,70054,28416,256,22528,1104,128,0,64,64,"0x0","0x7c5b0c5469c0",3895889192334,3896008728186,3896009447585,3896009466823,719399
508,"void flash_attn_combine_results<256>(float const*, HIP_vector_type<float, 2u> const*, float*, int) [clone .kd]",4,1,507,70054,70054,6144,256,512,0,20,0,32,64,"0x0","0x7c5b0c546880",3895889194091,3896009447585,3896009469955,3896009477963,22370
509,"void dequantize_block_q4_0<__half>(void const*, __half*, int) [clone .kd]",4,1,508,70054,70054,229376,32,0,0,12,0,16,64,"0x0","0x7c5b0c5d2b80",3895889195882,3896009469955,3896009494991,3896009499996,25036
510,"void dequantize_block_q4_0<__half>(void const*, __half*, int) [clone .kd]",4,1,509,70054,70054,229376,32,0,0,12,0,16,64,"0x0","0x7c5b0c5d2b80",3895889197378,3896009494991,3896009519732,3896009525494,24741
511,"void flash_attn_tile<256, 256, 4, 6, false>(char const*, char const*, char const*, char const*, char const*, int const*, float*, HIP_vector_type<float, 2u>*, float, float, float, float, unsigned int, float, int, HIP_vector_type<unsigned int, 3u>, int, int, int, int, int, int, int, int, int, int, int, long, int, int, long, int, int, int, int, int, long) [clone .kd]",4,1,510,70054,70054,21504,384,32768,1432,128,0,48,64,"0x0","0x7c5b0c546a40",3895889204072,3896009743136,3896010292018,3896010310618,548882
512,"void flash_attn_combine_results<256>(float const*, HIP_vector_type<float, 2u> const*, float*, int) [clone .kd]",4,1,511,70054,70054,6144,256,512,0,20,0,32,64,"0x0","0x7c5b0c546880",3895889205928,3896010313499,3896010342980,3896010348831,29481
513,"void dequantize_block_q4_0<__half>(void const*, __half*, int) [clone .kd]",4,1,512,70054,70054,229376,32,0,0,12,0,16,64,"0x0","0x7c5b0c5d2b80",3895889207971,3896010342980,3896010367721,3896010373389,24741
514,"void dequantize_block_q4_0<__half>(void const*, __half*, int) [clone .kd]",4,1,513,70054,70054,229376,32,0,0,12,0,16,64,"0x0","0x7c5b0c5d2b80",3895889209622,3896010367721,3896010392609,3896010398488,24888
515,"void flash_attn_tile<256, 256, 4, 2, false>(char const*, char const*, char const*, char const*, char const*, int const*, float*, HIP_vector_type<float, 2u>*, float, float, float, float, unsigned int, float, int, HIP_vector_type<unsigned int, 3u>, int, int, int, int, int, int, int, int, int, int, int, long, int, int, long, int, int, int, int, int, long) [clone .kd]",4,1,514,70054,70054,28416,256,22528,1104,128,0,64,64,"0x0","0x7c5b0c5469c0",3895889212016,3896010615570,3896011334671,3896011353346,719101
516,"void flash_attn_combine_results<256>(float const*, HIP_vector_type<float, 2u> const*, float*, int) [clone .kd]",4,1,515,70054,70054,6144,256,512,0,20,0,32,64,"0x0","0x7c5b0c546880",3895889213859,3896011334671,3896011356745,3896011364646,22074
517,"void dequantize_block_q4_0<__half>(void const*, __half*, int) [clone .kd]",4,1,516,70054,70054,229376,32,0,0,12,0,16,64,"0x0","0x7c5b0c5d2b80",3895889215599,3896011356745,3896011381634,3896011387571,24889
518,"void dequantize_block_q4_0<__half>(void const*, __half*, int) [clone .kd]",4,1,517,70054,70054,229376,32,0,0,12,0,16,64,"0x0","0x7c5b0c5d2b80",3895889217103,3896011381634,3896011406078,3896011412854,24444
519,"void flash_attn_tile<256, 256, 4, 6, false>(char const*, char const*, char const*, char const*, char const*, int const*, float*, HIP_vector_type<float, 2u>*, float, float, float, float, unsigned int, float, int, HIP_vector_type<unsigned int, 3u>, int, int, int, int, int, int, int, int, int, int, int, long, int, int, long, int, int, int, int, int, long) [clone .kd]",4,1,518,70054,70054,21504,384,32768,1432,128,0,48,64,"0x0","0x7c5b0c546a40",3895889219330,3896011629186,3896012176438,3896012194516,547252
520,"void flash_attn_combine_results<256>(float const*, HIP_vector_type<float, 2u> const*, float*, int) [clone .kd]",4,1,519,70054,70054,6144,256,512,0,20,0,32,64,"0x0","0x7c5b0c546880",3895889221107,3896012199253,3896012227104,3896012232196,27851
521,"void dequantize_block_q4_0<__half>(void const*, __half*, int) [clone .kd]",4,1,520,70054,70054,229376,32,0,0,12,0,16,64,"0x0","0x7c5b0c5d2b80",3895889223073,3896012227104,3896012251845,3896012257246,24741
522,"void dequantize_block_q4_0<__half>(void const*, __half*, int) [clone .kd]",4,1,521,70054,70054,229376,32,0,0,12,0,16,64,"0x0","0x7c5b0c5d2b80",3895889224785,3896012251845,3896012276437,3896012281942,24592
523,"void flash_attn_tile<256, 256, 4, 2, false>(char const*, char const*, char const*, char const*, char const*, int const*, float*, HIP_vector_type<float, 2u>*, float, float, float, float, unsigned int, float, int, HIP_vector_type<unsigned int, 3u>, int, int, int, int, int, int, int, int, int, int, int, long, int, int, long, int, int, int, int, int, long) [clone .kd]",4,1,522,70054,70054,28416,256,22528,1104,128,0,64,64,"0x0","0x7c5b0c5469c0",3895889227117,3896012499397,3896013219684,3896013237885,720287
524,"void flash_attn_combine_results<256>(float const*, HIP_vector_type<float, 2u> const*, float*, int) [clone .kd]",4,1,523,70054,70054,6144,256,512,0,20,0,32,64,"0x0","0x7c5b0c546880",3895889228991,3896013219684,3896013242351,3896013248590,22667
525,"void dequantize_block_q4_0<__half>(void const*, __half*, int) [clone .kd]",4,1,524,70054,70054,229376,32,0,0,12,0,16,64,"0x0","0x7c5b0c5d2b80",3895889230857,3896013242351,3896013267239,3896013273189,24888
526,"void dequantize_block_q4_0<__half>(void const*, __half*, int) [clone .kd]",4,1,525,70054,70054,229376,32,0,0,12,0,16,64,"0x0","0x7c5b0c5d2b80",3895889232412,3896013267239,3896013291832,3896013297369,24593
527,"void flash_attn_tile<256, 256, 4, 6, false>(char const*, char const*, char const*, char const*, char const*, int const*, float*, HIP_vector_type<float, 2u>*, float, float, float, float, unsigned int, float, int, HIP_vector_type<unsigned int, 3u>, int, int, int, int, int, int, int, int, int, int, int, long, int, int, long, int, int, int, int, int, long) [clone .kd]",4,1,526,70054,70054,21504,384,32768,1432,128,0,48,64,"0x0","0x7c5b0c546a40",3895889234680,3896013512718,3896014053896,3896014071680,541178
528,"void flash_attn_combine_results<256>(float const*, HIP_vector_type<float, 2u> const*, float*, int) [clone .kd]",4,1,527,70054,70054,6144,256,512,0,20,0,32,64,"0x0","0x7c5b0c546880",3895889236536,3896014103229,3896014130932,3896014136502,27703
529,"void dequantize_block_q4_0<__half>(void const*, __half*, int) [clone .kd]",4,1,528,70054,70054,229376,32,0,0,12,0,16,64,"0x0","0x7c5b0c5d2b80",3895889238298,3896014130932,3896014154339,3896014160338,23407
530,"void dequantize_block_q4_0<__half>(void const*, __half*, int) [clone .kd]",4,1,529,70054,70054,229376,32,0,0,12,0,16,64,"0x0","0x7c5b0c5d2b80",3895889240009,3896014154339,3896014177450,3896014183027,23111
531,"void flash_attn_tile<256, 256, 4, 2, false>(char const*, char const*, char const*, char const*, char const*, int const*, float*, HIP_vector_type<float, 2u>*, float, float, float, float, unsigned int, float, int, HIP_vector_type<unsigned int, 3u>, int, int, int, int, int, int, int, int, int, int, int, long, int, int, long, int, int, int, int, int, long) [clone .kd]",4,1,530,70054,70054,28416,256,22528,1104,128,0,64,64,"0x0","0x7c5b0c5469c0",3895889242452,3896014387521,3896015080253,3896015098219,692732
532,"void flash_attn_combine_results<256>(float const*, HIP_vector_type<float, 2u> const*, float*, int) [clone .kd]",4,1,531,70054,70054,6144,256,512,0,20,0,32,64,"0x0","0x7c5b0c546880",3895889244322,3896015080253,3896015099808,3896015108959,19555
533,"void dequantize_block_q4_0<__half>(void const*, __half*, int) [clone .kd]",4,1,532,70054,70054,229376,32,0,0,12,0,16,64,"0x0","0x7c5b0c5d2b80",3895889246295,3896015099808,3896015120845,3896015125652,21037
534,"void dequantize_block_q4_0<__half>(void const*, __half*, int) [clone .kd]",4,1,533,70054,70054,229376,32,0,0,12,0,16,64,"0x0","0x7c5b0c5d2b80",3895889248025,3896015120845,3896015141734,3896015146873,20889
535,"void flash_attn_tile<256, 256, 4, 6, false>(char const*, char const*, char const*, char const*, char const*, int const*, float*, HIP_vector_type<float, 2u>*, float, float, float, float, unsigned int, float, int, HIP_vector_type<unsigned int, 3u>, int, int, int, int, int, int, int, int, int, int, int, long, int, int, long, int, int, int, int, int, long) [clone .kd]",4,1,534,70054,70054,21504,384,32768,1432,128,0,48,64,"0x0","0x7c5b0c546a40",3895889250358,3896015331805,3896015860391,3896015877384,528586
536,"void flash_attn_combine_results<256>(float const*, HIP_vector_type<float, 2u> const*, float*, int) [clone .kd]",4,1,535,70054,70054,6144,256,512,0,20,0,32,64,"0x0","0x7c5b0c546880",3895889252094,3896015921576,3896015945575,3896015950864,23999
537,"void dequantize_block_q4_0<__half>(void const*, __half*, int) [clone .kd]",4,1,536,70054,70054,229376,32,0,0,12,0,16,64,"0x0","0x7c5b0c5d2b80",3895889253928,3896015945575,3896015968834,3896015973863,23259
538,"void dequantize_block_q4_0<__half>(void const*, __half*, int) [clone .kd]",4,1,537,70054,70054,229376,32,0,0,12,0,16,64,"0x0","0x7c5b0c5d2b80",3895889255445,3896015968834,3896015991501,3896015996729,22667
539,"void flash_attn_tile<256, 256, 4, 2, false>(char const*, char const*, char const*, char const*, char const*, int const*, float*, HIP_vector_type<float, 2u>*, float, float, float, float, unsigned int, float, int, HIP_vector_type<unsigned int, 3u>, int, int, int, int, int, int, int, int, int, int, int, long, int, int, long, int, int, int, int, int, long) [clone .kd]",4,1,538,70054,70054,28416,256,22528,1104,128,0,64,64,"0x0","0x7c5b0c5469c0",3895889257775,3896016182017,3896016877119,3896016894448,695102
540,"void flash_attn_combine_results<256>(float const*, HIP_vector_type<float, 2u> const*, float*, int) [clone .kd]",4,1,539,70054,70054,6144,256,512,0,20,0,32,64,"0x0","0x7c5b0c546880",3895889259612,3896016877119,3896016896971,3896016905054,19852
541,"void dequantize_block_q4_0<__half>(void const*, __half*, int) [clone .kd]",4,1,540,70054,70054,229376,32,0,0,12,0,16,64,"0x0","0x7c5b0c5d2b80",3895889261486,3896016896971,3896016920081,3896016926040,23110
542,"void dequantize_block_q4_0<__half>(void const*, __half*, int) [clone .kd]",4,1,541,70054,70054,229376,32,0,0,12,0,16,64,"0x0","0x7c5b0c5d2b80",3895889265970,3896016920081,3896016942303,3896016947502,22222
543,"void flash_attn_tile<256, 256, 4, 6, false>(char const*, char const*, char const*, char const*, char const*, int const*, float*, HIP_vector_type<float, 2u>*, float, float, float, float, unsigned int, float, int, HIP_vector_type<unsigned int, 3u>, int, int, int, int, int, int, int, int, int, int, int, long, int, int, long, int, int, int, int, int, long) [clone .kd]",4,1,542,70054,70054,21504,384,32768,1432,128,0,48,64,"0x0","0x7c5b0c546a40",3895889268320,3896017132523,3896017661257,3896017678361,528734
544,"void flash_attn_combine_results<256>(float const*, HIP_vector_type<float, 2u> const*, float*, int) [clone .kd]",4,1,543,70054,70054,6144,256,512,0,20,0,32,64,"0x0","0x7c5b0c546880",3895889270036,3896017722886,3896017748960,3896017753776,26074
545,"void dequantize_block_q4_0<__half>(void const*, __half*, int) [clone .kd]",4,1,544,70054,70054,229376,32,0,0,12,0,16,64,"0x0","0x7c5b0c5d2b80",3895889271867,3896017748960,3896017772219,3896017777893,23259
546,"void dequantize_block_q4_0<__half>(void const*, __half*, int) [clone .kd]",4,1,545,70054,70054,229376,32,0,0,12,0,16,64,"0x0","0x7c5b0c5d2b80",3895889273620,3896017772219,3896017795329,3896017800765,23110
547,"void flash_attn_tile<256, 256, 4, 2, false>(char const*, char const*, char const*, char const*, char const*, int const*, float*, HIP_vector_type<float, 2u>*, float, float, float, float, unsigned int, float, int, HIP_vector_type<unsigned int, 3u>, int, int, int, int, int, int, int, int, int, int, int, long, int, int, long, int, int, int, int, int, long) [clone .kd]",4,1,546,70054,70054,28416,256,22528,1104,128,0,64,64,"0x0","0x7c5b0c5469c0",3895889276035,3896017985697,3896018687614,3896018705131,701917
548,"void flash_attn_combine_results<256>(float const*, HIP_vector_type<float, 2u> const*, float*, int) [clone .kd]",4,1,547,70054,70054,6144,256,512,0,20,0,32,64,"0x0","0x7c5b0c546880",3895889277925,3896018687614,3896018709096,3896018716738,21482
549,"void dequantize_block_q4_0<__half>(void const*, __half*, int) [clone .kd]",4,1,548,70054,70054,229376,32,0,0,12,0,16,64,"0x0","0x7c5b0c5d2b80",3895889279768,3896018709096,3896018732503,3896018737655,23407
550,"void dequantize_block_q4_0<__half>(void const*, __half*, int) [clone .kd]",4,1,549,70054,70054,229376,32,0,0,12,0,16,64,"0x0","0x7c5b0c5d2b80",3895889281464,3896018732503,3896018755317,3896018760479,22814
551,"void flash_attn_tile<256, 256, 4, 6, false>(char const*, char const*, char const*, char const*, char const*, int const*, float*, HIP_vector_type<float, 2u>*, float, float, float, float, unsigned int, float, int, HIP_vector_type<unsigned int, 3u>, int, int, int, int, int, int, int, int, int, int, int, long, int, int, long, int, int, int, int, int, long) [clone .kd]",4,1,550,70054,70054,21504,384,32768,1432,128,0,48,64,"0x0","0x7c5b0c546a40",3895889283872,3896018965685,3896019507011,3896019524307,541326
552,"void flash_attn_combine_results<256>(float const*, HIP_vector_type<float, 2u> const*, float*, int) [clone .kd]",4,1,551,70054,70054,6144,256,512,0,20,0,32,64,"0x0","0x7c5b0c546880",3895889285576,3896019563603,3896019591751,3896019597520,28148
553,"void dequantize_block_q4_0<__half>(void const*, __half*, int) [clone .kd]",4,1,552,70054,70054,229376,32,0,0,12,0,16,64,"0x0","0x7c5b0c5d2b80",3895889287400,3896019591751,3896019616491,3896019621712,24740
554,"void dequantize_block_q4_0<__half>(void const*, __half*, int) [clone .kd]",4,1,553,70054,70054,229376,32,0,0,12,0,16,64,"0x0","0x7c5b0c5d2b80",3895889289012,3896019616491,3896019641084,3896019646295,24593
555,"void flash_attn_tile<256, 256, 4, 2, false>(char const*, char const*, char const*, char const*, char const*, int const*, float*, HIP_vector_type<float, 2u>*, float, float, float, float, unsigned int, float, int, HIP_vector_type<unsigned int, 3u>, int, int, int, int, int, int, int, int, int, int, int, long, int, int, long, int, int, int, int, int, long) [clone .kd]",4,1,554,70054,70054,28416,256,22528,1104,128,0,64,64,"0x0","0x7c5b0c5469c0",3895889291312,3896019864192,3896020582405,3896020599980,718213
556,"void flash_attn_combine_results<256>(float const*, HIP_vector_type<float, 2u> const*, float*, int) [clone .kd]",4,1,555,70054,70054,6144,256,512,0,20,0,32,64,"0x0","0x7c5b0c546880",3895889293248,3896020582405,3896020604775,3896020610882,22370
557,"void dequantize_block_q4_0<__half>(void const*, __half*, int) [clone .kd]",4,1,556,70054,70054,229376,32,0,0,12,0,16,64,"0x0","0x7c5b0c5d2b80",3895889295174,3896020604775,3896020629812,3896020635661,25037
558,"void dequantize_block_q4_0<__half>(void const*, __half*, int) [clone .kd]",4,1,557,70054,70054,229376,32,0,0,12,0,16,64,"0x0","0x7c5b0c5d2b80",3895889296844,3896020629812,3896020654404,3896020659828,24592
559,"void flash_attn_tile<256, 256, 4, 6, false>(char const*, char const*, char const*, char const*, char const*, int const*, float*, HIP_vector_type<float, 2u>*, float, float, float, float, unsigned int, float, int, HIP_vector_type<unsigned int, 3u>, int, int, int, int, int, int, int, int, int, int, int, long, int, int, long, int, int, int, int, int, long) [clone .kd]",4,1,558,70054,70054,21504,384,32768,1432,128,0,48,64,"0x0","0x7c5b0c546a40",3895889299201,3896020877808,3896021428764,3896021445799,550956
560,"void flash_attn_combine_results<256>(float const*, HIP_vector_type<float, 2u> const*, float*, int) [clone .kd]",4,1,559,70054,70054,6144,256,512,0,20,0,32,64,"0x0","0x7c5b0c546880",3895889301066,3896021447875,3896021476319,3896021481719,28444
561,"void dequantize_block_q4_0<__half>(void const*, __half*, int) [clone .kd]",4,1,560,70054,70054,229376,32,0,0,12,0,16,64,"0x0","0x7c5b0c5d2b80",3895889302888,3896021476319,3896021501504,3896021507044,25185
562,"void dequantize_block_q4_0<__half>(void const*, __half*, int) [clone .kd]",4,1,561,70054,70054,229376,32,0,0,12,0,16,64,"0x0","0x7c5b0c5d2b80",3895889304430,3896021501504,3896021526245,3896021532123,24741
563,"void flash_attn_tile<256, 256, 4, 2, false>(char const*, char const*, char const*, char const*, char const*, int const*, float*, HIP_vector_type<float, 2u>*, float, float, float, float, unsigned int, float, int, HIP_vector_type<unsigned int, 3u>, int, int, int, int, int, int, int, int, int, int, int, long, int, int, long, int, int, int, int, int, long) [clone .kd]",4,1,562,70054,70054,28416,256,22528,1104,128,0,64,64,"0x0","0x7c5b0c5469c0",3895889306697,3896021749353,3896022472307,3896022489330,722954
564,"void flash_attn_combine_results<256>(float const*, HIP_vector_type<float, 2u> const*, float*, int) [clone .kd]",4,1,563,70054,70054,6144,256,512,0,20,0,32,64,"0x0","0x7c5b0c546880",3895889308431,3896022472307,3896022494677,3896022500448,22370
565,"void dequantize_block_q4_0<__half>(void const*, __half*, int) [clone .kd]",4,1,564,70054,70054,229376,32,0,0,12,0,16,64,"0x0","0x7c5b0c5d2b80",3895889310345,3896022494677,3896022519565,3896022524959,24888
566,"void dequantize_block_q4_0<__half>(void const*, __half*, int) [clone .kd]",4,1,565,70054,70054,229376,32,0,0,12,0,16,64,"0x0","0x7c5b0c5d2b80",3895889312094,3896022519565,3896022544009,3896022549617,24444
567,"void flash_attn_tile<256, 256, 4, 6, false>(char const*, char const*, char const*, char const*, char const*, int const*, float*, HIP_vector_type<float, 2u>*, float, float, float, float, unsigned int, float, int, HIP_vector_type<unsigned int, 3u>, int, int, int, int, int, int, int, int, int, int, int, long, int, int, long, int, int, int, int, int, long) [clone .kd]",4,1,566,70054,70054,21504,384,32768,1432,128,0,48,64,"0x0","0x7c5b0c546a40",3895889314531,3896022767266,3896023315407,3896023332117,548141
568,"void flash_attn_combine_results<256>(float const*, HIP_vector_type<float, 2u> const*, float*, int) [clone .kd]",4,1,567,70054,70054,6144,256,512,0,20,0,32,64,"0x0","0x7c5b0c546880",3895889316369,3896023337333,3896023366369,3896023371660,29036
569,"void dequantize_block_q4_0<__half>(void const*, __half*, int) [clone .kd]",4,1,568,70054,70054,229376,32,0,0,12,0,16,64,"0x0","0x7c5b0c5d2b80",3895889318236,3896023366369,3896023391554,3896023396741,25185
570,"void dequantize_block_q4_0<__half>(void const*, __half*, int) [clone .kd]",4,1,569,70054,70054,229376,32,0,0,12,0,16,64,"0x0","0x7c5b0c5d2b80",3895889319891,3896023391554,3896023415998,3896023421425,24444
571,"void flash_attn_tile<256, 256, 4, 2, false>(char const*, char const*, char const*, char const*, char const*, int const*, float*, HIP_vector_type<float, 2u>*, float, float, float, float, unsigned int, float, int, HIP_vector_type<unsigned int, 3u>, int, int, int, int, int, int, int, int, int, int, int, long, int, int, long, int, int, int, int, int, long) [clone .kd]",4,1,570,70054,70054,28416,256,22528,1104,128,0,64,64,"0x0","0x7c5b0c5469c0",3895889322383,3896023638958,3896024351097,3896024367833,712139
572,"void flash_attn_combine_results<256>(float const*, HIP_vector_type<float, 2u> const*, float*, int) [clone .kd]",4,1,571,70054,70054,6144,256,512,0,20,0,32,64,"0x0","0x7c5b0c546880",3895889324470,3896024351097,3896024374060,3896024379329,22963
573,"void dequantize_block_q4_0<__half>(void const*, __half*, int) [clone .kd]",4,1,572,70054,70054,229376,32,0,0,12,0,16,64,"0x0","0x7c5b0c5d2b80",3895889326157,3896024374060,3896024398800,3896024404440,24740
574,"void dequantize_block_q4_0<__half>(void const*, __half*, int) [clone .kd]",4,1,573,70054,70054,229376,32,0,0,12,0,16,64,"0x0","0x7c5b0c5d2b80",3895889327894,3896024398800,3896024423689,3896024429430,24889
575,"void flash_attn_tile<256, 256, 4, 6, false>(char const*, char const*, char const*, char const*, char const*, int const*, float*, HIP_vector_type<float, 2u>*, float, float, float, float, unsigned int, float, int, HIP_vector_type<unsigned int, 3u>, int, int, int, int, int, int, int, int, int, int, int, long, int, int, long, int, int, int, int, int, long) [clone .kd]",4,1,574,70054,70054,21504,384,32768,1432,128,0,48,64,"0x0","0x7c5b0c546a40",3895889330305,3896024669908,3896025268271,3896025285529,598363
576,"void flash_attn_combine_results<256>(float const*, HIP_vector_type<float, 2u> const*, float*, int) [clone .kd]",4,1,575,70054,70054,6144,256,512,0,20,0,32,64,"0x0","0x7c5b0c546880",3895889332165,3896025300418,3896025332270,3896025337967,31852
577,"void dequantize_block_q4_0<__half>(void const*, __half*, int) [clone .kd]",4,1,576,70054,70054,229376,32,0,0,12,0,16,64,"0x0","0x7c5b0c5d2b80",3895889334137,3896025332270,3896025360121,3896025365692,27851
578,"void dequantize_block_q4_0<__half>(void const*, __half*, int) [clone .kd]",4,1,577,70054,70054,229376,32,0,0,12,0,16,64,"0x0","0x7c5b0c5d2b80",3895889335824,3896025360121,3896025387232,3896025393108,27111
579,"void flash_attn_tile<256, 256, 4, 2, false>(char const*, char const*, char const*, char const*, char const*, int const*, float*, HIP_vector_type<float, 2u>*, float, float, float, float, unsigned int, float, int, HIP_vector_type<unsigned int, 3u>, int, int, int, int, int, int, int, int, int, int, int, long, int, int, long, int, int, int, int, int, long) [clone .kd]",4,1,578,70054,70054,28416,256,22528,1104,128,0,64,64,"0x0","0x7c5b0c5469c0",3895889338039,3896025635081,3896026426478,3896026443356,791397
580,"void flash_attn_combine_results<256>(float const*, HIP_vector_type<float, 2u> const*, float*, int) [clone .kd]",4,1,579,70054,70054,6144,256,512,0,20,0,32,64,"0x0","0x7c5b0c546880",3895889339680,3896026426478,3896026451367,3896026456948,24889
581,"void dequantize_block_q4_0<__half>(void const*, __half*, int) [clone .kd]",4,1,580,70054,70054,229376,32,0,0,12,0,16,64,"0x0","0x7c5b0c5d2b80",3895889341372,3896026451367,3896026478626,3896026484331,27259
582,"void dequantize_block_q4_0<__half>(void const*, __half*, int) [clone .kd]",4,1,581,70054,70054,229376,32,0,0,12,0,16,64,"0x0","0x7c5b0c5d2b80",3895889342967,3896026478626,3896026503514,3896026509115,24888
583,"void flash_attn_tile<256, 256, 4, 6, false>(char const*, char const*, char const*, char const*, char const*, int const*, float*, HIP_vector_type<float, 2u>*, float, float, float, float, unsigned int, float, int, HIP_vector_type<unsigned int, 3u>, int, int, int, int, int, int, int, int, int, int, int, long, int, int, long, int, int, int, int, int, long) [clone .kd]",4,1,582,70054,70054,21504,384,32768,1432,128,0,48,64,"0x0","0x7c5b0c546a40",3895889345172,3896026726919,3896027273282,3896027289374,546363
584,"void flash_attn_combine_results<256>(float const*, HIP_vector_type<float, 2u> const*, float*, int) [clone .kd]",4,1,583,70054,70054,6144,256,512,0,20,0,32,64,"0x0","0x7c5b0c546880",3895889347236,3896027295208,3896027324096,3896027329409,28888
585,"void dequantize_block_q4_0<__half>(void const*, __half*, int) [clone .kd]",4,1,584,70054,70054,229376,32,0,0,12,0,16,64,"0x0","0x7c5b0c5d2b80",3895889349177,3896027324096,3896027348985,3896027354523,24889
586,"void dequantize_block_q4_0<__half>(void const*, __half*, int) [clone .kd]",4,1,585,70054,70054,229376,32,0,0,12,0,16,64,"0x0","0x7c5b0c5d2b80",3895889350862,3896027348985,3896027373577,3896027378775,24592
587,"void flash_attn_tile<256, 256, 4, 2, false>(char const*, char const*, char const*, char const*, char const*, int const*, float*, HIP_vector_type<float, 2u>*, float, float, float, float, unsigned int, float, int, HIP_vector_type<unsigned int, 3u>, int, int, int, int, int, int, int, int, int, int, int, long, int, int, long, int, int, int, int, int, long) [clone .kd]",4,1,586,70054,70054,28416,256,22528,1104,128,0,64,64,"0x0","0x7c5b0c5469c0",3895889353212,3896027596389,3896028315343,3896028331577,718954
588,"void flash_attn_combine_results<256>(float const*, HIP_vector_type<float, 2u> const*, float*, int) [clone .kd]",4,1,587,70054,70054,6144,256,512,0,20,0,32,64,"0x0","0x7c5b0c546880",3895889355017,3896028315343,3896028337565,3896028342748,22222
589,"void dequantize_block_q4_0<__half>(void const*, __half*, int) [clone .kd]",4,1,588,70054,70054,229376,32,0,0,12,0,16,64,"0x0","0x7c5b0c5d2b80",3895889356806,3896028337565,3896028362601,3896028367999,25036
590,"void dequantize_block_q4_0<__half>(void const*, __half*, int) [clone .kd]",4,1,589,70054,70054,229376,32,0,0,12,0,16,64,"0x0","0x7c5b0c5d2b80",3895889358367,3896028362601,3896028387194,3896028392425,24593
591,"void flash_attn_tile<256, 256, 4, 6, false>(char const*, char const*, char const*, char const*, char const*, int const*, float*, HIP_vector_type<float, 2u>*, float, float, float, float, unsigned int, float, int, HIP_vector_type<unsigned int, 3u>, int, int, int, int, int, int, int, int, int, int, int, long, int, int, long, int, int, int, int, int, long) [clone .kd]",4,1,590,70054,70054,21504,384,32768,1432,128,0,48,64,"0x0","0x7c5b0c546a40",3895889360700,3896028610598,3896029161999,3896029178502,551401
592,"void flash_attn_combine_results<256>(float const*, HIP_vector_type<float, 2u> const*, float*, int) [clone .kd]",4,1,591,70054,70054,6144,256,512,0,20,0,32,64,"0x0","0x7c5b0c546880",3895889362392,3896029180517,3896029209109,3896029214762,28592
593,"void dequantize_block_q4_0<__half>(void const*, __half*, int) [clone .kd]",4,1,592,70054,70054,229376,32,0,0,12,0,16,64,"0x0","0x7c5b0c5d2b80",3895889364368,3896029209109,3896029234294,3896029239756,25185
594,"void dequantize_block_q4_0<__half>(void const*, __half*, int) [clone .kd]",4,1,593,70054,70054,229376,32,0,0,12,0,16,64,"0x0","0x7c5b0c5d2b80",3895889366043,3896029234294,3896029258886,3896029264465,24592
595,"void flash_attn_tile<256, 256, 4, 2, false>(char const*, char const*, char const*, char const*, char const*, int const*, float*, HIP_vector_type<float, 2u>*, float, float, float, float, unsigned int, float, int, HIP_vector_type<unsigned int, 3u>, int, int, int, int, int, int, int, int, int, int, int, long, int, int, long, int, int, int, int, int, long) [clone .kd]",4,1,594,70054,70054,28416,256,22528,1104,128,0,64,64,"0x0","0x7c5b0c5469c0",3895889368322,3896029481402,3896030190726,3896030207246,709324
596,"void flash_attn_combine_results<256>(float const*, HIP_vector_type<float, 2u> const*, float*, int) [clone .kd]",4,1,595,70054,70054,6144,256,512,0,20,0,32,64,"0x0","0x7c5b0c546880",3895889370126,3896030190726,3896030212356,3896030217619,21630
597,"void dequantize_block_q4_0<__half>(void const*, __half*, int) [clone .kd]",4,1,596,70054,70054,229376,32,0,0,12,0,16,64,"0x0","0x7c5b0c5d2b80",3895889371998,3896030212356,3896030235911,3896030241443,23555
598,"void dequantize_block_q4_0<__half>(void const*, __half*, int) [clone .kd]",4,1,597,70054,70054,229376,32,0,0,12,0,16,64,"0x0","0x7c5b0c5d2b80",3895889373714,3896030235911,3896030258725,3896030263845,22814
599,"void flash_attn_tile<256, 256, 4, 6, false>(char const*, char const*, char const*, char const*, char const*, int const*, float*, HIP_vector_type<float, 2u>*, float, float, float, float, unsigned int, float, int, HIP_vector_type<unsigned int, 3u>, int, int, int, int, int, int, int, int, int, int, int, long, int, int, long, int, int, int, int, int, long) [clone .kd]",4,1,598,70054,70054,21504,384,32768,1432,128,0,48,64,"0x0","0x7c5b0c546a40",3895889376009,3896030469093,3896031004049,3896031018823,534956
600,"void flash_attn_combine_results<256>(float const*, HIP_vector_type<float, 2u> const*, float*, int) [clone .kd]",4,1,599,70054,70054,6144,256,512,0,20,0,32,64,"0x0","0x7c5b0c546880",3895889377687,3896031065678,3896031090715,3896031096079,25037
601,"void dequantize_block_q4_0<__half>(void const*, __half*, int) [clone .kd]",4,1,600,70054,70054,229376,32,0,0,12,0,16,64,"0x0","0x7c5b0c5d2b80",3895889379423,3896031090715,3896031114270,3896031119620,23555
602,"void dequantize_block_q4_0<__half>(void const*, __half*, int) [clone .kd]",4,1,601,70054,70054,229376,32,0,0,12,0,16,64,"0x0","0x7c5b0c5d2b80",3895889382953,3896031114270,3896031137233,3896031142723,22963
603,"void flash_attn_tile<256, 256, 4, 2, false>(char const*, char const*, char const*, char const*, char const*, int const*, float*, HIP_vector_type<float, 2u>*, float, float, float, float, unsigned int, float, int, HIP_vector_type<unsigned int, 3u>, int, int, int, int, int, int, int, int, int, int, int, long, int, int, long, int, int, int, int, int, long) [clone .kd]",4,1,602,70054,70054,28416,256,22528,1104,128,0,64,64,"0x0","0x7c5b0c5469c0",3895889385316,3896031327452,3896032016777,3896032033593,689325
604,"void flash_attn_combine_results<256>(float const*, HIP_vector_type<float, 2u> const*, float*, int) [clone .kd]",4,1,603,70054,70054,6144,256,512,0,20,0,32,64,"0x0","0x7c5b0c546880",3895889387197,3896032016777,3896032036480,3896032045244,19703
605,"void dequantize_block_q4_0<__half>(void const*, __half*, int) [clone .kd]",4,1,604,70054,70054,229376,32,0,0,12,0,16,64,"0x0","0x7c5b0c5d2b80",3895889389050,3896032036480,3896032057517,3896032062385,21037
606,"void dequantize_block_q4_0<__half>(void const*, __half*, int) [clone .kd]",4,1,605,70054,70054,229376,32,0,0,12,0,16,64,"0x0","0x7c5b0c5d2b80",3895889390736,3896032057517,3896032078554,3896032083736,21037
607,"void flash_attn_tile<256, 256, 4, 6, false>(char const*, char const*, char const*, char const*, char const*, int const*, float*, HIP_vector_type<float, 2u>*, float, float, float, float, unsigned int, float, int, HIP_vector_type<unsigned int, 3u>, int, int, int, int, int, int, int, int, int, int, int, long, int, int, long, int, int, int, int, int, long) [clone .kd]",4,1,606,70054,70054,21504,384,32768,1432,128,0,48,64,"0x0","0x7c5b0c546a40",3895889393116,3896032268774,3896032805359,3896032820549,536585
608,"void flash_attn_combine_results<256>(float const*, HIP_vector_type<float, 2u> const*, float*, int) [clone .kd]",4,1,607,70054,70054,6144,256,512,0,20,0,32,64,"0x0","0x7c5b0c546880",3895889394800,3896032862396,3896032888766,3896032894204,26370
609,"void dequantize_block_q4_0<__half>(void const*, __half*, int) [clone .kd]",4,1,608,70054,70054,229376,32,0,0,12,0,16,64,"0x0","0x7c5b0c5d2b80",3895889396564,3896032888766,3896032912025,3896032917739,23259
610,"void dequantize_block_q4_0<__half>(void const*, __half*, int) [clone .kd]",4,1,609,70054,70054,229376,32,0,0,12,0,16,64,"0x0","0x7c5b0c5d2b80",3895889398171,3896032912025,3896032935284,3896032940250,23259
611,"void flash_attn_tile<256, 256, 4, 2, false>(char const*, char const*, char const*, char const*, char const*, int const*, float*, HIP_vector_type<float, 2u>*, float, float, float, float, unsigned int, float, int, HIP_vector_type<unsigned int, 3u>, int, int, int, int, int, int, int, int, int, int, int, long, int, int, long, int, int, int, int, int, long) [clone .kd]",4,1,610,70054,70054,28416,256,22528,1104,128,0,64,64,"0x0","0x7c5b0c5469c0",3895889400538,3896033125207,3896033825198,3896033841241,699991
612,"void flash_attn_combine_results<256>(float const*, HIP_vector_type<float, 2u> const*, float*, int) [clone .kd]",4,1,611,70054,70054,6144,256,512,0,20,0,32,64,"0x0","0x7c5b0c546880",3895889402384,3896033825198,3896033846679,3896033851890,21481
613,"void dequantize_block_q4_0<__half>(void const*, __half*, int) [clone .kd]",4,1,612,70054,70054,229376,32,0,0,12,0,16,64,"0x0","0x7c5b0c5d2b80",3895889404278,3896033846679,3896033870086,3896033875636,23407
614,"void dequantize_block_q4_0<__half>(void const*, __half*, int) [clone .kd]",4,1,613,70054,70054,229376,32,0,0,12,0,16,64,"0x0","0x7c5b0c5d2b80",3895889406051,3896033870086,3896033893345,3896033900135,23259
615,"void flash_attn_tile<256, 256, 4, 6, false>(char const*, char const*, char const*, char const*, char const*, int const*, float*, HIP_vector_type<float, 2u>*, float, float, float, float, unsigned int, float, int, HIP_vector_type<unsigned int, 3u>, int, int, int, int, int, int, int, int, int, int, int, long, int, int, long, int, int, int, int, int, long) [clone .kd]",4,1,614,70054,70054,21504,384,32768,1432,128,0,48,64,"0x0","0x7c5b0c546a40",3895889408393,3896034103713,3896034640743,3896034656065,537030
616,"void flash_attn_combine_results<256>(float const*, HIP_vector_type<float, 2u> const*, float*, int) [clone .kd]",4,1,615,70054,70054,6144,256,512,0,20,0,32,64,"0x0","0x7c5b0c546880",3895889410224,3896034697780,3896034722964,3896034727888,25184
617,"void dequantize_block_q4_0<__half>(void const*, __half*, int) [clone .kd]",4,1,616,70054,70054,229376,32,0,0,12,0,16,64,"0x0","0x7c5b0c5d2b80",3895889412203,3896034722964,3896034746520,3896034775804,23556
618,"void dequantize_block_q4_0<__half>(void const*, __half*, int) [clone .kd]",4,1,617,70054,70054,229376,32,0,0,12,0,16,64,"0x0","0x7c5b0c5d2b80",3895889413775,3896034746520,3896034769482,3896034783641,22962
619,"void flash_attn_tile<256, 256, 4, 2, false>(char const*, char const*, char const*, char const*, char const*, int const*, float*, HIP_vector_type<float, 2u>*, float, float, float, float, unsigned int, float, int, HIP_vector_type<unsigned int, 3u>, int, int, int, int, int, int, int, int, int, int, int, long, int, int, long, int, int, int, int, int, long) [clone .kd]",4,1,618,70054,70054,28416,256,22528,1104,128,0,64,64,"0x0","0x7c5b0c5469c0",3895889415930,3896034961924,3896035674360,3896035690717,712436
620,"void flash_attn_combine_results<256>(float const*, HIP_vector_type<float, 2u> const*, float*, int) [clone .kd]",4,1,619,70054,70054,6144,256,512,0,20,0,32,64,"0x0","0x7c5b0c546880",3895889417777,3896035674360,3896035695841,3896035701358,21481
621,"void dequantize_block_q4_0<__half>(void const*, __half*, int) [clone .kd]",4,1,620,70054,70054,229376,32,0,0,12,0,16,64,"0x0","0x7c5b0c5d2b80",3895889419626,3896035695841,3896035719100,3896035724313,23259
622,"void dequantize_block_q4_0<__half>(void const*, __half*, int) [clone .kd]",4,1,621,70054,70054,229376,32,0,0,12,0,16,64,"0x0","0x7c5b0c5d2b80",3895889421414,3896035719100,3896035742211,3896035747291,23111
623,"void flash_attn_tile<256, 256, 4, 6, false>(char const*, char const*, char const*, char const*, char const*, int const*, float*, HIP_vector_type<float, 2u>*, float, float, float, float, unsigned int, float, int, HIP_vector_type<unsigned int, 3u>, int, int, int, int, int, int, int, int, int, int, int, long, int, int, long, int, int, int, int, int, long) [clone .kd]",4,1,622,70054,70054,21504,384,32768,1432,128,0,48,64,"0x0","0x7c5b0c546a40",3895889423808,3896035952430,3896036496423,3896036511813,543993
624,"void flash_attn_combine_results<256>(float const*, HIP_vector_type<float, 2u> const*, float*, int) [clone .kd]",4,1,623,70054,70054,6144,256,512,0,20,0,32,64,"0x0","0x7c5b0c546880",3895889425655,3896036547830,3896036576274,3896036581675,28444
625,"void dequantize_block_q4_0<__half>(void const*, __half*, int) [clone .kd]",4,1,624,70054,70054,229376,32,0,0,12,0,16,64,"0x0","0x7c5b0c5d2b80",3895889427540,3896036576274,3896036601163,3896036606659,24889
626,"void dequantize_block_q4_0<__half>(void const*, __half*, int) [clone .kd]",4,1,625,70054,70054,229376,32,0,0,12,0,16,64,"0x0","0x7c5b0c5d2b80",3895889429234,3896036601163,3896036625755,3896036631301,24592
627,"void flash_attn_tile<256, 256, 4, 2, false>(char const*, char const*, char const*, char const*, char const*, int const*, float*, HIP_vector_type<float, 2u>*, float, float, float, float, unsigned int, float, int, HIP_vector_type<unsigned int, 3u>, int, int, int, int, int, int, int, int, int, int, int, long, int, int, long, int, int, int, int, int, long) [clone .kd]",4,1,626,70054,70054,28416,256,22528,1104,128,0,64,64,"0x0","0x7c5b0c5469c0",3895889431569,3896036848863,3896037583520,3896037598152,734657
628,"void flash_attn_combine_results<256>(float const*, HIP_vector_type<float, 2u> const*, float*, int) [clone .kd]",4,1,627,70054,70054,6144,256,512,0,20,0,32,64,"0x0","0x7c5b0c546880",3895889433232,3896037583520,3896037606927,3896037612195,23407
629,"void dequantize_block_q4_0<__half>(void const*, __half*, int) [clone .kd]",4,1,628,70054,70054,229376,32,0,0,12,0,16,64,"0x0","0x7c5b0c5d2b80",3895889435015,3896037606927,3896037631668,3896037637088,24741
630,"void dequantize_block_q4_0<__half>(void const*, __half*, int) [clone .kd]",4,1,629,70054,70054,229376,32,0,0,12,0,16,64,"0x0","0x7c5b0c5d2b80",3895889436501,3896037631668,3896037656112,3896037661580,24444
631,"void flash_attn_tile<256, 256, 4, 6, false>(char const*, char const*, char const*, char const*, char const*, int const*, float*, HIP_vector_type<float, 2u>*, float, float, float, float, unsigned int, float, int, HIP_vector_type<unsigned int, 3u>, int, int, int, int, int, int, int, int, int, int, int, long, int, int, long, int, int, int, int, int, long) [clone .kd]",4,1,630,70054,70054,21504,384,32768,1432,128,0,48,64,"0x0","0x7c5b0c546a40",3895889438856,3896037882028,3896038437433,3896038454653,555405
632,"void flash_attn_combine_results<256>(float const*, HIP_vector_type<float, 2u> const*, float*, int) [clone .kd]",4,1,631,70054,70054,6144,256,512,0,20,0,32,64,"0x0","0x7c5b0c546880",3895889440732,3896038508690,3896038536542,3896038539483,27852
633,"void dequantize_block_q4_0<__half>(void const*, __half*, int) [clone .kd]",4,1,632,70054,70054,229376,32,0,0,12,0,16,64,"0x0","0x7c5b0c5d2b80",3895889442658,3896038536542,3896038561431,3896038564319,24889
634,"void dequantize_block_q4_0<__half>(void const*, __half*, int) [clone .kd]",4,1,633,70054,70054,229376,32,0,0,12,0,16,64,"0x0","0x7c5b0c5d2b80",3895889444445,3896038561431,3896038586172,3896038588838,24741
635,"void flash_attn_tile<256, 256, 4, 2, false>(char const*, char const*, char const*, char const*, char const*, int const*, float*, HIP_vector_type<float, 2u>*, float, float, float, float, unsigned int, float, int, HIP_vector_type<unsigned int, 3u>, int, int, int, int, int, int, int, int, int, int, int, long, int, int, long, int, int, int, int, int, long) [clone .kd]",4,1,634,70054,70054,28416,256,22528,1104,128,0,64,64,"0x0","0x7c5b0c5469c0",3895889446857,3896038808837,3896039542611,3896039555433,733774
636,"void flash_attn_combine_results<256>(float const*, HIP_vector_type<float, 2u> const*, float*, int) [clone .kd]",4,1,635,70054,70054,6144,256,512,0,20,0,32,64,"0x0","0x7c5b0c546880",3895889448741,3896039542611,3896039565574,3896039568642,22963
637,"void dequantize_block_q4_0<__half>(void const*, __half*, int) [clone .kd]",4,1,636,70054,70054,229376,32,0,0,12,0,16,64,"0x0","0x7c5b0c5d2b80",3895889450619,3896039565574,3896039590166,3896039593425,24592
638,"void dequantize_block_q4_0<__half>(void const*, __half*, int) [clone .kd]",4,1,637,70054,70054,229376,32,0,0,12,0,16,64,"0x0","0x7c5b0c5d2b80",3895889452309,3896039590166,3896039614759,3896039617807,24593
639,"void flash_attn_tile<256, 256, 4, 6, false>(char const*, char const*, char const*, char const*, char const*, int const*, float*, HIP_vector_type<float, 2u>*, float, float, float, float, unsigned int, float, int, HIP_vector_type<unsigned int, 3u>, int, int, int, int, int, int, int, int, int, int, int, long, int, int, long, int, int, int, int, int, long) [clone .kd]",4,1,638,70054,70054,21504,384,32768,1432,128,0,48,64,"0x0","0x7c5b0c546a40",3895889454640,3896039838165,3896040390458,3896040403350,552293
640,"void flash_attn_combine_results<256>(float const*, HIP_vector_type<float, 2u> const*, float*, int) [clone .kd]",4,1,639,70054,70054,6144,256,512,0,20,0,32,64,"0x0","0x7c5b0c546880",3895889456302,3896040408532,3896040438310,3896040441030,29778
641,"void dequantize_block_q4_0<__half>(void const*, __half*, int) [clone .kd]",4,1,640,70054,70054,229376,32,0,0,12,0,16,64,"0x0","0x7c5b0c5d2b80",3895889458415,3896040438310,3896040463051,3896040465996,24741
642,"void dequantize_block_q4_0<__half>(void const*, __half*, int) [clone .kd]",4,1,641,70054,70054,229376,32,0,0,12,0,16,64,"0x0","0x7c5b0c5d2b80",3895889460030,3896040463051,3896040487791,3896040490897,24740
643,"void flash_attn_tile<256, 256, 4, 2, false>(char const*, char const*, char const*, char const*, char const*, int const*, float*, HIP_vector_type<float, 2u>*, float, float, float, float, unsigned int, float, int, HIP_vector_type<unsigned int, 3u>, int, int, int, int, int, int, int, int, int, int, int, long, int, int, long, int, int, int, int, int, long) [clone .kd]",4,1,642,70054,70054,28416,256,22528,1104,128,0,64,64,"0x0","0x7c5b0c5469c0",3895889462424,3896040710605,3896041439934,3896041452446,729329
644,"void flash_attn_combine_results<256>(float const*, HIP_vector_type<float, 2u> const*, float*, int) [clone .kd]",4,1,643,70054,70054,6144,256,512,0,20,0,32,64,"0x0","0x7c5b0c546880",3895889464247,3896041439934,3896041464379,3896041467346,24445
645,"void dequantize_block_q4_0<__half>(void const*, __half*, int) [clone .kd]",4,1,644,70054,70054,229376,32,0,0,12,0,16,64,"0x0","0x7c5b0c5d2b80",3895889466223,3896041464379,3896041492082,3896041495053,27703
646,"void dequantize_block_q4_0<__half>(void const*, __half*, int) [clone .kd]",4,1,645,70054,70054,229376,32,0,0,12,0,16,64,"0x0","0x7c5b0c5d2b80",3895889467831,3896041492082,3896041526452,3896041529658,34370
647,"void flash_attn_tile<256, 256, 4, 6, false>(char const*, char const*, char const*, char const*, char const*, int const*, float*, HIP_vector_type<float, 2u>*, float, float, float, float, unsigned int, float, int, HIP_vector_type<unsigned int, 3u>, int, int, int, int, int, int, int, int, int, int, int, long, int, int, long, int, int, int, int, int, long) [clone .kd]",4,1,646,70054,70054,21504,384,32768,1432,128,0,48,64,"0x0","0x7c5b0c546a40",3895889470216,3896041774451,3896042373855,3896042386252,599404
648,"void flash_attn_combine_results<256>(float const*, HIP_vector_type<float, 2u> const*, float*, int) [clone .kd]",4,1,647,70054,70054,6144,256,512,0,20,0,32,64,"0x0","0x7c5b0c546880",3895889472031,3896042406744,3896042438448,3896042441627,31704
649,"void dequantize_block_q4_0<__half>(void const*, __half*, int) [clone .kd]",4,1,648,70054,70054,229376,32,0,0,12,0,16,64,"0x0","0x7c5b0c5d2b80",3895889473789,3896042438448,3896042466447,3896042469353,27999
650,"void dequantize_block_q4_0<__half>(void const*, __half*, int) [clone .kd]",4,1,649,70054,70054,229376,32,0,0,12,0,16,64,"0x0","0x7c5b0c5d2b80",3895889475283,3896042466447,3896042493558,3896042496744,27111
651,"void flash_attn_tile<256, 256, 4, 2, false>(char const*, char const*, char const*, char const*, char const*, int const*, float*, HIP_vector_type<float, 2u>*, float, float, float, float, unsigned int, float, int, HIP_vector_type<unsigned int, 3u>, int, int, int, int, int, int, int, int, int, int, int, long, int, int, long, int, int, int, int, int, long) [clone .kd]",4,1,650,70054,70054,28416,256,22528,1104,128,0,64,64,"0x0","0x7c5b0c5469c0",3895889477438,3896042741557,3896043541108,3896043553125,799551
652,"void flash_attn_combine_results<256>(float const*, HIP_vector_type<float, 2u> const*, float*, int) [clone .kd]",4,1,651,70054,70054,6144,256,512,0,20,0,32,64,"0x0","0x7c5b0c546880",3895889479231,3896043541108,3896043563627,3896043566674,22519
653,"void dequantize_block_q4_0<__half>(void const*, __half*, int) [clone .kd]",4,1,652,70054,70054,229376,32,0,0,12,0,16,64,"0x0","0x7c5b0c5d2b80",3895889480964,3896043563627,3896043588368,3896043591202,24741
654,"void dequantize_block_q4_0<__half>(void const*, __half*, int) [clone .kd]",4,1,653,70054,70054,229376,32,0,0,12,0,16,64,"0x0","0x7c5b0c5d2b80",3895889482660,3896043588368,3896043612960,3896043616045,24592
655,"void flash_attn_tile<256, 256, 4, 6, false>(char const*, char const*, char const*, char const*, char const*, int const*, float*, HIP_vector_type<float, 2u>*, float, float, float, float, unsigned int, float, int, HIP_vector_type<unsigned int, 3u>, int, int, int, int, int, int, int, int, int, int, int, long, int, int, long, int, int, int, int, int, long) [clone .kd]",4,1,654,70054,70054,21504,384,32768,1432,128,0,48,64,"0x0","0x7c5b0c546a40",3895889485091,3896043836514,3896044380660,3896044392599,544146
656,"void flash_attn_combine_results<256>(float const*, HIP_vector_type<float, 2u> const*, float*, int) [clone .kd]",4,1,655,70054,70054,6144,256,512,0,20,0,32,64,"0x0","0x7c5b0c546880",3895889486888,3896044406734,3896044435474,3896044438409,28740
657,"void dequantize_block_q4_0<__half>(void const*, __half*, int) [clone .kd]",4,1,656,70054,70054,229376,32,0,0,12,0,16,64,"0x0","0x7c5b0c5d2b80",3895889488821,3896044435474,3896044460511,3896044463274,25037
658,"void dequantize_block_q4_0<__half>(void const*, __half*, int) [clone .kd]",4,1,657,70054,70054,229376,32,0,0,12,0,16,64,"0x0","0x7c5b0c5d2b80",3895889490507,3896044460511,3896044485104,3896044487833,24593
659,"void flash_attn_tile<256, 256, 4, 2, false>(char const*, char const*, char const*, char const*, char const*, int const*, float*, HIP_vector_type<float, 2u>*, float, float, float, float, unsigned int, float, int, HIP_vector_type<unsigned int, 3u>, int, int, int, int, int, int, int, int, int, int, int, long, int, int, long, int, int, int, int, int, long) [clone .kd]",4,1,658,70054,70054,28416,256,22528,1104,128,0,64,64,"0x0","0x7c5b0c5469c0",3895889492878,3896044708065,3896045422136,3896045433388,714071
660,"void flash_attn_combine_results<256>(float const*, HIP_vector_type<float, 2u> const*, float*, int) [clone .kd]",4,1,659,70054,70054,6144,256,512,0,20,0,32,64,"0x0","0x7c5b0c546880",3895889519471,3896045422136,3896045445247,3896045447903,23111
661,"void dequantize_block_q4_0<__half>(void const*, __half*, int) [clone .kd]",4,1,660,70054,70054,229376,32,0,0,12,0,16,64,"0x0","0x7c5b0c5d2b80",3895889521388,3896045445247,3896045470135,3896045472935,24888
662,"void dequantize_block_q4_0<__half>(void const*, __half*, int) [clone .kd]",4,1,661,70054,70054,229376,32,0,0,12,0,16,64,"0x0","0x7c5b0c5d2b80",3895889525263,3896045470135,3896045494728,3896045497561,24593
663,"void flash_attn_tile<256, 256, 4, 6, false>(char const*, char const*, char const*, char const*, char const*, int const*, float*, HIP_vector_type<float, 2u>*, float, float, float, float, unsigned int, float, int, HIP_vector_type<unsigned int, 3u>, int, int, int, int, int, int, int, int, int, int, int, long, int, int, long, int, int, int, int, int, long) [clone .kd]",4,1,662,70054,70054,21504,384,32768,1432,128,0,48,64,"0x0","0x7c5b0c546a40",3895889527701,3896045718134,3896046264502,3896046276268,546368
664,"void flash_attn_combine_results<256>(float const*, HIP_vector_type<float, 2u> const*, float*, int) [clone .kd]",4,1,663,70054,70054,6144,256,512,0,20,0,32,64,"0x0","0x7c5b0c546880",3895889550126,3896046287168,3896046316649,3896046319708,29481
665,"void dequantize_block_q4_0<__half>(void const*, __half*, int) [clone .kd]",4,1,664,70054,70054,229376,32,0,0,12,0,16,64,"0x0","0x7c5b0c5d2b80",3895889552250,3896046316649,3896046341242,3896046344523,24593
666,"void dequantize_block_q4_0<__half>(void const*, __half*, int) [clone .kd]",4,1,665,70054,70054,229376,32,0,0,12,0,16,64,"0x0","0x7c5b0c5d2b80",3895889553786,3896046341242,3896046365983,3896046368816,24741
667,"void flash_attn_tile<256, 256, 4, 2, false>(char const*, char const*, char const*, char const*, char const*, int const*, float*, HIP_vector_type<float, 2u>*, float, float, float, float, unsigned int, float, int, HIP_vector_type<unsigned int, 3u>, int, int, int, int, int, int, int, int, int, int, int, long, int, int, long, int, int, int, int, int, long) [clone .kd]",4,1,666,70054,70054,28416,256,22528,1104,128,0,64,64,"0x0","0x7c5b0c5469c0",3895889555962,3896046588944,3896047315459,3896047326740,726515
668,"void flash_attn_combine_results<256>(float const*, HIP_vector_type<float, 2u> const*, float*, int) [clone .kd]",4,1,667,70054,70054,6144,256,512,0,20,0,32,64,"0x0","0x7c5b0c546880",3895889557706,3896047315459,3896047337829,3896047340764,22370
669,"void dequantize_block_q4_0<__half>(void const*, __half*, int) [clone .kd]",4,1,668,70054,70054,229376,32,0,0,12,0,16,64,"0x0","0x7c5b0c5d2b80",3895889559682,3896047337829,3896047362866,3896047365546,25037
670,"void dequantize_block_q4_0<__half>(void const*, __half*, int) [clone .kd]",4,1,669,70054,70054,229376,32,0,0,12,0,16,64,"0x0","0x7c5b0c5d2b80",3895889561461,3896047362866,3896047387755,3896047390328,24889
671,"void flash_attn_tile<256, 256, 4, 6, false>(char const*, char const*, char const*, char const*, char const*, int const*, float*, HIP_vector_type<float, 2u>*, float, float, float, float, unsigned int, float, int, HIP_vector_type<unsigned int, 3u>, int, int, int, int, int, int, int, int, int, int, int, long, int, int, long, int, int, int, int, int, long) [clone .kd]",4,1,670,70054,70054,21504,384,32768,1432,128,0,48,64,"0x0","0x7c5b0c546a40",3895889563862,3896047610717,3896048160344,3896048171827,549627
672,"void flash_attn_combine_results<256>(float const*, HIP_vector_type<float, 2u> const*, float*, int) [clone .kd]",4,1,671,70054,70054,6144,256,512,0,20,0,32,64,"0x0","0x7c5b0c546880",3895889565558,3896048180640,3896048209677,3896048212400,29037
673,"void dequantize_block_q4_0<__half>(void const*, __half*, int) [clone .kd]",4,1,672,70054,70054,229376,32,0,0,12,0,16,64,"0x0","0x7c5b0c5d2b80",3895889567294,3896048209677,3896048234714,3896048237340,25037
674,"void dequantize_block_q4_0<__half>(void const*, __half*, int) [clone .kd]",4,1,673,70054,70054,229376,32,0,0,12,0,16,64,"0x0","0x7c5b0c5d2b80",3895889568804,3896048234714,3896048259454,3896048262172,24740
675,"void flash_attn_tile<256, 256, 4, 2, false>(char const*, char const*, char const*, char const*, char const*, int const*, float*, HIP_vector_type<float, 2u>*, float, float, float, float, unsigned int, float, int, HIP_vector_type<unsigned int, 3u>, int, int, int, int, int, int, int, int, int, int, int, long, int, int, long, int, int, int, int, int, long) [clone .kd]",4,1,674,70054,70054,28416,256,22528,1104,128,0,64,64,"0x0","0x7c5b0c5469c0",3895889571063,3896048482416,3896049196634,3896049207358,714218
676,"void flash_attn_combine_results<256>(float const*, HIP_vector_type<float, 2u> const*, float*, int) [clone .kd]",4,1,675,70054,70054,6144,256,512,0,20,0,32,64,"0x0","0x7c5b0c546880",3895889572787,3896049196634,3896049219597,3896049222692,22963
677,"void dequantize_block_q4_0<__half>(void const*, __half*, int) [clone .kd]",4,1,676,70054,70054,229376,32,0,0,12,0,16,64,"0x0","0x7c5b0c5d2b80",3895889574893,3896049219597,3896049244486,3896049247470,24889
678,"void dequantize_block_q4_0<__half>(void const*, __half*, int) [clone .kd]",4,1,677,70054,70054,229376,32,0,0,12,0,16,64,"0x0","0x7c5b0c5d2b80",3895889576602,3896049244486,3896049269078,3896049271820,24592
679,"void flash_attn_tile<256, 256, 4, 6, false>(char const*, char const*, char const*, char const*, char const*, int const*, float*, HIP_vector_type<float, 2u>*, float, float, float, float, unsigned int, float, int, HIP_vector_type<unsigned int, 3u>, int, int, int, int, int, int, int, int, int, int, int, long, int, int, long, int, int, int, int, int, long) [clone .kd]",4,1,678,70054,70054,21504,384,32768,1432,128,0,48,64,"0x0","0x7c5b0c546a40",3895889579032,3896049491448,3896050038408,3896050049758,546960
680,"void flash_attn_combine_results<256>(float const*, HIP_vector_type<float, 2u> const*, float*, int) [clone .kd]",4,1,679,70054,70054,6144,256,512,0,20,0,32,64,"0x0","0x7c5b0c546880",3895889580878,3896050081519,3896050108037,3896050110619,26518
681,"void dequantize_block_q4_0<__half>(void const*, __half*, int) [clone .kd]",4,1,680,70054,70054,229376,32,0,0,12,0,16,64,"0x0","0x7c5b0c5d2b80",3895889582781,3896050108037,3896050131741,3896050134535,23704
682,"void dequantize_block_q4_0<__half>(void const*, __half*, int) [clone .kd]",4,1,681,70054,70054,229376,32,0,0,12,0,16,64,"0x0","0x7c5b0c5d2b80",3895889584542,3896050131741,3896050154852,3896050157352,23111
683,"void flash_attn_tile<256, 256, 4, 2, false>(char const*, char const*, char const*, char const*, char const*, int const*, float*, HIP_vector_type<float, 2u>*, float, float, float, float, unsigned int, float, int, HIP_vector_type<unsigned int, 3u>, int, int, int, int, int, int, int, int, int, int, int, long, int, int, long, int, int, int, int, int, long) [clone .kd]",4,1,682,70054,70054,28416,256,22528,1104,128,0,64,64,"0x0","0x7c5b0c5469c0",3895889586881,3896050364628,3896051055143,3896051065296,690515
684,"void flash_attn_combine_results<256>(float const*, HIP_vector_type<float, 2u> const*, float*, int) [clone .kd]",4,1,683,70054,70054,6144,256,512,0,20,0,32,64,"0x0","0x7c5b0c546880",3895889588584,3896051055143,3896051074995,3896051077630,19852
685,"void dequantize_block_q4_0<__half>(void const*, __half*, int) [clone .kd]",4,1,684,70054,70054,229376,32,0,0,12,0,16,64,"0x0","0x7c5b0c5d2b80",3895889590332,3896051074995,3896051095884,3896051098603,20889
686,"void dequantize_block_q4_0<__half>(void const*, __half*, int) [clone .kd]",4,1,685,70054,70054,229376,32,0,0,12,0,16,64,"0x0","0x7c5b0c5d2b80",3895889591826,3896051095884,3896051116772,3896051119218,20888
687,"void flash_attn_tile<256, 256, 4, 6, false>(char const*, char const*, char const*, char const*, char const*, int const*, float*, HIP_vector_type<float, 2u>*, float, float, float, float, unsigned int, float, int, HIP_vector_type<unsigned int, 3u>, int, int, int, int, int, int, int, int, int, int, int, long, int, int, long, int, int, int, int, int, long) [clone .kd]",4,1,686,70054,70054,21504,384,32768,1432,128,0,48,64,"0x0","0x7c5b0c546a40",3895889594147,3896051307142,3896051837658,3896051847666,530516
688,"void flash_attn_combine_results<256>(float const*, HIP_vector_type<float, 2u> const*, float*, int) [clone .kd]",4,1,687,70054,70054,6144,256,512,0,20,0,32,64,"0x0","0x7c5b0c546880",3895889595961,3896051899139,3896051924324,3896051926832,25185
689,"void dequantize_block_q4_0<__half>(void const*, __half*, int) [clone .kd]",4,1,688,70054,70054,229376,32,0,0,12,0,16,64,"0x0","0x7c5b0c5d2b80",3895889597979,3896051924324,3896051947287,3896051950075,22963
690,"void dequantize_block_q4_0<__half>(void const*, __half*, int) [clone .kd]",4,1,689,70054,70054,229376,32,0,0,12,0,16,64,"0x0","0x7c5b0c5d2b80",3895889599609,3896051947287,3896051970546,3896051973229,23259
691,"void flash_attn_tile<256, 256, 4, 2, false>(char const*, char const*, char const*, char const*, char const*, int const*, float*, HIP_vector_type<float, 2u>*, float, float, float, float, unsigned int, float, int, HIP_vector_type<unsigned int, 3u>, int, int, int, int, int, int, int, int, int, int, int, long, int, int, long, int, int, int, int, int, long) [clone .kd]",4,1,690,70054,70054,28416,256,22528,1104,128,0,64,64,"0x0","0x7c5b0c5469c0",3895889602027,3896052161063,3896052856911,3896052866459,695848
692,"void flash_attn_combine_results<256>(float const*, HIP_vector_type<float, 2u> const*, float*, int) [clone .kd]",4,1,691,70054,70054,6144,256,512,0,20,0,32,64,"0x0","0x7c5b0c546880",3895889603922,3896052856911,3896052876615,3896052878963,19704
693,"void dequantize_block_q4_0<__half>(void const*, __half*, int) [clone .kd]",4,1,692,70054,70054,229376,32,0,0,12,0,16,64,"0x0","0x7c5b0c5d2b80",3895889605812,3896052876615,3896052897652,3896052900103,21037
694,"void dequantize_block_q4_0<__half>(void const*, __half*, int) [clone .kd]",4,1,693,70054,70054,229376,32,0,0,12,0,16,64,"0x0","0x7c5b0c5d2b80",3895889607462,3896052897652,3896052918245,3896052920965,20593
695,"void flash_attn_tile<256, 256, 4, 6, false>(char const*, char const*, char const*, char const*, char const*, int const*, float*, HIP_vector_type<float, 2u>*, float, float, float, float, unsigned int, float, int, HIP_vector_type<unsigned int, 3u>, int, int, int, int, int, int, int, int, int, int, int, long, int, int, long, int, int, int, int, int, long) [clone .kd]",4,1,694,70054,70054,21504,384,32768,1432,128,0,48,64,"0x0","0x7c5b0c546a40",3895889609809,3896053108614,3896053649500,3896053659654,540886
696,"void flash_attn_combine_results<256>(float const*, HIP_vector_type<float, 2u> const*, float*, int) [clone .kd]",4,1,695,70054,70054,6144,256,512,0,20,0,32,64,"0x0","0x7c5b0c546880",3895889614939,3896053663722,3896053691574,3896053694480,27852
697,"void dequantize_block_q4_0<__half>(void const*, __half*, int) [clone .kd]",4,1,696,70054,70054,229376,32,0,0,12,0,16,64,"0x0","0x7c5b0c5d2b80",3895889616692,3896053691574,3896053714833,3896053717653,23259
698,"void dequantize_block_q4_0<__half>(void const*, __half*, int) [clone .kd]",4,1,697,70054,70054,229376,32,0,0,12,0,16,64,"0x0","0x7c5b0c5d2b80",3895889618266,3896053714833,3896053738240,3896053741010,23407
699,"void flash_attn_tile<256, 256, 4, 2, false>(char const*, char const*, char const*, char const*, char const*, int const*, float*, HIP_vector_type<float, 2u>*, float, float, float, float, unsigned int, float, int, HIP_vector_type<unsigned int, 3u>, int, int, int, int, int, int, int, int, int, int, int, long, int, int, long, int, int, int, int, int, long) [clone .kd]",4,1,698,70054,70054,28416,256,22528,1104,128,0,64,64,"0x0","0x7c5b0c5469c0",3895889620699,3896053948165,3896054662532,3896054673046,714367
700,"void flash_attn_combine_results<256>(float const*, HIP_vector_type<float, 2u> const*, float*, int) [clone .kd]",4,1,699,70054,70054,6144,256,512,0,20,0,32,64,"0x0","0x7c5b0c546880",3895889622751,3896054662532,3896054685198,3896054688077,22666
701,"void dequantize_block_q4_0<__half>(void const*, __half*, int) [clone .kd]",4,1,700,70054,70054,229376,32,0,0,12,0,16,64,"0x0","0x7c5b0c5d2b80",3895889624654,3896054685198,3896054709791,3896054712638,24593
702,"void dequantize_block_q4_0<__half>(void const*, __half*, int) [clone .kd]",4,1,701,70054,70054,229376,32,0,0,12,0,16,64,"0x0","0x7c5b0c5d2b80",3895889626348,3896054709791,3896054734679,3896054737351,24888
703,"void flash_attn_tile<256, 256, 4, 6, false>(char const*, char const*, char const*, char const*, char const*, int const*, float*, HIP_vector_type<float, 2u>*, float, float, float, float, unsigned int, float, int, HIP_vector_type<unsigned int, 3u>, int, int, int, int, int, int, int, int, int, int, int, long, int, int, long, int, int, int, int, int, long) [clone .kd]",4,1,702,70054,70054,21504,384,32768,1432,128,0,48,64,"0x0","0x7c5b0c546a40",3895889628847,3896054957938,3896055512009,3896055522827,554071
704,"void flash_attn_combine_results<256>(float const*, HIP_vector_type<float, 2u> const*, float*, int) [clone .kd]",4,1,703,70054,70054,6144,256,512,0,20,0,32,64,"0x0","0x7c5b0c546880",3895889630622,3896055528601,3896055557638,3896055560474,29037
705,"void dequantize_block_q4_0<__half>(void const*, __half*, int) [clone .kd]",4,1,704,70054,70054,229376,32,0,0,12,0,16,64,"0x0","0x7c5b0c5d2b80",3895889632474,3896055557638,3896055582823,3896055585529,25185
706,"void dequantize_block_q4_0<__half>(void const*, __half*, int) [clone .kd]",4,1,705,70054,70054,229376,32,0,0,12,0,16,64,"0x0","0x7c5b0c5d2b80",3895889634086,3896055582823,3896055607564,3896055610204,24741
707,"void flash_attn_tile<256, 256, 4, 2, false>(char const*, char const*, char const*, char const*, char const*, int const*, float*, HIP_vector_type<float, 2u>*, float, float, float, float, unsigned int, float, int, HIP_vector_type<unsigned int, 3u>, int, int, int, int, int, int, int, int, int, int, int, long, int, int, long, int, int, int, int, int, long) [clone .kd]",4,1,706,70054,70054,28416,256,22528,1104,128,0,64,64,"0x0","0x7c5b0c5469c0",3895889636222,3896055830377,3896056547707,3896056557898,717330
708,"void flash_attn_combine_results<256>(float const*, HIP_vector_type<float, 2u> const*, float*, int) [clone .kd]",4,1,707,70054,70054,6144,256,512,0,20,0,32,64,"0x0","0x7c5b0c546880",3895889637947,3896056547707,3896056570522,3896056573325,22815
709,"void dequantize_block_q4_0<__half>(void const*, __half*, int) [clone .kd]",4,1,708,70054,70054,229376,32,0,0,12,0,16,64,"0x0","0x7c5b0c5d2b80",3895889639690,3896056570522,3896056595410,3896056598119,24888
710,"void dequantize_block_q4_0<__half>(void const*, __half*, int) [clone .kd]",4,1,709,70054,70054,229376,32,0,0,12,0,16,64,"0x0","0x7c5b0c5d2b80",3895889641435,3896056595410,3896056619855,3896056622530,24445
711,"void flash_attn_tile<256, 256, 4, 6, false>(char const*, char const*, char const*, char const*, char const*, int const*, float*, HIP_vector_type<float, 2u>*, float, float, float, float, unsigned int, float, int, HIP_vector_type<unsigned int, 3u>, int, int, int, int, int, int, int, int, int, int, int, long, int, int, long, int, int, int, int, int, long) [clone .kd]",4,1,710,70054,70054,21504,384,32768,1432,128,0,48,64,"0x0","0x7c5b0c546a40",3895889643778,3896056843261,3896057391554,3896057401911,548293
712,"void flash_attn_combine_results<256>(float const*, HIP_vector_type<float, 2u> const*, float*, int) [clone .kd]",4,1,711,70054,70054,6144,256,512,0,20,0,32,64,"0x0","0x7c5b0c546880",3895889645615,3896057412591,3896057441480,3896057444257,28889
713,"void dequantize_block_q4_0<__half>(void const*, __half*, int) [clone .kd]",4,1,712,70054,70054,229376,32,0,0,12,0,16,64,"0x0","0x7c5b0c5d2b80",3895889647515,3896057441480,3896057466369,3896057468926,24889
714,"void dequantize_block_q4_0<__half>(void const*, __half*, int) [clone .kd]",4,1,713,70054,70054,229376,32,0,0,12,0,16,64,"0x0","0x7c5b0c5d2b80",3895889649166,3896057466369,3896057491109,3896057493989,24740
715,"void flash_attn_tile<256, 256, 4, 2, false>(char const*, char const*, char const*, char const*, char const*, int const*, float*, HIP_vector_type<float, 2u>*, float, float, float, float, unsigned int, float, int, HIP_vector_type<unsigned int, 3u>, int, int, int, int, int, int, int, int, int, int, int, long, int, int, long, int, int, int, int, int, long) [clone .kd]",4,1,714,70054,70054,28416,256,22528,1104,128,0,64,64,"0x0","0x7c5b0c5469c0",3895889651490,3896057713775,3896058434512,3896058445098,720737
716,"void flash_attn_combine_results<256>(float const*, HIP_vector_type<float, 2u> const*, float*, int) [clone .kd]",4,1,715,70054,70054,6144,256,512,0,20,0,32,64,"0x0","0x7c5b0c546880",3895889653294,3896058434512,3896058457623,3896058460210,23111
717,"void dequantize_block_q4_0<__half>(void const*, __half*, int) [clone .kd]",4,1,716,70054,70054,229376,32,0,0,12,0,16,64,"0x0","0x7c5b0c5d2b80",3895889655076,3896058457623,3896058482660,3896058485430,25037
718,"void dequantize_block_q4_0<__half>(void const*, __half*, int) [clone .kd]",4,1,717,70054,70054,229376,32,0,0,12,0,16,64,"0x0","0x7c5b0c5d2b80",3895889656654,3896058482660,3896058507252,3896058510076,24592
719,"void flash_attn_tile<256, 256, 4, 6, false>(char const*, char const*, char const*, char const*, char const*, int const*, float*, HIP_vector_type<float, 2u>*, float, float, float, float, unsigned int, float, int, HIP_vector_type<unsigned int, 3u>, int, int, int, int, int, int, int, int, int, int, int, long, int, int, long, int, int, int, int, int, long) [clone .kd]",4,1,718,70054,70054,21504,384,32768,1432,128,0,48,64,"0x0","0x7c5b0c546a40",3895889658904,3896058730510,3896059284137,3896059294515,553627
720,"void flash_attn_combine_results<256>(float const*, HIP_vector_type<float, 2u> const*, float*, int) [clone .kd]",4,1,719,70054,70054,6144,256,512,0,20,0,32,64,"0x0","0x7c5b0c546880",3895889660595,3896059300285,3896059329618,3896059332228,29333
721,"void dequantize_block_q4_0<__half>(void const*, __half*, int) [clone .kd]",4,1,720,70054,70054,229376,32,0,0,12,0,16,64,"0x0","0x7c5b0c5d2b80",3895889662354,3896059329618,3896059354803,3896059357586,25185
722,"void dequantize_block_q4_0<__half>(void const*, __half*, int) [clone .kd]",4,1,721,70054,70054,229376,32,0,0,12,0,16,64,"0x0","0x7c5b0c5d2b80",3895889664150,3896059354803,3896059379248,3896059381990,24445
723,"void flash_attn_tile<256, 256, 4, 2, false>(char const*, char const*, char const*, char const*, char const*, int const*, float*, HIP_vector_type<float, 2u>*, float, float, float, float, unsigned int, float, int, HIP_vector_type<unsigned int, 3u>, int, int, int, int, int, int, int, int, int, int, int, long, int, int, long, int, int, int, int, int, long) [clone .kd]",4,1,722,70054,70054,28416,256,22528,1104,128,0,64,64,"0x0","0x7c5b0c5469c0",3895889666471,3896059601913,3896060316872,3896060327172,714959
724,"void flash_attn_combine_results<256>(float const*, HIP_vector_type<float, 2u> const*, float*, int) [clone .kd]",4,1,723,70054,70054,6144,256,512,0,20,0,32,64,"0x0","0x7c5b0c546880",3895889668314,3896060316872,3896060339539,3896060342348,22667
725,"void dequantize_block_q4_0<__half>(void const*, __half*, int) [clone .kd]",4,1,724,70054,70054,229376,32,0,0,12,0,16,64,"0x0","0x7c5b0c5d2b80",3895889670286,3896060339539,3896060364280,3896060367064,24741
726,"void dequantize_block_q4_0<__half>(void const*, __half*, int) [clone .kd]",4,1,725,70054,70054,229376,32,0,0,12,0,16,64,"0x0","0x7c5b0c5d2b80",3895889674154,3896060364280,3896060388872,3896060391851,24592
727,"void flash_attn_tile<256, 256, 4, 6, false>(char const*, char const*, char const*, char const*, char const*, int const*, float*, HIP_vector_type<float, 2u>*, float, float, float, float, unsigned int, float, int, HIP_vector_type<unsigned int, 3u>, int, int, int, int, int, int, int, int, int, int, int, long, int, int, long, int, int, int, int, int, long) [clone .kd]",4,1,726,70054,70054,21504,384,32768,1432,128,0,48,64,"0x0","0x7c5b0c546a40",3895889676499,3896060631389,3896061239238,3896061249544,607849
728,"void flash_attn_combine_results<256>(float const*, HIP_vector_type<float, 2u> const*, float*, int) [clone .kd]",4,1,727,70054,70054,6144,256,512,0,20,0,32,64,"0x0","0x7c5b0c546880",3895889678147,3896061263090,3896061294052,3896061296993,30962
729,"void dequantize_block_q4_0<__half>(void const*, __half*, int) [clone .kd]",4,1,728,70054,70054,229376,32,0,0,12,0,16,64,"0x0","0x7c5b0c5d2b80",3895889679845,3896061294052,3896061321904,3896061324716,27852
730,"void dequantize_block_q4_0<__half>(void const*, __half*, int) [clone .kd]",4,1,729,70054,70054,229376,32,0,0,12,0,16,64,"0x0","0x7c5b0c5d2b80",3895889681363,3896061321904,3896061349163,3896061352107,27259
731,"void flash_attn_tile<256, 256, 4, 2, false>(char const*, char const*, char const*, char const*, char const*, int const*, float*, HIP_vector_type<float, 2u>*, float, float, float, float, unsigned int, float, int, HIP_vector_type<unsigned int, 3u>, int, int, int, int, int, int, int, int, int, int, int, long, int, int, long, int, int, int, int, int, long) [clone .kd]",4,1,730,70054,70054,28416,256,22528,1104,128,0,64,64,"0x0","0x7c5b0c5469c0",3895889683929,3896061597458,3896062395380,3896062406282,797922
732,"void flash_attn_combine_results<256>(float const*, HIP_vector_type<float, 2u> const*, float*, int) [clone .kd]",4,1,731,70054,70054,6144,256,512,0,20,0,32,64,"0x0","0x7c5b0c546880",3895889685581,3896062395380,3896062420417,3896062423228,25037
733,"void dequantize_block_q4_0<__half>(void const*, __half*, int) [clone .kd]",4,1,732,70054,70054,229376,32,0,0,12,0,16,64,"0x0","0x7c5b0c5d2b80",3895889687550,3896062420417,3896062447972,3896062450844,27555
734,"void dequantize_block_q4_0<__half>(void const*, __half*, int) [clone .kd]",4,1,733,70054,70054,229376,32,0,0,12,0,16,64,"0x0","0x7c5b0c5d2b80",3895889689310,3896062447972,3896062475380,3896062478028,27408
735,"void flash_attn_tile<256, 256, 4, 6, false>(char const*, char const*, char const*, char const*, char const*, int const*, float*, HIP_vector_type<float, 2u>*, float, float, float, float, unsigned int, float, int, HIP_vector_type<unsigned int, 3u>, int, int, int, int, int, int, int, int, int, int, int, long, int, int, long, int, int, int, int, int, long) [clone .kd]",4,1,734,70054,70054,21504,384,32768,1432,128,0,48,64,"0x0","0x7c5b0c546a40",3895889691651,3896062698786,3896063246190,3896063257292,547404
736,"void flash_attn_combine_results<256>(float const*, HIP_vector_type<float, 2u> const*, float*, int) [clone .kd]",4,1,735,70054,70054,6144,256,512,0,20,0,32,64,"0x0","0x7c5b0c546880",3895889693487,3896063268264,3896063297597,3896063300382,29333
737,"void dequantize_block_q4_0<__half>(void const*, __half*, int) [clone .kd]",4,1,736,70054,70054,229376,32,0,0,12,0,16,64,"0x0","0x7c5b0c5d2b80",3895889695429,3896063297597,3896063322338,3896063324956,24741
738,"void dequantize_block_q4_0<__half>(void const*, __half*, int) [clone .kd]",4,1,737,70054,70054,229376,32,0,0,12,0,16,64,"0x0","0x7c5b0c5d2b80",3895889697120,3896063322338,3896063347079,3896063349791,24741
739,"void flash_attn_tile<256, 256, 4, 2, false>(char const*, char const*, char const*, char const*, char const*, int const*, float*, HIP_vector_type<float, 2u>*, float, float, float, float, unsigned int, float, int, HIP_vector_type<unsigned int, 3u>, int, int, int, int, int, int, int, int, int, int, int, long, int, int, long, int, int, int, int, int, long) [clone .kd]",4,1,738,70054,70054,28416,256,22528,1104,128,0,64,64,"0x0","0x7c5b0c5469c0",3895889699475,3896063569744,3896064291518,3896064301475,721774
740,"void flash_attn_combine_results<256>(float const*, HIP_vector_type<float, 2u> const*, float*, int) [clone .kd]",4,1,739,70054,70054,6144,256,512,0,20,0,32,64,"0x0","0x7c5b0c546880",3895889701132,3896064291518,3896064313740,3896064316411,22222
741,"void dequantize_block_q4_0<__half>(void const*, __half*, int) [clone .kd]",4,1,740,70054,70054,229376,32,0,0,12,0,16,64,"0x0","0x7c5b0c5d2b80",3895889702926,3896064313740,3896064338481,3896064341374,24741
742,"void dequantize_block_q4_0<__half>(void const*, __half*, int) [clone .kd]",4,1,741,70054,70054,229376,32,0,0,12,0,16,64,"0x0","0x7c5b0c5d2b80",3895889704432,3896064338481,3896064363222,3896064365974,24741
743,"void flash_attn_tile<256, 256, 4, 6, false>(char const*, char const*, char const*, char const*, char const*, int const*, float*, HIP_vector_type<float, 2u>*, float, float, float, float, unsigned int, float, int, HIP_vector_type<unsigned int, 3u>, int, int, int, int, int, int, int, int, int, int, int, long, int, int, long, int, int, int, int, int, long) [clone .kd]",4,1,742,70054,70054,21504,384,32768,1432,128,0,48,64,"0x0","0x7c5b0c546a40",3895889706729,3896064586480,3896065131958,3896065166313,545478
744,"void flash_attn_combine_results<256>(float const*, HIP_vector_type<float, 2u> const*, float*, int) [clone .kd]",4,1,743,70054,70054,6144,256,512,0,20,0,32,64,"0x0","0x7c5b0c546880",3895889708344,3896065225884,3896065254624,3896065257384,28740
745,"void dequantize_block_q4_0<__half>(void const*, __half*, int) [clone .kd]",4,1,744,70054,70054,229376,32,0,0,12,0,16,64,"0x0","0x7c5b0c5d2b80",3895889710370,3896065254624,3896065279661,3896065282320,25037
746,"void dequantize_block_q4_0<__half>(void const*, __half*, int) [clone .kd]",4,1,745,70054,70054,229376,32,0,0,12,0,16,64,"0x0","0x7c5b0c5d2b80",3895889712073,3896065279661,3896065304254,3896065306790,24593
747,"void flash_attn_tile<256, 256, 4, 2, false>(char const*, char const*, char const*, char const*, char const*, int const*, float*, HIP_vector_type<float, 2u>*, float, float, float, float, unsigned int, float, int, HIP_vector_type<unsigned int, 3u>, int, int, int, int, int, int, int, int, int, int, int, long, int, int, long, int, int, int, int, int, long) [clone .kd]",4,1,746,70054,70054,28416,256,22528,1104,128,0,64,64,"0x0","0x7c5b0c5469c0",3895889714367,3896065531660,3896066232249,3896066241654,700589
748,"void flash_attn_combine_results<256>(float const*, HIP_vector_type<float, 2u> const*, float*, int) [clone .kd]",4,1,747,70054,70054,6144,256,512,0,20,0,32,64,"0x0","0x7c5b0c546880",3895889716167,3896066232249,3896066253434,3896066255926,21185
749,"void dequantize_block_q4_0<__half>(void const*, __half*, int) [clone .kd]",4,1,748,70054,70054,229376,32,0,0,12,0,16,64,"0x0","0x7c5b0c5d2b80",3895889718009,3896066253434,3896066276841,3896066279487,23407
750,"void dequantize_block_q4_0<__half>(void const*, __half*, int) [clone .kd]",4,1,749,70054,70054,229376,32,0,0,12,0,16,64,"0x0","0x7c5b0c5d2b80",3895889719772,3896066276841,3896066299952,3896066302394,23111
751,"void flash_attn_tile<256, 256, 4, 6, false>(char const*, char const*, char const*, char const*, char const*, int const*, float*, HIP_vector_type<float, 2u>*, float, float, float, float, unsigned int, float, int, HIP_vector_type<unsigned int, 3u>, int, int, int, int, int, int, int, int, int, int, int, long, int, int, long, int, int, int, int, int, long) [clone .kd]",4,1,750,70054,70054,21504,384,32768,1432,128,0,48,64,"0x0","0x7c5b0c546a40",3895889722083,3896066510025,3896067051652,3896067061617,541627
752,"void flash_attn_combine_results<256>(float const*, HIP_vector_type<float, 2u> const*, float*, int) [clone .kd]",4,1,751,70054,70054,6144,256,512,0,20,0,32,64,"0x0","0x7c5b0c546880",3895889723901,3896067098615,3896067125874,3896067128440,27259
753,"void dequantize_block_q4_0<__half>(void const*, __half*, int) [clone .kd]",4,1,752,70054,70054,229376,32,0,0,12,0,16,64,"0x0","0x7c5b0c5d2b80",3895889725687,3896067125874,3896067148985,3896067151700,23111
754,"void dequantize_block_q4_0<__half>(void const*, __half*, int) [clone .kd]",4,1,753,70054,70054,229376,32,0,0,12,0,16,64,"0x0","0x7c5b0c5d2b80",3895889727201,3896067148985,3896067172392,3896067174950,23407
755,"void flash_attn_tile<256, 256, 4, 2, false>(char const*, char const*, char const*, char const*, char const*, int const*, float*, HIP_vector_type<float, 2u>*, float, float, float, float, unsigned int, float, int, HIP_vector_type<unsigned int, 3u>, int, int, int, int, int, int, int, int, int, int, int, long, int, int, long, int, int, int, int, int, long) [clone .kd]",4,1,754,70054,70054,28416,256,22528,1104,128,0,64,64,"0x0","0x7c5b0c5469c0",3895889729434,3896067382317,3896068074609,3896068083428,692292
756,"void flash_attn_combine_results<256>(float const*, HIP_vector_type<float, 2u> const*, float*, int) [clone .kd]",4,1,755,70054,70054,6144,256,512,0,20,0,32,64,"0x0","0x7c5b0c546880",3895889731564,3896068074609,3896068094609,3896068096857,20000
757,"void dequantize_block_q4_0<__half>(void const*, __half*, int) [clone .kd]",4,1,756,70054,70054,229376,32,0,0,12,0,16,64,"0x0","0x7c5b0c5d2b80",3895889733257,3896068094609,3896068116683,3896068119241,22074
758,"void dequantize_block_q4_0<__half>(void const*, __half*, int) [clone .kd]",4,1,757,70054,70054,229376,32,0,0,12,0,16,64,"0x0","0x7c5b0c5d2b80",3895889735014,3896068116683,3896068139054,3896068141846,22371
759,"void flash_attn_tile<256, 256, 4, 6, false>(char const*, char const*, char const*, char const*, char const*, int const*, float*, HIP_vector_type<float, 2u>*, float, float, float, float, unsigned int, float, int, HIP_vector_type<unsigned int, 3u>, int, int, int, int, int, int, int, int, int, int, int, long, int, int, long, int, int, int, int, int, long) [clone .kd]",4,1,758,70054,70054,21504,384,32768,1432,128,0,48,64,"0x0","0x7c5b0c546a40",3895889737382,3896068329867,3896068859939,3896068867939,530072
760,"void flash_attn_combine_results<256>(float const*, HIP_vector_type<float, 2u> const*, float*, int) [clone .kd]",4,1,759,70054,70054,6144,256,512,0,20,0,32,64,"0x0","0x7c5b0c546880",3895889739221,3896068872828,3896068897420,3896068899755,24592
761,"void dequantize_block_q4_0<__half>(void const*, __half*, int) [clone .kd]",4,1,760,70054,70054,229376,32,0,0,12,0,16,64,"0x0","0x7c5b0c5d2b80",3895889741096,3896068897420,3896068918901,3896068921226,21481
762,"void dequantize_block_q4_0<__half>(void const*, __half*, int) [clone .kd]",4,1,761,70054,70054,229376,32,0,0,12,0,16,64,"0x0","0x7c5b0c5d2b80",3895889742791,3896068918901,3896068939642,3896068942148,20741
763,"void flash_attn_tile<256, 256, 4, 2, false>(char const*, char const*, char const*, char const*, char const*, int const*, float*, HIP_vector_type<float, 2u>*, float, float, float, float, unsigned int, float, int, HIP_vector_type<unsigned int, 3u>, int, int, int, int, int, int, int, int, int, int, int, long, int, int, long, int, int, int, int, int, long) [clone .kd]",4,1,762,70054,70054,28416,256,22528,1104,128,0,64,64,"0x0","0x7c5b0c5469c0",3895889745062,3896069129271,3896069832822,3896069841621,703551
764,"void flash_attn_combine_results<256>(float const*, HIP_vector_type<float, 2u> const*, float*, int) [clone .kd]",4,1,763,70054,70054,6144,256,512,0,20,0,32,64,"0x0","0x7c5b0c546880",3895889747009,3896069832822,3896069854600,3896069857090,21778
765,"void dequantize_block_q4_0<__half>(void const*, __half*, int) [clone .kd]",4,1,764,70054,70054,229376,32,0,0,12,0,16,64,"0x0","0x7c5b0c5d2b80",3895889748876,3896069854600,3896069878007,3896069880512,23407
766,"void dequantize_block_q4_0<__half>(void const*, __half*, int) [clone .kd]",4,1,765,70054,70054,229376,32,0,0,12,0,16,64,"0x0","0x7c5b0c5d2b80",3895889750548,3896069878007,3896069901118,3896069903730,23111
767,"void flash_attn_tile<256, 256, 4, 6, false>(char const*, char const*, char const*, char const*, char const*, int const*, float*, HIP_vector_type<float, 2u>*, float, float, float, float, unsigned int, float, int, HIP_vector_type<unsigned int, 3u>, int, int, int, int, int, int, int, int, int, int, int, long, int, int, long, int, int, int, int, int, long) [clone .kd]",4,1,766,70054,70054,21504,384,32768,1432,128,0,48,64,"0x0","0x7c5b0c546a40",3895889752913,3896070111488,3896070652522,3896070660978,541034
768,"void flash_attn_combine_results<256>(float const*, HIP_vector_type<float, 2u> const*, float*, int) [clone .kd]",4,1,767,70054,70054,6144,256,512,0,20,0,32,64,"0x0","0x7c5b0c546880",3895889754536,3896070685855,3896070710596,3896070713012,24741
769,"void dequantize_block_q4_0<__half>(void const*, __half*, int) [clone .kd]",4,1,768,70054,70054,229376,32,0,0,12,0,16,64,"0x0","0x7c5b0c5d2b80",3895889756348,3896070710596,3896070734003,3896070736520,23407
770,"void dequantize_block_q4_0<__half>(void const*, __half*, int) [clone .kd]",4,1,769,70054,70054,229376,32,0,0,12,0,16,64,"0x0","0x7c5b0c5d2b80",3895889757909,3896070734003,3896070756373,3896070758706,22370
771,"void flash_attn_tile<256, 256, 4, 2, false>(char const*, char const*, char const*, char const*, char const*, int const*, float*, HIP_vector_type<float, 2u>*, float, float, float, float, unsigned int, float, int, HIP_vector_type<unsigned int, 3u>, int, int, int, int, int, int, int, int, int, int, int, long, int, int, long, int, int, int, int, int, long) [clone .kd]",4,1,770,70054,70054,28416,256,22528,1104,128,0,64,64,"0x0","0x7c5b0c5469c0",3895889760331,3896070946002,3896071637702,3896071646367,691700
772,"void flash_attn_combine_results<256>(float const*, HIP_vector_type<float, 2u> const*, float*, int) [clone .kd]",4,1,771,70054,70054,6144,256,512,0,20,0,32,64,"0x0","0x7c5b0c546880",3895889762145,3896071637702,3896071659331,3896071661941,21629
773,"void dequantize_block_q4_0<__half>(void const*, __half*, int) [clone .kd]",4,1,772,70054,70054,229376,32,0,0,12,0,16,64,"0x0","0x7c5b0c5d2b80",3895889764047,3896071659331,3896071682739,3896071685250,23408
774,"void dequantize_block_q4_0<__half>(void const*, __half*, int) [clone .kd]",4,1,773,70054,70054,229376,32,0,0,12,0,16,64,"0x0","0x7c5b0c5d2b80",3895889765674,3896071682739,3896071705998,3896071708531,23259
775,"void flash_attn_tile<256, 256, 4, 6, false>(char const*, char const*, char const*, char const*, char const*, int const*, float*, HIP_vector_type<float, 2u>*, float, float, float, float, unsigned int, float, int, HIP_vector_type<unsigned int, 3u>, int, int, int, int, int, int, int, int, int, int, int, long, int, int, long, int, int, int, int, int, long) [clone .kd]",4,1,774,70054,70054,21504,384,32768,1432,128,0,48,64,"0x0","0x7c5b0c546a40",3895889768059,3896071916515,3896072457994,3896072466789,541479
776,"void flash_attn_combine_results<256>(float const*, HIP_vector_type<float, 2u> const*, float*, int) [clone .kd]",4,1,775,70054,70054,6144,256,512,0,20,0,32,64,"0x0","0x7c5b0c546880",3895889769849,3896072511771,3896072541401,3896072543912,29630
777,"void dequantize_block_q4_0<__half>(void const*, __half*, int) [clone .kd]",4,1,776,70054,70054,229376,32,0,0,12,0,16,64,"0x0","0x7c5b0c5d2b80",3895889771693,3896072541401,3896072566141,3896072568803,24740
778,"void dequantize_block_q4_0<__half>(void const*, __half*, int) [clone .kd]",4,1,777,70054,70054,229376,32,0,0,12,0,16,64,"0x0","0x7c5b0c5d2b80",3895889773412,3896072566141,3896072590734,3896072593280,24593
779,"void flash_attn_tile<256, 256, 4, 2, false>(char const*, char const*, char const*, char const*, char const*, int const*, float*, HIP_vector_type<float, 2u>*, float, float, float, float, unsigned int, float, int, HIP_vector_type<unsigned int, 3u>, int, int, int, int, int, int, int, int, int, int, int, long, int, int, long, int, int, int, int, int, long) [clone .kd]",4,1,778,70054,70054,28416,256,22528,1104,128,0,64,64,"0x0","0x7c5b0c5469c0",3895889775624,3896072813696,3896073540359,3896073549017,726663
780,"void flash_attn_combine_results<256>(float const*, HIP_vector_type<float, 2u> const*, float*, int) [clone .kd]",4,1,779,70054,70054,6144,256,512,0,20,0,32,64,"0x0","0x7c5b0c546880",3895889777386,3896073540359,3896073562284,3896073564868,21925
781,"void dequantize_block_q4_0<__half>(void const*, __half*, int) [clone .kd]",4,1,780,70054,70054,229376,32,0,0,12,0,16,64,"0x0","0x7c5b0c5d2b80",3895889779064,3896073562284,3896073587173,3896073589677,24889
782,"void dequantize_block_q4_0<__half>(void const*, __half*, int) [clone .kd]",4,1,781,70054,70054,229376,32,0,0,12,0,16,64,"0x0","0x7c5b0c5d2b80",3895889780630,3896073587173,3896073611766,3896073614399,24593
783,"void flash_attn_tile<256, 256, 4, 6, false>(char const*, char const*, char const*, char const*, char const*, int const*, float*, HIP_vector_type<float, 2u>*, float, float, float, float, unsigned int, float, int, HIP_vector_type<unsigned int, 3u>, int, int, int, int, int, int, int, int, int, int, int, long, int, int, long, int, int, int, int, int, long) [clone .kd]",4,1,782,70054,70054,21504,384,32768,1432,128,0,48,64,"0x0","0x7c5b0c546a40",3895889782815,3896073835172,3896074382725,3896074391581,547553
784,"void flash_attn_combine_results<256>(float const*, HIP_vector_type<float, 2u> const*, float*, int) [clone .kd]",4,1,783,70054,70054,6144,256,512,0,20,0,32,64,"0x0","0x7c5b0c546880",3895889784649,3896074404798,3896074434724,3896074437196,29926
785,"void dequantize_block_q4_0<__half>(void const*, __half*, int) [clone .kd]",4,1,784,70054,70054,229376,32,0,0,12,0,16,64,"0x0","0x7c5b0c5d2b80",3895889786505,3896074434724,3896074459761,3896074462351,25037
786,"void dequantize_block_q4_0<__half>(void const*, __half*, int) [clone .kd]",4,1,785,70054,70054,229376,32,0,0,12,0,16,64,"0x0","0x7c5b0c5d2b80",3895889790600,3896074459761,3896074484205,3896074486834,24444
787,"void flash_attn_tile<256, 256, 4, 2, false>(char const*, char const*, char const*, char const*, char const*, int const*, float*, HIP_vector_type<float, 2u>*, float, float, float, float, unsigned int, float, int, HIP_vector_type<unsigned int, 3u>, int, int, int, int, int, int, int, int, int, int, int, long, int, int, long, int, int, int, int, int, long) [clone .kd]",4,1,786,70054,70054,28416,256,22528,1104,128,0,64,64,"0x0","0x7c5b0c5469c0",3895889792942,3896074707167,3896075421534,3896075430014,714367
788,"void flash_attn_combine_results<256>(float const*, HIP_vector_type<float, 2u> const*, float*, int) [clone .kd]",4,1,787,70054,70054,6144,256,512,0,20,0,32,64,"0x0","0x7c5b0c546880",3895889794717,3896075421534,3896075444349,3896075446926,22815
789,"void dequantize_block_q4_0<__half>(void const*, __half*, int) [clone .kd]",4,1,788,70054,70054,229376,32,0,0,12,0,16,64,"0x0","0x7c5b0c5d2b80",3895889796646,3896075444349,3896075469237,3896075471843,24888
790,"void dequantize_block_q4_0<__half>(void const*, __half*, int) [clone .kd]",4,1,789,70054,70054,229376,32,0,0,12,0,16,64,"0x0","0x7c5b0c5d2b80",3895889798307,3896075469237,3896075494126,3896075496868,24889
791,"void flash_attn_tile<256, 256, 4, 6, false>(char const*, char const*, char const*, char const*, char const*, int const*, float*, HIP_vector_type<float, 2u>*, float, float, float, float, unsigned int, float, int, HIP_vector_type<unsigned int, 3u>, int, int, int, int, int, int, int, int, int, int, int, long, int, int, long, int, int, int, int, int, long) [clone .kd]",4,1,790,70054,70054,21504,384,32768,1432,128,0,48,64,"0x0","0x7c5b0c546a40",3895889800782,3896075717532,3896076264492,3896076272939,546960
792,"void flash_attn_combine_results<256>(float const*, HIP_vector_type<float, 2u> const*, float*, int) [clone .kd]",4,1,791,70054,70054,6144,256,512,0,20,0,32,64,"0x0","0x7c5b0c546880",3895889802414,3896076289826,3896076319011,3896076321581,29185
793,"void dequantize_block_q4_0<__half>(void const*, __half*, int) [clone .kd]",4,1,792,70054,70054,229376,32,0,0,12,0,16,64,"0x0","0x7c5b0c5d2b80",3895889804147,3896076319011,3896076344048,3896076346628,25037
794,"void dequantize_block_q4_0<__half>(void const*, __half*, int) [clone .kd]",4,1,793,70054,70054,229376,32,0,0,12,0,16,64,"0x0","0x7c5b0c5d2b80",3895889805606,3896076344048,3896076368640,3896076371226,24592
795,"void flash_attn_tile<256, 256, 4, 2, false>(char const*, char const*, char const*, char const*, char const*, int const*, float*, HIP_vector_type<float, 2u>*, float, float, float, float, unsigned int, float, int, HIP_vector_type<unsigned int, 3u>, int, int, int, int, int, int, int, int, int, int, int, long, int, int, long, int, int, int, int, int, long) [clone .kd]",4,1,794,70054,70054,28416,256,22528,1104,128,0,64,64,"0x0","0x7c5b0c5469c0",3895889808268,3896076608046,3896077395153,3896077405385,787107
796,"void flash_attn_combine_results<256>(float const*, HIP_vector_type<float, 2u> const*, float*, int) [clone .kd]",4,1,795,70054,70054,6144,256,512,0,20,0,32,64,"0x0","0x7c5b0c546880",3895889809922,3896077395153,3896077419449,3896077422179,24296
797,"void dequantize_block_q4_0<__half>(void const*, __half*, int) [clone .kd]",4,1,796,70054,70054,229376,32,0,0,12,0,16,64,"0x0","0x7c5b0c5d2b80",3895889811893,3896077419449,3896077447005,3896077449883,27556
798,"void dequantize_block_q4_0<__half>(void const*, __half*, int) [clone .kd]",4,1,797,70054,70054,229376,32,0,0,12,0,16,64,"0x0","0x7c5b0c5d2b80",3895889813563,3896077447005,3896077474708,3896077477315,27703
799,"void flash_attn_tile<256, 256, 4, 6, false>(char const*, char const*, char const*, char const*, char const*, int const*, float*, HIP_vector_type<float, 2u>*, float, float, float, float, unsigned int, float, int, HIP_vector_type<unsigned int, 3u>, int, int, int, int, int, int, int, int, int, int, int, long, int, int, long, int, int, int, int, int, long) [clone .kd]",4,1,798,70054,70054,21504,384,32768,1432,128,0,48,64,"0x0","0x7c5b0c546a40",3895889816008,3896077723448,3896078335889,3896078344966,612441
800,"void flash_attn_combine_results<256>(float const*, HIP_vector_type<float, 2u> const*, float*, int) [clone .kd]",4,1,799,70054,70054,6144,256,512,0,20,0,32,64,"0x0","0x7c5b0c546880",3895889817806,3896078355444,3896078386704,3896078389550,31260
801,"void dequantize_block_q4_0<__half>(void const*, __half*, int) [clone .kd]",4,1,801,70054,70054,229376,32,0,0,12,0,16,64,"0x0","0x7c5b0c5d2b80",3896078589862,3896078607591,3896078633665,3896078636476,26074
802,"void dequantize_block_q4_0<__half>(void const*, __half*, int) [clone .kd]",4,1,802,70054,70054,229376,32,0,0,12,0,16,64,"0x0","0x7c5b0c5d2b80",3896078600963,3896078633665,3896078658110,3896078660847,24445
803,"void flash_attn_tile<256, 256, 4, 2, false>(char const*, char const*, char const*, char const*, char const*, int const*, float*, HIP_vector_type<float, 2u>*, float, float, float, float, unsigned int, float, int, HIP_vector_type<unsigned int, 3u>, int, int, int, int, int, int, int, int, int, int, int, long, int, int, long, int, int, int, int, int, long) [clone .kd]",4,1,803,70054,70054,28416,256,22528,1104,128,0,64,64,"0x0","0x7c5b0c5469c0",3896078635266,3896078881812,3896079597216,3896079605305,715404
804,"void flash_attn_combine_results<256>(float const*, HIP_vector_type<float, 2u> const*, float*, int) [clone .kd]",4,1,804,70054,70054,6144,256,512,0,20,0,32,64,"0x0","0x7c5b0c546880",3896078645624,3896079597216,3896079619438,3896079622061,22222
805,"void dequantize_block_q4_0<__half>(void const*, __half*, int) [clone .kd]",4,1,807,70054,70054,229376,32,0,0,12,0,16,64,"0x0","0x7c5b0c5d2b80",3896079637403,3896079645364,3896079670549,3896079673384,25185
806,"void dequantize_block_q4_0<__half>(void const*, __half*, int) [clone .kd]",4,1,808,70054,70054,229376,32,0,0,12,0,16,64,"0x0","0x7c5b0c5d2b80",3896079639478,3896079670549,3896079695437,3896079698217,24888
807,"void flash_attn_tile<256, 256, 4, 2, false>(char const*, char const*, char const*, char const*, char const*, int const*, float*, HIP_vector_type<float, 2u>*, float, float, float, float, unsigned int, float, int, HIP_vector_type<unsigned int, 3u>, int, int, int, int, int, int, int, int, int, int, int, long, int, int, long, int, int, int, int, int, long) [clone .kd]",4,1,809,70054,70054,28416,256,22528,1104,128,0,64,64,"0x0","0x7c5b0c5469c0",3896079641849,3896079695437,3896080416619,3896080425067,721182
808,"void flash_attn_combine_results<256>(float const*, HIP_vector_type<float, 2u> const*, float*, int) [clone .kd]",4,1,810,70054,70054,6144,256,512,0,20,0,32,64,"0x0","0x7c5b0c546880",3896079643753,3896080416619,3896080438989,3896080441556,22370
809,"void dequantize_block_q4_0<__half>(void const*, __half*, int) [clone .kd]",4,1,812,70054,70054,229376,32,0,0,12,0,16,64,"0x0","0x7c5b0c5d2b80",3896080455182,3896080460322,3896080485655,3896080488190,25333
810,"void dequantize_block_q4_0<__half>(void const*, __half*, int) [clone .kd]",4,1,813,70054,70054,229376,32,0,0,12,0,16,64,"0x0","0x7c5b0c5d2b80",3896080457609,3896080485655,3896080510841,3896080513444,25186
811,"void flash_attn_tile<256, 256, 4, 2, false>(char const*, char const*, char const*, char const*, char const*, int const*, float*, HIP_vector_type<float, 2u>*, float, float, float, float, unsigned int, float, int, HIP_vector_type<unsigned int, 3u>, int, int, int, int, int, int, int, int, int, int, int, long, int, int, long, int, int, int, int, int, long) [clone .kd]",4,1,814,70054,70054,28416,256,22528,1104,128,0,64,64,"0x0","0x7c5b0c5469c0",3896080460150,3896080510841,3896081238540,3896081246769,727699
812,"void flash_attn_combine_results<256>(float const*, HIP_vector_type<float, 2u> const*, float*, int) [clone .kd]",4,1,815,70054,70054,6144,256,512,0,20,0,32,64,"0x0","0x7c5b0c546880",3896080461793,3896081238540,3896081260170,3896081262906,21630
813,"void dequantize_block_q4_0<__half>(void const*, __half*, int) [clone .kd]",4,1,818,70054,70054,229376,32,0,0,12,0,16,64,"0x0","0x7c5b0c5d2b80",3896081273419,3896081282244,3896081307133,3896081309952,24889
814,"void dequantize_block_q4_0<__half>(void const*, __half*, int) [clone .kd]",4,1,819,70054,70054,229376,32,0,0,12,0,16,64,"0x0","0x7c5b0c5d2b80",3896081274943,3896081307133,3896081332170,3896081334820,25037
815,"void flash_attn_tile<256, 256, 4, 2, false>(char const*, char const*, char const*, char const*, char const*, int const*, float*, HIP_vector_type<float, 2u>*, float, float, float, float, unsigned int, float, int, HIP_vector_type<unsigned int, 3u>, int, int, int, int, int, int, int, int, int, int, int, long, int, int, long, int, int, int, int, int, long) [clone .kd]",4,1,820,70054,70054,28416,256,22528,1104,128,0,64,64,"0x0","0x7c5b0c5469c0",3896081277033,3896081332170,3896082047870,3896082056456,715700
816,"void flash_attn_combine_results<256>(float const*, HIP_vector_type<float, 2u> const*, float*, int) [clone .kd]",4,1,821,70054,70054,6144,256,512,0,20,0,32,64,"0x0","0x7c5b0c546880",3896081278725,3896082047870,3896082070092,3896082072880,22222
817,"void dequantize_block_q4_0<__half>(void const*, __half*, int) [clone .kd]",4,1,823,70054,70054,229376,32,0,0,12,0,16,64,"0x0","0x7c5b0c5d2b80",3896082082291,3896082087425,3896082112758,3896082115358,25333
818,"void dequantize_block_q4_0<__half>(void const*, __half*, int) [clone .kd]",4,1,824,70054,70054,229376,32,0,0,12,0,16,64,"0x0","0x7c5b0c5d2b80",3896082084724,3896082112758,3896082137943,3896082140698,25185
819,"void flash_attn_tile<256, 256, 4, 2, false>(char const*, char const*, char const*, char const*, char const*, int const*, float*, HIP_vector_type<float, 2u>*, float, float, float, float, unsigned int, float, int, HIP_vector_type<unsigned int, 3u>, int, int, int, int, int, int, int, int, int, int, int, long, int, int, long, int, int, int, int, int, long) [clone .kd]",4,1,825,70054,70054,28416,256,22528,1104,128,0,64,64,"0x0","0x7c5b0c5469c0",3896082087007,3896082137943,3896082851717,3896082859948,713774
820,"void flash_attn_combine_results<256>(float const*, HIP_vector_type<float, 2u> const*, float*, int) [clone .kd]",4,1,826,70054,70054,6144,256,512,0,20,0,32,64,"0x0","0x7c5b0c546880",3896082088819,3896082851717,3896082872310,3896082874923,20593
821,"void dequantize_block_q4_0<__half>(void const*, __half*, int) [clone .kd]",4,1,829,70054,70054,229376,32,0,0,12,0,16,64,"0x0","0x7c5b0c5d2b80",3896082884881,3896082892310,3896082915717,3896082918473,23407
822,"void dequantize_block_q4_0<__half>(void const*, __half*, int) [clone .kd]",4,1,830,70054,70054,229376,32,0,0,12,0,16,64,"0x0","0x7c5b0c5d2b80",3896082887529,3896082915717,3896082938976,3896082941625,23259
823,"void flash_attn_tile<256, 256, 4, 2, false>(char const*, char const*, char const*, char const*, char const*, int const*, float*, HIP_vector_type<float, 2u>*, float, float, float, float, unsigned int, float, int, HIP_vector_type<unsigned int, 3u>, int, int, int, int, int, int, int, int, int, int, int, long, int, int, long, int, int, int, int, int, long) [clone .kd]",4,1,831,70054,70054,28416,256,22528,1104,128,0,64,64,"0x0","0x7c5b0c5469c0",3896082890682,3896082938976,3896083659120,3896083667350,720144
824,"void flash_attn_combine_results<256>(float const*, HIP_vector_type<float, 2u> const*, float*, int) [clone .kd]",4,1,832,70054,70054,6144,256,512,0,20,0,32,64,"0x0","0x7c5b0c546880",3896082893113,3896083659120,3896083680750,3896083683389,21630
825,"void dequantize_block_q4_0<__half>(void const*, __half*, int) [clone .kd]",4,1,834,70054,70054,229376,32,0,0,12,0,16,64,"0x0","0x7c5b0c5d2b80",3896083692728,3896083698231,3896083723120,3896083725856,24889
826,"void dequantize_block_q4_0<__half>(void const*, __half*, int) [clone .kd]",4,1,835,70054,70054,229376,32,0,0,12,0,16,64,"0x0","0x7c5b0c5d2b80",3896083695674,3896083723120,3896083748453,3896083751164,25333
827,"void flash_attn_tile<256, 256, 4, 2, false>(char const*, char const*, char const*, char const*, char const*, int const*, float*, HIP_vector_type<float, 2u>*, float, float, float, float, unsigned int, float, int, HIP_vector_type<unsigned int, 3u>, int, int, int, int, int, int, int, int, int, int, int, long, int, int, long, int, int, int, int, int, long) [clone .kd]",4,1,836,70054,70054,28416,256,22528,1104,128,0,64,64,"0x0","0x7c5b0c5469c0",3896083698198,3896083748453,3896084467857,3896084476104,719404
828,"void flash_attn_combine_results<256>(float const*, HIP_vector_type<float, 2u> const*, float*, int) [clone .kd]",4,1,837,70054,70054,6144,256,512,0,20,0,32,64,"0x0","0x7c5b0c546880",3896083699833,3896084467857,3896084489635,3896084492537,21778
829,"void dequantize_block_q4_0<__half>(void const*, __half*, int) [clone .kd]",4,1,840,70054,70054,229376,32,0,0,12,0,16,64,"0x0","0x7c5b0c5d2b80",3896084502108,3896084510968,3896084535856,3896084538725,24888
830,"void dequantize_block_q4_0<__half>(void const*, __half*, int) [clone .kd]",4,1,841,70054,70054,229376,32,0,0,12,0,16,64,"0x0","0x7c5b0c5d2b80",3896084503685,3896084535856,3896084560893,3896084563577,25037
831,"void flash_attn_tile<256, 256, 4, 2, false>(char const*, char const*, char const*, char const*, char const*, int const*, float*, HIP_vector_type<float, 2u>*, float, float, float, float, unsigned int, float, int, HIP_vector_type<unsigned int, 3u>, int, int, int, int, int, int, int, int, int, int, int, long, int, int, long, int, int, int, int, int, long) [clone .kd]",4,1,842,70054,70054,28416,256,22528,1104,128,0,64,64,"0x0","0x7c5b0c5469c0",3896084505857,3896084560893,3896085291853,3896085300568,730960
832,"void flash_attn_combine_results<256>(float const*, HIP_vector_type<float, 2u> const*, float*, int) [clone .kd]",4,1,843,70054,70054,6144,256,512,0,20,0,32,64,"0x0","0x7c5b0c546880",3896084507777,3896085291853,3896085313778,3896085316546,21925
833,"void dequantize_block_q4_0<__half>(void const*, __half*, int) [clone .kd]",4,1,845,70054,70054,229376,32,0,0,12,0,16,64,"0x0","0x7c5b0c5d2b80",3896085325167,3896085330667,3896085356148,3896085359002,25481
834,"void dequantize_block_q4_0<__half>(void const*, __half*, int) [clone .kd]",4,1,846,70054,70054,229376,32,0,0,12,0,16,64,"0x0","0x7c5b0c5d2b80",3896085328023,3896085356148,3896085381185,3896085383929,25037
835,"void flash_attn_tile<256, 256, 4, 2, false>(char const*, char const*, char const*, char const*, char const*, int const*, float*, HIP_vector_type<float, 2u>*, float, float, float, float, unsigned int, float, int, HIP_vector_type<unsigned int, 3u>, int, int, int, int, int, int, int, int, int, int, int, long, int, int, long, int, int, int, int, int, long) [clone .kd]",4,1,847,70054,70054,28416,256,22528,1104,128,0,64,64,"0x0","0x7c5b0c5469c0",3896085330333,3896085381185,3896086110811,3896086119043,729626
836,"void flash_attn_combine_results<256>(float const*, HIP_vector_type<float, 2u> const*, float*, int) [clone .kd]",4,1,848,70054,70054,6144,256,512,0,20,0,32,64,"0x0","0x7c5b0c546880",3896085331895,3896086110811,3896086133774,3896086136680,22963
837,"void dequantize_block_q4_0<__half>(void const*, __half*, int) [clone .kd]",4,1,851,70054,70054,229376,32,0,0,12,0,16,64,"0x0","0x7c5b0c5d2b80",3896086146379,3896086155255,3896086180292,3896086183240,25037
838,"void dequantize_block_q4_0<__half>(void const*, __half*, int) [clone .kd]",4,1,852,70054,70054,229376,32,0,0,12,0,16,64,"0x0","0x7c5b0c5d2b80",3896086148230,3896086180292,3896086205181,3896086207860,24889
839,"void flash_attn_tile<256, 256, 4, 2, false>(char const*, char const*, char const*, char const*, char const*, int const*, float*, HIP_vector_type<float, 2u>*, float, float, float, float, unsigned int, float, int, HIP_vector_type<unsigned int, 3u>, int, int, int, int, int, int, int, int, int, int, int, long, int, int, long, int, int, int, int, int, long) [clone .kd]",4,1,853,70054,70054,28416,256,22528,1104,128,0,64,64,"0x0","0x7c5b0c5469c0",3896086150402,3896086205181,3896086911992,3896086920137,706811
840,"void flash_attn_combine_results<256>(float const*, HIP_vector_type<float, 2u> const*, float*, int) [clone .kd]",4,1,854,70054,70054,6144,256,512,0,20,0,32,64,"0x0","0x7c5b0c546880",3896086152045,3896086911992,3896086932585,3896086935251,20593
841,"void dequantize_block_q4_0<__half>(void const*, __half*, int) [clone .kd]",4,1,856,70054,70054,229376,32,0,0,12,0,16,64,"0x0","0x7c5b0c5d2b80",3896086943292,3896086948585,3896086971992,3896086974680,23407
842,"void dequantize_block_q4_0<__half>(void const*, __half*, int) [clone .kd]",4,1,857,70054,70054,229376,32,0,0,12,0,16,64,"0x0","0x7c5b0c5d2b80",3896086946150,3896086971992,3896086995695,3896086998310,23703
843,"void flash_attn_tile<256, 256, 4, 2, false>(char const*, char const*, char const*, char const*, char const*, int const*, float*, HIP_vector_type<float, 2u>*, float, float, float, float, unsigned int, float, int, HIP_vector_type<unsigned int, 3u>, int, int, int, int, int, int, int, int, int, int, int, long, int, int, long, int, int, int, int, int, long) [clone .kd]",4,1,858,70054,70054,28416,256,22528,1104,128,0,64,64,"0x0","0x7c5b0c5469c0",3896086948815,3896086995695,3896087713766,3896087721940,718071
844,"void flash_attn_combine_results<256>(float const*, HIP_vector_type<float, 2u> const*, float*, int) [clone .kd]",4,1,859,70054,70054,6144,256,512,0,20,0,32,64,"0x0","0x7c5b0c546880",3896086950767,3896087713766,3896087735840,3896087753867,22074
845,"void dequantize_block_q4_0<__half>(void const*, __half*, int) [clone .kd]",4,1,862,70054,70054,229376,32,0,0,12,0,16,64,"0x0","0x7c5b0c5d2b80",3896087759081,3896087767247,3896087792284,3896087795082,25037
846,"void dequantize_block_q4_0<__half>(void const*, __half*, int) [clone .kd]",4,1,863,70054,70054,229376,32,0,0,12,0,16,64,"0x0","0x7c5b0c5d2b80",3896087761099,3896087792284,3896087817024,3896087820016,24740
847,"void flash_attn_tile<256, 256, 4, 2, false>(char const*, char const*, char const*, char const*, char const*, int const*, float*, HIP_vector_type<float, 2u>*, float, float, float, float, unsigned int, float, int, HIP_vector_type<unsigned int, 3u>, int, int, int, int, int, int, int, int, int, int, int, long, int, int, long, int, int, int, int, int, long) [clone .kd]",4,1,864,70054,70054,28416,256,22528,1104,128,0,64,64,"0x0","0x7c5b0c5469c0",3896087763568,3896087817024,3896088529169,3896088537967,712145
848,"void flash_attn_combine_results<256>(float const*, HIP_vector_type<float, 2u> const*, float*, int) [clone .kd]",4,1,865,70054,70054,6144,256,512,0,20,0,32,64,"0x0","0x7c5b0c546880",3896087765366,3896088529169,3896088550502,3896088553318,21333
849,"void dequantize_block_q4_0<__half>(void const*, __half*, int) [clone .kd]",4,1,867,70054,70054,229376,32,0,0,12,0,16,64,"0x0","0x7c5b0c5d2b80",3896088562578,3896088567835,3896088593169,3896088596105,25334
850,"void dequantize_block_q4_0<__half>(void const*, __half*, int) [clone .kd]",4,1,868,70054,70054,229376,32,0,0,12,0,16,64,"0x0","0x7c5b0c5d2b80",3896088565347,3896088593169,3896088618354,3896088621149,25185
851,"void flash_attn_tile<256, 256, 4, 2, false>(char const*, char const*, char const*, char const*, char const*, int const*, float*, HIP_vector_type<float, 2u>*, float, float, float, float, unsigned int, float, int, HIP_vector_type<unsigned int, 3u>, int, int, int, int, int, int, int, int, int, int, int, long, int, int, long, int, int, int, int, int, long) [clone .kd]",4,1,869,70054,70054,28416,256,22528,1104,128,0,64,64,"0x0","0x7c5b0c5469c0",3896088567666,3896088618354,3896089341016,3896089349760,722662
852,"void flash_attn_combine_results<256>(float const*, HIP_vector_type<float, 2u> const*, float*, int) [clone .kd]",4,1,870,70054,70054,6144,256,512,0,20,0,32,64,"0x0","0x7c5b0c546880",3896088569408,3896089341016,3896089362794,3896089365598,21778
853,"void dequantize_block_q4_0<__half>(void const*, __half*, int) [clone .kd]",4,1,873,70054,70054,229376,32,0,0,12,0,16,64,"0x0","0x7c5b0c5d2b80",3896089374867,3896089383535,3896089408868,3896089411813,25333
854,"void dequantize_block_q4_0<__half>(void const*, __half*, int) [clone .kd]",4,1,874,70054,70054,229376,32,0,0,12,0,16,64,"0x0","0x7c5b0c5d2b80",3896089376725,3896089408868,3896089433757,3896089436797,24889
855,"void flash_attn_tile<256, 256, 4, 2, false>(char const*, char const*, char const*, char const*, char const*, int const*, float*, HIP_vector_type<float, 2u>*, float, float, float, float, unsigned int, float, int, HIP_vector_type<unsigned int, 3u>, int, int, int, int, int, int, int, int, int, int, int, long, int, int, long, int, int, int, int, int, long) [clone .kd]",4,1,875,70054,70054,28416,256,22528,1104,128,0,64,64,"0x0","0x7c5b0c5469c0",3896089378844,3896089433757,3896090154938,3896090163471,721181
856,"void flash_attn_combine_results<256>(float const*, HIP_vector_type<float, 2u> const*, float*, int) [clone .kd]",4,1,876,70054,70054,6144,256,512,0,20,0,32,64,"0x0","0x7c5b0c546880",3896089380704,3896090154938,3896090176864,3896090179748,21926
857,"void dequantize_block_q4_0<__half>(void const*, __half*, int) [clone .kd]",4,1,878,70054,70054,229376,32,0,0,12,0,16,64,"0x0","0x7c5b0c5d2b80",3896090188021,3896090193012,3896090218197,3896090220964,25185
858,"void dequantize_block_q4_0<__half>(void const*, __half*, int) [clone .kd]",4,1,879,70054,70054,229376,32,0,0,12,0,16,64,"0x0","0x7c5b0c5d2b80",3896090190571,3896090218197,3896090243234,3896090246108,25037
859,"void flash_attn_tile<256, 256, 4, 2, false>(char const*, char const*, char const*, char const*, char const*, int const*, float*, HIP_vector_type<float, 2u>*, float, float, float, float, unsigned int, float, int, HIP_vector_type<unsigned int, 3u>, int, int, int, int, int, int, int, int, int, int, int, long, int, int, long, int, int, int, int, int, long) [clone .kd]",4,1,880,70054,70054,28416,256,22528,1104,128,0,64,64,"0x0","0x7c5b0c5469c0",3896090192951,3896090243234,3896090946341,3896090954211,703107
860,"void flash_attn_combine_results<256>(float const*, HIP_vector_type<float, 2u> const*, float*, int) [clone .kd]",4,1,881,70054,70054,6144,256,512,0,20,0,32,64,"0x0","0x7c5b0c546880",3896090194598,3896090946341,3896090966786,3896090969621,20445
861,"void dequantize_block_q4_0<__half>(void const*, __half*, int) [clone .kd]",4,1,884,70054,70054,229376,32,0,0,12,0,16,64,"0x0","0x7c5b0c5d2b80",3896090979064,3896090987378,3896091011230,3896091014195,23852
862,"void dequantize_block_q4_0<__half>(void const*, __half*, int) [clone .kd]",4,1,885,70054,70054,229376,32,0,0,12,0,16,64,"0x0","0x7c5b0c5d2b80",3896090980569,3896091011230,3896091034934,3896091037945,23704
863,"void flash_attn_tile<256, 256, 4, 2, false>(char const*, char const*, char const*, char const*, char const*, int const*, float*, HIP_vector_type<float, 2u>*, float, float, float, float, unsigned int, float, int, HIP_vector_type<unsigned int, 3u>, int, int, int, int, int, int, int, int, int, int, int, long, int, int, long, int, int, int, int, int, long) [clone .kd]",4,1,886,70054,70054,28416,256,22528,1104,128,0,64,64,"0x0","0x7c5b0c5469c0",3896090982788,3896091034934,3896091745004,3896091753195,710070
864,"void flash_attn_combine_results<256>(float const*, HIP_vector_type<float, 2u> const*, float*, int) [clone .kd]",4,1,887,70054,70054,6144,256,512,0,20,0,32,64,"0x0","0x7c5b0c546880",3896090984528,3896091745004,3896091766337,3896091769243,21333
865,"void dequantize_block_q4_0<__half>(void const*, __half*, int) [clone .kd]",4,1,889,70054,70054,229376,32,0,0,12,0,16,64,"0x0","0x7c5b0c5d2b80",3896091777904,3896091782930,3896091807818,3896091810726,24888
866,"void dequantize_block_q4_0<__half>(void const*, __half*, int) [clone .kd]",4,1,890,70054,70054,229376,32,0,0,12,0,16,64,"0x0","0x7c5b0c5d2b80",3896091780475,3896091807818,3896091833003,3896091835922,25185
867,"void flash_attn_tile<256, 256, 4, 2, false>(char const*, char const*, char const*, char const*, char const*, int const*, float*, HIP_vector_type<float, 2u>*, float, float, float, float, unsigned int, float, int, HIP_vector_type<unsigned int, 3u>, int, int, int, int, int, int, int, int, int, int, int, long, int, int, long, int, int, int, int, int, long) [clone .kd]",4,1,891,70054,70054,28416,256,22528,1104,128,0,64,64,"0x0","0x7c5b0c5469c0",3896091782680,3896091833003,3896092547518,3896092555974,714515
868,"void flash_attn_combine_results<256>(float const*, HIP_vector_type<float, 2u> const*, float*, int) [clone .kd]",4,1,892,70054,70054,6144,256,512,0,20,0,32,64,"0x0","0x7c5b0c546880",3896091784445,3896092547518,3896092569148,3896092572108,21630
869,"void dequantize_block_q4_0<__half>(void const*, __half*, int) [clone .kd]",4,1,895,70054,70054,229376,32,0,0,12,0,16,64,"0x0","0x7c5b0c5d2b80",3896092581889,3896092590481,3896092615370,3896092618421,24889
870,"void dequantize_block_q4_0<__half>(void const*, __half*, int) [clone .kd]",4,1,896,70054,70054,229376,32,0,0,12,0,16,64,"0x0","0x7c5b0c5d2b80",3896092583653,3896092615370,3896092640258,3896092643346,24888
871,"void flash_attn_tile<256, 256, 4, 2, false>(char const*, char const*, char const*, char const*, char const*, int const*, float*, HIP_vector_type<float, 2u>*, float, float, float, float, unsigned int, float, int, HIP_vector_type<unsigned int, 3u>, int, int, int, int, int, int, int, int, int, int, int, long, int, int, long, int, int, int, int, int, long) [clone .kd]",4,1,897,70054,70054,28416,256,22528,1104,128,0,64,64,"0x0","0x7c5b0c5469c0",3896092585901,3896092640258,3896093360255,3896093396590,719997
872,"void flash_attn_combine_results<256>(float const*, HIP_vector_type<float, 2u> const*, float*, int) [clone .kd]",4,1,898,70054,70054,6144,256,512,0,20,0,32,64,"0x0","0x7c5b0c546880",3896092587529,3896093360255,3896093381588,3896093394418,21333
873,"void dequantize_block_q4_0<__half>(void const*, __half*, int) [clone .kd]",4,1,900,70054,70054,229376,32,0,0,12,0,16,64,"0x0","0x7c5b0c5d2b80",3896093401023,3896093406180,3896093431069,3896093434200,24889
874,"void dequantize_block_q4_0<__half>(void const*, __half*, int) [clone .kd]",4,1,901,70054,70054,229376,32,0,0,12,0,16,64,"0x0","0x7c5b0c5d2b80",3896093404034,3896093431069,3896093456106,3896093458923,25037
875,"void flash_attn_tile<256, 256, 4, 2, false>(char const*, char const*, char const*, char const*, char const*, int const*, float*, HIP_vector_type<float, 2u>*, float, float, float, float, unsigned int, float, int, HIP_vector_type<unsigned int, 3u>, int, int, int, int, int, int, int, int, int, int, int, long, int, int, long, int, int, int, int, int, long) [clone .kd]",4,1,902,70054,70054,28416,256,22528,1104,128,0,64,64,"0x0","0x7c5b0c5469c0",3896093406551,3896093456106,3896094179065,3896094187588,722959
876,"void flash_attn_combine_results<256>(float const*, HIP_vector_type<float, 2u> const*, float*, int) [clone .kd]",4,1,903,70054,70054,6144,256,512,0,20,0,32,64,"0x0","0x7c5b0c546880",3896093408272,3896094179065,3896094200695,3896094203611,21630
877,"void dequantize_block_q4_0<__half>(void const*, __half*, int) [clone .kd]",4,1,906,70054,70054,229376,32,0,0,12,0,16,64,"0x0","0x7c5b0c5d2b80",3896094213364,3896094221732,3896094246620,3896094249673,24888
878,"void dequantize_block_q4_0<__half>(void const*, __half*, int) [clone .kd]",4,1,907,70054,70054,229376,32,0,0,12,0,16,64,"0x0","0x7c5b0c5d2b80",3896094214885,3896094246620,3896094271657,3896094274722,25037
879,"void flash_attn_tile<256, 256, 4, 2, false>(char const*, char const*, char const*, char const*, char const*, int const*, float*, HIP_vector_type<float, 2u>*, float, float, float, float, unsigned int, float, int, HIP_vector_type<unsigned int, 3u>, int, int, int, int, int, int, int, int, int, int, int, long, int, int, long, int, int, int, int, int, long) [clone .kd]",4,1,908,70054,70054,28416,256,22528,1104,128,0,64,64,"0x0","0x7c5b0c5469c0",3896094217045,3896094271657,3896094977728,3896094985647,706071
880,"void flash_attn_combine_results<256>(float const*, HIP_vector_type<float, 2u> const*, float*, int) [clone .kd]",4,1,909,70054,70054,6144,256,512,0,20,0,32,64,"0x0","0x7c5b0c546880",3896094219001,3896094977728,3896094998765,3896095001790,21037
