"Index","KernelName","gpu-id","queue-id","queue-index","pid","tid","grd","wgr","lds","scr","arch_vgpr","accum_vgpr","sgpr","wave_size","sig","obj","DispatchNs","BeginNs","EndNs","CompleteNs","DurationNs"
0,"__amd_rocclr_fillBufferAligned.kd",4,0,0,70325,70325,3584,256,0,0,12,0,32,64,"0x0","0x70100b2ed740",3898469545382,3898469616512,3898469624215,3898469634717,7703
1,"void dequantize_block_q4_0<__half>(void const*, __half*, int) [clone .kd]",4,1,0,70325,70325,229376,32,0,0,12,0,16,64,"0x0","0x700f9d5d2b80",3898472688551,3898472703817,3898472727520,3898472729849,23703
2,"void dequantize_block_q4_0<__half>(void const*, __half*, int) [clone .kd]",4,1,1,70325,70325,229376,32,0,0,12,0,16,64,"0x0","0x700f9d5d2b80",3898472696473,3898472727520,3898472750334,3898472752098,22814
3,"void flash_attn_tile<256, 256, 4, 2, false>(char const*, char const*, char const*, char const*, char const*, int const*, float*, HIP_vector_type<float, 2u>*, float, float, float, float, unsigned int, float, int, HIP_vector_type<unsigned int, 3u>, int, int, int, int, int, int, int, int, int, int, int, long, int, int, long, int, int, int, int, int, long) [clone .kd]",4,1,2,70325,70325,28416,256,22528,1104,128,0,64,64,"0x0","0x70100b2a69c0",3898473393296,3898473815188,3898474488351,3898475169906,673163
4,"void flash_attn_combine_results<256>(float const*, HIP_vector_type<float, 2u> const*, float*, int) [clone .kd]",4,1,3,70325,70325,6144,256,512,0,20,0,32,64,"0x0","0x70100b2a6880",3898473399237,3898474488351,3898474509239,3898475182739,20888
5,"void dequantize_block_q4_0<__half>(void const*, __half*, int) [clone .kd]",4,1,4,70325,70325,229376,32,0,0,12,0,16,64,"0x0","0x700f9d5d2b80",3898473403340,3898474509239,3898474532646,3898475187078,23407
6,"void dequantize_block_q4_0<__half>(void const*, __half*, int) [clone .kd]",4,1,5,70325,70325,229376,32,0,0,12,0,16,64,"0x0","0x700f9d5d2b80",3898473406350,3898474532646,3898474555608,3898475190865,22962
7,"void flash_attn_tile<256, 256, 4, 6, false>(char const*, char const*, char const*, char const*, char const*, int const*, float*, HIP_vector_type<float, 2u>*, float, float, float, float, unsigned int, float, int, HIP_vector_type<unsigned int, 3u>, int, int, int, int, int, int, int, int, int, int, int, long, int, int, long, int, int, int, int, int, long) [clone .kd]",4,1,6,70325,70325,21504,384,32768,1432,128,0,48,64,"0x0","0x70100b2a6a40",3898473427004,3898475360174,3898475878083,3898475923459,517909
8,"void flash_attn_combine_results<256>(float const*, HIP_vector_type<float, 2u> const*, float*, int) [clone .kd]",4,1,7,70325,70325,6144,256,512,0,20,0,32,64,"0x0","0x70100b2a6880",3898473429669,3898475950673,3898475977635,3898475998451,26962
9,"void dequantize_block_q4_0<__half>(void const*, __half*, int) [clone .kd]",4,1,8,70325,70325,229376,32,0,0,12,0,16,64,"0x0","0x700f9d5d2b80",3898473432164,3898475977635,3898476000894,3898476007898,23259
10,"void dequantize_block_q4_0<__half>(void const*, __half*, int) [clone .kd]",4,1,9,70325,70325,229376,32,0,0,12,0,16,64,"0x0","0x700f9d5d2b80",3898473434603,3898476000894,3898476023708,3898476077708,22814
11,"void flash_attn_tile<256, 256, 4, 2, false>(char const*, char const*, char const*, char const*, char const*, int const*, float*, HIP_vector_type<float, 2u>*, float, float, float, float, unsigned int, float, int, HIP_vector_type<unsigned int, 3u>, int, int, int, int, int, int, int, int, int, int, int, long, int, int, long, int, int, int, int, int, long) [clone .kd]",4,1,10,70325,70325,28416,256,22528,1104,128,0,64,64,"0x0","0x70100b2a69c0",3898473437430,3898476233627,3898476919086,3898476963190,685459
12,"void flash_attn_combine_results<256>(float const*, HIP_vector_type<float, 2u> const*, float*, int) [clone .kd]",4,1,11,70325,70325,6144,256,512,0,20,0,32,64,"0x0","0x70100b2a6880",3898473439475,3898476919086,3898476940863,3898476968706,21777
13,"void dequantize_block_q4_0<__half>(void const*, __half*, int) [clone .kd]",4,1,12,70325,70325,229376,32,0,0,12,0,16,64,"0x0","0x700f9d5d2b80",3898473441357,3898476940863,3898476964566,3898476972206,23703
14,"void dequantize_block_q4_0<__half>(void const*, __half*, int) [clone .kd]",4,1,13,70325,70325,229376,32,0,0,12,0,16,64,"0x0","0x700f9d5d2b80",3898473442917,3898476964566,3898476987676,3898477048527,23110
15,"void flash_attn_tile<256, 256, 4, 6, false>(char const*, char const*, char const*, char const*, char const*, int const*, float*, HIP_vector_type<float, 2u>*, float, float, float, float, unsigned int, float, int, HIP_vector_type<unsigned int, 3u>, int, int, int, int, int, int, int, int, int, int, int, long, int, int, long, int, int, int, int, int, long) [clone .kd]",4,1,14,70325,70325,21504,384,32768,1432,128,0,48,64,"0x0","0x70100b2a6a40",3898473445643,3898477198188,3898477737726,3898477771002,539538
16,"void flash_attn_combine_results<256>(float const*, HIP_vector_type<float, 2u> const*, float*, int) [clone .kd]",4,1,15,70325,70325,6144,256,512,0,20,0,32,64,"0x0","0x70100b2a6880",3898473447686,3898477790020,3898477817871,3898477826858,27851
17,"void dequantize_block_q4_0<__half>(void const*, __half*, int) [clone .kd]",4,1,16,70325,70325,229376,32,0,0,12,0,16,64,"0x0","0x700f9d5d2b80",3898473449543,3898477817871,3898477841426,3898477857808,23555
18,"void dequantize_block_q4_0<__half>(void const*, __half*, int) [clone .kd]",4,1,17,70325,70325,229376,32,0,0,12,0,16,64,"0x0","0x700f9d5d2b80",3898473451391,3898477841426,3898477864388,3898477888420,22962
19,"void flash_attn_tile<256, 256, 4, 2, false>(char const*, char const*, char const*, char const*, char const*, int const*, float*, HIP_vector_type<float, 2u>*, float, float, float, float, unsigned int, float, int, HIP_vector_type<unsigned int, 3u>, int, int, int, int, int, int, int, int, int, int, int, long, int, int, long, int, int, int, int, int, long) [clone .kd]",4,1,18,70325,70325,28416,256,22528,1104,128,0,64,64,"0x0","0x70100b2a69c0",3898473453786,3898478074455,3898478768803,3898478802034,694348
20,"void flash_attn_combine_results<256>(float const*, HIP_vector_type<float, 2u> const*, float*, int) [clone .kd]",4,1,19,70325,70325,6144,256,512,0,20,0,32,64,"0x0","0x70100b2a6880",3898473455617,3898478768803,3898478790580,3898478811208,21777
21,"void dequantize_block_q4_0<__half>(void const*, __half*, int) [clone .kd]",4,1,20,70325,70325,229376,32,0,0,12,0,16,64,"0x0","0x700f9d5d2b80",3898473457448,3898478790580,3898478813838,3898478840807,23258
22,"void dequantize_block_q4_0<__half>(void const*, __half*, int) [clone .kd]",4,1,21,70325,70325,229376,32,0,0,12,0,16,64,"0x0","0x700f9d5d2b80",3898473459075,3898478813838,3898478836801,3898478842550,22963
23,"void flash_attn_tile<256, 256, 4, 6, false>(char const*, char const*, char const*, char const*, char const*, int const*, float*, HIP_vector_type<float, 2u>*, float, float, float, float, unsigned int, float, int, HIP_vector_type<unsigned int, 3u>, int, int, int, int, int, int, int, int, int, int, int, long, int, int, long, int, int, int, int, int, long) [clone .kd]",4,1,22,70325,70325,21504,384,32768,1432,128,0,48,64,"0x0","0x70100b2a6a40",3898473461468,3898479047016,3898479583146,3898479616023,536130
24,"void flash_attn_combine_results<256>(float const*, HIP_vector_type<float, 2u> const*, float*, int) [clone .kd]",4,1,23,70325,70325,6144,256,512,0,20,0,32,64,"0x0","0x70100b2a6880",3898473463369,3898479645811,3898479672921,3898479682317,27110
25,"void dequantize_block_q4_0<__half>(void const*, __half*, int) [clone .kd]",4,1,24,70325,70325,229376,32,0,0,12,0,16,64,"0x0","0x700f9d5d2b80",3898473465200,3898479672921,3898479696624,3898479710621,23703
26,"void dequantize_block_q4_0<__half>(void const*, __half*, int) [clone .kd]",4,1,25,70325,70325,229376,32,0,0,12,0,16,64,"0x0","0x700f9d5d2b80",3898473466905,3898479696624,3898479719735,3898479738458,23111
27,"void flash_attn_tile<256, 256, 4, 2, false>(char const*, char const*, char const*, char const*, char const*, int const*, float*, HIP_vector_type<float, 2u>*, float, float, float, float, unsigned int, float, int, HIP_vector_type<unsigned int, 3u>, int, int, int, int, int, int, int, int, int, int, int, long, int, int, long, int, int, int, int, int, long) [clone .kd]",4,1,26,70325,70325,28416,256,22528,1104,128,0,64,64,"0x0","0x70100b2a69c0",3898473469253,3898479929505,3898480618075,3898480650948,688570
28,"void flash_attn_combine_results<256>(float const*, HIP_vector_type<float, 2u> const*, float*, int) [clone .kd]",4,1,27,70325,70325,6144,256,512,0,20,0,32,64,"0x0","0x70100b2a6880",3898473470989,3898480618075,3898480639556,3898480654373,21481
29,"void dequantize_block_q4_0<__half>(void const*, __half*, int) [clone .kd]",4,1,28,70325,70325,229376,32,0,0,12,0,16,64,"0x0","0x700f9d5d2b80",3898473472813,3898480639556,3898480663111,3898480685427,23555
30,"void dequantize_block_q4_0<__half>(void const*, __half*, int) [clone .kd]",4,1,29,70325,70325,229376,32,0,0,12,0,16,64,"0x0","0x700f9d5d2b80",3898473474417,3898480663111,3898480686221,3898480713972,23110
31,"void flash_attn_tile<256, 256, 4, 6, false>(char const*, char const*, char const*, char const*, char const*, int const*, float*, HIP_vector_type<float, 2u>*, float, float, float, float, unsigned int, float, int, HIP_vector_type<unsigned int, 3u>, int, int, int, int, int, int, int, int, int, int, int, long, int, int, long, int, int, int, int, int, long) [clone .kd]",4,1,30,70325,70325,21504,384,32768,1432,128,0,48,64,"0x0","0x70100b2a6a40",3898473477024,3898480896585,3898481418642,3898481451348,522057
32,"void flash_attn_combine_results<256>(float const*, HIP_vector_type<float, 2u> const*, float*, int) [clone .kd]",4,1,31,70325,70325,6144,256,512,0,20,0,32,64,"0x0","0x70100b2a6880",3898473480004,3898481486936,3898481514490,3898481524301,27554
33,"void dequantize_block_q4_0<__half>(void const*, __half*, int) [clone .kd]",4,1,32,70325,70325,229376,32,0,0,12,0,16,64,"0x0","0x700f9d5d2b80",3898473482096,3898481514490,3898481538045,3898481552930,23555
34,"void dequantize_block_q4_0<__half>(void const*, __half*, int) [clone .kd]",4,1,33,70325,70325,229376,32,0,0,12,0,16,64,"0x0","0x700f9d5d2b80",3898473484235,3898481538045,3898481561452,3898481581091,23407
35,"void flash_attn_tile<256, 256, 4, 2, false>(char const*, char const*, char const*, char const*, char const*, int const*, float*, HIP_vector_type<float, 2u>*, float, float, float, float, unsigned int, float, int, HIP_vector_type<unsigned int, 3u>, int, int, int, int, int, int, int, int, int, int, int, long, int, int, long, int, int, int, int, int, long) [clone .kd]",4,1,34,70325,70325,28416,256,22528,1104,128,0,64,64,"0x0","0x70100b2a69c0",3898473486892,3898481771371,3898482457126,3898482490005,685755
36,"void flash_attn_combine_results<256>(float const*, HIP_vector_type<float, 2u> const*, float*, int) [clone .kd]",4,1,35,70325,70325,6144,256,512,0,20,0,32,64,"0x0","0x70100b2a6880",3898473489039,3898482457126,3898482478311,3898482493370,21185
37,"void dequantize_block_q4_0<__half>(void const*, __half*, int) [clone .kd]",4,1,36,70325,70325,229376,32,0,0,12,0,16,64,"0x0","0x700f9d5d2b80",3898473491451,3898482478311,3898482501717,3898482522334,23406
38,"void dequantize_block_q4_0<__half>(void const*, __half*, int) [clone .kd]",4,1,37,70325,70325,229376,32,0,0,12,0,16,64,"0x0","0x700f9d5d2b80",3898473493275,3898482501717,3898482524976,3898482552879,23259
39,"void flash_attn_tile<256, 256, 4, 6, false>(char const*, char const*, char const*, char const*, char const*, int const*, float*, HIP_vector_type<float, 2u>*, float, float, float, float, unsigned int, float, int, HIP_vector_type<unsigned int, 3u>, int, int, int, int, int, int, int, int, int, int, int, long, int, int, long, int, int, int, int, int, long) [clone .kd]",4,1,38,70325,70325,21504,384,32768,1432,128,0,48,64,"0x0","0x70100b2a6a40",3898473495906,3898482743635,3898483269100,3898483301300,525465
40,"void flash_attn_combine_results<256>(float const*, HIP_vector_type<float, 2u> const*, float*, int) [clone .kd]",4,1,39,70325,70325,6144,256,512,0,20,0,32,64,"0x0","0x70100b2a6880",3898473497959,3898483313691,3898483342579,3898483351414,28888
41,"void dequantize_block_q4_0<__half>(void const*, __half*, int) [clone .kd]",4,1,40,70325,70325,229376,32,0,0,12,0,16,64,"0x0","0x700f9d5d2b80",3898473500195,3898483342579,3898483367319,3898483378866,24740
42,"void dequantize_block_q4_0<__half>(void const*, __half*, int) [clone .kd]",4,1,41,70325,70325,229376,32,0,0,12,0,16,64,"0x0","0x700f9d5d2b80",3898473502162,3898483367319,3898483391910,3898483406427,24591
43,"void flash_attn_tile<256, 256, 4, 2, false>(char const*, char const*, char const*, char const*, char const*, int const*, float*, HIP_vector_type<float, 2u>*, float, float, float, float, unsigned int, float, int, HIP_vector_type<unsigned int, 3u>, int, int, int, int, int, int, int, int, int, int, int, long, int, int, long, int, int, int, int, int, long) [clone .kd]",4,1,42,70325,70325,28416,256,22528,1104,128,0,64,64,"0x0","0x70100b2a69c0",3898473505016,3898483615014,3898484304473,3898484336497,689459
44,"void flash_attn_combine_results<256>(float const*, HIP_vector_type<float, 2u> const*, float*, int) [clone .kd]",4,1,43,70325,70325,6144,256,512,0,20,0,32,64,"0x0","0x70100b2a6880",3898473507042,3898484304473,3898484325954,3898484339476,21481
45,"void dequantize_block_q4_0<__half>(void const*, __half*, int) [clone .kd]",4,1,44,70325,70325,229376,32,0,0,12,0,16,64,"0x0","0x700f9d5d2b80",3898473509205,3898484325954,3898484349360,3898484367269,23406
46,"void dequantize_block_q4_0<__half>(void const*, __half*, int) [clone .kd]",4,1,45,70325,70325,229376,32,0,0,12,0,16,64,"0x0","0x700f9d5d2b80",3898473511060,3898484349360,3898484372174,3898484394857,22814
47,"void flash_attn_tile<256, 256, 4, 6, false>(char const*, char const*, char const*, char const*, char const*, int const*, float*, HIP_vector_type<float, 2u>*, float, float, float, float, unsigned int, float, int, HIP_vector_type<unsigned int, 3u>, int, int, int, int, int, int, int, int, int, int, int, long, int, int, long, int, int, int, int, int, long) [clone .kd]",4,1,46,70325,70325,21504,384,32768,1432,128,0,48,64,"0x0","0x70100b2a6a40",3898473513856,3898484582538,3898485118372,3898485150066,535834
48,"void flash_attn_combine_results<256>(float const*, HIP_vector_type<float, 2u> const*, float*, int) [clone .kd]",4,1,47,70325,70325,6144,256,512,0,20,0,32,64,"0x0","0x70100b2a6880",3898473515646,3898485180889,3898485207554,3898485216744,26665
49,"void dequantize_block_q4_0<__half>(void const*, __half*, int) [clone .kd]",4,1,48,70325,70325,229376,32,0,0,12,0,16,64,"0x0","0x700f9d5d2b80",3898473517521,3898485207554,3898485231109,3898485244056,23555
50,"void dequantize_block_q4_0<__half>(void const*, __half*, int) [clone .kd]",4,1,49,70325,70325,229376,32,0,0,12,0,16,64,"0x0","0x700f9d5d2b80",3898473519528,3898485231109,3898485254368,3898485270386,23259
51,"void flash_attn_tile<256, 256, 4, 2, false>(char const*, char const*, char const*, char const*, char const*, int const*, float*, HIP_vector_type<float, 2u>*, float, float, float, float, unsigned int, float, int, HIP_vector_type<unsigned int, 3u>, int, int, int, int, int, int, int, int, int, int, int, long, int, int, long, int, int, int, int, int, long) [clone .kd]",4,1,50,70325,70325,28416,256,22528,1104,128,0,64,64,"0x0","0x70100b2a69c0",3898473522114,3898485464583,3898486174338,3898486205395,709755
52,"void flash_attn_combine_results<256>(float const*, HIP_vector_type<float, 2u> const*, float*, int) [clone .kd]",4,1,51,70325,70325,6144,256,512,0,20,0,32,64,"0x0","0x70100b2a6880",3898473524197,3898486174338,3898486195374,3898486208324,21036
53,"void dequantize_block_q4_0<__half>(void const*, __half*, int) [clone .kd]",4,1,52,70325,70325,229376,32,0,0,12,0,16,64,"0x0","0x700f9d5d2b80",3898473526065,3898486195374,3898486218781,3898486236010,23407
54,"void dequantize_block_q4_0<__half>(void const*, __half*, int) [clone .kd]",4,1,53,70325,70325,229376,32,0,0,12,0,16,64,"0x0","0x700f9d5d2b80",3898473528018,3898486218781,3898486241595,3898486262823,22814
55,"void flash_attn_tile<256, 256, 4, 6, false>(char const*, char const*, char const*, char const*, char const*, int const*, float*, HIP_vector_type<float, 2u>*, float, float, float, float, unsigned int, float, int, HIP_vector_type<unsigned int, 3u>, int, int, int, int, int, int, int, int, int, int, int, long, int, int, long, int, int, int, int, int, long) [clone .kd]",4,1,54,70325,70325,21504,384,32768,1432,128,0,48,64,"0x0","0x70100b2a6a40",3898473531028,3898486451958,3898486989570,3898487024911,537612
56,"void flash_attn_combine_results<256>(float const*, HIP_vector_type<float, 2u> const*, float*, int) [clone .kd]",4,1,55,70325,70325,6144,256,512,0,20,0,32,64,"0x0","0x70100b2a6880",3898473533046,3898487042605,3898487070160,3898487079278,27555
57,"void dequantize_block_q4_0<__half>(void const*, __half*, int) [clone .kd]",4,1,56,70325,70325,229376,32,0,0,12,0,16,64,"0x0","0x700f9d5d2b80",3898473534933,3898487070160,3898487093715,3898487107811,23555
58,"void dequantize_block_q4_0<__half>(void const*, __half*, int) [clone .kd]",4,1,57,70325,70325,229376,32,0,0,12,0,16,64,"0x0","0x700f9d5d2b80",3898473536966,3898487093715,3898487116529,3898487134777,22814
59,"void flash_attn_tile<256, 256, 4, 2, false>(char const*, char const*, char const*, char const*, char const*, int const*, float*, HIP_vector_type<float, 2u>*, float, float, float, float, unsigned int, float, int, HIP_vector_type<unsigned int, 3u>, int, int, int, int, int, int, int, int, int, int, int, long, int, int, long, int, int, int, int, int, long) [clone .kd]",4,1,58,70325,70325,28416,256,22528,1104,128,0,64,64,"0x0","0x70100b2a69c0",3898473541250,3898487326300,3898488021981,3898488053950,695681
60,"void flash_attn_combine_results<256>(float const*, HIP_vector_type<float, 2u> const*, float*, int) [clone .kd]",4,1,59,70325,70325,6144,256,512,0,20,0,32,64,"0x0","0x70100b2a6880",3898473543287,3898488021981,3898488043461,3898488057023,21480
61,"void dequantize_block_q4_0<__half>(void const*, __half*, int) [clone .kd]",4,1,60,70325,70325,229376,32,0,0,12,0,16,64,"0x0","0x700f9d5d2b80",3898473545525,3898488043461,3898488066720,3898488084586,23259
62,"void dequantize_block_q4_0<__half>(void const*, __half*, int) [clone .kd]",4,1,61,70325,70325,229376,32,0,0,12,0,16,64,"0x0","0x700f9d5d2b80",3898473547191,3898488066720,3898488089830,3898488111075,23110
63,"void flash_attn_tile<256, 256, 4, 6, false>(char const*, char const*, char const*, char const*, char const*, int const*, float*, HIP_vector_type<float, 2u>*, float, float, float, float, unsigned int, float, int, HIP_vector_type<unsigned int, 3u>, int, int, int, int, int, int, int, int, int, int, int, long, int, int, long, int, int, int, int, int, long) [clone .kd]",4,1,62,70325,70325,21504,384,32768,1432,128,0,48,64,"0x0","0x70100b2a6a40",3898473549767,3898488300046,3898488840028,3898488869957,539982
64,"void flash_attn_combine_results<256>(float const*, HIP_vector_type<float, 2u> const*, float*, int) [clone .kd]",4,1,63,70325,70325,6144,256,512,0,20,0,32,64,"0x0","0x70100b2a6880",3898473551705,3898488890100,3898488918248,3898488927564,28148
65,"void dequantize_block_q4_0<__half>(void const*, __half*, int) [clone .kd]",4,1,64,70325,70325,229376,32,0,0,12,0,16,64,"0x0","0x700f9d5d2b80",3898473553973,3898488918248,3898488941802,3898488954560,23554
66,"void dequantize_block_q4_0<__half>(void const*, __half*, int) [clone .kd]",4,1,65,70325,70325,229376,32,0,0,12,0,16,64,"0x0","0x700f9d5d2b80",3898473556181,3898488941802,3898488964913,3898488982214,23111
67,"void flash_attn_tile<256, 256, 4, 2, false>(char const*, char const*, char const*, char const*, char const*, int const*, float*, HIP_vector_type<float, 2u>*, float, float, float, float, unsigned int, float, int, HIP_vector_type<unsigned int, 3u>, int, int, int, int, int, int, int, int, int, int, int, long, int, int, long, int, int, int, int, int, long) [clone .kd]",4,1,66,70325,70325,28416,256,22528,1104,128,0,64,64,"0x0","0x70100b2a69c0",3898473558838,3898489174684,3898489871401,3898489902195,696717
68,"void flash_attn_combine_results<256>(float const*, HIP_vector_type<float, 2u> const*, float*, int) [clone .kd]",4,1,67,70325,70325,6144,256,512,0,20,0,32,64,"0x0","0x70100b2a6880",3898473560886,3898489871401,3898489892438,3898489905216,21037
69,"void dequantize_block_q4_0<__half>(void const*, __half*, int) [clone .kd]",4,1,68,70325,70325,229376,32,0,0,12,0,16,64,"0x0","0x700f9d5d2b80",3898473562914,3898489892438,3898489915844,3898489932097,23406
70,"void dequantize_block_q4_0<__half>(void const*, __half*, int) [clone .kd]",4,1,69,70325,70325,229376,32,0,0,12,0,16,64,"0x0","0x700f9d5d2b80",3898473564814,3898489915844,3898489938807,3898489958234,22963
71,"void flash_attn_tile<256, 256, 4, 6, false>(char const*, char const*, char const*, char const*, char const*, int const*, float*, HIP_vector_type<float, 2u>*, float, float, float, float, unsigned int, float, int, HIP_vector_type<unsigned int, 3u>, int, int, int, int, int, int, int, int, int, int, int, long, int, int, long, int, int, int, int, int, long) [clone .kd]",4,1,70,70325,70325,21504,384,32768,1432,128,0,48,64,"0x0","0x70100b2a6a40",3898473567185,3898490149022,3898490684708,3898490715777,535686
72,"void flash_attn_combine_results<256>(float const*, HIP_vector_type<float, 2u> const*, float*, int) [clone .kd]",4,1,71,70325,70325,6144,256,512,0,20,0,32,64,"0x0","0x70100b2a6880",3898473569278,3898490747076,3898490774187,3898490783708,27111
73,"void dequantize_block_q4_0<__half>(void const*, __half*, int) [clone .kd]",4,1,72,70325,70325,229376,32,0,0,12,0,16,64,"0x0","0x700f9d5d2b80",3898473571322,3898490774187,3898490797445,3898490809739,23258
74,"void dequantize_block_q4_0<__half>(void const*, __half*, int) [clone .kd]",4,1,73,70325,70325,229376,32,0,0,12,0,16,64,"0x0","0x700f9d5d2b80",3898473573095,3898490797445,3898490820407,3898490835183,22962
75,"void flash_attn_tile<256, 256, 4, 2, false>(char const*, char const*, char const*, char const*, char const*, int const*, float*, HIP_vector_type<float, 2u>*, float, float, float, float, unsigned int, float, int, HIP_vector_type<unsigned int, 3u>, int, int, int, int, int, int, int, int, int, int, int, long, int, int, long, int, int, int, int, int, long) [clone .kd]",4,1,74,70325,70325,28416,256,22528,1104,128,0,64,64,"0x0","0x70100b2a69c0",3898473575508,3898491030178,3898491733859,3898491764976,703681
76,"void flash_attn_combine_results<256>(float const*, HIP_vector_type<float, 2u> const*, float*, int) [clone .kd]",4,1,75,70325,70325,6144,256,512,0,20,0,32,64,"0x0","0x70100b2a6880",3898473577570,3898491733859,3898491755043,3898491769086,21184
77,"void dequantize_block_q4_0<__half>(void const*, __half*, int) [clone .kd]",4,1,76,70325,70325,229376,32,0,0,12,0,16,64,"0x0","0x700f9d5d2b80",3898473579488,3898491755043,3898491778302,3898491795993,23259
78,"void dequantize_block_q4_0<__half>(void const*, __half*, int) [clone .kd]",4,1,77,70325,70325,229376,32,0,0,12,0,16,64,"0x0","0x700f9d5d2b80",3898473581479,3898491778302,3898491801264,3898491821999,22962
79,"void flash_attn_tile<256, 256, 4, 6, false>(char const*, char const*, char const*, char const*, char const*, int const*, float*, HIP_vector_type<float, 2u>*, float, float, float, float, unsigned int, float, int, HIP_vector_type<unsigned int, 3u>, int, int, int, int, int, int, int, int, int, int, int, long, int, int, long, int, int, int, int, int, long) [clone .kd]",4,1,78,70325,70325,21504,384,32768,1432,128,0,48,64,"0x0","0x70100b2a6a40",3898473584179,3898492011776,3898492549536,3898492580458,537760
80,"void flash_attn_combine_results<256>(float const*, HIP_vector_type<float, 2u> const*, float*, int) [clone .kd]",4,1,79,70325,70325,6144,256,512,0,20,0,32,64,"0x0","0x70100b2a6880",3898473585978,3898492602719,3898492629829,3898492639951,27110
81,"void dequantize_block_q4_0<__half>(void const*, __half*, int) [clone .kd]",4,1,80,70325,70325,229376,32,0,0,12,0,16,64,"0x0","0x700f9d5d2b80",3898473588123,3898492629829,3898492653236,3898492666007,23407
82,"void dequantize_block_q4_0<__half>(void const*, __half*, int) [clone .kd]",4,1,81,70325,70325,229376,32,0,0,12,0,16,64,"0x0","0x700f9d5d2b80",3898473589879,3898492653236,3898492676198,3898492691799,22962
83,"void flash_attn_tile<256, 256, 4, 2, false>(char const*, char const*, char const*, char const*, char const*, int const*, float*, HIP_vector_type<float, 2u>*, float, float, float, float, unsigned int, float, int, HIP_vector_type<unsigned int, 3u>, int, int, int, int, int, int, int, int, int, int, int, long, int, int, long, int, int, int, int, int, long) [clone .kd]",4,1,82,70325,70325,28416,256,22528,1104,128,0,64,64,"0x0","0x70100b2a69c0",3898473592295,3898492886265,3898493587724,3898493618677,701459
84,"void flash_attn_combine_results<256>(float const*, HIP_vector_type<float, 2u> const*, float*, int) [clone .kd]",4,1,83,70325,70325,6144,256,512,0,20,0,32,64,"0x0","0x70100b2a6880",3898473594209,3898493587724,3898493609205,3898493621854,21481
85,"void dequantize_block_q4_0<__half>(void const*, __half*, int) [clone .kd]",4,1,84,70325,70325,229376,32,0,0,12,0,16,64,"0x0","0x700f9d5d2b80",3898473596359,3898493609205,3898493633945,3898493649455,24740
86,"void dequantize_block_q4_0<__half>(void const*, __half*, int) [clone .kd]",4,1,85,70325,70325,229376,32,0,0,12,0,16,64,"0x0","0x700f9d5d2b80",3898473598126,3898493633945,3898493658388,3898493675657,24443
87,"void flash_attn_tile<256, 256, 4, 6, false>(char const*, char const*, char const*, char const*, char const*, int const*, float*, HIP_vector_type<float, 2u>*, float, float, float, float, unsigned int, float, int, HIP_vector_type<unsigned int, 3u>, int, int, int, int, int, int, int, int, int, int, int, long, int, int, long, int, int, int, int, int, long) [clone .kd]",4,1,86,70325,70325,21504,384,32768,1432,128,0,48,64,"0x0","0x70100b2a6a40",3898473600619,3898493881936,3898494426363,3898494457995,544427
88,"void flash_attn_combine_results<256>(float const*, HIP_vector_type<float, 2u> const*, float*, int) [clone .kd]",4,1,87,70325,70325,6144,256,512,0,20,0,32,64,"0x0","0x70100b2a6880",3898473602723,3898494508879,3898494537619,3898494546277,28740
89,"void dequantize_block_q4_0<__half>(void const*, __half*, int) [clone .kd]",4,1,88,70325,70325,229376,32,0,0,12,0,16,64,"0x0","0x700f9d5d2b80",3898473604623,3898494537619,3898494562359,3898494571623,24740
90,"void dequantize_block_q4_0<__half>(void const*, __half*, int) [clone .kd]",4,1,89,70325,70325,229376,32,0,0,12,0,16,64,"0x0","0x700f9d5d2b80",3898473606695,3898494562359,3898494587099,3898494596996,24740
91,"void flash_attn_tile<256, 256, 4, 2, false>(char const*, char const*, char const*, char const*, char const*, int const*, float*, HIP_vector_type<float, 2u>*, float, float, float, float, unsigned int, float, int, HIP_vector_type<unsigned int, 3u>, int, int, int, int, int, int, int, int, int, int, int, long, int, int, long, int, int, int, int, int, long) [clone .kd]",4,1,90,70325,70325,28416,256,22528,1104,128,0,64,64,"0x0","0x70100b2a69c0",3898473609067,3898494809758,3898495528105,3898495559933,718347
92,"void flash_attn_combine_results<256>(float const*, HIP_vector_type<float, 2u> const*, float*, int) [clone .kd]",4,1,91,70325,70325,6144,256,512,0,20,0,32,64,"0x0","0x70100b2a6880",3898473611131,3898495528105,3898495550474,3898495563057,22369
93,"void dequantize_block_q4_0<__half>(void const*, __half*, int) [clone .kd]",4,1,92,70325,70325,229376,32,0,0,12,0,16,64,"0x0","0x700f9d5d2b80",3898473613094,3898495550474,3898495575214,3898495589190,24740
94,"void dequantize_block_q4_0<__half>(void const*, __half*, int) [clone .kd]",4,1,93,70325,70325,229376,32,0,0,12,0,16,64,"0x0","0x700f9d5d2b80",3898473614961,3898495575214,3898495599806,3898495615868,24592
95,"void flash_attn_tile<256, 256, 4, 6, false>(char const*, char const*, char const*, char const*, char const*, int const*, float*, HIP_vector_type<float, 2u>*, float, float, float, float, unsigned int, float, int, HIP_vector_type<unsigned int, 3u>, int, int, int, int, int, int, int, int, int, int, int, long, int, int, long, int, int, int, int, int, long) [clone .kd]",4,1,94,70325,70325,21504,384,32768,1432,128,0,48,64,"0x0","0x70100b2a6a40",3898473617477,3898495823058,3898496377558,3898496409269,554500
96,"void flash_attn_combine_results<256>(float const*, HIP_vector_type<float, 2u> const*, float*, int) [clone .kd]",4,1,95,70325,70325,6144,256,512,0,20,0,32,64,"0x0","0x70100b2a6880",3898473619670,3898496448519,3898496477259,3898496487383,28740
97,"void dequantize_block_q4_0<__half>(void const*, __half*, int) [clone .kd]",4,1,96,70325,70325,229376,32,0,0,12,0,16,64,"0x0","0x700f9d5d2b80",3898473621796,3898496477259,3898496502147,3898496513129,24888
98,"void dequantize_block_q4_0<__half>(void const*, __half*, int) [clone .kd]",4,1,97,70325,70325,229376,32,0,0,12,0,16,64,"0x0","0x700f9d5d2b80",3898473623594,3898496502147,3898496527035,3898496538410,24888
99,"void flash_attn_tile<256, 256, 4, 2, false>(char const*, char const*, char const*, char const*, char const*, int const*, float*, HIP_vector_type<float, 2u>*, float, float, float, float, unsigned int, float, int, HIP_vector_type<unsigned int, 3u>, int, int, int, int, int, int, int, int, int, int, int, long, int, int, long, int, int, int, int, int, long) [clone .kd]",4,1,98,70325,70325,28416,256,22528,1104,128,0,64,64,"0x0","0x70100b2a69c0",3898473626032,3898496749842,3898497471004,3898497504592,721162
100,"void flash_attn_combine_results<256>(float const*, HIP_vector_type<float, 2u> const*, float*, int) [clone .kd]",4,1,99,70325,70325,6144,256,512,0,20,0,32,64,"0x0","0x70100b2a6880",3898473628098,3898497471004,3898497493077,3898497507823,22073
101,"void dequantize_block_q4_0<__half>(void const*, __half*, int) [clone .kd]",4,1,100,70325,70325,229376,32,0,0,12,0,16,64,"0x0","0x700f9d5d2b80",3898473630038,3898497493077,3898497518113,3898497533017,25036
102,"void dequantize_block_q4_0<__half>(void const*, __half*, int) [clone .kd]",4,1,101,70325,70325,229376,32,0,0,12,0,16,64,"0x0","0x700f9d5d2b80",3898473631986,3898497518113,3898497542705,3898497557781,24592
103,"void flash_attn_tile<256, 256, 4, 6, false>(char const*, char const*, char const*, char const*, char const*, int const*, float*, HIP_vector_type<float, 2u>*, float, float, float, float, unsigned int, float, int, HIP_vector_type<unsigned int, 3u>, int, int, int, int, int, int, int, int, int, int, int, long, int, int, long, int, int, int, int, int, long) [clone .kd]",4,1,102,70325,70325,21504,384,32768,1432,128,0,48,64,"0x0","0x70100b2a6a40",3898473634503,3898497757809,3898498297199,3898498330323,539390
104,"void flash_attn_combine_results<256>(float const*, HIP_vector_type<float, 2u> const*, float*, int) [clone .kd]",4,1,103,70325,70325,6144,256,512,0,20,0,32,64,"0x0","0x70100b2a6880",3898473636548,3898498347568,3898498375863,3898498384881,28295
105,"void dequantize_block_q4_0<__half>(void const*, __half*, int) [clone .kd]",4,1,104,70325,70325,229376,32,0,0,12,0,16,64,"0x0","0x700f9d5d2b80",3898473638634,3898498375863,3898498399566,3898498409615,23703
106,"void dequantize_block_q4_0<__half>(void const*, __half*, int) [clone .kd]",4,1,105,70325,70325,229376,32,0,0,12,0,16,64,"0x0","0x700f9d5d2b80",3898473640318,3898498399566,3898498422528,3898498435877,22962
107,"void flash_attn_tile<256, 256, 4, 2, false>(char const*, char const*, char const*, char const*, char const*, int const*, float*, HIP_vector_type<float, 2u>*, float, float, float, float, unsigned int, float, int, HIP_vector_type<unsigned int, 3u>, int, int, int, int, int, int, int, int, int, int, int, long, int, int, long, int, int, int, int, int, long) [clone .kd]",4,1,106,70325,70325,28416,256,22528,1104,128,0,64,64,"0x0","0x70100b2a69c0",3898473643049,3898498632595,3898499345016,3898499379244,712421
108,"void flash_attn_combine_results<256>(float const*, HIP_vector_type<float, 2u> const*, float*, int) [clone .kd]",4,1,107,70325,70325,6144,256,512,0,20,0,32,64,"0x0","0x70100b2a6880",3898473644920,3898499345016,3898499366201,3898499382638,21185
109,"void dequantize_block_q4_0<__half>(void const*, __half*, int) [clone .kd]",4,1,108,70325,70325,229376,32,0,0,12,0,16,64,"0x0","0x700f9d5d2b80",3898473647159,3898499366201,3898499389904,3898499407544,23703
110,"void dequantize_block_q4_0<__half>(void const*, __half*, int) [clone .kd]",4,1,109,70325,70325,229376,32,0,0,12,0,16,64,"0x0","0x700f9d5d2b80",3898473649141,3898499389904,3898499412866,3898499432256,22962
111,"void flash_attn_tile<256, 256, 4, 6, false>(char const*, char const*, char const*, char const*, char const*, int const*, float*, HIP_vector_type<float, 2u>*, float, float, float, float, unsigned int, float, int, HIP_vector_type<unsigned int, 3u>, int, int, int, int, int, int, int, int, int, int, int, long, int, int, long, int, int, int, int, int, long) [clone .kd]",4,1,110,70325,70325,21504,384,32768,1432,128,0,48,64,"0x0","0x70100b2a6a40",3898473651589,3898499623081,3898500157879,3898500193022,534798
112,"void flash_attn_combine_results<256>(float const*, HIP_vector_type<float, 2u> const*, float*, int) [clone .kd]",4,1,111,70325,70325,6144,256,512,0,20,0,32,64,"0x0","0x70100b2a6880",3898473653376,3898500220395,3898500247505,3898500256910,27110
113,"void dequantize_block_q4_0<__half>(void const*, __half*, int) [clone .kd]",4,1,112,70325,70325,229376,32,0,0,12,0,16,64,"0x0","0x700f9d5d2b80",3898473655677,3898500247505,3898500271208,3898500281654,23703
114,"void dequantize_block_q4_0<__half>(void const*, __half*, int) [clone .kd]",4,1,113,70325,70325,229376,32,0,0,12,0,16,64,"0x0","0x700f9d5d2b80",3898473657451,3898500271208,3898500294467,3898500304947,23259
115,"void flash_attn_tile<256, 256, 4, 2, false>(char const*, char const*, char const*, char const*, char const*, int const*, float*, HIP_vector_type<float, 2u>*, float, float, float, float, unsigned int, float, int, HIP_vector_type<unsigned int, 3u>, int, int, int, int, int, int, int, int, int, int, int, long, int, int, long, int, int, int, int, int, long) [clone .kd]",4,1,114,70325,70325,28416,256,22528,1104,128,0,64,64,"0x0","0x70100b2a69c0",3898473660095,3898500504386,3898501214140,3898501247316,709754
116,"void flash_attn_combine_results<256>(float const*, HIP_vector_type<float, 2u> const*, float*, int) [clone .kd]",4,1,115,70325,70325,6144,256,512,0,20,0,32,64,"0x0","0x70100b2a6880",3898473662163,3898501214140,3898501236510,3898501250643,22370
117,"void dequantize_block_q4_0<__half>(void const*, __half*, int) [clone .kd]",4,1,116,70325,70325,229376,32,0,0,12,0,16,64,"0x0","0x700f9d5d2b80",3898473664336,3898501236510,3898501259768,3898501275901,23258
118,"void dequantize_block_q4_0<__half>(void const*, __half*, int) [clone .kd]",4,1,117,70325,70325,229376,32,0,0,12,0,16,64,"0x0","0x700f9d5d2b80",3898473665993,3898501259768,3898501282879,3898501299158,23111
119,"void flash_attn_tile<256, 256, 4, 6, false>(char const*, char const*, char const*, char const*, char const*, int const*, float*, HIP_vector_type<float, 2u>*, float, float, float, float, unsigned int, float, int, HIP_vector_type<unsigned int, 3u>, int, int, int, int, int, int, int, int, int, int, int, long, int, int, long, int, int, int, int, int, long) [clone .kd]",4,1,118,70325,70325,21504,384,32768,1432,128,0,48,64,"0x0","0x70100b2a6a40",3898473668547,3898501493094,3898502034410,3898502068693,541316
120,"void flash_attn_combine_results<256>(float const*, HIP_vector_type<float, 2u> const*, float*, int) [clone .kd]",4,1,119,70325,70325,6144,256,512,0,20,0,32,64,"0x0","0x70100b2a6880",3898473670571,3898502081816,3898502110259,3898502119552,28443
121,"void dequantize_block_q4_0<__half>(void const*, __half*, int) [clone .kd]",4,1,120,70325,70325,229376,32,0,0,12,0,16,64,"0x0","0x700f9d5d2b80",3898473672474,3898502110259,3898502133666,3898502144461,23407
122,"void dequantize_block_q4_0<__half>(void const*, __half*, int) [clone .kd]",4,1,121,70325,70325,229376,32,0,0,12,0,16,64,"0x0","0x700f9d5d2b80",3898473675842,3898502133666,3898502156924,3898502170036,23258
123,"void flash_attn_tile<256, 256, 4, 2, false>(char const*, char const*, char const*, char const*, char const*, int const*, float*, HIP_vector_type<float, 2u>*, float, float, float, float, unsigned int, float, int, HIP_vector_type<unsigned int, 3u>, int, int, int, int, int, int, int, int, int, int, int, long, int, int, long, int, int, int, int, int, long) [clone .kd]",4,1,122,70325,70325,28416,256,22528,1104,128,0,64,64,"0x0","0x70100b2a69c0",3898473678528,3898502366843,3898503068154,3898503098900,701311
124,"void flash_attn_combine_results<256>(float const*, HIP_vector_type<float, 2u> const*, float*, int) [clone .kd]",4,1,123,70325,70325,6144,256,512,0,20,0,32,64,"0x0","0x70100b2a6880",3898473680611,3898503068154,3898503090227,3898503102265,22073
125,"void dequantize_block_q4_0<__half>(void const*, __half*, int) [clone .kd]",4,1,124,70325,70325,229376,32,0,0,12,0,16,64,"0x0","0x700f9d5d2b80",3898473682563,3898503090227,3898503113782,3898503127009,23555
126,"void dequantize_block_q4_0<__half>(void const*, __half*, int) [clone .kd]",4,1,125,70325,70325,229376,32,0,0,12,0,16,64,"0x0","0x700f9d5d2b80",3898473684408,3898503113782,3898503136892,3898503150633,23110
127,"void flash_attn_tile<256, 256, 4, 6, false>(char const*, char const*, char const*, char const*, char const*, int const*, float*, HIP_vector_type<float, 2u>*, float, float, float, float, unsigned int, float, int, HIP_vector_type<unsigned int, 3u>, int, int, int, int, int, int, int, int, int, int, int, long, int, int, long, int, int, int, int, int, long) [clone .kd]",4,1,126,70325,70325,21504,384,32768,1432,128,0,48,64,"0x0","0x70100b2a6a40",3898473686914,3898503346959,3898503886201,3898503916613,539242
128,"void flash_attn_combine_results<256>(float const*, HIP_vector_type<float, 2u> const*, float*, int) [clone .kd]",4,1,127,70325,70325,6144,256,512,0,20,0,32,64,"0x0","0x70100b2a6880",3898473688823,3898503937903,3898503966494,3898503976830,28591
129,"void dequantize_block_q4_0<__half>(void const*, __half*, int) [clone .kd]",4,1,128,70325,70325,229376,32,0,0,12,0,16,64,"0x0","0x700f9d5d2b80",3898473690768,3898503966494,3898503990049,3898504003663,23555
130,"void dequantize_block_q4_0<__half>(void const*, __half*, int) [clone .kd]",4,1,129,70325,70325,229376,32,0,0,12,0,16,64,"0x0","0x700f9d5d2b80",3898473692724,3898503990049,3898504013011,3898504030795,22962
131,"void flash_attn_tile<256, 256, 4, 2, false>(char const*, char const*, char const*, char const*, char const*, int const*, float*, HIP_vector_type<float, 2u>*, float, float, float, float, unsigned int, float, int, HIP_vector_type<unsigned int, 3u>, int, int, int, int, int, int, int, int, int, int, int, long, int, int, long, int, int, int, int, int, long) [clone .kd]",4,1,130,70325,70325,28416,256,22528,1104,128,0,64,64,"0x0","0x70100b2a69c0",3898473695276,3898504222930,3898504937129,3898504967295,714199
132,"void flash_attn_combine_results<256>(float const*, HIP_vector_type<float, 2u> const*, float*, int) [clone .kd]",4,1,131,70325,70325,6144,256,512,0,20,0,32,64,"0x0","0x70100b2a6880",3898473697242,3898504937129,3898504959054,3898504970207,21925
133,"void dequantize_block_q4_0<__half>(void const*, __half*, int) [clone .kd]",4,1,132,70325,70325,229376,32,0,0,12,0,16,64,"0x0","0x700f9d5d2b80",3898473699323,3898504959054,3898504982757,3898504994476,23703
134,"void dequantize_block_q4_0<__half>(void const*, __half*, int) [clone .kd]",4,1,133,70325,70325,229376,32,0,0,12,0,16,64,"0x0","0x700f9d5d2b80",3898473701086,3898504982757,3898505005720,3898505023221,22963
135,"void flash_attn_tile<256, 256, 4, 6, false>(char const*, char const*, char const*, char const*, char const*, int const*, float*, HIP_vector_type<float, 2u>*, float, float, float, float, unsigned int, float, int, HIP_vector_type<unsigned int, 3u>, int, int, int, int, int, int, int, int, int, int, int, long, int, int, long, int, int, int, int, int, long) [clone .kd]",4,1,134,70325,70325,21504,384,32768,1432,128,0,48,64,"0x0","0x70100b2a6a40",3898473703640,3898505216083,3898505754139,3898505783263,538056
136,"void flash_attn_combine_results<256>(float const*, HIP_vector_type<float, 2u> const*, float*, int) [clone .kd]",4,1,135,70325,70325,6144,256,512,0,20,0,32,64,"0x0","0x70100b2a6880",3898473705471,3898505807323,3898505835470,3898505846143,28147
137,"void dequantize_block_q4_0<__half>(void const*, __half*, int) [clone .kd]",4,1,136,70325,70325,229376,32,0,0,12,0,16,64,"0x0","0x700f9d5d2b80",3898473707579,3898505835470,3898505858877,3898505870694,23407
138,"void dequantize_block_q4_0<__half>(void const*, __half*, int) [clone .kd]",4,1,137,70325,70325,229376,32,0,0,12,0,16,64,"0x0","0x700f9d5d2b80",3898473709264,3898505858877,3898505881839,3898505894399,22962
139,"void flash_attn_tile<256, 256, 4, 2, false>(char const*, char const*, char const*, char const*, char const*, int const*, float*, HIP_vector_type<float, 2u>*, float, float, float, float, unsigned int, float, int, HIP_vector_type<unsigned int, 3u>, int, int, int, int, int, int, int, int, int, int, int, long, int, int, long, int, int, int, int, int, long) [clone .kd]",4,1,138,70325,70325,28416,256,22528,1104,128,0,64,64,"0x0","0x70100b2a69c0",3898473711661,3898506091758,3898506796179,3898506825313,704421
140,"void flash_attn_combine_results<256>(float const*, HIP_vector_type<float, 2u> const*, float*, int) [clone .kd]",4,1,139,70325,70325,6144,256,512,0,20,0,32,64,"0x0","0x70100b2a6880",3898473713453,3898506796179,3898506817956,3898506835214,21777
141,"void dequantize_block_q4_0<__half>(void const*, __half*, int) [clone .kd]",4,1,140,70325,70325,229376,32,0,0,12,0,16,64,"0x0","0x700f9d5d2b80",3898473715695,3898506817956,3898506841215,3898506859924,23259
142,"void dequantize_block_q4_0<__half>(void const*, __half*, int) [clone .kd]",4,1,141,70325,70325,229376,32,0,0,12,0,16,64,"0x0","0x700f9d5d2b80",3898473717449,3898506841215,3898506864622,3898506883824,23407
143,"void flash_attn_tile<256, 256, 4, 6, false>(char const*, char const*, char const*, char const*, char const*, int const*, float*, HIP_vector_type<float, 2u>*, float, float, float, float, unsigned int, float, int, HIP_vector_type<unsigned int, 3u>, int, int, int, int, int, int, int, int, int, int, int, long, int, int, long, int, int, int, int, int, long) [clone .kd]",4,1,142,70325,70325,21504,384,32768,1432,128,0,48,64,"0x0","0x70100b2a6a40",3898473719895,3898507074985,3898507615412,3898507645748,540427
144,"void flash_attn_combine_results<256>(float const*, HIP_vector_type<float, 2u> const*, float*, int) [clone .kd]",4,1,143,70325,70325,6144,256,512,0,20,0,32,64,"0x0","0x70100b2a6880",3898473721923,3898507669336,3898507697927,3898507706670,28591
145,"void dequantize_block_q4_0<__half>(void const*, __half*, int) [clone .kd]",4,1,144,70325,70325,229376,32,0,0,12,0,16,64,"0x0","0x700f9d5d2b80",3898473724200,3898507697927,3898507722519,3898507732290,24592
146,"void dequantize_block_q4_0<__half>(void const*, __half*, int) [clone .kd]",4,1,145,70325,70325,229376,32,0,0,12,0,16,64,"0x0","0x700f9d5d2b80",3898473726036,3898507722519,3898507747259,3898507757800,24740
147,"void flash_attn_tile<256, 256, 4, 2, false>(char const*, char const*, char const*, char const*, char const*, int const*, float*, HIP_vector_type<float, 2u>*, float, float, float, float, unsigned int, float, int, HIP_vector_type<unsigned int, 3u>, int, int, int, int, int, int, int, int, int, int, int, long, int, int, long, int, int, int, int, int, long) [clone .kd]",4,1,146,70325,70325,28416,256,22528,1104,128,0,64,64,"0x0","0x70100b2a69c0",3898473728448,3898507970215,3898508675081,3898508705075,704866
148,"void flash_attn_combine_results<256>(float const*, HIP_vector_type<float, 2u> const*, float*, int) [clone .kd]",4,1,147,70325,70325,6144,256,512,0,20,0,32,64,"0x0","0x70100b2a6880",3898473730479,3898508675081,3898508697895,3898508707925,22814
149,"void dequantize_block_q4_0<__half>(void const*, __half*, int) [clone .kd]",4,1,148,70325,70325,229376,32,0,0,12,0,16,64,"0x0","0x700f9d5d2b80",3898473732541,3898508697895,3898508722783,3898508733555,24888
150,"void dequantize_block_q4_0<__half>(void const*, __half*, int) [clone .kd]",4,1,149,70325,70325,229376,32,0,0,12,0,16,64,"0x0","0x700f9d5d2b80",3898473734181,3898508722783,3898508747375,3898508757638,24592
151,"void flash_attn_tile<256, 256, 4, 6, false>(char const*, char const*, char const*, char const*, char const*, int const*, float*, HIP_vector_type<float, 2u>*, float, float, float, float, unsigned int, float, int, HIP_vector_type<unsigned int, 3u>, int, int, int, int, int, int, int, int, int, int, int, long, int, int, long, int, int, int, int, int, long) [clone .kd]",4,1,150,70325,70325,21504,384,32768,1432,128,0,48,64,"0x0","0x70100b2a6a40",3898473736670,3898508970923,3898509517127,3898509547167,546204
152,"void flash_attn_combine_results<256>(float const*, HIP_vector_type<float, 2u> const*, float*, int) [clone .kd]",4,1,151,70325,70325,6144,256,512,0,20,0,32,64,"0x0","0x70100b2a6880",3898473738714,3898509597273,3898509625420,3898509636003,28147
153,"void dequantize_block_q4_0<__half>(void const*, __half*, int) [clone .kd]",4,1,152,70325,70325,229376,32,0,0,12,0,16,64,"0x0","0x700f9d5d2b80",3898473740721,3898509625420,3898509650160,3898509659621,24740
154,"void dequantize_block_q4_0<__half>(void const*, __half*, int) [clone .kd]",4,1,153,70325,70325,229376,32,0,0,12,0,16,64,"0x0","0x700f9d5d2b80",3898473742562,3898509650160,3898509674752,3898509685116,24592
155,"void flash_attn_tile<256, 256, 4, 2, false>(char const*, char const*, char const*, char const*, char const*, int const*, float*, HIP_vector_type<float, 2u>*, float, float, float, float, unsigned int, float, int, HIP_vector_type<unsigned int, 3u>, int, int, int, int, int, int, int, int, int, int, int, long, int, int, long, int, int, int, int, int, long) [clone .kd]",4,1,154,70325,70325,28416,256,22528,1104,128,0,64,64,"0x0","0x70100b2a69c0",3898473744934,3898509899718,3898510609776,3898510642126,710058
156,"void flash_attn_combine_results<256>(float const*, HIP_vector_type<float, 2u> const*, float*, int) [clone .kd]",4,1,155,70325,70325,6144,256,512,0,20,0,32,64,"0x0","0x70100b2a6880",3898473747086,3898510609776,3898510632590,3898510645092,22814
157,"void dequantize_block_q4_0<__half>(void const*, __half*, int) [clone .kd]",4,1,156,70325,70325,229376,32,0,0,12,0,16,64,"0x0","0x700f9d5d2b80",3898473749287,3898510632590,3898510657774,3898510668329,25184
158,"void dequantize_block_q4_0<__half>(void const*, __half*, int) [clone .kd]",4,1,157,70325,70325,229376,32,0,0,12,0,16,64,"0x0","0x700f9d5d2b80",3898473751016,3898510657774,3898510682218,3898510691324,24444
159,"void flash_attn_tile<256, 256, 4, 6, false>(char const*, char const*, char const*, char const*, char const*, int const*, float*, HIP_vector_type<float, 2u>*, float, float, float, float, unsigned int, float, int, HIP_vector_type<unsigned int, 3u>, int, int, int, int, int, int, int, int, int, int, int, long, int, int, long, int, int, int, int, int, long) [clone .kd]",4,1,158,70325,70325,21504,384,32768,1432,128,0,48,64,"0x0","0x70100b2a6a40",3898473753482,3898510905472,3898511445608,3898511473533,540136
160,"void flash_attn_combine_results<256>(float const*, HIP_vector_type<float, 2u> const*, float*, int) [clone .kd]",4,1,159,70325,70325,6144,256,512,0,20,0,32,64,"0x0","0x70100b2a6880",3898473755277,3898511532421,3898511561458,3898511570203,29037
161,"void dequantize_block_q4_0<__half>(void const*, __half*, int) [clone .kd]",4,1,160,70325,70325,229376,32,0,0,12,0,16,64,"0x0","0x700f9d5d2b80",3898473757353,3898511561458,3898511586346,3898511593036,24888
162,"void dequantize_block_q4_0<__half>(void const*, __half*, int) [clone .kd]",4,1,161,70325,70325,229376,32,0,0,12,0,16,64,"0x0","0x700f9d5d2b80",3898473759327,3898511586346,3898511610790,3898511618766,24444
163,"void flash_attn_tile<256, 256, 4, 2, false>(char const*, char const*, char const*, char const*, char const*, int const*, float*, HIP_vector_type<float, 2u>*, float, float, float, float, unsigned int, float, int, HIP_vector_type<unsigned int, 3u>, int, int, int, int, int, int, int, int, int, int, int, long, int, int, long, int, int, int, int, int, long) [clone .kd]",4,1,162,70325,70325,28416,256,22528,1104,128,0,64,64,"0x0","0x70100b2a69c0",3898473762096,3898511833600,3898512549140,3898512577701,715540
164,"void flash_attn_combine_results<256>(float const*, HIP_vector_type<float, 2u> const*, float*, int) [clone .kd]",4,1,163,70325,70325,6144,256,512,0,20,0,32,64,"0x0","0x70100b2a6880",3898473763900,3898512549140,3898512571658,3898512580820,22518
165,"void dequantize_block_q4_0<__half>(void const*, __half*, int) [clone .kd]",4,1,164,70325,70325,229376,32,0,0,12,0,16,64,"0x0","0x700f9d5d2b80",3898473766018,3898512571658,3898512596694,3898512603870,25036
166,"void dequantize_block_q4_0<__half>(void const*, __half*, int) [clone .kd]",4,1,165,70325,70325,229376,32,0,0,12,0,16,64,"0x0","0x700f9d5d2b80",3898473767891,3898512596694,3898512621582,3898512628925,24888
167,"void flash_attn_tile<256, 256, 4, 6, false>(char const*, char const*, char const*, char const*, char const*, int const*, float*, HIP_vector_type<float, 2u>*, float, float, float, float, unsigned int, float, int, HIP_vector_type<unsigned int, 3u>, int, int, int, int, int, int, int, int, int, int, int, long, int, int, long, int, int, int, int, int, long) [clone .kd]",4,1,166,70325,70325,21504,384,32768,1432,128,0,48,64,"0x0","0x70100b2a6a40",3898473770372,3898512844689,3898513398899,3898513426994,554210
168,"void flash_attn_combine_results<256>(float const*, HIP_vector_type<float, 2u> const*, float*, int) [clone .kd]",4,1,167,70325,70325,6144,256,512,0,20,0,32,64,"0x0","0x70100b2a6880",3898473772320,3898513471786,3898513500970,3898513508478,29184
169,"void dequantize_block_q4_0<__half>(void const*, __half*, int) [clone .kd]",4,1,168,70325,70325,229376,32,0,0,12,0,16,64,"0x0","0x700f9d5d2b80",3898473774258,3898513500970,3898513525711,3898513533693,24741
170,"void dequantize_block_q4_0<__half>(void const*, __half*, int) [clone .kd]",4,1,169,70325,70325,229376,32,0,0,12,0,16,64,"0x0","0x700f9d5d2b80",3898473776228,3898513525711,3898513550006,3898513558535,24295
171,"void flash_attn_tile<256, 256, 4, 2, false>(char const*, char const*, char const*, char const*, char const*, int const*, float*, HIP_vector_type<float, 2u>*, float, float, float, float, unsigned int, float, int, HIP_vector_type<unsigned int, 3u>, int, int, int, int, int, int, int, int, int, int, int, long, int, int, long, int, int, int, int, int, long) [clone .kd]",4,1,170,70325,70325,28416,256,22528,1104,128,0,64,64,"0x0","0x70100b2a69c0",3898473778861,3898513772964,3898514491615,3898514519525,718651
172,"void flash_attn_combine_results<256>(float const*, HIP_vector_type<float, 2u> const*, float*, int) [clone .kd]",4,1,171,70325,70325,6144,256,512,0,20,0,32,64,"0x0","0x70100b2a6880",3898473780778,3898514491615,3898514513689,3898514522550,22074
173,"void dequantize_block_q4_0<__half>(void const*, __half*, int) [clone .kd]",4,1,172,70325,70325,229376,32,0,0,12,0,16,64,"0x0","0x700f9d5d2b80",3898473782692,3898514513689,3898514538429,3898514545416,24740
174,"void dequantize_block_q4_0<__half>(void const*, __half*, int) [clone .kd]",4,1,173,70325,70325,229376,32,0,0,12,0,16,64,"0x0","0x700f9d5d2b80",3898473784421,3898514538429,3898514563021,3898514569938,24592
175,"void flash_attn_tile<256, 256, 4, 6, false>(char const*, char const*, char const*, char const*, char const*, int const*, float*, HIP_vector_type<float, 2u>*, float, float, float, float, unsigned int, float, int, HIP_vector_type<unsigned int, 3u>, int, int, int, int, int, int, int, int, int, int, int, long, int, int, long, int, int, int, int, int, long) [clone .kd]",4,1,174,70325,70325,21504,384,32768,1432,128,0,48,64,"0x0","0x70100b2a6a40",3898473787076,3898514786424,3898515337967,3898515366039,551543
176,"void flash_attn_combine_results<256>(float const*, HIP_vector_type<float, 2u> const*, float*, int) [clone .kd]",4,1,175,70325,70325,6144,256,512,0,20,0,32,64,"0x0","0x70100b2a6880",3898473789077,3898515412928,3898515441965,3898515450379,29037
177,"void dequantize_block_q4_0<__half>(void const*, __half*, int) [clone .kd]",4,1,176,70325,70325,229376,32,0,0,12,0,16,64,"0x0","0x700f9d5d2b80",3898473791064,3898515441965,3898515467001,3898515474463,25036
178,"void dequantize_block_q4_0<__half>(void const*, __half*, int) [clone .kd]",4,1,177,70325,70325,229376,32,0,0,12,0,16,64,"0x0","0x700f9d5d2b80",3898473792879,3898515467001,3898515491593,3898515499497,24592
179,"void flash_attn_tile<256, 256, 4, 2, false>(char const*, char const*, char const*, char const*, char const*, int const*, float*, HIP_vector_type<float, 2u>*, float, float, float, float, unsigned int, float, int, HIP_vector_type<unsigned int, 3u>, int, int, int, int, int, int, int, int, int, int, int, long, int, int, long, int, int, int, int, int, long) [clone .kd]",4,1,178,70325,70325,28416,256,22528,1104,128,0,64,64,"0x0","0x70100b2a69c0",3898473795137,3898515709070,3898516426239,3898516453919,717169
180,"void flash_attn_combine_results<256>(float const*, HIP_vector_type<float, 2u> const*, float*, int) [clone .kd]",4,1,179,70325,70325,6144,256,512,0,20,0,32,64,"0x0","0x70100b2a6880",3898473796981,3898516426239,3898516447424,3898516456753,21185
181,"void dequantize_block_q4_0<__half>(void const*, __half*, int) [clone .kd]",4,1,180,70325,70325,229376,32,0,0,12,0,16,64,"0x0","0x700f9d5d2b80",3898473799178,3898516447424,3898516470831,3898516479648,23407
182,"void dequantize_block_q4_0<__half>(void const*, __half*, int) [clone .kd]",4,1,181,70325,70325,229376,32,0,0,12,0,16,64,"0x0","0x700f9d5d2b80",3898473800960,3898516470831,3898516493793,3898516502040,22962
183,"void flash_attn_tile<256, 256, 4, 6, false>(char const*, char const*, char const*, char const*, char const*, int const*, float*, HIP_vector_type<float, 2u>*, float, float, float, float, unsigned int, float, int, HIP_vector_type<unsigned int, 3u>, int, int, int, int, int, int, int, int, int, int, int, long, int, int, long, int, int, int, int, int, long) [clone .kd]",4,1,182,70325,70325,21504,384,32768,1432,128,0,48,64,"0x0","0x70100b2a6a40",3898473803415,3898516704011,3898517250073,3898517277710,546062
184,"void flash_attn_combine_results<256>(float const*, HIP_vector_type<float, 2u> const*, float*, int) [clone .kd]",4,1,183,70325,70325,6144,256,512,0,20,0,32,64,"0x0","0x70100b2a6880",3898473805198,3898517294516,3898517321627,3898517329021,27111
185,"void dequantize_block_q4_0<__half>(void const*, __half*, int) [clone .kd]",4,1,184,70325,70325,229376,32,0,0,12,0,16,64,"0x0","0x700f9d5d2b80",3898473807164,3898517321627,3898517344885,3898517353391,23258
186,"void dequantize_block_q4_0<__half>(void const*, __half*, int) [clone .kd]",4,1,185,70325,70325,229376,32,0,0,12,0,16,64,"0x0","0x700f9d5d2b80",3898473809045,3898517344885,3898517368292,3898517375040,23407
187,"void flash_attn_tile<256, 256, 4, 2, false>(char const*, char const*, char const*, char const*, char const*, int const*, float*, HIP_vector_type<float, 2u>*, float, float, float, float, unsigned int, float, int, HIP_vector_type<unsigned int, 3u>, int, int, int, int, int, int, int, int, int, int, int, long, int, int, long, int, int, int, int, int, long) [clone .kd]",4,1,186,70325,70325,28416,256,22528,1104,128,0,64,64,"0x0","0x70100b2a69c0",3898473811637,3898517578066,3898518282791,3898518310312,704725
188,"void flash_attn_combine_results<256>(float const*, HIP_vector_type<float, 2u> const*, float*, int) [clone .kd]",4,1,187,70325,70325,6144,256,512,0,20,0,32,64,"0x0","0x70100b2a6880",3898473813488,3898518282791,3898518304864,3898518313274,22073
189,"void dequantize_block_q4_0<__half>(void const*, __half*, int) [clone .kd]",4,1,188,70325,70325,229376,32,0,0,12,0,16,64,"0x0","0x700f9d5d2b80",3898473815374,3898518304864,3898518328271,3898518335375,23407
190,"void dequantize_block_q4_0<__half>(void const*, __half*, int) [clone .kd]",4,1,189,70325,70325,229376,32,0,0,12,0,16,64,"0x0","0x700f9d5d2b80",3898473817067,3898518328271,3898518351382,3898518358970,23111
191,"void flash_attn_tile<256, 256, 4, 6, false>(char const*, char const*, char const*, char const*, char const*, int const*, float*, HIP_vector_type<float, 2u>*, float, float, float, float, unsigned int, float, int, HIP_vector_type<unsigned int, 3u>, int, int, int, int, int, int, int, int, int, int, int, long, int, int, long, int, int, int, int, int, long) [clone .kd]",4,1,190,70325,70325,21504,384,32768,1432,128,0,48,64,"0x0","0x70100b2a6a40",3898473819427,3898518561896,3898519098921,3898519125827,537025
192,"void flash_attn_combine_results<256>(float const*, HIP_vector_type<float, 2u> const*, float*, int) [clone .kd]",4,1,191,70325,70325,6144,256,512,0,20,0,32,64,"0x0","0x70100b2a6880",3898473821335,3898519162327,3898519188104,3898519194969,25777
193,"void dequantize_block_q4_0<__half>(void const*, __half*, int) [clone .kd]",4,1,192,70325,70325,229376,32,0,0,12,0,16,64,"0x0","0x700f9d5d2b80",3898473823501,3898519188104,3898519211511,3898519219065,23407
194,"void dequantize_block_q4_0<__half>(void const*, __half*, int) [clone .kd]",4,1,193,70325,70325,229376,32,0,0,12,0,16,64,"0x0","0x700f9d5d2b80",3898473825364,3898519211511,3898519234770,3898519242829,23259
195,"void flash_attn_tile<256, 256, 4, 2, false>(char const*, char const*, char const*, char const*, char const*, int const*, float*, HIP_vector_type<float, 2u>*, float, float, float, float, unsigned int, float, int, HIP_vector_type<unsigned int, 3u>, int, int, int, int, int, int, int, int, int, int, int, long, int, int, long, int, int, int, int, int, long) [clone .kd]",4,1,194,70325,70325,28416,256,22528,1104,128,0,64,64,"0x0","0x70100b2a69c0",3898473827836,3898519424988,3898520131935,3898520159057,706947
196,"void flash_attn_combine_results<256>(float const*, HIP_vector_type<float, 2u> const*, float*, int) [clone .kd]",4,1,195,70325,70325,6144,256,512,0,20,0,32,64,"0x0","0x70100b2a6880",3898473829650,3898520131935,3898520151490,3898520162758,19555
197,"void dequantize_block_q4_0<__half>(void const*, __half*, int) [clone .kd]",4,1,196,70325,70325,229376,32,0,0,12,0,16,64,"0x0","0x700f9d5d2b80",3898473831561,3898520151490,3898520173860,3898520185058,22370
198,"void dequantize_block_q4_0<__half>(void const*, __half*, int) [clone .kd]",4,1,197,70325,70325,229376,32,0,0,12,0,16,64,"0x0","0x700f9d5d2b80",3898473833407,3898520173860,3898520195193,3898520206521,21333
199,"void flash_attn_tile<256, 256, 4, 6, false>(char const*, char const*, char const*, char const*, char const*, int const*, float*, HIP_vector_type<float, 2u>*, float, float, float, float, unsigned int, float, int, HIP_vector_type<unsigned int, 3u>, int, int, int, int, int, int, int, int, int, int, int, long, int, int, long, int, int, int, int, int, long) [clone .kd]",4,1,198,70325,70325,21504,384,32768,1432,128,0,48,64,"0x0","0x70100b2a6a40",3898473835988,3898520385115,3898520923621,3898520949967,538506
200,"void flash_attn_combine_results<256>(float const*, HIP_vector_type<float, 2u> const*, float*, int) [clone .kd]",4,1,199,70325,70325,6144,256,512,0,20,0,32,64,"0x0","0x70100b2a6880",3898473838040,3898520980361,3898521006434,3898521014018,26073
201,"void dequantize_block_q4_0<__half>(void const*, __half*, int) [clone .kd]",4,1,200,70325,70325,229376,32,0,0,12,0,16,64,"0x0","0x700f9d5d2b80",3898473839948,3898521006434,3898521029841,3898521038407,23407
202,"void dequantize_block_q4_0<__half>(void const*, __half*, int) [clone .kd]",4,1,201,70325,70325,229376,32,0,0,12,0,16,64,"0x0","0x700f9d5d2b80",3898473841564,3898521029841,3898521051767,3898521060123,21926
203,"void flash_attn_tile<256, 256, 4, 2, false>(char const*, char const*, char const*, char const*, char const*, int const*, float*, HIP_vector_type<float, 2u>*, float, float, float, float, unsigned int, float, int, HIP_vector_type<unsigned int, 3u>, int, int, int, int, int, int, int, int, int, int, int, long, int, int, long, int, int, int, int, int, long) [clone .kd]",4,1,202,70325,70325,28416,256,22528,1104,128,0,64,64,"0x0","0x70100b2a69c0",3898473844057,3898521241392,3898521955450,3898521981826,714058
204,"void flash_attn_combine_results<256>(float const*, HIP_vector_type<float, 2u> const*, float*, int) [clone .kd]",4,1,203,70325,70325,6144,256,512,0,20,0,32,64,"0x0","0x70100b2a6880",3898473846063,3898521955450,3898521977376,3898521984080,21926
205,"void dequantize_block_q4_0<__half>(void const*, __half*, int) [clone .kd]",4,1,204,70325,70325,229376,32,0,0,12,0,16,64,"0x0","0x700f9d5d2b80",3898473848178,3898521977376,3898522000931,3898522014841,23555
206,"void dequantize_block_q4_0<__half>(void const*, __half*, int) [clone .kd]",4,1,205,70325,70325,229376,32,0,0,12,0,16,64,"0x0","0x700f9d5d2b80",3898473849929,3898522000931,3898522024041,3898522036253,23110
207,"void flash_attn_tile<256, 256, 4, 6, false>(char const*, char const*, char const*, char const*, char const*, int const*, float*, HIP_vector_type<float, 2u>*, float, float, float, float, unsigned int, float, int, HIP_vector_type<unsigned int, 3u>, int, int, int, int, int, int, int, int, int, int, int, long, int, int, long, int, int, int, int, int, long) [clone .kd]",4,1,206,70325,70325,21504,384,32768,1432,128,0,48,64,"0x0","0x70100b2a6a40",3898473852331,3898522234703,3898522778988,3898522805125,544285
208,"void flash_attn_combine_results<256>(float const*, HIP_vector_type<float, 2u> const*, float*, int) [clone .kd]",4,1,207,70325,70325,6144,256,512,0,20,0,32,64,"0x0","0x70100b2a6880",3898473854123,3898522825505,3898522853208,3898522861727,27703
209,"void dequantize_block_q4_0<__half>(void const*, __half*, int) [clone .kd]",4,1,208,70325,70325,229376,32,0,0,12,0,16,64,"0x0","0x700f9d5d2b80",3898473856070,3898522853208,3898522876467,3898522884885,23259
210,"void dequantize_block_q4_0<__half>(void const*, __half*, int) [clone .kd]",4,1,209,70325,70325,229376,32,0,0,12,0,16,64,"0x0","0x700f9d5d2b80",3898473858071,3898522876467,3898522899874,3898522907195,23407
211,"void flash_attn_tile<256, 256, 4, 2, false>(char const*, char const*, char const*, char const*, char const*, int const*, float*, HIP_vector_type<float, 2u>*, float, float, float, float, unsigned int, float, int, HIP_vector_type<unsigned int, 3u>, int, int, int, int, int, int, int, int, int, int, int, long, int, int, long, int, int, int, int, int, long) [clone .kd]",4,1,210,70325,70325,28416,256,22528,1104,128,0,64,64,"0x0","0x70100b2a69c0",3898473860737,3898523109795,3898523825039,3898523852691,715244
212,"void flash_attn_combine_results<256>(float const*, HIP_vector_type<float, 2u> const*, float*, int) [clone .kd]",4,1,211,70325,70325,6144,256,512,0,20,0,32,64,"0x0","0x70100b2a6880",3898473862815,3898523825039,3898523846371,3898523856487,21332
213,"void dequantize_block_q4_0<__half>(void const*, __half*, int) [clone .kd]",4,1,212,70325,70325,229376,32,0,0,12,0,16,64,"0x0","0x700f9d5d2b80",3898473864947,3898523846371,3898523869778,3898523879345,23407
214,"void dequantize_block_q4_0<__half>(void const*, __half*, int) [clone .kd]",4,1,213,70325,70325,229376,32,0,0,12,0,16,64,"0x0","0x700f9d5d2b80",3898473866578,3898523869778,3898523892889,3898523899950,23111
215,"void flash_attn_tile<256, 256, 4, 6, false>(char const*, char const*, char const*, char const*, char const*, int const*, float*, HIP_vector_type<float, 2u>*, float, float, float, float, unsigned int, float, int, HIP_vector_type<unsigned int, 3u>, int, int, int, int, int, int, int, int, int, int, int, long, int, int, long, int, int, int, int, int, long) [clone .kd]",4,1,214,70325,70325,21504,384,32768,1432,128,0,48,64,"0x0","0x70100b2a6a40",3898473868907,3898524103106,3898524648280,3898524674358,545174
216,"void flash_attn_combine_results<256>(float const*, HIP_vector_type<float, 2u> const*, float*, int) [clone .kd]",4,1,215,70325,70325,6144,256,512,0,20,0,32,64,"0x0","0x70100b2a6880",3898473870760,3898524698501,3898524726945,3898524734150,28444
217,"void dequantize_block_q4_0<__half>(void const*, __half*, int) [clone .kd]",4,1,216,70325,70325,229376,32,0,0,12,0,16,64,"0x0","0x700f9d5d2b80",3898473872811,3898524726945,3898524751981,3898524760619,25036
218,"void dequantize_block_q4_0<__half>(void const*, __half*, int) [clone .kd]",4,1,217,70325,70325,229376,32,0,0,12,0,16,64,"0x0","0x700f9d5d2b80",3898473874628,3898524751981,3898524776721,3898524783641,24740
219,"void flash_attn_tile<256, 256, 4, 2, false>(char const*, char const*, char const*, char const*, char const*, int const*, float*, HIP_vector_type<float, 2u>*, float, float, float, float, unsigned int, float, int, HIP_vector_type<unsigned int, 3u>, int, int, int, int, int, int, int, int, int, int, int, long, int, int, long, int, int, int, int, int, long) [clone .kd]",4,1,218,70325,70325,28416,256,22528,1104,128,0,64,64,"0x0","0x70100b2a69c0",3898473877130,3898524999383,3898525722182,3898525748991,722799
220,"void flash_attn_combine_results<256>(float const*, HIP_vector_type<float, 2u> const*, float*, int) [clone .kd]",4,1,219,70325,70325,6144,256,512,0,20,0,32,64,"0x0","0x70100b2a6880",3898473878963,3898525722182,3898525744404,3898525752130,22222
221,"void dequantize_block_q4_0<__half>(void const*, __half*, int) [clone .kd]",4,1,220,70325,70325,229376,32,0,0,12,0,16,64,"0x0","0x700f9d5d2b80",3898473880849,3898525744404,3898525768996,3898525776584,24592
222,"void dequantize_block_q4_0<__half>(void const*, __half*, int) [clone .kd]",4,1,221,70325,70325,229376,32,0,0,12,0,16,64,"0x0","0x700f9d5d2b80",3898473882502,3898525768996,3898525793291,3898525801150,24295
223,"void flash_attn_tile<256, 256, 4, 6, false>(char const*, char const*, char const*, char const*, char const*, int const*, float*, HIP_vector_type<float, 2u>*, float, float, float, float, unsigned int, float, int, HIP_vector_type<unsigned int, 3u>, int, int, int, int, int, int, int, int, int, int, int, long, int, int, long, int, int, int, int, int, long) [clone .kd]",4,1,222,70325,70325,21504,384,32768,1432,128,0,48,64,"0x0","0x70100b2a6a40",3898473884972,3898526016398,3898526568533,3898526596104,552135
224,"void flash_attn_combine_results<256>(float const*, HIP_vector_type<float, 2u> const*, float*, int) [clone .kd]",4,1,223,70325,70325,6144,256,512,0,20,0,32,64,"0x0","0x70100b2a6880",3898473886934,3898526643199,3898526672827,3898526681483,29628
225,"void dequantize_block_q4_0<__half>(void const*, __half*, int) [clone .kd]",4,1,224,70325,70325,229376,32,0,0,12,0,16,64,"0x0","0x700f9d5d2b80",3898473889169,3898526672827,3898526697568,3898526705858,24741
226,"void dequantize_block_q4_0<__half>(void const*, __half*, int) [clone .kd]",4,1,225,70325,70325,229376,32,0,0,12,0,16,64,"0x0","0x700f9d5d2b80",3898473890957,3898526697568,3898526722160,3898526730461,24592
227,"void flash_attn_tile<256, 256, 4, 2, false>(char const*, char const*, char const*, char const*, char const*, int const*, float*, HIP_vector_type<float, 2u>*, float, float, float, float, unsigned int, float, int, HIP_vector_type<unsigned int, 3u>, int, int, int, int, int, int, int, int, int, int, int, long, int, int, long, int, int, int, int, int, long) [clone .kd]",4,1,226,70325,70325,28416,256,22528,1104,128,0,64,64,"0x0","0x70100b2a69c0",3898473893294,3898526944970,3898527673842,3898527699295,728872
228,"void flash_attn_combine_results<256>(float const*, HIP_vector_type<float, 2u> const*, float*, int) [clone .kd]",4,1,227,70325,70325,6144,256,512,0,20,0,32,64,"0x0","0x70100b2a6880",3898473895050,3898527673842,3898527696657,3898527701866,22815
229,"void dequantize_block_q4_0<__half>(void const*, __half*, int) [clone .kd]",4,1,228,70325,70325,229376,32,0,0,12,0,16,64,"0x0","0x700f9d5d2b80",3898473896826,3898527696657,3898527721397,3898527728735,24740
230,"void dequantize_block_q4_0<__half>(void const*, __half*, int) [clone .kd]",4,1,229,70325,70325,229376,32,0,0,12,0,16,64,"0x0","0x700f9d5d2b80",3898473898565,3898527721397,3898527746137,3898527753496,24740
231,"void flash_attn_tile<256, 256, 4, 6, false>(char const*, char const*, char const*, char const*, char const*, int const*, float*, HIP_vector_type<float, 2u>*, float, float, float, float, unsigned int, float, int, HIP_vector_type<unsigned int, 3u>, int, int, int, int, int, int, int, int, int, int, int, long, int, int, long, int, int, int, int, int, long) [clone .kd]",4,1,230,70325,70325,21504,384,32768,1432,128,0,48,64,"0x0","0x70100b2a6a40",3898473901130,3898527969540,3898528518564,3898528544493,549024
232,"void flash_attn_combine_results<256>(float const*, HIP_vector_type<float, 2u> const*, float*, int) [clone .kd]",4,1,231,70325,70325,6144,256,512,0,20,0,32,64,"0x0","0x70100b2a6880",3898473903325,3898528596192,3898528624636,3898528633226,28444
233,"void dequantize_block_q4_0<__half>(void const*, __half*, int) [clone .kd]",4,1,232,70325,70325,229376,32,0,0,12,0,16,64,"0x0","0x700f9d5d2b80",3898473905367,3898528624636,3898528649673,3898528657908,25037
234,"void dequantize_block_q4_0<__half>(void const*, __half*, int) [clone .kd]",4,1,233,70325,70325,229376,32,0,0,12,0,16,64,"0x0","0x700f9d5d2b80",3898473907198,3898528649673,3898528674117,3898528681520,24444
235,"void flash_attn_tile<256, 256, 4, 2, false>(char const*, char const*, char const*, char const*, char const*, int const*, float*, HIP_vector_type<float, 2u>*, float, float, float, float, unsigned int, float, int, HIP_vector_type<unsigned int, 3u>, int, int, int, int, int, int, int, int, int, int, int, long, int, int, long, int, int, int, int, int, long) [clone .kd]",4,1,234,70325,70325,28416,256,22528,1104,128,0,64,64,"0x0","0x70100b2a69c0",3898473909663,3898528921963,3898529652613,3898529678838,730650
236,"void flash_attn_combine_results<256>(float const*, HIP_vector_type<float, 2u> const*, float*, int) [clone .kd]",4,1,235,70325,70325,6144,256,512,0,20,0,32,64,"0x0","0x70100b2a6880",3898473911447,3898529652613,3898529675132,3898529681603,22519
237,"void dequantize_block_q4_0<__half>(void const*, __half*, int) [clone .kd]",4,1,236,70325,70325,229376,32,0,0,12,0,16,64,"0x0","0x700f9d5d2b80",3898473913328,3898529675132,3898529699872,3898529707261,24740
238,"void dequantize_block_q4_0<__half>(void const*, __half*, int) [clone .kd]",4,1,237,70325,70325,229376,32,0,0,12,0,16,64,"0x0","0x700f9d5d2b80",3898473915195,3898529699872,3898529724760,3898529732599,24888
239,"void flash_attn_tile<256, 256, 4, 6, false>(char const*, char const*, char const*, char const*, char const*, int const*, float*, HIP_vector_type<float, 2u>*, float, float, float, float, unsigned int, float, int, HIP_vector_type<unsigned int, 3u>, int, int, int, int, int, int, int, int, int, int, int, long, int, int, long, int, int, int, int, int, long) [clone .kd]",4,1,238,70325,70325,21504,384,32768,1432,128,0,48,64,"0x0","0x70100b2a6a40",3898473917718,3898529948311,3898530488447,3898530515764,540136
240,"void flash_attn_combine_results<256>(float const*, HIP_vector_type<float, 2u> const*, float*, int) [clone .kd]",4,1,239,70325,70325,6144,256,512,0,20,0,32,64,"0x0","0x70100b2a6880",3898473919584,3898530518520,3898530547112,3898530554425,28592
241,"void dequantize_block_q4_0<__half>(void const*, __half*, int) [clone .kd]",4,1,240,70325,70325,229376,32,0,0,12,0,16,64,"0x0","0x700f9d5d2b80",3898473921599,3898530547112,3898530571852,3898530579713,24740
242,"void dequantize_block_q4_0<__half>(void const*, __half*, int) [clone .kd]",4,1,241,70325,70325,229376,32,0,0,12,0,16,64,"0x0","0x700f9d5d2b80",3898473923496,3898530571852,3898530596593,3898530605260,24741
243,"void flash_attn_tile<256, 256, 4, 2, false>(char const*, char const*, char const*, char const*, char const*, int const*, float*, HIP_vector_type<float, 2u>*, float, float, float, float, unsigned int, float, int, HIP_vector_type<unsigned int, 3u>, int, int, int, int, int, int, int, int, int, int, int, long, int, int, long, int, int, int, int, int, long) [clone .kd]",4,1,242,70325,70325,28416,256,22528,1104,128,0,64,64,"0x0","0x70100b2a69c0",3898473925807,3898530819551,3898531546201,3898531574841,726650
244,"void flash_attn_combine_results<256>(float const*, HIP_vector_type<float, 2u> const*, float*, int) [clone .kd]",4,1,243,70325,70325,6144,256,512,0,20,0,32,64,"0x0","0x70100b2a6880",3898473927655,3898531546201,3898531568719,3898531578404,22518
245,"void dequantize_block_q4_0<__half>(void const*, __half*, int) [clone .kd]",4,1,244,70325,70325,229376,32,0,0,12,0,16,64,"0x0","0x700f9d5d2b80",3898473929554,3898531568719,3898531593459,3898531602161,24740
246,"void dequantize_block_q4_0<__half>(void const*, __half*, int) [clone .kd]",4,1,245,70325,70325,229376,32,0,0,12,0,16,64,"0x0","0x700f9d5d2b80",3898473931539,3898531593459,3898531617903,3898531625818,24444
247,"void flash_attn_tile<256, 256, 4, 6, false>(char const*, char const*, char const*, char const*, char const*, int const*, float*, HIP_vector_type<float, 2u>*, float, float, float, float, unsigned int, float, int, HIP_vector_type<unsigned int, 3u>, int, int, int, int, int, int, int, int, int, int, int, long, int, int, long, int, int, int, int, int, long) [clone .kd]",4,1,246,70325,70325,21504,384,32768,1432,128,0,48,64,"0x0","0x70100b2a6a40",3898473934132,3898531841306,3898532387516,3898532417650,546210
248,"void flash_attn_combine_results<256>(float const*, HIP_vector_type<float, 2u> const*, float*, int) [clone .kd]",4,1,247,70325,70325,6144,256,512,0,20,0,32,64,"0x0","0x70100b2a6880",3898473936001,3898532466625,3898532494625,3898532502031,28000
249,"void dequantize_block_q4_0<__half>(void const*, __half*, int) [clone .kd]",4,1,248,70325,70325,229376,32,0,0,12,0,16,64,"0x0","0x700f9d5d2b80",3898473938086,3898532494625,3898532519217,3898532527783,24592
250,"void dequantize_block_q4_0<__half>(void const*, __half*, int) [clone .kd]",4,1,249,70325,70325,229376,32,0,0,12,0,16,64,"0x0","0x700f9d5d2b80",3898473939781,3898532519217,3898532543957,3898532551536,24740
251,"void flash_attn_tile<256, 256, 4, 2, false>(char const*, char const*, char const*, char const*, char const*, int const*, float*, HIP_vector_type<float, 2u>*, float, float, float, float, unsigned int, float, int, HIP_vector_type<unsigned int, 3u>, int, int, int, int, int, int, int, int, int, int, int, long, int, int, long, int, int, int, int, int, long) [clone .kd]",4,1,250,70325,70325,28416,256,22528,1104,128,0,64,64,"0x0","0x70100b2a69c0",3898473942251,3898532766915,3898533478010,3898533507372,711095
252,"void flash_attn_combine_results<256>(float const*, HIP_vector_type<float, 2u> const*, float*, int) [clone .kd]",4,1,251,70325,70325,6144,256,512,0,20,0,32,64,"0x0","0x70100b2a6880",3898473948074,3898533478010,3898533500973,3898533513084,22963
253,"void dequantize_block_q4_0<__half>(void const*, __half*, int) [clone .kd]",4,1,252,70325,70325,229376,32,0,0,12,0,16,64,"0x0","0x700f9d5d2b80",3898473950151,3898533500973,3898533525861,3898533533158,24888
254,"void dequantize_block_q4_0<__half>(void const*, __half*, int) [clone .kd]",4,1,253,70325,70325,229376,32,0,0,12,0,16,64,"0x0","0x700f9d5d2b80",3898473951906,3898533525861,3898533550453,3898533557899,24592
255,"void flash_attn_tile<256, 256, 4, 6, false>(char const*, char const*, char const*, char const*, char const*, int const*, float*, HIP_vector_type<float, 2u>*, float, float, float, float, unsigned int, float, int, HIP_vector_type<unsigned int, 3u>, int, int, int, int, int, int, int, int, int, int, int, long, int, int, long, int, int, int, int, int, long) [clone .kd]",4,1,254,70325,70325,21504,384,32768,1432,128,0,48,64,"0x0","0x70100b2a6a40",3898473954511,3898533773856,3898534320214,3898534347403,546358
256,"void flash_attn_combine_results<256>(float const*, HIP_vector_type<float, 2u> const*, float*, int) [clone .kd]",4,1,255,70325,70325,6144,256,512,0,20,0,32,64,"0x0","0x70100b2a6880",3898473956340,3898534398731,3898534427175,3898534434649,28444
257,"void dequantize_block_q4_0<__half>(void const*, __half*, int) [clone .kd]",4,1,256,70325,70325,229376,32,0,0,12,0,16,64,"0x0","0x700f9d5d2b80",3898473958366,3898534427175,3898534452063,3898534459775,24888
258,"void dequantize_block_q4_0<__half>(void const*, __half*, int) [clone .kd]",4,1,257,70325,70325,229376,32,0,0,12,0,16,64,"0x0","0x700f9d5d2b80",3898473960117,3898534452063,3898534476655,3898534484737,24592
259,"void flash_attn_tile<256, 256, 4, 2, false>(char const*, char const*, char const*, char const*, char const*, int const*, float*, HIP_vector_type<float, 2u>*, float, float, float, float, unsigned int, float, int, HIP_vector_type<unsigned int, 3u>, int, int, int, int, int, int, int, int, int, int, int, long, int, int, long, int, int, int, int, int, long) [clone .kd]",4,1,258,70325,70325,28416,256,22528,1104,128,0,64,64,"0x0","0x70100b2a69c0",3898473962666,3898534699613,3898535414412,3898535447550,714799
260,"void flash_attn_combine_results<256>(float const*, HIP_vector_type<float, 2u> const*, float*, int) [clone .kd]",4,1,259,70325,70325,6144,256,512,0,20,0,32,64,"0x0","0x70100b2a6880",3898473964599,3898535414412,3898535436634,3898535452827,22222
261,"void dequantize_block_q4_0<__half>(void const*, __half*, int) [clone .kd]",4,1,260,70325,70325,229376,32,0,0,12,0,16,64,"0x0","0x700f9d5d2b80",3898473966445,3898535436634,3898535461374,3898535475777,24740
262,"void dequantize_block_q4_0<__half>(void const*, __half*, int) [clone .kd]",4,1,261,70325,70325,229376,32,0,0,12,0,16,64,"0x0","0x700f9d5d2b80",3898473968070,3898535461374,3898535486114,3898535495710,24740
263,"void flash_attn_tile<256, 256, 4, 6, false>(char const*, char const*, char const*, char const*, char const*, int const*, float*, HIP_vector_type<float, 2u>*, float, float, float, float, unsigned int, float, int, HIP_vector_type<unsigned int, 3u>, int, int, int, int, int, int, int, int, int, int, int, long, int, int, long, int, int, int, int, int, long) [clone .kd]",4,1,262,70325,70325,21504,384,32768,1432,128,0,48,64,"0x0","0x70100b2a6a40",3898473970370,3898535704480,3898536245949,3898536272341,541469
264,"void flash_attn_combine_results<256>(float const*, HIP_vector_type<float, 2u> const*, float*, int) [clone .kd]",4,1,263,70325,70325,6144,256,512,0,20,0,32,64,"0x0","0x70100b2a6880",3898473972305,3898536308466,3898536335577,3898536343759,27111
265,"void dequantize_block_q4_0<__half>(void const*, __half*, int) [clone .kd]",4,1,264,70325,70325,229376,32,0,0,12,0,16,64,"0x0","0x700f9d5d2b80",3898473974461,3898536335577,3898536359280,3898536366698,23703
266,"void dequantize_block_q4_0<__half>(void const*, __half*, int) [clone .kd]",4,1,265,70325,70325,229376,32,0,0,12,0,16,64,"0x0","0x700f9d5d2b80",3898473976284,3898536359280,3898536382539,3898536389397,23259
267,"void flash_attn_tile<256, 256, 4, 2, false>(char const*, char const*, char const*, char const*, char const*, int const*, float*, HIP_vector_type<float, 2u>*, float, float, float, float, unsigned int, float, int, HIP_vector_type<unsigned int, 3u>, int, int, int, int, int, int, int, int, int, int, int, long, int, int, long, int, int, int, int, int, long) [clone .kd]",4,1,266,70325,70325,28416,256,22528,1104,128,0,64,64,"0x0","0x70100b2a69c0",3898473978872,3898536592460,3898537285482,3898537310734,693022
268,"void flash_attn_combine_results<256>(float const*, HIP_vector_type<float, 2u> const*, float*, int) [clone .kd]",4,1,267,70325,70325,6144,256,512,0,20,0,32,64,"0x0","0x70100b2a6880",3898473980793,3898537285482,3898537306222,3898537313481,20740
269,"void dequantize_block_q4_0<__half>(void const*, __half*, int) [clone .kd]",4,1,268,70325,70325,229376,32,0,0,12,0,16,64,"0x0","0x700f9d5d2b80",3898473982877,3898537306222,3898537329333,3898537336358,23111
270,"void dequantize_block_q4_0<__half>(void const*, __half*, int) [clone .kd]",4,1,269,70325,70325,229376,32,0,0,12,0,16,64,"0x0","0x700f9d5d2b80",3898473984647,3898537329333,3898537351999,3898537360451,22666
271,"void flash_attn_tile<256, 256, 4, 6, false>(char const*, char const*, char const*, char const*, char const*, int const*, float*, HIP_vector_type<float, 2u>*, float, float, float, float, unsigned int, float, int, HIP_vector_type<unsigned int, 3u>, int, int, int, int, int, int, int, int, int, int, int, long, int, int, long, int, int, int, int, int, long) [clone .kd]",4,1,270,70325,70325,21504,384,32768,1432,128,0,48,64,"0x0","0x70100b2a6a40",3898473987142,3898537542069,3898538078946,3898538104225,536877
272,"void flash_attn_combine_results<256>(float const*, HIP_vector_type<float, 2u> const*, float*, int) [clone .kd]",4,1,271,70325,70325,6144,256,512,0,20,0,32,64,"0x0","0x70100b2a6880",3898473989005,3898538126352,3898538154203,3898538161339,27851
273,"void dequantize_block_q4_0<__half>(void const*, __half*, int) [clone .kd]",4,1,272,70325,70325,229376,32,0,0,12,0,16,64,"0x0","0x700f9d5d2b80",3898473990865,3898538154203,3898538177907,3898538185013,23704
274,"void dequantize_block_q4_0<__half>(void const*, __half*, int) [clone .kd]",4,1,273,70325,70325,229376,32,0,0,12,0,16,64,"0x0","0x700f9d5d2b80",3898473992649,3898538177907,3898538201017,3898538208124,23110
275,"void flash_attn_tile<256, 256, 4, 2, false>(char const*, char const*, char const*, char const*, char const*, int const*, float*, HIP_vector_type<float, 2u>*, float, float, float, float, unsigned int, float, int, HIP_vector_type<unsigned int, 3u>, int, int, int, int, int, int, int, int, int, int, int, long, int, int, long, int, int, int, int, int, long) [clone .kd]",4,1,274,70325,70325,28416,256,22528,1104,128,0,64,64,"0x0","0x70100b2a69c0",3898473995116,3898538411087,3898539109738,3898539135062,698651
276,"void flash_attn_combine_results<256>(float const*, HIP_vector_type<float, 2u> const*, float*, int) [clone .kd]",4,1,275,70325,70325,6144,256,512,0,20,0,32,64,"0x0","0x70100b2a6880",3898473997096,3898539109738,3898539129589,3898539137868,19851
277,"void dequantize_block_q4_0<__half>(void const*, __half*, int) [clone .kd]",4,1,276,70325,70325,229376,32,0,0,12,0,16,64,"0x0","0x700f9d5d2b80",3898473999087,3898539129589,3898539152255,3898539159144,22666
278,"void dequantize_block_q4_0<__half>(void const*, __half*, int) [clone .kd]",4,1,277,70325,70325,229376,32,0,0,12,0,16,64,"0x0","0x700f9d5d2b80",3898474003726,3898539152255,3898539173736,3898539181028,21481
279,"void flash_attn_tile<256, 256, 4, 6, false>(char const*, char const*, char const*, char const*, char const*, int const*, float*, HIP_vector_type<float, 2u>*, float, float, float, float, unsigned int, float, int, HIP_vector_type<unsigned int, 3u>, int, int, int, int, int, int, int, int, int, int, int, long, int, int, long, int, int, int, int, int, long) [clone .kd]",4,1,278,70325,70325,21504,384,32768,1432,128,0,48,64,"0x0","0x70100b2a6a40",3898474006199,3898539363954,3898539893869,3898539917736,529915
280,"void flash_attn_combine_results<256>(float const*, HIP_vector_type<float, 2u> const*, float*, int) [clone .kd]",4,1,279,70325,70325,6144,256,512,0,20,0,32,64,"0x0","0x70100b2a6880",3898474007912,3898539955349,3898539980385,3898539988098,25036
281,"void dequantize_block_q4_0<__half>(void const*, __half*, int) [clone .kd]",4,1,280,70325,70325,229376,32,0,0,12,0,16,64,"0x0","0x700f9d5d2b80",3898474009747,3898539980385,3898540003792,3898540013877,23407
282,"void dequantize_block_q4_0<__half>(void const*, __half*, int) [clone .kd]",4,1,281,70325,70325,229376,32,0,0,12,0,16,64,"0x0","0x700f9d5d2b80",3898474011258,3898540003792,3898540026903,3898540034373,23111
283,"void flash_attn_tile<256, 256, 4, 2, false>(char const*, char const*, char const*, char const*, char const*, int const*, float*, HIP_vector_type<float, 2u>*, float, float, float, float, unsigned int, float, int, HIP_vector_type<unsigned int, 3u>, int, int, int, int, int, int, int, int, int, int, int, long, int, int, long, int, int, int, int, int, long) [clone .kd]",4,1,282,70325,70325,28416,256,22528,1104,128,0,64,64,"0x0","0x70100b2a69c0",3898474013853,3898540217121,3898540918735,3898540944244,701614
284,"void flash_attn_combine_results<256>(float const*, HIP_vector_type<float, 2u> const*, float*, int) [clone .kd]",4,1,283,70325,70325,6144,256,512,0,20,0,32,64,"0x0","0x70100b2a6880",3898474015986,3898540918735,3898540939623,3898540946582,20888
285,"void dequantize_block_q4_0<__half>(void const*, __half*, int) [clone .kd]",4,1,284,70325,70325,229376,32,0,0,12,0,16,64,"0x0","0x700f9d5d2b80",3898474018073,3898540939623,3898540963326,3898540970810,23703
286,"void dequantize_block_q4_0<__half>(void const*, __half*, int) [clone .kd]",4,1,285,70325,70325,229376,32,0,0,12,0,16,64,"0x0","0x700f9d5d2b80",3898474019974,3898540963326,3898540986585,3898540994410,23259
287,"void flash_attn_tile<256, 256, 4, 6, false>(char const*, char const*, char const*, char const*, char const*, int const*, float*, HIP_vector_type<float, 2u>*, float, float, float, float, unsigned int, float, int, HIP_vector_type<unsigned int, 3u>, int, int, int, int, int, int, int, int, int, int, int, long, int, int, long, int, int, int, int, int, long) [clone .kd]",4,1,286,70325,70325,21504,384,32768,1432,128,0,48,64,"0x0","0x70100b2a6a40",3898474022482,3898541196655,3898541734421,3898541758179,537766
288,"void flash_attn_combine_results<256>(float const*, HIP_vector_type<float, 2u> const*, float*, int) [clone .kd]",4,1,287,70325,70325,6144,256,512,0,20,0,32,64,"0x0","0x70100b2a6880",3898474024433,3898541786271,3898541813234,3898541820308,26963
289,"void dequantize_block_q4_0<__half>(void const*, __half*, int) [clone .kd]",4,1,288,70325,70325,229376,32,0,0,12,0,16,64,"0x0","0x700f9d5d2b80",3898474026440,3898541813234,3898541836641,3898541845099,23407
290,"void dequantize_block_q4_0<__half>(void const*, __half*, int) [clone .kd]",4,1,289,70325,70325,229376,32,0,0,12,0,16,64,"0x0","0x700f9d5d2b80",3898474028012,3898541836641,3898541859899,3898541868447,23258
291,"void flash_attn_tile<256, 256, 4, 2, false>(char const*, char const*, char const*, char const*, char const*, int const*, float*, HIP_vector_type<float, 2u>*, float, float, float, float, unsigned int, float, int, HIP_vector_type<unsigned int, 3u>, int, int, int, int, int, int, int, int, int, int, int, long, int, int, long, int, int, int, int, int, long) [clone .kd]",4,1,290,70325,70325,28416,256,22528,1104,128,0,64,64,"0x0","0x70100b2a69c0",3898474030358,3898542069672,3898542778842,3898542804118,709170
292,"void flash_attn_combine_results<256>(float const*, HIP_vector_type<float, 2u> const*, float*, int) [clone .kd]",4,1,291,70325,70325,6144,256,512,0,20,0,32,64,"0x0","0x70100b2a6880",3898474032618,3898542778842,3898542801508,3898542806927,22666
293,"void dequantize_block_q4_0<__half>(void const*, __half*, int) [clone .kd]",4,1,292,70325,70325,229376,32,0,0,12,0,16,64,"0x0","0x700f9d5d2b80",3898474034393,3898542801508,3898542826396,3898542834031,24888
294,"void dequantize_block_q4_0<__half>(void const*, __half*, int) [clone .kd]",4,1,293,70325,70325,229376,32,0,0,12,0,16,64,"0x0","0x700f9d5d2b80",3898474036233,3898542826396,3898542851137,3898542859299,24741
295,"void flash_attn_tile<256, 256, 4, 6, false>(char const*, char const*, char const*, char const*, char const*, int const*, float*, HIP_vector_type<float, 2u>*, float, float, float, float, unsigned int, float, int, HIP_vector_type<unsigned int, 3u>, int, int, int, int, int, int, int, int, int, int, int, long, int, int, long, int, int, int, int, int, long) [clone .kd]",4,1,294,70325,70325,21504,384,32768,1432,128,0,48,64,"0x0","0x70100b2a6a40",3898474039325,3898543074539,3898543629045,3898543653177,554506
296,"void flash_attn_combine_results<256>(float const*, HIP_vector_type<float, 2u> const*, float*, int) [clone .kd]",4,1,295,70325,70325,6144,256,512,0,20,0,32,64,"0x0","0x70100b2a6880",3898474041291,3898543700747,3898543730080,3898543738118,29333
297,"void dequantize_block_q4_0<__half>(void const*, __half*, int) [clone .kd]",4,1,296,70325,70325,229376,32,0,0,12,0,16,64,"0x0","0x700f9d5d2b80",3898474043264,3898543730080,3898543755265,3898543763136,25185
298,"void dequantize_block_q4_0<__half>(void const*, __half*, int) [clone .kd]",4,1,297,70325,70325,229376,32,0,0,12,0,16,64,"0x0","0x700f9d5d2b80",3898474045036,3898543755265,3898543779857,3898543787132,24592
299,"void flash_attn_tile<256, 256, 4, 2, false>(char const*, char const*, char const*, char const*, char const*, int const*, float*, HIP_vector_type<float, 2u>*, float, float, float, float, unsigned int, float, int, HIP_vector_type<unsigned int, 3u>, int, int, int, int, int, int, int, int, int, int, int, long, int, int, long, int, int, int, int, int, long) [clone .kd]",4,1,298,70325,70325,28416,256,22528,1104,128,0,64,64,"0x0","0x70100b2a69c0",3898474047341,3898544002963,3898544722947,3898544748039,719984
300,"void flash_attn_combine_results<256>(float const*, HIP_vector_type<float, 2u> const*, float*, int) [clone .kd]",4,1,299,70325,70325,6144,256,512,0,20,0,32,64,"0x0","0x70100b2a6880",3898474049251,3898544722947,3898544745021,3898544750693,22074
301,"void dequantize_block_q4_0<__half>(void const*, __half*, int) [clone .kd]",4,1,300,70325,70325,229376,32,0,0,12,0,16,64,"0x0","0x700f9d5d2b80",3898474051033,3898544745021,3898544769613,3898544777293,24592
302,"void dequantize_block_q4_0<__half>(void const*, __half*, int) [clone .kd]",4,1,301,70325,70325,229376,32,0,0,12,0,16,64,"0x0","0x700f9d5d2b80",3898474052714,3898544769613,3898544794205,3898544801943,24592
303,"void flash_attn_tile<256, 256, 4, 6, false>(char const*, char const*, char const*, char const*, char const*, int const*, float*, HIP_vector_type<float, 2u>*, float, float, float, float, unsigned int, float, int, HIP_vector_type<unsigned int, 3u>, int, int, int, int, int, int, int, int, int, int, int, long, int, int, long, int, int, int, int, int, long) [clone .kd]",4,1,302,70325,70325,21504,384,32768,1432,128,0,48,64,"0x0","0x70100b2a6a40",3898474054962,3898545017459,3898545563669,3898545588755,546210
304,"void flash_attn_combine_results<256>(float const*, HIP_vector_type<float, 2u> const*, float*, int) [clone .kd]",4,1,303,70325,70325,6144,256,512,0,20,0,32,64,"0x0","0x70100b2a6880",3898474056898,3898545644705,3898545673889,3898545682441,29184
305,"void dequantize_block_q4_0<__half>(void const*, __half*, int) [clone .kd]",4,1,304,70325,70325,229376,32,0,0,12,0,16,64,"0x0","0x700f9d5d2b80",3898474059068,3898545673889,3898545698629,3898545707111,24740
306,"void dequantize_block_q4_0<__half>(void const*, __half*, int) [clone .kd]",4,1,305,70325,70325,229376,32,0,0,12,0,16,64,"0x0","0x700f9d5d2b80",3898474060942,3898545698629,3898545723221,3898545731629,24592
307,"void flash_attn_tile<256, 256, 4, 2, false>(char const*, char const*, char const*, char const*, char const*, int const*, float*, HIP_vector_type<float, 2u>*, float, float, float, float, unsigned int, float, int, HIP_vector_type<unsigned int, 3u>, int, int, int, int, int, int, int, int, int, int, int, long, int, int, long, int, int, int, int, int, long) [clone .kd]",4,1,306,70325,70325,28416,256,22528,1104,128,0,64,64,"0x0","0x70100b2a69c0",3898474063636,3898545946476,3898546676978,3898546702005,730502
308,"void flash_attn_combine_results<256>(float const*, HIP_vector_type<float, 2u> const*, float*, int) [clone .kd]",4,1,307,70325,70325,6144,256,512,0,20,0,32,64,"0x0","0x70100b2a6880",3898474065609,3898546676978,3898546699348,3898546705894,22370
309,"void dequantize_block_q4_0<__half>(void const*, __half*, int) [clone .kd]",4,1,308,70325,70325,229376,32,0,0,12,0,16,64,"0x0","0x700f9d5d2b80",3898474067585,3898546699348,3898546723940,3898546731829,24592
310,"void dequantize_block_q4_0<__half>(void const*, __half*, int) [clone .kd]",4,1,309,70325,70325,229376,32,0,0,12,0,16,64,"0x0","0x700f9d5d2b80",3898474069234,3898546723940,3898546748532,3898546756242,24592
311,"void flash_attn_tile<256, 256, 4, 6, false>(char const*, char const*, char const*, char const*, char const*, int const*, float*, HIP_vector_type<float, 2u>*, float, float, float, float, unsigned int, float, int, HIP_vector_type<unsigned int, 3u>, int, int, int, int, int, int, int, int, int, int, int, long, int, int, long, int, int, int, int, int, long) [clone .kd]",4,1,310,70325,70325,21504,384,32768,1432,128,0,48,64,"0x0","0x70100b2a6a40",3898474071541,3898546972231,3898547523182,3898547548021,550951
312,"void flash_attn_combine_results<256>(float const*, HIP_vector_type<float, 2u> const*, float*, int) [clone .kd]",4,1,311,70325,70325,6144,256,512,0,20,0,32,64,"0x0","0x70100b2a6880",3898474073374,3898547599032,3898547629105,3898547637644,30073
313,"void dequantize_block_q4_0<__half>(void const*, __half*, int) [clone .kd]",4,1,312,70325,70325,229376,32,0,0,12,0,16,64,"0x0","0x700f9d5d2b80",3898474075296,3898547629105,3898547653993,3898547661963,24888
314,"void dequantize_block_q4_0<__half>(void const*, __half*, int) [clone .kd]",4,1,313,70325,70325,229376,32,0,0,12,0,16,64,"0x0","0x700f9d5d2b80",3898474077145,3898547653993,3898547678437,3898547686302,24444
315,"void flash_attn_tile<256, 256, 4, 2, false>(char const*, char const*, char const*, char const*, char const*, int const*, float*, HIP_vector_type<float, 2u>*, float, float, float, float, unsigned int, float, int, HIP_vector_type<unsigned int, 3u>, int, int, int, int, int, int, int, int, int, int, int, long, int, int, long, int, int, int, int, int, long) [clone .kd]",4,1,314,70325,70325,28416,256,22528,1104,128,0,64,64,"0x0","0x70100b2a69c0",3898474079947,3898547901395,3898548625379,3898548650300,723984
316,"void flash_attn_combine_results<256>(float const*, HIP_vector_type<float, 2u> const*, float*, int) [clone .kd]",4,1,315,70325,70325,6144,256,512,0,20,0,32,64,"0x0","0x70100b2a6880",3898474081937,3898548625379,3898548648046,3898548654260,22667
317,"void dequantize_block_q4_0<__half>(void const*, __half*, int) [clone .kd]",4,1,316,70325,70325,229376,32,0,0,12,0,16,64,"0x0","0x700f9d5d2b80",3898474083929,3898548648046,3898548672786,3898548680264,24740
318,"void dequantize_block_q4_0<__half>(void const*, __half*, int) [clone .kd]",4,1,317,70325,70325,229376,32,0,0,12,0,16,64,"0x0","0x700f9d5d2b80",3898474085686,3898548672786,3898548697526,3898548705736,24740
319,"void flash_attn_tile<256, 256, 4, 6, false>(char const*, char const*, char const*, char const*, char const*, int const*, float*, HIP_vector_type<float, 2u>*, float, float, float, float, unsigned int, float, int, HIP_vector_type<unsigned int, 3u>, int, int, int, int, int, int, int, int, int, int, int, long, int, int, long, int, int, int, int, int, long) [clone .kd]",4,1,318,70325,70325,21504,384,32768,1432,128,0,48,64,"0x0","0x70100b2a6a40",3898474088154,3898548920632,3898549469509,3898549493101,548877
320,"void flash_attn_combine_results<256>(float const*, HIP_vector_type<float, 2u> const*, float*, int) [clone .kd]",4,1,319,70325,70325,6144,256,512,0,20,0,32,64,"0x0","0x70100b2a6880",3898474089936,3898549546544,3898549575877,3898549584151,29333
321,"void dequantize_block_q4_0<__half>(void const*, __half*, int) [clone .kd]",4,1,320,70325,70325,229376,32,0,0,12,0,16,64,"0x0","0x700f9d5d2b80",3898474091839,3898549575877,3898549600913,3898549609444,25036
322,"void dequantize_block_q4_0<__half>(void const*, __half*, int) [clone .kd]",4,1,321,70325,70325,229376,32,0,0,12,0,16,64,"0x0","0x700f9d5d2b80",3898474093520,3898549600913,3898549625505,3898549633143,24592
323,"void flash_attn_tile<256, 256, 4, 2, false>(char const*, char const*, char const*, char const*, char const*, int const*, float*, HIP_vector_type<float, 2u>*, float, float, float, float, unsigned int, float, int, HIP_vector_type<unsigned int, 3u>, int, int, int, int, int, int, int, int, int, int, int, long, int, int, long, int, int, int, int, int, long) [clone .kd]",4,1,322,70325,70325,28416,256,22528,1104,128,0,64,64,"0x0","0x70100b2a69c0",3898474095924,3898549848463,3898550573188,3898550598087,724725
324,"void flash_attn_combine_results<256>(float const*, HIP_vector_type<float, 2u> const*, float*, int) [clone .kd]",4,1,323,70325,70325,6144,256,512,0,20,0,32,64,"0x0","0x70100b2a6880",3898474098062,3898550573188,3898550594817,3898550600845,21629
325,"void dequantize_block_q4_0<__half>(void const*, __half*, int) [clone .kd]",4,1,324,70325,70325,229376,32,0,0,12,0,16,64,"0x0","0x700f9d5d2b80",3898474100102,3898550594817,3898550622965,3898550631080,28148
326,"void dequantize_block_q4_0<__half>(void const*, __half*, int) [clone .kd]",4,1,325,70325,70325,229376,32,0,0,12,0,16,64,"0x0","0x700f9d5d2b80",3898474101859,3898550622965,3898550661038,3898550669580,38073
327,"void flash_attn_tile<256, 256, 4, 6, false>(char const*, char const*, char const*, char const*, char const*, int const*, float*, HIP_vector_type<float, 2u>*, float, float, float, float, unsigned int, float, int, HIP_vector_type<unsigned int, 3u>, int, int, int, int, int, int, int, int, int, int, int, long, int, int, long, int, int, int, int, int, long) [clone .kd]",4,1,326,70325,70325,21504,384,32768,1432,128,0,48,64,"0x0","0x70100b2a6a40",3898474104413,3898550917625,3898551518352,3898551543182,600727
328,"void flash_attn_combine_results<256>(float const*, HIP_vector_type<float, 2u> const*, float*, int) [clone .kd]",4,1,327,70325,70325,6144,256,512,0,20,0,32,64,"0x0","0x70100b2a6880",3898474106306,3898551548426,3898551579536,3898551587909,31110
329,"void dequantize_block_q4_0<__half>(void const*, __half*, int) [clone .kd]",4,1,328,70325,70325,229376,32,0,0,12,0,16,64,"0x0","0x700f9d5d2b80",3898474108367,3898551579536,3898551607536,3898551615962,28000
330,"void dequantize_block_q4_0<__half>(void const*, __half*, int) [clone .kd]",4,1,329,70325,70325,229376,32,0,0,12,0,16,64,"0x0","0x700f9d5d2b80",3898474110006,3898551607536,3898551634794,3898551642243,27258
331,"void flash_attn_tile<256, 256, 4, 2, false>(char const*, char const*, char const*, char const*, char const*, int const*, float*, HIP_vector_type<float, 2u>*, float, float, float, float, unsigned int, float, int, HIP_vector_type<unsigned int, 3u>, int, int, int, int, int, int, int, int, int, int, int, long, int, int, long, int, int, int, int, int, long) [clone .kd]",4,1,330,70325,70325,28416,256,22528,1104,128,0,64,64,"0x0","0x70100b2a69c0",3898474112358,3898551882789,3898552673586,3898552703464,790797
332,"void flash_attn_combine_results<256>(float const*, HIP_vector_type<float, 2u> const*, float*, int) [clone .kd]",4,1,331,70325,70325,6144,256,512,0,20,0,32,64,"0x0","0x70100b2a6880",3898474114158,3898552673586,3898552705437,3898552721212,31851
333,"void dequantize_block_q4_0<__half>(void const*, __half*, int) [clone .kd]",4,1,332,70325,70325,229376,32,0,0,12,0,16,64,"0x0","0x700f9d5d2b80",3898474115948,3898552705437,3898552730474,3898552737763,25037
334,"void dequantize_block_q4_0<__half>(void const*, __half*, int) [clone .kd]",4,1,333,70325,70325,229376,32,0,0,12,0,16,64,"0x0","0x700f9d5d2b80",3898474117583,3898552730474,3898552755214,3898552763462,24740
335,"void flash_attn_tile<256, 256, 4, 6, false>(char const*, char const*, char const*, char const*, char const*, int const*, float*, HIP_vector_type<float, 2u>*, float, float, float, float, unsigned int, float, int, HIP_vector_type<unsigned int, 3u>, int, int, int, int, int, int, int, int, int, int, int, long, int, int, long, int, int, int, int, int, long) [clone .kd]",4,1,334,70325,70325,21504,384,32768,1432,128,0,48,64,"0x0","0x70100b2a6a40",3898474119843,3898552978617,3898553524530,3898553550259,545913
336,"void flash_attn_combine_results<256>(float const*, HIP_vector_type<float, 2u> const*, float*, int) [clone .kd]",4,1,335,70325,70325,6144,256,512,0,20,0,32,64,"0x0","0x70100b2a6880",3898474121769,3898553605417,3898553633861,3898553641905,28444
337,"void dequantize_block_q4_0<__half>(void const*, __half*, int) [clone .kd]",4,1,336,70325,70325,229376,32,0,0,12,0,16,64,"0x0","0x700f9d5d2b80",3898474123811,3898553633861,3898553658750,3898553667150,24889
338,"void dequantize_block_q4_0<__half>(void const*, __half*, int) [clone .kd]",4,1,337,70325,70325,229376,32,0,0,12,0,16,64,"0x0","0x700f9d5d2b80",3898474125723,3898553658750,3898553683490,3898553691323,24740
339,"void flash_attn_tile<256, 256, 4, 2, false>(char const*, char const*, char const*, char const*, char const*, int const*, float*, HIP_vector_type<float, 2u>*, float, float, float, float, unsigned int, float, int, HIP_vector_type<unsigned int, 3u>, int, int, int, int, int, int, int, int, int, int, int, long, int, int, long, int, int, int, int, int, long) [clone .kd]",4,1,338,70325,70325,28416,256,22528,1104,128,0,64,64,"0x0","0x70100b2a69c0",3898474128176,3898553906300,3898554616062,3898554643142,709762
340,"void flash_attn_combine_results<256>(float const*, HIP_vector_type<float, 2u> const*, float*, int) [clone .kd]",4,1,339,70325,70325,6144,256,512,0,20,0,32,64,"0x0","0x70100b2a6880",3898474130090,3898554616062,3898554638876,3898554647021,22814
341,"void dequantize_block_q4_0<__half>(void const*, __half*, int) [clone .kd]",4,1,340,70325,70325,229376,32,0,0,12,0,16,64,"0x0","0x700f9d5d2b80",3898474132086,3898554638876,3898554663616,3898554671808,24740
342,"void dequantize_block_q4_0<__half>(void const*, __half*, int) [clone .kd]",4,1,341,70325,70325,229376,32,0,0,12,0,16,64,"0x0","0x700f9d5d2b80",3898474133734,3898554663616,3898554688060,3898554695928,24444
343,"void flash_attn_tile<256, 256, 4, 6, false>(char const*, char const*, char const*, char const*, char const*, int const*, float*, HIP_vector_type<float, 2u>*, float, float, float, float, unsigned int, float, int, HIP_vector_type<unsigned int, 3u>, int, int, int, int, int, int, int, int, int, int, int, long, int, int, long, int, int, int, int, int, long) [clone .kd]",4,1,342,70325,70325,21504,384,32768,1432,128,0,48,64,"0x0","0x70100b2a6a40",3898474136173,3898554911463,3898555458117,3898555484471,546654
344,"void flash_attn_combine_results<256>(float const*, HIP_vector_type<float, 2u> const*, float*, int) [clone .kd]",4,1,343,70325,70325,6144,256,512,0,20,0,32,64,"0x0","0x70100b2a6880",3898474137899,3898555538412,3898555566856,3898555574638,28444
345,"void dequantize_block_q4_0<__half>(void const*, __half*, int) [clone .kd]",4,1,344,70325,70325,229376,32,0,0,12,0,16,64,"0x0","0x700f9d5d2b80",3898474139732,3898555566856,3898555591596,3898555600284,24740
346,"void dequantize_block_q4_0<__half>(void const*, __half*, int) [clone .kd]",4,1,345,70325,70325,229376,32,0,0,12,0,16,64,"0x0","0x700f9d5d2b80",3898474141374,3898555591596,3898555616484,3898555624847,24888
347,"void flash_attn_tile<256, 256, 4, 2, false>(char const*, char const*, char const*, char const*, char const*, int const*, float*, HIP_vector_type<float, 2u>*, float, float, float, float, unsigned int, float, int, HIP_vector_type<unsigned int, 3u>, int, int, int, int, int, int, int, int, int, int, int, long, int, int, long, int, int, int, int, int, long) [clone .kd]",4,1,346,70325,70325,28416,256,22528,1104,128,0,64,64,"0x0","0x70100b2a69c0",3898474143641,3898555839294,3898556556463,3898556584731,717169
348,"void flash_attn_combine_results<256>(float const*, HIP_vector_type<float, 2u> const*, float*, int) [clone .kd]",4,1,347,70325,70325,6144,256,512,0,20,0,32,64,"0x0","0x70100b2a6880",3898474145689,3898556556463,3898556579130,3898556589135,22667
349,"void dequantize_block_q4_0<__half>(void const*, __half*, int) [clone .kd]",4,1,348,70325,70325,229376,32,0,0,12,0,16,64,"0x0","0x700f9d5d2b80",3898474147704,3898556579130,3898556603870,3898556612077,24740
350,"void dequantize_block_q4_0<__half>(void const*, __half*, int) [clone .kd]",4,1,349,70325,70325,229376,32,0,0,12,0,16,64,"0x0","0x700f9d5d2b80",3898474149501,3898556603870,3898556628462,3898556635844,24592
351,"void flash_attn_tile<256, 256, 4, 6, false>(char const*, char const*, char const*, char const*, char const*, int const*, float*, HIP_vector_type<float, 2u>*, float, float, float, float, unsigned int, float, int, HIP_vector_type<unsigned int, 3u>, int, int, int, int, int, int, int, int, int, int, int, long, int, int, long, int, int, int, int, int, long) [clone .kd]",4,1,350,70325,70325,21504,384,32768,1432,128,0,48,64,"0x0","0x70100b2a6a40",3898474151956,3898556851568,3898557391408,3898557417225,539840
352,"void flash_attn_combine_results<256>(float const*, HIP_vector_type<float, 2u> const*, float*, int) [clone .kd]",4,1,351,70325,70325,6144,256,512,0,20,0,32,64,"0x0","0x70100b2a6880",3898474153810,3898557420592,3898557449925,3898557458651,29333
353,"void dequantize_block_q4_0<__half>(void const*, __half*, int) [clone .kd]",4,1,352,70325,70325,229376,32,0,0,12,0,16,64,"0x0","0x700f9d5d2b80",3898474155926,3898557449925,3898557474517,3898557482716,24592
354,"void dequantize_block_q4_0<__half>(void const*, __half*, int) [clone .kd]",4,1,353,70325,70325,229376,32,0,0,12,0,16,64,"0x0","0x700f9d5d2b80",3898474157563,3898557474517,3898557499257,3898557506378,24740
355,"void flash_attn_tile<256, 256, 4, 2, false>(char const*, char const*, char const*, char const*, char const*, int const*, float*, HIP_vector_type<float, 2u>*, float, float, float, float, unsigned int, float, int, HIP_vector_type<unsigned int, 3u>, int, int, int, int, int, int, int, int, int, int, int, long, int, int, long, int, int, int, int, int, long) [clone .kd]",4,1,354,70325,70325,28416,256,22528,1104,128,0,64,64,"0x0","0x70100b2a69c0",3898474160174,3898557722215,3898558447088,3898558473184,724873
356,"void flash_attn_combine_results<256>(float const*, HIP_vector_type<float, 2u> const*, float*, int) [clone .kd]",4,1,355,70325,70325,6144,256,512,0,20,0,32,64,"0x0","0x70100b2a6880",3898474162049,3898558447088,3898558469310,3898558477922,22222
357,"void dequantize_block_q4_0<__half>(void const*, __half*, int) [clone .kd]",4,1,356,70325,70325,229376,32,0,0,12,0,16,64,"0x0","0x700f9d5d2b80",3898474164034,3898558469310,3898558494050,3898558501840,24740
358,"void dequantize_block_q4_0<__half>(void const*, __half*, int) [clone .kd]",4,1,357,70325,70325,229376,32,0,0,12,0,16,64,"0x0","0x700f9d5d2b80",3898474165735,3898558494050,3898558518642,3898558526452,24592
359,"void flash_attn_tile<256, 256, 4, 6, false>(char const*, char const*, char const*, char const*, char const*, int const*, float*, HIP_vector_type<float, 2u>*, float, float, float, float, unsigned int, float, int, HIP_vector_type<unsigned int, 3u>, int, int, int, int, int, int, int, int, int, int, int, long, int, int, long, int, int, int, int, int, long) [clone .kd]",4,1,358,70325,70325,21504,384,32768,1432,128,0,48,64,"0x0","0x70100b2a6a40",3898474167999,3898558741748,3898559290625,3898559314997,548877
360,"void flash_attn_combine_results<256>(float const*, HIP_vector_type<float, 2u> const*, float*, int) [clone .kd]",4,1,359,70325,70325,6144,256,512,0,20,0,32,64,"0x0","0x70100b2a6880",3898474170049,3898559367809,3898559397141,3898559404648,29332
361,"void dequantize_block_q4_0<__half>(void const*, __half*, int) [clone .kd]",4,1,360,70325,70325,229376,32,0,0,12,0,16,64,"0x0","0x700f9d5d2b80",3898474171995,3898559397141,3898559422030,3898559429508,24889
362,"void dequantize_block_q4_0<__half>(void const*, __half*, int) [clone .kd]",4,1,361,70325,70325,229376,32,0,0,12,0,16,64,"0x0","0x700f9d5d2b80",3898474173867,3898559422030,3898559446474,3898559453877,24444
363,"void flash_attn_tile<256, 256, 4, 2, false>(char const*, char const*, char const*, char const*, char const*, int const*, float*, HIP_vector_type<float, 2u>*, float, float, float, float, unsigned int, float, int, HIP_vector_type<unsigned int, 3u>, int, int, int, int, int, int, int, int, int, int, int, long, int, int, long, int, int, int, int, int, long) [clone .kd]",4,1,362,70325,70325,28416,256,22528,1104,128,0,64,64,"0x0","0x70100b2a69c0",3898474176286,3898559666913,3898560380379,3898560404998,713466
364,"void flash_attn_combine_results<256>(float const*, HIP_vector_type<float, 2u> const*, float*, int) [clone .kd]",4,1,363,70325,70325,6144,256,512,0,20,0,32,64,"0x0","0x70100b2a6880",3898474178204,3898560380379,3898560401860,3898560407966,21481
365,"void dequantize_block_q4_0<__half>(void const*, __half*, int) [clone .kd]",4,1,364,70325,70325,229376,32,0,0,12,0,16,64,"0x0","0x700f9d5d2b80",3898474180226,3898560401860,3898560425119,3898560432745,23259
366,"void dequantize_block_q4_0<__half>(void const*, __half*, int) [clone .kd]",4,1,365,70325,70325,229376,32,0,0,12,0,16,64,"0x0","0x700f9d5d2b80",3898474181838,3898560425119,3898560448525,3898560456492,23406
367,"void flash_attn_tile<256, 256, 4, 6, false>(char const*, char const*, char const*, char const*, char const*, int const*, float*, HIP_vector_type<float, 2u>*, float, float, float, float, unsigned int, float, int, HIP_vector_type<unsigned int, 3u>, int, int, int, int, int, int, int, int, int, int, int, long, int, int, long, int, int, int, int, int, long) [clone .kd]",4,1,366,70325,70325,21504,384,32768,1432,128,0,48,64,"0x0","0x70100b2a6a40",3898474184353,3898560661520,3898561204921,3898561230469,543401
368,"void flash_attn_combine_results<256>(float const*, HIP_vector_type<float, 2u> const*, float*, int) [clone .kd]",4,1,367,70325,70325,6144,256,512,0,20,0,32,64,"0x0","0x70100b2a6880",3898474186094,3898561250549,3898561277659,3898561283403,27110
369,"void dequantize_block_q4_0<__half>(void const*, __half*, int) [clone .kd]",4,1,368,70325,70325,229376,32,0,0,12,0,16,64,"0x0","0x700f9d5d2b80",3898474188009,3898561277659,3898561300918,3898561306687,23259
370,"void dequantize_block_q4_0<__half>(void const*, __half*, int) [clone .kd]",4,1,369,70325,70325,229376,32,0,0,12,0,16,64,"0x0","0x700f9d5d2b80",3898474189603,3898561300918,3898561323881,3898561329892,22963
371,"void flash_attn_tile<256, 256, 4, 2, false>(char const*, char const*, char const*, char const*, char const*, int const*, float*, HIP_vector_type<float, 2u>*, float, float, float, float, unsigned int, float, int, HIP_vector_type<unsigned int, 3u>, int, int, int, int, int, int, int, int, int, int, int, long, int, int, long, int, int, int, int, int, long) [clone .kd]",4,1,370,70325,70325,28416,256,22528,1104,128,0,64,64,"0x0","0x70100b2a69c0",3898474191810,3898561533953,3898562244166,3898562265600,710213
372,"void flash_attn_combine_results<256>(float const*, HIP_vector_type<float, 2u> const*, float*, int) [clone .kd]",4,1,371,70325,70325,6144,256,512,0,20,0,32,64,"0x0","0x70100b2a6880",3898474193784,3898562244166,3898562264462,3898562270441,20296
373,"void dequantize_block_q4_0<__half>(void const*, __half*, int) [clone .kd]",4,1,372,70325,70325,229376,32,0,0,12,0,16,64,"0x0","0x700f9d5d2b80",3898474195735,3898562264462,3898562287277,3898562291850,22815
374,"void dequantize_block_q4_0<__half>(void const*, __half*, int) [clone .kd]",4,1,373,70325,70325,229376,32,0,0,12,0,16,64,"0x0","0x700f9d5d2b80",3898474197551,3898562287277,3898562308314,3898562313148,21037
375,"void flash_attn_tile<256, 256, 4, 6, false>(char const*, char const*, char const*, char const*, char const*, int const*, float*, HIP_vector_type<float, 2u>*, float, float, float, float, unsigned int, float, int, HIP_vector_type<unsigned int, 3u>, int, int, int, int, int, int, int, int, int, int, int, long, int, int, long, int, int, int, int, int, long) [clone .kd]",4,1,374,70325,70325,21504,384,32768,1432,128,0,48,64,"0x0","0x70100b2a6a40",3898474200100,3898562498830,3898563036897,3898563058480,538067
376,"void flash_attn_combine_results<256>(float const*, HIP_vector_type<float, 2u> const*, float*, int) [clone .kd]",4,1,375,70325,70325,6144,256,512,0,20,0,32,64,"0x0","0x70100b2a6880",3898474201968,3898563085045,3898563111267,3898563116302,26222
377,"void dequantize_block_q4_0<__half>(void const*, __half*, int) [clone .kd]",4,1,376,70325,70325,229376,32,0,0,12,0,16,64,"0x0","0x700f9d5d2b80",3898474203920,3898563111267,3898563134970,3898563140696,23703
378,"void dequantize_block_q4_0<__half>(void const*, __half*, int) [clone .kd]",4,1,377,70325,70325,229376,32,0,0,12,0,16,64,"0x0","0x700f9d5d2b80",3898474205781,3898563134970,3898563158081,3898563163153,23111
379,"void flash_attn_tile<256, 256, 4, 2, false>(char const*, char const*, char const*, char const*, char const*, int const*, float*, HIP_vector_type<float, 2u>*, float, float, float, float, unsigned int, float, int, HIP_vector_type<unsigned int, 3u>, int, int, int, int, int, int, int, int, int, int, int, long, int, int, long, int, int, int, int, int, long) [clone .kd]",4,1,378,70325,70325,28416,256,22528,1104,128,0,64,64,"0x0","0x70100b2a69c0",3898474208186,3898563348449,3898564054662,3898564077126,706213
380,"void flash_attn_combine_results<256>(float const*, HIP_vector_type<float, 2u> const*, float*, int) [clone .kd]",4,1,379,70325,70325,6144,256,512,0,20,0,32,64,"0x0","0x70100b2a6880",3898474210104,3898564054662,3898564074514,3898564081020,19852
381,"void dequantize_block_q4_0<__half>(void const*, __half*, int) [clone .kd]",4,1,380,70325,70325,229376,32,0,0,12,0,16,64,"0x0","0x700f9d5d2b80",3898474211945,3898564074514,3898564097477,3898564102867,22963
382,"void dequantize_block_q4_0<__half>(void const*, __half*, int) [clone .kd]",4,1,381,70325,70325,229376,32,0,0,12,0,16,64,"0x0","0x700f9d5d2b80",3898474213666,3898564097477,3898564119847,3898564126061,22370
383,"void flash_attn_tile<256, 256, 4, 6, false>(char const*, char const*, char const*, char const*, char const*, int const*, float*, HIP_vector_type<float, 2u>*, float, float, float, float, unsigned int, float, int, HIP_vector_type<unsigned int, 3u>, int, int, int, int, int, int, int, int, int, int, int, long, int, int, long, int, int, int, int, int, long) [clone .kd]",4,1,382,70325,70325,21504,384,32768,1432,128,0,48,64,"0x0","0x70100b2a6a40",3898474216065,3898564309919,3898564839838,3898564860440,529919
384,"void flash_attn_combine_results<256>(float const*, HIP_vector_type<float, 2u> const*, float*, int) [clone .kd]",4,1,383,70325,70325,6144,256,512,0,20,0,32,64,"0x0","0x70100b2a6880",3898474217764,3898564901319,3898564926207,3898564931568,24888
385,"void dequantize_block_q4_0<__half>(void const*, __half*, int) [clone .kd]",4,1,384,70325,70325,229376,32,0,0,12,0,16,64,"0x0","0x700f9d5d2b80",3898474219859,3898564926207,3898564949614,3898564955385,23407
386,"void dequantize_block_q4_0<__half>(void const*, __half*, int) [clone .kd]",4,1,385,70325,70325,229376,32,0,0,12,0,16,64,"0x0","0x700f9d5d2b80",3898474221678,3898564949614,3898564972577,3898564978000,22963
387,"void flash_attn_tile<256, 256, 4, 2, false>(char const*, char const*, char const*, char const*, char const*, int const*, float*, HIP_vector_type<float, 2u>*, float, float, float, float, unsigned int, float, int, HIP_vector_type<unsigned int, 3u>, int, int, int, int, int, int, int, int, int, int, int, long, int, int, long, int, int, int, int, int, long) [clone .kd]",4,1,386,70325,70325,28416,256,22528,1104,128,0,64,64,"0x0","0x70100b2a69c0",3898474224190,3898565162797,3898565861011,3898565883781,698214
388,"void flash_attn_combine_results<256>(float const*, HIP_vector_type<float, 2u> const*, float*, int) [clone .kd]",4,1,387,70325,70325,6144,256,512,0,20,0,32,64,"0x0","0x70100b2a6880",3898474226170,3898565861011,3898565883084,3898565888605,22073
389,"void dequantize_block_q4_0<__half>(void const*, __half*, int) [clone .kd]",4,1,388,70325,70325,229376,32,0,0,12,0,16,64,"0x0","0x700f9d5d2b80",3898474228201,3898565883084,3898565906343,3898565912408,23259
390,"void dequantize_block_q4_0<__half>(void const*, __half*, int) [clone .kd]",4,1,389,70325,70325,229376,32,0,0,12,0,16,64,"0x0","0x700f9d5d2b80",3898474229970,3898565906343,3898565929602,3898565934589,23259
391,"void flash_attn_tile<256, 256, 4, 6, false>(char const*, char const*, char const*, char const*, char const*, int const*, float*, HIP_vector_type<float, 2u>*, float, float, float, float, unsigned int, float, int, HIP_vector_type<unsigned int, 3u>, int, int, int, int, int, int, int, int, int, int, int, long, int, int, long, int, int, int, int, int, long) [clone .kd]",4,1,390,70325,70325,21504,384,32768,1432,128,0,48,64,"0x0","0x70100b2a6a40",3898474232523,3898566139674,3898566681149,3898566702314,541475
392,"void flash_attn_combine_results<256>(float const*, HIP_vector_type<float, 2u> const*, float*, int) [clone .kd]",4,1,391,70325,70325,6144,256,512,0,20,0,32,64,"0x0","0x70100b2a6880",3898474234395,3898566736407,3898566765148,3898566771181,28741
393,"void dequantize_block_q4_0<__half>(void const*, __half*, int) [clone .kd]",4,1,392,70325,70325,229376,32,0,0,12,0,16,64,"0x0","0x700f9d5d2b80",3898474236249,3898566765148,3898566789888,3898566796049,24740
394,"void dequantize_block_q4_0<__half>(void const*, __half*, int) [clone .kd]",4,1,393,70325,70325,229376,32,0,0,12,0,16,64,"0x0","0x700f9d5d2b80",3898474237917,3898566789888,3898566814480,3898566819596,24592
395,"void flash_attn_tile<256, 256, 4, 2, false>(char const*, char const*, char const*, char const*, char const*, int const*, float*, HIP_vector_type<float, 2u>*, float, float, float, float, unsigned int, float, int, HIP_vector_type<unsigned int, 3u>, int, int, int, int, int, int, int, int, int, int, int, long, int, int, long, int, int, int, int, int, long) [clone .kd]",4,1,394,70325,70325,28416,256,22528,1104,128,0,64,64,"0x0","0x70100b2a69c0",3898474240272,3898567037293,3898567757136,3898567778497,719843
396,"void flash_attn_combine_results<256>(float const*, HIP_vector_type<float, 2u> const*, float*, int) [clone .kd]",4,1,395,70325,70325,6144,256,512,0,20,0,32,64,"0x0","0x70100b2a6880",3898474242416,3898567757136,3898567780098,3898567781675,22962
397,"void dequantize_block_q4_0<__half>(void const*, __half*, int) [clone .kd]",4,1,396,70325,70325,229376,32,0,0,12,0,16,64,"0x0","0x700f9d5d2b80",3898474244207,3898567780098,3898567804839,3898567811024,24741
398,"void dequantize_block_q4_0<__half>(void const*, __half*, int) [clone .kd]",4,1,397,70325,70325,229376,32,0,0,12,0,16,64,"0x0","0x700f9d5d2b80",3898474246170,3898567804839,3898567829431,3898567835591,24592
399,"void flash_attn_tile<256, 256, 4, 6, false>(char const*, char const*, char const*, char const*, char const*, int const*, float*, HIP_vector_type<float, 2u>*, float, float, float, float, unsigned int, float, int, HIP_vector_type<unsigned int, 3u>, int, int, int, int, int, int, int, int, int, int, int, long, int, int, long, int, int, int, int, int, long) [clone .kd]",4,1,398,70325,70325,21504,384,32768,1432,128,0,48,64,"0x0","0x70100b2a6a40",3898474248675,3898568052984,3898568602459,3898568624927,549475
400,"void flash_attn_combine_results<256>(float const*, HIP_vector_type<float, 2u> const*, float*, int) [clone .kd]",4,1,399,70325,70325,6144,256,512,0,20,0,32,64,"0x0","0x70100b2a6880",3898474250711,3898568678754,3898568707198,3898568712807,28444
401,"void dequantize_block_q4_0<__half>(void const*, __half*, int) [clone .kd]",4,1,400,70325,70325,229376,32,0,0,12,0,16,64,"0x0","0x700f9d5d2b80",3898474252854,3898568707198,3898568731790,3898568736848,24592
402,"void dequantize_block_q4_0<__half>(void const*, __half*, int) [clone .kd]",4,1,401,70325,70325,229376,32,0,0,12,0,16,64,"0x0","0x700f9d5d2b80",3898474254596,3898568731790,3898568756383,3898568761339,24593
403,"void flash_attn_tile<256, 256, 4, 2, false>(char const*, char const*, char const*, char const*, char const*, int const*, float*, HIP_vector_type<float, 2u>*, float, float, float, float, unsigned int, float, int, HIP_vector_type<unsigned int, 3u>, int, int, int, int, int, int, int, int, int, int, int, long, int, int, long, int, int, int, int, int, long) [clone .kd]",4,1,402,70325,70325,28416,256,22528,1104,128,0,64,64,"0x0","0x70100b2a69c0",3898474257040,3898568979787,3898569696519,3898569719294,716732
404,"void flash_attn_combine_results<256>(float const*, HIP_vector_type<float, 2u> const*, float*, int) [clone .kd]",4,1,403,70325,70325,6144,256,512,0,20,0,32,64,"0x0","0x70100b2a6880",3898474258930,3898569696519,3898569719334,3898569735134,22815
405,"void dequantize_block_q4_0<__half>(void const*, __half*, int) [clone .kd]",4,1,404,70325,70325,229376,32,0,0,12,0,16,64,"0x0","0x700f9d5d2b80",3898474260849,3898569719334,3898569744074,3898569749182,24740
406,"void dequantize_block_q4_0<__half>(void const*, __half*, int) [clone .kd]",4,1,405,70325,70325,229376,32,0,0,12,0,16,64,"0x0","0x700f9d5d2b80",3898474262437,3898569744074,3898569768518,3898569773450,24444
407,"void flash_attn_tile<256, 256, 4, 6, false>(char const*, char const*, char const*, char const*, char const*, int const*, float*, HIP_vector_type<float, 2u>*, float, float, float, float, unsigned int, float, int, HIP_vector_type<unsigned int, 3u>, int, int, int, int, int, int, int, int, int, int, int, long, int, int, long, int, int, int, int, int, long) [clone .kd]",4,1,406,70325,70325,21504,384,32768,1432,128,0,48,64,"0x0","0x70100b2a6a40",3898474264763,3898569991923,3898570542731,3898570563420,550808
408,"void flash_attn_combine_results<256>(float const*, HIP_vector_type<float, 2u> const*, float*, int) [clone .kd]",4,1,407,70325,70325,6144,256,512,0,20,0,32,64,"0x0","0x70100b2a6880",3898474266530,3898570617397,3898570646582,3898570652100,29185
409,"void dequantize_block_q4_0<__half>(void const*, __half*, int) [clone .kd]",4,1,408,70325,70325,229376,32,0,0,12,0,16,64,"0x0","0x700f9d5d2b80",3898474268467,3898570646582,3898570671470,3898570676773,24888
410,"void dequantize_block_q4_0<__half>(void const*, __half*, int) [clone .kd]",4,1,409,70325,70325,229376,32,0,0,12,0,16,64,"0x0","0x700f9d5d2b80",3898474270184,3898570671470,3898570696211,3898570702118,24741
411,"void flash_attn_tile<256, 256, 4, 2, false>(char const*, char const*, char const*, char const*, char const*, int const*, float*, HIP_vector_type<float, 2u>*, float, float, float, float, unsigned int, float, int, HIP_vector_type<unsigned int, 3u>, int, int, int, int, int, int, int, int, int, int, int, long, int, int, long, int, int, int, int, int, long) [clone .kd]",4,1,410,70325,70325,28416,256,22528,1104,128,0,64,64,"0x0","0x70100b2a69c0",3898474272557,3898570919023,3898571643310,3898571664450,724287
412,"void flash_attn_combine_results<256>(float const*, HIP_vector_type<float, 2u> const*, float*, int) [clone .kd]",4,1,411,70325,70325,6144,256,512,0,20,0,32,64,"0x0","0x70100b2a6880",3898474274493,3898571643310,3898571665680,3898571680017,22370
413,"void dequantize_block_q4_0<__half>(void const*, __half*, int) [clone .kd]",4,1,412,70325,70325,229376,32,0,0,12,0,16,64,"0x0","0x700f9d5d2b80",3898474276520,3898571665680,3898571690421,3898571695270,24741
414,"void dequantize_block_q4_0<__half>(void const*, __half*, int) [clone .kd]",4,1,413,70325,70325,229376,32,0,0,12,0,16,64,"0x0","0x700f9d5d2b80",3898474278418,3898571690421,3898571714865,3898571720803,24444
415,"void flash_attn_tile<256, 256, 4, 6, false>(char const*, char const*, char const*, char const*, char const*, int const*, float*, HIP_vector_type<float, 2u>*, float, float, float, float, unsigned int, float, int, HIP_vector_type<unsigned int, 3u>, int, int, int, int, int, int, int, int, int, int, int, long, int, int, long, int, int, int, int, int, long) [clone .kd]",4,1,414,70325,70325,21504,384,32768,1432,128,0,48,64,"0x0","0x70100b2a6a40",3898474281136,3898571938269,3898572489818,3898572510552,551549
416,"void flash_attn_combine_results<256>(float const*, HIP_vector_type<float, 2u> const*, float*, int) [clone .kd]",4,1,415,70325,70325,6144,256,512,0,20,0,32,64,"0x0","0x70100b2a6880",3898474283120,3898572564336,3898572593076,3898572598230,28740
417,"void dequantize_block_q4_0<__half>(void const*, __half*, int) [clone .kd]",4,1,416,70325,70325,229376,32,0,0,12,0,16,64,"0x0","0x700f9d5d2b80",3898474285196,3898572593076,3898572618261,3898572624012,25185
418,"void dequantize_block_q4_0<__half>(void const*, __half*, int) [clone .kd]",4,1,417,70325,70325,229376,32,0,0,12,0,16,64,"0x0","0x700f9d5d2b80",3898474286936,3898572618261,3898572642705,3898572648195,24444
419,"void flash_attn_tile<256, 256, 4, 2, false>(char const*, char const*, char const*, char const*, char const*, int const*, float*, HIP_vector_type<float, 2u>*, float, float, float, float, unsigned int, float, int, HIP_vector_type<unsigned int, 3u>, int, int, int, int, int, int, int, int, int, int, int, long, int, int, long, int, int, int, int, int, long) [clone .kd]",4,1,418,70325,70325,28416,256,22528,1104,128,0,64,64,"0x0","0x70100b2a69c0",3898474289277,3898572865517,3898573579583,3898573599997,714066
420,"void flash_attn_combine_results<256>(float const*, HIP_vector_type<float, 2u> const*, float*, int) [clone .kd]",4,1,419,70325,70325,6144,256,512,0,20,0,32,64,"0x0","0x70100b2a6880",3898474291035,3898573579583,3898573602545,3898573615208,22962
421,"void dequantize_block_q4_0<__half>(void const*, __half*, int) [clone .kd]",4,1,420,70325,70325,229376,32,0,0,12,0,16,64,"0x0","0x700f9d5d2b80",3898474292837,3898573602545,3898573630545,3898573636686,28000
422,"void dequantize_block_q4_0<__half>(void const*, __half*, int) [clone .kd]",4,1,421,70325,70325,229376,32,0,0,12,0,16,64,"0x0","0x700f9d5d2b80",3898474294435,3898573630545,3898573667433,3898573673320,36888
423,"void flash_attn_tile<256, 256, 4, 6, false>(char const*, char const*, char const*, char const*, char const*, int const*, float*, HIP_vector_type<float, 2u>*, float, float, float, float, unsigned int, float, int, HIP_vector_type<unsigned int, 3u>, int, int, int, int, int, int, int, int, int, int, int, long, int, int, long, int, int, int, int, int, long) [clone .kd]",4,1,422,70325,70325,21504,384,32768,1432,128,0,48,64,"0x0","0x70100b2a6a40",3898474296934,3898573915430,3898574518830,3898574538378,603400
424,"void flash_attn_combine_results<256>(float const*, HIP_vector_type<float, 2u> const*, float*, int) [clone .kd]",4,1,423,70325,70325,6144,256,512,0,20,0,32,64,"0x0","0x70100b2a6880",3898474298898,3898574546830,3898574578682,3898574584552,31852
425,"void dequantize_block_q4_0<__half>(void const*, __half*, int) [clone .kd]",4,1,424,70325,70325,229376,32,0,0,12,0,16,64,"0x0","0x700f9d5d2b80",3898474300691,3898574578682,3898574606681,3898574612225,27999
426,"void dequantize_block_q4_0<__half>(void const*, __half*, int) [clone .kd]",4,1,425,70325,70325,229376,32,0,0,12,0,16,64,"0x0","0x700f9d5d2b80",3898474302287,3898574606681,3898574634088,3898574639671,27407
427,"void flash_attn_tile<256, 256, 4, 2, false>(char const*, char const*, char const*, char const*, char const*, int const*, float*, HIP_vector_type<float, 2u>*, float, float, float, float, unsigned int, float, int, HIP_vector_type<unsigned int, 3u>, int, int, int, int, int, int, int, int, int, int, int, long, int, int, long, int, int, int, int, int, long) [clone .kd]",4,1,426,70325,70325,28416,256,22528,1104,128,0,64,64,"0x0","0x70100b2a69c0",3898474304823,3898574882085,3898575668890,3898575689663,786805
428,"void flash_attn_combine_results<256>(float const*, HIP_vector_type<float, 2u> const*, float*, int) [clone .kd]",4,1,427,70325,70325,6144,256,512,0,20,0,32,64,"0x0","0x70100b2a6880",3898474306811,3898575668890,3898575701927,3898575707212,33037
429,"void dequantize_block_q4_0<__half>(void const*, __half*, int) [clone .kd]",4,1,428,70325,70325,229376,32,0,0,12,0,16,64,"0x0","0x700f9d5d2b80",3898474308893,3898575701927,3898575726667,3898575732151,24740
430,"void dequantize_block_q4_0<__half>(void const*, __half*, int) [clone .kd]",4,1,429,70325,70325,229376,32,0,0,12,0,16,64,"0x0","0x700f9d5d2b80",3898474310660,3898575726667,3898575751260,3898575756754,24593
431,"void flash_attn_tile<256, 256, 4, 6, false>(char const*, char const*, char const*, char const*, char const*, int const*, float*, HIP_vector_type<float, 2u>*, float, float, float, float, unsigned int, float, int, HIP_vector_type<unsigned int, 3u>, int, int, int, int, int, int, int, int, int, int, int, long, int, int, long, int, int, int, int, int, long) [clone .kd]",4,1,430,70325,70325,21504,384,32768,1432,128,0,48,64,"0x0","0x70100b2a6a40",3898474313190,3898575974813,3898576530954,3898576551414,556141
432,"void flash_attn_combine_results<256>(float const*, HIP_vector_type<float, 2u> const*, float*, int) [clone .kd]",4,1,431,70325,70325,6144,256,512,0,20,0,32,64,"0x0","0x70100b2a6880",3898474315141,3898576601768,3898576630064,3898576635287,28296
433,"void dequantize_block_q4_0<__half>(void const*, __half*, int) [clone .kd]",4,1,432,70325,70325,229376,32,0,0,12,0,16,64,"0x0","0x700f9d5d2b80",3898474317175,3898576630064,3898576654804,3898576660459,24740
434,"void dequantize_block_q4_0<__half>(void const*, __half*, int) [clone .kd]",4,1,433,70325,70325,229376,32,0,0,12,0,16,64,"0x0","0x700f9d5d2b80",3898474318816,3898576654804,3898576679397,3898576685155,24593
435,"void flash_attn_tile<256, 256, 4, 2, false>(char const*, char const*, char const*, char const*, char const*, int const*, float*, HIP_vector_type<float, 2u>*, float, float, float, float, unsigned int, float, int, HIP_vector_type<unsigned int, 3u>, int, int, int, int, int, int, int, int, int, int, int, long, int, int, long, int, int, int, int, int, long) [clone .kd]",4,1,434,70325,70325,28416,256,22528,1104,128,0,64,64,"0x0","0x70100b2a69c0",3898474321048,3898576902357,3898577616570,3898577637235,714213
436,"void flash_attn_combine_results<256>(float const*, HIP_vector_type<float, 2u> const*, float*, int) [clone .kd]",4,1,435,70325,70325,6144,256,512,0,20,0,32,64,"0x0","0x70100b2a6880",3898474322972,3898577616570,3898577639533,3898577651722,22963
437,"void dequantize_block_q4_0<__half>(void const*, __half*, int) [clone .kd]",4,1,436,70325,70325,229376,32,0,0,12,0,16,64,"0x0","0x700f9d5d2b80",3898474324790,3898577639533,3898577664273,3898577669777,24740
438,"void dequantize_block_q4_0<__half>(void const*, __half*, int) [clone .kd]",4,1,437,70325,70325,229376,32,0,0,12,0,16,64,"0x0","0x700f9d5d2b80",3898474326380,3898577664273,3898577689162,3898577694833,24889
439,"void flash_attn_tile<256, 256, 4, 6, false>(char const*, char const*, char const*, char const*, char const*, int const*, float*, HIP_vector_type<float, 2u>*, float, float, float, float, unsigned int, float, int, HIP_vector_type<unsigned int, 3u>, int, int, int, int, int, int, int, int, int, int, int, long, int, int, long, int, int, int, int, int, long) [clone .kd]",4,1,438,70325,70325,21504,384,32768,1432,128,0,48,64,"0x0","0x70100b2a6a40",3898474328757,3898577912418,3898578461301,3898578481550,548883
440,"void flash_attn_combine_results<256>(float const*, HIP_vector_type<float, 2u> const*, float*, int) [clone .kd]",4,1,439,70325,70325,6144,256,512,0,20,0,32,64,"0x0","0x70100b2a6880",3898474330464,3898578537744,3898578566336,3898578572074,28592
441,"void dequantize_block_q4_0<__half>(void const*, __half*, int) [clone .kd]",4,1,440,70325,70325,229376,32,0,0,12,0,16,64,"0x0","0x700f9d5d2b80",3898474332343,3898578566336,3898578591077,3898578596323,24741
442,"void dequantize_block_q4_0<__half>(void const*, __half*, int) [clone .kd]",4,1,441,70325,70325,229376,32,0,0,12,0,16,64,"0x0","0x700f9d5d2b80",3898474334132,3898578591077,3898578615817,3898578620695,24740
443,"void flash_attn_tile<256, 256, 4, 2, false>(char const*, char const*, char const*, char const*, char const*, int const*, float*, HIP_vector_type<float, 2u>*, float, float, float, float, unsigned int, float, int, HIP_vector_type<unsigned int, 3u>, int, int, int, int, int, int, int, int, int, int, int, long, int, int, long, int, int, int, int, int, long) [clone .kd]",4,1,442,70325,70325,28416,256,22528,1104,128,0,64,64,"0x0","0x70100b2a69c0",3898474336771,3898578838629,3898579553435,3898579573871,714806
444,"void flash_attn_combine_results<256>(float const*, HIP_vector_type<float, 2u> const*, float*, int) [clone .kd]",4,1,443,70325,70325,6144,256,512,0,20,0,32,64,"0x0","0x70100b2a6880",3898474338746,3898579553435,3898579575805,3898579588062,22370
445,"void dequantize_block_q4_0<__half>(void const*, __half*, int) [clone .kd]",4,1,444,70325,70325,229376,32,0,0,12,0,16,64,"0x0","0x700f9d5d2b80",3898474340820,3898579575805,3898579600990,3898579606394,25185
446,"void dequantize_block_q4_0<__half>(void const*, __half*, int) [clone .kd]",4,1,445,70325,70325,229376,32,0,0,12,0,16,64,"0x0","0x700f9d5d2b80",3898474342659,3898579600990,3898579625583,3898579630728,24593
447,"void flash_attn_tile<256, 256, 4, 6, false>(char const*, char const*, char const*, char const*, char const*, int const*, float*, HIP_vector_type<float, 2u>*, float, float, float, float, unsigned int, float, int, HIP_vector_type<unsigned int, 3u>, int, int, int, int, int, int, int, int, int, int, int, long, int, int, long, int, int, int, int, int, long) [clone .kd]",4,1,446,70325,70325,21504,384,32768,1432,128,0,48,64,"0x0","0x70100b2a6a40",3898474345106,3898579849135,3898580396536,3898580416317,547401
448,"void flash_attn_combine_results<256>(float const*, HIP_vector_type<float, 2u> const*, float*, int) [clone .kd]",4,1,447,70325,70325,6144,256,512,0,20,0,32,64,"0x0","0x70100b2a6880",3898474347069,3898580474017,3898580503053,3898580508724,29036
449,"void dequantize_block_q4_0<__half>(void const*, __half*, int) [clone .kd]",4,1,448,70325,70325,229376,32,0,0,12,0,16,64,"0x0","0x700f9d5d2b80",3898474349250,3898580503053,3898580527942,3898580533282,24889
450,"void dequantize_block_q4_0<__half>(void const*, __half*, int) [clone .kd]",4,1,449,70325,70325,229376,32,0,0,12,0,16,64,"0x0","0x700f9d5d2b80",3898474350889,3898580527942,3898580552682,3898580557634,24740
451,"void flash_attn_tile<256, 256, 4, 2, false>(char const*, char const*, char const*, char const*, char const*, int const*, float*, HIP_vector_type<float, 2u>*, float, float, float, float, unsigned int, float, int, HIP_vector_type<unsigned int, 3u>, int, int, int, int, int, int, int, int, int, int, int, long, int, int, long, int, int, int, int, int, long) [clone .kd]",4,1,450,70325,70325,28416,256,22528,1104,128,0,64,64,"0x0","0x70100b2a69c0",3898474353161,3898580775346,3898581487782,3898581507813,712436
452,"void flash_attn_combine_results<256>(float const*, HIP_vector_type<float, 2u> const*, float*, int) [clone .kd]",4,1,451,70325,70325,6144,256,512,0,20,0,32,64,"0x0","0x70100b2a6880",3898474354888,3898581487782,3898581510004,3898581522437,22222
453,"void dequantize_block_q4_0<__half>(void const*, __half*, int) [clone .kd]",4,1,452,70325,70325,229376,32,0,0,12,0,16,64,"0x0","0x700f9d5d2b80",3898474356888,3898581510004,3898581534893,3898581540844,24889
454,"void dequantize_block_q4_0<__half>(void const*, __half*, int) [clone .kd]",4,1,453,70325,70325,229376,32,0,0,12,0,16,64,"0x0","0x700f9d5d2b80",3898474358439,3898581534893,3898581559485,3898581564781,24592
455,"void flash_attn_tile<256, 256, 4, 6, false>(char const*, char const*, char const*, char const*, char const*, int const*, float*, HIP_vector_type<float, 2u>*, float, float, float, float, unsigned int, float, int, HIP_vector_type<unsigned int, 3u>, int, int, int, int, int, int, int, int, int, int, int, long, int, int, long, int, int, int, int, int, long) [clone .kd]",4,1,454,70325,70325,21504,384,32768,1432,128,0,48,64,"0x0","0x70100b2a6a40",3898474360883,3898581782593,3898582324809,3898582344427,542216
456,"void flash_attn_combine_results<256>(float const*, HIP_vector_type<float, 2u> const*, float*, int) [clone .kd]",4,1,455,70325,70325,6144,256,512,0,20,0,32,64,"0x0","0x70100b2a6880",3898474362805,3898582352364,3898582381697,3898582386563,29333
457,"void dequantize_block_q4_0<__half>(void const*, __half*, int) [clone .kd]",4,1,456,70325,70325,229376,32,0,0,12,0,16,64,"0x0","0x700f9d5d2b80",3898474364708,3898582381697,3898582406586,3898582411886,24889
458,"void dequantize_block_q4_0<__half>(void const*, __half*, int) [clone .kd]",4,1,457,70325,70325,229376,32,0,0,12,0,16,64,"0x0","0x700f9d5d2b80",3898474366515,3898582406586,3898582431326,3898582436594,24740
459,"void flash_attn_tile<256, 256, 4, 2, false>(char const*, char const*, char const*, char const*, char const*, int const*, float*, HIP_vector_type<float, 2u>*, float, float, float, float, unsigned int, float, int, HIP_vector_type<unsigned int, 3u>, int, int, int, int, int, int, int, int, int, int, int, long, int, int, long, int, int, int, int, int, long) [clone .kd]",4,1,458,70325,70325,28416,256,22528,1104,128,0,64,64,"0x0","0x70100b2a69c0",3898474368986,3898582654286,3898583370426,3898583390347,716140
460,"void flash_attn_combine_results<256>(float const*, HIP_vector_type<float, 2u> const*, float*, int) [clone .kd]",4,1,459,70325,70325,6144,256,512,0,20,0,32,64,"0x0","0x70100b2a6880",3898474371018,3898583370426,3898583392203,3898583404400,21777
461,"void dequantize_block_q4_0<__half>(void const*, __half*, int) [clone .kd]",4,1,460,70325,70325,229376,32,0,0,12,0,16,64,"0x0","0x700f9d5d2b80",3898474373080,3898583392203,3898583417240,3898583422272,25037
462,"void dequantize_block_q4_0<__half>(void const*, __half*, int) [clone .kd]",4,1,461,70325,70325,229376,32,0,0,12,0,16,64,"0x0","0x700f9d5d2b80",3898474374816,3898583417240,3898583441980,3898583447945,24740
463,"void flash_attn_tile<256, 256, 4, 6, false>(char const*, char const*, char const*, char const*, char const*, int const*, float*, HIP_vector_type<float, 2u>*, float, float, float, float, unsigned int, float, int, HIP_vector_type<unsigned int, 3u>, int, int, int, int, int, int, int, int, int, int, int, long, int, int, long, int, int, int, int, int, long) [clone .kd]",4,1,462,70325,70325,21504,384,32768,1432,128,0,48,64,"0x0","0x70100b2a6a40",3898474377265,3898583663163,3898584203452,3898584222685,540289
464,"void flash_attn_combine_results<256>(float const*, HIP_vector_type<float, 2u> const*, float*, int) [clone .kd]",4,1,463,70325,70325,6144,256,512,0,20,0,32,64,"0x0","0x70100b2a6880",3898474379182,3898584252785,3898584280340,3898584285318,27555
465,"void dequantize_block_q4_0<__half>(void const*, __half*, int) [clone .kd]",4,1,464,70325,70325,229376,32,0,0,12,0,16,64,"0x0","0x700f9d5d2b80",3898474381194,3898584280340,3898584304044,3898584309744,23704
466,"void dequantize_block_q4_0<__half>(void const*, __half*, int) [clone .kd]",4,1,465,70325,70325,229376,32,0,0,12,0,16,64,"0x0","0x700f9d5d2b80",3898474382830,3898584304044,3898584327303,3898584332960,23259
467,"void flash_attn_tile<256, 256, 4, 2, false>(char const*, char const*, char const*, char const*, char const*, int const*, float*, HIP_vector_type<float, 2u>*, float, float, float, float, unsigned int, float, int, HIP_vector_type<unsigned int, 3u>, int, int, int, int, int, int, int, int, int, int, int, long, int, int, long, int, int, int, int, int, long) [clone .kd]",4,1,466,70325,70325,28416,256,22528,1104,128,0,64,64,"0x0","0x70100b2a69c0",3898474385086,3898584537226,3898585224329,3898585243491,687103
468,"void flash_attn_combine_results<256>(float const*, HIP_vector_type<float, 2u> const*, float*, int) [clone .kd]",4,1,467,70325,70325,6144,256,512,0,20,0,32,64,"0x0","0x70100b2a6880",3898474386857,3898585224329,3898585244032,3898585256816,19703
469,"void dequantize_block_q4_0<__half>(void const*, __half*, int) [clone .kd]",4,1,468,70325,70325,229376,32,0,0,12,0,16,64,"0x0","0x700f9d5d2b80",3898474388829,3898585244032,3898585266550,3898585271963,22518
470,"void dequantize_block_q4_0<__half>(void const*, __half*, int) [clone .kd]",4,1,469,70325,70325,229376,32,0,0,12,0,16,64,"0x0","0x700f9d5d2b80",3898474390361,3898585266550,3898585287735,3898585292915,21185
471,"void flash_attn_tile<256, 256, 4, 6, false>(char const*, char const*, char const*, char const*, char const*, int const*, float*, HIP_vector_type<float, 2u>*, float, float, float, float, unsigned int, float, int, HIP_vector_type<unsigned int, 3u>, int, int, int, int, int, int, int, int, int, int, int, long, int, int, long, int, int, int, int, int, long) [clone .kd]",4,1,470,70325,70325,21504,384,32768,1432,128,0,48,64,"0x0","0x70100b2a6a40",3898474392751,3898585477807,3898586010986,3898586030112,533179
472,"void flash_attn_combine_results<256>(float const*, HIP_vector_type<float, 2u> const*, float*, int) [clone .kd]",4,1,471,70325,70325,6144,256,512,0,20,0,32,64,"0x0","0x70100b2a6880",3898474394521,3898586072170,3898586097355,3898586102381,25185
473,"void dequantize_block_q4_0<__half>(void const*, __half*, int) [clone .kd]",4,1,472,70325,70325,229376,32,0,0,12,0,16,64,"0x0","0x700f9d5d2b80",3898474396304,3898586097355,3898586121059,3898586126670,23704
474,"void dequantize_block_q4_0<__half>(void const*, __half*, int) [clone .kd]",4,1,473,70325,70325,229376,32,0,0,12,0,16,64,"0x0","0x700f9d5d2b80",3898474397832,3898586121059,3898586143280,3898586148329,22221
475,"void flash_attn_tile<256, 256, 4, 2, false>(char const*, char const*, char const*, char const*, char const*, int const*, float*, HIP_vector_type<float, 2u>*, float, float, float, float, unsigned int, float, int, HIP_vector_type<unsigned int, 3u>, int, int, int, int, int, int, int, int, int, int, int, long, int, int, long, int, int, int, int, int, long) [clone .kd]",4,1,474,70325,70325,28416,256,22528,1104,128,0,64,64,"0x0","0x70100b2a69c0",3898474403939,3898586333797,3898587028899,3898587048727,695102
476,"void flash_attn_combine_results<256>(float const*, HIP_vector_type<float, 2u> const*, float*, int) [clone .kd]",4,1,475,70325,70325,6144,256,512,0,20,0,32,64,"0x0","0x70100b2a6880",3898474406016,3898587028899,3898587049343,3898587062566,20444
477,"void dequantize_block_q4_0<__half>(void const*, __half*, int) [clone .kd]",4,1,476,70325,70325,229376,32,0,0,12,0,16,64,"0x0","0x700f9d5d2b80",3898474408097,3898587049343,3898587072602,3898587078339,23259
478,"void dequantize_block_q4_0<__half>(void const*, __half*, int) [clone .kd]",4,1,477,70325,70325,229376,32,0,0,12,0,16,64,"0x0","0x700f9d5d2b80",3898474409845,3898587072602,3898587095121,3898587099815,22519
479,"void flash_attn_tile<256, 256, 4, 6, false>(char const*, char const*, char const*, char const*, char const*, int const*, float*, HIP_vector_type<float, 2u>*, float, float, float, float, unsigned int, float, int, HIP_vector_type<unsigned int, 3u>, int, int, int, int, int, int, int, int, int, int, int, long, int, int, long, int, int, int, int, int, long) [clone .kd]",4,1,478,70325,70325,21504,384,32768,1432,128,0,48,64,"0x0","0x70100b2a6a40",3898474412317,3898587285192,3898587815556,3898587833072,530364
480,"void flash_attn_combine_results<256>(float const*, HIP_vector_type<float, 2u> const*, float*, int) [clone .kd]",4,1,479,70325,70325,6144,256,512,0,20,0,32,64,"0x0","0x70100b2a6880",3898474414332,3898587877037,3898587902666,3898587908415,25629
481,"void dequantize_block_q4_0<__half>(void const*, __half*, int) [clone .kd]",4,1,480,70325,70325,229376,32,0,0,12,0,16,64,"0x0","0x700f9d5d2b80",3898474416277,3898587902666,3898587926370,3898587931776,23704
482,"void dequantize_block_q4_0<__half>(void const*, __half*, int) [clone .kd]",4,1,481,70325,70325,229376,32,0,0,12,0,16,64,"0x0","0x700f9d5d2b80",3898474417922,3898587926370,3898587948888,3898587954442,22518
483,"void flash_attn_tile<256, 256, 4, 2, false>(char const*, char const*, char const*, char const*, char const*, int const*, float*, HIP_vector_type<float, 2u>*, float, float, float, float, unsigned int, float, int, HIP_vector_type<unsigned int, 3u>, int, int, int, int, int, int, int, int, int, int, int, long, int, int, long, int, int, int, int, int, long) [clone .kd]",4,1,482,70325,70325,28416,256,22528,1104,128,0,64,64,"0x0","0x70100b2a69c0",3898474420176,3898588139108,3898588845321,3898588863972,706213
484,"void flash_attn_combine_results<256>(float const*, HIP_vector_type<float, 2u> const*, float*, int) [clone .kd]",4,1,483,70325,70325,6144,256,512,0,20,0,32,64,"0x0","0x70100b2a6880",3898474421953,3898588845321,3898588867099,3898588877471,21778
485,"void dequantize_block_q4_0<__half>(void const*, __half*, int) [clone .kd]",4,1,484,70325,70325,229376,32,0,0,12,0,16,64,"0x0","0x700f9d5d2b80",3898474423865,3898588867099,3898588890654,3898588896295,23555
486,"void dequantize_block_q4_0<__half>(void const*, __half*, int) [clone .kd]",4,1,485,70325,70325,229376,32,0,0,12,0,16,64,"0x0","0x700f9d5d2b80",3898474425667,3898588890654,3898588914061,3898588919968,23407
487,"void flash_attn_tile<256, 256, 4, 6, false>(char const*, char const*, char const*, char const*, char const*, int const*, float*, HIP_vector_type<float, 2u>*, float, float, float, float, unsigned int, float, int, HIP_vector_type<unsigned int, 3u>, int, int, int, int, int, int, int, int, int, int, int, long, int, int, long, int, int, int, int, int, long) [clone .kd]",4,1,486,70325,70325,21504,384,32768,1432,128,0,48,64,"0x0","0x70100b2a6a40",3898474428160,3898589124429,3898589669163,3898589688065,544734
488,"void flash_attn_combine_results<256>(float const*, HIP_vector_type<float, 2u> const*, float*, int) [clone .kd]",4,1,487,70325,70325,6144,256,512,0,20,0,32,64,"0x0","0x70100b2a6880",3898474429852,3898589721459,3898589751088,3898589756987,29629
489,"void dequantize_block_q4_0<__half>(void const*, __half*, int) [clone .kd]",4,1,488,70325,70325,229376,32,0,0,12,0,16,64,"0x0","0x700f9d5d2b80",3898474431687,3898589751088,3898589775977,3898589781858,24889
490,"void dequantize_block_q4_0<__half>(void const*, __half*, int) [clone .kd]",4,1,489,70325,70325,229376,32,0,0,12,0,16,64,"0x0","0x700f9d5d2b80",3898474433500,3898589775977,3898589800717,3898589806326,24740
491,"void flash_attn_tile<256, 256, 4, 2, false>(char const*, char const*, char const*, char const*, char const*, int const*, float*, HIP_vector_type<float, 2u>*, float, float, float, float, unsigned int, float, int, HIP_vector_type<unsigned int, 3u>, int, int, int, int, int, int, int, int, int, int, int, long, int, int, long, int, int, int, int, int, long) [clone .kd]",4,1,490,70325,70325,28416,256,22528,1104,128,0,64,64,"0x0","0x70100b2a69c0",3898474435933,3898590023677,3898590727965,3898590746380,704288
492,"void flash_attn_combine_results<256>(float const*, HIP_vector_type<float, 2u> const*, float*, int) [clone .kd]",4,1,491,70325,70325,6144,256,512,0,20,0,32,64,"0x0","0x70100b2a6880",3898474437880,3898590727965,3898590750928,3898590758530,22963
493,"void dequantize_block_q4_0<__half>(void const*, __half*, int) [clone .kd]",4,1,492,70325,70325,229376,32,0,0,12,0,16,64,"0x0","0x700f9d5d2b80",3898474439883,3898590750928,3898590775668,3898590781321,24740
494,"void dequantize_block_q4_0<__half>(void const*, __half*, int) [clone .kd]",4,1,493,70325,70325,229376,32,0,0,12,0,16,64,"0x0","0x700f9d5d2b80",3898474441742,3898590775668,3898590800409,3898590806114,24741
495,"void flash_attn_tile<256, 256, 4, 6, false>(char const*, char const*, char const*, char const*, char const*, int const*, float*, HIP_vector_type<float, 2u>*, float, float, float, float, unsigned int, float, int, HIP_vector_type<unsigned int, 3u>, int, int, int, int, int, int, int, int, int, int, int, long, int, int, long, int, int, int, int, int, long) [clone .kd]",4,1,494,70325,70325,21504,384,32768,1432,128,0,48,64,"0x0","0x70100b2a6a40",3898474444243,3898591023665,3898591573732,3898591592902,550067
496,"void flash_attn_combine_results<256>(float const*, HIP_vector_type<float, 2u> const*, float*, int) [clone .kd]",4,1,495,70325,70325,6144,256,512,0,20,0,32,64,"0x0","0x70100b2a6880",3898474446097,3898591650324,3898591678176,3898591683315,27852
497,"void dequantize_block_q4_0<__half>(void const*, __half*, int) [clone .kd]",4,1,496,70325,70325,229376,32,0,0,12,0,16,64,"0x0","0x700f9d5d2b80",3898474448150,3898591678176,3898591703212,3898591708753,25036
498,"void dequantize_block_q4_0<__half>(void const*, __half*, int) [clone .kd]",4,1,497,70325,70325,229376,32,0,0,12,0,16,64,"0x0","0x700f9d5d2b80",3898474449856,3898591703212,3898591727805,3898591733370,24593
499,"void flash_attn_tile<256, 256, 4, 2, false>(char const*, char const*, char const*, char const*, char const*, int const*, float*, HIP_vector_type<float, 2u>*, float, float, float, float, unsigned int, float, int, HIP_vector_type<unsigned int, 3u>, int, int, int, int, int, int, int, int, int, int, int, long, int, int, long, int, int, int, int, int, long) [clone .kd]",4,1,498,70325,70325,28416,256,22528,1104,128,0,64,64,"0x0","0x70100b2a69c0",3898474452120,3898591950765,3898592671200,3898592690213,720435
500,"void flash_attn_combine_results<256>(float const*, HIP_vector_type<float, 2u> const*, float*, int) [clone .kd]",4,1,499,70325,70325,6144,256,512,0,20,0,32,64,"0x0","0x70100b2a6880",3898474453830,3898592671200,3898592694311,3898592701969,23111
501,"void dequantize_block_q4_0<__half>(void const*, __half*, int) [clone .kd]",4,1,500,70325,70325,229376,32,0,0,12,0,16,64,"0x0","0x700f9d5d2b80",3898474455621,3898592694311,3898592718904,3898592724115,24593
502,"void dequantize_block_q4_0<__half>(void const*, __half*, int) [clone .kd]",4,1,501,70325,70325,229376,32,0,0,12,0,16,64,"0x0","0x700f9d5d2b80",3898474457224,3898592718904,3898592743792,3898592749060,24888
503,"void flash_attn_tile<256, 256, 4, 6, false>(char const*, char const*, char const*, char const*, char const*, int const*, float*, HIP_vector_type<float, 2u>*, float, float, float, float, unsigned int, float, int, HIP_vector_type<unsigned int, 3u>, int, int, int, int, int, int, int, int, int, int, int, long, int, int, long, int, int, int, int, int, long) [clone .kd]",4,1,502,70325,70325,21504,384,32768,1432,128,0,48,64,"0x0","0x70100b2a6a40",3898474459647,3898592967049,3898593515783,3898593534769,548734
504,"void flash_attn_combine_results<256>(float const*, HIP_vector_type<float, 2u> const*, float*, int) [clone .kd]",4,1,503,70325,70325,6144,256,512,0,20,0,32,64,"0x0","0x70100b2a6880",3898474461542,3898593592967,3898593620967,3898593626283,28000
505,"void dequantize_block_q4_0<__half>(void const*, __half*, int) [clone .kd]",4,1,504,70325,70325,229376,32,0,0,12,0,16,64,"0x0","0x700f9d5d2b80",3898474463346,3898593620967,3898593645707,3898593651392,24740
506,"void dequantize_block_q4_0<__half>(void const*, __half*, int) [clone .kd]",4,1,505,70325,70325,229376,32,0,0,12,0,16,64,"0x0","0x700f9d5d2b80",3898474464889,3898593645707,3898593670447,3898593675467,24740
507,"void flash_attn_tile<256, 256, 4, 2, false>(char const*, char const*, char const*, char const*, char const*, int const*, float*, HIP_vector_type<float, 2u>*, float, float, float, float, unsigned int, float, int, HIP_vector_type<unsigned int, 3u>, int, int, int, int, int, int, int, int, int, int, int, long, int, int, long, int, int, int, int, int, long) [clone .kd]",4,1,506,70325,70325,28416,256,22528,1104,128,0,64,64,"0x0","0x70100b2a69c0",3898474467615,3898593893260,3898594608510,3898594627549,715250
508,"void flash_attn_combine_results<256>(float const*, HIP_vector_type<float, 2u> const*, float*, int) [clone .kd]",4,1,507,70325,70325,6144,256,512,0,20,0,32,64,"0x0","0x70100b2a6880",3898474469528,3898594608510,3898594632954,3898594638760,24444
509,"void dequantize_block_q4_0<__half>(void const*, __half*, int) [clone .kd]",4,1,508,70325,70325,229376,32,0,0,12,0,16,64,"0x0","0x700f9d5d2b80",3898474471562,3898594632954,3898594669694,3898594675379,36740
510,"void dequantize_block_q4_0<__half>(void const*, __half*, int) [clone .kd]",4,1,509,70325,70325,229376,32,0,0,12,0,16,64,"0x0","0x700f9d5d2b80",3898474473413,3898594669694,3898594696805,3898594702775,27111
511,"void flash_attn_tile<256, 256, 4, 6, false>(char const*, char const*, char const*, char const*, char const*, int const*, float*, HIP_vector_type<float, 2u>*, float, float, float, float, unsigned int, float, int, HIP_vector_type<unsigned int, 3u>, int, int, int, int, int, int, int, int, int, int, int, long, int, int, long, int, int, int, int, int, long) [clone .kd]",4,1,510,70325,70325,21504,384,32768,1432,128,0,48,64,"0x0","0x70100b2a6a40",3898474475959,3898594944950,3898595547758,3898595566747,602808
512,"void flash_attn_combine_results<256>(float const*, HIP_vector_type<float, 2u> const*, float*, int) [clone .kd]",4,1,511,70325,70325,6144,256,512,0,20,0,32,64,"0x0","0x70100b2a6880",3898474477917,3898595577091,3898595608646,3898595614143,31555
513,"void dequantize_block_q4_0<__half>(void const*, __half*, int) [clone .kd]",4,1,512,70325,70325,229376,32,0,0,12,0,16,64,"0x0","0x700f9d5d2b80",3898474480235,3898595608646,3898595636053,3898595641567,27407
514,"void dequantize_block_q4_0<__half>(void const*, __half*, int) [clone .kd]",4,1,513,70325,70325,229376,32,0,0,12,0,16,64,"0x0","0x700f9d5d2b80",3898474482013,3898595636053,3898595663164,3898595668525,27111
515,"void flash_attn_tile<256, 256, 4, 2, false>(char const*, char const*, char const*, char const*, char const*, int const*, float*, HIP_vector_type<float, 2u>*, float, float, float, float, unsigned int, float, int, HIP_vector_type<unsigned int, 3u>, int, int, int, int, int, int, int, int, int, int, int, long, int, int, long, int, int, int, int, int, long) [clone .kd]",4,1,514,70325,70325,28416,256,22528,1104,128,0,64,64,"0x0","0x70100b2a69c0",3898474484521,3898595911457,3898596697373,3898596715935,785916
516,"void flash_attn_combine_results<256>(float const*, HIP_vector_type<float, 2u> const*, float*, int) [clone .kd]",4,1,515,70325,70325,6144,256,512,0,20,0,32,64,"0x0","0x70100b2a6880",3898474486480,3898596697373,3898596720040,3898596727708,22667
517,"void dequantize_block_q4_0<__half>(void const*, __half*, int) [clone .kd]",4,1,516,70325,70325,229376,32,0,0,12,0,16,64,"0x0","0x700f9d5d2b80",3898474488233,3898596720040,3898596744780,3898596750477,24740
518,"void dequantize_block_q4_0<__half>(void const*, __half*, int) [clone .kd]",4,1,517,70325,70325,229376,32,0,0,12,0,16,64,"0x0","0x700f9d5d2b80",3898474489996,3898596744780,3898596769076,3898596774118,24296
519,"void flash_attn_tile<256, 256, 4, 6, false>(char const*, char const*, char const*, char const*, char const*, int const*, float*, HIP_vector_type<float, 2u>*, float, float, float, float, unsigned int, float, int, HIP_vector_type<unsigned int, 3u>, int, int, int, int, int, int, int, int, int, int, int, long, int, int, long, int, int, int, int, int, long) [clone .kd]",4,1,518,70325,70325,21504,384,32768,1432,128,0,48,64,"0x0","0x70100b2a6a40",3898474492335,3898596992777,3898597543437,3898597561073,550660
520,"void flash_attn_combine_results<256>(float const*, HIP_vector_type<float, 2u> const*, float*, int) [clone .kd]",4,1,519,70325,70325,6144,256,512,0,20,0,32,64,"0x0","0x70100b2a6880",3898474494191,3898597617658,3898597646251,3898597651773,28593
521,"void dequantize_block_q4_0<__half>(void const*, __half*, int) [clone .kd]",4,1,520,70325,70325,229376,32,0,0,12,0,16,64,"0x0","0x700f9d5d2b80",3898474496477,3898597646251,3898597671139,3898597676934,24888
522,"void dequantize_block_q4_0<__half>(void const*, __half*, int) [clone .kd]",4,1,521,70325,70325,229376,32,0,0,12,0,16,64,"0x0","0x700f9d5d2b80",3898474503305,3898597671139,3898597695731,3898597701304,24592
523,"void flash_attn_tile<256, 256, 4, 2, false>(char const*, char const*, char const*, char const*, char const*, int const*, float*, HIP_vector_type<float, 2u>*, float, float, float, float, unsigned int, float, int, HIP_vector_type<unsigned int, 3u>, int, int, int, int, int, int, int, int, int, int, int, long, int, int, long, int, int, int, int, int, long) [clone .kd]",4,1,522,70325,70325,28416,256,22528,1104,128,0,64,64,"0x0","0x70100b2a69c0",3898474505579,3898597918543,3898598639424,3898598657824,720881
524,"void flash_attn_combine_results<256>(float const*, HIP_vector_type<float, 2u> const*, float*, int) [clone .kd]",4,1,523,70325,70325,6144,256,512,0,20,0,32,64,"0x0","0x70100b2a6880",3898474507342,3898598639424,3898598662831,3898598669411,23407
525,"void dequantize_block_q4_0<__half>(void const*, __half*, int) [clone .kd]",4,1,524,70325,70325,229376,32,0,0,12,0,16,64,"0x0","0x700f9d5d2b80",3898474509128,3898598662831,3898598687719,3898598693257,24888
526,"void dequantize_block_q4_0<__half>(void const*, __half*, int) [clone .kd]",4,1,525,70325,70325,229376,32,0,0,12,0,16,64,"0x0","0x700f9d5d2b80",3898474510916,3898598687719,3898598712460,3898598717930,24741
527,"void flash_attn_tile<256, 256, 4, 6, false>(char const*, char const*, char const*, char const*, char const*, int const*, float*, HIP_vector_type<float, 2u>*, float, float, float, float, unsigned int, float, int, HIP_vector_type<unsigned int, 3u>, int, int, int, int, int, int, int, int, int, int, int, long, int, int, long, int, int, int, int, int, long) [clone .kd]",4,1,526,70325,70325,21504,384,32768,1432,128,0,48,64,"0x0","0x70100b2a6a40",3898474513457,3898598936161,3898599490821,3898599509056,554660
528,"void flash_attn_combine_results<256>(float const*, HIP_vector_type<float, 2u> const*, float*, int) [clone .kd]",4,1,527,70325,70325,6144,256,512,0,20,0,32,64,"0x0","0x70100b2a6880",3898474515470,3898599562227,3898599591708,3898599596796,29481
529,"void dequantize_block_q4_0<__half>(void const*, __half*, int) [clone .kd]",4,1,528,70325,70325,229376,32,0,0,12,0,16,64,"0x0","0x700f9d5d2b80",3898474517729,3898599591708,3898599616893,3898599621989,25185
530,"void dequantize_block_q4_0<__half>(void const*, __half*, int) [clone .kd]",4,1,529,70325,70325,229376,32,0,0,12,0,16,64,"0x0","0x700f9d5d2b80",3898474519535,3898599616893,3898599641485,3898599647049,24592
531,"void flash_attn_tile<256, 256, 4, 2, false>(char const*, char const*, char const*, char const*, char const*, int const*, float*, HIP_vector_type<float, 2u>*, float, float, float, float, unsigned int, float, int, HIP_vector_type<unsigned int, 3u>, int, int, int, int, int, int, int, int, int, int, int, long, int, int, long, int, int, int, int, int, long) [clone .kd]",4,1,530,70325,70325,28416,256,22528,1104,128,0,64,64,"0x0","0x70100b2a69c0",3898474522008,3898599864446,3898600582659,3898600600974,718213
532,"void flash_attn_combine_results<256>(float const*, HIP_vector_type<float, 2u> const*, float*, int) [clone .kd]",4,1,531,70325,70325,6144,256,512,0,20,0,32,64,"0x0","0x70100b2a6880",3898474523986,3898600582659,3898600605029,3898600611961,22370
533,"void dequantize_block_q4_0<__half>(void const*, __half*, int) [clone .kd]",4,1,532,70325,70325,229376,32,0,0,12,0,16,64,"0x0","0x700f9d5d2b80",3898474525969,3898600605029,3898600630214,3898600635931,25185
534,"void dequantize_block_q4_0<__half>(void const*, __half*, int) [clone .kd]",4,1,533,70325,70325,229376,32,0,0,12,0,16,64,"0x0","0x700f9d5d2b80",3898474527660,3898600630214,3898600654806,3898600659884,24592
535,"void flash_attn_tile<256, 256, 4, 6, false>(char const*, char const*, char const*, char const*, char const*, int const*, float*, HIP_vector_type<float, 2u>*, float, float, float, float, unsigned int, float, int, HIP_vector_type<unsigned int, 3u>, int, int, int, int, int, int, int, int, int, int, int, long, int, int, long, int, int, int, int, int, long) [clone .kd]",4,1,534,70325,70325,21504,384,32768,1432,128,0,48,64,"0x0","0x70100b2a6a40",3898474534041,3898600878211,3898601433760,3898601451707,555549
536,"void flash_attn_combine_results<256>(float const*, HIP_vector_type<float, 2u> const*, float*, int) [clone .kd]",4,1,535,70325,70325,6144,256,512,0,20,0,32,64,"0x0","0x70100b2a6880",3898474535859,3898601504574,3898601533314,3898601538580,28740
537,"void dequantize_block_q4_0<__half>(void const*, __half*, int) [clone .kd]",4,1,536,70325,70325,229376,32,0,0,12,0,16,64,"0x0","0x700f9d5d2b80",3898474537710,3898601533314,3898601558054,3898601563869,24740
538,"void dequantize_block_q4_0<__half>(void const*, __half*, int) [clone .kd]",4,1,537,70325,70325,229376,32,0,0,12,0,16,64,"0x0","0x700f9d5d2b80",3898474539425,3898601558054,3898601582943,3898601587921,24889
539,"void flash_attn_tile<256, 256, 4, 2, false>(char const*, char const*, char const*, char const*, char const*, int const*, float*, HIP_vector_type<float, 2u>*, float, float, float, float, unsigned int, float, int, HIP_vector_type<unsigned int, 3u>, int, int, int, int, int, int, int, int, int, int, int, long, int, int, long, int, int, int, int, int, long) [clone .kd]",4,1,538,70325,70325,28416,256,22528,1104,128,0,64,64,"0x0","0x70100b2a69c0",3898474542438,3898601805755,3898602532117,3898602551628,726362
540,"void flash_attn_combine_results<256>(float const*, HIP_vector_type<float, 2u> const*, float*, int) [clone .kd]",4,1,539,70325,70325,6144,256,512,0,20,0,32,64,"0x0","0x70100b2a6880",3898474544400,3898602532117,3898602554635,3898602564231,22518
541,"void dequantize_block_q4_0<__half>(void const*, __half*, int) [clone .kd]",4,1,540,70325,70325,229376,32,0,0,12,0,16,64,"0x0","0x700f9d5d2b80",3898474546300,3898602554635,3898602579523,3898602585249,24888
542,"void dequantize_block_q4_0<__half>(void const*, __half*, int) [clone .kd]",4,1,541,70325,70325,229376,32,0,0,12,0,16,64,"0x0","0x700f9d5d2b80",3898474548094,3898602579523,3898602605005,3898602610585,25482
543,"void flash_attn_tile<256, 256, 4, 6, false>(char const*, char const*, char const*, char const*, char const*, int const*, float*, HIP_vector_type<float, 2u>*, float, float, float, float, unsigned int, float, int, HIP_vector_type<unsigned int, 3u>, int, int, int, int, int, int, int, int, int, int, int, long, int, int, long, int, int, int, int, int, long) [clone .kd]",4,1,542,70325,70325,21504,384,32768,1432,128,0,48,64,"0x0","0x70100b2a6a40",3898474550567,3898602853150,3898603458772,3898603477419,605622
544,"void flash_attn_combine_results<256>(float const*, HIP_vector_type<float, 2u> const*, float*, int) [clone .kd]",4,1,543,70325,70325,6144,256,512,0,20,0,32,64,"0x0","0x70100b2a6880",3898474552511,3898603484994,3898603516993,3898603522613,31999
545,"void dequantize_block_q4_0<__half>(void const*, __half*, int) [clone .kd]",4,1,544,70325,70325,229376,32,0,0,12,0,16,64,"0x0","0x700f9d5d2b80",3898474554531,3898603516993,3898603544697,3898603550421,27704
546,"void dequantize_block_q4_0<__half>(void const*, __half*, int) [clone .kd]",4,1,545,70325,70325,229376,32,0,0,12,0,16,64,"0x0","0x700f9d5d2b80",3898474556434,3898603544697,3898603571807,3898603577267,27110
547,"void flash_attn_tile<256, 256, 4, 2, false>(char const*, char const*, char const*, char const*, char const*, int const*, float*, HIP_vector_type<float, 2u>*, float, float, float, float, unsigned int, float, int, HIP_vector_type<unsigned int, 3u>, int, int, int, int, int, int, int, int, int, int, int, long, int, int, long, int, int, int, int, int, long) [clone .kd]",4,1,546,70325,70325,28416,256,22528,1104,128,0,64,64,"0x0","0x70100b2a69c0",3898474558841,3898603819953,3898604607054,3898604624895,787101
548,"void flash_attn_combine_results<256>(float const*, HIP_vector_type<float, 2u> const*, float*, int) [clone .kd]",4,1,547,70325,70325,6144,256,512,0,20,0,32,64,"0x0","0x70100b2a6880",3898474560989,3898604607054,3898604632091,3898604637405,25037
549,"void dequantize_block_q4_0<__half>(void const*, __half*, int) [clone .kd]",4,1,548,70325,70325,229376,32,0,0,12,0,16,64,"0x0","0x700f9d5d2b80",3898474563038,3898604632091,3898604657424,3898604662752,25333
550,"void dequantize_block_q4_0<__half>(void const*, __half*, int) [clone .kd]",4,1,549,70325,70325,229376,32,0,0,12,0,16,64,"0x0","0x700f9d5d2b80",3898474564717,3898604657424,3898604691794,3898604696968,34370
551,"void flash_attn_tile<256, 256, 4, 6, false>(char const*, char const*, char const*, char const*, char const*, int const*, float*, HIP_vector_type<float, 2u>*, float, float, float, float, unsigned int, float, int, HIP_vector_type<unsigned int, 3u>, int, int, int, int, int, int, int, int, int, int, int, long, int, int, long, int, int, int, int, int, long) [clone .kd]",4,1,550,70325,70325,21504,384,32768,1432,128,0,48,64,"0x0","0x70100b2a6a40",3898474567288,3898604915347,3898605459784,3898605477517,544437
552,"void flash_attn_combine_results<256>(float const*, HIP_vector_type<float, 2u> const*, float*, int) [clone .kd]",4,1,551,70325,70325,6144,256,512,0,20,0,32,64,"0x0","0x70100b2a6880",3898474569085,3898605486451,3898605515191,3898605520810,28740
553,"void dequantize_block_q4_0<__half>(void const*, __half*, int) [clone .kd]",4,1,552,70325,70325,229376,32,0,0,12,0,16,64,"0x0","0x700f9d5d2b80",3898474570914,3898605515191,3898605540376,3898605545789,25185
554,"void dequantize_block_q4_0<__half>(void const*, __half*, int) [clone .kd]",4,1,553,70325,70325,229376,32,0,0,12,0,16,64,"0x0","0x700f9d5d2b80",3898474572485,3898605540376,3898605564968,3898605570365,24592
555,"void flash_attn_tile<256, 256, 4, 2, false>(char const*, char const*, char const*, char const*, char const*, int const*, float*, HIP_vector_type<float, 2u>*, float, float, float, float, unsigned int, float, int, HIP_vector_type<unsigned int, 3u>, int, int, int, int, int, int, int, int, int, int, int, long, int, int, long, int, int, int, int, int, long) [clone .kd]",4,1,554,70325,70325,28416,256,22528,1104,128,0,64,64,"0x0","0x70100b2a69c0",3898474574808,3898605788077,3898606504364,3898606521894,716287
556,"void flash_attn_combine_results<256>(float const*, HIP_vector_type<float, 2u> const*, float*, int) [clone .kd]",4,1,555,70325,70325,6144,256,512,0,20,0,32,64,"0x0","0x70100b2a6880",3898474576537,3898606504364,3898606526882,3898606532833,22518
557,"void dequantize_block_q4_0<__half>(void const*, __half*, int) [clone .kd]",4,1,556,70325,70325,229376,32,0,0,12,0,16,64,"0x0","0x700f9d5d2b80",3898474578307,3898606526882,3898606551623,3898606556671,24741
558,"void dequantize_block_q4_0<__half>(void const*, __half*, int) [clone .kd]",4,1,557,70325,70325,229376,32,0,0,12,0,16,64,"0x0","0x700f9d5d2b80",3898474580296,3898606551623,3898606576215,3898606581348,24592
559,"void flash_attn_tile<256, 256, 4, 6, false>(char const*, char const*, char const*, char const*, char const*, int const*, float*, HIP_vector_type<float, 2u>*, float, float, float, float, unsigned int, float, int, HIP_vector_type<unsigned int, 3u>, int, int, int, int, int, int, int, int, int, int, int, long, int, int, long, int, int, int, int, int, long) [clone .kd]",4,1,558,70325,70325,21504,384,32768,1432,128,0,48,64,"0x0","0x70100b2a6a40",3898474582551,3898606799768,3898607345243,3898607362106,545475
560,"void flash_attn_combine_results<256>(float const*, HIP_vector_type<float, 2u> const*, float*, int) [clone .kd]",4,1,559,70325,70325,6144,256,512,0,20,0,32,64,"0x0","0x70100b2a6880",3898474584236,3898607370576,3898607400057,3898607405452,29481
561,"void dequantize_block_q4_0<__half>(void const*, __half*, int) [clone .kd]",4,1,560,70325,70325,229376,32,0,0,12,0,16,64,"0x0","0x700f9d5d2b80",3898474586194,3898607400057,3898607425242,3898607430436,25185
562,"void dequantize_block_q4_0<__half>(void const*, __half*, int) [clone .kd]",4,1,561,70325,70325,229376,32,0,0,12,0,16,64,"0x0","0x700f9d5d2b80",3898474587932,3898607425242,3898607449834,3898607455378,24592
563,"void flash_attn_tile<256, 256, 4, 2, false>(char const*, char const*, char const*, char const*, char const*, int const*, float*, HIP_vector_type<float, 2u>*, float, float, float, float, unsigned int, float, int, HIP_vector_type<unsigned int, 3u>, int, int, int, int, int, int, int, int, int, int, int, long, int, int, long, int, int, int, int, int, long) [clone .kd]",4,1,562,70325,70325,28416,256,22528,1104,128,0,64,64,"0x0","0x70100b2a69c0",3898474590520,3898607670572,3898608378415,3898608394979,707843
564,"void flash_attn_combine_results<256>(float const*, HIP_vector_type<float, 2u> const*, float*, int) [clone .kd]",4,1,563,70325,70325,6144,256,512,0,20,0,32,64,"0x0","0x70100b2a6880",3898474592423,3898608378415,3898608399748,3898608405019,21333
565,"void dequantize_block_q4_0<__half>(void const*, __half*, int) [clone .kd]",4,1,564,70325,70325,229376,32,0,0,12,0,16,64,"0x0","0x700f9d5d2b80",3898474594429,3898608399748,3898608423155,3898608428807,23407
566,"void dequantize_block_q4_0<__half>(void const*, __half*, int) [clone .kd]",4,1,565,70325,70325,229376,32,0,0,12,0,16,64,"0x0","0x700f9d5d2b80",3898474596290,3898608423155,3898608446414,3898608451532,23259
567,"void flash_attn_tile<256, 256, 4, 6, false>(char const*, char const*, char const*, char const*, char const*, int const*, float*, HIP_vector_type<float, 2u>*, float, float, float, float, unsigned int, float, int, HIP_vector_type<unsigned int, 3u>, int, int, int, int, int, int, int, int, int, int, int, long, int, int, long, int, int, int, int, int, long) [clone .kd]",4,1,566,70325,70325,21504,384,32768,1432,128,0,48,64,"0x0","0x70100b2a6a40",3898474598763,3898608656782,3898609200183,3898609216652,543401
568,"void flash_attn_combine_results<256>(float const*, HIP_vector_type<float, 2u> const*, float*, int) [clone .kd]",4,1,567,70325,70325,6144,256,512,0,20,0,32,64,"0x0","0x70100b2a6880",3898474600776,3898609247886,3898609275293,3898609280703,27407
569,"void dequantize_block_q4_0<__half>(void const*, __half*, int) [clone .kd]",4,1,568,70325,70325,229376,32,0,0,12,0,16,64,"0x0","0x700f9d5d2b80",3898474602774,3898609275293,3898609299145,3898609304008,23852
570,"void dequantize_block_q4_0<__half>(void const*, __half*, int) [clone .kd]",4,1,569,70325,70325,229376,32,0,0,12,0,16,64,"0x0","0x700f9d5d2b80",3898474604512,3898609299145,3898609322255,3898609327251,23110
571,"void flash_attn_tile<256, 256, 4, 2, false>(char const*, char const*, char const*, char const*, char const*, int const*, float*, HIP_vector_type<float, 2u>*, float, float, float, float, unsigned int, float, int, HIP_vector_type<unsigned int, 3u>, int, int, int, int, int, int, int, int, int, int, int, long, int, int, long, int, int, int, int, int, long) [clone .kd]",4,1,570,70325,70325,28416,256,22528,1104,128,0,64,64,"0x0","0x70100b2a69c0",3898474606950,3898609532031,3898610229355,3898610245534,697324
572,"void flash_attn_combine_results<256>(float const*, HIP_vector_type<float, 2u> const*, float*, int) [clone .kd]",4,1,571,70325,70325,6144,256,512,0,20,0,32,64,"0x0","0x70100b2a6880",3898474608688,3898610229355,3898610249059,3898610255286,19704
573,"void dequantize_block_q4_0<__half>(void const*, __half*, int) [clone .kd]",4,1,572,70325,70325,229376,32,0,0,12,0,16,64,"0x0","0x700f9d5d2b80",3898474610491,3898610249059,3898610271577,3898610276422,22518
574,"void dequantize_block_q4_0<__half>(void const*, __half*, int) [clone .kd]",4,1,573,70325,70325,229376,32,0,0,12,0,16,64,"0x0","0x700f9d5d2b80",3898474612031,3898610271577,3898610293799,3898610299135,22222
575,"void flash_attn_tile<256, 256, 4, 6, false>(char const*, char const*, char const*, char const*, char const*, int const*, float*, HIP_vector_type<float, 2u>*, float, float, float, float, unsigned int, float, int, HIP_vector_type<unsigned int, 3u>, int, int, int, int, int, int, int, int, int, int, int, long, int, int, long, int, int, int, int, int, long) [clone .kd]",4,1,574,70325,70325,21504,384,32768,1432,128,0,48,64,"0x0","0x70100b2a6a40",3898474614543,3898610484019,3898611016753,3898611033015,532734
576,"void flash_attn_combine_results<256>(float const*, HIP_vector_type<float, 2u> const*, float*, int) [clone .kd]",4,1,575,70325,70325,6144,256,512,0,20,0,32,64,"0x0","0x70100b2a6880",3898474616197,3898611078234,3898611102974,3898611108040,24740
577,"void dequantize_block_q4_0<__half>(void const*, __half*, int) [clone .kd]",4,1,576,70325,70325,229376,32,0,0,12,0,16,64,"0x0","0x700f9d5d2b80",3898474618082,3898611102974,3898611126382,3898611131461,23408
578,"void dequantize_block_q4_0<__half>(void const*, __half*, int) [clone .kd]",4,1,577,70325,70325,229376,32,0,0,12,0,16,64,"0x0","0x700f9d5d2b80",3898474619820,3898611126382,3898611149048,3898611154061,22666
579,"void flash_attn_tile<256, 256, 4, 2, false>(char const*, char const*, char const*, char const*, char const*, int const*, float*, HIP_vector_type<float, 2u>*, float, float, float, float, unsigned int, float, int, HIP_vector_type<unsigned int, 3u>, int, int, int, int, int, int, int, int, int, int, int, long, int, int, long, int, int, int, int, int, long) [clone .kd]",4,1,578,70325,70325,28416,256,22528,1104,128,0,64,64,"0x0","0x70100b2a69c0",3898474622027,3898611339268,3898612036148,3898612052090,696880
580,"void flash_attn_combine_results<256>(float const*, HIP_vector_type<float, 2u> const*, float*, int) [clone .kd]",4,1,579,70325,70325,6144,256,512,0,20,0,32,64,"0x0","0x70100b2a6880",3898474623768,3898612036148,3898612056000,3898612061798,19852
581,"void dequantize_block_q4_0<__half>(void const*, __half*, int) [clone .kd]",4,1,580,70325,70325,229376,32,0,0,12,0,16,64,"0x0","0x700f9d5d2b80",3898474625499,3898612056000,3898612079555,3898612084994,23555
582,"void dequantize_block_q4_0<__half>(void const*, __half*, int) [clone .kd]",4,1,581,70325,70325,229376,32,0,0,12,0,16,64,"0x0","0x700f9d5d2b80",3898474627304,3898612079555,3898612102221,3898612107590,22666
583,"void flash_attn_tile<256, 256, 4, 6, false>(char const*, char const*, char const*, char const*, char const*, int const*, float*, HIP_vector_type<float, 2u>*, float, float, float, float, unsigned int, float, int, HIP_vector_type<unsigned int, 3u>, int, int, int, int, int, int, int, int, int, int, int, long, int, int, long, int, int, int, int, int, long) [clone .kd]",4,1,582,70325,70325,21504,384,32768,1432,128,0,48,64,"0x0","0x70100b2a6a40",3898474630126,3898612292886,3898612821472,3898612836983,528586
584,"void flash_attn_combine_results<256>(float const*, HIP_vector_type<float, 2u> const*, float*, int) [clone .kd]",4,1,583,70325,70325,6144,256,512,0,20,0,32,64,"0x0","0x70100b2a6880",3898474631981,3898612882953,3898612908286,3898612913316,25333
585,"void dequantize_block_q4_0<__half>(void const*, __half*, int) [clone .kd]",4,1,584,70325,70325,229376,32,0,0,12,0,16,64,"0x0","0x700f9d5d2b80",3898474633998,3898612908286,3898612931545,3898612936558,23259
586,"void dequantize_block_q4_0<__half>(void const*, __half*, int) [clone .kd]",4,1,585,70325,70325,229376,32,0,0,12,0,16,64,"0x0","0x700f9d5d2b80",3898474635781,3898612931545,3898612954507,3898612959440,22962
587,"void flash_attn_tile<256, 256, 4, 2, false>(char const*, char const*, char const*, char const*, char const*, int const*, float*, HIP_vector_type<float, 2u>*, float, float, float, float, unsigned int, float, int, HIP_vector_type<unsigned int, 3u>, int, int, int, int, int, int, int, int, int, int, int, long, int, int, long, int, int, int, int, int, long) [clone .kd]",4,1,586,70325,70325,28416,256,22528,1104,128,0,64,64,"0x0","0x70100b2a69c0",3898474638230,3898613144727,3898613848719,3898613864842,703992
588,"void flash_attn_combine_results<256>(float const*, HIP_vector_type<float, 2u> const*, float*, int) [clone .kd]",4,1,587,70325,70325,6144,256,512,0,20,0,32,64,"0x0","0x70100b2a6880",3898474640287,3898613848719,3898613869903,3898613874689,21184
589,"void dequantize_block_q4_0<__half>(void const*, __half*, int) [clone .kd]",4,1,588,70325,70325,229376,32,0,0,12,0,16,64,"0x0","0x700f9d5d2b80",3898474642293,3898613869903,3898613893459,3898613898649,23556
590,"void dequantize_block_q4_0<__half>(void const*, __half*, int) [clone .kd]",4,1,589,70325,70325,229376,32,0,0,12,0,16,64,"0x0","0x700f9d5d2b80",3898474643975,3898613893459,3898613916421,3898613921918,22962
591,"void flash_attn_tile<256, 256, 4, 6, false>(char const*, char const*, char const*, char const*, char const*, int const*, float*, HIP_vector_type<float, 2u>*, float, float, float, float, unsigned int, float, int, HIP_vector_type<unsigned int, 3u>, int, int, int, int, int, int, int, int, int, int, int, long, int, int, long, int, int, int, int, int, long) [clone .kd]",4,1,590,70325,70325,21504,384,32768,1432,128,0,48,64,"0x0","0x70100b2a6a40",3898474646406,3898614126789,3898614666190,3898614682213,539401
592,"void flash_attn_combine_results<256>(float const*, HIP_vector_type<float, 2u> const*, float*, int) [clone .kd]",4,1,591,70325,70325,6144,256,512,0,20,0,32,64,"0x0","0x70100b2a6880",3898474648170,3898614722486,3898614753448,3898614758622,30962
593,"void dequantize_block_q4_0<__half>(void const*, __half*, int) [clone .kd]",4,1,592,70325,70325,229376,32,0,0,12,0,16,64,"0x0","0x700f9d5d2b80",3898474649985,3898614753448,3898614778189,3898614783123,24741
594,"void dequantize_block_q4_0<__half>(void const*, __half*, int) [clone .kd]",4,1,593,70325,70325,229376,32,0,0,12,0,16,64,"0x0","0x700f9d5d2b80",3898474651513,3898614778189,3898614802781,3898614807865,24592
595,"void flash_attn_tile<256, 256, 4, 2, false>(char const*, char const*, char const*, char const*, char const*, int const*, float*, HIP_vector_type<float, 2u>*, float, float, float, float, unsigned int, float, int, HIP_vector_type<unsigned int, 3u>, int, int, int, int, int, int, int, int, int, int, int, long, int, int, long, int, int, int, int, int, long) [clone .kd]",4,1,594,70325,70325,28416,256,22528,1104,128,0,64,64,"0x0","0x70100b2a69c0",3898474656462,3898615025741,3898615737881,3898615754123,712140
596,"void flash_attn_combine_results<256>(float const*, HIP_vector_type<float, 2u> const*, float*, int) [clone .kd]",4,1,595,70325,70325,6144,256,512,0,20,0,32,64,"0x0","0x70100b2a6880",3898474658162,3898615737881,3898615760547,3898615765696,22666
597,"void dequantize_block_q4_0<__half>(void const*, __half*, int) [clone .kd]",4,1,596,70325,70325,229376,32,0,0,12,0,16,64,"0x0","0x700f9d5d2b80",3898474659977,3898615760547,3898615785436,3898615790824,24889
598,"void dequantize_block_q4_0<__half>(void const*, __half*, int) [clone .kd]",4,1,597,70325,70325,229376,32,0,0,12,0,16,64,"0x0","0x700f9d5d2b80",3898474661617,3898615785436,3898615810028,3898615815191,24592
599,"void flash_attn_tile<256, 256, 4, 6, false>(char const*, char const*, char const*, char const*, char const*, int const*, float*, HIP_vector_type<float, 2u>*, float, float, float, float, unsigned int, float, int, HIP_vector_type<unsigned int, 3u>, int, int, int, int, int, int, int, int, int, int, int, long, int, int, long, int, int, int, int, int, long) [clone .kd]",4,1,598,70325,70325,21504,384,32768,1432,128,0,48,64,"0x0","0x70100b2a6a40",3898474663987,3898616033432,3898616581426,3898616597591,547994
600,"void flash_attn_combine_results<256>(float const*, HIP_vector_type<float, 2u> const*, float*, int) [clone .kd]",4,1,599,70325,70325,6144,256,512,0,20,0,32,64,"0x0","0x70100b2a6880",3898474665768,3898616603648,3898616632240,3898616637401,28592
601,"void dequantize_block_q4_0<__half>(void const*, __half*, int) [clone .kd]",4,1,600,70325,70325,229376,32,0,0,12,0,16,64,"0x0","0x700f9d5d2b80",3898474667891,3898616632240,3898616656832,3898616662315,24592
602,"void dequantize_block_q4_0<__half>(void const*, __half*, int) [clone .kd]",4,1,601,70325,70325,229376,32,0,0,12,0,16,64,"0x0","0x700f9d5d2b80",3898474669852,3898616656832,3898616681721,3898616687128,24889
603,"void flash_attn_tile<256, 256, 4, 2, false>(char const*, char const*, char const*, char const*, char const*, int const*, float*, HIP_vector_type<float, 2u>*, float, float, float, float, unsigned int, float, int, HIP_vector_type<unsigned int, 3u>, int, int, int, int, int, int, int, int, int, int, int, long, int, int, long, int, int, int, int, int, long) [clone .kd]",4,1,602,70325,70325,28416,256,22528,1104,128,0,64,64,"0x0","0x70100b2a69c0",3898474672261,3898616904533,3898617624968,3898617640859,720435
604,"void flash_attn_combine_results<256>(float const*, HIP_vector_type<float, 2u> const*, float*, int) [clone .kd]",4,1,603,70325,70325,6144,256,512,0,20,0,32,64,"0x0","0x70100b2a6880",3898474674338,3898617624968,3898617649116,3898617654763,24148
605,"void dequantize_block_q4_0<__half>(void const*, __half*, int) [clone .kd]",4,1,604,70325,70325,229376,32,0,0,12,0,16,64,"0x0","0x700f9d5d2b80",3898474676335,3898617649116,3898617683042,3898617688408,33926
606,"void dequantize_block_q4_0<__half>(void const*, __half*, int) [clone .kd]",4,1,605,70325,70325,229376,32,0,0,12,0,16,64,"0x0","0x700f9d5d2b80",3898474678087,3898617683042,3898617710301,3898617715677,27259
607,"void flash_attn_tile<256, 256, 4, 6, false>(char const*, char const*, char const*, char const*, char const*, int const*, float*, HIP_vector_type<float, 2u>*, float, float, float, float, unsigned int, float, int, HIP_vector_type<unsigned int, 3u>, int, int, int, int, int, int, int, int, int, int, int, long, int, int, long, int, int, int, int, int, long) [clone .kd]",4,1,606,70325,70325,21504,384,32768,1432,128,0,48,64,"0x0","0x70100b2a6a40",3898474680564,3898617958446,3898618559772,3898618576213,601326
608,"void flash_attn_combine_results<256>(float const*, HIP_vector_type<float, 2u> const*, float*, int) [clone .kd]",4,1,607,70325,70325,6144,256,512,0,20,0,32,64,"0x0","0x70100b2a6880",3898474682465,3898618590734,3898618622141,3898618627871,31407
609,"void dequantize_block_q4_0<__half>(void const*, __half*, int) [clone .kd]",4,1,608,70325,70325,229376,32,0,0,12,0,16,64,"0x0","0x700f9d5d2b80",3898474684523,3898618622141,3898618649845,3898618655427,27704
610,"void dequantize_block_q4_0<__half>(void const*, __half*, int) [clone .kd]",4,1,609,70325,70325,229376,32,0,0,12,0,16,64,"0x0","0x700f9d5d2b80",3898474686309,3898618649845,3898618677104,3898618682706,27259
611,"void flash_attn_tile<256, 256, 4, 2, false>(char const*, char const*, char const*, char const*, char const*, int const*, float*, HIP_vector_type<float, 2u>*, float, float, float, float, unsigned int, float, int, HIP_vector_type<unsigned int, 3u>, int, int, int, int, int, int, int, int, int, int, int, long, int, int, long, int, int, int, int, int, long) [clone .kd]",4,1,610,70325,70325,28416,256,22528,1104,128,0,64,64,"0x0","0x70100b2a69c0",3898474688694,3898618925101,3898619710128,3898619726284,785027
612,"void flash_attn_combine_results<256>(float const*, HIP_vector_type<float, 2u> const*, float*, int) [clone .kd]",4,1,611,70325,70325,6144,256,512,0,20,0,32,64,"0x0","0x70100b2a6880",3898474690568,3898619710128,3898619732646,3898619737603,22518
613,"void dequantize_block_q4_0<__half>(void const*, __half*, int) [clone .kd]",4,1,612,70325,70325,229376,32,0,0,12,0,16,64,"0x0","0x700f9d5d2b80",3898474692336,3898619732646,3898619757387,3898619762570,24741
614,"void dequantize_block_q4_0<__half>(void const*, __half*, int) [clone .kd]",4,1,613,70325,70325,229376,32,0,0,12,0,16,64,"0x0","0x700f9d5d2b80",3898474693944,3898619757387,3898619782127,3898619787658,24740
615,"void flash_attn_tile<256, 256, 4, 6, false>(char const*, char const*, char const*, char const*, char const*, int const*, float*, HIP_vector_type<float, 2u>*, float, float, float, float, unsigned int, float, int, HIP_vector_type<unsigned int, 3u>, int, int, int, int, int, int, int, int, int, int, int, long, int, int, long, int, int, int, int, int, long) [clone .kd]",4,1,614,70325,70325,21504,384,32768,1432,128,0,48,64,"0x0","0x70100b2a6a40",3898474696194,3898620005384,3898620551747,3898620566720,546363
616,"void flash_attn_combine_results<256>(float const*, HIP_vector_type<float, 2u> const*, float*, int) [clone .kd]",4,1,615,70325,70325,6144,256,512,0,20,0,32,64,"0x0","0x70100b2a6880",3898474697950,3898620575599,3898620605525,3898620610526,29926
617,"void dequantize_block_q4_0<__half>(void const*, __half*, int) [clone .kd]",4,1,616,70325,70325,229376,32,0,0,12,0,16,64,"0x0","0x700f9d5d2b80",3898474699831,3898620605525,3898620630561,3898620635833,25036
618,"void dequantize_block_q4_0<__half>(void const*, __half*, int) [clone .kd]",4,1,617,70325,70325,229376,32,0,0,12,0,16,64,"0x0","0x700f9d5d2b80",3898474701403,3898620630561,3898620655154,3898620660064,24593
619,"void flash_attn_tile<256, 256, 4, 2, false>(char const*, char const*, char const*, char const*, char const*, int const*, float*, HIP_vector_type<float, 2u>*, float, float, float, float, unsigned int, float, int, HIP_vector_type<unsigned int, 3u>, int, int, int, int, int, int, int, int, int, int, int, long, int, int, long, int, int, int, int, int, long) [clone .kd]",4,1,618,70325,70325,28416,256,22528,1104,128,0,64,64,"0x0","0x70100b2a69c0",3898474703848,3898620878262,3898621600475,3898621616430,722213
620,"void flash_attn_combine_results<256>(float const*, HIP_vector_type<float, 2u> const*, float*, int) [clone .kd]",4,1,619,70325,70325,6144,256,512,0,20,0,32,64,"0x0","0x70100b2a6880",3898474705629,3898621600475,3898621622845,3898621627732,22370
621,"void dequantize_block_q4_0<__half>(void const*, __half*, int) [clone .kd]",4,1,620,70325,70325,229376,32,0,0,12,0,16,64,"0x0","0x700f9d5d2b80",3898474707348,3898621622845,3898621647438,3898621653034,24593
622,"void dequantize_block_q4_0<__half>(void const*, __half*, int) [clone .kd]",4,1,621,70325,70325,229376,32,0,0,12,0,16,64,"0x0","0x700f9d5d2b80",3898474708906,3898621647438,3898621672178,3898621677664,24740
623,"void flash_attn_tile<256, 256, 4, 6, false>(char const*, char const*, char const*, char const*, char const*, int const*, float*, HIP_vector_type<float, 2u>*, float, float, float, float, unsigned int, float, int, HIP_vector_type<unsigned int, 3u>, int, int, int, int, int, int, int, int, int, int, int, long, int, int, long, int, int, int, int, int, long) [clone .kd]",4,1,622,70325,70325,21504,384,32768,1432,128,0,48,64,"0x0","0x70100b2a6a40",3898474711519,3898621895583,3898622443724,3898622459251,548141
624,"void flash_attn_combine_results<256>(float const*, HIP_vector_type<float, 2u> const*, float*, int) [clone .kd]",4,1,623,70325,70325,6144,256,512,0,20,0,32,64,"0x0","0x70100b2a6880",3898474713462,3898622464168,3898622493353,3898622498749,29185
625,"void dequantize_block_q4_0<__half>(void const*, __half*, int) [clone .kd]",4,1,624,70325,70325,229376,32,0,0,12,0,16,64,"0x0","0x700f9d5d2b80",3898474715569,3898622493353,3898622518242,3898622523638,24889
626,"void dequantize_block_q4_0<__half>(void const*, __half*, int) [clone .kd]",4,1,625,70325,70325,229376,32,0,0,12,0,16,64,"0x0","0x700f9d5d2b80",3898474717344,3898622518242,3898622542982,3898622548516,24740
627,"void flash_attn_tile<256, 256, 4, 2, false>(char const*, char const*, char const*, char const*, char const*, int const*, float*, HIP_vector_type<float, 2u>*, float, float, float, float, unsigned int, float, int, HIP_vector_type<unsigned int, 3u>, int, int, int, int, int, int, int, int, int, int, int, long, int, int, long, int, int, int, int, int, long) [clone .kd]",4,1,626,70325,70325,28416,256,22528,1104,128,0,64,64,"0x0","0x70100b2a69c0",3898474719928,3898622766239,3898623488008,3898623503878,721769
628,"void flash_attn_combine_results<256>(float const*, HIP_vector_type<float, 2u> const*, float*, int) [clone .kd]",4,1,627,70325,70325,6144,256,512,0,20,0,32,64,"0x0","0x70100b2a6880",3898474721917,3898623488008,3898623510674,3898623515861,22666
629,"void dequantize_block_q4_0<__half>(void const*, __half*, int) [clone .kd]",4,1,628,70325,70325,229376,32,0,0,12,0,16,64,"0x0","0x700f9d5d2b80",3898474723920,3898623510674,3898623535563,3898623540833,24889
630,"void dequantize_block_q4_0<__half>(void const*, __half*, int) [clone .kd]",4,1,629,70325,70325,229376,32,0,0,12,0,16,64,"0x0","0x700f9d5d2b80",3898474725667,3898623535563,3898623560303,3898623565260,24740
631,"void flash_attn_tile<256, 256, 4, 6, false>(char const*, char const*, char const*, char const*, char const*, int const*, float*, HIP_vector_type<float, 2u>*, float, float, float, float, unsigned int, float, int, HIP_vector_type<unsigned int, 3u>, int, int, int, int, int, int, int, int, int, int, int, long, int, int, long, int, int, int, int, int, long) [clone .kd]",4,1,630,70325,70325,21504,384,32768,1432,128,0,48,64,"0x0","0x70100b2a6a40",3898474728127,3898623785928,3898624338073,3898624355142,552145
632,"void flash_attn_combine_results<256>(float const*, HIP_vector_type<float, 2u> const*, float*, int) [clone .kd]",4,1,631,70325,70325,6144,256,512,0,20,0,32,64,"0x0","0x70100b2a6880",3898474730005,3898624356294,3898624385775,3898624388890,29481
633,"void dequantize_block_q4_0<__half>(void const*, __half*, int) [clone .kd]",4,1,632,70325,70325,229376,32,0,0,12,0,16,64,"0x0","0x700f9d5d2b80",3898474732066,3898624385775,3898624410960,3898624413930,25185
634,"void dequantize_block_q4_0<__half>(void const*, __half*, int) [clone .kd]",4,1,633,70325,70325,229376,32,0,0,12,0,16,64,"0x0","0x700f9d5d2b80",3898474733693,3898624410960,3898624435849,3898624439152,24889
635,"void flash_attn_tile<256, 256, 4, 2, false>(char const*, char const*, char const*, char const*, char const*, int const*, float*, HIP_vector_type<float, 2u>*, float, float, float, float, unsigned int, float, int, HIP_vector_type<unsigned int, 3u>, int, int, int, int, int, int, int, int, int, int, int, long, int, int, long, int, int, int, int, int, long) [clone .kd]",4,1,634,70325,70325,28416,256,22528,1104,128,0,64,64,"0x0","0x70100b2a69c0",3898474736061,3898624658811,3898625367844,3898625380990,709033
636,"void flash_attn_combine_results<256>(float const*, HIP_vector_type<float, 2u> const*, float*, int) [clone .kd]",4,1,635,70325,70325,6144,256,512,0,20,0,32,64,"0x0","0x70100b2a6880",3898474737827,3898625367844,3898625390214,3898625393287,22370
637,"void dequantize_block_q4_0<__half>(void const*, __half*, int) [clone .kd]",4,1,636,70325,70325,229376,32,0,0,12,0,16,64,"0x0","0x700f9d5d2b80",3898474739555,3898625390214,3898625414954,3898625417991,24740
638,"void dequantize_block_q4_0<__half>(void const*, __half*, int) [clone .kd]",4,1,637,70325,70325,229376,32,0,0,12,0,16,64,"0x0","0x700f9d5d2b80",3898474741226,3898625414954,3898625439547,3898625442494,24593
639,"void flash_attn_tile<256, 256, 4, 6, false>(char const*, char const*, char const*, char const*, char const*, int const*, float*, HIP_vector_type<float, 2u>*, float, float, float, float, unsigned int, float, int, HIP_vector_type<unsigned int, 3u>, int, int, int, int, int, int, int, int, int, int, int, long, int, int, long, int, int, int, int, int, long) [clone .kd]",4,1,638,70325,70325,21504,384,32768,1432,128,0,48,64,"0x0","0x70100b2a6a40",3898474743603,3898625661323,3898626199839,3898626212606,538516
640,"void flash_attn_combine_results<256>(float const*, HIP_vector_type<float, 2u> const*, float*, int) [clone .kd]",4,1,639,70325,70325,6144,256,512,0,20,0,32,64,"0x0","0x70100b2a6880",3898474745291,3898626251246,3898626279246,3898626282044,28000
641,"void dequantize_block_q4_0<__half>(void const*, __half*, int) [clone .kd]",4,1,640,70325,70325,229376,32,0,0,12,0,16,64,"0x0","0x700f9d5d2b80",3898474747235,3898626279246,3898626302801,3898626306016,23555
642,"void dequantize_block_q4_0<__half>(void const*, __half*, int) [clone .kd]",4,1,641,70325,70325,229376,32,0,0,12,0,16,64,"0x0","0x700f9d5d2b80",3898474748853,3898626302801,3898626325764,3898626328733,22963
643,"void flash_attn_tile<256, 256, 4, 2, false>(char const*, char const*, char const*, char const*, char const*, int const*, float*, HIP_vector_type<float, 2u>*, float, float, float, float, unsigned int, float, int, HIP_vector_type<unsigned int, 3u>, int, int, int, int, int, int, int, int, int, int, int, long, int, int, long, int, int, int, int, int, long) [clone .kd]",4,1,642,70325,70325,28416,256,22528,1104,128,0,64,64,"0x0","0x70100b2a69c0",3898474751100,3898626535541,3898627229018,3898627241554,693477
644,"void flash_attn_combine_results<256>(float const*, HIP_vector_type<float, 2u> const*, float*, int) [clone .kd]",4,1,643,70325,70325,6144,256,512,0,20,0,32,64,"0x0","0x70100b2a6880",3898474752809,3898627229018,3898627248574,3898627251154,19556
645,"void dequantize_block_q4_0<__half>(void const*, __half*, int) [clone .kd]",4,1,644,70325,70325,229376,32,0,0,12,0,16,64,"0x0","0x700f9d5d2b80",3898474754584,3898627248574,3898627269611,3898627272592,21037
646,"void dequantize_block_q4_0<__half>(void const*, __half*, int) [clone .kd]",4,1,645,70325,70325,229376,32,0,0,12,0,16,64,"0x0","0x700f9d5d2b80",3898474756308,3898627269611,3898627290203,3898627293055,20592
647,"void flash_attn_tile<256, 256, 4, 6, false>(char const*, char const*, char const*, char const*, char const*, int const*, float*, HIP_vector_type<float, 2u>*, float, float, float, float, unsigned int, float, int, HIP_vector_type<unsigned int, 3u>, int, int, int, int, int, int, int, int, int, int, int, long, int, int, long, int, int, int, int, int, long) [clone .kd]",4,1,646,70325,70325,21504,384,32768,1432,128,0,48,64,"0x0","0x70100b2a6a40",3898474758818,3898627480276,3898628011088,3898628023375,530812
648,"void flash_attn_combine_results<256>(float const*, HIP_vector_type<float, 2u> const*, float*, int) [clone .kd]",4,1,647,70325,70325,6144,256,512,0,20,0,32,64,"0x0","0x70100b2a6880",3898474760710,3898628072273,3898628098495,3898628101137,26222
649,"void dequantize_block_q4_0<__half>(void const*, __half*, int) [clone .kd]",4,1,648,70325,70325,229376,32,0,0,12,0,16,64,"0x0","0x700f9d5d2b80",3898474762695,3898628098495,3898628121754,3898628124667,23259
650,"void dequantize_block_q4_0<__half>(void const*, __half*, int) [clone .kd]",4,1,649,70325,70325,229376,32,0,0,12,0,16,64,"0x0","0x700f9d5d2b80",3898474764467,3898628121754,3898628144865,3898628148153,23111
651,"void flash_attn_tile<256, 256, 4, 2, false>(char const*, char const*, char const*, char const*, char const*, int const*, float*, HIP_vector_type<float, 2u>*, float, float, float, float, unsigned int, float, int, HIP_vector_type<unsigned int, 3u>, int, int, int, int, int, int, int, int, int, int, int, long, int, int, long, int, int, int, int, int, long) [clone .kd]",4,1,650,70325,70325,28416,256,22528,1104,128,0,64,64,"0x0","0x70100b2a69c0",3898474767041,3898628335086,3898629030193,3898629042450,695107
652,"void flash_attn_combine_results<256>(float const*, HIP_vector_type<float, 2u> const*, float*, int) [clone .kd]",4,1,651,70325,70325,6144,256,512,0,20,0,32,64,"0x0","0x70100b2a6880",3898474768984,3898629030193,3898629050193,3898629052753,20000
653,"void dequantize_block_q4_0<__half>(void const*, __half*, int) [clone .kd]",4,1,652,70325,70325,229376,32,0,0,12,0,16,64,"0x0","0x700f9d5d2b80",3898474770958,3898629050193,3898629073156,3898629076229,22963
654,"void dequantize_block_q4_0<__half>(void const*, __half*, int) [clone .kd]",4,1,653,70325,70325,229376,32,0,0,12,0,16,64,"0x0","0x700f9d5d2b80",3898474772671,3898629073156,3898629095971,3898629098725,22815
655,"void flash_attn_tile<256, 256, 4, 6, false>(char const*, char const*, char const*, char const*, char const*, int const*, float*, HIP_vector_type<float, 2u>*, float, float, float, float, unsigned int, float, int, HIP_vector_type<unsigned int, 3u>, int, int, int, int, int, int, int, int, int, int, int, long, int, int, long, int, int, int, int, int, long) [clone .kd]",4,1,654,70325,70325,21504,384,32768,1432,128,0,48,64,"0x0","0x70100b2a6a40",3898474777504,3898629286340,3898629818633,3898629830669,532293
656,"void flash_attn_combine_results<256>(float const*, HIP_vector_type<float, 2u> const*, float*, int) [clone .kd]",4,1,655,70325,70325,6144,256,512,0,20,0,32,64,"0x0","0x70100b2a6880",3898474779276,3898629880114,3898629905447,3898629908433,25333
657,"void dequantize_block_q4_0<__half>(void const*, __half*, int) [clone .kd]",4,1,656,70325,70325,229376,32,0,0,12,0,16,64,"0x0","0x700f9d5d2b80",3898474781157,3898629905447,3898629929151,3898629932297,23704
658,"void dequantize_block_q4_0<__half>(void const*, __half*, int) [clone .kd]",4,1,657,70325,70325,229376,32,0,0,12,0,16,64,"0x0","0x700f9d5d2b80",3898474782710,3898629929151,3898629951818,3898629954801,22667
659,"void flash_attn_tile<256, 256, 4, 2, false>(char const*, char const*, char const*, char const*, char const*, int const*, float*, HIP_vector_type<float, 2u>*, float, float, float, float, unsigned int, float, int, HIP_vector_type<unsigned int, 3u>, int, int, int, int, int, int, int, int, int, int, int, long, int, int, long, int, int, int, int, int, long) [clone .kd]",4,1,658,70325,70325,28416,256,22528,1104,128,0,64,64,"0x0","0x70100b2a69c0",3898474784993,3898630142335,3898630833442,3898630845992,691107
660,"void flash_attn_combine_results<256>(float const*, HIP_vector_type<float, 2u> const*, float*, int) [clone .kd]",4,1,659,70325,70325,6144,256,512,0,20,0,32,64,"0x0","0x70100b2a6880",3898474786724,3898630833442,3898630854923,3898630858123,21481
661,"void dequantize_block_q4_0<__half>(void const*, __half*, int) [clone .kd]",4,1,660,70325,70325,229376,32,0,0,12,0,16,64,"0x0","0x700f9d5d2b80",3898474788480,3898630854923,3898630878479,3898630881368,23556
662,"void dequantize_block_q4_0<__half>(void const*, __half*, int) [clone .kd]",4,1,661,70325,70325,229376,32,0,0,12,0,16,64,"0x0","0x700f9d5d2b80",3898474790027,3898630878479,3898630901294,3898630904437,22815
663,"void flash_attn_tile<256, 256, 4, 6, false>(char const*, char const*, char const*, char const*, char const*, int const*, float*, HIP_vector_type<float, 2u>*, float, float, float, float, unsigned int, float, int, HIP_vector_type<unsigned int, 3u>, int, int, int, int, int, int, int, int, int, int, int, long, int, int, long, int, int, int, int, int, long) [clone .kd]",4,1,662,70325,70325,21504,384,32768,1432,128,0,48,64,"0x0","0x70100b2a6a40",3898474792265,3898631111959,3898631651067,3898631663155,539108
664,"void flash_attn_combine_results<256>(float const*, HIP_vector_type<float, 2u> const*, float*, int) [clone .kd]",4,1,663,70325,70325,6144,256,512,0,20,0,32,64,"0x0","0x70100b2a6880",3898474794121,3898631707511,3898631736252,3898631739467,28741
665,"void dequantize_block_q4_0<__half>(void const*, __half*, int) [clone .kd]",4,1,664,70325,70325,229376,32,0,0,12,0,16,64,"0x0","0x700f9d5d2b80",3898474796012,3898631736252,3898631760844,3898631763912,24592
666,"void dequantize_block_q4_0<__half>(void const*, __half*, int) [clone .kd]",4,1,665,70325,70325,229376,32,0,0,12,0,16,64,"0x0","0x700f9d5d2b80",3898474797625,3898631760844,3898631785733,3898631788482,24889
667,"void flash_attn_tile<256, 256, 4, 2, false>(char const*, char const*, char const*, char const*, char const*, int const*, float*, HIP_vector_type<float, 2u>*, float, float, float, float, unsigned int, float, int, HIP_vector_type<unsigned int, 3u>, int, int, int, int, int, int, int, int, int, int, int, long, int, int, long, int, int, int, int, int, long) [clone .kd]",4,1,666,70325,70325,28416,256,22528,1104,128,0,64,64,"0x0","0x70100b2a69c0",3898474799841,3898632008547,3898632723505,3898632736088,714958
668,"void flash_attn_combine_results<256>(float const*, HIP_vector_type<float, 2u> const*, float*, int) [clone .kd]",4,1,667,70325,70325,6144,256,512,0,20,0,32,64,"0x0","0x70100b2a6880",3898474801525,3898632723505,3898632745579,3898632748817,22074
669,"void dequantize_block_q4_0<__half>(void const*, __half*, int) [clone .kd]",4,1,668,70325,70325,229376,32,0,0,12,0,16,64,"0x0","0x700f9d5d2b80",3898474803646,3898632745579,3898632770616,3898632773645,25037
670,"void dequantize_block_q4_0<__half>(void const*, __half*, int) [clone .kd]",4,1,669,70325,70325,229376,32,0,0,12,0,16,64,"0x0","0x700f9d5d2b80",3898474805378,3898632770616,3898632795061,3898632798328,24445
671,"void flash_attn_tile<256, 256, 4, 6, false>(char const*, char const*, char const*, char const*, char const*, int const*, float*, HIP_vector_type<float, 2u>*, float, float, float, float, unsigned int, float, int, HIP_vector_type<unsigned int, 3u>, int, int, int, int, int, int, int, int, int, int, int, long, int, int, long, int, int, int, int, int, long) [clone .kd]",4,1,670,70325,70325,21504,384,32768,1432,128,0,48,64,"0x0","0x70100b2a6a40",3898474807858,3898633018615,3898633567649,3898633579498,549034
672,"void flash_attn_combine_results<256>(float const*, HIP_vector_type<float, 2u> const*, float*, int) [clone .kd]",4,1,671,70325,70325,6144,256,512,0,20,0,32,64,"0x0","0x70100b2a6880",3898474809728,3898633587056,3898633615945,3898633619191,28889
673,"void dequantize_block_q4_0<__half>(void const*, __half*, int) [clone .kd]",4,1,672,70325,70325,229376,32,0,0,12,0,16,64,"0x0","0x700f9d5d2b80",3898474811879,3898633615945,3898633640537,3898633643754,24592
674,"void dequantize_block_q4_0<__half>(void const*, __half*, int) [clone .kd]",4,1,673,70325,70325,229376,32,0,0,12,0,16,64,"0x0","0x700f9d5d2b80",3898474813600,3898633640537,3898633665278,3898633668594,24741
675,"void flash_attn_tile<256, 256, 4, 2, false>(char const*, char const*, char const*, char const*, char const*, int const*, float*, HIP_vector_type<float, 2u>*, float, float, float, float, unsigned int, float, int, HIP_vector_type<unsigned int, 3u>, int, int, int, int, int, int, int, int, int, int, int, long, int, int, long, int, int, int, int, int, long) [clone .kd]",4,1,674,70325,70325,28416,256,22528,1104,128,0,64,64,"0x0","0x70100b2a69c0",3898474816028,3898633888240,3898634612087,3898634623968,723847
676,"void flash_attn_combine_results<256>(float const*, HIP_vector_type<float, 2u> const*, float*, int) [clone .kd]",4,1,675,70325,70325,6144,256,512,0,20,0,32,64,"0x0","0x70100b2a6880",3898474817988,3898634612087,3898634634754,3898634637920,22667
677,"void dequantize_block_q4_0<__half>(void const*, __half*, int) [clone .kd]",4,1,676,70325,70325,229376,32,0,0,12,0,16,64,"0x0","0x700f9d5d2b80",3898474819943,3898634634754,3898634659643,3898634662816,24889
678,"void dequantize_block_q4_0<__half>(void const*, __half*, int) [clone .kd]",4,1,677,70325,70325,229376,32,0,0,12,0,16,64,"0x0","0x700f9d5d2b80",3898474821673,3898634659643,3898634684235,3898634687098,24592
679,"void flash_attn_tile<256, 256, 4, 6, false>(char const*, char const*, char const*, char const*, char const*, int const*, float*, HIP_vector_type<float, 2u>*, float, float, float, float, unsigned int, float, int, HIP_vector_type<unsigned int, 3u>, int, int, int, int, int, int, int, int, int, int, int, long, int, int, long, int, int, int, int, int, long) [clone .kd]",4,1,678,70325,70325,21504,384,32768,1432,128,0,48,64,"0x0","0x70100b2a6a40",3898474824099,3898634907493,3898635458305,3898635470592,550812
680,"void flash_attn_combine_results<256>(float const*, HIP_vector_type<float, 2u> const*, float*, int) [clone .kd]",4,1,679,70325,70325,6144,256,512,0,20,0,32,64,"0x0","0x70100b2a6880",3898474826170,3898635476823,3898635505267,3898635508310,28444
681,"void dequantize_block_q4_0<__half>(void const*, __half*, int) [clone .kd]",4,1,680,70325,70325,229376,32,0,0,12,0,16,64,"0x0","0x700f9d5d2b80",3898474828127,3898635505267,3898635530008,3898635532982,24741
682,"void dequantize_block_q4_0<__half>(void const*, __half*, int) [clone .kd]",4,1,681,70325,70325,229376,32,0,0,12,0,16,64,"0x0","0x700f9d5d2b80",3898474829696,3898635530008,3898635554600,3898635557432,24592
683,"void flash_attn_tile<256, 256, 4, 2, false>(char const*, char const*, char const*, char const*, char const*, int const*, float*, HIP_vector_type<float, 2u>*, float, float, float, float, unsigned int, float, int, HIP_vector_type<unsigned int, 3u>, int, int, int, int, int, int, int, int, int, int, int, long, int, int, long, int, int, int, int, int, long) [clone .kd]",4,1,682,70325,70325,28416,256,22528,1104,128,0,64,64,"0x0","0x70100b2a69c0",3898474831948,3898635777562,3898636494891,3898636507423,717329
684,"void flash_attn_combine_results<256>(float const*, HIP_vector_type<float, 2u> const*, float*, int) [clone .kd]",4,1,683,70325,70325,6144,256,512,0,20,0,32,64,"0x0","0x70100b2a6880",3898474833624,3898636494891,3898636517558,3898636520617,22667
685,"void dequantize_block_q4_0<__half>(void const*, __half*, int) [clone .kd]",4,1,684,70325,70325,229376,32,0,0,12,0,16,64,"0x0","0x700f9d5d2b80",3898474835424,3898636517558,3898636542447,3898636545405,24889
686,"void dequantize_block_q4_0<__half>(void const*, __half*, int) [clone .kd]",4,1,685,70325,70325,229376,32,0,0,12,0,16,64,"0x0","0x700f9d5d2b80",3898474836959,3898636542447,3898636567039,3898636570128,24592
687,"void flash_attn_tile<256, 256, 4, 6, false>(char const*, char const*, char const*, char const*, char const*, int const*, float*, HIP_vector_type<float, 2u>*, float, float, float, float, unsigned int, float, int, HIP_vector_type<unsigned int, 3u>, int, int, int, int, int, int, int, int, int, int, int, long, int, int, long, int, int, int, int, int, long) [clone .kd]",4,1,686,70325,70325,21504,384,32768,1432,128,0,48,64,"0x0","0x70100b2a6a40",3898474839216,3898636811778,3898637412516,3898637424322,600738
688,"void flash_attn_combine_results<256>(float const*, HIP_vector_type<float, 2u> const*, float*, int) [clone .kd]",4,1,687,70325,70325,6144,256,512,0,20,0,32,64,"0x0","0x70100b2a6880",3898474840931,3898637443775,3898637475182,3898637478187,31407
689,"void dequantize_block_q4_0<__half>(void const*, __half*, int) [clone .kd]",4,1,688,70325,70325,229376,32,0,0,12,0,16,64,"0x0","0x700f9d5d2b80",3898474842833,3898637475182,3898637502886,3898637506054,27704
690,"void dequantize_block_q4_0<__half>(void const*, __half*, int) [clone .kd]",4,1,689,70325,70325,229376,32,0,0,12,0,16,64,"0x0","0x700f9d5d2b80",3898474844536,3898637502886,3898637530293,3898637533377,27407
691,"void flash_attn_tile<256, 256, 4, 2, false>(char const*, char const*, char const*, char const*, char const*, int const*, float*, HIP_vector_type<float, 2u>*, float, float, float, float, unsigned int, float, int, HIP_vector_type<unsigned int, 3u>, int, int, int, int, int, int, int, int, int, int, int, long, int, int, long, int, int, int, int, int, long) [clone .kd]",4,1,690,70325,70325,28416,256,22528,1104,128,0,64,64,"0x0","0x70100b2a69c0",3898474846765,3898637778440,3898638575324,3898638587650,796884
692,"void flash_attn_combine_results<256>(float const*, HIP_vector_type<float, 2u> const*, float*, int) [clone .kd]",4,1,691,70325,70325,6144,256,512,0,20,0,32,64,"0x0","0x70100b2a6880",3898474848432,3898638575324,3898638600213,3898638603436,24889
693,"void dequantize_block_q4_0<__half>(void const*, __half*, int) [clone .kd]",4,1,692,70325,70325,229376,32,0,0,12,0,16,64,"0x0","0x700f9d5d2b80",3898474850199,3898638600213,3898638627620,3898638630896,27407
694,"void dequantize_block_q4_0<__half>(void const*, __half*, int) [clone .kd]",4,1,693,70325,70325,229376,32,0,0,12,0,16,64,"0x0","0x700f9d5d2b80",3898474851986,3898638627620,3898638652953,3898638656239,25333
695,"void flash_attn_tile<256, 256, 4, 6, false>(char const*, char const*, char const*, char const*, char const*, int const*, float*, HIP_vector_type<float, 2u>*, float, float, float, float, unsigned int, float, int, HIP_vector_type<unsigned int, 3u>, int, int, int, int, int, int, int, int, int, int, int, long, int, int, long, int, int, int, int, int, long) [clone .kd]",4,1,694,70325,70325,21504,384,32768,1432,128,0,48,64,"0x0","0x70100b2a6a40",3898474854490,3898638876507,3898639422727,3898639434710,546220
696,"void flash_attn_combine_results<256>(float const*, HIP_vector_type<float, 2u> const*, float*, int) [clone .kd]",4,1,695,70325,70325,6144,256,512,0,20,0,32,64,"0x0","0x70100b2a6880",3898474856513,3898639446430,3898639475023,3898639477853,28593
697,"void dequantize_block_q4_0<__half>(void const*, __half*, int) [clone .kd]",4,1,696,70325,70325,229376,32,0,0,12,0,16,64,"0x0","0x700f9d5d2b80",3898474858523,3898639475023,3898639499911,3898639502558,24888
698,"void dequantize_block_q4_0<__half>(void const*, __half*, int) [clone .kd]",4,1,697,70325,70325,229376,32,0,0,12,0,16,64,"0x0","0x700f9d5d2b80",3898474860242,3898639499911,3898639524652,3898639527566,24741
699,"void flash_attn_tile<256, 256, 4, 2, false>(char const*, char const*, char const*, char const*, char const*, int const*, float*, HIP_vector_type<float, 2u>*, float, float, float, float, unsigned int, float, int, HIP_vector_type<unsigned int, 3u>, int, int, int, int, int, int, int, int, int, int, int, long, int, int, long, int, int, int, int, int, long) [clone .kd]",4,1,698,70325,70325,28416,256,22528,1104,128,0,64,64,"0x0","0x70100b2a69c0",3898474862989,3898639747614,3898640468350,3898640479887,720736
700,"void flash_attn_combine_results<256>(float const*, HIP_vector_type<float, 2u> const*, float*, int) [clone .kd]",4,1,699,70325,70325,6144,256,512,0,20,0,32,64,"0x0","0x70100b2a6880",3898474864909,3898640468350,3898640491017,3898640494155,22667
701,"void dequantize_block_q4_0<__half>(void const*, __half*, int) [clone .kd]",4,1,700,70325,70325,229376,32,0,0,12,0,16,64,"0x0","0x700f9d5d2b80",3898474866844,3898640491017,3898640515906,3898640518756,24889
702,"void dequantize_block_q4_0<__half>(void const*, __half*, int) [clone .kd]",4,1,701,70325,70325,229376,32,0,0,12,0,16,64,"0x0","0x700f9d5d2b80",3898474868605,3898640515906,3898640540794,3898640543850,24888
703,"void flash_attn_tile<256, 256, 4, 6, false>(char const*, char const*, char const*, char const*, char const*, int const*, float*, HIP_vector_type<float, 2u>*, float, float, float, float, unsigned int, float, int, HIP_vector_type<unsigned int, 3u>, int, int, int, int, int, int, int, int, int, int, int, long, int, int, long, int, int, int, int, int, long) [clone .kd]",4,1,702,70325,70325,21504,384,32768,1432,128,0,48,64,"0x0","0x70100b2a6a40",3898474871033,3898640764349,3898641312197,3898641323548,547848
704,"void flash_attn_combine_results<256>(float const*, HIP_vector_type<float, 2u> const*, float*, int) [clone .kd]",4,1,703,70325,70325,6144,256,512,0,20,0,32,64,"0x0","0x70100b2a6880",3898474872920,3898641333827,3898641362716,3898641365599,28889
705,"void dequantize_block_q4_0<__half>(void const*, __half*, int) [clone .kd]",4,1,704,70325,70325,229376,32,0,0,12,0,16,64,"0x0","0x700f9d5d2b80",3898474875006,3898641362716,3898641387604,3898641390486,24888
706,"void dequantize_block_q4_0<__half>(void const*, __half*, int) [clone .kd]",4,1,705,70325,70325,229376,32,0,0,12,0,16,64,"0x0","0x700f9d5d2b80",3898474876670,3898641387604,3898641412493,3898641415226,24889
707,"void flash_attn_tile<256, 256, 4, 2, false>(char const*, char const*, char const*, char const*, char const*, int const*, float*, HIP_vector_type<float, 2u>*, float, float, float, float, unsigned int, float, int, HIP_vector_type<unsigned int, 3u>, int, int, int, int, int, int, int, int, int, int, int, long, int, int, long, int, int, int, int, int, long) [clone .kd]",4,1,706,70325,70325,28416,256,22528,1104,128,0,64,64,"0x0","0x70100b2a69c0",3898474878991,3898641635158,3898642344784,3898642355883,709626
708,"void flash_attn_combine_results<256>(float const*, HIP_vector_type<float, 2u> const*, float*, int) [clone .kd]",4,1,707,70325,70325,6144,256,512,0,20,0,32,64,"0x0","0x70100b2a6880",3898474880746,3898642344784,3898642366562,3898642369228,21778
709,"void dequantize_block_q4_0<__half>(void const*, __half*, int) [clone .kd]",4,1,708,70325,70325,229376,32,0,0,12,0,16,64,"0x0","0x700f9d5d2b80",3898474882522,3898642366562,3898642389969,3898642392783,23407
710,"void dequantize_block_q4_0<__half>(void const*, __half*, int) [clone .kd]",4,1,709,70325,70325,229376,32,0,0,12,0,16,64,"0x0","0x700f9d5d2b80",3898474884207,3898642389969,3898642413228,3898642415956,23259
711,"void flash_attn_tile<256, 256, 4, 6, false>(char const*, char const*, char const*, char const*, char const*, int const*, float*, HIP_vector_type<float, 2u>*, float, float, float, float, unsigned int, float, int, HIP_vector_type<unsigned int, 3u>, int, int, int, int, int, int, int, int, int, int, int, long, int, int, long, int, int, int, int, int, long) [clone .kd]",4,1,710,70325,70325,21504,384,32768,1432,128,0,48,64,"0x0","0x70100b2a6a40",3898474886563,3898642623301,3898643153076,3898643163891,529775
712,"void flash_attn_combine_results<256>(float const*, HIP_vector_type<float, 2u> const*, float*, int) [clone .kd]",4,1,711,70325,70325,6144,256,512,0,20,0,32,64,"0x0","0x70100b2a6880",3898474888372,3898643214409,3898643239297,3898643241827,24888
713,"void dequantize_block_q4_0<__half>(void const*, __half*, int) [clone .kd]",4,1,712,70325,70325,229376,32,0,0,12,0,16,64,"0x0","0x700f9d5d2b80",3898474890183,3898643239297,3898643262853,3898643265814,23556
714,"void dequantize_block_q4_0<__half>(void const*, __half*, int) [clone .kd]",4,1,713,70325,70325,229376,32,0,0,12,0,16,64,"0x0","0x700f9d5d2b80",3898474891817,3898643262853,3898643285371,3898643288218,22518
715,"void flash_attn_tile<256, 256, 4, 2, false>(char const*, char const*, char const*, char const*, char const*, int const*, float*, HIP_vector_type<float, 2u>*, float, float, float, float, unsigned int, float, int, HIP_vector_type<unsigned int, 3u>, int, int, int, int, int, int, int, int, int, int, int, long, int, int, long, int, int, int, int, int, long) [clone .kd]",4,1,714,70325,70325,28416,256,22528,1104,128,0,64,64,"0x0","0x70100b2a69c0",3898474896414,3898643476037,3898644172774,3898644183524,696737
716,"void flash_attn_combine_results<256>(float const*, HIP_vector_type<float, 2u> const*, float*, int) [clone .kd]",4,1,715,70325,70325,6144,256,512,0,20,0,32,64,"0x0","0x70100b2a6880",3898474898065,3898644172774,3898644192922,3898644195727,20148
717,"void dequantize_block_q4_0<__half>(void const*, __half*, int) [clone .kd]",4,1,716,70325,70325,229376,32,0,0,12,0,16,64,"0x0","0x700f9d5d2b80",3898474899857,3898644192922,3898644215588,3898644218302,22666
718,"void dequantize_block_q4_0<__half>(void const*, __half*, int) [clone .kd]",4,1,717,70325,70325,229376,32,0,0,12,0,16,64,"0x0","0x700f9d5d2b80",3898474901740,3898644215588,3898644236477,3898644239184,20889
719,"void flash_attn_tile<256, 256, 4, 6, false>(char const*, char const*, char const*, char const*, char const*, int const*, float*, HIP_vector_type<float, 2u>*, float, float, float, float, unsigned int, float, int, HIP_vector_type<unsigned int, 3u>, int, int, int, int, int, int, int, int, int, int, int, long, int, int, long, int, int, int, int, int, long) [clone .kd]",4,1,718,70325,70325,21504,384,32768,1432,128,0,48,64,"0x0","0x70100b2a6a40",3898474904242,3898644426698,3898644959436,3898644969579,532738
720,"void flash_attn_combine_results<256>(float const*, HIP_vector_type<float, 2u> const*, float*, int) [clone .kd]",4,1,719,70325,70325,6144,256,512,0,20,0,32,64,"0x0","0x70100b2a6880",3898474906191,3898644972325,3898644997954,3898645002886,25629
721,"void dequantize_block_q4_0<__half>(void const*, __half*, int) [clone .kd]",4,1,720,70325,70325,229376,32,0,0,12,0,16,64,"0x0","0x700f9d5d2b80",3898474908178,3898644997954,3898645020621,3898645023475,22667
722,"void dequantize_block_q4_0<__half>(void const*, __half*, int) [clone .kd]",4,1,721,70325,70325,229376,32,0,0,12,0,16,64,"0x0","0x700f9d5d2b80",3898474909998,3898645020621,3898645041658,3898645044268,21037
723,"void flash_attn_tile<256, 256, 4, 2, false>(char const*, char const*, char const*, char const*, char const*, int const*, float*, HIP_vector_type<float, 2u>*, float, float, float, float, unsigned int, float, int, HIP_vector_type<unsigned int, 3u>, int, int, int, int, int, int, int, int, int, int, int, long, int, int, long, int, int, int, int, int, long) [clone .kd]",4,1,722,70325,70325,28416,256,22528,1104,128,0,64,64,"0x0","0x70100b2a69c0",3898474912460,3898645231434,3898645922541,3898645932870,691107
724,"void flash_attn_combine_results<256>(float const*, HIP_vector_type<float, 2u> const*, float*, int) [clone .kd]",4,1,723,70325,70325,6144,256,512,0,20,0,32,64,"0x0","0x70100b2a6880",3898474914478,3898645922541,3898645944023,3898645946687,21482
725,"void dequantize_block_q4_0<__half>(void const*, __half*, int) [clone .kd]",4,1,724,70325,70325,229376,32,0,0,12,0,16,64,"0x0","0x700f9d5d2b80",3898474916424,3898645944023,3898645967282,3898645970216,23259
726,"void dequantize_block_q4_0<__half>(void const*, __half*, int) [clone .kd]",4,1,725,70325,70325,229376,32,0,0,12,0,16,64,"0x0","0x700f9d5d2b80",3898474918167,3898645967282,3898645990393,3898645993207,23111
727,"void flash_attn_tile<256, 256, 4, 6, false>(char const*, char const*, char const*, char const*, char const*, int const*, float*, HIP_vector_type<float, 2u>*, float, float, float, float, unsigned int, float, int, HIP_vector_type<unsigned int, 3u>, int, int, int, int, int, int, int, int, int, int, int, long, int, int, long, int, int, int, int, int, long) [clone .kd]",4,1,726,70325,70325,21504,384,32768,1432,128,0,48,64,"0x0","0x70100b2a6a40",3898474920639,3898646200762,3898646738833,3898646748523,538071
728,"void flash_attn_combine_results<256>(float const*, HIP_vector_type<float, 2u> const*, float*, int) [clone .kd]",4,1,727,70325,70325,6144,256,512,0,20,0,32,64,"0x0","0x70100b2a6880",3898474922538,3898646792166,3898646818981,3898646821782,26815
729,"void dequantize_block_q4_0<__half>(void const*, __half*, int) [clone .kd]",4,1,728,70325,70325,229376,32,0,0,12,0,16,64,"0x0","0x700f9d5d2b80",3898474924531,3898646818981,3898646842536,3898646845120,23555
730,"void dequantize_block_q4_0<__half>(void const*, __half*, int) [clone .kd]",4,1,729,70325,70325,229376,32,0,0,12,0,16,64,"0x0","0x700f9d5d2b80",3898474926222,3898646842536,3898646865499,3898646868135,22963
731,"void flash_attn_tile<256, 256, 4, 2, false>(char const*, char const*, char const*, char const*, char const*, int const*, float*, HIP_vector_type<float, 2u>*, float, float, float, float, unsigned int, float, int, HIP_vector_type<unsigned int, 3u>, int, int, int, int, int, int, int, int, int, int, int, long, int, int, long, int, int, int, int, int, long) [clone .kd]",4,1,730,70325,70325,28416,256,22528,1104,128,0,64,64,"0x0","0x70100b2a69c0",3898474928567,3898647075572,3898647788605,3898647799029,713033
732,"void flash_attn_combine_results<256>(float const*, HIP_vector_type<float, 2u> const*, float*, int) [clone .kd]",4,1,731,70325,70325,6144,256,512,0,20,0,32,64,"0x0","0x70100b2a6880",3898474930287,3898647788605,3898647810975,3898647814015,22370
733,"void dequantize_block_q4_0<__half>(void const*, __half*, int) [clone .kd]",4,1,732,70325,70325,229376,32,0,0,12,0,16,64,"0x0","0x700f9d5d2b80",3898474932098,3898647810975,3898647835864,3898647838615,24889
734,"void dequantize_block_q4_0<__half>(void const*, __half*, int) [clone .kd]",4,1,733,70325,70325,229376,32,0,0,12,0,16,64,"0x0","0x700f9d5d2b80",3898474933867,3898647835864,3898647860456,3898647863338,24592
735,"void flash_attn_tile<256, 256, 4, 6, false>(char const*, char const*, char const*, char const*, char const*, int const*, float*, HIP_vector_type<float, 2u>*, float, float, float, float, unsigned int, float, int, HIP_vector_type<unsigned int, 3u>, int, int, int, int, int, int, int, int, int, int, int, long, int, int, long, int, int, int, int, int, long) [clone .kd]",4,1,734,70325,70325,21504,384,32768,1432,128,0,48,64,"0x0","0x70100b2a6a40",3898474936163,3898648084011,3898648629637,3898648639722,545626
736,"void flash_attn_combine_results<256>(float const*, HIP_vector_type<float, 2u> const*, float*, int) [clone .kd]",4,1,735,70325,70325,6144,256,512,0,20,0,32,64,"0x0","0x70100b2a6880",3898474937800,3898648654822,3898648682970,3898648685920,28148
737,"void dequantize_block_q4_0<__half>(void const*, __half*, int) [clone .kd]",4,1,736,70325,70325,229376,32,0,0,12,0,16,64,"0x0","0x700f9d5d2b80",3898474939595,3898648682970,3898648708007,3898648711182,25037
738,"void dequantize_block_q4_0<__half>(void const*, __half*, int) [clone .kd]",4,1,737,70325,70325,229376,32,0,0,12,0,16,64,"0x0","0x700f9d5d2b80",3898474941121,3898648708007,3898648732599,3898648735339,24592
739,"void flash_attn_tile<256, 256, 4, 2, false>(char const*, char const*, char const*, char const*, char const*, int const*, float*, HIP_vector_type<float, 2u>*, float, float, float, float, unsigned int, float, int, HIP_vector_type<unsigned int, 3u>, int, int, int, int, int, int, int, int, int, int, int, long, int, int, long, int, int, int, int, int, long) [clone .kd]",4,1,738,70325,70325,28416,256,22528,1104,128,0,64,64,"0x0","0x70100b2a69c0",3898474943412,3898648955709,3898649682372,3898649693278,726663
740,"void flash_attn_combine_results<256>(float const*, HIP_vector_type<float, 2u> const*, float*, int) [clone .kd]",4,1,739,70325,70325,6144,256,512,0,20,0,32,64,"0x0","0x70100b2a6880",3898474945220,3898649682372,3898649704594,3898649707473,22222
741,"void dequantize_block_q4_0<__half>(void const*, __half*, int) [clone .kd]",4,1,740,70325,70325,229376,32,0,0,12,0,16,64,"0x0","0x700f9d5d2b80",3898474947009,3898649704594,3898649729631,3898649732363,25037
742,"void dequantize_block_q4_0<__half>(void const*, __half*, int) [clone .kd]",4,1,741,70325,70325,229376,32,0,0,12,0,16,64,"0x0","0x700f9d5d2b80",3898474948508,3898649729631,3898649754371,3898649757232,24740
743,"void flash_attn_tile<256, 256, 4, 6, false>(char const*, char const*, char const*, char const*, char const*, int const*, float*, HIP_vector_type<float, 2u>*, float, float, float, float, unsigned int, float, int, HIP_vector_type<unsigned int, 3u>, int, int, int, int, int, int, int, int, int, int, int, long, int, int, long, int, int, int, int, int, long) [clone .kd]",4,1,742,70325,70325,21504,384,32768,1432,128,0,48,64,"0x0","0x70100b2a6a40",3898474951006,3898649977481,3898650528293,3898650538827,550812
744,"void flash_attn_combine_results<256>(float const*, HIP_vector_type<float, 2u> const*, float*, int) [clone .kd]",4,1,743,70325,70325,6144,256,512,0,20,0,32,64,"0x0","0x70100b2a6880",3898474952942,3898650546811,3898650575848,3898650578626,29037
745,"void dequantize_block_q4_0<__half>(void const*, __half*, int) [clone .kd]",4,1,744,70325,70325,229376,32,0,0,12,0,16,64,"0x0","0x700f9d5d2b80",3898474955041,3898650575848,3898650600589,3898650603398,24741
746,"void dequantize_block_q4_0<__half>(void const*, __half*, int) [clone .kd]",4,1,745,70325,70325,229376,32,0,0,12,0,16,64,"0x0","0x700f9d5d2b80",3898474956779,3898650600589,3898650625181,3898650628122,24592
747,"void flash_attn_tile<256, 256, 4, 2, false>(char const*, char const*, char const*, char const*, char const*, int const*, float*, HIP_vector_type<float, 2u>*, float, float, float, float, unsigned int, float, int, HIP_vector_type<unsigned int, 3u>, int, int, int, int, int, int, int, int, int, int, int, long, int, int, long, int, int, int, int, int, long) [clone .kd]",4,1,746,70325,70325,28416,256,22528,1104,128,0,64,64,"0x0","0x70100b2a69c0",3898474959173,3898650848143,3898651553769,3898651563983,705626
748,"void flash_attn_combine_results<256>(float const*, HIP_vector_type<float, 2u> const*, float*, int) [clone .kd]",4,1,747,70325,70325,6144,256,512,0,20,0,32,64,"0x0","0x70100b2a6880",3898474961100,3898651553769,3898651576435,3898651579295,22666
749,"void dequantize_block_q4_0<__half>(void const*, __half*, int) [clone .kd]",4,1,748,70325,70325,229376,32,0,0,12,0,16,64,"0x0","0x700f9d5d2b80",3898474963137,3898651576435,3898651601620,3898651604566,25185
750,"void dequantize_block_q4_0<__half>(void const*, __half*, int) [clone .kd]",4,1,749,70325,70325,229376,32,0,0,12,0,16,64,"0x0","0x700f9d5d2b80",3898474964985,3898651601620,3898651626213,3898651629087,24593
751,"void flash_attn_tile<256, 256, 4, 6, false>(char const*, char const*, char const*, char const*, char const*, int const*, float*, HIP_vector_type<float, 2u>*, float, float, float, float, unsigned int, float, int, HIP_vector_type<unsigned int, 3u>, int, int, int, int, int, int, int, int, int, int, int, long, int, int, long, int, int, int, int, int, long) [clone .kd]",4,1,750,70325,70325,21504,384,32768,1432,128,0,48,64,"0x0","0x70100b2a6a40",3898474967459,3898651849915,3898652395838,3898652406057,545923
752,"void flash_attn_combine_results<256>(float const*, HIP_vector_type<float, 2u> const*, float*, int) [clone .kd]",4,1,751,70325,70325,6144,256,512,0,20,0,32,64,"0x0","0x70100b2a6880",3898474969350,3898652419690,3898652449023,3898652452022,29333
753,"void dequantize_block_q4_0<__half>(void const*, __half*, int) [clone .kd]",4,1,752,70325,70325,229376,32,0,0,12,0,16,64,"0x0","0x700f9d5d2b80",3898474971348,3898652449023,3898652473912,3898652476933,24889
754,"void dequantize_block_q4_0<__half>(void const*, __half*, int) [clone .kd]",4,1,753,70325,70325,229376,32,0,0,12,0,16,64,"0x0","0x700f9d5d2b80",3898474973068,3898652473912,3898652498504,3898652501464,24592
755,"void flash_attn_tile<256, 256, 4, 2, false>(char const*, char const*, char const*, char const*, char const*, int const*, float*, HIP_vector_type<float, 2u>*, float, float, float, float, unsigned int, float, int, HIP_vector_type<unsigned int, 3u>, int, int, int, int, int, int, int, int, int, int, int, long, int, int, long, int, int, int, int, int, long) [clone .kd]",4,1,754,70325,70325,28416,256,22528,1104,128,0,64,64,"0x0","0x70100b2a69c0",3898474975503,3898652735095,3898653527535,3898653538218,792440
756,"void flash_attn_combine_results<256>(float const*, HIP_vector_type<float, 2u> const*, float*, int) [clone .kd]",4,1,755,70325,70325,6144,256,512,0,20,0,32,64,"0x0","0x70100b2a6880",3898474977361,3898653527535,3898653551979,3898653554880,24444
757,"void dequantize_block_q4_0<__half>(void const*, __half*, int) [clone .kd]",4,1,756,70325,70325,229376,32,0,0,12,0,16,64,"0x0","0x700f9d5d2b80",3898474979375,3898653551979,3898653579683,3898653582777,27704
758,"void dequantize_block_q4_0<__half>(void const*, __half*, int) [clone .kd]",4,1,757,70325,70325,229376,32,0,0,12,0,16,64,"0x0","0x700f9d5d2b80",3898474981020,3898653579683,3898653607387,3898653610388,27704
759,"void flash_attn_tile<256, 256, 4, 6, false>(char const*, char const*, char const*, char const*, char const*, int const*, float*, HIP_vector_type<float, 2u>*, float, float, float, float, unsigned int, float, int, HIP_vector_type<unsigned int, 3u>, int, int, int, int, int, int, int, int, int, int, int, long, int, int, long, int, int, int, int, int, long) [clone .kd]",4,1,758,70325,70325,21504,384,32768,1432,128,0,48,64,"0x0","0x70100b2a6a40",3898474983365,3898653855681,3898654465456,3898654475723,609775
760,"void flash_attn_combine_results<256>(float const*, HIP_vector_type<float, 2u> const*, float*, int) [clone .kd]",4,1,759,70325,70325,6144,256,512,0,20,0,32,64,"0x0","0x70100b2a6880",3898474985114,3898654487085,3898654518492,3898654521545,31407
761,"void dequantize_block_q4_0<__half>(void const*, __half*, int) [clone .kd]",4,1,760,70325,70325,229376,32,0,0,12,0,16,64,"0x0","0x700f9d5d2b80",3898474986907,3898654518492,3898654546492,3898654549449,28000
762,"void dequantize_block_q4_0<__half>(void const*, __half*, int) [clone .kd]",4,1,761,70325,70325,229376,32,0,0,12,0,16,64,"0x0","0x700f9d5d2b80",3898474988503,3898654546492,3898654573751,3898654576598,27259
763,"void flash_attn_tile<256, 256, 4, 2, false>(char const*, char const*, char const*, char const*, char const*, int const*, float*, HIP_vector_type<float, 2u>*, float, float, float, float, unsigned int, float, int, HIP_vector_type<unsigned int, 3u>, int, int, int, int, int, int, int, int, int, int, int, long, int, int, long, int, int, int, int, int, long) [clone .kd]",4,1,762,70325,70325,28416,256,22528,1104,128,0,64,64,"0x0","0x70100b2a69c0",3898474990905,3898654803083,3898655519968,3898655530344,716885
764,"void flash_attn_combine_results<256>(float const*, HIP_vector_type<float, 2u> const*, float*, int) [clone .kd]",4,1,763,70325,70325,6144,256,512,0,20,0,32,64,"0x0","0x70100b2a6880",3898474992674,3898655519968,3898655542783,3898655545616,22815
765,"void dequantize_block_q4_0<__half>(void const*, __half*, int) [clone .kd]",4,1,764,70325,70325,229376,32,0,0,12,0,16,64,"0x0","0x700f9d5d2b80",3898474994422,3898655542783,3898655567524,3898655570337,24741
766,"void dequantize_block_q4_0<__half>(void const*, __half*, int) [clone .kd]",4,1,765,70325,70325,229376,32,0,0,12,0,16,64,"0x0","0x700f9d5d2b80",3898474996128,3898655567524,3898655591820,3898655594623,24296
767,"void flash_attn_tile<256, 256, 4, 6, false>(char const*, char const*, char const*, char const*, char const*, int const*, float*, HIP_vector_type<float, 2u>*, float, float, float, float, unsigned int, float, int, HIP_vector_type<unsigned int, 3u>, int, int, int, int, int, int, int, int, int, int, int, long, int, int, long, int, int, int, int, int, long) [clone .kd]",4,1,766,70325,70325,21504,384,32768,1432,128,0,48,64,"0x0","0x70100b2a6a40",3898474998599,3898655815226,3898656360852,3898656370717,545626
768,"void flash_attn_combine_results<256>(float const*, HIP_vector_type<float, 2u> const*, float*, int) [clone .kd]",4,1,767,70325,70325,6144,256,512,0,20,0,32,64,"0x0","0x70100b2a6880",3898475003397,3898656386334,3898656414482,3898656417290,28148
769,"void dequantize_block_q4_0<__half>(void const*, __half*, int) [clone .kd]",4,1,768,70325,70325,229376,32,0,0,12,0,16,64,"0x0","0x700f9d5d2b80",3898475005419,3898656414482,3898656439667,3898656442486,25185
770,"void dequantize_block_q4_0<__half>(void const*, __half*, int) [clone .kd]",4,1,769,70325,70325,229376,32,0,0,12,0,16,64,"0x0","0x700f9d5d2b80",3898475007112,3898656439667,3898656464259,3898656466972,24592
771,"void flash_attn_tile<256, 256, 4, 2, false>(char const*, char const*, char const*, char const*, char const*, int const*, float*, HIP_vector_type<float, 2u>*, float, float, float, float, unsigned int, float, int, HIP_vector_type<unsigned int, 3u>, int, int, int, int, int, int, int, int, int, int, int, long, int, int, long, int, int, int, int, int, long) [clone .kd]",4,1,770,70325,70325,28416,256,22528,1104,128,0,64,64,"0x0","0x70100b2a69c0",3898475009832,3898656687221,3898657398624,3898657408313,711403
772,"void flash_attn_combine_results<256>(float const*, HIP_vector_type<float, 2u> const*, float*, int) [clone .kd]",4,1,771,70325,70325,6144,256,512,0,20,0,32,64,"0x0","0x70100b2a6880",3898475011801,3898657398624,3898657421291,3898657424046,22667
773,"void dequantize_block_q4_0<__half>(void const*, __half*, int) [clone .kd]",4,1,772,70325,70325,229376,32,0,0,12,0,16,64,"0x0","0x700f9d5d2b80",3898475014014,3898657421291,3898657446180,3898657448881,24889
774,"void dequantize_block_q4_0<__half>(void const*, __half*, int) [clone .kd]",4,1,773,70325,70325,229376,32,0,0,12,0,16,64,"0x0","0x700f9d5d2b80",3898475015773,3898657446180,3898657470772,3898657473567,24592
775,"void flash_attn_tile<256, 256, 4, 6, false>(char const*, char const*, char const*, char const*, char const*, int const*, float*, HIP_vector_type<float, 2u>*, float, float, float, float, unsigned int, float, int, HIP_vector_type<unsigned int, 3u>, int, int, int, int, int, int, int, int, int, int, int, long, int, int, long, int, int, int, int, int, long) [clone .kd]",4,1,774,70325,70325,21504,384,32768,1432,128,0,48,64,"0x0","0x70100b2a6a40",3898475021409,3898657690623,3898658231657,3898658240903,541034
776,"void flash_attn_combine_results<256>(float const*, HIP_vector_type<float, 2u> const*, float*, int) [clone .kd]",4,1,775,70325,70325,6144,256,512,0,20,0,32,64,"0x0","0x70100b2a6880",3898475023405,3898658280990,3898658308397,3898658311094,27407
777,"void dequantize_block_q4_0<__half>(void const*, __half*, int) [clone .kd]",4,1,776,70325,70325,229376,32,0,0,12,0,16,64,"0x0","0x700f9d5d2b80",3898475025454,3898658308397,3898658331952,3898658334534,23555
778,"void dequantize_block_q4_0<__half>(void const*, __half*, int) [clone .kd]",4,1,777,70325,70325,229376,32,0,0,12,0,16,64,"0x0","0x700f9d5d2b80",3898475027320,3898658331952,3898658355211,3898658357854,23259
779,"void flash_attn_tile<256, 256, 4, 2, false>(char const*, char const*, char const*, char const*, char const*, int const*, float*, HIP_vector_type<float, 2u>*, float, float, float, float, unsigned int, float, int, HIP_vector_type<unsigned int, 3u>, int, int, int, int, int, int, int, int, int, int, int, long, int, int, long, int, int, int, int, int, long) [clone .kd]",4,1,778,70325,70325,28416,256,22528,1104,128,0,64,64,"0x0","0x70100b2a69c0",3898475029814,3898658564988,3898659253577,3898659262365,688589
780,"void flash_attn_combine_results<256>(float const*, HIP_vector_type<float, 2u> const*, float*, int) [clone .kd]",4,1,779,70325,70325,6144,256,512,0,20,0,32,64,"0x0","0x70100b2a6880",3898475031747,3898659253577,3898659273428,3898659275842,19851
781,"void dequantize_block_q4_0<__half>(void const*, __half*, int) [clone .kd]",4,1,780,70325,70325,229376,32,0,0,12,0,16,64,"0x0","0x700f9d5d2b80",3898475033665,3898659273428,3898659296243,3898659299030,22815
782,"void dequantize_block_q4_0<__half>(void const*, __half*, int) [clone .kd]",4,1,781,70325,70325,229376,32,0,0,12,0,16,64,"0x0","0x700f9d5d2b80",3898475035432,3898659296243,3898659318761,3898659321421,22518
783,"void flash_attn_tile<256, 256, 4, 6, false>(char const*, char const*, char const*, char const*, char const*, int const*, float*, HIP_vector_type<float, 2u>*, float, float, float, float, unsigned int, float, int, HIP_vector_type<unsigned int, 3u>, int, int, int, int, int, int, int, int, int, int, int, long, int, int, long, int, int, int, int, int, long) [clone .kd]",4,1,782,70325,70325,21504,384,32768,1432,128,0,48,64,"0x0","0x70100b2a6a40",3898475037876,3898659509131,3898660039943,3898660048794,530812
784,"void flash_attn_combine_results<256>(float const*, HIP_vector_type<float, 2u> const*, float*, int) [clone .kd]",4,1,783,70325,70325,6144,256,512,0,20,0,32,64,"0x0","0x70100b2a6880",3898475039713,3898660053276,3898660078609,3898660081036,25333
785,"void dequantize_block_q4_0<__half>(void const*, __half*, int) [clone .kd]",4,1,784,70325,70325,229376,32,0,0,12,0,16,64,"0x0","0x700f9d5d2b80",3898475041595,3898660078609,3898660099794,3898660102340,21185
786,"void dequantize_block_q4_0<__half>(void const*, __half*, int) [clone .kd]",4,1,785,70325,70325,229376,32,0,0,12,0,16,64,"0x0","0x700f9d5d2b80",3898475043143,3898660099794,3898660120535,3898660122996,20741
787,"void flash_attn_tile<256, 256, 4, 2, false>(char const*, char const*, char const*, char const*, char const*, int const*, float*, HIP_vector_type<float, 2u>*, float, float, float, float, unsigned int, float, int, HIP_vector_type<unsigned int, 3u>, int, int, int, int, int, int, int, int, int, int, int, long, int, int, long, int, int, int, int, int, long) [clone .kd]",4,1,786,70325,70325,28416,256,22528,1104,128,0,64,64,"0x0","0x70100b2a69c0",3898475045469,3898660310608,3898660991048,3898660999188,680440
788,"void flash_attn_combine_results<256>(float const*, HIP_vector_type<float, 2u> const*, float*, int) [clone .kd]",4,1,787,70325,70325,6144,256,512,0,20,0,32,64,"0x0","0x70100b2a6880",3898475047253,3898660991048,3898661011493,3898661013928,20445
789,"void dequantize_block_q4_0<__half>(void const*, __half*, int) [clone .kd]",4,1,788,70325,70325,229376,32,0,0,12,0,16,64,"0x0","0x700f9d5d2b80",3898475049185,3898661011493,3898661033122,3898661035517,21629
790,"void dequantize_block_q4_0<__half>(void const*, __half*, int) [clone .kd]",4,1,789,70325,70325,229376,32,0,0,12,0,16,64,"0x0","0x700f9d5d2b80",3898475050724,3898661033122,3898661053863,3898661056267,20741
791,"void flash_attn_tile<256, 256, 4, 6, false>(char const*, char const*, char const*, char const*, char const*, int const*, float*, HIP_vector_type<float, 2u>*, float, float, float, float, unsigned int, float, int, HIP_vector_type<unsigned int, 3u>, int, int, int, int, int, int, int, int, int, int, int, long, int, int, long, int, int, int, int, int, long) [clone .kd]",4,1,790,70325,70325,21504,384,32768,1432,128,0,48,64,"0x0","0x70100b2a6a40",3898475053111,3898661244084,3898661782747,3898661790946,538663
792,"void flash_attn_combine_results<256>(float const*, HIP_vector_type<float, 2u> const*, float*, int) [clone .kd]",4,1,791,70325,70325,6144,256,512,0,20,0,32,64,"0x0","0x70100b2a6880",3898475055012,3898661803340,3898661831043,3898661833697,27703
793,"void dequantize_block_q4_0<__half>(void const*, __half*, int) [clone .kd]",4,1,792,70325,70325,229376,32,0,0,12,0,16,64,"0x0","0x700f9d5d2b80",3898475056858,3898661831043,3898661854599,3898661857136,23556
794,"void dequantize_block_q4_0<__half>(void const*, __half*, int) [clone .kd]",4,1,793,70325,70325,229376,32,0,0,12,0,16,64,"0x0","0x700f9d5d2b80",3898475058641,3898661854599,3898661877710,3898661880404,23111
795,"void flash_attn_tile<256, 256, 4, 2, false>(char const*, char const*, char const*, char const*, char const*, int const*, float*, HIP_vector_type<float, 2u>*, float, float, float, float, unsigned int, float, int, HIP_vector_type<unsigned int, 3u>, int, int, int, int, int, int, int, int, int, int, int, long, int, int, long, int, int, int, int, int, long) [clone .kd]",4,1,794,70325,70325,28416,256,22528,1104,128,0,64,64,"0x0","0x70100b2a69c0",3898475060850,3898662087783,3898662801853,3898662810639,714070
796,"void flash_attn_combine_results<256>(float const*, HIP_vector_type<float, 2u> const*, float*, int) [clone .kd]",4,1,795,70325,70325,6144,256,512,0,20,0,32,64,"0x0","0x70100b2a6880",3898475062653,3898662801853,3898662824075,3898662826898,22222
797,"void dequantize_block_q4_0<__half>(void const*, __half*, int) [clone .kd]",4,1,796,70325,70325,229376,32,0,0,12,0,16,64,"0x0","0x700f9d5d2b80",3898475064440,3898662824075,3898662848964,3898662851587,24889
798,"void dequantize_block_q4_0<__half>(void const*, __half*, int) [clone .kd]",4,1,797,70325,70325,229376,32,0,0,12,0,16,64,"0x0","0x700f9d5d2b80",3898475066033,3898662848964,3898662873260,3898662875992,24296
799,"void flash_attn_tile<256, 256, 4, 6, false>(char const*, char const*, char const*, char const*, char const*, int const*, float*, HIP_vector_type<float, 2u>*, float, float, float, float, unsigned int, float, int, HIP_vector_type<unsigned int, 3u>, int, int, int, int, int, int, int, int, int, int, int, long, int, int, long, int, int, int, int, int, long) [clone .kd]",4,1,798,70325,70325,21504,384,32768,1432,128,0,48,64,"0x0","0x70100b2a6a40",3898475068715,3898663096518,3898663648218,3898663656760,551700
800,"void flash_attn_combine_results<256>(float const*, HIP_vector_type<float, 2u> const*, float*, int) [clone .kd]",4,1,799,70325,70325,6144,256,512,0,20,0,32,64,"0x0","0x70100b2a6880",3898475070604,3898663666292,3898663694292,3898663697123,28000
801,"widelaunch_noop_kernel(int*) [clone .kd]",4,1,801,70325,70325,64,64,0,0,4,0,16,64,"0x0","0x70100b2a6780",3898663857951,3898663892365,3898663895328,3898663898199,2963
802,"void dequantize_block_q4_0<__half>(void const*, __half*, int) [clone .kd]",4,1,803,70325,70325,229376,32,0,0,12,0,16,64,"0x0","0x700f9d5d2b80",3898663894907,3898663906143,3898663931624,3898663934403,25481
803,"void dequantize_block_q4_0<__half>(void const*, __half*, int) [clone .kd]",4,1,804,70325,70325,229376,32,0,0,12,0,16,64,"0x0","0x700f9d5d2b80",3898663897025,3898663931624,3898663956068,3898663958774,24444
804,"void flash_attn_tile<256, 256, 4, 6, false>(char const*, char const*, char const*, char const*, char const*, int const*, float*, HIP_vector_type<float, 2u>*, float, float, float, float, unsigned int, float, int, HIP_vector_type<unsigned int, 3u>, int, int, int, int, int, int, int, int, int, int, int, long, int, int, long, int, int, int, int, int, long) [clone .kd]",4,1,805,70325,70325,21504,384,32768,1432,128,0,48,64,"0x0","0x70100b2a6a40",3898663900942,3898664179178,3898664723323,3898664731621,544145
805,"void flash_attn_combine_results<256>(float const*, HIP_vector_type<float, 2u> const*, float*, int) [clone .kd]",4,1,806,70325,70325,6144,256,512,0,20,0,32,64,"0x0","0x70100b2a6880",3898663903992,3898664747768,3898664775471,3898664778294,27703
806,"widelaunch_noop_kernel(int*) [clone .kd]",4,1,808,70325,70325,64,64,0,0,4,0,16,64,"0x0","0x70100b2a6780",3898664794210,3898664799619,3898664802434,3898664805716,2815
807,"void dequantize_block_q4_0<__half>(void const*, __half*, int) [clone .kd]",4,1,810,70325,70325,229376,32,0,0,12,0,16,64,"0x0","0x700f9d5d2b80",3898664798010,3898664813249,3898664838137,3898664841101,24888
808,"void dequantize_block_q4_0<__half>(void const*, __half*, int) [clone .kd]",4,1,811,70325,70325,229376,32,0,0,12,0,16,64,"0x0","0x700f9d5d2b80",3898664799729,3898664838137,3898664862730,3898664865595,24593
809,"void flash_attn_tile<256, 256, 4, 6, false>(char const*, char const*, char const*, char const*, char const*, int const*, float*, HIP_vector_type<float, 2u>*, float, float, float, float, unsigned int, float, int, HIP_vector_type<unsigned int, 3u>, int, int, int, int, int, int, int, int, int, int, int, long, int, int, long, int, int, int, int, int, long) [clone .kd]",4,1,812,70325,70325,21504,384,32768,1432,128,0,48,64,"0x0","0x70100b2a6a40",3898664802467,3898665085692,3898665626577,3898665635442,540885
810,"void flash_attn_combine_results<256>(float const*, HIP_vector_type<float, 2u> const*, float*, int) [clone .kd]",4,1,813,70325,70325,6144,256,512,0,20,0,32,64,"0x0","0x70100b2a6880",3898664804515,3898665655022,3898665683318,3898665686305,28296
811,"widelaunch_noop_kernel(int*) [clone .kd]",4,1,815,70325,70325,64,64,0,0,4,0,16,64,"0x0","0x70100b2a6780",3898665695632,3898665701392,3898665703910,3898665706817,2518
812,"void dequantize_block_q4_0<__half>(void const*, __half*, int) [clone .kd]",4,1,817,70325,70325,229376,32,0,0,12,0,16,64,"0x0","0x700f9d5d2b80",3898665699770,3898665715466,3898665740947,3898665743874,25481
813,"void dequantize_block_q4_0<__half>(void const*, __half*, int) [clone .kd]",4,1,818,70325,70325,229376,32,0,0,12,0,16,64,"0x0","0x700f9d5d2b80",3898665701244,3898665740947,3898665765540,3898665768395,24593
814,"void flash_attn_tile<256, 256, 4, 6, false>(char const*, char const*, char const*, char const*, char const*, int const*, float*, HIP_vector_type<float, 2u>*, float, float, float, float, unsigned int, float, int, HIP_vector_type<unsigned int, 3u>, int, int, int, int, int, int, int, int, int, int, int, long, int, int, long, int, int, int, int, int, long) [clone .kd]",4,1,819,70325,70325,21504,384,32768,1432,128,0,48,64,"0x0","0x70100b2a6a40",3898665703706,3898665988501,3898666533535,3898666542493,545034
815,"void flash_attn_combine_results<256>(float const*, HIP_vector_type<float, 2u> const*, float*, int) [clone .kd]",4,1,820,70325,70325,6144,256,512,0,20,0,32,64,"0x0","0x70100b2a6880",3898665705520,3898666557239,3898666587016,3898666589819,29777
816,"widelaunch_noop_kernel(int*) [clone .kd]",4,1,822,70325,70325,64,64,0,0,4,0,16,64,"0x0","0x70100b2a6780",3898666599379,3898666605238,3898666607905,3898666611249,2667
817,"void dequantize_block_q4_0<__half>(void const*, __half*, int) [clone .kd]",4,1,824,70325,70325,229376,32,0,0,12,0,16,64,"0x0","0x700f9d5d2b80",3898666603672,3898666619016,3898666643905,3898666646833,24889
818,"void dequantize_block_q4_0<__half>(void const*, __half*, int) [clone .kd]",4,1,825,70325,70325,229376,32,0,0,12,0,16,64,"0x0","0x700f9d5d2b80",3898666605793,3898666643905,3898666668497,3898666671486,24592
819,"void flash_attn_tile<256, 256, 4, 6, false>(char const*, char const*, char const*, char const*, char const*, int const*, float*, HIP_vector_type<float, 2u>*, float, float, float, float, unsigned int, float, int, HIP_vector_type<unsigned int, 3u>, int, int, int, int, int, int, int, int, int, int, int, long, int, int, long, int, int, int, int, int, long) [clone .kd]",4,1,826,70325,70325,21504,384,32768,1432,128,0,48,64,"0x0","0x70100b2a6a40",3898666608250,3898666891755,3898667435308,3898667444328,543553
820,"void flash_attn_combine_results<256>(float const*, HIP_vector_type<float, 2u> const*, float*, int) [clone .kd]",4,1,827,70325,70325,6144,256,512,0,20,0,32,64,"0x0","0x70100b2a6880",3898666610230,3898667460493,3898667488196,3898667491178,27703
821,"widelaunch_noop_kernel(int*) [clone .kd]",4,1,829,70325,70325,64,64,0,0,4,0,16,64,"0x0","0x70100b2a6780",3898667500403,3898667505974,3898667508493,3898667512021,2519
822,"void dequantize_block_q4_0<__half>(void const*, __half*, int) [clone .kd]",4,1,831,70325,70325,229376,32,0,0,12,0,16,64,"0x0","0x700f9d5d2b80",3898667504227,3898667519752,3898667545085,3898667548094,25333
823,"void dequantize_block_q4_0<__half>(void const*, __half*, int) [clone .kd]",4,1,832,70325,70325,229376,32,0,0,12,0,16,64,"0x0","0x700f9d5d2b80",3898667506015,3898667545085,3898667569529,3898667572393,24444
824,"void flash_attn_tile<256, 256, 4, 6, false>(char const*, char const*, char const*, char const*, char const*, int const*, float*, HIP_vector_type<float, 2u>*, float, float, float, float, unsigned int, float, int, HIP_vector_type<unsigned int, 3u>, int, int, int, int, int, int, int, int, int, int, int, long, int, int, long, int, int, int, int, int, long) [clone .kd]",4,1,833,70325,70325,21504,384,32768,1432,128,0,48,64,"0x0","0x70100b2a6a40",3898667508906,3898667792343,3898668334266,3898668343453,541923
825,"void flash_attn_combine_results<256>(float const*, HIP_vector_type<float, 2u> const*, float*, int) [clone .kd]",4,1,834,70325,70325,6144,256,512,0,20,0,32,64,"0x0","0x70100b2a6880",3898667510971,3898668360488,3898668389821,3898668392755,29333
826,"widelaunch_noop_kernel(int*) [clone .kd]",4,1,836,70325,70325,64,64,0,0,4,0,16,64,"0x0","0x70100b2a6780",3898668402094,3898668407895,3898668410413,3898668413672,2518
827,"void dequantize_block_q4_0<__half>(void const*, __half*, int) [clone .kd]",4,1,838,70325,70325,229376,32,0,0,12,0,16,64,"0x0","0x700f9d5d2b80",3898668406259,3898668421228,3898668446413,3898668449333,25185
828,"void dequantize_block_q4_0<__half>(void const*, __half*, int) [clone .kd]",4,1,839,70325,70325,229376,32,0,0,12,0,16,64,"0x0","0x700f9d5d2b80",3898668407972,3898668446413,3898668471006,3898668473810,24593
829,"void flash_attn_tile<256, 256, 4, 6, false>(char const*, char const*, char const*, char const*, char const*, int const*, float*, HIP_vector_type<float, 2u>*, float, float, float, float, unsigned int, float, int, HIP_vector_type<unsigned int, 3u>, int, int, int, int, int, int, int, int, int, int, int, long, int, int, long, int, int, int, int, int, long) [clone .kd]",4,1,840,70325,70325,21504,384,32768,1432,128,0,48,64,"0x0","0x70100b2a6a40",3898668410646,3898668690264,3898669225372,3898669234293,535108
830,"void flash_attn_combine_results<256>(float const*, HIP_vector_type<float, 2u> const*, float*, int) [clone .kd]",4,1,841,70325,70325,6144,256,512,0,20,0,32,64,"0x0","0x70100b2a6880",3898668412555,3898669278408,3898669305964,3898669308867,27556
831,"widelaunch_noop_kernel(int*) [clone .kd]",4,1,843,70325,70325,64,64,0,0,4,0,16,64,"0x0","0x70100b2a6780",3898669317647,3898669323297,3898669325816,3898669328815,2519
832,"void dequantize_block_q4_0<__half>(void const*, __half*, int) [clone .kd]",4,1,845,70325,70325,229376,32,0,0,12,0,16,64,"0x0","0x700f9d5d2b80",3898669322039,3898669336334,3898669359889,3898669362742,23555
833,"void dequantize_block_q4_0<__half>(void const*, __half*, int) [clone .kd]",4,1,846,70325,70325,229376,32,0,0,12,0,16,64,"0x0","0x700f9d5d2b80",3898669323819,3898669359889,3898669383000,3898669385869,23111
834,"void flash_attn_tile<256, 256, 4, 6, false>(char const*, char const*, char const*, char const*, char const*, int const*, float*, HIP_vector_type<float, 2u>*, float, float, float, float, unsigned int, float, int, HIP_vector_type<unsigned int, 3u>, int, int, int, int, int, int, int, int, int, int, int, long, int, int, long, int, int, int, int, int, long) [clone .kd]",4,1,847,70325,70325,21504,384,32768,1432,128,0,48,64,"0x0","0x70100b2a6a40",3898669326513,3898669592925,3898670121663,3898670130222,528738
835,"void flash_attn_combine_results<256>(float const*, HIP_vector_type<float, 2u> const*, float*, int) [clone .kd]",4,1,848,70325,70325,6144,256,512,0,20,0,32,64,"0x0","0x70100b2a6880",3898669328345,3898670136033,3898670161515,3898670164177,25482
836,"widelaunch_noop_kernel(int*) [clone .kd]",4,1,850,70325,70325,64,64,0,0,4,0,16,64,"0x0","0x70100b2a6780",3898670172549,3898670177811,3898670180181,3898670182976,2370
837,"void dequantize_block_q4_0<__half>(void const*, __half*, int) [clone .kd]",4,1,852,70325,70325,229376,32,0,0,12,0,16,64,"0x0","0x700f9d5d2b80",3898670176339,3898670189663,3898670213070,3898670216211,23407
838,"void dequantize_block_q4_0<__half>(void const*, __half*, int) [clone .kd]",4,1,853,70325,70325,229376,32,0,0,12,0,16,64,"0x0","0x700f9d5d2b80",3898670178195,3898670213070,3898670235440,3898670238091,22370
839,"void flash_attn_tile<256, 256, 4, 6, false>(char const*, char const*, char const*, char const*, char const*, int const*, float*, HIP_vector_type<float, 2u>*, float, float, float, float, unsigned int, float, int, HIP_vector_type<unsigned int, 3u>, int, int, int, int, int, int, int, int, int, int, int, long, int, int, long, int, int, int, int, int, long) [clone .kd]",4,1,854,70325,70325,21504,384,32768,1432,128,0,48,64,"0x0","0x70100b2a6a40",3898670180588,3898670425365,3898670951732,3898670959792,526367
840,"void flash_attn_combine_results<256>(float const*, HIP_vector_type<float, 2u> const*, float*, int) [clone .kd]",4,1,855,70325,70325,6144,256,512,0,20,0,32,64,"0x0","0x70100b2a6880",3898670182958,3898670964621,3898670989065,3898670991857,24444
841,"widelaunch_noop_kernel(int*) [clone .kd]",4,1,857,70325,70325,64,64,0,0,4,0,16,64,"0x0","0x70100b2a6780",3898671001966,3898671007139,3898671009510,3898671012877,2371
842,"void dequantize_block_q4_0<__half>(void const*, __half*, int) [clone .kd]",4,1,859,70325,70325,229376,32,0,0,12,0,16,64,"0x0","0x700f9d5d2b80",3898671005876,3898671019584,3898671043435,3898671046519,23851
843,"void dequantize_block_q4_0<__half>(void const*, __half*, int) [clone .kd]",4,1,860,70325,70325,229376,32,0,0,12,0,16,64,"0x0","0x700f9d5d2b80",3898671007416,3898671043435,3898671065509,3898671068291,22074
844,"void flash_attn_tile<256, 256, 4, 6, false>(char const*, char const*, char const*, char const*, char const*, int const*, float*, HIP_vector_type<float, 2u>*, float, float, float, float, unsigned int, float, int, HIP_vector_type<unsigned int, 3u>, int, int, int, int, int, int, int, int, int, int, int, long, int, int, long, int, int, int, int, int, long) [clone .kd]",4,1,861,70325,70325,21504,384,32768,1432,128,0,48,64,"0x0","0x70100b2a6a40",3898671009882,3898671255138,3898671785357,3898671793632,530219
845,"void flash_attn_combine_results<256>(float const*, HIP_vector_type<float, 2u> const*, float*, int) [clone .kd]",4,1,862,70325,70325,6144,256,512,0,20,0,32,64,"0x0","0x70100b2a6880",3898671011724,3898671813505,3898671841357,3898671844256,27852
846,"widelaunch_noop_kernel(int*) [clone .kd]",4,1,864,70325,70325,64,64,0,0,4,0,16,64,"0x0","0x70100b2a6780",3898671853302,3898671858986,3898671861209,3898671864209,2223
847,"void dequantize_block_q4_0<__half>(void const*, __half*, int) [clone .kd]",4,1,866,70325,70325,229376,32,0,0,12,0,16,64,"0x0","0x700f9d5d2b80",3898671857323,3898671871579,3898671894986,3898671897940,23407
848,"void dequantize_block_q4_0<__half>(void const*, __half*, int) [clone .kd]",4,1,867,70325,70325,229376,32,0,0,12,0,16,64,"0x0","0x700f9d5d2b80",3898671859153,3898671894986,3898671918097,3898671920990,23111
849,"void flash_attn_tile<256, 256, 4, 6, false>(char const*, char const*, char const*, char const*, char const*, int const*, float*, HIP_vector_type<float, 2u>*, float, float, float, float, unsigned int, float, int, HIP_vector_type<unsigned int, 3u>, int, int, int, int, int, int, int, int, int, int, int, long, int, int, long, int, int, int, int, int, long) [clone .kd]",4,1,868,70325,70325,21504,384,32768,1432,128,0,48,64,"0x0","0x70100b2a6a40",3898671861768,3898672128170,3898672667130,3898672676117,538960
850,"void flash_attn_combine_results<256>(float const*, HIP_vector_type<float, 2u> const*, float*, int) [clone .kd]",4,1,869,70325,70325,6144,256,512,0,20,0,32,64,"0x0","0x70100b2a6880",3898671863816,3898672733500,3898672762981,3898672766050,29481
