"Kind","Agent_Id","Queue_Id","Kernel_Id","Kernel_Name","Correlation_Id","Start_Timestamp","End_Timestamp","Private_Segment_Size","Group_Segment_Size","Workgroup_Size_X","Workgroup_Size_Y","Workgroup_Size_Z","Grid_Size_X","Grid_Size_Y","Grid_Size_Z"
"KERNEL_DISPATCH",4,2,26,"void dequantize_block_iq3_s<__half>(void const*, __half*)",1,22429501409151,22429501761012,0,0,32,1,1,3686400,1,1
"KERNEL_DISPATCH",4,2,40,"void convert_unary<float, __half>(void const*, __half*, long, long, long, HIP_vector_type<unsigned int, 3u>, long, long, long)",2,22429501761012,22429501781307,0,0,256,1,1,655360,1,1
"KERNEL_DISPATCH",4,2,79,"tile_fp16_reduce(float const*, float*, int, int)",4,22429502926077,22429503012894,0,0,256,1,1,184320,1,1
"KERNEL_DISPATCH",4,2,78,"void tile_fp16_gemm<128, 64, 4, 8, 32>(__half const*, __half const*, float*, float*, int, int, long)",3,22429501781307,22429502926077,0,25088,256,1,1,23040,1,4
"KERNEL_DISPATCH",4,2,26,"void dequantize_block_iq3_s<__half>(void const*, __half*)",5,22429506395349,22429506744099,0,0,32,1,1,3686400,1,1
"KERNEL_DISPATCH",4,2,40,"void convert_unary<float, __half>(void const*, __half*, long, long, long, HIP_vector_type<unsigned int, 3u>, long, long, long)",6,22429506744099,22429506762618,0,0,256,1,1,655360,1,1
"KERNEL_DISPATCH",4,2,78,"void tile_fp16_gemm<128, 64, 4, 8, 32>(__half const*, __half const*, float*, float*, int, int, long)",7,22429506762618,22429507890350,0,25088,256,1,1,23040,1,4
"KERNEL_DISPATCH",4,2,79,"tile_fp16_reduce(float const*, float*, int, int)",8,22429507890350,22429507937018,0,0,256,1,1,184320,1,1
"KERNEL_DISPATCH",4,2,26,"void dequantize_block_iq3_s<__half>(void const*, __half*)",9,22429507962500,22429508307990,0,0,32,1,1,3686400,1,1
"KERNEL_DISPATCH",4,2,40,"void convert_unary<float, __half>(void const*, __half*, long, long, long, HIP_vector_type<unsigned int, 3u>, long, long, long)",10,22429508307990,22429508326064,0,0,256,1,1,655360,1,1
"KERNEL_DISPATCH",4,2,78,"void tile_fp16_gemm<128, 64, 4, 8, 32>(__half const*, __half const*, float*, float*, int, int, long)",11,22429508326064,22429509403277,0,25088,256,1,1,23040,1,4
"KERNEL_DISPATCH",4,2,79,"tile_fp16_reduce(float const*, float*, int, int)",12,22429509403277,22429509465204,0,0,256,1,1,184320,1,1
"KERNEL_DISPATCH",4,2,26,"void dequantize_block_iq3_s<__half>(void const*, __half*)",13,22429509488464,22429509898252,0,0,32,1,1,3686400,1,1
"KERNEL_DISPATCH",4,2,40,"void convert_unary<float, __half>(void const*, __half*, long, long, long, HIP_vector_type<unsigned int, 3u>, long, long, long)",14,22429509898252,22429509919141,0,0,256,1,1,655360,1,1
"KERNEL_DISPATCH",4,2,78,"void tile_fp16_gemm<128, 64, 4, 8, 32>(__half const*, __half const*, float*, float*, int, int, long)",15,22429509919141,22429511068652,0,25088,256,1,1,23040,1,4
"KERNEL_DISPATCH",4,2,79,"tile_fp16_reduce(float const*, float*, int, int)",16,22429511068652,22429511121394,0,0,256,1,1,184320,1,1
"KERNEL_DISPATCH",4,2,26,"void dequantize_block_iq3_s<__half>(void const*, __half*)",17,22429511144061,22429511544071,0,0,32,1,1,3686400,1,1
"KERNEL_DISPATCH",4,2,40,"void convert_unary<float, __half>(void const*, __half*, long, long, long, HIP_vector_type<unsigned int, 3u>, long, long, long)",18,22429511544071,22429511562442,0,0,256,1,1,655360,1,1
"KERNEL_DISPATCH",4,2,78,"void tile_fp16_gemm<128, 64, 4, 8, 32>(__half const*, __half const*, float*, float*, int, int, long)",19,22429511562442,22429512640543,0,25088,256,1,1,23040,1,4
"KERNEL_DISPATCH",4,2,79,"tile_fp16_reduce(float const*, float*, int, int)",20,22429512640543,22429512692692,0,0,256,1,1,184320,1,1
"KERNEL_DISPATCH",4,2,26,"void dequantize_block_iq3_s<__half>(void const*, __half*)",21,22429512715063,22429513125000,0,0,32,1,1,3686400,1,1
"KERNEL_DISPATCH",4,2,40,"void convert_unary<float, __half>(void const*, __half*, long, long, long, HIP_vector_type<unsigned int, 3u>, long, long, long)",22,22429513125000,22429513145296,0,0,256,1,1,655360,1,1
"KERNEL_DISPATCH",4,2,78,"void tile_fp16_gemm<128, 64, 4, 8, 32>(__half const*, __half const*, float*, float*, int, int, long)",23,22429513145296,22429514283103,0,25088,256,1,1,23040,1,4
"KERNEL_DISPATCH",4,2,79,"tile_fp16_reduce(float const*, float*, int, int)",24,22429514283103,22429514335845,0,0,256,1,1,184320,1,1
"KERNEL_DISPATCH",4,2,26,"void dequantize_block_iq3_s<__half>(void const*, __half*)",25,22429514357919,22429514767411,0,0,32,1,1,3686400,1,1
"KERNEL_DISPATCH",4,2,40,"void convert_unary<float, __half>(void const*, __half*, long, long, long, HIP_vector_type<unsigned int, 3u>, long, long, long)",26,22429514767411,22429514787708,0,0,256,1,1,655360,1,1
"KERNEL_DISPATCH",4,2,78,"void tile_fp16_gemm<128, 64, 4, 8, 32>(__half const*, __half const*, float*, float*, int, int, long)",27,22429514787708,22429515947737,0,25088,256,1,1,23040,1,4
"KERNEL_DISPATCH",4,2,79,"tile_fp16_reduce(float const*, float*, int, int)",28,22429515947737,22429515999887,0,0,256,1,1,184320,1,1
"KERNEL_DISPATCH",4,2,26,"void dequantize_block_iq3_s<__half>(void const*, __half*)",29,22429516022702,22429516427305,0,0,32,1,1,3686400,1,1
"KERNEL_DISPATCH",4,2,40,"void convert_unary<float, __half>(void const*, __half*, long, long, long, HIP_vector_type<unsigned int, 3u>, long, long, long)",30,22429516427305,22429516457379,0,0,256,1,1,655360,1,1
"KERNEL_DISPATCH",4,2,78,"void tile_fp16_gemm<128, 64, 4, 8, 32>(__half const*, __half const*, float*, float*, int, int, long)",31,22429516457379,22429517642743,0,25088,256,1,1,23040,1,4
"KERNEL_DISPATCH",4,2,79,"tile_fp16_reduce(float const*, float*, int, int)",32,22429517642743,22429517695633,0,0,256,1,1,184320,1,1
"KERNEL_DISPATCH",4,2,26,"void dequantize_block_iq3_s<__half>(void const*, __half*)",33,22429517718004,22429518127940,0,0,32,1,1,3686400,1,1
"KERNEL_DISPATCH",4,2,40,"void convert_unary<float, __half>(void const*, __half*, long, long, long, HIP_vector_type<unsigned int, 3u>, long, long, long)",34,22429518127940,22429518147940,0,0,256,1,1,655360,1,1
"KERNEL_DISPATCH",4,2,78,"void tile_fp16_gemm<128, 64, 4, 8, 32>(__half const*, __half const*, float*, float*, int, int, long)",35,22429518147940,22429519322637,0,25088,256,1,1,23040,1,4
"KERNEL_DISPATCH",4,2,79,"tile_fp16_reduce(float const*, float*, int, int)",36,22429519322637,22429519375379,0,0,256,1,1,184320,1,1
"KERNEL_DISPATCH",4,2,26,"void dequantize_block_iq3_s<__half>(void const*, __half*)",37,22429519417454,22429519887391,0,0,32,1,1,3686400,1,1
"KERNEL_DISPATCH",4,2,40,"void convert_unary<float, __half>(void const*, __half*, long, long, long, HIP_vector_type<unsigned int, 3u>, long, long, long)",38,22429519887391,22429519915688,0,0,256,1,1,655360,1,1
"KERNEL_DISPATCH",4,2,78,"void tile_fp16_gemm<128, 64, 4, 8, 32>(__half const*, __half const*, float*, float*, int, int, long)",39,22429519915688,22429521200017,0,25088,256,1,1,23040,1,4
"KERNEL_DISPATCH",4,2,79,"tile_fp16_reduce(float const*, float*, int, int)",40,22429521200017,22429521252907,0,0,256,1,1,184320,1,1
"KERNEL_DISPATCH",4,2,26,"void dequantize_block_iq3_s<__half>(void const*, __half*)",41,22429521279278,22429521665658,0,0,32,1,1,3686400,1,1
"KERNEL_DISPATCH",4,2,40,"void convert_unary<float, __half>(void const*, __half*, long, long, long, HIP_vector_type<unsigned int, 3u>, long, long, long)",42,22429521665658,22429521683881,0,0,256,1,1,655360,1,1
"KERNEL_DISPATCH",4,2,78,"void tile_fp16_gemm<128, 64, 4, 8, 32>(__half const*, __half const*, float*, float*, int, int, long)",43,22429521683881,22429522819761,0,25088,256,1,1,23040,1,4
"KERNEL_DISPATCH",4,2,79,"tile_fp16_reduce(float const*, float*, int, int)",44,22429522819761,22429522872800,0,0,256,1,1,184320,1,1
"KERNEL_DISPATCH",4,2,26,"void dequantize_block_iq3_s<__half>(void const*, __half*)",45,22429522895171,22429523305107,0,0,32,1,1,3686400,1,1
"KERNEL_DISPATCH",4,2,40,"void convert_unary<float, __half>(void const*, __half*, long, long, long, HIP_vector_type<unsigned int, 3u>, long, long, long)",46,22429523305107,22429523325256,0,0,256,1,1,655360,1,1
"KERNEL_DISPATCH",4,2,78,"void tile_fp16_gemm<128, 64, 4, 8, 32>(__half const*, __half const*, float*, float*, int, int, long)",47,22429523325256,22429524510767,0,25088,256,1,1,23040,1,4
"KERNEL_DISPATCH",4,2,79,"tile_fp16_reduce(float const*, float*, int, int)",48,22429524510767,22429524588547,0,0,256,1,1,184320,1,1
"KERNEL_DISPATCH",4,2,26,"void dequantize_block_iq3_s<__half>(void const*, __half*)",49,22429524617140,22429525088559,0,0,32,1,1,3686400,1,1
"KERNEL_DISPATCH",4,2,40,"void convert_unary<float, __half>(void const*, __half*, long, long, long, HIP_vector_type<unsigned int, 3u>, long, long, long)",50,22429525088559,22429525117449,0,0,256,1,1,655360,1,1
"KERNEL_DISPATCH",4,2,78,"void tile_fp16_gemm<128, 64, 4, 8, 32>(__half const*, __half const*, float*, float*, int, int, long)",51,22429525117449,22429526366962,0,25088,256,1,1,23040,1,4
"KERNEL_DISPATCH",4,2,79,"tile_fp16_reduce(float const*, float*, int, int)",52,22429526366962,22429526439260,0,0,256,1,1,184320,1,1
"KERNEL_DISPATCH",4,2,26,"void dequantize_block_iq3_s<__half>(void const*, __half*)",53,22429526468446,22429526939568,0,0,32,1,1,3686400,1,1
"KERNEL_DISPATCH",4,2,40,"void convert_unary<float, __half>(void const*, __half*, long, long, long, HIP_vector_type<unsigned int, 3u>, long, long, long)",54,22429526939568,22429526967569,0,0,256,1,1,655360,1,1
"KERNEL_DISPATCH",4,2,78,"void tile_fp16_gemm<128, 64, 4, 8, 32>(__half const*, __half const*, float*, float*, int, int, long)",55,22429526967569,22429528213082,0,25088,256,1,1,23040,1,4
"KERNEL_DISPATCH",4,2,79,"tile_fp16_reduce(float const*, float*, int, int)",56,22429528213082,22429528265972,0,0,256,1,1,184320,1,1
"KERNEL_DISPATCH",4,2,26,"void dequantize_block_iq3_s<__half>(void const*, __half*)",57,22429528288639,22429528698872,0,0,32,1,1,3686400,1,1
"KERNEL_DISPATCH",4,2,40,"void convert_unary<float, __half>(void const*, __half*, long, long, long, HIP_vector_type<unsigned int, 3u>, long, long, long)",58,22429528698872,22429528718872,0,0,256,1,1,655360,1,1
"KERNEL_DISPATCH",4,2,78,"void tile_fp16_gemm<128, 64, 4, 8, 32>(__half const*, __half const*, float*, float*, int, int, long)",59,22429528718872,22429529870012,0,25088,256,1,1,23040,1,4
"KERNEL_DISPATCH",4,2,79,"tile_fp16_reduce(float const*, float*, int, int)",60,22429529870012,22429529922458,0,0,256,1,1,184320,1,1
"KERNEL_DISPATCH",4,2,26,"void dequantize_block_iq3_s<__half>(void const*, __half*)",61,22429529944829,22429530354617,0,0,32,1,1,3686400,1,1
"KERNEL_DISPATCH",4,2,40,"void convert_unary<float, __half>(void const*, __half*, long, long, long, HIP_vector_type<unsigned int, 3u>, long, long, long)",62,22429530354617,22429530374766,0,0,256,1,1,655360,1,1
"KERNEL_DISPATCH",4,2,78,"void tile_fp16_gemm<128, 64, 4, 8, 32>(__half const*, __half const*, float*, float*, int, int, long)",63,22429530374766,22429531559536,0,25088,256,1,1,23040,1,4
"KERNEL_DISPATCH",4,2,79,"tile_fp16_reduce(float const*, float*, int, int)",64,22429531559536,22429531611982,0,0,256,1,1,184320,1,1
"KERNEL_DISPATCH",4,2,26,"void dequantize_block_iq3_s<__half>(void const*, __half*)",65,22429531634797,22429532044585,0,0,32,1,1,3686400,1,1
"KERNEL_DISPATCH",4,2,40,"void convert_unary<float, __half>(void const*, __half*, long, long, long, HIP_vector_type<unsigned int, 3u>, long, long, long)",66,22429532044585,22429532064586,0,0,256,1,1,655360,1,1
"KERNEL_DISPATCH",4,2,78,"void tile_fp16_gemm<128, 64, 4, 8, 32>(__half const*, __half const*, float*, float*, int, int, long)",67,22429532064586,22429533160317,0,25088,256,1,1,23040,1,4
"KERNEL_DISPATCH",4,2,79,"tile_fp16_reduce(float const*, float*, int, int)",68,22429533160317,22429533207578,0,0,256,1,1,184320,1,1
"KERNEL_DISPATCH",4,2,26,"void dequantize_block_iq3_s<__half>(void const*, __half*)",69,22429533228319,22429533596476,0,0,32,1,1,3686400,1,1
"KERNEL_DISPATCH",4,2,40,"void convert_unary<float, __half>(void const*, __half*, long, long, long, HIP_vector_type<unsigned int, 3u>, long, long, long)",70,22429533596476,22429533614847,0,0,256,1,1,655360,1,1
"KERNEL_DISPATCH",4,2,78,"void tile_fp16_gemm<128, 64, 4, 8, 32>(__half const*, __half const*, float*, float*, int, int, long)",71,22429533614847,22429534732357,0,25088,256,1,1,23040,1,4
"KERNEL_DISPATCH",4,2,79,"tile_fp16_reduce(float const*, float*, int, int)",72,22429534732357,22429534784506,0,0,256,1,1,184320,1,1
"KERNEL_DISPATCH",4,2,26,"void dequantize_block_iq3_s<__half>(void const*, __half*)",73,22429534807618,22429535217258,0,0,32,1,1,3686400,1,1
"KERNEL_DISPATCH",4,2,40,"void convert_unary<float, __half>(void const*, __half*, long, long, long, HIP_vector_type<unsigned int, 3u>, long, long, long)",74,22429535217258,22429535237554,0,0,256,1,1,655360,1,1
"KERNEL_DISPATCH",4,2,78,"void tile_fp16_gemm<128, 64, 4, 8, 32>(__half const*, __half const*, float*, float*, int, int, long)",75,22429535237554,22429536402769,0,25088,256,1,1,23040,1,4
"KERNEL_DISPATCH",4,2,79,"tile_fp16_reduce(float const*, float*, int, int)",76,22429536402769,22429536490030,0,0,256,1,1,184320,1,1
"KERNEL_DISPATCH",4,2,26,"void dequantize_block_iq3_s<__half>(void const*, __half*)",77,22429536530328,22429537001302,0,0,32,1,1,3686400,1,1
"KERNEL_DISPATCH",4,2,40,"void convert_unary<float, __half>(void const*, __half*, long, long, long, HIP_vector_type<unsigned int, 3u>, long, long, long)",78,22429537001302,22429537029303,0,0,256,1,1,655360,1,1
"KERNEL_DISPATCH",4,2,78,"void tile_fp16_gemm<128, 64, 4, 8, 32>(__half const*, __half const*, float*, float*, int, int, long)",79,22429537029303,22429538276890,0,25088,256,1,1,23040,1,4
"KERNEL_DISPATCH",4,2,79,"tile_fp16_reduce(float const*, float*, int, int)",80,22429538276890,22429538330225,0,0,256,1,1,184320,1,1
"KERNEL_DISPATCH",4,2,26,"void dequantize_block_iq3_s<__half>(void const*, __half*)",81,22429538352744,22429538762087,0,0,32,1,1,3686400,1,1
"KERNEL_DISPATCH",4,2,40,"void convert_unary<float, __half>(void const*, __half*, long, long, long, HIP_vector_type<unsigned int, 3u>, long, long, long)",82,22429538762087,22429538782384,0,0,256,1,1,655360,1,1
"KERNEL_DISPATCH",4,2,78,"void tile_fp16_gemm<128, 64, 4, 8, 32>(__half const*, __half const*, float*, float*, int, int, long)",83,22429538782384,22429540204790,0,25088,256,1,1,23040,1,4
"KERNEL_DISPATCH",4,2,79,"tile_fp16_reduce(float const*, float*, int, int)",84,22429540204790,22429540282274,0,0,256,1,1,184320,1,1
"KERNEL_DISPATCH",4,2,26,"void dequantize_block_iq3_s<__half>(void const*, __half*)",85,22429540308052,22429540743322,0,0,32,1,1,3686400,1,1
"KERNEL_DISPATCH",4,2,40,"void convert_unary<float, __half>(void const*, __half*, long, long, long, HIP_vector_type<unsigned int, 3u>, long, long, long)",86,22429540743322,22429540763471,0,0,256,1,1,655360,1,1
"KERNEL_DISPATCH",4,2,78,"void tile_fp16_gemm<128, 64, 4, 8, 32>(__half const*, __half const*, float*, float*, int, int, long)",87,22429540763471,22429542063355,0,25088,256,1,1,23040,1,4
"KERNEL_DISPATCH",4,2,79,"tile_fp16_reduce(float const*, float*, int, int)",88,22429542063355,22429542141135,0,0,256,1,1,184320,1,1
"KERNEL_DISPATCH",4,2,26,"void dequantize_block_iq3_s<__half>(void const*, __half*)",89,22429542166173,22429542618480,0,0,32,1,1,3686400,1,1
"KERNEL_DISPATCH",4,2,40,"void convert_unary<float, __half>(void const*, __half*, long, long, long, HIP_vector_type<unsigned int, 3u>, long, long, long)",90,22429542618480,22429542700705,0,0,256,1,1,655360,1,1
"KERNEL_DISPATCH",4,2,78,"void tile_fp16_gemm<128, 64, 4, 8, 32>(__half const*, __half const*, float*, float*, int, int, long)",91,22429542706927,22429544034664,0,25088,256,1,1,23040,1,4
"KERNEL_DISPATCH",4,2,79,"tile_fp16_reduce(float const*, float*, int, int)",92,22429544034664,22429544110962,0,0,256,1,1,184320,1,1
"KERNEL_DISPATCH",4,2,26,"void dequantize_block_iq3_s<__half>(void const*, __half*)",93,22429544136444,22429544593937,0,0,32,1,1,3686400,1,1
"KERNEL_DISPATCH",4,2,40,"void convert_unary<float, __half>(void const*, __half*, long, long, long, HIP_vector_type<unsigned int, 3u>, long, long, long)",94,22429544593937,22429544614086,0,0,256,1,1,655360,1,1
"KERNEL_DISPATCH",4,2,78,"void tile_fp16_gemm<128, 64, 4, 8, 32>(__half const*, __half const*, float*, float*, int, int, long)",95,22429544614086,22429545759300,0,25088,256,1,1,23040,1,4
"KERNEL_DISPATCH",4,2,79,"tile_fp16_reduce(float const*, float*, int, int)",96,22429545759300,22429545811598,0,0,256,1,1,184320,1,1
"KERNEL_DISPATCH",4,2,26,"void dequantize_block_iq3_s<__half>(void const*, __half*)",97,22429545833820,22429546243757,0,0,32,1,1,3686400,1,1
"KERNEL_DISPATCH",4,2,40,"void convert_unary<float, __half>(void const*, __half*, long, long, long, HIP_vector_type<unsigned int, 3u>, long, long, long)",98,22429546243757,22429546263461,0,0,256,1,1,655360,1,1
"KERNEL_DISPATCH",4,2,78,"void tile_fp16_gemm<128, 64, 4, 8, 32>(__half const*, __half const*, float*, float*, int, int, long)",99,22429546263461,22429547482751,0,25088,256,1,1,23040,1,4
"KERNEL_DISPATCH",4,2,79,"tile_fp16_reduce(float const*, float*, int, int)",100,22429547482751,22429547534900,0,0,256,1,1,184320,1,1
"KERNEL_DISPATCH",4,2,26,"void dequantize_block_iq3_s<__half>(void const*, __half*)",101,22429547564679,22429547974170,0,0,32,1,1,3686400,1,1
"KERNEL_DISPATCH",4,2,40,"void convert_unary<float, __half>(void const*, __half*, long, long, long, HIP_vector_type<unsigned int, 3u>, long, long, long)",102,22429547974170,22429547994764,0,0,256,1,1,655360,1,1
"KERNEL_DISPATCH",4,2,78,"void tile_fp16_gemm<128, 64, 4, 8, 32>(__half const*, __half const*, float*, float*, int, int, long)",103,22429547994764,22429549148718,0,25088,256,1,1,23040,1,4
"KERNEL_DISPATCH",4,2,79,"tile_fp16_reduce(float const*, float*, int, int)",104,22429549148718,22429549201016,0,0,256,1,1,184320,1,1
"KERNEL_DISPATCH",4,2,26,"void dequantize_block_iq3_s<__half>(void const*, __half*)",105,22429549223535,22429549615989,0,0,32,1,1,3686400,1,1
"KERNEL_DISPATCH",4,2,40,"void convert_unary<float, __half>(void const*, __half*, long, long, long, HIP_vector_type<unsigned int, 3u>, long, long, long)",106,22429549615989,22429549634657,0,0,256,1,1,655360,1,1
"KERNEL_DISPATCH",4,2,78,"void tile_fp16_gemm<128, 64, 4, 8, 32>(__half const*, __half const*, float*, float*, int, int, long)",107,22429549634657,22429550793797,0,25088,256,1,1,23040,1,4
"KERNEL_DISPATCH",4,2,79,"tile_fp16_reduce(float const*, float*, int, int)",108,22429550793797,22429550844465,0,0,256,1,1,184320,1,1
"KERNEL_DISPATCH",4,2,26,"void dequantize_block_iq3_s<__half>(void const*, __half*)",109,22429550866243,22429551275735,0,0,32,1,1,3686400,1,1
"KERNEL_DISPATCH",4,2,40,"void convert_unary<float, __half>(void const*, __half*, long, long, long, HIP_vector_type<unsigned int, 3u>, long, long, long)",110,22429551275735,22429551296032,0,0,256,1,1,655360,1,1
"KERNEL_DISPATCH",4,2,78,"void tile_fp16_gemm<128, 64, 4, 8, 32>(__half const*, __half const*, float*, float*, int, int, long)",111,22429551296032,22429552542137,0,25088,256,1,1,23040,1,4
"KERNEL_DISPATCH",4,2,79,"tile_fp16_reduce(float const*, float*, int, int)",112,22429552542137,22429552659473,0,0,256,1,1,184320,1,1
"KERNEL_DISPATCH",4,2,26,"void dequantize_block_iq3_s<__half>(void const*, __half*)",113,22429552686140,22429553156523,0,0,32,1,1,3686400,1,1
"KERNEL_DISPATCH",4,2,40,"void convert_unary<float, __half>(void const*, __half*, long, long, long, HIP_vector_type<unsigned int, 3u>, long, long, long)",114,22429553156523,22429553185264,0,0,256,1,1,655360,1,1
"KERNEL_DISPATCH",4,2,78,"void tile_fp16_gemm<128, 64, 4, 8, 32>(__half const*, __half const*, float*, float*, int, int, long)",115,22429553185264,22429554456111,0,25088,256,1,1,23040,1,4
"KERNEL_DISPATCH",4,2,79,"tile_fp16_reduce(float const*, float*, int, int)",116,22429554456111,22429554575373,0,0,256,1,1,184320,1,1
"KERNEL_DISPATCH",4,2,26,"void dequantize_block_iq3_s<__half>(void const*, __half*)",117,22429554602337,22429555074200,0,0,32,1,1,3686400,1,1
"KERNEL_DISPATCH",4,2,40,"void convert_unary<float, __half>(void const*, __half*, long, long, long, HIP_vector_type<unsigned int, 3u>, long, long, long)",118,22429555074200,22429555101757,0,0,256,1,1,655360,1,1
"KERNEL_DISPATCH",4,2,78,"void tile_fp16_gemm<128, 64, 4, 8, 32>(__half const*, __half const*, float*, float*, int, int, long)",119,22429555101757,22429556332158,0,25088,256,1,1,23040,1,4
"KERNEL_DISPATCH",4,2,79,"tile_fp16_reduce(float const*, float*, int, int)",120,22429556332158,22429556385344,0,0,256,1,1,184320,1,1
"KERNEL_DISPATCH",4,2,26,"void dequantize_block_iq3_s<__half>(void const*, __half*)",121,22429556417197,22429556887579,0,0,32,1,1,3686400,1,1
"KERNEL_DISPATCH",4,2,40,"void convert_unary<float, __half>(void const*, __half*, long, long, long, HIP_vector_type<unsigned int, 3u>, long, long, long)",122,22429556887579,22429556915728,0,0,256,1,1,655360,1,1
"KERNEL_DISPATCH",4,2,78,"void tile_fp16_gemm<128, 64, 4, 8, 32>(__half const*, __half const*, float*, float*, int, int, long)",123,22429556915728,22429558187167,0,25088,256,1,1,23040,1,4
"KERNEL_DISPATCH",4,2,79,"tile_fp16_reduce(float const*, float*, int, int)",124,22429558187167,22429558239761,0,0,256,1,1,184320,1,1
"KERNEL_DISPATCH",4,2,26,"void dequantize_block_iq3_s<__half>(void const*, __half*)",125,22429558264355,22429558673994,0,0,32,1,1,3686400,1,1
"KERNEL_DISPATCH",4,2,40,"void convert_unary<float, __half>(void const*, __half*, long, long, long, HIP_vector_type<unsigned int, 3u>, long, long, long)",126,22429558673994,22429558694143,0,0,256,1,1,655360,1,1
"KERNEL_DISPATCH",4,2,78,"void tile_fp16_gemm<128, 64, 4, 8, 32>(__half const*, __half const*, float*, float*, int, int, long)",127,22429558694143,22429559844839,0,25088,256,1,1,23040,1,4
"KERNEL_DISPATCH",4,2,79,"tile_fp16_reduce(float const*, float*, int, int)",128,22429559844839,22429559897581,0,0,256,1,1,184320,1,1
"KERNEL_DISPATCH",4,2,26,"void dequantize_block_iq3_s<__half>(void const*, __half*)",129,22429559922026,22429560331518,0,0,32,1,1,3686400,1,1
"KERNEL_DISPATCH",4,2,40,"void convert_unary<float, __half>(void const*, __half*, long, long, long, HIP_vector_type<unsigned int, 3u>, long, long, long)",130,22429560331518,22429560351518,0,0,256,1,1,655360,1,1
"KERNEL_DISPATCH",4,2,78,"void tile_fp16_gemm<128, 64, 4, 8, 32>(__half const*, __half const*, float*, float*, int, int, long)",131,22429560351518,22429561441323,0,25088,256,1,1,23040,1,4
"KERNEL_DISPATCH",4,2,79,"tile_fp16_reduce(float const*, float*, int, int)",132,22429561441323,22429561494065,0,0,256,1,1,184320,1,1
"KERNEL_DISPATCH",4,2,26,"void dequantize_block_iq3_s<__half>(void const*, __half*)",133,22429561516288,22429561926372,0,0,32,1,1,3686400,1,1
"KERNEL_DISPATCH",4,2,40,"void convert_unary<float, __half>(void const*, __half*, long, long, long, HIP_vector_type<unsigned int, 3u>, long, long, long)",134,22429561926372,22429561946669,0,0,256,1,1,655360,1,1
"KERNEL_DISPATCH",4,2,78,"void tile_fp16_gemm<128, 64, 4, 8, 32>(__half const*, __half const*, float*, float*, int, int, long)",135,22429561946669,22429563254998,0,25088,256,1,1,23040,1,4
"KERNEL_DISPATCH",4,2,79,"tile_fp16_reduce(float const*, float*, int, int)",136,22429563254998,22429563332185,0,0,256,1,1,184320,1,1
"KERNEL_DISPATCH",4,2,26,"void dequantize_block_iq3_s<__half>(void const*, __half*)",137,22429563358853,22429563787752,0,0,32,1,1,3686400,1,1
"KERNEL_DISPATCH",4,2,40,"void convert_unary<float, __half>(void const*, __half*, long, long, long, HIP_vector_type<unsigned int, 3u>, long, long, long)",138,22429563787752,22429563808049,0,0,256,1,1,655360,1,1
"KERNEL_DISPATCH",4,2,78,"void tile_fp16_gemm<128, 64, 4, 8, 32>(__half const*, __half const*, float*, float*, int, int, long)",139,22429563808141,22429565120915,0,25088,256,1,1,23040,1,4
"KERNEL_DISPATCH",4,2,79,"tile_fp16_reduce(float const*, float*, int, int)",140,22429565120915,22429565198842,0,0,256,1,1,184320,1,1
"KERNEL_DISPATCH",4,2,26,"void dequantize_block_iq3_s<__half>(void const*, __half*)",141,22429565224620,22429565670706,0,0,32,1,1,3686400,1,1
"KERNEL_DISPATCH",4,2,40,"void convert_unary<float, __half>(void const*, __half*, long, long, long, HIP_vector_type<unsigned int, 3u>, long, long, long)",142,22429565670706,22429565690706,0,0,256,1,1,655360,1,1
"KERNEL_DISPATCH",4,2,78,"void tile_fp16_gemm<128, 64, 4, 8, 32>(__half const*, __half const*, float*, float*, int, int, long)",143,22429565690706,22429566861995,0,25088,256,1,1,23040,1,4
"KERNEL_DISPATCH",4,2,79,"tile_fp16_reduce(float const*, float*, int, int)",144,22429566861995,22429566914737,0,0,256,1,1,184320,1,1
"KERNEL_DISPATCH",4,2,26,"void dequantize_block_iq3_s<__half>(void const*, __half*)",145,22429566951923,22429567362600,0,0,32,1,1,3686400,1,1
"KERNEL_DISPATCH",4,2,40,"void convert_unary<float, __half>(void const*, __half*, long, long, long, HIP_vector_type<unsigned int, 3u>, long, long, long)",146,22429567362600,22429567382749,0,0,256,1,1,655360,1,1
"KERNEL_DISPATCH",4,2,78,"void tile_fp16_gemm<128, 64, 4, 8, 32>(__half const*, __half const*, float*, float*, int, int, long)",147,22429567382749,22429568539815,0,25088,256,1,1,23040,1,4
"KERNEL_DISPATCH",4,2,79,"tile_fp16_reduce(float const*, float*, int, int)",148,22429568539815,22429568593298,0,0,256,1,1,184320,1,1
"KERNEL_DISPATCH",4,2,26,"void dequantize_block_iq3_s<__half>(void const*, __half*)",149,22429568616113,22429569025605,0,0,32,1,1,3686400,1,1
"KERNEL_DISPATCH",4,2,40,"void convert_unary<float, __half>(void const*, __half*, long, long, long, HIP_vector_type<unsigned int, 3u>, long, long, long)",150,22429569025605,22429569045902,0,0,256,1,1,655360,1,1
"KERNEL_DISPATCH",4,2,78,"void tile_fp16_gemm<128, 64, 4, 8, 32>(__half const*, __half const*, float*, float*, int, int, long)",151,22429569045902,22429570152596,0,25088,256,1,1,23040,1,4
"KERNEL_DISPATCH",4,2,79,"tile_fp16_reduce(float const*, float*, int, int)",152,22429570152596,22429570199116,0,0,256,1,1,184320,1,1
"KERNEL_DISPATCH",4,2,26,"void dequantize_block_iq3_s<__half>(void const*, __half*)",153,22429570220005,22429570587570,0,0,32,1,1,3686400,1,1
"KERNEL_DISPATCH",4,2,40,"void convert_unary<float, __half>(void const*, __half*, long, long, long, HIP_vector_type<unsigned int, 3u>, long, long, long)",154,22429570587570,22429570605793,0,0,256,1,1,655360,1,1
"KERNEL_DISPATCH",4,2,78,"void tile_fp16_gemm<128, 64, 4, 8, 32>(__half const*, __half const*, float*, float*, int, int, long)",155,22429570605793,22429571771451,0,25088,256,1,1,23040,1,4
"KERNEL_DISPATCH",4,2,79,"tile_fp16_reduce(float const*, float*, int, int)",156,22429571771451,22429571821675,0,0,256,1,1,184320,1,1
"KERNEL_DISPATCH",4,2,26,"void dequantize_block_iq3_s<__half>(void const*, __half*)",157,22429571843305,22429572252945,0,0,32,1,1,3686400,1,1
"KERNEL_DISPATCH",4,2,40,"void convert_unary<float, __half>(void const*, __half*, long, long, long, HIP_vector_type<unsigned int, 3u>, long, long, long)",158,22429572252945,22429572272946,0,0,256,1,1,655360,1,1
"KERNEL_DISPATCH",4,2,78,"void tile_fp16_gemm<128, 64, 4, 8, 32>(__half const*, __half const*, float*, float*, int, int, long)",159,22429572272946,22429573443197,0,25088,256,1,1,23040,1,4
"KERNEL_DISPATCH",4,2,79,"tile_fp16_reduce(float const*, float*, int, int)",160,22429573443197,22429573564682,0,0,256,1,1,184320,1,1
"KERNEL_DISPATCH",4,2,26,"void dequantize_block_iq3_s<__half>(void const*, __half*)",161,22429573591349,22429574061731,0,0,32,1,1,3686400,1,1
"KERNEL_DISPATCH",4,2,40,"void convert_unary<float, __half>(void const*, __half*, long, long, long, HIP_vector_type<unsigned int, 3u>, long, long, long)",162,22429574061731,22429574090621,0,0,256,1,1,655360,1,1
"KERNEL_DISPATCH",4,2,78,"void tile_fp16_gemm<128, 64, 4, 8, 32>(__half const*, __half const*, float*, float*, int, int, long)",163,22429574090621,22429575321911,0,25088,256,1,1,23040,1,4
"KERNEL_DISPATCH",4,2,79,"tile_fp16_reduce(float const*, float*, int, int)",164,22429575321911,22429575374801,0,0,256,1,1,184320,1,1
"KERNEL_DISPATCH",4,2,26,"void dequantize_block_iq3_s<__half>(void const*, __half*)",165,22429575406950,22429575883110,0,0,32,1,1,3686400,1,1
"KERNEL_DISPATCH",4,2,40,"void convert_unary<float, __half>(void const*, __half*, long, long, long, HIP_vector_type<unsigned int, 3u>, long, long, long)",166,22429575883110,22429575911259,0,0,256,1,1,655360,1,1
"KERNEL_DISPATCH",4,2,78,"void tile_fp16_gemm<128, 64, 4, 8, 32>(__half const*, __half const*, float*, float*, int, int, long)",167,22429575911259,22429577178846,0,25088,256,1,1,23040,1,4
"KERNEL_DISPATCH",4,2,79,"tile_fp16_reduce(float const*, float*, int, int)",168,22429577178846,22429577231589,0,0,256,1,1,184320,1,1
"KERNEL_DISPATCH",4,2,26,"void dequantize_block_iq3_s<__half>(void const*, __half*)",169,22429577253367,22429577642710,0,0,32,1,1,3686400,1,1
"KERNEL_DISPATCH",4,2,40,"void convert_unary<float, __half>(void const*, __half*, long, long, long, HIP_vector_type<unsigned int, 3u>, long, long, long)",170,22429577642710,22429577661081,0,0,256,1,1,655360,1,1
"KERNEL_DISPATCH",4,2,78,"void tile_fp16_gemm<128, 64, 4, 8, 32>(__half const*, __half const*, float*, float*, int, int, long)",171,22429577661081,22429578796072,0,25088,256,1,1,23040,1,4
"KERNEL_DISPATCH",4,2,79,"tile_fp16_reduce(float const*, float*, int, int)",172,22429578796072,22429578847333,0,0,256,1,1,184320,1,1
"KERNEL_DISPATCH",4,2,26,"void dequantize_block_iq3_s<__half>(void const*, __half*)",173,22429578869407,22429579279196,0,0,32,1,1,3686400,1,1
"KERNEL_DISPATCH",4,2,40,"void convert_unary<float, __half>(void const*, __half*, long, long, long, HIP_vector_type<unsigned int, 3u>, long, long, long)",174,22429579279196,22429579299344,0,0,256,1,1,655360,1,1
"KERNEL_DISPATCH",4,2,78,"void tile_fp16_gemm<128, 64, 4, 8, 32>(__half const*, __half const*, float*, float*, int, int, long)",175,22429579299344,22429580490633,0,25088,256,1,1,23040,1,4
"KERNEL_DISPATCH",4,2,79,"tile_fp16_reduce(float const*, float*, int, int)",176,22429580490633,22429580568117,0,0,256,1,1,184320,1,1
"KERNEL_DISPATCH",4,2,26,"void dequantize_block_iq3_s<__half>(void const*, __half*)",177,22429580594043,22429581064426,0,0,32,1,1,3686400,1,1
"KERNEL_DISPATCH",4,2,40,"void convert_unary<float, __half>(void const*, __half*, long, long, long, HIP_vector_type<unsigned int, 3u>, long, long, long)",178,22429581064426,22429581091982,0,0,256,1,1,655360,1,1
"KERNEL_DISPATCH",4,2,78,"void tile_fp16_gemm<128, 64, 4, 8, 32>(__half const*, __half const*, float*, float*, int, int, long)",179,22429581091982,22429582311716,0,25088,256,1,1,23040,1,4
"KERNEL_DISPATCH",4,2,79,"tile_fp16_reduce(float const*, float*, int, int)",180,22429582311716,22429582365199,0,0,256,1,1,184320,1,1
"KERNEL_DISPATCH",4,2,26,"void dequantize_block_iq3_s<__half>(void const*, __half*)",181,22429582389644,22429582866693,0,0,32,1,1,3686400,1,1
"KERNEL_DISPATCH",4,2,40,"void convert_unary<float, __half>(void const*, __half*, long, long, long, HIP_vector_type<unsigned int, 3u>, long, long, long)",182,22429582866693,22429582895434,0,0,256,1,1,655360,1,1
"KERNEL_DISPATCH",4,2,78,"void tile_fp16_gemm<128, 64, 4, 8, 32>(__half const*, __half const*, float*, float*, int, int, long)",183,22429582895434,22429584166726,0,25088,256,1,1,23040,1,4
"KERNEL_DISPATCH",4,2,79,"tile_fp16_reduce(float const*, float*, int, int)",184,22429584166726,22429584220357,0,0,256,1,1,184320,1,1
"KERNEL_DISPATCH",4,2,26,"void dequantize_block_iq3_s<__half>(void const*, __half*)",185,22429584243172,22429584634589,0,0,32,1,1,3686400,1,1
"KERNEL_DISPATCH",4,2,40,"void convert_unary<float, __half>(void const*, __half*, long, long, long, HIP_vector_type<unsigned int, 3u>, long, long, long)",186,22429584634589,22429584652812,0,0,256,1,1,655360,1,1
"KERNEL_DISPATCH",4,2,78,"void tile_fp16_gemm<128, 64, 4, 8, 32>(__half const*, __half const*, float*, float*, int, int, long)",187,22429584652812,22429585759210,0,25088,256,1,1,23040,1,4
"KERNEL_DISPATCH",4,2,79,"tile_fp16_reduce(float const*, float*, int, int)",188,22429585759210,22429585811211,0,0,256,1,1,184320,1,1
"KERNEL_DISPATCH",4,2,26,"void dequantize_block_iq3_s<__half>(void const*, __half*)",189,22429585834027,22429586243222,0,0,32,1,1,3686400,1,1
"KERNEL_DISPATCH",4,2,40,"void convert_unary<float, __half>(void const*, __half*, long, long, long, HIP_vector_type<unsigned int, 3u>, long, long, long)",190,22429586243222,22429586263519,0,0,256,1,1,655360,1,1
"KERNEL_DISPATCH",4,2,78,"void tile_fp16_gemm<128, 64, 4, 8, 32>(__half const*, __half const*, float*, float*, int, int, long)",191,22429586263519,22429587461031,0,25088,256,1,1,23040,1,4
"KERNEL_DISPATCH",4,2,79,"tile_fp16_reduce(float const*, float*, int, int)",192,22429587461031,22429587538366,0,0,256,1,1,184320,1,1
"KERNEL_DISPATCH",4,2,26,"void dequantize_block_iq3_s<__half>(void const*, __half*)",193,22429587564589,22429588034823,0,0,32,1,1,3686400,1,1
"KERNEL_DISPATCH",4,2,40,"void convert_unary<float, __half>(void const*, __half*, long, long, long, HIP_vector_type<unsigned int, 3u>, long, long, long)",194,22429588034823,22429588062675,0,0,256,1,1,655360,1,1
"KERNEL_DISPATCH",4,2,78,"void tile_fp16_gemm<128, 64, 4, 8, 32>(__half const*, __half const*, float*, float*, int, int, long)",195,22429588062675,22429589289521,0,25088,256,1,1,23040,1,4
"KERNEL_DISPATCH",4,2,79,"tile_fp16_reduce(float const*, float*, int, int)",196,22429589289521,22429589342411,0,0,256,1,1,184320,1,1
"KERNEL_DISPATCH",4,2,26,"void dequantize_block_iq3_s<__half>(void const*, __half*)",197,22429589365375,22429589844202,0,0,32,1,1,3686400,1,1
"KERNEL_DISPATCH",4,2,40,"void convert_unary<float, __half>(void const*, __half*, long, long, long, HIP_vector_type<unsigned int, 3u>, long, long, long)",198,22429589844202,22429589872795,0,0,256,1,1,655360,1,1
"KERNEL_DISPATCH",4,2,78,"void tile_fp16_gemm<128, 64, 4, 8, 32>(__half const*, __half const*, float*, float*, int, int, long)",199,22429589872795,22429591140679,0,25088,256,1,1,23040,1,4
"KERNEL_DISPATCH",4,2,79,"tile_fp16_reduce(float const*, float*, int, int)",200,22429591140679,22429591194161,0,0,256,1,1,184320,1,1
"KERNEL_DISPATCH",4,2,26,"void dequantize_block_iq3_s<__half>(void const*, __half*)",201,22429591217866,22429591610468,0,0,32,1,1,3686400,1,1
"KERNEL_DISPATCH",4,2,40,"void convert_unary<float, __half>(void const*, __half*, long, long, long, HIP_vector_type<unsigned int, 3u>, long, long, long)",202,22429591610468,22429591628691,0,0,256,1,1,655360,1,1
"KERNEL_DISPATCH",4,2,78,"void tile_fp16_gemm<128, 64, 4, 8, 32>(__half const*, __half const*, float*, float*, int, int, long)",203,22429591628691,22429592743089,0,25088,256,1,1,23040,1,4
"KERNEL_DISPATCH",4,2,79,"tile_fp16_reduce(float const*, float*, int, int)",204,22429592743089,22429592795387,0,0,256,1,1,184320,1,1
"KERNEL_DISPATCH",4,2,26,"void dequantize_block_iq3_s<__half>(void const*, __half*)",205,22429592819535,22429593229768,0,0,32,1,1,3686400,1,1
"KERNEL_DISPATCH",4,2,40,"void convert_unary<float, __half>(void const*, __half*, long, long, long, HIP_vector_type<unsigned int, 3u>, long, long, long)",206,22429593229768,22429593249917,0,0,256,1,1,655360,1,1
"KERNEL_DISPATCH",4,2,78,"void tile_fp16_gemm<128, 64, 4, 8, 32>(__half const*, __half const*, float*, float*, int, int, long)",207,22429593249917,22429594417057,0,25088,256,1,1,23040,1,4
"KERNEL_DISPATCH",4,2,79,"tile_fp16_reduce(float const*, float*, int, int)",208,22429594417057,22429594500763,0,0,256,1,1,184320,1,1
"KERNEL_DISPATCH",4,2,26,"void dequantize_block_iq3_s<__half>(void const*, __half*)",209,22429594541505,22429595012035,0,0,32,1,1,3686400,1,1
"KERNEL_DISPATCH",4,2,40,"void convert_unary<float, __half>(void const*, __half*, long, long, long, HIP_vector_type<unsigned int, 3u>, long, long, long)",210,22429595012035,22429595040480,0,0,256,1,1,655360,1,1
"KERNEL_DISPATCH",4,2,78,"void tile_fp16_gemm<128, 64, 4, 8, 32>(__half const*, __half const*, float*, float*, int, int, long)",211,22429595040480,22429596306882,0,25088,256,1,1,23040,1,4
"KERNEL_DISPATCH",4,2,79,"tile_fp16_reduce(float const*, float*, int, int)",212,22429596306882,22429596360513,0,0,256,1,1,184320,1,1
"KERNEL_DISPATCH",4,2,26,"void dequantize_block_iq3_s<__half>(void const*, __half*)",213,22429596384514,22429596862007,0,0,32,1,1,3686400,1,1
"KERNEL_DISPATCH",4,2,40,"void convert_unary<float, __half>(void const*, __half*, long, long, long, HIP_vector_type<unsigned int, 3u>, long, long, long)",214,22429596862007,22429596889860,0,0,256,1,1,655360,1,1
"KERNEL_DISPATCH",4,2,78,"void tile_fp16_gemm<128, 64, 4, 8, 32>(__half const*, __half const*, float*, float*, int, int, long)",215,22429596889860,22429598163522,0,25088,256,1,1,23040,1,4
"KERNEL_DISPATCH",4,2,79,"tile_fp16_reduce(float const*, float*, int, int)",216,22429598163522,22429598216412,0,0,256,1,1,184320,1,1
"KERNEL_DISPATCH",4,2,26,"void dequantize_block_iq3_s<__half>(void const*, __half*)",217,22429598238338,22429598630348,0,0,32,1,1,3686400,1,1
"KERNEL_DISPATCH",4,2,40,"void convert_unary<float, __half>(void const*, __half*, long, long, long, HIP_vector_type<unsigned int, 3u>, long, long, long)",218,22429598630348,22429598648867,0,0,256,1,1,655360,1,1
"KERNEL_DISPATCH",4,2,78,"void tile_fp16_gemm<128, 64, 4, 8, 32>(__half const*, __half const*, float*, float*, int, int, long)",219,22429598648867,22429599746228,0,25088,256,1,1,23040,1,4
"KERNEL_DISPATCH",4,2,79,"tile_fp16_reduce(float const*, float*, int, int)",220,22429599746228,22429599798822,0,0,256,1,1,184320,1,1
"KERNEL_DISPATCH",4,2,26,"void dequantize_block_iq3_s<__half>(void const*, __half*)",221,22429599820896,22429600231129,0,0,32,1,1,3686400,1,1
"KERNEL_DISPATCH",4,2,40,"void convert_unary<float, __half>(void const*, __half*, long, long, long, HIP_vector_type<unsigned int, 3u>, long, long, long)",222,22429600231129,22429600251278,0,0,256,1,1,655360,1,1
"KERNEL_DISPATCH",4,2,78,"void tile_fp16_gemm<128, 64, 4, 8, 32>(__half const*, __half const*, float*, float*, int, int, long)",223,22429600251278,22429601493235,0,25088,256,1,1,23040,1,4
"KERNEL_DISPATCH",4,2,79,"tile_fp16_reduce(float const*, float*, int, int)",224,22429601493235,22429601609534,0,0,256,1,1,184320,1,1
"KERNEL_DISPATCH",4,2,26,"void dequantize_block_iq3_s<__half>(void const*, __half*)",225,22429601636349,22429602107176,0,0,32,1,1,3686400,1,1
"KERNEL_DISPATCH",4,2,40,"void convert_unary<float, __half>(void const*, __half*, long, long, long, HIP_vector_type<unsigned int, 3u>, long, long, long)",226,22429602107176,22429602134732,0,0,256,1,1,655360,1,1
"KERNEL_DISPATCH",4,2,78,"void tile_fp16_gemm<128, 64, 4, 8, 32>(__half const*, __half const*, float*, float*, int, int, long)",227,22429602134732,22429603355207,0,25088,256,1,1,23040,1,4
"KERNEL_DISPATCH",4,2,79,"tile_fp16_reduce(float const*, float*, int, int)",228,22429603355207,22429603407801,0,0,256,1,1,184320,1,1
"KERNEL_DISPATCH",4,2,26,"void dequantize_block_iq3_s<__half>(void const*, __half*)",229,22429603438172,22429603908258,0,0,32,1,1,3686400,1,1
"KERNEL_DISPATCH",4,2,40,"void convert_unary<float, __half>(void const*, __half*, long, long, long, HIP_vector_type<unsigned int, 3u>, long, long, long)",230,22429603908258,22429603936259,0,0,256,1,1,655360,1,1
"KERNEL_DISPATCH",4,2,78,"void tile_fp16_gemm<128, 64, 4, 8, 32>(__half const*, __half const*, float*, float*, int, int, long)",231,22429603936259,22429605190365,0,25088,256,1,1,23040,1,4
"KERNEL_DISPATCH",4,2,79,"tile_fp16_reduce(float const*, float*, int, int)",232,22429605190365,22429605243255,0,0,256,1,1,184320,1,1
"KERNEL_DISPATCH",4,2,26,"void dequantize_block_iq3_s<__half>(void const*, __half*)",233,22429605274070,22429605661339,0,0,32,1,1,3686400,1,1
"KERNEL_DISPATCH",4,2,40,"void convert_unary<float, __half>(void const*, __half*, long, long, long, HIP_vector_type<unsigned int, 3u>, long, long, long)",234,22429605661339,22429605679710,0,0,256,1,1,655360,1,1
"KERNEL_DISPATCH",4,2,78,"void tile_fp16_gemm<128, 64, 4, 8, 32>(__half const*, __half const*, float*, float*, int, int, long)",235,22429605679710,22429606774256,0,25088,256,1,1,23040,1,4
"KERNEL_DISPATCH",4,2,79,"tile_fp16_reduce(float const*, float*, int, int)",236,22429606774256,22429606825813,0,0,256,1,1,184320,1,1
"KERNEL_DISPATCH",4,2,26,"void dequantize_block_iq3_s<__half>(void const*, __half*)",237,22429606848184,22429607257972,0,0,32,1,1,3686400,1,1
"KERNEL_DISPATCH",4,2,40,"void convert_unary<float, __half>(void const*, __half*, long, long, long, HIP_vector_type<unsigned int, 3u>, long, long, long)",238,22429607257972,22429607277824,0,0,256,1,1,655360,1,1
"KERNEL_DISPATCH",4,2,78,"void tile_fp16_gemm<128, 64, 4, 8, 32>(__half const*, __half const*, float*, float*, int, int, long)",239,22429607277824,22429608479632,0,25088,256,1,1,23040,1,4
"KERNEL_DISPATCH",4,2,79,"tile_fp16_reduce(float const*, float*, int, int)",240,22429608479632,22429608555486,0,0,256,1,1,184320,1,1
"KERNEL_DISPATCH",4,2,26,"void dequantize_block_iq3_s<__half>(void const*, __half*)",241,22429608581116,22429609051350,0,0,32,1,1,3686400,1,1
"KERNEL_DISPATCH",4,2,40,"void convert_unary<float, __half>(void const*, __half*, long, long, long, HIP_vector_type<unsigned int, 3u>, long, long, long)",242,22429609051350,22429609079499,0,0,256,1,1,655360,1,1
"KERNEL_DISPATCH",4,2,78,"void tile_fp16_gemm<128, 64, 4, 8, 32>(__half const*, __half const*, float*, float*, int, int, long)",243,22429609079499,22429610300123,0,25088,256,1,1,23040,1,4
"KERNEL_DISPATCH",4,2,79,"tile_fp16_reduce(float const*, float*, int, int)",244,22429610300123,22429610353161,0,0,256,1,1,184320,1,1
"KERNEL_DISPATCH",4,2,26,"void dequantize_block_iq3_s<__half>(void const*, __half*)",245,22429610376717,22429610854062,0,0,32,1,1,3686400,1,1
"KERNEL_DISPATCH",4,2,40,"void convert_unary<float, __half>(void const*, __half*, long, long, long, HIP_vector_type<unsigned int, 3u>, long, long, long)",246,22429610854062,22429610881174,0,0,256,1,1,655360,1,1
"KERNEL_DISPATCH",4,2,78,"void tile_fp16_gemm<128, 64, 4, 8, 32>(__half const*, __half const*, float*, float*, int, int, long)",247,22429610881174,22429612132020,0,25088,256,1,1,23040,1,4
"KERNEL_DISPATCH",4,2,79,"tile_fp16_reduce(float const*, float*, int, int)",248,22429612132020,22429612184318,0,0,256,1,1,184320,1,1
"KERNEL_DISPATCH",4,2,26,"void dequantize_block_iq3_s<__half>(void const*, __half*)",249,22429612207726,22429612601810,0,0,32,1,1,3686400,1,1
"KERNEL_DISPATCH",4,2,40,"void convert_unary<float, __half>(void const*, __half*, long, long, long, HIP_vector_type<unsigned int, 3u>, long, long, long)",250,22429612601810,22429612620329,0,0,256,1,1,655360,1,1
"KERNEL_DISPATCH",4,2,78,"void tile_fp16_gemm<128, 64, 4, 8, 32>(__half const*, __half const*, float*, float*, int, int, long)",251,22429612620329,22429613750431,0,25088,256,1,1,23040,1,4
"KERNEL_DISPATCH",4,2,79,"tile_fp16_reduce(float const*, float*, int, int)",252,22429613750431,22429613802433,0,0,256,1,1,184320,1,1
"KERNEL_DISPATCH",4,2,26,"void dequantize_block_iq3_s<__half>(void const*, __half*)",253,22436288172019,22436289021078,0,0,32,1,1,3686400,1,1
"KERNEL_DISPATCH",4,2,40,"void convert_unary<float, __half>(void const*, __half*, long, long, long, HIP_vector_type<unsigned int, 3u>, long, long, long)",254,22436289021078,22436289097375,0,0,256,1,1,655360,1,1
"KERNEL_DISPATCH",4,2,78,"void tile_fp16_gemm<128, 64, 4, 8, 32>(__half const*, __half const*, float*, float*, int, int, long)",255,22436289097375,22436290253257,0,25088,256,1,1,23040,1,4
"KERNEL_DISPATCH",4,2,79,"tile_fp16_reduce(float const*, float*, int, int)",256,22436290253257,22436290339630,0,0,256,1,1,184320,1,1
"KERNEL_DISPATCH",4,2,26,"void dequantize_block_iq3_s<__half>(void const*, __half*)",257,22436290710158,22436291055352,0,0,32,1,1,3686400,1,1
"KERNEL_DISPATCH",4,2,40,"void convert_unary<float, __half>(void const*, __half*, long, long, long, HIP_vector_type<unsigned int, 3u>, long, long, long)",258,22436291055352,22436291073426,0,0,256,1,1,655360,1,1
"KERNEL_DISPATCH",4,2,79,"tile_fp16_reduce(float const*, float*, int, int)",260,22436292189900,22436292236123,0,0,256,1,1,184320,1,1
"KERNEL_DISPATCH",4,2,78,"void tile_fp16_gemm<128, 64, 4, 8, 32>(__half const*, __half const*, float*, float*, int, int, long)",259,22436291073426,22436292189900,0,25088,256,1,1,23040,1,4
"KERNEL_DISPATCH",4,2,26,"void dequantize_block_iq3_s<__half>(void const*, __half*)",261,22436292257457,22436292602947,0,0,32,1,1,3686400,1,1
"KERNEL_DISPATCH",4,2,40,"void convert_unary<float, __half>(void const*, __half*, long, long, long, HIP_vector_type<unsigned int, 3u>, long, long, long)",262,22436292602947,22436292620874,0,0,256,1,1,655360,1,1
"KERNEL_DISPATCH",4,2,79,"tile_fp16_reduce(float const*, float*, int, int)",264,22436293677345,22436293724309,0,0,256,1,1,184320,1,1
"KERNEL_DISPATCH",4,2,78,"void tile_fp16_gemm<128, 64, 4, 8, 32>(__half const*, __half const*, float*, float*, int, int, long)",263,22436292620874,22436293677345,0,25088,256,1,1,23040,1,4
"KERNEL_DISPATCH",4,2,26,"void dequantize_block_iq3_s<__half>(void const*, __half*)",265,22436293745347,22436294158543,0,0,32,1,1,3686400,1,1
"KERNEL_DISPATCH",4,2,40,"void convert_unary<float, __half>(void const*, __half*, long, long, long, HIP_vector_type<unsigned int, 3u>, long, long, long)",266,22436294158543,22436294179284,0,0,256,1,1,655360,1,1
"KERNEL_DISPATCH",4,2,78,"void tile_fp16_gemm<128, 64, 4, 8, 32>(__half const*, __half const*, float*, float*, int, int, long)",267,22436294179284,22436295471910,0,25088,256,1,1,23040,1,4
"KERNEL_DISPATCH",4,2,79,"tile_fp16_reduce(float const*, float*, int, int)",268,22436295471910,22436295548653,0,0,256,1,1,184320,1,1
"KERNEL_DISPATCH",4,2,26,"void dequantize_block_iq3_s<__half>(void const*, __half*)",269,22436295574579,22436296030591,0,0,32,1,1,3686400,1,1
"KERNEL_DISPATCH",4,2,40,"void convert_unary<float, __half>(void const*, __half*, long, long, long, HIP_vector_type<unsigned int, 3u>, long, long, long)",270,22436296030591,22436296050888,0,0,256,1,1,655360,1,1
"KERNEL_DISPATCH",4,2,78,"void tile_fp16_gemm<128, 64, 4, 8, 32>(__half const*, __half const*, float*, float*, int, int, long)",271,22436296050888,22436297217881,0,25088,256,1,1,23040,1,4
"KERNEL_DISPATCH",4,2,79,"tile_fp16_reduce(float const*, float*, int, int)",272,22436297217881,22436297270327,0,0,256,1,1,184320,1,1
"KERNEL_DISPATCH",4,2,26,"void dequantize_block_iq3_s<__half>(void const*, __half*)",273,22436297294031,22436297703523,0,0,32,1,1,3686400,1,1
"KERNEL_DISPATCH",4,2,40,"void convert_unary<float, __half>(void const*, __half*, long, long, long, HIP_vector_type<unsigned int, 3u>, long, long, long)",274,22436297703523,22436297723820,0,0,256,1,1,655360,1,1
"KERNEL_DISPATCH",4,2,78,"void tile_fp16_gemm<128, 64, 4, 8, 32>(__half const*, __half const*, float*, float*, int, int, long)",275,22436297723820,22436298836590,0,25088,256,1,1,23040,1,4
"KERNEL_DISPATCH",4,2,79,"tile_fp16_reduce(float const*, float*, int, int)",276,22436298836590,22436298899554,0,0,256,1,1,184320,1,1
"KERNEL_DISPATCH",4,2,26,"void dequantize_block_iq3_s<__half>(void const*, __half*)",277,22436298922221,22436299332306,0,0,32,1,1,3686400,1,1
"KERNEL_DISPATCH",4,2,40,"void convert_unary<float, __half>(void const*, __half*, long, long, long, HIP_vector_type<unsigned int, 3u>, long, long, long)",278,22436299332306,22436299352307,0,0,256,1,1,655360,1,1
"KERNEL_DISPATCH",4,2,78,"void tile_fp16_gemm<128, 64, 4, 8, 32>(__half const*, __half const*, float*, float*, int, int, long)",279,22436299352307,22436300539596,0,25088,256,1,1,23040,1,4
"KERNEL_DISPATCH",4,2,79,"tile_fp16_reduce(float const*, float*, int, int)",280,22436300539596,22436300591894,0,0,256,1,1,184320,1,1
"KERNEL_DISPATCH",4,2,26,"void dequantize_block_iq3_s<__half>(void const*, __half*)",281,22436300615006,22436301010868,0,0,32,1,1,3686400,1,1
"KERNEL_DISPATCH",4,2,40,"void convert_unary<float, __half>(void const*, __half*, long, long, long, HIP_vector_type<unsigned int, 3u>, long, long, long)",282,22436301010868,22436301029535,0,0,256,1,1,655360,1,1
"KERNEL_DISPATCH",4,2,78,"void tile_fp16_gemm<128, 64, 4, 8, 32>(__half const*, __half const*, float*, float*, int, int, long)",283,22436301029535,22436302116082,0,25088,256,1,1,23040,1,4
"KERNEL_DISPATCH",4,2,79,"tile_fp16_reduce(float const*, float*, int, int)",284,22436302116082,22436302168379,0,0,256,1,1,184320,1,1
"KERNEL_DISPATCH",4,2,26,"void dequantize_block_iq3_s<__half>(void const*, __half*)",285,22436302191343,22436302600687,0,0,32,1,1,3686400,1,1
"KERNEL_DISPATCH",4,2,40,"void convert_unary<float, __half>(void const*, __half*, long, long, long, HIP_vector_type<unsigned int, 3u>, long, long, long)",286,22436302600687,22436302621132,0,0,256,1,1,655360,1,1
"KERNEL_DISPATCH",4,2,78,"void tile_fp16_gemm<128, 64, 4, 8, 32>(__half const*, __half const*, float*, float*, int, int, long)",287,22436302621132,22436303810644,0,25088,256,1,1,23040,1,4
"KERNEL_DISPATCH",4,2,79,"tile_fp16_reduce(float const*, float*, int, int)",288,22436303810644,22436303885757,0,0,256,1,1,184320,1,1
"KERNEL_DISPATCH",4,2,26,"void dequantize_block_iq3_s<__half>(void const*, __half*)",289,22436303915387,22436304386362,0,0,32,1,1,3686400,1,1
"KERNEL_DISPATCH",4,2,40,"void convert_unary<float, __half>(void const*, __half*, long, long, long, HIP_vector_type<unsigned int, 3u>, long, long, long)",290,22436304386362,22436304414808,0,0,256,1,1,655360,1,1
"KERNEL_DISPATCH",4,2,78,"void tile_fp16_gemm<128, 64, 4, 8, 32>(__half const*, __half const*, float*, float*, int, int, long)",291,22436304414808,22436305658840,0,25088,256,1,1,23040,1,4
"KERNEL_DISPATCH",4,2,79,"tile_fp16_reduce(float const*, float*, int, int)",292,22436305658840,22436305712174,0,0,256,1,1,184320,1,1
"KERNEL_DISPATCH",4,2,26,"void dequantize_block_iq3_s<__half>(void const*, __half*)",293,22436305744916,22436306154556,0,0,32,1,1,3686400,1,1
"KERNEL_DISPATCH",4,2,40,"void convert_unary<float, __half>(void const*, __half*, long, long, long, HIP_vector_type<unsigned int, 3u>, long, long, long)",294,22436306154556,22436306174853,0,0,256,1,1,655360,1,1
"KERNEL_DISPATCH",4,2,79,"tile_fp16_reduce(float const*, float*, int, int)",296,22436307332068,22436307384514,0,0,256,1,1,184320,1,1
"KERNEL_DISPATCH",4,2,78,"void tile_fp16_gemm<128, 64, 4, 8, 32>(__half const*, __half const*, float*, float*, int, int, long)",295,22436306174853,22436307332068,0,25088,256,1,1,23040,1,4
"KERNEL_DISPATCH",4,2,26,"void dequantize_block_iq3_s<__half>(void const*, __half*)",297,22436307408959,22436307819192,0,0,32,1,1,3686400,1,1
"KERNEL_DISPATCH",4,2,40,"void convert_unary<float, __half>(void const*, __half*, long, long, long, HIP_vector_type<unsigned int, 3u>, long, long, long)",298,22436307819192,22436307838452,0,0,256,1,1,655360,1,1
"KERNEL_DISPATCH",4,2,78,"void tile_fp16_gemm<128, 64, 4, 8, 32>(__half const*, __half const*, float*, float*, int, int, long)",299,22436307838452,22436309007371,0,25088,256,1,1,23040,1,4
"KERNEL_DISPATCH",4,2,79,"tile_fp16_reduce(float const*, float*, int, int)",300,22436309007371,22436309059668,0,0,256,1,1,184320,1,1
"KERNEL_DISPATCH",4,2,26,"void dequantize_block_iq3_s<__half>(void const*, __half*)",301,22436309082335,22436309492568,0,0,32,1,1,3686400,1,1
"KERNEL_DISPATCH",4,2,40,"void convert_unary<float, __half>(void const*, __half*, long, long, long, HIP_vector_type<unsigned int, 3u>, long, long, long)",302,22436309492568,22436309512421,0,0,256,1,1,655360,1,1
"KERNEL_DISPATCH",4,2,79,"tile_fp16_reduce(float const*, float*, int, int)",304,22436310661636,22436310714229,0,0,256,1,1,184320,1,1
"KERNEL_DISPATCH",4,2,78,"void tile_fp16_gemm<128, 64, 4, 8, 32>(__half const*, __half const*, float*, float*, int, int, long)",303,22436309512421,22436310661636,0,25088,256,1,1,23040,1,4
"KERNEL_DISPATCH",4,2,26,"void dequantize_block_iq3_s<__half>(void const*, __half*)",305,22436310736749,22436311146537,0,0,32,1,1,3686400,1,1
"KERNEL_DISPATCH",4,2,40,"void convert_unary<float, __half>(void const*, __half*, long, long, long, HIP_vector_type<unsigned int, 3u>, long, long, long)",306,22436311146537,22436311166834,0,0,256,1,1,655360,1,1
"KERNEL_DISPATCH",4,2,78,"void tile_fp16_gemm<128, 64, 4, 8, 32>(__half const*, __half const*, float*, float*, int, int, long)",307,22436311166834,22436312351457,0,25088,256,1,1,23040,1,4
"KERNEL_DISPATCH",4,2,79,"tile_fp16_reduce(float const*, float*, int, int)",308,22436312351457,22436312404199,0,0,256,1,1,184320,1,1
"KERNEL_DISPATCH",4,2,26,"void dequantize_block_iq3_s<__half>(void const*, __half*)",309,22436312427459,22436312835025,0,0,32,1,1,3686400,1,1
"KERNEL_DISPATCH",4,2,40,"void convert_unary<float, __half>(void const*, __half*, long, long, long, HIP_vector_type<unsigned int, 3u>, long, long, long)",310,22436312835025,22436312854285,0,0,256,1,1,655360,1,1
"KERNEL_DISPATCH",4,2,78,"void tile_fp16_gemm<128, 64, 4, 8, 32>(__half const*, __half const*, float*, float*, int, int, long)",311,22436312854285,22436313969721,0,25088,256,1,1,23040,1,4
"KERNEL_DISPATCH",4,2,79,"tile_fp16_reduce(float const*, float*, int, int)",312,22436313969721,22436314021870,0,0,256,1,1,184320,1,1
"KERNEL_DISPATCH",4,2,26,"void dequantize_block_iq3_s<__half>(void const*, __half*)",313,22436314044241,22436314454178,0,0,32,1,1,3686400,1,1
"KERNEL_DISPATCH",4,2,40,"void convert_unary<float, __half>(void const*, __half*, long, long, long, HIP_vector_type<unsigned int, 3u>, long, long, long)",314,22436314454178,22436314474030,0,0,256,1,1,655360,1,1
"KERNEL_DISPATCH",4,2,78,"void tile_fp16_gemm<128, 64, 4, 8, 32>(__half const*, __half const*, float*, float*, int, int, long)",315,22436314474030,22436315639097,0,25088,256,1,1,23040,1,4
"KERNEL_DISPATCH",4,2,79,"tile_fp16_reduce(float const*, float*, int, int)",316,22436315639097,22436315692284,0,0,256,1,1,184320,1,1
"KERNEL_DISPATCH",4,2,26,"void dequantize_block_iq3_s<__half>(void const*, __half*)",317,22436315714803,22436316124147,0,0,32,1,1,3686400,1,1
"KERNEL_DISPATCH",4,2,40,"void convert_unary<float, __half>(void const*, __half*, long, long, long, HIP_vector_type<unsigned int, 3u>, long, long, long)",318,22436316124147,22436316145036,0,0,256,1,1,655360,1,1
"KERNEL_DISPATCH",4,2,78,"void tile_fp16_gemm<128, 64, 4, 8, 32>(__half const*, __half const*, float*, float*, int, int, long)",319,22436316145036,22436317328030,0,25088,256,1,1,23040,1,4
"KERNEL_DISPATCH",4,2,79,"tile_fp16_reduce(float const*, float*, int, int)",320,22436317328030,22436317380327,0,0,256,1,1,184320,1,1
"KERNEL_DISPATCH",4,2,26,"void dequantize_block_iq3_s<__half>(void const*, __half*)",321,22436317402995,22436317812635,0,0,32,1,1,3686400,1,1
"KERNEL_DISPATCH",4,2,40,"void convert_unary<float, __half>(void const*, __half*, long, long, long, HIP_vector_type<unsigned int, 3u>, long, long, long)",322,22436317812635,22436317832191,0,0,256,1,1,655360,1,1
"KERNEL_DISPATCH",4,2,78,"void tile_fp16_gemm<128, 64, 4, 8, 32>(__half const*, __half const*, float*, float*, int, int, long)",323,22436317832191,22436318958887,0,25088,256,1,1,23040,1,4
"KERNEL_DISPATCH",4,2,79,"tile_fp16_reduce(float const*, float*, int, int)",324,22436318958887,22436319010740,0,0,256,1,1,184320,1,1
"KERNEL_DISPATCH",4,2,26,"void dequantize_block_iq3_s<__half>(void const*, __half*)",325,22436319033703,22436319443195,0,0,32,1,1,3686400,1,1
"KERNEL_DISPATCH",4,2,40,"void convert_unary<float, __half>(void const*, __half*, long, long, long, HIP_vector_type<unsigned int, 3u>, long, long, long)",326,22436319443195,22436319464085,0,0,256,1,1,655360,1,1
"KERNEL_DISPATCH",4,2,78,"void tile_fp16_gemm<128, 64, 4, 8, 32>(__half const*, __half const*, float*, float*, int, int, long)",327,22436319464085,22436320632411,0,25088,256,1,1,23040,1,4
"KERNEL_DISPATCH",4,2,79,"tile_fp16_reduce(float const*, float*, int, int)",328,22436320632411,22436320684561,0,0,256,1,1,184320,1,1
"KERNEL_DISPATCH",4,2,26,"void dequantize_block_iq3_s<__half>(void const*, __half*)",329,22436320708265,22436321094942,0,0,32,1,1,3686400,1,1
"KERNEL_DISPATCH",4,2,40,"void convert_unary<float, __half>(void const*, __half*, long, long, long, HIP_vector_type<unsigned int, 3u>, long, long, long)",330,22436321094942,22436321113313,0,0,256,1,1,655360,1,1
"KERNEL_DISPATCH",4,2,78,"void tile_fp16_gemm<128, 64, 4, 8, 32>(__half const*, __half const*, float*, float*, int, int, long)",331,22436321113313,22436322224452,0,25088,256,1,1,23040,1,4
"KERNEL_DISPATCH",4,2,79,"tile_fp16_reduce(float const*, float*, int, int)",332,22436322224452,22436322276454,0,0,256,1,1,184320,1,1
"KERNEL_DISPATCH",4,2,26,"void dequantize_block_iq3_s<__half>(void const*, __half*)",333,22436322298825,22436322708465,0,0,32,1,1,3686400,1,1
"KERNEL_DISPATCH",4,2,40,"void convert_unary<float, __half>(void const*, __half*, long, long, long, HIP_vector_type<unsigned int, 3u>, long, long, long)",334,22436322708465,22436322728465,0,0,256,1,1,655360,1,1
"KERNEL_DISPATCH",4,2,78,"void tile_fp16_gemm<128, 64, 4, 8, 32>(__half const*, __half const*, float*, float*, int, int, long)",335,22436322728465,22436323925089,0,25088,256,1,1,23040,1,4
"KERNEL_DISPATCH",4,2,79,"tile_fp16_reduce(float const*, float*, int, int)",336,22436323925089,22436324003461,0,0,256,1,1,184320,1,1
"KERNEL_DISPATCH",4,2,26,"void dequantize_block_iq3_s<__half>(void const*, __half*)",337,22436324030425,22436324500956,0,0,32,1,1,3686400,1,1
"KERNEL_DISPATCH",4,2,40,"void convert_unary<float, __half>(void const*, __half*, long, long, long, HIP_vector_type<unsigned int, 3u>, long, long, long)",338,22436324500956,22436324528808,0,0,256,1,1,655360,1,1
"KERNEL_DISPATCH",4,2,78,"void tile_fp16_gemm<128, 64, 4, 8, 32>(__half const*, __half const*, float*, float*, int, int, long)",339,22436324528808,22436325770025,0,25088,256,1,1,23040,1,4
"KERNEL_DISPATCH",4,2,79,"tile_fp16_reduce(float const*, float*, int, int)",340,22436325770025,22436325823360,0,0,256,1,1,184320,1,1
"KERNEL_DISPATCH",4,2,26,"void dequantize_block_iq3_s<__half>(void const*, __half*)",341,22436325859657,22436326330929,0,0,32,1,1,3686400,1,1
"KERNEL_DISPATCH",4,2,40,"void convert_unary<float, __half>(void const*, __half*, long, long, long, HIP_vector_type<unsigned int, 3u>, long, long, long)",342,22436326330929,22436326358930,0,0,256,1,1,655360,1,1
"KERNEL_DISPATCH",4,2,78,"void tile_fp16_gemm<128, 64, 4, 8, 32>(__half const*, __half const*, float*, float*, int, int, long)",343,22436326358930,22436327625925,0,25088,256,1,1,23040,1,4
"KERNEL_DISPATCH",4,2,79,"tile_fp16_reduce(float const*, float*, int, int)",344,22436327625925,22436327678964,0,0,256,1,1,184320,1,1
"KERNEL_DISPATCH",4,2,26,"void dequantize_block_iq3_s<__half>(void const*, __half*)",345,22436327702075,22436328088456,0,0,32,1,1,3686400,1,1
"KERNEL_DISPATCH",4,2,40,"void convert_unary<float, __half>(void const*, __half*, long, long, long, HIP_vector_type<unsigned int, 3u>, long, long, long)",346,22436328088456,22436328106678,0,0,256,1,1,655360,1,1
"KERNEL_DISPATCH",4,2,78,"void tile_fp16_gemm<128, 64, 4, 8, 32>(__half const*, __half const*, float*, float*, int, int, long)",347,22436328106678,22436329207151,0,25088,256,1,1,23040,1,4
"KERNEL_DISPATCH",4,2,79,"tile_fp16_reduce(float const*, float*, int, int)",348,22436329207151,22436329259004,0,0,256,1,1,184320,1,1
"KERNEL_DISPATCH",4,2,26,"void dequantize_block_iq3_s<__half>(void const*, __half*)",349,22436329280931,22436329690571,0,0,32,1,1,3686400,1,1
"KERNEL_DISPATCH",4,2,40,"void convert_unary<float, __half>(void const*, __half*, long, long, long, HIP_vector_type<unsigned int, 3u>, long, long, long)",350,22436329690571,22436329710720,0,0,256,1,1,655360,1,1
"KERNEL_DISPATCH",4,2,78,"void tile_fp16_gemm<128, 64, 4, 8, 32>(__half const*, __half const*, float*, float*, int, int, long)",351,22436329710720,22436330903491,0,25088,256,1,1,23040,1,4
"KERNEL_DISPATCH",4,2,79,"tile_fp16_reduce(float const*, float*, int, int)",352,22436330903491,22436331023494,0,0,256,1,1,184320,1,1
"KERNEL_DISPATCH",4,2,26,"void dequantize_block_iq3_s<__half>(void const*, __half*)",353,22436331051199,22436331521433,0,0,32,1,1,3686400,1,1
"KERNEL_DISPATCH",4,2,40,"void convert_unary<float, __half>(void const*, __half*, long, long, long, HIP_vector_type<unsigned int, 3u>, long, long, long)",354,22436331521433,22436331550323,0,0,256,1,1,655360,1,1
"KERNEL_DISPATCH",4,2,78,"void tile_fp16_gemm<128, 64, 4, 8, 32>(__half const*, __half const*, float*, float*, int, int, long)",355,22436331550323,22436332768428,0,25088,256,1,1,23040,1,4
"KERNEL_DISPATCH",4,2,79,"tile_fp16_reduce(float const*, float*, int, int)",356,22436332768428,22436332821911,0,0,256,1,1,184320,1,1
"KERNEL_DISPATCH",4,2,26,"void dequantize_block_iq3_s<__half>(void const*, __half*)",357,22436332858060,22436333328591,0,0,32,1,1,3686400,1,1
"KERNEL_DISPATCH",4,2,40,"void convert_unary<float, __half>(void const*, __half*, long, long, long, HIP_vector_type<unsigned int, 3u>, long, long, long)",358,22436333328591,22436333356295,0,0,256,1,1,655360,1,1
"KERNEL_DISPATCH",4,2,78,"void tile_fp16_gemm<128, 64, 4, 8, 32>(__half const*, __half const*, float*, float*, int, int, long)",359,22436333356295,22436334598698,0,25088,256,1,1,23040,1,4
"KERNEL_DISPATCH",4,2,79,"tile_fp16_reduce(float const*, float*, int, int)",360,22436334598698,22436334651144,0,0,256,1,1,184320,1,1
"KERNEL_DISPATCH",4,2,26,"void dequantize_block_iq3_s<__half>(void const*, __half*)",361,22436334673366,22436335083155,0,0,32,1,1,3686400,1,1
"KERNEL_DISPATCH",4,2,40,"void convert_unary<float, __half>(void const*, __half*, long, long, long, HIP_vector_type<unsigned int, 3u>, long, long, long)",362,22436335083155,22436335103007,0,0,256,1,1,655360,1,1
"KERNEL_DISPATCH",4,2,78,"void tile_fp16_gemm<128, 64, 4, 8, 32>(__half const*, __half const*, float*, float*, int, int, long)",363,22436335103007,22436336264667,0,25088,256,1,1,23040,1,4
"KERNEL_DISPATCH",4,2,79,"tile_fp16_reduce(float const*, float*, int, int)",364,22436336264667,22436336317409,0,0,256,1,1,184320,1,1
"KERNEL_DISPATCH",4,2,26,"void dequantize_block_iq3_s<__half>(void const*, __half*)",365,22436336340669,22436336750161,0,0,32,1,1,3686400,1,1
"KERNEL_DISPATCH",4,2,40,"void convert_unary<float, __half>(void const*, __half*, long, long, long, HIP_vector_type<unsigned int, 3u>, long, long, long)",366,22436336750161,22436336770606,0,0,256,1,1,655360,1,1
"KERNEL_DISPATCH",4,2,78,"void tile_fp16_gemm<128, 64, 4, 8, 32>(__half const*, __half const*, float*, float*, int, int, long)",367,22436336770606,22436337846337,0,25088,256,1,1,23040,1,4
"KERNEL_DISPATCH",4,2,79,"tile_fp16_reduce(float const*, float*, int, int)",368,22436337846337,22436337900709,0,0,256,1,1,184320,1,1
"KERNEL_DISPATCH",4,2,26,"void dequantize_block_iq3_s<__half>(void const*, __half*)",369,22436337924413,22436338334202,0,0,32,1,1,3686400,1,1
"KERNEL_DISPATCH",4,2,40,"void convert_unary<float, __half>(void const*, __half*, long, long, long, HIP_vector_type<unsigned int, 3u>, long, long, long)",370,22436338334202,22436338354498,0,0,256,1,1,655360,1,1
"KERNEL_DISPATCH",4,2,78,"void tile_fp16_gemm<128, 64, 4, 8, 32>(__half const*, __half const*, float*, float*, int, int, long)",371,22436338354498,22436339705200,0,25088,256,1,1,23040,1,4
"KERNEL_DISPATCH",4,2,79,"tile_fp16_reduce(float const*, float*, int, int)",372,22436339705200,22436339782683,0,0,256,1,1,184320,1,1
"KERNEL_DISPATCH",4,2,26,"void dequantize_block_iq3_s<__half>(void const*, __half*)",373,22436339810388,22436340281659,0,0,32,1,1,3686400,1,1
"KERNEL_DISPATCH",4,2,40,"void convert_unary<float, __half>(void const*, __half*, long, long, long, HIP_vector_type<unsigned int, 3u>, long, long, long)",374,22436340281659,22436340309808,0,0,256,1,1,655360,1,1
"KERNEL_DISPATCH",4,2,78,"void tile_fp16_gemm<128, 64, 4, 8, 32>(__half const*, __half const*, float*, float*, int, int, long)",375,22436340309808,22436341570581,0,25088,256,1,1,23040,1,4
"KERNEL_DISPATCH",4,2,79,"tile_fp16_reduce(float const*, float*, int, int)",376,22436341570581,22436341623175,0,0,256,1,1,184320,1,1
"KERNEL_DISPATCH",4,2,26,"void dequantize_block_iq3_s<__half>(void const*, __half*)",377,22436341645398,22436342037705,0,0,32,1,1,3686400,1,1
"KERNEL_DISPATCH",4,2,40,"void convert_unary<float, __half>(void const*, __half*, long, long, long, HIP_vector_type<unsigned int, 3u>, long, long, long)",378,22436342037705,22436342056075,0,0,256,1,1,655360,1,1
"KERNEL_DISPATCH",4,2,78,"void tile_fp16_gemm<128, 64, 4, 8, 32>(__half const*, __half const*, float*, float*, int, int, long)",379,22436342056075,22436343179956,0,25088,256,1,1,23040,1,4
"KERNEL_DISPATCH",4,2,79,"tile_fp16_reduce(float const*, float*, int, int)",380,22436343179956,22436343232698,0,0,256,1,1,184320,1,1
"KERNEL_DISPATCH",4,2,26,"void dequantize_block_iq3_s<__half>(void const*, __half*)",381,22436343255958,22436343665598,0,0,32,1,1,3686400,1,1
"KERNEL_DISPATCH",4,2,40,"void convert_unary<float, __half>(void const*, __half*, long, long, long, HIP_vector_type<unsigned int, 3u>, long, long, long)",382,22436343665598,22436343685895,0,0,256,1,1,655360,1,1
"KERNEL_DISPATCH",4,2,78,"void tile_fp16_gemm<128, 64, 4, 8, 32>(__half const*, __half const*, float*, float*, int, int, long)",383,22436343685895,22436344859555,0,25088,256,1,1,23040,1,4
"KERNEL_DISPATCH",4,2,79,"tile_fp16_reduce(float const*, float*, int, int)",384,22436344859555,22436344978669,0,0,256,1,1,184320,1,1
"KERNEL_DISPATCH",4,2,26,"void dequantize_block_iq3_s<__half>(void const*, __half*)",385,22436345005040,22436345475275,0,0,32,1,1,3686400,1,1
"KERNEL_DISPATCH",4,2,40,"void convert_unary<float, __half>(void const*, __half*, long, long, long, HIP_vector_type<unsigned int, 3u>, long, long, long)",386,22436345475275,22436345503868,0,0,256,1,1,655360,1,1
"KERNEL_DISPATCH",4,2,78,"void tile_fp16_gemm<128, 64, 4, 8, 32>(__half const*, __half const*, float*, float*, int, int, long)",387,22436345503868,22436346747456,0,25088,256,1,1,23040,1,4
"KERNEL_DISPATCH",4,2,79,"tile_fp16_reduce(float const*, float*, int, int)",388,22436346747456,22436346800939,0,0,256,1,1,184320,1,1
"KERNEL_DISPATCH",4,2,26,"void dequantize_block_iq3_s<__half>(void const*, __half*)",389,22436346825087,22436347301544,0,0,32,1,1,3686400,1,1
"KERNEL_DISPATCH",4,2,40,"void convert_unary<float, __half>(void const*, __half*, long, long, long, HIP_vector_type<unsigned int, 3u>, long, long, long)",390,22436347301544,22436347329545,0,0,256,1,1,655360,1,1
"KERNEL_DISPATCH",4,2,78,"void tile_fp16_gemm<128, 64, 4, 8, 32>(__half const*, __half const*, float*, float*, int, int, long)",391,22436347329545,22436348602022,0,25088,256,1,1,23040,1,4
"KERNEL_DISPATCH",4,2,79,"tile_fp16_reduce(float const*, float*, int, int)",392,22436348602022,22436348655061,0,0,256,1,1,184320,1,1
"KERNEL_DISPATCH",4,2,26,"void dequantize_block_iq3_s<__half>(void const*, __half*)",393,22436348677431,22436349066775,0,0,32,1,1,3686400,1,1
"KERNEL_DISPATCH",4,2,40,"void convert_unary<float, __half>(void const*, __half*, long, long, long, HIP_vector_type<unsigned int, 3u>, long, long, long)",394,22436349066775,22436349085146,0,0,256,1,1,655360,1,1
"KERNEL_DISPATCH",4,2,78,"void tile_fp16_gemm<128, 64, 4, 8, 32>(__half const*, __half const*, float*, float*, int, int, long)",395,22436349085146,22436350220434,0,25088,256,1,1,23040,1,4
"KERNEL_DISPATCH",4,2,79,"tile_fp16_reduce(float const*, float*, int, int)",396,22436350220434,22436350272732,0,0,256,1,1,184320,1,1
"KERNEL_DISPATCH",4,2,26,"void dequantize_block_iq3_s<__half>(void const*, __half*)",397,22436350294955,22436350704595,0,0,32,1,1,3686400,1,1
"KERNEL_DISPATCH",4,2,40,"void convert_unary<float, __half>(void const*, __half*, long, long, long, HIP_vector_type<unsigned int, 3u>, long, long, long)",398,22436350704595,22436350725188,0,0,256,1,1,655360,1,1
"KERNEL_DISPATCH",4,2,78,"void tile_fp16_gemm<128, 64, 4, 8, 32>(__half const*, __half const*, float*, float*, int, int, long)",399,22436350725305,22436351913632,0,25088,256,1,1,23040,1,4
"KERNEL_DISPATCH",4,2,79,"tile_fp16_reduce(float const*, float*, int, int)",400,22436351913632,22436351991115,0,0,256,1,1,184320,1,1
"KERNEL_DISPATCH",4,2,26,"void dequantize_block_iq3_s<__half>(void const*, __half*)",401,22436352018078,22436352489053,0,0,32,1,1,3686400,1,1
"KERNEL_DISPATCH",4,2,40,"void convert_unary<float, __half>(void const*, __half*, long, long, long, HIP_vector_type<unsigned int, 3u>, long, long, long)",402,22436352489053,22436352516610,0,0,256,1,1,655360,1,1
"KERNEL_DISPATCH",4,2,78,"void tile_fp16_gemm<128, 64, 4, 8, 32>(__half const*, __half const*, float*, float*, int, int, long)",403,22436352516610,22436353797680,0,25088,256,1,1,23040,1,4
"KERNEL_DISPATCH",4,2,79,"tile_fp16_reduce(float const*, float*, int, int)",404,22436353797680,22436353865533,0,0,256,1,1,184320,1,1
"KERNEL_DISPATCH",4,2,26,"void dequantize_block_iq3_s<__half>(void const*, __half*)",405,22436353891460,22436354361991,0,0,32,1,1,3686400,1,1
"KERNEL_DISPATCH",4,2,40,"void convert_unary<float, __half>(void const*, __half*, long, long, long, HIP_vector_type<unsigned int, 3u>, long, long, long)",406,22436354361991,22436354390140,0,0,256,1,1,655360,1,1
"KERNEL_DISPATCH",4,2,78,"void tile_fp16_gemm<128, 64, 4, 8, 32>(__half const*, __half const*, float*, float*, int, int, long)",407,22436354390140,22436355657283,0,25088,256,1,1,23040,1,4
"KERNEL_DISPATCH",4,2,79,"tile_fp16_reduce(float const*, float*, int, int)",408,22436355657283,22436355709137,0,0,256,1,1,184320,1,1
"KERNEL_DISPATCH",4,2,26,"void dequantize_block_iq3_s<__half>(void const*, __half*)",409,22436355731508,22436356141000,0,0,32,1,1,3686400,1,1
"KERNEL_DISPATCH",4,2,40,"void convert_unary<float, __half>(void const*, __half*, long, long, long, HIP_vector_type<unsigned int, 3u>, long, long, long)",410,22436356141000,22436356161000,0,0,256,1,1,655360,1,1
"KERNEL_DISPATCH",4,2,78,"void tile_fp16_gemm<128, 64, 4, 8, 32>(__half const*, __half const*, float*, float*, int, int, long)",411,22436356161000,22436357459997,0,25088,256,1,1,23040,1,4
"KERNEL_DISPATCH",4,2,79,"tile_fp16_reduce(float const*, float*, int, int)",412,22436357459997,22436357535999,0,0,256,1,1,184320,1,1
"KERNEL_DISPATCH",4,2,26,"void dequantize_block_iq3_s<__half>(void const*, __half*)",413,22436357562370,22436358021196,0,0,32,1,1,3686400,1,1
"KERNEL_DISPATCH",4,2,40,"void convert_unary<float, __half>(void const*, __half*, long, long, long, HIP_vector_type<unsigned int, 3u>, long, long, long)",414,22436358021196,22436358041493,0,0,256,1,1,655360,1,1
"KERNEL_DISPATCH",4,2,78,"void tile_fp16_gemm<128, 64, 4, 8, 32>(__half const*, __half const*, float*, float*, int, int, long)",415,22436358041493,22436359210708,0,25088,256,1,1,23040,1,4
"KERNEL_DISPATCH",4,2,79,"tile_fp16_reduce(float const*, float*, int, int)",416,22436359210708,22436359263006,0,0,256,1,1,184320,1,1
"KERNEL_DISPATCH",4,2,26,"void dequantize_block_iq3_s<__half>(void const*, __half*)",417,22436359285525,22436359695314,0,0,32,1,1,3686400,1,1
"KERNEL_DISPATCH",4,2,40,"void convert_unary<float, __half>(void const*, __half*, long, long, long, HIP_vector_type<unsigned int, 3u>, long, long, long)",418,22436359695314,22436359715610,0,0,256,1,1,655360,1,1
"KERNEL_DISPATCH",4,2,78,"void tile_fp16_gemm<128, 64, 4, 8, 32>(__half const*, __half const*, float*, float*, int, int, long)",419,22436359715610,22436360910752,0,25088,256,1,1,23040,1,4
"KERNEL_DISPATCH",4,2,79,"tile_fp16_reduce(float const*, float*, int, int)",420,22436360910752,22436360963050,0,0,256,1,1,184320,1,1
"KERNEL_DISPATCH",4,2,26,"void dequantize_block_iq3_s<__half>(void const*, __half*)",421,22436360984977,22436361394765,0,0,32,1,1,3686400,1,1
"KERNEL_DISPATCH",4,2,40,"void convert_unary<float, __half>(void const*, __half*, long, long, long, HIP_vector_type<unsigned int, 3u>, long, long, long)",422,22436361394765,22436361477434,0,0,256,1,1,655360,1,1
"KERNEL_DISPATCH",4,2,78,"void tile_fp16_gemm<128, 64, 4, 8, 32>(__half const*, __half const*, float*, float*, int, int, long)",423,22436361477434,22436362578055,0,25088,256,1,1,23040,1,4
"KERNEL_DISPATCH",4,2,79,"tile_fp16_reduce(float const*, float*, int, int)",424,22436362578055,22436362625167,0,0,256,1,1,184320,1,1
"KERNEL_DISPATCH",4,2,26,"void dequantize_block_iq3_s<__half>(void const*, __half*)",425,22436362646205,22436363001769,0,0,32,1,1,3686400,1,1
"KERNEL_DISPATCH",4,2,40,"void convert_unary<float, __half>(void const*, __half*, long, long, long, HIP_vector_type<unsigned int, 3u>, long, long, long)",426,22436363001769,22436363019103,0,0,256,1,1,655360,1,1
"KERNEL_DISPATCH",4,2,78,"void tile_fp16_gemm<128, 64, 4, 8, 32>(__half const*, __half const*, float*, float*, int, int, long)",427,22436363019103,22436364124169,0,25088,256,1,1,23040,1,4
"KERNEL_DISPATCH",4,2,79,"tile_fp16_reduce(float const*, float*, int, int)",428,22436364124169,22436364170540,0,0,256,1,1,184320,1,1
"KERNEL_DISPATCH",4,2,26,"void dequantize_block_iq3_s<__half>(void const*, __half*)",429,22436364191578,22436364558847,0,0,32,1,1,3686400,1,1
"KERNEL_DISPATCH",4,2,40,"void convert_unary<float, __half>(void const*, __half*, long, long, long, HIP_vector_type<unsigned int, 3u>, long, long, long)",430,22436364558847,22436364577217,0,0,256,1,1,655360,1,1
"KERNEL_DISPATCH",4,2,78,"void tile_fp16_gemm<128, 64, 4, 8, 32>(__half const*, __half const*, float*, float*, int, int, long)",431,22436364577217,22436365720951,0,25088,256,1,1,23040,1,4
"KERNEL_DISPATCH",4,2,79,"tile_fp16_reduce(float const*, float*, int, int)",432,22436365720951,22436365773248,0,0,256,1,1,184320,1,1
"KERNEL_DISPATCH",4,2,26,"void dequantize_block_iq3_s<__half>(void const*, __half*)",433,22436365795916,22436366265705,0,0,32,1,1,3686400,1,1
"KERNEL_DISPATCH",4,2,40,"void convert_unary<float, __half>(void const*, __half*, long, long, long, HIP_vector_type<unsigned int, 3u>, long, long, long)",434,22436366265705,22436366294002,0,0,256,1,1,655360,1,1
"KERNEL_DISPATCH",4,2,78,"void tile_fp16_gemm<128, 64, 4, 8, 32>(__half const*, __half const*, float*, float*, int, int, long)",435,22436366294002,22436367580406,0,25088,256,1,1,23040,1,4
"KERNEL_DISPATCH",4,2,79,"tile_fp16_reduce(float const*, float*, int, int)",436,22436367580406,22436367633000,0,0,256,1,1,184320,1,1
"KERNEL_DISPATCH",4,2,26,"void dequantize_block_iq3_s<__half>(void const*, __half*)",437,22436367656408,22436368048418,0,0,32,1,1,3686400,1,1
"KERNEL_DISPATCH",4,2,40,"void convert_unary<float, __half>(void const*, __half*, long, long, long, HIP_vector_type<unsigned int, 3u>, long, long, long)",438,22436368048418,22436368066641,0,0,256,1,1,655360,1,1
"KERNEL_DISPATCH",4,2,78,"void tile_fp16_gemm<128, 64, 4, 8, 32>(__half const*, __half const*, float*, float*, int, int, long)",439,22436368066641,22436369198966,0,25088,256,1,1,23040,1,4
"KERNEL_DISPATCH",4,2,79,"tile_fp16_reduce(float const*, float*, int, int)",440,22436369198966,22436369251116,0,0,256,1,1,184320,1,1
"KERNEL_DISPATCH",4,2,26,"void dequantize_block_iq3_s<__half>(void const*, __half*)",441,22436369274672,22436369684757,0,0,32,1,1,3686400,1,1
"KERNEL_DISPATCH",4,2,40,"void convert_unary<float, __half>(void const*, __half*, long, long, long, HIP_vector_type<unsigned int, 3u>, long, long, long)",442,22436369684757,22436369704905,0,0,256,1,1,655360,1,1
"KERNEL_DISPATCH",4,2,78,"void tile_fp16_gemm<128, 64, 4, 8, 32>(__half const*, __half const*, float*, float*, int, int, long)",443,22436369704905,22436370947900,0,25088,256,1,1,23040,1,4
"KERNEL_DISPATCH",4,2,79,"tile_fp16_reduce(float const*, float*, int, int)",444,22436370947900,22436371023754,0,0,256,1,1,184320,1,1
"KERNEL_DISPATCH",4,2,26,"void dequantize_block_iq3_s<__half>(void const*, __half*)",445,22436371052348,22436371522286,0,0,32,1,1,3686400,1,1
"KERNEL_DISPATCH",4,2,40,"void convert_unary<float, __half>(void const*, __half*, long, long, long, HIP_vector_type<unsigned int, 3u>, long, long, long)",446,22436371522286,22436371551620,0,0,256,1,1,655360,1,1
"KERNEL_DISPATCH",4,2,78,"void tile_fp16_gemm<128, 64, 4, 8, 32>(__half const*, __half const*, float*, float*, int, int, long)",447,22436371551620,22436372792392,0,25088,256,1,1,23040,1,4
"KERNEL_DISPATCH",4,2,79,"tile_fp16_reduce(float const*, float*, int, int)",448,22436372792392,22436372858913,0,0,256,1,1,184320,1,1
"KERNEL_DISPATCH",4,2,26,"void dequantize_block_iq3_s<__half>(void const*, __half*)",449,22436372885876,22436373356407,0,0,32,1,1,3686400,1,1
"KERNEL_DISPATCH",4,2,40,"void convert_unary<float, __half>(void const*, __half*, long, long, long, HIP_vector_type<unsigned int, 3u>, long, long, long)",450,22436373356407,22436373385000,0,0,256,1,1,655360,1,1
"KERNEL_DISPATCH",4,2,78,"void tile_fp16_gemm<128, 64, 4, 8, 32>(__half const*, __half const*, float*, float*, int, int, long)",451,22436373385000,22436374644440,0,25088,256,1,1,23040,1,4
"KERNEL_DISPATCH",4,2,79,"tile_fp16_reduce(float const*, float*, int, int)",452,22436374644440,22436374697182,0,0,256,1,1,184320,1,1
"KERNEL_DISPATCH",4,2,26,"void dequantize_block_iq3_s<__half>(void const*, __half*)",453,22436374719553,22436375129342,0,0,32,1,1,3686400,1,1
"KERNEL_DISPATCH",4,2,40,"void convert_unary<float, __half>(void const*, __half*, long, long, long, HIP_vector_type<unsigned int, 3u>, long, long, long)",454,22436375129342,22436375149342,0,0,256,1,1,655360,1,1
"KERNEL_DISPATCH",4,2,78,"void tile_fp16_gemm<128, 64, 4, 8, 32>(__half const*, __half const*, float*, float*, int, int, long)",455,22436375149342,22436376463302,0,25088,256,1,1,23040,1,4
"KERNEL_DISPATCH",4,2,79,"tile_fp16_reduce(float const*, float*, int, int)",456,22436376463302,22436376540045,0,0,256,1,1,184320,1,1
"KERNEL_DISPATCH",4,2,26,"void dequantize_block_iq3_s<__half>(void const*, __half*)",457,22436376565675,22436377024057,0,0,32,1,1,3686400,1,1
"KERNEL_DISPATCH",4,2,40,"void convert_unary<float, __half>(void const*, __half*, long, long, long, HIP_vector_type<unsigned int, 3u>, long, long, long)",458,22436377024057,22436377044206,0,0,256,1,1,655360,1,1
"KERNEL_DISPATCH",4,2,78,"void tile_fp16_gemm<128, 64, 4, 8, 32>(__half const*, __half const*, float*, float*, int, int, long)",459,22436377044206,22436378238163,0,25088,256,1,1,23040,1,4
"KERNEL_DISPATCH",4,2,79,"tile_fp16_reduce(float const*, float*, int, int)",460,22436378238163,22436378290757,0,0,256,1,1,184320,1,1
"KERNEL_DISPATCH",4,2,26,"void dequantize_block_iq3_s<__half>(void const*, __half*)",461,22436378313128,22436378722620,0,0,32,1,1,3686400,1,1
"KERNEL_DISPATCH",4,2,40,"void convert_unary<float, __half>(void const*, __half*, long, long, long, HIP_vector_type<unsigned int, 3u>, long, long, long)",462,22436378722620,22436378742916,0,0,256,1,1,655360,1,1
"KERNEL_DISPATCH",4,2,78,"void tile_fp16_gemm<128, 64, 4, 8, 32>(__half const*, __half const*, float*, float*, int, int, long)",463,22436378742916,22436379912428,0,25088,256,1,1,23040,1,4
"KERNEL_DISPATCH",4,2,79,"tile_fp16_reduce(float const*, float*, int, int)",464,22436379912428,22436379964281,0,0,256,1,1,184320,1,1
"KERNEL_DISPATCH",4,2,26,"void dequantize_block_iq3_s<__half>(void const*, __half*)",465,22436379986652,22436380396144,0,0,32,1,1,3686400,1,1
"KERNEL_DISPATCH",4,2,40,"void convert_unary<float, __half>(void const*, __half*, long, long, long, HIP_vector_type<unsigned int, 3u>, long, long, long)",466,22436380396144,22436380416293,0,0,256,1,1,655360,1,1
"KERNEL_DISPATCH",4,2,78,"void tile_fp16_gemm<128, 64, 4, 8, 32>(__half const*, __half const*, float*, float*, int, int, long)",467,22436380416293,22436381595138,0,25088,256,1,1,23040,1,4
"KERNEL_DISPATCH",4,2,79,"tile_fp16_reduce(float const*, float*, int, int)",468,22436381595138,22436381647880,0,0,256,1,1,184320,1,1
"KERNEL_DISPATCH",4,2,26,"void dequantize_block_iq3_s<__half>(void const*, __half*)",469,22436381670399,22436382060780,0,0,32,1,1,3686400,1,1
"KERNEL_DISPATCH",4,2,40,"void convert_unary<float, __half>(void const*, __half*, long, long, long, HIP_vector_type<unsigned int, 3u>, long, long, long)",470,22436382060780,22436382079003,0,0,256,1,1,655360,1,1
"KERNEL_DISPATCH",4,2,78,"void tile_fp16_gemm<128, 64, 4, 8, 32>(__half const*, __half const*, float*, float*, int, int, long)",471,22436382079003,22436383200809,0,25088,256,1,1,23040,1,4
"KERNEL_DISPATCH",4,2,79,"tile_fp16_reduce(float const*, float*, int, int)",472,22436383200809,22436383253700,0,0,256,1,1,184320,1,1
"KERNEL_DISPATCH",4,2,26,"void dequantize_block_iq3_s<__half>(void const*, __half*)",473,22436383275626,22436383685414,0,0,32,1,1,3686400,1,1
"KERNEL_DISPATCH",4,2,40,"void convert_unary<float, __half>(void const*, __half*, long, long, long, HIP_vector_type<unsigned int, 3u>, long, long, long)",474,22436383685414,22436383705859,0,0,256,1,1,655360,1,1
"KERNEL_DISPATCH",4,2,78,"void tile_fp16_gemm<128, 64, 4, 8, 32>(__half const*, __half const*, float*, float*, int, int, long)",475,22436383705859,22436384962633,0,25088,256,1,1,23040,1,4
"KERNEL_DISPATCH",4,2,79,"tile_fp16_reduce(float const*, float*, int, int)",476,22436384962633,22436385037894,0,0,256,1,1,184320,1,1
"KERNEL_DISPATCH",4,2,26,"void dequantize_block_iq3_s<__half>(void const*, __half*)",477,22436385063228,22436385533462,0,0,32,1,1,3686400,1,1
"KERNEL_DISPATCH",4,2,40,"void convert_unary<float, __half>(void const*, __half*, long, long, long, HIP_vector_type<unsigned int, 3u>, long, long, long)",478,22436385533462,22436385562796,0,0,256,1,1,655360,1,1
"KERNEL_DISPATCH",4,2,78,"void tile_fp16_gemm<128, 64, 4, 8, 32>(__half const*, __half const*, float*, float*, int, int, long)",479,22436385562796,22436386785939,0,25088,256,1,1,23040,1,4
"KERNEL_DISPATCH",4,2,79,"tile_fp16_reduce(float const*, float*, int, int)",480,22436386785939,22436386838977,0,0,256,1,1,184320,1,1
"KERNEL_DISPATCH",4,2,26,"void dequantize_block_iq3_s<__half>(void const*, __half*)",481,22436386870682,22436387341361,0,0,32,1,1,3686400,1,1
"KERNEL_DISPATCH",4,2,40,"void convert_unary<float, __half>(void const*, __half*, long, long, long, HIP_vector_type<unsigned int, 3u>, long, long, long)",482,22436387341361,22436387370547,0,0,256,1,1,655360,1,1
"KERNEL_DISPATCH",4,2,78,"void tile_fp16_gemm<128, 64, 4, 8, 32>(__half const*, __half const*, float*, float*, int, int, long)",483,22436387370547,22436388624060,0,25088,256,1,1,23040,1,4
"KERNEL_DISPATCH",4,2,79,"tile_fp16_reduce(float const*, float*, int, int)",484,22436388624060,22436388676062,0,0,256,1,1,184320,1,1
"KERNEL_DISPATCH",4,2,26,"void dequantize_block_iq3_s<__half>(void const*, __half*)",485,22436388699173,22436389108517,0,0,32,1,1,3686400,1,1
"KERNEL_DISPATCH",4,2,40,"void convert_unary<float, __half>(void const*, __half*, long, long, long, HIP_vector_type<unsigned int, 3u>, long, long, long)",486,22436389108517,22436389129111,0,0,256,1,1,655360,1,1
"KERNEL_DISPATCH",4,2,78,"void tile_fp16_gemm<128, 64, 4, 8, 32>(__half const*, __half const*, float*, float*, int, int, long)",487,22436389129111,22436390304252,0,25088,256,1,1,23040,1,4
"KERNEL_DISPATCH",4,2,79,"tile_fp16_reduce(float const*, float*, int, int)",488,22436390304252,22436390356698,0,0,256,1,1,184320,1,1
"KERNEL_DISPATCH",4,2,26,"void dequantize_block_iq3_s<__half>(void const*, __half*)",489,22436390379365,22436390789450,0,0,32,1,1,3686400,1,1
"KERNEL_DISPATCH",4,2,40,"void convert_unary<float, __half>(void const*, __half*, long, long, long, HIP_vector_type<unsigned int, 3u>, long, long, long)",490,22436390789450,22436390809895,0,0,256,1,1,655360,1,1
"KERNEL_DISPATCH",4,2,78,"void tile_fp16_gemm<128, 64, 4, 8, 32>(__half const*, __half const*, float*, float*, int, int, long)",491,22436390809895,22436391988888,0,25088,256,1,1,23040,1,4
"KERNEL_DISPATCH",4,2,79,"tile_fp16_reduce(float const*, float*, int, int)",492,22436391988888,22436392041038,0,0,256,1,1,184320,1,1
"KERNEL_DISPATCH",4,2,26,"void dequantize_block_iq3_s<__half>(void const*, __half*)",493,22436392063408,22436392473197,0,0,32,1,1,3686400,1,1
"KERNEL_DISPATCH",4,2,40,"void convert_unary<float, __half>(void const*, __half*, long, long, long, HIP_vector_type<unsigned int, 3u>, long, long, long)",494,22436392473197,22436392493494,0,0,256,1,1,655360,1,1
"KERNEL_DISPATCH",4,2,79,"tile_fp16_reduce(float const*, float*, int, int)",496,22436393613374,22436393659894,0,0,256,1,1,184320,1,1
"KERNEL_DISPATCH",4,2,78,"void tile_fp16_gemm<128, 64, 4, 8, 32>(__half const*, __half const*, float*, float*, int, int, long)",495,22436392493494,22436393613374,0,25088,256,1,1,23040,1,4
"KERNEL_DISPATCH",4,2,26,"void dequantize_block_iq3_s<__half>(void const*, __half*)",497,22436393680339,22436394048052,0,0,32,1,1,3686400,1,1
"KERNEL_DISPATCH",4,2,40,"void convert_unary<float, __half>(void const*, __half*, long, long, long, HIP_vector_type<unsigned int, 3u>, long, long, long)",498,22436394048052,22436394066571,0,0,256,1,1,655360,1,1
"KERNEL_DISPATCH",4,2,78,"void tile_fp16_gemm<128, 64, 4, 8, 32>(__half const*, __half const*, float*, float*, int, int, long)",499,22436394066571,22436395174748,0,25088,256,1,1,23040,1,4
"KERNEL_DISPATCH",4,2,79,"tile_fp16_reduce(float const*, float*, int, int)",500,22436395174748,22436395226305,0,0,256,1,1,184320,1,1
"KERNEL_DISPATCH",4,2,26,"void dequantize_block_iq3_s<__half>(void const*, __half*)",501,22436395248231,22436395657427,0,0,32,1,1,3686400,1,1
"KERNEL_DISPATCH",4,2,40,"void convert_unary<float, __half>(void const*, __half*, long, long, long, HIP_vector_type<unsigned int, 3u>, long, long, long)",502,22436395657427,22436395678020,0,0,256,1,1,655360,1,1
"KERNEL_DISPATCH",4,2,78,"void tile_fp16_gemm<128, 64, 4, 8, 32>(__half const*, __half const*, float*, float*, int, int, long)",503,22436395678020,22436396899682,0,25088,256,1,1,23040,1,4
"KERNEL_DISPATCH",4,2,79,"tile_fp16_reduce(float const*, float*, int, int)",504,22436396899682,22436397019981,0,0,256,1,1,184320,1,1
"KERNEL_DISPATCH",4,2,26,"void dequantize_block_iq3_s<__half>(void const*, __half*)",505,22442951114983,22442951558550,0,0,32,1,1,3620864,1,1
"KERNEL_DISPATCH",4,2,40,"void convert_unary<float, __half>(void const*, __half*, long, long, long, HIP_vector_type<unsigned int, 3u>, long, long, long)",506,22442951558550,22442951615144,0,0,256,1,1,2228224,1,1
"KERNEL_DISPATCH",4,2,78,"void tile_fp16_gemm<128, 64, 4, 8, 32>(__half const*, __half const*, float*, float*, int, int, long)",507,22442951615144,22442952670133,0,25088,256,1,1,6656,1,8
"KERNEL_DISPATCH",4,2,79,"tile_fp16_reduce(float const*, float*, int, int)",508,22442952670133,22442952698134,0,0,256,1,1,53248,1,1
"KERNEL_DISPATCH",4,2,26,"void dequantize_block_iq3_s<__half>(void const*, __half*)",509,22442952976363,22442953315483,0,0,32,1,1,3620864,1,1
"KERNEL_DISPATCH",4,2,40,"void convert_unary<float, __half>(void const*, __half*, long, long, long, HIP_vector_type<unsigned int, 3u>, long, long, long)",510,22442953315483,22442953367781,0,0,256,1,1,2228224,1,1
"KERNEL_DISPATCH",4,2,78,"void tile_fp16_gemm<128, 64, 4, 8, 32>(__half const*, __half const*, float*, float*, int, int, long)",511,22442953367781,22442954416845,0,25088,256,1,1,6656,1,8
"KERNEL_DISPATCH",4,2,79,"tile_fp16_reduce(float const*, float*, int, int)",512,22442954416845,22442954442031,0,0,256,1,1,53248,1,1
"KERNEL_DISPATCH",4,2,26,"void dequantize_block_iq3_s<__half>(void const*, __half*)",513,22442954463513,22442954802485,0,0,32,1,1,3620864,1,1
"KERNEL_DISPATCH",4,2,40,"void convert_unary<float, __half>(void const*, __half*, long, long, long, HIP_vector_type<unsigned int, 3u>, long, long, long)",514,22442954802485,22442954854042,0,0,256,1,1,2228224,1,1
"KERNEL_DISPATCH",4,2,78,"void tile_fp16_gemm<128, 64, 4, 8, 32>(__half const*, __half const*, float*, float*, int, int, long)",515,22442954854042,22442955880587,0,25088,256,1,1,6656,1,8
"KERNEL_DISPATCH",4,2,79,"tile_fp16_reduce(float const*, float*, int, int)",516,22442955880587,22442955905921,0,0,256,1,1,53248,1,1
"KERNEL_DISPATCH",4,2,26,"void dequantize_block_iq3_s<__half>(void const*, __half*)",517,22442955926663,22442956284894,0,0,32,1,1,3620864,1,1
"KERNEL_DISPATCH",4,2,40,"void convert_unary<float, __half>(void const*, __half*, long, long, long, HIP_vector_type<unsigned int, 3u>, long, long, long)",518,22442956284894,22442956335858,0,0,256,1,1,2228224,1,1
"KERNEL_DISPATCH",4,2,78,"void tile_fp16_gemm<128, 64, 4, 8, 32>(__half const*, __half const*, float*, float*, int, int, long)",519,22442956335858,22442957403738,0,25088,256,1,1,6656,1,8
"KERNEL_DISPATCH",4,2,79,"tile_fp16_reduce(float const*, float*, int, int)",520,22442957403738,22442957446258,0,0,256,1,1,53248,1,1
"KERNEL_DISPATCH",4,2,26,"void dequantize_block_iq3_s<__half>(void const*, __half*)",521,22442957466555,22442957827157,0,0,32,1,1,3620864,1,1
"KERNEL_DISPATCH",4,2,40,"void convert_unary<float, __half>(void const*, __half*, long, long, long, HIP_vector_type<unsigned int, 3u>, long, long, long)",522,22442957827157,22442957880788,0,0,256,1,1,2228224,1,1
"KERNEL_DISPATCH",4,2,78,"void tile_fp16_gemm<128, 64, 4, 8, 32>(__half const*, __half const*, float*, float*, int, int, long)",523,22442957880788,22442958949704,0,25088,256,1,1,6656,1,8
"KERNEL_DISPATCH",4,2,79,"tile_fp16_reduce(float const*, float*, int, int)",524,22442958949704,22442958992520,0,0,256,1,1,53248,1,1
"KERNEL_DISPATCH",4,2,26,"void dequantize_block_iq3_s<__half>(void const*, __half*)",525,22442959014002,22442959411939,0,0,32,1,1,3620864,1,1
"KERNEL_DISPATCH",4,2,40,"void convert_unary<float, __half>(void const*, __half*, long, long, long, HIP_vector_type<unsigned int, 3u>, long, long, long)",526,22442959411939,22442959465273,0,0,256,1,1,2228224,1,1
"KERNEL_DISPATCH",4,2,78,"void tile_fp16_gemm<128, 64, 4, 8, 32>(__half const*, __half const*, float*, float*, int, int, long)",527,22442959465273,22442960499967,0,25088,256,1,1,6656,1,8
"KERNEL_DISPATCH",4,2,79,"tile_fp16_reduce(float const*, float*, int, int)",528,22442960499967,22442960528560,0,0,256,1,1,53248,1,1
"KERNEL_DISPATCH",4,2,26,"void dequantize_block_iq3_s<__half>(void const*, __half*)",529,22442960549894,22442960952719,0,0,32,1,1,3620864,1,1
"KERNEL_DISPATCH",4,2,40,"void convert_unary<float, __half>(void const*, __half*, long, long, long, HIP_vector_type<unsigned int, 3u>, long, long, long)",530,22442960952719,22442961012128,0,0,256,1,1,2228224,1,1
"KERNEL_DISPATCH",4,2,79,"tile_fp16_reduce(float const*, float*, int, int)",532,22442962101490,22442962144306,0,0,256,1,1,53248,1,1
"KERNEL_DISPATCH",4,2,78,"void tile_fp16_gemm<128, 64, 4, 8, 32>(__half const*, __half const*, float*, float*, int, int, long)",531,22442961012128,22442962101490,0,25088,256,1,1,6656,1,8
"KERNEL_DISPATCH",4,2,26,"void dequantize_block_iq3_s<__half>(void const*, __half*)",533,22442962166233,22442962541798,0,0,32,1,1,3620864,1,1
"KERNEL_DISPATCH",4,2,40,"void convert_unary<float, __half>(void const*, __half*, long, long, long, HIP_vector_type<unsigned int, 3u>, long, long, long)",534,22442962541798,22442962595133,0,0,256,1,1,2228224,1,1
"KERNEL_DISPATCH",4,2,78,"void tile_fp16_gemm<128, 64, 4, 8, 32>(__half const*, __half const*, float*, float*, int, int, long)",535,22442962595133,22442963639752,0,25088,256,1,1,6656,1,8
"KERNEL_DISPATCH",4,2,79,"tile_fp16_reduce(float const*, float*, int, int)",536,22442963639752,22442963668790,0,0,256,1,1,53248,1,1
"KERNEL_DISPATCH",4,2,26,"void dequantize_block_iq3_s<__half>(void const*, __half*)",537,22442963690272,22442964092505,0,0,32,1,1,3620864,1,1
"KERNEL_DISPATCH",4,2,40,"void convert_unary<float, __half>(void const*, __half*, long, long, long, HIP_vector_type<unsigned int, 3u>, long, long, long)",538,22442964092505,22442964151469,0,0,256,1,1,2228224,1,1
"KERNEL_DISPATCH",4,2,78,"void tile_fp16_gemm<128, 64, 4, 8, 32>(__half const*, __half const*, float*, float*, int, int, long)",539,22442964151469,22442965237868,0,25088,256,1,1,6656,1,8
"KERNEL_DISPATCH",4,2,79,"tile_fp16_reduce(float const*, float*, int, int)",540,22442965237868,22442965280684,0,0,256,1,1,53248,1,1
"KERNEL_DISPATCH",4,2,26,"void dequantize_block_iq3_s<__half>(void const*, __half*)",541,22442965302166,22442965704399,0,0,32,1,1,3620864,1,1
"KERNEL_DISPATCH",4,2,40,"void convert_unary<float, __half>(void const*, __half*, long, long, long, HIP_vector_type<unsigned int, 3u>, long, long, long)",542,22442965704399,22442965763511,0,0,256,1,1,2228224,1,1
"KERNEL_DISPATCH",4,2,78,"void tile_fp16_gemm<128, 64, 4, 8, 32>(__half const*, __half const*, float*, float*, int, int, long)",543,22442965763511,22442966846206,0,25088,256,1,1,6656,1,8
"KERNEL_DISPATCH",4,2,79,"tile_fp16_reduce(float const*, float*, int, int)",544,22442966846206,22442966889763,0,0,256,1,1,53248,1,1
"KERNEL_DISPATCH",4,2,26,"void dequantize_block_iq3_s<__half>(void const*, __half*)",545,22442966912282,22442967315700,0,0,32,1,1,3620864,1,1
"KERNEL_DISPATCH",4,2,40,"void convert_unary<float, __half>(void const*, __half*, long, long, long, HIP_vector_type<unsigned int, 3u>, long, long, long)",546,22442967315700,22442967368887,0,0,256,1,1,2228224,1,1
"KERNEL_DISPATCH",4,2,78,"void tile_fp16_gemm<128, 64, 4, 8, 32>(__half const*, __half const*, float*, float*, int, int, long)",547,22442967368887,22442968422840,0,25088,256,1,1,6656,1,8
"KERNEL_DISPATCH",4,2,79,"tile_fp16_reduce(float const*, float*, int, int)",548,22442968422840,22442968467286,0,0,256,1,1,53248,1,1
"KERNEL_DISPATCH",4,2,26,"void dequantize_block_iq3_s<__half>(void const*, __half*)",549,22442968488916,22442968891445,0,0,32,1,1,3620864,1,1
"KERNEL_DISPATCH",4,2,40,"void convert_unary<float, __half>(void const*, __half*, long, long, long, HIP_vector_type<unsigned int, 3u>, long, long, long)",550,22442968891445,22442968950557,0,0,256,1,1,2228224,1,1
"KERNEL_DISPATCH",4,2,78,"void tile_fp16_gemm<128, 64, 4, 8, 32>(__half const*, __half const*, float*, float*, int, int, long)",551,22442968950557,22442970044364,0,25088,256,1,1,6656,1,8
"KERNEL_DISPATCH",4,2,79,"tile_fp16_reduce(float const*, float*, int, int)",552,22442970044364,22442970090884,0,0,256,1,1,53248,1,1
"KERNEL_DISPATCH",4,2,26,"void dequantize_block_iq3_s<__half>(void const*, __half*)",553,22442970127922,22442970508672,0,0,32,1,1,3620864,1,1
"KERNEL_DISPATCH",4,2,40,"void convert_unary<float, __half>(void const*, __half*, long, long, long, HIP_vector_type<unsigned int, 3u>, long, long, long)",554,22442970508672,22442970562007,0,0,256,1,1,2228224,1,1
"KERNEL_DISPATCH",4,2,78,"void tile_fp16_gemm<128, 64, 4, 8, 32>(__half const*, __half const*, float*, float*, int, int, long)",555,22442970562007,22442971600701,0,25088,256,1,1,6656,1,8
"KERNEL_DISPATCH",4,2,79,"tile_fp16_reduce(float const*, float*, int, int)",556,22442971600701,22442971629590,0,0,256,1,1,53248,1,1
"KERNEL_DISPATCH",4,2,26,"void dequantize_block_iq3_s<__half>(void const*, __half*)",557,22442971651665,22442972054046,0,0,32,1,1,3620864,1,1
"KERNEL_DISPATCH",4,2,40,"void convert_unary<float, __half>(void const*, __half*, long, long, long, HIP_vector_type<unsigned int, 3u>, long, long, long)",558,22442972054046,22442972113010,0,0,256,1,1,2228224,1,1
"KERNEL_DISPATCH",4,2,78,"void tile_fp16_gemm<128, 64, 4, 8, 32>(__half const*, __half const*, float*, float*, int, int, long)",559,22442972113010,22442973178371,0,25088,256,1,1,6656,1,8
"KERNEL_DISPATCH",4,2,79,"tile_fp16_reduce(float const*, float*, int, int)",560,22442973178371,22442973220891,0,0,256,1,1,53248,1,1
"KERNEL_DISPATCH",4,2,26,"void dequantize_block_iq3_s<__half>(void const*, __half*)",561,22442973244151,22442973712459,0,0,32,1,1,3620864,1,1
"KERNEL_DISPATCH",4,2,40,"void convert_unary<float, __half>(void const*, __half*, long, long, long, HIP_vector_type<unsigned int, 3u>, long, long, long)",562,22442973712459,22442973789054,0,0,256,1,1,2228224,1,1
"KERNEL_DISPATCH",4,2,78,"void tile_fp16_gemm<128, 64, 4, 8, 32>(__half const*, __half const*, float*, float*, int, int, long)",563,22442973789054,22442975120644,0,25088,256,1,1,6656,1,8
"KERNEL_DISPATCH",4,2,79,"tile_fp16_reduce(float const*, float*, int, int)",564,22442975120644,22442975164349,0,0,256,1,1,53248,1,1
"KERNEL_DISPATCH",4,2,26,"void dequantize_block_iq3_s<__half>(void const*, __half*)",565,22442975189090,22442975604953,0,0,32,1,1,3620864,1,1
"KERNEL_DISPATCH",4,2,40,"void convert_unary<float, __half>(void const*, __half*, long, long, long, HIP_vector_type<unsigned int, 3u>, long, long, long)",566,22442975604953,22442975724215,0,0,256,1,1,2228224,1,1
"KERNEL_DISPATCH",4,2,78,"void tile_fp16_gemm<128, 64, 4, 8, 32>(__half const*, __half const*, float*, float*, int, int, long)",567,22442975730290,22442976975952,0,25088,256,1,1,6656,1,8
"KERNEL_DISPATCH",4,2,79,"tile_fp16_reduce(float const*, float*, int, int)",568,22442976975952,22442977019657,0,0,256,1,1,53248,1,1
"KERNEL_DISPATCH",4,2,26,"void dequantize_block_iq3_s<__half>(void const*, __half*)",569,22442977043805,22442977486187,0,0,32,1,1,3620864,1,1
"KERNEL_DISPATCH",4,2,40,"void convert_unary<float, __half>(void const*, __half*, long, long, long, HIP_vector_type<unsigned int, 3u>, long, long, long)",570,22442977486187,22442977545300,0,0,256,1,1,2228224,1,1
"KERNEL_DISPATCH",4,2,78,"void tile_fp16_gemm<128, 64, 4, 8, 32>(__half const*, __half const*, float*, float*, int, int, long)",571,22442977545300,22442978817185,0,25088,256,1,1,6656,1,8
"KERNEL_DISPATCH",4,2,79,"tile_fp16_reduce(float const*, float*, int, int)",572,22442978817185,22442978859853,0,0,256,1,1,53248,1,1
"KERNEL_DISPATCH",4,2,26,"void dequantize_block_iq3_s<__half>(void const*, __half*)",573,22442978884594,22442979340606,0,0,32,1,1,3620864,1,1
"KERNEL_DISPATCH",4,2,40,"void convert_unary<float, __half>(void const*, __half*, long, long, long, HIP_vector_type<unsigned int, 3u>, long, long, long)",574,22442979340606,22442979413052,0,0,256,1,1,2228224,1,1
"KERNEL_DISPATCH",4,2,78,"void tile_fp16_gemm<128, 64, 4, 8, 32>(__half const*, __half const*, float*, float*, int, int, long)",575,22442979413052,22442980493525,0,25088,256,1,1,6656,1,8
"KERNEL_DISPATCH",4,2,79,"tile_fp16_reduce(float const*, float*, int, int)",576,22442980493525,22442980536933,0,0,256,1,1,53248,1,1
"KERNEL_DISPATCH",4,2,26,"void dequantize_block_iq3_s<__half>(void const*, __half*)",577,22442980559156,22442980961685,0,0,32,1,1,3620864,1,1
"KERNEL_DISPATCH",4,2,40,"void convert_unary<float, __half>(void const*, __half*, long, long, long, HIP_vector_type<unsigned int, 3u>, long, long, long)",578,22442980961685,22442981020798,0,0,256,1,1,2228224,1,1
"KERNEL_DISPATCH",4,2,78,"void tile_fp16_gemm<128, 64, 4, 8, 32>(__half const*, __half const*, float*, float*, int, int, long)",579,22442981020798,22442982103345,0,25088,256,1,1,6656,1,8
"KERNEL_DISPATCH",4,2,79,"tile_fp16_reduce(float const*, float*, int, int)",580,22442982103345,22442982145716,0,0,256,1,1,53248,1,1
"KERNEL_DISPATCH",4,2,26,"void dequantize_block_iq3_s<__half>(void const*, __half*)",581,22442982167939,22442982570912,0,0,32,1,1,3620864,1,1
"KERNEL_DISPATCH",4,2,40,"void convert_unary<float, __half>(void const*, __half*, long, long, long, HIP_vector_type<unsigned int, 3u>, long, long, long)",582,22442982570912,22442982629581,0,0,256,1,1,2228224,1,1
"KERNEL_DISPATCH",4,2,79,"tile_fp16_reduce(float const*, float*, int, int)",584,22442983881613,22442983925022,0,0,256,1,1,53248,1,1
"KERNEL_DISPATCH",4,2,78,"void tile_fp16_gemm<128, 64, 4, 8, 32>(__half const*, __half const*, float*, float*, int, int, long)",583,22442982629581,22442983881613,0,25088,256,1,1,6656,1,8
"KERNEL_DISPATCH",4,2,26,"void dequantize_block_iq3_s<__half>(void const*, __half*)",585,22442983952874,22442984407701,0,0,32,1,1,3620864,1,1
"KERNEL_DISPATCH",4,2,40,"void convert_unary<float, __half>(void const*, __half*, long, long, long, HIP_vector_type<unsigned int, 3u>, long, long, long)",586,22442984407701,22442984466962,0,0,256,1,1,2228224,1,1
"KERNEL_DISPATCH",4,2,78,"void tile_fp16_gemm<128, 64, 4, 8, 32>(__half const*, __half const*, float*, float*, int, int, long)",587,22442984466962,22442985643585,0,25088,256,1,1,6656,1,8
"KERNEL_DISPATCH",4,2,79,"tile_fp16_reduce(float const*, float*, int, int)",588,22442985643585,22442985686253,0,0,256,1,1,53248,1,1
"KERNEL_DISPATCH",4,2,26,"void dequantize_block_iq3_s<__half>(void const*, __half*)",589,22442985713068,22442986175451,0,0,32,1,1,3620864,1,1
"KERNEL_DISPATCH",4,2,40,"void convert_unary<float, __half>(void const*, __half*, long, long, long, HIP_vector_type<unsigned int, 3u>, long, long, long)",590,22442986175451,22442986253082,0,0,256,1,1,2228224,1,1
"KERNEL_DISPATCH",4,2,79,"tile_fp16_reduce(float const*, float*, int, int)",592,22442987335925,22442987378149,0,0,256,1,1,53248,1,1
"KERNEL_DISPATCH",4,2,78,"void tile_fp16_gemm<128, 64, 4, 8, 32>(__half const*, __half const*, float*, float*, int, int, long)",591,22442986253082,22442987335925,0,25088,256,1,1,6656,1,8
"KERNEL_DISPATCH",4,2,26,"void dequantize_block_iq3_s<__half>(void const*, __half*)",593,22442987402149,22442987804382,0,0,32,1,1,3620864,1,1
"KERNEL_DISPATCH",4,2,40,"void convert_unary<float, __half>(void const*, __half*, long, long, long, HIP_vector_type<unsigned int, 3u>, long, long, long)",594,22442987804382,22442987863643,0,0,256,1,1,2228224,1,1
"KERNEL_DISPATCH",4,2,79,"tile_fp16_reduce(float const*, float*, int, int)",596,22442988956264,22442988998487,0,0,256,1,1,53248,1,1
"KERNEL_DISPATCH",4,2,78,"void tile_fp16_gemm<128, 64, 4, 8, 32>(__half const*, __half const*, float*, float*, int, int, long)",595,22442987863643,22442988956264,0,25088,256,1,1,6656,1,8
"KERNEL_DISPATCH",4,2,26,"void dequantize_block_iq3_s<__half>(void const*, __half*)",597,22442989020266,22442989411831,0,0,32,1,1,3620864,1,1
"KERNEL_DISPATCH",4,2,40,"void convert_unary<float, __half>(void const*, __half*, long, long, long, HIP_vector_type<unsigned int, 3u>, long, long, long)",598,22442989411831,22442989465462,0,0,256,1,1,2228224,1,1
"KERNEL_DISPATCH",4,2,79,"tile_fp16_reduce(float const*, float*, int, int)",600,22442990509045,22442990537639,0,0,256,1,1,53248,1,1
"KERNEL_DISPATCH",4,2,78,"void tile_fp16_gemm<128, 64, 4, 8, 32>(__half const*, __half const*, float*, float*, int, int, long)",599,22442989465462,22442990509045,0,25088,256,1,1,6656,1,8
"KERNEL_DISPATCH",4,2,26,"void dequantize_block_iq3_s<__half>(void const*, __half*)",601,22442990559713,22442990961946,0,0,32,1,1,3620864,1,1
"KERNEL_DISPATCH",4,2,40,"void convert_unary<float, __half>(void const*, __half*, long, long, long, HIP_vector_type<unsigned int, 3u>, long, long, long)",602,22442990961946,22442991020762,0,0,256,1,1,2228224,1,1
"KERNEL_DISPATCH",4,2,79,"tile_fp16_reduce(float const*, float*, int, int)",604,22442992109680,22442992151903,0,0,256,1,1,53248,1,1
"KERNEL_DISPATCH",4,2,78,"void tile_fp16_gemm<128, 64, 4, 8, 32>(__half const*, __half const*, float*, float*, int, int, long)",603,22442991020762,22442992109680,0,25088,256,1,1,6656,1,8
"KERNEL_DISPATCH",4,2,26,"void dequantize_block_iq3_s<__half>(void const*, __half*)",605,22442992173681,22442992575914,0,0,32,1,1,3620864,1,1
"KERNEL_DISPATCH",4,2,40,"void convert_unary<float, __half>(void const*, __half*, long, long, long, HIP_vector_type<unsigned int, 3u>, long, long, long)",606,22442992575914,22442992634730,0,0,256,1,1,2228224,1,1
"KERNEL_DISPATCH",4,2,79,"tile_fp16_reduce(float const*, float*, int, int)",608,22442993855503,22442993898615,0,0,256,1,1,53248,1,1
"KERNEL_DISPATCH",4,2,78,"void tile_fp16_gemm<128, 64, 4, 8, 32>(__half const*, __half const*, float*, float*, int, int, long)",607,22442992634730,22442993855503,0,25088,256,1,1,6656,1,8
"KERNEL_DISPATCH",4,2,26,"void dequantize_block_iq3_s<__half>(void const*, __half*)",609,22442993923356,22442994382331,0,0,32,1,1,3620864,1,1
"KERNEL_DISPATCH",4,2,40,"void convert_unary<float, __half>(void const*, __half*, long, long, long, HIP_vector_type<unsigned int, 3u>, long, long, long)",610,22442994382331,22442994441444,0,0,256,1,1,2228224,1,1
"KERNEL_DISPATCH",4,2,79,"tile_fp16_reduce(float const*, float*, int, int)",612,22442995637920,22442995680587,0,0,256,1,1,53248,1,1
"KERNEL_DISPATCH",4,2,78,"void tile_fp16_gemm<128, 64, 4, 8, 32>(__half const*, __half const*, float*, float*, int, int, long)",611,22442994441444,22442995637920,0,25088,256,1,1,6656,1,8
"KERNEL_DISPATCH",4,2,26,"void dequantize_block_iq3_s<__half>(void const*, __half*)",613,22442995705032,22442996166822,0,0,32,1,1,3620864,1,1
"KERNEL_DISPATCH",4,2,40,"void convert_unary<float, __half>(void const*, __half*, long, long, long, HIP_vector_type<unsigned int, 3u>, long, long, long)",614,22442996166822,22442996243269,0,0,256,1,1,2228224,1,1
"KERNEL_DISPATCH",4,2,79,"tile_fp16_reduce(float const*, float*, int, int)",616,22442997349964,22442997392188,0,0,256,1,1,53248,1,1
"KERNEL_DISPATCH",4,2,78,"void tile_fp16_gemm<128, 64, 4, 8, 32>(__half const*, __half const*, float*, float*, int, int, long)",615,22442996243269,22442997349964,0,25088,256,1,1,6656,1,8
"KERNEL_DISPATCH",4,2,26,"void dequantize_block_iq3_s<__half>(void const*, __half*)",617,22442997414707,22442997816939,0,0,32,1,1,3620864,1,1
"KERNEL_DISPATCH",4,2,40,"void convert_unary<float, __half>(void const*, __half*, long, long, long, HIP_vector_type<unsigned int, 3u>, long, long, long)",618,22442997816939,22442997876496,0,0,256,1,1,2228224,1,1
"KERNEL_DISPATCH",4,2,78,"void tile_fp16_gemm<128, 64, 4, 8, 32>(__half const*, __half const*, float*, float*, int, int, long)",619,22442997876496,22442999165271,0,25088,256,1,1,6656,1,8
"KERNEL_DISPATCH",4,2,79,"tile_fp16_reduce(float const*, float*, int, int)",620,22442999165271,22442999208679,0,0,256,1,1,53248,1,1
"KERNEL_DISPATCH",4,2,26,"void dequantize_block_iq3_s<__half>(void const*, __half*)",621,22442999234161,22442999653135,0,0,32,1,1,3620864,1,1
"KERNEL_DISPATCH",4,2,40,"void convert_unary<float, __half>(void const*, __half*, long, long, long, HIP_vector_type<unsigned int, 3u>, long, long, long)",622,22442999653135,22442999711952,0,0,256,1,1,2228224,1,1
"KERNEL_DISPATCH",4,2,78,"void tile_fp16_gemm<128, 64, 4, 8, 32>(__half const*, __half const*, float*, float*, int, int, long)",623,22442999711952,22443000961318,0,25088,256,1,1,6656,1,8
"KERNEL_DISPATCH",4,2,79,"tile_fp16_reduce(float const*, float*, int, int)",624,22443000961318,22443001005319,0,0,256,1,1,53248,1,1
"KERNEL_DISPATCH",4,2,26,"void dequantize_block_iq3_s<__half>(void const*, __half*)",625,22443001029319,22443001474072,0,0,32,1,1,3620864,1,1
"KERNEL_DISPATCH",4,2,40,"void convert_unary<float, __half>(void const*, __half*, long, long, long, HIP_vector_type<unsigned int, 3u>, long, long, long)",626,22443001474072,22443001532740,0,0,256,1,1,2228224,1,1
"KERNEL_DISPATCH",4,2,78,"void tile_fp16_gemm<128, 64, 4, 8, 32>(__half const*, __half const*, float*, float*, int, int, long)",627,22443001532740,22443002720771,0,25088,256,1,1,6656,1,8
"KERNEL_DISPATCH",4,2,79,"tile_fp16_reduce(float const*, float*, int, int)",628,22443002720771,22443002763883,0,0,256,1,1,53248,1,1
"KERNEL_DISPATCH",4,2,26,"void dequantize_block_iq3_s<__half>(void const*, __half*)",629,22443002788624,22443003251007,0,0,32,1,1,3620864,1,1
"KERNEL_DISPATCH",4,2,40,"void convert_unary<float, __half>(void const*, __half*, long, long, long, HIP_vector_type<unsigned int, 3u>, long, long, long)",630,22443003251007,22443003390418,0,0,256,1,1,2228224,1,1
"KERNEL_DISPATCH",4,2,78,"void tile_fp16_gemm<128, 64, 4, 8, 32>(__half const*, __half const*, float*, float*, int, int, long)",631,22443003390418,22443004480520,0,25088,256,1,1,6656,1,8
"KERNEL_DISPATCH",4,2,79,"tile_fp16_reduce(float const*, float*, int, int)",632,22443004480520,22443004522744,0,0,256,1,1,53248,1,1
"KERNEL_DISPATCH",4,2,26,"void dequantize_block_iq3_s<__half>(void const*, __half*)",633,22443004545559,22443004947940,0,0,32,1,1,3620864,1,1
"KERNEL_DISPATCH",4,2,40,"void convert_unary<float, __half>(void const*, __half*, long, long, long, HIP_vector_type<unsigned int, 3u>, long, long, long)",634,22443004947940,22443005006904,0,0,256,1,1,2228224,1,1
"KERNEL_DISPATCH",4,2,78,"void tile_fp16_gemm<128, 64, 4, 8, 32>(__half const*, __half const*, float*, float*, int, int, long)",635,22443005006904,22443006085007,0,25088,256,1,1,6656,1,8
"KERNEL_DISPATCH",4,2,79,"tile_fp16_reduce(float const*, float*, int, int)",636,22443006085007,22443006127230,0,0,256,1,1,53248,1,1
"KERNEL_DISPATCH",4,2,26,"void dequantize_block_iq3_s<__half>(void const*, __half*)",637,22443006148564,22443006526944,0,0,32,1,1,3620864,1,1
"KERNEL_DISPATCH",4,2,40,"void convert_unary<float, __half>(void const*, __half*, long, long, long, HIP_vector_type<unsigned int, 3u>, long, long, long)",638,22443006526944,22443006580427,0,0,256,1,1,2228224,1,1
"KERNEL_DISPATCH",4,2,78,"void tile_fp16_gemm<128, 64, 4, 8, 32>(__half const*, __half const*, float*, float*, int, int, long)",639,22443006580427,22443007613046,0,25088,256,1,1,6656,1,8
"KERNEL_DISPATCH",4,2,79,"tile_fp16_reduce(float const*, float*, int, int)",640,22443007613046,22443007641936,0,0,256,1,1,53248,1,1
"KERNEL_DISPATCH",4,2,26,"void dequantize_block_iq3_s<__half>(void const*, __half*)",641,22443007663566,22443008065799,0,0,32,1,1,3620864,1,1
"KERNEL_DISPATCH",4,2,40,"void convert_unary<float, __half>(void const*, __half*, long, long, long, HIP_vector_type<unsigned int, 3u>, long, long, long)",642,22443008065799,22443008125208,0,0,256,1,1,2228224,1,1
"KERNEL_DISPATCH",4,2,78,"void tile_fp16_gemm<128, 64, 4, 8, 32>(__half const*, __half const*, float*, float*, int, int, long)",643,22443008125208,22443009215162,0,25088,256,1,1,6656,1,8
"KERNEL_DISPATCH",4,2,79,"tile_fp16_reduce(float const*, float*, int, int)",644,22443009215162,22443009259904,0,0,256,1,1,53248,1,1
"KERNEL_DISPATCH",4,2,26,"void dequantize_block_iq3_s<__half>(void const*, __half*)",645,22443009297831,22443009759769,0,0,32,1,1,3620864,1,1
"KERNEL_DISPATCH",4,2,40,"void convert_unary<float, __half>(void const*, __half*, long, long, long, HIP_vector_type<unsigned int, 3u>, long, long, long)",646,22443009759769,22443009836956,0,0,256,1,1,2228224,1,1
"KERNEL_DISPATCH",4,2,79,"tile_fp16_reduce(float const*, float*, int, int)",648,22443011207066,22443011250475,0,0,256,1,1,53248,1,1
"KERNEL_DISPATCH",4,2,78,"void tile_fp16_gemm<128, 64, 4, 8, 32>(__half const*, __half const*, float*, float*, int, int, long)",647,22443009836956,22443011207066,0,25088,256,1,1,6656,1,8
"KERNEL_DISPATCH",4,2,26,"void dequantize_block_iq3_s<__half>(void const*, __half*)",649,22443011273586,22443011682338,0,0,32,1,1,3620864,1,1
"KERNEL_DISPATCH",4,2,40,"void convert_unary<float, __half>(void const*, __half*, long, long, long, HIP_vector_type<unsigned int, 3u>, long, long, long)",650,22443011682338,22443011741450,0,0,256,1,1,2228224,1,1
"KERNEL_DISPATCH",4,2,78,"void tile_fp16_gemm<128, 64, 4, 8, 32>(__half const*, __half const*, float*, float*, int, int, long)",651,22443011741450,22443013018224,0,25088,256,1,1,6656,1,8
"KERNEL_DISPATCH",4,2,79,"tile_fp16_reduce(float const*, float*, int, int)",652,22443013018224,22443013060744,0,0,256,1,1,53248,1,1
"KERNEL_DISPATCH",4,2,26,"void dequantize_block_iq3_s<__half>(void const*, __half*)",653,22443013085485,22443013524163,0,0,32,1,1,3620864,1,1
"KERNEL_DISPATCH",4,2,40,"void convert_unary<float, __half>(void const*, __half*, long, long, long, HIP_vector_type<unsigned int, 3u>, long, long, long)",654,22443013524163,22443013583276,0,0,256,1,1,2228224,1,1
"KERNEL_DISPATCH",4,2,78,"void tile_fp16_gemm<128, 64, 4, 8, 32>(__half const*, __half const*, float*, float*, int, int, long)",655,22443013583534,22443014800158,0,25088,256,1,1,6656,1,8
"KERNEL_DISPATCH",4,2,79,"tile_fp16_reduce(float const*, float*, int, int)",656,22443014800158,22443014842826,0,0,256,1,1,53248,1,1
"KERNEL_DISPATCH",4,2,26,"void dequantize_block_iq3_s<__half>(void const*, __half*)",657,22443014867862,22443015326097,0,0,32,1,1,3620864,1,1
"KERNEL_DISPATCH",4,2,40,"void convert_unary<float, __half>(void const*, __half*, long, long, long, HIP_vector_type<unsigned int, 3u>, long, long, long)",658,22443015326097,22443015402988,0,0,256,1,1,2228224,1,1
"KERNEL_DISPATCH",4,2,79,"tile_fp16_reduce(float const*, float*, int, int)",660,22443016483905,22443016526276,0,0,256,1,1,53248,1,1
"KERNEL_DISPATCH",4,2,78,"void tile_fp16_gemm<128, 64, 4, 8, 32>(__half const*, __half const*, float*, float*, int, int, long)",659,22443015402988,22443016483905,0,25088,256,1,1,6656,1,8
"KERNEL_DISPATCH",4,2,26,"void dequantize_block_iq3_s<__half>(void const*, __half*)",661,22443016550721,22443016952954,0,0,32,1,1,3620864,1,1
"KERNEL_DISPATCH",4,2,40,"void convert_unary<float, __half>(void const*, __half*, long, long, long, HIP_vector_type<unsigned int, 3u>, long, long, long)",662,22443016952954,22443017011770,0,0,256,1,1,2228224,1,1
"KERNEL_DISPATCH",4,2,79,"tile_fp16_reduce(float const*, float*, int, int)",664,22443018094465,22443018136688,0,0,256,1,1,53248,1,1
"KERNEL_DISPATCH",4,2,78,"void tile_fp16_gemm<128, 64, 4, 8, 32>(__half const*, __half const*, float*, float*, int, int, long)",663,22443017011770,22443018094465,0,25088,256,1,1,6656,1,8
"KERNEL_DISPATCH",4,2,26,"void dequantize_block_iq3_s<__half>(void const*, __half*)",665,22443018161578,22443018563959,0,0,32,1,1,3620864,1,1
"KERNEL_DISPATCH",4,2,40,"void convert_unary<float, __half>(void const*, __half*, long, long, long, HIP_vector_type<unsigned int, 3u>, long, long, long)",666,22443018563959,22443018623516,0,0,256,1,1,2228224,1,1
"KERNEL_DISPATCH",4,2,79,"tile_fp16_reduce(float const*, float*, int, int)",668,22443019720433,22443019762657,0,0,256,1,1,53248,1,1
"KERNEL_DISPATCH",4,2,78,"void tile_fp16_gemm<128, 64, 4, 8, 32>(__half const*, __half const*, float*, float*, int, int, long)",667,22443018623516,22443019720433,0,25088,256,1,1,6656,1,8
"KERNEL_DISPATCH",4,2,26,"void dequantize_block_iq3_s<__half>(void const*, __half*)",669,22443019785028,22443020187557,0,0,32,1,1,3620864,1,1
"KERNEL_DISPATCH",4,2,40,"void convert_unary<float, __half>(void const*, __half*, long, long, long, HIP_vector_type<unsigned int, 3u>, long, long, long)",670,22443020187557,22443020246373,0,0,256,1,1,2228224,1,1
"KERNEL_DISPATCH",4,2,78,"void tile_fp16_gemm<128, 64, 4, 8, 32>(__half const*, __half const*, float*, float*, int, int, long)",671,22443020246373,22443021334105,0,25088,256,1,1,6656,1,8
"KERNEL_DISPATCH",4,2,79,"tile_fp16_reduce(float const*, float*, int, int)",672,22443021334105,22443021376328,0,0,256,1,1,53248,1,1
"KERNEL_DISPATCH",4,2,26,"void dequantize_block_iq3_s<__half>(void const*, __half*)",673,22443021398551,22443021800784,0,0,32,1,1,3620864,1,1
"KERNEL_DISPATCH",4,2,40,"void convert_unary<float, __half>(void const*, __half*, long, long, long, HIP_vector_type<unsigned int, 3u>, long, long, long)",674,22443021800784,22443021922861,0,0,256,1,1,2228224,1,1
"KERNEL_DISPATCH",4,2,78,"void tile_fp16_gemm<128, 64, 4, 8, 32>(__half const*, __half const*, float*, float*, int, int, long)",675,22443021922861,22443022973852,0,25088,256,1,1,6656,1,8
"KERNEL_DISPATCH",4,2,79,"tile_fp16_reduce(float const*, float*, int, int)",676,22443022973852,22443023023186,0,0,256,1,1,53248,1,1
"KERNEL_DISPATCH",4,2,26,"void dequantize_block_iq3_s<__half>(void const*, __half*)",677,22443023043927,22443023404678,0,0,32,1,1,3620864,1,1
"KERNEL_DISPATCH",4,2,40,"void convert_unary<float, __half>(void const*, __half*, long, long, long, HIP_vector_type<unsigned int, 3u>, long, long, long)",678,22443023404678,22443023458309,0,0,256,1,1,2228224,1,1
"KERNEL_DISPATCH",4,2,78,"void tile_fp16_gemm<128, 64, 4, 8, 32>(__half const*, __half const*, float*, float*, int, int, long)",679,22443023458309,22443024485298,0,25088,256,1,1,6656,1,8
"KERNEL_DISPATCH",4,2,79,"tile_fp16_reduce(float const*, float*, int, int)",680,22443024485298,22443024514188,0,0,256,1,1,53248,1,1
"KERNEL_DISPATCH",4,2,26,"void dequantize_block_iq3_s<__half>(void const*, __half*)",681,22443024535966,22443024938051,0,0,32,1,1,3620864,1,1
"KERNEL_DISPATCH",4,2,40,"void convert_unary<float, __half>(void const*, __half*, long, long, long, HIP_vector_type<unsigned int, 3u>, long, long, long)",682,22443024938051,22443024996571,0,0,256,1,1,2228224,1,1
"KERNEL_DISPATCH",4,2,78,"void tile_fp16_gemm<128, 64, 4, 8, 32>(__half const*, __half const*, float*, float*, int, int, long)",683,22443024996571,22443026088007,0,25088,256,1,1,6656,1,8
"KERNEL_DISPATCH",4,2,79,"tile_fp16_reduce(float const*, float*, int, int)",684,22443026088007,22443026130082,0,0,256,1,1,53248,1,1
"KERNEL_DISPATCH",4,2,26,"void dequantize_block_iq3_s<__half>(void const*, __half*)",685,22443026152601,22443026555130,0,0,32,1,1,3620864,1,1
"KERNEL_DISPATCH",4,2,40,"void convert_unary<float, __half>(void const*, __half*, long, long, long, HIP_vector_type<unsigned int, 3u>, long, long, long)",686,22443026555130,22443026613946,0,0,256,1,1,2228224,1,1
"KERNEL_DISPATCH",4,2,79,"tile_fp16_reduce(float const*, float*, int, int)",688,22443027878868,22443027921832,0,0,256,1,1,53248,1,1
"KERNEL_DISPATCH",4,2,78,"void tile_fp16_gemm<128, 64, 4, 8, 32>(__half const*, __half const*, float*, float*, int, int, long)",687,22443026613946,22443027878868,0,25088,256,1,1,6656,1,8
"KERNEL_DISPATCH",4,2,26,"void dequantize_block_iq3_s<__half>(void const*, __half*)",689,22443027947166,22443028403178,0,0,32,1,1,3620864,1,1
"KERNEL_DISPATCH",4,2,40,"void convert_unary<float, __half>(void const*, __half*, long, long, long, HIP_vector_type<unsigned int, 3u>, long, long, long)",690,22443028403178,22443028462291,0,0,256,1,1,2228224,1,1
"KERNEL_DISPATCH",4,2,78,"void tile_fp16_gemm<128, 64, 4, 8, 32>(__half const*, __half const*, float*, float*, int, int, long)",691,22443028462291,22443029678915,0,25088,256,1,1,6656,1,8
"KERNEL_DISPATCH",4,2,79,"tile_fp16_reduce(float const*, float*, int, int)",692,22443029678915,22443029721583,0,0,256,1,1,53248,1,1
"KERNEL_DISPATCH",4,2,26,"void dequantize_block_iq3_s<__half>(void const*, __half*)",693,22443029746324,22443030208114,0,0,32,1,1,3620864,1,1
"KERNEL_DISPATCH",4,2,40,"void convert_unary<float, __half>(void const*, __half*, long, long, long, HIP_vector_type<unsigned int, 3u>, long, long, long)",694,22443030208114,22443030285005,0,0,256,1,1,2228224,1,1
"KERNEL_DISPATCH",4,2,78,"void tile_fp16_gemm<128, 64, 4, 8, 32>(__half const*, __half const*, float*, float*, int, int, long)",695,22443030285005,22443031385330,0,25088,256,1,1,6656,1,8
"KERNEL_DISPATCH",4,2,79,"tile_fp16_reduce(float const*, float*, int, int)",696,22443031385330,22443031427553,0,0,256,1,1,53248,1,1
"KERNEL_DISPATCH",4,2,26,"void dequantize_block_iq3_s<__half>(void const*, __half*)",697,22443031449628,22443031852305,0,0,32,1,1,3620864,1,1
"KERNEL_DISPATCH",4,2,40,"void convert_unary<float, __half>(void const*, __half*, long, long, long, HIP_vector_type<unsigned int, 3u>, long, long, long)",698,22443031852305,22443031911270,0,0,256,1,1,2228224,1,1
"KERNEL_DISPATCH",4,2,78,"void tile_fp16_gemm<128, 64, 4, 8, 32>(__half const*, __half const*, float*, float*, int, int, long)",699,22443031911270,22443032992483,0,25088,256,1,1,6656,1,8
"KERNEL_DISPATCH",4,2,79,"tile_fp16_reduce(float const*, float*, int, int)",700,22443032992483,22443033035447,0,0,256,1,1,53248,1,1
"KERNEL_DISPATCH",4,2,26,"void dequantize_block_iq3_s<__half>(void const*, __half*)",701,22443033056929,22443033445384,0,0,32,1,1,3620864,1,1
"KERNEL_DISPATCH",4,2,40,"void convert_unary<float, __half>(void const*, __half*, long, long, long, HIP_vector_type<unsigned int, 3u>, long, long, long)",702,22443033445384,22443033498719,0,0,256,1,1,2228224,1,1
"KERNEL_DISPATCH",4,2,78,"void tile_fp16_gemm<128, 64, 4, 8, 32>(__half const*, __half const*, float*, float*, int, int, long)",703,22443033498719,22443034540079,0,25088,256,1,1,6656,1,8
"KERNEL_DISPATCH",4,2,79,"tile_fp16_reduce(float const*, float*, int, int)",704,22443034540079,22443034569265,0,0,256,1,1,53248,1,1
"KERNEL_DISPATCH",4,2,26,"void dequantize_block_iq3_s<__half>(void const*, __half*)",705,22443034599488,22443035001573,0,0,32,1,1,3620864,1,1
"KERNEL_DISPATCH",4,2,40,"void convert_unary<float, __half>(void const*, __half*, long, long, long, HIP_vector_type<unsigned int, 3u>, long, long, long)",706,22443035001573,22443035060833,0,0,256,1,1,2228224,1,1
"KERNEL_DISPATCH",4,2,78,"void tile_fp16_gemm<128, 64, 4, 8, 32>(__half const*, __half const*, float*, float*, int, int, long)",707,22443035060833,22443036137454,0,25088,256,1,1,6656,1,8
"KERNEL_DISPATCH",4,2,79,"tile_fp16_reduce(float const*, float*, int, int)",708,22443036137454,22443036180270,0,0,256,1,1,53248,1,1
"KERNEL_DISPATCH",4,2,26,"void dequantize_block_iq3_s<__half>(void const*, __half*)",709,22443036202641,22443036671838,0,0,32,1,1,3620864,1,1
"KERNEL_DISPATCH",4,2,40,"void convert_unary<float, __half>(void const*, __half*, long, long, long, HIP_vector_type<unsigned int, 3u>, long, long, long)",710,22443036671838,22443036748433,0,0,256,1,1,2228224,1,1
"KERNEL_DISPATCH",4,2,78,"void tile_fp16_gemm<128, 64, 4, 8, 32>(__half const*, __half const*, float*, float*, int, int, long)",711,22443036748433,22443038146099,0,25088,256,1,1,6656,1,8
"KERNEL_DISPATCH",4,2,79,"tile_fp16_reduce(float const*, float*, int, int)",712,22443038146099,22443038188915,0,0,256,1,1,53248,1,1
"KERNEL_DISPATCH",4,2,26,"void dequantize_block_iq3_s<__half>(void const*, __half*)",713,22443038215879,22443038629075,0,0,32,1,1,3620864,1,1
"KERNEL_DISPATCH",4,2,40,"void convert_unary<float, __half>(void const*, __half*, long, long, long, HIP_vector_type<unsigned int, 3u>, long, long, long)",714,22443038629075,22443038687891,0,0,256,1,1,2228224,1,1
"KERNEL_DISPATCH",4,2,78,"void tile_fp16_gemm<128, 64, 4, 8, 32>(__half const*, __half const*, float*, float*, int, int, long)",715,22443038687891,22443039929849,0,25088,256,1,1,6656,1,8
"KERNEL_DISPATCH",4,2,79,"tile_fp16_reduce(float const*, float*, int, int)",716,22443039929849,22443039972961,0,0,256,1,1,53248,1,1
"KERNEL_DISPATCH",4,2,26,"void dequantize_block_iq3_s<__half>(void const*, __half*)",717,22443039998592,22443040447640,0,0,32,1,1,3620864,1,1
"KERNEL_DISPATCH",4,2,40,"void convert_unary<float, __half>(void const*, __half*, long, long, long, HIP_vector_type<unsigned int, 3u>, long, long, long)",718,22443040447640,22443040506605,0,0,256,1,1,2228224,1,1
"KERNEL_DISPATCH",4,2,78,"void tile_fp16_gemm<128, 64, 4, 8, 32>(__half const*, __half const*, float*, float*, int, int, long)",719,22443040506605,22443041747823,0,25088,256,1,1,6656,1,8
"KERNEL_DISPATCH",4,2,79,"tile_fp16_reduce(float const*, float*, int, int)",720,22443041747823,22443041790935,0,0,256,1,1,53248,1,1
"KERNEL_DISPATCH",4,2,26,"void dequantize_block_iq3_s<__half>(void const*, __half*)",721,22443041815676,22443042277762,0,0,32,1,1,3620864,1,1
"KERNEL_DISPATCH",4,2,40,"void convert_unary<float, __half>(void const*, __half*, long, long, long, HIP_vector_type<unsigned int, 3u>, long, long, long)",722,22443042277762,22443042364135,0,0,256,1,1,2228224,1,1
"KERNEL_DISPATCH",4,2,78,"void tile_fp16_gemm<128, 64, 4, 8, 32>(__half const*, __half const*, float*, float*, int, int, long)",723,22443042364135,22443043441644,0,25088,256,1,1,6656,1,8
"KERNEL_DISPATCH",4,2,79,"tile_fp16_reduce(float const*, float*, int, int)",724,22443043441644,22443043485349,0,0,256,1,1,53248,1,1
"KERNEL_DISPATCH",4,2,26,"void dequantize_block_iq3_s<__half>(void const*, __half*)",725,22443043515128,22443043917509,0,0,32,1,1,3620864,1,1
"KERNEL_DISPATCH",4,2,40,"void convert_unary<float, __half>(void const*, __half*, long, long, long, HIP_vector_type<unsigned int, 3u>, long, long, long)",726,22443043917509,22443043976473,0,0,256,1,1,2228224,1,1
"KERNEL_DISPATCH",4,2,78,"void tile_fp16_gemm<128, 64, 4, 8, 32>(__half const*, __half const*, float*, float*, int, int, long)",727,22443043976473,22443045049983,0,25088,256,1,1,6656,1,8
"KERNEL_DISPATCH",4,2,79,"tile_fp16_reduce(float const*, float*, int, int)",728,22443045049983,22443045091465,0,0,256,1,1,53248,1,1
"KERNEL_DISPATCH",4,2,26,"void dequantize_block_iq3_s<__half>(void const*, __half*)",729,22443045113984,22443045495624,0,0,32,1,1,3620864,1,1
"KERNEL_DISPATCH",4,2,40,"void convert_unary<float, __half>(void const*, __half*, long, long, long, HIP_vector_type<unsigned int, 3u>, long, long, long)",730,22443045495624,22443045548662,0,0,256,1,1,2228224,1,1
"KERNEL_DISPATCH",4,2,78,"void tile_fp16_gemm<128, 64, 4, 8, 32>(__half const*, __half const*, float*, float*, int, int, long)",731,22443045548662,22443046583949,0,25088,256,1,1,6656,1,8
"KERNEL_DISPATCH",4,2,79,"tile_fp16_reduce(float const*, float*, int, int)",732,22443046583949,22443046612690,0,0,256,1,1,53248,1,1
"KERNEL_DISPATCH",4,2,26,"void dequantize_block_iq3_s<__half>(void const*, __half*)",733,22443046635209,22443047037738,0,0,32,1,1,3620864,1,1
"KERNEL_DISPATCH",4,2,40,"void convert_unary<float, __half>(void const*, __half*, long, long, long, HIP_vector_type<unsigned int, 3u>, long, long, long)",734,22443047037738,22443047096703,0,0,256,1,1,2228224,1,1
"KERNEL_DISPATCH",4,2,79,"tile_fp16_reduce(float const*, float*, int, int)",736,22443048174805,22443048217473,0,0,256,1,1,53248,1,1
"KERNEL_DISPATCH",4,2,78,"void tile_fp16_gemm<128, 64, 4, 8, 32>(__half const*, __half const*, float*, float*, int, int, long)",735,22443047096703,22443048174805,0,25088,256,1,1,6656,1,8
"KERNEL_DISPATCH",4,2,26,"void dequantize_block_iq3_s<__half>(void const*, __half*)",737,22443048242066,22443048711560,0,0,32,1,1,3620864,1,1
"KERNEL_DISPATCH",4,2,40,"void convert_unary<float, __half>(void const*, __half*, long, long, long, HIP_vector_type<unsigned int, 3u>, long, long, long)",738,22443048711560,22443048787710,0,0,256,1,1,2228224,1,1
"KERNEL_DISPATCH",4,2,79,"tile_fp16_reduce(float const*, float*, int, int)",740,22443050158560,22443050202710,0,0,256,1,1,53248,1,1
"KERNEL_DISPATCH",4,2,78,"void tile_fp16_gemm<128, 64, 4, 8, 32>(__half const*, __half const*, float*, float*, int, int, long)",739,22443048787710,22443050158560,0,25088,256,1,1,6656,1,8
"KERNEL_DISPATCH",4,2,26,"void dequantize_block_iq3_s<__half>(void const*, __half*)",741,22443050229673,22443050641091,0,0,32,1,1,3620864,1,1
"KERNEL_DISPATCH",4,2,40,"void convert_unary<float, __half>(void const*, __half*, long, long, long, HIP_vector_type<unsigned int, 3u>, long, long, long)",742,22443050641091,22443050699908,0,0,256,1,1,2228224,1,1
"KERNEL_DISPATCH",4,2,79,"tile_fp16_reduce(float const*, float*, int, int)",744,22443051942607,22443051985867,0,0,256,1,1,53248,1,1
"KERNEL_DISPATCH",4,2,78,"void tile_fp16_gemm<128, 64, 4, 8, 32>(__half const*, __half const*, float*, float*, int, int, long)",743,22443050699908,22443051942607,0,25088,256,1,1,6656,1,8
"KERNEL_DISPATCH",4,2,26,"void dequantize_block_iq3_s<__half>(void const*, __half*)",745,22443052012979,22443052460991,0,0,32,1,1,3620864,1,1
"KERNEL_DISPATCH",4,2,40,"void convert_unary<float, __half>(void const*, __half*, long, long, long, HIP_vector_type<unsigned int, 3u>, long, long, long)",746,22443052460991,22443052519807,0,0,256,1,1,2228224,1,1
"KERNEL_DISPATCH",4,2,78,"void tile_fp16_gemm<128, 64, 4, 8, 32>(__half const*, __half const*, float*, float*, int, int, long)",747,22443052519807,22443053713023,0,25088,256,1,1,6656,1,8
"KERNEL_DISPATCH",4,2,79,"tile_fp16_reduce(float const*, float*, int, int)",748,22443053713023,22443053756136,0,0,256,1,1,53248,1,1
"KERNEL_DISPATCH",4,2,26,"void dequantize_block_iq3_s<__half>(void const*, __half*)",749,22443053782062,22443054244000,0,0,32,1,1,3620864,1,1
"KERNEL_DISPATCH",4,2,40,"void convert_unary<float, __half>(void const*, __half*, long, long, long, HIP_vector_type<unsigned int, 3u>, long, long, long)",750,22443054244000,22443054321632,0,0,256,1,1,2228224,1,1
"KERNEL_DISPATCH",4,2,78,"void tile_fp16_gemm<128, 64, 4, 8, 32>(__half const*, __half const*, float*, float*, int, int, long)",751,22443054321632,22443055437513,0,25088,256,1,1,6656,1,8
"KERNEL_DISPATCH",4,2,79,"tile_fp16_reduce(float const*, float*, int, int)",752,22443055437513,22443055480329,0,0,256,1,1,53248,1,1
"KERNEL_DISPATCH",4,2,26,"void dequantize_block_iq3_s<__half>(void const*, __half*)",753,22443055502255,22443055904488,0,0,32,1,1,3620864,1,1
"KERNEL_DISPATCH",4,2,40,"void convert_unary<float, __half>(void const*, __half*, long, long, long, HIP_vector_type<unsigned int, 3u>, long, long, long)",754,22443055904488,22443055964045,0,0,256,1,1,2228224,1,1
"KERNEL_DISPATCH",4,2,78,"void tile_fp16_gemm<128, 64, 4, 8, 32>(__half const*, __half const*, float*, float*, int, int, long)",755,22443055964045,22443057055333,0,25088,256,1,1,6656,1,8
"KERNEL_DISPATCH",4,2,79,"tile_fp16_reduce(float const*, float*, int, int)",756,22443057055333,22443057097556,0,0,256,1,1,53248,1,1
"KERNEL_DISPATCH",4,2,26,"void dequantize_block_iq3_s<__half>(void const*, __half*)",757,22446904856995,22446905061297,0,0,32,1,1,2129920,1,1
"KERNEL_DISPATCH",4,2,40,"void convert_unary<float, __half>(void const*, __half*, long, long, long, HIP_vector_type<unsigned int, 3u>, long, long, long)",758,22446905061297,22446905079963,0,0,256,1,1,655360,1,1
"KERNEL_DISPATCH",4,2,78,"void tile_fp16_gemm<128, 64, 4, 8, 32>(__half const*, __half const*, float*, float*, int, int, long)",759,22446905079963,22446905738054,0,25088,256,1,1,13312,1,8
"KERNEL_DISPATCH",4,2,79,"tile_fp16_reduce(float const*, float*, int, int)",760,22446905738054,22446905785463,0,0,256,1,1,106496,1,1
"KERNEL_DISPATCH",4,2,26,"void dequantize_block_iq3_s<__half>(void const*, __half*)",761,22446906107101,22446906307699,0,0,32,1,1,2129920,1,1
"KERNEL_DISPATCH",4,2,40,"void convert_unary<float, __half>(void const*, __half*, long, long, long, HIP_vector_type<unsigned int, 3u>, long, long, long)",762,22446906307699,22446906324885,0,0,256,1,1,655360,1,1
"KERNEL_DISPATCH",4,2,78,"void tile_fp16_gemm<128, 64, 4, 8, 32>(__half const*, __half const*, float*, float*, int, int, long)",763,22446906324885,22446906989346,0,25088,256,1,1,13312,1,8
"KERNEL_DISPATCH",4,2,79,"tile_fp16_reduce(float const*, float*, int, int)",764,22446906989346,22446907033644,0,0,256,1,1,106496,1,1
"KERNEL_DISPATCH",4,2,26,"void dequantize_block_iq3_s<__half>(void const*, __half*)",765,22446907056163,22446907256761,0,0,32,1,1,2129920,1,1
"KERNEL_DISPATCH",4,2,40,"void convert_unary<float, __half>(void const*, __half*, long, long, long, HIP_vector_type<unsigned int, 3u>, long, long, long)",766,22446907256761,22446907274835,0,0,256,1,1,655360,1,1
"KERNEL_DISPATCH",4,2,78,"void tile_fp16_gemm<128, 64, 4, 8, 32>(__half const*, __half const*, float*, float*, int, int, long)",767,22446907274835,22446907926704,0,25088,256,1,1,13312,1,8
"KERNEL_DISPATCH",4,2,79,"tile_fp16_reduce(float const*, float*, int, int)",768,22446907926704,22446907972039,0,0,256,1,1,106496,1,1
"KERNEL_DISPATCH",4,2,26,"void dequantize_block_iq3_s<__half>(void const*, __half*)",769,22446907993373,22446908193674,0,0,32,1,1,2129920,1,1
"KERNEL_DISPATCH",4,2,40,"void convert_unary<float, __half>(void const*, __half*, long, long, long, HIP_vector_type<unsigned int, 3u>, long, long, long)",770,22446908193674,22446908210860,0,0,256,1,1,655360,1,1
"KERNEL_DISPATCH",4,2,78,"void tile_fp16_gemm<128, 64, 4, 8, 32>(__half const*, __half const*, float*, float*, int, int, long)",771,22446908210860,22446908861099,0,25088,256,1,1,13312,1,8
"KERNEL_DISPATCH",4,2,79,"tile_fp16_reduce(float const*, float*, int, int)",772,22446908861099,22446908905989,0,0,256,1,1,106496,1,1
"KERNEL_DISPATCH",4,2,26,"void dequantize_block_iq3_s<__half>(void const*, __half*)",773,22446908927027,22446909140366,0,0,32,1,1,2129920,1,1
"KERNEL_DISPATCH",4,2,40,"void convert_unary<float, __half>(void const*, __half*, long, long, long, HIP_vector_type<unsigned int, 3u>, long, long, long)",774,22446909140366,22446909158885,0,0,256,1,1,655360,1,1
"KERNEL_DISPATCH",4,2,78,"void tile_fp16_gemm<128, 64, 4, 8, 32>(__half const*, __half const*, float*, float*, int, int, long)",775,22446909158885,22446909800235,0,25088,256,1,1,13312,1,8
"KERNEL_DISPATCH",4,2,79,"tile_fp16_reduce(float const*, float*, int, int)",776,22446909800235,22446909845717,0,0,256,1,1,106496,1,1
"KERNEL_DISPATCH",4,2,26,"void dequantize_block_iq3_s<__half>(void const*, __half*)",777,22446909867792,22446910081279,0,0,32,1,1,2129920,1,1
"KERNEL_DISPATCH",4,2,40,"void convert_unary<float, __half>(void const*, __half*, long, long, long, HIP_vector_type<unsigned int, 3u>, long, long, long)",778,22446910081279,22446910099502,0,0,256,1,1,655360,1,1
"KERNEL_DISPATCH",4,2,78,"void tile_fp16_gemm<128, 64, 4, 8, 32>(__half const*, __half const*, float*, float*, int, int, long)",779,22446910099502,22446910746630,0,25088,256,1,1,13312,1,8
"KERNEL_DISPATCH",4,2,79,"tile_fp16_reduce(float const*, float*, int, int)",780,22446910746630,22446910791075,0,0,256,1,1,106496,1,1
"KERNEL_DISPATCH",4,2,26,"void dequantize_block_iq3_s<__half>(void const*, __half*)",781,22446910812409,22446911025748,0,0,32,1,1,2129920,1,1
"KERNEL_DISPATCH",4,2,40,"void convert_unary<float, __half>(void const*, __half*, long, long, long, HIP_vector_type<unsigned int, 3u>, long, long, long)",782,22446911025748,22446911043675,0,0,256,1,1,655360,1,1
"KERNEL_DISPATCH",4,2,78,"void tile_fp16_gemm<128, 64, 4, 8, 32>(__half const*, __half const*, float*, float*, int, int, long)",783,22446911043675,22446911710803,0,25088,256,1,1,13312,1,8
"KERNEL_DISPATCH",4,2,79,"tile_fp16_reduce(float const*, float*, int, int)",784,22446911710803,22446911759841,0,0,256,1,1,106496,1,1
"KERNEL_DISPATCH",4,2,26,"void dequantize_block_iq3_s<__half>(void const*, __half*)",785,22446911782953,22446912020589,0,0,32,1,1,2129920,1,1
"KERNEL_DISPATCH",4,2,40,"void convert_unary<float, __half>(void const*, __half*, long, long, long, HIP_vector_type<unsigned int, 3u>, long, long, long)",786,22446912020589,22446912040886,0,0,256,1,1,655360,1,1
"KERNEL_DISPATCH",4,2,78,"void tile_fp16_gemm<128, 64, 4, 8, 32>(__half const*, __half const*, float*, float*, int, int, long)",787,22446912040886,22446912829795,0,25088,256,1,1,13312,1,8
"KERNEL_DISPATCH",4,2,79,"tile_fp16_reduce(float const*, float*, int, int)",788,22446912829795,22446912905057,0,0,256,1,1,106496,1,1
"KERNEL_DISPATCH",4,2,26,"void dequantize_block_iq3_s<__half>(void const*, __half*)",789,22446912932020,22446913205657,0,0,32,1,1,2129920,1,1
"KERNEL_DISPATCH",4,2,40,"void convert_unary<float, __half>(void const*, __half*, long, long, long, HIP_vector_type<unsigned int, 3u>, long, long, long)",790,22446913205657,22446913234250,0,0,256,1,1,655360,1,1
"KERNEL_DISPATCH",4,2,78,"void tile_fp16_gemm<128, 64, 4, 8, 32>(__half const*, __half const*, float*, float*, int, int, long)",791,22446913234250,22446914060939,0,25088,256,1,1,13312,1,8
"KERNEL_DISPATCH",4,2,79,"tile_fp16_reduce(float const*, float*, int, int)",792,22446914060939,22446914112792,0,0,256,1,1,106496,1,1
"KERNEL_DISPATCH",4,2,26,"void dequantize_block_iq3_s<__half>(void const*, __half*)",793,22446914136496,22446914374577,0,0,32,1,1,2129920,1,1
"KERNEL_DISPATCH",4,2,40,"void convert_unary<float, __half>(void const*, __half*, long, long, long, HIP_vector_type<unsigned int, 3u>, long, long, long)",794,22446914374577,22446914394429,0,0,256,1,1,655360,1,1
"KERNEL_DISPATCH",4,2,78,"void tile_fp16_gemm<128, 64, 4, 8, 32>(__half const*, __half const*, float*, float*, int, int, long)",795,22446914394429,22446915053854,0,25088,256,1,1,13312,1,8
"KERNEL_DISPATCH",4,2,79,"tile_fp16_reduce(float const*, float*, int, int)",796,22446915053854,22446915098447,0,0,256,1,1,106496,1,1
"KERNEL_DISPATCH",4,2,26,"void dequantize_block_iq3_s<__half>(void const*, __half*)",797,22446915119929,22446915333268,0,0,32,1,1,2129920,1,1
"KERNEL_DISPATCH",4,2,40,"void convert_unary<float, __half>(void const*, __half*, long, long, long, HIP_vector_type<unsigned int, 3u>, long, long, long)",798,22446915333268,22446915351491,0,0,256,1,1,655360,1,1
"KERNEL_DISPATCH",4,2,78,"void tile_fp16_gemm<128, 64, 4, 8, 32>(__half const*, __half const*, float*, float*, int, int, long)",799,22446915351491,22446915992100,0,25088,256,1,1,13312,1,8
"KERNEL_DISPATCH",4,2,79,"tile_fp16_reduce(float const*, float*, int, int)",800,22446915992100,22446916036546,0,0,256,1,1,106496,1,1
"KERNEL_DISPATCH",4,2,26,"void dequantize_block_iq3_s<__half>(void const*, __half*)",801,22446916057732,22446916271071,0,0,32,1,1,2129920,1,1
"KERNEL_DISPATCH",4,2,40,"void convert_unary<float, __half>(void const*, __half*, long, long, long, HIP_vector_type<unsigned int, 3u>, long, long, long)",802,22446916271071,22446916289441,0,0,256,1,1,655360,1,1
"KERNEL_DISPATCH",4,2,78,"void tile_fp16_gemm<128, 64, 4, 8, 32>(__half const*, __half const*, float*, float*, int, int, long)",803,22446916289441,22446916925458,0,25088,256,1,1,13312,1,8
"KERNEL_DISPATCH",4,2,79,"tile_fp16_reduce(float const*, float*, int, int)",804,22446916925458,22446916969755,0,0,256,1,1,106496,1,1
"KERNEL_DISPATCH",4,2,26,"void dequantize_block_iq3_s<__half>(void const*, __half*)",805,22446916991238,22446917204873,0,0,32,1,1,2129920,1,1
"KERNEL_DISPATCH",4,2,40,"void convert_unary<float, __half>(void const*, __half*, long, long, long, HIP_vector_type<unsigned int, 3u>, long, long, long)",806,22446917204873,22446917222947,0,0,256,1,1,655360,1,1
"KERNEL_DISPATCH",4,2,78,"void tile_fp16_gemm<128, 64, 4, 8, 32>(__half const*, __half const*, float*, float*, int, int, long)",807,22446917222947,22446917861631,0,25088,256,1,1,13312,1,8
"KERNEL_DISPATCH",4,2,79,"tile_fp16_reduce(float const*, float*, int, int)",808,22446917861631,22446917906521,0,0,256,1,1,106496,1,1
"KERNEL_DISPATCH",4,2,26,"void dequantize_block_iq3_s<__half>(void const*, __half*)",809,22446917928151,22446918141638,0,0,32,1,1,2129920,1,1
"KERNEL_DISPATCH",4,2,40,"void convert_unary<float, __half>(void const*, __half*, long, long, long, HIP_vector_type<unsigned int, 3u>, long, long, long)",810,22446918141638,22446918159564,0,0,256,1,1,655360,1,1
"KERNEL_DISPATCH",4,2,78,"void tile_fp16_gemm<128, 64, 4, 8, 32>(__half const*, __half const*, float*, float*, int, int, long)",811,22446918159564,22446918801507,0,25088,256,1,1,13312,1,8
"KERNEL_DISPATCH",4,2,79,"tile_fp16_reduce(float const*, float*, int, int)",812,22446918801507,22446918846693,0,0,256,1,1,106496,1,1
"KERNEL_DISPATCH",4,2,26,"void dequantize_block_iq3_s<__half>(void const*, __half*)",813,22446918868027,22446919081663,0,0,32,1,1,2129920,1,1
"KERNEL_DISPATCH",4,2,40,"void convert_unary<float, __half>(void const*, __half*, long, long, long, HIP_vector_type<unsigned int, 3u>, long, long, long)",814,22446919081663,22446919099441,0,0,256,1,1,655360,1,1
"KERNEL_DISPATCH",4,2,78,"void tile_fp16_gemm<128, 64, 4, 8, 32>(__half const*, __half const*, float*, float*, int, int, long)",815,22446919099441,22446919771458,0,25088,256,1,1,13312,1,8
"KERNEL_DISPATCH",4,2,79,"tile_fp16_reduce(float const*, float*, int, int)",816,22446919771458,22446919821682,0,0,256,1,1,106496,1,1
"KERNEL_DISPATCH",4,2,26,"void dequantize_block_iq3_s<__half>(void const*, __half*)",817,22446919844942,22446920083022,0,0,32,1,1,2129920,1,1
"KERNEL_DISPATCH",4,2,40,"void convert_unary<float, __half>(void const*, __half*, long, long, long, HIP_vector_type<unsigned int, 3u>, long, long, long)",818,22446920083022,22446920103171,0,0,256,1,1,655360,1,1
"KERNEL_DISPATCH",4,2,78,"void tile_fp16_gemm<128, 64, 4, 8, 32>(__half const*, __half const*, float*, float*, int, int, long)",819,22446920103171,22446920885265,0,25088,256,1,1,13312,1,8
"KERNEL_DISPATCH",4,2,79,"tile_fp16_reduce(float const*, float*, int, int)",820,22446920885265,22446920960230,0,0,256,1,1,106496,1,1
"KERNEL_DISPATCH",4,2,26,"void dequantize_block_iq3_s<__half>(void const*, __half*)",821,22446920987342,22446921260534,0,0,32,1,1,2129920,1,1
"KERNEL_DISPATCH",4,2,40,"void convert_unary<float, __half>(void const*, __half*, long, long, long, HIP_vector_type<unsigned int, 3u>, long, long, long)",822,22446921260534,22446921289276,0,0,256,1,1,655360,1,1
"KERNEL_DISPATCH",4,2,78,"void tile_fp16_gemm<128, 64, 4, 8, 32>(__half const*, __half const*, float*, float*, int, int, long)",823,22446921289276,22446922087223,0,25088,256,1,1,13312,1,8
"KERNEL_DISPATCH",4,2,79,"tile_fp16_reduce(float const*, float*, int, int)",824,22446922087223,22446922137742,0,0,256,1,1,106496,1,1
"KERNEL_DISPATCH",4,2,26,"void dequantize_block_iq3_s<__half>(void const*, __half*)",825,22446922161595,22446922399527,0,0,32,1,1,2129920,1,1
"KERNEL_DISPATCH",4,2,40,"void convert_unary<float, __half>(void const*, __half*, long, long, long, HIP_vector_type<unsigned int, 3u>, long, long, long)",826,22446922399527,22446922419676,0,0,256,1,1,655360,1,1
"KERNEL_DISPATCH",4,2,78,"void tile_fp16_gemm<128, 64, 4, 8, 32>(__half const*, __half const*, float*, float*, int, int, long)",827,22446922419676,22446923082212,0,25088,256,1,1,13312,1,8
"KERNEL_DISPATCH",4,2,79,"tile_fp16_reduce(float const*, float*, int, int)",828,22446923082212,22446923127250,0,0,256,1,1,106496,1,1
"KERNEL_DISPATCH",4,2,26,"void dequantize_block_iq3_s<__half>(void const*, __half*)",829,22446923149324,22446923362812,0,0,32,1,1,2129920,1,1
"KERNEL_DISPATCH",4,2,40,"void convert_unary<float, __half>(void const*, __half*, long, long, long, HIP_vector_type<unsigned int, 3u>, long, long, long)",830,22446923362812,22446923381034,0,0,256,1,1,655360,1,1
"KERNEL_DISPATCH",4,2,78,"void tile_fp16_gemm<128, 64, 4, 8, 32>(__half const*, __half const*, float*, float*, int, int, long)",831,22446923381034,22446924028755,0,25088,256,1,1,13312,1,8
"KERNEL_DISPATCH",4,2,79,"tile_fp16_reduce(float const*, float*, int, int)",832,22446924028755,22446924074682,0,0,256,1,1,106496,1,1
"KERNEL_DISPATCH",4,2,26,"void dequantize_block_iq3_s<__half>(void const*, __half*)",833,22446924098386,22446924311577,0,0,32,1,1,2129920,1,1
"KERNEL_DISPATCH",4,2,40,"void convert_unary<float, __half>(void const*, __half*, long, long, long, HIP_vector_type<unsigned int, 3u>, long, long, long)",834,22446924311577,22446924329948,0,0,256,1,1,655360,1,1
"KERNEL_DISPATCH",4,2,78,"void tile_fp16_gemm<128, 64, 4, 8, 32>(__half const*, __half const*, float*, float*, int, int, long)",835,22446924329948,22446924962853,0,25088,256,1,1,13312,1,8
"KERNEL_DISPATCH",4,2,79,"tile_fp16_reduce(float const*, float*, int, int)",836,22446924962853,22446925008040,0,0,256,1,1,106496,1,1
"KERNEL_DISPATCH",4,2,26,"void dequantize_block_iq3_s<__half>(void const*, __half*)",837,22446925031892,22446925245231,0,0,32,1,1,2129920,1,1
"KERNEL_DISPATCH",4,2,40,"void convert_unary<float, __half>(void const*, __half*, long, long, long, HIP_vector_type<unsigned int, 3u>, long, long, long)",838,22446925245231,22446925263602,0,0,256,1,1,655360,1,1
"KERNEL_DISPATCH",4,2,78,"void tile_fp16_gemm<128, 64, 4, 8, 32>(__half const*, __half const*, float*, float*, int, int, long)",839,22446925263602,22446925896063,0,25088,256,1,1,13312,1,8
"KERNEL_DISPATCH",4,2,79,"tile_fp16_reduce(float const*, float*, int, int)",840,22446925896063,22446925941101,0,0,256,1,1,106496,1,1
"KERNEL_DISPATCH",4,2,26,"void dequantize_block_iq3_s<__half>(void const*, __half*)",841,22446925962731,22446926176218,0,0,32,1,1,2129920,1,1
"KERNEL_DISPATCH",4,2,40,"void convert_unary<float, __half>(void const*, __half*, long, long, long, HIP_vector_type<unsigned int, 3u>, long, long, long)",842,22446926176218,22446926194441,0,0,256,1,1,655360,1,1
"KERNEL_DISPATCH",4,2,78,"void tile_fp16_gemm<128, 64, 4, 8, 32>(__half const*, __half const*, float*, float*, int, int, long)",843,22446926194441,22446926826310,0,25088,256,1,1,13312,1,8
"KERNEL_DISPATCH",4,2,79,"tile_fp16_reduce(float const*, float*, int, int)",844,22446926826310,22446926870607,0,0,256,1,1,106496,1,1
"KERNEL_DISPATCH",4,2,26,"void dequantize_block_iq3_s<__half>(void const*, __half*)",845,22446926891941,22446927105428,0,0,32,1,1,2129920,1,1
"KERNEL_DISPATCH",4,2,40,"void convert_unary<float, __half>(void const*, __half*, long, long, long, HIP_vector_type<unsigned int, 3u>, long, long, long)",846,22446927105428,22446927123503,0,0,256,1,1,655360,1,1
"KERNEL_DISPATCH",4,2,78,"void tile_fp16_gemm<128, 64, 4, 8, 32>(__half const*, __half const*, float*, float*, int, int, long)",847,22446927123503,22446927793446,0,25088,256,1,1,13312,1,8
"KERNEL_DISPATCH",4,2,79,"tile_fp16_reduce(float const*, float*, int, int)",848,22446927793446,22446927843077,0,0,256,1,1,106496,1,1
"KERNEL_DISPATCH",4,2,26,"void dequantize_block_iq3_s<__half>(void const*, __half*)",849,22446927866633,22446928104565,0,0,32,1,1,2129920,1,1
"KERNEL_DISPATCH",4,2,40,"void convert_unary<float, __half>(void const*, __half*, long, long, long, HIP_vector_type<unsigned int, 3u>, long, long, long)",850,22446928104565,22446928124566,0,0,256,1,1,655360,1,1
"KERNEL_DISPATCH",4,2,78,"void tile_fp16_gemm<128, 64, 4, 8, 32>(__half const*, __half const*, float*, float*, int, int, long)",851,22446928124566,22446928918216,0,25088,256,1,1,13312,1,8
"KERNEL_DISPATCH",4,2,79,"tile_fp16_reduce(float const*, float*, int, int)",852,22446928918216,22446928994070,0,0,256,1,1,106496,1,1
"KERNEL_DISPATCH",4,2,26,"void dequantize_block_iq3_s<__half>(void const*, __half*)",853,22446929021034,22446929294670,0,0,32,1,1,2129920,1,1
"KERNEL_DISPATCH",4,2,40,"void convert_unary<float, __half>(void const*, __half*, long, long, long, HIP_vector_type<unsigned int, 3u>, long, long, long)",854,22446929294670,22446929322523,0,0,256,1,1,655360,1,1
"KERNEL_DISPATCH",4,2,78,"void tile_fp16_gemm<128, 64, 4, 8, 32>(__half const*, __half const*, float*, float*, int, int, long)",855,22446929322523,22446930119581,0,25088,256,1,1,13312,1,8
"KERNEL_DISPATCH",4,2,79,"tile_fp16_reduce(float const*, float*, int, int)",856,22446930119581,22446930169804,0,0,256,1,1,106496,1,1
"KERNEL_DISPATCH",4,2,26,"void dequantize_block_iq3_s<__half>(void const*, __half*)",857,22446930193657,22446930431589,0,0,32,1,1,2129920,1,1
"KERNEL_DISPATCH",4,2,40,"void convert_unary<float, __half>(void const*, __half*, long, long, long, HIP_vector_type<unsigned int, 3u>, long, long, long)",858,22446930431589,22446930451441,0,0,256,1,1,655360,1,1
"KERNEL_DISPATCH",4,2,78,"void tile_fp16_gemm<128, 64, 4, 8, 32>(__half const*, __half const*, float*, float*, int, int, long)",859,22446930451441,22446931114718,0,25088,256,1,1,13312,1,8
"KERNEL_DISPATCH",4,2,79,"tile_fp16_reduce(float const*, float*, int, int)",860,22446931114718,22446931159460,0,0,256,1,1,106496,1,1
"KERNEL_DISPATCH",4,2,26,"void dequantize_block_iq3_s<__half>(void const*, __half*)",861,22446931181090,22446931394281,0,0,32,1,1,2129920,1,1
"KERNEL_DISPATCH",4,2,40,"void convert_unary<float, __half>(void const*, __half*, long, long, long, HIP_vector_type<unsigned int, 3u>, long, long, long)",862,22446931394281,22446931412355,0,0,256,1,1,655360,1,1
"KERNEL_DISPATCH",4,2,78,"void tile_fp16_gemm<128, 64, 4, 8, 32>(__half const*, __half const*, float*, float*, int, int, long)",863,22446931412355,22446932050891,0,25088,256,1,1,13312,1,8
"KERNEL_DISPATCH",4,2,79,"tile_fp16_reduce(float const*, float*, int, int)",864,22446932050891,22446932095781,0,0,256,1,1,106496,1,1
"KERNEL_DISPATCH",4,2,26,"void dequantize_block_iq3_s<__half>(void const*, __half*)",865,22446932116966,22446932330157,0,0,32,1,1,2129920,1,1
"KERNEL_DISPATCH",4,2,40,"void convert_unary<float, __half>(void const*, __half*, long, long, long, HIP_vector_type<unsigned int, 3u>, long, long, long)",866,22446932330157,22446932348824,0,0,256,1,1,655360,1,1
"KERNEL_DISPATCH",4,2,78,"void tile_fp16_gemm<128, 64, 4, 8, 32>(__half const*, __half const*, float*, float*, int, int, long)",867,22446932348824,22446932987063,0,25088,256,1,1,13312,1,8
"KERNEL_DISPATCH",4,2,79,"tile_fp16_reduce(float const*, float*, int, int)",868,22446932987063,22446933032250,0,0,256,1,1,106496,1,1
"KERNEL_DISPATCH",4,2,26,"void dequantize_block_iq3_s<__half>(void const*, __half*)",869,22446933054028,22446933267071,0,0,32,1,1,2129920,1,1
"KERNEL_DISPATCH",4,2,40,"void convert_unary<float, __half>(void const*, __half*, long, long, long, HIP_vector_type<unsigned int, 3u>, long, long, long)",870,22446933267071,22446933285145,0,0,256,1,1,655360,1,1
"KERNEL_DISPATCH",4,2,78,"void tile_fp16_gemm<128, 64, 4, 8, 32>(__half const*, __half const*, float*, float*, int, int, long)",871,22446933285145,22446933917754,0,25088,256,1,1,13312,1,8
"KERNEL_DISPATCH",4,2,79,"tile_fp16_reduce(float const*, float*, int, int)",872,22446933917754,22446933961755,0,0,256,1,1,106496,1,1
"KERNEL_DISPATCH",4,2,26,"void dequantize_block_iq3_s<__half>(void const*, __half*)",873,22446933983830,22446934197021,0,0,32,1,1,2129920,1,1
"KERNEL_DISPATCH",4,2,40,"void convert_unary<float, __half>(void const*, __half*, long, long, long, HIP_vector_type<unsigned int, 3u>, long, long, long)",874,22446934197021,22446934215244,0,0,256,1,1,655360,1,1
"KERNEL_DISPATCH",4,2,78,"void tile_fp16_gemm<128, 64, 4, 8, 32>(__half const*, __half const*, float*, float*, int, int, long)",875,22446934215244,22446934852297,0,25088,256,1,1,13312,1,8
"KERNEL_DISPATCH",4,2,79,"tile_fp16_reduce(float const*, float*, int, int)",876,22446934852297,22446934897632,0,0,256,1,1,106496,1,1
"KERNEL_DISPATCH",4,2,26,"void dequantize_block_iq3_s<__half>(void const*, __half*)",877,22446934919114,22446935132601,0,0,32,1,1,2129920,1,1
"KERNEL_DISPATCH",4,2,40,"void convert_unary<float, __half>(void const*, __half*, long, long, long, HIP_vector_type<unsigned int, 3u>, long, long, long)",878,22446935132601,22446935150527,0,0,256,1,1,655360,1,1
"KERNEL_DISPATCH",4,2,78,"void tile_fp16_gemm<128, 64, 4, 8, 32>(__half const*, __half const*, float*, float*, int, int, long)",879,22446935150527,22446935832767,0,25088,256,1,1,13312,1,8
"KERNEL_DISPATCH",4,2,79,"tile_fp16_reduce(float const*, float*, int, int)",880,22446935832767,22446935882546,0,0,256,1,1,106496,1,1
"KERNEL_DISPATCH",4,2,26,"void dequantize_block_iq3_s<__half>(void const*, __half*)",881,22446935905658,22446936143294,0,0,32,1,1,2129920,1,1
"KERNEL_DISPATCH",4,2,40,"void convert_unary<float, __half>(void const*, __half*, long, long, long, HIP_vector_type<unsigned int, 3u>, long, long, long)",882,22446936143294,22446936163739,0,0,256,1,1,655360,1,1
"KERNEL_DISPATCH",4,2,78,"void tile_fp16_gemm<128, 64, 4, 8, 32>(__half const*, __half const*, float*, float*, int, int, long)",883,22446936163739,22446936855905,0,25088,256,1,1,13312,1,8
"KERNEL_DISPATCH",4,2,79,"tile_fp16_reduce(float const*, float*, int, int)",884,22446936855905,22446936906129,0,0,256,1,1,106496,1,1
"KERNEL_DISPATCH",4,2,26,"void dequantize_block_iq3_s<__half>(void const*, __half*)",885,22446936930129,22446937168061,0,0,32,1,1,2129920,1,1
"KERNEL_DISPATCH",4,2,40,"void convert_unary<float, __half>(void const*, __half*, long, long, long, HIP_vector_type<unsigned int, 3u>, long, long, long)",886,22446937168061,22446937188210,0,0,256,1,1,655360,1,1
"KERNEL_DISPATCH",4,2,78,"void tile_fp16_gemm<128, 64, 4, 8, 32>(__half const*, __half const*, float*, float*, int, int, long)",887,22446937188210,22446937859043,0,25088,256,1,1,13312,1,8
"KERNEL_DISPATCH",4,2,79,"tile_fp16_reduce(float const*, float*, int, int)",888,22446937859043,22446937903784,0,0,256,1,1,106496,1,1
"KERNEL_DISPATCH",4,2,26,"void dequantize_block_iq3_s<__half>(void const*, __half*)",889,22446937925266,22446938138457,0,0,32,1,1,2129920,1,1
"KERNEL_DISPATCH",4,2,40,"void convert_unary<float, __half>(void const*, __half*, long, long, long, HIP_vector_type<unsigned int, 3u>, long, long, long)",890,22446938138457,22446938156532,0,0,256,1,1,655360,1,1
"KERNEL_DISPATCH",4,2,78,"void tile_fp16_gemm<128, 64, 4, 8, 32>(__half const*, __half const*, float*, float*, int, int, long)",891,22446938156532,22446938840402,0,25088,256,1,1,13312,1,8
"KERNEL_DISPATCH",4,2,79,"tile_fp16_reduce(float const*, float*, int, int)",892,22446938840402,22446938890477,0,0,256,1,1,106496,1,1
"KERNEL_DISPATCH",4,2,26,"void dequantize_block_iq3_s<__half>(void const*, __half*)",893,22446938913292,22446939151076,0,0,32,1,1,2129920,1,1
"KERNEL_DISPATCH",4,2,40,"void convert_unary<float, __half>(void const*, __half*, long, long, long, HIP_vector_type<unsigned int, 3u>, long, long, long)",894,22446939151076,22446939171373,0,0,256,1,1,655360,1,1
"KERNEL_DISPATCH",4,2,78,"void tile_fp16_gemm<128, 64, 4, 8, 32>(__half const*, __half const*, float*, float*, int, int, long)",895,22446939171373,22446939862650,0,25088,256,1,1,13312,1,8
"KERNEL_DISPATCH",4,2,79,"tile_fp16_reduce(float const*, float*, int, int)",896,22446939862650,22446939912874,0,0,256,1,1,106496,1,1
"KERNEL_DISPATCH",4,2,26,"void dequantize_block_iq3_s<__half>(void const*, __half*)",897,22446939936282,22446940174362,0,0,32,1,1,2129920,1,1
"KERNEL_DISPATCH",4,2,40,"void convert_unary<float, __half>(void const*, __half*, long, long, long, HIP_vector_type<unsigned int, 3u>, long, long, long)",898,22446940174362,22446940194215,0,0,256,1,1,655360,1,1
"KERNEL_DISPATCH",4,2,78,"void tile_fp16_gemm<128, 64, 4, 8, 32>(__half const*, __half const*, float*, float*, int, int, long)",899,22446940194215,22446940867269,0,25088,256,1,1,13312,1,8
"KERNEL_DISPATCH",4,2,79,"tile_fp16_reduce(float const*, float*, int, int)",900,22446940867269,22446940911715,0,0,256,1,1,106496,1,1
"KERNEL_DISPATCH",4,2,26,"void dequantize_block_iq3_s<__half>(void const*, __half*)",901,22446940933197,22446941146388,0,0,32,1,1,2129920,1,1
"KERNEL_DISPATCH",4,2,40,"void convert_unary<float, __half>(void const*, __half*, long, long, long, HIP_vector_type<unsigned int, 3u>, long, long, long)",902,22446941146388,22446941164610,0,0,256,1,1,655360,1,1
"KERNEL_DISPATCH",4,2,78,"void tile_fp16_gemm<128, 64, 4, 8, 32>(__half const*, __half const*, float*, float*, int, int, long)",903,22446941164610,22446941842258,0,25088,256,1,1,13312,1,8
"KERNEL_DISPATCH",4,2,79,"tile_fp16_reduce(float const*, float*, int, int)",904,22446941842258,22446941892629,0,0,256,1,1,106496,1,1
"KERNEL_DISPATCH",4,2,26,"void dequantize_block_iq3_s<__half>(void const*, __half*)",905,22446941915889,22446942153821,0,0,32,1,1,2129920,1,1
"KERNEL_DISPATCH",4,2,40,"void convert_unary<float, __half>(void const*, __half*, long, long, long, HIP_vector_type<unsigned int, 3u>, long, long, long)",906,22446942153821,22446942173970,0,0,256,1,1,655360,1,1
"KERNEL_DISPATCH",4,2,78,"void tile_fp16_gemm<128, 64, 4, 8, 32>(__half const*, __half const*, float*, float*, int, int, long)",907,22446942173970,22446942870433,0,25088,256,1,1,13312,1,8
"KERNEL_DISPATCH",4,2,79,"tile_fp16_reduce(float const*, float*, int, int)",908,22446942870433,22446942920953,0,0,256,1,1,106496,1,1
"KERNEL_DISPATCH",4,2,26,"void dequantize_block_iq3_s<__half>(void const*, __half*)",909,22446942944509,22446943182589,0,0,32,1,1,2129920,1,1
"KERNEL_DISPATCH",4,2,40,"void convert_unary<float, __half>(void const*, __half*, long, long, long, HIP_vector_type<unsigned int, 3u>, long, long, long)",910,22446943182589,22446943202738,0,0,256,1,1,655360,1,1
"KERNEL_DISPATCH",4,2,78,"void tile_fp16_gemm<128, 64, 4, 8, 32>(__half const*, __half const*, float*, float*, int, int, long)",911,22446943202738,22446943907497,0,25088,256,1,1,13312,1,8
"KERNEL_DISPATCH",4,2,79,"tile_fp16_reduce(float const*, float*, int, int)",912,22446943907497,22446943959350,0,0,256,1,1,106496,1,1
"KERNEL_DISPATCH",4,2,26,"void dequantize_block_iq3_s<__half>(void const*, __half*)",913,22446943982906,22446944220987,0,0,32,1,1,2129920,1,1
"KERNEL_DISPATCH",4,2,40,"void convert_unary<float, __half>(void const*, __half*, long, long, long, HIP_vector_type<unsigned int, 3u>, long, long, long)",914,22446944220987,22446944241135,0,0,256,1,1,655360,1,1
"KERNEL_DISPATCH",4,2,78,"void tile_fp16_gemm<128, 64, 4, 8, 32>(__half const*, __half const*, float*, float*, int, int, long)",915,22446944241135,22446944912116,0,25088,256,1,1,13312,1,8
"KERNEL_DISPATCH",4,2,79,"tile_fp16_reduce(float const*, float*, int, int)",916,22446944912116,22446944956858,0,0,256,1,1,106496,1,1
"KERNEL_DISPATCH",4,2,26,"void dequantize_block_iq3_s<__half>(void const*, __half*)",917,22446944978340,22446945191827,0,0,32,1,1,2129920,1,1
"KERNEL_DISPATCH",4,2,40,"void convert_unary<float, __half>(void const*, __half*, long, long, long, HIP_vector_type<unsigned int, 3u>, long, long, long)",918,22446945191827,22446945209901,0,0,256,1,1,655360,1,1
"KERNEL_DISPATCH",4,2,78,"void tile_fp16_gemm<128, 64, 4, 8, 32>(__half const*, __half const*, float*, float*, int, int, long)",919,22446945209901,22446945852140,0,25088,256,1,1,13312,1,8
"KERNEL_DISPATCH",4,2,79,"tile_fp16_reduce(float const*, float*, int, int)",920,22446945852140,22446945897179,0,0,256,1,1,106496,1,1
"KERNEL_DISPATCH",4,2,26,"void dequantize_block_iq3_s<__half>(void const*, __half*)",921,22446945918661,22446946132148,0,0,32,1,1,2129920,1,1
"KERNEL_DISPATCH",4,2,40,"void convert_unary<float, __half>(void const*, __half*, long, long, long, HIP_vector_type<unsigned int, 3u>, long, long, long)",922,22446946132148,22446946150370,0,0,256,1,1,655360,1,1
"KERNEL_DISPATCH",4,2,78,"void tile_fp16_gemm<128, 64, 4, 8, 32>(__half const*, __half const*, float*, float*, int, int, long)",923,22446946150370,22446946829499,0,25088,256,1,1,13312,1,8
"KERNEL_DISPATCH",4,2,79,"tile_fp16_reduce(float const*, float*, int, int)",924,22446946829499,22446946878686,0,0,256,1,1,106496,1,1
"KERNEL_DISPATCH",4,2,26,"void dequantize_block_iq3_s<__half>(void const*, __half*)",925,22446946901946,22446947139730,0,0,32,1,1,2129920,1,1
"KERNEL_DISPATCH",4,2,40,"void convert_unary<float, __half>(void const*, __half*, long, long, long, HIP_vector_type<unsigned int, 3u>, long, long, long)",926,22446947139730,22446947160026,0,0,256,1,1,655360,1,1
"KERNEL_DISPATCH",4,2,78,"void tile_fp16_gemm<128, 64, 4, 8, 32>(__half const*, __half const*, float*, float*, int, int, long)",927,22446947160026,22446947851452,0,25088,256,1,1,13312,1,8
"KERNEL_DISPATCH",4,2,79,"tile_fp16_reduce(float const*, float*, int, int)",928,22446947851452,22446947901824,0,0,256,1,1,106496,1,1
"KERNEL_DISPATCH",4,2,26,"void dequantize_block_iq3_s<__half>(void const*, __half*)",929,22446947925084,22446948163460,0,0,32,1,1,2129920,1,1
"KERNEL_DISPATCH",4,2,40,"void convert_unary<float, __half>(void const*, __half*, long, long, long, HIP_vector_type<unsigned int, 3u>, long, long, long)",930,22446948163460,22446948183905,0,0,256,1,1,655360,1,1
"KERNEL_DISPATCH",4,2,78,"void tile_fp16_gemm<128, 64, 4, 8, 32>(__half const*, __half const*, float*, float*, int, int, long)",931,22446948183905,22446948887331,0,25088,256,1,1,13312,1,8
"KERNEL_DISPATCH",4,2,79,"tile_fp16_reduce(float const*, float*, int, int)",932,22446948887331,22446948938443,0,0,256,1,1,106496,1,1
"KERNEL_DISPATCH",4,2,26,"void dequantize_block_iq3_s<__half>(void const*, __half*)",933,22446948961555,22446949199339,0,0,32,1,1,2129920,1,1
"KERNEL_DISPATCH",4,2,40,"void convert_unary<float, __half>(void const*, __half*, long, long, long, HIP_vector_type<unsigned int, 3u>, long, long, long)",934,22446949199339,22446949220080,0,0,256,1,1,655360,1,1
"KERNEL_DISPATCH",4,2,78,"void tile_fp16_gemm<128, 64, 4, 8, 32>(__half const*, __half const*, float*, float*, int, int, long)",935,22446949220080,22446949888987,0,25088,256,1,1,13312,1,8
"KERNEL_DISPATCH",4,2,79,"tile_fp16_reduce(float const*, float*, int, int)",936,22446949888987,22446949933729,0,0,256,1,1,106496,1,1
"KERNEL_DISPATCH",4,2,26,"void dequantize_block_iq3_s<__half>(void const*, __half*)",937,22446949954766,22446950168401,0,0,32,1,1,2129920,1,1
"KERNEL_DISPATCH",4,2,40,"void convert_unary<float, __half>(void const*, __half*, long, long, long, HIP_vector_type<unsigned int, 3u>, long, long, long)",938,22446950168401,22446950186476,0,0,256,1,1,655360,1,1
"KERNEL_DISPATCH",4,2,78,"void tile_fp16_gemm<128, 64, 4, 8, 32>(__half const*, __half const*, float*, float*, int, int, long)",939,22446950186476,22446950863975,0,25088,256,1,1,13312,1,8
"KERNEL_DISPATCH",4,2,79,"tile_fp16_reduce(float const*, float*, int, int)",940,22446950863975,22446950913606,0,0,256,1,1,106496,1,1
"KERNEL_DISPATCH",4,2,26,"void dequantize_block_iq3_s<__half>(void const*, __half*)",941,22446950936570,22446951174502,0,0,32,1,1,2129920,1,1
"KERNEL_DISPATCH",4,2,40,"void convert_unary<float, __half>(void const*, __half*, long, long, long, HIP_vector_type<unsigned int, 3u>, long, long, long)",942,22446951174502,22446951195688,0,0,256,1,1,655360,1,1
"KERNEL_DISPATCH",4,2,78,"void tile_fp16_gemm<128, 64, 4, 8, 32>(__half const*, __half const*, float*, float*, int, int, long)",943,22446951195688,22446951886520,0,25088,256,1,1,13312,1,8
"KERNEL_DISPATCH",4,2,79,"tile_fp16_reduce(float const*, float*, int, int)",944,22446951886520,22446951936596,0,0,256,1,1,106496,1,1
"KERNEL_DISPATCH",4,2,26,"void dequantize_block_iq3_s<__half>(void const*, __half*)",945,22446951959856,22446952197492,0,0,32,1,1,2129920,1,1
"KERNEL_DISPATCH",4,2,40,"void convert_unary<float, __half>(void const*, __half*, long, long, long, HIP_vector_type<unsigned int, 3u>, long, long, long)",946,22446952197492,22446952217640,0,0,256,1,1,655360,1,1
"KERNEL_DISPATCH",4,2,78,"void tile_fp16_gemm<128, 64, 4, 8, 32>(__half const*, __half const*, float*, float*, int, int, long)",947,22446952217640,22446952885361,0,25088,256,1,1,13312,1,8
"KERNEL_DISPATCH",4,2,79,"tile_fp16_reduce(float const*, float*, int, int)",948,22446952885361,22446952930548,0,0,256,1,1,106496,1,1
"KERNEL_DISPATCH",4,2,26,"void dequantize_block_iq3_s<__half>(void const*, __half*)",949,22446952952326,22446953165813,0,0,32,1,1,2129920,1,1
"KERNEL_DISPATCH",4,2,40,"void convert_unary<float, __half>(void const*, __half*, long, long, long, HIP_vector_type<unsigned int, 3u>, long, long, long)",950,22446953165813,22446953184332,0,0,256,1,1,655360,1,1
"KERNEL_DISPATCH",4,2,78,"void tile_fp16_gemm<128, 64, 4, 8, 32>(__half const*, __half const*, float*, float*, int, int, long)",951,22446953184332,22446953834571,0,25088,256,1,1,13312,1,8
"KERNEL_DISPATCH",4,2,79,"tile_fp16_reduce(float const*, float*, int, int)",952,22446953834571,22446953879461,0,0,256,1,1,106496,1,1
"KERNEL_DISPATCH",4,2,26,"void dequantize_block_iq3_s<__half>(void const*, __half*)",953,22446953901240,22446954114875,0,0,32,1,1,2129920,1,1
"KERNEL_DISPATCH",4,2,40,"void convert_unary<float, __half>(void const*, __half*, long, long, long, HIP_vector_type<unsigned int, 3u>, long, long, long)",954,22446954114875,22446954132801,0,0,256,1,1,655360,1,1
"KERNEL_DISPATCH",4,2,78,"void tile_fp16_gemm<128, 64, 4, 8, 32>(__half const*, __half const*, float*, float*, int, int, long)",955,22446954132801,22446954805115,0,25088,256,1,1,13312,1,8
"KERNEL_DISPATCH",4,2,79,"tile_fp16_reduce(float const*, float*, int, int)",956,22446954805115,22446954854598,0,0,256,1,1,106496,1,1
"KERNEL_DISPATCH",4,2,26,"void dequantize_block_iq3_s<__half>(void const*, __half*)",957,22446954877858,22446955115494,0,0,32,1,1,2129920,1,1
"KERNEL_DISPATCH",4,2,40,"void convert_unary<float, __half>(void const*, __half*, long, long, long, HIP_vector_type<unsigned int, 3u>, long, long, long)",958,22446955115494,22446955135494,0,0,256,1,1,655360,1,1
"KERNEL_DISPATCH",4,2,78,"void tile_fp16_gemm<128, 64, 4, 8, 32>(__half const*, __half const*, float*, float*, int, int, long)",959,22446955135494,22446955946478,0,25088,256,1,1,13312,1,8
"KERNEL_DISPATCH",4,2,79,"tile_fp16_reduce(float const*, float*, int, int)",960,22446955946478,22446956022036,0,0,256,1,1,106496,1,1
"KERNEL_DISPATCH",4,2,26,"void dequantize_block_iq3_s<__half>(void const*, __half*)",961,22446956049592,22446956322785,0,0,32,1,1,2129920,1,1
"KERNEL_DISPATCH",4,2,40,"void convert_unary<float, __half>(void const*, __half*, long, long, long, HIP_vector_type<unsigned int, 3u>, long, long, long)",962,22446956322785,22446956351378,0,0,256,1,1,655360,1,1
"KERNEL_DISPATCH",4,2,78,"void tile_fp16_gemm<128, 64, 4, 8, 32>(__half const*, __half const*, float*, float*, int, int, long)",963,22446956351378,22446957127398,0,25088,256,1,1,13312,1,8
"KERNEL_DISPATCH",4,2,79,"tile_fp16_reduce(float const*, float*, int, int)",964,22446957127398,22446957177325,0,0,256,1,1,106496,1,1
"KERNEL_DISPATCH",4,2,26,"void dequantize_block_iq3_s<__half>(void const*, __half*)",965,22446957201771,22446957439555,0,0,32,1,1,2129920,1,1
"KERNEL_DISPATCH",4,2,40,"void convert_unary<float, __half>(void const*, __half*, long, long, long, HIP_vector_type<unsigned int, 3u>, long, long, long)",966,22446957439555,22446957460000,0,0,256,1,1,655360,1,1
"KERNEL_DISPATCH",4,2,78,"void tile_fp16_gemm<128, 64, 4, 8, 32>(__half const*, __half const*, float*, float*, int, int, long)",967,22446957460000,22446958119572,0,25088,256,1,1,13312,1,8
"KERNEL_DISPATCH",4,2,79,"tile_fp16_reduce(float const*, float*, int, int)",968,22446958119572,22446958165055,0,0,256,1,1,106496,1,1
"KERNEL_DISPATCH",4,2,26,"void dequantize_block_iq3_s<__half>(void const*, __half*)",969,22446958187722,22446958401209,0,0,32,1,1,2129920,1,1
"KERNEL_DISPATCH",4,2,40,"void convert_unary<float, __half>(void const*, __half*, long, long, long, HIP_vector_type<unsigned int, 3u>, long, long, long)",970,22446958401209,22446958419728,0,0,256,1,1,655360,1,1
"KERNEL_DISPATCH",4,2,78,"void tile_fp16_gemm<128, 64, 4, 8, 32>(__half const*, __half const*, float*, float*, int, int, long)",971,22446958419728,22446959054412,0,25088,256,1,1,13312,1,8
"KERNEL_DISPATCH",4,2,79,"tile_fp16_reduce(float const*, float*, int, int)",972,22446959054412,22446959098561,0,0,256,1,1,106496,1,1
"KERNEL_DISPATCH",4,2,26,"void dequantize_block_iq3_s<__half>(void const*, __half*)",973,22446959120339,22446959333678,0,0,32,1,1,2129920,1,1
"KERNEL_DISPATCH",4,2,40,"void convert_unary<float, __half>(void const*, __half*, long, long, long, HIP_vector_type<unsigned int, 3u>, long, long, long)",974,22446959333678,22446959351605,0,0,256,1,1,655360,1,1
"KERNEL_DISPATCH",4,2,78,"void tile_fp16_gemm<128, 64, 4, 8, 32>(__half const*, __half const*, float*, float*, int, int, long)",975,22446959351605,22446959984214,0,25088,256,1,1,13312,1,8
"KERNEL_DISPATCH",4,2,79,"tile_fp16_reduce(float const*, float*, int, int)",976,22446959984214,22446960028363,0,0,256,1,1,106496,1,1
"KERNEL_DISPATCH",4,2,26,"void dequantize_block_iq3_s<__half>(void const*, __half*)",977,22446960049401,22446960262888,0,0,32,1,1,2129920,1,1
"KERNEL_DISPATCH",4,2,40,"void convert_unary<float, __half>(void const*, __half*, long, long, long, HIP_vector_type<unsigned int, 3u>, long, long, long)",978,22446960262888,22446960281703,0,0,256,1,1,655360,1,1
"KERNEL_DISPATCH",4,2,78,"void tile_fp16_gemm<128, 64, 4, 8, 32>(__half const*, __half const*, float*, float*, int, int, long)",979,22446960281703,22446960925572,0,25088,256,1,1,13312,1,8
"KERNEL_DISPATCH",4,2,79,"tile_fp16_reduce(float const*, float*, int, int)",980,22446960925572,22446960970165,0,0,256,1,1,106496,1,1
"KERNEL_DISPATCH",4,2,26,"void dequantize_block_iq3_s<__half>(void const*, __half*)",981,22446960991499,22446961204838,0,0,32,1,1,2129920,1,1
"KERNEL_DISPATCH",4,2,40,"void convert_unary<float, __half>(void const*, __half*, long, long, long, HIP_vector_type<unsigned int, 3u>, long, long, long)",982,22446961204838,22446961223505,0,0,256,1,1,655360,1,1
"KERNEL_DISPATCH",4,2,78,"void tile_fp16_gemm<128, 64, 4, 8, 32>(__half const*, __half const*, float*, float*, int, int, long)",983,22446961223505,22446961902338,0,25088,256,1,1,13312,1,8
"KERNEL_DISPATCH",4,2,79,"tile_fp16_reduce(float const*, float*, int, int)",984,22446961902338,22446961952858,0,0,256,1,1,106496,1,1
"KERNEL_DISPATCH",4,2,26,"void dequantize_block_iq3_s<__half>(void const*, __half*)",985,22446961975673,22446962213753,0,0,32,1,1,2129920,1,1
"KERNEL_DISPATCH",4,2,40,"void convert_unary<float, __half>(void const*, __half*, long, long, long, HIP_vector_type<unsigned int, 3u>, long, long, long)",986,22446962213753,22446962233754,0,0,256,1,1,655360,1,1
"KERNEL_DISPATCH",4,2,78,"void tile_fp16_gemm<128, 64, 4, 8, 32>(__half const*, __half const*, float*, float*, int, int, long)",987,22446962233754,22446962932291,0,25088,256,1,1,13312,1,8
"KERNEL_DISPATCH",4,2,79,"tile_fp16_reduce(float const*, float*, int, int)",988,22446962932291,22446962982811,0,0,256,1,1,106496,1,1
"KERNEL_DISPATCH",4,2,26,"void dequantize_block_iq3_s<__half>(void const*, __half*)",989,22446963008145,22446963245780,0,0,32,1,1,2129920,1,1
"KERNEL_DISPATCH",4,2,40,"void convert_unary<float, __half>(void const*, __half*, long, long, long, HIP_vector_type<unsigned int, 3u>, long, long, long)",990,22446963245780,22446963266670,0,0,256,1,1,655360,1,1
"KERNEL_DISPATCH",4,2,78,"void tile_fp16_gemm<128, 64, 4, 8, 32>(__half const*, __half const*, float*, float*, int, int, long)",991,22446963266670,22446963944465,0,25088,256,1,1,13312,1,8
"KERNEL_DISPATCH",4,2,79,"tile_fp16_reduce(float const*, float*, int, int)",992,22446963944465,22446963989355,0,0,256,1,1,106496,1,1
"KERNEL_DISPATCH",4,2,26,"void dequantize_block_iq3_s<__half>(void const*, __half*)",993,22446964010838,22446964224176,0,0,32,1,1,2129920,1,1
"KERNEL_DISPATCH",4,2,40,"void convert_unary<float, __half>(void const*, __half*, long, long, long, HIP_vector_type<unsigned int, 3u>, long, long, long)",994,22446964224176,22446964242844,0,0,256,1,1,655360,1,1
"KERNEL_DISPATCH",4,2,78,"void tile_fp16_gemm<128, 64, 4, 8, 32>(__half const*, __half const*, float*, float*, int, int, long)",995,22446964242844,22446964932491,0,25088,256,1,1,13312,1,8
"KERNEL_DISPATCH",4,2,79,"tile_fp16_reduce(float const*, float*, int, int)",996,22446964932491,22446964982863,0,0,256,1,1,106496,1,1
"KERNEL_DISPATCH",4,2,26,"void dequantize_block_iq3_s<__half>(void const*, __half*)",997,22446965007456,22446965245092,0,0,32,1,1,2129920,1,1
"KERNEL_DISPATCH",4,2,40,"void convert_unary<float, __half>(void const*, __half*, long, long, long, HIP_vector_type<unsigned int, 3u>, long, long, long)",998,22446965245092,22446965265093,0,0,256,1,1,655360,1,1
"KERNEL_DISPATCH",4,2,78,"void tile_fp16_gemm<128, 64, 4, 8, 32>(__half const*, __half const*, float*, float*, int, int, long)",999,22446965265093,22446965965555,0,25088,256,1,1,13312,1,8
"KERNEL_DISPATCH",4,2,79,"tile_fp16_reduce(float const*, float*, int, int)",1000,22446965965555,22446966016520,0,0,256,1,1,106496,1,1
"KERNEL_DISPATCH",4,2,26,"void dequantize_block_iq3_s<__half>(void const*, __half*)",1001,22446966039779,22446966277860,0,0,32,1,1,2129920,1,1
"KERNEL_DISPATCH",4,2,40,"void convert_unary<float, __half>(void const*, __half*, long, long, long, HIP_vector_type<unsigned int, 3u>, long, long, long)",1002,22446966277860,22446966297860,0,0,256,1,1,655360,1,1
"KERNEL_DISPATCH",4,2,78,"void tile_fp16_gemm<128, 64, 4, 8, 32>(__half const*, __half const*, float*, float*, int, int, long)",1003,22446966297860,22446966966915,0,25088,256,1,1,13312,1,8
"KERNEL_DISPATCH",4,2,79,"tile_fp16_reduce(float const*, float*, int, int)",1004,22446966966915,22446967011657,0,0,256,1,1,106496,1,1
"KERNEL_DISPATCH",4,2,26,"void dequantize_block_iq3_s<__half>(void const*, __half*)",1005,22446967032991,22446967246626,0,0,32,1,1,2129920,1,1
"KERNEL_DISPATCH",4,2,40,"void convert_unary<float, __half>(void const*, __half*, long, long, long, HIP_vector_type<unsigned int, 3u>, long, long, long)",1006,22446967246626,22446967264700,0,0,256,1,1,655360,1,1
"KERNEL_DISPATCH",4,2,78,"void tile_fp16_gemm<128, 64, 4, 8, 32>(__half const*, __half const*, float*, float*, int, int, long)",1007,22446967264793,22446967950885,0,25088,256,1,1,13312,1,8
"KERNEL_DISPATCH",4,2,79,"tile_fp16_reduce(float const*, float*, int, int)",1008,22446967950885,22446968000960,0,0,256,1,1,106496,1,1
"KERNEL_DISPATCH",4,2,26,"void dequantize_block_iq3_s<__half>(void const*, __half*)",1009,22449282072149,22449282196449,0,0,32,1,1,1277952,1,1
"KERNEL_DISPATCH",4,2,40,"void convert_unary<float, __half>(void const*, __half*, long, long, long, HIP_vector_type<unsigned int, 3u>, long, long, long)",1010,22449282196449,22449282217634,0,0,256,1,1,786432,1,1
"KERNEL_DISPATCH",4,2,78,"void tile_fp16_gemm<128, 64, 4, 8, 32>(__half const*, __half const*, float*, float*, int, int, long)",1011,22449282217634,22449282679720,0,25088,256,1,1,6656,1,8
"KERNEL_DISPATCH",4,2,79,"tile_fp16_reduce(float const*, float*, int, int)",1012,22449282679720,22449282706684,0,0,256,1,1,53248,1,1
"KERNEL_DISPATCH",4,2,26,"void dequantize_block_iq3_s<__half>(void const*, __half*)",1013,22449282980469,22449283101805,0,0,32,1,1,1277952,1,1
"KERNEL_DISPATCH",4,2,40,"void convert_unary<float, __half>(void const*, __half*, long, long, long, HIP_vector_type<unsigned int, 3u>, long, long, long)",1014,22449283101805,22449283123880,0,0,256,1,1,786432,1,1
"KERNEL_DISPATCH",4,2,78,"void tile_fp16_gemm<128, 64, 4, 8, 32>(__half const*, __half const*, float*, float*, int, int, long)",1015,22449283123880,22449283572780,0,25088,256,1,1,6656,1,8
"KERNEL_DISPATCH",4,2,79,"tile_fp16_reduce(float const*, float*, int, int)",1016,22449283572780,22449283598411,0,0,256,1,1,53248,1,1
"KERNEL_DISPATCH",4,2,26,"void dequantize_block_iq3_s<__half>(void const*, __half*)",1017,22449283619448,22449283748341,0,0,32,1,1,1277952,1,1
"KERNEL_DISPATCH",4,2,40,"void convert_unary<float, __half>(void const*, __half*, long, long, long, HIP_vector_type<unsigned int, 3u>, long, long, long)",1018,22449283748341,22449283769526,0,0,256,1,1,786432,1,1
"KERNEL_DISPATCH",4,2,78,"void tile_fp16_gemm<128, 64, 4, 8, 32>(__half const*, __half const*, float*, float*, int, int, long)",1019,22449283769526,22449284202130,0,25088,256,1,1,6656,1,8
"KERNEL_DISPATCH",4,2,79,"tile_fp16_reduce(float const*, float*, int, int)",1020,22449284202130,22449284228353,0,0,256,1,1,53248,1,1
"KERNEL_DISPATCH",4,2,26,"void dequantize_block_iq3_s<__half>(void const*, __half*)",1021,22449284249094,22449284378283,0,0,32,1,1,1277952,1,1
"KERNEL_DISPATCH",4,2,40,"void convert_unary<float, __half>(void const*, __half*, long, long, long, HIP_vector_type<unsigned int, 3u>, long, long, long)",1022,22449284378283,22449284399765,0,0,256,1,1,786432,1,1
"KERNEL_DISPATCH",4,2,78,"void tile_fp16_gemm<128, 64, 4, 8, 32>(__half const*, __half const*, float*, float*, int, int, long)",1023,22449284399765,22449284836369,0,25088,256,1,1,6656,1,8
"KERNEL_DISPATCH",4,2,79,"tile_fp16_reduce(float const*, float*, int, int)",1024,22449284836369,22449284862148,0,0,256,1,1,53248,1,1
"KERNEL_DISPATCH",4,2,26,"void dequantize_block_iq3_s<__half>(void const*, __half*)",1025,22449284882148,22449285003485,0,0,32,1,1,1277952,1,1
"KERNEL_DISPATCH",4,2,40,"void convert_unary<float, __half>(void const*, __half*, long, long, long, HIP_vector_type<unsigned int, 3u>, long, long, long)",1026,22449285003485,22449285023930,0,0,256,1,1,786432,1,1
"KERNEL_DISPATCH",4,2,78,"void tile_fp16_gemm<128, 64, 4, 8, 32>(__half const*, __half const*, float*, float*, int, int, long)",1027,22449285023930,22449285474164,0,25088,256,1,1,6656,1,8
"KERNEL_DISPATCH",4,2,79,"tile_fp16_reduce(float const*, float*, int, int)",1028,22449285474164,22449285499349,0,0,256,1,1,53248,1,1
"KERNEL_DISPATCH",4,2,26,"void dequantize_block_iq3_s<__half>(void const*, __half*)",1029,22449285526906,22449285649872,0,0,32,1,1,1277952,1,1
"KERNEL_DISPATCH",4,2,40,"void convert_unary<float, __half>(void const*, __half*, long, long, long, HIP_vector_type<unsigned int, 3u>, long, long, long)",1030,22449285649872,22449285671206,0,0,256,1,1,786432,1,1
"KERNEL_DISPATCH",4,2,78,"void tile_fp16_gemm<128, 64, 4, 8, 32>(__half const*, __half const*, float*, float*, int, int, long)",1031,22449285671206,22449286097735,0,25088,256,1,1,6656,1,8
"KERNEL_DISPATCH",4,2,79,"tile_fp16_reduce(float const*, float*, int, int)",1032,22449286097735,22449286123366,0,0,256,1,1,53248,1,1
"KERNEL_DISPATCH",4,2,26,"void dequantize_block_iq3_s<__half>(void const*, __half*)",1033,22449286143663,22449286272703,0,0,32,1,1,1277952,1,1
"KERNEL_DISPATCH",4,2,40,"void convert_unary<float, __half>(void const*, __half*, long, long, long, HIP_vector_type<unsigned int, 3u>, long, long, long)",1034,22449286272703,22449286293741,0,0,256,1,1,786432,1,1
"KERNEL_DISPATCH",4,2,78,"void tile_fp16_gemm<128, 64, 4, 8, 32>(__half const*, __half const*, float*, float*, int, int, long)",1035,22449286293741,22449286713159,0,25088,256,1,1,6656,1,8
"KERNEL_DISPATCH",4,2,79,"tile_fp16_reduce(float const*, float*, int, int)",1036,22449286713159,22449286739530,0,0,256,1,1,53248,1,1
"KERNEL_DISPATCH",4,2,26,"void dequantize_block_iq3_s<__half>(void const*, __half*)",1037,22449286768568,22449286897312,0,0,32,1,1,1277952,1,1
"KERNEL_DISPATCH",4,2,40,"void convert_unary<float, __half>(void const*, __half*, long, long, long, HIP_vector_type<unsigned int, 3u>, long, long, long)",1038,22449286897312,22449286918350,0,0,256,1,1,786432,1,1
"KERNEL_DISPATCH",4,2,78,"void tile_fp16_gemm<128, 64, 4, 8, 32>(__half const*, __half const*, float*, float*, int, int, long)",1039,22449286918350,22449287367250,0,25088,256,1,1,6656,1,8
"KERNEL_DISPATCH",4,2,79,"tile_fp16_reduce(float const*, float*, int, int)",1040,22449287367250,22449287393029,0,0,256,1,1,53248,1,1
"KERNEL_DISPATCH",4,2,26,"void dequantize_block_iq3_s<__half>(void const*, __half*)",1041,22449287421622,22449287550811,0,0,32,1,1,1277952,1,1
"KERNEL_DISPATCH",4,2,40,"void convert_unary<float, __half>(void const*, __half*, long, long, long, HIP_vector_type<unsigned int, 3u>, long, long, long)",1042,22449287550811,22449287571552,0,0,256,1,1,786432,1,1
"KERNEL_DISPATCH",4,2,78,"void tile_fp16_gemm<128, 64, 4, 8, 32>(__half const*, __half const*, float*, float*, int, int, long)",1043,22449287571552,22449288007563,0,25088,256,1,1,6656,1,8
"KERNEL_DISPATCH",4,2,79,"tile_fp16_reduce(float const*, float*, int, int)",1044,22449288007563,22449288033045,0,0,256,1,1,53248,1,1
"KERNEL_DISPATCH",4,2,26,"void dequantize_block_iq3_s<__half>(void const*, __half*)",1045,22449288054231,22449288182975,0,0,32,1,1,1277952,1,1
"KERNEL_DISPATCH",4,2,40,"void convert_unary<float, __half>(void const*, __half*, long, long, long, HIP_vector_type<unsigned int, 3u>, long, long, long)",1046,22449288182975,22449288204161,0,0,256,1,1,786432,1,1
"KERNEL_DISPATCH",4,2,78,"void tile_fp16_gemm<128, 64, 4, 8, 32>(__half const*, __half const*, float*, float*, int, int, long)",1047,22449288204161,22449288649802,0,25088,256,1,1,6656,1,8
"KERNEL_DISPATCH",4,2,79,"tile_fp16_reduce(float const*, float*, int, int)",1048,22449288649802,22449288688322,0,0,256,1,1,53248,1,1
"KERNEL_DISPATCH",4,2,26,"void dequantize_block_iq3_s<__half>(void const*, __half*)",1049,22449288710545,22449288854400,0,0,32,1,1,1277952,1,1
"KERNEL_DISPATCH",4,2,40,"void convert_unary<float, __half>(void const*, __half*, long, long, long, HIP_vector_type<unsigned int, 3u>, long, long, long)",1050,22449288854400,22449288877808,0,0,256,1,1,786432,1,1
"KERNEL_DISPATCH",4,2,78,"void tile_fp16_gemm<128, 64, 4, 8, 32>(__half const*, __half const*, float*, float*, int, int, long)",1051,22449288877808,22449289356043,0,25088,256,1,1,6656,1,8
"KERNEL_DISPATCH",4,2,79,"tile_fp16_reduce(float const*, float*, int, int)",1052,22449289356043,22449289384636,0,0,256,1,1,53248,1,1
"KERNEL_DISPATCH",4,2,26,"void dequantize_block_iq3_s<__half>(void const*, __half*)",1053,22449289406711,22449289550863,0,0,32,1,1,1277952,1,1
"KERNEL_DISPATCH",4,2,40,"void convert_unary<float, __half>(void const*, __half*, long, long, long, HIP_vector_type<unsigned int, 3u>, long, long, long)",1054,22449289550863,22449289574419,0,0,256,1,1,786432,1,1
"KERNEL_DISPATCH",4,2,78,"void tile_fp16_gemm<128, 64, 4, 8, 32>(__half const*, __half const*, float*, float*, int, int, long)",1055,22449289574419,22449290036209,0,25088,256,1,1,6656,1,8
"KERNEL_DISPATCH",4,2,79,"tile_fp16_reduce(float const*, float*, int, int)",1056,22449290036209,22449290065247,0,0,256,1,1,53248,1,1
"KERNEL_DISPATCH",4,2,26,"void dequantize_block_iq3_s<__half>(void const*, __half*)",1057,22449290087321,22449290231177,0,0,32,1,1,1277952,1,1
"KERNEL_DISPATCH",4,2,40,"void convert_unary<float, __half>(void const*, __half*, long, long, long, HIP_vector_type<unsigned int, 3u>, long, long, long)",1058,22449290231177,22449290254881,0,0,256,1,1,786432,1,1
"KERNEL_DISPATCH",4,2,78,"void tile_fp16_gemm<128, 64, 4, 8, 32>(__half const*, __half const*, float*, float*, int, int, long)",1059,22449290254881,22449290738301,0,25088,256,1,1,6656,1,8
"KERNEL_DISPATCH",4,2,79,"tile_fp16_reduce(float const*, float*, int, int)",1060,22449290738301,22449290767339,0,0,256,1,1,53248,1,1
"KERNEL_DISPATCH",4,2,26,"void dequantize_block_iq3_s<__half>(void const*, __half*)",1061,22449290790155,22449290934307,0,0,32,1,1,1277952,1,1
"KERNEL_DISPATCH",4,2,40,"void convert_unary<float, __half>(void const*, __half*, long, long, long, HIP_vector_type<unsigned int, 3u>, long, long, long)",1062,22449290934307,22449290957566,0,0,256,1,1,786432,1,1
"KERNEL_DISPATCH",4,2,78,"void tile_fp16_gemm<128, 64, 4, 8, 32>(__half const*, __half const*, float*, float*, int, int, long)",1063,22449290957566,22449291439653,0,25088,256,1,1,6656,1,8
"KERNEL_DISPATCH",4,2,79,"tile_fp16_reduce(float const*, float*, int, int)",1064,22449291439653,22449291469135,0,0,256,1,1,53248,1,1
"KERNEL_DISPATCH",4,2,26,"void dequantize_block_iq3_s<__half>(void const*, __half*)",1065,22449291491951,22449291635955,0,0,32,1,1,1277952,1,1
"KERNEL_DISPATCH",4,2,40,"void convert_unary<float, __half>(void const*, __half*, long, long, long, HIP_vector_type<unsigned int, 3u>, long, long, long)",1066,22449291635955,22449291658622,0,0,256,1,1,786432,1,1
"KERNEL_DISPATCH",4,2,78,"void tile_fp16_gemm<128, 64, 4, 8, 32>(__half const*, __half const*, float*, float*, int, int, long)",1067,22449291658622,22449292102189,0,25088,256,1,1,6656,1,8
"KERNEL_DISPATCH",4,2,79,"tile_fp16_reduce(float const*, float*, int, int)",1068,22449292102189,22449292128116,0,0,256,1,1,53248,1,1
"KERNEL_DISPATCH",4,2,26,"void dequantize_block_iq3_s<__half>(void const*, __half*)",1069,22449292149005,22449292278194,0,0,32,1,1,1277952,1,1
"KERNEL_DISPATCH",4,2,40,"void convert_unary<float, __half>(void const*, __half*, long, long, long, HIP_vector_type<unsigned int, 3u>, long, long, long)",1070,22449292278194,22449292299528,0,0,256,1,1,786432,1,1
"KERNEL_DISPATCH",4,2,78,"void tile_fp16_gemm<128, 64, 4, 8, 32>(__half const*, __half const*, float*, float*, int, int, long)",1071,22449292299528,22449292755836,0,25088,256,1,1,6656,1,8
"KERNEL_DISPATCH",4,2,79,"tile_fp16_reduce(float const*, float*, int, int)",1072,22449292755836,22449292784281,0,0,256,1,1,53248,1,1
"KERNEL_DISPATCH",4,2,26,"void dequantize_block_iq3_s<__half>(void const*, __half*)",1073,22449292806948,22449292950656,0,0,32,1,1,1277952,1,1
"KERNEL_DISPATCH",4,2,40,"void convert_unary<float, __half>(void const*, __half*, long, long, long, HIP_vector_type<unsigned int, 3u>, long, long, long)",1074,22449292950656,22449292973916,0,0,256,1,1,786432,1,1
"KERNEL_DISPATCH",4,2,78,"void tile_fp16_gemm<128, 64, 4, 8, 32>(__half const*, __half const*, float*, float*, int, int, long)",1075,22449292973916,22449293453336,0,25088,256,1,1,6656,1,8
"KERNEL_DISPATCH",4,2,79,"tile_fp16_reduce(float const*, float*, int, int)",1076,22449293453336,22449293482225,0,0,256,1,1,53248,1,1
"KERNEL_DISPATCH",4,2,26,"void dequantize_block_iq3_s<__half>(void const*, __half*)",1077,22449293504744,22449293648600,0,0,32,1,1,1277952,1,1
"KERNEL_DISPATCH",4,2,40,"void convert_unary<float, __half>(void const*, __half*, long, long, long, HIP_vector_type<unsigned int, 3u>, long, long, long)",1078,22449293648600,22449293672008,0,0,256,1,1,786432,1,1
"KERNEL_DISPATCH",4,2,78,"void tile_fp16_gemm<128, 64, 4, 8, 32>(__half const*, __half const*, float*, float*, int, int, long)",1079,22449293672008,22449294139131,0,25088,256,1,1,6656,1,8
"KERNEL_DISPATCH",4,2,79,"tile_fp16_reduce(float const*, float*, int, int)",1080,22449294139131,22449294168317,0,0,256,1,1,53248,1,1
"KERNEL_DISPATCH",4,2,26,"void dequantize_block_iq3_s<__half>(void const*, __half*)",1081,22449294191725,22449294335581,0,0,32,1,1,1277952,1,1
"KERNEL_DISPATCH",4,2,40,"void convert_unary<float, __half>(void const*, __half*, long, long, long, HIP_vector_type<unsigned int, 3u>, long, long, long)",1082,22449294335581,22449294358841,0,0,256,1,1,786432,1,1
"KERNEL_DISPATCH",4,2,78,"void tile_fp16_gemm<128, 64, 4, 8, 32>(__half const*, __half const*, float*, float*, int, int, long)",1083,22449294358841,22449294839594,0,25088,256,1,1,6656,1,8
"KERNEL_DISPATCH",4,2,79,"tile_fp16_reduce(float const*, float*, int, int)",1084,22449294839594,22449294868928,0,0,256,1,1,53248,1,1
"KERNEL_DISPATCH",4,2,26,"void dequantize_block_iq3_s<__half>(void const*, __half*)",1085,22449294892484,22449295036192,0,0,32,1,1,1277952,1,1
"KERNEL_DISPATCH",4,2,40,"void convert_unary<float, __half>(void const*, __half*, long, long, long, HIP_vector_type<unsigned int, 3u>, long, long, long)",1086,22449295036192,22449295059303,0,0,256,1,1,786432,1,1
"KERNEL_DISPATCH",4,2,78,"void tile_fp16_gemm<128, 64, 4, 8, 32>(__half const*, __half const*, float*, float*, int, int, long)",1087,22449295059303,22449295529834,0,25088,256,1,1,6656,1,8
"KERNEL_DISPATCH",4,2,79,"tile_fp16_reduce(float const*, float*, int, int)",1088,22449295529834,22449295559909,0,0,256,1,1,53248,1,1
"KERNEL_DISPATCH",4,2,26,"void dequantize_block_iq3_s<__half>(void const*, __half*)",1089,22449295597984,22449295739766,0,0,32,1,1,1277952,1,1
"KERNEL_DISPATCH",4,2,40,"void convert_unary<float, __half>(void const*, __half*, long, long, long, HIP_vector_type<unsigned int, 3u>, long, long, long)",1090,22449295739766,22449295760803,0,0,256,1,1,786432,1,1
"KERNEL_DISPATCH",4,2,78,"void tile_fp16_gemm<128, 64, 4, 8, 32>(__half const*, __half const*, float*, float*, int, int, long)",1091,22449295760803,22449296200963,0,25088,256,1,1,6656,1,8
"KERNEL_DISPATCH",4,2,79,"tile_fp16_reduce(float const*, float*, int, int)",1092,22449296200963,22449296226297,0,0,256,1,1,53248,1,1
"KERNEL_DISPATCH",4,2,26,"void dequantize_block_iq3_s<__half>(void const*, __half*)",1093,22449296248372,22449296377412,0,0,32,1,1,1277952,1,1
"KERNEL_DISPATCH",4,2,40,"void convert_unary<float, __half>(void const*, __half*, long, long, long, HIP_vector_type<unsigned int, 3u>, long, long, long)",1094,22449296377412,22449296398894,0,0,256,1,1,786432,1,1
"KERNEL_DISPATCH",4,2,78,"void tile_fp16_gemm<128, 64, 4, 8, 32>(__half const*, __half const*, float*, float*, int, int, long)",1095,22449296398894,22449296836239,0,25088,256,1,1,6656,1,8
"KERNEL_DISPATCH",4,2,79,"tile_fp16_reduce(float const*, float*, int, int)",1096,22449296836239,22449296862017,0,0,256,1,1,53248,1,1
"KERNEL_DISPATCH",4,2,26,"void dequantize_block_iq3_s<__half>(void const*, __half*)",1097,22449296898315,22449297027207,0,0,32,1,1,1277952,1,1
"KERNEL_DISPATCH",4,2,40,"void convert_unary<float, __half>(void const*, __half*, long, long, long, HIP_vector_type<unsigned int, 3u>, long, long, long)",1098,22449297027207,22449297048541,0,0,256,1,1,786432,1,1
"KERNEL_DISPATCH",4,2,78,"void tile_fp16_gemm<128, 64, 4, 8, 32>(__half const*, __half const*, float*, float*, int, int, long)",1099,22449297048541,22449297486774,0,25088,256,1,1,6656,1,8
"KERNEL_DISPATCH",4,2,79,"tile_fp16_reduce(float const*, float*, int, int)",1100,22449297486774,22449297512108,0,0,256,1,1,53248,1,1
"KERNEL_DISPATCH",4,2,26,"void dequantize_block_iq3_s<__half>(void const*, __half*)",1101,22449297532998,22449297678187,0,0,32,1,1,1277952,1,1
"KERNEL_DISPATCH",4,2,40,"void convert_unary<float, __half>(void const*, __half*, long, long, long, HIP_vector_type<unsigned int, 3u>, long, long, long)",1102,22449297678187,22449297701447,0,0,256,1,1,786432,1,1
"KERNEL_DISPATCH",4,2,78,"void tile_fp16_gemm<128, 64, 4, 8, 32>(__half const*, __half const*, float*, float*, int, int, long)",1103,22449297701447,22449298207386,0,25088,256,1,1,6656,1,8
"KERNEL_DISPATCH",4,2,79,"tile_fp16_reduce(float const*, float*, int, int)",1104,22449298207386,22449298235831,0,0,256,1,1,53248,1,1
"KERNEL_DISPATCH",4,2,26,"void dequantize_block_iq3_s<__half>(void const*, __half*)",1105,22449298257461,22449298401169,0,0,32,1,1,1277952,1,1
"KERNEL_DISPATCH",4,2,40,"void convert_unary<float, __half>(void const*, __half*, long, long, long, HIP_vector_type<unsigned int, 3u>, long, long, long)",1106,22449298401169,22449298425169,0,0,256,1,1,786432,1,1
"KERNEL_DISPATCH",4,2,78,"void tile_fp16_gemm<128, 64, 4, 8, 32>(__half const*, __half const*, float*, float*, int, int, long)",1107,22449298425169,22449298896737,0,25088,256,1,1,6656,1,8
"KERNEL_DISPATCH",4,2,79,"tile_fp16_reduce(float const*, float*, int, int)",1108,22449298896737,22449298922368,0,0,256,1,1,53248,1,1
"KERNEL_DISPATCH",4,2,26,"void dequantize_block_iq3_s<__half>(void const*, __half*)",1109,22449298943109,22449299072297,0,0,32,1,1,1277952,1,1
"KERNEL_DISPATCH",4,2,40,"void convert_unary<float, __half>(void const*, __half*, long, long, long, HIP_vector_type<unsigned int, 3u>, long, long, long)",1110,22449299072297,22449299093780,0,0,256,1,1,786432,1,1
"KERNEL_DISPATCH",4,2,78,"void tile_fp16_gemm<128, 64, 4, 8, 32>(__half const*, __half const*, float*, float*, int, int, long)",1111,22449299093780,22449299516902,0,25088,256,1,1,6656,1,8
"KERNEL_DISPATCH",4,2,79,"tile_fp16_reduce(float const*, float*, int, int)",1112,22449299516902,22449299542828,0,0,256,1,1,53248,1,1
"KERNEL_DISPATCH",4,2,26,"void dequantize_block_iq3_s<__half>(void const*, __half*)",1113,22449299563570,22449299710536,0,0,32,1,1,1277952,1,1
"KERNEL_DISPATCH",4,2,40,"void convert_unary<float, __half>(void const*, __half*, long, long, long, HIP_vector_type<unsigned int, 3u>, long, long, long)",1114,22449299710536,22449299733796,0,0,256,1,1,786432,1,1
"KERNEL_DISPATCH",4,2,78,"void tile_fp16_gemm<128, 64, 4, 8, 32>(__half const*, __half const*, float*, float*, int, int, long)",1115,22449299733796,22449300214698,0,25088,256,1,1,6656,1,8
"KERNEL_DISPATCH",4,2,79,"tile_fp16_reduce(float const*, float*, int, int)",1116,22449300214698,22449300242995,0,0,256,1,1,53248,1,1
"KERNEL_DISPATCH",4,2,26,"void dequantize_block_iq3_s<__half>(void const*, __half*)",1117,22449300272329,22449300416481,0,0,32,1,1,1277952,1,1
"KERNEL_DISPATCH",4,2,40,"void convert_unary<float, __half>(void const*, __half*, long, long, long, HIP_vector_type<unsigned int, 3u>, long, long, long)",1118,22449300416481,22449300439889,0,0,256,1,1,786432,1,1
"KERNEL_DISPATCH",4,2,78,"void tile_fp16_gemm<128, 64, 4, 8, 32>(__half const*, __half const*, float*, float*, int, int, long)",1119,22449300439889,22449300917827,0,25088,256,1,1,6656,1,8
"KERNEL_DISPATCH",4,2,79,"tile_fp16_reduce(float const*, float*, int, int)",1120,22449300917827,22449300944347,0,0,256,1,1,53248,1,1
"KERNEL_DISPATCH",4,2,26,"void dequantize_block_iq3_s<__half>(void const*, __half*)",1121,22449300964643,22449301093980,0,0,32,1,1,1277952,1,1
"KERNEL_DISPATCH",4,2,40,"void convert_unary<float, __half>(void const*, __half*, long, long, long, HIP_vector_type<unsigned int, 3u>, long, long, long)",1122,22449301093980,22449301114870,0,0,256,1,1,786432,1,1
"KERNEL_DISPATCH",4,2,78,"void tile_fp16_gemm<128, 64, 4, 8, 32>(__half const*, __half const*, float*, float*, int, int, long)",1123,22449301114870,22449301545547,0,25088,256,1,1,6656,1,8
"KERNEL_DISPATCH",4,2,79,"tile_fp16_reduce(float const*, float*, int, int)",1124,22449301545547,22449301571474,0,0,256,1,1,53248,1,1
"KERNEL_DISPATCH",4,2,26,"void dequantize_block_iq3_s<__half>(void const*, __half*)",1125,22449301592215,22449301742145,0,0,32,1,1,1277952,1,1
"KERNEL_DISPATCH",4,2,40,"void convert_unary<float, __half>(void const*, __half*, long, long, long, HIP_vector_type<unsigned int, 3u>, long, long, long)",1126,22449301742145,22449301765701,0,0,256,1,1,786432,1,1
"KERNEL_DISPATCH",4,2,78,"void tile_fp16_gemm<128, 64, 4, 8, 32>(__half const*, __half const*, float*, float*, int, int, long)",1127,22449301765701,22449302245862,0,25088,256,1,1,6656,1,8
"KERNEL_DISPATCH",4,2,79,"tile_fp16_reduce(float const*, float*, int, int)",1128,22449302245862,22449302275641,0,0,256,1,1,53248,1,1
"KERNEL_DISPATCH",4,2,26,"void dequantize_block_iq3_s<__half>(void const*, __half*)",1129,22449302297419,22449302440978,0,0,32,1,1,1277952,1,1
"KERNEL_DISPATCH",4,2,40,"void convert_unary<float, __half>(void const*, __half*, long, long, long, HIP_vector_type<unsigned int, 3u>, long, long, long)",1130,22449302440978,22449302464386,0,0,256,1,1,786432,1,1
"KERNEL_DISPATCH",4,2,78,"void tile_fp16_gemm<128, 64, 4, 8, 32>(__half const*, __half const*, float*, float*, int, int, long)",1131,22449302464386,22449302932695,0,25088,256,1,1,6656,1,8
"KERNEL_DISPATCH",4,2,79,"tile_fp16_reduce(float const*, float*, int, int)",1132,22449302932695,22449302958325,0,0,256,1,1,53248,1,1
"KERNEL_DISPATCH",4,2,26,"void dequantize_block_iq3_s<__half>(void const*, __half*)",1133,22449302979807,22449303108700,0,0,32,1,1,1277952,1,1
"KERNEL_DISPATCH",4,2,40,"void convert_unary<float, __half>(void const*, __half*, long, long, long, HIP_vector_type<unsigned int, 3u>, long, long, long)",1134,22449303108700,22449303130033,0,0,256,1,1,786432,1,1
"KERNEL_DISPATCH",4,2,78,"void tile_fp16_gemm<128, 64, 4, 8, 32>(__half const*, __half const*, float*, float*, int, int, long)",1135,22449303130033,22449303571082,0,25088,256,1,1,6656,1,8
"KERNEL_DISPATCH",4,2,79,"tile_fp16_reduce(float const*, float*, int, int)",1136,22449303571082,22449303596712,0,0,256,1,1,53248,1,1
"KERNEL_DISPATCH",4,2,26,"void dequantize_block_iq3_s<__half>(void const*, __half*)",1137,22449303618194,22449303769013,0,0,32,1,1,1277952,1,1
"KERNEL_DISPATCH",4,2,40,"void convert_unary<float, __half>(void const*, __half*, long, long, long, HIP_vector_type<unsigned int, 3u>, long, long, long)",1138,22449303769013,22449303792717,0,0,256,1,1,786432,1,1
"KERNEL_DISPATCH",4,2,78,"void tile_fp16_gemm<128, 64, 4, 8, 32>(__half const*, __half const*, float*, float*, int, int, long)",1139,22449303792717,22449304260433,0,25088,256,1,1,6656,1,8
"KERNEL_DISPATCH",4,2,79,"tile_fp16_reduce(float const*, float*, int, int)",1140,22449304260433,22449304289175,0,0,256,1,1,53248,1,1
"KERNEL_DISPATCH",4,2,26,"void dequantize_block_iq3_s<__half>(void const*, __half*)",1141,22449304311398,22449304455698,0,0,32,1,1,1277952,1,1
"KERNEL_DISPATCH",4,2,40,"void convert_unary<float, __half>(void const*, __half*, long, long, long, HIP_vector_type<unsigned int, 3u>, long, long, long)",1142,22449304455698,22449304478661,0,0,256,1,1,786432,1,1
"KERNEL_DISPATCH",4,2,78,"void tile_fp16_gemm<128, 64, 4, 8, 32>(__half const*, __half const*, float*, float*, int, int, long)",1143,22449304478661,22449304947859,0,25088,256,1,1,6656,1,8
"KERNEL_DISPATCH",4,2,79,"tile_fp16_reduce(float const*, float*, int, int)",1144,22449304947859,22449304973785,0,0,256,1,1,53248,1,1
"KERNEL_DISPATCH",4,2,26,"void dequantize_block_iq3_s<__half>(void const*, __half*)",1145,22449304994527,22449305123567,0,0,32,1,1,1277952,1,1
"KERNEL_DISPATCH",4,2,40,"void convert_unary<float, __half>(void const*, __half*, long, long, long, HIP_vector_type<unsigned int, 3u>, long, long, long)",1146,22449305123567,22449305144901,0,0,256,1,1,786432,1,1
"KERNEL_DISPATCH",4,2,78,"void tile_fp16_gemm<128, 64, 4, 8, 32>(__half const*, __half const*, float*, float*, int, int, long)",1147,22449305144901,22449305590542,0,25088,256,1,1,6656,1,8
"KERNEL_DISPATCH",4,2,79,"tile_fp16_reduce(float const*, float*, int, int)",1148,22449305590542,22449305616913,0,0,256,1,1,53248,1,1
"KERNEL_DISPATCH",4,2,26,"void dequantize_block_iq3_s<__half>(void const*, __half*)",1149,22449305638840,22449305789807,0,0,32,1,1,1277952,1,1
"KERNEL_DISPATCH",4,2,40,"void convert_unary<float, __half>(void const*, __half*, long, long, long, HIP_vector_type<unsigned int, 3u>, long, long, long)",1150,22449305789807,22449305812919,0,0,256,1,1,786432,1,1
"KERNEL_DISPATCH",4,2,78,"void tile_fp16_gemm<128, 64, 4, 8, 32>(__half const*, __half const*, float*, float*, int, int, long)",1151,22449305812919,22449306277079,0,25088,256,1,1,6656,1,8
"KERNEL_DISPATCH",4,2,79,"tile_fp16_reduce(float const*, float*, int, int)",1152,22449306277079,22449306305672,0,0,256,1,1,53248,1,1
"KERNEL_DISPATCH",4,2,26,"void dequantize_block_iq3_s<__half>(void const*, __half*)",1153,22449306327895,22449306472047,0,0,32,1,1,1277952,1,1
"KERNEL_DISPATCH",4,2,40,"void convert_unary<float, __half>(void const*, __half*, long, long, long, HIP_vector_type<unsigned int, 3u>, long, long, long)",1154,22449306472047,22449306495307,0,0,256,1,1,786432,1,1
"KERNEL_DISPATCH",4,2,78,"void tile_fp16_gemm<128, 64, 4, 8, 32>(__half const*, __half const*, float*, float*, int, int, long)",1155,22449306495307,22449306962430,0,25088,256,1,1,6656,1,8
"KERNEL_DISPATCH",4,2,79,"tile_fp16_reduce(float const*, float*, int, int)",1156,22449306962430,22449306988653,0,0,256,1,1,53248,1,1
"KERNEL_DISPATCH",4,2,26,"void dequantize_block_iq3_s<__half>(void const*, __half*)",1157,22449307009098,22449307138287,0,0,32,1,1,1277952,1,1
"KERNEL_DISPATCH",4,2,40,"void convert_unary<float, __half>(void const*, __half*, long, long, long, HIP_vector_type<unsigned int, 3u>, long, long, long)",1158,22449307138287,22449307159472,0,0,256,1,1,786432,1,1
"KERNEL_DISPATCH",4,2,78,"void tile_fp16_gemm<128, 64, 4, 8, 32>(__half const*, __half const*, float*, float*, int, int, long)",1159,22449307159472,22449307591780,0,25088,256,1,1,6656,1,8
"KERNEL_DISPATCH",4,2,79,"tile_fp16_reduce(float const*, float*, int, int)",1160,22449307591780,22449307617558,0,0,256,1,1,53248,1,1
"KERNEL_DISPATCH",4,2,26,"void dequantize_block_iq3_s<__half>(void const*, __half*)",1161,22449307647189,22449307797859,0,0,32,1,1,1277952,1,1
"KERNEL_DISPATCH",4,2,40,"void convert_unary<float, __half>(void const*, __half*, long, long, long, HIP_vector_type<unsigned int, 3u>, long, long, long)",1162,22449307797859,22449307821119,0,0,256,1,1,786432,1,1
"KERNEL_DISPATCH",4,2,78,"void tile_fp16_gemm<128, 64, 4, 8, 32>(__half const*, __half const*, float*, float*, int, int, long)",1163,22449307821119,22449308306613,0,25088,256,1,1,6656,1,8
"KERNEL_DISPATCH",4,2,79,"tile_fp16_reduce(float const*, float*, int, int)",1164,22449308306613,22449308335503,0,0,256,1,1,53248,1,1
"KERNEL_DISPATCH",4,2,26,"void dequantize_block_iq3_s<__half>(void const*, __half*)",1165,22449308362467,22449308506322,0,0,32,1,1,1277952,1,1
"KERNEL_DISPATCH",4,2,40,"void convert_unary<float, __half>(void const*, __half*, long, long, long, HIP_vector_type<unsigned int, 3u>, long, long, long)",1166,22449308506322,22449308529730,0,0,256,1,1,786432,1,1
"KERNEL_DISPATCH",4,2,78,"void tile_fp16_gemm<128, 64, 4, 8, 32>(__half const*, __half const*, float*, float*, int, int, long)",1167,22449308529730,22449308995224,0,25088,256,1,1,6656,1,8
"KERNEL_DISPATCH",4,2,79,"tile_fp16_reduce(float const*, float*, int, int)",1168,22449308995224,22449309020706,0,0,256,1,1,53248,1,1
"KERNEL_DISPATCH",4,2,26,"void dequantize_block_iq3_s<__half>(void const*, __half*)",1169,22449309041151,22449309170192,0,0,32,1,1,1277952,1,1
"KERNEL_DISPATCH",4,2,40,"void convert_unary<float, __half>(void const*, __half*, long, long, long, HIP_vector_type<unsigned int, 3u>, long, long, long)",1170,22449309170192,22449309191229,0,0,256,1,1,786432,1,1
"KERNEL_DISPATCH",4,2,78,"void tile_fp16_gemm<128, 64, 4, 8, 32>(__half const*, __half const*, float*, float*, int, int, long)",1171,22449309191229,22449309634500,0,25088,256,1,1,6656,1,8
"KERNEL_DISPATCH",4,2,79,"tile_fp16_reduce(float const*, float*, int, int)",1172,22449309634500,22449309660279,0,0,256,1,1,53248,1,1
"KERNEL_DISPATCH",4,2,26,"void dequantize_block_iq3_s<__half>(void const*, __half*)",1173,22449309687983,22449309831987,0,0,32,1,1,1277952,1,1
"KERNEL_DISPATCH",4,2,40,"void convert_unary<float, __half>(void const*, __half*, long, long, long, HIP_vector_type<unsigned int, 3u>, long, long, long)",1174,22449309831987,22449309855395,0,0,256,1,1,786432,1,1
"KERNEL_DISPATCH",4,2,78,"void tile_fp16_gemm<128, 64, 4, 8, 32>(__half const*, __half const*, float*, float*, int, int, long)",1175,22449309855395,22449310327259,0,25088,256,1,1,6656,1,8
"KERNEL_DISPATCH",4,2,79,"tile_fp16_reduce(float const*, float*, int, int)",1176,22449310327259,22449310355704,0,0,256,1,1,53248,1,1
"KERNEL_DISPATCH",4,2,26,"void dequantize_block_iq3_s<__half>(void const*, __half*)",1177,22449310377927,22449310521931,0,0,32,1,1,1277952,1,1
"KERNEL_DISPATCH",4,2,40,"void convert_unary<float, __half>(void const*, __half*, long, long, long, HIP_vector_type<unsigned int, 3u>, long, long, long)",1178,22449310521931,22449310545191,0,0,256,1,1,786432,1,1
"KERNEL_DISPATCH",4,2,78,"void tile_fp16_gemm<128, 64, 4, 8, 32>(__half const*, __half const*, float*, float*, int, int, long)",1179,22449310545191,22449311010388,0,25088,256,1,1,6656,1,8
"KERNEL_DISPATCH",4,2,79,"tile_fp16_reduce(float const*, float*, int, int)",1180,22449311010388,22449311035722,0,0,256,1,1,53248,1,1
"KERNEL_DISPATCH",4,2,26,"void dequantize_block_iq3_s<__half>(void const*, __half*)",1181,22449311056760,22449311185948,0,0,32,1,1,1277952,1,1
"KERNEL_DISPATCH",4,2,40,"void convert_unary<float, __half>(void const*, __half*, long, long, long, HIP_vector_type<unsigned int, 3u>, long, long, long)",1182,22449311185948,22449311207134,0,0,256,1,1,786432,1,1
"KERNEL_DISPATCH",4,2,78,"void tile_fp16_gemm<128, 64, 4, 8, 32>(__half const*, __half const*, float*, float*, int, int, long)",1183,22449311207134,22449311646256,0,25088,256,1,1,6656,1,8
"KERNEL_DISPATCH",4,2,79,"tile_fp16_reduce(float const*, float*, int, int)",1184,22449311646256,22449311684035,0,0,256,1,1,53248,1,1
"KERNEL_DISPATCH",4,2,26,"void dequantize_block_iq3_s<__half>(void const*, __half*)",1185,22449311705962,22449311849817,0,0,32,1,1,1277952,1,1
"KERNEL_DISPATCH",4,2,40,"void convert_unary<float, __half>(void const*, __half*, long, long, long, HIP_vector_type<unsigned int, 3u>, long, long, long)",1186,22449311849817,22449311873374,0,0,256,1,1,786432,1,1
"KERNEL_DISPATCH",4,2,78,"void tile_fp16_gemm<128, 64, 4, 8, 32>(__half const*, __half const*, float*, float*, int, int, long)",1187,22449311873374,22449312349979,0,25088,256,1,1,6656,1,8
"KERNEL_DISPATCH",4,2,79,"tile_fp16_reduce(float const*, float*, int, int)",1188,22449312349979,22449312379016,0,0,256,1,1,53248,1,1
"KERNEL_DISPATCH",4,2,26,"void dequantize_block_iq3_s<__half>(void const*, __half*)",1189,22449312401091,22449312544799,0,0,32,1,1,1277952,1,1
"KERNEL_DISPATCH",4,2,40,"void convert_unary<float, __half>(void const*, __half*, long, long, long, HIP_vector_type<unsigned int, 3u>, long, long, long)",1190,22449312544799,22449312568207,0,0,256,1,1,786432,1,1
"KERNEL_DISPATCH",4,2,78,"void tile_fp16_gemm<128, 64, 4, 8, 32>(__half const*, __half const*, float*, float*, int, int, long)",1191,22449312568207,22449313043034,0,25088,256,1,1,6656,1,8
"KERNEL_DISPATCH",4,2,79,"tile_fp16_reduce(float const*, float*, int, int)",1192,22449313043034,22449313072664,0,0,256,1,1,53248,1,1
"KERNEL_DISPATCH",4,2,26,"void dequantize_block_iq3_s<__half>(void const*, __half*)",1193,22449313095035,22449313238891,0,0,32,1,1,1277952,1,1
"KERNEL_DISPATCH",4,2,40,"void convert_unary<float, __half>(void const*, __half*, long, long, long, HIP_vector_type<unsigned int, 3u>, long, long, long)",1194,22449313238891,22449313262595,0,0,256,1,1,786432,1,1
"KERNEL_DISPATCH",4,2,78,"void tile_fp16_gemm<128, 64, 4, 8, 32>(__half const*, __half const*, float*, float*, int, int, long)",1195,22449313262595,22449313730311,0,25088,256,1,1,6656,1,8
"KERNEL_DISPATCH",4,2,79,"tile_fp16_reduce(float const*, float*, int, int)",1196,22449313730311,22449313759793,0,0,256,1,1,53248,1,1
"KERNEL_DISPATCH",4,2,26,"void dequantize_block_iq3_s<__half>(void const*, __half*)",1197,22449313781868,22449313926020,0,0,32,1,1,1277952,1,1
"KERNEL_DISPATCH",4,2,40,"void convert_unary<float, __half>(void const*, __half*, long, long, long, HIP_vector_type<unsigned int, 3u>, long, long, long)",1198,22449313926020,22449313949428,0,0,256,1,1,786432,1,1
"KERNEL_DISPATCH",4,2,78,"void tile_fp16_gemm<128, 64, 4, 8, 32>(__half const*, __half const*, float*, float*, int, int, long)",1199,22449313949428,22449314427366,0,25088,256,1,1,6656,1,8
"KERNEL_DISPATCH",4,2,79,"tile_fp16_reduce(float const*, float*, int, int)",1200,22449314427366,22449314456700,0,0,256,1,1,53248,1,1
"KERNEL_DISPATCH",4,2,26,"void dequantize_block_iq3_s<__half>(void const*, __half*)",1201,22449314479220,22449314623223,0,0,32,1,1,1277952,1,1
"KERNEL_DISPATCH",4,2,40,"void convert_unary<float, __half>(void const*, __half*, long, long, long, HIP_vector_type<unsigned int, 3u>, long, long, long)",1202,22449314623223,22449314646631,0,0,256,1,1,786432,1,1
"KERNEL_DISPATCH",4,2,78,"void tile_fp16_gemm<128, 64, 4, 8, 32>(__half const*, __half const*, float*, float*, int, int, long)",1203,22449314646631,22449315118940,0,25088,256,1,1,6656,1,8
"KERNEL_DISPATCH",4,2,79,"tile_fp16_reduce(float const*, float*, int, int)",1204,22449315118940,22449315147533,0,0,256,1,1,53248,1,1
"KERNEL_DISPATCH",4,2,26,"void dequantize_block_iq3_s<__half>(void const*, __half*)",1205,22449315169756,22449315313612,0,0,32,1,1,1277952,1,1
"KERNEL_DISPATCH",4,2,40,"void convert_unary<float, __half>(void const*, __half*, long, long, long, HIP_vector_type<unsigned int, 3u>, long, long, long)",1206,22449315313612,22449315336872,0,0,256,1,1,786432,1,1
"KERNEL_DISPATCH",4,2,78,"void tile_fp16_gemm<128, 64, 4, 8, 32>(__half const*, __half const*, float*, float*, int, int, long)",1207,22449315336872,22449315807847,0,25088,256,1,1,6656,1,8
"KERNEL_DISPATCH",4,2,79,"tile_fp16_reduce(float const*, float*, int, int)",1208,22449315807847,22449315833625,0,0,256,1,1,53248,1,1
"KERNEL_DISPATCH",4,2,26,"void dequantize_block_iq3_s<__half>(void const*, __half*)",1209,22449315854367,22449315983259,0,0,32,1,1,1277952,1,1
"KERNEL_DISPATCH",4,2,40,"void convert_unary<float, __half>(void const*, __half*, long, long, long, HIP_vector_type<unsigned int, 3u>, long, long, long)",1210,22449315983259,22449316004445,0,0,256,1,1,786432,1,1
"KERNEL_DISPATCH",4,2,78,"void tile_fp16_gemm<128, 64, 4, 8, 32>(__half const*, __half const*, float*, float*, int, int, long)",1211,22449316004445,22449316438826,0,25088,256,1,1,6656,1,8
"KERNEL_DISPATCH",4,2,79,"tile_fp16_reduce(float const*, float*, int, int)",1212,22449316438826,22449316465049,0,0,256,1,1,53248,1,1
"KERNEL_DISPATCH",4,2,26,"void dequantize_block_iq3_s<__half>(void const*, __half*)",1213,22449316485494,22449316615572,0,0,32,1,1,1277952,1,1
"KERNEL_DISPATCH",4,2,40,"void convert_unary<float, __half>(void const*, __half*, long, long, long, HIP_vector_type<unsigned int, 3u>, long, long, long)",1214,22449316615572,22449316638684,0,0,256,1,1,786432,1,1
"KERNEL_DISPATCH",4,2,78,"void tile_fp16_gemm<128, 64, 4, 8, 32>(__half const*, __half const*, float*, float*, int, int, long)",1215,22449316638684,22449317121067,0,25088,256,1,1,6656,1,8
"KERNEL_DISPATCH",4,2,79,"tile_fp16_reduce(float const*, float*, int, int)",1216,22449317121067,22449317151141,0,0,256,1,1,53248,1,1
"KERNEL_DISPATCH",4,2,26,"void dequantize_block_iq3_s<__half>(void const*, __half*)",1217,22449317172920,22449317317220,0,0,32,1,1,1277952,1,1
"KERNEL_DISPATCH",4,2,40,"void convert_unary<float, __half>(void const*, __half*, long, long, long, HIP_vector_type<unsigned int, 3u>, long, long, long)",1218,22449317317220,22449317341072,0,0,256,1,1,786432,1,1
"KERNEL_DISPATCH",4,2,78,"void tile_fp16_gemm<128, 64, 4, 8, 32>(__half const*, __half const*, float*, float*, int, int, long)",1219,22449317341072,22449317810714,0,25088,256,1,1,6656,1,8
"KERNEL_DISPATCH",4,2,79,"tile_fp16_reduce(float const*, float*, int, int)",1220,22449317810714,22449317839604,0,0,256,1,1,53248,1,1
"KERNEL_DISPATCH",4,2,26,"void dequantize_block_iq3_s<__half>(void const*, __half*)",1221,22449317861827,22449318005534,0,0,32,1,1,1277952,1,1
"KERNEL_DISPATCH",4,2,40,"void convert_unary<float, __half>(void const*, __half*, long, long, long, HIP_vector_type<unsigned int, 3u>, long, long, long)",1222,22449318005534,22449318028942,0,0,256,1,1,786432,1,1
"KERNEL_DISPATCH",4,2,78,"void tile_fp16_gemm<128, 64, 4, 8, 32>(__half const*, __half const*, float*, float*, int, int, long)",1223,22449318028942,22449318504955,0,25088,256,1,1,6656,1,8
"KERNEL_DISPATCH",4,2,79,"tile_fp16_reduce(float const*, float*, int, int)",1224,22449318504955,22449318533696,0,0,256,1,1,53248,1,1
"KERNEL_DISPATCH",4,2,26,"void dequantize_block_iq3_s<__half>(void const*, __half*)",1225,22449318555919,22449318699923,0,0,32,1,1,1277952,1,1
"KERNEL_DISPATCH",4,2,40,"void convert_unary<float, __half>(void const*, __half*, long, long, long, HIP_vector_type<unsigned int, 3u>, long, long, long)",1226,22449318699923,22449318723775,0,0,256,1,1,786432,1,1
"KERNEL_DISPATCH",4,2,78,"void tile_fp16_gemm<128, 64, 4, 8, 32>(__half const*, __half const*, float*, float*, int, int, long)",1227,22449318723775,22449319182898,0,25088,256,1,1,6656,1,8
"KERNEL_DISPATCH",4,2,79,"tile_fp16_reduce(float const*, float*, int, int)",1228,22449319182898,22449319213121,0,0,256,1,1,53248,1,1
"KERNEL_DISPATCH",4,2,26,"void dequantize_block_iq3_s<__half>(void const*, __half*)",1229,22449319235937,22449319379644,0,0,32,1,1,1277952,1,1
"KERNEL_DISPATCH",4,2,40,"void convert_unary<float, __half>(void const*, __half*, long, long, long, HIP_vector_type<unsigned int, 3u>, long, long, long)",1230,22449319379644,22449319403349,0,0,256,1,1,786432,1,1
"KERNEL_DISPATCH",4,2,78,"void tile_fp16_gemm<128, 64, 4, 8, 32>(__half const*, __half const*, float*, float*, int, int, long)",1231,22449319403349,22449319867509,0,25088,256,1,1,6656,1,8
"KERNEL_DISPATCH",4,2,79,"tile_fp16_reduce(float const*, float*, int, int)",1232,22449319867509,22449319893584,0,0,256,1,1,53248,1,1
"KERNEL_DISPATCH",4,2,26,"void dequantize_block_iq3_s<__half>(void const*, __half*)",1233,22449319915066,22449320044254,0,0,32,1,1,1277952,1,1
"KERNEL_DISPATCH",4,2,40,"void convert_unary<float, __half>(void const*, __half*, long, long, long, HIP_vector_type<unsigned int, 3u>, long, long, long)",1234,22449320044254,22449320065292,0,0,256,1,1,786432,1,1
"KERNEL_DISPATCH",4,2,78,"void tile_fp16_gemm<128, 64, 4, 8, 32>(__half const*, __half const*, float*, float*, int, int, long)",1235,22449320065292,22449320485895,0,25088,256,1,1,6656,1,8
"KERNEL_DISPATCH",4,2,79,"tile_fp16_reduce(float const*, float*, int, int)",1236,22449320485895,22449320511526,0,0,256,1,1,53248,1,1
"KERNEL_DISPATCH",4,2,26,"void dequantize_block_iq3_s<__half>(void const*, __half*)",1237,22449320533304,22449320677604,0,0,32,1,1,1277952,1,1
"KERNEL_DISPATCH",4,2,40,"void convert_unary<float, __half>(void const*, __half*, long, long, long, HIP_vector_type<unsigned int, 3u>, long, long, long)",1238,22449320677604,22449320700864,0,0,256,1,1,786432,1,1
"KERNEL_DISPATCH",4,2,78,"void tile_fp16_gemm<128, 64, 4, 8, 32>(__half const*, __half const*, float*, float*, int, int, long)",1239,22449320700864,22449321175839,0,25088,256,1,1,6656,1,8
"KERNEL_DISPATCH",4,2,79,"tile_fp16_reduce(float const*, float*, int, int)",1240,22449321175839,22449321204877,0,0,256,1,1,53248,1,1
"KERNEL_DISPATCH",4,2,26,"void dequantize_block_iq3_s<__half>(void const*, __half*)",1241,22449321227396,22449321371548,0,0,32,1,1,1277952,1,1
"KERNEL_DISPATCH",4,2,40,"void convert_unary<float, __half>(void const*, __half*, long, long, long, HIP_vector_type<unsigned int, 3u>, long, long, long)",1242,22449321371548,22449321394956,0,0,256,1,1,786432,1,1
"KERNEL_DISPATCH",4,2,78,"void tile_fp16_gemm<128, 64, 4, 8, 32>(__half const*, __half const*, float*, float*, int, int, long)",1243,22449321394956,22449321876006,0,25088,256,1,1,6656,1,8
"KERNEL_DISPATCH",4,2,79,"tile_fp16_reduce(float const*, float*, int, int)",1244,22449321876006,22449321905488,0,0,256,1,1,53248,1,1
"KERNEL_DISPATCH",4,2,26,"void dequantize_block_iq3_s<__half>(void const*, __half*)",1245,22449321927859,22449322071863,0,0,32,1,1,1277952,1,1
"KERNEL_DISPATCH",4,2,40,"void convert_unary<float, __half>(void const*, __half*, long, long, long, HIP_vector_type<unsigned int, 3u>, long, long, long)",1246,22449322071863,22449322095419,0,0,256,1,1,786432,1,1
"KERNEL_DISPATCH",4,2,78,"void tile_fp16_gemm<128, 64, 4, 8, 32>(__half const*, __half const*, float*, float*, int, int, long)",1247,22449322095419,22449322574098,0,25088,256,1,1,6656,1,8
"KERNEL_DISPATCH",4,2,79,"tile_fp16_reduce(float const*, float*, int, int)",1248,22449322574098,22449322603432,0,0,256,1,1,53248,1,1
"KERNEL_DISPATCH",4,2,26,"void dequantize_block_iq3_s<__half>(void const*, __half*)",1249,22449322625803,22449322769659,0,0,32,1,1,1277952,1,1
"KERNEL_DISPATCH",4,2,40,"void convert_unary<float, __half>(void const*, __half*, long, long, long, HIP_vector_type<unsigned int, 3u>, long, long, long)",1250,22449322769659,22449322793511,0,0,256,1,1,786432,1,1
"KERNEL_DISPATCH",4,2,78,"void tile_fp16_gemm<128, 64, 4, 8, 32>(__half const*, __half const*, float*, float*, int, int, long)",1251,22449322793511,22449323289969,0,25088,256,1,1,6656,1,8
"KERNEL_DISPATCH",4,2,79,"tile_fp16_reduce(float const*, float*, int, int)",1252,22449323289969,22449323319303,0,0,256,1,1,53248,1,1
"KERNEL_DISPATCH",4,2,26,"void dequantize_block_iq3_s<__half>(void const*, __half*)",1253,22449323344785,22449323488937,0,0,32,1,1,1277952,1,1
"KERNEL_DISPATCH",4,2,40,"void convert_unary<float, __half>(void const*, __half*, long, long, long, HIP_vector_type<unsigned int, 3u>, long, long, long)",1254,22449323488937,22449323512345,0,0,256,1,1,786432,1,1
"KERNEL_DISPATCH",4,2,78,"void tile_fp16_gemm<128, 64, 4, 8, 32>(__half const*, __half const*, float*, float*, int, int, long)",1255,22449323512345,22449323970727,0,25088,256,1,1,6656,1,8
"KERNEL_DISPATCH",4,2,79,"tile_fp16_reduce(float const*, float*, int, int)",1256,22449323970727,22449323997099,0,0,256,1,1,53248,1,1
"KERNEL_DISPATCH",4,2,26,"void dequantize_block_iq3_s<__half>(void const*, __half*)",1257,22449324017988,22449324147028,0,0,32,1,1,1277952,1,1
"KERNEL_DISPATCH",4,2,40,"void convert_unary<float, __half>(void const*, __half*, long, long, long, HIP_vector_type<unsigned int, 3u>, long, long, long)",1258,22449324147028,22449324168066,0,0,256,1,1,786432,1,1
"KERNEL_DISPATCH",4,2,78,"void tile_fp16_gemm<128, 64, 4, 8, 32>(__half const*, __half const*, float*, float*, int, int, long)",1259,22449324168066,22449324590151,0,25088,256,1,1,6656,1,8
"KERNEL_DISPATCH",4,2,79,"tile_fp16_reduce(float const*, float*, int, int)",1260,22449324590151,22449324616374,0,0,256,1,1,53248,1,1
"KERNEL_DISPATCH",4,2,26,"void dequantize_block_iq3_s<__half>(void const*, __half*)",1261,22451698834573,22451698962132,0,0,32,1,1,1310720,1,1
"KERNEL_DISPATCH",4,2,40,"void convert_unary<float, __half>(void const*, __half*, long, long, long, HIP_vector_type<unsigned int, 3u>, long, long, long)",1262,22451698962132,22451698980947,0,0,256,1,1,655360,1,1
"KERNEL_DISPATCH",4,2,78,"void tile_fp16_gemm<128, 64, 4, 8, 32>(__half const*, __half const*, float*, float*, int, int, long)",1263,22451698980947,22451699417106,0,25088,256,1,1,8192,1,8
"KERNEL_DISPATCH",4,2,79,"tile_fp16_reduce(float const*, float*, int, int)",1264,22451699417106,22451699447774,0,0,256,1,1,65536,1,1
"KERNEL_DISPATCH",4,2,26,"void dequantize_block_iq3_s<__half>(void const*, __half*)",1265,22451699812968,22451699937416,0,0,32,1,1,1310720,1,1
"KERNEL_DISPATCH",4,2,40,"void convert_unary<float, __half>(void const*, __half*, long, long, long, HIP_vector_type<unsigned int, 3u>, long, long, long)",1266,22451699937416,22451699954454,0,0,256,1,1,655360,1,1
"KERNEL_DISPATCH",4,2,78,"void tile_fp16_gemm<128, 64, 4, 8, 32>(__half const*, __half const*, float*, float*, int, int, long)",1267,22451699954454,22451700395947,0,25088,256,1,1,8192,1,8
"KERNEL_DISPATCH",4,2,79,"tile_fp16_reduce(float const*, float*, int, int)",1268,22451700395947,22451700426022,0,0,256,1,1,65536,1,1
"KERNEL_DISPATCH",4,2,26,"void dequantize_block_iq3_s<__half>(void const*, __half*)",1269,22451700449874,22451700574618,0,0,32,1,1,1310720,1,1
"KERNEL_DISPATCH",4,2,40,"void convert_unary<float, __half>(void const*, __half*, long, long, long, HIP_vector_type<unsigned int, 3u>, long, long, long)",1270,22451700574618,22451700591952,0,0,256,1,1,655360,1,1
"KERNEL_DISPATCH",4,2,78,"void tile_fp16_gemm<128, 64, 4, 8, 32>(__half const*, __half const*, float*, float*, int, int, long)",1271,22451700591952,22451701021889,0,25088,256,1,1,8192,1,8
"KERNEL_DISPATCH",4,2,79,"tile_fp16_reduce(float const*, float*, int, int)",1272,22451701021889,22451701051075,0,0,256,1,1,65536,1,1
"KERNEL_DISPATCH",4,2,26,"void dequantize_block_iq3_s<__half>(void const*, __half*)",1273,22451701073446,22451701197597,0,0,32,1,1,1310720,1,1
"KERNEL_DISPATCH",4,2,40,"void convert_unary<float, __half>(void const*, __half*, long, long, long, HIP_vector_type<unsigned int, 3u>, long, long, long)",1274,22451701197597,22451701215376,0,0,256,1,1,655360,1,1
"KERNEL_DISPATCH",4,2,78,"void tile_fp16_gemm<128, 64, 4, 8, 32>(__half const*, __half const*, float*, float*, int, int, long)",1275,22451701215376,22451701654350,0,25088,256,1,1,8192,1,8
"KERNEL_DISPATCH",4,2,79,"tile_fp16_reduce(float const*, float*, int, int)",1276,22451701654350,22451701683684,0,0,256,1,1,65536,1,1
"KERNEL_DISPATCH",4,2,26,"void dequantize_block_iq3_s<__half>(void const*, __half*)",1277,22451701705759,22451701830503,0,0,32,1,1,1310720,1,1
"KERNEL_DISPATCH",4,2,40,"void convert_unary<float, __half>(void const*, __half*, long, long, long, HIP_vector_type<unsigned int, 3u>, long, long, long)",1278,22451701830503,22451701848429,0,0,256,1,1,655360,1,1
"KERNEL_DISPATCH",4,2,78,"void tile_fp16_gemm<128, 64, 4, 8, 32>(__half const*, __half const*, float*, float*, int, int, long)",1279,22451701848429,22451702283552,0,25088,256,1,1,8192,1,8
"KERNEL_DISPATCH",4,2,79,"tile_fp16_reduce(float const*, float*, int, int)",1280,22451702283552,22451702312886,0,0,256,1,1,65536,1,1
"KERNEL_DISPATCH",4,2,26,"void dequantize_block_iq3_s<__half>(void const*, __half*)",1281,22451702333627,22451702458075,0,0,32,1,1,1310720,1,1
"KERNEL_DISPATCH",4,2,40,"void convert_unary<float, __half>(void const*, __half*, long, long, long, HIP_vector_type<unsigned int, 3u>, long, long, long)",1282,22451702458075,22451702475409,0,0,256,1,1,655360,1,1
"KERNEL_DISPATCH",4,2,78,"void tile_fp16_gemm<128, 64, 4, 8, 32>(__half const*, __half const*, float*, float*, int, int, long)",1283,22451702475409,22451702909346,0,25088,256,1,1,8192,1,8
"KERNEL_DISPATCH",4,2,79,"tile_fp16_reduce(float const*, float*, int, int)",1284,22451702909346,22451702939569,0,0,256,1,1,65536,1,1
"KERNEL_DISPATCH",4,2,26,"void dequantize_block_iq3_s<__half>(void const*, __half*)",1285,22451702961495,22451703093943,0,0,32,1,1,1310720,1,1
"KERNEL_DISPATCH",4,2,40,"void convert_unary<float, __half>(void const*, __half*, long, long, long, HIP_vector_type<unsigned int, 3u>, long, long, long)",1286,22451703093943,22451703112314,0,0,256,1,1,655360,1,1
"KERNEL_DISPATCH",4,2,78,"void tile_fp16_gemm<128, 64, 4, 8, 32>(__half const*, __half const*, float*, float*, int, int, long)",1287,22451703112314,22451703530844,0,25088,256,1,1,8192,1,8
"KERNEL_DISPATCH",4,2,79,"tile_fp16_reduce(float const*, float*, int, int)",1288,22451703530844,22451703560919,0,0,256,1,1,65536,1,1
"KERNEL_DISPATCH",4,2,26,"void dequantize_block_iq3_s<__half>(void const*, __half*)",1289,22451703582252,22451703714700,0,0,32,1,1,1310720,1,1
"KERNEL_DISPATCH",4,2,40,"void convert_unary<float, __half>(void const*, __half*, long, long, long, HIP_vector_type<unsigned int, 3u>, long, long, long)",1290,22451703714700,22451703733219,0,0,256,1,1,655360,1,1
"KERNEL_DISPATCH",4,2,78,"void tile_fp16_gemm<128, 64, 4, 8, 32>(__half const*, __half const*, float*, float*, int, int, long)",1291,22451703733219,22451704156786,0,25088,256,1,1,8192,1,8
"KERNEL_DISPATCH",4,2,79,"tile_fp16_reduce(float const*, float*, int, int)",1292,22451704156786,22451704186861,0,0,256,1,1,65536,1,1
"KERNEL_DISPATCH",4,2,26,"void dequantize_block_iq3_s<__half>(void const*, __half*)",1293,22451704207602,22451704339754,0,0,32,1,1,1310720,1,1
"KERNEL_DISPATCH",4,2,40,"void convert_unary<float, __half>(void const*, __half*, long, long, long, HIP_vector_type<unsigned int, 3u>, long, long, long)",1294,22451704339754,22451704358125,0,0,256,1,1,655360,1,1
"KERNEL_DISPATCH",4,2,78,"void tile_fp16_gemm<128, 64, 4, 8, 32>(__half const*, __half const*, float*, float*, int, int, long)",1295,22451704358125,22451704780951,0,25088,256,1,1,8192,1,8
"KERNEL_DISPATCH",4,2,79,"tile_fp16_reduce(float const*, float*, int, int)",1296,22451704780951,22451704810285,0,0,256,1,1,65536,1,1
"KERNEL_DISPATCH",4,2,26,"void dequantize_block_iq3_s<__half>(void const*, __half*)",1297,22451704840360,22451704987771,0,0,32,1,1,1310720,1,1
"KERNEL_DISPATCH",4,2,40,"void convert_unary<float, __half>(void const*, __half*, long, long, long, HIP_vector_type<unsigned int, 3u>, long, long, long)",1298,22451704987771,22451705008216,0,0,256,1,1,655360,1,1
"KERNEL_DISPATCH",4,2,78,"void tile_fp16_gemm<128, 64, 4, 8, 32>(__half const*, __half const*, float*, float*, int, int, long)",1299,22451705008216,22451705456524,0,25088,256,1,1,8192,1,8
"KERNEL_DISPATCH",4,2,79,"tile_fp16_reduce(float const*, float*, int, int)",1300,22451705456524,22451705491340,0,0,256,1,1,65536,1,1
"KERNEL_DISPATCH",4,2,26,"void dequantize_block_iq3_s<__half>(void const*, __half*)",1301,22451705513562,22451705660974,0,0,32,1,1,1310720,1,1
"KERNEL_DISPATCH",4,2,40,"void convert_unary<float, __half>(void const*, __half*, long, long, long, HIP_vector_type<unsigned int, 3u>, long, long, long)",1302,22451705660974,22451705680678,0,0,256,1,1,655360,1,1
"KERNEL_DISPATCH",4,2,78,"void tile_fp16_gemm<128, 64, 4, 8, 32>(__half const*, __half const*, float*, float*, int, int, long)",1303,22451705680678,22451706115652,0,25088,256,1,1,8192,1,8
"KERNEL_DISPATCH",4,2,79,"tile_fp16_reduce(float const*, float*, int, int)",1304,22451706115652,22451706145579,0,0,256,1,1,65536,1,1
"KERNEL_DISPATCH",4,2,26,"void dequantize_block_iq3_s<__half>(void const*, __half*)",1305,22451706166765,22451706299509,0,0,32,1,1,1310720,1,1
"KERNEL_DISPATCH",4,2,40,"void convert_unary<float, __half>(void const*, __half*, long, long, long, HIP_vector_type<unsigned int, 3u>, long, long, long)",1306,22451706299509,22451706317732,0,0,256,1,1,655360,1,1
"KERNEL_DISPATCH",4,2,78,"void tile_fp16_gemm<128, 64, 4, 8, 32>(__half const*, __half const*, float*, float*, int, int, long)",1307,22451706317732,22451706741891,0,25088,256,1,1,8192,1,8
"KERNEL_DISPATCH",4,2,79,"tile_fp16_reduce(float const*, float*, int, int)",1308,22451706741891,22451706772410,0,0,256,1,1,65536,1,1
"KERNEL_DISPATCH",4,2,26,"void dequantize_block_iq3_s<__half>(void const*, __half*)",1309,22451706794189,22451706948415,0,0,32,1,1,1310720,1,1
"KERNEL_DISPATCH",4,2,40,"void convert_unary<float, __half>(void const*, __half*, long, long, long, HIP_vector_type<unsigned int, 3u>, long, long, long)",1310,22451706948415,22451706968712,0,0,256,1,1,655360,1,1
"KERNEL_DISPATCH",4,2,78,"void tile_fp16_gemm<128, 64, 4, 8, 32>(__half const*, __half const*, float*, float*, int, int, long)",1311,22451706968712,22451707414057,0,25088,256,1,1,8192,1,8
"KERNEL_DISPATCH",4,2,79,"tile_fp16_reduce(float const*, float*, int, int)",1312,22451707414057,22451707447687,0,0,256,1,1,65536,1,1
"KERNEL_DISPATCH",4,2,26,"void dequantize_block_iq3_s<__half>(void const*, __half*)",1313,22451707469466,22451707617025,0,0,32,1,1,1310720,1,1
"KERNEL_DISPATCH",4,2,40,"void convert_unary<float, __half>(void const*, __half*, long, long, long, HIP_vector_type<unsigned int, 3u>, long, long, long)",1314,22451707617025,22451707636877,0,0,256,1,1,655360,1,1
"KERNEL_DISPATCH",4,2,78,"void tile_fp16_gemm<128, 64, 4, 8, 32>(__half const*, __half const*, float*, float*, int, int, long)",1315,22451707636877,22451708074815,0,25088,256,1,1,8192,1,8
"KERNEL_DISPATCH",4,2,79,"tile_fp16_reduce(float const*, float*, int, int)",1316,22451708074815,22451708105482,0,0,256,1,1,65536,1,1
"KERNEL_DISPATCH",4,2,26,"void dequantize_block_iq3_s<__half>(void const*, __half*)",1317,22451708125779,22451708257931,0,0,32,1,1,1310720,1,1
"KERNEL_DISPATCH",4,2,40,"void convert_unary<float, __half>(void const*, __half*, long, long, long, HIP_vector_type<unsigned int, 3u>, long, long, long)",1318,22451708257931,22451708275857,0,0,256,1,1,655360,1,1
"KERNEL_DISPATCH",4,2,78,"void tile_fp16_gemm<128, 64, 4, 8, 32>(__half const*, __half const*, float*, float*, int, int, long)",1319,22451708275857,22451708698831,0,25088,256,1,1,8192,1,8
"KERNEL_DISPATCH",4,2,79,"tile_fp16_reduce(float const*, float*, int, int)",1320,22451708698831,22451708728906,0,0,256,1,1,65536,1,1
"KERNEL_DISPATCH",4,2,26,"void dequantize_block_iq3_s<__half>(void const*, __half*)",1321,22451708749351,22451708903133,0,0,32,1,1,1310720,1,1
"KERNEL_DISPATCH",4,2,40,"void convert_unary<float, __half>(void const*, __half*, long, long, long, HIP_vector_type<unsigned int, 3u>, long, long, long)",1322,22451708903133,22451708923430,0,0,256,1,1,655360,1,1
"KERNEL_DISPATCH",4,2,78,"void tile_fp16_gemm<128, 64, 4, 8, 32>(__half const*, __half const*, float*, float*, int, int, long)",1323,22451708923430,22451709368923,0,25088,256,1,1,8192,1,8
"KERNEL_DISPATCH",4,2,79,"tile_fp16_reduce(float const*, float*, int, int)",1324,22451709368923,22451709402109,0,0,256,1,1,65536,1,1
"KERNEL_DISPATCH",4,2,26,"void dequantize_block_iq3_s<__half>(void const*, __half*)",1325,22451709423887,22451709571298,0,0,32,1,1,1310720,1,1
"KERNEL_DISPATCH",4,2,40,"void convert_unary<float, __half>(void const*, __half*, long, long, long, HIP_vector_type<unsigned int, 3u>, long, long, long)",1326,22451709571298,22451709591595,0,0,256,1,1,655360,1,1
"KERNEL_DISPATCH",4,2,78,"void tile_fp16_gemm<128, 64, 4, 8, 32>(__half const*, __half const*, float*, float*, int, int, long)",1327,22451709591595,22451710032644,0,25088,256,1,1,8192,1,8
"KERNEL_DISPATCH",4,2,79,"tile_fp16_reduce(float const*, float*, int, int)",1328,22451710032644,22451710062719,0,0,256,1,1,65536,1,1
"KERNEL_DISPATCH",4,2,26,"void dequantize_block_iq3_s<__half>(void const*, __half*)",1329,22451710083608,22451710216204,0,0,32,1,1,1310720,1,1
"KERNEL_DISPATCH",4,2,40,"void convert_unary<float, __half>(void const*, __half*, long, long, long, HIP_vector_type<unsigned int, 3u>, long, long, long)",1330,22451710216204,22451710233983,0,0,256,1,1,655360,1,1
"KERNEL_DISPATCH",4,2,78,"void tile_fp16_gemm<128, 64, 4, 8, 32>(__half const*, __half const*, float*, float*, int, int, long)",1331,22451710233983,22451710657697,0,25088,256,1,1,8192,1,8
"KERNEL_DISPATCH",4,2,79,"tile_fp16_reduce(float const*, float*, int, int)",1332,22451710657697,22451710687180,0,0,256,1,1,65536,1,1
"KERNEL_DISPATCH",4,2,26,"void dequantize_block_iq3_s<__half>(void const*, __half*)",1333,22451710707921,22451710856814,0,0,32,1,1,1310720,1,1
"KERNEL_DISPATCH",4,2,40,"void convert_unary<float, __half>(void const*, __half*, long, long, long, HIP_vector_type<unsigned int, 3u>, long, long, long)",1334,22451710856814,22451710877110,0,0,256,1,1,655360,1,1
"KERNEL_DISPATCH",4,2,78,"void tile_fp16_gemm<128, 64, 4, 8, 32>(__half const*, __half const*, float*, float*, int, int, long)",1335,22451710877110,22451711322455,0,25088,256,1,1,8192,1,8
"KERNEL_DISPATCH",4,2,79,"tile_fp16_reduce(float const*, float*, int, int)",1336,22451711322455,22451711355790,0,0,256,1,1,65536,1,1
"KERNEL_DISPATCH",4,2,26,"void dequantize_block_iq3_s<__half>(void const*, __half*)",1337,22451711377716,22451711525127,0,0,32,1,1,1310720,1,1
"KERNEL_DISPATCH",4,2,40,"void convert_unary<float, __half>(void const*, __half*, long, long, long, HIP_vector_type<unsigned int, 3u>, long, long, long)",1338,22451711525127,22451711545869,0,0,256,1,1,655360,1,1
"KERNEL_DISPATCH",4,2,78,"void tile_fp16_gemm<128, 64, 4, 8, 32>(__half const*, __half const*, float*, float*, int, int, long)",1339,22451711545869,22451711990621,0,25088,256,1,1,8192,1,8
"KERNEL_DISPATCH",4,2,79,"tile_fp16_reduce(float const*, float*, int, int)",1340,22451711990621,22451712024696,0,0,256,1,1,65536,1,1
"KERNEL_DISPATCH",4,2,26,"void dequantize_block_iq3_s<__half>(void const*, __half*)",1341,22451712047215,22451712194775,0,0,32,1,1,1310720,1,1
"KERNEL_DISPATCH",4,2,40,"void convert_unary<float, __half>(void const*, __half*, long, long, long, HIP_vector_type<unsigned int, 3u>, long, long, long)",1342,22451712194775,22451712214479,0,0,256,1,1,655360,1,1
"KERNEL_DISPATCH",4,2,78,"void tile_fp16_gemm<128, 64, 4, 8, 32>(__half const*, __half const*, float*, float*, int, int, long)",1343,22451712214479,22451712656416,0,25088,256,1,1,8192,1,8
"KERNEL_DISPATCH",4,2,79,"tile_fp16_reduce(float const*, float*, int, int)",1344,22451712656416,22451712689899,0,0,256,1,1,65536,1,1
"KERNEL_DISPATCH",4,2,26,"void dequantize_block_iq3_s<__half>(void const*, __half*)",1345,22451712714048,22451712861755,0,0,32,1,1,1310720,1,1
"KERNEL_DISPATCH",4,2,40,"void convert_unary<float, __half>(void const*, __half*, long, long, long, HIP_vector_type<unsigned int, 3u>, long, long, long)",1346,22451712861755,22451712881459,0,0,256,1,1,655360,1,1
"KERNEL_DISPATCH",4,2,78,"void tile_fp16_gemm<128, 64, 4, 8, 32>(__half const*, __half const*, float*, float*, int, int, long)",1347,22451712881459,22451713326064,0,25088,256,1,1,8192,1,8
"KERNEL_DISPATCH",4,2,79,"tile_fp16_reduce(float const*, float*, int, int)",1348,22451713326064,22451713359546,0,0,256,1,1,65536,1,1
"KERNEL_DISPATCH",4,2,26,"void dequantize_block_iq3_s<__half>(void const*, __half*)",1349,22451713382954,22451713530365,0,0,32,1,1,1310720,1,1
"KERNEL_DISPATCH",4,2,40,"void convert_unary<float, __half>(void const*, __half*, long, long, long, HIP_vector_type<unsigned int, 3u>, long, long, long)",1350,22451713530365,22451713550958,0,0,256,1,1,655360,1,1
"KERNEL_DISPATCH",4,2,78,"void tile_fp16_gemm<128, 64, 4, 8, 32>(__half const*, __half const*, float*, float*, int, int, long)",1351,22451713550958,22451713992155,0,25088,256,1,1,8192,1,8
"KERNEL_DISPATCH",4,2,79,"tile_fp16_reduce(float const*, float*, int, int)",1352,22451713992155,22451714022082,0,0,256,1,1,65536,1,1
"KERNEL_DISPATCH",4,2,26,"void dequantize_block_iq3_s<__half>(void const*, __half*)",1353,22451714042527,22451714174827,0,0,32,1,1,1310720,1,1
"KERNEL_DISPATCH",4,2,40,"void convert_unary<float, __half>(void const*, __half*, long, long, long, HIP_vector_type<unsigned int, 3u>, long, long, long)",1354,22451714174827,22451714193197,0,0,256,1,1,655360,1,1
"KERNEL_DISPATCH",4,2,78,"void tile_fp16_gemm<128, 64, 4, 8, 32>(__half const*, __half const*, float*, float*, int, int, long)",1355,22451714193197,22451714619579,0,25088,256,1,1,8192,1,8
"KERNEL_DISPATCH",4,2,79,"tile_fp16_reduce(float const*, float*, int, int)",1356,22451714619579,22451714649209,0,0,256,1,1,65536,1,1
"KERNEL_DISPATCH",4,2,26,"void dequantize_block_iq3_s<__half>(void const*, __half*)",1357,22451714669506,22451714806547,0,0,32,1,1,1310720,1,1
"KERNEL_DISPATCH",4,2,40,"void convert_unary<float, __half>(void const*, __half*, long, long, long, HIP_vector_type<unsigned int, 3u>, long, long, long)",1358,22451714806547,22451714837955,0,0,256,1,1,655360,1,1
"KERNEL_DISPATCH",4,2,78,"void tile_fp16_gemm<128, 64, 4, 8, 32>(__half const*, __half const*, float*, float*, int, int, long)",1359,22451714837955,22451715286856,0,25088,256,1,1,8192,1,8
"KERNEL_DISPATCH",4,2,79,"tile_fp16_reduce(float const*, float*, int, int)",1360,22451715286856,22451715320338,0,0,256,1,1,65536,1,1
"KERNEL_DISPATCH",4,2,26,"void dequantize_block_iq3_s<__half>(void const*, __half*)",1361,22451715342265,22451715489528,0,0,32,1,1,1310720,1,1
"KERNEL_DISPATCH",4,2,40,"void convert_unary<float, __half>(void const*, __half*, long, long, long, HIP_vector_type<unsigned int, 3u>, long, long, long)",1362,22451715489528,22451715510121,0,0,256,1,1,655360,1,1
"KERNEL_DISPATCH",4,2,78,"void tile_fp16_gemm<128, 64, 4, 8, 32>(__half const*, __half const*, float*, float*, int, int, long)",1363,22451715510121,22451715954725,0,25088,256,1,1,8192,1,8
"KERNEL_DISPATCH",4,2,79,"tile_fp16_reduce(float const*, float*, int, int)",1364,22451715954725,22451715988948,0,0,256,1,1,65536,1,1
"KERNEL_DISPATCH",4,2,26,"void dequantize_block_iq3_s<__half>(void const*, __half*)",1365,22451716011319,22451716159027,0,0,32,1,1,1310720,1,1
"KERNEL_DISPATCH",4,2,40,"void convert_unary<float, __half>(void const*, __half*, long, long, long, HIP_vector_type<unsigned int, 3u>, long, long, long)",1366,22451716159027,22451716179027,0,0,256,1,1,655360,1,1
"KERNEL_DISPATCH",4,2,78,"void tile_fp16_gemm<128, 64, 4, 8, 32>(__half const*, __half const*, float*, float*, int, int, long)",1367,22451716179027,22451716621409,0,25088,256,1,1,8192,1,8
"KERNEL_DISPATCH",4,2,79,"tile_fp16_reduce(float const*, float*, int, int)",1368,22451716621409,22451716655040,0,0,256,1,1,65536,1,1
"KERNEL_DISPATCH",4,2,26,"void dequantize_block_iq3_s<__half>(void const*, __half*)",1369,22451716677411,22451716825118,0,0,32,1,1,1310720,1,1
"KERNEL_DISPATCH",4,2,40,"void convert_unary<float, __half>(void const*, __half*, long, long, long, HIP_vector_type<unsigned int, 3u>, long, long, long)",1370,22451716825118,22451716845267,0,0,256,1,1,655360,1,1
"KERNEL_DISPATCH",4,2,78,"void tile_fp16_gemm<128, 64, 4, 8, 32>(__half const*, __half const*, float*, float*, int, int, long)",1371,22451716845267,22451717288390,0,25088,256,1,1,8192,1,8
"KERNEL_DISPATCH",4,2,79,"tile_fp16_reduce(float const*, float*, int, int)",1372,22451717288390,22451717322317,0,0,256,1,1,65536,1,1
"KERNEL_DISPATCH",4,2,26,"void dequantize_block_iq3_s<__half>(void const*, __half*)",1373,22451717344539,22451717492247,0,0,32,1,1,1310720,1,1
"KERNEL_DISPATCH",4,2,40,"void convert_unary<float, __half>(void const*, __half*, long, long, long, HIP_vector_type<unsigned int, 3u>, long, long, long)",1374,22451717492247,22451717512396,0,0,256,1,1,655360,1,1
"KERNEL_DISPATCH",4,2,78,"void tile_fp16_gemm<128, 64, 4, 8, 32>(__half const*, __half const*, float*, float*, int, int, long)",1375,22451717512396,22451717952407,0,25088,256,1,1,8192,1,8
"KERNEL_DISPATCH",4,2,79,"tile_fp16_reduce(float const*, float*, int, int)",1376,22451717952407,22451717981889,0,0,256,1,1,65536,1,1
"KERNEL_DISPATCH",4,2,26,"void dequantize_block_iq3_s<__half>(void const*, __half*)",1377,22451718002038,22451718134486,0,0,32,1,1,1310720,1,1
"KERNEL_DISPATCH",4,2,40,"void convert_unary<float, __half>(void const*, __half*, long, long, long, HIP_vector_type<unsigned int, 3u>, long, long, long)",1378,22451718134486,22451718152857,0,0,256,1,1,655360,1,1
"KERNEL_DISPATCH",4,2,78,"void tile_fp16_gemm<128, 64, 4, 8, 32>(__half const*, __half const*, float*, float*, int, int, long)",1379,22451718152857,22451718582498,0,25088,256,1,1,8192,1,8
"KERNEL_DISPATCH",4,2,79,"tile_fp16_reduce(float const*, float*, int, int)",1380,22451718582498,22451718613017,0,0,256,1,1,65536,1,1
"KERNEL_DISPATCH",4,2,26,"void dequantize_block_iq3_s<__half>(void const*, __half*)",1381,22451718633610,22451718766651,0,0,32,1,1,1310720,1,1
"KERNEL_DISPATCH",4,2,40,"void convert_unary<float, __half>(void const*, __half*, long, long, long, HIP_vector_type<unsigned int, 3u>, long, long, long)",1382,22451718766651,22451718785911,0,0,256,1,1,655360,1,1
"KERNEL_DISPATCH",4,2,78,"void tile_fp16_gemm<128, 64, 4, 8, 32>(__half const*, __half const*, float*, float*, int, int, long)",1383,22451718785911,22451719241478,0,25088,256,1,1,8192,1,8
"KERNEL_DISPATCH",4,2,79,"tile_fp16_reduce(float const*, float*, int, int)",1384,22451719241478,22451719274812,0,0,256,1,1,65536,1,1
"KERNEL_DISPATCH",4,2,26,"void dequantize_block_iq3_s<__half>(void const*, __half*)",1385,22451719297035,22451719445039,0,0,32,1,1,1310720,1,1
"KERNEL_DISPATCH",4,2,40,"void convert_unary<float, __half>(void const*, __half*, long, long, long, HIP_vector_type<unsigned int, 3u>, long, long, long)",1386,22451719445039,22451719464891,0,0,256,1,1,655360,1,1
"KERNEL_DISPATCH",4,2,78,"void tile_fp16_gemm<128, 64, 4, 8, 32>(__half const*, __half const*, float*, float*, int, int, long)",1387,22451719464891,22451719914829,0,25088,256,1,1,8192,1,8
"KERNEL_DISPATCH",4,2,79,"tile_fp16_reduce(float const*, float*, int, int)",1388,22451719914829,22451719948608,0,0,256,1,1,65536,1,1
"KERNEL_DISPATCH",4,2,26,"void dequantize_block_iq3_s<__half>(void const*, __half*)",1389,22451719978831,22451720126242,0,0,32,1,1,1310720,1,1
"KERNEL_DISPATCH",4,2,40,"void convert_unary<float, __half>(void const*, __half*, long, long, long, HIP_vector_type<unsigned int, 3u>, long, long, long)",1390,22451720126242,22451720146539,0,0,256,1,1,655360,1,1
"KERNEL_DISPATCH",4,2,78,"void tile_fp16_gemm<128, 64, 4, 8, 32>(__half const*, __half const*, float*, float*, int, int, long)",1391,22451720146539,22451720589958,0,25088,256,1,1,8192,1,8
"KERNEL_DISPATCH",4,2,79,"tile_fp16_reduce(float const*, float*, int, int)",1392,22451720589958,22451720623885,0,0,256,1,1,65536,1,1
"KERNEL_DISPATCH",4,2,26,"void dequantize_block_iq3_s<__half>(void const*, __half*)",1393,22451720646996,22451720794852,0,0,32,1,1,1310720,1,1
"KERNEL_DISPATCH",4,2,40,"void convert_unary<float, __half>(void const*, __half*, long, long, long, HIP_vector_type<unsigned int, 3u>, long, long, long)",1394,22451720794852,22451720815001,0,0,256,1,1,655360,1,1
"KERNEL_DISPATCH",4,2,78,"void tile_fp16_gemm<128, 64, 4, 8, 32>(__half const*, __half const*, float*, float*, int, int, long)",1395,22451720815001,22451721264346,0,25088,256,1,1,8192,1,8
"KERNEL_DISPATCH",4,2,79,"tile_fp16_reduce(float const*, float*, int, int)",1396,22451721264346,22451721298273,0,0,256,1,1,65536,1,1
"KERNEL_DISPATCH",4,2,26,"void dequantize_block_iq3_s<__half>(void const*, __half*)",1397,22451721328496,22451721476351,0,0,32,1,1,1310720,1,1
"KERNEL_DISPATCH",4,2,40,"void convert_unary<float, __half>(void const*, __half*, long, long, long, HIP_vector_type<unsigned int, 3u>, long, long, long)",1398,22451721476351,22451721496648,0,0,256,1,1,655360,1,1
"KERNEL_DISPATCH",4,2,78,"void tile_fp16_gemm<128, 64, 4, 8, 32>(__half const*, __half const*, float*, float*, int, int, long)",1399,22451721496648,22451721936660,0,25088,256,1,1,8192,1,8
"KERNEL_DISPATCH",4,2,79,"tile_fp16_reduce(float const*, float*, int, int)",1400,22451721936660,22451721966438,0,0,256,1,1,65536,1,1
"KERNEL_DISPATCH",4,2,26,"void dequantize_block_iq3_s<__half>(void const*, __half*)",1401,22451721989846,22451722121998,0,0,32,1,1,1310720,1,1
"KERNEL_DISPATCH",4,2,40,"void convert_unary<float, __half>(void const*, __half*, long, long, long, HIP_vector_type<unsigned int, 3u>, long, long, long)",1402,22451722121998,22451722140073,0,0,256,1,1,655360,1,1
"KERNEL_DISPATCH",4,2,78,"void tile_fp16_gemm<128, 64, 4, 8, 32>(__half const*, __half const*, float*, float*, int, int, long)",1403,22451722140073,22451722561565,0,25088,256,1,1,8192,1,8
"KERNEL_DISPATCH",4,2,79,"tile_fp16_reduce(float const*, float*, int, int)",1404,22451722561565,22451722591788,0,0,256,1,1,65536,1,1
"KERNEL_DISPATCH",4,2,26,"void dequantize_block_iq3_s<__half>(void const*, __half*)",1405,22451722612678,22451722744533,0,0,32,1,1,1310720,1,1
"KERNEL_DISPATCH",4,2,40,"void convert_unary<float, __half>(void const*, __half*, long, long, long, HIP_vector_type<unsigned int, 3u>, long, long, long)",1406,22451722744533,22451722762607,0,0,256,1,1,655360,1,1
"KERNEL_DISPATCH",4,2,78,"void tile_fp16_gemm<128, 64, 4, 8, 32>(__half const*, __half const*, float*, float*, int, int, long)",1407,22451722762607,22451723221731,0,25088,256,1,1,8192,1,8
"KERNEL_DISPATCH",4,2,79,"tile_fp16_reduce(float const*, float*, int, int)",1408,22451723221731,22451723255361,0,0,256,1,1,65536,1,1
"KERNEL_DISPATCH",4,2,26,"void dequantize_block_iq3_s<__half>(void const*, __half*)",1409,22451723277139,22451723424699,0,0,32,1,1,1310720,1,1
"KERNEL_DISPATCH",4,2,40,"void convert_unary<float, __half>(void const*, __half*, long, long, long, HIP_vector_type<unsigned int, 3u>, long, long, long)",1410,22451723424699,22451723445144,0,0,256,1,1,655360,1,1
"KERNEL_DISPATCH",4,2,78,"void tile_fp16_gemm<128, 64, 4, 8, 32>(__half const*, __half const*, float*, float*, int, int, long)",1411,22451723445144,22451723897008,0,25088,256,1,1,8192,1,8
"KERNEL_DISPATCH",4,2,79,"tile_fp16_reduce(float const*, float*, int, int)",1412,22451723897008,22451723947083,0,0,256,1,1,65536,1,1
"KERNEL_DISPATCH",4,2,26,"void dequantize_block_iq3_s<__half>(void const*, __half*)",1413,22451723972269,22451724141755,0,0,32,1,1,1310720,1,1
"KERNEL_DISPATCH",4,2,40,"void convert_unary<float, __half>(void const*, __half*, long, long, long, HIP_vector_type<unsigned int, 3u>, long, long, long)",1414,22451724141755,22451724169607,0,0,256,1,1,655360,1,1
"KERNEL_DISPATCH",4,2,78,"void tile_fp16_gemm<128, 64, 4, 8, 32>(__half const*, __half const*, float*, float*, int, int, long)",1415,22451724169607,22451724747845,0,25088,256,1,1,8192,1,8
"KERNEL_DISPATCH",4,2,79,"tile_fp16_reduce(float const*, float*, int, int)",1416,22451724747845,22451724798661,0,0,256,1,1,65536,1,1
"KERNEL_DISPATCH",4,2,26,"void dequantize_block_iq3_s<__half>(void const*, __half*)",1417,22451724824143,22451724993184,0,0,32,1,1,1310720,1,1
"KERNEL_DISPATCH",4,2,40,"void convert_unary<float, __half>(void const*, __half*, long, long, long, HIP_vector_type<unsigned int, 3u>, long, long, long)",1418,22451724993184,22451725021630,0,0,256,1,1,655360,1,1
"KERNEL_DISPATCH",4,2,78,"void tile_fp16_gemm<128, 64, 4, 8, 32>(__half const*, __half const*, float*, float*, int, int, long)",1419,22451725021630,22451725580459,0,25088,256,1,1,8192,1,8
"KERNEL_DISPATCH",4,2,79,"tile_fp16_reduce(float const*, float*, int, int)",1420,22451725580459,22451725631127,0,0,256,1,1,65536,1,1
"KERNEL_DISPATCH",4,2,26,"void dequantize_block_iq3_s<__half>(void const*, __half*)",1421,22451725656313,22451725821354,0,0,32,1,1,1310720,1,1
"KERNEL_DISPATCH",4,2,40,"void convert_unary<float, __half>(void const*, __half*, long, long, long, HIP_vector_type<unsigned int, 3u>, long, long, long)",1422,22451725821354,22451725857948,0,0,256,1,1,655360,1,1
"KERNEL_DISPATCH",4,2,78,"void tile_fp16_gemm<128, 64, 4, 8, 32>(__half const*, __half const*, float*, float*, int, int, long)",1423,22451725857948,22451726304182,0,25088,256,1,1,8192,1,8
"KERNEL_DISPATCH",4,2,79,"tile_fp16_reduce(float const*, float*, int, int)",1424,22451726304182,22451726338257,0,0,256,1,1,65536,1,1
"KERNEL_DISPATCH",4,2,26,"void dequantize_block_iq3_s<__half>(void const*, __half*)",1425,22451726360331,22451726508187,0,0,32,1,1,1310720,1,1
"KERNEL_DISPATCH",4,2,40,"void convert_unary<float, __half>(void const*, __half*, long, long, long, HIP_vector_type<unsigned int, 3u>, long, long, long)",1426,22451726508187,22451726528336,0,0,256,1,1,655360,1,1
"KERNEL_DISPATCH",4,2,78,"void tile_fp16_gemm<128, 64, 4, 8, 32>(__half const*, __half const*, float*, float*, int, int, long)",1427,22451726528336,22451726965977,0,25088,256,1,1,8192,1,8
"KERNEL_DISPATCH",4,2,79,"tile_fp16_reduce(float const*, float*, int, int)",1428,22451726965977,22451726995459,0,0,256,1,1,65536,1,1
"KERNEL_DISPATCH",4,2,26,"void dequantize_block_iq3_s<__half>(void const*, __half*)",1429,22451727016052,22451727148797,0,0,32,1,1,1310720,1,1
"KERNEL_DISPATCH",4,2,40,"void convert_unary<float, __half>(void const*, __half*, long, long, long, HIP_vector_type<unsigned int, 3u>, long, long, long)",1430,22451727148797,22451727166575,0,0,256,1,1,655360,1,1
"KERNEL_DISPATCH",4,2,78,"void tile_fp16_gemm<128, 64, 4, 8, 32>(__half const*, __half const*, float*, float*, int, int, long)",1431,22451727166575,22451727588956,0,25088,256,1,1,8192,1,8
"KERNEL_DISPATCH",4,2,79,"tile_fp16_reduce(float const*, float*, int, int)",1432,22451727588956,22451727618587,0,0,256,1,1,65536,1,1
"KERNEL_DISPATCH",4,2,26,"void dequantize_block_iq3_s<__half>(void const*, __half*)",1433,22451727639032,22451727772665,0,0,32,1,1,1310720,1,1
"KERNEL_DISPATCH",4,2,40,"void convert_unary<float, __half>(void const*, __half*, long, long, long, HIP_vector_type<unsigned int, 3u>, long, long, long)",1434,22451727772665,22451727852667,0,0,256,1,1,655360,1,1
"KERNEL_DISPATCH",4,2,78,"void tile_fp16_gemm<128, 64, 4, 8, 32>(__half const*, __half const*, float*, float*, int, int, long)",1435,22451727858593,22451728310012,0,25088,256,1,1,8192,1,8
"KERNEL_DISPATCH",4,2,79,"tile_fp16_reduce(float const*, float*, int, int)",1436,22451728310012,22451728343939,0,0,256,1,1,65536,1,1
"KERNEL_DISPATCH",4,2,26,"void dequantize_block_iq3_s<__half>(void const*, __half*)",1437,22451728367347,22451728514906,0,0,32,1,1,1310720,1,1
"KERNEL_DISPATCH",4,2,40,"void convert_unary<float, __half>(void const*, __half*, long, long, long, HIP_vector_type<unsigned int, 3u>, long, long, long)",1438,22451728514906,22451728535351,0,0,256,1,1,655360,1,1
"KERNEL_DISPATCH",4,2,78,"void tile_fp16_gemm<128, 64, 4, 8, 32>(__half const*, __half const*, float*, float*, int, int, long)",1439,22451728535351,22451728982474,0,25088,256,1,1,8192,1,8
"KERNEL_DISPATCH",4,2,79,"tile_fp16_reduce(float const*, float*, int, int)",1440,22451728982474,22451729016549,0,0,256,1,1,65536,1,1
"KERNEL_DISPATCH",4,2,26,"void dequantize_block_iq3_s<__half>(void const*, __half*)",1441,22451729039216,22451729186331,0,0,32,1,1,1310720,1,1
"KERNEL_DISPATCH",4,2,40,"void convert_unary<float, __half>(void const*, __half*, long, long, long, HIP_vector_type<unsigned int, 3u>, long, long, long)",1442,22451729186331,22451729207369,0,0,256,1,1,655360,1,1
"KERNEL_DISPATCH",4,2,78,"void tile_fp16_gemm<128, 64, 4, 8, 32>(__half const*, __half const*, float*, float*, int, int, long)",1443,22451729207369,22451729649455,0,25088,256,1,1,8192,1,8
"KERNEL_DISPATCH",4,2,79,"tile_fp16_reduce(float const*, float*, int, int)",1444,22451729649455,22451729683530,0,0,256,1,1,65536,1,1
"KERNEL_DISPATCH",4,2,26,"void dequantize_block_iq3_s<__half>(void const*, __half*)",1445,22451729706049,22451729853608,0,0,32,1,1,1310720,1,1
"KERNEL_DISPATCH",4,2,40,"void convert_unary<float, __half>(void const*, __half*, long, long, long, HIP_vector_type<unsigned int, 3u>, long, long, long)",1446,22451729853608,22451729873757,0,0,256,1,1,655360,1,1
"KERNEL_DISPATCH",4,2,78,"void tile_fp16_gemm<128, 64, 4, 8, 32>(__half const*, __half const*, float*, float*, int, int, long)",1447,22451729873757,22451730315694,0,25088,256,1,1,8192,1,8
"KERNEL_DISPATCH",4,2,79,"tile_fp16_reduce(float const*, float*, int, int)",1448,22451730315694,22451730349029,0,0,256,1,1,65536,1,1
"KERNEL_DISPATCH",4,2,26,"void dequantize_block_iq3_s<__half>(void const*, __half*)",1449,22451730371844,22451730519255,0,0,32,1,1,1310720,1,1
"KERNEL_DISPATCH",4,2,40,"void convert_unary<float, __half>(void const*, __half*, long, long, long, HIP_vector_type<unsigned int, 3u>, long, long, long)",1450,22451730519255,22451730539404,0,0,256,1,1,655360,1,1
"KERNEL_DISPATCH",4,2,78,"void tile_fp16_gemm<128, 64, 4, 8, 32>(__half const*, __half const*, float*, float*, int, int, long)",1451,22451730539404,22451730985193,0,25088,256,1,1,8192,1,8
"KERNEL_DISPATCH",4,2,79,"tile_fp16_reduce(float const*, float*, int, int)",1452,22451730985193,22451731018824,0,0,256,1,1,65536,1,1
"KERNEL_DISPATCH",4,2,26,"void dequantize_block_iq3_s<__half>(void const*, __half*)",1453,22451731041195,22451731188606,0,0,32,1,1,1310720,1,1
"KERNEL_DISPATCH",4,2,40,"void convert_unary<float, __half>(void const*, __half*, long, long, long, HIP_vector_type<unsigned int, 3u>, long, long, long)",1454,22451731188606,22451731208903,0,0,256,1,1,655360,1,1
"KERNEL_DISPATCH",4,2,78,"void tile_fp16_gemm<128, 64, 4, 8, 32>(__half const*, __half const*, float*, float*, int, int, long)",1455,22451731208903,22451731650100,0,25088,256,1,1,8192,1,8
"KERNEL_DISPATCH",4,2,79,"tile_fp16_reduce(float const*, float*, int, int)",1456,22451731650100,22451731683434,0,0,256,1,1,65536,1,1
"KERNEL_DISPATCH",4,2,26,"void dequantize_block_iq3_s<__half>(void const*, __half*)",1457,22451731706101,22451731853513,0,0,32,1,1,1310720,1,1
"KERNEL_DISPATCH",4,2,40,"void convert_unary<float, __half>(void const*, __half*, long, long, long, HIP_vector_type<unsigned int, 3u>, long, long, long)",1458,22451731853513,22451731873513,0,0,256,1,1,655360,1,1
"KERNEL_DISPATCH",4,2,78,"void tile_fp16_gemm<128, 64, 4, 8, 32>(__half const*, __half const*, float*, float*, int, int, long)",1459,22451731873513,22451732317673,0,25088,256,1,1,8192,1,8
"KERNEL_DISPATCH",4,2,79,"tile_fp16_reduce(float const*, float*, int, int)",1460,22451732317673,22451732351155,0,0,256,1,1,65536,1,1
"KERNEL_DISPATCH",4,2,26,"void dequantize_block_iq3_s<__half>(void const*, __half*)",1461,22451732373971,22451732521530,0,0,32,1,1,1310720,1,1
"KERNEL_DISPATCH",4,2,40,"void convert_unary<float, __half>(void const*, __half*, long, long, long, HIP_vector_type<unsigned int, 3u>, long, long, long)",1462,22451732521530,22451732541975,0,0,256,1,1,655360,1,1
"KERNEL_DISPATCH",4,2,78,"void tile_fp16_gemm<128, 64, 4, 8, 32>(__half const*, __half const*, float*, float*, int, int, long)",1463,22451732541975,22451732976801,0,25088,256,1,1,8192,1,8
"KERNEL_DISPATCH",4,2,79,"tile_fp16_reduce(float const*, float*, int, int)",1464,22451732976801,22451733006432,0,0,256,1,1,65536,1,1
"KERNEL_DISPATCH",4,2,26,"void dequantize_block_iq3_s<__half>(void const*, __half*)",1465,22451733028358,22451733160806,0,0,32,1,1,1310720,1,1
"KERNEL_DISPATCH",4,2,40,"void convert_unary<float, __half>(void const*, __half*, long, long, long, HIP_vector_type<unsigned int, 3u>, long, long, long)",1466,22451733160806,22451733178881,0,0,256,1,1,655360,1,1
"KERNEL_DISPATCH",4,2,78,"void tile_fp16_gemm<128, 64, 4, 8, 32>(__half const*, __half const*, float*, float*, int, int, long)",1467,22451733178881,22451733607929,0,25088,256,1,1,8192,1,8
"KERNEL_DISPATCH",4,2,79,"tile_fp16_reduce(float const*, float*, int, int)",1468,22451733607929,22451733638300,0,0,256,1,1,65536,1,1
"KERNEL_DISPATCH",4,2,26,"void dequantize_block_iq3_s<__half>(void const*, __half*)",1469,22451733660967,22451733796823,0,0,32,1,1,1310720,1,1
"KERNEL_DISPATCH",4,2,40,"void convert_unary<float, __half>(void const*, __half*, long, long, long, HIP_vector_type<unsigned int, 3u>, long, long, long)",1470,22451733796823,22451733816379,0,0,256,1,1,655360,1,1
"KERNEL_DISPATCH",4,2,78,"void tile_fp16_gemm<128, 64, 4, 8, 32>(__half const*, __half const*, float*, float*, int, int, long)",1471,22451733816379,22451734272687,0,25088,256,1,1,8192,1,8
"KERNEL_DISPATCH",4,2,79,"tile_fp16_reduce(float const*, float*, int, int)",1472,22451734272687,22451734306614,0,0,256,1,1,65536,1,1
"KERNEL_DISPATCH",4,2,26,"void dequantize_block_iq3_s<__half>(void const*, __half*)",1473,22451734330170,22451734477581,0,0,32,1,1,1310720,1,1
"KERNEL_DISPATCH",4,2,40,"void convert_unary<float, __half>(void const*, __half*, long, long, long, HIP_vector_type<unsigned int, 3u>, long, long, long)",1474,22451734477581,22451734497878,0,0,256,1,1,655360,1,1
"KERNEL_DISPATCH",4,2,78,"void tile_fp16_gemm<128, 64, 4, 8, 32>(__half const*, __half const*, float*, float*, int, int, long)",1475,22451734497878,22451734941890,0,25088,256,1,1,8192,1,8
"KERNEL_DISPATCH",4,2,79,"tile_fp16_reduce(float const*, float*, int, int)",1476,22451734941890,22451734976113,0,0,256,1,1,65536,1,1
"KERNEL_DISPATCH",4,2,26,"void dequantize_block_iq3_s<__half>(void const*, __half*)",1477,22451734999521,22451735146932,0,0,32,1,1,1310720,1,1
"KERNEL_DISPATCH",4,2,40,"void convert_unary<float, __half>(void const*, __half*, long, long, long, HIP_vector_type<unsigned int, 3u>, long, long, long)",1478,22451735146932,22451735167377,0,0,256,1,1,655360,1,1
"KERNEL_DISPATCH",4,2,78,"void tile_fp16_gemm<128, 64, 4, 8, 32>(__half const*, __half const*, float*, float*, int, int, long)",1479,22451735167377,22451735614648,0,25088,256,1,1,8192,1,8
"KERNEL_DISPATCH",4,2,79,"tile_fp16_reduce(float const*, float*, int, int)",1480,22451735614648,22451735648575,0,0,256,1,1,65536,1,1
"KERNEL_DISPATCH",4,2,26,"void dequantize_block_iq3_s<__half>(void const*, __half*)",1481,22451735671539,22451735819246,0,0,32,1,1,1310720,1,1
"KERNEL_DISPATCH",4,2,40,"void convert_unary<float, __half>(void const*, __half*, long, long, long, HIP_vector_type<unsigned int, 3u>, long, long, long)",1482,22451735819246,22451735839099,0,0,256,1,1,655360,1,1
"KERNEL_DISPATCH",4,2,78,"void tile_fp16_gemm<128, 64, 4, 8, 32>(__half const*, __half const*, float*, float*, int, int, long)",1483,22451735839099,22451736284740,0,25088,256,1,1,8192,1,8
"KERNEL_DISPATCH",4,2,79,"tile_fp16_reduce(float const*, float*, int, int)",1484,22451736284740,22451736319259,0,0,256,1,1,65536,1,1
"KERNEL_DISPATCH",4,2,26,"void dequantize_block_iq3_s<__half>(void const*, __half*)",1485,22451736342075,22451736490079,0,0,32,1,1,1310720,1,1
"KERNEL_DISPATCH",4,2,40,"void convert_unary<float, __half>(void const*, __half*, long, long, long, HIP_vector_type<unsigned int, 3u>, long, long, long)",1486,22451736490079,22451736510079,0,0,256,1,1,655360,1,1
"KERNEL_DISPATCH",4,2,78,"void tile_fp16_gemm<128, 64, 4, 8, 32>(__half const*, __half const*, float*, float*, int, int, long)",1487,22451736510079,22451736958683,0,25088,256,1,1,8192,1,8
"KERNEL_DISPATCH",4,2,79,"tile_fp16_reduce(float const*, float*, int, int)",1488,22451736958683,22451736993203,0,0,256,1,1,65536,1,1
"KERNEL_DISPATCH",4,2,26,"void dequantize_block_iq3_s<__half>(void const*, __half*)",1489,22451737015722,22451737163430,0,0,32,1,1,1310720,1,1
"KERNEL_DISPATCH",4,2,40,"void convert_unary<float, __half>(void const*, __half*, long, long, long, HIP_vector_type<unsigned int, 3u>, long, long, long)",1490,22451737163430,22451737183726,0,0,256,1,1,655360,1,1
"KERNEL_DISPATCH",4,2,78,"void tile_fp16_gemm<128, 64, 4, 8, 32>(__half const*, __half const*, float*, float*, int, int, long)",1491,22451737183726,22451737630108,0,25088,256,1,1,8192,1,8
"KERNEL_DISPATCH",4,2,79,"tile_fp16_reduce(float const*, float*, int, int)",1492,22451737630108,22451737664332,0,0,256,1,1,65536,1,1
"KERNEL_DISPATCH",4,2,26,"void dequantize_block_iq3_s<__half>(void const*, __half*)",1493,22451737686851,22451737834410,0,0,32,1,1,1310720,1,1
"KERNEL_DISPATCH",4,2,40,"void convert_unary<float, __half>(void const*, __half*, long, long, long, HIP_vector_type<unsigned int, 3u>, long, long, long)",1494,22451737834410,22451737854707,0,0,256,1,1,655360,1,1
"KERNEL_DISPATCH",4,2,78,"void tile_fp16_gemm<128, 64, 4, 8, 32>(__half const*, __half const*, float*, float*, int, int, long)",1495,22451737854707,22451738300496,0,25088,256,1,1,8192,1,8
"KERNEL_DISPATCH",4,2,79,"tile_fp16_reduce(float const*, float*, int, int)",1496,22451738300496,22451738333683,0,0,256,1,1,65536,1,1
"KERNEL_DISPATCH",4,2,26,"void dequantize_block_iq3_s<__half>(void const*, __half*)",1497,22451738363906,22451738511465,0,0,32,1,1,1310720,1,1
"KERNEL_DISPATCH",4,2,40,"void convert_unary<float, __half>(void const*, __half*, long, long, long, HIP_vector_type<unsigned int, 3u>, long, long, long)",1498,22451738511465,22451738531317,0,0,256,1,1,655360,1,1
"KERNEL_DISPATCH",4,2,78,"void tile_fp16_gemm<128, 64, 4, 8, 32>(__half const*, __half const*, float*, float*, int, int, long)",1499,22451738531317,22451738967329,0,25088,256,1,1,8192,1,8
"KERNEL_DISPATCH",4,2,79,"tile_fp16_reduce(float const*, float*, int, int)",1500,22451738967329,22451738997107,0,0,256,1,1,65536,1,1
"KERNEL_DISPATCH",4,2,26,"void dequantize_block_iq3_s<__half>(void const*, __half*)",1501,22451739017849,22451739150148,0,0,32,1,1,1310720,1,1
"KERNEL_DISPATCH",4,2,40,"void convert_unary<float, __half>(void const*, __half*, long, long, long, HIP_vector_type<unsigned int, 3u>, long, long, long)",1502,22451739150148,22451739168519,0,0,256,1,1,655360,1,1
"KERNEL_DISPATCH",4,2,78,"void tile_fp16_gemm<128, 64, 4, 8, 32>(__half const*, __half const*, float*, float*, int, int, long)",1503,22451739168519,22451739589123,0,25088,256,1,1,8192,1,8
"KERNEL_DISPATCH",4,2,79,"tile_fp16_reduce(float const*, float*, int, int)",1504,22451739589123,22451739618901,0,0,256,1,1,65536,1,1
"KERNEL_DISPATCH",4,2,26,"void dequantize_block_iq3_s<__half>(void const*, __half*)",1505,22451739654606,22451739790017,0,0,32,1,1,1310720,1,1
"KERNEL_DISPATCH",4,2,40,"void convert_unary<float, __half>(void const*, __half*, long, long, long, HIP_vector_type<unsigned int, 3u>, long, long, long)",1506,22451739790017,22451739809425,0,0,256,1,1,655360,1,1
"KERNEL_DISPATCH",4,2,78,"void tile_fp16_gemm<128, 64, 4, 8, 32>(__half const*, __half const*, float*, float*, int, int, long)",1507,22451739809425,22451740269437,0,25088,256,1,1,8192,1,8
"KERNEL_DISPATCH",4,2,79,"tile_fp16_reduce(float const*, float*, int, int)",1508,22451740269437,22451740303364,0,0,256,1,1,65536,1,1
"KERNEL_DISPATCH",4,2,26,"void dequantize_block_iq3_s<__half>(void const*, __half*)",1509,22451740325438,22451740472998,0,0,32,1,1,1310720,1,1
"KERNEL_DISPATCH",4,2,40,"void convert_unary<float, __half>(void const*, __half*, long, long, long, HIP_vector_type<unsigned int, 3u>, long, long, long)",1510,22451740472998,22451740493295,0,0,256,1,1,655360,1,1
"KERNEL_DISPATCH",4,2,78,"void tile_fp16_gemm<128, 64, 4, 8, 32>(__half const*, __half const*, float*, float*, int, int, long)",1511,22451740493295,22451740935677,0,25088,256,1,1,8192,1,8
"KERNEL_DISPATCH",4,2,79,"tile_fp16_reduce(float const*, float*, int, int)",1512,22451740935677,22451740969455,0,0,256,1,1,65536,1,1
"KERNEL_DISPATCH",4,2,26,"void dequantize_block_iq3_s<__half>(void const*, __half*)",1513,22456489204252,22456489451962,0,0,32,1,1,2621440,1,1
"KERNEL_DISPATCH",4,2,40,"void convert_unary<float, __half>(void const*, __half*, long, long, long, HIP_vector_type<unsigned int, 3u>, long, long, long)",1514,22456489451962,22456489470480,0,0,256,1,1,655360,1,1
"KERNEL_DISPATCH",4,2,78,"void tile_fp16_gemm<128, 64, 4, 8, 32>(__half const*, __half const*, float*, float*, int, int, long)",1515,22456489470480,22456490324280,0,25088,256,1,1,16384,1,4
"KERNEL_DISPATCH",4,2,79,"tile_fp16_reduce(float const*, float*, int, int)",1516,22456490324280,22456490383541,0,0,256,1,1,131072,1,1
"KERNEL_DISPATCH",4,2,26,"void dequantize_block_iq3_s<__half>(void const*, __half*)",1517,22456490655104,22456490901184,0,0,32,1,1,2621440,1,1
"KERNEL_DISPATCH",4,2,40,"void convert_unary<float, __half>(void const*, __half*, long, long, long, HIP_vector_type<unsigned int, 3u>, long, long, long)",1518,22456490901184,22456490919259,0,0,256,1,1,655360,1,1
"KERNEL_DISPATCH",4,2,78,"void tile_fp16_gemm<128, 64, 4, 8, 32>(__half const*, __half const*, float*, float*, int, int, long)",1519,22456490919259,22456491780022,0,25088,256,1,1,16384,1,4
"KERNEL_DISPATCH",4,2,79,"tile_fp16_reduce(float const*, float*, int, int)",1520,22456491780022,22456491842394,0,0,256,1,1,131072,1,1
"KERNEL_DISPATCH",4,2,26,"void dequantize_block_iq3_s<__half>(void const*, __half*)",1521,22456491867136,22456492127291,0,0,32,1,1,2621440,1,1
"KERNEL_DISPATCH",4,2,40,"void convert_unary<float, __half>(void const*, __half*, long, long, long, HIP_vector_type<unsigned int, 3u>, long, long, long)",1522,22456492127291,22456492144624,0,0,256,1,1,655360,1,1
"KERNEL_DISPATCH",4,2,78,"void tile_fp16_gemm<128, 64, 4, 8, 32>(__half const*, __half const*, float*, float*, int, int, long)",1523,22456492144624,22456492994869,0,25088,256,1,1,16384,1,4
"KERNEL_DISPATCH",4,2,79,"tile_fp16_reduce(float const*, float*, int, int)",1524,22456492994869,22456493053389,0,0,256,1,1,131072,1,1
"KERNEL_DISPATCH",4,2,26,"void dequantize_block_iq3_s<__half>(void const*, __half*)",1525,22456493075316,22456493336804,0,0,32,1,1,2621440,1,1
"KERNEL_DISPATCH",4,2,40,"void convert_unary<float, __half>(void const*, __half*, long, long, long, HIP_vector_type<unsigned int, 3u>, long, long, long)",1526,22456493336804,22456493355175,0,0,256,1,1,655360,1,1
"KERNEL_DISPATCH",4,2,78,"void tile_fp16_gemm<128, 64, 4, 8, 32>(__half const*, __half const*, float*, float*, int, int, long)",1527,22456493355175,22456494224975,0,25088,256,1,1,16384,1,4
"KERNEL_DISPATCH",4,2,79,"tile_fp16_reduce(float const*, float*, int, int)",1528,22456494224975,22456494293570,0,0,256,1,1,131072,1,1
"KERNEL_DISPATCH",4,2,26,"void dequantize_block_iq3_s<__half>(void const*, __half*)",1529,22456494317867,22456494610023,0,0,32,1,1,2621440,1,1
"KERNEL_DISPATCH",4,2,40,"void convert_unary<float, __half>(void const*, __half*, long, long, long, HIP_vector_type<unsigned int, 3u>, long, long, long)",1530,22456494610023,22456494629875,0,0,256,1,1,655360,1,1
"KERNEL_DISPATCH",4,2,78,"void tile_fp16_gemm<128, 64, 4, 8, 32>(__half const*, __half const*, float*, float*, int, int, long)",1531,22456494629875,22456495633753,0,25088,256,1,1,16384,1,4
"KERNEL_DISPATCH",4,2,79,"tile_fp16_reduce(float const*, float*, int, int)",1532,22456495633753,22456495713311,0,0,256,1,1,131072,1,1
"KERNEL_DISPATCH",4,2,26,"void dequantize_block_iq3_s<__half>(void const*, __half*)",1533,22456495741608,22456496076580,0,0,32,1,1,2621440,1,1
"KERNEL_DISPATCH",4,2,40,"void convert_unary<float, __half>(void const*, __half*, long, long, long, HIP_vector_type<unsigned int, 3u>, long, long, long)",1534,22456496076580,22456496104580,0,0,256,1,1,655360,1,1
"KERNEL_DISPATCH",4,2,78,"void tile_fp16_gemm<128, 64, 4, 8, 32>(__half const*, __half const*, float*, float*, int, int, long)",1535,22456496104580,22456497056605,0,25088,256,1,1,16384,1,4
"KERNEL_DISPATCH",4,2,79,"tile_fp16_reduce(float const*, float*, int, int)",1536,22456497056605,22456497125496,0,0,256,1,1,131072,1,1
"KERNEL_DISPATCH",4,2,26,"void dequantize_block_iq3_s<__half>(void const*, __half*)",1537,22456497149941,22456497442245,0,0,32,1,1,2621440,1,1
"KERNEL_DISPATCH",4,2,40,"void convert_unary<float, __half>(void const*, __half*, long, long, long, HIP_vector_type<unsigned int, 3u>, long, long, long)",1538,22456497442245,22456497462246,0,0,256,1,1,655360,1,1
"KERNEL_DISPATCH",4,2,78,"void tile_fp16_gemm<128, 64, 4, 8, 32>(__half const*, __half const*, float*, float*, int, int, long)",1539,22456497462246,22456498373973,0,25088,256,1,1,16384,1,4
"KERNEL_DISPATCH",4,2,79,"tile_fp16_reduce(float const*, float*, int, int)",1540,22456498373973,22456498442864,0,0,256,1,1,131072,1,1
"KERNEL_DISPATCH",4,2,26,"void dequantize_block_iq3_s<__half>(void const*, __half*)",1541,22456498466865,22456498759021,0,0,32,1,1,2621440,1,1
"KERNEL_DISPATCH",4,2,40,"void convert_unary<float, __half>(void const*, __half*, long, long, long, HIP_vector_type<unsigned int, 3u>, long, long, long)",1542,22456498759021,22456498779021,0,0,256,1,1,655360,1,1
"KERNEL_DISPATCH",4,2,78,"void tile_fp16_gemm<128, 64, 4, 8, 32>(__half const*, __half const*, float*, float*, int, int, long)",1543,22456498779021,22456499696675,0,25088,256,1,1,16384,1,4
"KERNEL_DISPATCH",4,2,79,"tile_fp16_reduce(float const*, float*, int, int)",1544,22456499696675,22456499758899,0,0,256,1,1,131072,1,1
"KERNEL_DISPATCH",4,2,26,"void dequantize_block_iq3_s<__half>(void const*, __half*)",1545,22456499781121,22456500043202,0,0,32,1,1,2621440,1,1
"KERNEL_DISPATCH",4,2,40,"void convert_unary<float, __half>(void const*, __half*, long, long, long, HIP_vector_type<unsigned int, 3u>, long, long, long)",1546,22456500043202,22456500061573,0,0,256,1,1,655360,1,1
"KERNEL_DISPATCH",4,2,78,"void tile_fp16_gemm<128, 64, 4, 8, 32>(__half const*, __half const*, float*, float*, int, int, long)",1547,22456500061573,22456500915522,0,25088,256,1,1,16384,1,4
"KERNEL_DISPATCH",4,2,79,"tile_fp16_reduce(float const*, float*, int, int)",1548,22456500915522,22456500974042,0,0,256,1,1,131072,1,1
"KERNEL_DISPATCH",4,2,26,"void dequantize_block_iq3_s<__half>(void const*, __half*)",1549,22456500995524,22456501252271,0,0,32,1,1,2621440,1,1
"KERNEL_DISPATCH",4,2,40,"void convert_unary<float, __half>(void const*, __half*, long, long, long, HIP_vector_type<unsigned int, 3u>, long, long, long)",1550,22456501252271,22456501270049,0,0,256,1,1,655360,1,1
"KERNEL_DISPATCH",4,2,78,"void tile_fp16_gemm<128, 64, 4, 8, 32>(__half const*, __half const*, float*, float*, int, int, long)",1551,22456501270049,22456502179110,0,25088,256,1,1,16384,1,4
"KERNEL_DISPATCH",4,2,79,"tile_fp16_reduce(float const*, float*, int, int)",1552,22456502179110,22456502247557,0,0,256,1,1,131072,1,1
"KERNEL_DISPATCH",4,2,26,"void dequantize_block_iq3_s<__half>(void const*, __half*)",1553,22456502271557,22456502563565,0,0,32,1,1,2621440,1,1
"KERNEL_DISPATCH",4,2,40,"void convert_unary<float, __half>(void const*, __half*, long, long, long, HIP_vector_type<unsigned int, 3u>, long, long, long)",1554,22456502563565,22456502583566,0,0,256,1,1,655360,1,1
"KERNEL_DISPATCH",4,2,78,"void tile_fp16_gemm<128, 64, 4, 8, 32>(__half const*, __half const*, float*, float*, int, int, long)",1555,22456502583566,22456503633075,0,25088,256,1,1,16384,1,4
"KERNEL_DISPATCH",4,2,79,"tile_fp16_reduce(float const*, float*, int, int)",1556,22456503633075,22456503686557,0,0,256,1,1,131072,1,1
"KERNEL_DISPATCH",4,2,26,"void dequantize_block_iq3_s<__half>(void const*, __half*)",1557,22456503714558,22456504050271,0,0,32,1,1,2621440,1,1
"KERNEL_DISPATCH",4,2,40,"void convert_unary<float, __half>(void const*, __half*, long, long, long, HIP_vector_type<unsigned int, 3u>, long, long, long)",1558,22456504050271,22456504077975,0,0,256,1,1,655360,1,1
"KERNEL_DISPATCH",4,2,78,"void tile_fp16_gemm<128, 64, 4, 8, 32>(__half const*, __half const*, float*, float*, int, int, long)",1559,22456504077975,22456505072372,0,25088,256,1,1,16384,1,4
"KERNEL_DISPATCH",4,2,79,"tile_fp16_reduce(float const*, float*, int, int)",1560,22456505072372,22456505141855,0,0,256,1,1,131072,1,1
"KERNEL_DISPATCH",4,2,26,"void dequantize_block_iq3_s<__half>(void const*, __half*)",1561,22456505168078,22456505460234,0,0,32,1,1,2621440,1,1
"KERNEL_DISPATCH",4,2,40,"void convert_unary<float, __half>(void const*, __half*, long, long, long, HIP_vector_type<unsigned int, 3u>, long, long, long)",1562,22456505460234,22456505480382,0,0,256,1,1,655360,1,1
"KERNEL_DISPATCH",4,2,78,"void tile_fp16_gemm<128, 64, 4, 8, 32>(__half const*, __half const*, float*, float*, int, int, long)",1563,22456505480382,22456506394481,0,25088,256,1,1,16384,1,4
"KERNEL_DISPATCH",4,2,79,"tile_fp16_reduce(float const*, float*, int, int)",1564,22456506394481,22456506463371,0,0,256,1,1,131072,1,1
"KERNEL_DISPATCH",4,2,26,"void dequantize_block_iq3_s<__half>(void const*, __half*)",1565,22456506488409,22456506780417,0,0,32,1,1,2621440,1,1
"KERNEL_DISPATCH",4,2,40,"void convert_unary<float, __half>(void const*, __half*, long, long, long, HIP_vector_type<unsigned int, 3u>, long, long, long)",1566,22456506780417,22456506800417,0,0,256,1,1,655360,1,1
"KERNEL_DISPATCH",4,2,78,"void tile_fp16_gemm<128, 64, 4, 8, 32>(__half const*, __half const*, float*, float*, int, int, long)",1567,22456506800417,22456507673477,0,25088,256,1,1,16384,1,4
"KERNEL_DISPATCH",4,2,79,"tile_fp16_reduce(float const*, float*, int, int)",1568,22456507673477,22456507735701,0,0,256,1,1,131072,1,1
"KERNEL_DISPATCH",4,2,26,"void dequantize_block_iq3_s<__half>(void const*, __half*)",1569,22456507758516,22456508020597,0,0,32,1,1,2621440,1,1
"KERNEL_DISPATCH",4,2,40,"void convert_unary<float, __half>(void const*, __half*, long, long, long, HIP_vector_type<unsigned int, 3u>, long, long, long)",1570,22456508020597,22456508038376,0,0,256,1,1,655360,1,1
"KERNEL_DISPATCH",4,2,78,"void tile_fp16_gemm<128, 64, 4, 8, 32>(__half const*, __half const*, float*, float*, int, int, long)",1571,22456508038376,22456508893805,0,25088,256,1,1,16384,1,4
"KERNEL_DISPATCH",4,2,79,"tile_fp16_reduce(float const*, float*, int, int)",1572,22456508893805,22456508952918,0,0,256,1,1,131072,1,1
"KERNEL_DISPATCH",4,2,26,"void dequantize_block_iq3_s<__half>(void const*, __half*)",1573,22456508975437,22456509230703,0,0,32,1,1,2621440,1,1
"KERNEL_DISPATCH",4,2,40,"void convert_unary<float, __half>(void const*, __half*, long, long, long, HIP_vector_type<unsigned int, 3u>, long, long, long)",1574,22456509230703,22456509249074,0,0,256,1,1,655360,1,1
"KERNEL_DISPATCH",4,2,78,"void tile_fp16_gemm<128, 64, 4, 8, 32>(__half const*, __half const*, float*, float*, int, int, long)",1575,22456509249074,22456510090874,0,25088,256,1,1,16384,1,4
"KERNEL_DISPATCH",4,2,79,"tile_fp16_reduce(float const*, float*, int, int)",1576,22456510090874,22456510159172,0,0,256,1,1,131072,1,1
"KERNEL_DISPATCH",4,2,26,"void dequantize_block_iq3_s<__half>(void const*, __half*)",1577,22456510185099,22456510477106,0,0,32,1,1,2621440,1,1
"KERNEL_DISPATCH",4,2,40,"void convert_unary<float, __half>(void const*, __half*, long, long, long, HIP_vector_type<unsigned int, 3u>, long, long, long)",1578,22456510477106,22456510497255,0,0,256,1,1,655360,1,1
"KERNEL_DISPATCH",4,2,78,"void tile_fp16_gemm<128, 64, 4, 8, 32>(__half const*, __half const*, float*, float*, int, int, long)",1579,22456510497255,22456511538023,0,25088,256,1,1,16384,1,4
"KERNEL_DISPATCH",4,2,79,"tile_fp16_reduce(float const*, float*, int, int)",1580,22456511538023,22456511616544,0,0,256,1,1,131072,1,1
"KERNEL_DISPATCH",4,2,26,"void dequantize_block_iq3_s<__half>(void const*, __half*)",1581,22456511645582,22456511980850,0,0,32,1,1,2621440,1,1
"KERNEL_DISPATCH",4,2,40,"void convert_unary<float, __half>(void const*, __half*, long, long, long, HIP_vector_type<unsigned int, 3u>, long, long, long)",1582,22456511980850,22456512009295,0,0,256,1,1,655360,1,1
"KERNEL_DISPATCH",4,2,78,"void tile_fp16_gemm<128, 64, 4, 8, 32>(__half const*, __half const*, float*, float*, int, int, long)",1583,22456512009295,22456512998654,0,25088,256,1,1,16384,1,4
"KERNEL_DISPATCH",4,2,79,"tile_fp16_reduce(float const*, float*, int, int)",1584,22456512998654,22456513067693,0,0,256,1,1,131072,1,1
"KERNEL_DISPATCH",4,2,26,"void dequantize_block_iq3_s<__half>(void const*, __half*)",1585,22456513092138,22456513363404,0,0,32,1,1,2621440,1,1
"KERNEL_DISPATCH",4,2,40,"void convert_unary<float, __half>(void const*, __half*, long, long, long, HIP_vector_type<unsigned int, 3u>, long, long, long)",1586,22456513363404,22456513381923,0,0,256,1,1,655360,1,1
"KERNEL_DISPATCH",4,2,78,"void tile_fp16_gemm<128, 64, 4, 8, 32>(__half const*, __half const*, float*, float*, int, int, long)",1587,22456513381923,22456514250391,0,25088,256,1,1,16384,1,4
"KERNEL_DISPATCH",4,2,79,"tile_fp16_reduce(float const*, float*, int, int)",1588,22456514250391,22456514318541,0,0,256,1,1,131072,1,1
"KERNEL_DISPATCH",4,2,26,"void dequantize_block_iq3_s<__half>(void const*, __half*)",1589,22456514342986,22456514634845,0,0,32,1,1,2621440,1,1
"KERNEL_DISPATCH",4,2,40,"void convert_unary<float, __half>(void const*, __half*, long, long, long, HIP_vector_type<unsigned int, 3u>, long, long, long)",1590,22456514634845,22456514654846,0,0,256,1,1,655360,1,1
"KERNEL_DISPATCH",4,2,78,"void tile_fp16_gemm<128, 64, 4, 8, 32>(__half const*, __half const*, float*, float*, int, int, long)",1591,22456514654846,22456515779468,0,25088,256,1,1,16384,1,4
"KERNEL_DISPATCH",4,2,79,"tile_fp16_reduce(float const*, float*, int, int)",1592,22456515779468,22456515832210,0,0,256,1,1,131072,1,1
"KERNEL_DISPATCH",4,2,26,"void dequantize_block_iq3_s<__half>(void const*, __half*)",1593,22456515859026,22456516190145,0,0,32,1,1,2621440,1,1
"KERNEL_DISPATCH",4,2,40,"void convert_unary<float, __half>(void const*, __half*, long, long, long, HIP_vector_type<unsigned int, 3u>, long, long, long)",1594,22456516190145,22456516226591,0,0,256,1,1,655360,1,1
"KERNEL_DISPATCH",4,2,78,"void tile_fp16_gemm<128, 64, 4, 8, 32>(__half const*, __half const*, float*, float*, int, int, long)",1595,22456516226591,22456517162467,0,25088,256,1,1,16384,1,4
"KERNEL_DISPATCH",4,2,79,"tile_fp16_reduce(float const*, float*, int, int)",1596,22456517162467,22456517240840,0,0,256,1,1,131072,1,1
"KERNEL_DISPATCH",4,2,26,"void dequantize_block_iq3_s<__half>(void const*, __half*)",1597,22456517269433,22456517605146,0,0,32,1,1,2621440,1,1
"KERNEL_DISPATCH",4,2,40,"void convert_unary<float, __half>(void const*, __half*, long, long, long, HIP_vector_type<unsigned int, 3u>, long, long, long)",1598,22456517605146,22456517632554,0,0,256,1,1,655360,1,1
"KERNEL_DISPATCH",4,2,78,"void tile_fp16_gemm<128, 64, 4, 8, 32>(__half const*, __half const*, float*, float*, int, int, long)",1599,22456517632554,22456518736286,0,25088,256,1,1,16384,1,4
"KERNEL_DISPATCH",4,2,79,"tile_fp16_reduce(float const*, float*, int, int)",1600,22456518736286,22456518778065,0,0,256,1,1,131072,1,1
"KERNEL_DISPATCH",4,2,26,"void dequantize_block_iq3_s<__half>(void const*, __half*)",1601,22456518801473,22456519093481,0,0,32,1,1,2621440,1,1
"KERNEL_DISPATCH",4,2,40,"void convert_unary<float, __half>(void const*, __half*, long, long, long, HIP_vector_type<unsigned int, 3u>, long, long, long)",1602,22456519093481,22456519113778,0,0,256,1,1,655360,1,1
"KERNEL_DISPATCH",4,2,78,"void tile_fp16_gemm<128, 64, 4, 8, 32>(__half const*, __half const*, float*, float*, int, int, long)",1603,22456519113778,22456519977652,0,25088,256,1,1,16384,1,4
"KERNEL_DISPATCH",4,2,79,"tile_fp16_reduce(float const*, float*, int, int)",1604,22456519977652,22456520040024,0,0,256,1,1,131072,1,1
"KERNEL_DISPATCH",4,2,26,"void dequantize_block_iq3_s<__half>(void const*, __half*)",1605,22456520063581,22456520362551,0,0,32,1,1,2621440,1,1
"KERNEL_DISPATCH",4,2,40,"void convert_unary<float, __half>(void const*, __half*, long, long, long, HIP_vector_type<unsigned int, 3u>, long, long, long)",1606,22456520362551,22456520382996,0,0,256,1,1,655360,1,1
"KERNEL_DISPATCH",4,2,78,"void tile_fp16_gemm<128, 64, 4, 8, 32>(__half const*, __half const*, float*, float*, int, int, long)",1607,22456520382996,22456521404505,0,25088,256,1,1,16384,1,4
"KERNEL_DISPATCH",4,2,79,"tile_fp16_reduce(float const*, float*, int, int)",1608,22456521404505,22456521482729,0,0,256,1,1,131072,1,1
"KERNEL_DISPATCH",4,2,26,"void dequantize_block_iq3_s<__half>(void const*, __half*)",1609,22456521511471,22456521846887,0,0,32,1,1,2621440,1,1
"KERNEL_DISPATCH",4,2,40,"void convert_unary<float, __half>(void const*, __half*, long, long, long, HIP_vector_type<unsigned int, 3u>, long, long, long)",1610,22456521846887,22456521874591,0,0,256,1,1,655360,1,1
"KERNEL_DISPATCH",4,2,78,"void tile_fp16_gemm<128, 64, 4, 8, 32>(__half const*, __half const*, float*, float*, int, int, long)",1611,22456521874591,22456522890766,0,25088,256,1,1,16384,1,4
"KERNEL_DISPATCH",4,2,79,"tile_fp16_reduce(float const*, float*, int, int)",1612,22456522890766,22456522959509,0,0,256,1,1,131072,1,1
"KERNEL_DISPATCH",4,2,26,"void dequantize_block_iq3_s<__half>(void const*, __half*)",1613,22456522983954,22456523265146,0,0,32,1,1,2621440,1,1
"KERNEL_DISPATCH",4,2,40,"void convert_unary<float, __half>(void const*, __half*, long, long, long, HIP_vector_type<unsigned int, 3u>, long, long, long)",1614,22456523265146,22456523283517,0,0,256,1,1,655360,1,1
"KERNEL_DISPATCH",4,2,78,"void tile_fp16_gemm<128, 64, 4, 8, 32>(__half const*, __half const*, float*, float*, int, int, long)",1615,22456523283517,22456524187393,0,25088,256,1,1,16384,1,4
"KERNEL_DISPATCH",4,2,79,"tile_fp16_reduce(float const*, float*, int, int)",1616,22456524187393,22456524256432,0,0,256,1,1,131072,1,1
"KERNEL_DISPATCH",4,2,26,"void dequantize_block_iq3_s<__half>(void const*, __half*)",1617,22456524280729,22456524572736,0,0,32,1,1,2621440,1,1
"KERNEL_DISPATCH",4,2,40,"void convert_unary<float, __half>(void const*, __half*, long, long, long, HIP_vector_type<unsigned int, 3u>, long, long, long)",1618,22456524572736,22456524592589,0,0,256,1,1,655360,1,1
"KERNEL_DISPATCH",4,2,78,"void tile_fp16_gemm<128, 64, 4, 8, 32>(__half const*, __half const*, float*, float*, int, int, long)",1619,22456524592589,22456525686691,0,25088,256,1,1,16384,1,4
"KERNEL_DISPATCH",4,2,79,"tile_fp16_reduce(float const*, float*, int, int)",1620,22456525686691,22456525739730,0,0,256,1,1,131072,1,1
"KERNEL_DISPATCH",4,2,26,"void dequantize_block_iq3_s<__half>(void const*, __half*)",1621,22456525766397,22456526102554,0,0,32,1,1,2621440,1,1
"KERNEL_DISPATCH",4,2,40,"void convert_unary<float, __half>(void const*, __half*, long, long, long, HIP_vector_type<unsigned int, 3u>, long, long, long)",1622,22456526102554,22456526130407,0,0,256,1,1,655360,1,1
"KERNEL_DISPATCH",4,2,78,"void tile_fp16_gemm<128, 64, 4, 8, 32>(__half const*, __half const*, float*, float*, int, int, long)",1623,22456526130407,22456527080950,0,25088,256,1,1,16384,1,4
"KERNEL_DISPATCH",4,2,79,"tile_fp16_reduce(float const*, float*, int, int)",1624,22456527080950,22456527149545,0,0,256,1,1,131072,1,1
"KERNEL_DISPATCH",4,2,26,"void dequantize_block_iq3_s<__half>(void const*, __half*)",1625,22456527173694,22456527465405,0,0,32,1,1,2621440,1,1
"KERNEL_DISPATCH",4,2,40,"void convert_unary<float, __half>(void const*, __half*, long, long, long, HIP_vector_type<unsigned int, 3u>, long, long, long)",1626,22456527465405,22456527485702,0,0,256,1,1,655360,1,1
"KERNEL_DISPATCH",4,2,78,"void tile_fp16_gemm<128, 64, 4, 8, 32>(__half const*, __half const*, float*, float*, int, int, long)",1627,22456527485702,22456528609879,0,25088,256,1,1,16384,1,4
"KERNEL_DISPATCH",4,2,79,"tile_fp16_reduce(float const*, float*, int, int)",1628,22456528609879,22456528662770,0,0,256,1,1,131072,1,1
"KERNEL_DISPATCH",4,2,26,"void dequantize_block_iq3_s<__half>(void const*, __half*)",1629,22456528690178,22456529025742,0,0,32,1,1,2621440,1,1
"KERNEL_DISPATCH",4,2,40,"void convert_unary<float, __half>(void const*, __half*, long, long, long, HIP_vector_type<unsigned int, 3u>, long, long, long)",1630,22456529025742,22456529054484,0,0,256,1,1,655360,1,1
"KERNEL_DISPATCH",4,2,78,"void tile_fp16_gemm<128, 64, 4, 8, 32>(__half const*, __half const*, float*, float*, int, int, long)",1631,22456529054484,22456530014064,0,25088,256,1,1,16384,1,4
"KERNEL_DISPATCH",4,2,79,"tile_fp16_reduce(float const*, float*, int, int)",1632,22456530014064,22456530082807,0,0,256,1,1,131072,1,1
"KERNEL_DISPATCH",4,2,26,"void dequantize_block_iq3_s<__half>(void const*, __half*)",1633,22456530107400,22456530399408,0,0,32,1,1,2621440,1,1
"KERNEL_DISPATCH",4,2,40,"void convert_unary<float, __half>(void const*, __half*, long, long, long, HIP_vector_type<unsigned int, 3u>, long, long, long)",1634,22456530399408,22456530419853,0,0,256,1,1,655360,1,1
"KERNEL_DISPATCH",4,2,78,"void tile_fp16_gemm<128, 64, 4, 8, 32>(__half const*, __half const*, float*, float*, int, int, long)",1635,22456530419853,22456531338099,0,25088,256,1,1,16384,1,4
"KERNEL_DISPATCH",4,2,79,"tile_fp16_reduce(float const*, float*, int, int)",1636,22456531338099,22456531407583,0,0,256,1,1,131072,1,1
"KERNEL_DISPATCH",4,2,26,"void dequantize_block_iq3_s<__half>(void const*, __half*)",1637,22456531431880,22456531723739,0,0,32,1,1,2621440,1,1
"KERNEL_DISPATCH",4,2,40,"void convert_unary<float, __half>(void const*, __half*, long, long, long, HIP_vector_type<unsigned int, 3u>, long, long, long)",1638,22456531723739,22456531743740,0,0,256,1,1,655360,1,1
"KERNEL_DISPATCH",4,2,78,"void tile_fp16_gemm<128, 64, 4, 8, 32>(__half const*, __half const*, float*, float*, int, int, long)",1639,22456531743740,22456532644208,0,25088,256,1,1,16384,1,4
"KERNEL_DISPATCH",4,2,79,"tile_fp16_reduce(float const*, float*, int, int)",1640,22456532644208,22456532706283,0,0,256,1,1,131072,1,1
"KERNEL_DISPATCH",4,2,26,"void dequantize_block_iq3_s<__half>(void const*, __half*)",1641,22456532728951,22456532990883,0,0,32,1,1,2621440,1,1
"KERNEL_DISPATCH",4,2,40,"void convert_unary<float, __half>(void const*, __half*, long, long, long, HIP_vector_type<unsigned int, 3u>, long, long, long)",1642,22456532990883,22456533009254,0,0,256,1,1,655360,1,1
"KERNEL_DISPATCH",4,2,78,"void tile_fp16_gemm<128, 64, 4, 8, 32>(__half const*, __half const*, float*, float*, int, int, long)",1643,22456533009254,22456533863499,0,25088,256,1,1,16384,1,4
"KERNEL_DISPATCH",4,2,79,"tile_fp16_reduce(float const*, float*, int, int)",1644,22456533863499,22456533925575,0,0,256,1,1,131072,1,1
"KERNEL_DISPATCH",4,2,26,"void dequantize_block_iq3_s<__half>(void const*, __half*)",1645,22456533949724,22456534204693,0,0,32,1,1,2621440,1,1
"KERNEL_DISPATCH",4,2,40,"void convert_unary<float, __half>(void const*, __half*, long, long, long, HIP_vector_type<unsigned int, 3u>, long, long, long)",1646,22456534204693,22456534222471,0,0,256,1,1,655360,1,1
"KERNEL_DISPATCH",4,2,78,"void tile_fp16_gemm<128, 64, 4, 8, 32>(__half const*, __half const*, float*, float*, int, int, long)",1647,22456534222471,22456535085013,0,25088,256,1,1,16384,1,4
"KERNEL_DISPATCH",4,2,79,"tile_fp16_reduce(float const*, float*, int, int)",1648,22456535085013,22456535147533,0,0,256,1,1,131072,1,1
"KERNEL_DISPATCH",4,2,26,"void dequantize_block_iq3_s<__half>(void const*, __half*)",1649,22456535169756,22456535431540,0,0,32,1,1,2621440,1,1
"KERNEL_DISPATCH",4,2,40,"void convert_unary<float, __half>(void const*, __half*, long, long, long, HIP_vector_type<unsigned int, 3u>, long, long, long)",1650,22456535431540,22456535449615,0,0,256,1,1,655360,1,1
"KERNEL_DISPATCH",4,2,78,"void tile_fp16_gemm<128, 64, 4, 8, 32>(__half const*, __half const*, float*, float*, int, int, long)",1651,22456535449615,22456536326823,0,25088,256,1,1,16384,1,4
"KERNEL_DISPATCH",4,2,79,"tile_fp16_reduce(float const*, float*, int, int)",1652,22456536326823,22456536395269,0,0,256,1,1,131072,1,1
"KERNEL_DISPATCH",4,2,26,"void dequantize_block_iq3_s<__half>(void const*, __half*)",1653,22456536420455,22456536712463,0,0,32,1,1,2621440,1,1
"KERNEL_DISPATCH",4,2,40,"void convert_unary<float, __half>(void const*, __half*, long, long, long, HIP_vector_type<unsigned int, 3u>, long, long, long)",1654,22456536712463,22456536732760,0,0,256,1,1,655360,1,1
"KERNEL_DISPATCH",4,2,78,"void tile_fp16_gemm<128, 64, 4, 8, 32>(__half const*, __half const*, float*, float*, int, int, long)",1655,22456536732760,22456537690414,0,25088,256,1,1,16384,1,4
"KERNEL_DISPATCH",4,2,79,"tile_fp16_reduce(float const*, float*, int, int)",1656,22456537690414,22456537759157,0,0,256,1,1,131072,1,1
"KERNEL_DISPATCH",4,2,26,"void dequantize_block_iq3_s<__half>(void const*, __half*)",1657,22456537784491,22456538076499,0,0,32,1,1,2621440,1,1
"KERNEL_DISPATCH",4,2,40,"void convert_unary<float, __half>(void const*, __half*, long, long, long, HIP_vector_type<unsigned int, 3u>, long, long, long)",1658,22456538076499,22456538096796,0,0,256,1,1,655360,1,1
"KERNEL_DISPATCH",4,2,78,"void tile_fp16_gemm<128, 64, 4, 8, 32>(__half const*, __half const*, float*, float*, int, int, long)",1659,22456538096796,22456538954596,0,25088,256,1,1,16384,1,4
"KERNEL_DISPATCH",4,2,79,"tile_fp16_reduce(float const*, float*, int, int)",1660,22456538954596,22456539017264,0,0,256,1,1,131072,1,1
"KERNEL_DISPATCH",4,2,26,"void dequantize_block_iq3_s<__half>(void const*, __half*)",1661,22456539040080,22456539301716,0,0,32,1,1,2621440,1,1
"KERNEL_DISPATCH",4,2,40,"void convert_unary<float, __half>(void const*, __half*, long, long, long, HIP_vector_type<unsigned int, 3u>, long, long, long)",1662,22456539301716,22456539319791,0,0,256,1,1,655360,1,1
"KERNEL_DISPATCH",4,2,78,"void tile_fp16_gemm<128, 64, 4, 8, 32>(__half const*, __half const*, float*, float*, int, int, long)",1663,22456539319791,22456540197888,0,25088,256,1,1,16384,1,4
"KERNEL_DISPATCH",4,2,79,"tile_fp16_reduce(float const*, float*, int, int)",1664,22456540197888,22456540266038,0,0,256,1,1,131072,1,1
"KERNEL_DISPATCH",4,2,26,"void dequantize_block_iq3_s<__half>(void const*, __half*)",1665,22456540290187,22456540582639,0,0,32,1,1,2621440,1,1
"KERNEL_DISPATCH",4,2,40,"void convert_unary<float, __half>(void const*, __half*, long, long, long, HIP_vector_type<unsigned int, 3u>, long, long, long)",1666,22456540582639,22456540602787,0,0,256,1,1,655360,1,1
"KERNEL_DISPATCH",4,2,78,"void tile_fp16_gemm<128, 64, 4, 8, 32>(__half const*, __half const*, float*, float*, int, int, long)",1667,22456540602787,22456541621184,0,25088,256,1,1,16384,1,4
"KERNEL_DISPATCH",4,2,79,"tile_fp16_reduce(float const*, float*, int, int)",1668,22456541621184,22456541699409,0,0,256,1,1,131072,1,1
"KERNEL_DISPATCH",4,2,26,"void dequantize_block_iq3_s<__half>(void const*, __half*)",1669,22456541727558,22456542063270,0,0,32,1,1,2621440,1,1
"KERNEL_DISPATCH",4,2,40,"void convert_unary<float, __half>(void const*, __half*, long, long, long, HIP_vector_type<unsigned int, 3u>, long, long, long)",1670,22456542063270,22456542092160,0,0,256,1,1,655360,1,1
"KERNEL_DISPATCH",4,2,78,"void tile_fp16_gemm<128, 64, 4, 8, 32>(__half const*, __half const*, float*, float*, int, int, long)",1671,22456542092160,22456543053815,0,25088,256,1,1,16384,1,4
"KERNEL_DISPATCH",4,2,79,"tile_fp16_reduce(float const*, float*, int, int)",1672,22456543053815,22456543123298,0,0,256,1,1,131072,1,1
"KERNEL_DISPATCH",4,2,26,"void dequantize_block_iq3_s<__half>(void const*, __half*)",1673,22456543149669,22456543442121,0,0,32,1,1,2621440,1,1
"KERNEL_DISPATCH",4,2,40,"void convert_unary<float, __half>(void const*, __half*, long, long, long, HIP_vector_type<unsigned int, 3u>, long, long, long)",1674,22456543442121,22456543462418,0,0,256,1,1,655360,1,1
"KERNEL_DISPATCH",4,2,78,"void tile_fp16_gemm<128, 64, 4, 8, 32>(__half const*, __half const*, float*, float*, int, int, long)",1675,22456543462418,22456544503482,0,25088,256,1,1,16384,1,4
"KERNEL_DISPATCH",4,2,79,"tile_fp16_reduce(float const*, float*, int, int)",1676,22456544503482,22456544581262,0,0,256,1,1,131072,1,1
"KERNEL_DISPATCH",4,2,26,"void dequantize_block_iq3_s<__half>(void const*, __half*)",1677,22456544610893,22456544946309,0,0,32,1,1,2621440,1,1
"KERNEL_DISPATCH",4,2,40,"void convert_unary<float, __half>(void const*, __half*, long, long, long, HIP_vector_type<unsigned int, 3u>, long, long, long)",1678,22456544946309,22456544974013,0,0,256,1,1,655360,1,1
"KERNEL_DISPATCH",4,2,78,"void tile_fp16_gemm<128, 64, 4, 8, 32>(__half const*, __half const*, float*, float*, int, int, long)",1679,22456544974013,22456545963965,0,25088,256,1,1,16384,1,4
"KERNEL_DISPATCH",4,2,79,"tile_fp16_reduce(float const*, float*, int, int)",1680,22456545963965,22456546032560,0,0,256,1,1,131072,1,1
"KERNEL_DISPATCH",4,2,26,"void dequantize_block_iq3_s<__half>(void const*, __half*)",1681,22456546056857,22456546331975,0,0,32,1,1,2621440,1,1
"KERNEL_DISPATCH",4,2,40,"void convert_unary<float, __half>(void const*, __half*, long, long, long, HIP_vector_type<unsigned int, 3u>, long, long, long)",1682,22456546331975,22456546350346,0,0,256,1,1,655360,1,1
"KERNEL_DISPATCH",4,2,78,"void tile_fp16_gemm<128, 64, 4, 8, 32>(__half const*, __half const*, float*, float*, int, int, long)",1683,22456546350346,22456547202220,0,25088,256,1,1,16384,1,4
"KERNEL_DISPATCH",4,2,79,"tile_fp16_reduce(float const*, float*, int, int)",1684,22456547202220,22456547271555,0,0,256,1,1,131072,1,1
"KERNEL_DISPATCH",4,2,26,"void dequantize_block_iq3_s<__half>(void const*, __half*)",1685,22456547295852,22456547588156,0,0,32,1,1,2621440,1,1
"KERNEL_DISPATCH",4,2,40,"void convert_unary<float, __half>(void const*, __half*, long, long, long, HIP_vector_type<unsigned int, 3u>, long, long, long)",1686,22456547588156,22456547608601,0,0,256,1,1,655360,1,1
"KERNEL_DISPATCH",4,2,78,"void tile_fp16_gemm<128, 64, 4, 8, 32>(__half const*, __half const*, float*, float*, int, int, long)",1687,22456547608601,22456548624480,0,25088,256,1,1,16384,1,4
"KERNEL_DISPATCH",4,2,79,"tile_fp16_reduce(float const*, float*, int, int)",1688,22456548624480,22456548702852,0,0,256,1,1,131072,1,1
"KERNEL_DISPATCH",4,2,26,"void dequantize_block_iq3_s<__half>(void const*, __half*)",1689,22456548731149,22456549066565,0,0,32,1,1,2621440,1,1
"KERNEL_DISPATCH",4,2,40,"void convert_unary<float, __half>(void const*, __half*, long, long, long, HIP_vector_type<unsigned int, 3u>, long, long, long)",1690,22456549066565,22456549094122,0,0,256,1,1,655360,1,1
"KERNEL_DISPATCH",4,2,78,"void tile_fp16_gemm<128, 64, 4, 8, 32>(__half const*, __half const*, float*, float*, int, int, long)",1691,22456549094122,22456550043924,0,25088,256,1,1,16384,1,4
"KERNEL_DISPATCH",4,2,79,"tile_fp16_reduce(float const*, float*, int, int)",1692,22456550043924,22456550112815,0,0,256,1,1,131072,1,1
"KERNEL_DISPATCH",4,2,26,"void dequantize_block_iq3_s<__half>(void const*, __half*)",1693,22456550137260,22456550429416,0,0,32,1,1,2621440,1,1
"KERNEL_DISPATCH",4,2,40,"void convert_unary<float, __half>(void const*, __half*, long, long, long, HIP_vector_type<unsigned int, 3u>, long, long, long)",1694,22456550429416,22456550449417,0,0,256,1,1,655360,1,1
"KERNEL_DISPATCH",4,2,78,"void tile_fp16_gemm<128, 64, 4, 8, 32>(__half const*, __half const*, float*, float*, int, int, long)",1695,22456550449417,22456551403960,0,25088,256,1,1,16384,1,4
"KERNEL_DISPATCH",4,2,79,"tile_fp16_reduce(float const*, float*, int, int)",1696,22456551403960,22456551473443,0,0,256,1,1,131072,1,1
"KERNEL_DISPATCH",4,2,26,"void dequantize_block_iq3_s<__half>(void const*, __half*)",1697,22456551497889,22456551790193,0,0,32,1,1,2621440,1,1
"KERNEL_DISPATCH",4,2,40,"void convert_unary<float, __half>(void const*, __half*, long, long, long, HIP_vector_type<unsigned int, 3u>, long, long, long)",1698,22456551790193,22456551810638,0,0,256,1,1,655360,1,1
"KERNEL_DISPATCH",4,2,78,"void tile_fp16_gemm<128, 64, 4, 8, 32>(__half const*, __half const*, float*, float*, int, int, long)",1699,22456551810602,22456552754775,0,25088,256,1,1,16384,1,4
"KERNEL_DISPATCH",4,2,79,"tile_fp16_reduce(float const*, float*, int, int)",1700,22456552754775,22456552823368,0,0,256,1,1,131072,1,1
"KERNEL_DISPATCH",4,2,26,"void dequantize_block_iq3_s<__half>(void const*, __half*)",1701,22456552847961,22456553136710,0,0,32,1,1,2621440,1,1
"KERNEL_DISPATCH",4,2,40,"void convert_unary<float, __half>(void const*, __half*, long, long, long, HIP_vector_type<unsigned int, 3u>, long, long, long)",1702,22456553136710,22456553166340,0,0,256,1,1,655360,1,1
"KERNEL_DISPATCH",4,2,78,"void tile_fp16_gemm<128, 64, 4, 8, 32>(__half const*, __half const*, float*, float*, int, int, long)",1703,22456553166340,22456554009918,0,25088,256,1,1,16384,1,4
"KERNEL_DISPATCH",4,2,79,"tile_fp16_reduce(float const*, float*, int, int)",1704,22456554009918,22456554072290,0,0,256,1,1,131072,1,1
"KERNEL_DISPATCH",4,2,26,"void dequantize_block_iq3_s<__half>(void const*, __half*)",1705,22456554096142,22456554395409,0,0,32,1,1,2621440,1,1
"KERNEL_DISPATCH",4,2,40,"void convert_unary<float, __half>(void const*, __half*, long, long, long, HIP_vector_type<unsigned int, 3u>, long, long, long)",1706,22456554395409,22456554415558,0,0,256,1,1,655360,1,1
"KERNEL_DISPATCH",4,2,78,"void tile_fp16_gemm<128, 64, 4, 8, 32>(__half const*, __half const*, float*, float*, int, int, long)",1707,22456554415558,22456555431733,0,25088,256,1,1,16384,1,4
"KERNEL_DISPATCH",4,2,79,"tile_fp16_reduce(float const*, float*, int, int)",1708,22456555431733,22456555510994,0,0,256,1,1,131072,1,1
"KERNEL_DISPATCH",4,2,26,"void dequantize_block_iq3_s<__half>(void const*, __half*)",1709,22456555539291,22456555874856,0,0,32,1,1,2621440,1,1
"KERNEL_DISPATCH",4,2,40,"void convert_unary<float, __half>(void const*, __half*, long, long, long, HIP_vector_type<unsigned int, 3u>, long, long, long)",1710,22456555874856,22456555903301,0,0,256,1,1,655360,1,1
"KERNEL_DISPATCH",4,2,78,"void tile_fp16_gemm<128, 64, 4, 8, 32>(__half const*, __half const*, float*, float*, int, int, long)",1711,22456555903301,22456556922883,0,25088,256,1,1,16384,1,4
"KERNEL_DISPATCH",4,2,79,"tile_fp16_reduce(float const*, float*, int, int)",1712,22456556922883,22456556991330,0,0,256,1,1,131072,1,1
"KERNEL_DISPATCH",4,2,26,"void dequantize_block_iq3_s<__half>(void const*, __half*)",1713,22456557015626,22456557294745,0,0,32,1,1,2621440,1,1
"KERNEL_DISPATCH",4,2,40,"void convert_unary<float, __half>(void const*, __half*, long, long, long, HIP_vector_type<unsigned int, 3u>, long, long, long)",1714,22456557294745,22456557312968,0,0,256,1,1,655360,1,1
"KERNEL_DISPATCH",4,2,78,"void tile_fp16_gemm<128, 64, 4, 8, 32>(__half const*, __half const*, float*, float*, int, int, long)",1715,22456557312968,22456558194176,0,25088,256,1,1,16384,1,4
"KERNEL_DISPATCH",4,2,79,"tile_fp16_reduce(float const*, float*, int, int)",1716,22456558194176,22456558262770,0,0,256,1,1,131072,1,1
"KERNEL_DISPATCH",4,2,26,"void dequantize_block_iq3_s<__half>(void const*, __half*)",1717,22456558286771,22456558578927,0,0,32,1,1,2621440,1,1
"KERNEL_DISPATCH",4,2,40,"void convert_unary<float, __half>(void const*, __half*, long, long, long, HIP_vector_type<unsigned int, 3u>, long, long, long)",1718,22456558578927,22456558598927,0,0,256,1,1,655360,1,1
"KERNEL_DISPATCH",4,2,78,"void tile_fp16_gemm<128, 64, 4, 8, 32>(__half const*, __half const*, float*, float*, int, int, long)",1719,22456558598927,22456559699104,0,25088,256,1,1,16384,1,4
"KERNEL_DISPATCH",4,2,79,"tile_fp16_reduce(float const*, float*, int, int)",1720,22456559699104,22456559751698,0,0,256,1,1,131072,1,1
"KERNEL_DISPATCH",4,2,26,"void dequantize_block_iq3_s<__half>(void const*, __half*)",1721,22456559779255,22456560114671,0,0,32,1,1,2621440,1,1
"KERNEL_DISPATCH",4,2,40,"void convert_unary<float, __half>(void const*, __half*, long, long, long, HIP_vector_type<unsigned int, 3u>, long, long, long)",1722,22456560114671,22456560143412,0,0,256,1,1,655360,1,1
"KERNEL_DISPATCH",4,2,78,"void tile_fp16_gemm<128, 64, 4, 8, 32>(__half const*, __half const*, float*, float*, int, int, long)",1723,22456560143412,22456561074400,0,25088,256,1,1,16384,1,4
"KERNEL_DISPATCH",4,2,79,"tile_fp16_reduce(float const*, float*, int, int)",1724,22456561074400,22456561153217,0,0,256,1,1,131072,1,1
"KERNEL_DISPATCH",4,2,26,"void dequantize_block_iq3_s<__half>(void const*, __half*)",1725,22456561181514,22456561516634,0,0,32,1,1,2621440,1,1
"KERNEL_DISPATCH",4,2,40,"void convert_unary<float, __half>(void const*, __half*, long, long, long, HIP_vector_type<unsigned int, 3u>, long, long, long)",1726,22456561516634,22456561545820,0,0,256,1,1,655360,1,1
"KERNEL_DISPATCH",4,2,78,"void tile_fp16_gemm<128, 64, 4, 8, 32>(__half const*, __half const*, float*, float*, int, int, long)",1727,22456561545820,22456562786149,0,25088,256,1,1,16384,1,4
"KERNEL_DISPATCH",4,2,79,"tile_fp16_reduce(float const*, float*, int, int)",1728,22456562786149,22456562838743,0,0,256,1,1,131072,1,1
"KERNEL_DISPATCH",4,2,26,"void dequantize_block_iq3_s<__half>(void const*, __half*)",1729,22456562866891,22456563196974,0,0,32,1,1,2621440,1,1
"KERNEL_DISPATCH",4,2,40,"void convert_unary<float, __half>(void const*, __half*, long, long, long, HIP_vector_type<unsigned int, 3u>, long, long, long)",1730,22456563196974,22456563216975,0,0,256,1,1,655360,1,1
"KERNEL_DISPATCH",4,2,78,"void tile_fp16_gemm<128, 64, 4, 8, 32>(__half const*, __half const*, float*, float*, int, int, long)",1731,22456563216975,22456564139814,0,25088,256,1,1,16384,1,4
"KERNEL_DISPATCH",4,2,79,"tile_fp16_reduce(float const*, float*, int, int)",1732,22456564139814,22456564218038,0,0,256,1,1,131072,1,1
"KERNEL_DISPATCH",4,2,26,"void dequantize_block_iq3_s<__half>(void const*, __half*)",1733,22456564246039,22456564581455,0,0,32,1,1,2621440,1,1
"KERNEL_DISPATCH",4,2,40,"void convert_unary<float, __half>(void const*, __half*, long, long, long, HIP_vector_type<unsigned int, 3u>, long, long, long)",1734,22456564581455,22456564609159,0,0,256,1,1,655360,1,1
"KERNEL_DISPATCH",4,2,78,"void tile_fp16_gemm<128, 64, 4, 8, 32>(__half const*, __half const*, float*, float*, int, int, long)",1735,22456564609159,22456565699558,0,25088,256,1,1,16384,1,4
"KERNEL_DISPATCH",4,2,79,"tile_fp16_reduce(float const*, float*, int, int)",1736,22456565699558,22456565742374,0,0,256,1,1,131072,1,1
"KERNEL_DISPATCH",4,2,26,"void dequantize_block_iq3_s<__half>(void const*, __half*)",1737,22456565765782,22456566057938,0,0,32,1,1,2621440,1,1
"KERNEL_DISPATCH",4,2,40,"void convert_unary<float, __half>(void const*, __half*, long, long, long, HIP_vector_type<unsigned int, 3u>, long, long, long)",1738,22456566057938,22456566078087,0,0,256,1,1,655360,1,1
"KERNEL_DISPATCH",4,2,78,"void tile_fp16_gemm<128, 64, 4, 8, 32>(__half const*, __half const*, float*, float*, int, int, long)",1739,22456566078087,22456566929517,0,25088,256,1,1,16384,1,4
"KERNEL_DISPATCH",4,2,79,"tile_fp16_reduce(float const*, float*, int, int)",1740,22456566929517,22456566991444,0,0,256,1,1,131072,1,1
"KERNEL_DISPATCH",4,2,26,"void dequantize_block_iq3_s<__half>(void const*, __half*)",1741,22456567013667,22456567275452,0,0,32,1,1,2621440,1,1
"KERNEL_DISPATCH",4,2,40,"void convert_unary<float, __half>(void const*, __half*, long, long, long, HIP_vector_type<unsigned int, 3u>, long, long, long)",1742,22456567275452,22456567294119,0,0,256,1,1,655360,1,1
"KERNEL_DISPATCH",4,2,78,"void tile_fp16_gemm<128, 64, 4, 8, 32>(__half const*, __half const*, float*, float*, int, int, long)",1743,22456567294119,22456568139771,0,25088,256,1,1,16384,1,4
"KERNEL_DISPATCH",4,2,79,"tile_fp16_reduce(float const*, float*, int, int)",1744,22456568139771,22456568208661,0,0,256,1,1,131072,1,1
"KERNEL_DISPATCH",4,2,26,"void dequantize_block_iq3_s<__half>(void const*, __half*)",1745,22456568232810,22456568524966,0,0,32,1,1,2621440,1,1
"KERNEL_DISPATCH",4,2,40,"void convert_unary<float, __half>(void const*, __half*, long, long, long, HIP_vector_type<unsigned int, 3u>, long, long, long)",1746,22456568524966,22456568544967,0,0,256,1,1,655360,1,1
"KERNEL_DISPATCH",4,2,78,"void tile_fp16_gemm<128, 64, 4, 8, 32>(__half const*, __half const*, float*, float*, int, int, long)",1747,22456568544967,22456569642625,0,25088,256,1,1,16384,1,4
"KERNEL_DISPATCH",4,2,79,"tile_fp16_reduce(float const*, float*, int, int)",1748,22456569642625,22456569694478,0,0,256,1,1,131072,1,1
"KERNEL_DISPATCH",4,2,26,"void dequantize_block_iq3_s<__half>(void const*, __half*)",1749,22456569722035,22456570057895,0,0,32,1,1,2621440,1,1
"KERNEL_DISPATCH",4,2,40,"void convert_unary<float, __half>(void const*, __half*, long, long, long, HIP_vector_type<unsigned int, 3u>, long, long, long)",1750,22456570057895,22456570085600,0,0,256,1,1,655360,1,1
"KERNEL_DISPATCH",4,2,78,"void tile_fp16_gemm<128, 64, 4, 8, 32>(__half const*, __half const*, float*, float*, int, int, long)",1751,22456570085600,22456571023106,0,25088,256,1,1,16384,1,4
"KERNEL_DISPATCH",4,2,79,"tile_fp16_reduce(float const*, float*, int, int)",1752,22456571023106,22456571091552,0,0,256,1,1,131072,1,1
"KERNEL_DISPATCH",4,2,26,"void dequantize_block_iq3_s<__half>(void const*, __half*)",1753,22456571117034,22456571409190,0,0,32,1,1,2621440,1,1
"KERNEL_DISPATCH",4,2,40,"void convert_unary<float, __half>(void const*, __half*, long, long, long, HIP_vector_type<unsigned int, 3u>, long, long, long)",1754,22456571409190,22456571429635,0,0,256,1,1,655360,1,1
"KERNEL_DISPATCH",4,2,78,"void tile_fp16_gemm<128, 64, 4, 8, 32>(__half const*, __half const*, float*, float*, int, int, long)",1755,22456571429635,22456572386253,0,25088,256,1,1,16384,1,4
"KERNEL_DISPATCH",4,2,79,"tile_fp16_reduce(float const*, float*, int, int)",1756,22456572386253,22456572454995,0,0,256,1,1,131072,1,1
"KERNEL_DISPATCH",4,2,26,"void dequantize_block_iq3_s<__half>(void const*, __half*)",1757,22456572479589,22456572772041,0,0,32,1,1,2621440,1,1
"KERNEL_DISPATCH",4,2,40,"void convert_unary<float, __half>(void const*, __half*, long, long, long, HIP_vector_type<unsigned int, 3u>, long, long, long)",1758,22456572772041,22456572792338,0,0,256,1,1,655360,1,1
"KERNEL_DISPATCH",4,2,78,"void tile_fp16_gemm<128, 64, 4, 8, 32>(__half const*, __half const*, float*, float*, int, int, long)",1759,22456572792338,22456573716954,0,25088,256,1,1,16384,1,4
"KERNEL_DISPATCH",4,2,79,"tile_fp16_reduce(float const*, float*, int, int)",1760,22456573716954,22456573785845,0,0,256,1,1,131072,1,1
"KERNEL_DISPATCH",4,2,26,"void dequantize_block_iq3_s<__half>(void const*, __half*)",1761,22456573810438,22456574103039,0,0,32,1,1,2621440,1,1
"KERNEL_DISPATCH",4,2,40,"void convert_unary<float, __half>(void const*, __half*, long, long, long, HIP_vector_type<unsigned int, 3u>, long, long, long)",1762,22456574103039,22456574122150,0,0,256,1,1,655360,1,1
"KERNEL_DISPATCH",4,2,78,"void tile_fp16_gemm<128, 64, 4, 8, 32>(__half const*, __half const*, float*, float*, int, int, long)",1763,22456574122150,22456574973284,0,25088,256,1,1,16384,1,4
"KERNEL_DISPATCH",4,2,79,"tile_fp16_reduce(float const*, float*, int, int)",1764,22456574973284,22456575034915,0,0,256,1,1,131072,1,1
"KERNEL_DISPATCH",4,2,26,"void dequantize_block_iq3_s<__half>(void const*, __half*)",1765,22458888741032,22458888865332,0,0,32,1,1,1277952,1,1
"KERNEL_DISPATCH",4,2,40,"void convert_unary<float, __half>(void const*, __half*, long, long, long, HIP_vector_type<unsigned int, 3u>, long, long, long)",1766,22458888865332,22458888888887,0,0,256,1,1,786432,1,1
"KERNEL_DISPATCH",4,2,78,"void tile_fp16_gemm<128, 64, 4, 8, 32>(__half const*, __half const*, float*, float*, int, int, long)",1767,22458888888887,22458889332899,0,25088,256,1,1,6656,1,8
"KERNEL_DISPATCH",4,2,79,"tile_fp16_reduce(float const*, float*, int, int)",1768,22458889332899,22458889359270,0,0,256,1,1,53248,1,1
"KERNEL_DISPATCH",4,2,26,"void dequantize_block_iq3_s<__half>(void const*, __half*)",1769,22458889678982,22458889800022,0,0,32,1,1,1277952,1,1
"KERNEL_DISPATCH",4,2,40,"void convert_unary<float, __half>(void const*, __half*, long, long, long, HIP_vector_type<unsigned int, 3u>, long, long, long)",1770,22458889800022,22458889821060,0,0,256,1,1,786432,1,1
"KERNEL_DISPATCH",4,2,78,"void tile_fp16_gemm<128, 64, 4, 8, 32>(__half const*, __half const*, float*, float*, int, int, long)",1771,22458889821060,22458890261071,0,25088,256,1,1,6656,1,8
"KERNEL_DISPATCH",4,2,79,"tile_fp16_reduce(float const*, float*, int, int)",1772,22458890261071,22458890286850,0,0,256,1,1,53248,1,1
"KERNEL_DISPATCH",4,2,26,"void dequantize_block_iq3_s<__half>(void const*, __half*)",1773,22458890308628,22458890437817,0,0,32,1,1,1277952,1,1
"KERNEL_DISPATCH",4,2,40,"void convert_unary<float, __half>(void const*, __half*, long, long, long, HIP_vector_type<unsigned int, 3u>, long, long, long)",1774,22458890437817,22458890459003,0,0,256,1,1,786432,1,1
"KERNEL_DISPATCH",4,2,78,"void tile_fp16_gemm<128, 64, 4, 8, 32>(__half const*, __half const*, float*, float*, int, int, long)",1775,22458890459003,22458890886421,0,25088,256,1,1,6656,1,8
"KERNEL_DISPATCH",4,2,79,"tile_fp16_reduce(float const*, float*, int, int)",1776,22458890886421,22458890912496,0,0,256,1,1,53248,1,1
"KERNEL_DISPATCH",4,2,26,"void dequantize_block_iq3_s<__half>(void const*, __half*)",1777,22458890932941,22458891062130,0,0,32,1,1,1277952,1,1
"KERNEL_DISPATCH",4,2,40,"void convert_unary<float, __half>(void const*, __half*, long, long, long, HIP_vector_type<unsigned int, 3u>, long, long, long)",1778,22458891062130,22458891083464,0,0,256,1,1,786432,1,1
"KERNEL_DISPATCH",4,2,78,"void tile_fp16_gemm<128, 64, 4, 8, 32>(__half const*, __half const*, float*, float*, int, int, long)",1779,22458891083464,22458891528216,0,25088,256,1,1,6656,1,8
"KERNEL_DISPATCH",4,2,79,"tile_fp16_reduce(float const*, float*, int, int)",1780,22458891528216,22458891553254,0,0,256,1,1,53248,1,1
"KERNEL_DISPATCH",4,2,26,"void dequantize_block_iq3_s<__half>(void const*, __half*)",1781,22458891572810,22458891693850,0,0,32,1,1,1277952,1,1
"KERNEL_DISPATCH",4,2,40,"void convert_unary<float, __half>(void const*, __half*, long, long, long, HIP_vector_type<unsigned int, 3u>, long, long, long)",1782,22458891693850,22458891714295,0,0,256,1,1,786432,1,1
"KERNEL_DISPATCH",4,2,78,"void tile_fp16_gemm<128, 64, 4, 8, 32>(__half const*, __half const*, float*, float*, int, int, long)",1783,22458891714295,22458892170159,0,25088,256,1,1,6656,1,8
"KERNEL_DISPATCH",4,2,79,"tile_fp16_reduce(float const*, float*, int, int)",1784,22458892170159,22458892195493,0,0,256,1,1,53248,1,1
"KERNEL_DISPATCH",4,2,26,"void dequantize_block_iq3_s<__half>(void const*, __half*)",1785,22458892215197,22458892343645,0,0,32,1,1,1277952,1,1
"KERNEL_DISPATCH",4,2,40,"void convert_unary<float, __half>(void const*, __half*, long, long, long, HIP_vector_type<unsigned int, 3u>, long, long, long)",1786,22458892343645,22458892364831,0,0,256,1,1,786432,1,1
"KERNEL_DISPATCH",4,2,78,"void tile_fp16_gemm<128, 64, 4, 8, 32>(__half const*, __half const*, float*, float*, int, int, long)",1787,22458892364831,22458892801286,0,25088,256,1,1,6656,1,8
"KERNEL_DISPATCH",4,2,79,"tile_fp16_reduce(float const*, float*, int, int)",1788,22458892801286,22458892828250,0,0,256,1,1,53248,1,1
"KERNEL_DISPATCH",4,2,26,"void dequantize_block_iq3_s<__half>(void const*, __half*)",1789,22458892849288,22458892978328,0,0,32,1,1,1277952,1,1
"KERNEL_DISPATCH",4,2,40,"void convert_unary<float, __half>(void const*, __half*, long, long, long, HIP_vector_type<unsigned int, 3u>, long, long, long)",1790,22458892978328,22458892999514,0,0,256,1,1,786432,1,1
"KERNEL_DISPATCH",4,2,78,"void tile_fp16_gemm<128, 64, 4, 8, 32>(__half const*, __half const*, float*, float*, int, int, long)",1791,22458892999514,22458893428266,0,25088,256,1,1,6656,1,8
"KERNEL_DISPATCH",4,2,79,"tile_fp16_reduce(float const*, float*, int, int)",1792,22458893428266,22458893454637,0,0,256,1,1,53248,1,1
"KERNEL_DISPATCH",4,2,26,"void dequantize_block_iq3_s<__half>(void const*, __half*)",1793,22458893474934,22458893604122,0,0,32,1,1,1277952,1,1
"KERNEL_DISPATCH",4,2,40,"void convert_unary<float, __half>(void const*, __half*, long, long, long, HIP_vector_type<unsigned int, 3u>, long, long, long)",1794,22458893604122,22458893625604,0,0,256,1,1,786432,1,1
"KERNEL_DISPATCH",4,2,78,"void tile_fp16_gemm<128, 64, 4, 8, 32>(__half const*, __half const*, float*, float*, int, int, long)",1795,22458893625604,22458894055097,0,25088,256,1,1,6656,1,8
"KERNEL_DISPATCH",4,2,79,"tile_fp16_reduce(float const*, float*, int, int)",1796,22458894055097,22458894080876,0,0,256,1,1,53248,1,1
"KERNEL_DISPATCH",4,2,26,"void dequantize_block_iq3_s<__half>(void const*, __half*)",1797,22458894101024,22458894229917,0,0,32,1,1,1277952,1,1
"KERNEL_DISPATCH",4,2,40,"void convert_unary<float, __half>(void const*, __half*, long, long, long, HIP_vector_type<unsigned int, 3u>, long, long, long)",1798,22458894229917,22458894251102,0,0,256,1,1,786432,1,1
"KERNEL_DISPATCH",4,2,78,"void tile_fp16_gemm<128, 64, 4, 8, 32>(__half const*, __half const*, float*, float*, int, int, long)",1799,22458894251102,22458894690670,0,25088,256,1,1,6656,1,8
"KERNEL_DISPATCH",4,2,79,"tile_fp16_reduce(float const*, float*, int, int)",1800,22458894690670,22458894716596,0,0,256,1,1,53248,1,1
"KERNEL_DISPATCH",4,2,26,"void dequantize_block_iq3_s<__half>(void const*, __half*)",1801,22458894736893,22458894866230,0,0,32,1,1,1277952,1,1
"KERNEL_DISPATCH",4,2,40,"void convert_unary<float, __half>(void const*, __half*, long, long, long, HIP_vector_type<unsigned int, 3u>, long, long, long)",1802,22458894866230,22458894887712,0,0,256,1,1,786432,1,1
"KERNEL_DISPATCH",4,2,78,"void tile_fp16_gemm<128, 64, 4, 8, 32>(__half const*, __half const*, float*, float*, int, int, long)",1803,22458894887712,22458895336909,0,25088,256,1,1,6656,1,8
"KERNEL_DISPATCH",4,2,79,"tile_fp16_reduce(float const*, float*, int, int)",1804,22458895336909,22458895365947,0,0,256,1,1,53248,1,1
"KERNEL_DISPATCH",4,2,26,"void dequantize_block_iq3_s<__half>(void const*, __half*)",1805,22458895386984,22458895530988,0,0,32,1,1,1277952,1,1
"KERNEL_DISPATCH",4,2,40,"void convert_unary<float, __half>(void const*, __half*, long, long, long, HIP_vector_type<unsigned int, 3u>, long, long, long)",1806,22458895530988,22458895554544,0,0,256,1,1,786432,1,1
"KERNEL_DISPATCH",4,2,78,"void tile_fp16_gemm<128, 64, 4, 8, 32>(__half const*, __half const*, float*, float*, int, int, long)",1807,22458895554544,22458896014260,0,25088,256,1,1,6656,1,8
"KERNEL_DISPATCH",4,2,79,"tile_fp16_reduce(float const*, float*, int, int)",1808,22458896014260,22458896042853,0,0,256,1,1,53248,1,1
"KERNEL_DISPATCH",4,2,26,"void dequantize_block_iq3_s<__half>(void const*, __half*)",1809,22458896064632,22458896208635,0,0,32,1,1,1277952,1,1
"KERNEL_DISPATCH",4,2,40,"void convert_unary<float, __half>(void const*, __half*, long, long, long, HIP_vector_type<unsigned int, 3u>, long, long, long)",1810,22458896208635,22458896231895,0,0,256,1,1,786432,1,1
"KERNEL_DISPATCH",4,2,78,"void tile_fp16_gemm<128, 64, 4, 8, 32>(__half const*, __half const*, float*, float*, int, int, long)",1811,22458896231895,22458896715315,0,25088,256,1,1,6656,1,8
"KERNEL_DISPATCH",4,2,79,"tile_fp16_reduce(float const*, float*, int, int)",1812,22458896715315,22458896744057,0,0,256,1,1,53248,1,1
"KERNEL_DISPATCH",4,2,26,"void dequantize_block_iq3_s<__half>(void const*, __half*)",1813,22458896765983,22458896909839,0,0,32,1,1,1277952,1,1
"KERNEL_DISPATCH",4,2,40,"void convert_unary<float, __half>(void const*, __half*, long, long, long, HIP_vector_type<unsigned int, 3u>, long, long, long)",1814,22458896909839,22458896933395,0,0,256,1,1,786432,1,1
"KERNEL_DISPATCH",4,2,78,"void tile_fp16_gemm<128, 64, 4, 8, 32>(__half const*, __half const*, float*, float*, int, int, long)",1815,22458896933395,22458897399333,0,25088,256,1,1,6656,1,8
"KERNEL_DISPATCH",4,2,79,"tile_fp16_reduce(float const*, float*, int, int)",1816,22458897399333,22458897428371,0,0,256,1,1,53248,1,1
"KERNEL_DISPATCH",4,2,26,"void dequantize_block_iq3_s<__half>(void const*, __half*)",1817,22458897450446,22458897594153,0,0,32,1,1,1277952,1,1
"KERNEL_DISPATCH",4,2,40,"void convert_unary<float, __half>(void const*, __half*, long, long, long, HIP_vector_type<unsigned int, 3u>, long, long, long)",1818,22458897594153,22458897617858,0,0,256,1,1,786432,1,1
"KERNEL_DISPATCH",4,2,78,"void tile_fp16_gemm<128, 64, 4, 8, 32>(__half const*, __half const*, float*, float*, int, int, long)",1819,22458897617858,22458898112093,0,25088,256,1,1,6656,1,8
"KERNEL_DISPATCH",4,2,79,"tile_fp16_reduce(float const*, float*, int, int)",1820,22458898112093,22458898141131,0,0,256,1,1,53248,1,1
"KERNEL_DISPATCH",4,2,26,"void dequantize_block_iq3_s<__half>(void const*, __half*)",1821,22458898163650,22458898302320,0,0,32,1,1,1277952,1,1
"KERNEL_DISPATCH",4,2,40,"void convert_unary<float, __half>(void const*, __half*, long, long, long, HIP_vector_type<unsigned int, 3u>, long, long, long)",1822,22458898302320,22458898333136,0,0,256,1,1,786432,1,1
"KERNEL_DISPATCH",4,2,78,"void tile_fp16_gemm<128, 64, 4, 8, 32>(__half const*, __half const*, float*, float*, int, int, long)",1823,22458898333136,22458898764851,0,25088,256,1,1,6656,1,8
"KERNEL_DISPATCH",4,2,79,"tile_fp16_reduce(float const*, float*, int, int)",1824,22458898764851,22458898791222,0,0,256,1,1,53248,1,1
"KERNEL_DISPATCH",4,2,26,"void dequantize_block_iq3_s<__half>(void const*, __half*)",1825,22458898811667,22458898940855,0,0,32,1,1,1277952,1,1
"KERNEL_DISPATCH",4,2,40,"void convert_unary<float, __half>(void const*, __half*, long, long, long, HIP_vector_type<unsigned int, 3u>, long, long, long)",1826,22458898940855,22458898962486,0,0,256,1,1,786432,1,1
"KERNEL_DISPATCH",4,2,78,"void tile_fp16_gemm<128, 64, 4, 8, 32>(__half const*, __half const*, float*, float*, int, int, long)",1827,22458898962486,22458899396867,0,25088,256,1,1,6656,1,8
"KERNEL_DISPATCH",4,2,79,"tile_fp16_reduce(float const*, float*, int, int)",1828,22458899396867,22458899423090,0,0,256,1,1,53248,1,1
"KERNEL_DISPATCH",4,2,26,"void dequantize_block_iq3_s<__half>(void const*, __half*)",1829,22458899442795,22458899571983,0,0,32,1,1,1277952,1,1
"KERNEL_DISPATCH",4,2,40,"void convert_unary<float, __half>(void const*, __half*, long, long, long, HIP_vector_type<unsigned int, 3u>, long, long, long)",1830,22458899571983,22458899593021,0,0,256,1,1,786432,1,1
"KERNEL_DISPATCH",4,2,78,"void tile_fp16_gemm<128, 64, 4, 8, 32>(__half const*, __half const*, float*, float*, int, int, long)",1831,22458899593021,22458900009624,0,25088,256,1,1,6656,1,8
"KERNEL_DISPATCH",4,2,79,"tile_fp16_reduce(float const*, float*, int, int)",1832,22458900009624,22458900035106,0,0,256,1,1,53248,1,1
"KERNEL_DISPATCH",4,2,26,"void dequantize_block_iq3_s<__half>(void const*, __half*)",1833,22458900106516,22458900237482,0,0,32,1,1,1277952,1,1
"KERNEL_DISPATCH",4,2,40,"void convert_unary<float, __half>(void const*, __half*, long, long, long, HIP_vector_type<unsigned int, 3u>, long, long, long)",1834,22458900237482,22458900260594,0,0,256,1,1,786432,1,1
"KERNEL_DISPATCH",4,2,78,"void tile_fp16_gemm<128, 64, 4, 8, 32>(__half const*, __half const*, float*, float*, int, int, long)",1835,22458900260594,22458900756459,0,25088,256,1,1,6656,1,8
"KERNEL_DISPATCH",4,2,79,"tile_fp16_reduce(float const*, float*, int, int)",1836,22458900756459,22458900785497,0,0,256,1,1,53248,1,1
"KERNEL_DISPATCH",4,2,26,"void dequantize_block_iq3_s<__half>(void const*, __half*)",1837,22458900807275,22458900951131,0,0,32,1,1,1277952,1,1
"KERNEL_DISPATCH",4,2,40,"void convert_unary<float, __half>(void const*, __half*, long, long, long, HIP_vector_type<unsigned int, 3u>, long, long, long)",1838,22458900951131,22458900974539,0,0,256,1,1,786432,1,1
"KERNEL_DISPATCH",4,2,78,"void tile_fp16_gemm<128, 64, 4, 8, 32>(__half const*, __half const*, float*, float*, int, int, long)",1839,22458900974539,22458901450699,0,25088,256,1,1,6656,1,8
"KERNEL_DISPATCH",4,2,79,"tile_fp16_reduce(float const*, float*, int, int)",1840,22458901450699,22458901479885,0,0,256,1,1,53248,1,1
"KERNEL_DISPATCH",4,2,26,"void dequantize_block_iq3_s<__half>(void const*, __half*)",1841,22458901502108,22458901645816,0,0,32,1,1,1277952,1,1
"KERNEL_DISPATCH",4,2,40,"void convert_unary<float, __half>(void const*, __half*, long, long, long, HIP_vector_type<unsigned int, 3u>, long, long, long)",1842,22458901645816,22458901669224,0,0,256,1,1,786432,1,1
"KERNEL_DISPATCH",4,2,78,"void tile_fp16_gemm<128, 64, 4, 8, 32>(__half const*, __half const*, float*, float*, int, int, long)",1843,22458901669224,22458902141977,0,25088,256,1,1,6656,1,8
"KERNEL_DISPATCH",4,2,79,"tile_fp16_reduce(float const*, float*, int, int)",1844,22458902141977,22458902171311,0,0,256,1,1,53248,1,1
"KERNEL_DISPATCH",4,2,26,"void dequantize_block_iq3_s<__half>(void const*, __half*)",1845,22458902193534,22458902337241,0,0,32,1,1,1277952,1,1
"KERNEL_DISPATCH",4,2,40,"void convert_unary<float, __half>(void const*, __half*, long, long, long, HIP_vector_type<unsigned int, 3u>, long, long, long)",1846,22458902337241,22458902358723,0,0,256,1,1,786432,1,1
"KERNEL_DISPATCH",4,2,78,"void tile_fp16_gemm<128, 64, 4, 8, 32>(__half const*, __half const*, float*, float*, int, int, long)",1847,22458902358723,22458902797550,0,25088,256,1,1,6656,1,8
"KERNEL_DISPATCH",4,2,79,"tile_fp16_reduce(float const*, float*, int, int)",1848,22458902797550,22458902823328,0,0,256,1,1,53248,1,1
"KERNEL_DISPATCH",4,2,26,"void dequantize_block_iq3_s<__half>(void const*, __half*)",1849,22458902843921,22458902972813,0,0,32,1,1,1277952,1,1
"KERNEL_DISPATCH",4,2,40,"void convert_unary<float, __half>(void const*, __half*, long, long, long, HIP_vector_type<unsigned int, 3u>, long, long, long)",1850,22458902972813,22458902993703,0,0,256,1,1,786432,1,1
"KERNEL_DISPATCH",4,2,79,"tile_fp16_reduce(float const*, float*, int, int)",1852,22458903431640,22458903457863,0,0,256,1,1,53248,1,1
"KERNEL_DISPATCH",4,2,78,"void tile_fp16_gemm<128, 64, 4, 8, 32>(__half const*, __half const*, float*, float*, int, int, long)",1851,22458902993703,22458903431640,0,25088,256,1,1,6656,1,8
"KERNEL_DISPATCH",4,2,26,"void dequantize_block_iq3_s<__half>(void const*, __half*)",1853,22458903478308,22458903607349,0,0,32,1,1,1277952,1,1
"KERNEL_DISPATCH",4,2,40,"void convert_unary<float, __half>(void const*, __half*, long, long, long, HIP_vector_type<unsigned int, 3u>, long, long, long)",1854,22458903607349,22458903628831,0,0,256,1,1,786432,1,1
"KERNEL_DISPATCH",4,2,79,"tile_fp16_reduce(float const*, float*, int, int)",1856,22458904062324,22458904088102,0,0,256,1,1,53248,1,1
"KERNEL_DISPATCH",4,2,78,"void tile_fp16_gemm<128, 64, 4, 8, 32>(__half const*, __half const*, float*, float*, int, int, long)",1855,22458903628831,22458904062324,0,25088,256,1,1,6656,1,8
"KERNEL_DISPATCH",4,2,26,"void dequantize_block_iq3_s<__half>(void const*, __half*)",1857,22458904108695,22458904239662,0,0,32,1,1,1277952,1,1
"KERNEL_DISPATCH",4,2,40,"void convert_unary<float, __half>(void const*, __half*, long, long, long, HIP_vector_type<unsigned int, 3u>, long, long, long)",1858,22458904239662,22458904262329,0,0,256,1,1,786432,1,1
"KERNEL_DISPATCH",4,2,79,"tile_fp16_reduce(float const*, float*, int, int)",1860,22458904746045,22458904774935,0,0,256,1,1,53248,1,1
"KERNEL_DISPATCH",4,2,78,"void tile_fp16_gemm<128, 64, 4, 8, 32>(__half const*, __half const*, float*, float*, int, int, long)",1859,22458904262329,22458904746045,0,25088,256,1,1,6656,1,8
"KERNEL_DISPATCH",4,2,26,"void dequantize_block_iq3_s<__half>(void const*, __half*)",1861,22458904796121,22458904940124,0,0,32,1,1,1277952,1,1
"KERNEL_DISPATCH",4,2,40,"void convert_unary<float, __half>(void const*, __half*, long, long, long, HIP_vector_type<unsigned int, 3u>, long, long, long)",1862,22458904940124,22458904963681,0,0,256,1,1,786432,1,1
"KERNEL_DISPATCH",4,2,79,"tile_fp16_reduce(float const*, float*, int, int)",1864,22458905434804,22458905463101,0,0,256,1,1,53248,1,1
"KERNEL_DISPATCH",4,2,78,"void tile_fp16_gemm<128, 64, 4, 8, 32>(__half const*, __half const*, float*, float*, int, int, long)",1863,22458904963681,22458905434804,0,25088,256,1,1,6656,1,8
"KERNEL_DISPATCH",4,2,26,"void dequantize_block_iq3_s<__half>(void const*, __half*)",1865,22458905485028,22458905629180,0,0,32,1,1,1277952,1,1
"KERNEL_DISPATCH",4,2,40,"void convert_unary<float, __half>(void const*, __half*, long, long, long, HIP_vector_type<unsigned int, 3u>, long, long, long)",1866,22458905629180,22458905652588,0,0,256,1,1,786432,1,1
"KERNEL_DISPATCH",4,2,79,"tile_fp16_reduce(float const*, float*, int, int)",1868,22458906146527,22458906175564,0,0,256,1,1,53248,1,1
"KERNEL_DISPATCH",4,2,78,"void tile_fp16_gemm<128, 64, 4, 8, 32>(__half const*, __half const*, float*, float*, int, int, long)",1867,22458905652588,22458906146527,0,25088,256,1,1,6656,1,8
"KERNEL_DISPATCH",4,2,26,"void dequantize_block_iq3_s<__half>(void const*, __half*)",1869,22458906197195,22458906340309,0,0,32,1,1,1277952,1,1
"KERNEL_DISPATCH",4,2,40,"void convert_unary<float, __half>(void const*, __half*, long, long, long, HIP_vector_type<unsigned int, 3u>, long, long, long)",1870,22458906340309,22458906361643,0,0,256,1,1,786432,1,1
"KERNEL_DISPATCH",4,2,78,"void tile_fp16_gemm<128, 64, 4, 8, 32>(__half const*, __half const*, float*, float*, int, int, long)",1871,22458906361643,22458906783136,0,25088,256,1,1,6656,1,8
"KERNEL_DISPATCH",4,2,79,"tile_fp16_reduce(float const*, float*, int, int)",1872,22458906783136,22458906808766,0,0,256,1,1,53248,1,1
"KERNEL_DISPATCH",4,2,26,"void dequantize_block_iq3_s<__half>(void const*, __half*)",1873,22458906829211,22458906958696,0,0,32,1,1,1277952,1,1
"KERNEL_DISPATCH",4,2,40,"void convert_unary<float, __half>(void const*, __half*, long, long, long, HIP_vector_type<unsigned int, 3u>, long, long, long)",1874,22458906958696,22458906980030,0,0,256,1,1,786432,1,1
"KERNEL_DISPATCH",4,2,78,"void tile_fp16_gemm<128, 64, 4, 8, 32>(__half const*, __half const*, float*, float*, int, int, long)",1875,22458906980030,22458907408041,0,25088,256,1,1,6656,1,8
"KERNEL_DISPATCH",4,2,79,"tile_fp16_reduce(float const*, float*, int, int)",1876,22458907408041,22458907434116,0,0,256,1,1,53248,1,1
"KERNEL_DISPATCH",4,2,26,"void dequantize_block_iq3_s<__half>(void const*, __half*)",1877,22458907454709,22458907584046,0,0,32,1,1,1277952,1,1
"KERNEL_DISPATCH",4,2,40,"void convert_unary<float, __half>(void const*, __half*, long, long, long, HIP_vector_type<unsigned int, 3u>, long, long, long)",1878,22458907584046,22458907605676,0,0,256,1,1,786432,1,1
"KERNEL_DISPATCH",4,2,78,"void tile_fp16_gemm<128, 64, 4, 8, 32>(__half const*, __half const*, float*, float*, int, int, long)",1879,22458907605676,22458908040206,0,25088,256,1,1,6656,1,8
"KERNEL_DISPATCH",4,2,79,"tile_fp16_reduce(float const*, float*, int, int)",1880,22458908040206,22458908066133,0,0,256,1,1,53248,1,1
"KERNEL_DISPATCH",4,2,26,"void dequantize_block_iq3_s<__half>(void const*, __half*)",1881,22458908086133,22458908215174,0,0,32,1,1,1277952,1,1
"KERNEL_DISPATCH",4,2,40,"void convert_unary<float, __half>(void const*, __half*, long, long, long, HIP_vector_type<unsigned int, 3u>, long, long, long)",1882,22458908215174,22458908237545,0,0,256,1,1,786432,1,1
"KERNEL_DISPATCH",4,2,78,"void tile_fp16_gemm<128, 64, 4, 8, 32>(__half const*, __half const*, float*, float*, int, int, long)",1883,22458908237545,22458908738299,0,25088,256,1,1,6656,1,8
"KERNEL_DISPATCH",4,2,79,"tile_fp16_reduce(float const*, float*, int, int)",1884,22458908738299,22458908767633,0,0,256,1,1,53248,1,1
"KERNEL_DISPATCH",4,2,26,"void dequantize_block_iq3_s<__half>(void const*, __half*)",1885,22458908789411,22458908933118,0,0,32,1,1,1277952,1,1
"KERNEL_DISPATCH",4,2,40,"void convert_unary<float, __half>(void const*, __half*, long, long, long, HIP_vector_type<unsigned int, 3u>, long, long, long)",1886,22458908933118,22458908956823,0,0,256,1,1,786432,1,1
"KERNEL_DISPATCH",4,2,78,"void tile_fp16_gemm<128, 64, 4, 8, 32>(__half const*, __half const*, float*, float*, int, int, long)",1887,22458908956823,22458909425131,0,25088,256,1,1,6656,1,8
"KERNEL_DISPATCH",4,2,79,"tile_fp16_reduce(float const*, float*, int, int)",1888,22458909425131,22458909454169,0,0,256,1,1,53248,1,1
"KERNEL_DISPATCH",4,2,26,"void dequantize_block_iq3_s<__half>(void const*, __half*)",1889,22458909476244,22458909620099,0,0,32,1,1,1277952,1,1
"KERNEL_DISPATCH",4,2,40,"void convert_unary<float, __half>(void const*, __half*, long, long, long, HIP_vector_type<unsigned int, 3u>, long, long, long)",1890,22458909620099,22458909643359,0,0,256,1,1,786432,1,1
"KERNEL_DISPATCH",4,2,78,"void tile_fp16_gemm<128, 64, 4, 8, 32>(__half const*, __half const*, float*, float*, int, int, long)",1891,22458909643359,22458910120113,0,25088,256,1,1,6656,1,8
"KERNEL_DISPATCH",4,2,79,"tile_fp16_reduce(float const*, float*, int, int)",1892,22458910120113,22458910149150,0,0,256,1,1,53248,1,1
"KERNEL_DISPATCH",4,2,26,"void dequantize_block_iq3_s<__half>(void const*, __half*)",1893,22458910171225,22458910315081,0,0,32,1,1,1277952,1,1
"KERNEL_DISPATCH",4,2,40,"void convert_unary<float, __half>(void const*, __half*, long, long, long, HIP_vector_type<unsigned int, 3u>, long, long, long)",1894,22458910315081,22458910338489,0,0,256,1,1,786432,1,1
"KERNEL_DISPATCH",4,2,78,"void tile_fp16_gemm<128, 64, 4, 8, 32>(__half const*, __half const*, float*, float*, int, int, long)",1895,22458910338489,22458910835094,0,25088,256,1,1,6656,1,8
"KERNEL_DISPATCH",4,2,79,"tile_fp16_reduce(float const*, float*, int, int)",1896,22458910835094,22458910863836,0,0,256,1,1,53248,1,1
"KERNEL_DISPATCH",4,2,26,"void dequantize_block_iq3_s<__half>(void const*, __half*)",1897,22458910885614,22458911029470,0,0,32,1,1,1277952,1,1
"KERNEL_DISPATCH",4,2,40,"void convert_unary<float, __half>(void const*, __half*, long, long, long, HIP_vector_type<unsigned int, 3u>, long, long, long)",1898,22458911029470,22458911052878,0,0,256,1,1,786432,1,1
"KERNEL_DISPATCH",4,2,78,"void tile_fp16_gemm<128, 64, 4, 8, 32>(__half const*, __half const*, float*, float*, int, int, long)",1899,22458911052878,22458911514520,0,25088,256,1,1,6656,1,8
"KERNEL_DISPATCH",4,2,79,"tile_fp16_reduce(float const*, float*, int, int)",1900,22458911514520,22458911540150,0,0,256,1,1,53248,1,1
"KERNEL_DISPATCH",4,2,26,"void dequantize_block_iq3_s<__half>(void const*, __half*)",1901,22458911560299,22458911689339,0,0,32,1,1,1277952,1,1
"KERNEL_DISPATCH",4,2,40,"void convert_unary<float, __half>(void const*, __half*, long, long, long, HIP_vector_type<unsigned int, 3u>, long, long, long)",1902,22458911689339,22458911710673,0,0,256,1,1,786432,1,1
"KERNEL_DISPATCH",4,2,78,"void tile_fp16_gemm<128, 64, 4, 8, 32>(__half const*, __half const*, float*, float*, int, int, long)",1903,22458911710673,22458912142684,0,25088,256,1,1,6656,1,8
"KERNEL_DISPATCH",4,2,79,"tile_fp16_reduce(float const*, float*, int, int)",1904,22458912142684,22458912168759,0,0,256,1,1,53248,1,1
"KERNEL_DISPATCH",4,2,26,"void dequantize_block_iq3_s<__half>(void const*, __half*)",1905,22458912189056,22458912336615,0,0,32,1,1,1277952,1,1
"KERNEL_DISPATCH",4,2,40,"void convert_unary<float, __half>(void const*, __half*, long, long, long, HIP_vector_type<unsigned int, 3u>, long, long, long)",1906,22458912336615,22458912360320,0,0,256,1,1,786432,1,1
"KERNEL_DISPATCH",4,2,78,"void tile_fp16_gemm<128, 64, 4, 8, 32>(__half const*, __half const*, float*, float*, int, int, long)",1907,22458912360320,22458912838999,0,25088,256,1,1,6656,1,8
"KERNEL_DISPATCH",4,2,79,"tile_fp16_reduce(float const*, float*, int, int)",1908,22458912838999,22458912867592,0,0,256,1,1,53248,1,1
"KERNEL_DISPATCH",4,2,26,"void dequantize_block_iq3_s<__half>(void const*, __half*)",1909,22458912889074,22458913032930,0,0,32,1,1,1277952,1,1
"KERNEL_DISPATCH",4,2,40,"void convert_unary<float, __half>(void const*, __half*, long, long, long, HIP_vector_type<unsigned int, 3u>, long, long, long)",1910,22458913032930,22458913056486,0,0,256,1,1,786432,1,1
"KERNEL_DISPATCH",4,2,78,"void tile_fp16_gemm<128, 64, 4, 8, 32>(__half const*, __half const*, float*, float*, int, int, long)",1911,22458913056486,22458913537388,0,25088,256,1,1,6656,1,8
"KERNEL_DISPATCH",4,2,79,"tile_fp16_reduce(float const*, float*, int, int)",1912,22458913537388,22458913566722,0,0,256,1,1,53248,1,1
"KERNEL_DISPATCH",4,2,26,"void dequantize_block_iq3_s<__half>(void const*, __half*)",1913,22458913589389,22458913732948,0,0,32,1,1,1277952,1,1
"KERNEL_DISPATCH",4,2,40,"void convert_unary<float, __half>(void const*, __half*, long, long, long, HIP_vector_type<unsigned int, 3u>, long, long, long)",1914,22458913732948,22458913756801,0,0,256,1,1,786432,1,1
"KERNEL_DISPATCH",4,2,78,"void tile_fp16_gemm<128, 64, 4, 8, 32>(__half const*, __half const*, float*, float*, int, int, long)",1915,22458913756801,22458914226147,0,25088,256,1,1,6656,1,8
"KERNEL_DISPATCH",4,2,79,"tile_fp16_reduce(float const*, float*, int, int)",1916,22458914226147,22458914255184,0,0,256,1,1,53248,1,1
"KERNEL_DISPATCH",4,2,26,"void dequantize_block_iq3_s<__half>(void const*, __half*)",1917,22458914278296,22458914422448,0,0,32,1,1,1277952,1,1
"KERNEL_DISPATCH",4,2,40,"void convert_unary<float, __half>(void const*, __half*, long, long, long, HIP_vector_type<unsigned int, 3u>, long, long, long)",1918,22458914422448,22458914445856,0,0,256,1,1,786432,1,1
"KERNEL_DISPATCH",4,2,78,"void tile_fp16_gemm<128, 64, 4, 8, 32>(__half const*, __half const*, float*, float*, int, int, long)",1919,22458914445856,22458914918313,0,25088,256,1,1,6656,1,8
"KERNEL_DISPATCH",4,2,79,"tile_fp16_reduce(float const*, float*, int, int)",1920,22458914918313,22458914948388,0,0,256,1,1,53248,1,1
"KERNEL_DISPATCH",4,2,26,"void dequantize_block_iq3_s<__half>(void const*, __half*)",1921,22458914972240,22458915116244,0,0,32,1,1,1277952,1,1
"KERNEL_DISPATCH",4,2,40,"void convert_unary<float, __half>(void const*, __half*, long, long, long, HIP_vector_type<unsigned int, 3u>, long, long, long)",1922,22458915116244,22458915140097,0,0,256,1,1,786432,1,1
"KERNEL_DISPATCH",4,2,78,"void tile_fp16_gemm<128, 64, 4, 8, 32>(__half const*, __half const*, float*, float*, int, int, long)",1923,22458915140097,22458915601887,0,25088,256,1,1,6656,1,8
"KERNEL_DISPATCH",4,2,79,"tile_fp16_reduce(float const*, float*, int, int)",1924,22458915601887,22458915627813,0,0,256,1,1,53248,1,1
"KERNEL_DISPATCH",4,2,26,"void dequantize_block_iq3_s<__half>(void const*, __half*)",1925,22458915648999,22458915778336,0,0,32,1,1,1277952,1,1
"KERNEL_DISPATCH",4,2,40,"void convert_unary<float, __half>(void const*, __half*, long, long, long, HIP_vector_type<unsigned int, 3u>, long, long, long)",1926,22458915778336,22458915799225,0,0,256,1,1,786432,1,1
"KERNEL_DISPATCH",4,2,78,"void tile_fp16_gemm<128, 64, 4, 8, 32>(__half const*, __half const*, float*, float*, int, int, long)",1927,22458915799225,22458916260719,0,25088,256,1,1,6656,1,8
"KERNEL_DISPATCH",4,2,79,"tile_fp16_reduce(float const*, float*, int, int)",1928,22458916260719,22458916298942,0,0,256,1,1,53248,1,1
"KERNEL_DISPATCH",4,2,26,"void dequantize_block_iq3_s<__half>(void const*, __half*)",1929,22458916322794,22458916466650,0,0,32,1,1,1277952,1,1
"KERNEL_DISPATCH",4,2,40,"void convert_unary<float, __half>(void const*, __half*, long, long, long, HIP_vector_type<unsigned int, 3u>, long, long, long)",1930,22458916466650,22458916489762,0,0,256,1,1,786432,1,1
"KERNEL_DISPATCH",4,2,78,"void tile_fp16_gemm<128, 64, 4, 8, 32>(__half const*, __half const*, float*, float*, int, int, long)",1931,22458916489762,22458916972145,0,25088,256,1,1,6656,1,8
"KERNEL_DISPATCH",4,2,79,"tile_fp16_reduce(float const*, float*, int, int)",1932,22458916972145,22458917000886,0,0,256,1,1,53248,1,1
"KERNEL_DISPATCH",4,2,26,"void dequantize_block_iq3_s<__half>(void const*, __half*)",1933,22458917022368,22458917166224,0,0,32,1,1,1277952,1,1
"KERNEL_DISPATCH",4,2,40,"void convert_unary<float, __half>(void const*, __half*, long, long, long, HIP_vector_type<unsigned int, 3u>, long, long, long)",1934,22458917166224,22458917189632,0,0,256,1,1,786432,1,1
"KERNEL_DISPATCH",4,2,78,"void tile_fp16_gemm<128, 64, 4, 8, 32>(__half const*, __half const*, float*, float*, int, int, long)",1935,22458917189632,22458917660607,0,25088,256,1,1,6656,1,8
"KERNEL_DISPATCH",4,2,79,"tile_fp16_reduce(float const*, float*, int, int)",1936,22458917660607,22458917689497,0,0,256,1,1,53248,1,1
"KERNEL_DISPATCH",4,2,26,"void dequantize_block_iq3_s<__half>(void const*, __half*)",1937,22458917711572,22458917855427,0,0,32,1,1,1277952,1,1
"KERNEL_DISPATCH",4,2,40,"void convert_unary<float, __half>(void const*, __half*, long, long, long, HIP_vector_type<unsigned int, 3u>, long, long, long)",1938,22458917855427,22458917878687,0,0,256,1,1,786432,1,1
"KERNEL_DISPATCH",4,2,78,"void tile_fp16_gemm<128, 64, 4, 8, 32>(__half const*, __half const*, float*, float*, int, int, long)",1939,22458917878687,22458918346255,0,25088,256,1,1,6656,1,8
"KERNEL_DISPATCH",4,2,79,"tile_fp16_reduce(float const*, float*, int, int)",1940,22458918346255,22458918375885,0,0,256,1,1,53248,1,1
"KERNEL_DISPATCH",4,2,26,"void dequantize_block_iq3_s<__half>(void const*, __half*)",1941,22458918398405,22458918542112,0,0,32,1,1,1277952,1,1
"KERNEL_DISPATCH",4,2,40,"void convert_unary<float, __half>(void const*, __half*, long, long, long, HIP_vector_type<unsigned int, 3u>, long, long, long)",1942,22458918542112,22458918565816,0,0,256,1,1,786432,1,1
"KERNEL_DISPATCH",4,2,78,"void tile_fp16_gemm<128, 64, 4, 8, 32>(__half const*, __half const*, float*, float*, int, int, long)",1943,22458918565816,22458919033384,0,25088,256,1,1,6656,1,8
"KERNEL_DISPATCH",4,2,79,"tile_fp16_reduce(float const*, float*, int, int)",1944,22458919033384,22458919062274,0,0,256,1,1,53248,1,1
"KERNEL_DISPATCH",4,2,26,"void dequantize_block_iq3_s<__half>(void const*, __half*)",1945,22458919084941,22458919228797,0,0,32,1,1,1277952,1,1
"KERNEL_DISPATCH",4,2,40,"void convert_unary<float, __half>(void const*, __half*, long, long, long, HIP_vector_type<unsigned int, 3u>, long, long, long)",1946,22458919228797,22458919252205,0,0,256,1,1,786432,1,1
"KERNEL_DISPATCH",4,2,78,"void tile_fp16_gemm<128, 64, 4, 8, 32>(__half const*, __half const*, float*, float*, int, int, long)",1947,22458919252205,22458919711328,0,25088,256,1,1,6656,1,8
"KERNEL_DISPATCH",4,2,79,"tile_fp16_reduce(float const*, float*, int, int)",1948,22458919711328,22458919737255,0,0,256,1,1,53248,1,1
"KERNEL_DISPATCH",4,2,26,"void dequantize_block_iq3_s<__half>(void const*, __half*)",1949,22458919758292,22458919887333,0,0,32,1,1,1277952,1,1
"KERNEL_DISPATCH",4,2,40,"void convert_unary<float, __half>(void const*, __half*, long, long, long, HIP_vector_type<unsigned int, 3u>, long, long, long)",1950,22458919887333,22458919908074,0,0,256,1,1,786432,1,1
"KERNEL_DISPATCH",4,2,78,"void tile_fp16_gemm<128, 64, 4, 8, 32>(__half const*, __half const*, float*, float*, int, int, long)",1951,22458919908074,22458920359641,0,25088,256,1,1,6656,1,8
"KERNEL_DISPATCH",4,2,79,"tile_fp16_reduce(float const*, float*, int, int)",1952,22458920359641,22458920388383,0,0,256,1,1,53248,1,1
"KERNEL_DISPATCH",4,2,26,"void dequantize_block_iq3_s<__half>(void const*, __half*)",1953,22458920410458,22458920554461,0,0,32,1,1,1277952,1,1
"KERNEL_DISPATCH",4,2,40,"void convert_unary<float, __half>(void const*, __half*, long, long, long, HIP_vector_type<unsigned int, 3u>, long, long, long)",1954,22458920554461,22458920578018,0,0,256,1,1,786432,1,1
"KERNEL_DISPATCH",4,2,78,"void tile_fp16_gemm<128, 64, 4, 8, 32>(__half const*, __half const*, float*, float*, int, int, long)",1955,22458920578018,22458921067364,0,25088,256,1,1,6656,1,8
"KERNEL_DISPATCH",4,2,79,"tile_fp16_reduce(float const*, float*, int, int)",1956,22458921067364,22458921096402,0,0,256,1,1,53248,1,1
"KERNEL_DISPATCH",4,2,26,"void dequantize_block_iq3_s<__half>(void const*, __half*)",1957,22458921118032,22458921261887,0,0,32,1,1,1277952,1,1
"KERNEL_DISPATCH",4,2,40,"void convert_unary<float, __half>(void const*, __half*, long, long, long, HIP_vector_type<unsigned int, 3u>, long, long, long)",1958,22458921261887,22458921285444,0,0,256,1,1,786432,1,1
"KERNEL_DISPATCH",4,2,78,"void tile_fp16_gemm<128, 64, 4, 8, 32>(__half const*, __half const*, float*, float*, int, int, long)",1959,22458921285444,22458921943090,0,25088,256,1,1,6656,1,8
"KERNEL_DISPATCH",4,2,79,"tile_fp16_reduce(float const*, float*, int, int)",1960,22458921943090,22458921985314,0,0,256,1,1,53248,1,1
"KERNEL_DISPATCH",4,2,26,"void dequantize_block_iq3_s<__half>(void const*, __half*)",1961,22458922009759,22458922174948,0,0,32,1,1,1277952,1,1
"KERNEL_DISPATCH",4,2,40,"void convert_unary<float, __half>(void const*, __half*, long, long, long, HIP_vector_type<unsigned int, 3u>, long, long, long)",1962,22458922174948,22458922208134,0,0,256,1,1,786432,1,1
"KERNEL_DISPATCH",4,2,78,"void tile_fp16_gemm<128, 64, 4, 8, 32>(__half const*, __half const*, float*, float*, int, int, long)",1963,22458922208134,22458922725481,0,25088,256,1,1,6656,1,8
"KERNEL_DISPATCH",4,2,79,"tile_fp16_reduce(float const*, float*, int, int)",1964,22458922725481,22458922754816,0,0,256,1,1,53248,1,1
"KERNEL_DISPATCH",4,2,26,"void dequantize_block_iq3_s<__half>(void const*, __half*)",1965,22458922776890,22458922921190,0,0,32,1,1,1277952,1,1
"KERNEL_DISPATCH",4,2,40,"void convert_unary<float, __half>(void const*, __half*, long, long, long, HIP_vector_type<unsigned int, 3u>, long, long, long)",1966,22458922921190,22458922944598,0,0,256,1,1,786432,1,1
"KERNEL_DISPATCH",4,2,78,"void tile_fp16_gemm<128, 64, 4, 8, 32>(__half const*, __half const*, float*, float*, int, int, long)",1967,22458922944598,22458923427870,0,25088,256,1,1,6656,1,8
"KERNEL_DISPATCH",4,2,79,"tile_fp16_reduce(float const*, float*, int, int)",1968,22458923427870,22458923453501,0,0,256,1,1,53248,1,1
"KERNEL_DISPATCH",4,2,26,"void dequantize_block_iq3_s<__half>(void const*, __half*)",1969,22458923476464,22458923605801,0,0,32,1,1,1277952,1,1
"KERNEL_DISPATCH",4,2,40,"void convert_unary<float, __half>(void const*, __half*, long, long, long, HIP_vector_type<unsigned int, 3u>, long, long, long)",1970,22458923605801,22458923684321,0,0,256,1,1,786432,1,1
"KERNEL_DISPATCH",4,2,78,"void tile_fp16_gemm<128, 64, 4, 8, 32>(__half const*, __half const*, float*, float*, int, int, long)",1971,22458923684321,22458924145815,0,25088,256,1,1,6656,1,8
"KERNEL_DISPATCH",4,2,79,"tile_fp16_reduce(float const*, float*, int, int)",1972,22458924145815,22458924171594,0,0,256,1,1,53248,1,1
"KERNEL_DISPATCH",4,2,26,"void dequantize_block_iq3_s<__half>(void const*, __half*)",1973,22458924191890,22458924339746,0,0,32,1,1,1277952,1,1
"KERNEL_DISPATCH",4,2,40,"void convert_unary<float, __half>(void const*, __half*, long, long, long, HIP_vector_type<unsigned int, 3u>, long, long, long)",1974,22458924339746,22458924363302,0,0,256,1,1,786432,1,1
"KERNEL_DISPATCH",4,2,78,"void tile_fp16_gemm<128, 64, 4, 8, 32>(__half const*, __half const*, float*, float*, int, int, long)",1975,22458924363302,22458924838722,0,25088,256,1,1,6656,1,8
"KERNEL_DISPATCH",4,2,79,"tile_fp16_reduce(float const*, float*, int, int)",1976,22458924838722,22458924867316,0,0,256,1,1,53248,1,1
"KERNEL_DISPATCH",4,2,26,"void dequantize_block_iq3_s<__half>(void const*, __half*)",1977,22458924889094,22458925033394,0,0,32,1,1,1277952,1,1
"KERNEL_DISPATCH",4,2,40,"void convert_unary<float, __half>(void const*, __half*, long, long, long, HIP_vector_type<unsigned int, 3u>, long, long, long)",1978,22458925033394,22458925056950,0,0,256,1,1,786432,1,1
"KERNEL_DISPATCH",4,2,78,"void tile_fp16_gemm<128, 64, 4, 8, 32>(__half const*, __half const*, float*, float*, int, int, long)",1979,22458925056950,22458925519629,0,25088,256,1,1,6656,1,8
"KERNEL_DISPATCH",4,2,79,"tile_fp16_reduce(float const*, float*, int, int)",1980,22458925519629,22458925549852,0,0,256,1,1,53248,1,1
"KERNEL_DISPATCH",4,2,26,"void dequantize_block_iq3_s<__half>(void const*, __half*)",1981,22458925571630,22458925715486,0,0,32,1,1,1277952,1,1
"KERNEL_DISPATCH",4,2,40,"void convert_unary<float, __half>(void const*, __half*, long, long, long, HIP_vector_type<unsigned int, 3u>, long, long, long)",1982,22458925715486,22458925738598,0,0,256,1,1,786432,1,1
"KERNEL_DISPATCH",4,2,78,"void tile_fp16_gemm<128, 64, 4, 8, 32>(__half const*, __half const*, float*, float*, int, int, long)",1983,22458925738598,22458926209869,0,25088,256,1,1,6656,1,8
"KERNEL_DISPATCH",4,2,79,"tile_fp16_reduce(float const*, float*, int, int)",1984,22458926209869,22458926238315,0,0,256,1,1,53248,1,1
"KERNEL_DISPATCH",4,2,26,"void dequantize_block_iq3_s<__half>(void const*, __half*)",1985,22458926260686,22458926404838,0,0,32,1,1,1277952,1,1
"KERNEL_DISPATCH",4,2,40,"void convert_unary<float, __half>(void const*, __half*, long, long, long, HIP_vector_type<unsigned int, 3u>, long, long, long)",1986,22458926404838,22458926427949,0,0,256,1,1,786432,1,1
"KERNEL_DISPATCH",4,2,78,"void tile_fp16_gemm<128, 64, 4, 8, 32>(__half const*, __half const*, float*, float*, int, int, long)",1987,22458926427949,22458926918481,0,25088,256,1,1,6656,1,8
"KERNEL_DISPATCH",4,2,79,"tile_fp16_reduce(float const*, float*, int, int)",1988,22458926918481,22458926947518,0,0,256,1,1,53248,1,1
"KERNEL_DISPATCH",4,2,26,"void dequantize_block_iq3_s<__half>(void const*, __half*)",1989,22458926969593,22458927113597,0,0,32,1,1,1277952,1,1
"KERNEL_DISPATCH",4,2,40,"void convert_unary<float, __half>(void const*, __half*, long, long, long, HIP_vector_type<unsigned int, 3u>, long, long, long)",1990,22458927113597,22458927136857,0,0,256,1,1,786432,1,1
"KERNEL_DISPATCH",4,2,78,"void tile_fp16_gemm<128, 64, 4, 8, 32>(__half const*, __half const*, float*, float*, int, int, long)",1991,22458927136857,22458927597462,0,25088,256,1,1,6656,1,8
"KERNEL_DISPATCH",4,2,79,"tile_fp16_reduce(float const*, float*, int, int)",1992,22458927597462,22458927636574,0,0,256,1,1,53248,1,1
"KERNEL_DISPATCH",4,2,26,"void dequantize_block_iq3_s<__half>(void const*, __half*)",1993,22458927657315,22458927786652,0,0,32,1,1,1277952,1,1
"KERNEL_DISPATCH",4,2,40,"void convert_unary<float, __half>(void const*, __half*, long, long, long, HIP_vector_type<unsigned int, 3u>, long, long, long)",1994,22458927786652,22458927807393,0,0,256,1,1,786432,1,1
"KERNEL_DISPATCH",4,2,78,"void tile_fp16_gemm<128, 64, 4, 8, 32>(__half const*, __half const*, float*, float*, int, int, long)",1995,22458927807393,22458928259701,0,25088,256,1,1,6656,1,8
"KERNEL_DISPATCH",4,2,79,"tile_fp16_reduce(float const*, float*, int, int)",1996,22458928259701,22458928298073,0,0,256,1,1,53248,1,1
"KERNEL_DISPATCH",4,2,26,"void dequantize_block_iq3_s<__half>(void const*, __half*)",1997,22458928320295,22458928464299,0,0,32,1,1,1277952,1,1
"KERNEL_DISPATCH",4,2,40,"void convert_unary<float, __half>(void const*, __half*, long, long, long, HIP_vector_type<unsigned int, 3u>, long, long, long)",1998,22458928464299,22458928487855,0,0,256,1,1,786432,1,1
"KERNEL_DISPATCH",4,2,78,"void tile_fp16_gemm<128, 64, 4, 8, 32>(__half const*, __half const*, float*, float*, int, int, long)",1999,22458928487855,22458928958683,0,25088,256,1,1,6656,1,8
"KERNEL_DISPATCH",4,2,79,"tile_fp16_reduce(float const*, float*, int, int)",2000,22458928958683,22458928987572,0,0,256,1,1,53248,1,1
"KERNEL_DISPATCH",4,2,26,"void dequantize_block_iq3_s<__half>(void const*, __half*)",2001,22458929009054,22458929153206,0,0,32,1,1,1277952,1,1
"KERNEL_DISPATCH",4,2,40,"void convert_unary<float, __half>(void const*, __half*, long, long, long, HIP_vector_type<unsigned int, 3u>, long, long, long)",2002,22458929153206,22458929176762,0,0,256,1,1,786432,1,1
"KERNEL_DISPATCH",4,2,78,"void tile_fp16_gemm<128, 64, 4, 8, 32>(__half const*, __half const*, float*, float*, int, int, long)",2003,22458929176762,22458929652034,0,25088,256,1,1,6656,1,8
"KERNEL_DISPATCH",4,2,79,"tile_fp16_reduce(float const*, float*, int, int)",2004,22458929652034,22458929682109,0,0,256,1,1,53248,1,1
"KERNEL_DISPATCH",4,2,26,"void dequantize_block_iq3_s<__half>(void const*, __half*)",2005,22458929703887,22458929847595,0,0,32,1,1,1277952,1,1
"KERNEL_DISPATCH",4,2,40,"void convert_unary<float, __half>(void const*, __half*, long, long, long, HIP_vector_type<unsigned int, 3u>, long, long, long)",2006,22458929847595,22458929871299,0,0,256,1,1,786432,1,1
"KERNEL_DISPATCH",4,2,78,"void tile_fp16_gemm<128, 64, 4, 8, 32>(__half const*, __half const*, float*, float*, int, int, long)",2007,22458929871299,22458930354719,0,25088,256,1,1,6656,1,8
"KERNEL_DISPATCH",4,2,79,"tile_fp16_reduce(float const*, float*, int, int)",2008,22458930354719,22458930380646,0,0,256,1,1,53248,1,1
"KERNEL_DISPATCH",4,2,26,"void dequantize_block_iq3_s<__half>(void const*, __half*)",2009,22458930401091,22458930530279,0,0,32,1,1,1277952,1,1
"KERNEL_DISPATCH",4,2,40,"void convert_unary<float, __half>(void const*, __half*, long, long, long, HIP_vector_type<unsigned int, 3u>, long, long, long)",2010,22458930530279,22458930551317,0,0,256,1,1,786432,1,1
"KERNEL_DISPATCH",4,2,78,"void tile_fp16_gemm<128, 64, 4, 8, 32>(__half const*, __half const*, float*, float*, int, int, long)",2011,22458930551317,22458930990440,0,25088,256,1,1,6656,1,8
"KERNEL_DISPATCH",4,2,79,"tile_fp16_reduce(float const*, float*, int, int)",2012,22458930990440,22458931016514,0,0,256,1,1,53248,1,1
"KERNEL_DISPATCH",4,2,26,"void dequantize_block_iq3_s<__half>(void const*, __half*)",2013,22458931051923,22458931180815,0,0,32,1,1,1277952,1,1
"KERNEL_DISPATCH",4,2,40,"void convert_unary<float, __half>(void const*, __half*, long, long, long, HIP_vector_type<unsigned int, 3u>, long, long, long)",2014,22458931180815,22458931202297,0,0,256,1,1,786432,1,1
"KERNEL_DISPATCH",4,2,78,"void tile_fp16_gemm<128, 64, 4, 8, 32>(__half const*, __half const*, float*, float*, int, int, long)",2015,22458931202297,22458931677421,0,25088,256,1,1,6656,1,8
"KERNEL_DISPATCH",4,2,79,"tile_fp16_reduce(float const*, float*, int, int)",2016,22458931677421,22458931706162,0,0,256,1,1,53248,1,1
"KERNEL_DISPATCH",4,2,26,"void dequantize_block_iq3_s<__half>(void const*, __half*)",2017,22459230588821,22459230608080,0,0,32,1,1,163840,1,1
"KERNEL_DISPATCH",4,2,40,"void convert_unary<float, __half>(void const*, __half*, long, long, long, HIP_vector_type<unsigned int, 3u>, long, long, long)",2018,22459230608080,22459230628376,0,0,256,1,1,655360,1,1
"KERNEL_DISPATCH",4,2,78,"void tile_fp16_gemm<128, 64, 4, 8, 32>(__half const*, __half const*, float*, float*, int, int, long)",2019,22459230628376,22459230749268,0,25088,256,1,1,1024,1,8
"KERNEL_DISPATCH",4,2,79,"tile_fp16_reduce(float const*, float*, int, int)",2020,22459230749268,22459230753713,0,0,256,1,1,8192,1,1
"KERNEL_DISPATCH",4,2,26,"void dequantize_block_iq3_s<__half>(void const*, __half*)",2021,22459231365433,22459231382914,0,0,32,1,1,163840,1,1
"KERNEL_DISPATCH",4,2,40,"void convert_unary<float, __half>(void const*, __half*, long, long, long, HIP_vector_type<unsigned int, 3u>, long, long, long)",2022,22459231382914,22459231399952,0,0,256,1,1,655360,1,1
"KERNEL_DISPATCH",4,2,78,"void tile_fp16_gemm<128, 64, 4, 8, 32>(__half const*, __half const*, float*, float*, int, int, long)",2023,22459231399952,22459231512548,0,25088,256,1,1,1024,1,8
"KERNEL_DISPATCH",4,2,79,"tile_fp16_reduce(float const*, float*, int, int)",2024,22459231512548,22459231519807,0,0,256,1,1,8192,1,1
"KERNEL_DISPATCH",4,2,26,"void dequantize_block_iq3_s<__half>(void const*, __half*)",2025,22459231557289,22459231574920,0,0,32,1,1,163840,1,1
"KERNEL_DISPATCH",4,2,40,"void convert_unary<float, __half>(void const*, __half*, long, long, long, HIP_vector_type<unsigned int, 3u>, long, long, long)",2026,22459231574920,22459231591513,0,0,256,1,1,655360,1,1
"KERNEL_DISPATCH",4,2,78,"void tile_fp16_gemm<128, 64, 4, 8, 32>(__half const*, __half const*, float*, float*, int, int, long)",2027,22459231591513,22459231703812,0,25088,256,1,1,1024,1,8
"KERNEL_DISPATCH",4,2,79,"tile_fp16_reduce(float const*, float*, int, int)",2028,22459231703812,22459231710923,0,0,256,1,1,8192,1,1
"KERNEL_DISPATCH",4,2,26,"void dequantize_block_iq3_s<__half>(void const*, __half*)",2029,22459231746924,22459231764406,0,0,32,1,1,163840,1,1
"KERNEL_DISPATCH",4,2,40,"void convert_unary<float, __half>(void const*, __half*, long, long, long, HIP_vector_type<unsigned int, 3u>, long, long, long)",2030,22459231764406,22459231781295,0,0,256,1,1,655360,1,1
"KERNEL_DISPATCH",4,2,78,"void tile_fp16_gemm<128, 64, 4, 8, 32>(__half const*, __half const*, float*, float*, int, int, long)",2031,22459231781295,22459231889446,0,25088,256,1,1,1024,1,8
"KERNEL_DISPATCH",4,2,79,"tile_fp16_reduce(float const*, float*, int, int)",2032,22459231889446,22459231893595,0,0,256,1,1,8192,1,1
"KERNEL_DISPATCH",4,2,26,"void dequantize_block_iq3_s<__half>(void const*, __half*)",2033,22459231914040,22459231931522,0,0,32,1,1,163840,1,1
"KERNEL_DISPATCH",4,2,40,"void convert_unary<float, __half>(void const*, __half*, long, long, long, HIP_vector_type<unsigned int, 3u>, long, long, long)",2034,22459231931522,22459231948263,0,0,256,1,1,655360,1,1
"KERNEL_DISPATCH",4,2,78,"void tile_fp16_gemm<128, 64, 4, 8, 32>(__half const*, __half const*, float*, float*, int, int, long)",2035,22459231948263,22459232053747,0,25088,256,1,1,1024,1,8
"KERNEL_DISPATCH",4,2,79,"tile_fp16_reduce(float const*, float*, int, int)",2036,22459232053747,22459232058043,0,0,256,1,1,8192,1,1
"KERNEL_DISPATCH",4,2,26,"void dequantize_block_iq3_s<__half>(void const*, __half*)",2037,22459232077896,22459232095674,0,0,32,1,1,163840,1,1
"KERNEL_DISPATCH",4,2,40,"void convert_unary<float, __half>(void const*, __half*, long, long, long, HIP_vector_type<unsigned int, 3u>, long, long, long)",2038,22459232095674,22459232112415,0,0,256,1,1,655360,1,1
"KERNEL_DISPATCH",4,2,78,"void tile_fp16_gemm<128, 64, 4, 8, 32>(__half const*, __half const*, float*, float*, int, int, long)",2039,22459232112415,22459232218048,0,25088,256,1,1,1024,1,8
"KERNEL_DISPATCH",4,2,79,"tile_fp16_reduce(float const*, float*, int, int)",2040,22459232218048,22459232222344,0,0,256,1,1,8192,1,1
"KERNEL_DISPATCH",4,2,26,"void dequantize_block_iq3_s<__half>(void const*, __half*)",2041,22459232242641,22459232260271,0,0,32,1,1,163840,1,1
"KERNEL_DISPATCH",4,2,40,"void convert_unary<float, __half>(void const*, __half*, long, long, long, HIP_vector_type<unsigned int, 3u>, long, long, long)",2042,22459232260271,22459232276864,0,0,256,1,1,655360,1,1
"KERNEL_DISPATCH",4,2,78,"void tile_fp16_gemm<128, 64, 4, 8, 32>(__half const*, __half const*, float*, float*, int, int, long)",2043,22459232276864,22459232382348,0,25088,256,1,1,1024,1,8
"KERNEL_DISPATCH",4,2,79,"tile_fp16_reduce(float const*, float*, int, int)",2044,22459232382348,22459232386496,0,0,256,1,1,8192,1,1
"KERNEL_DISPATCH",4,2,26,"void dequantize_block_iq3_s<__half>(void const*, __half*)",2045,22459232406941,22459232424423,0,0,32,1,1,163840,1,1
"KERNEL_DISPATCH",4,2,40,"void convert_unary<float, __half>(void const*, __half*, long, long, long, HIP_vector_type<unsigned int, 3u>, long, long, long)",2046,22459232424423,22459232441165,0,0,256,1,1,655360,1,1
"KERNEL_DISPATCH",4,2,78,"void tile_fp16_gemm<128, 64, 4, 8, 32>(__half const*, __half const*, float*, float*, int, int, long)",2047,22459232441165,22459232546797,0,25088,256,1,1,1024,1,8
"KERNEL_DISPATCH",4,2,79,"tile_fp16_reduce(float const*, float*, int, int)",2048,22459232546797,22459232551093,0,0,256,1,1,8192,1,1
"KERNEL_DISPATCH",4,2,26,"void dequantize_block_iq3_s<__half>(void const*, __half*)",2049,22459232571687,22459232589465,0,0,32,1,1,163840,1,1
"KERNEL_DISPATCH",4,2,40,"void convert_unary<float, __half>(void const*, __half*, long, long, long, HIP_vector_type<unsigned int, 3u>, long, long, long)",2050,22459232589465,22459232606354,0,0,256,1,1,655360,1,1
"KERNEL_DISPATCH",4,2,78,"void tile_fp16_gemm<128, 64, 4, 8, 32>(__half const*, __half const*, float*, float*, int, int, long)",2051,22459232606354,22459232712135,0,25088,256,1,1,1024,1,8
"KERNEL_DISPATCH",4,2,79,"tile_fp16_reduce(float const*, float*, int, int)",2052,22459232712135,22459232716431,0,0,256,1,1,8192,1,1
"KERNEL_DISPATCH",4,2,26,"void dequantize_block_iq3_s<__half>(void const*, __half*)",2053,22459232737913,22459232755395,0,0,32,1,1,163840,1,1
"KERNEL_DISPATCH",4,2,40,"void convert_unary<float, __half>(void const*, __half*, long, long, long, HIP_vector_type<unsigned int, 3u>, long, long, long)",2054,22459232755395,22459232772136,0,0,256,1,1,655360,1,1
"KERNEL_DISPATCH",4,2,78,"void tile_fp16_gemm<128, 64, 4, 8, 32>(__half const*, __half const*, float*, float*, int, int, long)",2055,22459232772136,22459232877028,0,25088,256,1,1,1024,1,8
"KERNEL_DISPATCH",4,2,79,"tile_fp16_reduce(float const*, float*, int, int)",2056,22459232877028,22459232881176,0,0,256,1,1,8192,1,1
"KERNEL_DISPATCH",4,2,26,"void dequantize_block_iq3_s<__half>(void const*, __half*)",2057,22459232901473,22459232919103,0,0,32,1,1,163840,1,1
"KERNEL_DISPATCH",4,2,40,"void convert_unary<float, __half>(void const*, __half*, long, long, long, HIP_vector_type<unsigned int, 3u>, long, long, long)",2058,22459232919103,22459232935992,0,0,256,1,1,655360,1,1
"KERNEL_DISPATCH",4,2,78,"void tile_fp16_gemm<128, 64, 4, 8, 32>(__half const*, __half const*, float*, float*, int, int, long)",2059,22459232935992,22459233041921,0,25088,256,1,1,1024,1,8
"KERNEL_DISPATCH",4,2,79,"tile_fp16_reduce(float const*, float*, int, int)",2060,22459233041921,22459233046218,0,0,256,1,1,8192,1,1
"KERNEL_DISPATCH",4,2,26,"void dequantize_block_iq3_s<__half>(void const*, __half*)",2061,22459233065922,22459233083552,0,0,32,1,1,163840,1,1
"KERNEL_DISPATCH",4,2,40,"void convert_unary<float, __half>(void const*, __half*, long, long, long, HIP_vector_type<unsigned int, 3u>, long, long, long)",2062,22459233083552,22459233100293,0,0,256,1,1,655360,1,1
"KERNEL_DISPATCH",4,2,78,"void tile_fp16_gemm<128, 64, 4, 8, 32>(__half const*, __half const*, float*, float*, int, int, long)",2063,22459233100293,22459233205185,0,25088,256,1,1,1024,1,8
"KERNEL_DISPATCH",4,2,79,"tile_fp16_reduce(float const*, float*, int, int)",2064,22459233205185,22459233209333,0,0,256,1,1,8192,1,1
"KERNEL_DISPATCH",4,2,26,"void dequantize_block_iq3_s<__half>(void const*, __half*)",2065,22459233228741,22459233246223,0,0,32,1,1,163840,1,1
"KERNEL_DISPATCH",4,2,40,"void convert_unary<float, __half>(void const*, __half*, long, long, long, HIP_vector_type<unsigned int, 3u>, long, long, long)",2066,22459233246223,22459233262964,0,0,256,1,1,655360,1,1
"KERNEL_DISPATCH",4,2,78,"void tile_fp16_gemm<128, 64, 4, 8, 32>(__half const*, __half const*, float*, float*, int, int, long)",2067,22459233262964,22459233368300,0,25088,256,1,1,1024,1,8
"KERNEL_DISPATCH",4,2,79,"tile_fp16_reduce(float const*, float*, int, int)",2068,22459233368300,22459233372448,0,0,256,1,1,8192,1,1
"KERNEL_DISPATCH",4,2,26,"void dequantize_block_iq3_s<__half>(void const*, __half*)",2069,22459233392301,22459233409931,0,0,32,1,1,163840,1,1
"KERNEL_DISPATCH",4,2,40,"void convert_unary<float, __half>(void const*, __half*, long, long, long, HIP_vector_type<unsigned int, 3u>, long, long, long)",2070,22459233409931,22459233426672,0,0,256,1,1,655360,1,1
"KERNEL_DISPATCH",4,2,78,"void tile_fp16_gemm<128, 64, 4, 8, 32>(__half const*, __half const*, float*, float*, int, int, long)",2071,22459233426672,22459233532008,0,25088,256,1,1,1024,1,8
"KERNEL_DISPATCH",4,2,79,"tile_fp16_reduce(float const*, float*, int, int)",2072,22459233532008,22459233536008,0,0,256,1,1,8192,1,1
"KERNEL_DISPATCH",4,2,26,"void dequantize_block_iq3_s<__half>(void const*, __half*)",2073,22459233556453,22459233573935,0,0,32,1,1,163840,1,1
"KERNEL_DISPATCH",4,2,40,"void convert_unary<float, __half>(void const*, __half*, long, long, long, HIP_vector_type<unsigned int, 3u>, long, long, long)",2074,22459233573935,22459233590824,0,0,256,1,1,655360,1,1
"KERNEL_DISPATCH",4,2,78,"void tile_fp16_gemm<128, 64, 4, 8, 32>(__half const*, __half const*, float*, float*, int, int, long)",2075,22459233590824,22459233696457,0,25088,256,1,1,1024,1,8
"KERNEL_DISPATCH",4,2,79,"tile_fp16_reduce(float const*, float*, int, int)",2076,22459233696457,22459233700605,0,0,256,1,1,8192,1,1
"KERNEL_DISPATCH",4,2,26,"void dequantize_block_iq3_s<__half>(void const*, __half*)",2077,22459233720754,22459233738236,0,0,32,1,1,163840,1,1
"KERNEL_DISPATCH",4,2,40,"void convert_unary<float, __half>(void const*, __half*, long, long, long, HIP_vector_type<unsigned int, 3u>, long, long, long)",2078,22459233738236,22459233754829,0,0,256,1,1,655360,1,1
"KERNEL_DISPATCH",4,2,78,"void tile_fp16_gemm<128, 64, 4, 8, 32>(__half const*, __half const*, float*, float*, int, int, long)",2079,22459233754829,22459233860165,0,25088,256,1,1,1024,1,8
"KERNEL_DISPATCH",4,2,79,"tile_fp16_reduce(float const*, float*, int, int)",2080,22459233860165,22459233864313,0,0,256,1,1,8192,1,1
"KERNEL_DISPATCH",4,2,26,"void dequantize_block_iq3_s<__half>(void const*, __half*)",2081,22459233884314,22459233901944,0,0,32,1,1,163840,1,1
"KERNEL_DISPATCH",4,2,40,"void convert_unary<float, __half>(void const*, __half*, long, long, long, HIP_vector_type<unsigned int, 3u>, long, long, long)",2082,22459233901944,22459233918685,0,0,256,1,1,655360,1,1
"KERNEL_DISPATCH",4,2,78,"void tile_fp16_gemm<128, 64, 4, 8, 32>(__half const*, __half const*, float*, float*, int, int, long)",2083,22459233918685,22459234024021,0,25088,256,1,1,1024,1,8
"KERNEL_DISPATCH",4,2,79,"tile_fp16_reduce(float const*, float*, int, int)",2084,22459234024021,22459234028317,0,0,256,1,1,8192,1,1
"KERNEL_DISPATCH",4,2,26,"void dequantize_block_iq3_s<__half>(void const*, __half*)",2085,22459234048318,22459234065948,0,0,32,1,1,163840,1,1
"KERNEL_DISPATCH",4,2,40,"void convert_unary<float, __half>(void const*, __half*, long, long, long, HIP_vector_type<unsigned int, 3u>, long, long, long)",2086,22459234065948,22459234082689,0,0,256,1,1,655360,1,1
"KERNEL_DISPATCH",4,2,78,"void tile_fp16_gemm<128, 64, 4, 8, 32>(__half const*, __half const*, float*, float*, int, int, long)",2087,22459234082689,22459234188174,0,25088,256,1,1,1024,1,8
"KERNEL_DISPATCH",4,2,79,"tile_fp16_reduce(float const*, float*, int, int)",2088,22459234188174,22459234192322,0,0,256,1,1,8192,1,1
"KERNEL_DISPATCH",4,2,26,"void dequantize_block_iq3_s<__half>(void const*, __half*)",2089,22459234212174,22459234229804,0,0,32,1,1,163840,1,1
"KERNEL_DISPATCH",4,2,40,"void convert_unary<float, __half>(void const*, __half*, long, long, long, HIP_vector_type<unsigned int, 3u>, long, long, long)",2090,22459234229804,22459234246397,0,0,256,1,1,655360,1,1
"KERNEL_DISPATCH",4,2,78,"void tile_fp16_gemm<128, 64, 4, 8, 32>(__half const*, __half const*, float*, float*, int, int, long)",2091,22459234246397,22459234352030,0,25088,256,1,1,1024,1,8
"KERNEL_DISPATCH",4,2,79,"tile_fp16_reduce(float const*, float*, int, int)",2092,22459234352030,22459234356326,0,0,256,1,1,8192,1,1
"KERNEL_DISPATCH",4,2,26,"void dequantize_block_iq3_s<__half>(void const*, __half*)",2093,22459234376475,22459234394401,0,0,32,1,1,163840,1,1
"KERNEL_DISPATCH",4,2,40,"void convert_unary<float, __half>(void const*, __half*, long, long, long, HIP_vector_type<unsigned int, 3u>, long, long, long)",2094,22459234394401,22459234411142,0,0,256,1,1,655360,1,1
"KERNEL_DISPATCH",4,2,78,"void tile_fp16_gemm<128, 64, 4, 8, 32>(__half const*, __half const*, float*, float*, int, int, long)",2095,22459234411142,22459234516627,0,25088,256,1,1,1024,1,8
"KERNEL_DISPATCH",4,2,79,"tile_fp16_reduce(float const*, float*, int, int)",2096,22459234516627,22459234520775,0,0,256,1,1,8192,1,1
"KERNEL_DISPATCH",4,2,26,"void dequantize_block_iq3_s<__half>(void const*, __half*)",2097,22459234540627,22459234558257,0,0,32,1,1,163840,1,1
"KERNEL_DISPATCH",4,2,40,"void convert_unary<float, __half>(void const*, __half*, long, long, long, HIP_vector_type<unsigned int, 3u>, long, long, long)",2098,22459234558257,22459234575147,0,0,256,1,1,655360,1,1
"KERNEL_DISPATCH",4,2,78,"void tile_fp16_gemm<128, 64, 4, 8, 32>(__half const*, __half const*, float*, float*, int, int, long)",2099,22459234575147,22459234680483,0,25088,256,1,1,1024,1,8
"KERNEL_DISPATCH",4,2,79,"tile_fp16_reduce(float const*, float*, int, int)",2100,22459234680483,22459234684779,0,0,256,1,1,8192,1,1
"KERNEL_DISPATCH",4,2,26,"void dequantize_block_iq3_s<__half>(void const*, __half*)",2101,22459234704928,22459234722558,0,0,32,1,1,163840,1,1
"KERNEL_DISPATCH",4,2,40,"void convert_unary<float, __half>(void const*, __half*, long, long, long, HIP_vector_type<unsigned int, 3u>, long, long, long)",2102,22459234722558,22459234739151,0,0,256,1,1,655360,1,1
"KERNEL_DISPATCH",4,2,78,"void tile_fp16_gemm<128, 64, 4, 8, 32>(__half const*, __half const*, float*, float*, int, int, long)",2103,22459234739151,22459234847154,0,25088,256,1,1,1024,1,8
"KERNEL_DISPATCH",4,2,79,"tile_fp16_reduce(float const*, float*, int, int)",2104,22459234847154,22459234851302,0,0,256,1,1,8192,1,1
"KERNEL_DISPATCH",4,2,26,"void dequantize_block_iq3_s<__half>(void const*, __half*)",2105,22459234871895,22459234889673,0,0,32,1,1,163840,1,1
"KERNEL_DISPATCH",4,2,40,"void convert_unary<float, __half>(void const*, __half*, long, long, long, HIP_vector_type<unsigned int, 3u>, long, long, long)",2106,22459234889673,22459234906563,0,0,256,1,1,655360,1,1
"KERNEL_DISPATCH",4,2,78,"void tile_fp16_gemm<128, 64, 4, 8, 32>(__half const*, __half const*, float*, float*, int, int, long)",2107,22459234906563,22459235011899,0,25088,256,1,1,1024,1,8
"KERNEL_DISPATCH",4,2,79,"tile_fp16_reduce(float const*, float*, int, int)",2108,22459235011899,22459235016047,0,0,256,1,1,8192,1,1
"KERNEL_DISPATCH",4,2,26,"void dequantize_block_iq3_s<__half>(void const*, __half*)",2109,22459235036196,22459235053530,0,0,32,1,1,163840,1,1
"KERNEL_DISPATCH",4,2,40,"void convert_unary<float, __half>(void const*, __half*, long, long, long, HIP_vector_type<unsigned int, 3u>, long, long, long)",2110,22459235053530,22459235070715,0,0,256,1,1,655360,1,1
"KERNEL_DISPATCH",4,2,78,"void tile_fp16_gemm<128, 64, 4, 8, 32>(__half const*, __half const*, float*, float*, int, int, long)",2111,22459235070715,22459235176348,0,25088,256,1,1,1024,1,8
"KERNEL_DISPATCH",4,2,79,"tile_fp16_reduce(float const*, float*, int, int)",2112,22459235176348,22459235180496,0,0,256,1,1,8192,1,1
"KERNEL_DISPATCH",4,2,26,"void dequantize_block_iq3_s<__half>(void const*, __half*)",2113,22459235200645,22459235218127,0,0,32,1,1,163840,1,1
"KERNEL_DISPATCH",4,2,40,"void convert_unary<float, __half>(void const*, __half*, long, long, long, HIP_vector_type<unsigned int, 3u>, long, long, long)",2114,22459235218127,22459235235016,0,0,256,1,1,655360,1,1
"KERNEL_DISPATCH",4,2,78,"void tile_fp16_gemm<128, 64, 4, 8, 32>(__half const*, __half const*, float*, float*, int, int, long)",2115,22459235235016,22459235340500,0,25088,256,1,1,1024,1,8
"KERNEL_DISPATCH",4,2,79,"tile_fp16_reduce(float const*, float*, int, int)",2116,22459235340500,22459235344648,0,0,256,1,1,8192,1,1
"KERNEL_DISPATCH",4,2,26,"void dequantize_block_iq3_s<__half>(void const*, __half*)",2117,22459235364797,22459235382131,0,0,32,1,1,163840,1,1
"KERNEL_DISPATCH",4,2,40,"void convert_unary<float, __half>(void const*, __half*, long, long, long, HIP_vector_type<unsigned int, 3u>, long, long, long)",2118,22459235382131,22459235398872,0,0,256,1,1,655360,1,1
"KERNEL_DISPATCH",4,2,78,"void tile_fp16_gemm<128, 64, 4, 8, 32>(__half const*, __half const*, float*, float*, int, int, long)",2119,22459235398872,22459235504653,0,25088,256,1,1,1024,1,8
"KERNEL_DISPATCH",4,2,79,"tile_fp16_reduce(float const*, float*, int, int)",2120,22459235504653,22459235508653,0,0,256,1,1,8192,1,1
"KERNEL_DISPATCH",4,2,26,"void dequantize_block_iq3_s<__half>(void const*, __half*)",2121,22459235529098,22459235546728,0,0,32,1,1,163840,1,1
"KERNEL_DISPATCH",4,2,40,"void convert_unary<float, __half>(void const*, __half*, long, long, long, HIP_vector_type<unsigned int, 3u>, long, long, long)",2122,22459235546728,22459235563469,0,0,256,1,1,655360,1,1
"KERNEL_DISPATCH",4,2,78,"void tile_fp16_gemm<128, 64, 4, 8, 32>(__half const*, __half const*, float*, float*, int, int, long)",2123,22459235563469,22459235669250,0,25088,256,1,1,1024,1,8
"KERNEL_DISPATCH",4,2,79,"tile_fp16_reduce(float const*, float*, int, int)",2124,22459235669250,22459235673398,0,0,256,1,1,8192,1,1
"KERNEL_DISPATCH",4,2,26,"void dequantize_block_iq3_s<__half>(void const*, __half*)",2125,22459235693546,22459235711028,0,0,32,1,1,163840,1,1
"KERNEL_DISPATCH",4,2,40,"void convert_unary<float, __half>(void const*, __half*, long, long, long, HIP_vector_type<unsigned int, 3u>, long, long, long)",2126,22459235711028,22459235727770,0,0,256,1,1,655360,1,1
"KERNEL_DISPATCH",4,2,78,"void tile_fp16_gemm<128, 64, 4, 8, 32>(__half const*, __half const*, float*, float*, int, int, long)",2127,22459235727770,22459235833402,0,25088,256,1,1,1024,1,8
"KERNEL_DISPATCH",4,2,79,"tile_fp16_reduce(float const*, float*, int, int)",2128,22459235833402,22459235837550,0,0,256,1,1,8192,1,1
"KERNEL_DISPATCH",4,2,26,"void dequantize_block_iq3_s<__half>(void const*, __half*)",2129,22459235857403,22459235875033,0,0,32,1,1,163840,1,1
"KERNEL_DISPATCH",4,2,40,"void convert_unary<float, __half>(void const*, __half*, long, long, long, HIP_vector_type<unsigned int, 3u>, long, long, long)",2130,22459235875033,22459235891774,0,0,256,1,1,655360,1,1
"KERNEL_DISPATCH",4,2,78,"void tile_fp16_gemm<128, 64, 4, 8, 32>(__half const*, __half const*, float*, float*, int, int, long)",2131,22459235891774,22459235999480,0,25088,256,1,1,1024,1,8
"KERNEL_DISPATCH",4,2,79,"tile_fp16_reduce(float const*, float*, int, int)",2132,22459235999480,22459236003629,0,0,256,1,1,8192,1,1
"KERNEL_DISPATCH",4,2,26,"void dequantize_block_iq3_s<__half>(void const*, __half*)",2133,22459236023777,22459236041407,0,0,32,1,1,163840,1,1
"KERNEL_DISPATCH",4,2,40,"void convert_unary<float, __half>(void const*, __half*, long, long, long, HIP_vector_type<unsigned int, 3u>, long, long, long)",2134,22459236041407,22459236058149,0,0,256,1,1,655360,1,1
"KERNEL_DISPATCH",4,2,78,"void tile_fp16_gemm<128, 64, 4, 8, 32>(__half const*, __half const*, float*, float*, int, int, long)",2135,22459236058149,22459236163929,0,25088,256,1,1,1024,1,8
"KERNEL_DISPATCH",4,2,79,"tile_fp16_reduce(float const*, float*, int, int)",2136,22459236163929,22459236168077,0,0,256,1,1,8192,1,1
"KERNEL_DISPATCH",4,2,26,"void dequantize_block_iq3_s<__half>(void const*, __half*)",2137,22459236187930,22459236205264,0,0,32,1,1,163840,1,1
"KERNEL_DISPATCH",4,2,40,"void convert_unary<float, __half>(void const*, __half*, long, long, long, HIP_vector_type<unsigned int, 3u>, long, long, long)",2138,22459236205264,22459236222005,0,0,256,1,1,655360,1,1
"KERNEL_DISPATCH",4,2,78,"void tile_fp16_gemm<128, 64, 4, 8, 32>(__half const*, __half const*, float*, float*, int, int, long)",2139,22459236222005,22459236327489,0,25088,256,1,1,1024,1,8
"KERNEL_DISPATCH",4,2,79,"tile_fp16_reduce(float const*, float*, int, int)",2140,22459236327489,22459236331786,0,0,256,1,1,8192,1,1
"KERNEL_DISPATCH",4,2,26,"void dequantize_block_iq3_s<__half>(void const*, __half*)",2141,22459236352971,22459236370453,0,0,32,1,1,163840,1,1
"KERNEL_DISPATCH",4,2,40,"void convert_unary<float, __half>(void const*, __half*, long, long, long, HIP_vector_type<unsigned int, 3u>, long, long, long)",2142,22459236370453,22459236387343,0,0,256,1,1,655360,1,1
"KERNEL_DISPATCH",4,2,78,"void tile_fp16_gemm<128, 64, 4, 8, 32>(__half const*, __half const*, float*, float*, int, int, long)",2143,22459236387343,22459236493271,0,25088,256,1,1,1024,1,8
"KERNEL_DISPATCH",4,2,79,"tile_fp16_reduce(float const*, float*, int, int)",2144,22459236493271,22459236497419,0,0,256,1,1,8192,1,1
"KERNEL_DISPATCH",4,2,26,"void dequantize_block_iq3_s<__half>(void const*, __half*)",2145,22459236517420,22459236535198,0,0,32,1,1,163840,1,1
"KERNEL_DISPATCH",4,2,40,"void convert_unary<float, __half>(void const*, __half*, long, long, long, HIP_vector_type<unsigned int, 3u>, long, long, long)",2146,22459236535198,22459236551791,0,0,256,1,1,655360,1,1
"KERNEL_DISPATCH",4,2,78,"void tile_fp16_gemm<128, 64, 4, 8, 32>(__half const*, __half const*, float*, float*, int, int, long)",2147,22459236551791,22459236656979,0,25088,256,1,1,1024,1,8
"KERNEL_DISPATCH",4,2,79,"tile_fp16_reduce(float const*, float*, int, int)",2148,22459236656979,22459236661128,0,0,256,1,1,8192,1,1
"KERNEL_DISPATCH",4,2,26,"void dequantize_block_iq3_s<__half>(void const*, __half*)",2149,22459236681424,22459236698906,0,0,32,1,1,163840,1,1
"KERNEL_DISPATCH",4,2,40,"void convert_unary<float, __half>(void const*, __half*, long, long, long, HIP_vector_type<unsigned int, 3u>, long, long, long)",2150,22459236698906,22459236715647,0,0,256,1,1,655360,1,1
"KERNEL_DISPATCH",4,2,78,"void tile_fp16_gemm<128, 64, 4, 8, 32>(__half const*, __half const*, float*, float*, int, int, long)",2151,22459236715647,22459236821280,0,25088,256,1,1,1024,1,8
"KERNEL_DISPATCH",4,2,79,"tile_fp16_reduce(float const*, float*, int, int)",2152,22459236821280,22459236825576,0,0,256,1,1,8192,1,1
"KERNEL_DISPATCH",4,2,26,"void dequantize_block_iq3_s<__half>(void const*, __half*)",2153,22459236845280,22459236862762,0,0,32,1,1,163840,1,1
"KERNEL_DISPATCH",4,2,40,"void convert_unary<float, __half>(void const*, __half*, long, long, long, HIP_vector_type<unsigned int, 3u>, long, long, long)",2154,22459236862762,22459236879504,0,0,256,1,1,655360,1,1
"KERNEL_DISPATCH",4,2,78,"void tile_fp16_gemm<128, 64, 4, 8, 32>(__half const*, __half const*, float*, float*, int, int, long)",2155,22459236879504,22459236985284,0,25088,256,1,1,1024,1,8
"KERNEL_DISPATCH",4,2,79,"tile_fp16_reduce(float const*, float*, int, int)",2156,22459236985284,22459236989432,0,0,256,1,1,8192,1,1
"KERNEL_DISPATCH",4,2,26,"void dequantize_block_iq3_s<__half>(void const*, __half*)",2157,22459237009729,22459237027359,0,0,32,1,1,163840,1,1
"KERNEL_DISPATCH",4,2,40,"void convert_unary<float, __half>(void const*, __half*, long, long, long, HIP_vector_type<unsigned int, 3u>, long, long, long)",2158,22459237027359,22459237044101,0,0,256,1,1,655360,1,1
"KERNEL_DISPATCH",4,2,78,"void tile_fp16_gemm<128, 64, 4, 8, 32>(__half const*, __half const*, float*, float*, int, int, long)",2159,22459237044101,22459237151066,0,25088,256,1,1,1024,1,8
"KERNEL_DISPATCH",4,2,79,"tile_fp16_reduce(float const*, float*, int, int)",2160,22459237151066,22459237155215,0,0,256,1,1,8192,1,1
"KERNEL_DISPATCH",4,2,26,"void dequantize_block_iq3_s<__half>(void const*, __half*)",2161,22459237175363,22459237192845,0,0,32,1,1,163840,1,1
"KERNEL_DISPATCH",4,2,40,"void convert_unary<float, __half>(void const*, __half*, long, long, long, HIP_vector_type<unsigned int, 3u>, long, long, long)",2162,22459237192845,22459237209735,0,0,256,1,1,655360,1,1
"KERNEL_DISPATCH",4,2,78,"void tile_fp16_gemm<128, 64, 4, 8, 32>(__half const*, __half const*, float*, float*, int, int, long)",2163,22459237209735,22459237318034,0,25088,256,1,1,1024,1,8
"KERNEL_DISPATCH",4,2,79,"tile_fp16_reduce(float const*, float*, int, int)",2164,22459237318034,22459237322034,0,0,256,1,1,8192,1,1
"KERNEL_DISPATCH",4,2,26,"void dequantize_block_iq3_s<__half>(void const*, __half*)",2165,22459237342034,22459237359516,0,0,32,1,1,163840,1,1
"KERNEL_DISPATCH",4,2,40,"void convert_unary<float, __half>(void const*, __half*, long, long, long, HIP_vector_type<unsigned int, 3u>, long, long, long)",2166,22459237359516,22459237376406,0,0,256,1,1,655360,1,1
"KERNEL_DISPATCH",4,2,78,"void tile_fp16_gemm<128, 64, 4, 8, 32>(__half const*, __half const*, float*, float*, int, int, long)",2167,22459237376406,22459237481890,0,25088,256,1,1,1024,1,8
"KERNEL_DISPATCH",4,2,79,"tile_fp16_reduce(float const*, float*, int, int)",2168,22459237481890,22459237486186,0,0,256,1,1,8192,1,1
"KERNEL_DISPATCH",4,2,26,"void dequantize_block_iq3_s<__half>(void const*, __half*)",2169,22459237506039,22459237523669,0,0,32,1,1,163840,1,1
"KERNEL_DISPATCH",4,2,40,"void convert_unary<float, __half>(void const*, __half*, long, long, long, HIP_vector_type<unsigned int, 3u>, long, long, long)",2170,22459237523669,22459237540410,0,0,256,1,1,655360,1,1
"KERNEL_DISPATCH",4,2,78,"void tile_fp16_gemm<128, 64, 4, 8, 32>(__half const*, __half const*, float*, float*, int, int, long)",2171,22459237540410,22459237645450,0,25088,256,1,1,1024,1,8
"KERNEL_DISPATCH",4,2,79,"tile_fp16_reduce(float const*, float*, int, int)",2172,22459237645450,22459237649598,0,0,256,1,1,8192,1,1
"KERNEL_DISPATCH",4,2,26,"void dequantize_block_iq3_s<__half>(void const*, __half*)",2173,22459237670191,22459237687673,0,0,32,1,1,163840,1,1
"KERNEL_DISPATCH",4,2,40,"void convert_unary<float, __half>(void const*, __half*, long, long, long, HIP_vector_type<unsigned int, 3u>, long, long, long)",2174,22459237687673,22459237704414,0,0,256,1,1,655360,1,1
"KERNEL_DISPATCH",4,2,78,"void tile_fp16_gemm<128, 64, 4, 8, 32>(__half const*, __half const*, float*, float*, int, int, long)",2175,22459237704414,22459237809602,0,25088,256,1,1,1024,1,8
"KERNEL_DISPATCH",4,2,79,"tile_fp16_reduce(float const*, float*, int, int)",2176,22459237809602,22459237813899,0,0,256,1,1,8192,1,1
"KERNEL_DISPATCH",4,2,26,"void dequantize_block_iq3_s<__half>(void const*, __half*)",2177,22459237834195,22459237851677,0,0,32,1,1,163840,1,1
"KERNEL_DISPATCH",4,2,40,"void convert_unary<float, __half>(void const*, __half*, long, long, long, HIP_vector_type<unsigned int, 3u>, long, long, long)",2178,22459237851677,22459237868270,0,0,256,1,1,655360,1,1
"KERNEL_DISPATCH",4,2,78,"void tile_fp16_gemm<128, 64, 4, 8, 32>(__half const*, __half const*, float*, float*, int, int, long)",2179,22459237868270,22459237973755,0,25088,256,1,1,1024,1,8
"KERNEL_DISPATCH",4,2,79,"tile_fp16_reduce(float const*, float*, int, int)",2180,22459237973755,22459237977903,0,0,256,1,1,8192,1,1
"KERNEL_DISPATCH",4,2,26,"void dequantize_block_iq3_s<__half>(void const*, __half*)",2181,22459237997459,22459238015089,0,0,32,1,1,163840,1,1
"KERNEL_DISPATCH",4,2,40,"void convert_unary<float, __half>(void const*, __half*, long, long, long, HIP_vector_type<unsigned int, 3u>, long, long, long)",2182,22459238015089,22459238031830,0,0,256,1,1,655360,1,1
"KERNEL_DISPATCH",4,2,78,"void tile_fp16_gemm<128, 64, 4, 8, 32>(__half const*, __half const*, float*, float*, int, int, long)",2183,22459238031830,22459238138055,0,25088,256,1,1,1024,1,8
"KERNEL_DISPATCH",4,2,79,"tile_fp16_reduce(float const*, float*, int, int)",2184,22459238138055,22459238142352,0,0,256,1,1,8192,1,1
"KERNEL_DISPATCH",4,2,26,"void dequantize_block_iq3_s<__half>(void const*, __half*)",2185,22459238163093,22459238180575,0,0,32,1,1,163840,1,1
"KERNEL_DISPATCH",4,2,40,"void convert_unary<float, __half>(void const*, __half*, long, long, long, HIP_vector_type<unsigned int, 3u>, long, long, long)",2186,22459238180575,22459238197316,0,0,256,1,1,655360,1,1
"KERNEL_DISPATCH",4,2,78,"void tile_fp16_gemm<128, 64, 4, 8, 32>(__half const*, __half const*, float*, float*, int, int, long)",2187,22459238197316,22459238303245,0,25088,256,1,1,1024,1,8
"KERNEL_DISPATCH",4,2,79,"tile_fp16_reduce(float const*, float*, int, int)",2188,22459238303245,22459238307393,0,0,256,1,1,8192,1,1
"KERNEL_DISPATCH",4,2,26,"void dequantize_block_iq3_s<__half>(void const*, __half*)",2189,22459238327542,22459238345024,0,0,32,1,1,163840,1,1
"KERNEL_DISPATCH",4,2,40,"void convert_unary<float, __half>(void const*, __half*, long, long, long, HIP_vector_type<unsigned int, 3u>, long, long, long)",2190,22459238345024,22459238361765,0,0,256,1,1,655360,1,1
"KERNEL_DISPATCH",4,2,78,"void tile_fp16_gemm<128, 64, 4, 8, 32>(__half const*, __half const*, float*, float*, int, int, long)",2191,22459238361765,22459238466657,0,25088,256,1,1,1024,1,8
"KERNEL_DISPATCH",4,2,79,"tile_fp16_reduce(float const*, float*, int, int)",2192,22459238466657,22459238470953,0,0,256,1,1,8192,1,1
"KERNEL_DISPATCH",4,2,26,"void dequantize_block_iq3_s<__half>(void const*, __half*)",2193,22459238490805,22459238508435,0,0,32,1,1,163840,1,1
"KERNEL_DISPATCH",4,2,40,"void convert_unary<float, __half>(void const*, __half*, long, long, long, HIP_vector_type<unsigned int, 3u>, long, long, long)",2194,22459238508435,22459238525325,0,0,256,1,1,655360,1,1
"KERNEL_DISPATCH",4,2,78,"void tile_fp16_gemm<128, 64, 4, 8, 32>(__half const*, __half const*, float*, float*, int, int, long)",2195,22459238525325,22459238630661,0,25088,256,1,1,1024,1,8
"KERNEL_DISPATCH",4,2,79,"tile_fp16_reduce(float const*, float*, int, int)",2196,22459238630661,22459238634957,0,0,256,1,1,8192,1,1
"KERNEL_DISPATCH",4,2,26,"void dequantize_block_iq3_s<__half>(void const*, __half*)",2197,22459238655402,22459238672884,0,0,32,1,1,163840,1,1
"KERNEL_DISPATCH",4,2,40,"void convert_unary<float, __half>(void const*, __half*, long, long, long, HIP_vector_type<unsigned int, 3u>, long, long, long)",2198,22459238672884,22459238689625,0,0,256,1,1,655360,1,1
"KERNEL_DISPATCH",4,2,78,"void tile_fp16_gemm<128, 64, 4, 8, 32>(__half const*, __half const*, float*, float*, int, int, long)",2199,22459238689625,22459238795110,0,25088,256,1,1,1024,1,8
"KERNEL_DISPATCH",4,2,79,"tile_fp16_reduce(float const*, float*, int, int)",2200,22459238795110,22459238799258,0,0,256,1,1,8192,1,1
"KERNEL_DISPATCH",4,2,26,"void dequantize_block_iq3_s<__half>(void const*, __half*)",2201,22459238819555,22459238837185,0,0,32,1,1,163840,1,1
"KERNEL_DISPATCH",4,2,40,"void convert_unary<float, __half>(void const*, __half*, long, long, long, HIP_vector_type<unsigned int, 3u>, long, long, long)",2202,22459238837185,22459238853926,0,0,256,1,1,655360,1,1
"KERNEL_DISPATCH",4,2,78,"void tile_fp16_gemm<128, 64, 4, 8, 32>(__half const*, __half const*, float*, float*, int, int, long)",2203,22459238853926,22459238959855,0,25088,256,1,1,1024,1,8
"KERNEL_DISPATCH",4,2,79,"tile_fp16_reduce(float const*, float*, int, int)",2204,22459238959855,22459238964003,0,0,256,1,1,8192,1,1
"KERNEL_DISPATCH",4,2,26,"void dequantize_block_iq3_s<__half>(void const*, __half*)",2205,22459238984744,22459239002374,0,0,32,1,1,163840,1,1
"KERNEL_DISPATCH",4,2,40,"void convert_unary<float, __half>(void const*, __half*, long, long, long, HIP_vector_type<unsigned int, 3u>, long, long, long)",2206,22459239002374,22459239019264,0,0,256,1,1,655360,1,1
"KERNEL_DISPATCH",4,2,78,"void tile_fp16_gemm<128, 64, 4, 8, 32>(__half const*, __half const*, float*, float*, int, int, long)",2207,22459239019264,22459239124155,0,25088,256,1,1,1024,1,8
"KERNEL_DISPATCH",4,2,79,"tile_fp16_reduce(float const*, float*, int, int)",2208,22459239124155,22459239129933,0,0,256,1,1,8192,1,1
"KERNEL_DISPATCH",4,2,26,"void dequantize_block_iq3_s<__half>(void const*, __half*)",2209,22459239158230,22459239175712,0,0,32,1,1,163840,1,1
"KERNEL_DISPATCH",4,2,40,"void convert_unary<float, __half>(void const*, __half*, long, long, long, HIP_vector_type<unsigned int, 3u>, long, long, long)",2210,22459239175712,22459239192453,0,0,256,1,1,655360,1,1
"KERNEL_DISPATCH",4,2,78,"void tile_fp16_gemm<128, 64, 4, 8, 32>(__half const*, __half const*, float*, float*, int, int, long)",2211,22459239192453,22459239298086,0,25088,256,1,1,1024,1,8
"KERNEL_DISPATCH",4,2,79,"tile_fp16_reduce(float const*, float*, int, int)",2212,22459239298086,22459239304012,0,0,256,1,1,8192,1,1
"KERNEL_DISPATCH",4,2,26,"void dequantize_block_iq3_s<__half>(void const*, __half*)",2213,22459239332457,22459239349939,0,0,32,1,1,163840,1,1
"KERNEL_DISPATCH",4,2,40,"void convert_unary<float, __half>(void const*, __half*, long, long, long, HIP_vector_type<unsigned int, 3u>, long, long, long)",2214,22459239349939,22459239366977,0,0,256,1,1,655360,1,1
"KERNEL_DISPATCH",4,2,78,"void tile_fp16_gemm<128, 64, 4, 8, 32>(__half const*, __half const*, float*, float*, int, int, long)",2215,22459239366977,22459239472461,0,25088,256,1,1,1024,1,8
"KERNEL_DISPATCH",4,2,79,"tile_fp16_reduce(float const*, float*, int, int)",2216,22459239472461,22459239478239,0,0,256,1,1,8192,1,1
"KERNEL_DISPATCH",4,2,26,"void dequantize_block_iq3_s<__half>(void const*, __half*)",2217,22459239506536,22459239523870,0,0,32,1,1,163840,1,1
"KERNEL_DISPATCH",4,2,40,"void convert_unary<float, __half>(void const*, __half*, long, long, long, HIP_vector_type<unsigned int, 3u>, long, long, long)",2218,22459239523870,22459239540759,0,0,256,1,1,655360,1,1
"KERNEL_DISPATCH",4,2,78,"void tile_fp16_gemm<128, 64, 4, 8, 32>(__half const*, __half const*, float*, float*, int, int, long)",2219,22459239540759,22459239646539,0,25088,256,1,1,1024,1,8
"KERNEL_DISPATCH",4,2,79,"tile_fp16_reduce(float const*, float*, int, int)",2220,22459239646539,22459239650688,0,0,256,1,1,8192,1,1
"KERNEL_DISPATCH",4,2,26,"void dequantize_block_iq3_s<__half>(void const*, __half*)",2221,22459239670985,22459239688615,0,0,32,1,1,163840,1,1
"KERNEL_DISPATCH",4,2,40,"void convert_unary<float, __half>(void const*, __half*, long, long, long, HIP_vector_type<unsigned int, 3u>, long, long, long)",2222,22459239688615,22459239705356,0,0,256,1,1,655360,1,1
"KERNEL_DISPATCH",4,2,78,"void tile_fp16_gemm<128, 64, 4, 8, 32>(__half const*, __half const*, float*, float*, int, int, long)",2223,22459239705356,22459239810840,0,25088,256,1,1,1024,1,8
"KERNEL_DISPATCH",4,2,79,"tile_fp16_reduce(float const*, float*, int, int)",2224,22459239810840,22459239815136,0,0,256,1,1,8192,1,1
"KERNEL_DISPATCH",4,2,26,"void dequantize_block_iq3_s<__half>(void const*, __half*)",2225,22459239834693,22459239852174,0,0,32,1,1,163840,1,1
"KERNEL_DISPATCH",4,2,40,"void convert_unary<float, __half>(void const*, __half*, long, long, long, HIP_vector_type<unsigned int, 3u>, long, long, long)",2226,22459239852174,22459239868916,0,0,256,1,1,655360,1,1
"KERNEL_DISPATCH",4,2,78,"void tile_fp16_gemm<128, 64, 4, 8, 32>(__half const*, __half const*, float*, float*, int, int, long)",2227,22459239868916,22459239974252,0,25088,256,1,1,1024,1,8
"KERNEL_DISPATCH",4,2,79,"tile_fp16_reduce(float const*, float*, int, int)",2228,22459239974252,22459239978548,0,0,256,1,1,8192,1,1
"KERNEL_DISPATCH",4,2,26,"void dequantize_block_iq3_s<__half>(void const*, __half*)",2229,22459239999289,22459240016771,0,0,32,1,1,163840,1,1
"KERNEL_DISPATCH",4,2,40,"void convert_unary<float, __half>(void const*, __half*, long, long, long, HIP_vector_type<unsigned int, 3u>, long, long, long)",2230,22459240016771,22459240033513,0,0,256,1,1,655360,1,1
"KERNEL_DISPATCH",4,2,78,"void tile_fp16_gemm<128, 64, 4, 8, 32>(__half const*, __half const*, float*, float*, int, int, long)",2231,22459240033513,22459240139441,0,25088,256,1,1,1024,1,8
"KERNEL_DISPATCH",4,2,79,"tile_fp16_reduce(float const*, float*, int, int)",2232,22459240139441,22459240143738,0,0,256,1,1,8192,1,1
"KERNEL_DISPATCH",4,2,26,"void dequantize_block_iq3_s<__half>(void const*, __half*)",2233,22459240163738,22459240181220,0,0,32,1,1,163840,1,1
"KERNEL_DISPATCH",4,2,40,"void convert_unary<float, __half>(void const*, __half*, long, long, long, HIP_vector_type<unsigned int, 3u>, long, long, long)",2234,22459240181220,22459240197961,0,0,256,1,1,655360,1,1
"KERNEL_DISPATCH",4,2,78,"void tile_fp16_gemm<128, 64, 4, 8, 32>(__half const*, __half const*, float*, float*, int, int, long)",2235,22459240197961,22459240303594,0,25088,256,1,1,1024,1,8
"KERNEL_DISPATCH",4,2,79,"tile_fp16_reduce(float const*, float*, int, int)",2236,22459240303594,22459240309372,0,0,256,1,1,8192,1,1
"KERNEL_DISPATCH",4,2,26,"void dequantize_block_iq3_s<__half>(void const*, __half*)",2237,22459240337965,22459240355743,0,0,32,1,1,163840,1,1
"KERNEL_DISPATCH",4,2,40,"void convert_unary<float, __half>(void const*, __half*, long, long, long, HIP_vector_type<unsigned int, 3u>, long, long, long)",2238,22459240355743,22459240372336,0,0,256,1,1,655360,1,1
"KERNEL_DISPATCH",4,2,78,"void tile_fp16_gemm<128, 64, 4, 8, 32>(__half const*, __half const*, float*, float*, int, int, long)",2239,22459240372336,22459240478265,0,25088,256,1,1,1024,1,8
"KERNEL_DISPATCH",4,2,79,"tile_fp16_reduce(float const*, float*, int, int)",2240,22459240478265,22459240484191,0,0,256,1,1,8192,1,1
"KERNEL_DISPATCH",4,2,26,"void dequantize_block_iq3_s<__half>(void const*, __half*)",2241,22459240512488,22459240530415,0,0,32,1,1,163840,1,1
"KERNEL_DISPATCH",4,2,40,"void convert_unary<float, __half>(void const*, __half*, long, long, long, HIP_vector_type<unsigned int, 3u>, long, long, long)",2242,22459240530415,22459240547156,0,0,256,1,1,655360,1,1
"KERNEL_DISPATCH",4,2,78,"void tile_fp16_gemm<128, 64, 4, 8, 32>(__half const*, __half const*, float*, float*, int, int, long)",2243,22459240547156,22459240652640,0,25088,256,1,1,1024,1,8
"KERNEL_DISPATCH",4,2,79,"tile_fp16_reduce(float const*, float*, int, int)",2244,22459240652640,22459240658418,0,0,256,1,1,8192,1,1
"KERNEL_DISPATCH",4,2,26,"void dequantize_block_iq3_s<__half>(void const*, __half*)",2245,22459240686715,22459240704345,0,0,32,1,1,163840,1,1
"KERNEL_DISPATCH",4,2,40,"void convert_unary<float, __half>(void const*, __half*, long, long, long, HIP_vector_type<unsigned int, 3u>, long, long, long)",2246,22459240704345,22459240720938,0,0,256,1,1,655360,1,1
"KERNEL_DISPATCH",4,2,78,"void tile_fp16_gemm<128, 64, 4, 8, 32>(__half const*, __half const*, float*, float*, int, int, long)",2247,22459240720938,22459240828348,0,25088,256,1,1,1024,1,8
"KERNEL_DISPATCH",4,2,79,"tile_fp16_reduce(float const*, float*, int, int)",2248,22459240828348,22459240834274,0,0,256,1,1,8192,1,1
"KERNEL_DISPATCH",4,2,26,"void dequantize_block_iq3_s<__half>(void const*, __half*)",2249,22459240857831,22459240875313,0,0,32,1,1,163840,1,1
"KERNEL_DISPATCH",4,2,40,"void convert_unary<float, __half>(void const*, __half*, long, long, long, HIP_vector_type<unsigned int, 3u>, long, long, long)",2250,22459240875313,22459240892202,0,0,256,1,1,655360,1,1
"KERNEL_DISPATCH",4,2,78,"void tile_fp16_gemm<128, 64, 4, 8, 32>(__half const*, __half const*, float*, float*, int, int, long)",2251,22459240892202,22459240999760,0,25088,256,1,1,1024,1,8
"KERNEL_DISPATCH",4,2,79,"tile_fp16_reduce(float const*, float*, int, int)",2252,22459240999760,22459241004057,0,0,256,1,1,8192,1,1
"KERNEL_DISPATCH",4,2,26,"void dequantize_block_iq3_s<__half>(void const*, __half*)",2253,22459241024205,22459241041539,0,0,32,1,1,163840,1,1
"KERNEL_DISPATCH",4,2,40,"void convert_unary<float, __half>(void const*, __half*, long, long, long, HIP_vector_type<unsigned int, 3u>, long, long, long)",2254,22459241041539,22459241058280,0,0,256,1,1,655360,1,1
"KERNEL_DISPATCH",4,2,78,"void tile_fp16_gemm<128, 64, 4, 8, 32>(__half const*, __half const*, float*, float*, int, int, long)",2255,22459241058280,22459241163765,0,25088,256,1,1,1024,1,8
"KERNEL_DISPATCH",4,2,79,"tile_fp16_reduce(float const*, float*, int, int)",2256,22459241163765,22459241168061,0,0,256,1,1,8192,1,1
"KERNEL_DISPATCH",4,2,26,"void dequantize_block_iq3_s<__half>(void const*, __half*)",2257,22459241188061,22459241205395,0,0,32,1,1,163840,1,1
"KERNEL_DISPATCH",4,2,40,"void convert_unary<float, __half>(void const*, __half*, long, long, long, HIP_vector_type<unsigned int, 3u>, long, long, long)",2258,22459241205395,22459241221988,0,0,256,1,1,655360,1,1
"KERNEL_DISPATCH",4,2,78,"void tile_fp16_gemm<128, 64, 4, 8, 32>(__half const*, __half const*, float*, float*, int, int, long)",2259,22459241221988,22459241328361,0,25088,256,1,1,1024,1,8
"KERNEL_DISPATCH",4,2,79,"tile_fp16_reduce(float const*, float*, int, int)",2260,22459241328361,22459241332510,0,0,256,1,1,8192,1,1
"KERNEL_DISPATCH",4,2,26,"void dequantize_block_iq3_s<__half>(void const*, __half*)",2261,22459241352955,22459241370585,0,0,32,1,1,163840,1,1
"KERNEL_DISPATCH",4,2,40,"void convert_unary<float, __half>(void const*, __half*, long, long, long, HIP_vector_type<unsigned int, 3u>, long, long, long)",2262,22459241370585,22459241387030,0,0,256,1,1,655360,1,1
"KERNEL_DISPATCH",4,2,78,"void tile_fp16_gemm<128, 64, 4, 8, 32>(__half const*, __half const*, float*, float*, int, int, long)",2263,22459241387030,22459241493107,0,25088,256,1,1,1024,1,8
"KERNEL_DISPATCH",4,2,79,"tile_fp16_reduce(float const*, float*, int, int)",2264,22459241493107,22459241497403,0,0,256,1,1,8192,1,1
"KERNEL_DISPATCH",4,2,26,"void dequantize_block_iq3_s<__half>(void const*, __half*)",2265,22459241517552,22459241534885,0,0,32,1,1,163840,1,1
"KERNEL_DISPATCH",4,2,40,"void convert_unary<float, __half>(void const*, __half*, long, long, long, HIP_vector_type<unsigned int, 3u>, long, long, long)",2266,22459241534885,22459241551775,0,0,256,1,1,655360,1,1
"KERNEL_DISPATCH",4,2,78,"void tile_fp16_gemm<128, 64, 4, 8, 32>(__half const*, __half const*, float*, float*, int, int, long)",2267,22459241551775,22459241657703,0,25088,256,1,1,1024,1,8
"KERNEL_DISPATCH",4,2,79,"tile_fp16_reduce(float const*, float*, int, int)",2268,22459241657703,22459241662000,0,0,256,1,1,8192,1,1
"KERNEL_DISPATCH",4,2,26,"void dequantize_block_iq3_s<__half>(void const*, __half*)",2269,22459536190686,22459536208761,0,0,32,1,1,163840,1,1
"KERNEL_DISPATCH",4,2,40,"void convert_unary<float, __half>(void const*, __half*, long, long, long, HIP_vector_type<unsigned int, 3u>, long, long, long)",2270,22459536208761,22459536227575,0,0,256,1,1,655360,1,1
"KERNEL_DISPATCH",4,2,78,"void tile_fp16_gemm<128, 64, 4, 8, 32>(__half const*, __half const*, float*, float*, int, int, long)",2271,22459536227575,22459536437507,0,25088,256,1,1,1024,1,8
"KERNEL_DISPATCH",4,2,79,"tile_fp16_reduce(float const*, float*, int, int)",2272,22459536437507,22459536453655,0,0,256,1,1,8192,1,1
"KERNEL_DISPATCH",4,2,26,"void dequantize_block_iq3_s<__half>(void const*, __half*)",2273,22459536849073,22459536927446,0,0,32,1,1,163840,1,1
"KERNEL_DISPATCH",4,2,40,"void convert_unary<float, __half>(void const*, __half*, long, long, long, HIP_vector_type<unsigned int, 3u>, long, long, long)",2274,22459536927446,22459536995744,0,0,256,1,1,655360,1,1
"KERNEL_DISPATCH",4,2,79,"tile_fp16_reduce(float const*, float*, int, int)",2276,22459537328493,22459537332790,0,0,256,1,1,8192,1,1
"KERNEL_DISPATCH",4,2,78,"void tile_fp16_gemm<128, 64, 4, 8, 32>(__half const*, __half const*, float*, float*, int, int, long)",2275,22459536995744,22459537328493,0,25088,256,1,1,1024,1,8
"KERNEL_DISPATCH",4,2,26,"void dequantize_block_iq3_s<__half>(void const*, __half*)",2277,22459537354568,22459537371902,0,0,32,1,1,163840,1,1
"KERNEL_DISPATCH",4,2,40,"void convert_unary<float, __half>(void const*, __half*, long, long, long, HIP_vector_type<unsigned int, 3u>, long, long, long)",2278,22459537371902,22459537388643,0,0,256,1,1,655360,1,1
"KERNEL_DISPATCH",4,2,78,"void tile_fp16_gemm<128, 64, 4, 8, 32>(__half const*, __half const*, float*, float*, int, int, long)",2279,22459537388643,22459537494275,0,25088,256,1,1,1024,1,8
"KERNEL_DISPATCH",4,2,79,"tile_fp16_reduce(float const*, float*, int, int)",2280,22459537494275,22459537498572,0,0,256,1,1,8192,1,1
"KERNEL_DISPATCH",4,2,26,"void dequantize_block_iq3_s<__half>(void const*, __half*)",2281,22459537518720,22459537536202,0,0,32,1,1,163840,1,1
"KERNEL_DISPATCH",4,2,40,"void convert_unary<float, __half>(void const*, __half*, long, long, long, HIP_vector_type<unsigned int, 3u>, long, long, long)",2282,22459537536202,22459537553092,0,0,256,1,1,655360,1,1
"KERNEL_DISPATCH",4,2,78,"void tile_fp16_gemm<128, 64, 4, 8, 32>(__half const*, __half const*, float*, float*, int, int, long)",2283,22459537553092,22459537661095,0,25088,256,1,1,1024,1,8
"KERNEL_DISPATCH",4,2,79,"tile_fp16_reduce(float const*, float*, int, int)",2284,22459537661095,22459537665243,0,0,256,1,1,8192,1,1
"KERNEL_DISPATCH",4,2,26,"void dequantize_block_iq3_s<__half>(void const*, __half*)",2285,22459537685540,22459537703170,0,0,32,1,1,163840,1,1
"KERNEL_DISPATCH",4,2,40,"void convert_unary<float, __half>(void const*, __half*, long, long, long, HIP_vector_type<unsigned int, 3u>, long, long, long)",2286,22459537703170,22459537720059,0,0,256,1,1,655360,1,1
"KERNEL_DISPATCH",4,2,78,"void tile_fp16_gemm<128, 64, 4, 8, 32>(__half const*, __half const*, float*, float*, int, int, long)",2287,22459537720059,22459537825099,0,25088,256,1,1,1024,1,8
"KERNEL_DISPATCH",4,2,79,"tile_fp16_reduce(float const*, float*, int, int)",2288,22459537825099,22459537829395,0,0,256,1,1,8192,1,1
"KERNEL_DISPATCH",4,2,26,"void dequantize_block_iq3_s<__half>(void const*, __half*)",2289,22459537849544,22459537867174,0,0,32,1,1,163840,1,1
"KERNEL_DISPATCH",4,2,40,"void convert_unary<float, __half>(void const*, __half*, long, long, long, HIP_vector_type<unsigned int, 3u>, long, long, long)",2290,22459537867174,22459537883915,0,0,256,1,1,655360,1,1
"KERNEL_DISPATCH",4,2,78,"void tile_fp16_gemm<128, 64, 4, 8, 32>(__half const*, __half const*, float*, float*, int, int, long)",2291,22459537883915,22459537989992,0,25088,256,1,1,1024,1,8
"KERNEL_DISPATCH",4,2,79,"tile_fp16_reduce(float const*, float*, int, int)",2292,22459537989992,22459537994140,0,0,256,1,1,8192,1,1
"KERNEL_DISPATCH",4,2,26,"void dequantize_block_iq3_s<__half>(void const*, __half*)",2293,22459538013993,22459538031623,0,0,32,1,1,163840,1,1
"KERNEL_DISPATCH",4,2,40,"void convert_unary<float, __half>(void const*, __half*, long, long, long, HIP_vector_type<unsigned int, 3u>, long, long, long)",2294,22459538031623,22459538048512,0,0,256,1,1,655360,1,1
"KERNEL_DISPATCH",4,2,78,"void tile_fp16_gemm<128, 64, 4, 8, 32>(__half const*, __half const*, float*, float*, int, int, long)",2295,22459538048512,22459538153848,0,25088,256,1,1,1024,1,8
"KERNEL_DISPATCH",4,2,79,"tile_fp16_reduce(float const*, float*, int, int)",2296,22459538153848,22459538158145,0,0,256,1,1,8192,1,1
"KERNEL_DISPATCH",4,2,26,"void dequantize_block_iq3_s<__half>(void const*, __half*)",2297,22459538178441,22459538196072,0,0,32,1,1,163840,1,1
"KERNEL_DISPATCH",4,2,40,"void convert_unary<float, __half>(void const*, __half*, long, long, long, HIP_vector_type<unsigned int, 3u>, long, long, long)",2298,22459538196072,22459538212665,0,0,256,1,1,655360,1,1
"KERNEL_DISPATCH",4,2,78,"void tile_fp16_gemm<128, 64, 4, 8, 32>(__half const*, __half const*, float*, float*, int, int, long)",2299,22459538212665,22459538318297,0,25088,256,1,1,1024,1,8
"KERNEL_DISPATCH",4,2,79,"tile_fp16_reduce(float const*, float*, int, int)",2300,22459538318297,22459538322445,0,0,256,1,1,8192,1,1
"KERNEL_DISPATCH",4,2,26,"void dequantize_block_iq3_s<__half>(void const*, __half*)",2301,22459538342594,22459538360224,0,0,32,1,1,163840,1,1
"KERNEL_DISPATCH",4,2,40,"void convert_unary<float, __half>(void const*, __half*, long, long, long, HIP_vector_type<unsigned int, 3u>, long, long, long)",2302,22459538360224,22459538376965,0,0,256,1,1,655360,1,1
"KERNEL_DISPATCH",4,2,78,"void tile_fp16_gemm<128, 64, 4, 8, 32>(__half const*, __half const*, float*, float*, int, int, long)",2303,22459538376965,22459538482598,0,25088,256,1,1,1024,1,8
"KERNEL_DISPATCH",4,2,79,"tile_fp16_reduce(float const*, float*, int, int)",2304,22459538482598,22459538486746,0,0,256,1,1,8192,1,1
"KERNEL_DISPATCH",4,2,26,"void dequantize_block_iq3_s<__half>(void const*, __half*)",2305,22459538507191,22459538524673,0,0,32,1,1,163840,1,1
"KERNEL_DISPATCH",4,2,40,"void convert_unary<float, __half>(void const*, __half*, long, long, long, HIP_vector_type<unsigned int, 3u>, long, long, long)",2306,22459538524673,22459538541414,0,0,256,1,1,655360,1,1
"KERNEL_DISPATCH",4,2,78,"void tile_fp16_gemm<128, 64, 4, 8, 32>(__half const*, __half const*, float*, float*, int, int, long)",2307,22459538541414,22459538647491,0,25088,256,1,1,1024,1,8
"KERNEL_DISPATCH",4,2,79,"tile_fp16_reduce(float const*, float*, int, int)",2308,22459538647491,22459538651639,0,0,256,1,1,8192,1,1
"KERNEL_DISPATCH",4,2,26,"void dequantize_block_iq3_s<__half>(void const*, __half*)",2309,22459538671936,22459538689418,0,0,32,1,1,163840,1,1
"KERNEL_DISPATCH",4,2,40,"void convert_unary<float, __half>(void const*, __half*, long, long, long, HIP_vector_type<unsigned int, 3u>, long, long, long)",2310,22459538689418,22459538706011,0,0,256,1,1,655360,1,1
"KERNEL_DISPATCH",4,2,78,"void tile_fp16_gemm<128, 64, 4, 8, 32>(__half const*, __half const*, float*, float*, int, int, long)",2311,22459538706011,22459538811643,0,25088,256,1,1,1024,1,8
"KERNEL_DISPATCH",4,2,79,"tile_fp16_reduce(float const*, float*, int, int)",2312,22459538811643,22459538815940,0,0,256,1,1,8192,1,1
"KERNEL_DISPATCH",4,2,26,"void dequantize_block_iq3_s<__half>(void const*, __half*)",2313,22459538835496,22459538853126,0,0,32,1,1,163840,1,1
"KERNEL_DISPATCH",4,2,40,"void convert_unary<float, __half>(void const*, __half*, long, long, long, HIP_vector_type<unsigned int, 3u>, long, long, long)",2314,22459538853126,22459538869719,0,0,256,1,1,655360,1,1
"KERNEL_DISPATCH",4,2,78,"void tile_fp16_gemm<128, 64, 4, 8, 32>(__half const*, __half const*, float*, float*, int, int, long)",2315,22459538869719,22459538975499,0,25088,256,1,1,1024,1,8
"KERNEL_DISPATCH",4,2,79,"tile_fp16_reduce(float const*, float*, int, int)",2316,22459538975499,22459538979648,0,0,256,1,1,8192,1,1
"KERNEL_DISPATCH",4,2,26,"void dequantize_block_iq3_s<__half>(void const*, __half*)",2317,22459539000241,22459539017723,0,0,32,1,1,163840,1,1
"KERNEL_DISPATCH",4,2,40,"void convert_unary<float, __half>(void const*, __half*, long, long, long, HIP_vector_type<unsigned int, 3u>, long, long, long)",2318,22459539017723,22459539034168,0,0,256,1,1,655360,1,1
"KERNEL_DISPATCH",4,2,78,"void tile_fp16_gemm<128, 64, 4, 8, 32>(__half const*, __half const*, float*, float*, int, int, long)",2319,22459539034168,22459539141726,0,25088,256,1,1,1024,1,8
"KERNEL_DISPATCH",4,2,79,"tile_fp16_reduce(float const*, float*, int, int)",2320,22459539141726,22459539146022,0,0,256,1,1,8192,1,1
"KERNEL_DISPATCH",4,2,26,"void dequantize_block_iq3_s<__half>(void const*, __half*)",2321,22459539165579,22459539183209,0,0,32,1,1,163840,1,1
"KERNEL_DISPATCH",4,2,40,"void convert_unary<float, __half>(void const*, __half*, long, long, long, HIP_vector_type<unsigned int, 3u>, long, long, long)",2322,22459539183209,22459539199654,0,0,256,1,1,655360,1,1
"KERNEL_DISPATCH",4,2,78,"void tile_fp16_gemm<128, 64, 4, 8, 32>(__half const*, __half const*, float*, float*, int, int, long)",2323,22459539199654,22459539305286,0,25088,256,1,1,1024,1,8
"KERNEL_DISPATCH",4,2,79,"tile_fp16_reduce(float const*, float*, int, int)",2324,22459539305286,22459539309582,0,0,256,1,1,8192,1,1
"KERNEL_DISPATCH",4,2,26,"void dequantize_block_iq3_s<__half>(void const*, __half*)",2325,22459539329287,22459539346769,0,0,32,1,1,163840,1,1
"KERNEL_DISPATCH",4,2,40,"void convert_unary<float, __half>(void const*, __half*, long, long, long, HIP_vector_type<unsigned int, 3u>, long, long, long)",2326,22459539346769,22459539363510,0,0,256,1,1,655360,1,1
"KERNEL_DISPATCH",4,2,78,"void tile_fp16_gemm<128, 64, 4, 8, 32>(__half const*, __half const*, float*, float*, int, int, long)",2327,22459539363510,22459539468994,0,25088,256,1,1,1024,1,8
"KERNEL_DISPATCH",4,2,79,"tile_fp16_reduce(float const*, float*, int, int)",2328,22459539468994,22459539473290,0,0,256,1,1,8192,1,1
"KERNEL_DISPATCH",4,2,26,"void dequantize_block_iq3_s<__half>(void const*, __half*)",2329,22459539492846,22459539510328,0,0,32,1,1,163840,1,1
"KERNEL_DISPATCH",4,2,40,"void convert_unary<float, __half>(void const*, __half*, long, long, long, HIP_vector_type<unsigned int, 3u>, long, long, long)",2330,22459539510328,22459539526921,0,0,256,1,1,655360,1,1
"KERNEL_DISPATCH",4,2,78,"void tile_fp16_gemm<128, 64, 4, 8, 32>(__half const*, __half const*, float*, float*, int, int, long)",2331,22459539526921,22459539632258,0,25088,256,1,1,1024,1,8
"KERNEL_DISPATCH",4,2,79,"tile_fp16_reduce(float const*, float*, int, int)",2332,22459539632258,22459539636406,0,0,256,1,1,8192,1,1
"KERNEL_DISPATCH",4,2,26,"void dequantize_block_iq3_s<__half>(void const*, __half*)",2333,22459539656406,22459539673888,0,0,32,1,1,163840,1,1
"KERNEL_DISPATCH",4,2,40,"void convert_unary<float, __half>(void const*, __half*, long, long, long, HIP_vector_type<unsigned int, 3u>, long, long, long)",2334,22459539673888,22459539690481,0,0,256,1,1,655360,1,1
"KERNEL_DISPATCH",4,2,78,"void tile_fp16_gemm<128, 64, 4, 8, 32>(__half const*, __half const*, float*, float*, int, int, long)",2335,22459539690481,22459539796114,0,25088,256,1,1,1024,1,8
"KERNEL_DISPATCH",4,2,79,"tile_fp16_reduce(float const*, float*, int, int)",2336,22459539796114,22459539800410,0,0,256,1,1,8192,1,1
"KERNEL_DISPATCH",4,2,26,"void dequantize_block_iq3_s<__half>(void const*, __half*)",2337,22459539820262,22459539837744,0,0,32,1,1,163840,1,1
"KERNEL_DISPATCH",4,2,40,"void convert_unary<float, __half>(void const*, __half*, long, long, long, HIP_vector_type<unsigned int, 3u>, long, long, long)",2338,22459539837744,22459539854486,0,0,256,1,1,655360,1,1
"KERNEL_DISPATCH",4,2,78,"void tile_fp16_gemm<128, 64, 4, 8, 32>(__half const*, __half const*, float*, float*, int, int, long)",2339,22459539854486,22459539960118,0,25088,256,1,1,1024,1,8
"KERNEL_DISPATCH",4,2,79,"tile_fp16_reduce(float const*, float*, int, int)",2340,22459539960118,22459539964266,0,0,256,1,1,8192,1,1
"KERNEL_DISPATCH",4,2,26,"void dequantize_block_iq3_s<__half>(void const*, __half*)",2341,22459539984415,22459540001897,0,0,32,1,1,163840,1,1
"KERNEL_DISPATCH",4,2,40,"void convert_unary<float, __half>(void const*, __half*, long, long, long, HIP_vector_type<unsigned int, 3u>, long, long, long)",2342,22459540001897,22459540018638,0,0,256,1,1,655360,1,1
"KERNEL_DISPATCH",4,2,78,"void tile_fp16_gemm<128, 64, 4, 8, 32>(__half const*, __half const*, float*, float*, int, int, long)",2343,22459540018638,22459540124419,0,25088,256,1,1,1024,1,8
"KERNEL_DISPATCH",4,2,79,"tile_fp16_reduce(float const*, float*, int, int)",2344,22459540124419,22459540128567,0,0,256,1,1,8192,1,1
"KERNEL_DISPATCH",4,2,26,"void dequantize_block_iq3_s<__half>(void const*, __half*)",2345,22459540154938,22459540172420,0,0,32,1,1,163840,1,1
"KERNEL_DISPATCH",4,2,40,"void convert_unary<float, __half>(void const*, __half*, long, long, long, HIP_vector_type<unsigned int, 3u>, long, long, long)",2346,22459540172420,22459540189161,0,0,256,1,1,655360,1,1
"KERNEL_DISPATCH",4,2,78,"void tile_fp16_gemm<128, 64, 4, 8, 32>(__half const*, __half const*, float*, float*, int, int, long)",2347,22459540189161,22459540294497,0,25088,256,1,1,1024,1,8
"KERNEL_DISPATCH",4,2,79,"tile_fp16_reduce(float const*, float*, int, int)",2348,22459540294497,22459540298645,0,0,256,1,1,8192,1,1
"KERNEL_DISPATCH",4,2,26,"void dequantize_block_iq3_s<__half>(void const*, __half*)",2349,22459540318646,22459540336128,0,0,32,1,1,163840,1,1
"KERNEL_DISPATCH",4,2,40,"void convert_unary<float, __half>(void const*, __half*, long, long, long, HIP_vector_type<unsigned int, 3u>, long, long, long)",2350,22459540336128,22459540353017,0,0,256,1,1,655360,1,1
"KERNEL_DISPATCH",4,2,78,"void tile_fp16_gemm<128, 64, 4, 8, 32>(__half const*, __half const*, float*, float*, int, int, long)",2351,22459540353017,22459540458501,0,25088,256,1,1,1024,1,8
"KERNEL_DISPATCH",4,2,79,"tile_fp16_reduce(float const*, float*, int, int)",2352,22459540458501,22459540462798,0,0,256,1,1,8192,1,1
"KERNEL_DISPATCH",4,2,26,"void dequantize_block_iq3_s<__half>(void const*, __half*)",2353,22459540482650,22459540500132,0,0,32,1,1,163840,1,1
"KERNEL_DISPATCH",4,2,40,"void convert_unary<float, __half>(void const*, __half*, long, long, long, HIP_vector_type<unsigned int, 3u>, long, long, long)",2354,22459540500132,22459540516725,0,0,256,1,1,655360,1,1
"KERNEL_DISPATCH",4,2,78,"void tile_fp16_gemm<128, 64, 4, 8, 32>(__half const*, __half const*, float*, float*, int, int, long)",2355,22459540516725,22459540622061,0,25088,256,1,1,1024,1,8
"KERNEL_DISPATCH",4,2,79,"tile_fp16_reduce(float const*, float*, int, int)",2356,22459540622061,22459540626358,0,0,256,1,1,8192,1,1
"KERNEL_DISPATCH",4,2,26,"void dequantize_block_iq3_s<__half>(void const*, __half*)",2357,22459540646358,22459540663988,0,0,32,1,1,163840,1,1
"KERNEL_DISPATCH",4,2,40,"void convert_unary<float, __half>(void const*, __half*, long, long, long, HIP_vector_type<unsigned int, 3u>, long, long, long)",2358,22459540663988,22459540680581,0,0,256,1,1,655360,1,1
"KERNEL_DISPATCH",4,2,78,"void tile_fp16_gemm<128, 64, 4, 8, 32>(__half const*, __half const*, float*, float*, int, int, long)",2359,22459540680581,22459540786658,0,25088,256,1,1,1024,1,8
"KERNEL_DISPATCH",4,2,79,"tile_fp16_reduce(float const*, float*, int, int)",2360,22459540786658,22459540790807,0,0,256,1,1,8192,1,1
"KERNEL_DISPATCH",4,2,26,"void dequantize_block_iq3_s<__half>(void const*, __half*)",2361,22459540810955,22459540828437,0,0,32,1,1,163840,1,1
"KERNEL_DISPATCH",4,2,40,"void convert_unary<float, __half>(void const*, __half*, long, long, long, HIP_vector_type<unsigned int, 3u>, long, long, long)",2362,22459540828437,22459540845326,0,0,256,1,1,655360,1,1
"KERNEL_DISPATCH",4,2,78,"void tile_fp16_gemm<128, 64, 4, 8, 32>(__half const*, __half const*, float*, float*, int, int, long)",2363,22459540845326,22459540950514,0,25088,256,1,1,1024,1,8
"KERNEL_DISPATCH",4,2,79,"tile_fp16_reduce(float const*, float*, int, int)",2364,22459540950514,22459540954811,0,0,256,1,1,8192,1,1
"KERNEL_DISPATCH",4,2,26,"void dequantize_block_iq3_s<__half>(void const*, __half*)",2365,22459540974811,22459540992293,0,0,32,1,1,163840,1,1
"KERNEL_DISPATCH",4,2,40,"void convert_unary<float, __half>(void const*, __half*, long, long, long, HIP_vector_type<unsigned int, 3u>, long, long, long)",2366,22459540992293,22459541008886,0,0,256,1,1,655360,1,1
"KERNEL_DISPATCH",4,2,78,"void tile_fp16_gemm<128, 64, 4, 8, 32>(__half const*, __half const*, float*, float*, int, int, long)",2367,22459541008886,22459541114074,0,25088,256,1,1,1024,1,8
"KERNEL_DISPATCH",4,2,79,"tile_fp16_reduce(float const*, float*, int, int)",2368,22459541114074,22459541118223,0,0,256,1,1,8192,1,1
"KERNEL_DISPATCH",4,2,26,"void dequantize_block_iq3_s<__half>(void const*, __half*)",2369,22459541138223,22459541155557,0,0,32,1,1,163840,1,1
"KERNEL_DISPATCH",4,2,40,"void convert_unary<float, __half>(void const*, __half*, long, long, long, HIP_vector_type<unsigned int, 3u>, long, long, long)",2370,22459541155557,22459541172446,0,0,256,1,1,655360,1,1
"KERNEL_DISPATCH",4,2,78,"void tile_fp16_gemm<128, 64, 4, 8, 32>(__half const*, __half const*, float*, float*, int, int, long)",2371,22459541172446,22459541278227,0,25088,256,1,1,1024,1,8
"KERNEL_DISPATCH",4,2,79,"tile_fp16_reduce(float const*, float*, int, int)",2372,22459541278227,22459541282523,0,0,256,1,1,8192,1,1
"KERNEL_DISPATCH",4,2,26,"void dequantize_block_iq3_s<__half>(void const*, __half*)",2373,22459541302672,22459541320302,0,0,32,1,1,163840,1,1
"KERNEL_DISPATCH",4,2,40,"void convert_unary<float, __half>(void const*, __half*, long, long, long, HIP_vector_type<unsigned int, 3u>, long, long, long)",2374,22459541320302,22459541337043,0,0,256,1,1,655360,1,1
"KERNEL_DISPATCH",4,2,78,"void tile_fp16_gemm<128, 64, 4, 8, 32>(__half const*, __half const*, float*, float*, int, int, long)",2375,22459541337043,22459541442231,0,25088,256,1,1,1024,1,8
"KERNEL_DISPATCH",4,2,79,"tile_fp16_reduce(float const*, float*, int, int)",2376,22459541442231,22459541446527,0,0,256,1,1,8192,1,1
"KERNEL_DISPATCH",4,2,26,"void dequantize_block_iq3_s<__half>(void const*, __half*)",2377,22459541466232,22459541483714,0,0,32,1,1,163840,1,1
"KERNEL_DISPATCH",4,2,40,"void convert_unary<float, __half>(void const*, __half*, long, long, long, HIP_vector_type<unsigned int, 3u>, long, long, long)",2378,22459541483714,22459541500455,0,0,256,1,1,655360,1,1
"KERNEL_DISPATCH",4,2,78,"void tile_fp16_gemm<128, 64, 4, 8, 32>(__half const*, __half const*, float*, float*, int, int, long)",2379,22459541500455,22459541606235,0,25088,256,1,1,1024,1,8
"KERNEL_DISPATCH",4,2,79,"tile_fp16_reduce(float const*, float*, int, int)",2380,22459541606235,22459541610532,0,0,256,1,1,8192,1,1
"KERNEL_DISPATCH",4,2,26,"void dequantize_block_iq3_s<__half>(void const*, __half*)",2381,22459541630680,22459541648311,0,0,32,1,1,163840,1,1
"KERNEL_DISPATCH",4,2,40,"void convert_unary<float, __half>(void const*, __half*, long, long, long, HIP_vector_type<unsigned int, 3u>, long, long, long)",2382,22459541648311,22459541664755,0,0,256,1,1,655360,1,1
"KERNEL_DISPATCH",4,2,78,"void tile_fp16_gemm<128, 64, 4, 8, 32>(__half const*, __half const*, float*, float*, int, int, long)",2383,22459541664755,22459541770980,0,25088,256,1,1,1024,1,8
"KERNEL_DISPATCH",4,2,79,"tile_fp16_reduce(float const*, float*, int, int)",2384,22459541770980,22459541775129,0,0,256,1,1,8192,1,1
"KERNEL_DISPATCH",4,2,26,"void dequantize_block_iq3_s<__half>(void const*, __half*)",2385,22459541794833,22459541812463,0,0,32,1,1,163840,1,1
"KERNEL_DISPATCH",4,2,40,"void convert_unary<float, __half>(void const*, __half*, long, long, long, HIP_vector_type<unsigned int, 3u>, long, long, long)",2386,22459541812463,22459541829204,0,0,256,1,1,655360,1,1
"KERNEL_DISPATCH",4,2,78,"void tile_fp16_gemm<128, 64, 4, 8, 32>(__half const*, __half const*, float*, float*, int, int, long)",2387,22459541829204,22459541934837,0,25088,256,1,1,1024,1,8
"KERNEL_DISPATCH",4,2,79,"tile_fp16_reduce(float const*, float*, int, int)",2388,22459541934837,22459541939133,0,0,256,1,1,8192,1,1
"KERNEL_DISPATCH",4,2,26,"void dequantize_block_iq3_s<__half>(void const*, __half*)",2389,22459541958837,22459541976319,0,0,32,1,1,163840,1,1
"KERNEL_DISPATCH",4,2,40,"void convert_unary<float, __half>(void const*, __half*, long, long, long, HIP_vector_type<unsigned int, 3u>, long, long, long)",2390,22459541976319,22459541992912,0,0,256,1,1,655360,1,1
"KERNEL_DISPATCH",4,2,78,"void tile_fp16_gemm<128, 64, 4, 8, 32>(__half const*, __half const*, float*, float*, int, int, long)",2391,22459541992912,22459542098545,0,25088,256,1,1,1024,1,8
"KERNEL_DISPATCH",4,2,79,"tile_fp16_reduce(float const*, float*, int, int)",2392,22459542098545,22459542102693,0,0,256,1,1,8192,1,1
"KERNEL_DISPATCH",4,2,26,"void dequantize_block_iq3_s<__half>(void const*, __half*)",2393,22459542122545,22459542140027,0,0,32,1,1,163840,1,1
"KERNEL_DISPATCH",4,2,40,"void convert_unary<float, __half>(void const*, __half*, long, long, long, HIP_vector_type<unsigned int, 3u>, long, long, long)",2394,22459542140027,22459542156917,0,0,256,1,1,655360,1,1
"KERNEL_DISPATCH",4,2,78,"void tile_fp16_gemm<128, 64, 4, 8, 32>(__half const*, __half const*, float*, float*, int, int, long)",2395,22459542156917,22459542262253,0,25088,256,1,1,1024,1,8
"KERNEL_DISPATCH",4,2,79,"tile_fp16_reduce(float const*, float*, int, int)",2396,22459542262253,22459542266401,0,0,256,1,1,8192,1,1
"KERNEL_DISPATCH",4,2,26,"void dequantize_block_iq3_s<__half>(void const*, __half*)",2397,22459542286550,22459542304180,0,0,32,1,1,163840,1,1
"KERNEL_DISPATCH",4,2,40,"void convert_unary<float, __half>(void const*, __half*, long, long, long, HIP_vector_type<unsigned int, 3u>, long, long, long)",2398,22459542304180,22459542321069,0,0,256,1,1,655360,1,1
"KERNEL_DISPATCH",4,2,78,"void tile_fp16_gemm<128, 64, 4, 8, 32>(__half const*, __half const*, float*, float*, int, int, long)",2399,22459542321069,22459542426109,0,25088,256,1,1,1024,1,8
"KERNEL_DISPATCH",4,2,79,"tile_fp16_reduce(float const*, float*, int, int)",2400,22459542426109,22459542430257,0,0,256,1,1,8192,1,1
"KERNEL_DISPATCH",4,2,26,"void dequantize_block_iq3_s<__half>(void const*, __half*)",2401,22459542450109,22459542467740,0,0,32,1,1,163840,1,1
"KERNEL_DISPATCH",4,2,40,"void convert_unary<float, __half>(void const*, __half*, long, long, long, HIP_vector_type<unsigned int, 3u>, long, long, long)",2402,22459542467740,22459542484629,0,0,256,1,1,655360,1,1
"KERNEL_DISPATCH",4,2,78,"void tile_fp16_gemm<128, 64, 4, 8, 32>(__half const*, __half const*, float*, float*, int, int, long)",2403,22459542484629,22459542589817,0,25088,256,1,1,1024,1,8
"KERNEL_DISPATCH",4,2,79,"tile_fp16_reduce(float const*, float*, int, int)",2404,22459542589817,22459542593965,0,0,256,1,1,8192,1,1
"KERNEL_DISPATCH",4,2,26,"void dequantize_block_iq3_s<__half>(void const*, __half*)",2405,22459542614114,22459542631596,0,0,32,1,1,163840,1,1
"KERNEL_DISPATCH",4,2,40,"void convert_unary<float, __half>(void const*, __half*, long, long, long, HIP_vector_type<unsigned int, 3u>, long, long, long)",2406,22459542631596,22459542648485,0,0,256,1,1,655360,1,1
"KERNEL_DISPATCH",4,2,78,"void tile_fp16_gemm<128, 64, 4, 8, 32>(__half const*, __half const*, float*, float*, int, int, long)",2407,22459542648485,22459542753821,0,25088,256,1,1,1024,1,8
"KERNEL_DISPATCH",4,2,79,"tile_fp16_reduce(float const*, float*, int, int)",2408,22459542753821,22459542757969,0,0,256,1,1,8192,1,1
"KERNEL_DISPATCH",4,2,26,"void dequantize_block_iq3_s<__half>(void const*, __half*)",2409,22459542777970,22459542795304,0,0,32,1,1,163840,1,1
"KERNEL_DISPATCH",4,2,40,"void convert_unary<float, __half>(void const*, __half*, long, long, long, HIP_vector_type<unsigned int, 3u>, long, long, long)",2410,22459542795304,22459542811897,0,0,256,1,1,655360,1,1
"KERNEL_DISPATCH",4,2,78,"void tile_fp16_gemm<128, 64, 4, 8, 32>(__half const*, __half const*, float*, float*, int, int, long)",2411,22459542811897,22459542919751,0,25088,256,1,1,1024,1,8
"KERNEL_DISPATCH",4,2,79,"tile_fp16_reduce(float const*, float*, int, int)",2412,22459542919751,22459542924048,0,0,256,1,1,8192,1,1
"KERNEL_DISPATCH",4,2,26,"void dequantize_block_iq3_s<__half>(void const*, __half*)",2413,22459542944048,22459542961530,0,0,32,1,1,163840,1,1
"KERNEL_DISPATCH",4,2,40,"void convert_unary<float, __half>(void const*, __half*, long, long, long, HIP_vector_type<unsigned int, 3u>, long, long, long)",2414,22459542961530,22459542978123,0,0,256,1,1,655360,1,1
"KERNEL_DISPATCH",4,2,78,"void tile_fp16_gemm<128, 64, 4, 8, 32>(__half const*, __half const*, float*, float*, int, int, long)",2415,22459542978123,22459543083904,0,25088,256,1,1,1024,1,8
"KERNEL_DISPATCH",4,2,79,"tile_fp16_reduce(float const*, float*, int, int)",2416,22459543083904,22459543088200,0,0,256,1,1,8192,1,1
"KERNEL_DISPATCH",4,2,26,"void dequantize_block_iq3_s<__half>(void const*, __half*)",2417,22459543108053,22459543125683,0,0,32,1,1,163840,1,1
"KERNEL_DISPATCH",4,2,40,"void convert_unary<float, __half>(void const*, __half*, long, long, long, HIP_vector_type<unsigned int, 3u>, long, long, long)",2418,22459543125683,22459543142276,0,0,256,1,1,655360,1,1
"KERNEL_DISPATCH",4,2,78,"void tile_fp16_gemm<128, 64, 4, 8, 32>(__half const*, __half const*, float*, float*, int, int, long)",2419,22459543142276,22459543247612,0,25088,256,1,1,1024,1,8
"KERNEL_DISPATCH",4,2,79,"tile_fp16_reduce(float const*, float*, int, int)",2420,22459543247612,22459543251908,0,0,256,1,1,8192,1,1
"KERNEL_DISPATCH",4,2,26,"void dequantize_block_iq3_s<__half>(void const*, __half*)",2421,22459543271909,22459543289391,0,0,32,1,1,163840,1,1
"KERNEL_DISPATCH",4,2,40,"void convert_unary<float, __half>(void const*, __half*, long, long, long, HIP_vector_type<unsigned int, 3u>, long, long, long)",2422,22459543289391,22459543306132,0,0,256,1,1,655360,1,1
"KERNEL_DISPATCH",4,2,78,"void tile_fp16_gemm<128, 64, 4, 8, 32>(__half const*, __half const*, float*, float*, int, int, long)",2423,22459543306132,22459543411913,0,25088,256,1,1,1024,1,8
"KERNEL_DISPATCH",4,2,79,"tile_fp16_reduce(float const*, float*, int, int)",2424,22459543411913,22459543416061,0,0,256,1,1,8192,1,1
"KERNEL_DISPATCH",4,2,26,"void dequantize_block_iq3_s<__half>(void const*, __half*)",2425,22459543435765,22459543453247,0,0,32,1,1,163840,1,1
"KERNEL_DISPATCH",4,2,40,"void convert_unary<float, __half>(void const*, __half*, long, long, long, HIP_vector_type<unsigned int, 3u>, long, long, long)",2426,22459543453247,22459543470136,0,0,256,1,1,655360,1,1
"KERNEL_DISPATCH",4,2,78,"void tile_fp16_gemm<128, 64, 4, 8, 32>(__half const*, __half const*, float*, float*, int, int, long)",2427,22459543470136,22459543575769,0,25088,256,1,1,1024,1,8
"KERNEL_DISPATCH",4,2,79,"tile_fp16_reduce(float const*, float*, int, int)",2428,22459543575769,22459543580213,0,0,256,1,1,8192,1,1
"KERNEL_DISPATCH",4,2,26,"void dequantize_block_iq3_s<__half>(void const*, __half*)",2429,22459543600214,22459543617696,0,0,32,1,1,163840,1,1
"KERNEL_DISPATCH",4,2,40,"void convert_unary<float, __half>(void const*, __half*, long, long, long, HIP_vector_type<unsigned int, 3u>, long, long, long)",2430,22459543617696,22459543634437,0,0,256,1,1,655360,1,1
"KERNEL_DISPATCH",4,2,78,"void tile_fp16_gemm<128, 64, 4, 8, 32>(__half const*, __half const*, float*, float*, int, int, long)",2431,22459543634437,22459543740366,0,25088,256,1,1,1024,1,8
"KERNEL_DISPATCH",4,2,79,"tile_fp16_reduce(float const*, float*, int, int)",2432,22459543740366,22459543744514,0,0,256,1,1,8192,1,1
"KERNEL_DISPATCH",4,2,26,"void dequantize_block_iq3_s<__half>(void const*, __half*)",2433,22459543764959,22459543782441,0,0,32,1,1,163840,1,1
"KERNEL_DISPATCH",4,2,40,"void convert_unary<float, __half>(void const*, __half*, long, long, long, HIP_vector_type<unsigned int, 3u>, long, long, long)",2434,22459543782441,22459543799478,0,0,256,1,1,655360,1,1
"KERNEL_DISPATCH",4,2,78,"void tile_fp16_gemm<128, 64, 4, 8, 32>(__half const*, __half const*, float*, float*, int, int, long)",2435,22459543799478,22459543904963,0,25088,256,1,1,1024,1,8
"KERNEL_DISPATCH",4,2,79,"tile_fp16_reduce(float const*, float*, int, int)",2436,22459543904963,22459543909259,0,0,256,1,1,8192,1,1
"KERNEL_DISPATCH",4,2,26,"void dequantize_block_iq3_s<__half>(void const*, __half*)",2437,22459543929408,22459543946890,0,0,32,1,1,163840,1,1
"KERNEL_DISPATCH",4,2,40,"void convert_unary<float, __half>(void const*, __half*, long, long, long, HIP_vector_type<unsigned int, 3u>, long, long, long)",2438,22459543946890,22459543963779,0,0,256,1,1,655360,1,1
"KERNEL_DISPATCH",4,2,78,"void tile_fp16_gemm<128, 64, 4, 8, 32>(__half const*, __half const*, float*, float*, int, int, long)",2439,22459543963779,22459544069115,0,25088,256,1,1,1024,1,8
"KERNEL_DISPATCH",4,2,79,"tile_fp16_reduce(float const*, float*, int, int)",2440,22459544069115,22459544073263,0,0,256,1,1,8192,1,1
"KERNEL_DISPATCH",4,2,26,"void dequantize_block_iq3_s<__half>(void const*, __half*)",2441,22459544093264,22459544110746,0,0,32,1,1,163840,1,1
"KERNEL_DISPATCH",4,2,40,"void convert_unary<float, __half>(void const*, __half*, long, long, long, HIP_vector_type<unsigned int, 3u>, long, long, long)",2442,22459544110746,22459544127635,0,0,256,1,1,655360,1,1
"KERNEL_DISPATCH",4,2,78,"void tile_fp16_gemm<128, 64, 4, 8, 32>(__half const*, __half const*, float*, float*, int, int, long)",2443,22459544127635,22459544233119,0,25088,256,1,1,1024,1,8
"KERNEL_DISPATCH",4,2,79,"tile_fp16_reduce(float const*, float*, int, int)",2444,22459544233119,22459544237416,0,0,256,1,1,8192,1,1
"KERNEL_DISPATCH",4,2,26,"void dequantize_block_iq3_s<__half>(void const*, __half*)",2445,22459544257416,22459544275046,0,0,32,1,1,163840,1,1
"KERNEL_DISPATCH",4,2,40,"void convert_unary<float, __half>(void const*, __half*, long, long, long, HIP_vector_type<unsigned int, 3u>, long, long, long)",2446,22459544275046,22459544291936,0,0,256,1,1,655360,1,1
"KERNEL_DISPATCH",4,2,78,"void tile_fp16_gemm<128, 64, 4, 8, 32>(__half const*, __half const*, float*, float*, int, int, long)",2447,22459544291936,22459544397568,0,25088,256,1,1,1024,1,8
"KERNEL_DISPATCH",4,2,79,"tile_fp16_reduce(float const*, float*, int, int)",2448,22459544397568,22459544401716,0,0,256,1,1,8192,1,1
"KERNEL_DISPATCH",4,2,26,"void dequantize_block_iq3_s<__half>(void const*, __half*)",2449,22459544422606,22459544440236,0,0,32,1,1,163840,1,1
"KERNEL_DISPATCH",4,2,40,"void convert_unary<float, __half>(void const*, __half*, long, long, long, HIP_vector_type<unsigned int, 3u>, long, long, long)",2450,22459544440236,22459544457125,0,0,256,1,1,655360,1,1
"KERNEL_DISPATCH",4,2,78,"void tile_fp16_gemm<128, 64, 4, 8, 32>(__half const*, __half const*, float*, float*, int, int, long)",2451,22459544457125,22459544562758,0,25088,256,1,1,1024,1,8
"KERNEL_DISPATCH",4,2,79,"tile_fp16_reduce(float const*, float*, int, int)",2452,22459544562758,22459544567054,0,0,256,1,1,8192,1,1
"KERNEL_DISPATCH",4,2,26,"void dequantize_block_iq3_s<__half>(void const*, __half*)",2453,22459544587055,22459544604537,0,0,32,1,1,163840,1,1
"KERNEL_DISPATCH",4,2,40,"void convert_unary<float, __half>(void const*, __half*, long, long, long, HIP_vector_type<unsigned int, 3u>, long, long, long)",2454,22459544604537,22459544621574,0,0,256,1,1,655360,1,1
"KERNEL_DISPATCH",4,2,78,"void tile_fp16_gemm<128, 64, 4, 8, 32>(__half const*, __half const*, float*, float*, int, int, long)",2455,22459544621574,22459544726910,0,25088,256,1,1,1024,1,8
"KERNEL_DISPATCH",4,2,79,"tile_fp16_reduce(float const*, float*, int, int)",2456,22459544726910,22459544731058,0,0,256,1,1,8192,1,1
"KERNEL_DISPATCH",4,2,26,"void dequantize_block_iq3_s<__half>(void const*, __half*)",2457,22459544751059,22459544768541,0,0,32,1,1,163840,1,1
"KERNEL_DISPATCH",4,2,40,"void convert_unary<float, __half>(void const*, __half*, long, long, long, HIP_vector_type<unsigned int, 3u>, long, long, long)",2458,22459544768541,22459544785282,0,0,256,1,1,655360,1,1
"KERNEL_DISPATCH",4,2,78,"void tile_fp16_gemm<128, 64, 4, 8, 32>(__half const*, __half const*, float*, float*, int, int, long)",2459,22459544785282,22459544890174,0,25088,256,1,1,1024,1,8
"KERNEL_DISPATCH",4,2,79,"tile_fp16_reduce(float const*, float*, int, int)",2460,22459544890174,22459544894322,0,0,256,1,1,8192,1,1
"KERNEL_DISPATCH",4,2,26,"void dequantize_block_iq3_s<__half>(void const*, __half*)",2461,22459544914619,22459544931953,0,0,32,1,1,163840,1,1
"KERNEL_DISPATCH",4,2,40,"void convert_unary<float, __half>(void const*, __half*, long, long, long, HIP_vector_type<unsigned int, 3u>, long, long, long)",2462,22459544931953,22459544948694,0,0,256,1,1,655360,1,1
"KERNEL_DISPATCH",4,2,78,"void tile_fp16_gemm<128, 64, 4, 8, 32>(__half const*, __half const*, float*, float*, int, int, long)",2463,22459544948694,22459545054030,0,25088,256,1,1,1024,1,8
"KERNEL_DISPATCH",4,2,79,"tile_fp16_reduce(float const*, float*, int, int)",2464,22459545054030,22459545058326,0,0,256,1,1,8192,1,1
"KERNEL_DISPATCH",4,2,26,"void dequantize_block_iq3_s<__half>(void const*, __half*)",2465,22459545078475,22459545095957,0,0,32,1,1,163840,1,1
"KERNEL_DISPATCH",4,2,40,"void convert_unary<float, __half>(void const*, __half*, long, long, long, HIP_vector_type<unsigned int, 3u>, long, long, long)",2466,22459545095957,22459545112846,0,0,256,1,1,655360,1,1
"KERNEL_DISPATCH",4,2,78,"void tile_fp16_gemm<128, 64, 4, 8, 32>(__half const*, __half const*, float*, float*, int, int, long)",2467,22459545112846,22459545218330,0,25088,256,1,1,1024,1,8
"KERNEL_DISPATCH",4,2,79,"tile_fp16_reduce(float const*, float*, int, int)",2468,22459545218330,22459545222479,0,0,256,1,1,8192,1,1
"KERNEL_DISPATCH",4,2,26,"void dequantize_block_iq3_s<__half>(void const*, __half*)",2469,22459545242627,22459545260109,0,0,32,1,1,163840,1,1
"KERNEL_DISPATCH",4,2,40,"void convert_unary<float, __half>(void const*, __half*, long, long, long, HIP_vector_type<unsigned int, 3u>, long, long, long)",2470,22459545260109,22459545277147,0,0,256,1,1,655360,1,1
"KERNEL_DISPATCH",4,2,78,"void tile_fp16_gemm<128, 64, 4, 8, 32>(__half const*, __half const*, float*, float*, int, int, long)",2471,22459545277147,22459545382187,0,25088,256,1,1,1024,1,8
"KERNEL_DISPATCH",4,2,79,"tile_fp16_reduce(float const*, float*, int, int)",2472,22459545382187,22459545386335,0,0,256,1,1,8192,1,1
"KERNEL_DISPATCH",4,2,26,"void dequantize_block_iq3_s<__half>(void const*, __half*)",2473,22459545406632,22459545424410,0,0,32,1,1,163840,1,1
"KERNEL_DISPATCH",4,2,40,"void convert_unary<float, __half>(void const*, __half*, long, long, long, HIP_vector_type<unsigned int, 3u>, long, long, long)",2474,22459545424410,22459545441003,0,0,256,1,1,655360,1,1
"KERNEL_DISPATCH",4,2,78,"void tile_fp16_gemm<128, 64, 4, 8, 32>(__half const*, __half const*, float*, float*, int, int, long)",2475,22459545441003,22459545546932,0,25088,256,1,1,1024,1,8
"KERNEL_DISPATCH",4,2,79,"tile_fp16_reduce(float const*, float*, int, int)",2476,22459545546932,22459545551080,0,0,256,1,1,8192,1,1
"KERNEL_DISPATCH",4,2,26,"void dequantize_block_iq3_s<__half>(void const*, __half*)",2477,22459545571377,22459545588859,0,0,32,1,1,163840,1,1
"KERNEL_DISPATCH",4,2,40,"void convert_unary<float, __half>(void const*, __half*, long, long, long, HIP_vector_type<unsigned int, 3u>, long, long, long)",2478,22459545588859,22459545605748,0,0,256,1,1,655360,1,1
"KERNEL_DISPATCH",4,2,78,"void tile_fp16_gemm<128, 64, 4, 8, 32>(__half const*, __half const*, float*, float*, int, int, long)",2479,22459545605748,22459545711529,0,25088,256,1,1,1024,1,8
"KERNEL_DISPATCH",4,2,79,"tile_fp16_reduce(float const*, float*, int, int)",2480,22459545711529,22459545715677,0,0,256,1,1,8192,1,1
"KERNEL_DISPATCH",4,2,26,"void dequantize_block_iq3_s<__half>(void const*, __half*)",2481,22459545735677,22459545753308,0,0,32,1,1,163840,1,1
"KERNEL_DISPATCH",4,2,40,"void convert_unary<float, __half>(void const*, __half*, long, long, long, HIP_vector_type<unsigned int, 3u>, long, long, long)",2482,22459545753308,22459545769901,0,0,256,1,1,655360,1,1
"KERNEL_DISPATCH",4,2,78,"void tile_fp16_gemm<128, 64, 4, 8, 32>(__half const*, __half const*, float*, float*, int, int, long)",2483,22459545769901,22459545875385,0,25088,256,1,1,1024,1,8
"KERNEL_DISPATCH",4,2,79,"tile_fp16_reduce(float const*, float*, int, int)",2484,22459545875385,22459545879533,0,0,256,1,1,8192,1,1
"KERNEL_DISPATCH",4,2,26,"void dequantize_block_iq3_s<__half>(void const*, __half*)",2485,22459545899830,22459545917312,0,0,32,1,1,163840,1,1
"KERNEL_DISPATCH",4,2,40,"void convert_unary<float, __half>(void const*, __half*, long, long, long, HIP_vector_type<unsigned int, 3u>, long, long, long)",2486,22459545917312,22459545934053,0,0,256,1,1,655360,1,1
"KERNEL_DISPATCH",4,2,78,"void tile_fp16_gemm<128, 64, 4, 8, 32>(__half const*, __half const*, float*, float*, int, int, long)",2487,22459545934053,22459546039537,0,25088,256,1,1,1024,1,8
"KERNEL_DISPATCH",4,2,79,"tile_fp16_reduce(float const*, float*, int, int)",2488,22459546039537,22459546043686,0,0,256,1,1,8192,1,1
"KERNEL_DISPATCH",4,2,26,"void dequantize_block_iq3_s<__half>(void const*, __half*)",2489,22459546063538,22459546081020,0,0,32,1,1,163840,1,1
"KERNEL_DISPATCH",4,2,40,"void convert_unary<float, __half>(void const*, __half*, long, long, long, HIP_vector_type<unsigned int, 3u>, long, long, long)",2490,22459546081020,22459546097761,0,0,256,1,1,655360,1,1
"KERNEL_DISPATCH",4,2,78,"void tile_fp16_gemm<128, 64, 4, 8, 32>(__half const*, __half const*, float*, float*, int, int, long)",2491,22459546097761,22459546205912,0,25088,256,1,1,1024,1,8
"KERNEL_DISPATCH",4,2,79,"tile_fp16_reduce(float const*, float*, int, int)",2492,22459546205912,22459546210208,0,0,256,1,1,8192,1,1
"KERNEL_DISPATCH",4,2,26,"void dequantize_block_iq3_s<__half>(void const*, __half*)",2493,22459546230061,22459546247543,0,0,32,1,1,163840,1,1
"KERNEL_DISPATCH",4,2,40,"void convert_unary<float, __half>(void const*, __half*, long, long, long, HIP_vector_type<unsigned int, 3u>, long, long, long)",2494,22459546247543,22459546264432,0,0,256,1,1,655360,1,1
"KERNEL_DISPATCH",4,2,78,"void tile_fp16_gemm<128, 64, 4, 8, 32>(__half const*, __half const*, float*, float*, int, int, long)",2495,22459546264432,22459546369620,0,25088,256,1,1,1024,1,8
"KERNEL_DISPATCH",4,2,79,"tile_fp16_reduce(float const*, float*, int, int)",2496,22459546369620,22459546373768,0,0,256,1,1,8192,1,1
"KERNEL_DISPATCH",4,2,26,"void dequantize_block_iq3_s<__half>(void const*, __half*)",2497,22459546394065,22459546411547,0,0,32,1,1,163840,1,1
"KERNEL_DISPATCH",4,2,40,"void convert_unary<float, __half>(void const*, __half*, long, long, long, HIP_vector_type<unsigned int, 3u>, long, long, long)",2498,22459546411547,22459546428140,0,0,256,1,1,655360,1,1
"KERNEL_DISPATCH",4,2,78,"void tile_fp16_gemm<128, 64, 4, 8, 32>(__half const*, __half const*, float*, float*, int, int, long)",2499,22459546428140,22459546533476,0,25088,256,1,1,1024,1,8
"KERNEL_DISPATCH",4,2,79,"tile_fp16_reduce(float const*, float*, int, int)",2500,22459546533476,22459546537624,0,0,256,1,1,8192,1,1
"KERNEL_DISPATCH",4,2,26,"void dequantize_block_iq3_s<__half>(void const*, __half*)",2501,22459546558069,22459546575700,0,0,32,1,1,163840,1,1
"KERNEL_DISPATCH",4,2,40,"void convert_unary<float, __half>(void const*, __half*, long, long, long, HIP_vector_type<unsigned int, 3u>, long, long, long)",2502,22459546575700,22459546592441,0,0,256,1,1,655360,1,1
"KERNEL_DISPATCH",4,2,78,"void tile_fp16_gemm<128, 64, 4, 8, 32>(__half const*, __half const*, float*, float*, int, int, long)",2503,22459546592441,22459546697777,0,25088,256,1,1,1024,1,8
"KERNEL_DISPATCH",4,2,79,"tile_fp16_reduce(float const*, float*, int, int)",2504,22459546697777,22459546701925,0,0,256,1,1,8192,1,1
"KERNEL_DISPATCH",4,2,26,"void dequantize_block_iq3_s<__half>(void const*, __half*)",2505,22459546722222,22459546739704,0,0,32,1,1,163840,1,1
"KERNEL_DISPATCH",4,2,40,"void convert_unary<float, __half>(void const*, __half*, long, long, long, HIP_vector_type<unsigned int, 3u>, long, long, long)",2506,22459546739704,22459546756297,0,0,256,1,1,655360,1,1
"KERNEL_DISPATCH",4,2,78,"void tile_fp16_gemm<128, 64, 4, 8, 32>(__half const*, __half const*, float*, float*, int, int, long)",2507,22459546756297,22459546863707,0,25088,256,1,1,1024,1,8
"KERNEL_DISPATCH",4,2,79,"tile_fp16_reduce(float const*, float*, int, int)",2508,22459546863707,22459546867855,0,0,256,1,1,8192,1,1
"KERNEL_DISPATCH",4,2,26,"void dequantize_block_iq3_s<__half>(void const*, __half*)",2509,22459546887856,22459546905338,0,0,32,1,1,163840,1,1
"KERNEL_DISPATCH",4,2,40,"void convert_unary<float, __half>(void const*, __half*, long, long, long, HIP_vector_type<unsigned int, 3u>, long, long, long)",2510,22459546905338,22459546922227,0,0,256,1,1,655360,1,1
"KERNEL_DISPATCH",4,2,78,"void tile_fp16_gemm<128, 64, 4, 8, 32>(__half const*, __half const*, float*, float*, int, int, long)",2511,22459546922227,22459547028304,0,25088,256,1,1,1024,1,8
"KERNEL_DISPATCH",4,2,79,"tile_fp16_reduce(float const*, float*, int, int)",2512,22459547028304,22459547032452,0,0,256,1,1,8192,1,1
"KERNEL_DISPATCH",4,2,26,"void dequantize_block_iq3_s<__half>(void const*, __half*)",2513,22459547052897,22459547070379,0,0,32,1,1,163840,1,1
"KERNEL_DISPATCH",4,2,40,"void convert_unary<float, __half>(void const*, __half*, long, long, long, HIP_vector_type<unsigned int, 3u>, long, long, long)",2514,22459547070379,22459547087269,0,0,256,1,1,655360,1,1
"KERNEL_DISPATCH",4,2,78,"void tile_fp16_gemm<128, 64, 4, 8, 32>(__half const*, __half const*, float*, float*, int, int, long)",2515,22459547087269,22459547192308,0,25088,256,1,1,1024,1,8
"KERNEL_DISPATCH",4,2,79,"tile_fp16_reduce(float const*, float*, int, int)",2516,22459547192308,22459547196605,0,0,256,1,1,8192,1,1
"KERNEL_DISPATCH",4,2,26,"void dequantize_block_iq3_s<__half>(void const*, __half*)",2517,22459547216605,22459547234235,0,0,32,1,1,163840,1,1
"KERNEL_DISPATCH",4,2,40,"void convert_unary<float, __half>(void const*, __half*, long, long, long, HIP_vector_type<unsigned int, 3u>, long, long, long)",2518,22459547234235,22459547251125,0,0,256,1,1,655360,1,1
"KERNEL_DISPATCH",4,2,78,"void tile_fp16_gemm<128, 64, 4, 8, 32>(__half const*, __half const*, float*, float*, int, int, long)",2519,22459547251125,22459547356165,0,25088,256,1,1,1024,1,8
"KERNEL_DISPATCH",4,2,79,"tile_fp16_reduce(float const*, float*, int, int)",2520,22459547356165,22459547360313,0,0,256,1,1,8192,1,1
