"Kind","Agent_Id","Queue_Id","Kernel_Id","Kernel_Name","Correlation_Id","Start_Timestamp","End_Timestamp","Private_Segment_Size","Group_Segment_Size","Workgroup_Size_X","Workgroup_Size_Y","Workgroup_Size_Z","Grid_Size_X","Grid_Size_Y","Grid_Size_Z"
"KERNEL_DISPATCH",4,2,69,"void convert_unary<float, __half>(void const*, __half*, long, long, long, HIP_vector_type<unsigned int, 3u>, long, long, long)",1,42124871205242,42124871225835,0,0,256,1,1,655360,1,1
"KERNEL_DISPATCH",4,2,30,"void dequantize_block_iq3_s<__half>(void const*, __half*)",2,42124871225835,42124871578725,0,0,32,1,1,3686400,1,1
"KERNEL_DISPATCH",4,2,78,"void tile_fp16_gemm<128, 64, 4, 8, 32, false>(__half const*, __half const*, float*, float*, int, int, int, long, int)",3,42124871578725,42124872727328,0,25088,256,1,1,23040,1,4
"KERNEL_DISPATCH",4,2,80,"tile_fp16_reduce_span(float const*, float*, int, int, int, long, long)",4,42124872727328,42124872813106,0,0,256,1,1,184320,1,1
"KERNEL_DISPATCH",4,2,69,"void convert_unary<float, __half>(void const*, __half*, long, long, long, HIP_vector_type<unsigned int, 3u>, long, long, long)",5,42124876187654,42124876207062,0,0,256,1,1,655360,1,1
"KERNEL_DISPATCH",4,2,30,"void dequantize_block_iq3_s<__half>(void const*, __half*)",6,42124876207062,42124876553731,0,0,32,1,1,3686400,1,1
"KERNEL_DISPATCH",4,2,80,"tile_fp16_reduce_span(float const*, float*, int, int, int, long, long)",8,42124877702778,42124877746630,0,0,256,1,1,184320,1,1
"KERNEL_DISPATCH",4,2,78,"void tile_fp16_gemm<128, 64, 4, 8, 32, false>(__half const*, __half const*, float*, float*, int, int, int, long, int)",7,42124876553731,42124877702778,0,25088,256,1,1,23040,1,4
"KERNEL_DISPATCH",4,2,69,"void convert_unary<float, __half>(void const*, __half*, long, long, long, HIP_vector_type<unsigned int, 3u>, long, long, long)",9,42124877770186,42124877786038,0,0,256,1,1,655360,1,1
"KERNEL_DISPATCH",4,2,30,"void dequantize_block_iq3_s<__half>(void const*, __half*)",10,42124877786038,42124878131226,0,0,32,1,1,3686400,1,1
"KERNEL_DISPATCH",4,2,78,"void tile_fp16_gemm<128, 64, 4, 8, 32, false>(__half const*, __half const*, float*, float*, int, int, int, long, int)",11,42124878131226,42124879198198,0,25088,256,1,1,23040,1,4
"KERNEL_DISPATCH",4,2,80,"tile_fp16_reduce_span(float const*, float*, int, int, int, long, long)",12,42124879198198,42124879243977,0,0,256,1,1,184320,1,1
"KERNEL_DISPATCH",4,2,69,"void convert_unary<float, __half>(void const*, __half*, long, long, long, HIP_vector_type<unsigned int, 3u>, long, long, long)",13,42124879271977,42124879290347,0,0,256,1,1,655360,1,1
"KERNEL_DISPATCH",4,2,30,"void dequantize_block_iq3_s<__half>(void const*, __half*)",14,42124879290347,42124879707388,0,0,32,1,1,3686400,1,1
"KERNEL_DISPATCH",4,2,78,"void tile_fp16_gemm<128, 64, 4, 8, 32, false>(__half const*, __half const*, float*, float*, int, int, int, long, int)",15,42124879707388,42124881027844,0,25088,256,1,1,23040,1,4
"KERNEL_DISPATCH",4,2,80,"tile_fp16_reduce_span(float const*, float*, int, int, int, long, long)",16,42124881027844,42124881100881,0,0,256,1,1,184320,1,1
"KERNEL_DISPATCH",4,2,69,"void convert_unary<float, __half>(void const*, __half*, long, long, long, HIP_vector_type<unsigned int, 3u>, long, long, long)",17,42124881126659,42124881148585,0,0,256,1,1,655360,1,1
"KERNEL_DISPATCH",4,2,30,"void dequantize_block_iq3_s<__half>(void const*, __half*)",18,42124881148585,42124881594663,0,0,32,1,1,3686400,1,1
"KERNEL_DISPATCH",4,2,78,"void tile_fp16_gemm<128, 64, 4, 8, 32, false>(__half const*, __half const*, float*, float*, int, int, int, long, int)",19,42124881594663,42124882772451,0,25088,256,1,1,23040,1,4
"KERNEL_DISPATCH",4,2,80,"tile_fp16_reduce_span(float const*, float*, int, int, int, long, long)",20,42124882772451,42124882822230,0,0,256,1,1,184320,1,1
"KERNEL_DISPATCH",4,2,69,"void convert_unary<float, __half>(void const*, __half*, long, long, long, HIP_vector_type<unsigned int, 3u>, long, long, long)",21,42124882845933,42124882864600,0,0,256,1,1,655360,1,1
"KERNEL_DISPATCH",4,2,30,"void dequantize_block_iq3_s<__half>(void const*, __half*)",22,42124882864600,42124883273641,0,0,32,1,1,3686400,1,1
"KERNEL_DISPATCH",4,2,78,"void tile_fp16_gemm<128, 64, 4, 8, 32, false>(__half const*, __half const*, float*, float*, int, int, int, long, int)",23,42124883273641,42124884389799,0,25088,256,1,1,23040,1,4
"KERNEL_DISPATCH",4,2,80,"tile_fp16_reduce_span(float const*, float*, int, int, int, long, long)",24,42124884389799,42124884439725,0,0,256,1,1,184320,1,1
"KERNEL_DISPATCH",4,2,69,"void convert_unary<float, __half>(void const*, __half*, long, long, long, HIP_vector_type<unsigned int, 3u>, long, long, long)",25,42124884461355,42124884480022,0,0,256,1,1,655360,1,1
"KERNEL_DISPATCH",4,2,30,"void dequantize_block_iq3_s<__half>(void const*, __half*)",26,42124884480022,42124884889358,0,0,32,1,1,3686400,1,1
"KERNEL_DISPATCH",4,2,78,"void tile_fp16_gemm<128, 64, 4, 8, 32, false>(__half const*, __half const*, float*, float*, int, int, int, long, int)",27,42124884889358,42124886092184,0,25088,256,1,1,23040,1,4
"KERNEL_DISPATCH",4,2,80,"tile_fp16_reduce_span(float const*, float*, int, int, int, long, long)",28,42124886092184,42124886142851,0,0,256,1,1,184320,1,1
"KERNEL_DISPATCH",4,2,69,"void convert_unary<float, __half>(void const*, __half*, long, long, long, HIP_vector_type<unsigned int, 3u>, long, long, long)",29,42124886166110,42124886184925,0,0,256,1,1,655360,1,1
"KERNEL_DISPATCH",4,2,30,"void dequantize_block_iq3_s<__half>(void const*, __half*)",30,42124886184925,42124886572928,0,0,32,1,1,3686400,1,1
"KERNEL_DISPATCH",4,2,78,"void tile_fp16_gemm<128, 64, 4, 8, 32, false>(__half const*, __half const*, float*, float*, int, int, int, long, int)",31,42124886572928,42124887694123,0,25088,256,1,1,23040,1,4
"KERNEL_DISPATCH",4,2,80,"tile_fp16_reduce_span(float const*, float*, int, int, int, long, long)",32,42124887694123,42124887743901,0,0,256,1,1,184320,1,1
"KERNEL_DISPATCH",4,2,69,"void convert_unary<float, __half>(void const*, __half*, long, long, long, HIP_vector_type<unsigned int, 3u>, long, long, long)",33,42124887766124,42124887784791,0,0,256,1,1,655360,1,1
"KERNEL_DISPATCH",4,2,30,"void dequantize_block_iq3_s<__half>(void const*, __half*)",34,42124887784791,42124888193979,0,0,32,1,1,3686400,1,1
"KERNEL_DISPATCH",4,2,78,"void tile_fp16_gemm<128, 64, 4, 8, 32, false>(__half const*, __half const*, float*, float*, int, int, int, long, int)",35,42124888193979,42124889391916,0,25088,256,1,1,23040,1,4
"KERNEL_DISPATCH",4,2,80,"tile_fp16_reduce_span(float const*, float*, int, int, int, long, long)",36,42124889391916,42124889441694,0,0,256,1,1,184320,1,1
"KERNEL_DISPATCH",4,2,69,"void convert_unary<float, __half>(void const*, __half*, long, long, long, HIP_vector_type<unsigned int, 3u>, long, long, long)",37,42124889464213,42124889482731,0,0,256,1,1,655360,1,1
"KERNEL_DISPATCH",4,2,30,"void dequantize_block_iq3_s<__half>(void const*, __half*)",38,42124889482731,42124889892068,0,0,32,1,1,3686400,1,1
"KERNEL_DISPATCH",4,2,78,"void tile_fp16_gemm<128, 64, 4, 8, 32, false>(__half const*, __half const*, float*, float*, int, int, int, long, int)",39,42124889892068,42124891031041,0,25088,256,1,1,23040,1,4
"KERNEL_DISPATCH",4,2,80,"tile_fp16_reduce_span(float const*, float*, int, int, int, long, long)",40,42124891031041,42124891075338,0,0,256,1,1,184320,1,1
"KERNEL_DISPATCH",4,2,69,"void convert_unary<float, __half>(void const*, __half*, long, long, long, HIP_vector_type<unsigned int, 3u>, long, long, long)",41,42124891096227,42124891112967,0,0,256,1,1,655360,1,1
"KERNEL_DISPATCH",4,2,30,"void dequantize_block_iq3_s<__half>(void const*, __half*)",42,42124891112967,42124891469563,0,0,32,1,1,3686400,1,1
"KERNEL_DISPATCH",4,2,78,"void tile_fp16_gemm<128, 64, 4, 8, 32, false>(__half const*, __half const*, float*, float*, int, int, int, long, int)",43,42124891469563,42124892682462,0,25088,256,1,1,23040,1,4
"KERNEL_DISPATCH",4,2,80,"tile_fp16_reduce_span(float const*, float*, int, int, int, long, long)",44,42124892682462,42124892725870,0,0,256,1,1,184320,1,1
"KERNEL_DISPATCH",4,2,69,"void convert_unary<float, __half>(void const*, __half*, long, long, long, HIP_vector_type<unsigned int, 3u>, long, long, long)",45,42124892746759,42124892763500,0,0,256,1,1,655360,1,1
"KERNEL_DISPATCH",4,2,30,"void dequantize_block_iq3_s<__half>(void const*, __half*)",46,42124892763500,42124893130763,0,0,32,1,1,3686400,1,1
"KERNEL_DISPATCH",4,2,78,"void tile_fp16_gemm<128, 64, 4, 8, 32, false>(__half const*, __half const*, float*, float*, int, int, int, long, int)",47,42124893130763,42124894194327,0,25088,256,1,1,23040,1,4
"KERNEL_DISPATCH",4,2,80,"tile_fp16_reduce_span(float const*, float*, int, int, int, long, long)",48,42124894194327,42124894238476,0,0,256,1,1,184320,1,1
"KERNEL_DISPATCH",4,2,69,"void convert_unary<float, __half>(void const*, __half*, long, long, long, HIP_vector_type<unsigned int, 3u>, long, long, long)",49,42124894259365,42124894276106,0,0,256,1,1,655360,1,1
"KERNEL_DISPATCH",4,2,30,"void dequantize_block_iq3_s<__half>(void const*, __half*)",50,42124894276106,42124894693295,0,0,32,1,1,3686400,1,1
"KERNEL_DISPATCH",4,2,78,"void tile_fp16_gemm<128, 64, 4, 8, 32, false>(__half const*, __half const*, float*, float*, int, int, int, long, int)",51,42124894693295,42124896020713,0,25088,256,1,1,23040,1,4
"KERNEL_DISPATCH",4,2,80,"tile_fp16_reduce_span(float const*, float*, int, int, int, long, long)",52,42124896020713,42124896094195,0,0,256,1,1,184320,1,1
"KERNEL_DISPATCH",4,2,69,"void convert_unary<float, __half>(void const*, __half*, long, long, long, HIP_vector_type<unsigned int, 3u>, long, long, long)",53,42124896120418,42124896142344,0,0,256,1,1,655360,1,1
"KERNEL_DISPATCH",4,2,30,"void dequantize_block_iq3_s<__half>(void const*, __half*)",54,42124896142344,42124896588570,0,0,32,1,1,3686400,1,1
"KERNEL_DISPATCH",4,2,78,"void tile_fp16_gemm<128, 64, 4, 8, 32, false>(__half const*, __half const*, float*, float*, int, int, int, long, int)",55,42124896588570,42124897780728,0,25088,256,1,1,23040,1,4
"KERNEL_DISPATCH",4,2,80,"tile_fp16_reduce_span(float const*, float*, int, int, int, long, long)",56,42124897780728,42124897831692,0,0,256,1,1,184320,1,1
"KERNEL_DISPATCH",4,2,69,"void convert_unary<float, __half>(void const*, __half*, long, long, long, HIP_vector_type<unsigned int, 3u>, long, long, long)",57,42124897854211,42124897873026,0,0,256,1,1,655360,1,1
"KERNEL_DISPATCH",4,2,30,"void dequantize_block_iq3_s<__half>(void const*, __half*)",58,42124897873026,42124898282362,0,0,32,1,1,3686400,1,1
"KERNEL_DISPATCH",4,2,78,"void tile_fp16_gemm<128, 64, 4, 8, 32, false>(__half const*, __half const*, float*, float*, int, int, int, long, int)",59,42124898282362,42124899427261,0,25088,256,1,1,23040,1,4
"KERNEL_DISPATCH",4,2,80,"tile_fp16_reduce_span(float const*, float*, int, int, int, long, long)",60,42124899427261,42124899476447,0,0,256,1,1,184320,1,1
"KERNEL_DISPATCH",4,2,69,"void convert_unary<float, __half>(void const*, __half*, long, long, long, HIP_vector_type<unsigned int, 3u>, long, long, long)",61,42124899498521,42124899517188,0,0,256,1,1,655360,1,1
"KERNEL_DISPATCH",4,2,30,"void dequantize_block_iq3_s<__half>(void const*, __half*)",62,42124899517188,42124899926525,0,0,32,1,1,3686400,1,1
"KERNEL_DISPATCH",4,2,78,"void tile_fp16_gemm<128, 64, 4, 8, 32, false>(__half const*, __half const*, float*, float*, int, int, int, long, int)",63,42124899926525,42124901092313,0,25088,256,1,1,23040,1,4
"KERNEL_DISPATCH",4,2,80,"tile_fp16_reduce_span(float const*, float*, int, int, int, long, long)",64,42124901092313,42124901142980,0,0,256,1,1,184320,1,1
"KERNEL_DISPATCH",4,2,69,"void convert_unary<float, __half>(void const*, __half*, long, long, long, HIP_vector_type<unsigned int, 3u>, long, long, long)",65,42124901165795,42124901184461,0,0,256,1,1,655360,1,1
"KERNEL_DISPATCH",4,2,30,"void dequantize_block_iq3_s<__half>(void const*, __half*)",66,42124901184461,42124901572613,0,0,32,1,1,3686400,1,1
"KERNEL_DISPATCH",4,2,78,"void tile_fp16_gemm<128, 64, 4, 8, 32, false>(__half const*, __half const*, float*, float*, int, int, int, long, int)",67,42124901572613,42124902738104,0,25088,256,1,1,23040,1,4
"KERNEL_DISPATCH",4,2,80,"tile_fp16_reduce_span(float const*, float*, int, int, int, long, long)",68,42124902738104,42124902788031,0,0,256,1,1,184320,1,1
"KERNEL_DISPATCH",4,2,69,"void convert_unary<float, __half>(void const*, __half*, long, long, long, HIP_vector_type<unsigned int, 3u>, long, long, long)",69,42124902809512,42124902828179,0,0,256,1,1,655360,1,1
"KERNEL_DISPATCH",4,2,30,"void dequantize_block_iq3_s<__half>(void const*, __half*)",70,42124902828179,42124903237812,0,0,32,1,1,3686400,1,1
"KERNEL_DISPATCH",4,2,78,"void tile_fp16_gemm<128, 64, 4, 8, 32, false>(__half const*, __half const*, float*, float*, int, int, int, long, int)",71,42124903237812,42124904540046,0,25088,256,1,1,23040,1,4
"KERNEL_DISPATCH",4,2,80,"tile_fp16_reduce_span(float const*, float*, int, int, int, long, long)",72,42124904540046,42124904588491,0,0,256,1,1,184320,1,1
"KERNEL_DISPATCH",4,2,69,"void convert_unary<float, __half>(void const*, __half*, long, long, long, HIP_vector_type<unsigned int, 3u>, long, long, long)",73,42124904611454,42124904629973,0,0,256,1,1,655360,1,1
"KERNEL_DISPATCH",4,2,30,"void dequantize_block_iq3_s<__half>(void const*, __half*)",74,42124904629973,42124905040050,0,0,32,1,1,3686400,1,1
"KERNEL_DISPATCH",4,2,78,"void tile_fp16_gemm<128, 64, 4, 8, 32, false>(__half const*, __half const*, float*, float*, int, int, int, long, int)",75,42124905040050,42124906233097,0,25088,256,1,1,23040,1,4
"KERNEL_DISPATCH",4,2,80,"tile_fp16_reduce_span(float const*, float*, int, int, int, long, long)",76,42124906233097,42124906283468,0,0,256,1,1,184320,1,1
"KERNEL_DISPATCH",4,2,69,"void convert_unary<float, __half>(void const*, __half*, long, long, long, HIP_vector_type<unsigned int, 3u>, long, long, long)",77,42124906306283,42124906325098,0,0,256,1,1,655360,1,1
"KERNEL_DISPATCH",4,2,30,"void dequantize_block_iq3_s<__half>(void const*, __half*)",78,42124906325098,42124906734435,0,0,32,1,1,3686400,1,1
"KERNEL_DISPATCH",4,2,78,"void tile_fp16_gemm<128, 64, 4, 8, 32, false>(__half const*, __half const*, float*, float*, int, int, int, long, int)",79,42124906734435,42124907918297,0,25088,256,1,1,23040,1,4
"KERNEL_DISPATCH",4,2,80,"tile_fp16_reduce_span(float const*, float*, int, int, int, long, long)",80,42124907918297,42124907968520,0,0,256,1,1,184320,1,1
"KERNEL_DISPATCH",4,2,69,"void convert_unary<float, __half>(void const*, __half*, long, long, long, HIP_vector_type<unsigned int, 3u>, long, long, long)",81,42124907991187,42124908071632,0,0,256,1,1,655360,1,1
"KERNEL_DISPATCH",4,2,30,"void dequantize_block_iq3_s<__half>(void const*, __half*)",82,42124908077854,42124908476820,0,0,32,1,1,3686400,1,1
"KERNEL_DISPATCH",4,2,78,"void tile_fp16_gemm<128, 64, 4, 8, 32, false>(__half const*, __half const*, float*, float*, int, int, int, long, int)",83,42124908476820,42124909621719,0,25088,256,1,1,23040,1,4
"KERNEL_DISPATCH",4,2,80,"tile_fp16_reduce_span(float const*, float*, int, int, int, long, long)",84,42124909621719,42124909670757,0,0,256,1,1,184320,1,1
"KERNEL_DISPATCH",4,2,69,"void convert_unary<float, __half>(void const*, __half*, long, long, long, HIP_vector_type<unsigned int, 3u>, long, long, long)",85,42124909693127,42124909711646,0,0,256,1,1,655360,1,1
"KERNEL_DISPATCH",4,2,30,"void dequantize_block_iq3_s<__half>(void const*, __half*)",86,42124909711646,42124910121131,0,0,32,1,1,3686400,1,1
"KERNEL_DISPATCH",4,2,78,"void tile_fp16_gemm<128, 64, 4, 8, 32, false>(__half const*, __half const*, float*, float*, int, int, int, long, int)",87,42124910121131,42124911301289,0,25088,256,1,1,23040,1,4
"KERNEL_DISPATCH",4,2,80,"tile_fp16_reduce_span(float const*, float*, int, int, int, long, long)",88,42124911301289,42124911371660,0,0,256,1,1,184320,1,1
"KERNEL_DISPATCH",4,2,69,"void convert_unary<float, __half>(void const*, __half*, long, long, long, HIP_vector_type<unsigned int, 3u>, long, long, long)",89,42124911396846,42124911418772,0,0,256,1,1,655360,1,1
"KERNEL_DISPATCH",4,2,30,"void dequantize_block_iq3_s<__half>(void const*, __half*)",90,42124911418772,42124911888998,0,0,32,1,1,3686400,1,1
"KERNEL_DISPATCH",4,2,78,"void tile_fp16_gemm<128, 64, 4, 8, 32, false>(__half const*, __half const*, float*, float*, int, int, int, long, int)",91,42124911888998,42124913149453,0,25088,256,1,1,23040,1,4
"KERNEL_DISPATCH",4,2,80,"tile_fp16_reduce_span(float const*, float*, int, int, int, long, long)",92,42124913149453,42124913200417,0,0,256,1,1,184320,1,1
"KERNEL_DISPATCH",4,2,69,"void convert_unary<float, __half>(void const*, __half*, long, long, long, HIP_vector_type<unsigned int, 3u>, long, long, long)",93,42124913223528,42124913242195,0,0,256,1,1,655360,1,1
"KERNEL_DISPATCH",4,2,30,"void dequantize_block_iq3_s<__half>(void const*, __half*)",94,42124913242195,42124913652124,0,0,32,1,1,3686400,1,1
"KERNEL_DISPATCH",4,2,78,"void tile_fp16_gemm<128, 64, 4, 8, 32, false>(__half const*, __half const*, float*, float*, int, int, int, long, int)",95,42124913652124,42124914819986,0,25088,256,1,1,23040,1,4
"KERNEL_DISPATCH",4,2,80,"tile_fp16_reduce_span(float const*, float*, int, int, int, long, long)",96,42124914819986,42124914870505,0,0,256,1,1,184320,1,1
"KERNEL_DISPATCH",4,2,69,"void convert_unary<float, __half>(void const*, __half*, long, long, long, HIP_vector_type<unsigned int, 3u>, long, long, long)",97,42124914893024,42124914911839,0,0,256,1,1,655360,1,1
"KERNEL_DISPATCH",4,2,30,"void dequantize_block_iq3_s<__half>(void const*, __half*)",98,42124914911839,42124915320139,0,0,32,1,1,3686400,1,1
"KERNEL_DISPATCH",4,2,78,"void tile_fp16_gemm<128, 64, 4, 8, 32, false>(__half const*, __half const*, float*, float*, int, int, int, long, int)",99,42124915320139,42124916489482,0,25088,256,1,1,23040,1,4
"KERNEL_DISPATCH",4,2,80,"tile_fp16_reduce_span(float const*, float*, int, int, int, long, long)",100,42124916489482,42124916540001,0,0,256,1,1,184320,1,1
"KERNEL_DISPATCH",4,2,69,"void convert_unary<float, __half>(void const*, __half*, long, long, long, HIP_vector_type<unsigned int, 3u>, long, long, long)",101,42124916562223,42124916580890,0,0,256,1,1,655360,1,1
"KERNEL_DISPATCH",4,2,30,"void dequantize_block_iq3_s<__half>(void const*, __half*)",102,42124916580890,42124916990227,0,0,32,1,1,3686400,1,1
"KERNEL_DISPATCH",4,2,78,"void tile_fp16_gemm<128, 64, 4, 8, 32, false>(__half const*, __half const*, float*, float*, int, int, int, long, int)",103,42124916990227,42124918185645,0,25088,256,1,1,23040,1,4
"KERNEL_DISPATCH",4,2,80,"tile_fp16_reduce_span(float const*, float*, int, int, int, long, long)",104,42124918185645,42124918236460,0,0,256,1,1,184320,1,1
"KERNEL_DISPATCH",4,2,69,"void convert_unary<float, __half>(void const*, __half*, long, long, long, HIP_vector_type<unsigned int, 3u>, long, long, long)",105,42124918259275,42124918278090,0,0,256,1,1,655360,1,1
"KERNEL_DISPATCH",4,2,30,"void dequantize_block_iq3_s<__half>(void const*, __half*)",106,42124918278090,42124918687130,0,0,32,1,1,3686400,1,1
"KERNEL_DISPATCH",4,2,78,"void tile_fp16_gemm<128, 64, 4, 8, 32, false>(__half const*, __half const*, float*, float*, int, int, int, long, int)",107,42124918687130,42124919854696,0,25088,256,1,1,23040,1,4
"KERNEL_DISPATCH",4,2,80,"tile_fp16_reduce_span(float const*, float*, int, int, int, long, long)",108,42124919854696,42124919905659,0,0,256,1,1,184320,1,1
"KERNEL_DISPATCH",4,2,69,"void convert_unary<float, __half>(void const*, __half*, long, long, long, HIP_vector_type<unsigned int, 3u>, long, long, long)",109,42124919928030,42124919946845,0,0,256,1,1,655360,1,1
"KERNEL_DISPATCH",4,2,30,"void dequantize_block_iq3_s<__half>(void const*, __half*)",110,42124919946845,42124920351293,0,0,32,1,1,3686400,1,1
"KERNEL_DISPATCH",4,2,78,"void tile_fp16_gemm<128, 64, 4, 8, 32, false>(__half const*, __half const*, float*, float*, int, int, int, long, int)",111,42124920351293,42124921488636,0,25088,256,1,1,23040,1,4
"KERNEL_DISPATCH",4,2,80,"tile_fp16_reduce_span(float const*, float*, int, int, int, long, long)",112,42124921488636,42124921539007,0,0,256,1,1,184320,1,1
"KERNEL_DISPATCH",4,2,69,"void convert_unary<float, __half>(void const*, __half*, long, long, long, HIP_vector_type<unsigned int, 3u>, long, long, long)",113,42124921561970,42124921580637,0,0,256,1,1,655360,1,1
"KERNEL_DISPATCH",4,2,30,"void dequantize_block_iq3_s<__half>(void const*, __half*)",114,42124921580637,42124921990270,0,0,32,1,1,3686400,1,1
"KERNEL_DISPATCH",4,2,80,"tile_fp16_reduce_span(float const*, float*, int, int, int, long, long)",116,42124923191465,42124923241836,0,0,256,1,1,184320,1,1
"KERNEL_DISPATCH",4,2,78,"void tile_fp16_gemm<128, 64, 4, 8, 32, false>(__half const*, __half const*, float*, float*, int, int, int, long, int)",115,42124921990270,42124923191465,0,25088,256,1,1,23040,1,4
"KERNEL_DISPATCH",4,2,69,"void convert_unary<float, __half>(void const*, __half*, long, long, long, HIP_vector_type<unsigned int, 3u>, long, long, long)",117,42124923264948,42124923283466,0,0,256,1,1,655360,1,1
"KERNEL_DISPATCH",4,2,30,"void dequantize_block_iq3_s<__half>(void const*, __half*)",118,42124923283466,42124923692951,0,0,32,1,1,3686400,1,1
"KERNEL_DISPATCH",4,2,78,"void tile_fp16_gemm<128, 64, 4, 8, 32, false>(__half const*, __half const*, float*, float*, int, int, int, long, int)",119,42124923692951,42124924882443,0,25088,256,1,1,23040,1,4
"KERNEL_DISPATCH",4,2,80,"tile_fp16_reduce_span(float const*, float*, int, int, int, long, long)",120,42124924882443,42124924932962,0,0,256,1,1,184320,1,1
"KERNEL_DISPATCH",4,2,69,"void convert_unary<float, __half>(void const*, __half*, long, long, long, HIP_vector_type<unsigned int, 3u>, long, long, long)",121,42124924955629,42124924974296,0,0,256,1,1,655360,1,1
"KERNEL_DISPATCH",4,2,30,"void dequantize_block_iq3_s<__half>(void const*, __half*)",122,42124924974296,42124925384077,0,0,32,1,1,3686400,1,1
"KERNEL_DISPATCH",4,2,78,"void tile_fp16_gemm<128, 64, 4, 8, 32, false>(__half const*, __half const*, float*, float*, int, int, int, long, int)",123,42124925384077,42124926477123,0,25088,256,1,1,23040,1,4
"KERNEL_DISPATCH",4,2,80,"tile_fp16_reduce_span(float const*, float*, int, int, int, long, long)",124,42124926477123,42124926526902,0,0,256,1,1,184320,1,1
"KERNEL_DISPATCH",4,2,69,"void convert_unary<float, __half>(void const*, __half*, long, long, long, HIP_vector_type<unsigned int, 3u>, long, long, long)",125,42124926550457,42124926568976,0,0,256,1,1,655360,1,1
"KERNEL_DISPATCH",4,2,30,"void dequantize_block_iq3_s<__half>(void const*, __half*)",126,42124926568976,42124926978165,0,0,32,1,1,3686400,1,1
"KERNEL_DISPATCH",4,2,78,"void tile_fp16_gemm<128, 64, 4, 8, 32, false>(__half const*, __half const*, float*, float*, int, int, int, long, int)",127,42124926978165,42124928215212,0,25088,256,1,1,23040,1,4
"KERNEL_DISPATCH",4,2,80,"tile_fp16_reduce_span(float const*, float*, int, int, int, long, long)",128,42124928215212,42124928264546,0,0,256,1,1,184320,1,1
"KERNEL_DISPATCH",4,2,69,"void convert_unary<float, __half>(void const*, __half*, long, long, long, HIP_vector_type<unsigned int, 3u>, long, long, long)",129,42124928287361,42124928305880,0,0,256,1,1,655360,1,1
"KERNEL_DISPATCH",4,2,30,"void dequantize_block_iq3_s<__half>(void const*, __half*)",130,42124928305880,42124928714920,0,0,32,1,1,3686400,1,1
"KERNEL_DISPATCH",4,2,78,"void tile_fp16_gemm<128, 64, 4, 8, 32, false>(__half const*, __half const*, float*, float*, int, int, int, long, int)",131,42124928714920,42124930105006,0,25088,256,1,1,23040,1,4
"KERNEL_DISPATCH",4,2,80,"tile_fp16_reduce_span(float const*, float*, int, int, int, long, long)",132,42124930105006,42124930223526,0,0,256,1,1,184320,1,1
"KERNEL_DISPATCH",4,2,69,"void convert_unary<float, __half>(void const*, __half*, long, long, long, HIP_vector_type<unsigned int, 3u>, long, long, long)",133,42124930250637,42124930272860,0,0,256,1,1,655360,1,1
"KERNEL_DISPATCH",4,2,30,"void dequantize_block_iq3_s<__half>(void const*, __half*)",134,42124930272860,42124930702049,0,0,32,1,1,3686400,1,1
"KERNEL_DISPATCH",4,2,78,"void tile_fp16_gemm<128, 64, 4, 8, 32, false>(__half const*, __half const*, float*, float*, int, int, int, long, int)",135,42124930702049,42124932081468,0,25088,256,1,1,23040,1,4
"KERNEL_DISPATCH",4,2,80,"tile_fp16_reduce_span(float const*, float*, int, int, int, long, long)",136,42124932081468,42124932155691,0,0,256,1,1,184320,1,1
"KERNEL_DISPATCH",4,2,69,"void convert_unary<float, __half>(void const*, __half*, long, long, long, HIP_vector_type<unsigned int, 3u>, long, long, long)",137,42124932181765,42124932203839,0,0,256,1,1,655360,1,1
"KERNEL_DISPATCH",4,2,30,"void dequantize_block_iq3_s<__half>(void const*, __half*)",138,42124932203839,42124932642806,0,0,32,1,1,3686400,1,1
"KERNEL_DISPATCH",4,2,78,"void tile_fp16_gemm<128, 64, 4, 8, 32, false>(__half const*, __half const*, float*, float*, int, int, int, long, int)",139,42124932643379,42124933867241,0,25088,256,1,1,23040,1,4
"KERNEL_DISPATCH",4,2,80,"tile_fp16_reduce_span(float const*, float*, int, int, int, long, long)",140,42124933867241,42124933916279,0,0,256,1,1,184320,1,1
"KERNEL_DISPATCH",4,2,69,"void convert_unary<float, __half>(void const*, __half*, long, long, long, HIP_vector_type<unsigned int, 3u>, long, long, long)",141,42124933938944,42124933957611,0,0,256,1,1,655360,1,1
"KERNEL_DISPATCH",4,2,30,"void dequantize_block_iq3_s<__half>(void const*, __half*)",142,42124933957611,42124934370800,0,0,32,1,1,3686400,1,1
"KERNEL_DISPATCH",4,2,78,"void tile_fp16_gemm<128, 64, 4, 8, 32, false>(__half const*, __half const*, float*, float*, int, int, int, long, int)",143,42124934370800,42124935495254,0,25088,256,1,1,23040,1,4
"KERNEL_DISPATCH",4,2,80,"tile_fp16_reduce_span(float const*, float*, int, int, int, long, long)",144,42124935495254,42124935546069,0,0,256,1,1,184320,1,1
"KERNEL_DISPATCH",4,2,69,"void convert_unary<float, __half>(void const*, __half*, long, long, long, HIP_vector_type<unsigned int, 3u>, long, long, long)",145,42124935568144,42124935586811,0,0,256,1,1,655360,1,1
"KERNEL_DISPATCH",4,2,30,"void dequantize_block_iq3_s<__half>(void const*, __half*)",146,42124935586811,42124935995999,0,0,32,1,1,3686400,1,1
"KERNEL_DISPATCH",4,2,78,"void tile_fp16_gemm<128, 64, 4, 8, 32, false>(__half const*, __half const*, float*, float*, int, int, int, long, int)",147,42124935995999,42124937183713,0,25088,256,1,1,23040,1,4
"KERNEL_DISPATCH",4,2,80,"tile_fp16_reduce_span(float const*, float*, int, int, int, long, long)",148,42124937183713,42124937234084,0,0,256,1,1,184320,1,1
"KERNEL_DISPATCH",4,2,69,"void convert_unary<float, __half>(void const*, __half*, long, long, long, HIP_vector_type<unsigned int, 3u>, long, long, long)",149,42124937256751,42124937275418,0,0,256,1,1,655360,1,1
"KERNEL_DISPATCH",4,2,30,"void dequantize_block_iq3_s<__half>(void const*, __half*)",150,42124937275418,42124937685051,0,0,32,1,1,3686400,1,1
"KERNEL_DISPATCH",4,2,78,"void tile_fp16_gemm<128, 64, 4, 8, 32, false>(__half const*, __half const*, float*, float*, int, int, int, long, int)",151,42124937685051,42124938900321,0,25088,256,1,1,23040,1,4
"KERNEL_DISPATCH",4,2,80,"tile_fp16_reduce_span(float const*, float*, int, int, int, long, long)",152,42124938900321,42124938950988,0,0,256,1,1,184320,1,1
"KERNEL_DISPATCH",4,2,69,"void convert_unary<float, __half>(void const*, __half*, long, long, long, HIP_vector_type<unsigned int, 3u>, long, long, long)",153,42124938973655,42124938992173,0,0,256,1,1,655360,1,1
"KERNEL_DISPATCH",4,2,30,"void dequantize_block_iq3_s<__half>(void const*, __half*)",154,42124938992173,42124939400621,0,0,32,1,1,3686400,1,1
"KERNEL_DISPATCH",4,2,78,"void tile_fp16_gemm<128, 64, 4, 8, 32, false>(__half const*, __half const*, float*, float*, int, int, int, long, int)",155,42124939400621,42124940530409,0,25088,256,1,1,23040,1,4
"KERNEL_DISPATCH",4,2,80,"tile_fp16_reduce_span(float const*, float*, int, int, int, long, long)",156,42124940530409,42124940579891,0,0,256,1,1,184320,1,1
"KERNEL_DISPATCH",4,2,69,"void convert_unary<float, __half>(void const*, __half*, long, long, long, HIP_vector_type<unsigned int, 3u>, long, long, long)",157,42124940602262,42124940620928,0,0,256,1,1,655360,1,1
"KERNEL_DISPATCH",4,2,30,"void dequantize_block_iq3_s<__half>(void const*, __half*)",158,42124940620928,42124941030413,0,0,32,1,1,3686400,1,1
"KERNEL_DISPATCH",4,2,78,"void tile_fp16_gemm<128, 64, 4, 8, 32, false>(__half const*, __half const*, float*, float*, int, int, int, long, int)",159,42124941030413,42124942254276,0,25088,256,1,1,23040,1,4
"KERNEL_DISPATCH",4,2,80,"tile_fp16_reduce_span(float const*, float*, int, int, int, long, long)",160,42124942254276,42124942304054,0,0,256,1,1,184320,1,1
"KERNEL_DISPATCH",4,2,69,"void convert_unary<float, __half>(void const*, __half*, long, long, long, HIP_vector_type<unsigned int, 3u>, long, long, long)",161,42124942327314,42124942345980,0,0,256,1,1,655360,1,1
"KERNEL_DISPATCH",4,2,30,"void dequantize_block_iq3_s<__half>(void const*, __half*)",162,42124942345980,42124942755021,0,0,32,1,1,3686400,1,1
"KERNEL_DISPATCH",4,2,78,"void tile_fp16_gemm<128, 64, 4, 8, 32, false>(__half const*, __half const*, float*, float*, int, int, int, long, int)",163,42124942755021,42124944176811,0,25088,256,1,1,23040,1,4
"KERNEL_DISPATCH",4,2,80,"tile_fp16_reduce_span(float const*, float*, int, int, int, long, long)",164,42124944176811,42124944251478,0,0,256,1,1,184320,1,1
"KERNEL_DISPATCH",4,2,69,"void convert_unary<float, __half>(void const*, __half*, long, long, long, HIP_vector_type<unsigned int, 3u>, long, long, long)",165,42124944278293,42124944300368,0,0,256,1,1,655360,1,1
"KERNEL_DISPATCH",4,2,30,"void dequantize_block_iq3_s<__half>(void const*, __half*)",166,42124944300368,42124944770298,0,0,32,1,1,3686400,1,1
"KERNEL_DISPATCH",4,2,78,"void tile_fp16_gemm<128, 64, 4, 8, 32, false>(__half const*, __half const*, float*, float*, int, int, int, long, int)",167,42124944770298,42124946054753,0,25088,256,1,1,23040,1,4
"KERNEL_DISPATCH",4,2,80,"tile_fp16_reduce_span(float const*, float*, int, int, int, long, long)",168,42124946054753,42124946106309,0,0,256,1,1,184320,1,1
"KERNEL_DISPATCH",4,2,69,"void convert_unary<float, __half>(void const*, __half*, long, long, long, HIP_vector_type<unsigned int, 3u>, long, long, long)",169,42124946129421,42124946147939,0,0,256,1,1,655360,1,1
"KERNEL_DISPATCH",4,2,30,"void dequantize_block_iq3_s<__half>(void const*, __half*)",170,42124946147939,42124946540239,0,0,32,1,1,3686400,1,1
"KERNEL_DISPATCH",4,2,78,"void tile_fp16_gemm<128, 64, 4, 8, 32, false>(__half const*, __half const*, float*, float*, int, int, int, long, int)",171,42124946540239,42124947698471,0,25088,256,1,1,23040,1,4
"KERNEL_DISPATCH",4,2,80,"tile_fp16_reduce_span(float const*, float*, int, int, int, long, long)",172,42124947698471,42124947748250,0,0,256,1,1,184320,1,1
"KERNEL_DISPATCH",4,2,69,"void convert_unary<float, __half>(void const*, __half*, long, long, long, HIP_vector_type<unsigned int, 3u>, long, long, long)",173,42124947770916,42124947789731,0,0,256,1,1,655360,1,1
"KERNEL_DISPATCH",4,2,30,"void dequantize_block_iq3_s<__half>(void const*, __half*)",174,42124947789731,42124948199068,0,0,32,1,1,3686400,1,1
"KERNEL_DISPATCH",4,2,78,"void tile_fp16_gemm<128, 64, 4, 8, 32, false>(__half const*, __half const*, float*, float*, int, int, int, long, int)",175,42124948199068,42124949419375,0,25088,256,1,1,23040,1,4
"KERNEL_DISPATCH",4,2,80,"tile_fp16_reduce_span(float const*, float*, int, int, int, long, long)",176,42124949419375,42124949535376,0,0,256,1,1,184320,1,1
"KERNEL_DISPATCH",4,2,69,"void convert_unary<float, __half>(void const*, __half*, long, long, long, HIP_vector_type<unsigned int, 3u>, long, long, long)",177,42124949562487,42124949584265,0,0,256,1,1,655360,1,1
"KERNEL_DISPATCH",4,2,30,"void dequantize_block_iq3_s<__half>(void const*, __half*)",178,42124949584265,42124950054195,0,0,32,1,1,3686400,1,1
"KERNEL_DISPATCH",4,2,78,"void tile_fp16_gemm<128, 64, 4, 8, 32, false>(__half const*, __half const*, float*, float*, int, int, int, long, int)",179,42124950054195,42124951278354,0,25088,256,1,1,23040,1,4
"KERNEL_DISPATCH",4,2,80,"tile_fp16_reduce_span(float const*, float*, int, int, int, long, long)",180,42124951278354,42124951329762,0,0,256,1,1,184320,1,1
"KERNEL_DISPATCH",4,2,69,"void convert_unary<float, __half>(void const*, __half*, long, long, long, HIP_vector_type<unsigned int, 3u>, long, long, long)",181,42124951360577,42124951382355,0,0,256,1,1,655360,1,1
"KERNEL_DISPATCH",4,2,30,"void dequantize_block_iq3_s<__half>(void const*, __half*)",182,42124951382355,42124951852581,0,0,32,1,1,3686400,1,1
"KERNEL_DISPATCH",4,2,78,"void tile_fp16_gemm<128, 64, 4, 8, 32, false>(__half const*, __half const*, float*, float*, int, int, int, long, int)",183,42124951852581,42124953146667,0,25088,256,1,1,23040,1,4
"KERNEL_DISPATCH",4,2,80,"tile_fp16_reduce_span(float const*, float*, int, int, int, long, long)",184,42124953146667,42124953197926,0,0,256,1,1,184320,1,1
"KERNEL_DISPATCH",4,2,69,"void convert_unary<float, __half>(void const*, __half*, long, long, long, HIP_vector_type<unsigned int, 3u>, long, long, long)",185,42124953220741,42124953239260,0,0,256,1,1,655360,1,1
"KERNEL_DISPATCH",4,2,30,"void dequantize_block_iq3_s<__half>(void const*, __half*)",186,42124953239260,42124953648745,0,0,32,1,1,3686400,1,1
"KERNEL_DISPATCH",4,2,78,"void tile_fp16_gemm<128, 64, 4, 8, 32, false>(__half const*, __half const*, float*, float*, int, int, int, long, int)",187,42124953648745,42124954973201,0,25088,256,1,1,23040,1,4
"KERNEL_DISPATCH",4,2,80,"tile_fp16_reduce_span(float const*, float*, int, int, int, long, long)",188,42124954973201,42124955022239,0,0,256,1,1,184320,1,1
"KERNEL_DISPATCH",4,2,69,"void convert_unary<float, __half>(void const*, __half*, long, long, long, HIP_vector_type<unsigned int, 3u>, long, long, long)",189,42124955044461,42124955063276,0,0,256,1,1,655360,1,1
"KERNEL_DISPATCH",4,2,30,"void dequantize_block_iq3_s<__half>(void const*, __half*)",190,42124955063276,42124955464317,0,0,32,1,1,3686400,1,1
"KERNEL_DISPATCH",4,2,78,"void tile_fp16_gemm<128, 64, 4, 8, 32, false>(__half const*, __half const*, float*, float*, int, int, int, long, int)",191,42124955464317,42124956585808,0,25088,256,1,1,23040,1,4
"KERNEL_DISPATCH",4,2,80,"tile_fp16_reduce_span(float const*, float*, int, int, int, long, long)",192,42124956585808,42124956635882,0,0,256,1,1,184320,1,1
"KERNEL_DISPATCH",4,2,69,"void convert_unary<float, __half>(void const*, __half*, long, long, long, HIP_vector_type<unsigned int, 3u>, long, long, long)",193,42124956658105,42124956676623,0,0,256,1,1,655360,1,1
"KERNEL_DISPATCH",4,2,30,"void dequantize_block_iq3_s<__half>(void const*, __half*)",194,42124956676623,42124957085664,0,0,32,1,1,3686400,1,1
"KERNEL_DISPATCH",4,2,78,"void tile_fp16_gemm<128, 64, 4, 8, 32, false>(__half const*, __half const*, float*, float*, int, int, int, long, int)",195,42124957085664,42124958276045,0,25088,256,1,1,23040,1,4
"KERNEL_DISPATCH",4,2,80,"tile_fp16_reduce_span(float const*, float*, int, int, int, long, long)",196,42124958276045,42124958325971,0,0,256,1,1,184320,1,1
"KERNEL_DISPATCH",4,2,69,"void convert_unary<float, __half>(void const*, __half*, long, long, long, HIP_vector_type<unsigned int, 3u>, long, long, long)",197,42124958359749,42124958381675,0,0,256,1,1,655360,1,1
"KERNEL_DISPATCH",4,2,30,"void dequantize_block_iq3_s<__half>(void const*, __half*)",198,42124958381675,42124958852346,0,0,32,1,1,3686400,1,1
"KERNEL_DISPATCH",4,2,78,"void tile_fp16_gemm<128, 64, 4, 8, 32, false>(__half const*, __half const*, float*, float*, int, int, int, long, int)",199,42124958852346,42124960114875,0,25088,256,1,1,23040,1,4
"KERNEL_DISPATCH",4,2,80,"tile_fp16_reduce_span(float const*, float*, int, int, int, long, long)",200,42124960114875,42124960166283,0,0,256,1,1,184320,1,1
"KERNEL_DISPATCH",4,2,69,"void convert_unary<float, __half>(void const*, __half*, long, long, long, HIP_vector_type<unsigned int, 3u>, long, long, long)",201,42124960188506,42124960207173,0,0,256,1,1,655360,1,1
"KERNEL_DISPATCH",4,2,30,"void dequantize_block_iq3_s<__half>(void const*, __half*)",202,42124960207173,42124960616213,0,0,32,1,1,3686400,1,1
"KERNEL_DISPATCH",4,2,78,"void tile_fp16_gemm<128, 64, 4, 8, 32, false>(__half const*, __half const*, float*, float*, int, int, int, long, int)",203,42124960616213,42124961787631,0,25088,256,1,1,23040,1,4
"KERNEL_DISPATCH",4,2,80,"tile_fp16_reduce_span(float const*, float*, int, int, int, long, long)",204,42124961787631,42124961838742,0,0,256,1,1,184320,1,1
"KERNEL_DISPATCH",4,2,69,"void convert_unary<float, __half>(void const*, __half*, long, long, long, HIP_vector_type<unsigned int, 3u>, long, long, long)",205,42124961861854,42124961880520,0,0,256,1,1,655360,1,1
"KERNEL_DISPATCH",4,2,30,"void dequantize_block_iq3_s<__half>(void const*, __half*)",206,42124961880520,42124962289709,0,0,32,1,1,3686400,1,1
"KERNEL_DISPATCH",4,2,78,"void tile_fp16_gemm<128, 64, 4, 8, 32, false>(__half const*, __half const*, float*, float*, int, int, int, long, int)",207,42124962289709,42124963404089,0,25088,256,1,1,23040,1,4
"KERNEL_DISPATCH",4,2,80,"tile_fp16_reduce_span(float const*, float*, int, int, int, long, long)",208,42124963404089,42124963454756,0,0,256,1,1,184320,1,1
"KERNEL_DISPATCH",4,2,69,"void convert_unary<float, __half>(void const*, __half*, long, long, long, HIP_vector_type<unsigned int, 3u>, long, long, long)",209,42124963476831,42124963495497,0,0,256,1,1,655360,1,1
"KERNEL_DISPATCH",4,2,30,"void dequantize_block_iq3_s<__half>(void const*, __half*)",210,42124963495497,42124963904834,0,0,32,1,1,3686400,1,1
"KERNEL_DISPATCH",4,2,78,"void tile_fp16_gemm<128, 64, 4, 8, 32, false>(__half const*, __half const*, float*, float*, int, int, int, long, int)",211,42124963904834,42124965084993,0,25088,256,1,1,23040,1,4
"KERNEL_DISPATCH",4,2,80,"tile_fp16_reduce_span(float const*, float*, int, int, int, long, long)",212,42124965084993,42124965135660,0,0,256,1,1,184320,1,1
"KERNEL_DISPATCH",4,2,69,"void convert_unary<float, __half>(void const*, __half*, long, long, long, HIP_vector_type<unsigned int, 3u>, long, long, long)",213,42124965158475,42124965177142,0,0,256,1,1,655360,1,1
"KERNEL_DISPATCH",4,2,30,"void dequantize_block_iq3_s<__half>(void const*, __half*)",214,42124965177142,42124965566330,0,0,32,1,1,3686400,1,1
"KERNEL_DISPATCH",4,2,78,"void tile_fp16_gemm<128, 64, 4, 8, 32, false>(__half const*, __half const*, float*, float*, int, int, int, long, int)",215,42124965566330,42124966734192,0,25088,256,1,1,23040,1,4
"KERNEL_DISPATCH",4,2,80,"tile_fp16_reduce_span(float const*, float*, int, int, int, long, long)",216,42124966734192,42124966784267,0,0,256,1,1,184320,1,1
"KERNEL_DISPATCH",4,2,69,"void convert_unary<float, __half>(void const*, __half*, long, long, long, HIP_vector_type<unsigned int, 3u>, long, long, long)",217,42124966806045,42124966824711,0,0,256,1,1,655360,1,1
"KERNEL_DISPATCH",4,2,30,"void dequantize_block_iq3_s<__half>(void const*, __half*)",218,42124966824711,42124967233900,0,0,32,1,1,3686400,1,1
"KERNEL_DISPATCH",4,2,78,"void tile_fp16_gemm<128, 64, 4, 8, 32, false>(__half const*, __half const*, float*, float*, int, int, int, long, int)",219,42124967233900,42124968474207,0,25088,256,1,1,23040,1,4
"KERNEL_DISPATCH",4,2,80,"tile_fp16_reduce_span(float const*, float*, int, int, int, long, long)",220,42124968474207,42124968548282,0,0,256,1,1,184320,1,1
"KERNEL_DISPATCH",4,2,69,"void convert_unary<float, __half>(void const*, __half*, long, long, long, HIP_vector_type<unsigned int, 3u>, long, long, long)",221,42124968575097,42124968597023,0,0,256,1,1,655360,1,1
"KERNEL_DISPATCH",4,2,30,"void dequantize_block_iq3_s<__half>(void const*, __half*)",222,42124968597023,42124969066805,0,0,32,1,1,3686400,1,1
"KERNEL_DISPATCH",4,2,78,"void tile_fp16_gemm<128, 64, 4, 8, 32, false>(__half const*, __half const*, float*, float*, int, int, int, long, int)",223,42124969066805,42124970317631,0,25088,256,1,1,23040,1,4
"KERNEL_DISPATCH",4,2,80,"tile_fp16_reduce_span(float const*, float*, int, int, int, long, long)",224,42124970317631,42124970396742,0,0,256,1,1,184320,1,1
"KERNEL_DISPATCH",4,2,69,"void convert_unary<float, __half>(void const*, __half*, long, long, long, HIP_vector_type<unsigned int, 3u>, long, long, long)",225,42124970422372,42124970444595,0,0,256,1,1,655360,1,1
"KERNEL_DISPATCH",4,2,30,"void dequantize_block_iq3_s<__half>(void const*, __half*)",226,42124970444595,42124970914377,0,0,32,1,1,3686400,1,1
"KERNEL_DISPATCH",4,2,78,"void tile_fp16_gemm<128, 64, 4, 8, 32, false>(__half const*, __half const*, float*, float*, int, int, int, long, int)",227,42124970914377,42124972215277,0,25088,256,1,1,23040,1,4
"KERNEL_DISPATCH",4,2,80,"tile_fp16_reduce_span(float const*, float*, int, int, int, long, long)",228,42124972215277,42124972265796,0,0,256,1,1,184320,1,1
"KERNEL_DISPATCH",4,2,69,"void convert_unary<float, __half>(void const*, __half*, long, long, long, HIP_vector_type<unsigned int, 3u>, long, long, long)",229,42124972288018,42124972306685,0,0,256,1,1,655360,1,1
"KERNEL_DISPATCH",4,2,30,"void dequantize_block_iq3_s<__half>(void const*, __half*)",230,42124972306685,42124972716170,0,0,32,1,1,3686400,1,1
"KERNEL_DISPATCH",4,2,78,"void tile_fp16_gemm<128, 64, 4, 8, 32, false>(__half const*, __half const*, float*, float*, int, int, int, long, int)",231,42124972716170,42124974014700,0,25088,256,1,1,23040,1,4
"KERNEL_DISPATCH",4,2,80,"tile_fp16_reduce_span(float const*, float*, int, int, int, long, long)",232,42124974014700,42124974089812,0,0,256,1,1,184320,1,1
"KERNEL_DISPATCH",4,2,69,"void convert_unary<float, __half>(void const*, __half*, long, long, long, HIP_vector_type<unsigned int, 3u>, long, long, long)",233,42124974115441,42124974137219,0,0,256,1,1,655360,1,1
"KERNEL_DISPATCH",4,2,30,"void dequantize_block_iq3_s<__half>(void const*, __half*)",234,42124974137219,42124974584927,0,0,32,1,1,3686400,1,1
"KERNEL_DISPATCH",4,2,78,"void tile_fp16_gemm<128, 64, 4, 8, 32, false>(__half const*, __half const*, float*, float*, int, int, int, long, int)",235,42124974584927,42124975773382,0,25088,256,1,1,23040,1,4
"KERNEL_DISPATCH",4,2,80,"tile_fp16_reduce_span(float const*, float*, int, int, int, long, long)",236,42124975773382,42124975824345,0,0,256,1,1,184320,1,1
"KERNEL_DISPATCH",4,2,69,"void convert_unary<float, __half>(void const*, __half*, long, long, long, HIP_vector_type<unsigned int, 3u>, long, long, long)",237,42124975846568,42124975865383,0,0,256,1,1,655360,1,1
"KERNEL_DISPATCH",4,2,30,"void dequantize_block_iq3_s<__half>(void const*, __half*)",238,42124975865383,42124976274868,0,0,32,1,1,3686400,1,1
"KERNEL_DISPATCH",4,2,78,"void tile_fp16_gemm<128, 64, 4, 8, 32, false>(__half const*, __half const*, float*, float*, int, int, int, long, int)",239,42124976274868,42124977452359,0,25088,256,1,1,23040,1,4
"KERNEL_DISPATCH",4,2,80,"tile_fp16_reduce_span(float const*, float*, int, int, int, long, long)",240,42124977452359,42124977500508,0,0,256,1,1,184320,1,1
"KERNEL_DISPATCH",4,2,69,"void convert_unary<float, __half>(void const*, __half*, long, long, long, HIP_vector_type<unsigned int, 3u>, long, long, long)",241,42124977522730,42124977541397,0,0,256,1,1,655360,1,1
"KERNEL_DISPATCH",4,2,30,"void dequantize_block_iq3_s<__half>(void const*, __half*)",242,42124977541397,42124977950734,0,0,32,1,1,3686400,1,1
"KERNEL_DISPATCH",4,2,78,"void tile_fp16_gemm<128, 64, 4, 8, 32, false>(__half const*, __half const*, float*, float*, int, int, int, long, int)",243,42124977950734,42124979140967,0,25088,256,1,1,23040,1,4
"KERNEL_DISPATCH",4,2,80,"tile_fp16_reduce_span(float const*, float*, int, int, int, long, long)",244,42124979140967,42124979190893,0,0,256,1,1,184320,1,1
"KERNEL_DISPATCH",4,2,69,"void convert_unary<float, __half>(void const*, __half*, long, long, long, HIP_vector_type<unsigned int, 3u>, long, long, long)",245,42124979214004,42124979232523,0,0,256,1,1,655360,1,1
"KERNEL_DISPATCH",4,2,30,"void dequantize_block_iq3_s<__half>(void const*, __half*)",246,42124979232523,42124979642008,0,0,32,1,1,3686400,1,1
"KERNEL_DISPATCH",4,2,78,"void tile_fp16_gemm<128, 64, 4, 8, 32, false>(__half const*, __half const*, float*, float*, int, int, int, long, int)",247,42124979642008,42124980826759,0,25088,256,1,1,23040,1,4
"KERNEL_DISPATCH",4,2,80,"tile_fp16_reduce_span(float const*, float*, int, int, int, long, long)",248,42124980826759,42124980877574,0,0,256,1,1,184320,1,1
"KERNEL_DISPATCH",4,2,69,"void convert_unary<float, __half>(void const*, __half*, long, long, long, HIP_vector_type<unsigned int, 3u>, long, long, long)",249,42124980900389,42124980919204,0,0,256,1,1,655360,1,1
"KERNEL_DISPATCH",4,2,30,"void dequantize_block_iq3_s<__half>(void const*, __half*)",250,42124980919204,42124981327060,0,0,32,1,1,3686400,1,1
"KERNEL_DISPATCH",4,2,78,"void tile_fp16_gemm<128, 64, 4, 8, 32, false>(__half const*, __half const*, float*, float*, int, int, int, long, int)",251,42124981327060,42124982427069,0,25088,256,1,1,23040,1,4
"KERNEL_DISPATCH",4,2,80,"tile_fp16_reduce_span(float const*, float*, int, int, int, long, long)",252,42124982427069,42124982477144,0,0,256,1,1,184320,1,1
"KERNEL_DISPATCH",4,2,69,"void convert_unary<float, __half>(void const*, __half*, long, long, long, HIP_vector_type<unsigned int, 3u>, long, long, long)",253,42131507210272,42131507286125,0,0,256,1,1,655360,1,1
"KERNEL_DISPATCH",4,2,30,"void dequantize_block_iq3_s<__half>(void const*, __half*)",254,42131507286125,42131507895907,0,0,32,1,1,3686400,1,1
"KERNEL_DISPATCH",4,2,78,"void tile_fp16_gemm<128, 64, 4, 8, 32, false>(__half const*, __half const*, float*, float*, int, int, int, long, int)",255,42131507895907,42131509025399,0,25088,256,1,1,23040,1,4
"KERNEL_DISPATCH",4,2,80,"tile_fp16_reduce_span(float const*, float*, int, int, int, long, long)",256,42131509025399,42131509111030,0,0,256,1,1,184320,1,1
"KERNEL_DISPATCH",4,2,69,"void convert_unary<float, __half>(void const*, __half*, long, long, long, HIP_vector_type<unsigned int, 3u>, long, long, long)",257,42131509410144,42131509426737,0,0,256,1,1,655360,1,1
"KERNEL_DISPATCH",4,2,30,"void dequantize_block_iq3_s<__half>(void const*, __half*)",258,42131509426737,42131509774295,0,0,32,1,1,3686400,1,1
"KERNEL_DISPATCH",4,2,78,"void tile_fp16_gemm<128, 64, 4, 8, 32, false>(__half const*, __half const*, float*, float*, int, int, int, long, int)",259,42131509774295,42131510899787,0,25088,256,1,1,23040,1,4
"KERNEL_DISPATCH",4,2,80,"tile_fp16_reduce_span(float const*, float*, int, int, int, long, long)",260,42131510899787,42131510943788,0,0,256,1,1,184320,1,1
"KERNEL_DISPATCH",4,2,69,"void convert_unary<float, __half>(void const*, __half*, long, long, long, HIP_vector_type<unsigned int, 3u>, long, long, long)",261,42131510964973,42131510980973,0,0,256,1,1,655360,1,1
"KERNEL_DISPATCH",4,2,30,"void dequantize_block_iq3_s<__half>(void const*, __half*)",262,42131510980973,42131511326014,0,0,32,1,1,3686400,1,1
"KERNEL_DISPATCH",4,2,78,"void tile_fp16_gemm<128, 64, 4, 8, 32, false>(__half const*, __half const*, float*, float*, int, int, int, long, int)",263,42131511326014,42131512444246,0,25088,256,1,1,23040,1,4
"KERNEL_DISPATCH",4,2,80,"tile_fp16_reduce_span(float const*, float*, int, int, int, long, long)",264,42131512444246,42131512488987,0,0,256,1,1,184320,1,1
"KERNEL_DISPATCH",4,2,69,"void convert_unary<float, __half>(void const*, __half*, long, long, long, HIP_vector_type<unsigned int, 3u>, long, long, long)",265,42131512515062,42131512531803,0,0,256,1,1,655360,1,1
"KERNEL_DISPATCH",4,2,30,"void dequantize_block_iq3_s<__half>(void const*, __half*)",266,42131512531803,42131512899213,0,0,32,1,1,3686400,1,1
"KERNEL_DISPATCH",4,2,78,"void tile_fp16_gemm<128, 64, 4, 8, 32, false>(__half const*, __half const*, float*, float*, int, int, int, long, int)",267,42131512899213,42131514087373,0,25088,256,1,1,23040,1,4
"KERNEL_DISPATCH",4,2,80,"tile_fp16_reduce_span(float const*, float*, int, int, int, long, long)",268,42131514087373,42131514136706,0,0,256,1,1,184320,1,1
"KERNEL_DISPATCH",4,2,69,"void convert_unary<float, __half>(void const*, __half*, long, long, long, HIP_vector_type<unsigned int, 3u>, long, long, long)",269,42131514159225,42131514177744,0,0,256,1,1,655360,1,1
"KERNEL_DISPATCH",4,2,30,"void dequantize_block_iq3_s<__half>(void const*, __half*)",270,42131514177744,42131514587229,0,0,32,1,1,3686400,1,1
"KERNEL_DISPATCH",4,2,78,"void tile_fp16_gemm<128, 64, 4, 8, 32, false>(__half const*, __half const*, float*, float*, int, int, int, long, int)",271,42131514587229,42131515728277,0,25088,256,1,1,23040,1,4
"KERNEL_DISPATCH",4,2,80,"tile_fp16_reduce_span(float const*, float*, int, int, int, long, long)",272,42131515728277,42131515778055,0,0,256,1,1,184320,1,1
"KERNEL_DISPATCH",4,2,69,"void convert_unary<float, __half>(void const*, __half*, long, long, long, HIP_vector_type<unsigned int, 3u>, long, long, long)",273,42131515800574,42131515819092,0,0,256,1,1,655360,1,1
"KERNEL_DISPATCH",4,2,30,"void dequantize_block_iq3_s<__half>(void const*, __half*)",274,42131515819092,42131516228281,0,0,32,1,1,3686400,1,1
"KERNEL_DISPATCH",4,2,78,"void tile_fp16_gemm<128, 64, 4, 8, 32, false>(__half const*, __half const*, float*, float*, int, int, int, long, int)",275,42131516228281,42131517367700,0,25088,256,1,1,23040,1,4
"KERNEL_DISPATCH",4,2,80,"tile_fp16_reduce_span(float const*, float*, int, int, int, long, long)",276,42131517367700,42131517412441,0,0,256,1,1,184320,1,1
"KERNEL_DISPATCH",4,2,69,"void convert_unary<float, __half>(void const*, __half*, long, long, long, HIP_vector_type<unsigned int, 3u>, long, long, long)",277,42131517433033,42131517449774,0,0,256,1,1,655360,1,1
"KERNEL_DISPATCH",4,2,30,"void dequantize_block_iq3_s<__half>(void const*, __half*)",278,42131517449774,42131517804889,0,0,32,1,1,3686400,1,1
"KERNEL_DISPATCH",4,2,78,"void tile_fp16_gemm<128, 64, 4, 8, 32, false>(__half const*, __half const*, float*, float*, int, int, int, long, int)",279,42131517804889,42131518913492,0,25088,256,1,1,23040,1,4
"KERNEL_DISPATCH",4,2,80,"tile_fp16_reduce_span(float const*, float*, int, int, int, long, long)",280,42131518913492,42131518958825,0,0,256,1,1,184320,1,1
"KERNEL_DISPATCH",4,2,69,"void convert_unary<float, __half>(void const*, __half*, long, long, long, HIP_vector_type<unsigned int, 3u>, long, long, long)",281,42131518980011,42131518996604,0,0,256,1,1,655360,1,1
"KERNEL_DISPATCH",4,2,30,"void dequantize_block_iq3_s<__half>(void const*, __half*)",282,42131518996604,42131519363718,0,0,32,1,1,3686400,1,1
"KERNEL_DISPATCH",4,2,78,"void tile_fp16_gemm<128, 64, 4, 8, 32, false>(__half const*, __half const*, float*, float*, int, int, int, long, int)",283,42131519363718,42131520497062,0,25088,256,1,1,23040,1,4
"KERNEL_DISPATCH",4,2,80,"tile_fp16_reduce_span(float const*, float*, int, int, int, long, long)",284,42131520497062,42131520540618,0,0,256,1,1,184320,1,1
"KERNEL_DISPATCH",4,2,69,"void convert_unary<float, __half>(void const*, __half*, long, long, long, HIP_vector_type<unsigned int, 3u>, long, long, long)",285,42131520561063,42131520577804,0,0,256,1,1,655360,1,1
"KERNEL_DISPATCH",4,2,30,"void dequantize_block_iq3_s<__half>(void const*, __half*)",286,42131520577804,42131520993511,0,0,32,1,1,3686400,1,1
"KERNEL_DISPATCH",4,2,78,"void tile_fp16_gemm<128, 64, 4, 8, 32, false>(__half const*, __half const*, float*, float*, int, int, int, long, int)",287,42131520993511,42131522292190,0,25088,256,1,1,23040,1,4
"KERNEL_DISPATCH",4,2,80,"tile_fp16_reduce_span(float const*, float*, int, int, int, long, long)",288,42131522292190,42131522410561,0,0,256,1,1,184320,1,1
"KERNEL_DISPATCH",4,2,69,"void convert_unary<float, __half>(void const*, __half*, long, long, long, HIP_vector_type<unsigned int, 3u>, long, long, long)",289,42131522436932,42131522458858,0,0,256,1,1,655360,1,1
"KERNEL_DISPATCH",4,2,30,"void dequantize_block_iq3_s<__half>(void const*, __half*)",290,42131522458858,42131522904344,0,0,32,1,1,3686400,1,1
"KERNEL_DISPATCH",4,2,78,"void tile_fp16_gemm<128, 64, 4, 8, 32, false>(__half const*, __half const*, float*, float*, int, int, int, long, int)",291,42131522904344,42131524080355,0,25088,256,1,1,23040,1,4
"KERNEL_DISPATCH",4,2,80,"tile_fp16_reduce_span(float const*, float*, int, int, int, long, long)",292,42131524080355,42131524129837,0,0,256,1,1,184320,1,1
"KERNEL_DISPATCH",4,2,69,"void convert_unary<float, __half>(void const*, __half*, long, long, long, HIP_vector_type<unsigned int, 3u>, long, long, long)",293,42131524152355,42131524170874,0,0,256,1,1,655360,1,1
"KERNEL_DISPATCH",4,2,30,"void dequantize_block_iq3_s<__half>(void const*, __half*)",294,42131524170874,42131524580359,0,0,32,1,1,3686400,1,1
"KERNEL_DISPATCH",4,2,78,"void tile_fp16_gemm<128, 64, 4, 8, 32, false>(__half const*, __half const*, float*, float*, int, int, int, long, int)",295,42131524580359,42131525697555,0,25088,256,1,1,23040,1,4
"KERNEL_DISPATCH",4,2,80,"tile_fp16_reduce_span(float const*, float*, int, int, int, long, long)",296,42131525697555,42131525747778,0,0,256,1,1,184320,1,1
"KERNEL_DISPATCH",4,2,69,"void convert_unary<float, __half>(void const*, __half*, long, long, long, HIP_vector_type<unsigned int, 3u>, long, long, long)",297,42131525769852,42131525788371,0,0,256,1,1,655360,1,1
"KERNEL_DISPATCH",4,2,30,"void dequantize_block_iq3_s<__half>(void const*, __half*)",298,42131525788371,42131526197856,0,0,32,1,1,3686400,1,1
"KERNEL_DISPATCH",4,2,78,"void tile_fp16_gemm<128, 64, 4, 8, 32, false>(__half const*, __half const*, float*, float*, int, int, int, long, int)",299,42131526197856,42131527374311,0,25088,256,1,1,23040,1,4
"KERNEL_DISPATCH",4,2,80,"tile_fp16_reduce_span(float const*, float*, int, int, int, long, long)",300,42131527374311,42131527423941,0,0,256,1,1,184320,1,1
"KERNEL_DISPATCH",4,2,69,"void convert_unary<float, __half>(void const*, __half*, long, long, long, HIP_vector_type<unsigned int, 3u>, long, long, long)",301,42131527472238,42131527490905,0,0,256,1,1,655360,1,1
"KERNEL_DISPATCH",4,2,30,"void dequantize_block_iq3_s<__half>(void const*, __half*)",302,42131527490905,42131527879501,0,0,32,1,1,3686400,1,1
"KERNEL_DISPATCH",4,2,78,"void tile_fp16_gemm<128, 64, 4, 8, 32, false>(__half const*, __half const*, float*, float*, int, int, int, long, int)",303,42131527879501,42131528998475,0,25088,256,1,1,23040,1,4
"KERNEL_DISPATCH",4,2,80,"tile_fp16_reduce_span(float const*, float*, int, int, int, long, long)",304,42131528998475,42131529047808,0,0,256,1,1,184320,1,1
"KERNEL_DISPATCH",4,2,69,"void convert_unary<float, __half>(void const*, __half*, long, long, long, HIP_vector_type<unsigned int, 3u>, long, long, long)",305,42131529069735,42131529088253,0,0,256,1,1,655360,1,1
"KERNEL_DISPATCH",4,2,30,"void dequantize_block_iq3_s<__half>(void const*, __half*)",306,42131529088253,42131529497442,0,0,32,1,1,3686400,1,1
"KERNEL_DISPATCH",4,2,78,"void tile_fp16_gemm<128, 64, 4, 8, 32, false>(__half const*, __half const*, float*, float*, int, int, int, long, int)",307,42131529497442,42131530716417,0,25088,256,1,1,23040,1,4
"KERNEL_DISPATCH",4,2,80,"tile_fp16_reduce_span(float const*, float*, int, int, int, long, long)",308,42131530716417,42131530765899,0,0,256,1,1,184320,1,1
"KERNEL_DISPATCH",4,2,69,"void convert_unary<float, __half>(void const*, __half*, long, long, long, HIP_vector_type<unsigned int, 3u>, long, long, long)",309,42131530788417,42131530806936,0,0,256,1,1,655360,1,1
"KERNEL_DISPATCH",4,2,30,"void dequantize_block_iq3_s<__half>(void const*, __half*)",310,42131530806936,42131531216421,0,0,32,1,1,3686400,1,1
"KERNEL_DISPATCH",4,2,78,"void tile_fp16_gemm<128, 64, 4, 8, 32, false>(__half const*, __half const*, float*, float*, int, int, int, long, int)",311,42131531216421,42131532382358,0,25088,256,1,1,23040,1,4
"KERNEL_DISPATCH",4,2,80,"tile_fp16_reduce_span(float const*, float*, int, int, int, long, long)",312,42131532382358,42131532434062,0,0,256,1,1,184320,1,1
"KERNEL_DISPATCH",4,2,69,"void convert_unary<float, __half>(void const*, __half*, long, long, long, HIP_vector_type<unsigned int, 3u>, long, long, long)",313,42131532455988,42131532474655,0,0,256,1,1,655360,1,1
"KERNEL_DISPATCH",4,2,30,"void dequantize_block_iq3_s<__half>(void const*, __half*)",314,42131532474655,42131532864140,0,0,32,1,1,3686400,1,1
"KERNEL_DISPATCH",4,2,78,"void tile_fp16_gemm<128, 64, 4, 8, 32, false>(__half const*, __half const*, float*, float*, int, int, int, long, int)",315,42131532864140,42131533964447,0,25088,256,1,1,23040,1,4
"KERNEL_DISPATCH",4,2,80,"tile_fp16_reduce_span(float const*, float*, int, int, int, long, long)",316,42131533964447,42131534014966,0,0,256,1,1,184320,1,1
"KERNEL_DISPATCH",4,2,69,"void convert_unary<float, __half>(void const*, __half*, long, long, long, HIP_vector_type<unsigned int, 3u>, long, long, long)",317,42131534059263,42131534077781,0,0,256,1,1,655360,1,1
"KERNEL_DISPATCH",4,2,30,"void dequantize_block_iq3_s<__half>(void const*, __half*)",318,42131534077781,42131534487415,0,0,32,1,1,3686400,1,1
"KERNEL_DISPATCH",4,2,78,"void tile_fp16_gemm<128, 64, 4, 8, 32, false>(__half const*, __half const*, float*, float*, int, int, int, long, int)",319,42131534487415,42131535713648,0,25088,256,1,1,23040,1,4
"KERNEL_DISPATCH",4,2,80,"tile_fp16_reduce_span(float const*, float*, int, int, int, long, long)",320,42131535713648,42131535786982,0,0,256,1,1,184320,1,1
"KERNEL_DISPATCH",4,2,69,"void convert_unary<float, __half>(void const*, __half*, long, long, long, HIP_vector_type<unsigned int, 3u>, long, long, long)",321,42131535812316,42131535834390,0,0,256,1,1,655360,1,1
"KERNEL_DISPATCH",4,2,30,"void dequantize_block_iq3_s<__half>(void const*, __half*)",322,42131535834390,42131536304765,0,0,32,1,1,3686400,1,1
"KERNEL_DISPATCH",4,2,78,"void tile_fp16_gemm<128, 64, 4, 8, 32, false>(__half const*, __half const*, float*, float*, int, int, int, long, int)",323,42131536304765,42131537563740,0,25088,256,1,1,23040,1,4
"KERNEL_DISPATCH",4,2,80,"tile_fp16_reduce_span(float const*, float*, int, int, int, long, long)",324,42131537563740,42131537614703,0,0,256,1,1,184320,1,1
"KERNEL_DISPATCH",4,2,69,"void convert_unary<float, __half>(void const*, __half*, long, long, long, HIP_vector_type<unsigned int, 3u>, long, long, long)",325,42131537638852,42131537672185,0,0,256,1,1,655360,1,1
"KERNEL_DISPATCH",4,2,30,"void dequantize_block_iq3_s<__half>(void const*, __half*)",326,42131537672185,42131538142560,0,0,32,1,1,3686400,1,1
"KERNEL_DISPATCH",4,2,78,"void tile_fp16_gemm<128, 64, 4, 8, 32, false>(__half const*, __half const*, float*, float*, int, int, int, long, int)",327,42131538142560,42131539435461,0,25088,256,1,1,23040,1,4
"KERNEL_DISPATCH",4,2,80,"tile_fp16_reduce_span(float const*, float*, int, int, int, long, long)",328,42131539435461,42131539485832,0,0,256,1,1,184320,1,1
"KERNEL_DISPATCH",4,2,69,"void convert_unary<float, __half>(void const*, __half*, long, long, long, HIP_vector_type<unsigned int, 3u>, long, long, long)",329,42131539509980,42131539528647,0,0,256,1,1,655360,1,1
"KERNEL_DISPATCH",4,2,30,"void dequantize_block_iq3_s<__half>(void const*, __half*)",330,42131539528647,42131539913243,0,0,32,1,1,3686400,1,1
"KERNEL_DISPATCH",4,2,78,"void tile_fp16_gemm<128, 64, 4, 8, 32, false>(__half const*, __half const*, float*, float*, int, int, int, long, int)",331,42131539913243,42131541036809,0,25088,256,1,1,23040,1,4
"KERNEL_DISPATCH",4,2,80,"tile_fp16_reduce_span(float const*, float*, int, int, int, long, long)",332,42131541036809,42131541088069,0,0,256,1,1,184320,1,1
"KERNEL_DISPATCH",4,2,69,"void convert_unary<float, __half>(void const*, __half*, long, long, long, HIP_vector_type<unsigned int, 3u>, long, long, long)",333,42131541110143,42131541128810,0,0,256,1,1,655360,1,1
"KERNEL_DISPATCH",4,2,30,"void dequantize_block_iq3_s<__half>(void const*, __half*)",334,42131541128810,42131541537851,0,0,32,1,1,3686400,1,1
"KERNEL_DISPATCH",4,2,78,"void tile_fp16_gemm<128, 64, 4, 8, 32, false>(__half const*, __half const*, float*, float*, int, int, int, long, int)",335,42131541537851,42131542764677,0,25088,256,1,1,23040,1,4
"KERNEL_DISPATCH",4,2,80,"tile_fp16_reduce_span(float const*, float*, int, int, int, long, long)",336,42131542764677,42131542815344,0,0,256,1,1,184320,1,1
"KERNEL_DISPATCH",4,2,69,"void convert_unary<float, __half>(void const*, __half*, long, long, long, HIP_vector_type<unsigned int, 3u>, long, long, long)",337,42131542838456,42131542857123,0,0,256,1,1,655360,1,1
"KERNEL_DISPATCH",4,2,30,"void dequantize_block_iq3_s<__half>(void const*, __half*)",338,42131542857123,42131543266460,0,0,32,1,1,3686400,1,1
"KERNEL_DISPATCH",4,2,78,"void tile_fp16_gemm<128, 64, 4, 8, 32, false>(__half const*, __half const*, float*, float*, int, int, int, long, int)",339,42131543266460,42131544380100,0,25088,256,1,1,23040,1,4
"KERNEL_DISPATCH",4,2,80,"tile_fp16_reduce_span(float const*, float*, int, int, int, long, long)",340,42131544380100,42131544425878,0,0,256,1,1,184320,1,1
"KERNEL_DISPATCH",4,2,69,"void convert_unary<float, __half>(void const*, __half*, long, long, long, HIP_vector_type<unsigned int, 3u>, long, long, long)",341,42131544446767,42131544463656,0,0,256,1,1,655360,1,1
"KERNEL_DISPATCH",4,2,30,"void dequantize_block_iq3_s<__half>(void const*, __half*)",342,42131544463656,42131544818030,0,0,32,1,1,3686400,1,1
"KERNEL_DISPATCH",4,2,78,"void tile_fp16_gemm<128, 64, 4, 8, 32, false>(__half const*, __half const*, float*, float*, int, int, int, long, int)",343,42131544818030,42131545928855,0,25088,256,1,1,23040,1,4
"KERNEL_DISPATCH",4,2,80,"tile_fp16_reduce_span(float const*, float*, int, int, int, long, long)",344,42131545928855,42131545974633,0,0,256,1,1,184320,1,1
"KERNEL_DISPATCH",4,2,69,"void convert_unary<float, __half>(void const*, __half*, long, long, long, HIP_vector_type<unsigned int, 3u>, long, long, long)",345,42131545995374,42131546012115,0,0,256,1,1,655360,1,1
"KERNEL_DISPATCH",4,2,30,"void dequantize_block_iq3_s<__half>(void const*, __half*)",346,42131546012115,42131546379229,0,0,32,1,1,3686400,1,1
"KERNEL_DISPATCH",4,2,78,"void tile_fp16_gemm<128, 64, 4, 8, 32, false>(__half const*, __half const*, float*, float*, int, int, int, long, int)",347,42131546379229,42131547540129,0,25088,256,1,1,23040,1,4
"KERNEL_DISPATCH",4,2,80,"tile_fp16_reduce_span(float const*, float*, int, int, int, long, long)",348,42131547540129,42131547590204,0,0,256,1,1,184320,1,1
"KERNEL_DISPATCH",4,2,69,"void convert_unary<float, __half>(void const*, __half*, long, long, long, HIP_vector_type<unsigned int, 3u>, long, long, long)",349,42131547612426,42131547630945,0,0,256,1,1,655360,1,1
"KERNEL_DISPATCH",4,2,30,"void dequantize_block_iq3_s<__half>(void const*, __half*)",350,42131547630945,42131548105320,0,0,32,1,1,3686400,1,1
"KERNEL_DISPATCH",4,2,78,"void tile_fp16_gemm<128, 64, 4, 8, 32, false>(__half const*, __half const*, float*, float*, int, int, int, long, int)",351,42131548105320,42131549388739,0,25088,256,1,1,23040,1,4
"KERNEL_DISPATCH",4,2,80,"tile_fp16_reduce_span(float const*, float*, int, int, int, long, long)",352,42131549388739,42131549439406,0,0,256,1,1,184320,1,1
"KERNEL_DISPATCH",4,2,69,"void convert_unary<float, __half>(void const*, __half*, long, long, long, HIP_vector_type<unsigned int, 3u>, long, long, long)",353,42131549461480,42131549480295,0,0,256,1,1,655360,1,1
"KERNEL_DISPATCH",4,2,30,"void dequantize_block_iq3_s<__half>(void const*, __half*)",354,42131549480295,42131549869336,0,0,32,1,1,3686400,1,1
"KERNEL_DISPATCH",4,2,78,"void tile_fp16_gemm<128, 64, 4, 8, 32, false>(__half const*, __half const*, float*, float*, int, int, int, long, int)",355,42131549869336,42131551024754,0,25088,256,1,1,23040,1,4
"KERNEL_DISPATCH",4,2,80,"tile_fp16_reduce_span(float const*, float*, int, int, int, long, long)",356,42131551024754,42131551075570,0,0,256,1,1,184320,1,1
"KERNEL_DISPATCH",4,2,69,"void convert_unary<float, __half>(void const*, __half*, long, long, long, HIP_vector_type<unsigned int, 3u>, long, long, long)",357,42131551099570,42131551181200,0,0,256,1,1,655360,1,1
"KERNEL_DISPATCH",4,2,30,"void dequantize_block_iq3_s<__half>(void const*, __half*)",358,42131551181200,42131551590834,0,0,32,1,1,3686400,1,1
"KERNEL_DISPATCH",4,2,78,"void tile_fp16_gemm<128, 64, 4, 8, 32, false>(__half const*, __half const*, float*, float*, int, int, int, long, int)",359,42131551590834,42131552771585,0,25088,256,1,1,23040,1,4
"KERNEL_DISPATCH",4,2,80,"tile_fp16_reduce_span(float const*, float*, int, int, int, long, long)",360,42131552771585,42131552822401,0,0,256,1,1,184320,1,1
"KERNEL_DISPATCH",4,2,69,"void convert_unary<float, __half>(void const*, __half*, long, long, long, HIP_vector_type<unsigned int, 3u>, long, long, long)",361,42131552844623,42131552863290,0,0,256,1,1,655360,1,1
"KERNEL_DISPATCH",4,2,30,"void dequantize_block_iq3_s<__half>(void const*, __half*)",362,42131552863290,42131553272775,0,0,32,1,1,3686400,1,1
"KERNEL_DISPATCH",4,2,78,"void tile_fp16_gemm<128, 64, 4, 8, 32, false>(__half const*, __half const*, float*, float*, int, int, int, long, int)",363,42131553272775,42131554439453,0,25088,256,1,1,23040,1,4
"KERNEL_DISPATCH",4,2,80,"tile_fp16_reduce_span(float const*, float*, int, int, int, long, long)",364,42131554439453,42131554483009,0,0,256,1,1,184320,1,1
"KERNEL_DISPATCH",4,2,69,"void convert_unary<float, __half>(void const*, __half*, long, long, long, HIP_vector_type<unsigned int, 3u>, long, long, long)",365,42131554503157,42131554519898,0,0,256,1,1,655360,1,1
"KERNEL_DISPATCH",4,2,30,"void dequantize_block_iq3_s<__half>(void const*, __half*)",366,42131554519898,42131554887161,0,0,32,1,1,3686400,1,1
"KERNEL_DISPATCH",4,2,78,"void tile_fp16_gemm<128, 64, 4, 8, 32, false>(__half const*, __half const*, float*, float*, int, int, int, long, int)",367,42131554887161,42131555998430,0,25088,256,1,1,23040,1,4
"KERNEL_DISPATCH",4,2,80,"tile_fp16_reduce_span(float const*, float*, int, int, int, long, long)",368,42131555998430,42131556048801,0,0,256,1,1,184320,1,1
"KERNEL_DISPATCH",4,2,69,"void convert_unary<float, __half>(void const*, __half*, long, long, long, HIP_vector_type<unsigned int, 3u>, long, long, long)",369,42131556070875,42131556089394,0,0,256,1,1,655360,1,1
"KERNEL_DISPATCH",4,2,30,"void dequantize_block_iq3_s<__half>(void const*, __half*)",370,42131556089394,42131556498879,0,0,32,1,1,3686400,1,1
"KERNEL_DISPATCH",4,2,78,"void tile_fp16_gemm<128, 64, 4, 8, 32, false>(__half const*, __half const*, float*, float*, int, int, int, long, int)",371,42131556498879,42131557732224,0,25088,256,1,1,23040,1,4
"KERNEL_DISPATCH",4,2,80,"tile_fp16_reduce_span(float const*, float*, int, int, int, long, long)",372,42131557732224,42131557805410,0,0,256,1,1,184320,1,1
"KERNEL_DISPATCH",4,2,69,"void convert_unary<float, __half>(void const*, __half*, long, long, long, HIP_vector_type<unsigned int, 3u>, long, long, long)",373,42131557830447,42131557852374,0,0,256,1,1,655360,1,1
"KERNEL_DISPATCH",4,2,30,"void dequantize_block_iq3_s<__half>(void const*, __half*)",374,42131557852374,42131558322452,0,0,32,1,1,3686400,1,1
"KERNEL_DISPATCH",4,2,78,"void tile_fp16_gemm<128, 64, 4, 8, 32, false>(__half const*, __half const*, float*, float*, int, int, int, long, int)",375,42131558322452,42131559558760,0,25088,256,1,1,23040,1,4
"KERNEL_DISPATCH",4,2,80,"tile_fp16_reduce_span(float const*, float*, int, int, int, long, long)",376,42131559558760,42131559610464,0,0,256,1,1,184320,1,1
"KERNEL_DISPATCH",4,2,69,"void convert_unary<float, __half>(void const*, __half*, long, long, long, HIP_vector_type<unsigned int, 3u>, long, long, long)",377,42131559634316,42131559668094,0,0,256,1,1,655360,1,1
"KERNEL_DISPATCH",4,2,30,"void dequantize_block_iq3_s<__half>(void const*, __half*)",378,42131559668094,42131560137876,0,0,32,1,1,3686400,1,1
"KERNEL_DISPATCH",4,2,80,"tile_fp16_reduce_span(float const*, float*, int, int, int, long, long)",380,42131561401296,42131561451666,0,0,256,1,1,184320,1,1
"KERNEL_DISPATCH",4,2,78,"void tile_fp16_gemm<128, 64, 4, 8, 32, false>(__half const*, __half const*, float*, float*, int, int, int, long, int)",379,42131560137876,42131561401296,0,25088,256,1,1,23040,1,4
"KERNEL_DISPATCH",4,2,69,"void convert_unary<float, __half>(void const*, __half*, long, long, long, HIP_vector_type<unsigned int, 3u>, long, long, long)",381,42131561473592,42131561492259,0,0,256,1,1,655360,1,1
"KERNEL_DISPATCH",4,2,30,"void dequantize_block_iq3_s<__half>(void const*, __half*)",382,42131561492259,42131561880411,0,0,32,1,1,3686400,1,1
"KERNEL_DISPATCH",4,2,80,"tile_fp16_reduce_span(float const*, float*, int, int, int, long, long)",384,42131563015385,42131563065311,0,0,256,1,1,184320,1,1
"KERNEL_DISPATCH",4,2,78,"void tile_fp16_gemm<128, 64, 4, 8, 32, false>(__half const*, __half const*, float*, float*, int, int, int, long, int)",383,42131561880411,42131563015385,0,25088,256,1,1,23040,1,4
"KERNEL_DISPATCH",4,2,69,"void convert_unary<float, __half>(void const*, __half*, long, long, long, HIP_vector_type<unsigned int, 3u>, long, long, long)",385,42131563087089,42131563105756,0,0,256,1,1,655360,1,1
"KERNEL_DISPATCH",4,2,30,"void dequantize_block_iq3_s<__half>(void const*, __half*)",386,42131563105756,42131563515241,0,0,32,1,1,3686400,1,1
"KERNEL_DISPATCH",4,2,78,"void tile_fp16_gemm<128, 64, 4, 8, 32, false>(__half const*, __half const*, float*, float*, int, int, int, long, int)",387,42131563515241,42131564721623,0,25088,256,1,1,23040,1,4
"KERNEL_DISPATCH",4,2,80,"tile_fp16_reduce_span(float const*, float*, int, int, int, long, long)",388,42131564721623,42131564795846,0,0,256,1,1,184320,1,1
"KERNEL_DISPATCH",4,2,69,"void convert_unary<float, __half>(void const*, __half*, long, long, long, HIP_vector_type<unsigned int, 3u>, long, long, long)",389,42131564848735,42131564870809,0,0,256,1,1,655360,1,1
"KERNEL_DISPATCH",4,2,30,"void dequantize_block_iq3_s<__half>(void const*, __half*)",390,42131564870809,42131565341480,0,0,32,1,1,3686400,1,1
"KERNEL_DISPATCH",4,2,80,"tile_fp16_reduce_span(float const*, float*, int, int, int, long, long)",392,42131566589344,42131566641344,0,0,256,1,1,184320,1,1
"KERNEL_DISPATCH",4,2,78,"void tile_fp16_gemm<128, 64, 4, 8, 32, false>(__half const*, __half const*, float*, float*, int, int, int, long, int)",391,42131565341480,42131566589344,0,25088,256,1,1,23040,1,4
"KERNEL_DISPATCH",4,2,69,"void convert_unary<float, __half>(void const*, __half*, long, long, long, HIP_vector_type<unsigned int, 3u>, long, long, long)",393,42131566671271,42131566693049,0,0,256,1,1,655360,1,1
"KERNEL_DISPATCH",4,2,30,"void dequantize_block_iq3_s<__half>(void const*, __half*)",394,42131566693049,42131567162979,0,0,32,1,1,3686400,1,1
"KERNEL_DISPATCH",4,2,78,"void tile_fp16_gemm<128, 64, 4, 8, 32, false>(__half const*, __half const*, float*, float*, int, int, int, long, int)",395,42131567162979,42131568447732,0,25088,256,1,1,23040,1,4
"KERNEL_DISPATCH",4,2,80,"tile_fp16_reduce_span(float const*, float*, int, int, int, long, long)",396,42131568447732,42131568498251,0,0,256,1,1,184320,1,1
"KERNEL_DISPATCH",4,2,69,"void convert_unary<float, __half>(void const*, __half*, long, long, long, HIP_vector_type<unsigned int, 3u>, long, long, long)",397,42131568520918,42131568539584,0,0,256,1,1,655360,1,1
"KERNEL_DISPATCH",4,2,30,"void dequantize_block_iq3_s<__half>(void const*, __half*)",398,42131568539584,42131568949070,0,0,32,1,1,3686400,1,1
"KERNEL_DISPATCH",4,2,78,"void tile_fp16_gemm<128, 64, 4, 8, 32, false>(__half const*, __half const*, float*, float*, int, int, int, long, int)",399,42131568948748,42131570124166,0,25088,256,1,1,23040,1,4
"KERNEL_DISPATCH",4,2,80,"tile_fp16_reduce_span(float const*, float*, int, int, int, long, long)",400,42131570124166,42131570174536,0,0,256,1,1,184320,1,1
"KERNEL_DISPATCH",4,2,69,"void convert_unary<float, __half>(void const*, __half*, long, long, long, HIP_vector_type<unsigned int, 3u>, long, long, long)",401,42131570196759,42131570215425,0,0,256,1,1,655360,1,1
"KERNEL_DISPATCH",4,2,30,"void dequantize_block_iq3_s<__half>(void const*, __half*)",402,42131570215425,42131570624614,0,0,32,1,1,3686400,1,1
"KERNEL_DISPATCH",4,2,78,"void tile_fp16_gemm<128, 64, 4, 8, 32, false>(__half const*, __half const*, float*, float*, int, int, int, long, int)",403,42131570624614,42131571766106,0,25088,256,1,1,23040,1,4
"KERNEL_DISPATCH",4,2,80,"tile_fp16_reduce_span(float const*, float*, int, int, int, long, long)",404,42131571766106,42131571816033,0,0,256,1,1,184320,1,1
"KERNEL_DISPATCH",4,2,69,"void convert_unary<float, __half>(void const*, __half*, long, long, long, HIP_vector_type<unsigned int, 3u>, long, long, long)",405,42131571837811,42131571856330,0,0,256,1,1,655360,1,1
"KERNEL_DISPATCH",4,2,30,"void dequantize_block_iq3_s<__half>(void const*, __half*)",406,42131571856330,42131572265815,0,0,32,1,1,3686400,1,1
"KERNEL_DISPATCH",4,2,78,"void tile_fp16_gemm<128, 64, 4, 8, 32, false>(__half const*, __half const*, float*, float*, int, int, int, long, int)",407,42131572265815,42131573464344,0,25088,256,1,1,23040,1,4
"KERNEL_DISPATCH",4,2,80,"tile_fp16_reduce_span(float const*, float*, int, int, int, long, long)",408,42131573464344,42131573514863,0,0,256,1,1,184320,1,1
"KERNEL_DISPATCH",4,2,69,"void convert_unary<float, __half>(void const*, __half*, long, long, long, HIP_vector_type<unsigned int, 3u>, long, long, long)",409,42131573537382,42131573555901,0,0,256,1,1,655360,1,1
"KERNEL_DISPATCH",4,2,30,"void dequantize_block_iq3_s<__half>(void const*, __half*)",410,42131573555901,42131573938719,0,0,32,1,1,3686400,1,1
"KERNEL_DISPATCH",4,2,80,"tile_fp16_reduce_span(float const*, float*, int, int, int, long, long)",412,42131575071619,42131575121693,0,0,256,1,1,184320,1,1
"KERNEL_DISPATCH",4,2,78,"void tile_fp16_gemm<128, 64, 4, 8, 32, false>(__half const*, __half const*, float*, float*, int, int, int, long, int)",411,42131573938719,42131575071619,0,25088,256,1,1,23040,1,4
"KERNEL_DISPATCH",4,2,69,"void convert_unary<float, __half>(void const*, __half*, long, long, long, HIP_vector_type<unsigned int, 3u>, long, long, long)",413,42131575143768,42131575162583,0,0,256,1,1,655360,1,1
"KERNEL_DISPATCH",4,2,30,"void dequantize_block_iq3_s<__half>(void const*, __half*)",414,42131575162583,42131575572216,0,0,32,1,1,3686400,1,1
"KERNEL_DISPATCH",4,2,78,"void tile_fp16_gemm<128, 64, 4, 8, 32, false>(__half const*, __half const*, float*, float*, int, int, int, long, int)",415,42131575572216,42131576795338,0,25088,256,1,1,23040,1,4
"KERNEL_DISPATCH",4,2,80,"tile_fp16_reduce_span(float const*, float*, int, int, int, long, long)",416,42131576795338,42131576868376,0,0,256,1,1,184320,1,1
"KERNEL_DISPATCH",4,2,69,"void convert_unary<float, __half>(void const*, __half*, long, long, long, HIP_vector_type<unsigned int, 3u>, long, long, long)",417,42131576893562,42131576915340,0,0,256,1,1,655360,1,1
"KERNEL_DISPATCH",4,2,30,"void dequantize_block_iq3_s<__half>(void const*, __half*)",418,42131576915340,42131577385270,0,0,32,1,1,3686400,1,1
"KERNEL_DISPATCH",4,2,78,"void tile_fp16_gemm<128, 64, 4, 8, 32, false>(__half const*, __half const*, float*, float*, int, int, int, long, int)",419,42131577385270,42131578605874,0,25088,256,1,1,23040,1,4
"KERNEL_DISPATCH",4,2,80,"tile_fp16_reduce_span(float const*, float*, int, int, int, long, long)",420,42131578605874,42131578673282,0,0,256,1,1,184320,1,1
"KERNEL_DISPATCH",4,2,69,"void convert_unary<float, __half>(void const*, __half*, long, long, long, HIP_vector_type<unsigned int, 3u>, long, long, long)",421,42131578714171,42131578736097,0,0,256,1,1,655360,1,1
"KERNEL_DISPATCH",4,2,30,"void dequantize_block_iq3_s<__half>(void const*, __half*)",422,42131578736097,42131579206028,0,0,32,1,1,3686400,1,1
"KERNEL_DISPATCH",4,2,78,"void tile_fp16_gemm<128, 64, 4, 8, 32, false>(__half const*, __half const*, float*, float*, int, int, int, long, int)",423,42131579206028,42131580486928,0,25088,256,1,1,23040,1,4
"KERNEL_DISPATCH",4,2,80,"tile_fp16_reduce_span(float const*, float*, int, int, int, long, long)",424,42131580486928,42131580538336,0,0,256,1,1,184320,1,1
"KERNEL_DISPATCH",4,2,69,"void convert_unary<float, __half>(void const*, __half*, long, long, long, HIP_vector_type<unsigned int, 3u>, long, long, long)",425,42131580561003,42131580579670,0,0,256,1,1,655360,1,1
"KERNEL_DISPATCH",4,2,30,"void dequantize_block_iq3_s<__half>(void const*, __half*)",426,42131580579670,42131580989007,0,0,32,1,1,3686400,1,1
"KERNEL_DISPATCH",4,2,78,"void tile_fp16_gemm<128, 64, 4, 8, 32, false>(__half const*, __half const*, float*, float*, int, int, int, long, int)",427,42131580989007,42131582205759,0,25088,256,1,1,23040,1,4
"KERNEL_DISPATCH",4,2,80,"tile_fp16_reduce_span(float const*, float*, int, int, int, long, long)",428,42131582205759,42131582255389,0,0,256,1,1,184320,1,1
"KERNEL_DISPATCH",4,2,69,"void convert_unary<float, __half>(void const*, __half*, long, long, long, HIP_vector_type<unsigned int, 3u>, long, long, long)",429,42131582278204,42131582296871,0,0,256,1,1,655360,1,1
"KERNEL_DISPATCH",4,2,30,"void dequantize_block_iq3_s<__half>(void const*, __half*)",430,42131582296871,42131582706653,0,0,32,1,1,3686400,1,1
"KERNEL_DISPATCH",4,2,78,"void tile_fp16_gemm<128, 64, 4, 8, 32, false>(__half const*, __half const*, float*, float*, int, int, int, long, int)",431,42131582706653,42131583826367,0,25088,256,1,1,23040,1,4
"KERNEL_DISPATCH",4,2,80,"tile_fp16_reduce_span(float const*, float*, int, int, int, long, long)",432,42131583826367,42131583876145,0,0,256,1,1,184320,1,1
"KERNEL_DISPATCH",4,2,69,"void convert_unary<float, __half>(void const*, __half*, long, long, long, HIP_vector_type<unsigned int, 3u>, long, long, long)",433,42131583897627,42131583916294,0,0,256,1,1,655360,1,1
"KERNEL_DISPATCH",4,2,30,"void dequantize_block_iq3_s<__half>(void const*, __half*)",434,42131583916294,42131584325483,0,0,32,1,1,3686400,1,1
"KERNEL_DISPATCH",4,2,78,"void tile_fp16_gemm<128, 64, 4, 8, 32, false>(__half const*, __half const*, float*, float*, int, int, int, long, int)",435,42131584325483,42131585511123,0,25088,256,1,1,23040,1,4
"KERNEL_DISPATCH",4,2,80,"tile_fp16_reduce_span(float const*, float*, int, int, int, long, long)",436,42131585511123,42131585562235,0,0,256,1,1,184320,1,1
"KERNEL_DISPATCH",4,2,69,"void convert_unary<float, __half>(void const*, __half*, long, long, long, HIP_vector_type<unsigned int, 3u>, long, long, long)",437,42131585584605,42131585603272,0,0,256,1,1,655360,1,1
"KERNEL_DISPATCH",4,2,30,"void dequantize_block_iq3_s<__half>(void const*, __half*)",438,42131585603272,42131586012461,0,0,32,1,1,3686400,1,1
"KERNEL_DISPATCH",4,2,78,"void tile_fp16_gemm<128, 64, 4, 8, 32, false>(__half const*, __half const*, float*, float*, int, int, int, long, int)",439,42131586012461,42131587396770,0,25088,256,1,1,23040,1,4
"KERNEL_DISPATCH",4,2,80,"tile_fp16_reduce_span(float const*, float*, int, int, int, long, long)",440,42131587396770,42131587470993,0,0,256,1,1,184320,1,1
"KERNEL_DISPATCH",4,2,69,"void convert_unary<float, __half>(void const*, __half*, long, long, long, HIP_vector_type<unsigned int, 3u>, long, long, long)",441,42131587496327,42131587518401,0,0,256,1,1,655360,1,1
"KERNEL_DISPATCH",4,2,30,"void dequantize_block_iq3_s<__half>(void const*, __half*)",442,42131587518401,42131587956924,0,0,32,1,1,3686400,1,1
"KERNEL_DISPATCH",4,2,78,"void tile_fp16_gemm<128, 64, 4, 8, 32, false>(__half const*, __half const*, float*, float*, int, int, int, long, int)",443,42131587956924,42131589153972,0,25088,256,1,1,23040,1,4
"KERNEL_DISPATCH",4,2,80,"tile_fp16_reduce_span(float const*, float*, int, int, int, long, long)",444,42131589153972,42131589203898,0,0,256,1,1,184320,1,1
"KERNEL_DISPATCH",4,2,69,"void convert_unary<float, __half>(void const*, __half*, long, long, long, HIP_vector_type<unsigned int, 3u>, long, long, long)",445,42131589225676,42131589244195,0,0,256,1,1,655360,1,1
"KERNEL_DISPATCH",4,2,30,"void dequantize_block_iq3_s<__half>(void const*, __half*)",446,42131589244195,42131589650421,0,0,32,1,1,3686400,1,1
"KERNEL_DISPATCH",4,2,78,"void tile_fp16_gemm<128, 64, 4, 8, 32, false>(__half const*, __half const*, float*, float*, int, int, int, long, int)",447,42131589650421,42131590762876,0,25088,256,1,1,23040,1,4
"KERNEL_DISPATCH",4,2,80,"tile_fp16_reduce_span(float const*, float*, int, int, int, long, long)",448,42131590762876,42131590813247,0,0,256,1,1,184320,1,1
"KERNEL_DISPATCH",4,2,69,"void convert_unary<float, __half>(void const*, __half*, long, long, long, HIP_vector_type<unsigned int, 3u>, long, long, long)",449,42131590835469,42131590854136,0,0,256,1,1,655360,1,1
"KERNEL_DISPATCH",4,2,30,"void dequantize_block_iq3_s<__half>(void const*, __half*)",450,42131590854136,42131591263325,0,0,32,1,1,3686400,1,1
"KERNEL_DISPATCH",4,2,78,"void tile_fp16_gemm<128, 64, 4, 8, 32, false>(__half const*, __half const*, float*, float*, int, int, int, long, int)",451,42131591263325,42131592496670,0,25088,256,1,1,23040,1,4
"KERNEL_DISPATCH",4,2,80,"tile_fp16_reduce_span(float const*, float*, int, int, int, long, long)",452,42131592496670,42131592545707,0,0,256,1,1,184320,1,1
"KERNEL_DISPATCH",4,2,69,"void convert_unary<float, __half>(void const*, __half*, long, long, long, HIP_vector_type<unsigned int, 3u>, long, long, long)",453,42131592570152,42131592588819,0,0,256,1,1,655360,1,1
"KERNEL_DISPATCH",4,2,30,"void dequantize_block_iq3_s<__half>(void const*, __half*)",454,42131592588819,42131592998600,0,0,32,1,1,3686400,1,1
"KERNEL_DISPATCH",4,2,78,"void tile_fp16_gemm<128, 64, 4, 8, 32, false>(__half const*, __half const*, float*, float*, int, int, int, long, int)",455,42131592998600,42131594221723,0,25088,256,1,1,23040,1,4
"KERNEL_DISPATCH",4,2,80,"tile_fp16_reduce_span(float const*, float*, int, int, int, long, long)",456,42131594221723,42131594271946,0,0,256,1,1,184320,1,1
"KERNEL_DISPATCH",4,2,69,"void convert_unary<float, __half>(void const*, __half*, long, long, long, HIP_vector_type<unsigned int, 3u>, long, long, long)",457,42131594294316,42131594312983,0,0,256,1,1,655360,1,1
"KERNEL_DISPATCH",4,2,30,"void dequantize_block_iq3_s<__half>(void const*, __half*)",458,42131594312983,42131594719950,0,0,32,1,1,3686400,1,1
"KERNEL_DISPATCH",4,2,78,"void tile_fp16_gemm<128, 64, 4, 8, 32, false>(__half const*, __half const*, float*, float*, int, int, int, long, int)",459,42131594719950,42131595806034,0,25088,256,1,1,23040,1,4
"KERNEL_DISPATCH",4,2,80,"tile_fp16_reduce_span(float const*, float*, int, int, int, long, long)",460,42131595806034,42131595856257,0,0,256,1,1,184320,1,1
"KERNEL_DISPATCH",4,2,69,"void convert_unary<float, __half>(void const*, __half*, long, long, long, HIP_vector_type<unsigned int, 3u>, long, long, long)",461,42131595878331,42131595896998,0,0,256,1,1,655360,1,1
"KERNEL_DISPATCH",4,2,30,"void dequantize_block_iq3_s<__half>(void const*, __half*)",462,42131595896998,42131596306187,0,0,32,1,1,3686400,1,1
"KERNEL_DISPATCH",4,2,78,"void tile_fp16_gemm<128, 64, 4, 8, 32, false>(__half const*, __half const*, float*, float*, int, int, int, long, int)",463,42131596306187,42131597490494,0,25088,256,1,1,23040,1,4
"KERNEL_DISPATCH",4,2,80,"tile_fp16_reduce_span(float const*, float*, int, int, int, long, long)",464,42131597490494,42131597542346,0,0,256,1,1,184320,1,1
"KERNEL_DISPATCH",4,2,69,"void convert_unary<float, __half>(void const*, __half*, long, long, long, HIP_vector_type<unsigned int, 3u>, long, long, long)",465,42131597588717,42131597607236,0,0,256,1,1,655360,1,1
"KERNEL_DISPATCH",4,2,30,"void dequantize_block_iq3_s<__half>(void const*, __half*)",466,42131597607236,42131598016277,0,0,32,1,1,3686400,1,1
"KERNEL_DISPATCH",4,2,78,"void tile_fp16_gemm<128, 64, 4, 8, 32, false>(__half const*, __half const*, float*, float*, int, int, int, long, int)",467,42131598016277,42131599212584,0,25088,256,1,1,23040,1,4
"KERNEL_DISPATCH",4,2,80,"tile_fp16_reduce_span(float const*, float*, int, int, int, long, long)",468,42131599212584,42131599262807,0,0,256,1,1,184320,1,1
"KERNEL_DISPATCH",4,2,69,"void convert_unary<float, __half>(void const*, __half*, long, long, long, HIP_vector_type<unsigned int, 3u>, long, long, long)",469,42131599286066,42131599304585,0,0,256,1,1,655360,1,1
"KERNEL_DISPATCH",4,2,30,"void dequantize_block_iq3_s<__half>(void const*, __half*)",470,42131599304585,42131599713033,0,0,32,1,1,3686400,1,1
"KERNEL_DISPATCH",4,2,78,"void tile_fp16_gemm<128, 64, 4, 8, 32, false>(__half const*, __half const*, float*, float*, int, int, int, long, int)",471,42131599713033,42131600795265,0,25088,256,1,1,23040,1,4
"KERNEL_DISPATCH",4,2,80,"tile_fp16_reduce_span(float const*, float*, int, int, int, long, long)",472,42131600795265,42131600845784,0,0,256,1,1,184320,1,1
"KERNEL_DISPATCH",4,2,69,"void convert_unary<float, __half>(void const*, __half*, long, long, long, HIP_vector_type<unsigned int, 3u>, long, long, long)",473,42131600867859,42131600886377,0,0,256,1,1,655360,1,1
"KERNEL_DISPATCH",4,2,30,"void dequantize_block_iq3_s<__half>(void const*, __half*)",474,42131600886377,42131601295418,0,0,32,1,1,3686400,1,1
"KERNEL_DISPATCH",4,2,78,"void tile_fp16_gemm<128, 64, 4, 8, 32, false>(__half const*, __half const*, float*, float*, int, int, int, long, int)",475,42131601295418,42131602494392,0,25088,256,1,1,23040,1,4
"KERNEL_DISPATCH",4,2,80,"tile_fp16_reduce_span(float const*, float*, int, int, int, long, long)",476,42131602494392,42131602544911,0,0,256,1,1,184320,1,1
"KERNEL_DISPATCH",4,2,69,"void convert_unary<float, __half>(void const*, __half*, long, long, long, HIP_vector_type<unsigned int, 3u>, long, long, long)",477,42131602567282,42131602585949,0,0,256,1,1,655360,1,1
"KERNEL_DISPATCH",4,2,30,"void dequantize_block_iq3_s<__half>(void const*, __half*)",478,42131602585949,42131602995286,0,0,32,1,1,3686400,1,1
"KERNEL_DISPATCH",4,2,78,"void tile_fp16_gemm<128, 64, 4, 8, 32, false>(__half const*, __half const*, float*, float*, int, int, int, long, int)",479,42131602995286,42131604331298,0,25088,256,1,1,23040,1,4
"KERNEL_DISPATCH",4,2,80,"tile_fp16_reduce_span(float const*, float*, int, int, int, long, long)",480,42131604331298,42131604405373,0,0,256,1,1,184320,1,1
"KERNEL_DISPATCH",4,2,69,"void convert_unary<float, __half>(void const*, __half*, long, long, long, HIP_vector_type<unsigned int, 3u>, long, long, long)",481,42131604430559,42131604452633,0,0,256,1,1,655360,1,1
"KERNEL_DISPATCH",4,2,30,"void dequantize_block_iq3_s<__half>(void const*, __half*)",482,42131604452633,42131604900044,0,0,32,1,1,3686400,1,1
"KERNEL_DISPATCH",4,2,78,"void tile_fp16_gemm<128, 64, 4, 8, 32, false>(__half const*, __half const*, float*, float*, int, int, int, long, int)",483,42131604900044,42131606108352,0,25088,256,1,1,23040,1,4
"KERNEL_DISPATCH",4,2,80,"tile_fp16_reduce_span(float const*, float*, int, int, int, long, long)",484,42131606108352,42131606157834,0,0,256,1,1,184320,1,1
"KERNEL_DISPATCH",4,2,69,"void convert_unary<float, __half>(void const*, __half*, long, long, long, HIP_vector_type<unsigned int, 3u>, long, long, long)",485,42131606179908,42131606198871,0,0,256,1,1,655360,1,1
"KERNEL_DISPATCH",4,2,30,"void dequantize_block_iq3_s<__half>(void const*, __half*)",486,42131606198871,42131606608208,0,0,32,1,1,3686400,1,1
"KERNEL_DISPATCH",4,2,78,"void tile_fp16_gemm<128, 64, 4, 8, 32, false>(__half const*, __half const*, float*, float*, int, int, int, long, int)",487,42131606608208,42131607730737,0,25088,256,1,1,23040,1,4
"KERNEL_DISPATCH",4,2,80,"tile_fp16_reduce_span(float const*, float*, int, int, int, long, long)",488,42131607730737,42131607780812,0,0,256,1,1,184320,1,1
"KERNEL_DISPATCH",4,2,69,"void convert_unary<float, __half>(void const*, __half*, long, long, long, HIP_vector_type<unsigned int, 3u>, long, long, long)",489,42131607802738,42131607821553,0,0,256,1,1,655360,1,1
"KERNEL_DISPATCH",4,2,30,"void dequantize_block_iq3_s<__half>(void const*, __half*)",490,42131607821553,42131608230890,0,0,32,1,1,3686400,1,1
"KERNEL_DISPATCH",4,2,78,"void tile_fp16_gemm<128, 64, 4, 8, 32, false>(__half const*, __half const*, float*, float*, int, int, int, long, int)",491,42131608230890,42131609431642,0,25088,256,1,1,23040,1,4
"KERNEL_DISPATCH",4,2,80,"tile_fp16_reduce_span(float const*, float*, int, int, int, long, long)",492,42131609431642,42131609481272,0,0,256,1,1,184320,1,1
"KERNEL_DISPATCH",4,2,69,"void convert_unary<float, __half>(void const*, __half*, long, long, long, HIP_vector_type<unsigned int, 3u>, long, long, long)",493,42131609506754,42131609525569,0,0,256,1,1,655360,1,1
"KERNEL_DISPATCH",4,2,30,"void dequantize_block_iq3_s<__half>(void const*, __half*)",494,42131609525569,42131609911795,0,0,32,1,1,3686400,1,1
"KERNEL_DISPATCH",4,2,78,"void tile_fp16_gemm<128, 64, 4, 8, 32, false>(__half const*, __half const*, float*, float*, int, int, int, long, int)",495,42131609911795,42131611080398,0,25088,256,1,1,23040,1,4
"KERNEL_DISPATCH",4,2,80,"tile_fp16_reduce_span(float const*, float*, int, int, int, long, long)",496,42131611080398,42131611130176,0,0,256,1,1,184320,1,1
"KERNEL_DISPATCH",4,2,69,"void convert_unary<float, __half>(void const*, __half*, long, long, long, HIP_vector_type<unsigned int, 3u>, long, long, long)",497,42131611152251,42131611170918,0,0,256,1,1,655360,1,1
"KERNEL_DISPATCH",4,2,30,"void dequantize_block_iq3_s<__half>(void const*, __half*)",498,42131611170918,42131611580107,0,0,32,1,1,3686400,1,1
"KERNEL_DISPATCH",4,2,78,"void tile_fp16_gemm<128, 64, 4, 8, 32, false>(__half const*, __half const*, float*, float*, int, int, int, long, int)",499,42131611580107,42131612780118,0,25088,256,1,1,23040,1,4
"KERNEL_DISPATCH",4,2,80,"tile_fp16_reduce_span(float const*, float*, int, int, int, long, long)",500,42131612780118,42131612830489,0,0,256,1,1,184320,1,1
"KERNEL_DISPATCH",4,2,69,"void convert_unary<float, __half>(void const*, __half*, long, long, long, HIP_vector_type<unsigned int, 3u>, long, long, long)",501,42131612852859,42131612871378,0,0,256,1,1,655360,1,1
"KERNEL_DISPATCH",4,2,30,"void dequantize_block_iq3_s<__half>(void const*, __half*)",502,42131612871378,42131613280863,0,0,32,1,1,3686400,1,1
"KERNEL_DISPATCH",4,2,78,"void tile_fp16_gemm<128, 64, 4, 8, 32, false>(__half const*, __half const*, float*, float*, int, int, int, long, int)",503,42131613280863,42131614523245,0,25088,256,1,1,23040,1,4
"KERNEL_DISPATCH",4,2,80,"tile_fp16_reduce_span(float const*, float*, int, int, int, long, long)",504,42131614523245,42131614573023,0,0,256,1,1,184320,1,1
"KERNEL_DISPATCH",4,2,69,"void convert_unary<float, __half>(void const*, __half*, long, long, long, HIP_vector_type<unsigned int, 3u>, long, long, long)",505,42138014403302,42138014612785,0,0,256,1,1,2228224,1,1
"KERNEL_DISPATCH",4,2,30,"void dequantize_block_iq3_s<__half>(void const*, __half*)",506,42138014612785,42138015201530,0,0,32,1,1,3620864,1,1
"KERNEL_DISPATCH",4,2,78,"void tile_fp16_gemm<128, 64, 4, 8, 32, false>(__half const*, __half const*, float*, float*, int, int, int, long, int)",507,42138015201530,42138016235022,0,25088,256,1,1,6656,1,8
"KERNEL_DISPATCH",4,2,80,"tile_fp16_reduce_span(float const*, float*, int, int, int, long, long)",508,42138016235022,42138016261096,0,0,256,1,1,53248,1,1
"KERNEL_DISPATCH",4,2,69,"void convert_unary<float, __half>(void const*, __half*, long, long, long, HIP_vector_type<unsigned int, 3u>, long, long, long)",509,42138016501987,42138016553543,0,0,256,1,1,2228224,1,1
"KERNEL_DISPATCH",4,2,30,"void dequantize_block_iq3_s<__half>(void const*, __half*)",510,42138016553543,42138016892510,0,0,32,1,1,3620864,1,1
"KERNEL_DISPATCH",4,2,78,"void tile_fp16_gemm<128, 64, 4, 8, 32, false>(__half const*, __half const*, float*, float*, int, int, int, long, int)",511,42138016892510,42138017927779,0,25088,256,1,1,6656,1,8
"KERNEL_DISPATCH",4,2,80,"tile_fp16_reduce_span(float const*, float*, int, int, int, long, long)",512,42138017927779,42138017952964,0,0,256,1,1,53248,1,1
"KERNEL_DISPATCH",4,2,69,"void convert_unary<float, __half>(void const*, __half*, long, long, long, HIP_vector_type<unsigned int, 3u>, long, long, long)",513,42138017974446,42138018025409,0,0,256,1,1,2228224,1,1
"KERNEL_DISPATCH",4,2,30,"void dequantize_block_iq3_s<__half>(void const*, __half*)",514,42138018025409,42138018386302,0,0,32,1,1,3620864,1,1
"KERNEL_DISPATCH",4,2,80,"tile_fp16_reduce_span(float const*, float*, int, int, int, long, long)",516,42138019449127,42138019491498,0,0,256,1,1,53248,1,1
"KERNEL_DISPATCH",4,2,78,"void tile_fp16_gemm<128, 64, 4, 8, 32, false>(__half const*, __half const*, float*, float*, int, int, int, long, int)",515,42138018386302,42138019449127,0,25088,256,1,1,6656,1,8
"KERNEL_DISPATCH",4,2,69,"void convert_unary<float, __half>(void const*, __half*, long, long, long, HIP_vector_type<unsigned int, 3u>, long, long, long)",517,42138019519053,42138019575795,0,0,256,1,1,2228224,1,1
"KERNEL_DISPATCH",4,2,30,"void dequantize_block_iq3_s<__half>(void const*, __half*)",518,42138019575795,42138019977873,0,0,32,1,1,3620864,1,1
"KERNEL_DISPATCH",4,2,78,"void tile_fp16_gemm<128, 64, 4, 8, 32, false>(__half const*, __half const*, float*, float*, int, int, int, long, int)",519,42138019977873,42138021019957,0,25088,256,1,1,6656,1,8
"KERNEL_DISPATCH",4,2,80,"tile_fp16_reduce_span(float const*, float*, int, int, int, long, long)",520,42138021019957,42138021048105,0,0,256,1,1,53248,1,1
"KERNEL_DISPATCH",4,2,69,"void convert_unary<float, __half>(void const*, __half*, long, long, long, HIP_vector_type<unsigned int, 3u>, long, long, long)",521,42138021070179,42138021126921,0,0,256,1,1,2228224,1,1
"KERNEL_DISPATCH",4,2,30,"void dequantize_block_iq3_s<__half>(void const*, __half*)",522,42138021126921,42138021528702,0,0,32,1,1,3620864,1,1
"KERNEL_DISPATCH",4,2,78,"void tile_fp16_gemm<128, 64, 4, 8, 32, false>(__half const*, __half const*, float*, float*, int, int, int, long, int)",523,42138021528702,42138022775825,0,25088,256,1,1,6656,1,8
"KERNEL_DISPATCH",4,2,80,"tile_fp16_reduce_span(float const*, float*, int, int, int, long, long)",524,42138022775825,42138022819974,0,0,256,1,1,53248,1,1
"KERNEL_DISPATCH",4,2,69,"void convert_unary<float, __half>(void const*, __half*, long, long, long, HIP_vector_type<unsigned int, 3u>, long, long, long)",525,42138022844271,42138022914493,0,0,256,1,1,2228224,1,1
"KERNEL_DISPATCH",4,2,30,"void dequantize_block_iq3_s<__half>(void const*, __half*)",526,42138022914493,42138023334201,0,0,32,1,1,3620864,1,1
"KERNEL_DISPATCH",4,2,78,"void tile_fp16_gemm<128, 64, 4, 8, 32, false>(__half const*, __half const*, float*, float*, int, int, int, long, int)",527,42138023334201,42138024418360,0,25088,256,1,1,6656,1,8
"KERNEL_DISPATCH",4,2,80,"tile_fp16_reduce_span(float const*, float*, int, int, int, long, long)",528,42138024418360,42138024460731,0,0,256,1,1,53248,1,1
"KERNEL_DISPATCH",4,2,69,"void convert_unary<float, __half>(void const*, __half*, long, long, long, HIP_vector_type<unsigned int, 3u>, long, long, long)",529,42138024483249,42138024540287,0,0,256,1,1,2228224,1,1
"KERNEL_DISPATCH",4,2,30,"void dequantize_block_iq3_s<__half>(void const*, __half*)",530,42138024540287,42138024940883,0,0,32,1,1,3620864,1,1
"KERNEL_DISPATCH",4,2,78,"void tile_fp16_gemm<128, 64, 4, 8, 32, false>(__half const*, __half const*, float*, float*, int, int, int, long, int)",531,42138024940883,42138025965930,0,25088,256,1,1,6656,1,8
"KERNEL_DISPATCH",4,2,80,"tile_fp16_reduce_span(float const*, float*, int, int, int, long, long)",532,42138025965930,42138025993930,0,0,256,1,1,53248,1,1
"KERNEL_DISPATCH",4,2,69,"void convert_unary<float, __half>(void const*, __half*, long, long, long, HIP_vector_type<unsigned int, 3u>, long, long, long)",533,42138026015412,42138026071857,0,0,256,1,1,2228224,1,1
"KERNEL_DISPATCH",4,2,30,"void dequantize_block_iq3_s<__half>(void const*, __half*)",534,42138026071857,42138026473787,0,0,32,1,1,3620864,1,1
"KERNEL_DISPATCH",4,2,78,"void tile_fp16_gemm<128, 64, 4, 8, 32, false>(__half const*, __half const*, float*, float*, int, int, int, long, int)",535,42138026473787,42138027792318,0,25088,256,1,1,6656,1,8
"KERNEL_DISPATCH",4,2,80,"tile_fp16_reduce_span(float const*, float*, int, int, int, long, long)",536,42138027792318,42138027835874,0,0,256,1,1,53248,1,1
"KERNEL_DISPATCH",4,2,69,"void convert_unary<float, __half>(void const*, __half*, long, long, long, HIP_vector_type<unsigned int, 3u>, long, long, long)",537,42138027860467,42138027931134,0,0,256,1,1,2228224,1,1
"KERNEL_DISPATCH",4,2,30,"void dequantize_block_iq3_s<__half>(void const*, __half*)",538,42138027931134,42138028347879,0,0,32,1,1,3620864,1,1
"KERNEL_DISPATCH",4,2,78,"void tile_fp16_gemm<128, 64, 4, 8, 32, false>(__half const*, __half const*, float*, float*, int, int, int, long, int)",539,42138028347879,42138029441519,0,25088,256,1,1,6656,1,8
"KERNEL_DISPATCH",4,2,80,"tile_fp16_reduce_span(float const*, float*, int, int, int, long, long)",540,42138029441519,42138029483297,0,0,256,1,1,53248,1,1
"KERNEL_DISPATCH",4,2,69,"void convert_unary<float, __half>(void const*, __half*, long, long, long, HIP_vector_type<unsigned int, 3u>, long, long, long)",541,42138029504779,42138029561520,0,0,256,1,1,2228224,1,1
"KERNEL_DISPATCH",4,2,30,"void dequantize_block_iq3_s<__half>(void const*, __half*)",542,42138029561520,42138029959894,0,0,32,1,1,3620864,1,1
"KERNEL_DISPATCH",4,2,78,"void tile_fp16_gemm<128, 64, 4, 8, 32, false>(__half const*, __half const*, float*, float*, int, int, int, long, int)",543,42138029959894,42138030984941,0,25088,256,1,1,6656,1,8
"KERNEL_DISPATCH",4,2,80,"tile_fp16_reduce_span(float const*, float*, int, int, int, long, long)",544,42138030984941,42138031013238,0,0,256,1,1,53248,1,1
"KERNEL_DISPATCH",4,2,69,"void convert_unary<float, __half>(void const*, __half*, long, long, long, HIP_vector_type<unsigned int, 3u>, long, long, long)",545,42138031034571,42138031091016,0,0,256,1,1,2228224,1,1
"KERNEL_DISPATCH",4,2,30,"void dequantize_block_iq3_s<__half>(void const*, __half*)",546,42138031091016,42138031492946,0,0,32,1,1,3620864,1,1
"KERNEL_DISPATCH",4,2,78,"void tile_fp16_gemm<128, 64, 4, 8, 32, false>(__half const*, __half const*, float*, float*, int, int, int, long, int)",547,42138031492946,42138032749995,0,25088,256,1,1,6656,1,8
"KERNEL_DISPATCH",4,2,80,"tile_fp16_reduce_span(float const*, float*, int, int, int, long, long)",548,42138032749995,42138032792811,0,0,256,1,1,53248,1,1
"KERNEL_DISPATCH",4,2,69,"void convert_unary<float, __half>(void const*, __half*, long, long, long, HIP_vector_type<unsigned int, 3u>, long, long, long)",549,42138032817107,42138032886737,0,0,256,1,1,2228224,1,1
"KERNEL_DISPATCH",4,2,30,"void dequantize_block_iq3_s<__half>(void const*, __half*)",550,42138032886737,42138033309112,0,0,32,1,1,3620864,1,1
"KERNEL_DISPATCH",4,2,78,"void tile_fp16_gemm<128, 64, 4, 8, 32, false>(__half const*, __half const*, float*, float*, int, int, int, long, int)",551,42138033309112,42138034547939,0,25088,256,1,1,6656,1,8
"KERNEL_DISPATCH",4,2,80,"tile_fp16_reduce_span(float const*, float*, int, int, int, long, long)",552,42138034547939,42138034590754,0,0,256,1,1,53248,1,1
"KERNEL_DISPATCH",4,2,69,"void convert_unary<float, __half>(void const*, __half*, long, long, long, HIP_vector_type<unsigned int, 3u>, long, long, long)",553,42138034614310,42138034684236,0,0,256,1,1,2228224,1,1
"KERNEL_DISPATCH",4,2,30,"void dequantize_block_iq3_s<__half>(void const*, __half*)",554,42138034684236,42138035132833,0,0,32,1,1,3620864,1,1
"KERNEL_DISPATCH",4,2,80,"tile_fp16_reduce_span(float const*, float*, int, int, int, long, long)",556,42138036286474,42138036329733,0,0,256,1,1,53248,1,1
"KERNEL_DISPATCH",4,2,78,"void tile_fp16_gemm<128, 64, 4, 8, 32, false>(__half const*, __half const*, float*, float*, int, int, int, long, int)",555,42138035132833,42138036286474,0,25088,256,1,1,6656,1,8
"KERNEL_DISPATCH",4,2,69,"void convert_unary<float, __half>(void const*, __half*, long, long, long, HIP_vector_type<unsigned int, 3u>, long, long, long)",557,42138036354623,42138036424549,0,0,256,1,1,2228224,1,1
"KERNEL_DISPATCH",4,2,30,"void dequantize_block_iq3_s<__half>(void const*, __half*)",558,42138036424549,42138036886331,0,0,32,1,1,3620864,1,1
"KERNEL_DISPATCH",4,2,78,"void tile_fp16_gemm<128, 64, 4, 8, 32, false>(__half const*, __half const*, float*, float*, int, int, int, long, int)",559,42138036886331,42138037986935,0,25088,256,1,1,6656,1,8
"KERNEL_DISPATCH",4,2,80,"tile_fp16_reduce_span(float const*, float*, int, int, int, long, long)",560,42138037986935,42138038028713,0,0,256,1,1,53248,1,1
"KERNEL_DISPATCH",4,2,69,"void convert_unary<float, __half>(void const*, __half*, long, long, long, HIP_vector_type<unsigned int, 3u>, long, long, long)",561,42138038050194,42138038107084,0,0,256,1,1,2228224,1,1
"KERNEL_DISPATCH",4,2,30,"void dequantize_block_iq3_s<__half>(void const*, __half*)",562,42138038107084,42138038508717,0,0,32,1,1,3620864,1,1
"KERNEL_DISPATCH",4,2,78,"void tile_fp16_gemm<128, 64, 4, 8, 32, false>(__half const*, __half const*, float*, float*, int, int, int, long, int)",563,42138038508717,42138039601172,0,25088,256,1,1,6656,1,8
"KERNEL_DISPATCH",4,2,80,"tile_fp16_reduce_span(float const*, float*, int, int, int, long, long)",564,42138039601172,42138039644284,0,0,256,1,1,53248,1,1
"KERNEL_DISPATCH",4,2,69,"void convert_unary<float, __half>(void const*, __half*, long, long, long, HIP_vector_type<unsigned int, 3u>, long, long, long)",565,42138039666358,42138039723099,0,0,256,1,1,2228224,1,1
"KERNEL_DISPATCH",4,2,30,"void dequantize_block_iq3_s<__half>(void const*, __half*)",566,42138039723099,42138040112585,0,0,32,1,1,3620864,1,1
"KERNEL_DISPATCH",4,2,78,"void tile_fp16_gemm<128, 64, 4, 8, 32, false>(__half const*, __half const*, float*, float*, int, int, int, long, int)",567,42138040112585,42138041137780,0,25088,256,1,1,6656,1,8
"KERNEL_DISPATCH",4,2,80,"tile_fp16_reduce_span(float const*, float*, int, int, int, long, long)",568,42138041137780,42138041166076,0,0,256,1,1,53248,1,1
"KERNEL_DISPATCH",4,2,69,"void convert_unary<float, __half>(void const*, __half*, long, long, long, HIP_vector_type<unsigned int, 3u>, long, long, long)",569,42138041187113,42138041243707,0,0,256,1,1,2228224,1,1
"KERNEL_DISPATCH",4,2,30,"void dequantize_block_iq3_s<__half>(void const*, __half*)",570,42138041243707,42138041645785,0,0,32,1,1,3620864,1,1
"KERNEL_DISPATCH",4,2,80,"tile_fp16_reduce_span(float const*, float*, int, int, int, long, long)",572,42138042726239,42138042768610,0,0,256,1,1,53248,1,1
"KERNEL_DISPATCH",4,2,78,"void tile_fp16_gemm<128, 64, 4, 8, 32, false>(__half const*, __half const*, float*, float*, int, int, int, long, int)",571,42138041645785,42138042726239,0,25088,256,1,1,6656,1,8
"KERNEL_DISPATCH",4,2,69,"void convert_unary<float, __half>(void const*, __half*, long, long, long, HIP_vector_type<unsigned int, 3u>, long, long, long)",573,42138042790388,42138042847129,0,0,256,1,1,2228224,1,1
"KERNEL_DISPATCH",4,2,30,"void dequantize_block_iq3_s<__half>(void const*, __half*)",574,42138042847129,42138043224615,0,0,32,1,1,3620864,1,1
"KERNEL_DISPATCH",4,2,78,"void tile_fp16_gemm<128, 64, 4, 8, 32, false>(__half const*, __half const*, float*, float*, int, int, int, long, int)",575,42138043224615,42138044271439,0,25088,256,1,1,6656,1,8
"KERNEL_DISPATCH",4,2,80,"tile_fp16_reduce_span(float const*, float*, int, int, int, long, long)",576,42138044271439,42138044299884,0,0,256,1,1,53248,1,1
"KERNEL_DISPATCH",4,2,69,"void convert_unary<float, __half>(void const*, __half*, long, long, long, HIP_vector_type<unsigned int, 3u>, long, long, long)",577,42138044327292,42138044384033,0,0,256,1,1,2228224,1,1
"KERNEL_DISPATCH",4,2,30,"void dequantize_block_iq3_s<__half>(void const*, __half*)",578,42138044384033,42138044785963,0,0,32,1,1,3620864,1,1
"KERNEL_DISPATCH",4,2,80,"tile_fp16_reduce_span(float const*, float*, int, int, int, long, long)",580,42138045875603,42138045918418,0,0,256,1,1,53248,1,1
"KERNEL_DISPATCH",4,2,78,"void tile_fp16_gemm<128, 64, 4, 8, 32, false>(__half const*, __half const*, float*, float*, int, int, int, long, int)",579,42138044785963,42138045875603,0,25088,256,1,1,6656,1,8
"KERNEL_DISPATCH",4,2,69,"void convert_unary<float, __half>(void const*, __half*, long, long, long, HIP_vector_type<unsigned int, 3u>, long, long, long)",581,42138045939900,42138045997086,0,0,256,1,1,2228224,1,1
"KERNEL_DISPATCH",4,2,30,"void dequantize_block_iq3_s<__half>(void const*, __half*)",582,42138045997086,42138046399164,0,0,32,1,1,3620864,1,1
"KERNEL_DISPATCH",4,2,80,"tile_fp16_reduce_span(float const*, float*, int, int, int, long, long)",584,42138047621990,42138047664361,0,0,256,1,1,53248,1,1
"KERNEL_DISPATCH",4,2,78,"void tile_fp16_gemm<128, 64, 4, 8, 32, false>(__half const*, __half const*, float*, float*, int, int, int, long, int)",583,42138046399164,42138047621990,0,25088,256,1,1,6656,1,8
"KERNEL_DISPATCH",4,2,69,"void convert_unary<float, __half>(void const*, __half*, long, long, long, HIP_vector_type<unsigned int, 3u>, long, long, long)",585,42138047689843,42138047759769,0,0,256,1,1,2228224,1,1
"KERNEL_DISPATCH",4,2,30,"void dequantize_block_iq3_s<__half>(void const*, __half*)",586,42138047759769,42138048199181,0,0,32,1,1,3620864,1,1
"KERNEL_DISPATCH",4,2,78,"void tile_fp16_gemm<128, 64, 4, 8, 32, false>(__half const*, __half const*, float*, float*, int, int, int, long, int)",587,42138048199181,42138049294599,0,25088,256,1,1,6656,1,8
"KERNEL_DISPATCH",4,2,80,"tile_fp16_reduce_span(float const*, float*, int, int, int, long, long)",588,42138049294599,42138049336377,0,0,256,1,1,53248,1,1
"KERNEL_DISPATCH",4,2,69,"void convert_unary<float, __half>(void const*, __half*, long, long, long, HIP_vector_type<unsigned int, 3u>, long, long, long)",589,42138049358155,42138049414748,0,0,256,1,1,2228224,1,1
"KERNEL_DISPATCH",4,2,30,"void dequantize_block_iq3_s<__half>(void const*, __half*)",590,42138049414748,42138049816530,0,0,32,1,1,3620864,1,1
"KERNEL_DISPATCH",4,2,78,"void tile_fp16_gemm<128, 64, 4, 8, 32, false>(__half const*, __half const*, float*, float*, int, int, int, long, int)",591,42138049816530,42138050911503,0,25088,256,1,1,6656,1,8
"KERNEL_DISPATCH",4,2,80,"tile_fp16_reduce_span(float const*, float*, int, int, int, long, long)",592,42138050911503,42138050953874,0,0,256,1,1,53248,1,1
"KERNEL_DISPATCH",4,2,69,"void convert_unary<float, __half>(void const*, __half*, long, long, long, HIP_vector_type<unsigned int, 3u>, long, long, long)",593,42138050975652,42138051032541,0,0,256,1,1,2228224,1,1
"KERNEL_DISPATCH",4,2,30,"void dequantize_block_iq3_s<__half>(void const*, __half*)",594,42138051032541,42138051434175,0,0,32,1,1,3620864,1,1
"KERNEL_DISPATCH",4,2,78,"void tile_fp16_gemm<128, 64, 4, 8, 32, false>(__half const*, __half const*, float*, float*, int, int, int, long, int)",595,42138051434175,42138052650631,0,25088,256,1,1,6656,1,8
"KERNEL_DISPATCH",4,2,80,"tile_fp16_reduce_span(float const*, float*, int, int, int, long, long)",596,42138052650631,42138052693446,0,0,256,1,1,53248,1,1
"KERNEL_DISPATCH",4,2,69,"void convert_unary<float, __half>(void const*, __half*, long, long, long, HIP_vector_type<unsigned int, 3u>, long, long, long)",597,42138052717595,42138052787818,0,0,256,1,1,2228224,1,1
"KERNEL_DISPATCH",4,2,30,"void dequantize_block_iq3_s<__half>(void const*, __half*)",598,42138052787818,42138053223377,0,0,32,1,1,3620864,1,1
"KERNEL_DISPATCH",4,2,80,"tile_fp16_reduce_span(float const*, float*, int, int, int, long, long)",600,42138054438204,42138054480723,0,0,256,1,1,53248,1,1
"KERNEL_DISPATCH",4,2,78,"void tile_fp16_gemm<128, 64, 4, 8, 32, false>(__half const*, __half const*, float*, float*, int, int, int, long, int)",599,42138053223377,42138054438204,0,25088,256,1,1,6656,1,8
"KERNEL_DISPATCH",4,2,69,"void convert_unary<float, __half>(void const*, __half*, long, long, long, HIP_vector_type<unsigned int, 3u>, long, long, long)",601,42138054505612,42138054575538,0,0,256,1,1,2228224,1,1
"KERNEL_DISPATCH",4,2,30,"void dequantize_block_iq3_s<__half>(void const*, __half*)",602,42138054575538,42138055031098,0,0,32,1,1,3620864,1,1
"KERNEL_DISPATCH",4,2,78,"void tile_fp16_gemm<128, 64, 4, 8, 32, false>(__half const*, __half const*, float*, float*, int, int, int, long, int)",603,42138055031098,42138056122072,0,25088,256,1,1,6656,1,8
"KERNEL_DISPATCH",4,2,80,"tile_fp16_reduce_span(float const*, float*, int, int, int, long, long)",604,42138056122072,42138056163702,0,0,256,1,1,53248,1,1
"KERNEL_DISPATCH",4,2,69,"void convert_unary<float, __half>(void const*, __half*, long, long, long, HIP_vector_type<unsigned int, 3u>, long, long, long)",605,42138056185480,42138056242221,0,0,256,1,1,2228224,1,1
"KERNEL_DISPATCH",4,2,30,"void dequantize_block_iq3_s<__half>(void const*, __half*)",606,42138056242221,42138056644299,0,0,32,1,1,3620864,1,1
"KERNEL_DISPATCH",4,2,78,"void tile_fp16_gemm<128, 64, 4, 8, 32, false>(__half const*, __half const*, float*, float*, int, int, int, long, int)",607,42138056644299,42138057670976,0,25088,256,1,1,6656,1,8
"KERNEL_DISPATCH",4,2,80,"tile_fp16_reduce_span(float const*, float*, int, int, int, long, long)",608,42138057670976,42138057696457,0,0,256,1,1,53248,1,1
"KERNEL_DISPATCH",4,2,69,"void convert_unary<float, __half>(void const*, __half*, long, long, long, HIP_vector_type<unsigned int, 3u>, long, long, long)",609,42138057716457,42138057767421,0,0,256,1,1,2228224,1,1
"KERNEL_DISPATCH",4,2,30,"void dequantize_block_iq3_s<__half>(void const*, __half*)",610,42138057767421,42138058127869,0,0,32,1,1,3620864,1,1
"KERNEL_DISPATCH",4,2,78,"void tile_fp16_gemm<128, 64, 4, 8, 32, false>(__half const*, __half const*, float*, float*, int, int, int, long, int)",611,42138058127869,42138059166694,0,25088,256,1,1,6656,1,8
"KERNEL_DISPATCH",4,2,80,"tile_fp16_reduce_span(float const*, float*, int, int, int, long, long)",612,42138059166694,42138059195286,0,0,256,1,1,53248,1,1
"KERNEL_DISPATCH",4,2,69,"void convert_unary<float, __half>(void const*, __half*, long, long, long, HIP_vector_type<unsigned int, 3u>, long, long, long)",613,42138059216768,42138059273361,0,0,256,1,1,2228224,1,1
"KERNEL_DISPATCH",4,2,30,"void dequantize_block_iq3_s<__half>(void const*, __half*)",614,42138059273361,42138059675736,0,0,32,1,1,3620864,1,1
"KERNEL_DISPATCH",4,2,78,"void tile_fp16_gemm<128, 64, 4, 8, 32, false>(__half const*, __half const*, float*, float*, int, int, int, long, int)",615,42138059675736,42138060755450,0,25088,256,1,1,6656,1,8
"KERNEL_DISPATCH",4,2,80,"tile_fp16_reduce_span(float const*, float*, int, int, int, long, long)",616,42138060755450,42138060797820,0,0,256,1,1,53248,1,1
"KERNEL_DISPATCH",4,2,69,"void convert_unary<float, __half>(void const*, __half*, long, long, long, HIP_vector_type<unsigned int, 3u>, long, long, long)",617,42138060819154,42138060876043,0,0,256,1,1,2228224,1,1
"KERNEL_DISPATCH",4,2,30,"void dequantize_block_iq3_s<__half>(void const*, __half*)",618,42138060876043,42138061278418,0,0,32,1,1,3620864,1,1
"KERNEL_DISPATCH",4,2,78,"void tile_fp16_gemm<128, 64, 4, 8, 32, false>(__half const*, __half const*, float*, float*, int, int, int, long, int)",619,42138061278418,42138062362872,0,25088,256,1,1,6656,1,8
"KERNEL_DISPATCH",4,2,80,"tile_fp16_reduce_span(float const*, float*, int, int, int, long, long)",620,42138062362872,42138062405243,0,0,256,1,1,53248,1,1
"KERNEL_DISPATCH",4,2,69,"void convert_unary<float, __half>(void const*, __half*, long, long, long, HIP_vector_type<unsigned int, 3u>, long, long, long)",621,42138062427318,42138062484207,0,0,256,1,1,2228224,1,1
"KERNEL_DISPATCH",4,2,30,"void dequantize_block_iq3_s<__half>(void const*, __half*)",622,42138062484207,42138062886433,0,0,32,1,1,3620864,1,1
"KERNEL_DISPATCH",4,2,78,"void tile_fp16_gemm<128, 64, 4, 8, 32, false>(__half const*, __half const*, float*, float*, int, int, int, long, int)",623,42138062886433,42138063972518,0,25088,256,1,1,6656,1,8
"KERNEL_DISPATCH",4,2,80,"tile_fp16_reduce_span(float const*, float*, int, int, int, long, long)",624,42138063972518,42138064015036,0,0,256,1,1,53248,1,1
"KERNEL_DISPATCH",4,2,69,"void convert_unary<float, __half>(void const*, __half*, long, long, long, HIP_vector_type<unsigned int, 3u>, long, long, long)",625,42138064036666,42138064093556,0,0,256,1,1,2228224,1,1
"KERNEL_DISPATCH",4,2,30,"void dequantize_block_iq3_s<__half>(void const*, __half*)",626,42138064093556,42138064495634,0,0,32,1,1,3620864,1,1
"KERNEL_DISPATCH",4,2,80,"tile_fp16_reduce_span(float const*, float*, int, int, int, long, long)",628,42138065581274,42138065623200,0,0,256,1,1,53248,1,1
"KERNEL_DISPATCH",4,2,78,"void tile_fp16_gemm<128, 64, 4, 8, 32, false>(__half const*, __half const*, float*, float*, int, int, int, long, int)",627,42138064495634,42138065581274,0,25088,256,1,1,6656,1,8
"KERNEL_DISPATCH",4,2,69,"void convert_unary<float, __half>(void const*, __half*, long, long, long, HIP_vector_type<unsigned int, 3u>, long, long, long)",629,42138065644830,42138065701719,0,0,256,1,1,2228224,1,1
"KERNEL_DISPATCH",4,2,30,"void dequantize_block_iq3_s<__half>(void const*, __half*)",630,42138065701719,42138066094316,0,0,32,1,1,3620864,1,1
"KERNEL_DISPATCH",4,2,80,"tile_fp16_reduce_span(float const*, float*, int, int, int, long, long)",632,42138067111807,42138067139955,0,0,256,1,1,53248,1,1
"KERNEL_DISPATCH",4,2,78,"void tile_fp16_gemm<128, 64, 4, 8, 32, false>(__half const*, __half const*, float*, float*, int, int, int, long, int)",631,42138066094316,42138067111807,0,25088,256,1,1,6656,1,8
"KERNEL_DISPATCH",4,2,69,"void convert_unary<float, __half>(void const*, __half*, long, long, long, HIP_vector_type<unsigned int, 3u>, long, long, long)",633,42138067161733,42138067218178,0,0,256,1,1,2228224,1,1
"KERNEL_DISPATCH",4,2,30,"void dequantize_block_iq3_s<__half>(void const*, __half*)",634,42138067218178,42138067620108,0,0,32,1,1,3620864,1,1
"KERNEL_DISPATCH",4,2,80,"tile_fp16_reduce_span(float const*, float*, int, int, int, long, long)",636,42138068711378,42138068753749,0,0,256,1,1,53248,1,1
"KERNEL_DISPATCH",4,2,78,"void tile_fp16_gemm<128, 64, 4, 8, 32, false>(__half const*, __half const*, float*, float*, int, int, int, long, int)",635,42138067620108,42138068711378,0,25088,256,1,1,6656,1,8
"KERNEL_DISPATCH",4,2,69,"void convert_unary<float, __half>(void const*, __half*, long, long, long, HIP_vector_type<unsigned int, 3u>, long, long, long)",637,42138068775527,42138068832268,0,0,256,1,1,2228224,1,1
"KERNEL_DISPATCH",4,2,30,"void dequantize_block_iq3_s<__half>(void const*, __half*)",638,42138068832268,42138069210494,0,0,32,1,1,3620864,1,1
"KERNEL_DISPATCH",4,2,80,"tile_fp16_reduce_span(float const*, float*, int, int, int, long, long)",640,42138070243096,42138070271541,0,0,256,1,1,53248,1,1
"KERNEL_DISPATCH",4,2,78,"void tile_fp16_gemm<128, 64, 4, 8, 32, false>(__half const*, __half const*, float*, float*, int, int, int, long, int)",639,42138069210494,42138070243096,0,25088,256,1,1,6656,1,8
"KERNEL_DISPATCH",4,2,69,"void convert_unary<float, __half>(void const*, __half*, long, long, long, HIP_vector_type<unsigned int, 3u>, long, long, long)",641,42138070292578,42138070349468,0,0,256,1,1,2228224,1,1
"KERNEL_DISPATCH",4,2,30,"void dequantize_block_iq3_s<__half>(void const*, __half*)",642,42138070349468,42138070751249,0,0,32,1,1,3620864,1,1
"KERNEL_DISPATCH",4,2,80,"tile_fp16_reduce_span(float const*, float*, int, int, int, long, long)",644,42138071852445,42138071894816,0,0,256,1,1,53248,1,1
"KERNEL_DISPATCH",4,2,78,"void tile_fp16_gemm<128, 64, 4, 8, 32, false>(__half const*, __half const*, float*, float*, int, int, int, long, int)",643,42138070751249,42138071852445,0,25088,256,1,1,6656,1,8
"KERNEL_DISPATCH",4,2,69,"void convert_unary<float, __half>(void const*, __half*, long, long, long, HIP_vector_type<unsigned int, 3u>, long, long, long)",645,42138071918520,42138071997484,0,0,256,1,1,2228224,1,1
"KERNEL_DISPATCH",4,2,30,"void dequantize_block_iq3_s<__half>(void const*, __half*)",646,42138071997484,42138072459710,0,0,32,1,1,3620864,1,1
"KERNEL_DISPATCH",4,2,78,"void tile_fp16_gemm<128, 64, 4, 8, 32, false>(__half const*, __half const*, float*, float*, int, int, int, long, int)",647,42138072459710,42138073800612,0,25088,256,1,1,6656,1,8
"KERNEL_DISPATCH",4,2,80,"tile_fp16_reduce_span(float const*, float*, int, int, int, long, long)",648,42138073800612,42138073844020,0,0,256,1,1,53248,1,1
"KERNEL_DISPATCH",4,2,69,"void convert_unary<float, __half>(void const*, __half*, long, long, long, HIP_vector_type<unsigned int, 3u>, long, long, long)",649,42138073868464,42138073938539,0,0,256,1,1,2228224,1,1
"KERNEL_DISPATCH",4,2,30,"void dequantize_block_iq3_s<__half>(void const*, __half*)",650,42138073938539,42138074348914,0,0,32,1,1,3620864,1,1
"KERNEL_DISPATCH",4,2,78,"void tile_fp16_gemm<128, 64, 4, 8, 32, false>(__half const*, __half const*, float*, float*, int, int, int, long, int)",651,42138074348914,42138075572036,0,25088,256,1,1,6656,1,8
"KERNEL_DISPATCH",4,2,80,"tile_fp16_reduce_span(float const*, float*, int, int, int, long, long)",652,42138075572036,42138075614852,0,0,256,1,1,53248,1,1
"KERNEL_DISPATCH",4,2,69,"void convert_unary<float, __half>(void const*, __half*, long, long, long, HIP_vector_type<unsigned int, 3u>, long, long, long)",653,42138075638852,42138075709519,0,0,256,1,1,2228224,1,1
"KERNEL_DISPATCH",4,2,30,"void dequantize_block_iq3_s<__half>(void const*, __half*)",654,42138075709519,42138076155894,0,0,32,1,1,3620864,1,1
"KERNEL_DISPATCH",4,2,78,"void tile_fp16_gemm<128, 64, 4, 8, 32, false>(__half const*, __half const*, float*, float*, int, int, int, long, int)",655,42138076155368,42138077361454,0,25088,256,1,1,6656,1,8
"KERNEL_DISPATCH",4,2,80,"tile_fp16_reduce_span(float const*, float*, int, int, int, long, long)",656,42138077361454,42138077405602,0,0,256,1,1,53248,1,1
"KERNEL_DISPATCH",4,2,69,"void convert_unary<float, __half>(void const*, __half*, long, long, long, HIP_vector_type<unsigned int, 3u>, long, long, long)",657,42138077429750,42138077499528,0,0,256,1,1,2228224,1,1
"KERNEL_DISPATCH",4,2,30,"void dequantize_block_iq3_s<__half>(void const*, __half*)",658,42138077499528,42138077961606,0,0,32,1,1,3620864,1,1
"KERNEL_DISPATCH",4,2,78,"void tile_fp16_gemm<128, 64, 4, 8, 32, false>(__half const*, __half const*, float*, float*, int, int, int, long, int)",659,42138077961606,42138079072136,0,25088,256,1,1,6656,1,8
"KERNEL_DISPATCH",4,2,80,"tile_fp16_reduce_span(float const*, float*, int, int, int, long, long)",660,42138079072136,42138079114506,0,0,256,1,1,53248,1,1
"KERNEL_DISPATCH",4,2,69,"void convert_unary<float, __half>(void const*, __half*, long, long, long, HIP_vector_type<unsigned int, 3u>, long, long, long)",661,42138079136284,42138079193322,0,0,256,1,1,2228224,1,1
"KERNEL_DISPATCH",4,2,30,"void dequantize_block_iq3_s<__half>(void const*, __half*)",662,42138079193322,42138079594955,0,0,32,1,1,3620864,1,1
"KERNEL_DISPATCH",4,2,78,"void tile_fp16_gemm<128, 64, 4, 8, 32, false>(__half const*, __half const*, float*, float*, int, int, int, long, int)",663,42138079594955,42138080618965,0,25088,256,1,1,6656,1,8
"KERNEL_DISPATCH",4,2,80,"tile_fp16_reduce_span(float const*, float*, int, int, int, long, long)",664,42138080618965,42138080644151,0,0,256,1,1,53248,1,1
"KERNEL_DISPATCH",4,2,69,"void convert_unary<float, __half>(void const*, __half*, long, long, long, HIP_vector_type<unsigned int, 3u>, long, long, long)",665,42138080664299,42138080714966,0,0,256,1,1,2228224,1,1
"KERNEL_DISPATCH",4,2,30,"void dequantize_block_iq3_s<__half>(void const*, __half*)",666,42138080714966,42138081066525,0,0,32,1,1,3620864,1,1
"KERNEL_DISPATCH",4,2,78,"void tile_fp16_gemm<128, 64, 4, 8, 32, false>(__half const*, __half const*, float*, float*, int, int, int, long, int)",667,42138081066525,42138082102980,0,25088,256,1,1,6656,1,8
"KERNEL_DISPATCH",4,2,80,"tile_fp16_reduce_span(float const*, float*, int, int, int, long, long)",668,42138082102980,42138082128313,0,0,256,1,1,53248,1,1
"KERNEL_DISPATCH",4,2,69,"void convert_unary<float, __half>(void const*, __half*, long, long, long, HIP_vector_type<unsigned int, 3u>, long, long, long)",669,42138082148461,42138082199277,0,0,256,1,1,2228224,1,1
"KERNEL_DISPATCH",4,2,30,"void dequantize_block_iq3_s<__half>(void const*, __half*)",670,42138082199277,42138082559873,0,0,32,1,1,3620864,1,1
"KERNEL_DISPATCH",4,2,78,"void tile_fp16_gemm<128, 64, 4, 8, 32, false>(__half const*, __half const*, float*, float*, int, int, int, long, int)",671,42138082559873,42138083627290,0,25088,256,1,1,6656,1,8
"KERNEL_DISPATCH",4,2,80,"tile_fp16_reduce_span(float const*, float*, int, int, int, long, long)",672,42138083627290,42138083669069,0,0,256,1,1,53248,1,1
"KERNEL_DISPATCH",4,2,69,"void convert_unary<float, __half>(void const*, __half*, long, long, long, HIP_vector_type<unsigned int, 3u>, long, long, long)",673,42138083690254,42138083747143,0,0,256,1,1,2228224,1,1
"KERNEL_DISPATCH",4,2,30,"void dequantize_block_iq3_s<__half>(void const*, __half*)",674,42138083747143,42138084141369,0,0,32,1,1,3620864,1,1
"KERNEL_DISPATCH",4,2,78,"void tile_fp16_gemm<128, 64, 4, 8, 32, false>(__half const*, __half const*, float*, float*, int, int, int, long, int)",675,42138084141369,42138085185676,0,25088,256,1,1,6656,1,8
"KERNEL_DISPATCH",4,2,80,"tile_fp16_reduce_span(float const*, float*, int, int, int, long, long)",676,42138085185676,42138085214417,0,0,256,1,1,53248,1,1
"KERNEL_DISPATCH",4,2,69,"void convert_unary<float, __half>(void const*, __half*, long, long, long, HIP_vector_type<unsigned int, 3u>, long, long, long)",677,42138085235898,42138085292492,0,0,256,1,1,2228224,1,1
"KERNEL_DISPATCH",4,2,30,"void dequantize_block_iq3_s<__half>(void const*, __half*)",678,42138085292492,42138085694718,0,0,32,1,1,3620864,1,1
"KERNEL_DISPATCH",4,2,78,"void tile_fp16_gemm<128, 64, 4, 8, 32, false>(__half const*, __half const*, float*, float*, int, int, int, long, int)",679,42138085694718,42138086781839,0,25088,256,1,1,6656,1,8
"KERNEL_DISPATCH",4,2,80,"tile_fp16_reduce_span(float const*, float*, int, int, int, long, long)",680,42138086781839,42138086823617,0,0,256,1,1,53248,1,1
"KERNEL_DISPATCH",4,2,69,"void convert_unary<float, __half>(void const*, __half*, long, long, long, HIP_vector_type<unsigned int, 3u>, long, long, long)",681,42138086845395,42138086902137,0,0,256,1,1,2228224,1,1
"KERNEL_DISPATCH",4,2,30,"void dequantize_block_iq3_s<__half>(void const*, __half*)",682,42138086902137,42138087304066,0,0,32,1,1,3620864,1,1
"KERNEL_DISPATCH",4,2,78,"void tile_fp16_gemm<128, 64, 4, 8, 32, false>(__half const*, __half const*, float*, float*, int, int, int, long, int)",683,42138087304066,42138088518893,0,25088,256,1,1,6656,1,8
"KERNEL_DISPATCH",4,2,80,"tile_fp16_reduce_span(float const*, float*, int, int, int, long, long)",684,42138088518893,42138088562153,0,0,256,1,1,53248,1,1
"KERNEL_DISPATCH",4,2,69,"void convert_unary<float, __half>(void const*, __half*, long, long, long, HIP_vector_type<unsigned int, 3u>, long, long, long)",685,42138088586893,42138088656968,0,0,256,1,1,2228224,1,1
"KERNEL_DISPATCH",4,2,30,"void dequantize_block_iq3_s<__half>(void const*, __half*)",686,42138088656968,42138089109861,0,0,32,1,1,3620864,1,1
"KERNEL_DISPATCH",4,2,80,"tile_fp16_reduce_span(float const*, float*, int, int, int, long, long)",688,42138090212094,42138090254909,0,0,256,1,1,53248,1,1
"KERNEL_DISPATCH",4,2,78,"void tile_fp16_gemm<128, 64, 4, 8, 32, false>(__half const*, __half const*, float*, float*, int, int, int, long, int)",687,42138089109861,42138090212094,0,25088,256,1,1,6656,1,8
"KERNEL_DISPATCH",4,2,69,"void convert_unary<float, __half>(void const*, __half*, long, long, long, HIP_vector_type<unsigned int, 3u>, long, long, long)",689,42138090276687,42138090333429,0,0,256,1,1,2228224,1,1
"KERNEL_DISPATCH",4,2,30,"void dequantize_block_iq3_s<__half>(void const*, __half*)",690,42138090333429,42138090736099,0,0,32,1,1,3620864,1,1
"KERNEL_DISPATCH",4,2,80,"tile_fp16_reduce_span(float const*, float*, int, int, int, long, long)",692,42138091826184,42138091868406,0,0,256,1,1,53248,1,1
"KERNEL_DISPATCH",4,2,78,"void tile_fp16_gemm<128, 64, 4, 8, 32, false>(__half const*, __half const*, float*, float*, int, int, int, long, int)",691,42138090736099,42138091826184,0,25088,256,1,1,6656,1,8
"KERNEL_DISPATCH",4,2,69,"void convert_unary<float, __half>(void const*, __half*, long, long, long, HIP_vector_type<unsigned int, 3u>, long, long, long)",693,42138091890629,42138091947518,0,0,256,1,1,2228224,1,1
"KERNEL_DISPATCH",4,2,30,"void dequantize_block_iq3_s<__half>(void const*, __half*)",694,42138091947518,42138092349596,0,0,32,1,1,3620864,1,1
"KERNEL_DISPATCH",4,2,80,"tile_fp16_reduce_span(float const*, float*, int, int, int, long, long)",696,42138093436421,42138093478792,0,0,256,1,1,53248,1,1
"KERNEL_DISPATCH",4,2,78,"void tile_fp16_gemm<128, 64, 4, 8, 32, false>(__half const*, __half const*, float*, float*, int, int, int, long, int)",695,42138092349596,42138093436421,0,25088,256,1,1,6656,1,8
"KERNEL_DISPATCH",4,2,69,"void convert_unary<float, __half>(void const*, __half*, long, long, long, HIP_vector_type<unsigned int, 3u>, long, long, long)",697,42138093501755,42138093558793,0,0,256,1,1,2228224,1,1
"KERNEL_DISPATCH",4,2,30,"void dequantize_block_iq3_s<__half>(void const*, __half*)",698,42138093558793,42138093960723,0,0,32,1,1,3620864,1,1
"KERNEL_DISPATCH",4,2,80,"tile_fp16_reduce_span(float const*, float*, int, int, int, long, long)",700,42138095046363,42138095089326,0,0,256,1,1,53248,1,1
"KERNEL_DISPATCH",4,2,78,"void tile_fp16_gemm<128, 64, 4, 8, 32, false>(__half const*, __half const*, float*, float*, int, int, int, long, int)",699,42138093960723,42138095046363,0,25088,256,1,1,6656,1,8
"KERNEL_DISPATCH",4,2,69,"void convert_unary<float, __half>(void const*, __half*, long, long, long, HIP_vector_type<unsigned int, 3u>, long, long, long)",701,42138095111549,42138095168586,0,0,256,1,1,2228224,1,1
"KERNEL_DISPATCH",4,2,30,"void dequantize_block_iq3_s<__half>(void const*, __half*)",702,42138095168586,42138095570960,0,0,32,1,1,3620864,1,1
"KERNEL_DISPATCH",4,2,80,"tile_fp16_reduce_span(float const*, float*, int, int, int, long, long)",704,42138096660452,42138096702675,0,0,256,1,1,53248,1,1
"KERNEL_DISPATCH",4,2,78,"void tile_fp16_gemm<128, 64, 4, 8, 32, false>(__half const*, __half const*, float*, float*, int, int, int, long, int)",703,42138095570960,42138096660452,0,25088,256,1,1,6656,1,8
"KERNEL_DISPATCH",4,2,69,"void convert_unary<float, __half>(void const*, __half*, long, long, long, HIP_vector_type<unsigned int, 3u>, long, long, long)",705,42138096724897,42138096781639,0,0,256,1,1,2228224,1,1
"KERNEL_DISPATCH",4,2,30,"void dequantize_block_iq3_s<__half>(void const*, __half*)",706,42138096781639,42138097165050,0,0,32,1,1,3620864,1,1
"KERNEL_DISPATCH",4,2,78,"void tile_fp16_gemm<128, 64, 4, 8, 32, false>(__half const*, __half const*, float*, float*, int, int, int, long, int)",707,42138097165050,42138098194986,0,25088,256,1,1,6656,1,8
"KERNEL_DISPATCH",4,2,80,"tile_fp16_reduce_span(float const*, float*, int, int, int, long, long)",708,42138098194986,42138098223430,0,0,256,1,1,53248,1,1
"KERNEL_DISPATCH",4,2,69,"void convert_unary<float, __half>(void const*, __half*, long, long, long, HIP_vector_type<unsigned int, 3u>, long, long, long)",709,42138098244764,42138098301505,0,0,256,1,1,2228224,1,1
"KERNEL_DISPATCH",4,2,30,"void dequantize_block_iq3_s<__half>(void const*, __half*)",710,42138098301505,42138098703435,0,0,32,1,1,3620864,1,1
"KERNEL_DISPATCH",4,2,78,"void tile_fp16_gemm<128, 64, 4, 8, 32, false>(__half const*, __half const*, float*, float*, int, int, int, long, int)",711,42138098703435,42138099786853,0,25088,256,1,1,6656,1,8
"KERNEL_DISPATCH",4,2,80,"tile_fp16_reduce_span(float const*, float*, int, int, int, long, long)",712,42138099786853,42138099829964,0,0,256,1,1,53248,1,1
"KERNEL_DISPATCH",4,2,69,"void convert_unary<float, __half>(void const*, __half*, long, long, long, HIP_vector_type<unsigned int, 3u>, long, long, long)",713,42138099851742,42138099908780,0,0,256,1,1,2228224,1,1
"KERNEL_DISPATCH",4,2,30,"void dequantize_block_iq3_s<__half>(void const*, __half*)",714,42138099908780,42138100310858,0,0,32,1,1,3620864,1,1
"KERNEL_DISPATCH",4,2,78,"void tile_fp16_gemm<128, 64, 4, 8, 32, false>(__half const*, __half const*, float*, float*, int, int, int, long, int)",715,42138100310858,42138101401387,0,25088,256,1,1,6656,1,8
"KERNEL_DISPATCH",4,2,80,"tile_fp16_reduce_span(float const*, float*, int, int, int, long, long)",716,42138101401387,42138101444350,0,0,256,1,1,53248,1,1
"KERNEL_DISPATCH",4,2,69,"void convert_unary<float, __half>(void const*, __half*, long, long, long, HIP_vector_type<unsigned int, 3u>, long, long, long)",717,42138101466276,42138101522869,0,0,256,1,1,2228224,1,1
"KERNEL_DISPATCH",4,2,30,"void dequantize_block_iq3_s<__half>(void const*, __half*)",718,42138101522869,42138101924947,0,0,32,1,1,3620864,1,1
"KERNEL_DISPATCH",4,2,78,"void tile_fp16_gemm<128, 64, 4, 8, 32, false>(__half const*, __half const*, float*, float*, int, int, int, long, int)",719,42138101924947,42138103019921,0,25088,256,1,1,6656,1,8
"KERNEL_DISPATCH",4,2,80,"tile_fp16_reduce_span(float const*, float*, int, int, int, long, long)",720,42138103019921,42138103061847,0,0,256,1,1,53248,1,1
"KERNEL_DISPATCH",4,2,69,"void convert_unary<float, __half>(void const*, __half*, long, long, long, HIP_vector_type<unsigned int, 3u>, long, long, long)",721,42138103083773,42138103140514,0,0,256,1,1,2228224,1,1
"KERNEL_DISPATCH",4,2,30,"void dequantize_block_iq3_s<__half>(void const*, __half*)",722,42138103140514,42138103542740,0,0,32,1,1,3620864,1,1
"KERNEL_DISPATCH",4,2,78,"void tile_fp16_gemm<128, 64, 4, 8, 32, false>(__half const*, __half const*, float*, float*, int, int, int, long, int)",723,42138103542740,42138104636084,0,25088,256,1,1,6656,1,8
"KERNEL_DISPATCH",4,2,80,"tile_fp16_reduce_span(float const*, float*, int, int, int, long, long)",724,42138104636084,42138104678455,0,0,256,1,1,53248,1,1
"KERNEL_DISPATCH",4,2,69,"void convert_unary<float, __half>(void const*, __half*, long, long, long, HIP_vector_type<unsigned int, 3u>, long, long, long)",725,42138104700085,42138104756974,0,0,256,1,1,2228224,1,1
"KERNEL_DISPATCH",4,2,30,"void dequantize_block_iq3_s<__half>(void const*, __half*)",726,42138104756974,42138105143348,0,0,32,1,1,3620864,1,1
"KERNEL_DISPATCH",4,2,78,"void tile_fp16_gemm<128, 64, 4, 8, 32, false>(__half const*, __half const*, float*, float*, int, int, int, long, int)",727,42138105143348,42138106176247,0,25088,256,1,1,6656,1,8
"KERNEL_DISPATCH",4,2,80,"tile_fp16_reduce_span(float const*, float*, int, int, int, long, long)",728,42138106176247,42138106204544,0,0,256,1,1,53248,1,1
"KERNEL_DISPATCH",4,2,69,"void convert_unary<float, __half>(void const*, __half*, long, long, long, HIP_vector_type<unsigned int, 3u>, long, long, long)",729,42138106226174,42138106282915,0,0,256,1,1,2228224,1,1
"KERNEL_DISPATCH",4,2,30,"void dequantize_block_iq3_s<__half>(void const*, __half*)",730,42138106282915,42138106685141,0,0,32,1,1,3620864,1,1
"KERNEL_DISPATCH",4,2,78,"void tile_fp16_gemm<128, 64, 4, 8, 32, false>(__half const*, __half const*, float*, float*, int, int, int, long, int)",731,42138106685141,42138107771818,0,25088,256,1,1,6656,1,8
"KERNEL_DISPATCH",4,2,80,"tile_fp16_reduce_span(float const*, float*, int, int, int, long, long)",732,42138107771818,42138107814189,0,0,256,1,1,53248,1,1
"KERNEL_DISPATCH",4,2,69,"void convert_unary<float, __half>(void const*, __half*, long, long, long, HIP_vector_type<unsigned int, 3u>, long, long, long)",733,42138107835967,42138107892856,0,0,256,1,1,2228224,1,1
"KERNEL_DISPATCH",4,2,30,"void dequantize_block_iq3_s<__half>(void const*, __half*)",734,42138107892856,42138108295082,0,0,32,1,1,3620864,1,1
"KERNEL_DISPATCH",4,2,78,"void tile_fp16_gemm<128, 64, 4, 8, 32, false>(__half const*, __half const*, float*, float*, int, int, int, long, int)",735,42138108295082,42138109377019,0,25088,256,1,1,6656,1,8
"KERNEL_DISPATCH",4,2,80,"tile_fp16_reduce_span(float const*, float*, int, int, int, long, long)",736,42138109377019,42138109419538,0,0,256,1,1,53248,1,1
"KERNEL_DISPATCH",4,2,69,"void convert_unary<float, __half>(void const*, __half*, long, long, long, HIP_vector_type<unsigned int, 3u>, long, long, long)",737,42138109441908,42138109498798,0,0,256,1,1,2228224,1,1
"KERNEL_DISPATCH",4,2,30,"void dequantize_block_iq3_s<__half>(void const*, __half*)",738,42138109498798,42138109900875,0,0,32,1,1,3620864,1,1
"KERNEL_DISPATCH",4,2,78,"void tile_fp16_gemm<128, 64, 4, 8, 32, false>(__half const*, __half const*, float*, float*, int, int, int, long, int)",739,42138109900875,42138110983256,0,25088,256,1,1,6656,1,8
"KERNEL_DISPATCH",4,2,80,"tile_fp16_reduce_span(float const*, float*, int, int, int, long, long)",740,42138110983256,42138111024738,0,0,256,1,1,53248,1,1
"KERNEL_DISPATCH",4,2,69,"void convert_unary<float, __half>(void const*, __half*, long, long, long, HIP_vector_type<unsigned int, 3u>, long, long, long)",741,42138111046516,42138111103257,0,0,256,1,1,2228224,1,1
"KERNEL_DISPATCH",4,2,30,"void dequantize_block_iq3_s<__half>(void const*, __half*)",742,42138111103257,42138111505335,0,0,32,1,1,3620864,1,1
"KERNEL_DISPATCH",4,2,78,"void tile_fp16_gemm<128, 64, 4, 8, 32, false>(__half const*, __half const*, float*, float*, int, int, int, long, int)",743,42138111505335,42138112586975,0,25088,256,1,1,6656,1,8
"KERNEL_DISPATCH",4,2,80,"tile_fp16_reduce_span(float const*, float*, int, int, int, long, long)",744,42138112586975,42138112629494,0,0,256,1,1,53248,1,1
"KERNEL_DISPATCH",4,2,69,"void convert_unary<float, __half>(void const*, __half*, long, long, long, HIP_vector_type<unsigned int, 3u>, long, long, long)",745,42138112651124,42138112708013,0,0,256,1,1,2228224,1,1
"KERNEL_DISPATCH",4,2,30,"void dequantize_block_iq3_s<__half>(void const*, __half*)",746,42138112708013,42138113098980,0,0,32,1,1,3620864,1,1
"KERNEL_DISPATCH",4,2,78,"void tile_fp16_gemm<128, 64, 4, 8, 32, false>(__half const*, __half const*, float*, float*, int, int, int, long, int)",747,42138113098980,42138114121953,0,25088,256,1,1,6656,1,8
"KERNEL_DISPATCH",4,2,80,"tile_fp16_reduce_span(float const*, float*, int, int, int, long, long)",748,42138114121953,42138114150546,0,0,256,1,1,53248,1,1
"KERNEL_DISPATCH",4,2,69,"void convert_unary<float, __half>(void const*, __half*, long, long, long, HIP_vector_type<unsigned int, 3u>, long, long, long)",749,42138114172176,42138114228769,0,0,256,1,1,2228224,1,1
"KERNEL_DISPATCH",4,2,30,"void dequantize_block_iq3_s<__half>(void const*, __half*)",750,42138114228769,42138114630699,0,0,32,1,1,3620864,1,1
"KERNEL_DISPATCH",4,2,78,"void tile_fp16_gemm<128, 64, 4, 8, 32, false>(__half const*, __half const*, float*, float*, int, int, int, long, int)",751,42138114630699,42138115724339,0,25088,256,1,1,6656,1,8
"KERNEL_DISPATCH",4,2,80,"tile_fp16_reduce_span(float const*, float*, int, int, int, long, long)",752,42138115724339,42138115766709,0,0,256,1,1,53248,1,1
"KERNEL_DISPATCH",4,2,69,"void convert_unary<float, __half>(void const*, __half*, long, long, long, HIP_vector_type<unsigned int, 3u>, long, long, long)",753,42138115788636,42138115845821,0,0,256,1,1,2228224,1,1
"KERNEL_DISPATCH",4,2,30,"void dequantize_block_iq3_s<__half>(void const*, __half*)",754,42138115845821,42138116222714,0,0,32,1,1,3620864,1,1
"KERNEL_DISPATCH",4,2,78,"void tile_fp16_gemm<128, 64, 4, 8, 32, false>(__half const*, __half const*, float*, float*, int, int, int, long, int)",755,42138116222714,42138117261242,0,25088,256,1,1,6656,1,8
"KERNEL_DISPATCH",4,2,80,"tile_fp16_reduce_span(float const*, float*, int, int, int, long, long)",756,42138117261242,42138117289539,0,0,256,1,1,53248,1,1
"KERNEL_DISPATCH",4,2,69,"void convert_unary<float, __half>(void const*, __half*, long, long, long, HIP_vector_type<unsigned int, 3u>, long, long, long)",757,42141889371244,42141889390059,0,0,256,1,1,655360,1,1
"KERNEL_DISPATCH",4,2,30,"void dequantize_block_iq3_s<__half>(void const*, __half*)",758,42141889390059,42141889593319,0,0,32,1,1,2129920,1,1
"KERNEL_DISPATCH",4,2,78,"void tile_fp16_gemm<128, 64, 4, 8, 32, false>(__half const*, __half const*, float*, float*, int, int, int, long, int)",759,42141889593319,42141890267844,0,25088,256,1,1,13312,1,8
"KERNEL_DISPATCH",4,2,80,"tile_fp16_reduce_span(float const*, float*, int, int, int, long, long)",760,42141890267844,42141890314215,0,0,256,1,1,106496,1,1
"KERNEL_DISPATCH",4,2,69,"void convert_unary<float, __half>(void const*, __half*, long, long, long, HIP_vector_type<unsigned int, 3u>, long, long, long)",761,42141890638070,42141890655848,0,0,256,1,1,655360,1,1
"KERNEL_DISPATCH",4,2,30,"void dequantize_block_iq3_s<__half>(void const*, __half*)",762,42141890655848,42141890856887,0,0,32,1,1,2129920,1,1
"KERNEL_DISPATCH",4,2,78,"void tile_fp16_gemm<128, 64, 4, 8, 32, false>(__half const*, __half const*, float*, float*, int, int, int, long, int)",763,42141890856887,42141891511560,0,25088,256,1,1,13312,1,8
"KERNEL_DISPATCH",4,2,80,"tile_fp16_reduce_span(float const*, float*, int, int, int, long, long)",764,42141891511560,42141891556893,0,0,256,1,1,106496,1,1
"KERNEL_DISPATCH",4,2,69,"void convert_unary<float, __half>(void const*, __half*, long, long, long, HIP_vector_type<unsigned int, 3u>, long, long, long)",765,42141891579560,42141891596301,0,0,256,1,1,655360,1,1
"KERNEL_DISPATCH",4,2,30,"void dequantize_block_iq3_s<__half>(void const*, __half*)",766,42141891596301,42141891809488,0,0,32,1,1,2129920,1,1
"KERNEL_DISPATCH",4,2,78,"void tile_fp16_gemm<128, 64, 4, 8, 32, false>(__half const*, __half const*, float*, float*, int, int, int, long, int)",767,42141891809488,42141892454383,0,25088,256,1,1,13312,1,8
"KERNEL_DISPATCH",4,2,80,"tile_fp16_reduce_span(float const*, float*, int, int, int, long, long)",768,42141892454383,42141892500014,0,0,256,1,1,106496,1,1
"KERNEL_DISPATCH",4,2,69,"void convert_unary<float, __half>(void const*, __half*, long, long, long, HIP_vector_type<unsigned int, 3u>, long, long, long)",769,42141892527569,42141892544310,0,0,256,1,1,655360,1,1
"KERNEL_DISPATCH",4,2,30,"void dequantize_block_iq3_s<__half>(void const*, __half*)",770,42141892544310,42141892757646,0,0,32,1,1,2129920,1,1
"KERNEL_DISPATCH",4,2,78,"void tile_fp16_gemm<128, 64, 4, 8, 32, false>(__half const*, __half const*, float*, float*, int, int, int, long, int)",771,42141892757646,42141893415430,0,25088,256,1,1,13312,1,8
"KERNEL_DISPATCH",4,2,80,"tile_fp16_reduce_span(float const*, float*, int, int, int, long, long)",772,42141893415430,42141893460467,0,0,256,1,1,106496,1,1
"KERNEL_DISPATCH",4,2,69,"void convert_unary<float, __half>(void const*, __half*, long, long, long, HIP_vector_type<unsigned int, 3u>, long, long, long)",773,42141893481060,42141893497801,0,0,256,1,1,655360,1,1
"KERNEL_DISPATCH",4,2,30,"void dequantize_block_iq3_s<__half>(void const*, __half*)",774,42141893497801,42141893710840,0,0,32,1,1,2129920,1,1
"KERNEL_DISPATCH",4,2,80,"tile_fp16_reduce_span(float const*, float*, int, int, int, long, long)",776,42141894353661,42141894396624,0,0,256,1,1,106496,1,1
"KERNEL_DISPATCH",4,2,78,"void tile_fp16_gemm<128, 64, 4, 8, 32, false>(__half const*, __half const*, float*, float*, int, int, int, long, int)",775,42141893710840,42141894353661,0,25088,256,1,1,13312,1,8
"KERNEL_DISPATCH",4,2,69,"void convert_unary<float, __half>(void const*, __half*, long, long, long, HIP_vector_type<unsigned int, 3u>, long, long, long)",777,42141894417958,42141894434699,0,0,256,1,1,655360,1,1
"KERNEL_DISPATCH",4,2,30,"void dequantize_block_iq3_s<__half>(void const*, __half*)",778,42141894434699,42141894648034,0,0,32,1,1,2129920,1,1
"KERNEL_DISPATCH",4,2,80,"tile_fp16_reduce_span(float const*, float*, int, int, int, long, long)",780,42141895308930,42141895356930,0,0,256,1,1,106496,1,1
"KERNEL_DISPATCH",4,2,78,"void tile_fp16_gemm<128, 64, 4, 8, 32, false>(__half const*, __half const*, float*, float*, int, int, int, long, int)",779,42141894648034,42141895308930,0,25088,256,1,1,13312,1,8
"KERNEL_DISPATCH",4,2,69,"void convert_unary<float, __half>(void const*, __half*, long, long, long, HIP_vector_type<unsigned int, 3u>, long, long, long)",781,42141895402708,42141895421375,0,0,256,1,1,655360,1,1
"KERNEL_DISPATCH",4,2,30,"void dequantize_block_iq3_s<__half>(void const*, __half*)",782,42141895421375,42141895659155,0,0,32,1,1,2129920,1,1
"KERNEL_DISPATCH",4,2,78,"void tile_fp16_gemm<128, 64, 4, 8, 32, false>(__half const*, __half const*, float*, float*, int, int, int, long, int)",783,42141895659155,42141896426422,0,25088,256,1,1,13312,1,8
"KERNEL_DISPATCH",4,2,80,"tile_fp16_reduce_span(float const*, float*, int, int, int, long, long)",784,42141896426422,42141896498274,0,0,256,1,1,106496,1,1
"KERNEL_DISPATCH",4,2,69,"void convert_unary<float, __half>(void const*, __half*, long, long, long, HIP_vector_type<unsigned int, 3u>, long, long, long)",785,42141896525386,42141896547312,0,0,256,1,1,655360,1,1
"KERNEL_DISPATCH",4,2,30,"void dequantize_block_iq3_s<__half>(void const*, __half*)",786,42141896547312,42141896820648,0,0,32,1,1,2129920,1,1
"KERNEL_DISPATCH",4,2,78,"void tile_fp16_gemm<128, 64, 4, 8, 32, false>(__half const*, __half const*, float*, float*, int, int, int, long, int)",787,42141896820648,42141897644063,0,25088,256,1,1,13312,1,8
"KERNEL_DISPATCH",4,2,80,"tile_fp16_reduce_span(float const*, float*, int, int, int, long, long)",788,42141897644063,42141897692805,0,0,256,1,1,106496,1,1
"KERNEL_DISPATCH",4,2,69,"void convert_unary<float, __half>(void const*, __half*, long, long, long, HIP_vector_type<unsigned int, 3u>, long, long, long)",789,42141897715620,42141897734138,0,0,256,1,1,655360,1,1
"KERNEL_DISPATCH",4,2,30,"void dequantize_block_iq3_s<__half>(void const*, __half*)",790,42141897734138,42141897971918,0,0,32,1,1,2129920,1,1
"KERNEL_DISPATCH",4,2,78,"void tile_fp16_gemm<128, 64, 4, 8, 32, false>(__half const*, __half const*, float*, float*, int, int, int, long, int)",791,42141897971918,42141898638295,0,25088,256,1,1,13312,1,8
"KERNEL_DISPATCH",4,2,80,"tile_fp16_reduce_span(float const*, float*, int, int, int, long, long)",792,42141898638295,42141898680962,0,0,256,1,1,106496,1,1
"KERNEL_DISPATCH",4,2,69,"void convert_unary<float, __half>(void const*, __half*, long, long, long, HIP_vector_type<unsigned int, 3u>, long, long, long)",793,42141898701851,42141898718592,0,0,256,1,1,655360,1,1
"KERNEL_DISPATCH",4,2,30,"void dequantize_block_iq3_s<__half>(void const*, __half*)",794,42141898718592,42141898931335,0,0,32,1,1,2129920,1,1
"KERNEL_DISPATCH",4,2,78,"void tile_fp16_gemm<128, 64, 4, 8, 32, false>(__half const*, __half const*, float*, float*, int, int, int, long, int)",795,42141898931335,42141899560674,0,25088,256,1,1,13312,1,8
"KERNEL_DISPATCH",4,2,80,"tile_fp16_reduce_span(float const*, float*, int, int, int, long, long)",796,42141899560674,42141899603638,0,0,256,1,1,106496,1,1
"KERNEL_DISPATCH",4,2,69,"void convert_unary<float, __half>(void const*, __half*, long, long, long, HIP_vector_type<unsigned int, 3u>, long, long, long)",797,42141899624527,42141899641268,0,0,256,1,1,655360,1,1
"KERNEL_DISPATCH",4,2,30,"void dequantize_block_iq3_s<__half>(void const*, __half*)",798,42141899641268,42141899854307,0,0,32,1,1,2129920,1,1
"KERNEL_DISPATCH",4,2,78,"void tile_fp16_gemm<128, 64, 4, 8, 32, false>(__half const*, __half const*, float*, float*, int, int, int, long, int)",799,42141899854307,42141900486165,0,25088,256,1,1,13312,1,8
"KERNEL_DISPATCH",4,2,80,"tile_fp16_reduce_span(float const*, float*, int, int, int, long, long)",800,42141900486165,42141900530017,0,0,256,1,1,106496,1,1
"KERNEL_DISPATCH",4,2,69,"void convert_unary<float, __half>(void const*, __half*, long, long, long, HIP_vector_type<unsigned int, 3u>, long, long, long)",801,42141900550906,42141900567499,0,0,256,1,1,655360,1,1
"KERNEL_DISPATCH",4,2,30,"void dequantize_block_iq3_s<__half>(void const*, __half*)",802,42141900567499,42141900780538,0,0,32,1,1,2129920,1,1
"KERNEL_DISPATCH",4,2,78,"void tile_fp16_gemm<128, 64, 4, 8, 32, false>(__half const*, __half const*, float*, float*, int, int, int, long, int)",803,42141900780538,42141901414470,0,25088,256,1,1,13312,1,8
"KERNEL_DISPATCH",4,2,80,"tile_fp16_reduce_span(float const*, float*, int, int, int, long, long)",804,42141901414470,42141901457137,0,0,256,1,1,106496,1,1
"KERNEL_DISPATCH",4,2,69,"void convert_unary<float, __half>(void const*, __half*, long, long, long, HIP_vector_type<unsigned int, 3u>, long, long, long)",805,42141901478175,42141901494915,0,0,256,1,1,655360,1,1
"KERNEL_DISPATCH",4,2,30,"void dequantize_block_iq3_s<__half>(void const*, __half*)",806,42141901494915,42141901708103,0,0,32,1,1,2129920,1,1
"KERNEL_DISPATCH",4,2,78,"void tile_fp16_gemm<128, 64, 4, 8, 32, false>(__half const*, __half const*, float*, float*, int, int, int, long, int)",807,42141901708103,42141902372702,0,25088,256,1,1,13312,1,8
"KERNEL_DISPATCH",4,2,80,"tile_fp16_reduce_span(float const*, float*, int, int, int, long, long)",808,42141902372702,42141902419961,0,0,256,1,1,106496,1,1
"KERNEL_DISPATCH",4,2,69,"void convert_unary<float, __half>(void const*, __half*, long, long, long, HIP_vector_type<unsigned int, 3u>, long, long, long)",809,42141902442332,42141902460999,0,0,256,1,1,655360,1,1
"KERNEL_DISPATCH",4,2,30,"void dequantize_block_iq3_s<__half>(void const*, __half*)",810,42141902460999,42141902698483,0,0,32,1,1,2129920,1,1
"KERNEL_DISPATCH",4,2,78,"void tile_fp16_gemm<128, 64, 4, 8, 32, false>(__half const*, __half const*, float*, float*, int, int, int, long, int)",811,42141902698483,42141903483972,0,25088,256,1,1,13312,1,8
"KERNEL_DISPATCH",4,2,80,"tile_fp16_reduce_span(float const*, float*, int, int, int, long, long)",812,42141903483972,42141903556861,0,0,256,1,1,106496,1,1
"KERNEL_DISPATCH",4,2,69,"void convert_unary<float, __half>(void const*, __half*, long, long, long, HIP_vector_type<unsigned int, 3u>, long, long, long)",813,42141903583232,42141903605158,0,0,256,1,1,655360,1,1
"KERNEL_DISPATCH",4,2,30,"void dequantize_block_iq3_s<__half>(void const*, __half*)",814,42141903605158,42141903878050,0,0,32,1,1,2129920,1,1
"KERNEL_DISPATCH",4,2,78,"void tile_fp16_gemm<128, 64, 4, 8, 32, false>(__half const*, __half const*, float*, float*, int, int, int, long, int)",815,42141903878050,42141904680280,0,25088,256,1,1,13312,1,8
"KERNEL_DISPATCH",4,2,80,"tile_fp16_reduce_span(float const*, float*, int, int, int, long, long)",816,42141904680280,42141904728428,0,0,256,1,1,106496,1,1
"KERNEL_DISPATCH",4,2,69,"void convert_unary<float, __half>(void const*, __half*, long, long, long, HIP_vector_type<unsigned int, 3u>, long, long, long)",817,42141904751391,42141904770058,0,0,256,1,1,655360,1,1
"KERNEL_DISPATCH",4,2,30,"void dequantize_block_iq3_s<__half>(void const*, __half*)",818,42141904770058,42141905007542,0,0,32,1,1,2129920,1,1
"KERNEL_DISPATCH",4,2,78,"void tile_fp16_gemm<128, 64, 4, 8, 32, false>(__half const*, __half const*, float*, float*, int, int, int, long, int)",819,42141905007542,42141905664585,0,25088,256,1,1,13312,1,8
"KERNEL_DISPATCH",4,2,80,"tile_fp16_reduce_span(float const*, float*, int, int, int, long, long)",820,42141905664585,42141905707401,0,0,256,1,1,106496,1,1
"KERNEL_DISPATCH",4,2,69,"void convert_unary<float, __half>(void const*, __half*, long, long, long, HIP_vector_type<unsigned int, 3u>, long, long, long)",821,42141905728142,42141905745179,0,0,256,1,1,655360,1,1
"KERNEL_DISPATCH",4,2,30,"void dequantize_block_iq3_s<__half>(void const*, __half*)",822,42141905745179,42141905958218,0,0,32,1,1,2129920,1,1
"KERNEL_DISPATCH",4,2,78,"void tile_fp16_gemm<128, 64, 4, 8, 32, false>(__half const*, __half const*, float*, float*, int, int, int, long, int)",823,42141905958218,42141906588594,0,25088,256,1,1,13312,1,8
"KERNEL_DISPATCH",4,2,80,"tile_fp16_reduce_span(float const*, float*, int, int, int, long, long)",824,42141906588594,42141906631706,0,0,256,1,1,106496,1,1
"KERNEL_DISPATCH",4,2,69,"void convert_unary<float, __half>(void const*, __half*, long, long, long, HIP_vector_type<unsigned int, 3u>, long, long, long)",825,42141906654521,42141906671410,0,0,256,1,1,655360,1,1
"KERNEL_DISPATCH",4,2,30,"void dequantize_block_iq3_s<__half>(void const*, __half*)",826,42141906671410,42141906884449,0,0,32,1,1,2129920,1,1
"KERNEL_DISPATCH",4,2,78,"void tile_fp16_gemm<128, 64, 4, 8, 32, false>(__half const*, __half const*, float*, float*, int, int, int, long, int)",827,42141906884449,42141907516455,0,25088,256,1,1,13312,1,8
"KERNEL_DISPATCH",4,2,80,"tile_fp16_reduce_span(float const*, float*, int, int, int, long, long)",828,42141907516455,42141907559270,0,0,256,1,1,106496,1,1
"KERNEL_DISPATCH",4,2,69,"void convert_unary<float, __half>(void const*, __half*, long, long, long, HIP_vector_type<unsigned int, 3u>, long, long, long)",829,42141907580308,42141907597049,0,0,256,1,1,655360,1,1
"KERNEL_DISPATCH",4,2,30,"void dequantize_block_iq3_s<__half>(void const*, __half*)",830,42141907597049,42141907810236,0,0,32,1,1,2129920,1,1
"KERNEL_DISPATCH",4,2,78,"void tile_fp16_gemm<128, 64, 4, 8, 32, false>(__half const*, __half const*, float*, float*, int, int, int, long, int)",831,42141907810236,42141908439131,0,25088,256,1,1,13312,1,8
"KERNEL_DISPATCH",4,2,80,"tile_fp16_reduce_span(float const*, float*, int, int, int, long, long)",832,42141908439131,42141908482390,0,0,256,1,1,106496,1,1
"KERNEL_DISPATCH",4,2,69,"void convert_unary<float, __half>(void const*, __half*, long, long, long, HIP_vector_type<unsigned int, 3u>, long, long, long)",833,42141908503872,42141908520613,0,0,256,1,1,655360,1,1
"KERNEL_DISPATCH",4,2,30,"void dequantize_block_iq3_s<__half>(void const*, __half*)",834,42141908520613,42141908733504,0,0,32,1,1,2129920,1,1
"KERNEL_DISPATCH",4,2,78,"void tile_fp16_gemm<128, 64, 4, 8, 32, false>(__half const*, __half const*, float*, float*, int, int, int, long, int)",835,42141908733504,42141909404622,0,25088,256,1,1,13312,1,8
"KERNEL_DISPATCH",4,2,80,"tile_fp16_reduce_span(float const*, float*, int, int, int, long, long)",836,42141909404622,42141909452178,0,0,256,1,1,106496,1,1
"KERNEL_DISPATCH",4,2,69,"void convert_unary<float, __half>(void const*, __half*, long, long, long, HIP_vector_type<unsigned int, 3u>, long, long, long)",837,42141909474696,42141909493215,0,0,256,1,1,655360,1,1
"KERNEL_DISPATCH",4,2,30,"void dequantize_block_iq3_s<__half>(void const*, __half*)",838,42141909493215,42141909730995,0,0,32,1,1,2129920,1,1
"KERNEL_DISPATCH",4,2,78,"void tile_fp16_gemm<128, 64, 4, 8, 32, false>(__half const*, __half const*, float*, float*, int, int, int, long, int)",839,42141909730995,42141910524484,0,25088,256,1,1,13312,1,8
"KERNEL_DISPATCH",4,2,80,"tile_fp16_reduce_span(float const*, float*, int, int, int, long, long)",840,42141910524484,42141910596485,0,0,256,1,1,106496,1,1
"KERNEL_DISPATCH",4,2,69,"void convert_unary<float, __half>(void const*, __half*, long, long, long, HIP_vector_type<unsigned int, 3u>, long, long, long)",841,42141910622856,42141910645226,0,0,256,1,1,655360,1,1
"KERNEL_DISPATCH",4,2,30,"void dequantize_block_iq3_s<__half>(void const*, __half*)",842,42141910645226,42141910918266,0,0,32,1,1,2129920,1,1
"KERNEL_DISPATCH",4,2,78,"void tile_fp16_gemm<128, 64, 4, 8, 32, false>(__half const*, __half const*, float*, float*, int, int, int, long, int)",843,42141910918266,42141911717533,0,25088,256,1,1,13312,1,8
"KERNEL_DISPATCH",4,2,80,"tile_fp16_reduce_span(float const*, float*, int, int, int, long, long)",844,42141911717533,42141911765830,0,0,256,1,1,106496,1,1
"KERNEL_DISPATCH",4,2,69,"void convert_unary<float, __half>(void const*, __half*, long, long, long, HIP_vector_type<unsigned int, 3u>, long, long, long)",845,42141911788793,42141911807460,0,0,256,1,1,655360,1,1
"KERNEL_DISPATCH",4,2,30,"void dequantize_block_iq3_s<__half>(void const*, __half*)",846,42141911807460,42141912045240,0,0,32,1,1,2129920,1,1
"KERNEL_DISPATCH",4,2,78,"void tile_fp16_gemm<128, 64, 4, 8, 32, false>(__half const*, __half const*, float*, float*, int, int, int, long, int)",847,42141912045240,42141912708950,0,25088,256,1,1,13312,1,8
"KERNEL_DISPATCH",4,2,80,"tile_fp16_reduce_span(float const*, float*, int, int, int, long, long)",848,42141912708950,42141912752061,0,0,256,1,1,106496,1,1
"KERNEL_DISPATCH",4,2,69,"void convert_unary<float, __half>(void const*, __half*, long, long, long, HIP_vector_type<unsigned int, 3u>, long, long, long)",849,42141912773543,42141912790284,0,0,256,1,1,655360,1,1
"KERNEL_DISPATCH",4,2,30,"void dequantize_block_iq3_s<__half>(void const*, __half*)",850,42141912790284,42141913003768,0,0,32,1,1,2129920,1,1
"KERNEL_DISPATCH",4,2,78,"void tile_fp16_gemm<128, 64, 4, 8, 32, false>(__half const*, __half const*, float*, float*, int, int, int, long, int)",851,42141913003768,42141913634292,0,25088,256,1,1,13312,1,8
"KERNEL_DISPATCH",4,2,80,"tile_fp16_reduce_span(float const*, float*, int, int, int, long, long)",852,42141913634292,42141913677107,0,0,256,1,1,106496,1,1
"KERNEL_DISPATCH",4,2,69,"void convert_unary<float, __half>(void const*, __half*, long, long, long, HIP_vector_type<unsigned int, 3u>, long, long, long)",853,42141913698293,42141913715034,0,0,256,1,1,655360,1,1
"KERNEL_DISPATCH",4,2,30,"void dequantize_block_iq3_s<__half>(void const*, __half*)",854,42141913715034,42141913928073,0,0,32,1,1,2129920,1,1
"KERNEL_DISPATCH",4,2,78,"void tile_fp16_gemm<128, 64, 4, 8, 32, false>(__half const*, __half const*, float*, float*, int, int, int, long, int)",855,42141913928073,42141914570005,0,25088,256,1,1,13312,1,8
"KERNEL_DISPATCH",4,2,80,"tile_fp16_reduce_span(float const*, float*, int, int, int, long, long)",856,42141914570005,42141914612079,0,0,256,1,1,106496,1,1
"KERNEL_DISPATCH",4,2,69,"void convert_unary<float, __half>(void const*, __half*, long, long, long, HIP_vector_type<unsigned int, 3u>, long, long, long)",857,42141914632672,42141914648524,0,0,256,1,1,655360,1,1
"KERNEL_DISPATCH",4,2,30,"void dequantize_block_iq3_s<__half>(void const*, __half*)",858,42141914648524,42141914849119,0,0,32,1,1,2129920,1,1
"KERNEL_DISPATCH",4,2,78,"void tile_fp16_gemm<128, 64, 4, 8, 32, false>(__half const*, __half const*, float*, float*, int, int, int, long, int)",859,42141914849119,42141915492384,0,25088,256,1,1,13312,1,8
"KERNEL_DISPATCH",4,2,80,"tile_fp16_reduce_span(float const*, float*, int, int, int, long, long)",860,42141915492384,42141915535348,0,0,256,1,1,106496,1,1
"KERNEL_DISPATCH",4,2,69,"void convert_unary<float, __half>(void const*, __half*, long, long, long, HIP_vector_type<unsigned int, 3u>, long, long, long)",861,42141915556237,42141915572978,0,0,256,1,1,655360,1,1
"KERNEL_DISPATCH",4,2,30,"void dequantize_block_iq3_s<__half>(void const*, __half*)",862,42141915572978,42141915786165,0,0,32,1,1,2129920,1,1
"KERNEL_DISPATCH",4,2,78,"void tile_fp16_gemm<128, 64, 4, 8, 32, false>(__half const*, __half const*, float*, float*, int, int, int, long, int)",863,42141915786165,42141916427801,0,25088,256,1,1,13312,1,8
"KERNEL_DISPATCH",4,2,80,"tile_fp16_reduce_span(float const*, float*, int, int, int, long, long)",864,42141916427801,42141916470171,0,0,256,1,1,106496,1,1
"KERNEL_DISPATCH",4,2,69,"void convert_unary<float, __half>(void const*, __half*, long, long, long, HIP_vector_type<unsigned int, 3u>, long, long, long)",865,42141916491505,42141916508246,0,0,256,1,1,655360,1,1
"KERNEL_DISPATCH",4,2,30,"void dequantize_block_iq3_s<__half>(void const*, __half*)",866,42141916508246,42141916721285,0,0,32,1,1,2129920,1,1
"KERNEL_DISPATCH",4,2,78,"void tile_fp16_gemm<128, 64, 4, 8, 32, false>(__half const*, __half const*, float*, float*, int, int, int, long, int)",867,42141916721285,42141917383958,0,25088,256,1,1,13312,1,8
"KERNEL_DISPATCH",4,2,80,"tile_fp16_reduce_span(float const*, float*, int, int, int, long, long)",868,42141917383958,42141917431959,0,0,256,1,1,106496,1,1
"KERNEL_DISPATCH",4,2,69,"void convert_unary<float, __half>(void const*, __half*, long, long, long, HIP_vector_type<unsigned int, 3u>, long, long, long)",869,42141917454477,42141917473144,0,0,256,1,1,655360,1,1
"KERNEL_DISPATCH",4,2,30,"void dequantize_block_iq3_s<__half>(void const*, __half*)",870,42141917473144,42141917710776,0,0,32,1,1,2129920,1,1
"KERNEL_DISPATCH",4,2,78,"void tile_fp16_gemm<128, 64, 4, 8, 32, false>(__half const*, __half const*, float*, float*, int, int, int, long, int)",871,42141917710776,42141918463969,0,25088,256,1,1,13312,1,8
"KERNEL_DISPATCH",4,2,80,"tile_fp16_reduce_span(float const*, float*, int, int, int, long, long)",872,42141918463969,42141918536266,0,0,256,1,1,106496,1,1
"KERNEL_DISPATCH",4,2,69,"void convert_unary<float, __half>(void const*, __half*, long, long, long, HIP_vector_type<unsigned int, 3u>, long, long, long)",873,42141918562192,42141918584118,0,0,256,1,1,655360,1,1
"KERNEL_DISPATCH",4,2,30,"void dequantize_block_iq3_s<__half>(void const*, __half*)",874,42141918584118,42141918857306,0,0,32,1,1,2129920,1,1
"KERNEL_DISPATCH",4,2,78,"void tile_fp16_gemm<128, 64, 4, 8, 32, false>(__half const*, __half const*, float*, float*, int, int, int, long, int)",875,42141918857306,42141919686499,0,25088,256,1,1,13312,1,8
"KERNEL_DISPATCH",4,2,80,"tile_fp16_reduce_span(float const*, float*, int, int, int, long, long)",876,42141919686499,42141919735240,0,0,256,1,1,106496,1,1
"KERNEL_DISPATCH",4,2,69,"void convert_unary<float, __half>(void const*, __half*, long, long, long, HIP_vector_type<unsigned int, 3u>, long, long, long)",877,42141919757907,42141919776574,0,0,256,1,1,655360,1,1
"KERNEL_DISPATCH",4,2,30,"void dequantize_block_iq3_s<__half>(void const*, __half*)",878,42141919776574,42141920014354,0,0,32,1,1,2129920,1,1
"KERNEL_DISPATCH",4,2,78,"void tile_fp16_gemm<128, 64, 4, 8, 32, false>(__half const*, __half const*, float*, float*, int, int, int, long, int)",879,42141920014354,42141920677027,0,25088,256,1,1,13312,1,8
"KERNEL_DISPATCH",4,2,80,"tile_fp16_reduce_span(float const*, float*, int, int, int, long, long)",880,42141920677027,42141920719842,0,0,256,1,1,106496,1,1
"KERNEL_DISPATCH",4,2,69,"void convert_unary<float, __half>(void const*, __half*, long, long, long, HIP_vector_type<unsigned int, 3u>, long, long, long)",881,42141920740731,42141920757472,0,0,256,1,1,655360,1,1
"KERNEL_DISPATCH",4,2,30,"void dequantize_block_iq3_s<__half>(void const*, __half*)",882,42141920757472,42141920970511,0,0,32,1,1,2129920,1,1
"KERNEL_DISPATCH",4,2,78,"void tile_fp16_gemm<128, 64, 4, 8, 32, false>(__half const*, __half const*, float*, float*, int, int, int, long, int)",883,42141920970511,42141921606073,0,25088,256,1,1,13312,1,8
"KERNEL_DISPATCH",4,2,80,"tile_fp16_reduce_span(float const*, float*, int, int, int, long, long)",884,42141921606073,42141921648592,0,0,256,1,1,106496,1,1
"KERNEL_DISPATCH",4,2,69,"void convert_unary<float, __half>(void const*, __half*, long, long, long, HIP_vector_type<unsigned int, 3u>, long, long, long)",885,42141921669777,42141921686370,0,0,256,1,1,655360,1,1
"KERNEL_DISPATCH",4,2,30,"void dequantize_block_iq3_s<__half>(void const*, __half*)",886,42141921686370,42141921899557,0,0,32,1,1,2129920,1,1
"KERNEL_DISPATCH",4,2,78,"void tile_fp16_gemm<128, 64, 4, 8, 32, false>(__half const*, __half const*, float*, float*, int, int, int, long, int)",887,42141921899557,42141922532008,0,25088,256,1,1,13312,1,8
"KERNEL_DISPATCH",4,2,80,"tile_fp16_reduce_span(float const*, float*, int, int, int, long, long)",888,42141922532008,42141922574823,0,0,256,1,1,106496,1,1
"KERNEL_DISPATCH",4,2,69,"void convert_unary<float, __half>(void const*, __half*, long, long, long, HIP_vector_type<unsigned int, 3u>, long, long, long)",889,42141922595860,42141922612601,0,0,256,1,1,655360,1,1
"KERNEL_DISPATCH",4,2,30,"void dequantize_block_iq3_s<__half>(void const*, __half*)",890,42141922612601,42141922825937,0,0,32,1,1,2129920,1,1
"KERNEL_DISPATCH",4,2,78,"void tile_fp16_gemm<128, 64, 4, 8, 32, false>(__half const*, __half const*, float*, float*, int, int, int, long, int)",891,42141922825937,42141923456758,0,25088,256,1,1,13312,1,8
"KERNEL_DISPATCH",4,2,80,"tile_fp16_reduce_span(float const*, float*, int, int, int, long, long)",892,42141923456758,42141923499869,0,0,256,1,1,106496,1,1
"KERNEL_DISPATCH",4,2,69,"void convert_unary<float, __half>(void const*, __half*, long, long, long, HIP_vector_type<unsigned int, 3u>, long, long, long)",893,42141923520906,42141923537647,0,0,256,1,1,655360,1,1
"KERNEL_DISPATCH",4,2,30,"void dequantize_block_iq3_s<__half>(void const*, __half*)",894,42141923537647,42141923750538,0,0,32,1,1,2129920,1,1
"KERNEL_DISPATCH",4,2,78,"void tile_fp16_gemm<128, 64, 4, 8, 32, false>(__half const*, __half const*, float*, float*, int, int, int, long, int)",895,42141923750538,42141924419730,0,25088,256,1,1,13312,1,8
"KERNEL_DISPATCH",4,2,80,"tile_fp16_reduce_span(float const*, float*, int, int, int, long, long)",896,42141924419730,42141924467434,0,0,256,1,1,106496,1,1
"KERNEL_DISPATCH",4,2,69,"void convert_unary<float, __half>(void const*, __half*, long, long, long, HIP_vector_type<unsigned int, 3u>, long, long, long)",897,42141924490101,42141924508916,0,0,256,1,1,655360,1,1
"KERNEL_DISPATCH",4,2,30,"void dequantize_block_iq3_s<__half>(void const*, __half*)",898,42141924508916,42141924746252,0,0,32,1,1,2129920,1,1
"KERNEL_DISPATCH",4,2,78,"void tile_fp16_gemm<128, 64, 4, 8, 32, false>(__half const*, __half const*, float*, float*, int, int, int, long, int)",899,42141924746252,42141925438703,0,25088,256,1,1,13312,1,8
"KERNEL_DISPATCH",4,2,80,"tile_fp16_reduce_span(float const*, float*, int, int, int, long, long)",900,42141925438703,42141925487444,0,0,256,1,1,106496,1,1
"KERNEL_DISPATCH",4,2,69,"void convert_unary<float, __half>(void const*, __half*, long, long, long, HIP_vector_type<unsigned int, 3u>, long, long, long)",901,42141925509814,42141925528481,0,0,256,1,1,655360,1,1
"KERNEL_DISPATCH",4,2,30,"void dequantize_block_iq3_s<__half>(void const*, __half*)",902,42141925528481,42141925766113,0,0,32,1,1,2129920,1,1
"KERNEL_DISPATCH",4,2,78,"void tile_fp16_gemm<128, 64, 4, 8, 32, false>(__half const*, __half const*, float*, float*, int, int, int, long, int)",903,42141925766113,42141926457527,0,25088,256,1,1,13312,1,8
"KERNEL_DISPATCH",4,2,80,"tile_fp16_reduce_span(float const*, float*, int, int, int, long, long)",904,42141926457527,42141926505380,0,0,256,1,1,106496,1,1
"KERNEL_DISPATCH",4,2,69,"void convert_unary<float, __half>(void const*, __half*, long, long, long, HIP_vector_type<unsigned int, 3u>, long, long, long)",905,42141926527750,42141926546713,0,0,256,1,1,655360,1,1
"KERNEL_DISPATCH",4,2,30,"void dequantize_block_iq3_s<__half>(void const*, __half*)",906,42141926546713,42141926784197,0,0,32,1,1,2129920,1,1
"KERNEL_DISPATCH",4,2,80,"tile_fp16_reduce_span(float const*, float*, int, int, int, long, long)",908,42141927448796,42141927491908,0,0,256,1,1,106496,1,1
"KERNEL_DISPATCH",4,2,78,"void tile_fp16_gemm<128, 64, 4, 8, 32, false>(__half const*, __half const*, float*, float*, int, int, int, long, int)",907,42141926784197,42141927448796,0,25088,256,1,1,13312,1,8
"KERNEL_DISPATCH",4,2,69,"void convert_unary<float, __half>(void const*, __half*, long, long, long, HIP_vector_type<unsigned int, 3u>, long, long, long)",909,42141927512501,42141927529390,0,0,256,1,1,655360,1,1
"KERNEL_DISPATCH",4,2,30,"void dequantize_block_iq3_s<__half>(void const*, __half*)",910,42141927529390,42141927742577,0,0,32,1,1,2129920,1,1
"KERNEL_DISPATCH",4,2,78,"void tile_fp16_gemm<128, 64, 4, 8, 32, false>(__half const*, __half const*, float*, float*, int, int, int, long, int)",911,42141927742577,42141928409102,0,25088,256,1,1,13312,1,8
"KERNEL_DISPATCH",4,2,80,"tile_fp16_reduce_span(float const*, float*, int, int, int, long, long)",912,42141928409102,42141928457695,0,0,256,1,1,106496,1,1
"KERNEL_DISPATCH",4,2,69,"void convert_unary<float, __half>(void const*, __half*, long, long, long, HIP_vector_type<unsigned int, 3u>, long, long, long)",913,42141928480658,42141928499325,0,0,256,1,1,655360,1,1
"KERNEL_DISPATCH",4,2,30,"void dequantize_block_iq3_s<__half>(void const*, __half*)",914,42141928499325,42141928736957,0,0,32,1,1,2129920,1,1
"KERNEL_DISPATCH",4,2,78,"void tile_fp16_gemm<128, 64, 4, 8, 32, false>(__half const*, __half const*, float*, float*, int, int, int, long, int)",915,42141928736957,42141929532520,0,25088,256,1,1,13312,1,8
"KERNEL_DISPATCH",4,2,80,"tile_fp16_reduce_span(float const*, float*, int, int, int, long, long)",916,42141929532520,42141929603928,0,0,256,1,1,106496,1,1
"KERNEL_DISPATCH",4,2,69,"void convert_unary<float, __half>(void const*, __half*, long, long, long, HIP_vector_type<unsigned int, 3u>, long, long, long)",917,42141929630447,42141929652521,0,0,256,1,1,655360,1,1
"KERNEL_DISPATCH",4,2,30,"void dequantize_block_iq3_s<__half>(void const*, __half*)",918,42141929652521,42141929926302,0,0,32,1,1,2129920,1,1
"KERNEL_DISPATCH",4,2,78,"void tile_fp16_gemm<128, 64, 4, 8, 32, false>(__half const*, __half const*, float*, float*, int, int, int, long, int)",919,42141929926302,42141930724235,0,25088,256,1,1,13312,1,8
"KERNEL_DISPATCH",4,2,80,"tile_fp16_reduce_span(float const*, float*, int, int, int, long, long)",920,42141930724235,42141930772236,0,0,256,1,1,106496,1,1
"KERNEL_DISPATCH",4,2,69,"void convert_unary<float, __half>(void const*, __half*, long, long, long, HIP_vector_type<unsigned int, 3u>, long, long, long)",921,42141930795199,42141930813718,0,0,256,1,1,655360,1,1
"KERNEL_DISPATCH",4,2,30,"void dequantize_block_iq3_s<__half>(void const*, __half*)",922,42141930813718,42141931052239,0,0,32,1,1,2129920,1,1
"KERNEL_DISPATCH",4,2,78,"void tile_fp16_gemm<128, 64, 4, 8, 32, false>(__half const*, __half const*, float*, float*, int, int, int, long, int)",923,42141931052239,42141931704689,0,25088,256,1,1,13312,1,8
"KERNEL_DISPATCH",4,2,80,"tile_fp16_reduce_span(float const*, float*, int, int, int, long, long)",924,42141931704689,42141931747504,0,0,256,1,1,106496,1,1
"KERNEL_DISPATCH",4,2,69,"void convert_unary<float, __half>(void const*, __half*, long, long, long, HIP_vector_type<unsigned int, 3u>, long, long, long)",925,42141931768394,42141931785283,0,0,256,1,1,655360,1,1
"KERNEL_DISPATCH",4,2,30,"void dequantize_block_iq3_s<__half>(void const*, __half*)",926,42141931785283,42141931998470,0,0,32,1,1,2129920,1,1
"KERNEL_DISPATCH",4,2,78,"void tile_fp16_gemm<128, 64, 4, 8, 32, false>(__half const*, __half const*, float*, float*, int, int, int, long, int)",927,42141931998470,42141932628550,0,25088,256,1,1,13312,1,8
"KERNEL_DISPATCH",4,2,80,"tile_fp16_reduce_span(float const*, float*, int, int, int, long, long)",928,42141932628550,42141932671217,0,0,256,1,1,106496,1,1
"KERNEL_DISPATCH",4,2,69,"void convert_unary<float, __half>(void const*, __half*, long, long, long, HIP_vector_type<unsigned int, 3u>, long, long, long)",929,42141932692403,42141932709143,0,0,256,1,1,655360,1,1
"KERNEL_DISPATCH",4,2,30,"void dequantize_block_iq3_s<__half>(void const*, __half*)",930,42141932709143,42141932922331,0,0,32,1,1,2129920,1,1
"KERNEL_DISPATCH",4,2,78,"void tile_fp16_gemm<128, 64, 4, 8, 32, false>(__half const*, __half const*, float*, float*, int, int, int, long, int)",931,42141932922331,42141933547818,0,25088,256,1,1,13312,1,8
"KERNEL_DISPATCH",4,2,80,"tile_fp16_reduce_span(float const*, float*, int, int, int, long, long)",932,42141933547818,42141933590041,0,0,256,1,1,106496,1,1
"KERNEL_DISPATCH",4,2,69,"void convert_unary<float, __half>(void const*, __half*, long, long, long, HIP_vector_type<unsigned int, 3u>, long, long, long)",933,42141933610782,42141933627671,0,0,256,1,1,655360,1,1
"KERNEL_DISPATCH",4,2,30,"void dequantize_block_iq3_s<__half>(void const*, __half*)",934,42141933627671,42141933840858,0,0,32,1,1,2129920,1,1
"KERNEL_DISPATCH",4,2,78,"void tile_fp16_gemm<128, 64, 4, 8, 32, false>(__half const*, __half const*, float*, float*, int, int, int, long, int)",935,42141933840858,42141934484272,0,25088,256,1,1,13312,1,8
"KERNEL_DISPATCH",4,2,80,"tile_fp16_reduce_span(float const*, float*, int, int, int, long, long)",936,42141934484272,42141934527383,0,0,256,1,1,106496,1,1
"KERNEL_DISPATCH",4,2,69,"void convert_unary<float, __half>(void const*, __half*, long, long, long, HIP_vector_type<unsigned int, 3u>, long, long, long)",937,42141934548272,42141934564865,0,0,256,1,1,655360,1,1
"KERNEL_DISPATCH",4,2,30,"void dequantize_block_iq3_s<__half>(void const*, __half*)",938,42141934564865,42141934778497,0,0,32,1,1,2129920,1,1
"KERNEL_DISPATCH",4,2,78,"void tile_fp16_gemm<128, 64, 4, 8, 32, false>(__half const*, __half const*, float*, float*, int, int, int, long, int)",939,42141934778497,42141935425318,0,25088,256,1,1,13312,1,8
"KERNEL_DISPATCH",4,2,80,"tile_fp16_reduce_span(float const*, float*, int, int, int, long, long)",940,42141935425318,42141935468429,0,0,256,1,1,106496,1,1
"KERNEL_DISPATCH",4,2,69,"void convert_unary<float, __half>(void const*, __half*, long, long, long, HIP_vector_type<unsigned int, 3u>, long, long, long)",941,42141935489170,42141935505763,0,0,256,1,1,655360,1,1
"KERNEL_DISPATCH",4,2,30,"void dequantize_block_iq3_s<__half>(void const*, __half*)",942,42141935505763,42141935718654,0,0,32,1,1,2129920,1,1
"KERNEL_DISPATCH",4,2,78,"void tile_fp16_gemm<128, 64, 4, 8, 32, false>(__half const*, __half const*, float*, float*, int, int, int, long, int)",943,42141935718654,42141936382216,0,25088,256,1,1,13312,1,8
"KERNEL_DISPATCH",4,2,80,"tile_fp16_reduce_span(float const*, float*, int, int, int, long, long)",944,42141936382216,42141936430216,0,0,256,1,1,106496,1,1
"KERNEL_DISPATCH",4,2,69,"void convert_unary<float, __half>(void const*, __half*, long, long, long, HIP_vector_type<unsigned int, 3u>, long, long, long)",945,42141936452735,42141936471254,0,0,256,1,1,655360,1,1
"KERNEL_DISPATCH",4,2,30,"void dequantize_block_iq3_s<__half>(void const*, __half*)",946,42141936471254,42141936709182,0,0,32,1,1,2129920,1,1
"KERNEL_DISPATCH",4,2,78,"void tile_fp16_gemm<128, 64, 4, 8, 32, false>(__half const*, __half const*, float*, float*, int, int, int, long, int)",947,42141936709182,42141937467264,0,25088,256,1,1,13312,1,8
"KERNEL_DISPATCH",4,2,80,"tile_fp16_reduce_span(float const*, float*, int, int, int, long, long)",948,42141937467264,42141937538968,0,0,256,1,1,106496,1,1
"KERNEL_DISPATCH",4,2,69,"void convert_unary<float, __half>(void const*, __half*, long, long, long, HIP_vector_type<unsigned int, 3u>, long, long, long)",949,42141937565487,42141937587561,0,0,256,1,1,655360,1,1
"KERNEL_DISPATCH",4,2,30,"void dequantize_block_iq3_s<__half>(void const*, __half*)",950,42141937587561,42141937860601,0,0,32,1,1,2129920,1,1
"KERNEL_DISPATCH",4,2,78,"void tile_fp16_gemm<128, 64, 4, 8, 32, false>(__half const*, __half const*, float*, float*, int, int, int, long, int)",951,42141937860601,42141938675572,0,25088,256,1,1,13312,1,8
"KERNEL_DISPATCH",4,2,80,"tile_fp16_reduce_span(float const*, float*, int, int, int, long, long)",952,42141938675572,42141938723276,0,0,256,1,1,106496,1,1
"KERNEL_DISPATCH",4,2,69,"void convert_unary<float, __half>(void const*, __half*, long, long, long, HIP_vector_type<unsigned int, 3u>, long, long, long)",953,42141938746535,42141938765202,0,0,256,1,1,655360,1,1
"KERNEL_DISPATCH",4,2,30,"void dequantize_block_iq3_s<__half>(void const*, __half*)",954,42141938765202,42141939002834,0,0,32,1,1,2129920,1,1
"KERNEL_DISPATCH",4,2,78,"void tile_fp16_gemm<128, 64, 4, 8, 32, false>(__half const*, __half const*, float*, float*, int, int, int, long, int)",955,42141939002834,42141939667137,0,25088,256,1,1,13312,1,8
"KERNEL_DISPATCH",4,2,80,"tile_fp16_reduce_span(float const*, float*, int, int, int, long, long)",956,42141939667137,42141939710396,0,0,256,1,1,106496,1,1
"KERNEL_DISPATCH",4,2,69,"void convert_unary<float, __half>(void const*, __half*, long, long, long, HIP_vector_type<unsigned int, 3u>, long, long, long)",957,42141939731137,42141939747878,0,0,256,1,1,655360,1,1
"KERNEL_DISPATCH",4,2,30,"void dequantize_block_iq3_s<__half>(void const*, __half*)",958,42141939747878,42141939961214,0,0,32,1,1,2129920,1,1
"KERNEL_DISPATCH",4,2,78,"void tile_fp16_gemm<128, 64, 4, 8, 32, false>(__half const*, __half const*, float*, float*, int, int, int, long, int)",959,42141939961214,42141940596183,0,25088,256,1,1,13312,1,8
"KERNEL_DISPATCH",4,2,80,"tile_fp16_reduce_span(float const*, float*, int, int, int, long, long)",960,42141940596183,42141940638702,0,0,256,1,1,106496,1,1
"KERNEL_DISPATCH",4,2,69,"void convert_unary<float, __half>(void const*, __half*, long, long, long, HIP_vector_type<unsigned int, 3u>, long, long, long)",961,42141940659887,42141940676628,0,0,256,1,1,655360,1,1
"KERNEL_DISPATCH",4,2,30,"void dequantize_block_iq3_s<__half>(void const*, __half*)",962,42141940676628,42141940889815,0,0,32,1,1,2129920,1,1
"KERNEL_DISPATCH",4,2,78,"void tile_fp16_gemm<128, 64, 4, 8, 32, false>(__half const*, __half const*, float*, float*, int, int, int, long, int)",963,42141940889815,42141941517229,0,25088,256,1,1,13312,1,8
"KERNEL_DISPATCH",4,2,80,"tile_fp16_reduce_span(float const*, float*, int, int, int, long, long)",964,42141941517229,42141941560637,0,0,256,1,1,106496,1,1
"KERNEL_DISPATCH",4,2,69,"void convert_unary<float, __half>(void const*, __half*, long, long, long, HIP_vector_type<unsigned int, 3u>, long, long, long)",965,42141941581970,42141941598711,0,0,256,1,1,655360,1,1
"KERNEL_DISPATCH",4,2,30,"void dequantize_block_iq3_s<__half>(void const*, __half*)",966,42141941598711,42141941811898,0,0,32,1,1,2129920,1,1
"KERNEL_DISPATCH",4,2,78,"void tile_fp16_gemm<128, 64, 4, 8, 32, false>(__half const*, __half const*, float*, float*, int, int, int, long, int)",967,42141941811898,42141942441534,0,25088,256,1,1,13312,1,8
"KERNEL_DISPATCH",4,2,80,"tile_fp16_reduce_span(float const*, float*, int, int, int, long, long)",968,42141942441534,42141942484794,0,0,256,1,1,106496,1,1
"KERNEL_DISPATCH",4,2,69,"void convert_unary<float, __half>(void const*, __half*, long, long, long, HIP_vector_type<unsigned int, 3u>, long, long, long)",969,42141942506423,42141942523016,0,0,256,1,1,655360,1,1
"KERNEL_DISPATCH",4,2,30,"void dequantize_block_iq3_s<__half>(void const*, __half*)",970,42141942523016,42141942736055,0,0,32,1,1,2129920,1,1
"KERNEL_DISPATCH",4,2,78,"void tile_fp16_gemm<128, 64, 4, 8, 32, false>(__half const*, __half const*, float*, float*, int, int, int, long, int)",971,42141942736055,42141943404358,0,25088,256,1,1,13312,1,8
"KERNEL_DISPATCH",4,2,80,"tile_fp16_reduce_span(float const*, float*, int, int, int, long, long)",972,42141943404358,42141943452655,0,0,256,1,1,106496,1,1
"KERNEL_DISPATCH",4,2,69,"void convert_unary<float, __half>(void const*, __half*, long, long, long, HIP_vector_type<unsigned int, 3u>, long, long, long)",973,42141943475914,42141943494433,0,0,256,1,1,655360,1,1
"KERNEL_DISPATCH",4,2,30,"void dequantize_block_iq3_s<__half>(void const*, __half*)",974,42141943494433,42141943732509,0,0,32,1,1,2129920,1,1
"KERNEL_DISPATCH",4,2,78,"void tile_fp16_gemm<128, 64, 4, 8, 32, false>(__half const*, __half const*, float*, float*, int, int, int, long, int)",975,42141943732509,42141944513850,0,25088,256,1,1,13312,1,8
"KERNEL_DISPATCH",4,2,80,"tile_fp16_reduce_span(float const*, float*, int, int, int, long, long)",976,42141944513850,42141944585851,0,0,256,1,1,106496,1,1
"KERNEL_DISPATCH",4,2,69,"void convert_unary<float, __half>(void const*, __half*, long, long, long, HIP_vector_type<unsigned int, 3u>, long, long, long)",977,42141944624666,42141944646592,0,0,256,1,1,655360,1,1
"KERNEL_DISPATCH",4,2,30,"void dequantize_block_iq3_s<__half>(void const*, __half*)",978,42141944646592,42141944919780,0,0,32,1,1,2129920,1,1
"KERNEL_DISPATCH",4,2,78,"void tile_fp16_gemm<128, 64, 4, 8, 32, false>(__half const*, __half const*, float*, float*, int, int, int, long, int)",979,42141944919780,42141945720084,0,25088,256,1,1,13312,1,8
"KERNEL_DISPATCH",4,2,80,"tile_fp16_reduce_span(float const*, float*, int, int, int, long, long)",980,42141945720084,42141945768529,0,0,256,1,1,106496,1,1
"KERNEL_DISPATCH",4,2,69,"void convert_unary<float, __half>(void const*, __half*, long, long, long, HIP_vector_type<unsigned int, 3u>, long, long, long)",981,42141945792974,42141945811492,0,0,256,1,1,655360,1,1
"KERNEL_DISPATCH",4,2,30,"void dequantize_block_iq3_s<__half>(void const*, __half*)",982,42141945811492,42141946049124,0,0,32,1,1,2129920,1,1
"KERNEL_DISPATCH",4,2,78,"void tile_fp16_gemm<128, 64, 4, 8, 32, false>(__half const*, __half const*, float*, float*, int, int, int, long, int)",983,42141946049124,42141946704390,0,25088,256,1,1,13312,1,8
"KERNEL_DISPATCH",4,2,80,"tile_fp16_reduce_span(float const*, float*, int, int, int, long, long)",984,42141946704390,42141946747650,0,0,256,1,1,106496,1,1
"KERNEL_DISPATCH",4,2,69,"void convert_unary<float, __half>(void const*, __half*, long, long, long, HIP_vector_type<unsigned int, 3u>, long, long, long)",985,42141946768835,42141946785576,0,0,256,1,1,655360,1,1
"KERNEL_DISPATCH",4,2,30,"void dequantize_block_iq3_s<__half>(void const*, __half*)",986,42141946785576,42141946998615,0,0,32,1,1,2129920,1,1
"KERNEL_DISPATCH",4,2,78,"void tile_fp16_gemm<128, 64, 4, 8, 32, false>(__half const*, __half const*, float*, float*, int, int, int, long, int)",987,42141946998615,42141947633880,0,25088,256,1,1,13312,1,8
"KERNEL_DISPATCH",4,2,80,"tile_fp16_reduce_span(float const*, float*, int, int, int, long, long)",988,42141947633880,42141947677288,0,0,256,1,1,106496,1,1
"KERNEL_DISPATCH",4,2,69,"void convert_unary<float, __half>(void const*, __half*, long, long, long, HIP_vector_type<unsigned int, 3u>, long, long, long)",989,42141947698622,42141947715363,0,0,256,1,1,655360,1,1
"KERNEL_DISPATCH",4,2,30,"void dequantize_block_iq3_s<__half>(void const*, __half*)",990,42141947715363,42141947928550,0,0,32,1,1,2129920,1,1
"KERNEL_DISPATCH",4,2,78,"void tile_fp16_gemm<128, 64, 4, 8, 32, false>(__half const*, __half const*, float*, float*, int, int, int, long, int)",991,42141947928550,42141948559519,0,25088,256,1,1,13312,1,8
"KERNEL_DISPATCH",4,2,80,"tile_fp16_reduce_span(float const*, float*, int, int, int, long, long)",992,42141948559519,42141948602334,0,0,256,1,1,106496,1,1
"KERNEL_DISPATCH",4,2,69,"void convert_unary<float, __half>(void const*, __half*, long, long, long, HIP_vector_type<unsigned int, 3u>, long, long, long)",993,42141948623223,42141948639964,0,0,256,1,1,655360,1,1
"KERNEL_DISPATCH",4,2,30,"void dequantize_block_iq3_s<__half>(void const*, __half*)",994,42141948639964,42141948853152,0,0,32,1,1,2129920,1,1
"KERNEL_DISPATCH",4,2,78,"void tile_fp16_gemm<128, 64, 4, 8, 32, false>(__half const*, __half const*, float*, float*, int, int, int, long, int)",995,42141948853152,42141949482491,0,25088,256,1,1,13312,1,8
"KERNEL_DISPATCH",4,2,80,"tile_fp16_reduce_span(float const*, float*, int, int, int, long, long)",996,42141949482491,42141949525454,0,0,256,1,1,106496,1,1
"KERNEL_DISPATCH",4,2,69,"void convert_unary<float, __half>(void const*, __half*, long, long, long, HIP_vector_type<unsigned int, 3u>, long, long, long)",997,42141949548714,42141949620122,0,0,256,1,1,655360,1,1
"KERNEL_DISPATCH",4,2,30,"void dequantize_block_iq3_s<__half>(void const*, __half*)",998,42141949625603,42141949838643,0,0,32,1,1,2129920,1,1
"KERNEL_DISPATCH",4,2,78,"void tile_fp16_gemm<128, 64, 4, 8, 32, false>(__half const*, __half const*, float*, float*, int, int, int, long, int)",999,42141949838643,42141950524279,0,25088,256,1,1,13312,1,8
"KERNEL_DISPATCH",4,2,80,"tile_fp16_reduce_span(float const*, float*, int, int, int, long, long)",1000,42141950524279,42141950572131,0,0,256,1,1,106496,1,1
"KERNEL_DISPATCH",4,2,69,"void convert_unary<float, __half>(void const*, __half*, long, long, long, HIP_vector_type<unsigned int, 3u>, long, long, long)",1001,42141950594650,42141950613317,0,0,256,1,1,655360,1,1
"KERNEL_DISPATCH",4,2,30,"void dequantize_block_iq3_s<__half>(void const*, __half*)",1002,42141950613317,42141950850949,0,0,32,1,1,2129920,1,1
"KERNEL_DISPATCH",4,2,78,"void tile_fp16_gemm<128, 64, 4, 8, 32, false>(__half const*, __half const*, float*, float*, int, int, int, long, int)",1003,42141950850949,42141951541326,0,25088,256,1,1,13312,1,8
"KERNEL_DISPATCH",4,2,80,"tile_fp16_reduce_span(float const*, float*, int, int, int, long, long)",1004,42141951541326,42141951589178,0,0,256,1,1,106496,1,1
"KERNEL_DISPATCH",4,2,69,"void convert_unary<float, __half>(void const*, __half*, long, long, long, HIP_vector_type<unsigned int, 3u>, long, long, long)",1005,42141951611845,42141951630364,0,0,256,1,1,655360,1,1
"KERNEL_DISPATCH",4,2,30,"void dequantize_block_iq3_s<__half>(void const*, __half*)",1006,42141951630364,42141951868292,0,0,32,1,1,2129920,1,1
"KERNEL_DISPATCH",4,2,78,"void tile_fp16_gemm<128, 64, 4, 8, 32, false>(__half const*, __half const*, float*, float*, int, int, int, long, int)",1007,42141951868346,42141952537241,0,25088,256,1,1,13312,1,8
"KERNEL_DISPATCH",4,2,80,"tile_fp16_reduce_span(float const*, float*, int, int, int, long, long)",1008,42141952537241,42141952579463,0,0,256,1,1,106496,1,1
"KERNEL_DISPATCH",4,2,69,"void convert_unary<float, __half>(void const*, __half*, long, long, long, HIP_vector_type<unsigned int, 3u>, long, long, long)",1009,42144228512648,42144228535166,0,0,256,1,1,786432,1,1
"KERNEL_DISPATCH",4,2,30,"void dequantize_block_iq3_s<__half>(void const*, __half*)",1010,42144228535166,42144228657833,0,0,32,1,1,1277952,1,1
"KERNEL_DISPATCH",4,2,78,"void tile_fp16_gemm<128, 64, 4, 8, 32, false>(__half const*, __half const*, float*, float*, int, int, int, long, int)",1011,42144228657833,42144229104652,0,25088,256,1,1,6656,1,8
"KERNEL_DISPATCH",4,2,80,"tile_fp16_reduce_span(float const*, float*, int, int, int, long, long)",1012,42144229104652,42144229130579,0,0,256,1,1,53248,1,1
"KERNEL_DISPATCH",4,2,69,"void convert_unary<float, __half>(void const*, __half*, long, long, long, HIP_vector_type<unsigned int, 3u>, long, long, long)",1013,42144229374581,42144229396211,0,0,256,1,1,786432,1,1
"KERNEL_DISPATCH",4,2,30,"void dequantize_block_iq3_s<__half>(void const*, __half*)",1014,42144229396211,42144229519175,0,0,32,1,1,1277952,1,1
"KERNEL_DISPATCH",4,2,78,"void tile_fp16_gemm<128, 64, 4, 8, 32, false>(__half const*, __half const*, float*, float*, int, int, int, long, int)",1015,42144229519175,42144229957846,0,25088,256,1,1,6656,1,8
"KERNEL_DISPATCH",4,2,80,"tile_fp16_reduce_span(float const*, float*, int, int, int, long, long)",1016,42144229957846,42144229983031,0,0,256,1,1,53248,1,1
"KERNEL_DISPATCH",4,2,69,"void convert_unary<float, __half>(void const*, __half*, long, long, long, HIP_vector_type<unsigned int, 3u>, long, long, long)",1017,42144230003772,42144230022291,0,0,256,1,1,786432,1,1
"KERNEL_DISPATCH",4,2,30,"void dequantize_block_iq3_s<__half>(void const*, __half*)",1018,42144230022291,42144230143329,0,0,32,1,1,1277952,1,1
"KERNEL_DISPATCH",4,2,78,"void tile_fp16_gemm<128, 64, 4, 8, 32, false>(__half const*, __half const*, float*, float*, int, int, int, long, int)",1019,42144230143329,42144230570296,0,25088,256,1,1,6656,1,8
"KERNEL_DISPATCH",4,2,80,"tile_fp16_reduce_span(float const*, float*, int, int, int, long, long)",1020,42144230570296,42144230595778,0,0,256,1,1,53248,1,1
"KERNEL_DISPATCH",4,2,69,"void convert_unary<float, __half>(void const*, __half*, long, long, long, HIP_vector_type<unsigned int, 3u>, long, long, long)",1021,42144230621556,42144230641112,0,0,256,1,1,786432,1,1
"KERNEL_DISPATCH",4,2,30,"void dequantize_block_iq3_s<__half>(void const*, __half*)",1022,42144230641112,42144230769854,0,0,32,1,1,1277952,1,1
"KERNEL_DISPATCH",4,2,78,"void tile_fp16_gemm<128, 64, 4, 8, 32, false>(__half const*, __half const*, float*, float*, int, int, int, long, int)",1023,42144230769854,42144231207340,0,25088,256,1,1,6656,1,8
"KERNEL_DISPATCH",4,2,80,"tile_fp16_reduce_span(float const*, float*, int, int, int, long, long)",1024,42144231207340,42144231232969,0,0,256,1,1,53248,1,1
"KERNEL_DISPATCH",4,2,69,"void convert_unary<float, __half>(void const*, __half*, long, long, long, HIP_vector_type<unsigned int, 3u>, long, long, long)",1025,42144231259933,42144231281563,0,0,256,1,1,786432,1,1
"KERNEL_DISPATCH",4,2,30,"void dequantize_block_iq3_s<__half>(void const*, __half*)",1026,42144231281563,42144231425119,0,0,32,1,1,1277952,1,1
"KERNEL_DISPATCH",4,2,78,"void tile_fp16_gemm<128, 64, 4, 8, 32, false>(__half const*, __half const*, float*, float*, int, int, int, long, int)",1027,42144231425119,42144231918606,0,25088,256,1,1,6656,1,8
"KERNEL_DISPATCH",4,2,80,"tile_fp16_reduce_span(float const*, float*, int, int, int, long, long)",1028,42144231918606,42144231947347,0,0,256,1,1,53248,1,1
"KERNEL_DISPATCH",4,2,69,"void convert_unary<float, __half>(void const*, __half*, long, long, long, HIP_vector_type<unsigned int, 3u>, long, long, long)",1029,42144231968977,42144231990606,0,0,256,1,1,786432,1,1
"KERNEL_DISPATCH",4,2,30,"void dequantize_block_iq3_s<__half>(void const*, __half*)",1030,42144231990606,42144232134312,0,0,32,1,1,1277952,1,1
"KERNEL_DISPATCH",4,2,78,"void tile_fp16_gemm<128, 64, 4, 8, 32, false>(__half const*, __half const*, float*, float*, int, int, int, long, int)",1031,42144232134312,42144232600686,0,25088,256,1,1,6656,1,8
"KERNEL_DISPATCH",4,2,80,"tile_fp16_reduce_span(float const*, float*, int, int, int, long, long)",1032,42144232600686,42144232625872,0,0,256,1,1,53248,1,1
"KERNEL_DISPATCH",4,2,69,"void convert_unary<float, __half>(void const*, __half*, long, long, long, HIP_vector_type<unsigned int, 3u>, long, long, long)",1033,42144232646020,42144232665872,0,0,256,1,1,786432,1,1
"KERNEL_DISPATCH",4,2,30,"void dequantize_block_iq3_s<__half>(void const*, __half*)",1034,42144232665872,42144232794911,0,0,32,1,1,1277952,1,1
"KERNEL_DISPATCH",4,2,78,"void tile_fp16_gemm<128, 64, 4, 8, 32, false>(__half const*, __half const*, float*, float*, int, int, int, long, int)",1035,42144232794911,42144233238026,0,25088,256,1,1,6656,1,8
"KERNEL_DISPATCH",4,2,80,"tile_fp16_reduce_span(float const*, float*, int, int, int, long, long)",1036,42144233238026,42144233277137,0,0,256,1,1,53248,1,1
"KERNEL_DISPATCH",4,2,69,"void convert_unary<float, __half>(void const*, __half*, long, long, long, HIP_vector_type<unsigned int, 3u>, long, long, long)",1037,42144233298767,42144233320545,0,0,256,1,1,786432,1,1
"KERNEL_DISPATCH",4,2,30,"void dequantize_block_iq3_s<__half>(void const*, __half*)",1038,42144233320545,42144233464399,0,0,32,1,1,1277952,1,1
"KERNEL_DISPATCH",4,2,78,"void tile_fp16_gemm<128, 64, 4, 8, 32, false>(__half const*, __half const*, float*, float*, int, int, int, long, int)",1039,42144233464399,42144233950181,0,25088,256,1,1,6656,1,8
"KERNEL_DISPATCH",4,2,80,"tile_fp16_reduce_span(float const*, float*, int, int, int, long, long)",1040,42144233950181,42144233979515,0,0,256,1,1,53248,1,1
"KERNEL_DISPATCH",4,2,69,"void convert_unary<float, __half>(void const*, __half*, long, long, long, HIP_vector_type<unsigned int, 3u>, long, long, long)",1041,42144234001145,42144234022774,0,0,256,1,1,786432,1,1
"KERNEL_DISPATCH",4,2,30,"void dequantize_block_iq3_s<__half>(void const*, __half*)",1042,42144234022774,42144234166628,0,0,32,1,1,1277952,1,1
"KERNEL_DISPATCH",4,2,78,"void tile_fp16_gemm<128, 64, 4, 8, 32, false>(__half const*, __half const*, float*, float*, int, int, int, long, int)",1043,42144234166628,42144234633299,0,25088,256,1,1,6656,1,8
"KERNEL_DISPATCH",4,2,80,"tile_fp16_reduce_span(float const*, float*, int, int, int, long, long)",1044,42144234633299,42144234659077,0,0,256,1,1,53248,1,1
"KERNEL_DISPATCH",4,2,69,"void convert_unary<float, __half>(void const*, __half*, long, long, long, HIP_vector_type<unsigned int, 3u>, long, long, long)",1045,42144234679818,42144234699522,0,0,256,1,1,786432,1,1
"KERNEL_DISPATCH",4,2,30,"void dequantize_block_iq3_s<__half>(void const*, __half*)",1046,42144234699522,42144234828560,0,0,32,1,1,1277952,1,1
"KERNEL_DISPATCH",4,2,78,"void tile_fp16_gemm<128, 64, 4, 8, 32, false>(__half const*, __half const*, float*, float*, int, int, int, long, int)",1047,42144234828560,42144235280416,0,25088,256,1,1,6656,1,8
"KERNEL_DISPATCH",4,2,80,"tile_fp16_reduce_span(float const*, float*, int, int, int, long, long)",1048,42144235280416,42144235308861,0,0,256,1,1,53248,1,1
"KERNEL_DISPATCH",4,2,69,"void convert_unary<float, __half>(void const*, __half*, long, long, long, HIP_vector_type<unsigned int, 3u>, long, long, long)",1049,42144235330787,42144235352565,0,0,256,1,1,786432,1,1
"KERNEL_DISPATCH",4,2,30,"void dequantize_block_iq3_s<__half>(void const*, __half*)",1050,42144235352565,42144235495974,0,0,32,1,1,1277952,1,1
"KERNEL_DISPATCH",4,2,78,"void tile_fp16_gemm<128, 64, 4, 8, 32, false>(__half const*, __half const*, float*, float*, int, int, int, long, int)",1051,42144235495974,42144235976719,0,25088,256,1,1,6656,1,8
"KERNEL_DISPATCH",4,2,80,"tile_fp16_reduce_span(float const*, float*, int, int, int, long, long)",1052,42144235976719,42144236005016,0,0,256,1,1,53248,1,1
"KERNEL_DISPATCH",4,2,69,"void convert_unary<float, __half>(void const*, __half*, long, long, long, HIP_vector_type<unsigned int, 3u>, long, long, long)",1053,42144236027090,42144236048868,0,0,256,1,1,786432,1,1
"KERNEL_DISPATCH",4,2,30,"void dequantize_block_iq3_s<__half>(void const*, __half*)",1054,42144236048868,42144236192573,0,0,32,1,1,1277952,1,1
"KERNEL_DISPATCH",4,2,78,"void tile_fp16_gemm<128, 64, 4, 8, 32, false>(__half const*, __half const*, float*, float*, int, int, int, long, int)",1055,42144236192573,42144236680282,0,25088,256,1,1,6656,1,8
"KERNEL_DISPATCH",4,2,80,"tile_fp16_reduce_span(float const*, float*, int, int, int, long, long)",1056,42144236680282,42144236709023,0,0,256,1,1,53248,1,1
"KERNEL_DISPATCH",4,2,69,"void convert_unary<float, __half>(void const*, __half*, long, long, long, HIP_vector_type<unsigned int, 3u>, long, long, long)",1057,42144236730949,42144236752875,0,0,256,1,1,786432,1,1
"KERNEL_DISPATCH",4,2,30,"void dequantize_block_iq3_s<__half>(void const*, __half*)",1058,42144236752875,42144236896432,0,0,32,1,1,1277952,1,1
"KERNEL_DISPATCH",4,2,78,"void tile_fp16_gemm<128, 64, 4, 8, 32, false>(__half const*, __half const*, float*, float*, int, int, int, long, int)",1059,42144236896432,42144237375696,0,25088,256,1,1,6656,1,8
"KERNEL_DISPATCH",4,2,80,"tile_fp16_reduce_span(float const*, float*, int, int, int, long, long)",1060,42144237375696,42144237401326,0,0,256,1,1,53248,1,1
"KERNEL_DISPATCH",4,2,69,"void convert_unary<float, __half>(void const*, __half*, long, long, long, HIP_vector_type<unsigned int, 3u>, long, long, long)",1061,42144237421919,42144237441622,0,0,256,1,1,786432,1,1
"KERNEL_DISPATCH",4,2,30,"void dequantize_block_iq3_s<__half>(void const*, __half*)",1062,42144237441622,42144237570364,0,0,32,1,1,1277952,1,1
"KERNEL_DISPATCH",4,2,78,"void tile_fp16_gemm<128, 64, 4, 8, 32, false>(__half const*, __half const*, float*, float*, int, int, int, long, int)",1063,42144237570364,42144237998072,0,25088,256,1,1,6656,1,8
"KERNEL_DISPATCH",4,2,80,"tile_fp16_reduce_span(float const*, float*, int, int, int, long, long)",1064,42144237998072,42144238023258,0,0,256,1,1,53248,1,1
"KERNEL_DISPATCH",4,2,69,"void convert_unary<float, __half>(void const*, __half*, long, long, long, HIP_vector_type<unsigned int, 3u>, long, long, long)",1065,42144238043851,42144238063258,0,0,256,1,1,786432,1,1
"KERNEL_DISPATCH",4,2,30,"void dequantize_block_iq3_s<__half>(void const*, __half*)",1066,42144238063258,42144238192593,0,0,32,1,1,1277952,1,1
"KERNEL_DISPATCH",4,2,78,"void tile_fp16_gemm<128, 64, 4, 8, 32, false>(__half const*, __half const*, float*, float*, int, int, int, long, int)",1067,42144238192593,42144238692894,0,25088,256,1,1,6656,1,8
"KERNEL_DISPATCH",4,2,80,"tile_fp16_reduce_span(float const*, float*, int, int, int, long, long)",1068,42144238692894,42144238721487,0,0,256,1,1,53248,1,1
"KERNEL_DISPATCH",4,2,69,"void convert_unary<float, __half>(void const*, __half*, long, long, long, HIP_vector_type<unsigned int, 3u>, long, long, long)",1069,42144238743117,42144238764598,0,0,256,1,1,786432,1,1
"KERNEL_DISPATCH",4,2,30,"void dequantize_block_iq3_s<__half>(void const*, __half*)",1070,42144238764598,42144238908155,0,0,32,1,1,1277952,1,1
"KERNEL_DISPATCH",4,2,78,"void tile_fp16_gemm<128, 64, 4, 8, 32, false>(__half const*, __half const*, float*, float*, int, int, int, long, int)",1071,42144238908155,42144239399864,0,25088,256,1,1,6656,1,8
"KERNEL_DISPATCH",4,2,80,"tile_fp16_reduce_span(float const*, float*, int, int, int, long, long)",1072,42144239399864,42144239428753,0,0,256,1,1,53248,1,1
"KERNEL_DISPATCH",4,2,69,"void convert_unary<float, __half>(void const*, __half*, long, long, long, HIP_vector_type<unsigned int, 3u>, long, long, long)",1073,42144239451123,42144239472901,0,0,256,1,1,786432,1,1
"KERNEL_DISPATCH",4,2,30,"void dequantize_block_iq3_s<__half>(void const*, __half*)",1074,42144239472901,42144239616310,0,0,32,1,1,1277952,1,1
"KERNEL_DISPATCH",4,2,78,"void tile_fp16_gemm<128, 64, 4, 8, 32, false>(__half const*, __half const*, float*, float*, int, int, int, long, int)",1075,42144239616310,42144240092315,0,25088,256,1,1,6656,1,8
"KERNEL_DISPATCH",4,2,80,"tile_fp16_reduce_span(float const*, float*, int, int, int, long, long)",1076,42144240092315,42144240121056,0,0,256,1,1,53248,1,1
"KERNEL_DISPATCH",4,2,69,"void convert_unary<float, __half>(void const*, __half*, long, long, long, HIP_vector_type<unsigned int, 3u>, long, long, long)",1077,42144240143130,42144240164908,0,0,256,1,1,786432,1,1
"KERNEL_DISPATCH",4,2,30,"void dequantize_block_iq3_s<__half>(void const*, __half*)",1078,42144240164908,42144240307724,0,0,32,1,1,1277952,1,1
"KERNEL_DISPATCH",4,2,78,"void tile_fp16_gemm<128, 64, 4, 8, 32, false>(__half const*, __half const*, float*, float*, int, int, int, long, int)",1079,42144240307724,42144240737210,0,25088,256,1,1,6656,1,8
"KERNEL_DISPATCH",4,2,80,"tile_fp16_reduce_span(float const*, float*, int, int, int, long, long)",1080,42144240737210,42144240762544,0,0,256,1,1,53248,1,1
"KERNEL_DISPATCH",4,2,69,"void convert_unary<float, __half>(void const*, __half*, long, long, long, HIP_vector_type<unsigned int, 3u>, long, long, long)",1081,42144240783136,42144240802692,0,0,256,1,1,786432,1,1
"KERNEL_DISPATCH",4,2,30,"void dequantize_block_iq3_s<__half>(void const*, __half*)",1082,42144240802692,42144240931434,0,0,32,1,1,1277952,1,1
"KERNEL_DISPATCH",4,2,78,"void tile_fp16_gemm<128, 64, 4, 8, 32, false>(__half const*, __half const*, float*, float*, int, int, int, long, int)",1083,42144240931434,42144241358253,0,25088,256,1,1,6656,1,8
"KERNEL_DISPATCH",4,2,80,"tile_fp16_reduce_span(float const*, float*, int, int, int, long, long)",1084,42144241358253,42144241383587,0,0,256,1,1,53248,1,1
"KERNEL_DISPATCH",4,2,69,"void convert_unary<float, __half>(void const*, __half*, long, long, long, HIP_vector_type<unsigned int, 3u>, long, long, long)",1085,42144241404179,42144241423735,0,0,256,1,1,786432,1,1
"KERNEL_DISPATCH",4,2,30,"void dequantize_block_iq3_s<__half>(void const*, __half*)",1086,42144241423735,42144241552625,0,0,32,1,1,1277952,1,1
"KERNEL_DISPATCH",4,2,78,"void tile_fp16_gemm<128, 64, 4, 8, 32, false>(__half const*, __half const*, float*, float*, int, int, int, long, int)",1087,42144241552625,42144241988037,0,25088,256,1,1,6656,1,8
"KERNEL_DISPATCH",4,2,80,"tile_fp16_reduce_span(float const*, float*, int, int, int, long, long)",1088,42144241988037,42144242013371,0,0,256,1,1,53248,1,1
"KERNEL_DISPATCH",4,2,69,"void convert_unary<float, __half>(void const*, __half*, long, long, long, HIP_vector_type<unsigned int, 3u>, long, long, long)",1089,42144242034260,42144242053815,0,0,256,1,1,786432,1,1
"KERNEL_DISPATCH",4,2,30,"void dequantize_block_iq3_s<__half>(void const*, __half*)",1090,42144242053815,42144242182409,0,0,32,1,1,1277952,1,1
"KERNEL_DISPATCH",4,2,78,"void tile_fp16_gemm<128, 64, 4, 8, 32, false>(__half const*, __half const*, float*, float*, int, int, int, long, int)",1091,42144242182409,42144242621228,0,25088,256,1,1,6656,1,8
"KERNEL_DISPATCH",4,2,80,"tile_fp16_reduce_span(float const*, float*, int, int, int, long, long)",1092,42144242621228,42144242646710,0,0,256,1,1,53248,1,1
"KERNEL_DISPATCH",4,2,69,"void convert_unary<float, __half>(void const*, __half*, long, long, long, HIP_vector_type<unsigned int, 3u>, long, long, long)",1093,42144242667155,42144242686710,0,0,256,1,1,786432,1,1
"KERNEL_DISPATCH",4,2,30,"void dequantize_block_iq3_s<__half>(void const*, __half*)",1094,42144242686710,42144242815749,0,0,32,1,1,1277952,1,1
"KERNEL_DISPATCH",4,2,78,"void tile_fp16_gemm<128, 64, 4, 8, 32, false>(__half const*, __half const*, float*, float*, int, int, int, long, int)",1095,42144242815749,42144243255457,0,25088,256,1,1,6656,1,8
"KERNEL_DISPATCH",4,2,80,"tile_fp16_reduce_span(float const*, float*, int, int, int, long, long)",1096,42144243255457,42144243284050,0,0,256,1,1,53248,1,1
"KERNEL_DISPATCH",4,2,69,"void convert_unary<float, __half>(void const*, __half*, long, long, long, HIP_vector_type<unsigned int, 3u>, long, long, long)",1097,42144243305679,42144243327309,0,0,256,1,1,786432,1,1
"KERNEL_DISPATCH",4,2,30,"void dequantize_block_iq3_s<__half>(void const*, __half*)",1098,42144243327309,42144243470718,0,0,32,1,1,1277952,1,1
"KERNEL_DISPATCH",4,2,78,"void tile_fp16_gemm<128, 64, 4, 8, 32, false>(__half const*, __half const*, float*, float*, int, int, int, long, int)",1099,42144243470718,42144243950575,0,25088,256,1,1,6656,1,8
"KERNEL_DISPATCH",4,2,80,"tile_fp16_reduce_span(float const*, float*, int, int, int, long, long)",1100,42144243950575,42144243979019,0,0,256,1,1,53248,1,1
"KERNEL_DISPATCH",4,2,69,"void convert_unary<float, __half>(void const*, __half*, long, long, long, HIP_vector_type<unsigned int, 3u>, long, long, long)",1101,42144244001094,42144244023168,0,0,256,1,1,786432,1,1
"KERNEL_DISPATCH",4,2,30,"void dequantize_block_iq3_s<__half>(void const*, __half*)",1102,42144244023168,42144244167317,0,0,32,1,1,1277952,1,1
"KERNEL_DISPATCH",4,2,78,"void tile_fp16_gemm<128, 64, 4, 8, 32, false>(__half const*, __half const*, float*, float*, int, int, int, long, int)",1103,42144244167317,42144244647470,0,25088,256,1,1,6656,1,8
"KERNEL_DISPATCH",4,2,80,"tile_fp16_reduce_span(float const*, float*, int, int, int, long, long)",1104,42144244647470,42144244676211,0,0,256,1,1,53248,1,1
"KERNEL_DISPATCH",4,2,69,"void convert_unary<float, __half>(void const*, __half*, long, long, long, HIP_vector_type<unsigned int, 3u>, long, long, long)",1105,42144244698582,42144244720212,0,0,256,1,1,786432,1,1
"KERNEL_DISPATCH",4,2,30,"void dequantize_block_iq3_s<__half>(void const*, __half*)",1106,42144244720212,42144244864065,0,0,32,1,1,1277952,1,1
"KERNEL_DISPATCH",4,2,78,"void tile_fp16_gemm<128, 64, 4, 8, 32, false>(__half const*, __half const*, float*, float*, int, int, int, long, int)",1107,42144244864065,42144245358144,0,25088,256,1,1,6656,1,8
"KERNEL_DISPATCH",4,2,80,"tile_fp16_reduce_span(float const*, float*, int, int, int, long, long)",1108,42144245358144,42144245383477,0,0,256,1,1,53248,1,1
"KERNEL_DISPATCH",4,2,69,"void convert_unary<float, __half>(void const*, __half*, long, long, long, HIP_vector_type<unsigned int, 3u>, long, long, long)",1109,42144245404367,42144245424070,0,0,256,1,1,786432,1,1
"KERNEL_DISPATCH",4,2,30,"void dequantize_block_iq3_s<__half>(void const*, __half*)",1110,42144245424070,42144245552961,0,0,32,1,1,1277952,1,1
"KERNEL_DISPATCH",4,2,78,"void tile_fp16_gemm<128, 64, 4, 8, 32, false>(__half const*, __half const*, float*, float*, int, int, int, long, int)",1111,42144245552961,42144245981705,0,25088,256,1,1,6656,1,8
"KERNEL_DISPATCH",4,2,80,"tile_fp16_reduce_span(float const*, float*, int, int, int, long, long)",1112,42144245981705,42144246007187,0,0,256,1,1,53248,1,1
"KERNEL_DISPATCH",4,2,69,"void convert_unary<float, __half>(void const*, __half*, long, long, long, HIP_vector_type<unsigned int, 3u>, long, long, long)",1113,42144246027780,42144246047336,0,0,256,1,1,786432,1,1
"KERNEL_DISPATCH",4,2,30,"void dequantize_block_iq3_s<__half>(void const*, __half*)",1114,42144246047336,42144246176226,0,0,32,1,1,1277952,1,1
"KERNEL_DISPATCH",4,2,78,"void tile_fp16_gemm<128, 64, 4, 8, 32, false>(__half const*, __half const*, float*, float*, int, int, int, long, int)",1115,42144246176226,42144246664527,0,25088,256,1,1,6656,1,8
"KERNEL_DISPATCH",4,2,80,"tile_fp16_reduce_span(float const*, float*, int, int, int, long, long)",1116,42144246664527,42144246692972,0,0,256,1,1,53248,1,1
"KERNEL_DISPATCH",4,2,69,"void convert_unary<float, __half>(void const*, __half*, long, long, long, HIP_vector_type<unsigned int, 3u>, long, long, long)",1117,42144246715046,42144246736824,0,0,256,1,1,786432,1,1
"KERNEL_DISPATCH",4,2,30,"void dequantize_block_iq3_s<__half>(void const*, __half*)",1118,42144246736824,42144246880529,0,0,32,1,1,1277952,1,1
"KERNEL_DISPATCH",4,2,78,"void tile_fp16_gemm<128, 64, 4, 8, 32, false>(__half const*, __half const*, float*, float*, int, int, int, long, int)",1119,42144246880529,42144247355941,0,25088,256,1,1,6656,1,8
"KERNEL_DISPATCH",4,2,80,"tile_fp16_reduce_span(float const*, float*, int, int, int, long, long)",1120,42144247355941,42144247384682,0,0,256,1,1,53248,1,1
"KERNEL_DISPATCH",4,2,69,"void convert_unary<float, __half>(void const*, __half*, long, long, long, HIP_vector_type<unsigned int, 3u>, long, long, long)",1121,42144247406756,42144247428683,0,0,256,1,1,786432,1,1
"KERNEL_DISPATCH",4,2,30,"void dequantize_block_iq3_s<__half>(void const*, __half*)",1122,42144247428683,42144247572832,0,0,32,1,1,1277952,1,1
"KERNEL_DISPATCH",4,2,78,"void tile_fp16_gemm<128, 64, 4, 8, 32, false>(__half const*, __half const*, float*, float*, int, int, int, long, int)",1123,42144247572832,42144248067355,0,25088,256,1,1,6656,1,8
"KERNEL_DISPATCH",4,2,80,"tile_fp16_reduce_span(float const*, float*, int, int, int, long, long)",1124,42144248067355,42144248096245,0,0,256,1,1,53248,1,1
"KERNEL_DISPATCH",4,2,69,"void convert_unary<float, __half>(void const*, __half*, long, long, long, HIP_vector_type<unsigned int, 3u>, long, long, long)",1125,42144248118763,42144248140393,0,0,256,1,1,786432,1,1
"KERNEL_DISPATCH",4,2,30,"void dequantize_block_iq3_s<__half>(void const*, __half*)",1126,42144248140393,42144248285876,0,0,32,1,1,1277952,1,1
"KERNEL_DISPATCH",4,2,78,"void tile_fp16_gemm<128, 64, 4, 8, 32, false>(__half const*, __half const*, float*, float*, int, int, int, long, int)",1127,42144248285876,42144248727362,0,25088,256,1,1,6656,1,8
"KERNEL_DISPATCH",4,2,80,"tile_fp16_reduce_span(float const*, float*, int, int, int, long, long)",1128,42144248727362,42144248752844,0,0,256,1,1,53248,1,1
"KERNEL_DISPATCH",4,2,69,"void convert_unary<float, __half>(void const*, __half*, long, long, long, HIP_vector_type<unsigned int, 3u>, long, long, long)",1129,42144248773436,42144248792992,0,0,256,1,1,786432,1,1
"KERNEL_DISPATCH",4,2,30,"void dequantize_block_iq3_s<__half>(void const*, __half*)",1130,42144248792992,42144248922030,0,0,32,1,1,1277952,1,1
"KERNEL_DISPATCH",4,2,78,"void tile_fp16_gemm<128, 64, 4, 8, 32, false>(__half const*, __half const*, float*, float*, int, int, int, long, int)",1131,42144248922030,42144249357886,0,25088,256,1,1,6656,1,8
"KERNEL_DISPATCH",4,2,80,"tile_fp16_reduce_span(float const*, float*, int, int, int, long, long)",1132,42144249357886,42144249383516,0,0,256,1,1,53248,1,1
"KERNEL_DISPATCH",4,2,69,"void convert_unary<float, __half>(void const*, __half*, long, long, long, HIP_vector_type<unsigned int, 3u>, long, long, long)",1133,42144249403665,42144249423665,0,0,256,1,1,786432,1,1
"KERNEL_DISPATCH",4,2,30,"void dequantize_block_iq3_s<__half>(void const*, __half*)",1134,42144249423665,42144249552259,0,0,32,1,1,1277952,1,1
"KERNEL_DISPATCH",4,2,78,"void tile_fp16_gemm<128, 64, 4, 8, 32, false>(__half const*, __half const*, float*, float*, int, int, int, long, int)",1135,42144249552259,42144249986041,0,25088,256,1,1,6656,1,8
"KERNEL_DISPATCH",4,2,80,"tile_fp16_reduce_span(float const*, float*, int, int, int, long, long)",1136,42144249986041,42144250011374,0,0,256,1,1,53248,1,1
"KERNEL_DISPATCH",4,2,69,"void convert_unary<float, __half>(void const*, __half*, long, long, long, HIP_vector_type<unsigned int, 3u>, long, long, long)",1137,42144250032115,42144250051671,0,0,256,1,1,786432,1,1
"KERNEL_DISPATCH",4,2,30,"void dequantize_block_iq3_s<__half>(void const*, __half*)",1138,42144250051671,42144250181006,0,0,32,1,1,1277952,1,1
"KERNEL_DISPATCH",4,2,78,"void tile_fp16_gemm<128, 64, 4, 8, 32, false>(__half const*, __half const*, float*, float*, int, int, int, long, int)",1139,42144250181006,42144250666047,0,25088,256,1,1,6656,1,8
"KERNEL_DISPATCH",4,2,80,"tile_fp16_reduce_span(float const*, float*, int, int, int, long, long)",1140,42144250666047,42144250694492,0,0,256,1,1,53248,1,1
"KERNEL_DISPATCH",4,2,69,"void convert_unary<float, __half>(void const*, __half*, long, long, long, HIP_vector_type<unsigned int, 3u>, long, long, long)",1141,42144250716270,42144250738196,0,0,256,1,1,786432,1,1
"KERNEL_DISPATCH",4,2,30,"void dequantize_block_iq3_s<__half>(void const*, __half*)",1142,42144250738196,42144250882198,0,0,32,1,1,1277952,1,1
"KERNEL_DISPATCH",4,2,78,"void tile_fp16_gemm<128, 64, 4, 8, 32, false>(__half const*, __half const*, float*, float*, int, int, int, long, int)",1143,42144250882198,42144251349017,0,25088,256,1,1,6656,1,8
"KERNEL_DISPATCH",4,2,80,"tile_fp16_reduce_span(float const*, float*, int, int, int, long, long)",1144,42144251349017,42144251377906,0,0,256,1,1,53248,1,1
"KERNEL_DISPATCH",4,2,69,"void convert_unary<float, __half>(void const*, __half*, long, long, long, HIP_vector_type<unsigned int, 3u>, long, long, long)",1145,42144251400425,42144251422055,0,0,256,1,1,786432,1,1
"KERNEL_DISPATCH",4,2,30,"void dequantize_block_iq3_s<__half>(void const*, __half*)",1146,42144251422055,42144251566056,0,0,32,1,1,1277952,1,1
"KERNEL_DISPATCH",4,2,78,"void tile_fp16_gemm<128, 64, 4, 8, 32, false>(__half const*, __half const*, float*, float*, int, int, int, long, int)",1147,42144251566056,42144252035394,0,25088,256,1,1,6656,1,8
"KERNEL_DISPATCH",4,2,80,"tile_fp16_reduce_span(float const*, float*, int, int, int, long, long)",1148,42144252035394,42144252063839,0,0,256,1,1,53248,1,1
"KERNEL_DISPATCH",4,2,69,"void convert_unary<float, __half>(void const*, __half*, long, long, long, HIP_vector_type<unsigned int, 3u>, long, long, long)",1149,42144252085765,42144252107543,0,0,256,1,1,786432,1,1
"KERNEL_DISPATCH",4,2,30,"void dequantize_block_iq3_s<__half>(void const*, __half*)",1150,42144252107543,42144252251248,0,0,32,1,1,1277952,1,1
"KERNEL_DISPATCH",4,2,78,"void tile_fp16_gemm<128, 64, 4, 8, 32, false>(__half const*, __half const*, float*, float*, int, int, int, long, int)",1151,42144252251248,42144252744882,0,25088,256,1,1,6656,1,8
"KERNEL_DISPATCH",4,2,80,"tile_fp16_reduce_span(float const*, float*, int, int, int, long, long)",1152,42144252744882,42144252773772,0,0,256,1,1,53248,1,1
"KERNEL_DISPATCH",4,2,69,"void convert_unary<float, __half>(void const*, __half*, long, long, long, HIP_vector_type<unsigned int, 3u>, long, long, long)",1153,42144252795846,42144252817624,0,0,256,1,1,786432,1,1
"KERNEL_DISPATCH",4,2,30,"void dequantize_block_iq3_s<__half>(void const*, __half*)",1154,42144252817624,42144252961181,0,0,32,1,1,1277952,1,1
"KERNEL_DISPATCH",4,2,78,"void tile_fp16_gemm<128, 64, 4, 8, 32, false>(__half const*, __half const*, float*, float*, int, int, int, long, int)",1155,42144252961181,42144253427259,0,25088,256,1,1,6656,1,8
"KERNEL_DISPATCH",4,2,80,"tile_fp16_reduce_span(float const*, float*, int, int, int, long, long)",1156,42144253427259,42144253452741,0,0,256,1,1,53248,1,1
"KERNEL_DISPATCH",4,2,69,"void convert_unary<float, __half>(void const*, __half*, long, long, long, HIP_vector_type<unsigned int, 3u>, long, long, long)",1157,42144253474371,42144253493927,0,0,256,1,1,786432,1,1
"KERNEL_DISPATCH",4,2,30,"void dequantize_block_iq3_s<__half>(void const*, __half*)",1158,42144253493927,42144253622965,0,0,32,1,1,1277952,1,1
"KERNEL_DISPATCH",4,2,78,"void tile_fp16_gemm<128, 64, 4, 8, 32, false>(__half const*, __half const*, float*, float*, int, int, int, long, int)",1159,42144253622965,42144254055117,0,25088,256,1,1,6656,1,8
"KERNEL_DISPATCH",4,2,80,"tile_fp16_reduce_span(float const*, float*, int, int, int, long, long)",1160,42144254055117,42144254080451,0,0,256,1,1,53248,1,1
"KERNEL_DISPATCH",4,2,69,"void convert_unary<float, __half>(void const*, __half*, long, long, long, HIP_vector_type<unsigned int, 3u>, long, long, long)",1161,42144254100896,42144254120599,0,0,256,1,1,786432,1,1
"KERNEL_DISPATCH",4,2,30,"void dequantize_block_iq3_s<__half>(void const*, __half*)",1162,42144254120599,42144254264305,0,0,32,1,1,1277952,1,1
"KERNEL_DISPATCH",4,2,78,"void tile_fp16_gemm<128, 64, 4, 8, 32, false>(__half const*, __half const*, float*, float*, int, int, int, long, int)",1163,42144254264305,42144254730976,0,25088,256,1,1,6656,1,8
"KERNEL_DISPATCH",4,2,80,"tile_fp16_reduce_span(float const*, float*, int, int, int, long, long)",1164,42144254730976,42144254759272,0,0,256,1,1,53248,1,1
"KERNEL_DISPATCH",4,2,69,"void convert_unary<float, __half>(void const*, __half*, long, long, long, HIP_vector_type<unsigned int, 3u>, long, long, long)",1165,42144254781050,42144254802828,0,0,256,1,1,786432,1,1
"KERNEL_DISPATCH",4,2,30,"void dequantize_block_iq3_s<__half>(void const*, __half*)",1166,42144254802828,42144254946385,0,0,32,1,1,1277952,1,1
"KERNEL_DISPATCH",4,2,78,"void tile_fp16_gemm<128, 64, 4, 8, 32, false>(__half const*, __half const*, float*, float*, int, int, int, long, int)",1167,42144254946385,42144255434094,0,25088,256,1,1,6656,1,8
"KERNEL_DISPATCH",4,2,80,"tile_fp16_reduce_span(float const*, float*, int, int, int, long, long)",1168,42144255434094,42144255462835,0,0,256,1,1,53248,1,1
"KERNEL_DISPATCH",4,2,69,"void convert_unary<float, __half>(void const*, __half*, long, long, long, HIP_vector_type<unsigned int, 3u>, long, long, long)",1169,42144255484909,42144255506687,0,0,256,1,1,786432,1,1
"KERNEL_DISPATCH",4,2,30,"void dequantize_block_iq3_s<__half>(void const*, __half*)",1170,42144255506687,42144255649948,0,0,32,1,1,1277952,1,1
"KERNEL_DISPATCH",4,2,78,"void tile_fp16_gemm<128, 64, 4, 8, 32, false>(__half const*, __half const*, float*, float*, int, int, int, long, int)",1171,42144255649948,42144256125063,0,25088,256,1,1,6656,1,8
"KERNEL_DISPATCH",4,2,80,"tile_fp16_reduce_span(float const*, float*, int, int, int, long, long)",1172,42144256125063,42144256153804,0,0,256,1,1,53248,1,1
"KERNEL_DISPATCH",4,2,69,"void convert_unary<float, __half>(void const*, __half*, long, long, long, HIP_vector_type<unsigned int, 3u>, long, long, long)",1173,42144256176027,42144256197657,0,0,256,1,1,786432,1,1
"KERNEL_DISPATCH",4,2,30,"void dequantize_block_iq3_s<__half>(void const*, __half*)",1174,42144256197657,42144256341066,0,0,32,1,1,1277952,1,1
"KERNEL_DISPATCH",4,2,78,"void tile_fp16_gemm<128, 64, 4, 8, 32, false>(__half const*, __half const*, float*, float*, int, int, int, long, int)",1175,42144256341066,42144256826996,0,25088,256,1,1,6656,1,8
"KERNEL_DISPATCH",4,2,80,"tile_fp16_reduce_span(float const*, float*, int, int, int, long, long)",1176,42144256826996,42144256855737,0,0,256,1,1,53248,1,1
"KERNEL_DISPATCH",4,2,69,"void convert_unary<float, __half>(void const*, __half*, long, long, long, HIP_vector_type<unsigned int, 3u>, long, long, long)",1177,42144256877663,42144256899589,0,0,256,1,1,786432,1,1
"KERNEL_DISPATCH",4,2,30,"void dequantize_block_iq3_s<__half>(void const*, __half*)",1178,42144256899589,42144257042998,0,0,32,1,1,1277952,1,1
"KERNEL_DISPATCH",4,2,78,"void tile_fp16_gemm<128, 64, 4, 8, 32, false>(__half const*, __half const*, float*, float*, int, int, int, long, int)",1179,42144257042998,42144257512188,0,25088,256,1,1,6656,1,8
"KERNEL_DISPATCH",4,2,80,"tile_fp16_reduce_span(float const*, float*, int, int, int, long, long)",1180,42144257512188,42144257537966,0,0,256,1,1,53248,1,1
"KERNEL_DISPATCH",4,2,69,"void convert_unary<float, __half>(void const*, __half*, long, long, long, HIP_vector_type<unsigned int, 3u>, long, long, long)",1181,42144257558707,42144257578263,0,0,256,1,1,786432,1,1
"KERNEL_DISPATCH",4,2,30,"void dequantize_block_iq3_s<__half>(void const*, __half*)",1182,42144257578263,42144257707005,0,0,32,1,1,1277952,1,1
"KERNEL_DISPATCH",4,2,78,"void tile_fp16_gemm<128, 64, 4, 8, 32, false>(__half const*, __half const*, float*, float*, int, int, int, long, int)",1183,42144257707005,42144258138416,0,25088,256,1,1,6656,1,8
"KERNEL_DISPATCH",4,2,80,"tile_fp16_reduce_span(float const*, float*, int, int, int, long, long)",1184,42144258138416,42144258164046,0,0,256,1,1,53248,1,1
"KERNEL_DISPATCH",4,2,69,"void convert_unary<float, __half>(void const*, __half*, long, long, long, HIP_vector_type<unsigned int, 3u>, long, long, long)",1185,42144258184491,42144258205973,0,0,256,1,1,786432,1,1
"KERNEL_DISPATCH",4,2,30,"void dequantize_block_iq3_s<__half>(void const*, __half*)",1186,42144258205973,42144258356641,0,0,32,1,1,1277952,1,1
"KERNEL_DISPATCH",4,2,78,"void tile_fp16_gemm<128, 64, 4, 8, 32, false>(__half const*, __half const*, float*, float*, int, int, int, long, int)",1187,42144258356641,42144258823608,0,25088,256,1,1,6656,1,8
"KERNEL_DISPATCH",4,2,80,"tile_fp16_reduce_span(float const*, float*, int, int, int, long, long)",1188,42144258823608,42144258852053,0,0,256,1,1,53248,1,1
"KERNEL_DISPATCH",4,2,69,"void convert_unary<float, __half>(void const*, __half*, long, long, long, HIP_vector_type<unsigned int, 3u>, long, long, long)",1189,42144258873831,42144258895461,0,0,256,1,1,786432,1,1
"KERNEL_DISPATCH",4,2,30,"void dequantize_block_iq3_s<__half>(void const*, __half*)",1190,42144258895461,42144259039166,0,0,32,1,1,1277952,1,1
"KERNEL_DISPATCH",4,2,78,"void tile_fp16_gemm<128, 64, 4, 8, 32, false>(__half const*, __half const*, float*, float*, int, int, int, long, int)",1191,42144259039166,42144259509985,0,25088,256,1,1,6656,1,8
"KERNEL_DISPATCH",4,2,80,"tile_fp16_reduce_span(float const*, float*, int, int, int, long, long)",1192,42144259509985,42144259535319,0,0,256,1,1,53248,1,1
"KERNEL_DISPATCH",4,2,69,"void convert_unary<float, __half>(void const*, __half*, long, long, long, HIP_vector_type<unsigned int, 3u>, long, long, long)",1193,42144259555763,42144259575319,0,0,256,1,1,786432,1,1
"KERNEL_DISPATCH",4,2,30,"void dequantize_block_iq3_s<__half>(void const*, __half*)",1194,42144259575319,42144259704061,0,0,32,1,1,1277952,1,1
"KERNEL_DISPATCH",4,2,78,"void tile_fp16_gemm<128, 64, 4, 8, 32, false>(__half const*, __half const*, float*, float*, int, int, int, long, int)",1195,42144259704061,42144260149399,0,25088,256,1,1,6656,1,8
"KERNEL_DISPATCH",4,2,80,"tile_fp16_reduce_span(float const*, float*, int, int, int, long, long)",1196,42144260149399,42144260175029,0,0,256,1,1,53248,1,1
"KERNEL_DISPATCH",4,2,69,"void convert_unary<float, __half>(void const*, __half*, long, long, long, HIP_vector_type<unsigned int, 3u>, long, long, long)",1197,42144260195622,42144260217251,0,0,256,1,1,786432,1,1
"KERNEL_DISPATCH",4,2,30,"void dequantize_block_iq3_s<__half>(void const*, __half*)",1198,42144260217251,42144260367475,0,0,32,1,1,1277952,1,1
"KERNEL_DISPATCH",4,2,78,"void tile_fp16_gemm<128, 64, 4, 8, 32, false>(__half const*, __half const*, float*, float*, int, int, int, long, int)",1199,42144260367475,42144260847480,0,25088,256,1,1,6656,1,8
"KERNEL_DISPATCH",4,2,80,"tile_fp16_reduce_span(float const*, float*, int, int, int, long, long)",1200,42144260847480,42144260876073,0,0,256,1,1,53248,1,1
"KERNEL_DISPATCH",4,2,69,"void convert_unary<float, __half>(void const*, __half*, long, long, long, HIP_vector_type<unsigned int, 3u>, long, long, long)",1201,42144260898147,42144260919925,0,0,256,1,1,786432,1,1
"KERNEL_DISPATCH",4,2,30,"void dequantize_block_iq3_s<__half>(void const*, __half*)",1202,42144260919925,42144261063334,0,0,32,1,1,1277952,1,1
"KERNEL_DISPATCH",4,2,78,"void tile_fp16_gemm<128, 64, 4, 8, 32, false>(__half const*, __half const*, float*, float*, int, int, int, long, int)",1203,42144261063334,42144261524820,0,25088,256,1,1,6656,1,8
"KERNEL_DISPATCH",4,2,80,"tile_fp16_reduce_span(float const*, float*, int, int, int, long, long)",1204,42144261524820,42144261551190,0,0,256,1,1,53248,1,1
"KERNEL_DISPATCH",4,2,69,"void convert_unary<float, __half>(void const*, __half*, long, long, long, HIP_vector_type<unsigned int, 3u>, long, long, long)",1205,42144261571635,42144261591043,0,0,256,1,1,786432,1,1
"KERNEL_DISPATCH",4,2,30,"void dequantize_block_iq3_s<__half>(void const*, __half*)",1206,42144261591043,42144261720081,0,0,32,1,1,1277952,1,1
"KERNEL_DISPATCH",4,2,78,"void tile_fp16_gemm<128, 64, 4, 8, 32, false>(__half const*, __half const*, float*, float*, int, int, int, long, int)",1207,42144261720081,42144262149418,0,25088,256,1,1,6656,1,8
"KERNEL_DISPATCH",4,2,80,"tile_fp16_reduce_span(float const*, float*, int, int, int, long, long)",1208,42144262149418,42144262174604,0,0,256,1,1,53248,1,1
"KERNEL_DISPATCH",4,2,69,"void convert_unary<float, __half>(void const*, __half*, long, long, long, HIP_vector_type<unsigned int, 3u>, long, long, long)",1209,42144262195493,42144262217123,0,0,256,1,1,786432,1,1
"KERNEL_DISPATCH",4,2,30,"void dequantize_block_iq3_s<__half>(void const*, __half*)",1210,42144262217123,42144262367939,0,0,32,1,1,1277952,1,1
"KERNEL_DISPATCH",4,2,78,"void tile_fp16_gemm<128, 64, 4, 8, 32, false>(__half const*, __half const*, float*, float*, int, int, int, long, int)",1211,42144262367939,42144262838907,0,25088,256,1,1,6656,1,8
"KERNEL_DISPATCH",4,2,80,"tile_fp16_reduce_span(float const*, float*, int, int, int, long, long)",1212,42144262838907,42144262867055,0,0,256,1,1,53248,1,1
"KERNEL_DISPATCH",4,2,69,"void convert_unary<float, __half>(void const*, __half*, long, long, long, HIP_vector_type<unsigned int, 3u>, long, long, long)",1213,42144262888685,42144262910463,0,0,256,1,1,786432,1,1
"KERNEL_DISPATCH",4,2,30,"void dequantize_block_iq3_s<__half>(void const*, __half*)",1214,42144262910463,42144263054168,0,0,32,1,1,1277952,1,1
"KERNEL_DISPATCH",4,2,78,"void tile_fp16_gemm<128, 64, 4, 8, 32, false>(__half const*, __half const*, float*, float*, int, int, int, long, int)",1215,42144263054168,42144263514765,0,25088,256,1,1,6656,1,8
"KERNEL_DISPATCH",4,2,80,"tile_fp16_reduce_span(float const*, float*, int, int, int, long, long)",1216,42144263514765,42144263540691,0,0,256,1,1,53248,1,1
"KERNEL_DISPATCH",4,2,69,"void convert_unary<float, __half>(void const*, __half*, long, long, long, HIP_vector_type<unsigned int, 3u>, long, long, long)",1217,42144263561284,42144263580692,0,0,256,1,1,786432,1,1
"KERNEL_DISPATCH",4,2,30,"void dequantize_block_iq3_s<__half>(void const*, __half*)",1218,42144263580692,42144263709730,0,0,32,1,1,1277952,1,1
"KERNEL_DISPATCH",4,2,78,"void tile_fp16_gemm<128, 64, 4, 8, 32, false>(__half const*, __half const*, float*, float*, int, int, int, long, int)",1219,42144263709730,42144264158179,0,25088,256,1,1,6656,1,8
"KERNEL_DISPATCH",4,2,80,"tile_fp16_reduce_span(float const*, float*, int, int, int, long, long)",1220,42144264158179,42144264184253,0,0,256,1,1,53248,1,1
"KERNEL_DISPATCH",4,2,69,"void convert_unary<float, __half>(void const*, __half*, long, long, long, HIP_vector_type<unsigned int, 3u>, long, long, long)",1221,42144264205735,42144264227364,0,0,256,1,1,786432,1,1
"KERNEL_DISPATCH",4,2,30,"void dequantize_block_iq3_s<__half>(void const*, __half*)",1222,42144264227364,42144264378033,0,0,32,1,1,1277952,1,1
"KERNEL_DISPATCH",4,2,78,"void tile_fp16_gemm<128, 64, 4, 8, 32, false>(__half const*, __half const*, float*, float*, int, int, int, long, int)",1223,42144264378033,42144264870630,0,25088,256,1,1,6656,1,8
"KERNEL_DISPATCH",4,2,80,"tile_fp16_reduce_span(float const*, float*, int, int, int, long, long)",1224,42144264870630,42144264899075,0,0,256,1,1,53248,1,1
"KERNEL_DISPATCH",4,2,69,"void convert_unary<float, __half>(void const*, __half*, long, long, long, HIP_vector_type<unsigned int, 3u>, long, long, long)",1225,42144264921001,42144264942927,0,0,256,1,1,786432,1,1
"KERNEL_DISPATCH",4,2,30,"void dequantize_block_iq3_s<__half>(void const*, __half*)",1226,42144264942927,42144265086780,0,0,32,1,1,1277952,1,1
"KERNEL_DISPATCH",4,2,78,"void tile_fp16_gemm<128, 64, 4, 8, 32, false>(__half const*, __half const*, float*, float*, int, int, int, long, int)",1227,42144265086780,42144265551525,0,25088,256,1,1,6656,1,8
"KERNEL_DISPATCH",4,2,80,"tile_fp16_reduce_span(float const*, float*, int, int, int, long, long)",1228,42144265551525,42144265577007,0,0,256,1,1,53248,1,1
"KERNEL_DISPATCH",4,2,69,"void convert_unary<float, __half>(void const*, __half*, long, long, long, HIP_vector_type<unsigned int, 3u>, long, long, long)",1229,42144265597748,42144265617156,0,0,256,1,1,786432,1,1
"KERNEL_DISPATCH",4,2,30,"void dequantize_block_iq3_s<__half>(void const*, __half*)",1230,42144265617156,42144265746490,0,0,32,1,1,1277952,1,1
"KERNEL_DISPATCH",4,2,78,"void tile_fp16_gemm<128, 64, 4, 8, 32, false>(__half const*, __half const*, float*, float*, int, int, int, long, int)",1231,42144265746490,42144266194198,0,25088,256,1,1,6656,1,8
"KERNEL_DISPATCH",4,2,80,"tile_fp16_reduce_span(float const*, float*, int, int, int, long, long)",1232,42144266194198,42144266220125,0,0,256,1,1,53248,1,1
"KERNEL_DISPATCH",4,2,69,"void convert_unary<float, __half>(void const*, __half*, long, long, long, HIP_vector_type<unsigned int, 3u>, long, long, long)",1233,42144266241903,42144266273458,0,0,256,1,1,786432,1,1
"KERNEL_DISPATCH",4,2,30,"void dequantize_block_iq3_s<__half>(void const*, __half*)",1234,42144266273458,42144266417312,0,0,32,1,1,1277952,1,1
"KERNEL_DISPATCH",4,2,78,"void tile_fp16_gemm<128, 64, 4, 8, 32, false>(__half const*, __half const*, float*, float*, int, int, int, long, int)",1235,42144266417312,42144266889020,0,25088,256,1,1,6656,1,8
"KERNEL_DISPATCH",4,2,80,"tile_fp16_reduce_span(float const*, float*, int, int, int, long, long)",1236,42144266889020,42144266917613,0,0,256,1,1,53248,1,1
"KERNEL_DISPATCH",4,2,69,"void convert_unary<float, __half>(void const*, __half*, long, long, long, HIP_vector_type<unsigned int, 3u>, long, long, long)",1237,42144266939687,42144266961317,0,0,256,1,1,786432,1,1
"KERNEL_DISPATCH",4,2,30,"void dequantize_block_iq3_s<__half>(void const*, __half*)",1238,42144266961317,42144267105467,0,0,32,1,1,1277952,1,1
"KERNEL_DISPATCH",4,2,78,"void tile_fp16_gemm<128, 64, 4, 8, 32, false>(__half const*, __half const*, float*, float*, int, int, int, long, int)",1239,42144267105467,42144267571841,0,25088,256,1,1,6656,1,8
"KERNEL_DISPATCH",4,2,80,"tile_fp16_reduce_span(float const*, float*, int, int, int, long, long)",1240,42144267571841,42144267597323,0,0,256,1,1,53248,1,1
"KERNEL_DISPATCH",4,2,69,"void convert_unary<float, __half>(void const*, __half*, long, long, long, HIP_vector_type<unsigned int, 3u>, long, long, long)",1241,42144267617620,42144267637027,0,0,256,1,1,786432,1,1
"KERNEL_DISPATCH",4,2,30,"void dequantize_block_iq3_s<__half>(void const*, __half*)",1242,42144267637027,42144267765769,0,0,32,1,1,1277952,1,1
"KERNEL_DISPATCH",4,2,78,"void tile_fp16_gemm<128, 64, 4, 8, 32, false>(__half const*, __half const*, float*, float*, int, int, int, long, int)",1243,42144267765769,42144268201033,0,25088,256,1,1,6656,1,8
"KERNEL_DISPATCH",4,2,80,"tile_fp16_reduce_span(float const*, float*, int, int, int, long, long)",1244,42144268201033,42144268226663,0,0,256,1,1,53248,1,1
"KERNEL_DISPATCH",4,2,69,"void convert_unary<float, __half>(void const*, __half*, long, long, long, HIP_vector_type<unsigned int, 3u>, long, long, long)",1245,42144268254515,42144268276441,0,0,256,1,1,786432,1,1
"KERNEL_DISPATCH",4,2,30,"void dequantize_block_iq3_s<__half>(void const*, __half*)",1246,42144268276441,42144268420442,0,0,32,1,1,1277952,1,1
"KERNEL_DISPATCH",4,2,78,"void tile_fp16_gemm<128, 64, 4, 8, 32, false>(__half const*, __half const*, float*, float*, int, int, int, long, int)",1247,42144268420442,42144268900003,0,25088,256,1,1,6656,1,8
"KERNEL_DISPATCH",4,2,80,"tile_fp16_reduce_span(float const*, float*, int, int, int, long, long)",1248,42144268900003,42144268928447,0,0,256,1,1,53248,1,1
"KERNEL_DISPATCH",4,2,69,"void convert_unary<float, __half>(void const*, __half*, long, long, long, HIP_vector_type<unsigned int, 3u>, long, long, long)",1249,42144268950225,42144268972300,0,0,256,1,1,786432,1,1
"KERNEL_DISPATCH",4,2,30,"void dequantize_block_iq3_s<__half>(void const*, __half*)",1250,42144268972300,42144269115708,0,0,32,1,1,1277952,1,1
"KERNEL_DISPATCH",4,2,78,"void tile_fp16_gemm<128, 64, 4, 8, 32, false>(__half const*, __half const*, float*, float*, int, int, int, long, int)",1251,42144269115708,42144269576157,0,25088,256,1,1,6656,1,8
"KERNEL_DISPATCH",4,2,80,"tile_fp16_reduce_span(float const*, float*, int, int, int, long, long)",1252,42144269576157,42144269601787,0,0,256,1,1,53248,1,1
"KERNEL_DISPATCH",4,2,69,"void convert_unary<float, __half>(void const*, __half*, long, long, long, HIP_vector_type<unsigned int, 3u>, long, long, long)",1253,42144269622528,42144269641936,0,0,256,1,1,786432,1,1
"KERNEL_DISPATCH",4,2,30,"void dequantize_block_iq3_s<__half>(void const*, __half*)",1254,42144269641936,42144269770974,0,0,32,1,1,1277952,1,1
"KERNEL_DISPATCH",4,2,78,"void tile_fp16_gemm<128, 64, 4, 8, 32, false>(__half const*, __half const*, float*, float*, int, int, int, long, int)",1255,42144269770974,42144270200311,0,25088,256,1,1,6656,1,8
"KERNEL_DISPATCH",4,2,80,"tile_fp16_reduce_span(float const*, float*, int, int, int, long, long)",1256,42144270200311,42144270226238,0,0,256,1,1,53248,1,1
"KERNEL_DISPATCH",4,2,69,"void convert_unary<float, __half>(void const*, __half*, long, long, long, HIP_vector_type<unsigned int, 3u>, long, long, long)",1257,42144270254534,42144270276016,0,0,256,1,1,786432,1,1
"KERNEL_DISPATCH",4,2,30,"void dequantize_block_iq3_s<__half>(void const*, __half*)",1258,42144270276016,42144270419425,0,0,32,1,1,1277952,1,1
"KERNEL_DISPATCH",4,2,78,"void tile_fp16_gemm<128, 64, 4, 8, 32, false>(__half const*, __half const*, float*, float*, int, int, int, long, int)",1259,42144270419425,42144270899133,0,25088,256,1,1,6656,1,8
"KERNEL_DISPATCH",4,2,80,"tile_fp16_reduce_span(float const*, float*, int, int, int, long, long)",1260,42144270899133,42144270927281,0,0,256,1,1,53248,1,1
"KERNEL_DISPATCH",4,2,69,"void convert_unary<float, __half>(void const*, __half*, long, long, long, HIP_vector_type<unsigned int, 3u>, long, long, long)",1261,42146585959445,42146585979149,0,0,256,1,1,655360,1,1
"KERNEL_DISPATCH",4,2,30,"void dequantize_block_iq3_s<__half>(void const*, __half*)",1262,42146585979149,42146586105372,0,0,32,1,1,1310720,1,1
"KERNEL_DISPATCH",4,2,78,"void tile_fp16_gemm<128, 64, 4, 8, 32, false>(__half const*, __half const*, float*, float*, int, int, int, long, int)",1263,42146586105372,42146586544339,0,25088,256,1,1,8192,1,8
"KERNEL_DISPATCH",4,2,80,"tile_fp16_reduce_span(float const*, float*, int, int, int, long, long)",1264,42146586544339,42146586575006,0,0,256,1,1,65536,1,1
"KERNEL_DISPATCH",4,2,69,"void convert_unary<float, __half>(void const*, __half*, long, long, long, HIP_vector_type<unsigned int, 3u>, long, long, long)",1265,42146586892639,42146586909379,0,0,256,1,1,655360,1,1
"KERNEL_DISPATCH",4,2,30,"void dequantize_block_iq3_s<__half>(void const*, __half*)",1266,42146586909379,42146587035751,0,0,32,1,1,1310720,1,1
"KERNEL_DISPATCH",4,2,78,"void tile_fp16_gemm<128, 64, 4, 8, 32, false>(__half const*, __half const*, float*, float*, int, int, int, long, int)",1267,42146587035751,42146587472644,0,25088,256,1,1,8192,1,8
"KERNEL_DISPATCH",4,2,80,"tile_fp16_reduce_span(float const*, float*, int, int, int, long, long)",1268,42146587472644,42146587501830,0,0,256,1,1,65536,1,1
"KERNEL_DISPATCH",4,2,69,"void convert_unary<float, __half>(void const*, __half*, long, long, long, HIP_vector_type<unsigned int, 3u>, long, long, long)",1269,42146587522719,42146587538571,0,0,256,1,1,655360,1,1
"KERNEL_DISPATCH",4,2,30,"void dequantize_block_iq3_s<__half>(void const*, __half*)",1270,42146587538571,42146587662572,0,0,32,1,1,1310720,1,1
"KERNEL_DISPATCH",4,2,78,"void tile_fp16_gemm<128, 64, 4, 8, 32, false>(__half const*, __half const*, float*, float*, int, int, int, long, int)",1271,42146587662572,42146588090280,0,25088,256,1,1,8192,1,8
"KERNEL_DISPATCH",4,2,80,"tile_fp16_reduce_span(float const*, float*, int, int, int, long, long)",1272,42146588090280,42146588119317,0,0,256,1,1,65536,1,1
"KERNEL_DISPATCH",4,2,69,"void convert_unary<float, __half>(void const*, __half*, long, long, long, HIP_vector_type<unsigned int, 3u>, long, long, long)",1273,42146588144503,42146588160355,0,0,256,1,1,655360,1,1
"KERNEL_DISPATCH",4,2,30,"void dequantize_block_iq3_s<__half>(void const*, __half*)",1274,42146588160355,42146588284356,0,0,32,1,1,1310720,1,1
"KERNEL_DISPATCH",4,2,78,"void tile_fp16_gemm<128, 64, 4, 8, 32, false>(__half const*, __half const*, float*, float*, int, int, int, long, int)",1275,42146588284356,42146588717397,0,25088,256,1,1,8192,1,8
"KERNEL_DISPATCH",4,2,80,"tile_fp16_reduce_span(float const*, float*, int, int, int, long, long)",1276,42146588717397,42146588746731,0,0,256,1,1,65536,1,1
"KERNEL_DISPATCH",4,2,69,"void convert_unary<float, __half>(void const*, __half*, long, long, long, HIP_vector_type<unsigned int, 3u>, long, long, long)",1277,42146588766286,42146588782138,0,0,256,1,1,655360,1,1
"KERNEL_DISPATCH",4,2,30,"void dequantize_block_iq3_s<__half>(void const*, __half*)",1278,42146588782138,42146588906436,0,0,32,1,1,1310720,1,1
"KERNEL_DISPATCH",4,2,80,"tile_fp16_reduce_span(float const*, float*, int, int, int, long, long)",1280,42146589334144,42146589364218,0,0,256,1,1,65536,1,1
"KERNEL_DISPATCH",4,2,78,"void tile_fp16_gemm<128, 64, 4, 8, 32, false>(__half const*, __half const*, float*, float*, int, int, int, long, int)",1279,42146588906436,42146589334144,0,25088,256,1,1,8192,1,8
"KERNEL_DISPATCH",4,2,69,"void convert_unary<float, __half>(void const*, __half*, long, long, long, HIP_vector_type<unsigned int, 3u>, long, long, long)",1281,42146589384367,42146589401107,0,0,256,1,1,655360,1,1
"KERNEL_DISPATCH",4,2,30,"void dequantize_block_iq3_s<__half>(void const*, __half*)",1282,42146589401107,42146589533257,0,0,32,1,1,1310720,1,1
"KERNEL_DISPATCH",4,2,80,"tile_fp16_reduce_span(float const*, float*, int, int, int, long, long)",1284,42146589944372,42146589974002,0,0,256,1,1,65536,1,1
"KERNEL_DISPATCH",4,2,78,"void tile_fp16_gemm<128, 64, 4, 8, 32, false>(__half const*, __half const*, float*, float*, int, int, int, long, int)",1283,42146589533257,42146589944372,0,25088,256,1,1,8192,1,8
"KERNEL_DISPATCH",4,2,69,"void convert_unary<float, __half>(void const*, __half*, long, long, long, HIP_vector_type<unsigned int, 3u>, long, long, long)",1285,42146589994298,42146590011188,0,0,256,1,1,655360,1,1
"KERNEL_DISPATCH",4,2,30,"void dequantize_block_iq3_s<__half>(void const*, __half*)",1286,42146590011188,42146590144374,0,0,32,1,1,1310720,1,1
"KERNEL_DISPATCH",4,2,78,"void tile_fp16_gemm<128, 64, 4, 8, 32, false>(__half const*, __half const*, float*, float*, int, int, int, long, int)",1287,42146590144374,42146590562156,0,25088,256,1,1,8192,1,8
"KERNEL_DISPATCH",4,2,80,"tile_fp16_reduce_span(float const*, float*, int, int, int, long, long)",1288,42146590562156,42146590591341,0,0,256,1,1,65536,1,1
"KERNEL_DISPATCH",4,2,69,"void convert_unary<float, __half>(void const*, __half*, long, long, long, HIP_vector_type<unsigned int, 3u>, long, long, long)",1289,42146590611342,42146590627342,0,0,256,1,1,655360,1,1
"KERNEL_DISPATCH",4,2,30,"void dequantize_block_iq3_s<__half>(void const*, __half*)",1290,42146590627342,42146590751787,0,0,32,1,1,1310720,1,1
"KERNEL_DISPATCH",4,2,78,"void tile_fp16_gemm<128, 64, 4, 8, 32, false>(__half const*, __half const*, float*, float*, int, int, int, long, int)",1291,42146590751787,42146591176088,0,25088,256,1,1,8192,1,8
"KERNEL_DISPATCH",4,2,80,"tile_fp16_reduce_span(float const*, float*, int, int, int, long, long)",1292,42146591176088,42146591205570,0,0,256,1,1,65536,1,1
"KERNEL_DISPATCH",4,2,69,"void convert_unary<float, __half>(void const*, __half*, long, long, long, HIP_vector_type<unsigned int, 3u>, long, long, long)",1293,42146591224977,42146591240829,0,0,256,1,1,655360,1,1
"KERNEL_DISPATCH",4,2,30,"void dequantize_block_iq3_s<__half>(void const*, __half*)",1294,42146591240829,42146591368386,0,0,32,1,1,1310720,1,1
"KERNEL_DISPATCH",4,2,78,"void tile_fp16_gemm<128, 64, 4, 8, 32, false>(__half const*, __half const*, float*, float*, int, int, int, long, int)",1295,42146591368386,42146591780538,0,25088,256,1,1,8192,1,8
"KERNEL_DISPATCH",4,2,80,"tile_fp16_reduce_span(float const*, float*, int, int, int, long, long)",1296,42146591780538,42146591809872,0,0,256,1,1,65536,1,1
"KERNEL_DISPATCH",4,2,69,"void convert_unary<float, __half>(void const*, __half*, long, long, long, HIP_vector_type<unsigned int, 3u>, long, long, long)",1297,42146591830613,42146591847502,0,0,256,1,1,655360,1,1
"KERNEL_DISPATCH",4,2,30,"void dequantize_block_iq3_s<__half>(void const*, __half*)",1298,42146591847502,42146591979503,0,0,32,1,1,1310720,1,1
"KERNEL_DISPATCH",4,2,78,"void tile_fp16_gemm<128, 64, 4, 8, 32, false>(__half const*, __half const*, float*, float*, int, int, int, long, int)",1299,42146591979503,42146592396100,0,25088,256,1,1,8192,1,8
"KERNEL_DISPATCH",4,2,80,"tile_fp16_reduce_span(float const*, float*, int, int, int, long, long)",1300,42146592396100,42146592425285,0,0,256,1,1,65536,1,1
"KERNEL_DISPATCH",4,2,69,"void convert_unary<float, __half>(void const*, __half*, long, long, long, HIP_vector_type<unsigned int, 3u>, long, long, long)",1301,42146592468249,42146592484989,0,0,256,1,1,655360,1,1
"KERNEL_DISPATCH",4,2,30,"void dequantize_block_iq3_s<__half>(void const*, __half*)",1302,42146592484989,42146592617139,0,0,32,1,1,1310720,1,1
"KERNEL_DISPATCH",4,2,78,"void tile_fp16_gemm<128, 64, 4, 8, 32, false>(__half const*, __half const*, float*, float*, int, int, int, long, int)",1303,42146592617139,42146593035810,0,25088,256,1,1,8192,1,8
"KERNEL_DISPATCH",4,2,80,"tile_fp16_reduce_span(float const*, float*, int, int, int, long, long)",1304,42146593035810,42146593065291,0,0,256,1,1,65536,1,1
"KERNEL_DISPATCH",4,2,69,"void convert_unary<float, __half>(void const*, __half*, long, long, long, HIP_vector_type<unsigned int, 3u>, long, long, long)",1305,42146593085884,42146593102477,0,0,256,1,1,655360,1,1
"KERNEL_DISPATCH",4,2,30,"void dequantize_block_iq3_s<__half>(void const*, __half*)",1306,42146593102477,42146593234626,0,0,32,1,1,1310720,1,1
"KERNEL_DISPATCH",4,2,78,"void tile_fp16_gemm<128, 64, 4, 8, 32, false>(__half const*, __half const*, float*, float*, int, int, int, long, int)",1307,42146593234626,42146593649890,0,25088,256,1,1,8192,1,8
"KERNEL_DISPATCH",4,2,80,"tile_fp16_reduce_span(float const*, float*, int, int, int, long, long)",1308,42146593649890,42146593679520,0,0,256,1,1,65536,1,1
"KERNEL_DISPATCH",4,2,69,"void convert_unary<float, __half>(void const*, __half*, long, long, long, HIP_vector_type<unsigned int, 3u>, long, long, long)",1309,42146593699816,42146593716409,0,0,256,1,1,655360,1,1
"KERNEL_DISPATCH",4,2,30,"void dequantize_block_iq3_s<__half>(void const*, __half*)",1310,42146593716409,42146593848706,0,0,32,1,1,1310720,1,1
"KERNEL_DISPATCH",4,2,78,"void tile_fp16_gemm<128, 64, 4, 8, 32, false>(__half const*, __half const*, float*, float*, int, int, int, long, int)",1311,42146593848706,42146594266785,0,25088,256,1,1,8192,1,8
"KERNEL_DISPATCH",4,2,80,"tile_fp16_reduce_span(float const*, float*, int, int, int, long, long)",1312,42146594266785,42146594296563,0,0,256,1,1,65536,1,1
"KERNEL_DISPATCH",4,2,69,"void convert_unary<float, __half>(void const*, __half*, long, long, long, HIP_vector_type<unsigned int, 3u>, long, long, long)",1313,42146594317896,42146594336711,0,0,256,1,1,655360,1,1
"KERNEL_DISPATCH",4,2,30,"void dequantize_block_iq3_s<__half>(void const*, __half*)",1314,42146594336711,42146594491528,0,0,32,1,1,1310720,1,1
"KERNEL_DISPATCH",4,2,78,"void tile_fp16_gemm<128, 64, 4, 8, 32, false>(__half const*, __half const*, float*, float*, int, int, int, long, int)",1315,42146594491528,42146594935828,0,25088,256,1,1,8192,1,8
"KERNEL_DISPATCH",4,2,80,"tile_fp16_reduce_span(float const*, float*, int, int, int, long, long)",1316,42146594935828,42146594969014,0,0,256,1,1,65536,1,1
"KERNEL_DISPATCH",4,2,69,"void convert_unary<float, __half>(void const*, __half*, long, long, long, HIP_vector_type<unsigned int, 3u>, long, long, long)",1317,42146594990644,42146595009310,0,0,256,1,1,655360,1,1
"KERNEL_DISPATCH",4,2,30,"void dequantize_block_iq3_s<__half>(void const*, __half*)",1318,42146595009310,42146595156423,0,0,32,1,1,1310720,1,1
"KERNEL_DISPATCH",4,2,78,"void tile_fp16_gemm<128, 64, 4, 8, 32, false>(__half const*, __half const*, float*, float*, int, int, int, long, int)",1319,42146595156423,42146595597316,0,25088,256,1,1,8192,1,8
"KERNEL_DISPATCH",4,2,80,"tile_fp16_reduce_span(float const*, float*, int, int, int, long, long)",1320,42146595597316,42146595626946,0,0,256,1,1,65536,1,1
"KERNEL_DISPATCH",4,2,69,"void convert_unary<float, __half>(void const*, __half*, long, long, long, HIP_vector_type<unsigned int, 3u>, long, long, long)",1321,42146595646946,42146595663687,0,0,256,1,1,655360,1,1
"KERNEL_DISPATCH",4,2,30,"void dequantize_block_iq3_s<__half>(void const*, __half*)",1322,42146595663687,42146595795540,0,0,32,1,1,1310720,1,1
"KERNEL_DISPATCH",4,2,78,"void tile_fp16_gemm<128, 64, 4, 8, 32, false>(__half const*, __half const*, float*, float*, int, int, int, long, int)",1323,42146595795540,42146596216137,0,25088,256,1,1,8192,1,8
"KERNEL_DISPATCH",4,2,80,"tile_fp16_reduce_span(float const*, float*, int, int, int, long, long)",1324,42146596216137,42146596245322,0,0,256,1,1,65536,1,1
"KERNEL_DISPATCH",4,2,69,"void convert_unary<float, __half>(void const*, __half*, long, long, long, HIP_vector_type<unsigned int, 3u>, long, long, long)",1325,42146596265471,42146596282360,0,0,256,1,1,655360,1,1
"KERNEL_DISPATCH",4,2,30,"void dequantize_block_iq3_s<__half>(void const*, __half*)",1326,42146596282360,42146596436139,0,0,32,1,1,1310720,1,1
"KERNEL_DISPATCH",4,2,78,"void tile_fp16_gemm<128, 64, 4, 8, 32, false>(__half const*, __half const*, float*, float*, int, int, int, long, int)",1327,42146596436139,42146596882662,0,25088,256,1,1,8192,1,8
"KERNEL_DISPATCH",4,2,80,"tile_fp16_reduce_span(float const*, float*, int, int, int, long, long)",1328,42146596882662,42146596915996,0,0,256,1,1,65536,1,1
"KERNEL_DISPATCH",4,2,69,"void convert_unary<float, __half>(void const*, __half*, long, long, long, HIP_vector_type<unsigned int, 3u>, long, long, long)",1329,42146596937477,42146596955996,0,0,256,1,1,655360,1,1
"KERNEL_DISPATCH",4,2,30,"void dequantize_block_iq3_s<__half>(void const*, __half*)",1330,42146596955996,42146597103405,0,0,32,1,1,1310720,1,1
"KERNEL_DISPATCH",4,2,78,"void tile_fp16_gemm<128, 64, 4, 8, 32, false>(__half const*, __half const*, float*, float*, int, int, int, long, int)",1331,42146597103405,42146597545928,0,25088,256,1,1,8192,1,8
"KERNEL_DISPATCH",4,2,80,"tile_fp16_reduce_span(float const*, float*, int, int, int, long, long)",1332,42146597545928,42146597575706,0,0,256,1,1,65536,1,1
"KERNEL_DISPATCH",4,2,69,"void convert_unary<float, __half>(void const*, __half*, long, long, long, HIP_vector_type<unsigned int, 3u>, long, long, long)",1333,42146597596151,42146597612743,0,0,256,1,1,655360,1,1
"KERNEL_DISPATCH",4,2,30,"void dequantize_block_iq3_s<__half>(void const*, __half*)",1334,42146597612743,42146597744893,0,0,32,1,1,1310720,1,1
"KERNEL_DISPATCH",4,2,78,"void tile_fp16_gemm<128, 64, 4, 8, 32, false>(__half const*, __half const*, float*, float*, int, int, int, long, int)",1335,42146597744893,42146598167712,0,25088,256,1,1,8192,1,8
"KERNEL_DISPATCH",4,2,80,"tile_fp16_reduce_span(float const*, float*, int, int, int, long, long)",1336,42146598167712,42146598197490,0,0,256,1,1,65536,1,1
"KERNEL_DISPATCH",4,2,69,"void convert_unary<float, __half>(void const*, __half*, long, long, long, HIP_vector_type<unsigned int, 3u>, long, long, long)",1337,42146598217934,42146598234675,0,0,256,1,1,655360,1,1
"KERNEL_DISPATCH",4,2,30,"void dequantize_block_iq3_s<__half>(void const*, __half*)",1338,42146598234675,42146598381492,0,0,32,1,1,1310720,1,1
"KERNEL_DISPATCH",4,2,78,"void tile_fp16_gemm<128, 64, 4, 8, 32, false>(__half const*, __half const*, float*, float*, int, int, int, long, int)",1339,42146598381492,42146598827422,0,25088,256,1,1,8192,1,8
"KERNEL_DISPATCH",4,2,80,"tile_fp16_reduce_span(float const*, float*, int, int, int, long, long)",1340,42146598827422,42146598860015,0,0,256,1,1,65536,1,1
"KERNEL_DISPATCH",4,2,69,"void convert_unary<float, __half>(void const*, __half*, long, long, long, HIP_vector_type<unsigned int, 3u>, long, long, long)",1341,42146598881793,42146598900311,0,0,256,1,1,655360,1,1
"KERNEL_DISPATCH",4,2,30,"void dequantize_block_iq3_s<__half>(void const*, __half*)",1342,42146598900311,42146599047424,0,0,32,1,1,1310720,1,1
"KERNEL_DISPATCH",4,2,78,"void tile_fp16_gemm<128, 64, 4, 8, 32, false>(__half const*, __half const*, float*, float*, int, int, int, long, int)",1343,42146599047424,42146599491725,0,25088,256,1,1,8192,1,8
"KERNEL_DISPATCH",4,2,80,"tile_fp16_reduce_span(float const*, float*, int, int, int, long, long)",1344,42146599491725,42146599524614,0,0,256,1,1,65536,1,1
"KERNEL_DISPATCH",4,2,69,"void convert_unary<float, __half>(void const*, __half*, long, long, long, HIP_vector_type<unsigned int, 3u>, long, long, long)",1345,42146599555725,42146599574540,0,0,256,1,1,655360,1,1
"KERNEL_DISPATCH",4,2,30,"void dequantize_block_iq3_s<__half>(void const*, __half*)",1346,42146599574540,42146599721505,0,0,32,1,1,1310720,1,1
"KERNEL_DISPATCH",4,2,78,"void tile_fp16_gemm<128, 64, 4, 8, 32, false>(__half const*, __half const*, float*, float*, int, int, int, long, int)",1347,42146599721505,42146600165657,0,25088,256,1,1,8192,1,8
"KERNEL_DISPATCH",4,2,80,"tile_fp16_reduce_span(float const*, float*, int, int, int, long, long)",1348,42146600165657,42146600198694,0,0,256,1,1,65536,1,1
"KERNEL_DISPATCH",4,2,69,"void convert_unary<float, __half>(void const*, __half*, long, long, long, HIP_vector_type<unsigned int, 3u>, long, long, long)",1349,42146600222398,42146600241065,0,0,256,1,1,655360,1,1
"KERNEL_DISPATCH",4,2,30,"void dequantize_block_iq3_s<__half>(void const*, __half*)",1350,42146600241065,42146600393807,0,0,32,1,1,1310720,1,1
"KERNEL_DISPATCH",4,2,78,"void tile_fp16_gemm<128, 64, 4, 8, 32, false>(__half const*, __half const*, float*, float*, int, int, int, long, int)",1351,42146600393807,42146600813812,0,25088,256,1,1,8192,1,8
"KERNEL_DISPATCH",4,2,80,"tile_fp16_reduce_span(float const*, float*, int, int, int, long, long)",1352,42146600813812,42146600843441,0,0,256,1,1,65536,1,1
"KERNEL_DISPATCH",4,2,69,"void convert_unary<float, __half>(void const*, __half*, long, long, long, HIP_vector_type<unsigned int, 3u>, long, long, long)",1353,42146600864182,42146600880923,0,0,256,1,1,655360,1,1
"KERNEL_DISPATCH",4,2,30,"void dequantize_block_iq3_s<__half>(void const*, __half*)",1354,42146600880923,42146601013073,0,0,32,1,1,1310720,1,1
"KERNEL_DISPATCH",4,2,78,"void tile_fp16_gemm<128, 64, 4, 8, 32, false>(__half const*, __half const*, float*, float*, int, int, int, long, int)",1355,42146601013073,42146601434262,0,25088,256,1,1,8192,1,8
"KERNEL_DISPATCH",4,2,80,"tile_fp16_reduce_span(float const*, float*, int, int, int, long, long)",1356,42146601434262,42146601464040,0,0,256,1,1,65536,1,1
"KERNEL_DISPATCH",4,2,69,"void convert_unary<float, __half>(void const*, __half*, long, long, long, HIP_vector_type<unsigned int, 3u>, long, long, long)",1357,42146601484188,42146601500781,0,0,256,1,1,655360,1,1
"KERNEL_DISPATCH",4,2,30,"void dequantize_block_iq3_s<__half>(void const*, __half*)",1358,42146601500781,42146601632783,0,0,32,1,1,1310720,1,1
"KERNEL_DISPATCH",4,2,78,"void tile_fp16_gemm<128, 64, 4, 8, 32, false>(__half const*, __half const*, float*, float*, int, int, int, long, int)",1359,42146601632783,42146602049675,0,25088,256,1,1,8192,1,8
"KERNEL_DISPATCH",4,2,80,"tile_fp16_reduce_span(float const*, float*, int, int, int, long, long)",1360,42146602049675,42146602079454,0,0,256,1,1,65536,1,1
"KERNEL_DISPATCH",4,2,69,"void convert_unary<float, __half>(void const*, __half*, long, long, long, HIP_vector_type<unsigned int, 3u>, long, long, long)",1361,42146602099898,42146602116491,0,0,256,1,1,655360,1,1
"KERNEL_DISPATCH",4,2,30,"void dequantize_block_iq3_s<__half>(void const*, __half*)",1362,42146602116491,42146602248640,0,0,32,1,1,1310720,1,1
"KERNEL_DISPATCH",4,2,78,"void tile_fp16_gemm<128, 64, 4, 8, 32, false>(__half const*, __half const*, float*, float*, int, int, int, long, int)",1363,42146602248640,42146602667459,0,25088,256,1,1,8192,1,8
"KERNEL_DISPATCH",4,2,80,"tile_fp16_reduce_span(float const*, float*, int, int, int, long, long)",1364,42146602667459,42146602697089,0,0,256,1,1,65536,1,1
"KERNEL_DISPATCH",4,2,69,"void convert_unary<float, __half>(void const*, __half*, long, long, long, HIP_vector_type<unsigned int, 3u>, long, long, long)",1365,42146602717682,42146602734423,0,0,256,1,1,655360,1,1
"KERNEL_DISPATCH",4,2,30,"void dequantize_block_iq3_s<__half>(void const*, __half*)",1366,42146602734423,42146602866424,0,0,32,1,1,1310720,1,1
"KERNEL_DISPATCH",4,2,78,"void tile_fp16_gemm<128, 64, 4, 8, 32, false>(__half const*, __half const*, float*, float*, int, int, int, long, int)",1367,42146602866424,42146603290577,0,25088,256,1,1,8192,1,8
"KERNEL_DISPATCH",4,2,80,"tile_fp16_reduce_span(float const*, float*, int, int, int, long, long)",1368,42146603290577,42146603320651,0,0,256,1,1,65536,1,1
"KERNEL_DISPATCH",4,2,69,"void convert_unary<float, __half>(void const*, __half*, long, long, long, HIP_vector_type<unsigned int, 3u>, long, long, long)",1369,42146603342429,42146603372800,0,0,256,1,1,655360,1,1
"KERNEL_DISPATCH",4,2,30,"void dequantize_block_iq3_s<__half>(void const*, __half*)",1370,42146603372800,42146603519912,0,0,32,1,1,1310720,1,1
"KERNEL_DISPATCH",4,2,78,"void tile_fp16_gemm<128, 64, 4, 8, 32, false>(__half const*, __half const*, float*, float*, int, int, int, long, int)",1371,42146603519912,42146603966879,0,25088,256,1,1,8192,1,8
"KERNEL_DISPATCH",4,2,80,"tile_fp16_reduce_span(float const*, float*, int, int, int, long, long)",1372,42146603966879,42146604000509,0,0,256,1,1,65536,1,1
"KERNEL_DISPATCH",4,2,69,"void convert_unary<float, __half>(void const*, __half*, long, long, long, HIP_vector_type<unsigned int, 3u>, long, long, long)",1373,42146604022287,42146604040954,0,0,256,1,1,655360,1,1
"KERNEL_DISPATCH",4,2,30,"void dequantize_block_iq3_s<__half>(void const*, __half*)",1374,42146604040954,42146604188067,0,0,32,1,1,1310720,1,1
"KERNEL_DISPATCH",4,2,78,"void tile_fp16_gemm<128, 64, 4, 8, 32, false>(__half const*, __half const*, float*, float*, int, int, int, long, int)",1375,42146604188067,42146604628071,0,25088,256,1,1,8192,1,8
"KERNEL_DISPATCH",4,2,80,"tile_fp16_reduce_span(float const*, float*, int, int, int, long, long)",1376,42146604628071,42146604657701,0,0,256,1,1,65536,1,1
"KERNEL_DISPATCH",4,2,69,"void convert_unary<float, __half>(void const*, __half*, long, long, long, HIP_vector_type<unsigned int, 3u>, long, long, long)",1377,42146604677849,42146604694442,0,0,256,1,1,655360,1,1
"KERNEL_DISPATCH",4,2,30,"void dequantize_block_iq3_s<__half>(void const*, __half*)",1378,42146604694442,42146604826443,0,0,32,1,1,1310720,1,1
"KERNEL_DISPATCH",4,2,78,"void tile_fp16_gemm<128, 64, 4, 8, 32, false>(__half const*, __half const*, float*, float*, int, int, int, long, int)",1379,42146604826443,42146605243484,0,25088,256,1,1,8192,1,8
"KERNEL_DISPATCH",4,2,80,"tile_fp16_reduce_span(float const*, float*, int, int, int, long, long)",1380,42146605243484,42146605273411,0,0,256,1,1,65536,1,1
"KERNEL_DISPATCH",4,2,69,"void convert_unary<float, __half>(void const*, __half*, long, long, long, HIP_vector_type<unsigned int, 3u>, long, long, long)",1381,42146605294003,42146605312226,0,0,256,1,1,655360,1,1
"KERNEL_DISPATCH",4,2,30,"void dequantize_block_iq3_s<__half>(void const*, __half*)",1382,42146605312226,42146605466598,0,0,32,1,1,1310720,1,1
"KERNEL_DISPATCH",4,2,78,"void tile_fp16_gemm<128, 64, 4, 8, 32, false>(__half const*, __half const*, float*, float*, int, int, int, long, int)",1383,42146605466598,42146605915047,0,25088,256,1,1,8192,1,8
"KERNEL_DISPATCH",4,2,80,"tile_fp16_reduce_span(float const*, float*, int, int, int, long, long)",1384,42146605915047,42146605947639,0,0,256,1,1,65536,1,1
"KERNEL_DISPATCH",4,2,69,"void convert_unary<float, __half>(void const*, __half*, long, long, long, HIP_vector_type<unsigned int, 3u>, long, long, long)",1385,42146605969714,42146605988232,0,0,256,1,1,655360,1,1
"KERNEL_DISPATCH",4,2,30,"void dequantize_block_iq3_s<__half>(void const*, __half*)",1386,42146605988232,42146606135197,0,0,32,1,1,1310720,1,1
"KERNEL_DISPATCH",4,2,78,"void tile_fp16_gemm<128, 64, 4, 8, 32, false>(__half const*, __half const*, float*, float*, int, int, int, long, int)",1387,42146606135197,42146606583201,0,25088,256,1,1,8192,1,8
"KERNEL_DISPATCH",4,2,80,"tile_fp16_reduce_span(float const*, float*, int, int, int, long, long)",1388,42146606583201,42146606612979,0,0,256,1,1,65536,1,1
"KERNEL_DISPATCH",4,2,69,"void convert_unary<float, __half>(void const*, __half*, long, long, long, HIP_vector_type<unsigned int, 3u>, long, long, long)",1389,42146606654165,42146606670758,0,0,256,1,1,655360,1,1
"KERNEL_DISPATCH",4,2,30,"void dequantize_block_iq3_s<__half>(void const*, __half*)",1390,42146606670758,42146606802759,0,0,32,1,1,1310720,1,1
"KERNEL_DISPATCH",4,2,78,"void tile_fp16_gemm<128, 64, 4, 8, 32, false>(__half const*, __half const*, float*, float*, int, int, int, long, int)",1391,42146606802759,42146607223948,0,25088,256,1,1,8192,1,8
"KERNEL_DISPATCH",4,2,80,"tile_fp16_reduce_span(float const*, float*, int, int, int, long, long)",1392,42146607223948,42146607253430,0,0,256,1,1,65536,1,1
"KERNEL_DISPATCH",4,2,69,"void convert_unary<float, __half>(void const*, __half*, long, long, long, HIP_vector_type<unsigned int, 3u>, long, long, long)",1393,42146607274319,42146607291060,0,0,256,1,1,655360,1,1
"KERNEL_DISPATCH",4,2,30,"void dequantize_block_iq3_s<__half>(void const*, __half*)",1394,42146607291060,42146607444987,0,0,32,1,1,1310720,1,1
"KERNEL_DISPATCH",4,2,78,"void tile_fp16_gemm<128, 64, 4, 8, 32, false>(__half const*, __half const*, float*, float*, int, int, int, long, int)",1395,42146607444987,42146607887658,0,25088,256,1,1,8192,1,8
"KERNEL_DISPATCH",4,2,80,"tile_fp16_reduce_span(float const*, float*, int, int, int, long, long)",1396,42146607887658,42146607921288,0,0,256,1,1,65536,1,1
"KERNEL_DISPATCH",4,2,69,"void convert_unary<float, __half>(void const*, __half*, long, long, long, HIP_vector_type<unsigned int, 3u>, long, long, long)",1397,42146607942918,42146607961437,0,0,256,1,1,655360,1,1
"KERNEL_DISPATCH",4,2,30,"void dequantize_block_iq3_s<__half>(void const*, __half*)",1398,42146607961437,42146608109735,0,0,32,1,1,1310720,1,1
"KERNEL_DISPATCH",4,2,78,"void tile_fp16_gemm<128, 64, 4, 8, 32, false>(__half const*, __half const*, float*, float*, int, int, int, long, int)",1399,42146608109735,42146608555813,0,25088,256,1,1,8192,1,8
"KERNEL_DISPATCH",4,2,80,"tile_fp16_reduce_span(float const*, float*, int, int, int, long, long)",1400,42146608555813,42146608588850,0,0,256,1,1,65536,1,1
"KERNEL_DISPATCH",4,2,69,"void convert_unary<float, __half>(void const*, __half*, long, long, long, HIP_vector_type<unsigned int, 3u>, long, long, long)",1401,42146608610777,42146608629443,0,0,256,1,1,655360,1,1
"KERNEL_DISPATCH",4,2,30,"void dequantize_block_iq3_s<__half>(void const*, __half*)",1402,42146608629443,42146608776556,0,0,32,1,1,1310720,1,1
"KERNEL_DISPATCH",4,2,78,"void tile_fp16_gemm<128, 64, 4, 8, 32, false>(__half const*, __half const*, float*, float*, int, int, int, long, int)",1403,42146608776556,42146609221746,0,25088,256,1,1,8192,1,8
"KERNEL_DISPATCH",4,2,80,"tile_fp16_reduce_span(float const*, float*, int, int, int, long, long)",1404,42146609221746,42146609254783,0,0,256,1,1,65536,1,1
"KERNEL_DISPATCH",4,2,69,"void convert_unary<float, __half>(void const*, __half*, long, long, long, HIP_vector_type<unsigned int, 3u>, long, long, long)",1405,42146609277154,42146609295820,0,0,256,1,1,655360,1,1
"KERNEL_DISPATCH",4,2,30,"void dequantize_block_iq3_s<__half>(void const*, __half*)",1406,42146609295820,42146609443377,0,0,32,1,1,1310720,1,1
"KERNEL_DISPATCH",4,2,78,"void tile_fp16_gemm<128, 64, 4, 8, 32, false>(__half const*, __half const*, float*, float*, int, int, int, long, int)",1407,42146609443377,42146609890048,0,25088,256,1,1,8192,1,8
"KERNEL_DISPATCH",4,2,80,"tile_fp16_reduce_span(float const*, float*, int, int, int, long, long)",1408,42146609890048,42146609922789,0,0,256,1,1,65536,1,1
"KERNEL_DISPATCH",4,2,69,"void convert_unary<float, __half>(void const*, __half*, long, long, long, HIP_vector_type<unsigned int, 3u>, long, long, long)",1409,42146609946197,42146609964716,0,0,256,1,1,655360,1,1
"KERNEL_DISPATCH",4,2,30,"void dequantize_block_iq3_s<__half>(void const*, __half*)",1410,42146609964716,42146610112125,0,0,32,1,1,1310720,1,1
"KERNEL_DISPATCH",4,2,78,"void tile_fp16_gemm<128, 64, 4, 8, 32, false>(__half const*, __half const*, float*, float*, int, int, int, long, int)",1411,42146610112125,42146610547388,0,25088,256,1,1,8192,1,8
"KERNEL_DISPATCH",4,2,80,"tile_fp16_reduce_span(float const*, float*, int, int, int, long, long)",1412,42146610547388,42146610577166,0,0,256,1,1,65536,1,1
"KERNEL_DISPATCH",4,2,69,"void convert_unary<float, __half>(void const*, __half*, long, long, long, HIP_vector_type<unsigned int, 3u>, long, long, long)",1413,42146610598352,42146610615093,0,0,256,1,1,655360,1,1
"KERNEL_DISPATCH",4,2,30,"void dequantize_block_iq3_s<__half>(void const*, __half*)",1414,42146610615093,42146610747242,0,0,32,1,1,1310720,1,1
"KERNEL_DISPATCH",4,2,78,"void tile_fp16_gemm<128, 64, 4, 8, 32, false>(__half const*, __half const*, float*, float*, int, int, int, long, int)",1415,42146610747242,42146611167987,0,25088,256,1,1,8192,1,8
"KERNEL_DISPATCH",4,2,80,"tile_fp16_reduce_span(float const*, float*, int, int, int, long, long)",1416,42146611167987,42146611197765,0,0,256,1,1,65536,1,1
"KERNEL_DISPATCH",4,2,69,"void convert_unary<float, __half>(void const*, __half*, long, long, long, HIP_vector_type<unsigned int, 3u>, long, long, long)",1417,42146611217913,42146611234802,0,0,256,1,1,655360,1,1
"KERNEL_DISPATCH",4,2,30,"void dequantize_block_iq3_s<__half>(void const*, __half*)",1418,42146611234802,42146611382656,0,0,32,1,1,1310720,1,1
"KERNEL_DISPATCH",4,2,78,"void tile_fp16_gemm<128, 64, 4, 8, 32, false>(__half const*, __half const*, float*, float*, int, int, int, long, int)",1419,42146611382656,42146611829178,0,25088,256,1,1,8192,1,8
"KERNEL_DISPATCH",4,2,80,"tile_fp16_reduce_span(float const*, float*, int, int, int, long, long)",1420,42146611829178,42146611861771,0,0,256,1,1,65536,1,1
"KERNEL_DISPATCH",4,2,69,"void convert_unary<float, __half>(void const*, __half*, long, long, long, HIP_vector_type<unsigned int, 3u>, long, long, long)",1421,42146611883253,42146611901920,0,0,256,1,1,655360,1,1
"KERNEL_DISPATCH",4,2,30,"void dequantize_block_iq3_s<__half>(void const*, __half*)",1422,42146611901920,42146612049329,0,0,32,1,1,1310720,1,1
"KERNEL_DISPATCH",4,2,78,"void tile_fp16_gemm<128, 64, 4, 8, 32, false>(__half const*, __half const*, float*, float*, int, int, int, long, int)",1423,42146612049329,42146612494963,0,25088,256,1,1,8192,1,8
"KERNEL_DISPATCH",4,2,80,"tile_fp16_reduce_span(float const*, float*, int, int, int, long, long)",1424,42146612494963,42146612529333,0,0,256,1,1,65536,1,1
"KERNEL_DISPATCH",4,2,69,"void convert_unary<float, __half>(void const*, __half*, long, long, long, HIP_vector_type<unsigned int, 3u>, long, long, long)",1425,42146612551260,42146612569926,0,0,256,1,1,655360,1,1
"KERNEL_DISPATCH",4,2,30,"void dequantize_block_iq3_s<__half>(void const*, __half*)",1426,42146612569926,42146612717335,0,0,32,1,1,1310720,1,1
"KERNEL_DISPATCH",4,2,78,"void tile_fp16_gemm<128, 64, 4, 8, 32, false>(__half const*, __half const*, float*, float*, int, int, int, long, int)",1427,42146612717335,42146613163562,0,25088,256,1,1,8192,1,8
"KERNEL_DISPATCH",4,2,80,"tile_fp16_reduce_span(float const*, float*, int, int, int, long, long)",1428,42146613163562,42146613196747,0,0,256,1,1,65536,1,1
"KERNEL_DISPATCH",4,2,69,"void convert_unary<float, __half>(void const*, __half*, long, long, long, HIP_vector_type<unsigned int, 3u>, long, long, long)",1429,42146613218673,42146613237488,0,0,256,1,1,655360,1,1
"KERNEL_DISPATCH",4,2,30,"void dequantize_block_iq3_s<__half>(void const*, __half*)",1430,42146613237488,42146613385045,0,0,32,1,1,1310720,1,1
"KERNEL_DISPATCH",4,2,78,"void tile_fp16_gemm<128, 64, 4, 8, 32, false>(__half const*, __half const*, float*, float*, int, int, int, long, int)",1431,42146613385045,42146613833494,0,25088,256,1,1,8192,1,8
"KERNEL_DISPATCH",4,2,80,"tile_fp16_reduce_span(float const*, float*, int, int, int, long, long)",1432,42146613833494,42146613867272,0,0,256,1,1,65536,1,1
"KERNEL_DISPATCH",4,2,69,"void convert_unary<float, __half>(void const*, __half*, long, long, long, HIP_vector_type<unsigned int, 3u>, long, long, long)",1433,42146613897791,42146613916606,0,0,256,1,1,655360,1,1
"KERNEL_DISPATCH",4,2,30,"void dequantize_block_iq3_s<__half>(void const*, __half*)",1434,42146613916606,42146614064015,0,0,32,1,1,1310720,1,1
"KERNEL_DISPATCH",4,2,78,"void tile_fp16_gemm<128, 64, 4, 8, 32, false>(__half const*, __half const*, float*, float*, int, int, int, long, int)",1435,42146614064015,42146614506538,0,25088,256,1,1,8192,1,8
"KERNEL_DISPATCH",4,2,80,"tile_fp16_reduce_span(float const*, float*, int, int, int, long, long)",1436,42146614506538,42146614536464,0,0,256,1,1,65536,1,1
"KERNEL_DISPATCH",4,2,69,"void convert_unary<float, __half>(void const*, __half*, long, long, long, HIP_vector_type<unsigned int, 3u>, long, long, long)",1437,42146614557501,42146614574242,0,0,256,1,1,655360,1,1
"KERNEL_DISPATCH",4,2,30,"void dequantize_block_iq3_s<__half>(void const*, __half*)",1438,42146614574242,42146614706244,0,0,32,1,1,1310720,1,1
"KERNEL_DISPATCH",4,2,78,"void tile_fp16_gemm<128, 64, 4, 8, 32, false>(__half const*, __half const*, float*, float*, int, int, int, long, int)",1439,42146614706244,42146615126840,0,25088,256,1,1,8192,1,8
"KERNEL_DISPATCH",4,2,80,"tile_fp16_reduce_span(float const*, float*, int, int, int, long, long)",1440,42146615126840,42146615156322,0,0,256,1,1,65536,1,1
"KERNEL_DISPATCH",4,2,69,"void convert_unary<float, __half>(void const*, __half*, long, long, long, HIP_vector_type<unsigned int, 3u>, long, long, long)",1441,42146615177359,42146615193952,0,0,256,1,1,655360,1,1
"KERNEL_DISPATCH",4,2,30,"void dequantize_block_iq3_s<__half>(void const*, __half*)",1442,42146615193952,42146615329064,0,0,32,1,1,1310720,1,1
"KERNEL_DISPATCH",4,2,78,"void tile_fp16_gemm<128, 64, 4, 8, 32, false>(__half const*, __half const*, float*, float*, int, int, int, long, int)",1443,42146615329064,42146615780624,0,25088,256,1,1,8192,1,8
"KERNEL_DISPATCH",4,2,80,"tile_fp16_reduce_span(float const*, float*, int, int, int, long, long)",1444,42146615780624,42146615813810,0,0,256,1,1,65536,1,1
"KERNEL_DISPATCH",4,2,69,"void convert_unary<float, __half>(void const*, __half*, long, long, long, HIP_vector_type<unsigned int, 3u>, long, long, long)",1445,42146615835588,42146615854255,0,0,256,1,1,655360,1,1
"KERNEL_DISPATCH",4,2,30,"void dequantize_block_iq3_s<__half>(void const*, __half*)",1446,42146615854255,42146616001367,0,0,32,1,1,1310720,1,1
"KERNEL_DISPATCH",4,2,78,"void tile_fp16_gemm<128, 64, 4, 8, 32, false>(__half const*, __half const*, float*, float*, int, int, int, long, int)",1447,42146616001367,42146616477668,0,25088,256,1,1,8192,1,8
"KERNEL_DISPATCH",4,2,80,"tile_fp16_reduce_span(float const*, float*, int, int, int, long, long)",1448,42146616477668,42146616526706,0,0,256,1,1,65536,1,1
"KERNEL_DISPATCH",4,2,69,"void convert_unary<float, __half>(void const*, __half*, long, long, long, HIP_vector_type<unsigned int, 3u>, long, long, long)",1449,42146616551299,42146616573669,0,0,256,1,1,655360,1,1
"KERNEL_DISPATCH",4,2,30,"void dequantize_block_iq3_s<__half>(void const*, __half*)",1450,42146616573669,42146616742856,0,0,32,1,1,1310720,1,1
"KERNEL_DISPATCH",4,2,78,"void tile_fp16_gemm<128, 64, 4, 8, 32, false>(__half const*, __half const*, float*, float*, int, int, int, long, int)",1451,42146616742856,42146617309232,0,25088,256,1,1,8192,1,8
"KERNEL_DISPATCH",4,2,80,"tile_fp16_reduce_span(float const*, float*, int, int, int, long, long)",1452,42146617309232,42146617358566,0,0,256,1,1,65536,1,1
"KERNEL_DISPATCH",4,2,69,"void convert_unary<float, __half>(void const*, __half*, long, long, long, HIP_vector_type<unsigned int, 3u>, long, long, long)",1453,42146617383603,42146617405529,0,0,256,1,1,655360,1,1
"KERNEL_DISPATCH",4,2,30,"void dequantize_block_iq3_s<__half>(void const*, __half*)",1454,42146617405529,42146617574716,0,0,32,1,1,1310720,1,1
"KERNEL_DISPATCH",4,2,78,"void tile_fp16_gemm<128, 64, 4, 8, 32, false>(__half const*, __half const*, float*, float*, int, int, int, long, int)",1455,42146617574716,42146618140944,0,25088,256,1,1,8192,1,8
"KERNEL_DISPATCH",4,2,80,"tile_fp16_reduce_span(float const*, float*, int, int, int, long, long)",1456,42146618140944,42146618190278,0,0,256,1,1,65536,1,1
"KERNEL_DISPATCH",4,2,69,"void convert_unary<float, __half>(void const*, __half*, long, long, long, HIP_vector_type<unsigned int, 3u>, long, long, long)",1457,42146618215759,42146618237834,0,0,256,1,1,655360,1,1
"KERNEL_DISPATCH",4,2,30,"void dequantize_block_iq3_s<__half>(void const*, __half*)",1458,42146618237834,42146618404798,0,0,32,1,1,1310720,1,1
"KERNEL_DISPATCH",4,2,78,"void tile_fp16_gemm<128, 64, 4, 8, 32, false>(__half const*, __half const*, float*, float*, int, int, int, long, int)",1459,42146618404798,42146618850580,0,25088,256,1,1,8192,1,8
"KERNEL_DISPATCH",4,2,80,"tile_fp16_reduce_span(float const*, float*, int, int, int, long, long)",1460,42146618850580,42146618884062,0,0,256,1,1,65536,1,1
"KERNEL_DISPATCH",4,2,69,"void convert_unary<float, __half>(void const*, __half*, long, long, long, HIP_vector_type<unsigned int, 3u>, long, long, long)",1461,42146618905988,42146618924803,0,0,256,1,1,655360,1,1
"KERNEL_DISPATCH",4,2,30,"void dequantize_block_iq3_s<__half>(void const*, __half*)",1462,42146618924803,42146619072360,0,0,32,1,1,1310720,1,1
"KERNEL_DISPATCH",4,2,78,"void tile_fp16_gemm<128, 64, 4, 8, 32, false>(__half const*, __half const*, float*, float*, int, int, int, long, int)",1463,42146619072360,42146619509698,0,25088,256,1,1,8192,1,8
"KERNEL_DISPATCH",4,2,80,"tile_fp16_reduce_span(float const*, float*, int, int, int, long, long)",1464,42146619509698,42146619539328,0,0,256,1,1,65536,1,1
"KERNEL_DISPATCH",4,2,69,"void convert_unary<float, __half>(void const*, __half*, long, long, long, HIP_vector_type<unsigned int, 3u>, long, long, long)",1465,42146619559772,42146619576365,0,0,256,1,1,655360,1,1
"KERNEL_DISPATCH",4,2,30,"void dequantize_block_iq3_s<__half>(void const*, __half*)",1466,42146619576365,42146619708515,0,0,32,1,1,1310720,1,1
"KERNEL_DISPATCH",4,2,78,"void tile_fp16_gemm<128, 64, 4, 8, 32, false>(__half const*, __half const*, float*, float*, int, int, int, long, int)",1467,42146619708515,42146620130445,0,25088,256,1,1,8192,1,8
"KERNEL_DISPATCH",4,2,80,"tile_fp16_reduce_span(float const*, float*, int, int, int, long, long)",1468,42146620130445,42146620159778,0,0,256,1,1,65536,1,1
"KERNEL_DISPATCH",4,2,69,"void convert_unary<float, __half>(void const*, __half*, long, long, long, HIP_vector_type<unsigned int, 3u>, long, long, long)",1469,42146620180223,42146620196964,0,0,256,1,1,655360,1,1
"KERNEL_DISPATCH",4,2,30,"void dequantize_block_iq3_s<__half>(void const*, __half*)",1470,42146620196964,42146620332669,0,0,32,1,1,1310720,1,1
"KERNEL_DISPATCH",4,2,78,"void tile_fp16_gemm<128, 64, 4, 8, 32, false>(__half const*, __half const*, float*, float*, int, int, int, long, int)",1471,42146620332669,42146620785562,0,25088,256,1,1,8192,1,8
"KERNEL_DISPATCH",4,2,80,"tile_fp16_reduce_span(float const*, float*, int, int, int, long, long)",1472,42146620785562,42146620818303,0,0,256,1,1,65536,1,1
"KERNEL_DISPATCH",4,2,69,"void convert_unary<float, __half>(void const*, __half*, long, long, long, HIP_vector_type<unsigned int, 3u>, long, long, long)",1473,42146620840081,42146620858600,0,0,256,1,1,655360,1,1
"KERNEL_DISPATCH",4,2,30,"void dequantize_block_iq3_s<__half>(void const*, __half*)",1474,42146620858600,42146621005861,0,0,32,1,1,1310720,1,1
"KERNEL_DISPATCH",4,2,78,"void tile_fp16_gemm<128, 64, 4, 8, 32, false>(__half const*, __half const*, float*, float*, int, int, int, long, int)",1475,42146621005861,42146621478162,0,25088,256,1,1,8192,1,8
"KERNEL_DISPATCH",4,2,80,"tile_fp16_reduce_span(float const*, float*, int, int, int, long, long)",1476,42146621478162,42146621528236,0,0,256,1,1,65536,1,1
"KERNEL_DISPATCH",4,2,69,"void convert_unary<float, __half>(void const*, __half*, long, long, long, HIP_vector_type<unsigned int, 3u>, long, long, long)",1477,42146621552533,42146621574607,0,0,256,1,1,655360,1,1
"KERNEL_DISPATCH",4,2,30,"void dequantize_block_iq3_s<__half>(void const*, __half*)",1478,42146621574607,42146621743942,0,0,32,1,1,1310720,1,1
"KERNEL_DISPATCH",4,2,78,"void tile_fp16_gemm<128, 64, 4, 8, 32, false>(__half const*, __half const*, float*, float*, int, int, int, long, int)",1479,42146621743942,42146622306910,0,25088,256,1,1,8192,1,8
"KERNEL_DISPATCH",4,2,80,"tile_fp16_reduce_span(float const*, float*, int, int, int, long, long)",1480,42146622306910,42146622356541,0,0,256,1,1,65536,1,1
"KERNEL_DISPATCH",4,2,69,"void convert_unary<float, __half>(void const*, __half*, long, long, long, HIP_vector_type<unsigned int, 3u>, long, long, long)",1481,42146622382170,42146622404393,0,0,256,1,1,655360,1,1
"KERNEL_DISPATCH",4,2,30,"void dequantize_block_iq3_s<__half>(void const*, __half*)",1482,42146622404393,42146622573580,0,0,32,1,1,1310720,1,1
"KERNEL_DISPATCH",4,2,78,"void tile_fp16_gemm<128, 64, 4, 8, 32, false>(__half const*, __half const*, float*, float*, int, int, int, long, int)",1483,42146622573580,42146623136696,0,25088,256,1,1,8192,1,8
"KERNEL_DISPATCH",4,2,80,"tile_fp16_reduce_span(float const*, float*, int, int, int, long, long)",1484,42146623136696,42146623186030,0,0,256,1,1,65536,1,1
"KERNEL_DISPATCH",4,2,69,"void convert_unary<float, __half>(void const*, __half*, long, long, long, HIP_vector_type<unsigned int, 3u>, long, long, long)",1485,42146623211216,42146623232994,0,0,256,1,1,655360,1,1
"KERNEL_DISPATCH",4,2,30,"void dequantize_block_iq3_s<__half>(void const*, __half*)",1486,42146623232994,42146623401143,0,0,32,1,1,1310720,1,1
"KERNEL_DISPATCH",4,2,78,"void tile_fp16_gemm<128, 64, 4, 8, 32, false>(__half const*, __half const*, float*, float*, int, int, int, long, int)",1487,42146623401143,42146623843962,0,25088,256,1,1,8192,1,8
"KERNEL_DISPATCH",4,2,80,"tile_fp16_reduce_span(float const*, float*, int, int, int, long, long)",1488,42146623843962,42146623878037,0,0,256,1,1,65536,1,1
"KERNEL_DISPATCH",4,2,69,"void convert_unary<float, __half>(void const*, __half*, long, long, long, HIP_vector_type<unsigned int, 3u>, long, long, long)",1489,42146623899815,42146623918482,0,0,256,1,1,655360,1,1
"KERNEL_DISPATCH",4,2,30,"void dequantize_block_iq3_s<__half>(void const*, __half*)",1490,42146623918482,42146624066187,0,0,32,1,1,1310720,1,1
"KERNEL_DISPATCH",4,2,78,"void tile_fp16_gemm<128, 64, 4, 8, 32, false>(__half const*, __half const*, float*, float*, int, int, int, long, int)",1491,42146624066187,42146624502191,0,25088,256,1,1,8192,1,8
"KERNEL_DISPATCH",4,2,80,"tile_fp16_reduce_span(float const*, float*, int, int, int, long, long)",1492,42146624502191,42146624531377,0,0,256,1,1,65536,1,1
"KERNEL_DISPATCH",4,2,69,"void convert_unary<float, __half>(void const*, __half*, long, long, long, HIP_vector_type<unsigned int, 3u>, long, long, long)",1493,42146624551821,42146624568562,0,0,256,1,1,655360,1,1
"KERNEL_DISPATCH",4,2,30,"void dequantize_block_iq3_s<__half>(void const*, __half*)",1494,42146624568562,42146624700712,0,0,32,1,1,1310720,1,1
"KERNEL_DISPATCH",4,2,78,"void tile_fp16_gemm<128, 64, 4, 8, 32, false>(__half const*, __half const*, float*, float*, int, int, int, long, int)",1495,42146624700712,42146625119086,0,25088,256,1,1,8192,1,8
"KERNEL_DISPATCH",4,2,80,"tile_fp16_reduce_span(float const*, float*, int, int, int, long, long)",1496,42146625119086,42146625148272,0,0,256,1,1,65536,1,1
"KERNEL_DISPATCH",4,2,69,"void convert_unary<float, __half>(void const*, __half*, long, long, long, HIP_vector_type<unsigned int, 3u>, long, long, long)",1497,42146625168716,42146625185457,0,0,256,1,1,655360,1,1
"KERNEL_DISPATCH",4,2,30,"void dequantize_block_iq3_s<__half>(void const*, __half*)",1498,42146625185457,42146625319532,0,0,32,1,1,1310720,1,1
"KERNEL_DISPATCH",4,2,78,"void tile_fp16_gemm<128, 64, 4, 8, 32, false>(__half const*, __half const*, float*, float*, int, int, int, long, int)",1499,42146625319532,42146625774500,0,25088,256,1,1,8192,1,8
"KERNEL_DISPATCH",4,2,80,"tile_fp16_reduce_span(float const*, float*, int, int, int, long, long)",1500,42146625774500,42146625807537,0,0,256,1,1,65536,1,1
"KERNEL_DISPATCH",4,2,69,"void convert_unary<float, __half>(void const*, __half*, long, long, long, HIP_vector_type<unsigned int, 3u>, long, long, long)",1501,42146625829612,42146625848130,0,0,256,1,1,655360,1,1
"KERNEL_DISPATCH",4,2,30,"void dequantize_block_iq3_s<__half>(void const*, __half*)",1502,42146625848130,42146625995391,0,0,32,1,1,1310720,1,1
"KERNEL_DISPATCH",4,2,78,"void tile_fp16_gemm<128, 64, 4, 8, 32, false>(__half const*, __half const*, float*, float*, int, int, int, long, int)",1503,42146625995391,42146626441025,0,25088,256,1,1,8192,1,8
"KERNEL_DISPATCH",4,2,80,"tile_fp16_reduce_span(float const*, float*, int, int, int, long, long)",1504,42146626441025,42146626474210,0,0,256,1,1,65536,1,1
"KERNEL_DISPATCH",4,2,69,"void convert_unary<float, __half>(void const*, __half*, long, long, long, HIP_vector_type<unsigned int, 3u>, long, long, long)",1505,42146626496285,42146626514952,0,0,256,1,1,655360,1,1
"KERNEL_DISPATCH",4,2,30,"void dequantize_block_iq3_s<__half>(void const*, __half*)",1506,42146626514952,42146626662360,0,0,32,1,1,1310720,1,1
"KERNEL_DISPATCH",4,2,78,"void tile_fp16_gemm<128, 64, 4, 8, 32, false>(__half const*, __half const*, float*, float*, int, int, int, long, int)",1507,42146626662360,42146627109328,0,25088,256,1,1,8192,1,8
"KERNEL_DISPATCH",4,2,80,"tile_fp16_reduce_span(float const*, float*, int, int, int, long, long)",1508,42146627109328,42146627142513,0,0,256,1,1,65536,1,1
"KERNEL_DISPATCH",4,2,69,"void convert_unary<float, __half>(void const*, __half*, long, long, long, HIP_vector_type<unsigned int, 3u>, long, long, long)",1509,42146627164588,42146627183254,0,0,256,1,1,655360,1,1
"KERNEL_DISPATCH",4,2,30,"void dequantize_block_iq3_s<__half>(void const*, __half*)",1510,42146627183254,42146627330663,0,0,32,1,1,1310720,1,1
"KERNEL_DISPATCH",4,2,78,"void tile_fp16_gemm<128, 64, 4, 8, 32, false>(__half const*, __half const*, float*, float*, int, int, int, long, int)",1511,42146627330663,42146627775112,0,25088,256,1,1,8192,1,8
"KERNEL_DISPATCH",4,2,80,"tile_fp16_reduce_span(float const*, float*, int, int, int, long, long)",1512,42146627775112,42146627808149,0,0,256,1,1,65536,1,1
"KERNEL_DISPATCH",4,2,69,"void convert_unary<float, __half>(void const*, __half*, long, long, long, HIP_vector_type<unsigned int, 3u>, long, long, long)",1513,42151264203637,42151264222897,0,0,256,1,1,655360,1,1
"KERNEL_DISPATCH",4,2,30,"void dequantize_block_iq3_s<__half>(void const*, __half*)",1514,42151264222897,42151264471046,0,0,32,1,1,2621440,1,1
"KERNEL_DISPATCH",4,2,78,"void tile_fp16_gemm<128, 64, 4, 8, 32, false>(__half const*, __half const*, float*, float*, int, int, int, long, int)",1515,42151264471046,42151265347499,0,25088,256,1,1,16384,1,4
"KERNEL_DISPATCH",4,2,80,"tile_fp16_reduce_span(float const*, float*, int, int, int, long, long)",1516,42151265347499,42151265406611,0,0,256,1,1,131072,1,1
"KERNEL_DISPATCH",4,2,69,"void convert_unary<float, __half>(void const*, __half*, long, long, long, HIP_vector_type<unsigned int, 3u>, long, long, long)",1517,42151265659947,42151265677873,0,0,256,1,1,655360,1,1
"KERNEL_DISPATCH",4,2,30,"void dequantize_block_iq3_s<__half>(void const*, __half*)",1518,42151265677873,42151265924987,0,0,32,1,1,2621440,1,1
"KERNEL_DISPATCH",4,2,78,"void tile_fp16_gemm<128, 64, 4, 8, 32, false>(__half const*, __half const*, float*, float*, int, int, int, long, int)",1519,42151265924987,42151266782328,0,25088,256,1,1,16384,1,4
"KERNEL_DISPATCH",4,2,80,"tile_fp16_reduce_span(float const*, float*, int, int, int, long, long)",1520,42151266782328,42151266841292,0,0,256,1,1,131072,1,1
"KERNEL_DISPATCH",4,2,69,"void convert_unary<float, __half>(void const*, __half*, long, long, long, HIP_vector_type<unsigned int, 3u>, long, long, long)",1521,42151266863218,42151266878922,0,0,256,1,1,655360,1,1
"KERNEL_DISPATCH",4,2,30,"void dequantize_block_iq3_s<__half>(void const*, __half*)",1522,42151266878922,42151267125147,0,0,32,1,1,2621440,1,1
"KERNEL_DISPATCH",4,2,78,"void tile_fp16_gemm<128, 64, 4, 8, 32, false>(__half const*, __half const*, float*, float*, int, int, int, long, int)",1523,42151267125147,42151267990488,0,25088,256,1,1,16384,1,4
"KERNEL_DISPATCH",4,2,80,"tile_fp16_reduce_span(float const*, float*, int, int, int, long, long)",1524,42151267990488,42151268051970,0,0,256,1,1,131072,1,1
"KERNEL_DISPATCH",4,2,69,"void convert_unary<float, __half>(void const*, __half*, long, long, long, HIP_vector_type<unsigned int, 3u>, long, long, long)",1525,42151268078786,42151268095675,0,0,256,1,1,655360,1,1
"KERNEL_DISPATCH",4,2,30,"void dequantize_block_iq3_s<__half>(void const*, __half*)",1526,42151268095675,42151268357603,0,0,32,1,1,2621440,1,1
"KERNEL_DISPATCH",4,2,78,"void tile_fp16_gemm<128, 64, 4, 8, 32, false>(__half const*, __half const*, float*, float*, int, int, int, long, int)",1527,42151268357603,42151269189167,0,25088,256,1,1,16384,1,4
"KERNEL_DISPATCH",4,2,80,"tile_fp16_reduce_span(float const*, float*, int, int, int, long, long)",1528,42151269189167,42151269251390,0,0,256,1,1,131072,1,1
"KERNEL_DISPATCH",4,2,69,"void convert_unary<float, __half>(void const*, __half*, long, long, long, HIP_vector_type<unsigned int, 3u>, long, long, long)",1529,42151269273464,42151269290205,0,0,256,1,1,655360,1,1
"KERNEL_DISPATCH",4,2,30,"void dequantize_block_iq3_s<__half>(void const*, __half*)",1530,42151269290205,42151269551689,0,0,32,1,1,2621440,1,1
"KERNEL_DISPATCH",4,2,78,"void tile_fp16_gemm<128, 64, 4, 8, 32, false>(__half const*, __half const*, float*, float*, int, int, int, long, int)",1531,42151269551689,42151270392734,0,25088,256,1,1,16384,1,4
"KERNEL_DISPATCH",4,2,80,"tile_fp16_reduce_span(float const*, float*, int, int, int, long, long)",1532,42151270392734,42151270451846,0,0,256,1,1,131072,1,1
"KERNEL_DISPATCH",4,2,69,"void convert_unary<float, __half>(void const*, __half*, long, long, long, HIP_vector_type<unsigned int, 3u>, long, long, long)",1533,42151270473031,42151270488883,0,0,256,1,1,655360,1,1
"KERNEL_DISPATCH",4,2,30,"void dequantize_block_iq3_s<__half>(void const*, __half*)",1534,42151270488883,42151270747849,0,0,32,1,1,2621440,1,1
"KERNEL_DISPATCH",4,2,78,"void tile_fp16_gemm<128, 64, 4, 8, 32, false>(__half const*, __half const*, float*, float*, int, int, int, long, int)",1535,42151270747849,42151271630524,0,25088,256,1,1,16384,1,4
"KERNEL_DISPATCH",4,2,80,"tile_fp16_reduce_span(float const*, float*, int, int, int, long, long)",1536,42151271630524,42151271698969,0,0,256,1,1,131072,1,1
"KERNEL_DISPATCH",4,2,69,"void convert_unary<float, __half>(void const*, __half*, long, long, long, HIP_vector_type<unsigned int, 3u>, long, long, long)",1537,42151271722673,42151271741488,0,0,256,1,1,655360,1,1
"KERNEL_DISPATCH",4,2,30,"void dequantize_block_iq3_s<__half>(void const*, __half*)",1538,42151271741488,42151272033639,0,0,32,1,1,2621440,1,1
"KERNEL_DISPATCH",4,2,78,"void tile_fp16_gemm<128, 64, 4, 8, 32, false>(__half const*, __half const*, float*, float*, int, int, int, long, int)",1539,42151272033639,42151273016019,0,25088,256,1,1,16384,1,4
"KERNEL_DISPATCH",4,2,80,"tile_fp16_reduce_span(float const*, float*, int, int, int, long, long)",1540,42151273016019,42151273094539,0,0,256,1,1,131072,1,1
"KERNEL_DISPATCH",4,2,69,"void convert_unary<float, __half>(void const*, __half*, long, long, long, HIP_vector_type<unsigned int, 3u>, long, long, long)",1541,42151273122391,42151273144465,0,0,256,1,1,655360,1,1
"KERNEL_DISPATCH",4,2,30,"void dequantize_block_iq3_s<__half>(void const*, __half*)",1542,42151273144465,42151273479728,0,0,32,1,1,2621440,1,1
"KERNEL_DISPATCH",4,2,78,"void tile_fp16_gemm<128, 64, 4, 8, 32, false>(__half const*, __half const*, float*, float*, int, int, int, long, int)",1543,42151273479728,42151274465811,0,25088,256,1,1,16384,1,4
"KERNEL_DISPATCH",4,2,80,"tile_fp16_reduce_span(float const*, float*, int, int, int, long, long)",1544,42151274465811,42151274534849,0,0,256,1,1,131072,1,1
"KERNEL_DISPATCH",4,2,69,"void convert_unary<float, __half>(void const*, __half*, long, long, long, HIP_vector_type<unsigned int, 3u>, long, long, long)",1545,42151274558701,42151274577516,0,0,256,1,1,655360,1,1
"KERNEL_DISPATCH",4,2,30,"void dequantize_block_iq3_s<__half>(void const*, __half*)",1546,42151274577516,42151274869519,0,0,32,1,1,2621440,1,1
"KERNEL_DISPATCH",4,2,78,"void tile_fp16_gemm<128, 64, 4, 8, 32, false>(__half const*, __half const*, float*, float*, int, int, int, long, int)",1547,42151274869519,42151275772639,0,25088,256,1,1,16384,1,4
"KERNEL_DISPATCH",4,2,80,"tile_fp16_reduce_span(float const*, float*, int, int, int, long, long)",1548,42151275772639,42151275834269,0,0,256,1,1,131072,1,1
"KERNEL_DISPATCH",4,2,69,"void convert_unary<float, __half>(void const*, __half*, long, long, long, HIP_vector_type<unsigned int, 3u>, long, long, long)",1549,42151275855899,42151275872788,0,0,256,1,1,655360,1,1
"KERNEL_DISPATCH",4,2,30,"void dequantize_block_iq3_s<__half>(void const*, __half*)",1550,42151275872788,42151276134272,0,0,32,1,1,2621440,1,1
"KERNEL_DISPATCH",4,2,78,"void tile_fp16_gemm<128, 64, 4, 8, 32, false>(__half const*, __half const*, float*, float*, int, int, int, long, int)",1551,42151276134272,42151277033985,0,25088,256,1,1,16384,1,4
"KERNEL_DISPATCH",4,2,80,"tile_fp16_reduce_span(float const*, float*, int, int, int, long, long)",1552,42151277033985,42151277102282,0,0,256,1,1,131072,1,1
"KERNEL_DISPATCH",4,2,69,"void convert_unary<float, __half>(void const*, __half*, long, long, long, HIP_vector_type<unsigned int, 3u>, long, long, long)",1553,42151277125689,42151277144356,0,0,256,1,1,655360,1,1
"KERNEL_DISPATCH",4,2,30,"void dequantize_block_iq3_s<__half>(void const*, __half*)",1554,42151277144356,42151277436063,0,0,32,1,1,2621440,1,1
"KERNEL_DISPATCH",4,2,78,"void tile_fp16_gemm<128, 64, 4, 8, 32, false>(__half const*, __half const*, float*, float*, int, int, int, long, int)",1555,42151277436063,42151278344072,0,25088,256,1,1,16384,1,4
"KERNEL_DISPATCH",4,2,80,"tile_fp16_reduce_span(float const*, float*, int, int, int, long, long)",1556,42151278344072,42151278406739,0,0,256,1,1,131072,1,1
"KERNEL_DISPATCH",4,2,69,"void convert_unary<float, __half>(void const*, __half*, long, long, long, HIP_vector_type<unsigned int, 3u>, long, long, long)",1557,42151278428813,42151278499777,0,0,256,1,1,655360,1,1
"KERNEL_DISPATCH",4,2,30,"void dequantize_block_iq3_s<__half>(void const*, __half*)",1558,42151278505110,42151278753706,0,0,32,1,1,2621440,1,1
"KERNEL_DISPATCH",4,2,78,"void tile_fp16_gemm<128, 64, 4, 8, 32, false>(__half const*, __half const*, float*, float*, int, int, int, long, int)",1559,42151278753706,42151279606751,0,25088,256,1,1,16384,1,4
"KERNEL_DISPATCH",4,2,80,"tile_fp16_reduce_span(float const*, float*, int, int, int, long, long)",1560,42151279606751,42151279668381,0,0,256,1,1,131072,1,1
"KERNEL_DISPATCH",4,2,69,"void convert_unary<float, __half>(void const*, __half*, long, long, long, HIP_vector_type<unsigned int, 3u>, long, long, long)",1561,42151279690455,42151279707196,0,0,256,1,1,655360,1,1
"KERNEL_DISPATCH",4,2,30,"void dequantize_block_iq3_s<__half>(void const*, __half*)",1562,42151279707196,42151279968680,0,0,32,1,1,2621440,1,1
"KERNEL_DISPATCH",4,2,78,"void tile_fp16_gemm<128, 64, 4, 8, 32, false>(__half const*, __half const*, float*, float*, int, int, int, long, int)",1563,42151279968680,42151280840245,0,25088,256,1,1,16384,1,4
"KERNEL_DISPATCH",4,2,80,"tile_fp16_reduce_span(float const*, float*, int, int, int, long, long)",1564,42151280840245,42151280909134,0,0,256,1,1,131072,1,1
"KERNEL_DISPATCH",4,2,69,"void convert_unary<float, __half>(void const*, __half*, long, long, long, HIP_vector_type<unsigned int, 3u>, long, long, long)",1565,42151280932690,42151280951357,0,0,256,1,1,655360,1,1
"KERNEL_DISPATCH",4,2,30,"void dequantize_block_iq3_s<__half>(void const*, __half*)",1566,42151280951357,42151281243063,0,0,32,1,1,2621440,1,1
"KERNEL_DISPATCH",4,2,78,"void tile_fp16_gemm<128, 64, 4, 8, 32, false>(__half const*, __half const*, float*, float*, int, int, int, long, int)",1567,42151281243063,42151282174628,0,25088,256,1,1,16384,1,4
"KERNEL_DISPATCH",4,2,80,"tile_fp16_reduce_span(float const*, float*, int, int, int, long, long)",1568,42151282174628,42151282243370,0,0,256,1,1,131072,1,1
"KERNEL_DISPATCH",4,2,69,"void convert_unary<float, __half>(void const*, __half*, long, long, long, HIP_vector_type<unsigned int, 3u>, long, long, long)",1569,42151282267666,42151282286629,0,0,256,1,1,655360,1,1
"KERNEL_DISPATCH",4,2,30,"void dequantize_block_iq3_s<__half>(void const*, __half*)",1570,42151282286629,42151282576114,0,0,32,1,1,2621440,1,1
"KERNEL_DISPATCH",4,2,78,"void tile_fp16_gemm<128, 64, 4, 8, 32, false>(__half const*, __half const*, float*, float*, int, int, int, long, int)",1571,42151282576114,42151283448863,0,25088,256,1,1,16384,1,4
"KERNEL_DISPATCH",4,2,80,"tile_fp16_reduce_span(float const*, float*, int, int, int, long, long)",1572,42151283448863,42151283511382,0,0,256,1,1,131072,1,1
"KERNEL_DISPATCH",4,2,69,"void convert_unary<float, __half>(void const*, __half*, long, long, long, HIP_vector_type<unsigned int, 3u>, long, long, long)",1573,42151283533901,42151283552568,0,0,256,1,1,655360,1,1
"KERNEL_DISPATCH",4,2,30,"void dequantize_block_iq3_s<__half>(void const*, __half*)",1574,42151283552568,42151283851385,0,0,32,1,1,2621440,1,1
"KERNEL_DISPATCH",4,2,78,"void tile_fp16_gemm<128, 64, 4, 8, 32, false>(__half const*, __half const*, float*, float*, int, int, int, long, int)",1575,42151283851385,42151284819543,0,25088,256,1,1,16384,1,4
"KERNEL_DISPATCH",4,2,80,"tile_fp16_reduce_span(float const*, float*, int, int, int, long, long)",1576,42151284819543,42151284898210,0,0,256,1,1,131072,1,1
"KERNEL_DISPATCH",4,2,69,"void convert_unary<float, __half>(void const*, __half*, long, long, long, HIP_vector_type<unsigned int, 3u>, long, long, long)",1577,42151284925914,42151284947841,0,0,256,1,1,655360,1,1
"KERNEL_DISPATCH",4,2,30,"void dequantize_block_iq3_s<__half>(void const*, __half*)",1578,42151284947841,42151285283251,0,0,32,1,1,2621440,1,1
"KERNEL_DISPATCH",4,2,78,"void tile_fp16_gemm<128, 64, 4, 8, 32, false>(__half const*, __half const*, float*, float*, int, int, int, long, int)",1579,42151285283251,42151286341632,0,25088,256,1,1,16384,1,4
"KERNEL_DISPATCH",4,2,80,"tile_fp16_reduce_span(float const*, float*, int, int, int, long, long)",1580,42151286341632,42151286383855,0,0,256,1,1,131072,1,1
"KERNEL_DISPATCH",4,2,69,"void convert_unary<float, __half>(void const*, __half*, long, long, long, HIP_vector_type<unsigned int, 3u>, long, long, long)",1581,42151286406818,42151286425485,0,0,256,1,1,655360,1,1
"KERNEL_DISPATCH",4,2,30,"void dequantize_block_iq3_s<__half>(void const*, __half*)",1582,42151286425485,42151286708302,0,0,32,1,1,2621440,1,1
"KERNEL_DISPATCH",4,2,78,"void tile_fp16_gemm<128, 64, 4, 8, 32, false>(__half const*, __half const*, float*, float*, int, int, int, long, int)",1583,42151286708302,42151287571422,0,25088,256,1,1,16384,1,4
"KERNEL_DISPATCH",4,2,80,"tile_fp16_reduce_span(float const*, float*, int, int, int, long, long)",1584,42151287571422,42151287639719,0,0,256,1,1,131072,1,1
"KERNEL_DISPATCH",4,2,69,"void convert_unary<float, __half>(void const*, __half*, long, long, long, HIP_vector_type<unsigned int, 3u>, long, long, long)",1585,42151287662978,42151287681645,0,0,256,1,1,655360,1,1
"KERNEL_DISPATCH",4,2,30,"void dequantize_block_iq3_s<__half>(void const*, __half*)",1586,42151287681645,42151287973796,0,0,32,1,1,2621440,1,1
"KERNEL_DISPATCH",4,2,78,"void tile_fp16_gemm<128, 64, 4, 8, 32, false>(__half const*, __half const*, float*, float*, int, int, int, long, int)",1587,42151287973796,42151288973510,0,25088,256,1,1,16384,1,4
"KERNEL_DISPATCH",4,2,80,"tile_fp16_reduce_span(float const*, float*, int, int, int, long, long)",1588,42151288973510,42151289051733,0,0,256,1,1,131072,1,1
"KERNEL_DISPATCH",4,2,69,"void convert_unary<float, __half>(void const*, __half*, long, long, long, HIP_vector_type<unsigned int, 3u>, long, long, long)",1589,42151289079733,42151289101807,0,0,256,1,1,655360,1,1
"KERNEL_DISPATCH",4,2,30,"void dequantize_block_iq3_s<__half>(void const*, __half*)",1590,42151289101807,42151289437959,0,0,32,1,1,2621440,1,1
"KERNEL_DISPATCH",4,2,78,"void tile_fp16_gemm<128, 64, 4, 8, 32, false>(__half const*, __half const*, float*, float*, int, int, int, long, int)",1591,42151289437959,42151290438265,0,25088,256,1,1,16384,1,4
"KERNEL_DISPATCH",4,2,80,"tile_fp16_reduce_span(float const*, float*, int, int, int, long, long)",1592,42151290438265,42151290507451,0,0,256,1,1,131072,1,1
"KERNEL_DISPATCH",4,2,69,"void convert_unary<float, __half>(void const*, __half*, long, long, long, HIP_vector_type<unsigned int, 3u>, long, long, long)",1593,42151290531451,42151290550414,0,0,256,1,1,655360,1,1
"KERNEL_DISPATCH",4,2,30,"void dequantize_block_iq3_s<__half>(void const*, __half*)",1594,42151290550414,42151290819750,0,0,32,1,1,2621440,1,1
"KERNEL_DISPATCH",4,2,78,"void tile_fp16_gemm<128, 64, 4, 8, 32, false>(__half const*, __half const*, float*, float*, int, int, int, long, int)",1595,42151290819750,42151291677833,0,25088,256,1,1,16384,1,4
"KERNEL_DISPATCH",4,2,80,"tile_fp16_reduce_span(float const*, float*, int, int, int, long, long)",1596,42151291677833,42151291746574,0,0,256,1,1,131072,1,1
"KERNEL_DISPATCH",4,2,69,"void convert_unary<float, __half>(void const*, __half*, long, long, long, HIP_vector_type<unsigned int, 3u>, long, long, long)",1597,42151291770871,42151291789538,0,0,256,1,1,655360,1,1
"KERNEL_DISPATCH",4,2,30,"void dequantize_block_iq3_s<__half>(void const*, __half*)",1598,42151291789538,42151292081540,0,0,32,1,1,2621440,1,1
"KERNEL_DISPATCH",4,2,78,"void tile_fp16_gemm<128, 64, 4, 8, 32, false>(__half const*, __half const*, float*, float*, int, int, int, long, int)",1599,42151292081540,42151293128217,0,25088,256,1,1,16384,1,4
"KERNEL_DISPATCH",4,2,80,"tile_fp16_reduce_span(float const*, float*, int, int, int, long, long)",1600,42151293128217,42151293206589,0,0,256,1,1,131072,1,1
"KERNEL_DISPATCH",4,2,69,"void convert_unary<float, __half>(void const*, __half*, long, long, long, HIP_vector_type<unsigned int, 3u>, long, long, long)",1601,42151293236219,42151293257997,0,0,256,1,1,655360,1,1
"KERNEL_DISPATCH",4,2,30,"void dequantize_block_iq3_s<__half>(void const*, __half*)",1602,42151293257997,42151293593407,0,0,32,1,1,2621440,1,1
"KERNEL_DISPATCH",4,2,78,"void tile_fp16_gemm<128, 64, 4, 8, 32, false>(__half const*, __half const*, float*, float*, int, int, int, long, int)",1603,42151293593407,42151294559343,0,25088,256,1,1,16384,1,4
"KERNEL_DISPATCH",4,2,80,"tile_fp16_reduce_span(float const*, float*, int, int, int, long, long)",1604,42151294559343,42151294628825,0,0,256,1,1,131072,1,1
"KERNEL_DISPATCH",4,2,69,"void convert_unary<float, __half>(void const*, __half*, long, long, long, HIP_vector_type<unsigned int, 3u>, long, long, long)",1605,42151294653121,42151294671640,0,0,256,1,1,655360,1,1
"KERNEL_DISPATCH",4,2,30,"void dequantize_block_iq3_s<__half>(void const*, __half*)",1606,42151294671640,42151294963495,0,0,32,1,1,2621440,1,1
"KERNEL_DISPATCH",4,2,78,"void tile_fp16_gemm<128, 64, 4, 8, 32, false>(__half const*, __half const*, float*, float*, int, int, int, long, int)",1607,42151294963495,42151295899060,0,25088,256,1,1,16384,1,4
"KERNEL_DISPATCH",4,2,80,"tile_fp16_reduce_span(float const*, float*, int, int, int, long, long)",1608,42151295899060,42151295967801,0,0,256,1,1,131072,1,1
"KERNEL_DISPATCH",4,2,69,"void convert_unary<float, __half>(void const*, __half*, long, long, long, HIP_vector_type<unsigned int, 3u>, long, long, long)",1609,42151296014320,42151296032839,0,0,256,1,1,655360,1,1
"KERNEL_DISPATCH",4,2,30,"void dequantize_block_iq3_s<__half>(void const*, __half*)",1610,42151296032839,42151296324990,0,0,32,1,1,2621440,1,1
"KERNEL_DISPATCH",4,2,78,"void tile_fp16_gemm<128, 64, 4, 8, 32, false>(__half const*, __half const*, float*, float*, int, int, int, long, int)",1611,42151296324990,42151297252703,0,25088,256,1,1,16384,1,4
"KERNEL_DISPATCH",4,2,80,"tile_fp16_reduce_span(float const*, float*, int, int, int, long, long)",1612,42151297252703,42151297321444,0,0,256,1,1,131072,1,1
"KERNEL_DISPATCH",4,2,69,"void convert_unary<float, __half>(void const*, __half*, long, long, long, HIP_vector_type<unsigned int, 3u>, long, long, long)",1613,42151297345296,42151297363815,0,0,256,1,1,655360,1,1
"KERNEL_DISPATCH",4,2,30,"void dequantize_block_iq3_s<__half>(void const*, __half*)",1614,42151297363815,42151297653447,0,0,32,1,1,2621440,1,1
"KERNEL_DISPATCH",4,2,78,"void tile_fp16_gemm<128, 64, 4, 8, 32, false>(__half const*, __half const*, float*, float*, int, int, int, long, int)",1615,42151297653447,42151298495974,0,25088,256,1,1,16384,1,4
"KERNEL_DISPATCH",4,2,80,"tile_fp16_reduce_span(float const*, float*, int, int, int, long, long)",1616,42151298495974,42151298562345,0,0,256,1,1,131072,1,1
"KERNEL_DISPATCH",4,2,69,"void convert_unary<float, __half>(void const*, __half*, long, long, long, HIP_vector_type<unsigned int, 3u>, long, long, long)",1617,42151298590345,42151298608864,0,0,256,1,1,655360,1,1
"KERNEL_DISPATCH",4,2,30,"void dequantize_block_iq3_s<__half>(void const*, __half*)",1618,42151298608864,42151298900719,0,0,32,1,1,2621440,1,1
"KERNEL_DISPATCH",4,2,78,"void tile_fp16_gemm<128, 64, 4, 8, 32, false>(__half const*, __half const*, float*, float*, int, int, int, long, int)",1619,42151298900719,42151299896877,0,25088,256,1,1,16384,1,4
"KERNEL_DISPATCH",4,2,80,"tile_fp16_reduce_span(float const*, float*, int, int, int, long, long)",1620,42151299896877,42151299975100,0,0,256,1,1,131072,1,1
"KERNEL_DISPATCH",4,2,69,"void convert_unary<float, __half>(void const*, __half*, long, long, long, HIP_vector_type<unsigned int, 3u>, long, long, long)",1621,42151300002804,42151300025026,0,0,256,1,1,655360,1,1
"KERNEL_DISPATCH",4,2,30,"void dequantize_block_iq3_s<__half>(void const*, __half*)",1622,42151300025026,42151300360141,0,0,32,1,1,2621440,1,1
"KERNEL_DISPATCH",4,2,78,"void tile_fp16_gemm<128, 64, 4, 8, 32, false>(__half const*, __half const*, float*, float*, int, int, int, long, int)",1623,42151300360141,42151301382521,0,25088,256,1,1,16384,1,4
"KERNEL_DISPATCH",4,2,80,"tile_fp16_reduce_span(float const*, float*, int, int, int, long, long)",1624,42151301382521,42151301451114,0,0,256,1,1,131072,1,1
"KERNEL_DISPATCH",4,2,69,"void convert_unary<float, __half>(void const*, __half*, long, long, long, HIP_vector_type<unsigned int, 3u>, long, long, long)",1625,42151301474818,42151301493633,0,0,256,1,1,655360,1,1
"KERNEL_DISPATCH",4,2,30,"void dequantize_block_iq3_s<__half>(void const*, __half*)",1626,42151301493633,42151301769784,0,0,32,1,1,2621440,1,1
"KERNEL_DISPATCH",4,2,78,"void tile_fp16_gemm<128, 64, 4, 8, 32, false>(__half const*, __half const*, float*, float*, int, int, int, long, int)",1627,42151301769784,42151302647274,0,25088,256,1,1,16384,1,4
"KERNEL_DISPATCH",4,2,80,"tile_fp16_reduce_span(float const*, float*, int, int, int, long, long)",1628,42151302647274,42151302716164,0,0,256,1,1,131072,1,1
"KERNEL_DISPATCH",4,2,69,"void convert_unary<float, __half>(void const*, __half*, long, long, long, HIP_vector_type<unsigned int, 3u>, long, long, long)",1629,42151302740164,42151302758683,0,0,256,1,1,655360,1,1
"KERNEL_DISPATCH",4,2,30,"void dequantize_block_iq3_s<__half>(void const*, __half*)",1630,42151302758683,42151303050686,0,0,32,1,1,2621440,1,1
"KERNEL_DISPATCH",4,2,78,"void tile_fp16_gemm<128, 64, 4, 8, 32, false>(__half const*, __half const*, float*, float*, int, int, int, long, int)",1631,42151303050686,42151304081807,0,25088,256,1,1,16384,1,4
"KERNEL_DISPATCH",4,2,80,"tile_fp16_reduce_span(float const*, float*, int, int, int, long, long)",1632,42151304081807,42151304159882,0,0,256,1,1,131072,1,1
"KERNEL_DISPATCH",4,2,69,"void convert_unary<float, __half>(void const*, __half*, long, long, long, HIP_vector_type<unsigned int, 3u>, long, long, long)",1633,42151304188030,42151304210253,0,0,256,1,1,655360,1,1
"KERNEL_DISPATCH",4,2,30,"void dequantize_block_iq3_s<__half>(void const*, __half*)",1634,42151304210253,42151304545219,0,0,32,1,1,2621440,1,1
"KERNEL_DISPATCH",4,2,78,"void tile_fp16_gemm<128, 64, 4, 8, 32, false>(__half const*, __half const*, float*, float*, int, int, int, long, int)",1635,42151304545219,42151305509376,0,25088,256,1,1,16384,1,4
"KERNEL_DISPATCH",4,2,80,"tile_fp16_reduce_span(float const*, float*, int, int, int, long, long)",1636,42151305509376,42151305578266,0,0,256,1,1,131072,1,1
"KERNEL_DISPATCH",4,2,69,"void convert_unary<float, __half>(void const*, __half*, long, long, long, HIP_vector_type<unsigned int, 3u>, long, long, long)",1637,42151305601822,42151305620489,0,0,256,1,1,655360,1,1
"KERNEL_DISPATCH",4,2,30,"void dequantize_block_iq3_s<__half>(void const*, __half*)",1638,42151305620489,42151305912492,0,0,32,1,1,2621440,1,1
"KERNEL_DISPATCH",4,2,78,"void tile_fp16_gemm<128, 64, 4, 8, 32, false>(__half const*, __half const*, float*, float*, int, int, int, long, int)",1639,42151305912492,42151306936057,0,25088,256,1,1,16384,1,4
"KERNEL_DISPATCH",4,2,80,"tile_fp16_reduce_span(float const*, float*, int, int, int, long, long)",1640,42151306936057,42151307014576,0,0,256,1,1,131072,1,1
"KERNEL_DISPATCH",4,2,69,"void convert_unary<float, __half>(void const*, __half*, long, long, long, HIP_vector_type<unsigned int, 3u>, long, long, long)",1641,42151307042725,42151307064651,0,0,256,1,1,655360,1,1
"KERNEL_DISPATCH",4,2,30,"void dequantize_block_iq3_s<__half>(void const*, __half*)",1642,42151307064651,42151307400210,0,0,32,1,1,2621440,1,1
"KERNEL_DISPATCH",4,2,78,"void tile_fp16_gemm<128, 64, 4, 8, 32, false>(__half const*, __half const*, float*, float*, int, int, int, long, int)",1643,42151307400210,42151308404812,0,25088,256,1,1,16384,1,4
"KERNEL_DISPATCH",4,2,80,"tile_fp16_reduce_span(float const*, float*, int, int, int, long, long)",1644,42151308404812,42151308473554,0,0,256,1,1,131072,1,1
"KERNEL_DISPATCH",4,2,69,"void convert_unary<float, __half>(void const*, __half*, long, long, long, HIP_vector_type<unsigned int, 3u>, long, long, long)",1645,42151308497702,42151308516665,0,0,256,1,1,655360,1,1
"KERNEL_DISPATCH",4,2,30,"void dequantize_block_iq3_s<__half>(void const*, __half*)",1646,42151308516665,42151308790446,0,0,32,1,1,2621440,1,1
"KERNEL_DISPATCH",4,2,78,"void tile_fp16_gemm<128, 64, 4, 8, 32, false>(__half const*, __half const*, float*, float*, int, int, int, long, int)",1647,42151308790446,42151309669121,0,25088,256,1,1,16384,1,4
"KERNEL_DISPATCH",4,2,80,"tile_fp16_reduce_span(float const*, float*, int, int, int, long, long)",1648,42151309669121,42151309737863,0,0,256,1,1,131072,1,1
"KERNEL_DISPATCH",4,2,69,"void convert_unary<float, __half>(void const*, __half*, long, long, long, HIP_vector_type<unsigned int, 3u>, long, long, long)",1649,42151309761418,42151309779937,0,0,256,1,1,655360,1,1
"KERNEL_DISPATCH",4,2,30,"void dequantize_block_iq3_s<__half>(void const*, __half*)",1650,42151309779937,42151310071792,0,0,32,1,1,2621440,1,1
"KERNEL_DISPATCH",4,2,78,"void tile_fp16_gemm<128, 64, 4, 8, 32, false>(__half const*, __half const*, float*, float*, int, int, int, long, int)",1651,42151310071792,42151311089431,0,25088,256,1,1,16384,1,4
"KERNEL_DISPATCH",4,2,80,"tile_fp16_reduce_span(float const*, float*, int, int, int, long, long)",1652,42151311089431,42151311168691,0,0,256,1,1,131072,1,1
"KERNEL_DISPATCH",4,2,69,"void convert_unary<float, __half>(void const*, __half*, long, long, long, HIP_vector_type<unsigned int, 3u>, long, long, long)",1653,42151311196395,42151311218470,0,0,256,1,1,655360,1,1
"KERNEL_DISPATCH",4,2,30,"void dequantize_block_iq3_s<__half>(void const*, __half*)",1654,42151311218470,42151311553732,0,0,32,1,1,2621440,1,1
"KERNEL_DISPATCH",4,2,78,"void tile_fp16_gemm<128, 64, 4, 8, 32, false>(__half const*, __half const*, float*, float*, int, int, int, long, int)",1655,42151311553732,42151312515964,0,25088,256,1,1,16384,1,4
"KERNEL_DISPATCH",4,2,80,"tile_fp16_reduce_span(float const*, float*, int, int, int, long, long)",1656,42151312515964,42151312584409,0,0,256,1,1,131072,1,1
"KERNEL_DISPATCH",4,2,69,"void convert_unary<float, __half>(void const*, __half*, long, long, long, HIP_vector_type<unsigned int, 3u>, long, long, long)",1657,42151312608557,42151312627076,0,0,256,1,1,655360,1,1
"KERNEL_DISPATCH",4,2,30,"void dequantize_block_iq3_s<__half>(void const*, __half*)",1658,42151312627076,42151312919672,0,0,32,1,1,2621440,1,1
"KERNEL_DISPATCH",4,2,78,"void tile_fp16_gemm<128, 64, 4, 8, 32, false>(__half const*, __half const*, float*, float*, int, int, int, long, int)",1659,42151312919672,42151313940422,0,25088,256,1,1,16384,1,4
"KERNEL_DISPATCH",4,2,80,"tile_fp16_reduce_span(float const*, float*, int, int, int, long, long)",1660,42151313940422,42151314018497,0,0,256,1,1,131072,1,1
"KERNEL_DISPATCH",4,2,69,"void convert_unary<float, __half>(void const*, __half*, long, long, long, HIP_vector_type<unsigned int, 3u>, long, long, long)",1661,42151314046349,42151314068572,0,0,256,1,1,655360,1,1
"KERNEL_DISPATCH",4,2,30,"void dequantize_block_iq3_s<__half>(void const*, __half*)",1662,42151314068572,42151314403983,0,0,32,1,1,2621440,1,1
"KERNEL_DISPATCH",4,2,78,"void tile_fp16_gemm<128, 64, 4, 8, 32, false>(__half const*, __half const*, float*, float*, int, int, int, long, int)",1663,42151314403983,42151315439696,0,25088,256,1,1,16384,1,4
"KERNEL_DISPATCH",4,2,80,"tile_fp16_reduce_span(float const*, float*, int, int, int, long, long)",1664,42151315439696,42151315509327,0,0,256,1,1,131072,1,1
"KERNEL_DISPATCH",4,2,69,"void convert_unary<float, __half>(void const*, __half*, long, long, long, HIP_vector_type<unsigned int, 3u>, long, long, long)",1665,42151315533327,42151315551994,0,0,256,1,1,655360,1,1
"KERNEL_DISPATCH",4,2,30,"void dequantize_block_iq3_s<__half>(void const*, __half*)",1666,42151315551994,42151315843997,0,0,32,1,1,2621440,1,1
"KERNEL_DISPATCH",4,2,78,"void tile_fp16_gemm<128, 64, 4, 8, 32, false>(__half const*, __half const*, float*, float*, int, int, int, long, int)",1667,42151315843997,42151316775858,0,25088,256,1,1,16384,1,4
"KERNEL_DISPATCH",4,2,80,"tile_fp16_reduce_span(float const*, float*, int, int, int, long, long)",1668,42151316775858,42151316844599,0,0,256,1,1,131072,1,1
"KERNEL_DISPATCH",4,2,69,"void convert_unary<float, __half>(void const*, __half*, long, long, long, HIP_vector_type<unsigned int, 3u>, long, long, long)",1669,42151316868599,42151316887266,0,0,256,1,1,655360,1,1
"KERNEL_DISPATCH",4,2,30,"void dequantize_block_iq3_s<__half>(void const*, __half*)",1670,42151316887266,42151317178973,0,0,32,1,1,2621440,1,1
"KERNEL_DISPATCH",4,2,78,"void tile_fp16_gemm<128, 64, 4, 8, 32, false>(__half const*, __half const*, float*, float*, int, int, int, long, int)",1671,42151317178973,42151318067722,0,25088,256,1,1,16384,1,4
"KERNEL_DISPATCH",4,2,80,"tile_fp16_reduce_span(float const*, float*, int, int, int, long, long)",1672,42151318067722,42151318129797,0,0,256,1,1,131072,1,1
"KERNEL_DISPATCH",4,2,69,"void convert_unary<float, __half>(void const*, __half*, long, long, long, HIP_vector_type<unsigned int, 3u>, long, long, long)",1673,42151318151427,42151318168316,0,0,256,1,1,655360,1,1
"KERNEL_DISPATCH",4,2,30,"void dequantize_block_iq3_s<__half>(void const*, __half*)",1674,42151318168316,42151318429948,0,0,32,1,1,2621440,1,1
"KERNEL_DISPATCH",4,2,78,"void tile_fp16_gemm<128, 64, 4, 8, 32, false>(__half const*, __half const*, float*, float*, int, int, int, long, int)",1675,42151318429948,42151319278994,0,25088,256,1,1,16384,1,4
"KERNEL_DISPATCH",4,2,80,"tile_fp16_reduce_span(float const*, float*, int, int, int, long, long)",1676,42151319278994,42151319341513,0,0,256,1,1,131072,1,1
"KERNEL_DISPATCH",4,2,69,"void convert_unary<float, __half>(void const*, __half*, long, long, long, HIP_vector_type<unsigned int, 3u>, long, long, long)",1677,42151319363587,42151319380328,0,0,256,1,1,655360,1,1
"KERNEL_DISPATCH",4,2,30,"void dequantize_block_iq3_s<__half>(void const*, __half*)",1678,42151319380328,42151319636627,0,0,32,1,1,2621440,1,1
"KERNEL_DISPATCH",4,2,78,"void tile_fp16_gemm<128, 64, 4, 8, 32, false>(__half const*, __half const*, float*, float*, int, int, int, long, int)",1679,42151319636627,42151320493080,0,25088,256,1,1,16384,1,4
"KERNEL_DISPATCH",4,2,80,"tile_fp16_reduce_span(float const*, float*, int, int, int, long, long)",1680,42151320493080,42151320551895,0,0,256,1,1,131072,1,1
"KERNEL_DISPATCH",4,2,69,"void convert_unary<float, __half>(void const*, __half*, long, long, long, HIP_vector_type<unsigned int, 3u>, long, long, long)",1681,42151320573821,42151320590562,0,0,256,1,1,655360,1,1
"KERNEL_DISPATCH",4,2,30,"void dequantize_block_iq3_s<__half>(void const*, __half*)",1682,42151320590562,42151320852046,0,0,32,1,1,2621440,1,1
"KERNEL_DISPATCH",4,2,78,"void tile_fp16_gemm<128, 64, 4, 8, 32, false>(__half const*, __half const*, float*, float*, int, int, int, long, int)",1683,42151320852046,42151321709832,0,25088,256,1,1,16384,1,4
"KERNEL_DISPATCH",4,2,80,"tile_fp16_reduce_span(float const*, float*, int, int, int, long, long)",1684,42151321709832,42151321778722,0,0,256,1,1,131072,1,1
"KERNEL_DISPATCH",4,2,69,"void convert_unary<float, __half>(void const*, __half*, long, long, long, HIP_vector_type<unsigned int, 3u>, long, long, long)",1685,42151321802129,42151321820796,0,0,256,1,1,655360,1,1
"KERNEL_DISPATCH",4,2,30,"void dequantize_block_iq3_s<__half>(void const*, __half*)",1686,42151321820796,42151322112355,0,0,32,1,1,2621440,1,1
"KERNEL_DISPATCH",4,2,78,"void tile_fp16_gemm<128, 64, 4, 8, 32, false>(__half const*, __half const*, float*, float*, int, int, int, long, int)",1687,42151322112355,42151323173402,0,25088,256,1,1,16384,1,4
"KERNEL_DISPATCH",4,2,80,"tile_fp16_reduce_span(float const*, float*, int, int, int, long, long)",1688,42151323173402,42151323223773,0,0,256,1,1,131072,1,1
"KERNEL_DISPATCH",4,2,69,"void convert_unary<float, __half>(void const*, __half*, long, long, long, HIP_vector_type<unsigned int, 3u>, long, long, long)",1689,42151323250588,42151323272514,0,0,256,1,1,655360,1,1
"KERNEL_DISPATCH",4,2,30,"void dequantize_block_iq3_s<__half>(void const*, __half*)",1690,42151323272514,42151323608073,0,0,32,1,1,2621440,1,1
"KERNEL_DISPATCH",4,2,78,"void tile_fp16_gemm<128, 64, 4, 8, 32, false>(__half const*, __half const*, float*, float*, int, int, int, long, int)",1691,42151323608073,42151324575046,0,25088,256,1,1,16384,1,4
"KERNEL_DISPATCH",4,2,80,"tile_fp16_reduce_span(float const*, float*, int, int, int, long, long)",1692,42151324575046,42151324644232,0,0,256,1,1,131072,1,1
"KERNEL_DISPATCH",4,2,69,"void convert_unary<float, __half>(void const*, __half*, long, long, long, HIP_vector_type<unsigned int, 3u>, long, long, long)",1693,42151324667639,42151324686454,0,0,256,1,1,655360,1,1
"KERNEL_DISPATCH",4,2,30,"void dequantize_block_iq3_s<__half>(void const*, __half*)",1694,42151324686454,42151324978457,0,0,32,1,1,2621440,1,1
"KERNEL_DISPATCH",4,2,78,"void tile_fp16_gemm<128, 64, 4, 8, 32, false>(__half const*, __half const*, float*, float*, int, int, int, long, int)",1695,42151324978457,42151325895651,0,25088,256,1,1,16384,1,4
"KERNEL_DISPATCH",4,2,80,"tile_fp16_reduce_span(float const*, float*, int, int, int, long, long)",1696,42151325895651,42151325964393,0,0,256,1,1,131072,1,1
"KERNEL_DISPATCH",4,2,69,"void convert_unary<float, __half>(void const*, __half*, long, long, long, HIP_vector_type<unsigned int, 3u>, long, long, long)",1697,42151325987800,42151326006615,0,0,256,1,1,655360,1,1
"KERNEL_DISPATCH",4,2,30,"void dequantize_block_iq3_s<__half>(void const*, __half*)",1698,42151326006615,42151326299063,0,0,32,1,1,2621440,1,1
"KERNEL_DISPATCH",4,2,78,"void tile_fp16_gemm<128, 64, 4, 8, 32, false>(__half const*, __half const*, float*, float*, int, int, int, long, int)",1699,42151326299052,42151327201727,0,25088,256,1,1,16384,1,4
"KERNEL_DISPATCH",4,2,80,"tile_fp16_reduce_span(float const*, float*, int, int, int, long, long)",1700,42151327201727,42151327270468,0,0,256,1,1,131072,1,1
"KERNEL_DISPATCH",4,2,69,"void convert_unary<float, __half>(void const*, __half*, long, long, long, HIP_vector_type<unsigned int, 3u>, long, long, long)",1701,42151327294913,42151327313431,0,0,256,1,1,655360,1,1
"KERNEL_DISPATCH",4,2,30,"void dequantize_block_iq3_s<__half>(void const*, __half*)",1702,42151327313431,42151327600249,0,0,32,1,1,2621440,1,1
"KERNEL_DISPATCH",4,2,78,"void tile_fp16_gemm<128, 64, 4, 8, 32, false>(__half const*, __half const*, float*, float*, int, int, int, long, int)",1703,42151327600249,42151328463813,0,25088,256,1,1,16384,1,4
"KERNEL_DISPATCH",4,2,80,"tile_fp16_reduce_span(float const*, float*, int, int, int, long, long)",1704,42151328463813,42151328526332,0,0,256,1,1,131072,1,1
"KERNEL_DISPATCH",4,2,69,"void convert_unary<float, __half>(void const*, __half*, long, long, long, HIP_vector_type<unsigned int, 3u>, long, long, long)",1705,42151328549592,42151328568258,0,0,256,1,1,655360,1,1
"KERNEL_DISPATCH",4,2,30,"void dequantize_block_iq3_s<__half>(void const*, __half*)",1706,42151328568258,42151328866335,0,0,32,1,1,2621440,1,1
"KERNEL_DISPATCH",4,2,78,"void tile_fp16_gemm<128, 64, 4, 8, 32, false>(__half const*, __half const*, float*, float*, int, int, int, long, int)",1707,42151328866335,42151329833160,0,25088,256,1,1,16384,1,4
"KERNEL_DISPATCH",4,2,80,"tile_fp16_reduce_span(float const*, float*, int, int, int, long, long)",1708,42151329833160,42151329910938,0,0,256,1,1,131072,1,1
"KERNEL_DISPATCH",4,2,69,"void convert_unary<float, __half>(void const*, __half*, long, long, long, HIP_vector_type<unsigned int, 3u>, long, long, long)",1709,42151329939087,42151329961309,0,0,256,1,1,655360,1,1
"KERNEL_DISPATCH",4,2,30,"void dequantize_block_iq3_s<__half>(void const*, __half*)",1710,42151329961309,42151330296720,0,0,32,1,1,2621440,1,1
"KERNEL_DISPATCH",4,2,78,"void tile_fp16_gemm<128, 64, 4, 8, 32, false>(__half const*, __half const*, float*, float*, int, int, int, long, int)",1711,42151330296720,42151331348434,0,25088,256,1,1,16384,1,4
"KERNEL_DISPATCH",4,2,80,"tile_fp16_reduce_span(float const*, float*, int, int, int, long, long)",1712,42151331348434,42151331396731,0,0,256,1,1,131072,1,1
"KERNEL_DISPATCH",4,2,69,"void convert_unary<float, __half>(void const*, __half*, long, long, long, HIP_vector_type<unsigned int, 3u>, long, long, long)",1713,42151331419398,42151331438361,0,0,256,1,1,655360,1,1
"KERNEL_DISPATCH",4,2,30,"void dequantize_block_iq3_s<__half>(void const*, __half*)",1714,42151331438361,42151331721623,0,0,32,1,1,2621440,1,1
"KERNEL_DISPATCH",4,2,78,"void tile_fp16_gemm<128, 64, 4, 8, 32, false>(__half const*, __half const*, float*, float*, int, int, int, long, int)",1715,42151331721623,42151332582372,0,25088,256,1,1,16384,1,4
"KERNEL_DISPATCH",4,2,80,"tile_fp16_reduce_span(float const*, float*, int, int, int, long, long)",1716,42151332582372,42151332651854,0,0,256,1,1,131072,1,1
"KERNEL_DISPATCH",4,2,69,"void convert_unary<float, __half>(void const*, __half*, long, long, long, HIP_vector_type<unsigned int, 3u>, long, long, long)",1717,42151332675410,42151332694077,0,0,256,1,1,655360,1,1
"KERNEL_DISPATCH",4,2,30,"void dequantize_block_iq3_s<__half>(void const*, __half*)",1718,42151332694077,42151332985783,0,0,32,1,1,2621440,1,1
"KERNEL_DISPATCH",4,2,78,"void tile_fp16_gemm<128, 64, 4, 8, 32, false>(__half const*, __half const*, float*, float*, int, int, int, long, int)",1719,42151332985783,42151334014979,0,25088,256,1,1,16384,1,4
"KERNEL_DISPATCH",4,2,80,"tile_fp16_reduce_span(float const*, float*, int, int, int, long, long)",1720,42151334014979,42151334095128,0,0,256,1,1,131072,1,1
"KERNEL_DISPATCH",4,2,69,"void convert_unary<float, __half>(void const*, __half*, long, long, long, HIP_vector_type<unsigned int, 3u>, long, long, long)",1721,42151334122980,42151334145054,0,0,256,1,1,655360,1,1
"KERNEL_DISPATCH",4,2,30,"void dequantize_block_iq3_s<__half>(void const*, __half*)",1722,42151334145054,42151334480761,0,0,32,1,1,2621440,1,1
"KERNEL_DISPATCH",4,2,78,"void tile_fp16_gemm<128, 64, 4, 8, 32, false>(__half const*, __half const*, float*, float*, int, int, int, long, int)",1723,42151334480761,42151335467437,0,25088,256,1,1,16384,1,4
"KERNEL_DISPATCH",4,2,80,"tile_fp16_reduce_span(float const*, float*, int, int, int, long, long)",1724,42151335467437,42151335536031,0,0,256,1,1,131072,1,1
"KERNEL_DISPATCH",4,2,69,"void convert_unary<float, __half>(void const*, __half*, long, long, long, HIP_vector_type<unsigned int, 3u>, long, long, long)",1725,42151335560475,42151335578994,0,0,256,1,1,655360,1,1
"KERNEL_DISPATCH",4,2,30,"void dequantize_block_iq3_s<__half>(void const*, __half*)",1726,42151335578994,42151335870849,0,0,32,1,1,2621440,1,1
"KERNEL_DISPATCH",4,2,78,"void tile_fp16_gemm<128, 64, 4, 8, 32, false>(__half const*, __half const*, float*, float*, int, int, int, long, int)",1727,42151335870849,42151336812932,0,25088,256,1,1,16384,1,4
"KERNEL_DISPATCH",4,2,80,"tile_fp16_reduce_span(float const*, float*, int, int, int, long, long)",1728,42151336812932,42151336881674,0,0,256,1,1,131072,1,1
"KERNEL_DISPATCH",4,2,69,"void convert_unary<float, __half>(void const*, __half*, long, long, long, HIP_vector_type<unsigned int, 3u>, long, long, long)",1729,42151336907007,42151336925526,0,0,256,1,1,655360,1,1
"KERNEL_DISPATCH",4,2,30,"void dequantize_block_iq3_s<__half>(void const*, __half*)",1730,42151336925526,42151337217232,0,0,32,1,1,2621440,1,1
"KERNEL_DISPATCH",4,2,78,"void tile_fp16_gemm<128, 64, 4, 8, 32, false>(__half const*, __half const*, float*, float*, int, int, int, long, int)",1731,42151337217232,42151338151464,0,25088,256,1,1,16384,1,4
"KERNEL_DISPATCH",4,2,80,"tile_fp16_reduce_span(float const*, float*, int, int, int, long, long)",1732,42151338151464,42151338220946,0,0,256,1,1,131072,1,1
"KERNEL_DISPATCH",4,2,69,"void convert_unary<float, __half>(void const*, __half*, long, long, long, HIP_vector_type<unsigned int, 3u>, long, long, long)",1733,42151338244650,42151338263465,0,0,256,1,1,655360,1,1
"KERNEL_DISPATCH",4,2,30,"void dequantize_block_iq3_s<__half>(void const*, __half*)",1734,42151338263465,42151338555468,0,0,32,1,1,2621440,1,1
"KERNEL_DISPATCH",4,2,78,"void tile_fp16_gemm<128, 64, 4, 8, 32, false>(__half const*, __half const*, float*, float*, int, int, int, long, int)",1735,42151338555468,42151339433995,0,25088,256,1,1,16384,1,4
"KERNEL_DISPATCH",4,2,80,"tile_fp16_reduce_span(float const*, float*, int, int, int, long, long)",1736,42151339433995,42151339495625,0,0,256,1,1,131072,1,1
"KERNEL_DISPATCH",4,2,69,"void convert_unary<float, __half>(void const*, __half*, long, long, long, HIP_vector_type<unsigned int, 3u>, long, long, long)",1737,42151339517551,42151339535922,0,0,256,1,1,655360,1,1
"KERNEL_DISPATCH",4,2,30,"void dequantize_block_iq3_s<__half>(void const*, __half*)",1738,42151339535922,42151339834740,0,0,32,1,1,2621440,1,1
"KERNEL_DISPATCH",4,2,78,"void tile_fp16_gemm<128, 64, 4, 8, 32, false>(__half const*, __half const*, float*, float*, int, int, int, long, int)",1739,42151339834740,42151340825268,0,25088,256,1,1,16384,1,4
"KERNEL_DISPATCH",4,2,80,"tile_fp16_reduce_span(float const*, float*, int, int, int, long, long)",1740,42151340825268,42151340903343,0,0,256,1,1,131072,1,1
"KERNEL_DISPATCH",4,2,69,"void convert_unary<float, __half>(void const*, __half*, long, long, long, HIP_vector_type<unsigned int, 3u>, long, long, long)",1741,42151340930602,42151340952825,0,0,256,1,1,655360,1,1
"KERNEL_DISPATCH",4,2,30,"void dequantize_block_iq3_s<__half>(void const*, __half*)",1742,42151340952825,42151341287791,0,0,32,1,1,2621440,1,1
"KERNEL_DISPATCH",4,2,78,"void tile_fp16_gemm<128, 64, 4, 8, 32, false>(__half const*, __half const*, float*, float*, int, int, int, long, int)",1743,42151341287791,42151342318764,0,25088,256,1,1,16384,1,4
"KERNEL_DISPATCH",4,2,80,"tile_fp16_reduce_span(float const*, float*, int, int, int, long, long)",1744,42151342318764,42151342387802,0,0,256,1,1,131072,1,1
"KERNEL_DISPATCH",4,2,69,"void convert_unary<float, __half>(void const*, __half*, long, long, long, HIP_vector_type<unsigned int, 3u>, long, long, long)",1745,42151342411950,42151342430617,0,0,256,1,1,655360,1,1
"KERNEL_DISPATCH",4,2,30,"void dequantize_block_iq3_s<__half>(void const*, __half*)",1746,42151342430617,42151342713138,0,0,32,1,1,2621440,1,1
"KERNEL_DISPATCH",4,2,78,"void tile_fp16_gemm<128, 64, 4, 8, 32, false>(__half const*, __half const*, float*, float*, int, int, int, long, int)",1747,42151342713138,42151343559665,0,25088,256,1,1,16384,1,4
"KERNEL_DISPATCH",4,2,80,"tile_fp16_reduce_span(float const*, float*, int, int, int, long, long)",1748,42151343559665,42151343627962,0,0,256,1,1,131072,1,1
"KERNEL_DISPATCH",4,2,69,"void convert_unary<float, __half>(void const*, __half*, long, long, long, HIP_vector_type<unsigned int, 3u>, long, long, long)",1749,42151343651370,42151343669889,0,0,256,1,1,655360,1,1
"KERNEL_DISPATCH",4,2,30,"void dequantize_block_iq3_s<__half>(void const*, __half*)",1750,42151343669889,42151343961447,0,0,32,1,1,2621440,1,1
"KERNEL_DISPATCH",4,2,78,"void tile_fp16_gemm<128, 64, 4, 8, 32, false>(__half const*, __half const*, float*, float*, int, int, int, long, int)",1751,42151343961447,42151344962494,0,25088,256,1,1,16384,1,4
"KERNEL_DISPATCH",4,2,80,"tile_fp16_reduce_span(float const*, float*, int, int, int, long, long)",1752,42151344962494,42151345041310,0,0,256,1,1,131072,1,1
"KERNEL_DISPATCH",4,2,69,"void convert_unary<float, __half>(void const*, __half*, long, long, long, HIP_vector_type<unsigned int, 3u>, long, long, long)",1753,42151345069162,42151345091088,0,0,256,1,1,655360,1,1
"KERNEL_DISPATCH",4,2,30,"void dequantize_block_iq3_s<__half>(void const*, __half*)",1754,42151345091088,42151345426499,0,0,32,1,1,2621440,1,1
"KERNEL_DISPATCH",4,2,78,"void tile_fp16_gemm<128, 64, 4, 8, 32, false>(__half const*, __half const*, float*, float*, int, int, int, long, int)",1755,42151345426499,42151346429916,0,25088,256,1,1,16384,1,4
"KERNEL_DISPATCH",4,2,80,"tile_fp16_reduce_span(float const*, float*, int, int, int, long, long)",1756,42151346429916,42151346498954,0,0,256,1,1,131072,1,1
"KERNEL_DISPATCH",4,2,69,"void convert_unary<float, __half>(void const*, __half*, long, long, long, HIP_vector_type<unsigned int, 3u>, long, long, long)",1757,42151346522509,42151346541176,0,0,256,1,1,655360,1,1
"KERNEL_DISPATCH",4,2,30,"void dequantize_block_iq3_s<__half>(void const*, __half*)",1758,42151346541176,42151346812883,0,0,32,1,1,2621440,1,1
"KERNEL_DISPATCH",4,2,78,"void tile_fp16_gemm<128, 64, 4, 8, 32, false>(__half const*, __half const*, float*, float*, int, int, int, long, int)",1759,42151346812883,42151347681928,0,25088,256,1,1,16384,1,4
"KERNEL_DISPATCH",4,2,80,"tile_fp16_reduce_span(float const*, float*, int, int, int, long, long)",1760,42151347681928,42151347750373,0,0,256,1,1,131072,1,1
"KERNEL_DISPATCH",4,2,69,"void convert_unary<float, __half>(void const*, __half*, long, long, long, HIP_vector_type<unsigned int, 3u>, long, long, long)",1761,42151347773929,42151347792596,0,0,256,1,1,655360,1,1
"KERNEL_DISPATCH",4,2,30,"void dequantize_block_iq3_s<__half>(void const*, __half*)",1762,42151347792596,42151348084451,0,0,32,1,1,2621440,1,1
"KERNEL_DISPATCH",4,2,78,"void tile_fp16_gemm<128, 64, 4, 8, 32, false>(__half const*, __half const*, float*, float*, int, int, int, long, int)",1763,42151348084451,42151349126387,0,25088,256,1,1,16384,1,4
"KERNEL_DISPATCH",4,2,80,"tile_fp16_reduce_span(float const*, float*, int, int, int, long, long)",1764,42151349126387,42151349204906,0,0,256,1,1,131072,1,1
"KERNEL_DISPATCH",4,2,69,"void convert_unary<float, __half>(void const*, __half*, long, long, long, HIP_vector_type<unsigned int, 3u>, long, long, long)",1765,42153612614996,42153612637219,0,0,256,1,1,786432,1,1
"KERNEL_DISPATCH",4,2,30,"void dequantize_block_iq3_s<__half>(void const*, __half*)",1766,42153612637219,42153613086407,0,0,32,1,1,1277952,1,1
"KERNEL_DISPATCH",4,2,78,"void tile_fp16_gemm<128, 64, 4, 8, 32, false>(__half const*, __half const*, float*, float*, int, int, int, long, int)",1767,42153613086407,42153613952045,0,25088,256,1,1,6656,1,8
"KERNEL_DISPATCH",4,2,80,"tile_fp16_reduce_span(float const*, float*, int, int, int, long, long)",1768,42153613952045,42153613978120,0,0,256,1,1,53248,1,1
"KERNEL_DISPATCH",4,2,69,"void convert_unary<float, __half>(void const*, __half*, long, long, long, HIP_vector_type<unsigned int, 3u>, long, long, long)",1769,42153614320790,42153614340494,0,0,256,1,1,786432,1,1
"KERNEL_DISPATCH",4,2,30,"void dequantize_block_iq3_s<__half>(void const*, __half*)",1770,42153614340494,42153614463013,0,0,32,1,1,1277952,1,1
"KERNEL_DISPATCH",4,2,78,"void tile_fp16_gemm<128, 64, 4, 8, 32, false>(__half const*, __half const*, float*, float*, int, int, int, long, int)",1771,42153614463013,42153614917240,0,25088,256,1,1,6656,1,8
"KERNEL_DISPATCH",4,2,80,"tile_fp16_reduce_span(float const*, float*, int, int, int, long, long)",1772,42153614917240,42153614942722,0,0,256,1,1,53248,1,1
"KERNEL_DISPATCH",4,2,69,"void convert_unary<float, __half>(void const*, __half*, long, long, long, HIP_vector_type<unsigned int, 3u>, long, long, long)",1773,42153614964500,42153614982870,0,0,256,1,1,786432,1,1
"KERNEL_DISPATCH",4,2,30,"void dequantize_block_iq3_s<__half>(void const*, __half*)",1774,42153614982870,42153615103909,0,0,32,1,1,1277952,1,1
"KERNEL_DISPATCH",4,2,80,"tile_fp16_reduce_span(float const*, float*, int, int, int, long, long)",1776,42153615529839,42153615554876,0,0,256,1,1,53248,1,1
"KERNEL_DISPATCH",4,2,78,"void tile_fp16_gemm<128, 64, 4, 8, 32, false>(__half const*, __half const*, float*, float*, int, int, int, long, int)",1775,42153615103909,42153615529839,0,25088,256,1,1,6656,1,8
"KERNEL_DISPATCH",4,2,69,"void convert_unary<float, __half>(void const*, __half*, long, long, long, HIP_vector_type<unsigned int, 3u>, long, long, long)",1777,42153615581691,42153615600210,0,0,256,1,1,786432,1,1
"KERNEL_DISPATCH",4,2,30,"void dequantize_block_iq3_s<__half>(void const*, __half*)",1778,42153615600210,42153615721544,0,0,32,1,1,1277952,1,1
"KERNEL_DISPATCH",4,2,80,"tile_fp16_reduce_span(float const*, float*, int, int, int, long, long)",1780,42153616152067,42153616177105,0,0,256,1,1,53248,1,1
"KERNEL_DISPATCH",4,2,78,"void tile_fp16_gemm<128, 64, 4, 8, 32, false>(__half const*, __half const*, float*, float*, int, int, int, long, int)",1779,42153615721544,42153616152067,0,25088,256,1,1,6656,1,8
"KERNEL_DISPATCH",4,2,69,"void convert_unary<float, __half>(void const*, __half*, long, long, long, HIP_vector_type<unsigned int, 3u>, long, long, long)",1781,42153616196660,42153616215327,0,0,256,1,1,786432,1,1
"KERNEL_DISPATCH",4,2,30,"void dequantize_block_iq3_s<__half>(void const*, __half*)",1782,42153616215327,42153616336513,0,0,32,1,1,1277952,1,1
"KERNEL_DISPATCH",4,2,80,"tile_fp16_reduce_span(float const*, float*, int, int, int, long, long)",1784,42153616763184,42153616788222,0,0,256,1,1,53248,1,1
"KERNEL_DISPATCH",4,2,78,"void tile_fp16_gemm<128, 64, 4, 8, 32, false>(__half const*, __half const*, float*, float*, int, int, int, long, int)",1783,42153616336513,42153616763184,0,25088,256,1,1,6656,1,8
"KERNEL_DISPATCH",4,2,69,"void convert_unary<float, __half>(void const*, __half*, long, long, long, HIP_vector_type<unsigned int, 3u>, long, long, long)",1785,42153616807481,42153616825852,0,0,256,1,1,786432,1,1
"KERNEL_DISPATCH",4,2,30,"void dequantize_block_iq3_s<__half>(void const*, __half*)",1786,42153616825852,42153616946890,0,0,32,1,1,1277952,1,1
"KERNEL_DISPATCH",4,2,80,"tile_fp16_reduce_span(float const*, float*, int, int, int, long, long)",1788,42153617380672,42153617405857,0,0,256,1,1,53248,1,1
"KERNEL_DISPATCH",4,2,78,"void tile_fp16_gemm<128, 64, 4, 8, 32, false>(__half const*, __half const*, float*, float*, int, int, int, long, int)",1787,42153616946890,42153617380672,0,25088,256,1,1,6656,1,8
"KERNEL_DISPATCH",4,2,69,"void convert_unary<float, __half>(void const*, __half*, long, long, long, HIP_vector_type<unsigned int, 3u>, long, long, long)",1789,42153617425413,42153617443784,0,0,256,1,1,786432,1,1
"KERNEL_DISPATCH",4,2,30,"void dequantize_block_iq3_s<__half>(void const*, __half*)",1790,42153617443784,42153617564822,0,0,32,1,1,1277952,1,1
"KERNEL_DISPATCH",4,2,80,"tile_fp16_reduce_span(float const*, float*, int, int, int, long, long)",1792,42153617995937,42153618021567,0,0,256,1,1,53248,1,1
"KERNEL_DISPATCH",4,2,78,"void tile_fp16_gemm<128, 64, 4, 8, 32, false>(__half const*, __half const*, float*, float*, int, int, int, long, int)",1791,42153617564822,42153617995937,0,25088,256,1,1,6656,1,8
"KERNEL_DISPATCH",4,2,69,"void convert_unary<float, __half>(void const*, __half*, long, long, long, HIP_vector_type<unsigned int, 3u>, long, long, long)",1793,42153618041864,42153618061568,0,0,256,1,1,786432,1,1
"KERNEL_DISPATCH",4,2,30,"void dequantize_block_iq3_s<__half>(void const*, __half*)",1794,42153618061568,42153618190458,0,0,32,1,1,1277952,1,1
"KERNEL_DISPATCH",4,2,80,"tile_fp16_reduce_span(float const*, float*, int, int, int, long, long)",1796,42153618630018,42153618655944,0,0,256,1,1,53248,1,1
"KERNEL_DISPATCH",4,2,78,"void tile_fp16_gemm<128, 64, 4, 8, 32, false>(__half const*, __half const*, float*, float*, int, int, int, long, int)",1795,42153618190458,42153618630018,0,25088,256,1,1,6656,1,8
"KERNEL_DISPATCH",4,2,69,"void convert_unary<float, __half>(void const*, __half*, long, long, long, HIP_vector_type<unsigned int, 3u>, long, long, long)",1797,42153618677277,42153618710611,0,0,256,1,1,786432,1,1
"KERNEL_DISPATCH",4,2,30,"void dequantize_block_iq3_s<__half>(void const*, __half*)",1798,42153618710611,42153618854316,0,0,32,1,1,1277952,1,1
"KERNEL_DISPATCH",4,2,78,"void tile_fp16_gemm<128, 64, 4, 8, 32, false>(__half const*, __half const*, float*, float*, int, int, int, long, int)",1799,42153618854316,42153619315950,0,25088,256,1,1,6656,1,8
"KERNEL_DISPATCH",4,2,80,"tile_fp16_reduce_span(float const*, float*, int, int, int, long, long)",1800,42153619315950,42153619344395,0,0,256,1,1,53248,1,1
"KERNEL_DISPATCH",4,2,69,"void convert_unary<float, __half>(void const*, __half*, long, long, long, HIP_vector_type<unsigned int, 3u>, long, long, long)",1801,42153619366321,42153619387951,0,0,256,1,1,786432,1,1
"KERNEL_DISPATCH",4,2,30,"void dequantize_block_iq3_s<__half>(void const*, __half*)",1802,42153619387951,42153619531656,0,0,32,1,1,1277952,1,1
"KERNEL_DISPATCH",4,2,78,"void tile_fp16_gemm<128, 64, 4, 8, 32, false>(__half const*, __half const*, float*, float*, int, int, int, long, int)",1803,42153619531656,42153620002476,0,25088,256,1,1,6656,1,8
"KERNEL_DISPATCH",4,2,80,"tile_fp16_reduce_span(float const*, float*, int, int, int, long, long)",1804,42153620002476,42153620027957,0,0,256,1,1,53248,1,1
"KERNEL_DISPATCH",4,2,69,"void convert_unary<float, __half>(void const*, __half*, long, long, long, HIP_vector_type<unsigned int, 3u>, long, long, long)",1805,42153620049291,42153620068847,0,0,256,1,1,786432,1,1
"KERNEL_DISPATCH",4,2,30,"void dequantize_block_iq3_s<__half>(void const*, __half*)",1806,42153620068847,42153620197737,0,0,32,1,1,1277952,1,1
"KERNEL_DISPATCH",4,2,78,"void tile_fp16_gemm<128, 64, 4, 8, 32, false>(__half const*, __half const*, float*, float*, int, int, int, long, int)",1807,42153620197737,42153620662186,0,25088,256,1,1,6656,1,8
"KERNEL_DISPATCH",4,2,80,"tile_fp16_reduce_span(float const*, float*, int, int, int, long, long)",1808,42153620662186,42153620698186,0,0,256,1,1,53248,1,1
"KERNEL_DISPATCH",4,2,69,"void convert_unary<float, __half>(void const*, __half*, long, long, long, HIP_vector_type<unsigned int, 3u>, long, long, long)",1809,42153620719223,42153620740853,0,0,256,1,1,786432,1,1
"KERNEL_DISPATCH",4,2,30,"void dequantize_block_iq3_s<__half>(void const*, __half*)",1810,42153620740853,42153620884262,0,0,32,1,1,1277952,1,1
"KERNEL_DISPATCH",4,2,78,"void tile_fp16_gemm<128, 64, 4, 8, 32, false>(__half const*, __half const*, float*, float*, int, int, int, long, int)",1811,42153620884262,42153621357452,0,25088,256,1,1,6656,1,8
"KERNEL_DISPATCH",4,2,80,"tile_fp16_reduce_span(float const*, float*, int, int, int, long, long)",1812,42153621357452,42153621386341,0,0,256,1,1,53248,1,1
"KERNEL_DISPATCH",4,2,69,"void convert_unary<float, __half>(void const*, __half*, long, long, long, HIP_vector_type<unsigned int, 3u>, long, long, long)",1813,42153621407823,42153621429601,0,0,256,1,1,786432,1,1
"KERNEL_DISPATCH",4,2,30,"void dequantize_block_iq3_s<__half>(void const*, __half*)",1814,42153621429601,42153621573602,0,0,32,1,1,1277952,1,1
"KERNEL_DISPATCH",4,2,78,"void tile_fp16_gemm<128, 64, 4, 8, 32, false>(__half const*, __half const*, float*, float*, int, int, int, long, int)",1815,42153621573602,42153622035236,0,25088,256,1,1,6656,1,8
"KERNEL_DISPATCH",4,2,80,"tile_fp16_reduce_span(float const*, float*, int, int, int, long, long)",1816,42153622035236,42153622060718,0,0,256,1,1,53248,1,1
"KERNEL_DISPATCH",4,2,69,"void convert_unary<float, __half>(void const*, __half*, long, long, long, HIP_vector_type<unsigned int, 3u>, long, long, long)",1817,42153622080570,42153622100126,0,0,256,1,1,786432,1,1
"KERNEL_DISPATCH",4,2,30,"void dequantize_block_iq3_s<__half>(void const*, __half*)",1818,42153622100126,42153622228720,0,0,32,1,1,1277952,1,1
"KERNEL_DISPATCH",4,2,78,"void tile_fp16_gemm<128, 64, 4, 8, 32, false>(__half const*, __half const*, float*, float*, int, int, int, long, int)",1819,42153622228720,42153622665909,0,25088,256,1,1,6656,1,8
"KERNEL_DISPATCH",4,2,80,"tile_fp16_reduce_span(float const*, float*, int, int, int, long, long)",1820,42153622665909,42153622703243,0,0,256,1,1,53248,1,1
"KERNEL_DISPATCH",4,2,69,"void convert_unary<float, __half>(void const*, __half*, long, long, long, HIP_vector_type<unsigned int, 3u>, long, long, long)",1821,42153622724725,42153622746355,0,0,256,1,1,786432,1,1
"KERNEL_DISPATCH",4,2,30,"void dequantize_block_iq3_s<__half>(void const*, __half*)",1822,42153622746355,42153622890208,0,0,32,1,1,1277952,1,1
"KERNEL_DISPATCH",4,2,78,"void tile_fp16_gemm<128, 64, 4, 8, 32, false>(__half const*, __half const*, float*, float*, int, int, int, long, int)",1823,42153622890208,42153623376583,0,25088,256,1,1,6656,1,8
"KERNEL_DISPATCH",4,2,80,"tile_fp16_reduce_span(float const*, float*, int, int, int, long, long)",1824,42153623376583,42153623405769,0,0,256,1,1,53248,1,1
"KERNEL_DISPATCH",4,2,69,"void convert_unary<float, __half>(void const*, __half*, long, long, long, HIP_vector_type<unsigned int, 3u>, long, long, long)",1825,42153623426954,42153623448732,0,0,256,1,1,786432,1,1
"KERNEL_DISPATCH",4,2,30,"void dequantize_block_iq3_s<__half>(void const*, __half*)",1826,42153623448732,42153623592585,0,0,32,1,1,1277952,1,1
"KERNEL_DISPATCH",4,2,78,"void tile_fp16_gemm<128, 64, 4, 8, 32, false>(__half const*, __half const*, float*, float*, int, int, int, long, int)",1827,42153623592585,42153624047997,0,25088,256,1,1,6656,1,8
"KERNEL_DISPATCH",4,2,80,"tile_fp16_reduce_span(float const*, float*, int, int, int, long, long)",1828,42153624047997,42153624073775,0,0,256,1,1,53248,1,1
"KERNEL_DISPATCH",4,2,69,"void convert_unary<float, __half>(void const*, __half*, long, long, long, HIP_vector_type<unsigned int, 3u>, long, long, long)",1829,42153624093479,42153624113035,0,0,256,1,1,786432,1,1
"KERNEL_DISPATCH",4,2,30,"void dequantize_block_iq3_s<__half>(void const*, __half*)",1830,42153624113035,42153624241925,0,0,32,1,1,1277952,1,1
"KERNEL_DISPATCH",4,2,78,"void tile_fp16_gemm<128, 64, 4, 8, 32, false>(__half const*, __half const*, float*, float*, int, int, int, long, int)",1831,42153624241925,42153624676892,0,25088,256,1,1,6656,1,8
"KERNEL_DISPATCH",4,2,80,"tile_fp16_reduce_span(float const*, float*, int, int, int, long, long)",1832,42153624676892,42153624715263,0,0,256,1,1,53248,1,1
"KERNEL_DISPATCH",4,2,69,"void convert_unary<float, __half>(void const*, __half*, long, long, long, HIP_vector_type<unsigned int, 3u>, long, long, long)",1833,42153624737337,42153624759115,0,0,256,1,1,786432,1,1
"KERNEL_DISPATCH",4,2,30,"void dequantize_block_iq3_s<__half>(void const*, __half*)",1834,42153624759115,42153624902820,0,0,32,1,1,1277952,1,1
"KERNEL_DISPATCH",4,2,78,"void tile_fp16_gemm<128, 64, 4, 8, 32, false>(__half const*, __half const*, float*, float*, int, int, int, long, int)",1835,42153624902820,42153625365788,0,25088,256,1,1,6656,1,8
"KERNEL_DISPATCH",4,2,80,"tile_fp16_reduce_span(float const*, float*, int, int, int, long, long)",1836,42153625365788,42153625394085,0,0,256,1,1,53248,1,1
"KERNEL_DISPATCH",4,2,69,"void convert_unary<float, __half>(void const*, __half*, long, long, long, HIP_vector_type<unsigned int, 3u>, long, long, long)",1837,42153625415270,42153625436900,0,0,256,1,1,786432,1,1
"KERNEL_DISPATCH",4,2,30,"void dequantize_block_iq3_s<__half>(void const*, __half*)",1838,42153625436900,42153625580605,0,0,32,1,1,1277952,1,1
"KERNEL_DISPATCH",4,2,80,"tile_fp16_reduce_span(float const*, float*, int, int, int, long, long)",1840,42153626037202,42153626062684,0,0,256,1,1,53248,1,1
"KERNEL_DISPATCH",4,2,78,"void tile_fp16_gemm<128, 64, 4, 8, 32, false>(__half const*, __half const*, float*, float*, int, int, int, long, int)",1839,42153625580605,42153626037202,0,25088,256,1,1,6656,1,8
"KERNEL_DISPATCH",4,2,69,"void convert_unary<float, __half>(void const*, __half*, long, long, long, HIP_vector_type<unsigned int, 3u>, long, long, long)",1841,42153626082684,42153626102240,0,0,256,1,1,786432,1,1
"KERNEL_DISPATCH",4,2,30,"void dequantize_block_iq3_s<__half>(void const*, __half*)",1842,42153626102240,42153626231278,0,0,32,1,1,1277952,1,1
"KERNEL_DISPATCH",4,2,78,"void tile_fp16_gemm<128, 64, 4, 8, 32, false>(__half const*, __half const*, float*, float*, int, int, int, long, int)",1843,42153626231278,42153626670097,0,25088,256,1,1,6656,1,8
"KERNEL_DISPATCH",4,2,80,"tile_fp16_reduce_span(float const*, float*, int, int, int, long, long)",1844,42153626670097,42153626708172,0,0,256,1,1,53248,1,1
"KERNEL_DISPATCH",4,2,69,"void convert_unary<float, __half>(void const*, __half*, long, long, long, HIP_vector_type<unsigned int, 3u>, long, long, long)",1845,42153626730690,42153626752468,0,0,256,1,1,786432,1,1
"KERNEL_DISPATCH",4,2,30,"void dequantize_block_iq3_s<__half>(void const*, __half*)",1846,42153626752468,42153626896766,0,0,32,1,1,1277952,1,1
"KERNEL_DISPATCH",4,2,80,"tile_fp16_reduce_span(float const*, float*, int, int, int, long, long)",1848,42153627366993,42153627395734,0,0,256,1,1,53248,1,1
"KERNEL_DISPATCH",4,2,78,"void tile_fp16_gemm<128, 64, 4, 8, 32, false>(__half const*, __half const*, float*, float*, int, int, int, long, int)",1847,42153626896766,42153627366993,0,25088,256,1,1,6656,1,8
"KERNEL_DISPATCH",4,2,69,"void convert_unary<float, __half>(void const*, __half*, long, long, long, HIP_vector_type<unsigned int, 3u>, long, long, long)",1849,42153627417216,42153627439142,0,0,256,1,1,786432,1,1
"KERNEL_DISPATCH",4,2,30,"void dequantize_block_iq3_s<__half>(void const*, __half*)",1850,42153627439142,42153627583143,0,0,32,1,1,1277952,1,1
"KERNEL_DISPATCH",4,2,80,"tile_fp16_reduce_span(float const*, float*, int, int, int, long, long)",1852,42153628038259,42153628064333,0,0,256,1,1,53248,1,1
"KERNEL_DISPATCH",4,2,78,"void tile_fp16_gemm<128, 64, 4, 8, 32, false>(__half const*, __half const*, float*, float*, int, int, int, long, int)",1851,42153627583143,42153628038259,0,25088,256,1,1,6656,1,8
"KERNEL_DISPATCH",4,2,69,"void convert_unary<float, __half>(void const*, __half*, long, long, long, HIP_vector_type<unsigned int, 3u>, long, long, long)",1853,42153628084481,42153628104185,0,0,256,1,1,786432,1,1
"KERNEL_DISPATCH",4,2,30,"void dequantize_block_iq3_s<__half>(void const*, __half*)",1854,42153628104185,42153628232927,0,0,32,1,1,1277952,1,1
"KERNEL_DISPATCH",4,2,80,"tile_fp16_reduce_span(float const*, float*, int, int, int, long, long)",1856,42153628666117,42153628703895,0,0,256,1,1,53248,1,1
"KERNEL_DISPATCH",4,2,78,"void tile_fp16_gemm<128, 64, 4, 8, 32, false>(__half const*, __half const*, float*, float*, int, int, int, long, int)",1855,42153628232927,42153628666117,0,25088,256,1,1,6656,1,8
"KERNEL_DISPATCH",4,2,69,"void convert_unary<float, __half>(void const*, __half*, long, long, long, HIP_vector_type<unsigned int, 3u>, long, long, long)",1857,42153628725673,42153628747451,0,0,256,1,1,786432,1,1
"KERNEL_DISPATCH",4,2,30,"void dequantize_block_iq3_s<__half>(void const*, __half*)",1858,42153628747451,42153628891304,0,0,32,1,1,1277952,1,1
"KERNEL_DISPATCH",4,2,78,"void tile_fp16_gemm<128, 64, 4, 8, 32, false>(__half const*, __half const*, float*, float*, int, int, int, long, int)",1859,42153628891304,42153629364790,0,25088,256,1,1,6656,1,8
"KERNEL_DISPATCH",4,2,80,"tile_fp16_reduce_span(float const*, float*, int, int, int, long, long)",1860,42153629364790,42153629393383,0,0,256,1,1,53248,1,1
"KERNEL_DISPATCH",4,2,69,"void convert_unary<float, __half>(void const*, __half*, long, long, long, HIP_vector_type<unsigned int, 3u>, long, long, long)",1861,42153629415458,42153629437236,0,0,256,1,1,786432,1,1
"KERNEL_DISPATCH",4,2,30,"void dequantize_block_iq3_s<__half>(void const*, __half*)",1862,42153629437236,42153629580644,0,0,32,1,1,1277952,1,1
"KERNEL_DISPATCH",4,2,78,"void tile_fp16_gemm<128, 64, 4, 8, 32, false>(__half const*, __half const*, float*, float*, int, int, int, long, int)",1863,42153629580644,42153630041538,0,25088,256,1,1,6656,1,8
"KERNEL_DISPATCH",4,2,80,"tile_fp16_reduce_span(float const*, float*, int, int, int, long, long)",1864,42153630041538,42153630067612,0,0,256,1,1,53248,1,1
"KERNEL_DISPATCH",4,2,69,"void convert_unary<float, __half>(void const*, __half*, long, long, long, HIP_vector_type<unsigned int, 3u>, long, long, long)",1865,42153630087316,42153630106872,0,0,256,1,1,786432,1,1
"KERNEL_DISPATCH",4,2,30,"void dequantize_block_iq3_s<__half>(void const*, __half*)",1866,42153630106872,42153630235614,0,0,32,1,1,1277952,1,1
"KERNEL_DISPATCH",4,2,78,"void tile_fp16_gemm<128, 64, 4, 8, 32, false>(__half const*, __half const*, float*, float*, int, int, int, long, int)",1867,42153630235614,42153630675322,0,25088,256,1,1,6656,1,8
"KERNEL_DISPATCH",4,2,80,"tile_fp16_reduce_span(float const*, float*, int, int, int, long, long)",1868,42153630675322,42153630714137,0,0,256,1,1,53248,1,1
"KERNEL_DISPATCH",4,2,69,"void convert_unary<float, __half>(void const*, __half*, long, long, long, HIP_vector_type<unsigned int, 3u>, long, long, long)",1869,42153630736360,42153630758138,0,0,256,1,1,786432,1,1
"KERNEL_DISPATCH",4,2,30,"void dequantize_block_iq3_s<__half>(void const*, __half*)",1870,42153630758138,42153630901991,0,0,32,1,1,1277952,1,1
"KERNEL_DISPATCH",4,2,78,"void tile_fp16_gemm<128, 64, 4, 8, 32, false>(__half const*, __half const*, float*, float*, int, int, int, long, int)",1871,42153630901991,42153631377699,0,25088,256,1,1,6656,1,8
"KERNEL_DISPATCH",4,2,80,"tile_fp16_reduce_span(float const*, float*, int, int, int, long, long)",1872,42153631377699,42153631406440,0,0,256,1,1,53248,1,1
"KERNEL_DISPATCH",4,2,69,"void convert_unary<float, __half>(void const*, __half*, long, long, long, HIP_vector_type<unsigned int, 3u>, long, long, long)",1873,42153631427626,42153631449255,0,0,256,1,1,786432,1,1
"KERNEL_DISPATCH",4,2,30,"void dequantize_block_iq3_s<__half>(void const*, __half*)",1874,42153631449255,42153631592961,0,0,32,1,1,1277952,1,1
"KERNEL_DISPATCH",4,2,78,"void tile_fp16_gemm<128, 64, 4, 8, 32, false>(__half const*, __half const*, float*, float*, int, int, int, long, int)",1875,42153631592961,42153632049854,0,25088,256,1,1,6656,1,8
"KERNEL_DISPATCH",4,2,80,"tile_fp16_reduce_span(float const*, float*, int, int, int, long, long)",1876,42153632049854,42153632075632,0,0,256,1,1,53248,1,1
"KERNEL_DISPATCH",4,2,69,"void convert_unary<float, __half>(void const*, __half*, long, long, long, HIP_vector_type<unsigned int, 3u>, long, long, long)",1877,42153632096521,42153632115929,0,0,256,1,1,786432,1,1
"KERNEL_DISPATCH",4,2,30,"void dequantize_block_iq3_s<__half>(void const*, __half*)",1878,42153632115929,42153632244967,0,0,32,1,1,1277952,1,1
"KERNEL_DISPATCH",4,2,78,"void tile_fp16_gemm<128, 64, 4, 8, 32, false>(__half const*, __half const*, float*, float*, int, int, int, long, int)",1879,42153632244967,42153632676527,0,25088,256,1,1,6656,1,8
"KERNEL_DISPATCH",4,2,80,"tile_fp16_reduce_span(float const*, float*, int, int, int, long, long)",1880,42153632676527,42153632714601,0,0,256,1,1,53248,1,1
"KERNEL_DISPATCH",4,2,69,"void convert_unary<float, __half>(void const*, __half*, long, long, long, HIP_vector_type<unsigned int, 3u>, long, long, long)",1881,42153632736083,42153632757713,0,0,256,1,1,786432,1,1
"KERNEL_DISPATCH",4,2,30,"void dequantize_block_iq3_s<__half>(void const*, __half*)",1882,42153632757713,42153632901714,0,0,32,1,1,1277952,1,1
"KERNEL_DISPATCH",4,2,78,"void tile_fp16_gemm<128, 64, 4, 8, 32, false>(__half const*, __half const*, float*, float*, int, int, int, long, int)",1883,42153632901714,42153633369571,0,25088,256,1,1,6656,1,8
"KERNEL_DISPATCH",4,2,80,"tile_fp16_reduce_span(float const*, float*, int, int, int, long, long)",1884,42153633369571,42153633398312,0,0,256,1,1,53248,1,1
"KERNEL_DISPATCH",4,2,69,"void convert_unary<float, __half>(void const*, __half*, long, long, long, HIP_vector_type<unsigned int, 3u>, long, long, long)",1885,42153633419793,42153633441571,0,0,256,1,1,786432,1,1
"KERNEL_DISPATCH",4,2,30,"void dequantize_block_iq3_s<__half>(void const*, __half*)",1886,42153633441571,42153633585425,0,0,32,1,1,1277952,1,1
"KERNEL_DISPATCH",4,2,78,"void tile_fp16_gemm<128, 64, 4, 8, 32, false>(__half const*, __half const*, float*, float*, int, int, int, long, int)",1887,42153633585425,42153634052837,0,25088,256,1,1,6656,1,8
"KERNEL_DISPATCH",4,2,80,"tile_fp16_reduce_span(float const*, float*, int, int, int, long, long)",1888,42153634052837,42153634078615,0,0,256,1,1,53248,1,1
"KERNEL_DISPATCH",4,2,69,"void convert_unary<float, __half>(void const*, __half*, long, long, long, HIP_vector_type<unsigned int, 3u>, long, long, long)",1889,42153634098467,42153634118023,0,0,256,1,1,786432,1,1
"KERNEL_DISPATCH",4,2,30,"void dequantize_block_iq3_s<__half>(void const*, __half*)",1890,42153634118023,42153634247357,0,0,32,1,1,1277952,1,1
"KERNEL_DISPATCH",4,2,78,"void tile_fp16_gemm<128, 64, 4, 8, 32, false>(__half const*, __half const*, float*, float*, int, int, int, long, int)",1891,42153634247357,42153634722917,0,25088,256,1,1,6656,1,8
"KERNEL_DISPATCH",4,2,80,"tile_fp16_reduce_span(float const*, float*, int, int, int, long, long)",1892,42153634722917,42153634751214,0,0,256,1,1,53248,1,1
"KERNEL_DISPATCH",4,2,69,"void convert_unary<float, __half>(void const*, __half*, long, long, long, HIP_vector_type<unsigned int, 3u>, long, long, long)",1893,42153634772548,42153634794177,0,0,256,1,1,786432,1,1
"KERNEL_DISPATCH",4,2,30,"void dequantize_block_iq3_s<__half>(void const*, __half*)",1894,42153634794177,42153634937734,0,0,32,1,1,1277952,1,1
"KERNEL_DISPATCH",4,2,78,"void tile_fp16_gemm<128, 64, 4, 8, 32, false>(__half const*, __half const*, float*, float*, int, int, int, long, int)",1895,42153634937734,42153635426480,0,25088,256,1,1,6656,1,8
"KERNEL_DISPATCH",4,2,80,"tile_fp16_reduce_span(float const*, float*, int, int, int, long, long)",1896,42153635426480,42153635455369,0,0,256,1,1,53248,1,1
"KERNEL_DISPATCH",4,2,69,"void convert_unary<float, __half>(void const*, __half*, long, long, long, HIP_vector_type<unsigned int, 3u>, long, long, long)",1897,42153635476555,42153635498333,0,0,256,1,1,786432,1,1
"KERNEL_DISPATCH",4,2,30,"void dequantize_block_iq3_s<__half>(void const*, __half*)",1898,42153635498333,42153635642334,0,0,32,1,1,1277952,1,1
"KERNEL_DISPATCH",4,2,78,"void tile_fp16_gemm<128, 64, 4, 8, 32, false>(__half const*, __half const*, float*, float*, int, int, int, long, int)",1899,42153635642334,42153636130931,0,25088,256,1,1,6656,1,8
"KERNEL_DISPATCH",4,2,80,"tile_fp16_reduce_span(float const*, float*, int, int, int, long, long)",1900,42153636130931,42153636160413,0,0,256,1,1,53248,1,1
"KERNEL_DISPATCH",4,2,69,"void convert_unary<float, __half>(void const*, __half*, long, long, long, HIP_vector_type<unsigned int, 3u>, long, long, long)",1901,42153636182043,42153636203969,0,0,256,1,1,786432,1,1
"KERNEL_DISPATCH",4,2,30,"void dequantize_block_iq3_s<__half>(void const*, __half*)",1902,42153636203969,42153636347526,0,0,32,1,1,1277952,1,1
"KERNEL_DISPATCH",4,2,78,"void tile_fp16_gemm<128, 64, 4, 8, 32, false>(__half const*, __half const*, float*, float*, int, int, int, long, int)",1903,42153636347526,42153636818938,0,25088,256,1,1,6656,1,8
"KERNEL_DISPATCH",4,2,80,"tile_fp16_reduce_span(float const*, float*, int, int, int, long, long)",1904,42153636818938,42153636844568,0,0,256,1,1,53248,1,1
"KERNEL_DISPATCH",4,2,69,"void convert_unary<float, __half>(void const*, __half*, long, long, long, HIP_vector_type<unsigned int, 3u>, long, long, long)",1905,42153636864716,42153636884272,0,0,256,1,1,786432,1,1
"KERNEL_DISPATCH",4,2,30,"void dequantize_block_iq3_s<__half>(void const*, __half*)",1906,42153636884272,42153637013162,0,0,32,1,1,1277952,1,1
"KERNEL_DISPATCH",4,2,78,"void tile_fp16_gemm<128, 64, 4, 8, 32, false>(__half const*, __half const*, float*, float*, int, int, int, long, int)",1907,42153637013162,42153637446796,0,25088,256,1,1,6656,1,8
"KERNEL_DISPATCH",4,2,80,"tile_fp16_reduce_span(float const*, float*, int, int, int, long, long)",1908,42153637446796,42153637472574,0,0,256,1,1,53248,1,1
"KERNEL_DISPATCH",4,2,69,"void convert_unary<float, __half>(void const*, __half*, long, long, long, HIP_vector_type<unsigned int, 3u>, long, long, long)",1909,42153637492723,42153637512427,0,0,256,1,1,786432,1,1
"KERNEL_DISPATCH",4,2,30,"void dequantize_block_iq3_s<__half>(void const*, __half*)",1910,42153637512427,42153637642354,0,0,32,1,1,1277952,1,1
"KERNEL_DISPATCH",4,2,78,"void tile_fp16_gemm<128, 64, 4, 8, 32, false>(__half const*, __half const*, float*, float*, int, int, int, long, int)",1911,42153637642354,42153638128877,0,25088,256,1,1,6656,1,8
"KERNEL_DISPATCH",4,2,80,"tile_fp16_reduce_span(float const*, float*, int, int, int, long, long)",1912,42153638128877,42153638157322,0,0,256,1,1,53248,1,1
"KERNEL_DISPATCH",4,2,69,"void convert_unary<float, __half>(void const*, __half*, long, long, long, HIP_vector_type<unsigned int, 3u>, long, long, long)",1913,42153638178952,42153638200581,0,0,256,1,1,786432,1,1
"KERNEL_DISPATCH",4,2,30,"void dequantize_block_iq3_s<__half>(void const*, __half*)",1914,42153638200581,42153638344287,0,0,32,1,1,1277952,1,1
"KERNEL_DISPATCH",4,2,78,"void tile_fp16_gemm<128, 64, 4, 8, 32, false>(__half const*, __half const*, float*, float*, int, int, int, long, int)",1915,42153638344287,42153638812439,0,25088,256,1,1,6656,1,8
"KERNEL_DISPATCH",4,2,80,"tile_fp16_reduce_span(float const*, float*, int, int, int, long, long)",1916,42153638812439,42153638841625,0,0,256,1,1,53248,1,1
"KERNEL_DISPATCH",4,2,69,"void convert_unary<float, __half>(void const*, __half*, long, long, long, HIP_vector_type<unsigned int, 3u>, long, long, long)",1917,42153638863403,42153638885033,0,0,256,1,1,786432,1,1
"KERNEL_DISPATCH",4,2,30,"void dequantize_block_iq3_s<__half>(void const*, __half*)",1918,42153638885033,42153639028886,0,0,32,1,1,1277952,1,1
"KERNEL_DISPATCH",4,2,78,"void tile_fp16_gemm<128, 64, 4, 8, 32, false>(__half const*, __half const*, float*, float*, int, int, int, long, int)",1919,42153639028886,42153639522669,0,25088,256,1,1,6656,1,8
"KERNEL_DISPATCH",4,2,80,"tile_fp16_reduce_span(float const*, float*, int, int, int, long, long)",1920,42153639522669,42153639551410,0,0,256,1,1,53248,1,1
"KERNEL_DISPATCH",4,2,69,"void convert_unary<float, __half>(void const*, __half*, long, long, long, HIP_vector_type<unsigned int, 3u>, long, long, long)",1921,42153639578225,42153639599855,0,0,256,1,1,786432,1,1
"KERNEL_DISPATCH",4,2,30,"void dequantize_block_iq3_s<__half>(void const*, __half*)",1922,42153639599855,42153639743412,0,0,32,1,1,1277952,1,1
"KERNEL_DISPATCH",4,2,78,"void tile_fp16_gemm<128, 64, 4, 8, 32, false>(__half const*, __half const*, float*, float*, int, int, int, long, int)",1923,42153639743412,42153640227268,0,25088,256,1,1,6656,1,8
"KERNEL_DISPATCH",4,2,80,"tile_fp16_reduce_span(float const*, float*, int, int, int, long, long)",1924,42153640227268,42153640255861,0,0,256,1,1,53248,1,1
"KERNEL_DISPATCH",4,2,69,"void convert_unary<float, __half>(void const*, __half*, long, long, long, HIP_vector_type<unsigned int, 3u>, long, long, long)",1925,42153640277935,42153640299861,0,0,256,1,1,786432,1,1
"KERNEL_DISPATCH",4,2,30,"void dequantize_block_iq3_s<__half>(void const*, __half*)",1926,42153640299861,42153640443715,0,0,32,1,1,1277952,1,1
"KERNEL_DISPATCH",4,2,78,"void tile_fp16_gemm<128, 64, 4, 8, 32, false>(__half const*, __half const*, float*, float*, int, int, int, long, int)",1927,42153640443715,42153640908905,0,25088,256,1,1,6656,1,8
"KERNEL_DISPATCH",4,2,80,"tile_fp16_reduce_span(float const*, float*, int, int, int, long, long)",1928,42153640908905,42153640934386,0,0,256,1,1,53248,1,1
"KERNEL_DISPATCH",4,2,69,"void convert_unary<float, __half>(void const*, __half*, long, long, long, HIP_vector_type<unsigned int, 3u>, long, long, long)",1929,42153640954535,42153640973942,0,0,256,1,1,786432,1,1
"KERNEL_DISPATCH",4,2,30,"void dequantize_block_iq3_s<__half>(void const*, __half*)",1930,42153640973942,42153641102684,0,0,32,1,1,1277952,1,1
"KERNEL_DISPATCH",4,2,78,"void tile_fp16_gemm<128, 64, 4, 8, 32, false>(__half const*, __half const*, float*, float*, int, int, int, long, int)",1931,42153641102684,42153641541948,0,25088,256,1,1,6656,1,8
"KERNEL_DISPATCH",4,2,80,"tile_fp16_reduce_span(float const*, float*, int, int, int, long, long)",1932,42153641541948,42153641567726,0,0,256,1,1,53248,1,1
"KERNEL_DISPATCH",4,2,69,"void convert_unary<float, __half>(void const*, __half*, long, long, long, HIP_vector_type<unsigned int, 3u>, long, long, long)",1933,42153641587578,42153641607134,0,0,256,1,1,786432,1,1
"KERNEL_DISPATCH",4,2,30,"void dequantize_block_iq3_s<__half>(void const*, __half*)",1934,42153641607134,42153641755431,0,0,32,1,1,1277952,1,1
"KERNEL_DISPATCH",4,2,78,"void tile_fp16_gemm<128, 64, 4, 8, 32, false>(__half const*, __half const*, float*, float*, int, int, int, long, int)",1935,42153641755431,42153642222695,0,25088,256,1,1,6656,1,8
"KERNEL_DISPATCH",4,2,80,"tile_fp16_reduce_span(float const*, float*, int, int, int, long, long)",1936,42153642222695,42153642251584,0,0,256,1,1,53248,1,1
"KERNEL_DISPATCH",4,2,69,"void convert_unary<float, __half>(void const*, __half*, long, long, long, HIP_vector_type<unsigned int, 3u>, long, long, long)",1937,42153642273214,42153642294844,0,0,256,1,1,786432,1,1
"KERNEL_DISPATCH",4,2,30,"void dequantize_block_iq3_s<__half>(void const*, __half*)",1938,42153642294844,42153642438549,0,0,32,1,1,1277952,1,1
"KERNEL_DISPATCH",4,2,78,"void tile_fp16_gemm<128, 64, 4, 8, 32, false>(__half const*, __half const*, float*, float*, int, int, int, long, int)",1939,42153642438549,42153642919443,0,25088,256,1,1,6656,1,8
"KERNEL_DISPATCH",4,2,80,"tile_fp16_reduce_span(float const*, float*, int, int, int, long, long)",1940,42153642919443,42153642948480,0,0,256,1,1,53248,1,1
"KERNEL_DISPATCH",4,2,69,"void convert_unary<float, __half>(void const*, __half*, long, long, long, HIP_vector_type<unsigned int, 3u>, long, long, long)",1941,42153642970258,42153642992036,0,0,256,1,1,786432,1,1
"KERNEL_DISPATCH",4,2,30,"void dequantize_block_iq3_s<__half>(void const*, __half*)",1942,42153642992036,42153643135741,0,0,32,1,1,1277952,1,1
"KERNEL_DISPATCH",4,2,78,"void tile_fp16_gemm<128, 64, 4, 8, 32, false>(__half const*, __half const*, float*, float*, int, int, int, long, int)",1943,42153643135741,42153643610413,0,25088,256,1,1,6656,1,8
"KERNEL_DISPATCH",4,2,80,"tile_fp16_reduce_span(float const*, float*, int, int, int, long, long)",1944,42153643610413,42153643638857,0,0,256,1,1,53248,1,1
"KERNEL_DISPATCH",4,2,69,"void convert_unary<float, __half>(void const*, __half*, long, long, long, HIP_vector_type<unsigned int, 3u>, long, long, long)",1945,42153643660635,42153643682413,0,0,256,1,1,786432,1,1
"KERNEL_DISPATCH",4,2,30,"void dequantize_block_iq3_s<__half>(void const*, __half*)",1946,42153643682413,42153643825970,0,0,32,1,1,1277952,1,1
"KERNEL_DISPATCH",4,2,78,"void tile_fp16_gemm<128, 64, 4, 8, 32, false>(__half const*, __half const*, float*, float*, int, int, int, long, int)",1947,42153643825970,42153644292345,0,25088,256,1,1,6656,1,8
"KERNEL_DISPATCH",4,2,80,"tile_fp16_reduce_span(float const*, float*, int, int, int, long, long)",1948,42153644292345,42153644321235,0,0,256,1,1,53248,1,1
"KERNEL_DISPATCH",4,2,69,"void convert_unary<float, __half>(void const*, __half*, long, long, long, HIP_vector_type<unsigned int, 3u>, long, long, long)",1949,42153644343161,42153644364791,0,0,256,1,1,786432,1,1
"KERNEL_DISPATCH",4,2,30,"void dequantize_block_iq3_s<__half>(void const*, __half*)",1950,42153644364791,42153644508496,0,0,32,1,1,1277952,1,1
"KERNEL_DISPATCH",4,2,78,"void tile_fp16_gemm<128, 64, 4, 8, 32, false>(__half const*, __half const*, float*, float*, int, int, int, long, int)",1951,42153644508496,42153644957982,0,25088,256,1,1,6656,1,8
"KERNEL_DISPATCH",4,2,80,"tile_fp16_reduce_span(float const*, float*, int, int, int, long, long)",1952,42153644957982,42153644983908,0,0,256,1,1,53248,1,1
"KERNEL_DISPATCH",4,2,69,"void convert_unary<float, __half>(void const*, __half*, long, long, long, HIP_vector_type<unsigned int, 3u>, long, long, long)",1953,42153645004204,42153645023612,0,0,256,1,1,786432,1,1
"KERNEL_DISPATCH",4,2,30,"void dequantize_block_iq3_s<__half>(void const*, __half*)",1954,42153645023612,42153645152502,0,0,32,1,1,1277952,1,1
"KERNEL_DISPATCH",4,2,78,"void tile_fp16_gemm<128, 64, 4, 8, 32, false>(__half const*, __half const*, float*, float*, int, int, int, long, int)",1955,42153645152502,42153645598581,0,25088,256,1,1,6656,1,8
"KERNEL_DISPATCH",4,2,80,"tile_fp16_reduce_span(float const*, float*, int, int, int, long, long)",1956,42153645598581,42153645624210,0,0,256,1,1,53248,1,1
"KERNEL_DISPATCH",4,2,69,"void convert_unary<float, __half>(void const*, __half*, long, long, long, HIP_vector_type<unsigned int, 3u>, long, long, long)",1957,42153645645100,42153645666729,0,0,256,1,1,786432,1,1
"KERNEL_DISPATCH",4,2,30,"void dequantize_block_iq3_s<__half>(void const*, __half*)",1958,42153645666729,42153645817546,0,0,32,1,1,1277952,1,1
"KERNEL_DISPATCH",4,2,78,"void tile_fp16_gemm<128, 64, 4, 8, 32, false>(__half const*, __half const*, float*, float*, int, int, int, long, int)",1959,42153645817546,42153646304513,0,25088,256,1,1,6656,1,8
"KERNEL_DISPATCH",4,2,80,"tile_fp16_reduce_span(float const*, float*, int, int, int, long, long)",1960,42153646304513,42153646332958,0,0,256,1,1,53248,1,1
"KERNEL_DISPATCH",4,2,69,"void convert_unary<float, __half>(void const*, __half*, long, long, long, HIP_vector_type<unsigned int, 3u>, long, long, long)",1961,42153646353847,42153646375477,0,0,256,1,1,786432,1,1
"KERNEL_DISPATCH",4,2,30,"void dequantize_block_iq3_s<__half>(void const*, __half*)",1962,42153646375477,42153646519330,0,0,32,1,1,1277952,1,1
"KERNEL_DISPATCH",4,2,78,"void tile_fp16_gemm<128, 64, 4, 8, 32, false>(__half const*, __half const*, float*, float*, int, int, int, long, int)",1963,42153646519330,42153646985705,0,25088,256,1,1,6656,1,8
"KERNEL_DISPATCH",4,2,80,"tile_fp16_reduce_span(float const*, float*, int, int, int, long, long)",1964,42153646985705,42153647010891,0,0,256,1,1,53248,1,1
"KERNEL_DISPATCH",4,2,69,"void convert_unary<float, __half>(void const*, __half*, long, long, long, HIP_vector_type<unsigned int, 3u>, long, long, long)",1965,42153647031484,42153647051039,0,0,256,1,1,786432,1,1
"KERNEL_DISPATCH",4,2,30,"void dequantize_block_iq3_s<__half>(void const*, __half*)",1966,42153647051039,42153647179633,0,0,32,1,1,1277952,1,1
"KERNEL_DISPATCH",4,2,78,"void tile_fp16_gemm<128, 64, 4, 8, 32, false>(__half const*, __half const*, float*, float*, int, int, int, long, int)",1967,42153647179633,42153647621267,0,25088,256,1,1,6656,1,8
"KERNEL_DISPATCH",4,2,80,"tile_fp16_reduce_span(float const*, float*, int, int, int, long, long)",1968,42153647621267,42153647647045,0,0,256,1,1,53248,1,1
"KERNEL_DISPATCH",4,2,69,"void convert_unary<float, __half>(void const*, __half*, long, long, long, HIP_vector_type<unsigned int, 3u>, long, long, long)",1969,42153647667934,42153647700083,0,0,256,1,1,786432,1,1
"KERNEL_DISPATCH",4,2,30,"void dequantize_block_iq3_s<__half>(void const*, __half*)",1970,42153647700083,42153647843640,0,0,32,1,1,1277952,1,1
"KERNEL_DISPATCH",4,2,80,"tile_fp16_reduce_span(float const*, float*, int, int, int, long, long)",1972,42153648320385,42153648349126,0,0,256,1,1,53248,1,1
"KERNEL_DISPATCH",4,2,78,"void tile_fp16_gemm<128, 64, 4, 8, 32, false>(__half const*, __half const*, float*, float*, int, int, int, long, int)",1971,42153647843640,42153648320385,0,25088,256,1,1,6656,1,8
"KERNEL_DISPATCH",4,2,69,"void convert_unary<float, __half>(void const*, __half*, long, long, long, HIP_vector_type<unsigned int, 3u>, long, long, long)",1973,42153648370460,42153648392090,0,0,256,1,1,786432,1,1
"KERNEL_DISPATCH",4,2,30,"void dequantize_block_iq3_s<__half>(void const*, __half*)",1974,42153648392090,42153648535943,0,0,32,1,1,1277952,1,1
"KERNEL_DISPATCH",4,2,80,"tile_fp16_reduce_span(float const*, float*, int, int, int, long, long)",1976,42153648998170,42153649023651,0,0,256,1,1,53248,1,1
"KERNEL_DISPATCH",4,2,78,"void tile_fp16_gemm<128, 64, 4, 8, 32, false>(__half const*, __half const*, float*, float*, int, int, int, long, int)",1975,42153648535943,42153648998170,0,25088,256,1,1,6656,1,8
"KERNEL_DISPATCH",4,2,69,"void convert_unary<float, __half>(void const*, __half*, long, long, long, HIP_vector_type<unsigned int, 3u>, long, long, long)",1977,42153649044096,42153649063652,0,0,256,1,1,786432,1,1
"KERNEL_DISPATCH",4,2,30,"void dequantize_block_iq3_s<__half>(void const*, __half*)",1978,42153649063652,42153649192690,0,0,32,1,1,1277952,1,1
"KERNEL_DISPATCH",4,2,80,"tile_fp16_reduce_span(float const*, float*, int, int, int, long, long)",1980,42153649636398,42153649662621,0,0,256,1,1,53248,1,1
"KERNEL_DISPATCH",4,2,78,"void tile_fp16_gemm<128, 64, 4, 8, 32, false>(__half const*, __half const*, float*, float*, int, int, int, long, int)",1979,42153649192690,42153649636398,0,25088,256,1,1,6656,1,8
"KERNEL_DISPATCH",4,2,69,"void convert_unary<float, __half>(void const*, __half*, long, long, long, HIP_vector_type<unsigned int, 3u>, long, long, long)",1981,42153649683954,42153649716547,0,0,256,1,1,786432,1,1
"KERNEL_DISPATCH",4,2,30,"void dequantize_block_iq3_s<__half>(void const*, __half*)",1982,42153649716547,42153649860697,0,0,32,1,1,1277952,1,1
"KERNEL_DISPATCH",4,2,80,"tile_fp16_reduce_span(float const*, float*, int, int, int, long, long)",1984,42153650335516,42153650364257,0,0,256,1,1,53248,1,1
"KERNEL_DISPATCH",4,2,78,"void tile_fp16_gemm<128, 64, 4, 8, 32, false>(__half const*, __half const*, float*, float*, int, int, int, long, int)",1983,42153649860697,42153650335516,0,25088,256,1,1,6656,1,8
"KERNEL_DISPATCH",4,2,69,"void convert_unary<float, __half>(void const*, __half*, long, long, long, HIP_vector_type<unsigned int, 3u>, long, long, long)",1985,42153650385739,42153650407665,0,0,256,1,1,786432,1,1
"KERNEL_DISPATCH",4,2,30,"void dequantize_block_iq3_s<__half>(void const*, __half*)",1986,42153650407665,42153650551074,0,0,32,1,1,1277952,1,1
"KERNEL_DISPATCH",4,2,80,"tile_fp16_reduce_span(float const*, float*, int, int, int, long, long)",1988,42153651027375,42153651053153,0,0,256,1,1,53248,1,1
"KERNEL_DISPATCH",4,2,78,"void tile_fp16_gemm<128, 64, 4, 8, 32, false>(__half const*, __half const*, float*, float*, int, int, int, long, int)",1987,42153650551074,42153651027375,0,25088,256,1,1,6656,1,8
"KERNEL_DISPATCH",4,2,69,"void convert_unary<float, __half>(void const*, __half*, long, long, long, HIP_vector_type<unsigned int, 3u>, long, long, long)",1989,42153651073301,42153651092857,0,0,256,1,1,786432,1,1
"KERNEL_DISPATCH",4,2,30,"void dequantize_block_iq3_s<__half>(void const*, __half*)",1990,42153651092857,42153651222192,0,0,32,1,1,1277952,1,1
"KERNEL_DISPATCH",4,2,78,"void tile_fp16_gemm<128, 64, 4, 8, 32, false>(__half const*, __half const*, float*, float*, int, int, int, long, int)",1991,42153651222192,42153651672122,0,25088,256,1,1,6656,1,8
"KERNEL_DISPATCH",4,2,80,"tile_fp16_reduce_span(float const*, float*, int, int, int, long, long)",1992,42153651672122,42153651709752,0,0,256,1,1,53248,1,1
"KERNEL_DISPATCH",4,2,69,"void convert_unary<float, __half>(void const*, __half*, long, long, long, HIP_vector_type<unsigned int, 3u>, long, long, long)",1993,42153651731974,42153651753752,0,0,256,1,1,786432,1,1
"KERNEL_DISPATCH",4,2,30,"void dequantize_block_iq3_s<__half>(void const*, __half*)",1994,42153651753752,42153651897902,0,0,32,1,1,1277952,1,1
"KERNEL_DISPATCH",4,2,78,"void tile_fp16_gemm<128, 64, 4, 8, 32, false>(__half const*, __half const*, float*, float*, int, int, int, long, int)",1995,42153651897902,42153652364129,0,25088,256,1,1,6656,1,8
"KERNEL_DISPATCH",4,2,80,"tile_fp16_reduce_span(float const*, float*, int, int, int, long, long)",1996,42153652364129,42153652392722,0,0,256,1,1,53248,1,1
"KERNEL_DISPATCH",4,2,69,"void convert_unary<float, __half>(void const*, __half*, long, long, long, HIP_vector_type<unsigned int, 3u>, long, long, long)",1997,42153652414055,42153652435981,0,0,256,1,1,786432,1,1
"KERNEL_DISPATCH",4,2,30,"void dequantize_block_iq3_s<__half>(void const*, __half*)",1998,42153652435981,42153652579835,0,0,32,1,1,1277952,1,1
"KERNEL_DISPATCH",4,2,80,"tile_fp16_reduce_span(float const*, float*, int, int, int, long, long)",2000,42153653044136,42153653073025,0,0,256,1,1,53248,1,1
"KERNEL_DISPATCH",4,2,78,"void tile_fp16_gemm<128, 64, 4, 8, 32, false>(__half const*, __half const*, float*, float*, int, int, int, long, int)",1999,42153652579835,42153653044136,0,25088,256,1,1,6656,1,8
"KERNEL_DISPATCH",4,2,69,"void convert_unary<float, __half>(void const*, __half*, long, long, long, HIP_vector_type<unsigned int, 3u>, long, long, long)",2001,42153653095247,42153653117025,0,0,256,1,1,786432,1,1
"KERNEL_DISPATCH",4,2,30,"void dequantize_block_iq3_s<__half>(void const*, __half*)",2002,42153653117025,42153653260434,0,0,32,1,1,1277952,1,1
"KERNEL_DISPATCH",4,2,78,"void tile_fp16_gemm<128, 64, 4, 8, 32, false>(__half const*, __half const*, float*, float*, int, int, int, long, int)",2003,42153653260434,42153653743402,0,25088,256,1,1,6656,1,8
"KERNEL_DISPATCH",4,2,80,"tile_fp16_reduce_span(float const*, float*, int, int, int, long, long)",2004,42153653743402,42153653771995,0,0,256,1,1,53248,1,1
"KERNEL_DISPATCH",4,2,69,"void convert_unary<float, __half>(void const*, __half*, long, long, long, HIP_vector_type<unsigned int, 3u>, long, long, long)",2005,42153653794069,42153653815699,0,0,256,1,1,786432,1,1
"KERNEL_DISPATCH",4,2,30,"void dequantize_block_iq3_s<__half>(void const*, __half*)",2006,42153653815699,42153653959108,0,0,32,1,1,1277952,1,1
"KERNEL_DISPATCH",4,2,78,"void tile_fp16_gemm<128, 64, 4, 8, 32, false>(__half const*, __half const*, float*, float*, int, int, int, long, int)",2007,42153653959108,42153654432446,0,25088,256,1,1,6656,1,8
"KERNEL_DISPATCH",4,2,80,"tile_fp16_reduce_span(float const*, float*, int, int, int, long, long)",2008,42153654432446,42153654461335,0,0,256,1,1,53248,1,1
"KERNEL_DISPATCH",4,2,69,"void convert_unary<float, __half>(void const*, __half*, long, long, long, HIP_vector_type<unsigned int, 3u>, long, long, long)",2009,42153654483854,42153654505632,0,0,256,1,1,786432,1,1
"KERNEL_DISPATCH",4,2,30,"void dequantize_block_iq3_s<__half>(void const*, __half*)",2010,42153654505632,42153654649040,0,0,32,1,1,1277952,1,1
"KERNEL_DISPATCH",4,2,78,"void tile_fp16_gemm<128, 64, 4, 8, 32, false>(__half const*, __half const*, float*, float*, int, int, int, long, int)",2011,42153654649040,42153655096452,0,25088,256,1,1,6656,1,8
"KERNEL_DISPATCH",4,2,80,"tile_fp16_reduce_span(float const*, float*, int, int, int, long, long)",2012,42153655096452,42153655121786,0,0,256,1,1,53248,1,1
"KERNEL_DISPATCH",4,2,69,"void convert_unary<float, __half>(void const*, __half*, long, long, long, HIP_vector_type<unsigned int, 3u>, long, long, long)",2013,42153655142082,42153655161638,0,0,256,1,1,786432,1,1
"KERNEL_DISPATCH",4,2,30,"void dequantize_block_iq3_s<__half>(void const*, __half*)",2014,42153655161638,42153655290824,0,0,32,1,1,1277952,1,1
"KERNEL_DISPATCH",4,2,78,"void tile_fp16_gemm<128, 64, 4, 8, 32, false>(__half const*, __half const*, float*, float*, int, int, int, long, int)",2015,42153655290824,42153655750977,0,25088,256,1,1,6656,1,8
"KERNEL_DISPATCH",4,2,80,"tile_fp16_reduce_span(float const*, float*, int, int, int, long, long)",2016,42153655750977,42153655779570,0,0,256,1,1,53248,1,1
"KERNEL_DISPATCH",4,2,69,"void convert_unary<float, __half>(void const*, __half*, long, long, long, HIP_vector_type<unsigned int, 3u>, long, long, long)",2017,42153946633203,42153946653648,0,0,256,1,1,655360,1,1
"KERNEL_DISPATCH",4,2,30,"void dequantize_block_iq3_s<__half>(void const*, __half*)",2018,42153946653648,42153946673351,0,0,32,1,1,163840,1,1
"KERNEL_DISPATCH",4,2,78,"void tile_fp16_gemm<128, 64, 4, 8, 32, false>(__half const*, __half const*, float*, float*, int, int, int, long, int)",2019,42153946673351,42153947092763,0,25088,256,1,1,1024,1,8
"KERNEL_DISPATCH",4,2,80,"tile_fp16_reduce_span(float const*, float*, int, int, int, long, long)",2020,42153947092763,42153947110837,0,0,256,1,1,8192,1,1
"KERNEL_DISPATCH",4,2,69,"void convert_unary<float, __half>(void const*, __half*, long, long, long, HIP_vector_type<unsigned int, 3u>, long, long, long)",2021,42153947463729,42153947533656,0,0,256,1,1,655360,1,1
"KERNEL_DISPATCH",4,2,30,"void dequantize_block_iq3_s<__half>(void const*, __half*)",2022,42153947533656,42153947611138,0,0,32,1,1,163840,1,1
"KERNEL_DISPATCH",4,2,78,"void tile_fp16_gemm<128, 64, 4, 8, 32, false>(__half const*, __half const*, float*, float*, int, int, int, long, int)",2023,42153947611138,42153947772473,0,25088,256,1,1,1024,1,8
"KERNEL_DISPATCH",4,2,80,"tile_fp16_reduce_span(float const*, float*, int, int, int, long, long)",2024,42153947772473,42153947776769,0,0,256,1,1,8192,1,1
"KERNEL_DISPATCH",4,2,69,"void convert_unary<float, __half>(void const*, __half*, long, long, long, HIP_vector_type<unsigned int, 3u>, long, long, long)",2025,42153947798103,42153947814399,0,0,256,1,1,655360,1,1
"KERNEL_DISPATCH",4,2,30,"void dequantize_block_iq3_s<__half>(void const*, __half*)",2026,42153947814399,42153947832918,0,0,32,1,1,163840,1,1
"KERNEL_DISPATCH",4,2,78,"void tile_fp16_gemm<128, 64, 4, 8, 32, false>(__half const*, __half const*, float*, float*, int, int, int, long, int)",2027,42153947832918,42153947942401,0,25088,256,1,1,1024,1,8
"KERNEL_DISPATCH",4,2,80,"tile_fp16_reduce_span(float const*, float*, int, int, int, long, long)",2028,42153947942401,42153947946697,0,0,256,1,1,8192,1,1
"KERNEL_DISPATCH",4,2,69,"void convert_unary<float, __half>(void const*, __half*, long, long, long, HIP_vector_type<unsigned int, 3u>, long, long, long)",2029,42153947972031,42153947987883,0,0,256,1,1,655360,1,1
"KERNEL_DISPATCH",4,2,30,"void dequantize_block_iq3_s<__half>(void const*, __half*)",2030,42153947987883,42153948005068,0,0,32,1,1,163840,1,1
"KERNEL_DISPATCH",4,2,78,"void tile_fp16_gemm<128, 64, 4, 8, 32, false>(__half const*, __half const*, float*, float*, int, int, int, long, int)",2031,42153948005068,42153948108624,0,25088,256,1,1,1024,1,8
"KERNEL_DISPATCH",4,2,80,"tile_fp16_reduce_span(float const*, float*, int, int, int, long, long)",2032,42153948108624,42153948112921,0,0,256,1,1,8192,1,1
"KERNEL_DISPATCH",4,2,69,"void convert_unary<float, __half>(void const*, __half*, long, long, long, HIP_vector_type<unsigned int, 3u>, long, long, long)",2033,42153948133069,42153948148921,0,0,256,1,1,655360,1,1
"KERNEL_DISPATCH",4,2,30,"void dequantize_block_iq3_s<__half>(void const*, __half*)",2034,42153948148921,42153948166255,0,0,32,1,1,163840,1,1
"KERNEL_DISPATCH",4,2,78,"void tile_fp16_gemm<128, 64, 4, 8, 32, false>(__half const*, __half const*, float*, float*, int, int, int, long, int)",2035,42153948166255,42153948271737,0,25088,256,1,1,1024,1,8
"KERNEL_DISPATCH",4,2,80,"tile_fp16_reduce_span(float const*, float*, int, int, int, long, long)",2036,42153948271737,42153948276034,0,0,256,1,1,8192,1,1
"KERNEL_DISPATCH",4,2,69,"void convert_unary<float, __half>(void const*, __half*, long, long, long, HIP_vector_type<unsigned int, 3u>, long, long, long)",2037,42153948296034,42153948311886,0,0,256,1,1,655360,1,1
"KERNEL_DISPATCH",4,2,30,"void dequantize_block_iq3_s<__half>(void const*, __half*)",2038,42153948311886,42153948329516,0,0,32,1,1,163840,1,1
"KERNEL_DISPATCH",4,2,78,"void tile_fp16_gemm<128, 64, 4, 8, 32, false>(__half const*, __half const*, float*, float*, int, int, int, long, int)",2039,42153948329516,42153948435294,0,25088,256,1,1,1024,1,8
"KERNEL_DISPATCH",4,2,80,"tile_fp16_reduce_span(float const*, float*, int, int, int, long, long)",2040,42153948435294,42153948439443,0,0,256,1,1,8192,1,1
"KERNEL_DISPATCH",4,2,69,"void convert_unary<float, __half>(void const*, __half*, long, long, long, HIP_vector_type<unsigned int, 3u>, long, long, long)",2041,42153948459739,42153948475443,0,0,256,1,1,655360,1,1
"KERNEL_DISPATCH",4,2,30,"void dequantize_block_iq3_s<__half>(void const*, __half*)",2042,42153948475443,42153948493073,0,0,32,1,1,163840,1,1
"KERNEL_DISPATCH",4,2,78,"void tile_fp16_gemm<128, 64, 4, 8, 32, false>(__half const*, __half const*, float*, float*, int, int, int, long, int)",2043,42153948493073,42153948599148,0,25088,256,1,1,1024,1,8
"KERNEL_DISPATCH",4,2,80,"tile_fp16_reduce_span(float const*, float*, int, int, int, long, long)",2044,42153948599148,42153948603592,0,0,256,1,1,8192,1,1
"KERNEL_DISPATCH",4,2,69,"void convert_unary<float, __half>(void const*, __half*, long, long, long, HIP_vector_type<unsigned int, 3u>, long, long, long)",2045,42153948623296,42153948639148,0,0,256,1,1,655360,1,1
"KERNEL_DISPATCH",4,2,30,"void dequantize_block_iq3_s<__half>(void const*, __half*)",2046,42153948639148,42153948656630,0,0,32,1,1,163840,1,1
"KERNEL_DISPATCH",4,2,78,"void tile_fp16_gemm<128, 64, 4, 8, 32, false>(__half const*, __half const*, float*, float*, int, int, int, long, int)",2047,42153948656630,42153948762409,0,25088,256,1,1,1024,1,8
"KERNEL_DISPATCH",4,2,80,"tile_fp16_reduce_span(float const*, float*, int, int, int, long, long)",2048,42153948762409,42153948766705,0,0,256,1,1,8192,1,1
"KERNEL_DISPATCH",4,2,69,"void convert_unary<float, __half>(void const*, __half*, long, long, long, HIP_vector_type<unsigned int, 3u>, long, long, long)",2049,42153948786409,42153948802113,0,0,256,1,1,655360,1,1
"KERNEL_DISPATCH",4,2,30,"void dequantize_block_iq3_s<__half>(void const*, __half*)",2050,42153948802113,42153948819743,0,0,32,1,1,163840,1,1
"KERNEL_DISPATCH",4,2,78,"void tile_fp16_gemm<128, 64, 4, 8, 32, false>(__half const*, __half const*, float*, float*, int, int, int, long, int)",2051,42153948819743,42153948925521,0,25088,256,1,1,1024,1,8
"KERNEL_DISPATCH",4,2,80,"tile_fp16_reduce_span(float const*, float*, int, int, int, long, long)",2052,42153948925521,42153948929670,0,0,256,1,1,8192,1,1
"KERNEL_DISPATCH",4,2,69,"void convert_unary<float, __half>(void const*, __half*, long, long, long, HIP_vector_type<unsigned int, 3u>, long, long, long)",2053,42153948950262,42153948965966,0,0,256,1,1,655360,1,1
"KERNEL_DISPATCH",4,2,30,"void dequantize_block_iq3_s<__half>(void const*, __half*)",2054,42153948965966,42153948983448,0,0,32,1,1,163840,1,1
"KERNEL_DISPATCH",4,2,78,"void tile_fp16_gemm<128, 64, 4, 8, 32, false>(__half const*, __half const*, float*, float*, int, int, int, long, int)",2055,42153948983448,42153949088930,0,25088,256,1,1,1024,1,8
"KERNEL_DISPATCH",4,2,80,"tile_fp16_reduce_span(float const*, float*, int, int, int, long, long)",2056,42153949088930,42153949092931,0,0,256,1,1,8192,1,1
"KERNEL_DISPATCH",4,2,69,"void convert_unary<float, __half>(void const*, __half*, long, long, long, HIP_vector_type<unsigned int, 3u>, long, long, long)",2057,42153949112931,42153949128486,0,0,256,1,1,655360,1,1
"KERNEL_DISPATCH",4,2,30,"void dequantize_block_iq3_s<__half>(void const*, __half*)",2058,42153949128486,42153949146264,0,0,32,1,1,163840,1,1
"KERNEL_DISPATCH",4,2,78,"void tile_fp16_gemm<128, 64, 4, 8, 32, false>(__half const*, __half const*, float*, float*, int, int, int, long, int)",2059,42153949146264,42153949252191,0,25088,256,1,1,1024,1,8
"KERNEL_DISPATCH",4,2,80,"tile_fp16_reduce_span(float const*, float*, int, int, int, long, long)",2060,42153949252191,42153949256488,0,0,256,1,1,8192,1,1
"KERNEL_DISPATCH",4,2,69,"void convert_unary<float, __half>(void const*, __half*, long, long, long, HIP_vector_type<unsigned int, 3u>, long, long, long)",2061,42153949276043,42153949291747,0,0,256,1,1,655360,1,1
"KERNEL_DISPATCH",4,2,30,"void dequantize_block_iq3_s<__half>(void const*, __half*)",2062,42153949291747,42153949309377,0,0,32,1,1,163840,1,1
"KERNEL_DISPATCH",4,2,78,"void tile_fp16_gemm<128, 64, 4, 8, 32, false>(__half const*, __half const*, float*, float*, int, int, int, long, int)",2063,42153949309377,42153949415897,0,25088,256,1,1,1024,1,8
"KERNEL_DISPATCH",4,2,80,"tile_fp16_reduce_span(float const*, float*, int, int, int, long, long)",2064,42153949415897,42153949423897,0,0,256,1,1,8192,1,1
"KERNEL_DISPATCH",4,2,69,"void convert_unary<float, __half>(void const*, __half*, long, long, long, HIP_vector_type<unsigned int, 3u>, long, long, long)",2065,42153949443452,42153949459305,0,0,256,1,1,655360,1,1
"KERNEL_DISPATCH",4,2,30,"void dequantize_block_iq3_s<__half>(void const*, __half*)",2066,42153949459305,42153949476786,0,0,32,1,1,163840,1,1
"KERNEL_DISPATCH",4,2,78,"void tile_fp16_gemm<128, 64, 4, 8, 32, false>(__half const*, __half const*, float*, float*, int, int, int, long, int)",2067,42153949476786,42153949580491,0,25088,256,1,1,1024,1,8
"KERNEL_DISPATCH",4,2,80,"tile_fp16_reduce_span(float const*, float*, int, int, int, long, long)",2068,42153949580491,42153949584787,0,0,256,1,1,8192,1,1
"KERNEL_DISPATCH",4,2,69,"void convert_unary<float, __half>(void const*, __half*, long, long, long, HIP_vector_type<unsigned int, 3u>, long, long, long)",2069,42153949604343,42153949620047,0,0,256,1,1,655360,1,1
"KERNEL_DISPATCH",4,2,30,"void dequantize_block_iq3_s<__half>(void const*, __half*)",2070,42153949620047,42153949637528,0,0,32,1,1,163840,1,1
"KERNEL_DISPATCH",4,2,78,"void tile_fp16_gemm<128, 64, 4, 8, 32, false>(__half const*, __half const*, float*, float*, int, int, int, long, int)",2071,42153949637528,42153949743159,0,25088,256,1,1,1024,1,8
"KERNEL_DISPATCH",4,2,80,"tile_fp16_reduce_span(float const*, float*, int, int, int, long, long)",2072,42153949743159,42153949747456,0,0,256,1,1,8192,1,1
"KERNEL_DISPATCH",4,2,69,"void convert_unary<float, __half>(void const*, __half*, long, long, long, HIP_vector_type<unsigned int, 3u>, long, long, long)",2073,42153949767604,42153949783308,0,0,256,1,1,655360,1,1
"KERNEL_DISPATCH",4,2,30,"void dequantize_block_iq3_s<__half>(void const*, __half*)",2074,42153949783308,42153949800789,0,0,32,1,1,163840,1,1
"KERNEL_DISPATCH",4,2,78,"void tile_fp16_gemm<128, 64, 4, 8, 32, false>(__half const*, __half const*, float*, float*, int, int, int, long, int)",2075,42153949800789,42153949906272,0,25088,256,1,1,1024,1,8
"KERNEL_DISPATCH",4,2,80,"tile_fp16_reduce_span(float const*, float*, int, int, int, long, long)",2076,42153949906272,42153949910420,0,0,256,1,1,8192,1,1
"KERNEL_DISPATCH",4,2,69,"void convert_unary<float, __half>(void const*, __half*, long, long, long, HIP_vector_type<unsigned int, 3u>, long, long, long)",2077,42153949931161,42153949946865,0,0,256,1,1,655360,1,1
"KERNEL_DISPATCH",4,2,30,"void dequantize_block_iq3_s<__half>(void const*, __half*)",2078,42153949946865,42153949964495,0,0,32,1,1,163840,1,1
"KERNEL_DISPATCH",4,2,78,"void tile_fp16_gemm<128, 64, 4, 8, 32, false>(__half const*, __half const*, float*, float*, int, int, int, long, int)",2079,42153949964495,42153950069681,0,25088,256,1,1,1024,1,8
"KERNEL_DISPATCH",4,2,80,"tile_fp16_reduce_span(float const*, float*, int, int, int, long, long)",2080,42153950069681,42153950073829,0,0,256,1,1,8192,1,1
"KERNEL_DISPATCH",4,2,69,"void convert_unary<float, __half>(void const*, __half*, long, long, long, HIP_vector_type<unsigned int, 3u>, long, long, long)",2081,42153950095163,42153950111015,0,0,256,1,1,655360,1,1
"KERNEL_DISPATCH",4,2,30,"void dequantize_block_iq3_s<__half>(void const*, __half*)",2082,42153950111015,42153950128793,0,0,32,1,1,163840,1,1
"KERNEL_DISPATCH",4,2,78,"void tile_fp16_gemm<128, 64, 4, 8, 32, false>(__half const*, __half const*, float*, float*, int, int, int, long, int)",2083,42153950128793,42153950234571,0,25088,256,1,1,1024,1,8
"KERNEL_DISPATCH",4,2,80,"tile_fp16_reduce_span(float const*, float*, int, int, int, long, long)",2084,42153950234571,42153950238720,0,0,256,1,1,8192,1,1
"KERNEL_DISPATCH",4,2,69,"void convert_unary<float, __half>(void const*, __half*, long, long, long, HIP_vector_type<unsigned int, 3u>, long, long, long)",2085,42153950259757,42153950275461,0,0,256,1,1,655360,1,1
"KERNEL_DISPATCH",4,2,30,"void dequantize_block_iq3_s<__half>(void const*, __half*)",2086,42153950275461,42153950293239,0,0,32,1,1,163840,1,1
"KERNEL_DISPATCH",4,2,78,"void tile_fp16_gemm<128, 64, 4, 8, 32, false>(__half const*, __half const*, float*, float*, int, int, int, long, int)",2087,42153950293239,42153950396795,0,25088,256,1,1,1024,1,8
"KERNEL_DISPATCH",4,2,80,"tile_fp16_reduce_span(float const*, float*, int, int, int, long, long)",2088,42153950396795,42153950401092,0,0,256,1,1,8192,1,1
"KERNEL_DISPATCH",4,2,69,"void convert_unary<float, __half>(void const*, __half*, long, long, long, HIP_vector_type<unsigned int, 3u>, long, long, long)",2089,42153950421833,42153950437536,0,0,256,1,1,655360,1,1
"KERNEL_DISPATCH",4,2,30,"void dequantize_block_iq3_s<__half>(void const*, __half*)",2090,42153950437536,42153950455018,0,0,32,1,1,163840,1,1
"KERNEL_DISPATCH",4,2,78,"void tile_fp16_gemm<128, 64, 4, 8, 32, false>(__half const*, __half const*, float*, float*, int, int, int, long, int)",2091,42153950455018,42153950559760,0,25088,256,1,1,1024,1,8
"KERNEL_DISPATCH",4,2,80,"tile_fp16_reduce_span(float const*, float*, int, int, int, long, long)",2092,42153950559760,42153950564056,0,0,256,1,1,8192,1,1
"KERNEL_DISPATCH",4,2,69,"void convert_unary<float, __half>(void const*, __half*, long, long, long, HIP_vector_type<unsigned int, 3u>, long, long, long)",2093,42153950608946,42153950624946,0,0,256,1,1,655360,1,1
"KERNEL_DISPATCH",4,2,30,"void dequantize_block_iq3_s<__half>(void const*, __half*)",2094,42153950624946,42153950642872,0,0,32,1,1,163840,1,1
"KERNEL_DISPATCH",4,2,78,"void tile_fp16_gemm<128, 64, 4, 8, 32, false>(__half const*, __half const*, float*, float*, int, int, int, long, int)",2095,42153950642872,42153950749243,0,25088,256,1,1,1024,1,8
"KERNEL_DISPATCH",4,2,80,"tile_fp16_reduce_span(float const*, float*, int, int, int, long, long)",2096,42153950749243,42153950753540,0,0,256,1,1,8192,1,1
"KERNEL_DISPATCH",4,2,69,"void convert_unary<float, __half>(void const*, __half*, long, long, long, HIP_vector_type<unsigned int, 3u>, long, long, long)",2097,42153950774132,42153950789984,0,0,256,1,1,655360,1,1
"KERNEL_DISPATCH",4,2,30,"void dequantize_block_iq3_s<__half>(void const*, __half*)",2098,42153950789984,42153950807614,0,0,32,1,1,163840,1,1
"KERNEL_DISPATCH",4,2,78,"void tile_fp16_gemm<128, 64, 4, 8, 32, false>(__half const*, __half const*, float*, float*, int, int, int, long, int)",2099,42153950807614,42153950914430,0,25088,256,1,1,1024,1,8
"KERNEL_DISPATCH",4,2,80,"tile_fp16_reduce_span(float const*, float*, int, int, int, long, long)",2100,42153950914430,42153950918726,0,0,256,1,1,8192,1,1
"KERNEL_DISPATCH",4,2,69,"void convert_unary<float, __half>(void const*, __half*, long, long, long, HIP_vector_type<unsigned int, 3u>, long, long, long)",2101,42153950938282,42153950954134,0,0,256,1,1,655360,1,1
"KERNEL_DISPATCH",4,2,30,"void dequantize_block_iq3_s<__half>(void const*, __half*)",2102,42153950954134,42153950971912,0,0,32,1,1,163840,1,1
"KERNEL_DISPATCH",4,2,78,"void tile_fp16_gemm<128, 64, 4, 8, 32, false>(__half const*, __half const*, float*, float*, int, int, int, long, int)",2103,42153950971912,42153951078135,0,25088,256,1,1,1024,1,8
"KERNEL_DISPATCH",4,2,80,"tile_fp16_reduce_span(float const*, float*, int, int, int, long, long)",2104,42153951078135,42153951082284,0,0,256,1,1,8192,1,1
"KERNEL_DISPATCH",4,2,69,"void convert_unary<float, __half>(void const*, __half*, long, long, long, HIP_vector_type<unsigned int, 3u>, long, long, long)",2105,42153951102432,42153951118432,0,0,256,1,1,655360,1,1
"KERNEL_DISPATCH",4,2,30,"void dequantize_block_iq3_s<__half>(void const*, __half*)",2106,42153951118432,42153951136358,0,0,32,1,1,163840,1,1
"KERNEL_DISPATCH",4,2,78,"void tile_fp16_gemm<128, 64, 4, 8, 32, false>(__half const*, __half const*, float*, float*, int, int, int, long, int)",2107,42153951136358,42153951242285,0,25088,256,1,1,1024,1,8
"KERNEL_DISPATCH",4,2,80,"tile_fp16_reduce_span(float const*, float*, int, int, int, long, long)",2108,42153951242285,42153951246581,0,0,256,1,1,8192,1,1
"KERNEL_DISPATCH",4,2,69,"void convert_unary<float, __half>(void const*, __half*, long, long, long, HIP_vector_type<unsigned int, 3u>, long, long, long)",2109,42153951266730,42153951282285,0,0,256,1,1,655360,1,1
"KERNEL_DISPATCH",4,2,30,"void dequantize_block_iq3_s<__half>(void const*, __half*)",2110,42153951282285,42153951299767,0,0,32,1,1,163840,1,1
"KERNEL_DISPATCH",4,2,78,"void tile_fp16_gemm<128, 64, 4, 8, 32, false>(__half const*, __half const*, float*, float*, int, int, int, long, int)",2111,42153951299767,42153951409694,0,25088,256,1,1,1024,1,8
"KERNEL_DISPATCH",4,2,80,"tile_fp16_reduce_span(float const*, float*, int, int, int, long, long)",2112,42153951409694,42153951413991,0,0,256,1,1,8192,1,1
"KERNEL_DISPATCH",4,2,69,"void convert_unary<float, __half>(void const*, __half*, long, long, long, HIP_vector_type<unsigned int, 3u>, long, long, long)",2113,42153951434287,42153951449991,0,0,256,1,1,655360,1,1
"KERNEL_DISPATCH",4,2,30,"void dequantize_block_iq3_s<__half>(void const*, __half*)",2114,42153951449991,42153951467621,0,0,32,1,1,163840,1,1
"KERNEL_DISPATCH",4,2,78,"void tile_fp16_gemm<128, 64, 4, 8, 32, false>(__half const*, __half const*, float*, float*, int, int, int, long, int)",2115,42153951467621,42153951573548,0,25088,256,1,1,1024,1,8
"KERNEL_DISPATCH",4,2,80,"tile_fp16_reduce_span(float const*, float*, int, int, int, long, long)",2116,42153951573548,42153951577696,0,0,256,1,1,8192,1,1
"KERNEL_DISPATCH",4,2,69,"void convert_unary<float, __half>(void const*, __half*, long, long, long, HIP_vector_type<unsigned int, 3u>, long, long, long)",2117,42153951597696,42153951613400,0,0,256,1,1,655360,1,1
"KERNEL_DISPATCH",4,2,30,"void dequantize_block_iq3_s<__half>(void const*, __half*)",2118,42153951613400,42153951631030,0,0,32,1,1,163840,1,1
"KERNEL_DISPATCH",4,2,78,"void tile_fp16_gemm<128, 64, 4, 8, 32, false>(__half const*, __half const*, float*, float*, int, int, int, long, int)",2119,42153951631030,42153951734883,0,25088,256,1,1,1024,1,8
"KERNEL_DISPATCH",4,2,80,"tile_fp16_reduce_span(float const*, float*, int, int, int, long, long)",2120,42153951734883,42153951739179,0,0,256,1,1,8192,1,1
"KERNEL_DISPATCH",4,2,69,"void convert_unary<float, __half>(void const*, __half*, long, long, long, HIP_vector_type<unsigned int, 3u>, long, long, long)",2121,42153951759179,42153951774883,0,0,256,1,1,655360,1,1
"KERNEL_DISPATCH",4,2,30,"void dequantize_block_iq3_s<__half>(void const*, __half*)",2122,42153951774883,42153951792513,0,0,32,1,1,163840,1,1
"KERNEL_DISPATCH",4,2,78,"void tile_fp16_gemm<128, 64, 4, 8, 32, false>(__half const*, __half const*, float*, float*, int, int, int, long, int)",2123,42153951792513,42153951898588,0,25088,256,1,1,1024,1,8
"KERNEL_DISPATCH",4,2,80,"tile_fp16_reduce_span(float const*, float*, int, int, int, long, long)",2124,42153951898588,42153951902736,0,0,256,1,1,8192,1,1
"KERNEL_DISPATCH",4,2,69,"void convert_unary<float, __half>(void const*, __half*, long, long, long, HIP_vector_type<unsigned int, 3u>, long, long, long)",2125,42153951922440,42153951938144,0,0,256,1,1,655360,1,1
"KERNEL_DISPATCH",4,2,30,"void dequantize_block_iq3_s<__half>(void const*, __half*)",2126,42153951938144,42153951955477,0,0,32,1,1,163840,1,1
"KERNEL_DISPATCH",4,2,78,"void tile_fp16_gemm<128, 64, 4, 8, 32, false>(__half const*, __half const*, float*, float*, int, int, int, long, int)",2127,42153951955477,42153952061552,0,25088,256,1,1,1024,1,8
"KERNEL_DISPATCH",4,2,80,"tile_fp16_reduce_span(float const*, float*, int, int, int, long, long)",2128,42153952061552,42153952065701,0,0,256,1,1,8192,1,1
"KERNEL_DISPATCH",4,2,69,"void convert_unary<float, __half>(void const*, __half*, long, long, long, HIP_vector_type<unsigned int, 3u>, long, long, long)",2129,42153952085553,42153952101553,0,0,256,1,1,655360,1,1
"KERNEL_DISPATCH",4,2,30,"void dequantize_block_iq3_s<__half>(void const*, __half*)",2130,42153952101553,42153952119035,0,0,32,1,1,163840,1,1
"KERNEL_DISPATCH",4,2,78,"void tile_fp16_gemm<128, 64, 4, 8, 32, false>(__half const*, __half const*, float*, float*, int, int, int, long, int)",2131,42153952119035,42153952224517,0,25088,256,1,1,1024,1,8
"KERNEL_DISPATCH",4,2,80,"tile_fp16_reduce_span(float const*, float*, int, int, int, long, long)",2132,42153952224517,42153952228813,0,0,256,1,1,8192,1,1
"KERNEL_DISPATCH",4,2,69,"void convert_unary<float, __half>(void const*, __half*, long, long, long, HIP_vector_type<unsigned int, 3u>, long, long, long)",2133,42153952248369,42153952264073,0,0,256,1,1,655360,1,1
"KERNEL_DISPATCH",4,2,30,"void dequantize_block_iq3_s<__half>(void const*, __half*)",2134,42153952264073,42153952281406,0,0,32,1,1,163840,1,1
"KERNEL_DISPATCH",4,2,78,"void tile_fp16_gemm<128, 64, 4, 8, 32, false>(__half const*, __half const*, float*, float*, int, int, int, long, int)",2135,42153952281406,42153952386889,0,25088,256,1,1,1024,1,8
"KERNEL_DISPATCH",4,2,80,"tile_fp16_reduce_span(float const*, float*, int, int, int, long, long)",2136,42153952386889,42153952391185,0,0,256,1,1,8192,1,1
"KERNEL_DISPATCH",4,2,69,"void convert_unary<float, __half>(void const*, __half*, long, long, long, HIP_vector_type<unsigned int, 3u>, long, long, long)",2137,42153952440519,42153952456223,0,0,256,1,1,655360,1,1
"KERNEL_DISPATCH",4,2,30,"void dequantize_block_iq3_s<__half>(void const*, __half*)",2138,42153952456223,42153952473853,0,0,32,1,1,163840,1,1
"KERNEL_DISPATCH",4,2,78,"void tile_fp16_gemm<128, 64, 4, 8, 32, false>(__half const*, __half const*, float*, float*, int, int, int, long, int)",2139,42153952473853,42153952579780,0,25088,256,1,1,1024,1,8
"KERNEL_DISPATCH",4,2,80,"tile_fp16_reduce_span(float const*, float*, int, int, int, long, long)",2140,42153952579780,42153952584076,0,0,256,1,1,8192,1,1
"KERNEL_DISPATCH",4,2,69,"void convert_unary<float, __half>(void const*, __half*, long, long, long, HIP_vector_type<unsigned int, 3u>, long, long, long)",2141,42153952604669,42153952620521,0,0,256,1,1,655360,1,1
"KERNEL_DISPATCH",4,2,30,"void dequantize_block_iq3_s<__half>(void const*, __half*)",2142,42153952620521,42153952638151,0,0,32,1,1,163840,1,1
"KERNEL_DISPATCH",4,2,78,"void tile_fp16_gemm<128, 64, 4, 8, 32, false>(__half const*, __half const*, float*, float*, int, int, int, long, int)",2143,42153952638151,42153952748226,0,25088,256,1,1,1024,1,8
"KERNEL_DISPATCH",4,2,80,"tile_fp16_reduce_span(float const*, float*, int, int, int, long, long)",2144,42153952748226,42153952752522,0,0,256,1,1,8192,1,1
"KERNEL_DISPATCH",4,2,69,"void convert_unary<float, __half>(void const*, __half*, long, long, long, HIP_vector_type<unsigned int, 3u>, long, long, long)",2145,42153952772671,42153952788374,0,0,256,1,1,655360,1,1
"KERNEL_DISPATCH",4,2,30,"void dequantize_block_iq3_s<__half>(void const*, __half*)",2146,42153952788374,42153952805708,0,0,32,1,1,163840,1,1
"KERNEL_DISPATCH",4,2,78,"void tile_fp16_gemm<128, 64, 4, 8, 32, false>(__half const*, __half const*, float*, float*, int, int, int, long, int)",2147,42153952805708,42153952909561,0,25088,256,1,1,1024,1,8
"KERNEL_DISPATCH",4,2,80,"tile_fp16_reduce_span(float const*, float*, int, int, int, long, long)",2148,42153952909561,42153952913857,0,0,256,1,1,8192,1,1
"KERNEL_DISPATCH",4,2,69,"void convert_unary<float, __half>(void const*, __half*, long, long, long, HIP_vector_type<unsigned int, 3u>, long, long, long)",2149,42153952933709,42153952949709,0,0,256,1,1,655360,1,1
"KERNEL_DISPATCH",4,2,30,"void dequantize_block_iq3_s<__half>(void const*, __half*)",2150,42153952949709,42153952967191,0,0,32,1,1,163840,1,1
"KERNEL_DISPATCH",4,2,78,"void tile_fp16_gemm<128, 64, 4, 8, 32, false>(__half const*, __half const*, float*, float*, int, int, int, long, int)",2151,42153952967191,42153953073266,0,25088,256,1,1,1024,1,8
"KERNEL_DISPATCH",4,2,80,"tile_fp16_reduce_span(float const*, float*, int, int, int, long, long)",2152,42153953073266,42153953077266,0,0,256,1,1,8192,1,1
"KERNEL_DISPATCH",4,2,69,"void convert_unary<float, __half>(void const*, __half*, long, long, long, HIP_vector_type<unsigned int, 3u>, long, long, long)",2153,42153953097266,42153953112970,0,0,256,1,1,655360,1,1
"KERNEL_DISPATCH",4,2,30,"void dequantize_block_iq3_s<__half>(void const*, __half*)",2154,42153953112970,42153953130748,0,0,32,1,1,163840,1,1
"KERNEL_DISPATCH",4,2,78,"void tile_fp16_gemm<128, 64, 4, 8, 32, false>(__half const*, __half const*, float*, float*, int, int, int, long, int)",2155,42153953130748,42153953237564,0,25088,256,1,1,1024,1,8
"KERNEL_DISPATCH",4,2,80,"tile_fp16_reduce_span(float const*, float*, int, int, int, long, long)",2156,42153953237564,42153953241860,0,0,256,1,1,8192,1,1
"KERNEL_DISPATCH",4,2,69,"void convert_unary<float, __half>(void const*, __half*, long, long, long, HIP_vector_type<unsigned int, 3u>, long, long, long)",2157,42153953261712,42153953277416,0,0,256,1,1,655360,1,1
"KERNEL_DISPATCH",4,2,30,"void dequantize_block_iq3_s<__half>(void const*, __half*)",2158,42153953277416,42153953295046,0,0,32,1,1,163840,1,1
"KERNEL_DISPATCH",4,2,78,"void tile_fp16_gemm<128, 64, 4, 8, 32, false>(__half const*, __half const*, float*, float*, int, int, int, long, int)",2159,42153953295046,42153953399195,0,25088,256,1,1,1024,1,8
"KERNEL_DISPATCH",4,2,80,"tile_fp16_reduce_span(float const*, float*, int, int, int, long, long)",2160,42153953399195,42153953403344,0,0,256,1,1,8192,1,1
"KERNEL_DISPATCH",4,2,69,"void convert_unary<float, __half>(void const*, __half*, long, long, long, HIP_vector_type<unsigned int, 3u>, long, long, long)",2161,42153953423196,42153953438899,0,0,256,1,1,655360,1,1
"KERNEL_DISPATCH",4,2,30,"void dequantize_block_iq3_s<__half>(void const*, __half*)",2162,42153953438899,42153953456529,0,0,32,1,1,163840,1,1
"KERNEL_DISPATCH",4,2,78,"void tile_fp16_gemm<128, 64, 4, 8, 32, false>(__half const*, __half const*, float*, float*, int, int, int, long, int)",2163,42153953456529,42153953559938,0,25088,256,1,1,1024,1,8
"KERNEL_DISPATCH",4,2,80,"tile_fp16_reduce_span(float const*, float*, int, int, int, long, long)",2164,42153953559938,42153953564234,0,0,256,1,1,8192,1,1
"KERNEL_DISPATCH",4,2,69,"void convert_unary<float, __half>(void const*, __half*, long, long, long, HIP_vector_type<unsigned int, 3u>, long, long, long)",2165,42153953584086,42153953599790,0,0,256,1,1,655360,1,1
"KERNEL_DISPATCH",4,2,30,"void dequantize_block_iq3_s<__half>(void const*, __half*)",2166,42153953599790,42153953617272,0,0,32,1,1,163840,1,1
"KERNEL_DISPATCH",4,2,78,"void tile_fp16_gemm<128, 64, 4, 8, 32, false>(__half const*, __half const*, float*, float*, int, int, int, long, int)",2167,42153953617272,42153953722310,0,25088,256,1,1,1024,1,8
"KERNEL_DISPATCH",4,2,80,"tile_fp16_reduce_span(float const*, float*, int, int, int, long, long)",2168,42153953722310,42153953726458,0,0,256,1,1,8192,1,1
"KERNEL_DISPATCH",4,2,69,"void convert_unary<float, __half>(void const*, __half*, long, long, long, HIP_vector_type<unsigned int, 3u>, long, long, long)",2169,42153953746310,42153953762162,0,0,256,1,1,655360,1,1
"KERNEL_DISPATCH",4,2,30,"void dequantize_block_iq3_s<__half>(void const*, __half*)",2170,42153953762162,42153953779495,0,0,32,1,1,163840,1,1
"KERNEL_DISPATCH",4,2,78,"void tile_fp16_gemm<128, 64, 4, 8, 32, false>(__half const*, __half const*, float*, float*, int, int, int, long, int)",2171,42153953779495,42153953886163,0,25088,256,1,1,1024,1,8
"KERNEL_DISPATCH",4,2,80,"tile_fp16_reduce_span(float const*, float*, int, int, int, long, long)",2172,42153953886163,42153953890459,0,0,256,1,1,8192,1,1
"KERNEL_DISPATCH",4,2,69,"void convert_unary<float, __half>(void const*, __half*, long, long, long, HIP_vector_type<unsigned int, 3u>, long, long, long)",2173,42153953910163,42153953925867,0,0,256,1,1,655360,1,1
"KERNEL_DISPATCH",4,2,30,"void dequantize_block_iq3_s<__half>(void const*, __half*)",2174,42153953925867,42153953943349,0,0,32,1,1,163840,1,1
"KERNEL_DISPATCH",4,2,78,"void tile_fp16_gemm<128, 64, 4, 8, 32, false>(__half const*, __half const*, float*, float*, int, int, int, long, int)",2175,42153953943349,42153954049720,0,25088,256,1,1,1024,1,8
"KERNEL_DISPATCH",4,2,80,"tile_fp16_reduce_span(float const*, float*, int, int, int, long, long)",2176,42153954049720,42153954053868,0,0,256,1,1,8192,1,1
"KERNEL_DISPATCH",4,2,69,"void convert_unary<float, __half>(void const*, __half*, long, long, long, HIP_vector_type<unsigned int, 3u>, long, long, long)",2177,42153954073869,42153954089721,0,0,256,1,1,655360,1,1
"KERNEL_DISPATCH",4,2,30,"void dequantize_block_iq3_s<__half>(void const*, __half*)",2178,42153954089721,42153954107202,0,0,32,1,1,163840,1,1
"KERNEL_DISPATCH",4,2,78,"void tile_fp16_gemm<128, 64, 4, 8, 32, false>(__half const*, __half const*, float*, float*, int, int, int, long, int)",2179,42153954107202,42153954211796,0,25088,256,1,1,1024,1,8
"KERNEL_DISPATCH",4,2,80,"tile_fp16_reduce_span(float const*, float*, int, int, int, long, long)",2180,42153954211796,42153954215944,0,0,256,1,1,8192,1,1
"KERNEL_DISPATCH",4,2,69,"void convert_unary<float, __half>(void const*, __half*, long, long, long, HIP_vector_type<unsigned int, 3u>, long, long, long)",2181,42153954235796,42153954251500,0,0,256,1,1,655360,1,1
"KERNEL_DISPATCH",4,2,30,"void dequantize_block_iq3_s<__half>(void const*, __half*)",2182,42153954251500,42153954269130,0,0,32,1,1,163840,1,1
"KERNEL_DISPATCH",4,2,78,"void tile_fp16_gemm<128, 64, 4, 8, 32, false>(__half const*, __half const*, float*, float*, int, int, int, long, int)",2183,42153954269130,42153954375649,0,25088,256,1,1,1024,1,8
"KERNEL_DISPATCH",4,2,80,"tile_fp16_reduce_span(float const*, float*, int, int, int, long, long)",2184,42153954375649,42153954379798,0,0,256,1,1,8192,1,1
"KERNEL_DISPATCH",4,2,69,"void convert_unary<float, __half>(void const*, __half*, long, long, long, HIP_vector_type<unsigned int, 3u>, long, long, long)",2185,42153954399946,42153954415650,0,0,256,1,1,655360,1,1
"KERNEL_DISPATCH",4,2,30,"void dequantize_block_iq3_s<__half>(void const*, __half*)",2186,42153954415650,42153954433131,0,0,32,1,1,163840,1,1
"KERNEL_DISPATCH",4,2,78,"void tile_fp16_gemm<128, 64, 4, 8, 32, false>(__half const*, __half const*, float*, float*, int, int, int, long, int)",2187,42153954433131,42153954539799,0,25088,256,1,1,1024,1,8
"KERNEL_DISPATCH",4,2,80,"tile_fp16_reduce_span(float const*, float*, int, int, int, long, long)",2188,42153954539799,42153954544096,0,0,256,1,1,8192,1,1
"KERNEL_DISPATCH",4,2,69,"void convert_unary<float, __half>(void const*, __half*, long, long, long, HIP_vector_type<unsigned int, 3u>, long, long, long)",2189,42153954563948,42153954579651,0,0,256,1,1,655360,1,1
"KERNEL_DISPATCH",4,2,30,"void dequantize_block_iq3_s<__half>(void const*, __half*)",2190,42153954579651,42153954597429,0,0,32,1,1,163840,1,1
"KERNEL_DISPATCH",4,2,78,"void tile_fp16_gemm<128, 64, 4, 8, 32, false>(__half const*, __half const*, float*, float*, int, int, int, long, int)",2191,42153954597429,42153954707356,0,25088,256,1,1,1024,1,8
"KERNEL_DISPATCH",4,2,80,"tile_fp16_reduce_span(float const*, float*, int, int, int, long, long)",2192,42153954707356,42153954711505,0,0,256,1,1,8192,1,1
"KERNEL_DISPATCH",4,2,69,"void convert_unary<float, __half>(void const*, __half*, long, long, long, HIP_vector_type<unsigned int, 3u>, long, long, long)",2193,42153954731357,42153954747061,0,0,256,1,1,655360,1,1
"KERNEL_DISPATCH",4,2,30,"void dequantize_block_iq3_s<__half>(void const*, __half*)",2194,42153954747061,42153954764542,0,0,32,1,1,163840,1,1
"KERNEL_DISPATCH",4,2,78,"void tile_fp16_gemm<128, 64, 4, 8, 32, false>(__half const*, __half const*, float*, float*, int, int, int, long, int)",2195,42153954764542,42153954875062,0,25088,256,1,1,1024,1,8
"KERNEL_DISPATCH",4,2,80,"tile_fp16_reduce_span(float const*, float*, int, int, int, long, long)",2196,42153954875062,42153954879358,0,0,256,1,1,8192,1,1
"KERNEL_DISPATCH",4,2,69,"void convert_unary<float, __half>(void const*, __half*, long, long, long, HIP_vector_type<unsigned int, 3u>, long, long, long)",2197,42153954899062,42153954914914,0,0,256,1,1,655360,1,1
"KERNEL_DISPATCH",4,2,30,"void dequantize_block_iq3_s<__half>(void const*, __half*)",2198,42153954914914,42153954932396,0,0,32,1,1,163840,1,1
"KERNEL_DISPATCH",4,2,78,"void tile_fp16_gemm<128, 64, 4, 8, 32, false>(__half const*, __half const*, float*, float*, int, int, int, long, int)",2199,42153954932396,42153955038619,0,25088,256,1,1,1024,1,8
"KERNEL_DISPATCH",4,2,80,"tile_fp16_reduce_span(float const*, float*, int, int, int, long, long)",2200,42153955038619,42153955042767,0,0,256,1,1,8192,1,1
"KERNEL_DISPATCH",4,2,69,"void convert_unary<float, __half>(void const*, __half*, long, long, long, HIP_vector_type<unsigned int, 3u>, long, long, long)",2201,42153955062915,42153955078619,0,0,256,1,1,655360,1,1
"KERNEL_DISPATCH",4,2,30,"void dequantize_block_iq3_s<__half>(void const*, __half*)",2202,42153955078619,42153955096101,0,0,32,1,1,163840,1,1
"KERNEL_DISPATCH",4,2,78,"void tile_fp16_gemm<128, 64, 4, 8, 32, false>(__half const*, __half const*, float*, float*, int, int, int, long, int)",2203,42153955096101,42153955206028,0,25088,256,1,1,1024,1,8
"KERNEL_DISPATCH",4,2,80,"tile_fp16_reduce_span(float const*, float*, int, int, int, long, long)",2204,42153955206028,42153955210324,0,0,256,1,1,8192,1,1
"KERNEL_DISPATCH",4,2,69,"void convert_unary<float, __half>(void const*, __half*, long, long, long, HIP_vector_type<unsigned int, 3u>, long, long, long)",2205,42153955230325,42153955246177,0,0,256,1,1,655360,1,1
"KERNEL_DISPATCH",4,2,30,"void dequantize_block_iq3_s<__half>(void const*, __half*)",2206,42153955246177,42153955263658,0,0,32,1,1,163840,1,1
"KERNEL_DISPATCH",4,2,78,"void tile_fp16_gemm<128, 64, 4, 8, 32, false>(__half const*, __half const*, float*, float*, int, int, int, long, int)",2207,42153955263658,42153955368548,0,25088,256,1,1,1024,1,8
"KERNEL_DISPATCH",4,2,80,"tile_fp16_reduce_span(float const*, float*, int, int, int, long, long)",2208,42153955368548,42153955372696,0,0,256,1,1,8192,1,1
"KERNEL_DISPATCH",4,2,69,"void convert_unary<float, __half>(void const*, __half*, long, long, long, HIP_vector_type<unsigned int, 3u>, long, long, long)",2209,42153955392845,42153955408549,0,0,256,1,1,655360,1,1
"KERNEL_DISPATCH",4,2,30,"void dequantize_block_iq3_s<__half>(void const*, __half*)",2210,42153955408549,42153955426178,0,0,32,1,1,163840,1,1
"KERNEL_DISPATCH",4,2,78,"void tile_fp16_gemm<128, 64, 4, 8, 32, false>(__half const*, __half const*, float*, float*, int, int, int, long, int)",2211,42153955426178,42153955533142,0,25088,256,1,1,1024,1,8
"KERNEL_DISPATCH",4,2,80,"tile_fp16_reduce_span(float const*, float*, int, int, int, long, long)",2212,42153955533142,42153955537291,0,0,256,1,1,8192,1,1
"KERNEL_DISPATCH",4,2,69,"void convert_unary<float, __half>(void const*, __half*, long, long, long, HIP_vector_type<unsigned int, 3u>, long, long, long)",2213,42153955557291,42153955573143,0,0,256,1,1,655360,1,1
"KERNEL_DISPATCH",4,2,30,"void dequantize_block_iq3_s<__half>(void const*, __half*)",2214,42153955573143,42153955590476,0,0,32,1,1,163840,1,1
"KERNEL_DISPATCH",4,2,78,"void tile_fp16_gemm<128, 64, 4, 8, 32, false>(__half const*, __half const*, float*, float*, int, int, int, long, int)",2215,42153955590476,42153955695662,0,25088,256,1,1,1024,1,8
"KERNEL_DISPATCH",4,2,80,"tile_fp16_reduce_span(float const*, float*, int, int, int, long, long)",2216,42153955695662,42153955699811,0,0,256,1,1,8192,1,1
"KERNEL_DISPATCH",4,2,69,"void convert_unary<float, __half>(void const*, __half*, long, long, long, HIP_vector_type<unsigned int, 3u>, long, long, long)",2217,42153955719663,42153955735367,0,0,256,1,1,655360,1,1
"KERNEL_DISPATCH",4,2,30,"void dequantize_block_iq3_s<__half>(void const*, __half*)",2218,42153955735367,42153955752996,0,0,32,1,1,163840,1,1
"KERNEL_DISPATCH",4,2,78,"void tile_fp16_gemm<128, 64, 4, 8, 32, false>(__half const*, __half const*, float*, float*, int, int, int, long, int)",2219,42153955752996,42153955862035,0,25088,256,1,1,1024,1,8
"KERNEL_DISPATCH",4,2,80,"tile_fp16_reduce_span(float const*, float*, int, int, int, long, long)",2220,42153955862035,42153955866331,0,0,256,1,1,8192,1,1
"KERNEL_DISPATCH",4,2,69,"void convert_unary<float, __half>(void const*, __half*, long, long, long, HIP_vector_type<unsigned int, 3u>, long, long, long)",2221,42153955886035,42153955901739,0,0,256,1,1,655360,1,1
"KERNEL_DISPATCH",4,2,30,"void dequantize_block_iq3_s<__half>(void const*, __half*)",2222,42153955901739,42153955919220,0,0,32,1,1,163840,1,1
"KERNEL_DISPATCH",4,2,78,"void tile_fp16_gemm<128, 64, 4, 8, 32, false>(__half const*, __half const*, float*, float*, int, int, int, long, int)",2223,42153955919220,42153956025147,0,25088,256,1,1,1024,1,8
"KERNEL_DISPATCH",4,2,80,"tile_fp16_reduce_span(float const*, float*, int, int, int, long, long)",2224,42153956025147,42153956029295,0,0,256,1,1,8192,1,1
"KERNEL_DISPATCH",4,2,69,"void convert_unary<float, __half>(void const*, __half*, long, long, long, HIP_vector_type<unsigned int, 3u>, long, long, long)",2225,42153956079222,42153956095222,0,0,256,1,1,655360,1,1
"KERNEL_DISPATCH",4,2,30,"void dequantize_block_iq3_s<__half>(void const*, __half*)",2226,42153956095222,42153956112704,0,0,32,1,1,163840,1,1
"KERNEL_DISPATCH",4,2,78,"void tile_fp16_gemm<128, 64, 4, 8, 32, false>(__half const*, __half const*, float*, float*, int, int, int, long, int)",2227,42153956112704,42153956217297,0,25088,256,1,1,1024,1,8
"KERNEL_DISPATCH",4,2,80,"tile_fp16_reduce_span(float const*, float*, int, int, int, long, long)",2228,42153956217297,42153956221594,0,0,256,1,1,8192,1,1
"KERNEL_DISPATCH",4,2,69,"void convert_unary<float, __half>(void const*, __half*, long, long, long, HIP_vector_type<unsigned int, 3u>, long, long, long)",2229,42153956241890,42153956257742,0,0,256,1,1,655360,1,1
"KERNEL_DISPATCH",4,2,30,"void dequantize_block_iq3_s<__half>(void const*, __half*)",2230,42153956257742,42153956275224,0,0,32,1,1,163840,1,1
"KERNEL_DISPATCH",4,2,78,"void tile_fp16_gemm<128, 64, 4, 8, 32, false>(__half const*, __half const*, float*, float*, int, int, int, long, int)",2231,42153956275224,42153956382188,0,25088,256,1,1,1024,1,8
"KERNEL_DISPATCH",4,2,80,"tile_fp16_reduce_span(float const*, float*, int, int, int, long, long)",2232,42153956382188,42153956386336,0,0,256,1,1,8192,1,1
"KERNEL_DISPATCH",4,2,69,"void convert_unary<float, __half>(void const*, __half*, long, long, long, HIP_vector_type<unsigned int, 3u>, long, long, long)",2233,42153956406484,42153956422336,0,0,256,1,1,655360,1,1
"KERNEL_DISPATCH",4,2,30,"void dequantize_block_iq3_s<__half>(void const*, __half*)",2234,42153956422336,42153956439818,0,0,32,1,1,163840,1,1
"KERNEL_DISPATCH",4,2,78,"void tile_fp16_gemm<128, 64, 4, 8, 32, false>(__half const*, __half const*, float*, float*, int, int, int, long, int)",2235,42153956439818,42153956545597,0,25088,256,1,1,1024,1,8
"KERNEL_DISPATCH",4,2,80,"tile_fp16_reduce_span(float const*, float*, int, int, int, long, long)",2236,42153956545597,42153956549893,0,0,256,1,1,8192,1,1
"KERNEL_DISPATCH",4,2,69,"void convert_unary<float, __half>(void const*, __half*, long, long, long, HIP_vector_type<unsigned int, 3u>, long, long, long)",2237,42153956569597,42153956585301,0,0,256,1,1,655360,1,1
"KERNEL_DISPATCH",4,2,30,"void dequantize_block_iq3_s<__half>(void const*, __half*)",2238,42153956585301,42153956602931,0,0,32,1,1,163840,1,1
"KERNEL_DISPATCH",4,2,78,"void tile_fp16_gemm<128, 64, 4, 8, 32, false>(__half const*, __half const*, float*, float*, int, int, int, long, int)",2239,42153956602931,42153956708858,0,25088,256,1,1,1024,1,8
"KERNEL_DISPATCH",4,2,80,"tile_fp16_reduce_span(float const*, float*, int, int, int, long, long)",2240,42153956708858,42153956713006,0,0,256,1,1,8192,1,1
"KERNEL_DISPATCH",4,2,69,"void convert_unary<float, __half>(void const*, __half*, long, long, long, HIP_vector_type<unsigned int, 3u>, long, long, long)",2241,42153956733006,42153956748858,0,0,256,1,1,655360,1,1
"KERNEL_DISPATCH",4,2,30,"void dequantize_block_iq3_s<__half>(void const*, __half*)",2242,42153956748858,42153956766192,0,0,32,1,1,163840,1,1
"KERNEL_DISPATCH",4,2,78,"void tile_fp16_gemm<128, 64, 4, 8, 32, false>(__half const*, __half const*, float*, float*, int, int, int, long, int)",2243,42153956766192,42153956871970,0,25088,256,1,1,1024,1,8
"KERNEL_DISPATCH",4,2,80,"tile_fp16_reduce_span(float const*, float*, int, int, int, long, long)",2244,42153956871970,42153956876267,0,0,256,1,1,8192,1,1
"KERNEL_DISPATCH",4,2,69,"void convert_unary<float, __half>(void const*, __half*, long, long, long, HIP_vector_type<unsigned int, 3u>, long, long, long)",2245,42153956895971,42153956911823,0,0,256,1,1,655360,1,1
"KERNEL_DISPATCH",4,2,30,"void dequantize_block_iq3_s<__half>(void const*, __half*)",2246,42153956911823,42153956929156,0,0,32,1,1,163840,1,1
"KERNEL_DISPATCH",4,2,78,"void tile_fp16_gemm<128, 64, 4, 8, 32, false>(__half const*, __half const*, float*, float*, int, int, int, long, int)",2247,42153956929156,42153957034787,0,25088,256,1,1,1024,1,8
"KERNEL_DISPATCH",4,2,80,"tile_fp16_reduce_span(float const*, float*, int, int, int, long, long)",2248,42153957034787,42153957038935,0,0,256,1,1,8192,1,1
"KERNEL_DISPATCH",4,2,69,"void convert_unary<float, __half>(void const*, __half*, long, long, long, HIP_vector_type<unsigned int, 3u>, long, long, long)",2249,42153957059380,42153957075232,0,0,256,1,1,655360,1,1
"KERNEL_DISPATCH",4,2,30,"void dequantize_block_iq3_s<__half>(void const*, __half*)",2250,42153957075232,42153957092713,0,0,32,1,1,163840,1,1
"KERNEL_DISPATCH",4,2,78,"void tile_fp16_gemm<128, 64, 4, 8, 32, false>(__half const*, __half const*, float*, float*, int, int, int, long, int)",2251,42153957092713,42153957201900,0,25088,256,1,1,1024,1,8
"KERNEL_DISPATCH",4,2,80,"tile_fp16_reduce_span(float const*, float*, int, int, int, long, long)",2252,42153957201900,42153957206048,0,0,256,1,1,8192,1,1
"KERNEL_DISPATCH",4,2,69,"void convert_unary<float, __half>(void const*, __half*, long, long, long, HIP_vector_type<unsigned int, 3u>, long, long, long)",2253,42153957225752,42153957241604,0,0,256,1,1,655360,1,1
"KERNEL_DISPATCH",4,2,30,"void dequantize_block_iq3_s<__half>(void const*, __half*)",2254,42153957241604,42153957259234,0,0,32,1,1,163840,1,1
"KERNEL_DISPATCH",4,2,78,"void tile_fp16_gemm<128, 64, 4, 8, 32, false>(__half const*, __half const*, float*, float*, int, int, int, long, int)",2255,42153957259234,42153957365012,0,25088,256,1,1,1024,1,8
"KERNEL_DISPATCH",4,2,80,"tile_fp16_reduce_span(float const*, float*, int, int, int, long, long)",2256,42153957365012,42153957369161,0,0,256,1,1,8192,1,1
"KERNEL_DISPATCH",4,2,69,"void convert_unary<float, __half>(void const*, __half*, long, long, long, HIP_vector_type<unsigned int, 3u>, long, long, long)",2257,42153957389161,42153957404865,0,0,256,1,1,655360,1,1
"KERNEL_DISPATCH",4,2,30,"void dequantize_block_iq3_s<__half>(void const*, __half*)",2258,42153957404865,42153957422494,0,0,32,1,1,163840,1,1
"KERNEL_DISPATCH",4,2,78,"void tile_fp16_gemm<128, 64, 4, 8, 32, false>(__half const*, __half const*, float*, float*, int, int, int, long, int)",2259,42153957422494,42153957528273,0,25088,256,1,1,1024,1,8
"KERNEL_DISPATCH",4,2,80,"tile_fp16_reduce_span(float const*, float*, int, int, int, long, long)",2260,42153957528273,42153957532570,0,0,256,1,1,8192,1,1
"KERNEL_DISPATCH",4,2,69,"void convert_unary<float, __half>(void const*, __half*, long, long, long, HIP_vector_type<unsigned int, 3u>, long, long, long)",2261,42153957552570,42153957568422,0,0,256,1,1,655360,1,1
"KERNEL_DISPATCH",4,2,30,"void dequantize_block_iq3_s<__half>(void const*, __half*)",2262,42153957568422,42153957585903,0,0,32,1,1,163840,1,1
"KERNEL_DISPATCH",4,2,78,"void tile_fp16_gemm<128, 64, 4, 8, 32, false>(__half const*, __half const*, float*, float*, int, int, int, long, int)",2263,42153957585903,42153957691386,0,25088,256,1,1,1024,1,8
"KERNEL_DISPATCH",4,2,80,"tile_fp16_reduce_span(float const*, float*, int, int, int, long, long)",2264,42153957691386,42153957695534,0,0,256,1,1,8192,1,1
"KERNEL_DISPATCH",4,2,69,"void convert_unary<float, __half>(void const*, __half*, long, long, long, HIP_vector_type<unsigned int, 3u>, long, long, long)",2265,42153957715534,42153957731238,0,0,256,1,1,655360,1,1
"KERNEL_DISPATCH",4,2,30,"void dequantize_block_iq3_s<__half>(void const*, __half*)",2266,42153957731238,42153957748720,0,0,32,1,1,163840,1,1
"KERNEL_DISPATCH",4,2,78,"void tile_fp16_gemm<128, 64, 4, 8, 32, false>(__half const*, __half const*, float*, float*, int, int, int, long, int)",2267,42153957748720,42153957853165,0,25088,256,1,1,1024,1,8
"KERNEL_DISPATCH",4,2,80,"tile_fp16_reduce_span(float const*, float*, int, int, int, long, long)",2268,42153957853165,42153957857462,0,0,256,1,1,8192,1,1
"KERNEL_DISPATCH",4,2,69,"void convert_unary<float, __half>(void const*, __half*, long, long, long, HIP_vector_type<unsigned int, 3u>, long, long, long)",2269,42154248933060,42154248951875,0,0,256,1,1,655360,1,1
"KERNEL_DISPATCH",4,2,30,"void dequantize_block_iq3_s<__half>(void const*, __half*)",2270,42154248951875,42154248971430,0,0,32,1,1,163840,1,1
"KERNEL_DISPATCH",4,2,78,"void tile_fp16_gemm<128, 64, 4, 8, 32, false>(__half const*, __half const*, float*, float*, int, int, int, long, int)",2271,42154248971430,42154249078838,0,25088,256,1,1,1024,1,8
"KERNEL_DISPATCH",4,2,80,"tile_fp16_reduce_span(float const*, float*, int, int, int, long, long)",2272,42154249078838,42154249083431,0,0,256,1,1,8192,1,1
"KERNEL_DISPATCH",4,2,69,"void convert_unary<float, __half>(void const*, __half*, long, long, long, HIP_vector_type<unsigned int, 3u>, long, long, long)",2273,42154249409656,42154249426101,0,0,256,1,1,655360,1,1
"KERNEL_DISPATCH",4,2,30,"void dequantize_block_iq3_s<__half>(void const*, __half*)",2274,42154249426101,42154249445657,0,0,32,1,1,163840,1,1
"KERNEL_DISPATCH",4,2,78,"void tile_fp16_gemm<128, 64, 4, 8, 32, false>(__half const*, __half const*, float*, float*, int, int, int, long, int)",2275,42154249445657,42154249551732,0,25088,256,1,1,1024,1,8
"KERNEL_DISPATCH",4,2,80,"tile_fp16_reduce_span(float const*, float*, int, int, int, long, long)",2276,42154249551732,42154249556028,0,0,256,1,1,8192,1,1
"KERNEL_DISPATCH",4,2,69,"void convert_unary<float, __half>(void const*, __half*, long, long, long, HIP_vector_type<unsigned int, 3u>, long, long, long)",2277,42154249577510,42154249593806,0,0,256,1,1,655360,1,1
"KERNEL_DISPATCH",4,2,30,"void dequantize_block_iq3_s<__half>(void const*, __half*)",2278,42154249593806,42154249612325,0,0,32,1,1,163840,1,1
"KERNEL_DISPATCH",4,2,78,"void tile_fp16_gemm<128, 64, 4, 8, 32, false>(__half const*, __half const*, float*, float*, int, int, int, long, int)",2279,42154249612325,42154249719141,0,25088,256,1,1,1024,1,8
"KERNEL_DISPATCH",4,2,80,"tile_fp16_reduce_span(float const*, float*, int, int, int, long, long)",2280,42154249719141,42154249723289,0,0,256,1,1,8192,1,1
"KERNEL_DISPATCH",4,2,69,"void convert_unary<float, __half>(void const*, __half*, long, long, long, HIP_vector_type<unsigned int, 3u>, long, long, long)",2281,42154249748623,42154249764475,0,0,256,1,1,655360,1,1
"KERNEL_DISPATCH",4,2,30,"void dequantize_block_iq3_s<__half>(void const*, __half*)",2282,42154249764475,42154249781956,0,0,32,1,1,163840,1,1
"KERNEL_DISPATCH",4,2,78,"void tile_fp16_gemm<128, 64, 4, 8, 32, false>(__half const*, __half const*, float*, float*, int, int, int, long, int)",2283,42154249781956,42154249888328,0,25088,256,1,1,1024,1,8
"KERNEL_DISPATCH",4,2,80,"tile_fp16_reduce_span(float const*, float*, int, int, int, long, long)",2284,42154249888328,42154249892624,0,0,256,1,1,8192,1,1
"KERNEL_DISPATCH",4,2,69,"void convert_unary<float, __half>(void const*, __half*, long, long, long, HIP_vector_type<unsigned int, 3u>, long, long, long)",2285,42154249912772,42154249928624,0,0,256,1,1,655360,1,1
"KERNEL_DISPATCH",4,2,30,"void dequantize_block_iq3_s<__half>(void const*, __half*)",2286,42154249928624,42154249946106,0,0,32,1,1,163840,1,1
"KERNEL_DISPATCH",4,2,78,"void tile_fp16_gemm<128, 64, 4, 8, 32, false>(__half const*, __half const*, float*, float*, int, int, int, long, int)",2287,42154249946106,42154250052181,0,25088,256,1,1,1024,1,8
"KERNEL_DISPATCH",4,2,80,"tile_fp16_reduce_span(float const*, float*, int, int, int, long, long)",2288,42154250052181,42154250056329,0,0,256,1,1,8192,1,1
"KERNEL_DISPATCH",4,2,69,"void convert_unary<float, __half>(void const*, __half*, long, long, long, HIP_vector_type<unsigned int, 3u>, long, long, long)",2289,42154250076181,42154250092033,0,0,256,1,1,655360,1,1
"KERNEL_DISPATCH",4,2,30,"void dequantize_block_iq3_s<__half>(void const*, __half*)",2290,42154250092033,42154250109367,0,0,32,1,1,163840,1,1
"KERNEL_DISPATCH",4,2,78,"void tile_fp16_gemm<128, 64, 4, 8, 32, false>(__half const*, __half const*, float*, float*, int, int, int, long, int)",2291,42154250109367,42154250215294,0,25088,256,1,1,1024,1,8
"KERNEL_DISPATCH",4,2,80,"tile_fp16_reduce_span(float const*, float*, int, int, int, long, long)",2292,42154250215294,42154250219590,0,0,256,1,1,8192,1,1
"KERNEL_DISPATCH",4,2,69,"void convert_unary<float, __half>(void const*, __half*, long, long, long, HIP_vector_type<unsigned int, 3u>, long, long, long)",2293,42154250239590,42154250255591,0,0,256,1,1,655360,1,1
"KERNEL_DISPATCH",4,2,30,"void dequantize_block_iq3_s<__half>(void const*, __half*)",2294,42154250255591,42154250273072,0,0,32,1,1,163840,1,1
"KERNEL_DISPATCH",4,2,78,"void tile_fp16_gemm<128, 64, 4, 8, 32, false>(__half const*, __half const*, float*, float*, int, int, int, long, int)",2295,42154250273072,42154250378703,0,25088,256,1,1,1024,1,8
"KERNEL_DISPATCH",4,2,80,"tile_fp16_reduce_span(float const*, float*, int, int, int, long, long)",2296,42154250378703,42154250382999,0,0,256,1,1,8192,1,1
"KERNEL_DISPATCH",4,2,69,"void convert_unary<float, __half>(void const*, __half*, long, long, long, HIP_vector_type<unsigned int, 3u>, long, long, long)",2297,42154250402703,42154250418555,0,0,256,1,1,655360,1,1
"KERNEL_DISPATCH",4,2,30,"void dequantize_block_iq3_s<__half>(void const*, __half*)",2298,42154250418555,42154250436037,0,0,32,1,1,163840,1,1
"KERNEL_DISPATCH",4,2,78,"void tile_fp16_gemm<128, 64, 4, 8, 32, false>(__half const*, __half const*, float*, float*, int, int, int, long, int)",2299,42154250436037,42154250540630,0,25088,256,1,1,1024,1,8
"KERNEL_DISPATCH",4,2,80,"tile_fp16_reduce_span(float const*, float*, int, int, int, long, long)",2300,42154250540630,42154250544779,0,0,256,1,1,8192,1,1
"KERNEL_DISPATCH",4,2,69,"void convert_unary<float, __half>(void const*, __half*, long, long, long, HIP_vector_type<unsigned int, 3u>, long, long, long)",2301,42154250564779,42154250580779,0,0,256,1,1,655360,1,1
"KERNEL_DISPATCH",4,2,30,"void dequantize_block_iq3_s<__half>(void const*, __half*)",2302,42154250580779,42154250598112,0,0,32,1,1,163840,1,1
"KERNEL_DISPATCH",4,2,78,"void tile_fp16_gemm<128, 64, 4, 8, 32, false>(__half const*, __half const*, float*, float*, int, int, int, long, int)",2303,42154250598112,42154250704188,0,25088,256,1,1,1024,1,8
"KERNEL_DISPATCH",4,2,80,"tile_fp16_reduce_span(float const*, float*, int, int, int, long, long)",2304,42154250704188,42154250708336,0,0,256,1,1,8192,1,1
"KERNEL_DISPATCH",4,2,69,"void convert_unary<float, __half>(void const*, __half*, long, long, long, HIP_vector_type<unsigned int, 3u>, long, long, long)",2305,42154250728484,42154250744188,0,0,256,1,1,655360,1,1
"KERNEL_DISPATCH",4,2,30,"void dequantize_block_iq3_s<__half>(void const*, __half*)",2306,42154250744188,42154250761670,0,0,32,1,1,163840,1,1
"KERNEL_DISPATCH",4,2,78,"void tile_fp16_gemm<128, 64, 4, 8, 32, false>(__half const*, __half const*, float*, float*, int, int, int, long, int)",2307,42154250761670,42154250865078,0,25088,256,1,1,1024,1,8
"KERNEL_DISPATCH",4,2,80,"tile_fp16_reduce_span(float const*, float*, int, int, int, long, long)",2308,42154250865078,42154250869374,0,0,256,1,1,8192,1,1
"KERNEL_DISPATCH",4,2,69,"void convert_unary<float, __half>(void const*, __half*, long, long, long, HIP_vector_type<unsigned int, 3u>, long, long, long)",2309,42154250889523,42154250905523,0,0,256,1,1,655360,1,1
"KERNEL_DISPATCH",4,2,30,"void dequantize_block_iq3_s<__half>(void const*, __half*)",2310,42154250905523,42154250923449,0,0,32,1,1,163840,1,1
"KERNEL_DISPATCH",4,2,78,"void tile_fp16_gemm<128, 64, 4, 8, 32, false>(__half const*, __half const*, float*, float*, int, int, int, long, int)",2311,42154250923449,42154251029228,0,25088,256,1,1,1024,1,8
"KERNEL_DISPATCH",4,2,80,"tile_fp16_reduce_span(float const*, float*, int, int, int, long, long)",2312,42154251029228,42154251033524,0,0,256,1,1,8192,1,1
"KERNEL_DISPATCH",4,2,69,"void convert_unary<float, __half>(void const*, __half*, long, long, long, HIP_vector_type<unsigned int, 3u>, long, long, long)",2313,42154251052932,42154251068636,0,0,256,1,1,655360,1,1
"KERNEL_DISPATCH",4,2,30,"void dequantize_block_iq3_s<__half>(void const*, __half*)",2314,42154251068636,42154251086117,0,0,32,1,1,163840,1,1
"KERNEL_DISPATCH",4,2,78,"void tile_fp16_gemm<128, 64, 4, 8, 32, false>(__half const*, __half const*, float*, float*, int, int, int, long, int)",2315,42154251086117,42154251192192,0,25088,256,1,1,1024,1,8
"KERNEL_DISPATCH",4,2,80,"tile_fp16_reduce_span(float const*, float*, int, int, int, long, long)",2316,42154251192192,42154251196341,0,0,256,1,1,8192,1,1
"KERNEL_DISPATCH",4,2,69,"void convert_unary<float, __half>(void const*, __half*, long, long, long, HIP_vector_type<unsigned int, 3u>, long, long, long)",2317,42154251217082,42154251232785,0,0,256,1,1,655360,1,1
"KERNEL_DISPATCH",4,2,30,"void dequantize_block_iq3_s<__half>(void const*, __half*)",2318,42154251232785,42154251250415,0,0,32,1,1,163840,1,1
"KERNEL_DISPATCH",4,2,78,"void tile_fp16_gemm<128, 64, 4, 8, 32, false>(__half const*, __half const*, float*, float*, int, int, int, long, int)",2319,42154251250415,42154251355157,0,25088,256,1,1,1024,1,8
"KERNEL_DISPATCH",4,2,80,"tile_fp16_reduce_span(float const*, float*, int, int, int, long, long)",2320,42154251355157,42154251359305,0,0,256,1,1,8192,1,1
"KERNEL_DISPATCH",4,2,69,"void convert_unary<float, __half>(void const*, __half*, long, long, long, HIP_vector_type<unsigned int, 3u>, long, long, long)",2321,42154251379009,42154251394861,0,0,256,1,1,655360,1,1
"KERNEL_DISPATCH",4,2,30,"void dequantize_block_iq3_s<__half>(void const*, __half*)",2322,42154251394861,42154251412343,0,0,32,1,1,163840,1,1
"KERNEL_DISPATCH",4,2,78,"void tile_fp16_gemm<128, 64, 4, 8, 32, false>(__half const*, __half const*, float*, float*, int, int, int, long, int)",2323,42154251412343,42154251516936,0,25088,256,1,1,1024,1,8
"KERNEL_DISPATCH",4,2,80,"tile_fp16_reduce_span(float const*, float*, int, int, int, long, long)",2324,42154251516936,42154251521085,0,0,256,1,1,8192,1,1
"KERNEL_DISPATCH",4,2,69,"void convert_unary<float, __half>(void const*, __half*, long, long, long, HIP_vector_type<unsigned int, 3u>, long, long, long)",2325,42154251540937,42154251556640,0,0,256,1,1,655360,1,1
"KERNEL_DISPATCH",4,2,30,"void dequantize_block_iq3_s<__half>(void const*, __half*)",2326,42154251556640,42154251574270,0,0,32,1,1,163840,1,1
"KERNEL_DISPATCH",4,2,78,"void tile_fp16_gemm<128, 64, 4, 8, 32, false>(__half const*, __half const*, float*, float*, int, int, int, long, int)",2327,42154251574270,42154251678716,0,25088,256,1,1,1024,1,8
"KERNEL_DISPATCH",4,2,80,"tile_fp16_reduce_span(float const*, float*, int, int, int, long, long)",2328,42154251678716,42154251683012,0,0,256,1,1,8192,1,1
"KERNEL_DISPATCH",4,2,69,"void convert_unary<float, __half>(void const*, __half*, long, long, long, HIP_vector_type<unsigned int, 3u>, long, long, long)",2329,42154251702420,42154251718272,0,0,256,1,1,655360,1,1
"KERNEL_DISPATCH",4,2,30,"void dequantize_block_iq3_s<__half>(void const*, __half*)",2330,42154251718272,42154251735457,0,0,32,1,1,163840,1,1
"KERNEL_DISPATCH",4,2,78,"void tile_fp16_gemm<128, 64, 4, 8, 32, false>(__half const*, __half const*, float*, float*, int, int, int, long, int)",2331,42154251735457,42154251840940,0,25088,256,1,1,1024,1,8
"KERNEL_DISPATCH",4,2,80,"tile_fp16_reduce_span(float const*, float*, int, int, int, long, long)",2332,42154251840940,42154251845088,0,0,256,1,1,8192,1,1
"KERNEL_DISPATCH",4,2,69,"void convert_unary<float, __half>(void const*, __half*, long, long, long, HIP_vector_type<unsigned int, 3u>, long, long, long)",2333,42154251864644,42154251880496,0,0,256,1,1,655360,1,1
"KERNEL_DISPATCH",4,2,30,"void dequantize_block_iq3_s<__half>(void const*, __half*)",2334,42154251880496,42154251898125,0,0,32,1,1,163840,1,1
"KERNEL_DISPATCH",4,2,78,"void tile_fp16_gemm<128, 64, 4, 8, 32, false>(__half const*, __half const*, float*, float*, int, int, int, long, int)",2335,42154251898125,42154252003312,0,25088,256,1,1,1024,1,8
"KERNEL_DISPATCH",4,2,80,"tile_fp16_reduce_span(float const*, float*, int, int, int, long, long)",2336,42154252003312,42154252007460,0,0,256,1,1,8192,1,1
"KERNEL_DISPATCH",4,2,69,"void convert_unary<float, __half>(void const*, __half*, long, long, long, HIP_vector_type<unsigned int, 3u>, long, long, long)",2337,42154252027460,42154252043312,0,0,256,1,1,655360,1,1
"KERNEL_DISPATCH",4,2,30,"void dequantize_block_iq3_s<__half>(void const*, __half*)",2338,42154252043312,42154252060794,0,0,32,1,1,163840,1,1
"KERNEL_DISPATCH",4,2,78,"void tile_fp16_gemm<128, 64, 4, 8, 32, false>(__half const*, __half const*, float*, float*, int, int, int, long, int)",2339,42154252060794,42154252165387,0,25088,256,1,1,1024,1,8
"KERNEL_DISPATCH",4,2,80,"tile_fp16_reduce_span(float const*, float*, int, int, int, long, long)",2340,42154252165387,42154252169535,0,0,256,1,1,8192,1,1
"KERNEL_DISPATCH",4,2,69,"void convert_unary<float, __half>(void const*, __half*, long, long, long, HIP_vector_type<unsigned int, 3u>, long, long, long)",2341,42154252189387,42154252205239,0,0,256,1,1,655360,1,1
"KERNEL_DISPATCH",4,2,30,"void dequantize_block_iq3_s<__half>(void const*, __half*)",2342,42154252205239,42154252222721,0,0,32,1,1,163840,1,1
"KERNEL_DISPATCH",4,2,78,"void tile_fp16_gemm<128, 64, 4, 8, 32, false>(__half const*, __half const*, float*, float*, int, int, int, long, int)",2343,42154252222721,42154252328204,0,25088,256,1,1,1024,1,8
"KERNEL_DISPATCH",4,2,80,"tile_fp16_reduce_span(float const*, float*, int, int, int, long, long)",2344,42154252328204,42154252332352,0,0,256,1,1,8192,1,1
"KERNEL_DISPATCH",4,2,69,"void convert_unary<float, __half>(void const*, __half*, long, long, long, HIP_vector_type<unsigned int, 3u>, long, long, long)",2345,42154252352204,42154252368056,0,0,256,1,1,655360,1,1
"KERNEL_DISPATCH",4,2,30,"void dequantize_block_iq3_s<__half>(void const*, __half*)",2346,42154252368056,42154252385538,0,0,32,1,1,163840,1,1
"KERNEL_DISPATCH",4,2,78,"void tile_fp16_gemm<128, 64, 4, 8, 32, false>(__half const*, __half const*, float*, float*, int, int, int, long, int)",2347,42154252385538,42154252491613,0,25088,256,1,1,1024,1,8
"KERNEL_DISPATCH",4,2,80,"tile_fp16_reduce_span(float const*, float*, int, int, int, long, long)",2348,42154252491613,42154252495761,0,0,256,1,1,8192,1,1
"KERNEL_DISPATCH",4,2,69,"void convert_unary<float, __half>(void const*, __half*, long, long, long, HIP_vector_type<unsigned int, 3u>, long, long, long)",2349,42154252515909,42154252531909,0,0,256,1,1,655360,1,1
"KERNEL_DISPATCH",4,2,30,"void dequantize_block_iq3_s<__half>(void const*, __half*)",2350,42154252531909,42154252549243,0,0,32,1,1,163840,1,1
"KERNEL_DISPATCH",4,2,78,"void tile_fp16_gemm<128, 64, 4, 8, 32, false>(__half const*, __half const*, float*, float*, int, int, int, long, int)",2351,42154252549243,42154252655762,0,25088,256,1,1,1024,1,8
"KERNEL_DISPATCH",4,2,80,"tile_fp16_reduce_span(float const*, float*, int, int, int, long, long)",2352,42154252655762,42154252660059,0,0,256,1,1,8192,1,1
"KERNEL_DISPATCH",4,2,69,"void convert_unary<float, __half>(void const*, __half*, long, long, long, HIP_vector_type<unsigned int, 3u>, long, long, long)",2353,42154252679615,42154252695467,0,0,256,1,1,655360,1,1
"KERNEL_DISPATCH",4,2,30,"void dequantize_block_iq3_s<__half>(void const*, __half*)",2354,42154252695467,42154252713096,0,0,32,1,1,163840,1,1
"KERNEL_DISPATCH",4,2,78,"void tile_fp16_gemm<128, 64, 4, 8, 32, false>(__half const*, __half const*, float*, float*, int, int, int, long, int)",2355,42154252713096,42154252819468,0,25088,256,1,1,1024,1,8
"KERNEL_DISPATCH",4,2,80,"tile_fp16_reduce_span(float const*, float*, int, int, int, long, long)",2356,42154252819468,42154252823616,0,0,256,1,1,8192,1,1
"KERNEL_DISPATCH",4,2,69,"void convert_unary<float, __half>(void const*, __half*, long, long, long, HIP_vector_type<unsigned int, 3u>, long, long, long)",2357,42154252843024,42154252858876,0,0,256,1,1,655360,1,1
"KERNEL_DISPATCH",4,2,30,"void dequantize_block_iq3_s<__half>(void const*, __half*)",2358,42154252858876,42154252876357,0,0,32,1,1,163840,1,1
"KERNEL_DISPATCH",4,2,78,"void tile_fp16_gemm<128, 64, 4, 8, 32, false>(__half const*, __half const*, float*, float*, int, int, int, long, int)",2359,42154252876357,42154252982432,0,25088,256,1,1,1024,1,8
"KERNEL_DISPATCH",4,2,80,"tile_fp16_reduce_span(float const*, float*, int, int, int, long, long)",2360,42154252982432,42154252986581,0,0,256,1,1,8192,1,1
"KERNEL_DISPATCH",4,2,69,"void convert_unary<float, __half>(void const*, __half*, long, long, long, HIP_vector_type<unsigned int, 3u>, long, long, long)",2361,42154253008655,42154253024507,0,0,256,1,1,655360,1,1
"KERNEL_DISPATCH",4,2,30,"void dequantize_block_iq3_s<__half>(void const*, __half*)",2362,42154253024507,42154253041989,0,0,32,1,1,163840,1,1
"KERNEL_DISPATCH",4,2,78,"void tile_fp16_gemm<128, 64, 4, 8, 32, false>(__half const*, __half const*, float*, float*, int, int, int, long, int)",2363,42154253041989,42154253146434,0,25088,256,1,1,1024,1,8
"KERNEL_DISPATCH",4,2,80,"tile_fp16_reduce_span(float const*, float*, int, int, int, long, long)",2364,42154253146434,42154253150730,0,0,256,1,1,8192,1,1
"KERNEL_DISPATCH",4,2,69,"void convert_unary<float, __half>(void const*, __half*, long, long, long, HIP_vector_type<unsigned int, 3u>, long, long, long)",2365,42154253170434,42154253186286,0,0,256,1,1,655360,1,1
"KERNEL_DISPATCH",4,2,30,"void dequantize_block_iq3_s<__half>(void const*, __half*)",2366,42154253186286,42154253203768,0,0,32,1,1,163840,1,1
"KERNEL_DISPATCH",4,2,78,"void tile_fp16_gemm<128, 64, 4, 8, 32, false>(__half const*, __half const*, float*, float*, int, int, int, long, int)",2367,42154253203768,42154253307176,0,25088,256,1,1,1024,1,8
"KERNEL_DISPATCH",4,2,80,"tile_fp16_reduce_span(float const*, float*, int, int, int, long, long)",2368,42154253307176,42154253311325,0,0,256,1,1,8192,1,1
"KERNEL_DISPATCH",4,2,69,"void convert_unary<float, __half>(void const*, __half*, long, long, long, HIP_vector_type<unsigned int, 3u>, long, long, long)",2369,42154253331621,42154253347473,0,0,256,1,1,655360,1,1
"KERNEL_DISPATCH",4,2,30,"void dequantize_block_iq3_s<__half>(void const*, __half*)",2370,42154253347473,42154253364955,0,0,32,1,1,163840,1,1
"KERNEL_DISPATCH",4,2,78,"void tile_fp16_gemm<128, 64, 4, 8, 32, false>(__half const*, __half const*, float*, float*, int, int, int, long, int)",2371,42154253364955,42154253471919,0,25088,256,1,1,1024,1,8
"KERNEL_DISPATCH",4,2,80,"tile_fp16_reduce_span(float const*, float*, int, int, int, long, long)",2372,42154253471919,42154253476215,0,0,256,1,1,8192,1,1
"KERNEL_DISPATCH",4,2,69,"void convert_unary<float, __half>(void const*, __half*, long, long, long, HIP_vector_type<unsigned int, 3u>, long, long, long)",2373,42154253495919,42154253511623,0,0,256,1,1,655360,1,1
"KERNEL_DISPATCH",4,2,30,"void dequantize_block_iq3_s<__half>(void const*, __half*)",2374,42154253511623,42154253529253,0,0,32,1,1,163840,1,1
"KERNEL_DISPATCH",4,2,78,"void tile_fp16_gemm<128, 64, 4, 8, 32, false>(__half const*, __half const*, float*, float*, int, int, int, long, int)",2375,42154253529253,42154253635476,0,25088,256,1,1,1024,1,8
"KERNEL_DISPATCH",4,2,80,"tile_fp16_reduce_span(float const*, float*, int, int, int, long, long)",2376,42154253635476,42154253639624,0,0,256,1,1,8192,1,1
"KERNEL_DISPATCH",4,2,69,"void convert_unary<float, __half>(void const*, __half*, long, long, long, HIP_vector_type<unsigned int, 3u>, long, long, long)",2377,42154253659624,42154253675624,0,0,256,1,1,655360,1,1
"KERNEL_DISPATCH",4,2,30,"void dequantize_block_iq3_s<__half>(void const*, __half*)",2378,42154253675624,42154253692958,0,0,32,1,1,163840,1,1
"KERNEL_DISPATCH",4,2,78,"void tile_fp16_gemm<128, 64, 4, 8, 32, false>(__half const*, __half const*, float*, float*, int, int, int, long, int)",2379,42154253692958,42154253797107,0,25088,256,1,1,1024,1,8
"KERNEL_DISPATCH",4,2,80,"tile_fp16_reduce_span(float const*, float*, int, int, int, long, long)",2380,42154253797107,42154253801403,0,0,256,1,1,8192,1,1
"KERNEL_DISPATCH",4,2,69,"void convert_unary<float, __half>(void const*, __half*, long, long, long, HIP_vector_type<unsigned int, 3u>, long, long, long)",2381,42154253821107,42154253837107,0,0,256,1,1,655360,1,1
"KERNEL_DISPATCH",4,2,30,"void dequantize_block_iq3_s<__half>(void const*, __half*)",2382,42154253837107,42154253854589,0,0,32,1,1,163840,1,1
"KERNEL_DISPATCH",4,2,78,"void tile_fp16_gemm<128, 64, 4, 8, 32, false>(__half const*, __half const*, float*, float*, int, int, int, long, int)",2383,42154253854589,42154253963924,0,25088,256,1,1,1024,1,8
"KERNEL_DISPATCH",4,2,80,"tile_fp16_reduce_span(float const*, float*, int, int, int, long, long)",2384,42154253963924,42154253968072,0,0,256,1,1,8192,1,1
"KERNEL_DISPATCH",4,2,69,"void convert_unary<float, __half>(void const*, __half*, long, long, long, HIP_vector_type<unsigned int, 3u>, long, long, long)",2385,42154253987924,42154254003776,0,0,256,1,1,655360,1,1
"KERNEL_DISPATCH",4,2,30,"void dequantize_block_iq3_s<__half>(void const*, __half*)",2386,42154254003776,42154254021406,0,0,32,1,1,163840,1,1
"KERNEL_DISPATCH",4,2,78,"void tile_fp16_gemm<128, 64, 4, 8, 32, false>(__half const*, __half const*, float*, float*, int, int, int, long, int)",2387,42154254021406,42154254127925,0,25088,256,1,1,1024,1,8
"KERNEL_DISPATCH",4,2,80,"tile_fp16_reduce_span(float const*, float*, int, int, int, long, long)",2388,42154254127925,42154254132073,0,0,256,1,1,8192,1,1
"KERNEL_DISPATCH",4,2,69,"void convert_unary<float, __half>(void const*, __half*, long, long, long, HIP_vector_type<unsigned int, 3u>, long, long, long)",2389,42154254151925,42154254167926,0,0,256,1,1,655360,1,1
"KERNEL_DISPATCH",4,2,30,"void dequantize_block_iq3_s<__half>(void const*, __half*)",2390,42154254167926,42154254185259,0,0,32,1,1,163840,1,1
"KERNEL_DISPATCH",4,2,78,"void tile_fp16_gemm<128, 64, 4, 8, 32, false>(__half const*, __half const*, float*, float*, int, int, int, long, int)",2391,42154254185259,42154254291038,0,25088,256,1,1,1024,1,8
"KERNEL_DISPATCH",4,2,80,"tile_fp16_reduce_span(float const*, float*, int, int, int, long, long)",2392,42154254291038,42154254295186,0,0,256,1,1,8192,1,1
"KERNEL_DISPATCH",4,2,69,"void convert_unary<float, __half>(void const*, __half*, long, long, long, HIP_vector_type<unsigned int, 3u>, long, long, long)",2393,42154254315038,42154254330742,0,0,256,1,1,655360,1,1
"KERNEL_DISPATCH",4,2,30,"void dequantize_block_iq3_s<__half>(void const*, __half*)",2394,42154254330742,42154254348668,0,0,32,1,1,163840,1,1
"KERNEL_DISPATCH",4,2,78,"void tile_fp16_gemm<128, 64, 4, 8, 32, false>(__half const*, __half const*, float*, float*, int, int, int, long, int)",2395,42154254348668,42154254454743,0,25088,256,1,1,1024,1,8
"KERNEL_DISPATCH",4,2,80,"tile_fp16_reduce_span(float const*, float*, int, int, int, long, long)",2396,42154254454743,42154254459040,0,0,256,1,1,8192,1,1
"KERNEL_DISPATCH",4,2,69,"void convert_unary<float, __half>(void const*, __half*, long, long, long, HIP_vector_type<unsigned int, 3u>, long, long, long)",2397,42154254478892,42154254494744,0,0,256,1,1,655360,1,1
"KERNEL_DISPATCH",4,2,30,"void dequantize_block_iq3_s<__half>(void const*, __half*)",2398,42154254494744,42154254512077,0,0,32,1,1,163840,1,1
"KERNEL_DISPATCH",4,2,78,"void tile_fp16_gemm<128, 64, 4, 8, 32, false>(__half const*, __half const*, float*, float*, int, int, int, long, int)",2399,42154254512077,42154254615782,0,25088,256,1,1,1024,1,8
"KERNEL_DISPATCH",4,2,80,"tile_fp16_reduce_span(float const*, float*, int, int, int, long, long)",2400,42154254615782,42154254619930,0,0,256,1,1,8192,1,1
"KERNEL_DISPATCH",4,2,69,"void convert_unary<float, __half>(void const*, __half*, long, long, long, HIP_vector_type<unsigned int, 3u>, long, long, long)",2401,42154254639486,42154254655338,0,0,256,1,1,655360,1,1
"KERNEL_DISPATCH",4,2,30,"void dequantize_block_iq3_s<__half>(void const*, __half*)",2402,42154254655338,42154254672671,0,0,32,1,1,163840,1,1
"KERNEL_DISPATCH",4,2,78,"void tile_fp16_gemm<128, 64, 4, 8, 32, false>(__half const*, __half const*, float*, float*, int, int, int, long, int)",2403,42154254672671,42154254776524,0,25088,256,1,1,1024,1,8
"KERNEL_DISPATCH",4,2,80,"tile_fp16_reduce_span(float const*, float*, int, int, int, long, long)",2404,42154254776524,42154254780672,0,0,256,1,1,8192,1,1
"KERNEL_DISPATCH",4,2,69,"void convert_unary<float, __half>(void const*, __half*, long, long, long, HIP_vector_type<unsigned int, 3u>, long, long, long)",2405,42154254801413,42154254817117,0,0,256,1,1,655360,1,1
"KERNEL_DISPATCH",4,2,30,"void dequantize_block_iq3_s<__half>(void const*, __half*)",2406,42154254817117,42154254834747,0,0,32,1,1,163840,1,1
"KERNEL_DISPATCH",4,2,78,"void tile_fp16_gemm<128, 64, 4, 8, 32, false>(__half const*, __half const*, float*, float*, int, int, int, long, int)",2407,42154254834747,42154254940378,0,25088,256,1,1,1024,1,8
"KERNEL_DISPATCH",4,2,80,"tile_fp16_reduce_span(float const*, float*, int, int, int, long, long)",2408,42154254940378,42154254944526,0,0,256,1,1,8192,1,1
"KERNEL_DISPATCH",4,2,69,"void convert_unary<float, __half>(void const*, __half*, long, long, long, HIP_vector_type<unsigned int, 3u>, long, long, long)",2409,42154254964230,42154254979934,0,0,256,1,1,655360,1,1
"KERNEL_DISPATCH",4,2,30,"void dequantize_block_iq3_s<__half>(void const*, __half*)",2410,42154254979934,42154254997563,0,0,32,1,1,163840,1,1
"KERNEL_DISPATCH",4,2,78,"void tile_fp16_gemm<128, 64, 4, 8, 32, false>(__half const*, __half const*, float*, float*, int, int, int, long, int)",2411,42154254997563,42154255104083,0,25088,256,1,1,1024,1,8
"KERNEL_DISPATCH",4,2,80,"tile_fp16_reduce_span(float const*, float*, int, int, int, long, long)",2412,42154255104083,42154255108379,0,0,256,1,1,8192,1,1
"KERNEL_DISPATCH",4,2,69,"void convert_unary<float, __half>(void const*, __half*, long, long, long, HIP_vector_type<unsigned int, 3u>, long, long, long)",2413,42154255128231,42154255144083,0,0,256,1,1,655360,1,1
"KERNEL_DISPATCH",4,2,30,"void dequantize_block_iq3_s<__half>(void const*, __half*)",2414,42154255144083,42154255161713,0,0,32,1,1,163840,1,1
"KERNEL_DISPATCH",4,2,78,"void tile_fp16_gemm<128, 64, 4, 8, 32, false>(__half const*, __half const*, float*, float*, int, int, int, long, int)",2415,42154255161713,42154255267640,0,25088,256,1,1,1024,1,8
"KERNEL_DISPATCH",4,2,80,"tile_fp16_reduce_span(float const*, float*, int, int, int, long, long)",2416,42154255267640,42154255271788,0,0,256,1,1,8192,1,1
"KERNEL_DISPATCH",4,2,69,"void convert_unary<float, __half>(void const*, __half*, long, long, long, HIP_vector_type<unsigned int, 3u>, long, long, long)",2417,42154255291640,42154255307344,0,0,256,1,1,655360,1,1
"KERNEL_DISPATCH",4,2,30,"void dequantize_block_iq3_s<__half>(void const*, __half*)",2418,42154255307344,42154255324826,0,0,32,1,1,163840,1,1
"KERNEL_DISPATCH",4,2,78,"void tile_fp16_gemm<128, 64, 4, 8, 32, false>(__half const*, __half const*, float*, float*, int, int, int, long, int)",2419,42154255324826,42154255431494,0,25088,256,1,1,1024,1,8
"KERNEL_DISPATCH",4,2,80,"tile_fp16_reduce_span(float const*, float*, int, int, int, long, long)",2420,42154255431494,42154255435790,0,0,256,1,1,8192,1,1
"KERNEL_DISPATCH",4,2,69,"void convert_unary<float, __half>(void const*, __half*, long, long, long, HIP_vector_type<unsigned int, 3u>, long, long, long)",2421,42154255455494,42154255471346,0,0,256,1,1,655360,1,1
"KERNEL_DISPATCH",4,2,30,"void dequantize_block_iq3_s<__half>(void const*, __half*)",2422,42154255471346,42154255488828,0,0,32,1,1,163840,1,1
"KERNEL_DISPATCH",4,2,78,"void tile_fp16_gemm<128, 64, 4, 8, 32, false>(__half const*, __half const*, float*, float*, int, int, int, long, int)",2423,42154255488828,42154255595199,0,25088,256,1,1,1024,1,8
"KERNEL_DISPATCH",4,2,80,"tile_fp16_reduce_span(float const*, float*, int, int, int, long, long)",2424,42154255595199,42154255599347,0,0,256,1,1,8192,1,1
"KERNEL_DISPATCH",4,2,69,"void convert_unary<float, __half>(void const*, __half*, long, long, long, HIP_vector_type<unsigned int, 3u>, long, long, long)",2425,42154255619347,42154255635199,0,0,256,1,1,655360,1,1
"KERNEL_DISPATCH",4,2,30,"void dequantize_block_iq3_s<__half>(void const*, __half*)",2426,42154255635199,42154255652829,0,0,32,1,1,163840,1,1
"KERNEL_DISPATCH",4,2,78,"void tile_fp16_gemm<128, 64, 4, 8, 32, false>(__half const*, __half const*, float*, float*, int, int, int, long, int)",2427,42154255652829,42154255762164,0,25088,256,1,1,1024,1,8
"KERNEL_DISPATCH",4,2,80,"tile_fp16_reduce_span(float const*, float*, int, int, int, long, long)",2428,42154255762164,42154255766312,0,0,256,1,1,8192,1,1
"KERNEL_DISPATCH",4,2,69,"void convert_unary<float, __half>(void const*, __half*, long, long, long, HIP_vector_type<unsigned int, 3u>, long, long, long)",2429,42154255786016,42154255801720,0,0,256,1,1,655360,1,1
"KERNEL_DISPATCH",4,2,30,"void dequantize_block_iq3_s<__half>(void const*, __half*)",2430,42154255801720,42154255819201,0,0,32,1,1,163840,1,1
"KERNEL_DISPATCH",4,2,78,"void tile_fp16_gemm<128, 64, 4, 8, 32, false>(__half const*, __half const*, float*, float*, int, int, int, long, int)",2431,42154255819201,42154255928239,0,25088,256,1,1,1024,1,8
"KERNEL_DISPATCH",4,2,80,"tile_fp16_reduce_span(float const*, float*, int, int, int, long, long)",2432,42154255928239,42154255932536,0,0,256,1,1,8192,1,1
"KERNEL_DISPATCH",4,2,69,"void convert_unary<float, __half>(void const*, __half*, long, long, long, HIP_vector_type<unsigned int, 3u>, long, long, long)",2433,42154255952388,42154255968388,0,0,256,1,1,655360,1,1
"KERNEL_DISPATCH",4,2,30,"void dequantize_block_iq3_s<__half>(void const*, __half*)",2434,42154255968388,42154255985869,0,0,32,1,1,163840,1,1
"KERNEL_DISPATCH",4,2,78,"void tile_fp16_gemm<128, 64, 4, 8, 32, false>(__half const*, __half const*, float*, float*, int, int, int, long, int)",2435,42154255985869,42154256091945,0,25088,256,1,1,1024,1,8
"KERNEL_DISPATCH",4,2,80,"tile_fp16_reduce_span(float const*, float*, int, int, int, long, long)",2436,42154256091945,42154256096093,0,0,256,1,1,8192,1,1
"KERNEL_DISPATCH",4,2,69,"void convert_unary<float, __half>(void const*, __half*, long, long, long, HIP_vector_type<unsigned int, 3u>, long, long, long)",2437,42154256115797,42154256131797,0,0,256,1,1,655360,1,1
"KERNEL_DISPATCH",4,2,30,"void dequantize_block_iq3_s<__half>(void const*, __half*)",2438,42154256131797,42154256149279,0,0,32,1,1,163840,1,1
"KERNEL_DISPATCH",4,2,78,"void tile_fp16_gemm<128, 64, 4, 8, 32, false>(__half const*, __half const*, float*, float*, int, int, int, long, int)",2439,42154256149279,42154256258761,0,25088,256,1,1,1024,1,8
"KERNEL_DISPATCH",4,2,80,"tile_fp16_reduce_span(float const*, float*, int, int, int, long, long)",2440,42154256258761,42154256263057,0,0,256,1,1,8192,1,1
"KERNEL_DISPATCH",4,2,69,"void convert_unary<float, __half>(void const*, __half*, long, long, long, HIP_vector_type<unsigned int, 3u>, long, long, long)",2441,42154256282909,42154256298613,0,0,256,1,1,655360,1,1
"KERNEL_DISPATCH",4,2,30,"void dequantize_block_iq3_s<__half>(void const*, __half*)",2442,42154256298613,42154256316095,0,0,32,1,1,163840,1,1
"KERNEL_DISPATCH",4,2,78,"void tile_fp16_gemm<128, 64, 4, 8, 32, false>(__half const*, __half const*, float*, float*, int, int, int, long, int)",2443,42154256316095,42154256419652,0,25088,256,1,1,1024,1,8
"KERNEL_DISPATCH",4,2,80,"tile_fp16_reduce_span(float const*, float*, int, int, int, long, long)",2444,42154256419652,42154256423948,0,0,256,1,1,8192,1,1
"KERNEL_DISPATCH",4,2,69,"void convert_unary<float, __half>(void const*, __half*, long, long, long, HIP_vector_type<unsigned int, 3u>, long, long, long)",2445,42154256443504,42154256459356,0,0,256,1,1,655360,1,1
"KERNEL_DISPATCH",4,2,30,"void dequantize_block_iq3_s<__half>(void const*, __half*)",2446,42154256459356,42154256476837,0,0,32,1,1,163840,1,1
"KERNEL_DISPATCH",4,2,78,"void tile_fp16_gemm<128, 64, 4, 8, 32, false>(__half const*, __half const*, float*, float*, int, int, int, long, int)",2447,42154256476837,42154256579801,0,25088,256,1,1,1024,1,8
"KERNEL_DISPATCH",4,2,80,"tile_fp16_reduce_span(float const*, float*, int, int, int, long, long)",2448,42154256579801,42154256583949,0,0,256,1,1,8192,1,1
"KERNEL_DISPATCH",4,2,69,"void convert_unary<float, __half>(void const*, __half*, long, long, long, HIP_vector_type<unsigned int, 3u>, long, long, long)",2449,42154256603802,42154256619654,0,0,256,1,1,655360,1,1
"KERNEL_DISPATCH",4,2,30,"void dequantize_block_iq3_s<__half>(void const*, __half*)",2450,42154256619654,42154256637283,0,0,32,1,1,163840,1,1
"KERNEL_DISPATCH",4,2,78,"void tile_fp16_gemm<128, 64, 4, 8, 32, false>(__half const*, __half const*, float*, float*, int, int, int, long, int)",2451,42154256637283,42154256743358,0,25088,256,1,1,1024,1,8
"KERNEL_DISPATCH",4,2,80,"tile_fp16_reduce_span(float const*, float*, int, int, int, long, long)",2452,42154256743358,42154256747507,0,0,256,1,1,8192,1,1
"KERNEL_DISPATCH",4,2,69,"void convert_unary<float, __half>(void const*, __half*, long, long, long, HIP_vector_type<unsigned int, 3u>, long, long, long)",2453,42154256767359,42154256783211,0,0,256,1,1,655360,1,1
"KERNEL_DISPATCH",4,2,30,"void dequantize_block_iq3_s<__half>(void const*, __half*)",2454,42154256783211,42154256801285,0,0,32,1,1,163840,1,1
"KERNEL_DISPATCH",4,2,78,"void tile_fp16_gemm<128, 64, 4, 8, 32, false>(__half const*, __half const*, float*, float*, int, int, int, long, int)",2455,42154256801285,42154256907064,0,25088,256,1,1,1024,1,8
"KERNEL_DISPATCH",4,2,80,"tile_fp16_reduce_span(float const*, float*, int, int, int, long, long)",2456,42154256907064,42154256911212,0,0,256,1,1,8192,1,1
"KERNEL_DISPATCH",4,2,69,"void convert_unary<float, __half>(void const*, __half*, long, long, long, HIP_vector_type<unsigned int, 3u>, long, long, long)",2457,42154256931212,42154256946916,0,0,256,1,1,655360,1,1
"KERNEL_DISPATCH",4,2,30,"void dequantize_block_iq3_s<__half>(void const*, __half*)",2458,42154256946916,42154256964546,0,0,32,1,1,163840,1,1
"KERNEL_DISPATCH",4,2,78,"void tile_fp16_gemm<128, 64, 4, 8, 32, false>(__half const*, __half const*, float*, float*, int, int, int, long, int)",2459,42154256964546,42154257070769,0,25088,256,1,1,1024,1,8
"KERNEL_DISPATCH",4,2,80,"tile_fp16_reduce_span(float const*, float*, int, int, int, long, long)",2460,42154257070769,42154257074917,0,0,256,1,1,8192,1,1
"KERNEL_DISPATCH",4,2,69,"void convert_unary<float, __half>(void const*, __half*, long, long, long, HIP_vector_type<unsigned int, 3u>, long, long, long)",2461,42154257094918,42154257110621,0,0,256,1,1,655360,1,1
"KERNEL_DISPATCH",4,2,30,"void dequantize_block_iq3_s<__half>(void const*, __half*)",2462,42154257110621,42154257128992,0,0,32,1,1,163840,1,1
"KERNEL_DISPATCH",4,2,78,"void tile_fp16_gemm<128, 64, 4, 8, 32, false>(__half const*, __half const*, float*, float*, int, int, int, long, int)",2463,42154257128992,42154257235215,0,25088,256,1,1,1024,1,8
"KERNEL_DISPATCH",4,2,80,"tile_fp16_reduce_span(float const*, float*, int, int, int, long, long)",2464,42154257235215,42154257239363,0,0,256,1,1,8192,1,1
"KERNEL_DISPATCH",4,2,69,"void convert_unary<float, __half>(void const*, __half*, long, long, long, HIP_vector_type<unsigned int, 3u>, long, long, long)",2465,42154257259215,42154257275067,0,0,256,1,1,655360,1,1
"KERNEL_DISPATCH",4,2,30,"void dequantize_block_iq3_s<__half>(void const*, __half*)",2466,42154257275067,42154257292401,0,0,32,1,1,163840,1,1
"KERNEL_DISPATCH",4,2,78,"void tile_fp16_gemm<128, 64, 4, 8, 32, false>(__half const*, __half const*, float*, float*, int, int, int, long, int)",2467,42154257292401,42154257396254,0,25088,256,1,1,1024,1,8
"KERNEL_DISPATCH",4,2,80,"tile_fp16_reduce_span(float const*, float*, int, int, int, long, long)",2468,42154257396254,42154257400550,0,0,256,1,1,8192,1,1
"KERNEL_DISPATCH",4,2,69,"void convert_unary<float, __half>(void const*, __half*, long, long, long, HIP_vector_type<unsigned int, 3u>, long, long, long)",2469,42154257420402,42154257436254,0,0,256,1,1,655360,1,1
"KERNEL_DISPATCH",4,2,30,"void dequantize_block_iq3_s<__half>(void const*, __half*)",2470,42154257436254,42154257453736,0,0,32,1,1,163840,1,1
"KERNEL_DISPATCH",4,2,78,"void tile_fp16_gemm<128, 64, 4, 8, 32, false>(__half const*, __half const*, float*, float*, int, int, int, long, int)",2471,42154257453736,42154257558922,0,25088,256,1,1,1024,1,8
"KERNEL_DISPATCH",4,2,80,"tile_fp16_reduce_span(float const*, float*, int, int, int, long, long)",2472,42154257558922,42154257563070,0,0,256,1,1,8192,1,1
"KERNEL_DISPATCH",4,2,69,"void convert_unary<float, __half>(void const*, __half*, long, long, long, HIP_vector_type<unsigned int, 3u>, long, long, long)",2473,42154257583367,42154257599219,0,0,256,1,1,655360,1,1
"KERNEL_DISPATCH",4,2,30,"void dequantize_block_iq3_s<__half>(void const*, __half*)",2474,42154257599219,42154257616700,0,0,32,1,1,163840,1,1
"KERNEL_DISPATCH",4,2,78,"void tile_fp16_gemm<128, 64, 4, 8, 32, false>(__half const*, __half const*, float*, float*, int, int, int, long, int)",2475,42154257616700,42154257722183,0,25088,256,1,1,1024,1,8
"KERNEL_DISPATCH",4,2,80,"tile_fp16_reduce_span(float const*, float*, int, int, int, long, long)",2476,42154257722183,42154257726331,0,0,256,1,1,8192,1,1
"KERNEL_DISPATCH",4,2,69,"void convert_unary<float, __half>(void const*, __half*, long, long, long, HIP_vector_type<unsigned int, 3u>, long, long, long)",2477,42154257746035,42154257761739,0,0,256,1,1,655360,1,1
"KERNEL_DISPATCH",4,2,30,"void dequantize_block_iq3_s<__half>(void const*, __half*)",2478,42154257761739,42154257779221,0,0,32,1,1,163840,1,1
"KERNEL_DISPATCH",4,2,78,"void tile_fp16_gemm<128, 64, 4, 8, 32, false>(__half const*, __half const*, float*, float*, int, int, int, long, int)",2479,42154257779221,42154257885296,0,25088,256,1,1,1024,1,8
"KERNEL_DISPATCH",4,2,80,"tile_fp16_reduce_span(float const*, float*, int, int, int, long, long)",2480,42154257885296,42154257889444,0,0,256,1,1,8192,1,1
"KERNEL_DISPATCH",4,2,69,"void convert_unary<float, __half>(void const*, __half*, long, long, long, HIP_vector_type<unsigned int, 3u>, long, long, long)",2481,42154257909148,42154257925148,0,0,256,1,1,655360,1,1
"KERNEL_DISPATCH",4,2,30,"void dequantize_block_iq3_s<__half>(void const*, __half*)",2482,42154257925148,42154257942481,0,0,32,1,1,163840,1,1
"KERNEL_DISPATCH",4,2,78,"void tile_fp16_gemm<128, 64, 4, 8, 32, false>(__half const*, __half const*, float*, float*, int, int, int, long, int)",2483,42154257942481,42154258046038,0,25088,256,1,1,1024,1,8
"KERNEL_DISPATCH",4,2,80,"tile_fp16_reduce_span(float const*, float*, int, int, int, long, long)",2484,42154258046038,42154258050334,0,0,256,1,1,8192,1,1
"KERNEL_DISPATCH",4,2,69,"void convert_unary<float, __half>(void const*, __half*, long, long, long, HIP_vector_type<unsigned int, 3u>, long, long, long)",2485,42154258070038,42154258085742,0,0,256,1,1,655360,1,1
"KERNEL_DISPATCH",4,2,30,"void dequantize_block_iq3_s<__half>(void const*, __half*)",2486,42154258085742,42154258103372,0,0,32,1,1,163840,1,1
"KERNEL_DISPATCH",4,2,78,"void tile_fp16_gemm<128, 64, 4, 8, 32, false>(__half const*, __half const*, float*, float*, int, int, int, long, int)",2487,42154258103372,42154258208114,0,25088,256,1,1,1024,1,8
"KERNEL_DISPATCH",4,2,80,"tile_fp16_reduce_span(float const*, float*, int, int, int, long, long)",2488,42154258208114,42154258212262,0,0,256,1,1,8192,1,1
"KERNEL_DISPATCH",4,2,69,"void convert_unary<float, __half>(void const*, __half*, long, long, long, HIP_vector_type<unsigned int, 3u>, long, long, long)",2489,42154258231966,42154258247818,0,0,256,1,1,655360,1,1
"KERNEL_DISPATCH",4,2,30,"void dequantize_block_iq3_s<__half>(void const*, __half*)",2490,42154258247818,42154258265151,0,0,32,1,1,163840,1,1
"KERNEL_DISPATCH",4,2,78,"void tile_fp16_gemm<128, 64, 4, 8, 32, false>(__half const*, __half const*, float*, float*, int, int, int, long, int)",2491,42154258265151,42154258371078,0,25088,256,1,1,1024,1,8
"KERNEL_DISPATCH",4,2,80,"tile_fp16_reduce_span(float const*, float*, int, int, int, long, long)",2492,42154258371078,42154258375375,0,0,256,1,1,8192,1,1
"KERNEL_DISPATCH",4,2,69,"void convert_unary<float, __half>(void const*, __half*, long, long, long, HIP_vector_type<unsigned int, 3u>, long, long, long)",2493,42154258395967,42154258411671,0,0,256,1,1,655360,1,1
"KERNEL_DISPATCH",4,2,30,"void dequantize_block_iq3_s<__half>(void const*, __half*)",2494,42154258411671,42154258429005,0,0,32,1,1,163840,1,1
"KERNEL_DISPATCH",4,2,78,"void tile_fp16_gemm<128, 64, 4, 8, 32, false>(__half const*, __half const*, float*, float*, int, int, int, long, int)",2495,42154258429005,42154258535376,0,25088,256,1,1,1024,1,8
"KERNEL_DISPATCH",4,2,80,"tile_fp16_reduce_span(float const*, float*, int, int, int, long, long)",2496,42154258535376,42154258539673,0,0,256,1,1,8192,1,1
"KERNEL_DISPATCH",4,2,69,"void convert_unary<float, __half>(void const*, __half*, long, long, long, HIP_vector_type<unsigned int, 3u>, long, long, long)",2497,42154258559821,42154258575673,0,0,256,1,1,655360,1,1
"KERNEL_DISPATCH",4,2,30,"void dequantize_block_iq3_s<__half>(void const*, __half*)",2498,42154258575673,42154258593155,0,0,32,1,1,163840,1,1
"KERNEL_DISPATCH",4,2,78,"void tile_fp16_gemm<128, 64, 4, 8, 32, false>(__half const*, __half const*, float*, float*, int, int, int, long, int)",2499,42154258593155,42154258698637,0,25088,256,1,1,1024,1,8
"KERNEL_DISPATCH",4,2,80,"tile_fp16_reduce_span(float const*, float*, int, int, int, long, long)",2500,42154258698637,42154258702933,0,0,256,1,1,8192,1,1
"KERNEL_DISPATCH",4,2,69,"void convert_unary<float, __half>(void const*, __half*, long, long, long, HIP_vector_type<unsigned int, 3u>, long, long, long)",2501,42154258723082,42154258738934,0,0,256,1,1,655360,1,1
"KERNEL_DISPATCH",4,2,30,"void dequantize_block_iq3_s<__half>(void const*, __half*)",2502,42154258738934,42154258756564,0,0,32,1,1,163840,1,1
"KERNEL_DISPATCH",4,2,78,"void tile_fp16_gemm<128, 64, 4, 8, 32, false>(__half const*, __half const*, float*, float*, int, int, int, long, int)",2503,42154258756564,42154258862787,0,25088,256,1,1,1024,1,8
"KERNEL_DISPATCH",4,2,80,"tile_fp16_reduce_span(float const*, float*, int, int, int, long, long)",2504,42154258862787,42154258866935,0,0,256,1,1,8192,1,1
"KERNEL_DISPATCH",4,2,69,"void convert_unary<float, __half>(void const*, __half*, long, long, long, HIP_vector_type<unsigned int, 3u>, long, long, long)",2505,42154258886935,42154258902639,0,0,256,1,1,655360,1,1
"KERNEL_DISPATCH",4,2,30,"void dequantize_block_iq3_s<__half>(void const*, __half*)",2506,42154258902639,42154258920269,0,0,32,1,1,163840,1,1
"KERNEL_DISPATCH",4,2,78,"void tile_fp16_gemm<128, 64, 4, 8, 32, false>(__half const*, __half const*, float*, float*, int, int, int, long, int)",2507,42154258920269,42154259025603,0,25088,256,1,1,1024,1,8
"KERNEL_DISPATCH",4,2,80,"tile_fp16_reduce_span(float const*, float*, int, int, int, long, long)",2508,42154259025603,42154259029900,0,0,256,1,1,8192,1,1
"KERNEL_DISPATCH",4,2,69,"void convert_unary<float, __half>(void const*, __half*, long, long, long, HIP_vector_type<unsigned int, 3u>, long, long, long)",2509,42154259049604,42154259065307,0,0,256,1,1,655360,1,1
"KERNEL_DISPATCH",4,2,30,"void dequantize_block_iq3_s<__half>(void const*, __half*)",2510,42154259065307,42154259082641,0,0,32,1,1,163840,1,1
"KERNEL_DISPATCH",4,2,78,"void tile_fp16_gemm<128, 64, 4, 8, 32, false>(__half const*, __half const*, float*, float*, int, int, int, long, int)",2511,42154259082641,42154259187383,0,25088,256,1,1,1024,1,8
"KERNEL_DISPATCH",4,2,80,"tile_fp16_reduce_span(float const*, float*, int, int, int, long, long)",2512,42154259187383,42154259191531,0,0,256,1,1,8192,1,1
"KERNEL_DISPATCH",4,2,69,"void convert_unary<float, __half>(void const*, __half*, long, long, long, HIP_vector_type<unsigned int, 3u>, long, long, long)",2513,42154259211383,42154259227235,0,0,256,1,1,655360,1,1
"KERNEL_DISPATCH",4,2,30,"void dequantize_block_iq3_s<__half>(void const*, __half*)",2514,42154259227235,42154259244717,0,0,32,1,1,163840,1,1
"KERNEL_DISPATCH",4,2,78,"void tile_fp16_gemm<128, 64, 4, 8, 32, false>(__half const*, __half const*, float*, float*, int, int, int, long, int)",2515,42154259244717,42154259349162,0,25088,256,1,1,1024,1,8
"KERNEL_DISPATCH",4,2,80,"tile_fp16_reduce_span(float const*, float*, int, int, int, long, long)",2516,42154259349162,42154259353310,0,0,256,1,1,8192,1,1
"KERNEL_DISPATCH",4,2,69,"void convert_unary<float, __half>(void const*, __half*, long, long, long, HIP_vector_type<unsigned int, 3u>, long, long, long)",2517,42154259373014,42154259389162,0,0,256,1,1,655360,1,1
"KERNEL_DISPATCH",4,2,30,"void dequantize_block_iq3_s<__half>(void const*, __half*)",2518,42154259389162,42154259406792,0,0,32,1,1,163840,1,1
"KERNEL_DISPATCH",4,2,78,"void tile_fp16_gemm<128, 64, 4, 8, 32, false>(__half const*, __half const*, float*, float*, int, int, int, long, int)",2519,42154259406792,42154259510793,0,25088,256,1,1,1024,1,8
"KERNEL_DISPATCH",4,2,80,"tile_fp16_reduce_span(float const*, float*, int, int, int, long, long)",2520,42154259510793,42154259514941,0,0,256,1,1,8192,1,1
