"Kind","Agent_Id","Queue_Id","Kernel_Id","Kernel_Name","Correlation_Id","Start_Timestamp","End_Timestamp","Private_Segment_Size","Group_Segment_Size","Workgroup_Size_X","Workgroup_Size_Y","Workgroup_Size_Z","Grid_Size_X","Grid_Size_Y","Grid_Size_Z"
"KERNEL_DISPATCH",4,2,21,"void dequantize_block_iq3_s<__half>(void const*, __half*)",1,17030833691764,17030834040661,0,0,32,1,1,3686400,1,1
"KERNEL_DISPATCH",4,2,61,"void convert_unary<float, __half>(void const*, __half*, long, long, long, HIP_vector_type<unsigned int, 3u>, long, long, long)",2,17030834040661,17030834061254,0,0,256,1,1,655360,1,1
"KERNEL_DISPATCH",4,2,78,"void tile_fp16_gemm<128, 64, 4, 8, 32>(__half const*, __half const*, float*, float*, int, int, long)",3,17030835229280,17030836373158,0,25088,256,1,1,23040,1,4
"KERNEL_DISPATCH",4,2,79,"tile_fp16_reduce(float const*, float*, int, int)",4,17030836373158,17030836458642,0,0,256,1,1,184320,1,1
"KERNEL_DISPATCH",4,2,21,"void dequantize_block_iq3_s<__half>(void const*, __half*)",5,17030842711084,17030843059536,0,0,32,1,1,3686400,1,1
"KERNEL_DISPATCH",4,2,61,"void convert_unary<float, __half>(void const*, __half*, long, long, long, HIP_vector_type<unsigned int, 3u>, long, long, long)",6,17030843059536,17030843078648,0,0,256,1,1,655360,1,1
"KERNEL_DISPATCH",4,2,78,"void tile_fp16_gemm<128, 64, 4, 8, 32>(__half const*, __half const*, float*, float*, int, int, long)",7,17030843078648,17030844193489,0,25088,256,1,1,23040,1,4
"KERNEL_DISPATCH",4,2,79,"tile_fp16_reduce(float const*, float*, int, int)",8,17030844193489,17030844237638,0,0,256,1,1,184320,1,1
"KERNEL_DISPATCH",4,2,21,"void dequantize_block_iq3_s<__half>(void const*, __half*)",9,17030844263120,17030844608758,0,0,32,1,1,3686400,1,1
"KERNEL_DISPATCH",4,2,61,"void convert_unary<float, __half>(void const*, __half*, long, long, long, HIP_vector_type<unsigned int, 3u>, long, long, long)",10,17030844608758,17030844625943,0,0,256,1,1,655360,1,1
"KERNEL_DISPATCH",4,2,78,"void tile_fp16_gemm<128, 64, 4, 8, 32>(__half const*, __half const*, float*, float*, int, int, long)",11,17030844625943,17030845712635,0,25088,256,1,1,23040,1,4
"KERNEL_DISPATCH",4,2,79,"tile_fp16_reduce(float const*, float*, int, int)",12,17030845712635,17030845756784,0,0,256,1,1,184320,1,1
"KERNEL_DISPATCH",4,2,21,"void dequantize_block_iq3_s<__half>(void const*, __half*)",13,17030845777229,17030846122274,0,0,32,1,1,3686400,1,1
"KERNEL_DISPATCH",4,2,61,"void convert_unary<float, __half>(void const*, __half*, long, long, long, HIP_vector_type<unsigned int, 3u>, long, long, long)",14,17030846122274,17030846138867,0,0,256,1,1,655360,1,1
"KERNEL_DISPATCH",4,2,78,"void tile_fp16_gemm<128, 64, 4, 8, 32>(__half const*, __half const*, float*, float*, int, int, long)",15,17030846138867,17030847224818,0,25088,256,1,1,23040,1,4
"KERNEL_DISPATCH",4,2,79,"tile_fp16_reduce(float const*, float*, int, int)",16,17030847224818,17030847269412,0,0,256,1,1,184320,1,1
"KERNEL_DISPATCH",4,2,21,"void dequantize_block_iq3_s<__half>(void const*, __half*)",17,17030847291635,17030847651791,0,0,32,1,1,3686400,1,1
"KERNEL_DISPATCH",4,2,61,"void convert_unary<float, __half>(void const*, __half*, long, long, long, HIP_vector_type<unsigned int, 3u>, long, long, long)",18,17030847651791,17030847668533,0,0,256,1,1,655360,1,1
"KERNEL_DISPATCH",4,2,78,"void tile_fp16_gemm<128, 64, 4, 8, 32>(__half const*, __half const*, float*, float*, int, int, long)",19,17030847668533,17030848754336,0,25088,256,1,1,23040,1,4
"KERNEL_DISPATCH",4,2,79,"tile_fp16_reduce(float const*, float*, int, int)",20,17030848754336,17030848799374,0,0,256,1,1,184320,1,1
"KERNEL_DISPATCH",4,2,21,"void dequantize_block_iq3_s<__half>(void const*, __half*)",21,17030848821448,17030849189160,0,0,32,1,1,3686400,1,1
"KERNEL_DISPATCH",4,2,61,"void convert_unary<float, __half>(void const*, __half*, long, long, long, HIP_vector_type<unsigned int, 3u>, long, long, long)",22,17030849189160,17030849206791,0,0,256,1,1,655360,1,1
"KERNEL_DISPATCH",4,2,78,"void tile_fp16_gemm<128, 64, 4, 8, 32>(__half const*, __half const*, float*, float*, int, int, long)",23,17030849206791,17030850256593,0,25088,256,1,1,23040,1,4
"KERNEL_DISPATCH",4,2,79,"tile_fp16_reduce(float const*, float*, int, int)",24,17030850256593,17030850305927,0,0,256,1,1,184320,1,1
"KERNEL_DISPATCH",4,2,21,"void dequantize_block_iq3_s<__half>(void const*, __half*)",25,17030850326965,17030850684899,0,0,32,1,1,3686400,1,1
"KERNEL_DISPATCH",4,2,61,"void convert_unary<float, __half>(void const*, __half*, long, long, long, HIP_vector_type<unsigned int, 3u>, long, long, long)",26,17030850684899,17030850701492,0,0,256,1,1,655360,1,1
"KERNEL_DISPATCH",4,2,79,"tile_fp16_reduce(float const*, float*, int, int)",28,17030851794110,17030851838556,0,0,256,1,1,184320,1,1
"KERNEL_DISPATCH",4,2,78,"void tile_fp16_gemm<128, 64, 4, 8, 32>(__half const*, __half const*, float*, float*, int, int, long)",27,17030850701492,17030851794110,0,25088,256,1,1,23040,1,4
"KERNEL_DISPATCH",4,2,21,"void dequantize_block_iq3_s<__half>(void const*, __half*)",29,17030851860778,17030852228046,0,0,32,1,1,3686400,1,1
"KERNEL_DISPATCH",4,2,61,"void convert_unary<float, __half>(void const*, __half*, long, long, long, HIP_vector_type<unsigned int, 3u>, long, long, long)",30,17030852228046,17030852245528,0,0,256,1,1,655360,1,1
"KERNEL_DISPATCH",4,2,78,"void tile_fp16_gemm<128, 64, 4, 8, 32>(__half const*, __half const*, float*, float*, int, int, long)",31,17030852245528,17030853309256,0,25088,256,1,1,23040,1,4
"KERNEL_DISPATCH",4,2,79,"tile_fp16_reduce(float const*, float*, int, int)",32,17030853309256,17030853353850,0,0,256,1,1,184320,1,1
"KERNEL_DISPATCH",4,2,21,"void dequantize_block_iq3_s<__half>(void const*, __half*)",33,17030853375480,17030853742748,0,0,32,1,1,3686400,1,1
"KERNEL_DISPATCH",4,2,61,"void convert_unary<float, __half>(void const*, __half*, long, long, long, HIP_vector_type<unsigned int, 3u>, long, long, long)",34,17030853742748,17030853760526,0,0,256,1,1,655360,1,1
"KERNEL_DISPATCH",4,2,78,"void tile_fp16_gemm<128, 64, 4, 8, 32>(__half const*, __half const*, float*, float*, int, int, long)",35,17030853760526,17030854846329,0,25088,256,1,1,23040,1,4
"KERNEL_DISPATCH",4,2,79,"tile_fp16_reduce(float const*, float*, int, int)",36,17030854846329,17030854896108,0,0,256,1,1,184320,1,1
"KERNEL_DISPATCH",4,2,21,"void dequantize_block_iq3_s<__half>(void const*, __half*)",37,17030854919072,17030855328415,0,0,32,1,1,3686400,1,1
"KERNEL_DISPATCH",4,2,61,"void convert_unary<float, __half>(void const*, __half*, long, long, long, HIP_vector_type<unsigned int, 3u>, long, long, long)",38,17030855328415,17030855348267,0,0,256,1,1,655360,1,1
"KERNEL_DISPATCH",4,2,78,"void tile_fp16_gemm<128, 64, 4, 8, 32>(__half const*, __half const*, float*, float*, int, int, long)",39,17030855348267,17030856567406,0,25088,256,1,1,23040,1,4
"KERNEL_DISPATCH",4,2,79,"tile_fp16_reduce(float const*, float*, int, int)",40,17030856567406,17030856616148,0,0,256,1,1,184320,1,1
"KERNEL_DISPATCH",4,2,21,"void dequantize_block_iq3_s<__half>(void const*, __half*)",41,17030856640297,17030857049640,0,0,32,1,1,3686400,1,1
"KERNEL_DISPATCH",4,2,61,"void convert_unary<float, __half>(void const*, __half*, long, long, long, HIP_vector_type<unsigned int, 3u>, long, long, long)",42,17030857049640,17030857069196,0,0,256,1,1,655360,1,1
"KERNEL_DISPATCH",4,2,78,"void tile_fp16_gemm<128, 64, 4, 8, 32>(__half const*, __half const*, float*, float*, int, int, long)",43,17030857069196,17030858245223,0,25088,256,1,1,23040,1,4
"KERNEL_DISPATCH",4,2,79,"tile_fp16_reduce(float const*, float*, int, int)",44,17030858245223,17030858295447,0,0,256,1,1,184320,1,1
"KERNEL_DISPATCH",4,2,21,"void dequantize_block_iq3_s<__half>(void const*, __half*)",45,17030858318706,17030858717530,0,0,32,1,1,3686400,1,1
"KERNEL_DISPATCH",4,2,61,"void convert_unary<float, __half>(void const*, __half*, long, long, long, HIP_vector_type<unsigned int, 3u>, long, long, long)",46,17030858717530,17030858735012,0,0,256,1,1,655360,1,1
"KERNEL_DISPATCH",4,2,78,"void tile_fp16_gemm<128, 64, 4, 8, 32>(__half const*, __half const*, float*, float*, int, int, long)",47,17030858735012,17030859821852,0,25088,256,1,1,23040,1,4
"KERNEL_DISPATCH",4,2,79,"tile_fp16_reduce(float const*, float*, int, int)",48,17030859821852,17030859873113,0,0,256,1,1,184320,1,1
"KERNEL_DISPATCH",4,2,21,"void dequantize_block_iq3_s<__half>(void const*, __half*)",49,17030859895928,17030860305419,0,0,32,1,1,3686400,1,1
"KERNEL_DISPATCH",4,2,61,"void convert_unary<float, __half>(void const*, __half*, long, long, long, HIP_vector_type<unsigned int, 3u>, long, long, long)",50,17030860305419,17030860324975,0,0,256,1,1,655360,1,1
"KERNEL_DISPATCH",4,2,78,"void tile_fp16_gemm<128, 64, 4, 8, 32>(__half const*, __half const*, float*, float*, int, int, long)",51,17030860324975,17030861509447,0,25088,256,1,1,23040,1,4
"KERNEL_DISPATCH",4,2,79,"tile_fp16_reduce(float const*, float*, int, int)",52,17030861509447,17030861559226,0,0,256,1,1,184320,1,1
"KERNEL_DISPATCH",4,2,21,"void dequantize_block_iq3_s<__half>(void const*, __half*)",53,17030861590931,17030862060868,0,0,32,1,1,3686400,1,1
"KERNEL_DISPATCH",4,2,61,"void convert_unary<float, __half>(void const*, __half*, long, long, long, HIP_vector_type<unsigned int, 3u>, long, long, long)",54,17030862060868,17030862086942,0,0,256,1,1,655360,1,1
"KERNEL_DISPATCH",4,2,78,"void tile_fp16_gemm<128, 64, 4, 8, 32>(__half const*, __half const*, float*, float*, int, int, long)",55,17030862086942,17030863334379,0,25088,256,1,1,23040,1,4
"KERNEL_DISPATCH",4,2,79,"tile_fp16_reduce(float const*, float*, int, int)",56,17030863334379,17030863384009,0,0,256,1,1,184320,1,1
"KERNEL_DISPATCH",4,2,21,"void dequantize_block_iq3_s<__half>(void const*, __half*)",57,17030863407269,17030863796315,0,0,32,1,1,3686400,1,1
"KERNEL_DISPATCH",4,2,61,"void convert_unary<float, __half>(void const*, __half*, long, long, long, HIP_vector_type<unsigned int, 3u>, long, long, long)",58,17030863796315,17030863813945,0,0,256,1,1,655360,1,1
"KERNEL_DISPATCH",4,2,78,"void tile_fp16_gemm<128, 64, 4, 8, 32>(__half const*, __half const*, float*, float*, int, int, long)",59,17030863813945,17030864912193,0,25088,256,1,1,23040,1,4
"KERNEL_DISPATCH",4,2,79,"tile_fp16_reduce(float const*, float*, int, int)",60,17030864912193,17030864961380,0,0,256,1,1,184320,1,1
"KERNEL_DISPATCH",4,2,21,"void dequantize_block_iq3_s<__half>(void const*, __half*)",61,17030864983899,17030865393686,0,0,32,1,1,3686400,1,1
"KERNEL_DISPATCH",4,2,61,"void convert_unary<float, __half>(void const*, __half*, long, long, long, HIP_vector_type<unsigned int, 3u>, long, long, long)",62,17030865393686,17030865413242,0,0,256,1,1,655360,1,1
"KERNEL_DISPATCH",4,2,79,"tile_fp16_reduce(float const*, float*, int, int)",64,17030866660234,17030866708828,0,0,256,1,1,184320,1,1
"KERNEL_DISPATCH",4,2,78,"void tile_fp16_gemm<128, 64, 4, 8, 32>(__half const*, __half const*, float*, float*, int, int, long)",63,17030865413242,17030866660234,0,25088,256,1,1,23040,1,4
"KERNEL_DISPATCH",4,2,21,"void dequantize_block_iq3_s<__half>(void const*, __half*)",65,17030866731347,17030867141134,0,0,32,1,1,3686400,1,1
"KERNEL_DISPATCH",4,2,61,"void convert_unary<float, __half>(void const*, __half*, long, long, long, HIP_vector_type<unsigned int, 3u>, long, long, long)",66,17030867141134,17030867160986,0,0,256,1,1,655360,1,1
"KERNEL_DISPATCH",4,2,79,"tile_fp16_reduce(float const*, float*, int, int)",68,17030868318939,17030868369607,0,0,256,1,1,184320,1,1
"KERNEL_DISPATCH",4,2,78,"void tile_fp16_gemm<128, 64, 4, 8, 32>(__half const*, __half const*, float*, float*, int, int, long)",67,17030867160986,17030868318939,0,25088,256,1,1,23040,1,4
"KERNEL_DISPATCH",4,2,21,"void dequantize_block_iq3_s<__half>(void const*, __half*)",69,17030868393756,17030868784135,0,0,32,1,1,3686400,1,1
"KERNEL_DISPATCH",4,2,61,"void convert_unary<float, __half>(void const*, __half*, long, long, long, HIP_vector_type<unsigned int, 3u>, long, long, long)",70,17030868784135,17030868802210,0,0,256,1,1,655360,1,1
"KERNEL_DISPATCH",4,2,78,"void tile_fp16_gemm<128, 64, 4, 8, 32>(__half const*, __half const*, float*, float*, int, int, long)",71,17030868802210,17030869909643,0,25088,256,1,1,23040,1,4
"KERNEL_DISPATCH",4,2,79,"tile_fp16_reduce(float const*, float*, int, int)",72,17030869909643,17030869959274,0,0,256,1,1,184320,1,1
"KERNEL_DISPATCH",4,2,21,"void dequantize_block_iq3_s<__half>(void const*, __half*)",73,17030869983274,17030870393210,0,0,32,1,1,3686400,1,1
"KERNEL_DISPATCH",4,2,61,"void convert_unary<float, __half>(void const*, __half*, long, long, long, HIP_vector_type<unsigned int, 3u>, long, long, long)",74,17030870393210,17030870412766,0,0,256,1,1,655360,1,1
"KERNEL_DISPATCH",4,2,78,"void tile_fp16_gemm<128, 64, 4, 8, 32>(__half const*, __half const*, float*, float*, int, int, long)",75,17030870412766,17030871596793,0,25088,256,1,1,23040,1,4
"KERNEL_DISPATCH",4,2,79,"tile_fp16_reduce(float const*, float*, int, int)",76,17030871596793,17030871668795,0,0,256,1,1,184320,1,1
"KERNEL_DISPATCH",4,2,21,"void dequantize_block_iq3_s<__half>(void const*, __half*)",77,17030871695314,17030872165992,0,0,32,1,1,3686400,1,1
"KERNEL_DISPATCH",4,2,61,"void convert_unary<float, __half>(void const*, __half*, long, long, long, HIP_vector_type<unsigned int, 3u>, long, long, long)",78,17030872165992,17030872192215,0,0,256,1,1,655360,1,1
"KERNEL_DISPATCH",4,2,78,"void tile_fp16_gemm<128, 64, 4, 8, 32>(__half const*, __half const*, float*, float*, int, int, long)",79,17030872192215,17030873459800,0,25088,256,1,1,23040,1,4
"KERNEL_DISPATCH",4,2,79,"tile_fp16_reduce(float const*, float*, int, int)",80,17030873459800,17030873510171,0,0,256,1,1,184320,1,1
"KERNEL_DISPATCH",4,2,21,"void dequantize_block_iq3_s<__half>(void const*, __half*)",81,17030873533135,17030873942922,0,0,32,1,1,3686400,1,1
"KERNEL_DISPATCH",4,2,61,"void convert_unary<float, __half>(void const*, __half*, long, long, long, HIP_vector_type<unsigned int, 3u>, long, long, long)",82,17030873942922,17030873962330,0,0,256,1,1,655360,1,1
"KERNEL_DISPATCH",4,2,78,"void tile_fp16_gemm<128, 64, 4, 8, 32>(__half const*, __half const*, float*, float*, int, int, long)",83,17030873962330,17030875222507,0,25088,256,1,1,23040,1,4
"KERNEL_DISPATCH",4,2,79,"tile_fp16_reduce(float const*, float*, int, int)",84,17030875222507,17030875343251,0,0,256,1,1,184320,1,1
"KERNEL_DISPATCH",4,2,21,"void dequantize_block_iq3_s<__half>(void const*, __half*)",85,17030875369918,17030875816447,0,0,32,1,1,3686400,1,1
"KERNEL_DISPATCH",4,2,61,"void convert_unary<float, __half>(void const*, __half*, long, long, long, HIP_vector_type<unsigned int, 3u>, long, long, long)",86,17030875816447,17030875836299,0,0,256,1,1,655360,1,1
"KERNEL_DISPATCH",4,2,78,"void tile_fp16_gemm<128, 64, 4, 8, 32>(__half const*, __half const*, float*, float*, int, int, long)",87,17030875836299,17030876980030,0,25088,256,1,1,23040,1,4
"KERNEL_DISPATCH",4,2,79,"tile_fp16_reduce(float const*, float*, int, int)",88,17030876980030,17030877030549,0,0,256,1,1,184320,1,1
"KERNEL_DISPATCH",4,2,21,"void dequantize_block_iq3_s<__half>(void const*, __half*)",89,17030877052772,17030877462856,0,0,32,1,1,3686400,1,1
"KERNEL_DISPATCH",4,2,61,"void convert_unary<float, __half>(void const*, __half*, long, long, long, HIP_vector_type<unsigned int, 3u>, long, long, long)",90,17030877462856,17030877482708,0,0,256,1,1,655360,1,1
"KERNEL_DISPATCH",4,2,78,"void tile_fp16_gemm<128, 64, 4, 8, 32>(__half const*, __half const*, float*, float*, int, int, long)",91,17030877482708,17030878637105,0,25088,256,1,1,23040,1,4
"KERNEL_DISPATCH",4,2,79,"tile_fp16_reduce(float const*, float*, int, int)",92,17030878637105,17030878687032,0,0,256,1,1,184320,1,1
"KERNEL_DISPATCH",4,2,21,"void dequantize_block_iq3_s<__half>(void const*, __half*)",93,17030878710589,17030879120080,0,0,32,1,1,3686400,1,1
"KERNEL_DISPATCH",4,2,61,"void convert_unary<float, __half>(void const*, __half*, long, long, long, HIP_vector_type<unsigned int, 3u>, long, long, long)",94,17030879120080,17030879139487,0,0,256,1,1,655360,1,1
"KERNEL_DISPATCH",4,2,78,"void tile_fp16_gemm<128, 64, 4, 8, 32>(__half const*, __half const*, float*, float*, int, int, long)",95,17030879139487,17030880278477,0,25088,256,1,1,23040,1,4
"KERNEL_DISPATCH",4,2,79,"tile_fp16_reduce(float const*, float*, int, int)",96,17030880278477,17030880328108,0,0,256,1,1,184320,1,1
"KERNEL_DISPATCH",4,2,21,"void dequantize_block_iq3_s<__half>(void const*, __half*)",97,17030880350775,17030880745747,0,0,32,1,1,3686400,1,1
"KERNEL_DISPATCH",4,2,61,"void convert_unary<float, __half>(void const*, __half*, long, long, long, HIP_vector_type<unsigned int, 3u>, long, long, long)",98,17030880745747,17030880763229,0,0,256,1,1,655360,1,1
"KERNEL_DISPATCH",4,2,78,"void tile_fp16_gemm<128, 64, 4, 8, 32>(__half const*, __half const*, float*, float*, int, int, long)",99,17030880763229,17030881870069,0,25088,256,1,1,23040,1,4
"KERNEL_DISPATCH",4,2,79,"tile_fp16_reduce(float const*, float*, int, int)",100,17030881870069,17030881920145,0,0,256,1,1,184320,1,1
"KERNEL_DISPATCH",4,2,21,"void dequantize_block_iq3_s<__half>(void const*, __half*)",101,17030881942516,17030882352007,0,0,32,1,1,3686400,1,1
"KERNEL_DISPATCH",4,2,61,"void convert_unary<float, __half>(void const*, __half*, long, long, long, HIP_vector_type<unsigned int, 3u>, long, long, long)",102,17030882352007,17030882371711,0,0,256,1,1,655360,1,1
"KERNEL_DISPATCH",4,2,78,"void tile_fp16_gemm<128, 64, 4, 8, 32>(__half const*, __half const*, float*, float*, int, int, long)",103,17030882371711,17030883558257,0,25088,256,1,1,23040,1,4
"KERNEL_DISPATCH",4,2,79,"tile_fp16_reduce(float const*, float*, int, int)",104,17030883558257,17030883640481,0,0,256,1,1,184320,1,1
"KERNEL_DISPATCH",4,2,21,"void dequantize_block_iq3_s<__half>(void const*, __half*)",105,17030883666704,17030884137233,0,0,32,1,1,3686400,1,1
"KERNEL_DISPATCH",4,2,61,"void convert_unary<float, __half>(void const*, __half*, long, long, long, HIP_vector_type<unsigned int, 3u>, long, long, long)",106,17030884137233,17030884164345,0,0,256,1,1,655360,1,1
"KERNEL_DISPATCH",4,2,78,"void tile_fp16_gemm<128, 64, 4, 8, 32>(__half const*, __half const*, float*, float*, int, int, long)",107,17030884164345,17030885411189,0,25088,256,1,1,23040,1,4
"KERNEL_DISPATCH",4,2,79,"tile_fp16_reduce(float const*, float*, int, int)",108,17030885411189,17030885462449,0,0,256,1,1,184320,1,1
"KERNEL_DISPATCH",4,2,21,"void dequantize_block_iq3_s<__half>(void const*, __half*)",109,17030885485413,17030885895348,0,0,32,1,1,3686400,1,1
"KERNEL_DISPATCH",4,2,61,"void convert_unary<float, __half>(void const*, __half*, long, long, long, HIP_vector_type<unsigned int, 3u>, long, long, long)",110,17030885895348,17030885915201,0,0,256,1,1,655360,1,1
"KERNEL_DISPATCH",4,2,78,"void tile_fp16_gemm<128, 64, 4, 8, 32>(__half const*, __half const*, float*, float*, int, int, long)",111,17030885915201,17030887225602,0,25088,256,1,1,23040,1,4
"KERNEL_DISPATCH",4,2,79,"tile_fp16_reduce(float const*, float*, int, int)",112,17030887225602,17030887343530,0,0,256,1,1,184320,1,1
"KERNEL_DISPATCH",4,2,21,"void dequantize_block_iq3_s<__half>(void const*, __half*)",113,17030887370642,17030887818060,0,0,32,1,1,3686400,1,1
"KERNEL_DISPATCH",4,2,61,"void convert_unary<float, __half>(void const*, __half*, long, long, long, HIP_vector_type<unsigned int, 3u>, long, long, long)",114,17030887818060,17030887837616,0,0,256,1,1,655360,1,1
"KERNEL_DISPATCH",4,2,78,"void tile_fp16_gemm<128, 64, 4, 8, 32>(__half const*, __half const*, float*, float*, int, int, long)",115,17030887837616,17030888991124,0,25088,256,1,1,23040,1,4
"KERNEL_DISPATCH",4,2,79,"tile_fp16_reduce(float const*, float*, int, int)",116,17030888991124,17030889042385,0,0,256,1,1,184320,1,1
"KERNEL_DISPATCH",4,2,21,"void dequantize_block_iq3_s<__half>(void const*, __half*)",117,17030889065052,17030889475284,0,0,32,1,1,3686400,1,1
"KERNEL_DISPATCH",4,2,61,"void convert_unary<float, __half>(void const*, __half*, long, long, long, HIP_vector_type<unsigned int, 3u>, long, long, long)",118,17030889475284,17030889495284,0,0,256,1,1,655360,1,1
"KERNEL_DISPATCH",4,2,78,"void tile_fp16_gemm<128, 64, 4, 8, 32>(__half const*, __half const*, float*, float*, int, int, long)",119,17030889495284,17030890721387,0,25088,256,1,1,23040,1,4
"KERNEL_DISPATCH",4,2,79,"tile_fp16_reduce(float const*, float*, int, int)",120,17030890721387,17030890771758,0,0,256,1,1,184320,1,1
"KERNEL_DISPATCH",4,2,21,"void dequantize_block_iq3_s<__half>(void const*, __half*)",121,17030890794870,17030891204805,0,0,32,1,1,3686400,1,1
"KERNEL_DISPATCH",4,2,61,"void convert_unary<float, __half>(void const*, __half*, long, long, long, HIP_vector_type<unsigned int, 3u>, long, long, long)",122,17030891204805,17030891224509,0,0,256,1,1,655360,1,1
"KERNEL_DISPATCH",4,2,79,"tile_fp16_reduce(float const*, float*, int, int)",124,17030892308979,17030892353573,0,0,256,1,1,184320,1,1
"KERNEL_DISPATCH",4,2,78,"void tile_fp16_gemm<128, 64, 4, 8, 32>(__half const*, __half const*, float*, float*, int, int, long)",123,17030891224509,17030892308979,0,25088,256,1,1,23040,1,4
"KERNEL_DISPATCH",4,2,21,"void dequantize_block_iq3_s<__half>(void const*, __half*)",125,17030892374462,17030892741582,0,0,32,1,1,3686400,1,1
"KERNEL_DISPATCH",4,2,61,"void convert_unary<float, __half>(void const*, __half*, long, long, long, HIP_vector_type<unsigned int, 3u>, long, long, long)",126,17030892741582,17030892759212,0,0,256,1,1,655360,1,1
"KERNEL_DISPATCH",4,2,78,"void tile_fp16_gemm<128, 64, 4, 8, 32>(__half const*, __half const*, float*, float*, int, int, long)",127,17030892759212,17030893850645,0,25088,256,1,1,23040,1,4
"KERNEL_DISPATCH",4,2,79,"tile_fp16_reduce(float const*, float*, int, int)",128,17030893850645,17030893900127,0,0,256,1,1,184320,1,1
"KERNEL_DISPATCH",4,2,21,"void dequantize_block_iq3_s<__half>(void const*, __half*)",129,17030893922795,17030894332286,0,0,32,1,1,3686400,1,1
"KERNEL_DISPATCH",4,2,61,"void convert_unary<float, __half>(void const*, __half*, long, long, long, HIP_vector_type<unsigned int, 3u>, long, long, long)",130,17030894332286,17030894351842,0,0,256,1,1,655360,1,1
"KERNEL_DISPATCH",4,2,78,"void tile_fp16_gemm<128, 64, 4, 8, 32>(__half const*, __half const*, float*, float*, int, int, long)",131,17030894351842,17030895507424,0,25088,256,1,1,23040,1,4
"KERNEL_DISPATCH",4,2,79,"tile_fp16_reduce(float const*, float*, int, int)",132,17030895507424,17030895558388,0,0,256,1,1,184320,1,1
"KERNEL_DISPATCH",4,2,21,"void dequantize_block_iq3_s<__half>(void const*, __half*)",133,17030895590685,17030896061363,0,0,32,1,1,3686400,1,1
"KERNEL_DISPATCH",4,2,61,"void convert_unary<float, __half>(void const*, __half*, long, long, long, HIP_vector_type<unsigned int, 3u>, long, long, long)",134,17030896061363,17030896087882,0,0,256,1,1,655360,1,1
"KERNEL_DISPATCH",4,2,78,"void tile_fp16_gemm<128, 64, 4, 8, 32>(__half const*, __half const*, float*, float*, int, int, long)",135,17030896088221,17030897363213,0,25088,256,1,1,23040,1,4
"KERNEL_DISPATCH",4,2,79,"tile_fp16_reduce(float const*, float*, int, int)",136,17030897363213,17030897413881,0,0,256,1,1,184320,1,1
"KERNEL_DISPATCH",4,2,21,"void dequantize_block_iq3_s<__half>(void const*, __half*)",137,17030897437140,17030897823371,0,0,32,1,1,3686400,1,1
"KERNEL_DISPATCH",4,2,61,"void convert_unary<float, __half>(void const*, __half*, long, long, long, HIP_vector_type<unsigned int, 3u>, long, long, long)",138,17030897823371,17030897841594,0,0,256,1,1,655360,1,1
"KERNEL_DISPATCH",4,2,78,"void tile_fp16_gemm<128, 64, 4, 8, 32>(__half const*, __half const*, float*, float*, int, int, long)",139,17030897841594,17030898970361,0,25088,256,1,1,23040,1,4
"KERNEL_DISPATCH",4,2,79,"tile_fp16_reduce(float const*, float*, int, int)",140,17030898970361,17030899019103,0,0,256,1,1,184320,1,1
"KERNEL_DISPATCH",4,2,21,"void dequantize_block_iq3_s<__half>(void const*, __half*)",141,17030899042066,17030899452150,0,0,32,1,1,3686400,1,1
"KERNEL_DISPATCH",4,2,61,"void convert_unary<float, __half>(void const*, __half*, long, long, long, HIP_vector_type<unsigned int, 3u>, long, long, long)",142,17030899452150,17030899471854,0,0,256,1,1,655360,1,1
"KERNEL_DISPATCH",4,2,78,"void tile_fp16_gemm<128, 64, 4, 8, 32>(__half const*, __half const*, float*, float*, int, int, long)",143,17030899471854,17030900696327,0,25088,256,1,1,23040,1,4
"KERNEL_DISPATCH",4,2,79,"tile_fp16_reduce(float const*, float*, int, int)",144,17030900696327,17030900769810,0,0,256,1,1,184320,1,1
"KERNEL_DISPATCH",4,2,21,"void dequantize_block_iq3_s<__half>(void const*, __half*)",145,17030900797070,17030901267748,0,0,32,1,1,3686400,1,1
"KERNEL_DISPATCH",4,2,61,"void convert_unary<float, __half>(void const*, __half*, long, long, long, HIP_vector_type<unsigned int, 3u>, long, long, long)",146,17030901267748,17030901294267,0,0,256,1,1,655360,1,1
"KERNEL_DISPATCH",4,2,79,"tile_fp16_reduce(float const*, float*, int, int)",148,17030902493999,17030902544518,0,0,256,1,1,184320,1,1
"KERNEL_DISPATCH",4,2,78,"void tile_fp16_gemm<128, 64, 4, 8, 32>(__half const*, __half const*, float*, float*, int, int, long)",147,17030901294267,17030902493999,0,25088,256,1,1,23040,1,4
"KERNEL_DISPATCH",4,2,21,"void dequantize_block_iq3_s<__half>(void const*, __half*)",149,17030902575334,17030903045715,0,0,32,1,1,3686400,1,1
"KERNEL_DISPATCH",4,2,61,"void convert_unary<float, __half>(void const*, __half*, long, long, long, HIP_vector_type<unsigned int, 3u>, long, long, long)",150,17030903045715,17030903071790,0,0,256,1,1,655360,1,1
"KERNEL_DISPATCH",4,2,78,"void tile_fp16_gemm<128, 64, 4, 8, 32>(__half const*, __half const*, float*, float*, int, int, long)",151,17030903071790,17030904313004,0,25088,256,1,1,23040,1,4
"KERNEL_DISPATCH",4,2,79,"tile_fp16_reduce(float const*, float*, int, int)",152,17030904313004,17030904363968,0,0,256,1,1,184320,1,1
"KERNEL_DISPATCH",4,2,21,"void dequantize_block_iq3_s<__half>(void const*, __half*)",153,17030904386487,17030904778052,0,0,32,1,1,3686400,1,1
"KERNEL_DISPATCH",4,2,61,"void convert_unary<float, __half>(void const*, __half*, long, long, long, HIP_vector_type<unsigned int, 3u>, long, long, long)",154,17030904778052,17030904795682,0,0,256,1,1,655360,1,1
"KERNEL_DISPATCH",4,2,78,"void tile_fp16_gemm<128, 64, 4, 8, 32>(__half const*, __half const*, float*, float*, int, int, long)",155,17030904795682,17030905869485,0,25088,256,1,1,23040,1,4
"KERNEL_DISPATCH",4,2,79,"tile_fp16_reduce(float const*, float*, int, int)",156,17030905869485,17030905920005,0,0,256,1,1,184320,1,1
"KERNEL_DISPATCH",4,2,21,"void dequantize_block_iq3_s<__half>(void const*, __half*)",157,17030905941635,17030906351718,0,0,32,1,1,3686400,1,1
"KERNEL_DISPATCH",4,2,61,"void convert_unary<float, __half>(void const*, __half*, long, long, long, HIP_vector_type<unsigned int, 3u>, long, long, long)",158,17030906351718,17030906371423,0,0,256,1,1,655360,1,1
"KERNEL_DISPATCH",4,2,78,"void tile_fp16_gemm<128, 64, 4, 8, 32>(__half const*, __half const*, float*, float*, int, int, long)",159,17030906371423,17030907530264,0,25088,256,1,1,23040,1,4
"KERNEL_DISPATCH",4,2,79,"tile_fp16_reduce(float const*, float*, int, int)",160,17030907530264,17030907598266,0,0,256,1,1,184320,1,1
"KERNEL_DISPATCH",4,2,21,"void dequantize_block_iq3_s<__half>(void const*, __half*)",161,17030907624193,17030908095018,0,0,32,1,1,3686400,1,1
"KERNEL_DISPATCH",4,2,61,"void convert_unary<float, __half>(void const*, __half*, long, long, long, HIP_vector_type<unsigned int, 3u>, long, long, long)",162,17030908095018,17030908121537,0,0,256,1,1,655360,1,1
"KERNEL_DISPATCH",4,2,78,"void tile_fp16_gemm<128, 64, 4, 8, 32>(__half const*, __half const*, float*, float*, int, int, long)",163,17030908121537,17030909371196,0,25088,256,1,1,23040,1,4
"KERNEL_DISPATCH",4,2,79,"tile_fp16_reduce(float const*, float*, int, int)",164,17030909371196,17030909421568,0,0,256,1,1,184320,1,1
"KERNEL_DISPATCH",4,2,21,"void dequantize_block_iq3_s<__half>(void const*, __half*)",165,17030909443939,17030909853578,0,0,32,1,1,3686400,1,1
"KERNEL_DISPATCH",4,2,61,"void convert_unary<float, __half>(void const*, __half*, long, long, long, HIP_vector_type<unsigned int, 3u>, long, long, long)",166,17030909853578,17030909873134,0,0,256,1,1,655360,1,1
"KERNEL_DISPATCH",4,2,78,"void tile_fp16_gemm<128, 64, 4, 8, 32>(__half const*, __half const*, float*, float*, int, int, long)",167,17030909873134,17030911034494,0,25088,256,1,1,23040,1,4
"KERNEL_DISPATCH",4,2,79,"tile_fp16_reduce(float const*, float*, int, int)",168,17030911034494,17030911084273,0,0,256,1,1,184320,1,1
"KERNEL_DISPATCH",4,2,21,"void dequantize_block_iq3_s<__half>(void const*, __half*)",169,17030911106644,17030911516431,0,0,32,1,1,3686400,1,1
"KERNEL_DISPATCH",4,2,61,"void convert_unary<float, __half>(void const*, __half*, long, long, long, HIP_vector_type<unsigned int, 3u>, long, long, long)",170,17030911516431,17030911536136,0,0,256,1,1,655360,1,1
"KERNEL_DISPATCH",4,2,78,"void tile_fp16_gemm<128, 64, 4, 8, 32>(__half const*, __half const*, float*, float*, int, int, long)",171,17030911536136,17030912615124,0,25088,256,1,1,23040,1,4
"KERNEL_DISPATCH",4,2,79,"tile_fp16_reduce(float const*, float*, int, int)",172,17030912615124,17030912665051,0,0,256,1,1,184320,1,1
"KERNEL_DISPATCH",4,2,21,"void dequantize_block_iq3_s<__half>(void const*, __half*)",173,17030912687718,17030913097505,0,0,32,1,1,3686400,1,1
"KERNEL_DISPATCH",4,2,61,"void convert_unary<float, __half>(void const*, __half*, long, long, long, HIP_vector_type<unsigned int, 3u>, long, long, long)",174,17030913097505,17030913117061,0,0,256,1,1,655360,1,1
"KERNEL_DISPATCH",4,2,78,"void tile_fp16_gemm<128, 64, 4, 8, 32>(__half const*, __half const*, float*, float*, int, int, long)",175,17030913117061,17030914290274,0,25088,256,1,1,23040,1,4
"KERNEL_DISPATCH",4,2,79,"tile_fp16_reduce(float const*, float*, int, int)",176,17030914290274,17030914339608,0,0,256,1,1,184320,1,1
"KERNEL_DISPATCH",4,2,21,"void dequantize_block_iq3_s<__half>(void const*, __half*)",177,17030914362276,17030914755914,0,0,32,1,1,3686400,1,1
"KERNEL_DISPATCH",4,2,61,"void convert_unary<float, __half>(void const*, __half*, long, long, long, HIP_vector_type<unsigned int, 3u>, long, long, long)",178,17030914755914,17030914773396,0,0,256,1,1,655360,1,1
"KERNEL_DISPATCH",4,2,78,"void tile_fp16_gemm<128, 64, 4, 8, 32>(__half const*, __half const*, float*, float*, int, int, long)",179,17030914773396,17030915886904,0,25088,256,1,1,23040,1,4
"KERNEL_DISPATCH",4,2,79,"tile_fp16_reduce(float const*, float*, int, int)",180,17030915886904,17030915936831,0,0,256,1,1,184320,1,1
"KERNEL_DISPATCH",4,2,21,"void dequantize_block_iq3_s<__half>(void const*, __half*)",181,17030915959202,17030916368397,0,0,32,1,1,3686400,1,1
"KERNEL_DISPATCH",4,2,61,"void convert_unary<float, __half>(void const*, __half*, long, long, long, HIP_vector_type<unsigned int, 3u>, long, long, long)",182,17030916368397,17030916387953,0,0,256,1,1,655360,1,1
"KERNEL_DISPATCH",4,2,78,"void tile_fp16_gemm<128, 64, 4, 8, 32>(__half const*, __half const*, float*, float*, int, int, long)",183,17030916387953,17030917559535,0,25088,256,1,1,23040,1,4
"KERNEL_DISPATCH",4,2,79,"tile_fp16_reduce(float const*, float*, int, int)",184,17030917559535,17030917641463,0,0,256,1,1,184320,1,1
"KERNEL_DISPATCH",4,2,21,"void dequantize_block_iq3_s<__half>(void const*, __half*)",185,17030917668427,17030918138956,0,0,32,1,1,3686400,1,1
"KERNEL_DISPATCH",4,2,61,"void convert_unary<float, __half>(void const*, __half*, long, long, long, HIP_vector_type<unsigned int, 3u>, long, long, long)",186,17030918138956,17030918165772,0,0,256,1,1,655360,1,1
"KERNEL_DISPATCH",4,2,78,"void tile_fp16_gemm<128, 64, 4, 8, 32>(__half const*, __half const*, float*, float*, int, int, long)",187,17030918165772,17030919398097,0,25088,256,1,1,23040,1,4
"KERNEL_DISPATCH",4,2,79,"tile_fp16_reduce(float const*, float*, int, int)",188,17030919398097,17030919448172,0,0,256,1,1,184320,1,1
"KERNEL_DISPATCH",4,2,21,"void dequantize_block_iq3_s<__half>(void const*, __half*)",189,17030919471284,17030919880775,0,0,32,1,1,3686400,1,1
"KERNEL_DISPATCH",4,2,61,"void convert_unary<float, __half>(void const*, __half*, long, long, long, HIP_vector_type<unsigned int, 3u>, long, long, long)",190,17030919880775,17030919900479,0,0,256,1,1,655360,1,1
"KERNEL_DISPATCH",4,2,78,"void tile_fp16_gemm<128, 64, 4, 8, 32>(__half const*, __half const*, float*, float*, int, int, long)",191,17030919900479,17030921056061,0,25088,256,1,1,23040,1,4
"KERNEL_DISPATCH",4,2,79,"tile_fp16_reduce(float const*, float*, int, int)",192,17030921056061,17030921105544,0,0,256,1,1,184320,1,1
"KERNEL_DISPATCH",4,2,21,"void dequantize_block_iq3_s<__half>(void const*, __half*)",193,17030921128952,17030921538147,0,0,32,1,1,3686400,1,1
"KERNEL_DISPATCH",4,2,61,"void convert_unary<float, __half>(void const*, __half*, long, long, long, HIP_vector_type<unsigned int, 3u>, long, long, long)",194,17030921538147,17030921557851,0,0,256,1,1,655360,1,1
"KERNEL_DISPATCH",4,2,78,"void tile_fp16_gemm<128, 64, 4, 8, 32>(__half const*, __half const*, float*, float*, int, int, long)",195,17030921557851,17030922724248,0,25088,256,1,1,23040,1,4
"KERNEL_DISPATCH",4,2,79,"tile_fp16_reduce(float const*, float*, int, int)",196,17030922724248,17030922773731,0,0,256,1,1,184320,1,1
"KERNEL_DISPATCH",4,2,21,"void dequantize_block_iq3_s<__half>(void const*, __half*)",197,17030922796102,17030923205889,0,0,32,1,1,3686400,1,1
"KERNEL_DISPATCH",4,2,61,"void convert_unary<float, __half>(void const*, __half*, long, long, long, HIP_vector_type<unsigned int, 3u>, long, long, long)",198,17030923205889,17030923225297,0,0,256,1,1,655360,1,1
"KERNEL_DISPATCH",4,2,78,"void tile_fp16_gemm<128, 64, 4, 8, 32>(__half const*, __half const*, float*, float*, int, int, long)",199,17030923225297,17030924329916,0,25088,256,1,1,23040,1,4
"KERNEL_DISPATCH",4,2,79,"tile_fp16_reduce(float const*, float*, int, int)",200,17030924329916,17030924374361,0,0,256,1,1,184320,1,1
"KERNEL_DISPATCH",4,2,21,"void dequantize_block_iq3_s<__half>(void const*, __half*)",201,17030924394806,17030924762370,0,0,32,1,1,3686400,1,1
"KERNEL_DISPATCH",4,2,61,"void convert_unary<float, __half>(void const*, __half*, long, long, long, HIP_vector_type<unsigned int, 3u>, long, long, long)",202,17030924762370,17030924779852,0,0,256,1,1,655360,1,1
"KERNEL_DISPATCH",4,2,78,"void tile_fp16_gemm<128, 64, 4, 8, 32>(__half const*, __half const*, float*, float*, int, int, long)",203,17030924779852,17030925896174,0,25088,256,1,1,23040,1,4
"KERNEL_DISPATCH",4,2,79,"tile_fp16_reduce(float const*, float*, int, int)",204,17030925896174,17030925946842,0,0,256,1,1,184320,1,1
"KERNEL_DISPATCH",4,2,21,"void dequantize_block_iq3_s<__half>(void const*, __half*)",205,17030925970102,17030926379445,0,0,32,1,1,3686400,1,1
"KERNEL_DISPATCH",4,2,61,"void convert_unary<float, __half>(void const*, __half*, long, long, long, HIP_vector_type<unsigned int, 3u>, long, long, long)",206,17030926379445,17030926399297,0,0,256,1,1,655360,1,1
"KERNEL_DISPATCH",4,2,78,"void tile_fp16_gemm<128, 64, 4, 8, 32>(__half const*, __half const*, float*, float*, int, int, long)",207,17030926399297,17030927577102,0,25088,256,1,1,23040,1,4
"KERNEL_DISPATCH",4,2,79,"tile_fp16_reduce(float const*, float*, int, int)",208,17030927577102,17030927695772,0,0,256,1,1,184320,1,1
"KERNEL_DISPATCH",4,2,21,"void dequantize_block_iq3_s<__half>(void const*, __half*)",209,17030927721254,17030928191635,0,0,32,1,1,3686400,1,1
"KERNEL_DISPATCH",4,2,61,"void convert_unary<float, __half>(void const*, __half*, long, long, long, HIP_vector_type<unsigned int, 3u>, long, long, long)",210,17030928191635,17030928218006,0,0,256,1,1,655360,1,1
"KERNEL_DISPATCH",4,2,78,"void tile_fp16_gemm<128, 64, 4, 8, 32>(__half const*, __half const*, float*, float*, int, int, long)",211,17030928218006,17030929470628,0,25088,256,1,1,23040,1,4
"KERNEL_DISPATCH",4,2,79,"tile_fp16_reduce(float const*, float*, int, int)",212,17030929470628,17030929520111,0,0,256,1,1,184320,1,1
"KERNEL_DISPATCH",4,2,21,"void dequantize_block_iq3_s<__half>(void const*, __half*)",213,17030929544111,17030930021456,0,0,32,1,1,3686400,1,1
"KERNEL_DISPATCH",4,2,61,"void convert_unary<float, __half>(void const*, __half*, long, long, long, HIP_vector_type<unsigned int, 3u>, long, long, long)",214,17030930021456,17030930048419,0,0,256,1,1,655360,1,1
"KERNEL_DISPATCH",4,2,78,"void tile_fp16_gemm<128, 64, 4, 8, 32>(__half const*, __half const*, float*, float*, int, int, long)",215,17030930048419,17030931331709,0,25088,256,1,1,23040,1,4
"KERNEL_DISPATCH",4,2,79,"tile_fp16_reduce(float const*, float*, int, int)",216,17030931331709,17030931381043,0,0,256,1,1,184320,1,1
"KERNEL_DISPATCH",4,2,21,"void dequantize_block_iq3_s<__half>(void const*, __half*)",217,17030931403414,17030931793053,0,0,32,1,1,3686400,1,1
"KERNEL_DISPATCH",4,2,61,"void convert_unary<float, __half>(void const*, __half*, long, long, long, HIP_vector_type<unsigned int, 3u>, long, long, long)",218,17030931793053,17030931810386,0,0,256,1,1,655360,1,1
"KERNEL_DISPATCH",4,2,78,"void tile_fp16_gemm<128, 64, 4, 8, 32>(__half const*, __half const*, float*, float*, int, int, long)",219,17030931810386,17030932953672,0,25088,256,1,1,23040,1,4
"KERNEL_DISPATCH",4,2,79,"tile_fp16_reduce(float const*, float*, int, int)",220,17030932953672,17030933002266,0,0,256,1,1,184320,1,1
"KERNEL_DISPATCH",4,2,21,"void dequantize_block_iq3_s<__half>(void const*, __half*)",221,17030933024044,17030933433832,0,0,32,1,1,3686400,1,1
"KERNEL_DISPATCH",4,2,61,"void convert_unary<float, __half>(void const*, __half*, long, long, long, HIP_vector_type<unsigned int, 3u>, long, long, long)",222,17030933433832,17030933453536,0,0,256,1,1,655360,1,1
"KERNEL_DISPATCH",4,2,78,"void tile_fp16_gemm<128, 64, 4, 8, 32>(__half const*, __half const*, float*, float*, int, int, long)",223,17030933453536,17030934643934,0,25088,256,1,1,23040,1,4
"KERNEL_DISPATCH",4,2,79,"tile_fp16_reduce(float const*, float*, int, int)",224,17030934643934,17030934717713,0,0,256,1,1,184320,1,1
"KERNEL_DISPATCH",4,2,21,"void dequantize_block_iq3_s<__half>(void const*, __half*)",225,17030934744529,17030935215058,0,0,32,1,1,3686400,1,1
"KERNEL_DISPATCH",4,2,61,"void convert_unary<float, __half>(void const*, __half*, long, long, long, HIP_vector_type<unsigned int, 3u>, long, long, long)",226,17030935215058,17030935241429,0,0,256,1,1,655360,1,1
"KERNEL_DISPATCH",4,2,78,"void tile_fp16_gemm<128, 64, 4, 8, 32>(__half const*, __half const*, float*, float*, int, int, long)",227,17030935241429,17030936512126,0,25088,256,1,1,23040,1,4
"KERNEL_DISPATCH",4,2,79,"tile_fp16_reduce(float const*, float*, int, int)",228,17030936512126,17030936562053,0,0,256,1,1,184320,1,1
"KERNEL_DISPATCH",4,2,21,"void dequantize_block_iq3_s<__half>(void const*, __half*)",229,17030936593905,17030937064731,0,0,32,1,1,3686400,1,1
"KERNEL_DISPATCH",4,2,61,"void convert_unary<float, __half>(void const*, __half*, long, long, long, HIP_vector_type<unsigned int, 3u>, long, long, long)",230,17030937064731,17030937090806,0,0,256,1,1,655360,1,1
"KERNEL_DISPATCH",4,2,78,"void tile_fp16_gemm<128, 64, 4, 8, 32>(__half const*, __half const*, float*, float*, int, int, long)",231,17030937090806,17030938354687,0,25088,256,1,1,23040,1,4
"KERNEL_DISPATCH",4,2,79,"tile_fp16_reduce(float const*, float*, int, int)",232,17030938354687,17030938404911,0,0,256,1,1,184320,1,1
"KERNEL_DISPATCH",4,2,21,"void dequantize_block_iq3_s<__half>(void const*, __half*)",233,17030938427726,17030938814846,0,0,32,1,1,3686400,1,1
"KERNEL_DISPATCH",4,2,61,"void convert_unary<float, __half>(void const*, __half*, long, long, long, HIP_vector_type<unsigned int, 3u>, long, long, long)",234,17030938814846,17030938832328,0,0,256,1,1,655360,1,1
"KERNEL_DISPATCH",4,2,78,"void tile_fp16_gemm<128, 64, 4, 8, 32>(__half const*, __half const*, float*, float*, int, int, long)",235,17030938832328,17030939934280,0,25088,256,1,1,23040,1,4
"KERNEL_DISPATCH",4,2,79,"tile_fp16_reduce(float const*, float*, int, int)",236,17030939934280,17030939984059,0,0,256,1,1,184320,1,1
"KERNEL_DISPATCH",4,2,21,"void dequantize_block_iq3_s<__half>(void const*, __half*)",237,17030940007763,17030940417402,0,0,32,1,1,3686400,1,1
"KERNEL_DISPATCH",4,2,61,"void convert_unary<float, __half>(void const*, __half*, long, long, long, HIP_vector_type<unsigned int, 3u>, long, long, long)",238,17030940417402,17030940437106,0,0,256,1,1,655360,1,1
"KERNEL_DISPATCH",4,2,78,"void tile_fp16_gemm<128, 64, 4, 8, 32>(__half const*, __half const*, float*, float*, int, int, long)",239,17030940437106,17030941637727,0,25088,256,1,1,23040,1,4
"KERNEL_DISPATCH",4,2,79,"tile_fp16_reduce(float const*, float*, int, int)",240,17030941637727,17030941710766,0,0,256,1,1,184320,1,1
"KERNEL_DISPATCH",4,2,21,"void dequantize_block_iq3_s<__half>(void const*, __half*)",241,17030941736248,17030942206777,0,0,32,1,1,3686400,1,1
"KERNEL_DISPATCH",4,2,61,"void convert_unary<float, __half>(void const*, __half*, long, long, long, HIP_vector_type<unsigned int, 3u>, long, long, long)",242,17030942206777,17030942233296,0,0,256,1,1,655360,1,1
"KERNEL_DISPATCH",4,2,78,"void tile_fp16_gemm<128, 64, 4, 8, 32>(__half const*, __half const*, float*, float*, int, int, long)",243,17030942233296,17030943460288,0,25088,256,1,1,23040,1,4
"KERNEL_DISPATCH",4,2,79,"tile_fp16_reduce(float const*, float*, int, int)",244,17030943460288,17030943510511,0,0,256,1,1,184320,1,1
"KERNEL_DISPATCH",4,2,21,"void dequantize_block_iq3_s<__half>(void const*, __half*)",245,17030943533771,17030944011115,0,0,32,1,1,3686400,1,1
"KERNEL_DISPATCH",4,2,61,"void convert_unary<float, __half>(void const*, __half*, long, long, long, HIP_vector_type<unsigned int, 3u>, long, long, long)",246,17030944011115,17030944039116,0,0,256,1,1,655360,1,1
"KERNEL_DISPATCH",4,2,78,"void tile_fp16_gemm<128, 64, 4, 8, 32>(__half const*, __half const*, float*, float*, int, int, long)",247,17030944039116,17030945311294,0,25088,256,1,1,23040,1,4
"KERNEL_DISPATCH",4,2,79,"tile_fp16_reduce(float const*, float*, int, int)",248,17030945311294,17030945361073,0,0,256,1,1,184320,1,1
"KERNEL_DISPATCH",4,2,21,"void dequantize_block_iq3_s<__half>(void const*, __half*)",249,17030945384333,17030945775601,0,0,32,1,1,3686400,1,1
"KERNEL_DISPATCH",4,2,61,"void convert_unary<float, __half>(void const*, __half*, long, long, long, HIP_vector_type<unsigned int, 3u>, long, long, long)",250,17030945775601,17030945793231,0,0,256,1,1,655360,1,1
"KERNEL_DISPATCH",4,2,78,"void tile_fp16_gemm<128, 64, 4, 8, 32>(__half const*, __half const*, float*, float*, int, int, long)",251,17030945793231,17030946897701,0,25088,256,1,1,23040,1,4
"KERNEL_DISPATCH",4,2,79,"tile_fp16_reduce(float const*, float*, int, int)",252,17030946897701,17030946947628,0,0,256,1,1,184320,1,1
"KERNEL_DISPATCH",4,2,21,"void dequantize_block_iq3_s<__half>(void const*, __half*)",253,17037591579284,17037591927737,0,0,32,1,1,3686400,1,1
"KERNEL_DISPATCH",4,2,61,"void convert_unary<float, __half>(void const*, __half*, long, long, long, HIP_vector_type<unsigned int, 3u>, long, long, long)",254,17037591927737,17037591945960,0,0,256,1,1,655360,1,1
"KERNEL_DISPATCH",4,2,79,"tile_fp16_reduce(float const*, float*, int, int)",256,17037593064652,17037593109246,0,0,256,1,1,184320,1,1
"KERNEL_DISPATCH",4,2,78,"void tile_fp16_gemm<128, 64, 4, 8, 32>(__half const*, __half const*, float*, float*, int, int, long)",255,17037591945960,17037593064652,0,25088,256,1,1,23040,1,4
"KERNEL_DISPATCH",4,2,21,"void dequantize_block_iq3_s<__half>(void const*, __half*)",257,17037593129395,17037593474736,0,0,32,1,1,3686400,1,1
"KERNEL_DISPATCH",4,2,61,"void convert_unary<float, __half>(void const*, __half*, long, long, long, HIP_vector_type<unsigned int, 3u>, long, long, long)",258,17037593474736,17037593491625,0,0,256,1,1,655360,1,1
"KERNEL_DISPATCH",4,2,79,"tile_fp16_reduce(float const*, float*, int, int)",260,17037594555206,17037594599356,0,0,256,1,1,184320,1,1
"KERNEL_DISPATCH",4,2,78,"void tile_fp16_gemm<128, 64, 4, 8, 32>(__half const*, __half const*, float*, float*, int, int, long)",259,17037593491625,17037594555206,0,25088,256,1,1,23040,1,4
"KERNEL_DISPATCH",4,2,21,"void dequantize_block_iq3_s<__half>(void const*, __half*)",261,17037594619652,17037594984846,0,0,32,1,1,3686400,1,1
"KERNEL_DISPATCH",4,2,61,"void convert_unary<float, __half>(void const*, __half*, long, long, long, HIP_vector_type<unsigned int, 3u>, long, long, long)",262,17037594984846,17037595001884,0,0,256,1,1,655360,1,1
"KERNEL_DISPATCH",4,2,79,"tile_fp16_reduce(float const*, float*, int, int)",264,17037596104577,17037596148726,0,0,256,1,1,184320,1,1
"KERNEL_DISPATCH",4,2,78,"void tile_fp16_gemm<128, 64, 4, 8, 32>(__half const*, __half const*, float*, float*, int, int, long)",263,17037595001884,17037596104577,0,25088,256,1,1,23040,1,4
"KERNEL_DISPATCH",4,2,21,"void dequantize_block_iq3_s<__half>(void const*, __half*)",265,17037596169023,17037596536884,0,0,32,1,1,3686400,1,1
"KERNEL_DISPATCH",4,2,61,"void convert_unary<float, __half>(void const*, __half*, long, long, long, HIP_vector_type<unsigned int, 3u>, long, long, long)",266,17037596536884,17037596554365,0,0,256,1,1,655360,1,1
"KERNEL_DISPATCH",4,2,79,"tile_fp16_reduce(float const*, float*, int, int)",268,17037597606391,17037597654095,0,0,256,1,1,184320,1,1
"KERNEL_DISPATCH",4,2,78,"void tile_fp16_gemm<128, 64, 4, 8, 32>(__half const*, __half const*, float*, float*, int, int, long)",267,17037596554365,17037597606391,0,25088,256,1,1,23040,1,4
"KERNEL_DISPATCH",4,2,21,"void dequantize_block_iq3_s<__half>(void const*, __half*)",269,17037597674540,17037598037068,0,0,32,1,1,3686400,1,1
"KERNEL_DISPATCH",4,2,61,"void convert_unary<float, __half>(void const*, __half*, long, long, long, HIP_vector_type<unsigned int, 3u>, long, long, long)",270,17037598037068,17037598053957,0,0,256,1,1,655360,1,1
"KERNEL_DISPATCH",4,2,79,"tile_fp16_reduce(float const*, float*, int, int)",272,17037599161243,17037599205836,0,0,256,1,1,184320,1,1
"KERNEL_DISPATCH",4,2,78,"void tile_fp16_gemm<128, 64, 4, 8, 32>(__half const*, __half const*, float*, float*, int, int, long)",271,17037598053957,17037599161243,0,25088,256,1,1,23040,1,4
"KERNEL_DISPATCH",4,2,21,"void dequantize_block_iq3_s<__half>(void const*, __half*)",273,17037599226281,17037599593401,0,0,32,1,1,3686400,1,1
"KERNEL_DISPATCH",4,2,61,"void convert_unary<float, __half>(void const*, __half*, long, long, long, HIP_vector_type<unsigned int, 3u>, long, long, long)",274,17037599593401,17037599611031,0,0,256,1,1,655360,1,1
"KERNEL_DISPATCH",4,2,79,"tile_fp16_reduce(float const*, float*, int, int)",276,17037600700242,17037600744244,0,0,256,1,1,184320,1,1
"KERNEL_DISPATCH",4,2,78,"void tile_fp16_gemm<128, 64, 4, 8, 32>(__half const*, __half const*, float*, float*, int, int, long)",275,17037599611031,17037600700242,0,25088,256,1,1,23040,1,4
"KERNEL_DISPATCH",4,2,21,"void dequantize_block_iq3_s<__half>(void const*, __half*)",277,17037600765726,17037601122179,0,0,32,1,1,3686400,1,1
"KERNEL_DISPATCH",4,2,61,"void convert_unary<float, __half>(void const*, __half*, long, long, long, HIP_vector_type<unsigned int, 3u>, long, long, long)",278,17037601122179,17037601139216,0,0,256,1,1,655360,1,1
"KERNEL_DISPATCH",4,2,78,"void tile_fp16_gemm<128, 64, 4, 8, 32>(__half const*, __half const*, float*, float*, int, int, long)",279,17037601139216,17037602239094,0,25088,256,1,1,23040,1,4
"KERNEL_DISPATCH",4,2,79,"tile_fp16_reduce(float const*, float*, int, int)",280,17037602239094,17037602283392,0,0,256,1,1,184320,1,1
"KERNEL_DISPATCH",4,2,21,"void dequantize_block_iq3_s<__half>(void const*, __half*)",281,17037602303540,17037602670660,0,0,32,1,1,3686400,1,1
"KERNEL_DISPATCH",4,2,61,"void convert_unary<float, __half>(void const*, __half*, long, long, long, HIP_vector_type<unsigned int, 3u>, long, long, long)",282,17037602670660,17037602688438,0,0,256,1,1,655360,1,1
"KERNEL_DISPATCH",4,2,78,"void tile_fp16_gemm<128, 64, 4, 8, 32>(__half const*, __half const*, float*, float*, int, int, long)",283,17037602688438,17037603761649,0,25088,256,1,1,23040,1,4
"KERNEL_DISPATCH",4,2,79,"tile_fp16_reduce(float const*, float*, int, int)",284,17037603761649,17037603806539,0,0,256,1,1,184320,1,1
"KERNEL_DISPATCH",4,2,21,"void dequantize_block_iq3_s<__half>(void const*, __half*)",285,17037603827577,17037604233364,0,0,32,1,1,3686400,1,1
"KERNEL_DISPATCH",4,2,61,"void convert_unary<float, __half>(void const*, __half*, long, long, long, HIP_vector_type<unsigned int, 3u>, long, long, long)",286,17037604233364,17037604253068,0,0,256,1,1,655360,1,1
"KERNEL_DISPATCH",4,2,78,"void tile_fp16_gemm<128, 64, 4, 8, 32>(__half const*, __half const*, float*, float*, int, int, long)",287,17037604253068,17037605498135,0,25088,256,1,1,23040,1,4
"KERNEL_DISPATCH",4,2,79,"tile_fp16_reduce(float const*, float*, int, int)",288,17037605498135,17037605617249,0,0,256,1,1,184320,1,1
"KERNEL_DISPATCH",4,2,21,"void dequantize_block_iq3_s<__half>(void const*, __half*)",289,17037605642731,17037606107631,0,0,32,1,1,3686400,1,1
"KERNEL_DISPATCH",4,2,61,"void convert_unary<float, __half>(void const*, __half*, long, long, long, HIP_vector_type<unsigned int, 3u>, long, long, long)",290,17037606107631,17037606127187,0,0,256,1,1,655360,1,1
"KERNEL_DISPATCH",4,2,78,"void tile_fp16_gemm<128, 64, 4, 8, 32>(__half const*, __half const*, float*, float*, int, int, long)",291,17037606127187,17037607285289,0,25088,256,1,1,23040,1,4
"KERNEL_DISPATCH",4,2,79,"tile_fp16_reduce(float const*, float*, int, int)",292,17037607285289,17037607335068,0,0,256,1,1,184320,1,1
"KERNEL_DISPATCH",4,2,21,"void dequantize_block_iq3_s<__half>(void const*, __half*)",293,17037607356846,17037607766189,0,0,32,1,1,3686400,1,1
"KERNEL_DISPATCH",4,2,61,"void convert_unary<float, __half>(void const*, __half*, long, long, long, HIP_vector_type<unsigned int, 3u>, long, long, long)",294,17037607766189,17037607785597,0,0,256,1,1,655360,1,1
"KERNEL_DISPATCH",4,2,78,"void tile_fp16_gemm<128, 64, 4, 8, 32>(__half const*, __half const*, float*, float*, int, int, long)",295,17037607785597,17037608951551,0,25088,256,1,1,23040,1,4
"KERNEL_DISPATCH",4,2,79,"tile_fp16_reduce(float const*, float*, int, int)",296,17037608951551,17037609001626,0,0,256,1,1,184320,1,1
"KERNEL_DISPATCH",4,2,21,"void dequantize_block_iq3_s<__half>(void const*, __half*)",297,17037609023849,17037609433489,0,0,32,1,1,3686400,1,1
"KERNEL_DISPATCH",4,2,61,"void convert_unary<float, __half>(void const*, __half*, long, long, long, HIP_vector_type<unsigned int, 3u>, long, long, long)",298,17037609433489,17037609453045,0,0,256,1,1,655360,1,1
"KERNEL_DISPATCH",4,2,78,"void tile_fp16_gemm<128, 64, 4, 8, 32>(__half const*, __half const*, float*, float*, int, int, long)",299,17037609453045,17037610597665,0,25088,256,1,1,23040,1,4
"KERNEL_DISPATCH",4,2,79,"tile_fp16_reduce(float const*, float*, int, int)",300,17037610597665,17037610648777,0,0,256,1,1,184320,1,1
"KERNEL_DISPATCH",4,2,21,"void dequantize_block_iq3_s<__half>(void const*, __half*)",301,17037610670852,17037611076195,0,0,32,1,1,3686400,1,1
"KERNEL_DISPATCH",4,2,61,"void convert_unary<float, __half>(void const*, __half*, long, long, long, HIP_vector_type<unsigned int, 3u>, long, long, long)",302,17037611076195,17037611093825,0,0,256,1,1,655360,1,1
"KERNEL_DISPATCH",4,2,78,"void tile_fp16_gemm<128, 64, 4, 8, 32>(__half const*, __half const*, float*, float*, int, int, long)",303,17037611093825,17037612186888,0,25088,256,1,1,23040,1,4
"KERNEL_DISPATCH",4,2,79,"tile_fp16_reduce(float const*, float*, int, int)",304,17037612186888,17037612236963,0,0,256,1,1,184320,1,1
"KERNEL_DISPATCH",4,2,21,"void dequantize_block_iq3_s<__half>(void const*, __half*)",305,17037612258890,17037612668677,0,0,32,1,1,3686400,1,1
"KERNEL_DISPATCH",4,2,61,"void convert_unary<float, __half>(void const*, __half*, long, long, long, HIP_vector_type<unsigned int, 3u>, long, long, long)",306,17037612668677,17037612688381,0,0,256,1,1,655360,1,1
"KERNEL_DISPATCH",4,2,78,"void tile_fp16_gemm<128, 64, 4, 8, 32>(__half const*, __half const*, float*, float*, int, int, long)",307,17037612688381,17037613838779,0,25088,256,1,1,23040,1,4
"KERNEL_DISPATCH",4,2,79,"tile_fp16_reduce(float const*, float*, int, int)",308,17037613838779,17037613889151,0,0,256,1,1,184320,1,1
"KERNEL_DISPATCH",4,2,21,"void dequantize_block_iq3_s<__half>(void const*, __half*)",309,17037613911966,17037614321606,0,0,32,1,1,3686400,1,1
"KERNEL_DISPATCH",4,2,61,"void convert_unary<float, __half>(void const*, __half*, long, long, long, HIP_vector_type<unsigned int, 3u>, long, long, long)",310,17037614321606,17037614341014,0,0,256,1,1,655360,1,1
"KERNEL_DISPATCH",4,2,78,"void tile_fp16_gemm<128, 64, 4, 8, 32>(__half const*, __half const*, float*, float*, int, int, long)",311,17037614341014,17037615490819,0,25088,256,1,1,23040,1,4
"KERNEL_DISPATCH",4,2,79,"tile_fp16_reduce(float const*, float*, int, int)",312,17037615490819,17037615541190,0,0,256,1,1,184320,1,1
"KERNEL_DISPATCH",4,2,21,"void dequantize_block_iq3_s<__half>(void const*, __half*)",313,17037615565635,17037615973497,0,0,32,1,1,3686400,1,1
"KERNEL_DISPATCH",4,2,61,"void convert_unary<float, __half>(void const*, __half*, long, long, long, HIP_vector_type<unsigned int, 3u>, long, long, long)",314,17037615973497,17037615991868,0,0,256,1,1,655360,1,1
"KERNEL_DISPATCH",4,2,78,"void tile_fp16_gemm<128, 64, 4, 8, 32>(__half const*, __half const*, float*, float*, int, int, long)",315,17037615991868,17037617089227,0,25088,256,1,1,23040,1,4
"KERNEL_DISPATCH",4,2,79,"tile_fp16_reduce(float const*, float*, int, int)",316,17037617089227,17037617138858,0,0,256,1,1,184320,1,1
"KERNEL_DISPATCH",4,2,21,"void dequantize_block_iq3_s<__half>(void const*, __half*)",317,17037617161526,17037617571609,0,0,32,1,1,3686400,1,1
"KERNEL_DISPATCH",4,2,61,"void convert_unary<float, __half>(void const*, __half*, long, long, long, HIP_vector_type<unsigned int, 3u>, long, long, long)",318,17037617571609,17037617591314,0,0,256,1,1,655360,1,1
"KERNEL_DISPATCH",4,2,78,"void tile_fp16_gemm<128, 64, 4, 8, 32>(__half const*, __half const*, float*, float*, int, int, long)",319,17037617591314,17037618741415,0,25088,256,1,1,23040,1,4
"KERNEL_DISPATCH",4,2,79,"tile_fp16_reduce(float const*, float*, int, int)",320,17037618741415,17037618791639,0,0,256,1,1,184320,1,1
"KERNEL_DISPATCH",4,2,21,"void dequantize_block_iq3_s<__half>(void const*, __half*)",321,17037618813713,17037619203945,0,0,32,1,1,3686400,1,1
"KERNEL_DISPATCH",4,2,61,"void convert_unary<float, __half>(void const*, __half*, long, long, long, HIP_vector_type<unsigned int, 3u>, long, long, long)",322,17037619203945,17037619221575,0,0,256,1,1,655360,1,1
"KERNEL_DISPATCH",4,2,78,"void tile_fp16_gemm<128, 64, 4, 8, 32>(__half const*, __half const*, float*, float*, int, int, long)",323,17037619221575,17037620329009,0,25088,256,1,1,23040,1,4
"KERNEL_DISPATCH",4,2,79,"tile_fp16_reduce(float const*, float*, int, int)",324,17037620329009,17037620378640,0,0,256,1,1,184320,1,1
"KERNEL_DISPATCH",4,2,21,"void dequantize_block_iq3_s<__half>(void const*, __half*)",325,17037620401307,17037620810798,0,0,32,1,1,3686400,1,1
"KERNEL_DISPATCH",4,2,61,"void convert_unary<float, __half>(void const*, __half*, long, long, long, HIP_vector_type<unsigned int, 3u>, long, long, long)",326,17037620810798,17037620830650,0,0,256,1,1,655360,1,1
"KERNEL_DISPATCH",4,2,78,"void tile_fp16_gemm<128, 64, 4, 8, 32>(__half const*, __half const*, float*, float*, int, int, long)",327,17037620830650,17037622054087,0,25088,256,1,1,23040,1,4
"KERNEL_DISPATCH",4,2,79,"tile_fp16_reduce(float const*, float*, int, int)",328,17037622054087,17037622127126,0,0,256,1,1,184320,1,1
"KERNEL_DISPATCH",4,2,21,"void dequantize_block_iq3_s<__half>(void const*, __half*)",329,17037622152608,17037622622990,0,0,32,1,1,3686400,1,1
"KERNEL_DISPATCH",4,2,61,"void convert_unary<float, __half>(void const*, __half*, long, long, long, HIP_vector_type<unsigned int, 3u>, long, long, long)",330,17037622622990,17037622650842,0,0,256,1,1,655360,1,1
"KERNEL_DISPATCH",4,2,78,"void tile_fp16_gemm<128, 64, 4, 8, 32>(__half const*, __half const*, float*, float*, int, int, long)",331,17037622650842,17037623862279,0,25088,256,1,1,23040,1,4
"KERNEL_DISPATCH",4,2,79,"tile_fp16_reduce(float const*, float*, int, int)",332,17037623862279,17037623912502,0,0,256,1,1,184320,1,1
"KERNEL_DISPATCH",4,2,21,"void dequantize_block_iq3_s<__half>(void const*, __half*)",333,17037623935021,17037624412514,0,0,32,1,1,3686400,1,1
"KERNEL_DISPATCH",4,2,61,"void convert_unary<float, __half>(void const*, __half*, long, long, long, HIP_vector_type<unsigned int, 3u>, long, long, long)",334,17037624412514,17037624438737,0,0,256,1,1,655360,1,1
"KERNEL_DISPATCH",4,2,78,"void tile_fp16_gemm<128, 64, 4, 8, 32>(__half const*, __half const*, float*, float*, int, int, long)",335,17037624438737,17037625696693,0,25088,256,1,1,23040,1,4
"KERNEL_DISPATCH",4,2,79,"tile_fp16_reduce(float const*, float*, int, int)",336,17037625696693,17037625746324,0,0,256,1,1,184320,1,1
"KERNEL_DISPATCH",4,2,21,"void dequantize_block_iq3_s<__half>(void const*, __half*)",337,17037625769435,17037626164556,0,0,32,1,1,3686400,1,1
"KERNEL_DISPATCH",4,2,61,"void convert_unary<float, __half>(void const*, __half*, long, long, long, HIP_vector_type<unsigned int, 3u>, long, long, long)",338,17037626164556,17037626182334,0,0,256,1,1,655360,1,1
"KERNEL_DISPATCH",4,2,78,"void tile_fp16_gemm<128, 64, 4, 8, 32>(__half const*, __half const*, float*, float*, int, int, long)",339,17037626182334,17037627257915,0,25088,256,1,1,23040,1,4
"KERNEL_DISPATCH",4,2,79,"tile_fp16_reduce(float const*, float*, int, int)",340,17037627257915,17037627307694,0,0,256,1,1,184320,1,1
"KERNEL_DISPATCH",4,2,21,"void dequantize_block_iq3_s<__half>(void const*, __half*)",341,17037627329917,17037627739260,0,0,32,1,1,3686400,1,1
"KERNEL_DISPATCH",4,2,61,"void convert_unary<float, __half>(void const*, __half*, long, long, long, HIP_vector_type<unsigned int, 3u>, long, long, long)",342,17037627739260,17037627758816,0,0,256,1,1,655360,1,1
"KERNEL_DISPATCH",4,2,78,"void tile_fp16_gemm<128, 64, 4, 8, 32>(__half const*, __half const*, float*, float*, int, int, long)",343,17037627758816,17037628906103,0,25088,256,1,1,23040,1,4
"KERNEL_DISPATCH",4,2,79,"tile_fp16_reduce(float const*, float*, int, int)",344,17037628906103,17037628956475,0,0,256,1,1,184320,1,1
"KERNEL_DISPATCH",4,2,21,"void dequantize_block_iq3_s<__half>(void const*, __half*)",345,17037628991735,17037629462264,0,0,32,1,1,3686400,1,1
"KERNEL_DISPATCH",4,2,61,"void convert_unary<float, __half>(void const*, __half*, long, long, long, HIP_vector_type<unsigned int, 3u>, long, long, long)",346,17037629462264,17037629488487,0,0,256,1,1,655360,1,1
"KERNEL_DISPATCH",4,2,78,"void tile_fp16_gemm<128, 64, 4, 8, 32>(__half const*, __half const*, float*, float*, int, int, long)",347,17037629488487,17037630760518,0,25088,256,1,1,23040,1,4
"KERNEL_DISPATCH",4,2,79,"tile_fp16_reduce(float const*, float*, int, int)",348,17037630760518,17037630811334,0,0,256,1,1,184320,1,1
"KERNEL_DISPATCH",4,2,21,"void dequantize_block_iq3_s<__half>(void const*, __half*)",349,17037630833557,17037631222307,0,0,32,1,1,3686400,1,1
"KERNEL_DISPATCH",4,2,61,"void convert_unary<float, __half>(void const*, __half*, long, long, long, HIP_vector_type<unsigned int, 3u>, long, long, long)",350,17037631222307,17037631239937,0,0,256,1,1,655360,1,1
"KERNEL_DISPATCH",4,2,78,"void tile_fp16_gemm<128, 64, 4, 8, 32>(__half const*, __half const*, float*, float*, int, int, long)",351,17037631239937,17037632338778,0,25088,256,1,1,23040,1,4
"KERNEL_DISPATCH",4,2,79,"tile_fp16_reduce(float const*, float*, int, int)",352,17037632338778,17037632388112,0,0,256,1,1,184320,1,1
"KERNEL_DISPATCH",4,2,21,"void dequantize_block_iq3_s<__half>(void const*, __half*)",353,17037632410187,17037632819826,0,0,32,1,1,3686400,1,1
"KERNEL_DISPATCH",4,2,61,"void convert_unary<float, __half>(void const*, __half*, long, long, long, HIP_vector_type<unsigned int, 3u>, long, long, long)",354,17037632819826,17037632839234,0,0,256,1,1,655360,1,1
"KERNEL_DISPATCH",4,2,78,"void tile_fp16_gemm<128, 64, 4, 8, 32>(__half const*, __half const*, float*, float*, int, int, long)",355,17037632839234,17037634101190,0,25088,256,1,1,23040,1,4
"KERNEL_DISPATCH",4,2,79,"tile_fp16_reduce(float const*, float*, int, int)",356,17037634101190,17037634172896,0,0,256,1,1,184320,1,1
"KERNEL_DISPATCH",4,2,21,"void dequantize_block_iq3_s<__half>(void const*, __half*)",357,17037634198230,17037634669500,0,0,32,1,1,3686400,1,1
"KERNEL_DISPATCH",4,2,61,"void convert_unary<float, __half>(void const*, __half*, long, long, long, HIP_vector_type<unsigned int, 3u>, long, long, long)",358,17037634669500,17037634696464,0,0,256,1,1,655360,1,1
"KERNEL_DISPATCH",4,2,78,"void tile_fp16_gemm<128, 64, 4, 8, 32>(__half const*, __half const*, float*, float*, int, int, long)",359,17037634696464,17037635920049,0,25088,256,1,1,23040,1,4
"KERNEL_DISPATCH",4,2,79,"tile_fp16_reduce(float const*, float*, int, int)",360,17037635920049,17037635969828,0,0,256,1,1,184320,1,1
"KERNEL_DISPATCH",4,2,21,"void dequantize_block_iq3_s<__half>(void const*, __half*)",361,17037636003754,17037636474432,0,0,32,1,1,3686400,1,1
"KERNEL_DISPATCH",4,2,61,"void convert_unary<float, __half>(void const*, __half*, long, long, long, HIP_vector_type<unsigned int, 3u>, long, long, long)",362,17037636474432,17037636500655,0,0,256,1,1,655360,1,1
"KERNEL_DISPATCH",4,2,78,"void tile_fp16_gemm<128, 64, 4, 8, 32>(__half const*, __half const*, float*, float*, int, int, long)",363,17037636500655,17037637786908,0,25088,256,1,1,23040,1,4
"KERNEL_DISPATCH",4,2,79,"tile_fp16_reduce(float const*, float*, int, int)",364,17037637786908,17037637837872,0,0,256,1,1,184320,1,1
"KERNEL_DISPATCH",4,2,21,"void dequantize_block_iq3_s<__half>(void const*, __half*)",365,17037637860391,17037638246030,0,0,32,1,1,3686400,1,1
"KERNEL_DISPATCH",4,2,61,"void convert_unary<float, __half>(void const*, __half*, long, long, long, HIP_vector_type<unsigned int, 3u>, long, long, long)",366,17037638246030,17037638263809,0,0,256,1,1,655360,1,1
"KERNEL_DISPATCH",4,2,78,"void tile_fp16_gemm<128, 64, 4, 8, 32>(__half const*, __half const*, float*, float*, int, int, long)",367,17037638263809,17037639392132,0,25088,256,1,1,23040,1,4
"KERNEL_DISPATCH",4,2,79,"tile_fp16_reduce(float const*, float*, int, int)",368,17037639392132,17037639441170,0,0,256,1,1,184320,1,1
"KERNEL_DISPATCH",4,2,21,"void dequantize_block_iq3_s<__half>(void const*, __half*)",369,17037639463245,17037639873329,0,0,32,1,1,3686400,1,1
"KERNEL_DISPATCH",4,2,61,"void convert_unary<float, __half>(void const*, __half*, long, long, long, HIP_vector_type<unsigned int, 3u>, long, long, long)",370,17037639873329,17037639893033,0,0,256,1,1,655360,1,1
"KERNEL_DISPATCH",4,2,78,"void tile_fp16_gemm<128, 64, 4, 8, 32>(__half const*, __half const*, float*, float*, int, int, long)",371,17037639893033,17037641079283,0,25088,256,1,1,23040,1,4
"KERNEL_DISPATCH",4,2,79,"tile_fp16_reduce(float const*, float*, int, int)",372,17037641079283,17037641196916,0,0,256,1,1,184320,1,1
"KERNEL_DISPATCH",4,2,21,"void dequantize_block_iq3_s<__half>(void const*, __half*)",373,17037641223287,17037641693520,0,0,32,1,1,3686400,1,1
"KERNEL_DISPATCH",4,2,61,"void convert_unary<float, __half>(void const*, __half*, long, long, long, HIP_vector_type<unsigned int, 3u>, long, long, long)",374,17037641693520,17037641721225,0,0,256,1,1,655360,1,1
"KERNEL_DISPATCH",4,2,78,"void tile_fp16_gemm<128, 64, 4, 8, 32>(__half const*, __half const*, float*, float*, int, int, long)",375,17037641721225,17037642949106,0,25088,256,1,1,23040,1,4
"KERNEL_DISPATCH",4,2,79,"tile_fp16_reduce(float const*, float*, int, int)",376,17037642949106,17037643018885,0,0,256,1,1,184320,1,1
"KERNEL_DISPATCH",4,2,21,"void dequantize_block_iq3_s<__half>(void const*, __half*)",377,17037643045108,17037643515786,0,0,32,1,1,3686400,1,1
"KERNEL_DISPATCH",4,2,61,"void convert_unary<float, __half>(void const*, __half*, long, long, long, HIP_vector_type<unsigned int, 3u>, long, long, long)",378,17037643515786,17037643542305,0,0,256,1,1,655360,1,1
"KERNEL_DISPATCH",4,2,78,"void tile_fp16_gemm<128, 64, 4, 8, 32>(__half const*, __half const*, float*, float*, int, int, long)",379,17037643542305,17037644801002,0,25088,256,1,1,23040,1,4
"KERNEL_DISPATCH",4,2,79,"tile_fp16_reduce(float const*, float*, int, int)",380,17037644801002,17037644850781,0,0,256,1,1,184320,1,1
"KERNEL_DISPATCH",4,2,21,"void dequantize_block_iq3_s<__half>(void const*, __half*)",381,17037644873152,17037645282791,0,0,32,1,1,3686400,1,1
"KERNEL_DISPATCH",4,2,61,"void convert_unary<float, __half>(void const*, __half*, long, long, long, HIP_vector_type<unsigned int, 3u>, long, long, long)",382,17037645282791,17037645302496,0,0,256,1,1,655360,1,1
"KERNEL_DISPATCH",4,2,78,"void tile_fp16_gemm<128, 64, 4, 8, 32>(__half const*, __half const*, float*, float*, int, int, long)",383,17037645302496,17037646444449,0,25088,256,1,1,23040,1,4
"KERNEL_DISPATCH",4,2,79,"tile_fp16_reduce(float const*, float*, int, int)",384,17037646444449,17037646495265,0,0,256,1,1,184320,1,1
"KERNEL_DISPATCH",4,2,21,"void dequantize_block_iq3_s<__half>(void const*, __half*)",385,17037646517191,17037646926831,0,0,32,1,1,3686400,1,1
"KERNEL_DISPATCH",4,2,61,"void convert_unary<float, __half>(void const*, __half*, long, long, long, HIP_vector_type<unsigned int, 3u>, long, long, long)",386,17037646926831,17037646946239,0,0,256,1,1,655360,1,1
"KERNEL_DISPATCH",4,2,78,"void tile_fp16_gemm<128, 64, 4, 8, 32>(__half const*, __half const*, float*, float*, int, int, long)",387,17037646946239,17037648071895,0,25088,256,1,1,23040,1,4
"KERNEL_DISPATCH",4,2,79,"tile_fp16_reduce(float const*, float*, int, int)",388,17037648071895,17037648120933,0,0,256,1,1,184320,1,1
"KERNEL_DISPATCH",4,2,21,"void dequantize_block_iq3_s<__half>(void const*, __half*)",389,17037648143156,17037648553536,0,0,32,1,1,3686400,1,1
"KERNEL_DISPATCH",4,2,61,"void convert_unary<float, __half>(void const*, __half*, long, long, long, HIP_vector_type<unsigned int, 3u>, long, long, long)",390,17037648553536,17037648573241,0,0,256,1,1,655360,1,1
"KERNEL_DISPATCH",4,2,78,"void tile_fp16_gemm<128, 64, 4, 8, 32>(__half const*, __half const*, float*, float*, int, int, long)",391,17037648573241,17037649732676,0,25088,256,1,1,23040,1,4
"KERNEL_DISPATCH",4,2,79,"tile_fp16_reduce(float const*, float*, int, int)",392,17037649732676,17037649782307,0,0,256,1,1,184320,1,1
"KERNEL_DISPATCH",4,2,21,"void dequantize_block_iq3_s<__half>(void const*, __half*)",393,17037649806307,17037650197576,0,0,32,1,1,3686400,1,1
"KERNEL_DISPATCH",4,2,61,"void convert_unary<float, __half>(void const*, __half*, long, long, long, HIP_vector_type<unsigned int, 3u>, long, long, long)",394,17037650197576,17037650215206,0,0,256,1,1,655360,1,1
"KERNEL_DISPATCH",4,2,78,"void tile_fp16_gemm<128, 64, 4, 8, 32>(__half const*, __half const*, float*, float*, int, int, long)",395,17037650215206,17037651394938,0,25088,256,1,1,23040,1,4
"KERNEL_DISPATCH",4,2,79,"tile_fp16_reduce(float const*, float*, int, int)",396,17037651394938,17037651443680,0,0,256,1,1,184320,1,1
"KERNEL_DISPATCH",4,2,21,"void dequantize_block_iq3_s<__half>(void const*, __half*)",397,17037651466051,17037651875394,0,0,32,1,1,3686400,1,1
"KERNEL_DISPATCH",4,2,61,"void convert_unary<float, __half>(void const*, __half*, long, long, long, HIP_vector_type<unsigned int, 3u>, long, long, long)",398,17037651875394,17037651894802,0,0,256,1,1,655360,1,1
"KERNEL_DISPATCH",4,2,78,"void tile_fp16_gemm<128, 64, 4, 8, 32>(__half const*, __half const*, float*, float*, int, int, long)",399,17037651894802,17037653092904,0,25088,256,1,1,23040,1,4
"KERNEL_DISPATCH",4,2,79,"tile_fp16_reduce(float const*, float*, int, int)",400,17037653092904,17037653165647,0,0,256,1,1,184320,1,1
"KERNEL_DISPATCH",4,2,21,"void dequantize_block_iq3_s<__half>(void const*, __half*)",401,17037653191573,17037653662399,0,0,32,1,1,3686400,1,1
"KERNEL_DISPATCH",4,2,61,"void convert_unary<float, __half>(void const*, __half*, long, long, long, HIP_vector_type<unsigned int, 3u>, long, long, long)",402,17037653662399,17037653688622,0,0,256,1,1,655360,1,1
"KERNEL_DISPATCH",4,2,78,"void tile_fp16_gemm<128, 64, 4, 8, 32>(__half const*, __half const*, float*, float*, int, int, long)",403,17037653688790,17037654889263,0,25088,256,1,1,23040,1,4
"KERNEL_DISPATCH",4,2,79,"tile_fp16_reduce(float const*, float*, int, int)",404,17037654889263,17037654939931,0,0,256,1,1,184320,1,1
"KERNEL_DISPATCH",4,2,21,"void dequantize_block_iq3_s<__half>(void const*, __half*)",405,17037654964227,17037655440683,0,0,32,1,1,3686400,1,1
"KERNEL_DISPATCH",4,2,61,"void convert_unary<float, __half>(void const*, __half*, long, long, long, HIP_vector_type<unsigned int, 3u>, long, long, long)",406,17037655440683,17037655467943,0,0,256,1,1,655360,1,1
"KERNEL_DISPATCH",4,2,78,"void tile_fp16_gemm<128, 64, 4, 8, 32>(__half const*, __half const*, float*, float*, int, int, long)",407,17037655467943,17037656755084,0,25088,256,1,1,23040,1,4
"KERNEL_DISPATCH",4,2,79,"tile_fp16_reduce(float const*, float*, int, int)",408,17037656755084,17037656805900,0,0,256,1,1,184320,1,1
"KERNEL_DISPATCH",4,2,21,"void dequantize_block_iq3_s<__half>(void const*, __half*)",409,17037656828123,17037657217170,0,0,32,1,1,3686400,1,1
"KERNEL_DISPATCH",4,2,61,"void convert_unary<float, __half>(void const*, __half*, long, long, long, HIP_vector_type<unsigned int, 3u>, long, long, long)",410,17037657217170,17037657234651,0,0,256,1,1,655360,1,1
"KERNEL_DISPATCH",4,2,78,"void tile_fp16_gemm<128, 64, 4, 8, 32>(__half const*, __half const*, float*, float*, int, int, long)",411,17037657234651,17037658342530,0,25088,256,1,1,23040,1,4
"KERNEL_DISPATCH",4,2,79,"tile_fp16_reduce(float const*, float*, int, int)",412,17037658342530,17037658391716,0,0,256,1,1,184320,1,1
"KERNEL_DISPATCH",4,2,21,"void dequantize_block_iq3_s<__half>(void const*, __half*)",413,17037658413791,17037658823727,0,0,32,1,1,3686400,1,1
"KERNEL_DISPATCH",4,2,61,"void convert_unary<float, __half>(void const*, __half*, long, long, long, HIP_vector_type<unsigned int, 3u>, long, long, long)",414,17037658823727,17037658843579,0,0,256,1,1,655360,1,1
"KERNEL_DISPATCH",4,2,78,"void tile_fp16_gemm<128, 64, 4, 8, 32>(__half const*, __half const*, float*, float*, int, int, long)",415,17037658843579,17037660020644,0,25088,256,1,1,23040,1,4
"KERNEL_DISPATCH",4,2,79,"tile_fp16_reduce(float const*, float*, int, int)",416,17037660020644,17037660093831,0,0,256,1,1,184320,1,1
"KERNEL_DISPATCH",4,2,21,"void dequantize_block_iq3_s<__half>(void const*, __half*)",417,17037660118869,17037660589399,0,0,32,1,1,3686400,1,1
"KERNEL_DISPATCH",4,2,61,"void convert_unary<float, __half>(void const*, __half*, long, long, long, HIP_vector_type<unsigned int, 3u>, long, long, long)",418,17037660589399,17037660615918,0,0,256,1,1,655360,1,1
"KERNEL_DISPATCH",4,2,78,"void tile_fp16_gemm<128, 64, 4, 8, 32>(__half const*, __half const*, float*, float*, int, int, long)",419,17037660615918,17037661852688,0,25088,256,1,1,23040,1,4
"KERNEL_DISPATCH",4,2,79,"tile_fp16_reduce(float const*, float*, int, int)",420,17037661852688,17037661902763,0,0,256,1,1,184320,1,1
"KERNEL_DISPATCH",4,2,21,"void dequantize_block_iq3_s<__half>(void const*, __half*)",421,17037661924542,17037662334329,0,0,32,1,1,3686400,1,1
"KERNEL_DISPATCH",4,2,61,"void convert_unary<float, __half>(void const*, __half*, long, long, long, HIP_vector_type<unsigned int, 3u>, long, long, long)",422,17037662334329,17037662353737,0,0,256,1,1,655360,1,1
"KERNEL_DISPATCH",4,2,78,"void tile_fp16_gemm<128, 64, 4, 8, 32>(__half const*, __half const*, float*, float*, int, int, long)",423,17037662353737,17037663699992,0,25088,256,1,1,23040,1,4
"KERNEL_DISPATCH",4,2,79,"tile_fp16_reduce(float const*, float*, int, int)",424,17037663699992,17037663773475,0,0,256,1,1,184320,1,1
"KERNEL_DISPATCH",4,2,21,"void dequantize_block_iq3_s<__half>(void const*, __half*)",425,17037663799253,17037664244597,0,0,32,1,1,3686400,1,1
"KERNEL_DISPATCH",4,2,61,"void convert_unary<float, __half>(void const*, __half*, long, long, long, HIP_vector_type<unsigned int, 3u>, long, long, long)",426,17037664244597,17037664264301,0,0,256,1,1,655360,1,1
"KERNEL_DISPATCH",4,2,78,"void tile_fp16_gemm<128, 64, 4, 8, 32>(__half const*, __half const*, float*, float*, int, int, long)",427,17037664264301,17037665407588,0,25088,256,1,1,23040,1,4
"KERNEL_DISPATCH",4,2,79,"tile_fp16_reduce(float const*, float*, int, int)",428,17037665407588,17037665458552,0,0,256,1,1,184320,1,1
"KERNEL_DISPATCH",4,2,21,"void dequantize_block_iq3_s<__half>(void const*, __half*)",429,17037665480923,17037665891303,0,0,32,1,1,3686400,1,1
"KERNEL_DISPATCH",4,2,61,"void convert_unary<float, __half>(void const*, __half*, long, long, long, HIP_vector_type<unsigned int, 3u>, long, long, long)",430,17037665891303,17037665910859,0,0,256,1,1,655360,1,1
"KERNEL_DISPATCH",4,2,78,"void tile_fp16_gemm<128, 64, 4, 8, 32>(__half const*, __half const*, float*, float*, int, int, long)",431,17037665910859,17037667067331,0,25088,256,1,1,23040,1,4
"KERNEL_DISPATCH",4,2,79,"tile_fp16_reduce(float const*, float*, int, int)",432,17037667067331,17037667117110,0,0,256,1,1,184320,1,1
"KERNEL_DISPATCH",4,2,21,"void dequantize_block_iq3_s<__half>(void const*, __half*)",433,17037667139481,17037667549862,0,0,32,1,1,3686400,1,1
"KERNEL_DISPATCH",4,2,61,"void convert_unary<float, __half>(void const*, __half*, long, long, long, HIP_vector_type<unsigned int, 3u>, long, long, long)",434,17037667549862,17037667570010,0,0,256,1,1,655360,1,1
"KERNEL_DISPATCH",4,2,78,"void tile_fp16_gemm<128, 64, 4, 8, 32>(__half const*, __half const*, float*, float*, int, int, long)",435,17037667570010,17037668752853,0,25088,256,1,1,23040,1,4
"KERNEL_DISPATCH",4,2,79,"tile_fp16_reduce(float const*, float*, int, int)",436,17037668752853,17037668802336,0,0,256,1,1,184320,1,1
"KERNEL_DISPATCH",4,2,21,"void dequantize_block_iq3_s<__half>(void const*, __half*)",437,17037668824559,17037669214050,0,0,32,1,1,3686400,1,1
"KERNEL_DISPATCH",4,2,61,"void convert_unary<float, __half>(void const*, __half*, long, long, long, HIP_vector_type<unsigned int, 3u>, long, long, long)",438,17037669214050,17037669231680,0,0,256,1,1,655360,1,1
"KERNEL_DISPATCH",4,2,78,"void tile_fp16_gemm<128, 64, 4, 8, 32>(__half const*, __half const*, float*, float*, int, int, long)",439,17037669231680,17037670320595,0,25088,256,1,1,23040,1,4
"KERNEL_DISPATCH",4,2,79,"tile_fp16_reduce(float const*, float*, int, int)",440,17037670320595,17037670370522,0,0,256,1,1,184320,1,1
"KERNEL_DISPATCH",4,2,21,"void dequantize_block_iq3_s<__half>(void const*, __half*)",441,17037670392893,17037670802532,0,0,32,1,1,3686400,1,1
"KERNEL_DISPATCH",4,2,61,"void convert_unary<float, __half>(void const*, __half*, long, long, long, HIP_vector_type<unsigned int, 3u>, long, long, long)",442,17037670802532,17037670822236,0,0,256,1,1,655360,1,1
"KERNEL_DISPATCH",4,2,78,"void tile_fp16_gemm<128, 64, 4, 8, 32>(__half const*, __half const*, float*, float*, int, int, long)",443,17037670822236,17037672015450,0,25088,256,1,1,23040,1,4
"KERNEL_DISPATCH",4,2,79,"tile_fp16_reduce(float const*, float*, int, int)",444,17037672015450,17037672088933,0,0,256,1,1,184320,1,1
"KERNEL_DISPATCH",4,2,21,"void dequantize_block_iq3_s<__half>(void const*, __half*)",445,17037672114119,17037672585093,0,0,32,1,1,3686400,1,1
"KERNEL_DISPATCH",4,2,61,"void convert_unary<float, __half>(void const*, __half*, long, long, long, HIP_vector_type<unsigned int, 3u>, long, long, long)",446,17037672585093,17037672611761,0,0,256,1,1,655360,1,1
"KERNEL_DISPATCH",4,2,78,"void tile_fp16_gemm<128, 64, 4, 8, 32>(__half const*, __half const*, float*, float*, int, int, long)",447,17037672611761,17037673836679,0,25088,256,1,1,23040,1,4
"KERNEL_DISPATCH",4,2,79,"tile_fp16_reduce(float const*, float*, int, int)",448,17037673836679,17037673886754,0,0,256,1,1,184320,1,1
"KERNEL_DISPATCH",4,2,21,"void dequantize_block_iq3_s<__half>(void const*, __half*)",449,17037673908829,17037674318468,0,0,32,1,1,3686400,1,1
"KERNEL_DISPATCH",4,2,61,"void convert_unary<float, __half>(void const*, __half*, long, long, long, HIP_vector_type<unsigned int, 3u>, long, long, long)",450,17037674318468,17037674337876,0,0,256,1,1,655360,1,1
"KERNEL_DISPATCH",4,2,78,"void tile_fp16_gemm<128, 64, 4, 8, 32>(__half const*, __half const*, float*, float*, int, int, long)",451,17037674337876,17037675621314,0,25088,256,1,1,23040,1,4
"KERNEL_DISPATCH",4,2,79,"tile_fp16_reduce(float const*, float*, int, int)",452,17037675621314,17037675694649,0,0,256,1,1,184320,1,1
"KERNEL_DISPATCH",4,2,21,"void dequantize_block_iq3_s<__half>(void const*, __half*)",453,17037675719983,17037676176290,0,0,32,1,1,3686400,1,1
"KERNEL_DISPATCH",4,2,61,"void convert_unary<float, __half>(void const*, __half*, long, long, long, HIP_vector_type<unsigned int, 3u>, long, long, long)",454,17037676176290,17037676195995,0,0,256,1,1,655360,1,1
"KERNEL_DISPATCH",4,2,78,"void tile_fp16_gemm<128, 64, 4, 8, 32>(__half const*, __half const*, float*, float*, int, int, long)",455,17037676195995,17037677373060,0,25088,256,1,1,23040,1,4
"KERNEL_DISPATCH",4,2,79,"tile_fp16_reduce(float const*, float*, int, int)",456,17037677373060,17037677423728,0,0,256,1,1,184320,1,1
"KERNEL_DISPATCH",4,2,21,"void dequantize_block_iq3_s<__half>(void const*, __half*)",457,17037677446099,17037677855590,0,0,32,1,1,3686400,1,1
"KERNEL_DISPATCH",4,2,61,"void convert_unary<float, __half>(void const*, __half*, long, long, long, HIP_vector_type<unsigned int, 3u>, long, long, long)",458,17037677855590,17037677874998,0,0,256,1,1,655360,1,1
"KERNEL_DISPATCH",4,2,78,"void tile_fp16_gemm<128, 64, 4, 8, 32>(__half const*, __half const*, float*, float*, int, int, long)",459,17037677874998,17037679029988,0,25088,256,1,1,23040,1,4
"KERNEL_DISPATCH",4,2,79,"tile_fp16_reduce(float const*, float*, int, int)",460,17037679029988,17037679080212,0,0,256,1,1,184320,1,1
"KERNEL_DISPATCH",4,2,21,"void dequantize_block_iq3_s<__half>(void const*, __half*)",461,17037679102435,17037679512963,0,0,32,1,1,3686400,1,1
"KERNEL_DISPATCH",4,2,61,"void convert_unary<float, __half>(void const*, __half*, long, long, long, HIP_vector_type<unsigned int, 3u>, long, long, long)",462,17037679512963,17037679532519,0,0,256,1,1,655360,1,1
"KERNEL_DISPATCH",4,2,78,"void tile_fp16_gemm<128, 64, 4, 8, 32>(__half const*, __half const*, float*, float*, int, int, long)",463,17037679532519,17037680678917,0,25088,256,1,1,23040,1,4
"KERNEL_DISPATCH",4,2,79,"tile_fp16_reduce(float const*, float*, int, int)",464,17037680678917,17037680729585,0,0,256,1,1,184320,1,1
"KERNEL_DISPATCH",4,2,21,"void dequantize_block_iq3_s<__half>(void const*, __half*)",465,17037680751807,17037681148706,0,0,32,1,1,3686400,1,1
"KERNEL_DISPATCH",4,2,61,"void convert_unary<float, __half>(void const*, __half*, long, long, long, HIP_vector_type<unsigned int, 3u>, long, long, long)",466,17037681148706,17037681166484,0,0,256,1,1,655360,1,1
"KERNEL_DISPATCH",4,2,78,"void tile_fp16_gemm<128, 64, 4, 8, 32>(__half const*, __half const*, float*, float*, int, int, long)",467,17037681166484,17037682276585,0,25088,256,1,1,23040,1,4
"KERNEL_DISPATCH",4,2,79,"tile_fp16_reduce(float const*, float*, int, int)",468,17037682276585,17037682325919,0,0,256,1,1,184320,1,1
"KERNEL_DISPATCH",4,2,21,"void dequantize_block_iq3_s<__half>(void const*, __half*)",469,17037682350068,17037682759707,0,0,32,1,1,3686400,1,1
"KERNEL_DISPATCH",4,2,61,"void convert_unary<float, __half>(void const*, __half*, long, long, long, HIP_vector_type<unsigned int, 3u>, long, long, long)",470,17037682759707,17037682779263,0,0,256,1,1,655360,1,1
"KERNEL_DISPATCH",4,2,78,"void tile_fp16_gemm<128, 64, 4, 8, 32>(__half const*, __half const*, float*, float*, int, int, long)",471,17037682779263,17037683926698,0,25088,256,1,1,23040,1,4
"KERNEL_DISPATCH",4,2,79,"tile_fp16_reduce(float const*, float*, int, int)",472,17037683926698,17037683976774,0,0,256,1,1,184320,1,1
"KERNEL_DISPATCH",4,2,21,"void dequantize_block_iq3_s<__half>(void const*, __half*)",473,17037684010108,17037684480638,0,0,32,1,1,3686400,1,1
"KERNEL_DISPATCH",4,2,61,"void convert_unary<float, __half>(void const*, __half*, long, long, long, HIP_vector_type<unsigned int, 3u>, long, long, long)",474,17037684480638,17037684506860,0,0,256,1,1,655360,1,1
"KERNEL_DISPATCH",4,2,79,"tile_fp16_reduce(float const*, float*, int, int)",476,17037685759335,17037685808966,0,0,256,1,1,184320,1,1
"KERNEL_DISPATCH",4,2,78,"void tile_fp16_gemm<128, 64, 4, 8, 32>(__half const*, __half const*, float*, float*, int, int, long)",475,17037684506860,17037685759335,0,25088,256,1,1,23040,1,4
"KERNEL_DISPATCH",4,2,21,"void dequantize_block_iq3_s<__half>(void const*, __half*)",477,17037685831781,17037686220976,0,0,32,1,1,3686400,1,1
"KERNEL_DISPATCH",4,2,61,"void convert_unary<float, __half>(void const*, __half*, long, long, long, HIP_vector_type<unsigned int, 3u>, long, long, long)",478,17037686220976,17037686238606,0,0,256,1,1,655360,1,1
"KERNEL_DISPATCH",4,2,79,"tile_fp16_reduce(float const*, float*, int, int)",480,17037687350780,17037687399819,0,0,256,1,1,184320,1,1
"KERNEL_DISPATCH",4,2,78,"void tile_fp16_gemm<128, 64, 4, 8, 32>(__half const*, __half const*, float*, float*, int, int, long)",479,17037686238606,17037687350780,0,25088,256,1,1,23040,1,4
"KERNEL_DISPATCH",4,2,21,"void dequantize_block_iq3_s<__half>(void const*, __half*)",481,17037687422782,17037687833014,0,0,32,1,1,3686400,1,1
"KERNEL_DISPATCH",4,2,61,"void convert_unary<float, __half>(void const*, __half*, long, long, long, HIP_vector_type<unsigned int, 3u>, long, long, long)",482,17037687833014,17037687853015,0,0,256,1,1,655360,1,1
"KERNEL_DISPATCH",4,2,78,"void tile_fp16_gemm<128, 64, 4, 8, 32>(__half const*, __half const*, float*, float*, int, int, long)",483,17037687853015,17037689035117,0,25088,256,1,1,23040,1,4
"KERNEL_DISPATCH",4,2,79,"tile_fp16_reduce(float const*, float*, int, int)",484,17037689035117,17037689108304,0,0,256,1,1,184320,1,1
"KERNEL_DISPATCH",4,2,21,"void dequantize_block_iq3_s<__half>(void const*, __half*)",485,17037689134230,17037689604464,0,0,32,1,1,3686400,1,1
"KERNEL_DISPATCH",4,2,61,"void convert_unary<float, __half>(void const*, __half*, long, long, long, HIP_vector_type<unsigned int, 3u>, long, long, long)",486,17037689604464,17037689632020,0,0,256,1,1,655360,1,1
"KERNEL_DISPATCH",4,2,78,"void tile_fp16_gemm<128, 64, 4, 8, 32>(__half const*, __half const*, float*, float*, int, int, long)",487,17037689632020,17037690915458,0,25088,256,1,1,23040,1,4
"KERNEL_DISPATCH",4,2,79,"tile_fp16_reduce(float const*, float*, int, int)",488,17037690915458,17037690965830,0,0,256,1,1,184320,1,1
"KERNEL_DISPATCH",4,2,21,"void dequantize_block_iq3_s<__half>(void const*, __half*)",489,17037690987756,17037691397544,0,0,32,1,1,3686400,1,1
"KERNEL_DISPATCH",4,2,61,"void convert_unary<float, __half>(void const*, __half*, long, long, long, HIP_vector_type<unsigned int, 3u>, long, long, long)",490,17037691397544,17037691417100,0,0,256,1,1,655360,1,1
"KERNEL_DISPATCH",4,2,78,"void tile_fp16_gemm<128, 64, 4, 8, 32>(__half const*, __half const*, float*, float*, int, int, long)",491,17037691417100,17037692734317,0,25088,256,1,1,23040,1,4
"KERNEL_DISPATCH",4,2,79,"tile_fp16_reduce(float const*, float*, int, int)",492,17037692734317,17037692852690,0,0,256,1,1,184320,1,1
"KERNEL_DISPATCH",4,2,21,"void dequantize_block_iq3_s<__half>(void const*, __half*)",493,17037692878468,17037693314182,0,0,32,1,1,3686400,1,1
"KERNEL_DISPATCH",4,2,61,"void convert_unary<float, __half>(void const*, __half*, long, long, long, HIP_vector_type<unsigned int, 3u>, long, long, long)",494,17037693314182,17037693334183,0,0,256,1,1,655360,1,1
"KERNEL_DISPATCH",4,2,78,"void tile_fp16_gemm<128, 64, 4, 8, 32>(__half const*, __half const*, float*, float*, int, int, long)",495,17037693334183,17037694634955,0,25088,256,1,1,23040,1,4
"KERNEL_DISPATCH",4,2,79,"tile_fp16_reduce(float const*, float*, int, int)",496,17037694634955,17037694707994,0,0,256,1,1,184320,1,1
"KERNEL_DISPATCH",4,2,21,"void dequantize_block_iq3_s<__half>(void const*, __half*)",497,17037694733476,17037695187857,0,0,32,1,1,3686400,1,1
"KERNEL_DISPATCH",4,2,61,"void convert_unary<float, __half>(void const*, __half*, long, long, long, HIP_vector_type<unsigned int, 3u>, long, long, long)",498,17037695187857,17037695207265,0,0,256,1,1,655360,1,1
"KERNEL_DISPATCH",4,2,78,"void tile_fp16_gemm<128, 64, 4, 8, 32>(__half const*, __half const*, float*, float*, int, int, long)",499,17037695207265,17037696392182,0,25088,256,1,1,23040,1,4
"KERNEL_DISPATCH",4,2,79,"tile_fp16_reduce(float const*, float*, int, int)",500,17037696392182,17037696442406,0,0,256,1,1,184320,1,1
"KERNEL_DISPATCH",4,2,21,"void dequantize_block_iq3_s<__half>(void const*, __half*)",501,17037696464184,17037696873823,0,0,32,1,1,3686400,1,1
"KERNEL_DISPATCH",4,2,61,"void convert_unary<float, __half>(void const*, __half*, long, long, long, HIP_vector_type<unsigned int, 3u>, long, long, long)",502,17037696873823,17037696893379,0,0,256,1,1,655360,1,1
"KERNEL_DISPATCH",4,2,78,"void tile_fp16_gemm<128, 64, 4, 8, 32>(__half const*, __half const*, float*, float*, int, int, long)",503,17037696893379,17037698082593,0,25088,256,1,1,23040,1,4
"KERNEL_DISPATCH",4,2,79,"tile_fp16_reduce(float const*, float*, int, int)",504,17037698082593,17037698133705,0,0,256,1,1,184320,1,1
"KERNEL_DISPATCH",4,2,21,"void dequantize_block_iq3_s<__half>(void const*, __half*)",505,17044195217993,17044195701708,0,0,32,1,1,3620864,1,1
"KERNEL_DISPATCH",4,2,61,"void convert_unary<float, __half>(void const*, __half*, long, long, long, HIP_vector_type<unsigned int, 3u>, long, long, long)",506,17044195701708,17044195754599,0,0,256,1,1,2228224,1,1
"KERNEL_DISPATCH",4,2,78,"void tile_fp16_gemm<128, 64, 4, 8, 32>(__half const*, __half const*, float*, float*, int, int, long)",507,17044195945565,17044197006924,0,25088,256,1,1,6656,1,8
"KERNEL_DISPATCH",4,2,79,"tile_fp16_reduce(float const*, float*, int, int)",508,17044197006924,17044197072111,0,0,256,1,1,53248,1,1
"KERNEL_DISPATCH",4,2,21,"void dequantize_block_iq3_s<__half>(void const*, __half*)",509,17044197124409,17044197463824,0,0,32,1,1,3620864,1,1
"KERNEL_DISPATCH",4,2,61,"void convert_unary<float, __half>(void const*, __half*, long, long, long, HIP_vector_type<unsigned int, 3u>, long, long, long)",510,17044197463824,17044197514048,0,0,256,1,1,2228224,1,1
"KERNEL_DISPATCH",4,2,78,"void tile_fp16_gemm<128, 64, 4, 8, 32>(__half const*, __half const*, float*, float*, int, int, long)",511,17044197514048,17044198543109,0,25088,256,1,1,6656,1,8
"KERNEL_DISPATCH",4,2,79,"tile_fp16_reduce(float const*, float*, int, int)",512,17044198543109,17044198568147,0,0,256,1,1,53248,1,1
"KERNEL_DISPATCH",4,2,21,"void dequantize_block_iq3_s<__half>(void const*, __half*)",513,17044198588592,17044198927415,0,0,32,1,1,3620864,1,1
"KERNEL_DISPATCH",4,2,61,"void convert_unary<float, __half>(void const*, __half*, long, long, long, HIP_vector_type<unsigned int, 3u>, long, long, long)",514,17044198927415,17044198977342,0,0,256,1,1,2228224,1,1
"KERNEL_DISPATCH",4,2,78,"void tile_fp16_gemm<128, 64, 4, 8, 32>(__half const*, __half const*, float*, float*, int, int, long)",515,17044198977342,17044199988922,0,25088,256,1,1,6656,1,8
"KERNEL_DISPATCH",4,2,79,"tile_fp16_reduce(float const*, float*, int, int)",516,17044199988922,17044200013960,0,0,256,1,1,53248,1,1
"KERNEL_DISPATCH",4,2,21,"void dequantize_block_iq3_s<__half>(void const*, __half*)",517,17044200033960,17044200392784,0,0,32,1,1,3620864,1,1
"KERNEL_DISPATCH",4,2,61,"void convert_unary<float, __half>(void const*, __half*, long, long, long, HIP_vector_type<unsigned int, 3u>, long, long, long)",518,17044200392784,17044200443007,0,0,256,1,1,2228224,1,1
"KERNEL_DISPATCH",4,2,78,"void tile_fp16_gemm<128, 64, 4, 8, 32>(__half const*, __half const*, float*, float*, int, int, long)",519,17044200443007,17044201485551,0,25088,256,1,1,6656,1,8
"KERNEL_DISPATCH",4,2,79,"tile_fp16_reduce(float const*, float*, int, int)",520,17044201485551,17044201510885,0,0,256,1,1,53248,1,1
"KERNEL_DISPATCH",4,2,21,"void dequantize_block_iq3_s<__half>(void const*, __half*)",521,17044201530885,17044201891339,0,0,32,1,1,3620864,1,1
"KERNEL_DISPATCH",4,2,61,"void convert_unary<float, __half>(void const*, __half*, long, long, long, HIP_vector_type<unsigned int, 3u>, long, long, long)",522,17044201891339,17044201943340,0,0,256,1,1,2228224,1,1
"KERNEL_DISPATCH",4,2,78,"void tile_fp16_gemm<128, 64, 4, 8, 32>(__half const*, __half const*, float*, float*, int, int, long)",523,17044201943340,17044202983217,0,25088,256,1,1,6656,1,8
"KERNEL_DISPATCH",4,2,79,"tile_fp16_reduce(float const*, float*, int, int)",524,17044202983217,17044203011366,0,0,256,1,1,53248,1,1
"KERNEL_DISPATCH",4,2,21,"void dequantize_block_iq3_s<__half>(void const*, __half*)",525,17044203032848,17044203434191,0,0,32,1,1,3620864,1,1
"KERNEL_DISPATCH",4,2,61,"void convert_unary<float, __half>(void const*, __half*, long, long, long, HIP_vector_type<unsigned int, 3u>, long, long, long)",526,17044203434191,17044203498637,0,0,256,1,1,2228224,1,1
"KERNEL_DISPATCH",4,2,78,"void tile_fp16_gemm<128, 64, 4, 8, 32>(__half const*, __half const*, float*, float*, int, int, long)",527,17044203498637,17044204509476,0,25088,256,1,1,6656,1,8
"KERNEL_DISPATCH",4,2,79,"tile_fp16_reduce(float const*, float*, int, int)",528,17044204509476,17044204537477,0,0,256,1,1,53248,1,1
"KERNEL_DISPATCH",4,2,21,"void dequantize_block_iq3_s<__half>(void const*, __half*)",529,17044204558959,17044204961191,0,0,32,1,1,3620864,1,1
"KERNEL_DISPATCH",4,2,61,"void convert_unary<float, __half>(void const*, __half*, long, long, long, HIP_vector_type<unsigned int, 3u>, long, long, long)",530,17044204961191,17044205019118,0,0,256,1,1,2228224,1,1
"KERNEL_DISPATCH",4,2,78,"void tile_fp16_gemm<128, 64, 4, 8, 32>(__half const*, __half const*, float*, float*, int, int, long)",531,17044205019118,17044206298556,0,25088,256,1,1,6656,1,8
"KERNEL_DISPATCH",4,2,79,"tile_fp16_reduce(float const*, float*, int, int)",532,17044206298556,17044206341965,0,0,256,1,1,53248,1,1
"KERNEL_DISPATCH",4,2,21,"void dequantize_block_iq3_s<__half>(void const*, __half*)",533,17044206366410,17044206784049,0,0,32,1,1,3620864,1,1
"KERNEL_DISPATCH",4,2,61,"void convert_unary<float, __half>(void const*, __half*, long, long, long, HIP_vector_type<unsigned int, 3u>, long, long, long)",534,17044206784049,17044206841977,0,0,256,1,1,2228224,1,1
"KERNEL_DISPATCH",4,2,78,"void tile_fp16_gemm<128, 64, 4, 8, 32>(__half const*, __half const*, float*, float*, int, int, long)",535,17044206841977,17044207927188,0,25088,256,1,1,6656,1,8
"KERNEL_DISPATCH",4,2,79,"tile_fp16_reduce(float const*, float*, int, int)",536,17044207927188,17044207969411,0,0,256,1,1,53248,1,1
"KERNEL_DISPATCH",4,2,21,"void dequantize_block_iq3_s<__half>(void const*, __half*)",537,17044207991338,17044208390459,0,0,32,1,1,3620864,1,1
"KERNEL_DISPATCH",4,2,61,"void convert_unary<float, __half>(void const*, __half*, long, long, long, HIP_vector_type<unsigned int, 3u>, long, long, long)",538,17044208390459,17044208454312,0,0,256,1,1,2228224,1,1
"KERNEL_DISPATCH",4,2,78,"void tile_fp16_gemm<128, 64, 4, 8, 32>(__half const*, __half const*, float*, float*, int, int, long)",539,17044208454312,17044209453151,0,25088,256,1,1,6656,1,8
"KERNEL_DISPATCH",4,2,79,"tile_fp16_reduce(float const*, float*, int, int)",540,17044209453151,17044209481003,0,0,256,1,1,53248,1,1
"KERNEL_DISPATCH",4,2,21,"void dequantize_block_iq3_s<__half>(void const*, __half*)",541,17044209502337,17044209904866,0,0,32,1,1,3620864,1,1
"KERNEL_DISPATCH",4,2,61,"void convert_unary<float, __half>(void const*, __half*, long, long, long, HIP_vector_type<unsigned int, 3u>, long, long, long)",542,17044209904866,17044209962497,0,0,256,1,1,2228224,1,1
"KERNEL_DISPATCH",4,2,78,"void tile_fp16_gemm<128, 64, 4, 8, 32>(__half const*, __half const*, float*, float*, int, int, long)",543,17044209962497,17044211227268,0,25088,256,1,1,6656,1,8
"KERNEL_DISPATCH",4,2,79,"tile_fp16_reduce(float const*, float*, int, int)",544,17044211227268,17044211270676,0,0,256,1,1,53248,1,1
"KERNEL_DISPATCH",4,2,21,"void dequantize_block_iq3_s<__half>(void const*, __half*)",545,17044211295714,17044211721650,0,0,32,1,1,3620864,1,1
"KERNEL_DISPATCH",4,2,61,"void convert_unary<float, __half>(void const*, __half*, long, long, long, HIP_vector_type<unsigned int, 3u>, long, long, long)",546,17044211721650,17044211779429,0,0,256,1,1,2228224,1,1
"KERNEL_DISPATCH",4,2,78,"void tile_fp16_gemm<128, 64, 4, 8, 32>(__half const*, __half const*, float*, float*, int, int, long)",547,17044211779429,17044213027311,0,25088,256,1,1,6656,1,8
"KERNEL_DISPATCH",4,2,79,"tile_fp16_reduce(float const*, float*, int, int)",548,17044213027311,17044213069831,0,0,256,1,1,53248,1,1
"KERNEL_DISPATCH",4,2,21,"void dequantize_block_iq3_s<__half>(void const*, __half*)",549,17044213094276,17044213546583,0,0,32,1,1,3620864,1,1
"KERNEL_DISPATCH",4,2,61,"void convert_unary<float, __half>(void const*, __half*, long, long, long, HIP_vector_type<unsigned int, 3u>, long, long, long)",550,17044213546583,17044213604362,0,0,256,1,1,2228224,1,1
"KERNEL_DISPATCH",4,2,78,"void tile_fp16_gemm<128, 64, 4, 8, 32>(__half const*, __half const*, float*, float*, int, int, long)",551,17044213604362,17044214690166,0,25088,256,1,1,6656,1,8
"KERNEL_DISPATCH",4,2,79,"tile_fp16_reduce(float const*, float*, int, int)",552,17044214690166,17044214732390,0,0,256,1,1,53248,1,1
"KERNEL_DISPATCH",4,2,21,"void dequantize_block_iq3_s<__half>(void const*, __half*)",553,17044214753575,17044215155659,0,0,32,1,1,3620864,1,1
"KERNEL_DISPATCH",4,2,61,"void convert_unary<float, __half>(void const*, __half*, long, long, long, HIP_vector_type<unsigned int, 3u>, long, long, long)",554,17044215155659,17044215213883,0,0,256,1,1,2228224,1,1
"KERNEL_DISPATCH",4,2,79,"tile_fp16_reduce(float const*, float*, int, int)",556,17044216295687,17044216339095,0,0,256,1,1,53248,1,1
"KERNEL_DISPATCH",4,2,78,"void tile_fp16_gemm<128, 64, 4, 8, 32>(__half const*, __half const*, float*, float*, int, int, long)",555,17044215213883,17044216295687,0,25088,256,1,1,6656,1,8
"KERNEL_DISPATCH",4,2,21,"void dequantize_block_iq3_s<__half>(void const*, __half*)",557,17044216362059,17044216763994,0,0,32,1,1,3620864,1,1
"KERNEL_DISPATCH",4,2,61,"void convert_unary<float, __half>(void const*, __half*, long, long, long, HIP_vector_type<unsigned int, 3u>, long, long, long)",558,17044216763994,17044216822070,0,0,256,1,1,2228224,1,1
"KERNEL_DISPATCH",4,2,78,"void tile_fp16_gemm<128, 64, 4, 8, 32>(__half const*, __half const*, float*, float*, int, int, long)",559,17044216822070,17044217907874,0,25088,256,1,1,6656,1,8
"KERNEL_DISPATCH",4,2,79,"tile_fp16_reduce(float const*, float*, int, int)",560,17044217907874,17044217950838,0,0,256,1,1,53248,1,1
"KERNEL_DISPATCH",4,2,21,"void dequantize_block_iq3_s<__half>(void const*, __half*)",561,17044217972320,17044218373663,0,0,32,1,1,3620864,1,1
"KERNEL_DISPATCH",4,2,61,"void convert_unary<float, __half>(void const*, __half*, long, long, long, HIP_vector_type<unsigned int, 3u>, long, long, long)",562,17044218373663,17044218437813,0,0,256,1,1,2228224,1,1
"KERNEL_DISPATCH",4,2,78,"void tile_fp16_gemm<128, 64, 4, 8, 32>(__half const*, __half const*, float*, float*, int, int, long)",563,17044218437813,17044219453837,0,25088,256,1,1,6656,1,8
"KERNEL_DISPATCH",4,2,79,"tile_fp16_reduce(float const*, float*, int, int)",564,17044219453837,17044219481690,0,0,256,1,1,53248,1,1
"KERNEL_DISPATCH",4,2,21,"void dequantize_block_iq3_s<__half>(void const*, __half*)",565,17044219503172,17044219905404,0,0,32,1,1,3620864,1,1
"KERNEL_DISPATCH",4,2,61,"void convert_unary<float, __half>(void const*, __half*, long, long, long, HIP_vector_type<unsigned int, 3u>, long, long, long)",566,17044219905404,17044219963183,0,0,256,1,1,2228224,1,1
"KERNEL_DISPATCH",4,2,78,"void tile_fp16_gemm<128, 64, 4, 8, 32>(__half const*, __half const*, float*, float*, int, int, long)",567,17044219963183,17044221284548,0,25088,256,1,1,6656,1,8
"KERNEL_DISPATCH",4,2,79,"tile_fp16_reduce(float const*, float*, int, int)",568,17044221284548,17044221328549,0,0,256,1,1,53248,1,1
"KERNEL_DISPATCH",4,2,21,"void dequantize_block_iq3_s<__half>(void const*, __half*)",569,17044221353439,17044221773301,0,0,32,1,1,3620864,1,1
"KERNEL_DISPATCH",4,2,61,"void convert_unary<float, __half>(void const*, __half*, long, long, long, HIP_vector_type<unsigned int, 3u>, long, long, long)",570,17044221773301,17044221831228,0,0,256,1,1,2228224,1,1
"KERNEL_DISPATCH",4,2,78,"void tile_fp16_gemm<128, 64, 4, 8, 32>(__half const*, __half const*, float*, float*, int, int, long)",571,17044221831228,17044223064887,0,25088,256,1,1,6656,1,8
"KERNEL_DISPATCH",4,2,79,"tile_fp16_reduce(float const*, float*, int, int)",572,17044223064887,17044223107407,0,0,256,1,1,53248,1,1
"KERNEL_DISPATCH",4,2,21,"void dequantize_block_iq3_s<__half>(void const*, __half*)",573,17044223131556,17044223579122,0,0,32,1,1,3620864,1,1
"KERNEL_DISPATCH",4,2,61,"void convert_unary<float, __half>(void const*, __half*, long, long, long, HIP_vector_type<unsigned int, 3u>, long, long, long)",574,17044223579122,17044223637346,0,0,256,1,1,2228224,1,1
"KERNEL_DISPATCH",4,2,78,"void tile_fp16_gemm<128, 64, 4, 8, 32>(__half const*, __half const*, float*, float*, int, int, long)",575,17044223637346,17044224716631,0,25088,256,1,1,6656,1,8
"KERNEL_DISPATCH",4,2,79,"tile_fp16_reduce(float const*, float*, int, int)",576,17044224716631,17044224759595,0,0,256,1,1,53248,1,1
"KERNEL_DISPATCH",4,2,21,"void dequantize_block_iq3_s<__half>(void const*, __half*)",577,17044224781521,17044225183902,0,0,32,1,1,3620864,1,1
"KERNEL_DISPATCH",4,2,61,"void convert_unary<float, __half>(void const*, __half*, long, long, long, HIP_vector_type<unsigned int, 3u>, long, long, long)",578,17044225183902,17044225241829,0,0,256,1,1,2228224,1,1
"KERNEL_DISPATCH",4,2,78,"void tile_fp16_gemm<128, 64, 4, 8, 32>(__half const*, __half const*, float*, float*, int, int, long)",579,17044225241829,17044226328374,0,25088,256,1,1,6656,1,8
"KERNEL_DISPATCH",4,2,79,"tile_fp16_reduce(float const*, float*, int, int)",580,17044226328374,17044226370597,0,0,256,1,1,53248,1,1
"KERNEL_DISPATCH",4,2,21,"void dequantize_block_iq3_s<__half>(void const*, __half*)",581,17044226393116,17044226795496,0,0,32,1,1,3620864,1,1
"KERNEL_DISPATCH",4,2,61,"void convert_unary<float, __half>(void const*, __half*, long, long, long, HIP_vector_type<unsigned int, 3u>, long, long, long)",582,17044226795496,17044226853423,0,0,256,1,1,2228224,1,1
"KERNEL_DISPATCH",4,2,78,"void tile_fp16_gemm<128, 64, 4, 8, 32>(__half const*, __half const*, float*, float*, int, int, long)",583,17044226853423,17044228077157,0,25088,256,1,1,6656,1,8
"KERNEL_DISPATCH",4,2,79,"tile_fp16_reduce(float const*, float*, int, int)",584,17044228077157,17044228119824,0,0,256,1,1,53248,1,1
"KERNEL_DISPATCH",4,2,21,"void dequantize_block_iq3_s<__half>(void const*, __half*)",585,17044228146492,17044228592577,0,0,32,1,1,3620864,1,1
"KERNEL_DISPATCH",4,2,61,"void convert_unary<float, __half>(void const*, __half*, long, long, long, HIP_vector_type<unsigned int, 3u>, long, long, long)",586,17044228592577,17044228650652,0,0,256,1,1,2228224,1,1
"KERNEL_DISPATCH",4,2,78,"void tile_fp16_gemm<128, 64, 4, 8, 32>(__half const*, __half const*, float*, float*, int, int, long)",587,17044228650652,17044229844607,0,25088,256,1,1,6656,1,8
"KERNEL_DISPATCH",4,2,79,"tile_fp16_reduce(float const*, float*, int, int)",588,17044229844607,17044229886682,0,0,256,1,1,53248,1,1
"KERNEL_DISPATCH",4,2,21,"void dequantize_block_iq3_s<__half>(void const*, __half*)",589,17044229912016,17044230373953,0,0,32,1,1,3620864,1,1
"KERNEL_DISPATCH",4,2,61,"void convert_unary<float, __half>(void const*, __half*, long, long, long, HIP_vector_type<unsigned int, 3u>, long, long, long)",590,17044230373953,17044230449214,0,0,256,1,1,2228224,1,1
"KERNEL_DISPATCH",4,2,78,"void tile_fp16_gemm<128, 64, 4, 8, 32>(__half const*, __half const*, float*, float*, int, int, long)",591,17044230449214,17044231549981,0,25088,256,1,1,6656,1,8
"KERNEL_DISPATCH",4,2,79,"tile_fp16_reduce(float const*, float*, int, int)",592,17044231549981,17044231592205,0,0,256,1,1,53248,1,1
"KERNEL_DISPATCH",4,2,21,"void dequantize_block_iq3_s<__half>(void const*, __half*)",593,17044231614872,17044232016956,0,0,32,1,1,3620864,1,1
"KERNEL_DISPATCH",4,2,61,"void convert_unary<float, __half>(void const*, __half*, long, long, long, HIP_vector_type<unsigned int, 3u>, long, long, long)",594,17044232016956,17044232074735,0,0,256,1,1,2228224,1,1
"KERNEL_DISPATCH",4,2,78,"void tile_fp16_gemm<128, 64, 4, 8, 32>(__half const*, __half const*, float*, float*, int, int, long)",595,17044232074735,17044233164835,0,25088,256,1,1,6656,1,8
"KERNEL_DISPATCH",4,2,79,"tile_fp16_reduce(float const*, float*, int, int)",596,17044233164835,17044233208244,0,0,256,1,1,53248,1,1
"KERNEL_DISPATCH",4,2,21,"void dequantize_block_iq3_s<__half>(void const*, __half*)",597,17044233230318,17044233612846,0,0,32,1,1,3620864,1,1
"KERNEL_DISPATCH",4,2,61,"void convert_unary<float, __half>(void const*, __half*, long, long, long, HIP_vector_type<unsigned int, 3u>, long, long, long)",598,17044233612846,17044233664995,0,0,256,1,1,2228224,1,1
"KERNEL_DISPATCH",4,2,78,"void tile_fp16_gemm<128, 64, 4, 8, 32>(__half const*, __half const*, float*, float*, int, int, long)",599,17044233664995,17044234695391,0,25088,256,1,1,6656,1,8
"KERNEL_DISPATCH",4,2,79,"tile_fp16_reduce(float const*, float*, int, int)",600,17044234695391,17044234723836,0,0,256,1,1,53248,1,1
"KERNEL_DISPATCH",4,2,21,"void dequantize_block_iq3_s<__half>(void const*, __half*)",601,17044234745614,17044235148142,0,0,32,1,1,3620864,1,1
"KERNEL_DISPATCH",4,2,61,"void convert_unary<float, __half>(void const*, __half*, long, long, long, HIP_vector_type<unsigned int, 3u>, long, long, long)",602,17044235148142,17044235205625,0,0,256,1,1,2228224,1,1
"KERNEL_DISPATCH",4,2,78,"void tile_fp16_gemm<128, 64, 4, 8, 32>(__half const*, __half const*, float*, float*, int, int, long)",603,17044235205625,17044236293948,0,25088,256,1,1,6656,1,8
"KERNEL_DISPATCH",4,2,79,"tile_fp16_reduce(float const*, float*, int, int)",604,17044236293948,17044236336764,0,0,256,1,1,53248,1,1
"KERNEL_DISPATCH",4,2,21,"void dequantize_block_iq3_s<__half>(void const*, __half*)",605,17044236358690,17044236760922,0,0,32,1,1,3620864,1,1
"KERNEL_DISPATCH",4,2,61,"void convert_unary<float, __half>(void const*, __half*, long, long, long, HIP_vector_type<unsigned int, 3u>, long, long, long)",606,17044236760922,17044236819146,0,0,256,1,1,2228224,1,1
"KERNEL_DISPATCH",4,2,78,"void tile_fp16_gemm<128, 64, 4, 8, 32>(__half const*, __half const*, float*, float*, int, int, long)",607,17044236819146,17044238074435,0,25088,256,1,1,6656,1,8
"KERNEL_DISPATCH",4,2,79,"tile_fp16_reduce(float const*, float*, int, int)",608,17044238074435,17044238117844,0,0,256,1,1,53248,1,1
"KERNEL_DISPATCH",4,2,21,"void dequantize_block_iq3_s<__half>(void const*, __half*)",609,17044238142141,17044238588374,0,0,32,1,1,3620864,1,1
"KERNEL_DISPATCH",4,2,61,"void convert_unary<float, __half>(void const*, __half*, long, long, long, HIP_vector_type<unsigned int, 3u>, long, long, long)",610,17044238588374,17044238646597,0,0,256,1,1,2228224,1,1
"KERNEL_DISPATCH",4,2,78,"void tile_fp16_gemm<128, 64, 4, 8, 32>(__half const*, __half const*, float*, float*, int, int, long)",611,17044238646597,17044239860256,0,25088,256,1,1,6656,1,8
"KERNEL_DISPATCH",4,2,79,"tile_fp16_reduce(float const*, float*, int, int)",612,17044239860256,17044239903665,0,0,256,1,1,53248,1,1
"KERNEL_DISPATCH",4,2,21,"void dequantize_block_iq3_s<__half>(void const*, __half*)",613,17044239927665,17044240389899,0,0,32,1,1,3620864,1,1
"KERNEL_DISPATCH",4,2,61,"void convert_unary<float, __half>(void const*, __half*, long, long, long, HIP_vector_type<unsigned int, 3u>, long, long, long)",614,17044240389899,17044240465308,0,0,256,1,1,2228224,1,1
"KERNEL_DISPATCH",4,2,78,"void tile_fp16_gemm<128, 64, 4, 8, 32>(__half const*, __half const*, float*, float*, int, int, long)",615,17044240465308,17044241548593,0,25088,256,1,1,6656,1,8
"KERNEL_DISPATCH",4,2,79,"tile_fp16_reduce(float const*, float*, int, int)",616,17044241548593,17044241591409,0,0,256,1,1,53248,1,1
"KERNEL_DISPATCH",4,2,21,"void dequantize_block_iq3_s<__half>(void const*, __half*)",617,17044241613336,17044242015568,0,0,32,1,1,3620864,1,1
"KERNEL_DISPATCH",4,2,61,"void convert_unary<float, __half>(void const*, __half*, long, long, long, HIP_vector_type<unsigned int, 3u>, long, long, long)",618,17044242015568,17044242073495,0,0,256,1,1,2228224,1,1
"KERNEL_DISPATCH",4,2,78,"void tile_fp16_gemm<128, 64, 4, 8, 32>(__half const*, __half const*, float*, float*, int, int, long)",619,17044242073495,17044243104779,0,25088,256,1,1,6656,1,8
"KERNEL_DISPATCH",4,2,79,"tile_fp16_reduce(float const*, float*, int, int)",620,17044243104779,17044243130558,0,0,256,1,1,53248,1,1
"KERNEL_DISPATCH",4,2,21,"void dequantize_block_iq3_s<__half>(void const*, __half*)",621,17044243150410,17044243511011,0,0,32,1,1,3620864,1,1
"KERNEL_DISPATCH",4,2,61,"void convert_unary<float, __half>(void const*, __half*, long, long, long, HIP_vector_type<unsigned int, 3u>, long, long, long)",622,17044243511011,17044243563161,0,0,256,1,1,2228224,1,1
"KERNEL_DISPATCH",4,2,78,"void tile_fp16_gemm<128, 64, 4, 8, 32>(__half const*, __half const*, float*, float*, int, int, long)",623,17044243563161,17044244588519,0,25088,256,1,1,6656,1,8
"KERNEL_DISPATCH",4,2,79,"tile_fp16_reduce(float const*, float*, int, int)",624,17044244588519,17044244616519,0,0,256,1,1,53248,1,1
"KERNEL_DISPATCH",4,2,21,"void dequantize_block_iq3_s<__half>(void const*, __half*)",625,17044244637705,17044245040530,0,0,32,1,1,3620864,1,1
"KERNEL_DISPATCH",4,2,61,"void convert_unary<float, __half>(void const*, __half*, long, long, long, HIP_vector_type<unsigned int, 3u>, long, long, long)",626,17044245040530,17044245098309,0,0,256,1,1,2228224,1,1
"KERNEL_DISPATCH",4,2,78,"void tile_fp16_gemm<128, 64, 4, 8, 32>(__half const*, __half const*, float*, float*, int, int, long)",627,17044245098309,17044246183668,0,25088,256,1,1,6656,1,8
"KERNEL_DISPATCH",4,2,79,"tile_fp16_reduce(float const*, float*, int, int)",628,17044246183668,17044246225892,0,0,256,1,1,53248,1,1
"KERNEL_DISPATCH",4,2,21,"void dequantize_block_iq3_s<__half>(void const*, __half*)",629,17044246247522,17044246628272,0,0,32,1,1,3620864,1,1
"KERNEL_DISPATCH",4,2,61,"void convert_unary<float, __half>(void const*, __half*, long, long, long, HIP_vector_type<unsigned int, 3u>, long, long, long)",630,17044246628272,17044246680717,0,0,256,1,1,2228224,1,1
"KERNEL_DISPATCH",4,2,78,"void tile_fp16_gemm<128, 64, 4, 8, 32>(__half const*, __half const*, float*, float*, int, int, long)",631,17044246680717,17044247716891,0,25088,256,1,1,6656,1,8
"KERNEL_DISPATCH",4,2,79,"tile_fp16_reduce(float const*, float*, int, int)",632,17044247716891,17044247744891,0,0,256,1,1,53248,1,1
"KERNEL_DISPATCH",4,2,21,"void dequantize_block_iq3_s<__half>(void const*, __half*)",633,17044247766521,17044248168753,0,0,32,1,1,3620864,1,1
"KERNEL_DISPATCH",4,2,61,"void convert_unary<float, __half>(void const*, __half*, long, long, long, HIP_vector_type<unsigned int, 3u>, long, long, long)",634,17044248168753,17044248226533,0,0,256,1,1,2228224,1,1
"KERNEL_DISPATCH",4,2,78,"void tile_fp16_gemm<128, 64, 4, 8, 32>(__half const*, __half const*, float*, float*, int, int, long)",635,17044248226533,17044249308337,0,25088,256,1,1,6656,1,8
"KERNEL_DISPATCH",4,2,79,"tile_fp16_reduce(float const*, float*, int, int)",636,17044249308337,17044249351004,0,0,256,1,1,53248,1,1
"KERNEL_DISPATCH",4,2,21,"void dequantize_block_iq3_s<__half>(void const*, __half*)",637,17044249374560,17044249843461,0,0,32,1,1,3620864,1,1
"KERNEL_DISPATCH",4,2,61,"void convert_unary<float, __half>(void const*, __half*, long, long, long, HIP_vector_type<unsigned int, 3u>, long, long, long)",638,17044249843461,17044249920351,0,0,256,1,1,2228224,1,1
"KERNEL_DISPATCH",4,2,78,"void tile_fp16_gemm<128, 64, 4, 8, 32>(__half const*, __half const*, float*, float*, int, int, long)",639,17044249920351,17044251224975,0,25088,256,1,1,6656,1,8
"KERNEL_DISPATCH",4,2,79,"tile_fp16_reduce(float const*, float*, int, int)",640,17044251224975,17044251267643,0,0,256,1,1,53248,1,1
"KERNEL_DISPATCH",4,2,21,"void dequantize_block_iq3_s<__half>(void const*, __half*)",641,17044251292533,17044251711950,0,0,32,1,1,3620864,1,1
"KERNEL_DISPATCH",4,2,61,"void convert_unary<float, __half>(void const*, __half*, long, long, long, HIP_vector_type<unsigned int, 3u>, long, long, long)",642,17044251711950,17044251770470,0,0,256,1,1,2228224,1,1
"KERNEL_DISPATCH",4,2,79,"tile_fp16_reduce(float const*, float*, int, int)",644,17044253040427,17044253082946,0,0,256,1,1,53248,1,1
"KERNEL_DISPATCH",4,2,78,"void tile_fp16_gemm<128, 64, 4, 8, 32>(__half const*, __half const*, float*, float*, int, int, long)",643,17044251770470,17044253040427,0,25088,256,1,1,6656,1,8
"KERNEL_DISPATCH",4,2,21,"void dequantize_block_iq3_s<__half>(void const*, __half*)",645,17044253107984,17044253559254,0,0,32,1,1,3620864,1,1
"KERNEL_DISPATCH",4,2,61,"void convert_unary<float, __half>(void const*, __half*, long, long, long, HIP_vector_type<unsigned int, 3u>, long, long, long)",646,17044253559254,17044253616885,0,0,256,1,1,2228224,1,1
"KERNEL_DISPATCH",4,2,78,"void tile_fp16_gemm<128, 64, 4, 8, 32>(__half const*, __half const*, float*, float*, int, int, long)",647,17044253616885,17044254810395,0,25088,256,1,1,6656,1,8
"KERNEL_DISPATCH",4,2,79,"tile_fp16_reduce(float const*, float*, int, int)",648,17044254810395,17044254853656,0,0,256,1,1,53248,1,1
"KERNEL_DISPATCH",4,2,21,"void dequantize_block_iq3_s<__half>(void const*, __half*)",649,17044254878101,17044255340186,0,0,32,1,1,3620864,1,1
"KERNEL_DISPATCH",4,2,61,"void convert_unary<float, __half>(void const*, __half*, long, long, long, HIP_vector_type<unsigned int, 3u>, long, long, long)",650,17044255340186,17044255416040,0,0,256,1,1,2228224,1,1
"KERNEL_DISPATCH",4,2,78,"void tile_fp16_gemm<128, 64, 4, 8, 32>(__half const*, __half const*, float*, float*, int, int, long)",651,17044255416040,17044256494140,0,25088,256,1,1,6656,1,8
"KERNEL_DISPATCH",4,2,79,"tile_fp16_reduce(float const*, float*, int, int)",652,17044256494140,17044256536363,0,0,256,1,1,53248,1,1
"KERNEL_DISPATCH",4,2,21,"void dequantize_block_iq3_s<__half>(void const*, __half*)",653,17044256558290,17044256960670,0,0,32,1,1,3620864,1,1
"KERNEL_DISPATCH",4,2,61,"void convert_unary<float, __half>(void const*, __half*, long, long, long, HIP_vector_type<unsigned int, 3u>, long, long, long)",654,17044256960670,17044257018449,0,0,256,1,1,2228224,1,1
"KERNEL_DISPATCH",4,2,78,"void tile_fp16_gemm<128, 64, 4, 8, 32>(__half const*, __half const*, float*, float*, int, int, long)",655,17044257018449,17044258100697,0,25088,256,1,1,6656,1,8
"KERNEL_DISPATCH",4,2,79,"tile_fp16_reduce(float const*, float*, int, int)",656,17044258100697,17044258142772,0,0,256,1,1,53248,1,1
"KERNEL_DISPATCH",4,2,21,"void dequantize_block_iq3_s<__half>(void const*, __half*)",657,17044258164599,17044258554238,0,0,32,1,1,3620864,1,1
"KERNEL_DISPATCH",4,2,61,"void convert_unary<float, __half>(void const*, __half*, long, long, long, HIP_vector_type<unsigned int, 3u>, long, long, long)",658,17044258554238,17044258606090,0,0,256,1,1,2228224,1,1
"KERNEL_DISPATCH",4,2,78,"void tile_fp16_gemm<128, 64, 4, 8, 32>(__half const*, __half const*, float*, float*, int, int, long)",659,17044258606090,17044259645671,0,25088,256,1,1,6656,1,8
"KERNEL_DISPATCH",4,2,79,"tile_fp16_reduce(float const*, float*, int, int)",660,17044259645671,17044259673375,0,0,256,1,1,53248,1,1
"KERNEL_DISPATCH",4,2,21,"void dequantize_block_iq3_s<__half>(void const*, __half*)",661,17044259694709,17044260096793,0,0,32,1,1,3620864,1,1
"KERNEL_DISPATCH",4,2,61,"void convert_unary<float, __half>(void const*, __half*, long, long, long, HIP_vector_type<unsigned int, 3u>, long, long, long)",662,17044260096793,17044260154720,0,0,256,1,1,2228224,1,1
"KERNEL_DISPATCH",4,2,79,"tile_fp16_reduce(float const*, float*, int, int)",664,17044261232376,17044261274451,0,0,256,1,1,53248,1,1
"KERNEL_DISPATCH",4,2,78,"void tile_fp16_gemm<128, 64, 4, 8, 32>(__half const*, __half const*, float*, float*, int, int, long)",663,17044260154720,17044261232376,0,25088,256,1,1,6656,1,8
"KERNEL_DISPATCH",4,2,21,"void dequantize_block_iq3_s<__half>(void const*, __half*)",665,17044261297563,17044261699943,0,0,32,1,1,3620864,1,1
"KERNEL_DISPATCH",4,2,61,"void convert_unary<float, __half>(void const*, __half*, long, long, long, HIP_vector_type<unsigned int, 3u>, long, long, long)",666,17044261699943,17044261757870,0,0,256,1,1,2228224,1,1
"KERNEL_DISPATCH",4,2,78,"void tile_fp16_gemm<128, 64, 4, 8, 32>(__half const*, __half const*, float*, float*, int, int, long)",667,17044261757870,17044262849600,0,25088,256,1,1,6656,1,8
"KERNEL_DISPATCH",4,2,79,"tile_fp16_reduce(float const*, float*, int, int)",668,17044262849600,17044262891823,0,0,256,1,1,53248,1,1
"KERNEL_DISPATCH",4,2,21,"void dequantize_block_iq3_s<__half>(void const*, __half*)",669,17044262914491,17044263317167,0,0,32,1,1,3620864,1,1
"KERNEL_DISPATCH",4,2,61,"void convert_unary<float, __half>(void const*, __half*, long, long, long, HIP_vector_type<unsigned int, 3u>, long, long, long)",670,17044263317167,17044263374946,0,0,256,1,1,2228224,1,1
"KERNEL_DISPATCH",4,2,78,"void tile_fp16_gemm<128, 64, 4, 8, 32>(__half const*, __half const*, float*, float*, int, int, long)",671,17044263374946,17044264443713,0,25088,256,1,1,6656,1,8
"KERNEL_DISPATCH",4,2,79,"tile_fp16_reduce(float const*, float*, int, int)",672,17044264443713,17044264486529,0,0,256,1,1,53248,1,1
"KERNEL_DISPATCH",4,2,21,"void dequantize_block_iq3_s<__half>(void const*, __half*)",673,17044264508307,17044264910391,0,0,32,1,1,3620864,1,1
"KERNEL_DISPATCH",4,2,61,"void convert_unary<float, __half>(void const*, __half*, long, long, long, HIP_vector_type<unsigned int, 3u>, long, long, long)",674,17044264910391,17044264968170,0,0,256,1,1,2228224,1,1
"KERNEL_DISPATCH",4,2,78,"void tile_fp16_gemm<128, 64, 4, 8, 32>(__half const*, __half const*, float*, float*, int, int, long)",675,17044264968170,17044266050270,0,25088,256,1,1,6656,1,8
"KERNEL_DISPATCH",4,2,79,"tile_fp16_reduce(float const*, float*, int, int)",676,17044266050270,17044266093086,0,0,256,1,1,53248,1,1
"KERNEL_DISPATCH",4,2,21,"void dequantize_block_iq3_s<__half>(void const*, __half*)",677,17044266115012,17044266510429,0,0,32,1,1,3620864,1,1
"KERNEL_DISPATCH",4,2,61,"void convert_unary<float, __half>(void const*, __half*, long, long, long, HIP_vector_type<unsigned int, 3u>, long, long, long)",678,17044266510429,17044266562875,0,0,256,1,1,2228224,1,1
"KERNEL_DISPATCH",4,2,78,"void tile_fp16_gemm<128, 64, 4, 8, 32>(__half const*, __half const*, float*, float*, int, int, long)",679,17044266562875,17044267576233,0,25088,256,1,1,6656,1,8
"KERNEL_DISPATCH",4,2,79,"tile_fp16_reduce(float const*, float*, int, int)",680,17044267576233,17044267604085,0,0,256,1,1,53248,1,1
"KERNEL_DISPATCH",4,2,21,"void dequantize_block_iq3_s<__half>(void const*, __half*)",681,17044267625271,17044268027651,0,0,32,1,1,3620864,1,1
"KERNEL_DISPATCH",4,2,61,"void convert_unary<float, __half>(void const*, __half*, long, long, long, HIP_vector_type<unsigned int, 3u>, long, long, long)",682,17044268027651,17044268086023,0,0,256,1,1,2228224,1,1
"KERNEL_DISPATCH",4,2,78,"void tile_fp16_gemm<128, 64, 4, 8, 32>(__half const*, __half const*, float*, float*, int, int, long)",683,17044268086023,17044269164716,0,25088,256,1,1,6656,1,8
"KERNEL_DISPATCH",4,2,79,"tile_fp16_reduce(float const*, float*, int, int)",684,17044269164716,17044269206939,0,0,256,1,1,53248,1,1
"KERNEL_DISPATCH",4,2,21,"void dequantize_block_iq3_s<__half>(void const*, __half*)",685,17044269228717,17044269611245,0,0,32,1,1,3620864,1,1
"KERNEL_DISPATCH",4,2,61,"void convert_unary<float, __half>(void const*, __half*, long, long, long, HIP_vector_type<unsigned int, 3u>, long, long, long)",686,17044269611245,17044269663246,0,0,256,1,1,2228224,1,1
"KERNEL_DISPATCH",4,2,78,"void tile_fp16_gemm<128, 64, 4, 8, 32>(__half const*, __half const*, float*, float*, int, int, long)",687,17044269663246,17044270703123,0,25088,256,1,1,6656,1,8
"KERNEL_DISPATCH",4,2,79,"tile_fp16_reduce(float const*, float*, int, int)",688,17044270703123,17044270730828,0,0,256,1,1,53248,1,1
"KERNEL_DISPATCH",4,2,21,"void dequantize_block_iq3_s<__half>(void const*, __half*)",689,17044270753050,17044271155134,0,0,32,1,1,3620864,1,1
"KERNEL_DISPATCH",4,2,61,"void convert_unary<float, __half>(void const*, __half*, long, long, long, HIP_vector_type<unsigned int, 3u>, long, long, long)",690,17044271155134,17044271213358,0,0,256,1,1,2228224,1,1
"KERNEL_DISPATCH",4,2,78,"void tile_fp16_gemm<128, 64, 4, 8, 32>(__half const*, __half const*, float*, float*, int, int, long)",691,17044271213358,17044272297088,0,25088,256,1,1,6656,1,8
"KERNEL_DISPATCH",4,2,79,"tile_fp16_reduce(float const*, float*, int, int)",692,17044272297088,17044272340348,0,0,256,1,1,53248,1,1
"KERNEL_DISPATCH",4,2,21,"void dequantize_block_iq3_s<__half>(void const*, __half*)",693,17044272364052,17044272834138,0,0,32,1,1,3620864,1,1
"KERNEL_DISPATCH",4,2,61,"void convert_unary<float, __half>(void const*, __half*, long, long, long, HIP_vector_type<unsigned int, 3u>, long, long, long)",694,17044272834138,17044272909399,0,0,256,1,1,2228224,1,1
"KERNEL_DISPATCH",4,2,78,"void tile_fp16_gemm<128, 64, 4, 8, 32>(__half const*, __half const*, float*, float*, int, int, long)",695,17044272909399,17044274309877,0,25088,256,1,1,6656,1,8
"KERNEL_DISPATCH",4,2,79,"tile_fp16_reduce(float const*, float*, int, int)",696,17044274309877,17044274352545,0,0,256,1,1,53248,1,1
"KERNEL_DISPATCH",4,2,21,"void dequantize_block_iq3_s<__half>(void const*, __half*)",697,17044274376842,17044274787074,0,0,32,1,1,3620864,1,1
"KERNEL_DISPATCH",4,2,61,"void convert_unary<float, __half>(void const*, __half*, long, long, long, HIP_vector_type<unsigned int, 3u>, long, long, long)",698,17044274787074,17044274844705,0,0,256,1,1,2228224,1,1
"KERNEL_DISPATCH",4,2,78,"void tile_fp16_gemm<128, 64, 4, 8, 32>(__half const*, __half const*, float*, float*, int, int, long)",699,17044274844705,17044276077920,0,25088,256,1,1,6656,1,8
"KERNEL_DISPATCH",4,2,79,"tile_fp16_reduce(float const*, float*, int, int)",700,17044276077920,17044276120588,0,0,256,1,1,53248,1,1
"KERNEL_DISPATCH",4,2,21,"void dequantize_block_iq3_s<__half>(void const*, __half*)",701,17044276145033,17044276591562,0,0,32,1,1,3620864,1,1
"KERNEL_DISPATCH",4,2,61,"void convert_unary<float, __half>(void const*, __half*, long, long, long, HIP_vector_type<unsigned int, 3u>, long, long, long)",702,17044276591562,17044276649786,0,0,256,1,1,2228224,1,1
"KERNEL_DISPATCH",4,2,78,"void tile_fp16_gemm<128, 64, 4, 8, 32>(__half const*, __half const*, float*, float*, int, int, long)",703,17044276649786,17044277826407,0,25088,256,1,1,6656,1,8
"KERNEL_DISPATCH",4,2,79,"tile_fp16_reduce(float const*, float*, int, int)",704,17044277826407,17044277868926,0,0,256,1,1,53248,1,1
"KERNEL_DISPATCH",4,2,21,"void dequantize_block_iq3_s<__half>(void const*, __half*)",705,17044277893075,17044278355308,0,0,32,1,1,3620864,1,1
"KERNEL_DISPATCH",4,2,61,"void convert_unary<float, __half>(void const*, __half*, long, long, long, HIP_vector_type<unsigned int, 3u>, long, long, long)",706,17044278355308,17044278429532,0,0,256,1,1,2228224,1,1
"KERNEL_DISPATCH",4,2,78,"void tile_fp16_gemm<128, 64, 4, 8, 32>(__half const*, __half const*, float*, float*, int, int, long)",707,17044278429532,17044279540078,0,25088,256,1,1,6656,1,8
"KERNEL_DISPATCH",4,2,79,"tile_fp16_reduce(float const*, float*, int, int)",708,17044279540078,17044279582894,0,0,256,1,1,53248,1,1
"KERNEL_DISPATCH",4,2,21,"void dequantize_block_iq3_s<__half>(void const*, __half*)",709,17044279604820,17044280007052,0,0,32,1,1,3620864,1,1
"KERNEL_DISPATCH",4,2,61,"void convert_unary<float, __half>(void const*, __half*, long, long, long, HIP_vector_type<unsigned int, 3u>, long, long, long)",710,17044280007052,17044280064683,0,0,256,1,1,2228224,1,1
"KERNEL_DISPATCH",4,2,78,"void tile_fp16_gemm<128, 64, 4, 8, 32>(__half const*, __half const*, float*, float*, int, int, long)",711,17044280064683,17044281157154,0,25088,256,1,1,6656,1,8
"KERNEL_DISPATCH",4,2,79,"tile_fp16_reduce(float const*, float*, int, int)",712,17044281157154,17044281199377,0,0,256,1,1,53248,1,1
"KERNEL_DISPATCH",4,2,21,"void dequantize_block_iq3_s<__half>(void const*, __half*)",713,17044281221304,17044281605016,0,0,32,1,1,3620864,1,1
"KERNEL_DISPATCH",4,2,61,"void convert_unary<float, __half>(void const*, __half*, long, long, long, HIP_vector_type<unsigned int, 3u>, long, long, long)",714,17044281605016,17044281657018,0,0,256,1,1,2228224,1,1
"KERNEL_DISPATCH",4,2,78,"void tile_fp16_gemm<128, 64, 4, 8, 32>(__half const*, __half const*, float*, float*, int, int, long)",715,17044281657018,17044282693635,0,25088,256,1,1,6656,1,8
"KERNEL_DISPATCH",4,2,79,"tile_fp16_reduce(float const*, float*, int, int)",716,17044282693635,17044282721340,0,0,256,1,1,53248,1,1
"KERNEL_DISPATCH",4,2,21,"void dequantize_block_iq3_s<__half>(void const*, __half*)",717,17044282742525,17044283145054,0,0,32,1,1,3620864,1,1
"KERNEL_DISPATCH",4,2,61,"void convert_unary<float, __half>(void const*, __half*, long, long, long, HIP_vector_type<unsigned int, 3u>, long, long, long)",718,17044283145054,17044283203277,0,0,256,1,1,2228224,1,1
"KERNEL_DISPATCH",4,2,78,"void tile_fp16_gemm<128, 64, 4, 8, 32>(__half const*, __half const*, float*, float*, int, int, long)",719,17044283203277,17044284288785,0,25088,256,1,1,6656,1,8
"KERNEL_DISPATCH",4,2,79,"tile_fp16_reduce(float const*, float*, int, int)",720,17044284288785,17044284331601,0,0,256,1,1,53248,1,1
"KERNEL_DISPATCH",4,2,21,"void dequantize_block_iq3_s<__half>(void const*, __half*)",721,17044284353824,17044284755907,0,0,32,1,1,3620864,1,1
"KERNEL_DISPATCH",4,2,61,"void convert_unary<float, __half>(void const*, __half*, long, long, long, HIP_vector_type<unsigned int, 3u>, long, long, long)",722,17044284755907,17044284813687,0,0,256,1,1,2228224,1,1
"KERNEL_DISPATCH",4,2,78,"void tile_fp16_gemm<128, 64, 4, 8, 32>(__half const*, __half const*, float*, float*, int, int, long)",723,17044284813687,17044286059198,0,25088,256,1,1,6656,1,8
"KERNEL_DISPATCH",4,2,79,"tile_fp16_reduce(float const*, float*, int, int)",724,17044286059198,17044286101125,0,0,256,1,1,53248,1,1
"KERNEL_DISPATCH",4,2,21,"void dequantize_block_iq3_s<__half>(void const*, __half*)",725,17044286125718,17044286574026,0,0,32,1,1,3620864,1,1
"KERNEL_DISPATCH",4,2,61,"void convert_unary<float, __half>(void const*, __half*, long, long, long, HIP_vector_type<unsigned int, 3u>, long, long, long)",726,17044286574026,17044286632249,0,0,256,1,1,2228224,1,1
"KERNEL_DISPATCH",4,2,78,"void tile_fp16_gemm<128, 64, 4, 8, 32>(__half const*, __half const*, float*, float*, int, int, long)",727,17044286632249,17044287717461,0,25088,256,1,1,6656,1,8
"KERNEL_DISPATCH",4,2,79,"tile_fp16_reduce(float const*, float*, int, int)",728,17044287717461,17044287759684,0,0,256,1,1,53248,1,1
"KERNEL_DISPATCH",4,2,21,"void dequantize_block_iq3_s<__half>(void const*, __half*)",729,17044287781462,17044288183694,0,0,32,1,1,3620864,1,1
"KERNEL_DISPATCH",4,2,61,"void convert_unary<float, __half>(void const*, __half*, long, long, long, HIP_vector_type<unsigned int, 3u>, long, long, long)",730,17044288183694,17044288303845,0,0,256,1,1,2228224,1,1
"KERNEL_DISPATCH",4,2,79,"tile_fp16_reduce(float const*, float*, int, int)",732,17044289392760,17044289436169,0,0,256,1,1,53248,1,1
"KERNEL_DISPATCH",4,2,78,"void tile_fp16_gemm<128, 64, 4, 8, 32>(__half const*, __half const*, float*, float*, int, int, long)",731,17044288303845,17044289392760,0,25088,256,1,1,6656,1,8
"KERNEL_DISPATCH",4,2,21,"void dequantize_block_iq3_s<__half>(void const*, __half*)",733,17044289459132,17044289861512,0,0,32,1,1,3620864,1,1
"KERNEL_DISPATCH",4,2,61,"void convert_unary<float, __half>(void const*, __half*, long, long, long, HIP_vector_type<unsigned int, 3u>, long, long, long)",734,17044289861512,17044289919292,0,0,256,1,1,2228224,1,1
"KERNEL_DISPATCH",4,2,78,"void tile_fp16_gemm<128, 64, 4, 8, 32>(__half const*, __half const*, float*, float*, int, int, long)",735,17044289919292,17044291171322,0,25088,256,1,1,6656,1,8
"KERNEL_DISPATCH",4,2,79,"tile_fp16_reduce(float const*, float*, int, int)",736,17044291171322,17044291213990,0,0,256,1,1,53248,1,1
"KERNEL_DISPATCH",4,2,21,"void dequantize_block_iq3_s<__half>(void const*, __half*)",737,17044291238583,17044291673112,0,0,32,1,1,3620864,1,1
"KERNEL_DISPATCH",4,2,61,"void convert_unary<float, __half>(void const*, __half*, long, long, long, HIP_vector_type<unsigned int, 3u>, long, long, long)",738,17044291673112,17044291731335,0,0,256,1,1,2228224,1,1
"KERNEL_DISPATCH",4,2,78,"void tile_fp16_gemm<128, 64, 4, 8, 32>(__half const*, __half const*, float*, float*, int, int, long)",739,17044291731335,17044292912105,0,25088,256,1,1,6656,1,8
"KERNEL_DISPATCH",4,2,79,"tile_fp16_reduce(float const*, float*, int, int)",740,17044292912105,17044292953883,0,0,256,1,1,53248,1,1
"KERNEL_DISPATCH",4,2,21,"void dequantize_block_iq3_s<__half>(void const*, __half*)",741,17044292978328,17044293438191,0,0,32,1,1,3620864,1,1
"KERNEL_DISPATCH",4,2,61,"void convert_unary<float, __half>(void const*, __half*, long, long, long, HIP_vector_type<unsigned int, 3u>, long, long, long)",742,17044293438191,17044293516564,0,0,256,1,1,2228224,1,1
"KERNEL_DISPATCH",4,2,79,"tile_fp16_reduce(float const*, float*, int, int)",744,17044294593923,17044294636146,0,0,256,1,1,53248,1,1
"KERNEL_DISPATCH",4,2,78,"void tile_fp16_gemm<128, 64, 4, 8, 32>(__half const*, __half const*, float*, float*, int, int, long)",743,17044293516564,17044294593923,0,25088,256,1,1,6656,1,8
"KERNEL_DISPATCH",4,2,21,"void dequantize_block_iq3_s<__half>(void const*, __half*)",745,17044294658814,17044295060897,0,0,32,1,1,3620864,1,1
"KERNEL_DISPATCH",4,2,61,"void convert_unary<float, __half>(void const*, __half*, long, long, long, HIP_vector_type<unsigned int, 3u>, long, long, long)",746,17044295060897,17044295118825,0,0,256,1,1,2228224,1,1
"KERNEL_DISPATCH",4,2,78,"void tile_fp16_gemm<128, 64, 4, 8, 32>(__half const*, __half const*, float*, float*, int, int, long)",747,17044295118825,17044296199295,0,25088,256,1,1,6656,1,8
"KERNEL_DISPATCH",4,2,79,"tile_fp16_reduce(float const*, float*, int, int)",748,17044296199295,17044296241518,0,0,256,1,1,53248,1,1
"KERNEL_DISPATCH",4,2,21,"void dequantize_block_iq3_s<__half>(void const*, __half*)",749,17044296263741,17044296642713,0,0,32,1,1,3620864,1,1
"KERNEL_DISPATCH",4,2,61,"void convert_unary<float, __half>(void const*, __half*, long, long, long, HIP_vector_type<unsigned int, 3u>, long, long, long)",750,17044296642713,17044296695011,0,0,256,1,1,2228224,1,1
"KERNEL_DISPATCH",4,2,78,"void tile_fp16_gemm<128, 64, 4, 8, 32>(__half const*, __half const*, float*, float*, int, int, long)",751,17044296695011,17044297727332,0,25088,256,1,1,6656,1,8
"KERNEL_DISPATCH",4,2,79,"tile_fp16_reduce(float const*, float*, int, int)",752,17044297727332,17044297755185,0,0,256,1,1,53248,1,1
"KERNEL_DISPATCH",4,2,21,"void dequantize_block_iq3_s<__half>(void const*, __half*)",753,17044297776667,17044298178899,0,0,32,1,1,3620864,1,1
"KERNEL_DISPATCH",4,2,61,"void convert_unary<float, __half>(void const*, __half*, long, long, long, HIP_vector_type<unsigned int, 3u>, long, long, long)",754,17044298178899,17044298236974,0,0,256,1,1,2228224,1,1
"KERNEL_DISPATCH",4,2,78,"void tile_fp16_gemm<128, 64, 4, 8, 32>(__half const*, __half const*, float*, float*, int, int, long)",755,17044298236974,17044299309593,0,25088,256,1,1,6656,1,8
"KERNEL_DISPATCH",4,2,79,"tile_fp16_reduce(float const*, float*, int, int)",756,17044299309593,17044299353446,0,0,256,1,1,53248,1,1
"KERNEL_DISPATCH",4,2,21,"void dequantize_block_iq3_s<__half>(void const*, __half*)",757,17048131285290,17048131490036,0,0,32,1,1,2129920,1,1
"KERNEL_DISPATCH",4,2,61,"void convert_unary<float, __half>(void const*, __half*, long, long, long, HIP_vector_type<unsigned int, 3u>, long, long, long)",758,17048131490036,17048131508999,0,0,256,1,1,655360,1,1
"KERNEL_DISPATCH",4,2,78,"void tile_fp16_gemm<128, 64, 4, 8, 32>(__half const*, __half const*, float*, float*, int, int, long)",759,17048131702929,17048132362945,0,25088,256,1,1,13312,1,8
"KERNEL_DISPATCH",4,2,79,"tile_fp16_reduce(float const*, float*, int, int)",760,17048132362945,17048132406057,0,0,256,1,1,106496,1,1
"KERNEL_DISPATCH",4,2,21,"void dequantize_block_iq3_s<__half>(void const*, __half*)",761,17048132455984,17048132656582,0,0,32,1,1,2129920,1,1
"KERNEL_DISPATCH",4,2,61,"void convert_unary<float, __half>(void const*, __half*, long, long, long, HIP_vector_type<unsigned int, 3u>, long, long, long)",762,17048132656582,17048132673767,0,0,256,1,1,655360,1,1
"KERNEL_DISPATCH",4,2,78,"void tile_fp16_gemm<128, 64, 4, 8, 32>(__half const*, __half const*, float*, float*, int, int, long)",763,17048132673767,17048133316894,0,25088,256,1,1,13312,1,8
"KERNEL_DISPATCH",4,2,79,"tile_fp16_reduce(float const*, float*, int, int)",764,17048133316894,17048133358969,0,0,256,1,1,106496,1,1
"KERNEL_DISPATCH",4,2,21,"void dequantize_block_iq3_s<__half>(void const*, __half*)",765,17048133380007,17048133580752,0,0,32,1,1,2129920,1,1
"KERNEL_DISPATCH",4,2,61,"void convert_unary<float, __half>(void const*, __half*, long, long, long, HIP_vector_type<unsigned int, 3u>, long, long, long)",766,17048133580752,17048133597493,0,0,256,1,1,655360,1,1
"KERNEL_DISPATCH",4,2,78,"void tile_fp16_gemm<128, 64, 4, 8, 32>(__half const*, __half const*, float*, float*, int, int, long)",767,17048133597493,17048134233657,0,25088,256,1,1,13312,1,8
"KERNEL_DISPATCH",4,2,79,"tile_fp16_reduce(float const*, float*, int, int)",768,17048134233657,17048134275732,0,0,256,1,1,106496,1,1
"KERNEL_DISPATCH",4,2,21,"void dequantize_block_iq3_s<__half>(void const*, __half*)",769,17048134296325,17048134497071,0,0,32,1,1,2129920,1,1
"KERNEL_DISPATCH",4,2,61,"void convert_unary<float, __half>(void const*, __half*, long, long, long, HIP_vector_type<unsigned int, 3u>, long, long, long)",770,17048134497071,17048134513960,0,0,256,1,1,655360,1,1
"KERNEL_DISPATCH",4,2,78,"void tile_fp16_gemm<128, 64, 4, 8, 32>(__half const*, __half const*, float*, float*, int, int, long)",771,17048134513960,17048135158568,0,25088,256,1,1,13312,1,8
"KERNEL_DISPATCH",4,2,79,"tile_fp16_reduce(float const*, float*, int, int)",772,17048135158568,17048135200940,0,0,256,1,1,106496,1,1
"KERNEL_DISPATCH",4,2,21,"void dequantize_block_iq3_s<__half>(void const*, __half*)",773,17048135221088,17048135421389,0,0,32,1,1,2129920,1,1
"KERNEL_DISPATCH",4,2,61,"void convert_unary<float, __half>(void const*, __half*, long, long, long, HIP_vector_type<unsigned int, 3u>, long, long, long)",774,17048135421389,17048135438427,0,0,256,1,1,655360,1,1
"KERNEL_DISPATCH",4,2,78,"void tile_fp16_gemm<128, 64, 4, 8, 32>(__half const*, __half const*, float*, float*, int, int, long)",775,17048135438427,17048136070442,0,25088,256,1,1,13312,1,8
"KERNEL_DISPATCH",4,2,79,"tile_fp16_reduce(float const*, float*, int, int)",776,17048136070442,17048136114147,0,0,256,1,1,106496,1,1
"KERNEL_DISPATCH",4,2,21,"void dequantize_block_iq3_s<__half>(void const*, __half*)",777,17048136137110,17048136350597,0,0,32,1,1,2129920,1,1
"KERNEL_DISPATCH",4,2,61,"void convert_unary<float, __half>(void const*, __half*, long, long, long, HIP_vector_type<unsigned int, 3u>, long, long, long)",778,17048136350597,17048136368227,0,0,256,1,1,655360,1,1
"KERNEL_DISPATCH",4,2,78,"void tile_fp16_gemm<128, 64, 4, 8, 32>(__half const*, __half const*, float*, float*, int, int, long)",779,17048136368227,17048136999502,0,25088,256,1,1,13312,1,8
"KERNEL_DISPATCH",4,2,79,"tile_fp16_reduce(float const*, float*, int, int)",780,17048136999502,17048137041725,0,0,256,1,1,106496,1,1
"KERNEL_DISPATCH",4,2,21,"void dequantize_block_iq3_s<__half>(void const*, __half*)",781,17048137064096,17048137277286,0,0,32,1,1,2129920,1,1
"KERNEL_DISPATCH",4,2,61,"void convert_unary<float, __half>(void const*, __half*, long, long, long, HIP_vector_type<unsigned int, 3u>, long, long, long)",782,17048137277286,17048137294916,0,0,256,1,1,655360,1,1
"KERNEL_DISPATCH",4,2,78,"void tile_fp16_gemm<128, 64, 4, 8, 32>(__half const*, __half const*, float*, float*, int, int, long)",783,17048137294916,17048137914339,0,25088,256,1,1,13312,1,8
"KERNEL_DISPATCH",4,2,79,"tile_fp16_reduce(float const*, float*, int, int)",784,17048137914339,17048137957155,0,0,256,1,1,106496,1,1
"KERNEL_DISPATCH",4,2,21,"void dequantize_block_iq3_s<__half>(void const*, __half*)",785,17048137978637,17048138191827,0,0,32,1,1,2129920,1,1
"KERNEL_DISPATCH",4,2,61,"void convert_unary<float, __half>(void const*, __half*, long, long, long, HIP_vector_type<unsigned int, 3u>, long, long, long)",786,17048138191827,17048138209457,0,0,256,1,1,655360,1,1
"KERNEL_DISPATCH",4,2,78,"void tile_fp16_gemm<128, 64, 4, 8, 32>(__half const*, __half const*, float*, float*, int, int, long)",787,17048138209457,17048138834657,0,25088,256,1,1,13312,1,8
"KERNEL_DISPATCH",4,2,79,"tile_fp16_reduce(float const*, float*, int, int)",788,17048138834657,17048138877325,0,0,256,1,1,106496,1,1
"KERNEL_DISPATCH",4,2,21,"void dequantize_block_iq3_s<__half>(void const*, __half*)",789,17048138898511,17048139111849,0,0,32,1,1,2129920,1,1
"KERNEL_DISPATCH",4,2,61,"void convert_unary<float, __half>(void const*, __half*, long, long, long, HIP_vector_type<unsigned int, 3u>, long, long, long)",790,17048139111849,17048139129479,0,0,256,1,1,655360,1,1
"KERNEL_DISPATCH",4,2,78,"void tile_fp16_gemm<128, 64, 4, 8, 32>(__half const*, __half const*, float*, float*, int, int, long)",791,17048139129479,17048139789347,0,25088,256,1,1,13312,1,8
"KERNEL_DISPATCH",4,2,79,"tile_fp16_reduce(float const*, float*, int, int)",792,17048139789347,17048139837200,0,0,256,1,1,106496,1,1
"KERNEL_DISPATCH",4,2,21,"void dequantize_block_iq3_s<__half>(void const*, __half*)",793,17048139860164,17048140098244,0,0,32,1,1,2129920,1,1
"KERNEL_DISPATCH",4,2,61,"void convert_unary<float, __half>(void const*, __half*, long, long, long, HIP_vector_type<unsigned int, 3u>, long, long, long)",794,17048140098244,17048140117948,0,0,256,1,1,655360,1,1
"KERNEL_DISPATCH",4,2,78,"void tile_fp16_gemm<128, 64, 4, 8, 32>(__half const*, __half const*, float*, float*, int, int, long)",795,17048140117948,17048140864336,0,25088,256,1,1,13312,1,8
"KERNEL_DISPATCH",4,2,79,"tile_fp16_reduce(float const*, float*, int, int)",796,17048140864336,17048140936042,0,0,256,1,1,106496,1,1
"KERNEL_DISPATCH",4,2,21,"void dequantize_block_iq3_s<__half>(void const*, __half*)",797,17048140962264,17048141235456,0,0,32,1,1,2129920,1,1
"KERNEL_DISPATCH",4,2,61,"void convert_unary<float, __half>(void const*, __half*, long, long, long, HIP_vector_type<unsigned int, 3u>, long, long, long)",798,17048141235456,17048141262568,0,0,256,1,1,655360,1,1
"KERNEL_DISPATCH",4,2,78,"void tile_fp16_gemm<128, 64, 4, 8, 32>(__half const*, __half const*, float*, float*, int, int, long)",799,17048141262568,17048142084218,0,25088,256,1,1,13312,1,8
"KERNEL_DISPATCH",4,2,79,"tile_fp16_reduce(float const*, float*, int, int)",800,17048142084218,17048142132367,0,0,256,1,1,106496,1,1
"KERNEL_DISPATCH",4,2,21,"void dequantize_block_iq3_s<__half>(void const*, __half*)",801,17048142155479,17048142393707,0,0,32,1,1,2129920,1,1
"KERNEL_DISPATCH",4,2,61,"void convert_unary<float, __half>(void const*, __half*, long, long, long, HIP_vector_type<unsigned int, 3u>, long, long, long)",802,17048142393707,17048142413114,0,0,256,1,1,655360,1,1
"KERNEL_DISPATCH",4,2,78,"void tile_fp16_gemm<128, 64, 4, 8, 32>(__half const*, __half const*, float*, float*, int, int, long)",803,17048142413114,17048143082760,0,25088,256,1,1,13312,1,8
"KERNEL_DISPATCH",4,2,79,"tile_fp16_reduce(float const*, float*, int, int)",804,17048143082760,17048143125428,0,0,256,1,1,106496,1,1
"KERNEL_DISPATCH",4,2,21,"void dequantize_block_iq3_s<__half>(void const*, __half*)",805,17048143146614,17048143359952,0,0,32,1,1,2129920,1,1
"KERNEL_DISPATCH",4,2,61,"void convert_unary<float, __half>(void const*, __half*, long, long, long, HIP_vector_type<unsigned int, 3u>, long, long, long)",806,17048143359952,17048143377434,0,0,256,1,1,655360,1,1
"KERNEL_DISPATCH",4,2,78,"void tile_fp16_gemm<128, 64, 4, 8, 32>(__half const*, __half const*, float*, float*, int, int, long)",807,17048143377434,17048144007079,0,25088,256,1,1,13312,1,8
"KERNEL_DISPATCH",4,2,79,"tile_fp16_reduce(float const*, float*, int, int)",808,17048144007079,17048144049895,0,0,256,1,1,106496,1,1
"KERNEL_DISPATCH",4,2,21,"void dequantize_block_iq3_s<__half>(void const*, __half*)",809,17048144071229,17048144284419,0,0,32,1,1,2129920,1,1
"KERNEL_DISPATCH",4,2,61,"void convert_unary<float, __half>(void const*, __half*, long, long, long, HIP_vector_type<unsigned int, 3u>, long, long, long)",810,17048144284419,17048144302494,0,0,256,1,1,655360,1,1
"KERNEL_DISPATCH",4,2,78,"void tile_fp16_gemm<128, 64, 4, 8, 32>(__half const*, __half const*, float*, float*, int, int, long)",811,17048144302494,17048144937916,0,25088,256,1,1,13312,1,8
"KERNEL_DISPATCH",4,2,79,"tile_fp16_reduce(float const*, float*, int, int)",812,17048144937916,17048144981325,0,0,256,1,1,106496,1,1
"KERNEL_DISPATCH",4,2,21,"void dequantize_block_iq3_s<__half>(void const*, __half*)",813,17048145002511,17048145215997,0,0,32,1,1,2129920,1,1
"KERNEL_DISPATCH",4,2,61,"void convert_unary<float, __half>(void const*, __half*, long, long, long, HIP_vector_type<unsigned int, 3u>, long, long, long)",814,17048145215997,17048145233924,0,0,256,1,1,655360,1,1
"KERNEL_DISPATCH",4,2,78,"void tile_fp16_gemm<128, 64, 4, 8, 32>(__half const*, __half const*, float*, float*, int, int, long)",815,17048145233924,17048145895717,0,25088,256,1,1,13312,1,8
"KERNEL_DISPATCH",4,2,79,"tile_fp16_reduce(float const*, float*, int, int)",816,17048145895717,17048145943274,0,0,256,1,1,106496,1,1
"KERNEL_DISPATCH",4,2,21,"void dequantize_block_iq3_s<__half>(void const*, __half*)",817,17048145965645,17048146203577,0,0,32,1,1,2129920,1,1
"KERNEL_DISPATCH",4,2,61,"void convert_unary<float, __half>(void const*, __half*, long, long, long, HIP_vector_type<unsigned int, 3u>, long, long, long)",818,17048146203577,17048146223133,0,0,256,1,1,655360,1,1
"KERNEL_DISPATCH",4,2,78,"void tile_fp16_gemm<128, 64, 4, 8, 32>(__half const*, __half const*, float*, float*, int, int, long)",819,17048146223133,17048146906260,0,25088,256,1,1,13312,1,8
"KERNEL_DISPATCH",4,2,79,"tile_fp16_reduce(float const*, float*, int, int)",820,17048146906260,17048146954410,0,0,256,1,1,106496,1,1
"KERNEL_DISPATCH",4,2,21,"void dequantize_block_iq3_s<__half>(void const*, __half*)",821,17048146978559,17048147216342,0,0,32,1,1,2129920,1,1
"KERNEL_DISPATCH",4,2,61,"void convert_unary<float, __half>(void const*, __half*, long, long, long, HIP_vector_type<unsigned int, 3u>, long, long, long)",822,17048147216342,17048147235898,0,0,256,1,1,655360,1,1
"KERNEL_DISPATCH",4,2,78,"void tile_fp16_gemm<128, 64, 4, 8, 32>(__half const*, __half const*, float*, float*, int, int, long)",823,17048147235898,17048147928656,0,25088,256,1,1,13312,1,8
"KERNEL_DISPATCH",4,2,79,"tile_fp16_reduce(float const*, float*, int, int)",824,17048147928656,17048147977101,0,0,256,1,1,106496,1,1
"KERNEL_DISPATCH",4,2,21,"void dequantize_block_iq3_s<__half>(void const*, __half*)",825,17048148000065,17048148238145,0,0,32,1,1,2129920,1,1
"KERNEL_DISPATCH",4,2,61,"void convert_unary<float, __half>(void const*, __half*, long, long, long, HIP_vector_type<unsigned int, 3u>, long, long, long)",826,17048148238145,17048148257701,0,0,256,1,1,655360,1,1
"KERNEL_DISPATCH",4,2,78,"void tile_fp16_gemm<128, 64, 4, 8, 32>(__half const*, __half const*, float*, float*, int, int, long)",827,17048148257701,17048148939791,0,25088,256,1,1,13312,1,8
"KERNEL_DISPATCH",4,2,79,"tile_fp16_reduce(float const*, float*, int, int)",828,17048148939791,17048148982459,0,0,256,1,1,106496,1,1
"KERNEL_DISPATCH",4,2,21,"void dequantize_block_iq3_s<__half>(void const*, __half*)",829,17048149003793,17048149216983,0,0,32,1,1,2129920,1,1
"KERNEL_DISPATCH",4,2,61,"void convert_unary<float, __half>(void const*, __half*, long, long, long, HIP_vector_type<unsigned int, 3u>, long, long, long)",830,17048149216983,17048149234613,0,0,256,1,1,655360,1,1
"KERNEL_DISPATCH",4,2,78,"void tile_fp16_gemm<128, 64, 4, 8, 32>(__half const*, __half const*, float*, float*, int, int, long)",831,17048149234613,17048149892555,0,25088,256,1,1,13312,1,8
"KERNEL_DISPATCH",4,2,79,"tile_fp16_reduce(float const*, float*, int, int)",832,17048149892555,17048149940556,0,0,256,1,1,106496,1,1
"KERNEL_DISPATCH",4,2,21,"void dequantize_block_iq3_s<__half>(void const*, __half*)",833,17048149963668,17048150201748,0,0,32,1,1,2129920,1,1
"KERNEL_DISPATCH",4,2,61,"void convert_unary<float, __half>(void const*, __half*, long, long, long, HIP_vector_type<unsigned int, 3u>, long, long, long)",834,17048150201748,17048150221304,0,0,256,1,1,655360,1,1
"KERNEL_DISPATCH",4,2,78,"void tile_fp16_gemm<128, 64, 4, 8, 32>(__half const*, __half const*, float*, float*, int, int, long)",835,17048150221304,17048150997767,0,25088,256,1,1,13312,1,8
"KERNEL_DISPATCH",4,2,79,"tile_fp16_reduce(float const*, float*, int, int)",836,17048150997767,17048151069917,0,0,256,1,1,106496,1,1
"KERNEL_DISPATCH",4,2,21,"void dequantize_block_iq3_s<__half>(void const*, __half*)",837,17048151096584,17048151370072,0,0,32,1,1,2129920,1,1
"KERNEL_DISPATCH",4,2,61,"void convert_unary<float, __half>(void const*, __half*, long, long, long, HIP_vector_type<unsigned int, 3u>, long, long, long)",838,17048151370072,17048151396443,0,0,256,1,1,655360,1,1
"KERNEL_DISPATCH",4,2,78,"void tile_fp16_gemm<128, 64, 4, 8, 32>(__half const*, __half const*, float*, float*, int, int, long)",839,17048151396443,17048152193055,0,25088,256,1,1,13312,1,8
"KERNEL_DISPATCH",4,2,79,"tile_fp16_reduce(float const*, float*, int, int)",840,17048152193055,17048152241205,0,0,256,1,1,106496,1,1
"KERNEL_DISPATCH",4,2,21,"void dequantize_block_iq3_s<__half>(void const*, __half*)",841,17048152264316,17048152502248,0,0,32,1,1,2129920,1,1
"KERNEL_DISPATCH",4,2,61,"void convert_unary<float, __half>(void const*, __half*, long, long, long, HIP_vector_type<unsigned int, 3u>, long, long, long)",842,17048152502248,17048152521804,0,0,256,1,1,655360,1,1
"KERNEL_DISPATCH",4,2,78,"void tile_fp16_gemm<128, 64, 4, 8, 32>(__half const*, __half const*, float*, float*, int, int, long)",843,17048152521804,17048153174561,0,25088,256,1,1,13312,1,8
"KERNEL_DISPATCH",4,2,79,"tile_fp16_reduce(float const*, float*, int, int)",844,17048153174561,17048153216488,0,0,256,1,1,106496,1,1
"KERNEL_DISPATCH",4,2,21,"void dequantize_block_iq3_s<__half>(void const*, __half*)",845,17048153237673,17048153451012,0,0,32,1,1,2129920,1,1
"KERNEL_DISPATCH",4,2,61,"void convert_unary<float, __half>(void const*, __half*, long, long, long, HIP_vector_type<unsigned int, 3u>, long, long, long)",846,17048153451012,17048153469086,0,0,256,1,1,655360,1,1
"KERNEL_DISPATCH",4,2,78,"void tile_fp16_gemm<128, 64, 4, 8, 32>(__half const*, __half const*, float*, float*, int, int, long)",847,17048153469086,17048154099768,0,25088,256,1,1,13312,1,8
"KERNEL_DISPATCH",4,2,79,"tile_fp16_reduce(float const*, float*, int, int)",848,17048154099768,17048154142288,0,0,256,1,1,106496,1,1
"KERNEL_DISPATCH",4,2,21,"void dequantize_block_iq3_s<__half>(void const*, __half*)",849,17048154163770,17048154377553,0,0,32,1,1,2129920,1,1
"KERNEL_DISPATCH",4,2,61,"void convert_unary<float, __half>(void const*, __half*, long, long, long, HIP_vector_type<unsigned int, 3u>, long, long, long)",850,17048154377553,17048154395035,0,0,256,1,1,655360,1,1
"KERNEL_DISPATCH",4,2,78,"void tile_fp16_gemm<128, 64, 4, 8, 32>(__half const*, __half const*, float*, float*, int, int, long)",851,17048154395035,17048155024531,0,25088,256,1,1,13312,1,8
"KERNEL_DISPATCH",4,2,79,"tile_fp16_reduce(float const*, float*, int, int)",852,17048155024531,17048155067644,0,0,256,1,1,106496,1,1
"KERNEL_DISPATCH",4,2,21,"void dequantize_block_iq3_s<__half>(void const*, __half*)",853,17048155088977,17048155302168,0,0,32,1,1,2129920,1,1
"KERNEL_DISPATCH",4,2,61,"void convert_unary<float, __half>(void const*, __half*, long, long, long, HIP_vector_type<unsigned int, 3u>, long, long, long)",854,17048155302168,17048155319798,0,0,256,1,1,655360,1,1
"KERNEL_DISPATCH",4,2,78,"void tile_fp16_gemm<128, 64, 4, 8, 32>(__half const*, __half const*, float*, float*, int, int, long)",855,17048155319798,17048155944850,0,25088,256,1,1,13312,1,8
"KERNEL_DISPATCH",4,2,79,"tile_fp16_reduce(float const*, float*, int, int)",856,17048155944850,17048155987518,0,0,256,1,1,106496,1,1
"KERNEL_DISPATCH",4,2,21,"void dequantize_block_iq3_s<__half>(void const*, __half*)",857,17048156009000,17048156222190,0,0,32,1,1,2129920,1,1
"KERNEL_DISPATCH",4,2,61,"void convert_unary<float, __half>(void const*, __half*, long, long, long, HIP_vector_type<unsigned int, 3u>, long, long, long)",858,17048156222190,17048156239820,0,0,256,1,1,655360,1,1
"KERNEL_DISPATCH",4,2,78,"void tile_fp16_gemm<128, 64, 4, 8, 32>(__half const*, __half const*, float*, float*, int, int, long)",859,17048156239820,17048156901318,0,25088,256,1,1,13312,1,8
"KERNEL_DISPATCH",4,2,79,"tile_fp16_reduce(float const*, float*, int, int)",860,17048156901318,17048156949319,0,0,256,1,1,106496,1,1
"KERNEL_DISPATCH",4,2,21,"void dequantize_block_iq3_s<__half>(void const*, __half*)",861,17048156972727,17048157210510,0,0,32,1,1,2129920,1,1
"KERNEL_DISPATCH",4,2,61,"void convert_unary<float, __half>(void const*, __half*, long, long, long, HIP_vector_type<unsigned int, 3u>, long, long, long)",862,17048157210510,17048157230066,0,0,256,1,1,655360,1,1
"KERNEL_DISPATCH",4,2,78,"void tile_fp16_gemm<128, 64, 4, 8, 32>(__half const*, __half const*, float*, float*, int, int, long)",863,17048157230066,17048157996011,0,25088,256,1,1,13312,1,8
"KERNEL_DISPATCH",4,2,79,"tile_fp16_reduce(float const*, float*, int, int)",864,17048157996011,17048158067864,0,0,256,1,1,106496,1,1
"KERNEL_DISPATCH",4,2,21,"void dequantize_block_iq3_s<__half>(void const*, __half*)",865,17048158095421,17048158368909,0,0,32,1,1,2129920,1,1
"KERNEL_DISPATCH",4,2,61,"void convert_unary<float, __half>(void const*, __half*, long, long, long, HIP_vector_type<unsigned int, 3u>, long, long, long)",866,17048158368909,17048158396021,0,0,256,1,1,655360,1,1
"KERNEL_DISPATCH",4,2,78,"void tile_fp16_gemm<128, 64, 4, 8, 32>(__half const*, __half const*, float*, float*, int, int, long)",867,17048158396021,17048159182262,0,25088,256,1,1,13312,1,8
"KERNEL_DISPATCH",4,2,79,"tile_fp16_reduce(float const*, float*, int, int)",868,17048159182262,17048159230559,0,0,256,1,1,106496,1,1
"KERNEL_DISPATCH",4,2,21,"void dequantize_block_iq3_s<__half>(void const*, __half*)",869,17048159254115,17048159491751,0,0,32,1,1,2129920,1,1
"KERNEL_DISPATCH",4,2,61,"void convert_unary<float, __half>(void const*, __half*, long, long, long, HIP_vector_type<unsigned int, 3u>, long, long, long)",870,17048159491751,17048159511603,0,0,256,1,1,655360,1,1
"KERNEL_DISPATCH",4,2,78,"void tile_fp16_gemm<128, 64, 4, 8, 32>(__half const*, __half const*, float*, float*, int, int, long)",871,17048159511603,17048160159471,0,25088,256,1,1,13312,1,8
"KERNEL_DISPATCH",4,2,79,"tile_fp16_reduce(float const*, float*, int, int)",872,17048160159471,17048160202287,0,0,256,1,1,106496,1,1
"KERNEL_DISPATCH",4,2,21,"void dequantize_block_iq3_s<__half>(void const*, __half*)",873,17048160223324,17048160436663,0,0,32,1,1,2129920,1,1
"KERNEL_DISPATCH",4,2,61,"void convert_unary<float, __half>(void const*, __half*, long, long, long, HIP_vector_type<unsigned int, 3u>, long, long, long)",874,17048160436663,17048160454145,0,0,256,1,1,655360,1,1
"KERNEL_DISPATCH",4,2,78,"void tile_fp16_gemm<128, 64, 4, 8, 32>(__half const*, __half const*, float*, float*, int, int, long)",875,17048160454145,17048161081567,0,25088,256,1,1,13312,1,8
"KERNEL_DISPATCH",4,2,79,"tile_fp16_reduce(float const*, float*, int, int)",876,17048161081567,17048161123790,0,0,256,1,1,106496,1,1
"KERNEL_DISPATCH",4,2,21,"void dequantize_block_iq3_s<__half>(void const*, __half*)",877,17048161145124,17048161358463,0,0,32,1,1,2129920,1,1
"KERNEL_DISPATCH",4,2,61,"void convert_unary<float, __half>(void const*, __half*, long, long, long, HIP_vector_type<unsigned int, 3u>, long, long, long)",878,17048161358463,17048161375797,0,0,256,1,1,655360,1,1
"KERNEL_DISPATCH",4,2,78,"void tile_fp16_gemm<128, 64, 4, 8, 32>(__half const*, __half const*, float*, float*, int, int, long)",879,17048161375797,17048162009293,0,25088,256,1,1,13312,1,8
"KERNEL_DISPATCH",4,2,79,"tile_fp16_reduce(float const*, float*, int, int)",880,17048162009293,17048162052257,0,0,256,1,1,106496,1,1
"KERNEL_DISPATCH",4,2,21,"void dequantize_block_iq3_s<__half>(void const*, __half*)",881,17048162073591,17048162286930,0,0,32,1,1,2129920,1,1
"KERNEL_DISPATCH",4,2,61,"void convert_unary<float, __half>(void const*, __half*, long, long, long, HIP_vector_type<unsigned int, 3u>, long, long, long)",882,17048162286930,17048162304412,0,0,256,1,1,655360,1,1
"KERNEL_DISPATCH",4,2,78,"void tile_fp16_gemm<128, 64, 4, 8, 32>(__half const*, __half const*, float*, float*, int, int, long)",883,17048162304412,17048162982206,0,25088,256,1,1,13312,1,8
"KERNEL_DISPATCH",4,2,79,"tile_fp16_reduce(float const*, float*, int, int)",884,17048162982206,17048163029466,0,0,256,1,1,106496,1,1
"KERNEL_DISPATCH",4,2,21,"void dequantize_block_iq3_s<__half>(void const*, __half*)",885,17048163052430,17048163290510,0,0,32,1,1,2129920,1,1
"KERNEL_DISPATCH",4,2,61,"void convert_unary<float, __half>(void const*, __half*, long, long, long, HIP_vector_type<unsigned int, 3u>, long, long, long)",886,17048163290510,17048163309918,0,0,256,1,1,655360,1,1
"KERNEL_DISPATCH",4,2,78,"void tile_fp16_gemm<128, 64, 4, 8, 32>(__half const*, __half const*, float*, float*, int, int, long)",887,17048163309918,17048163998231,0,25088,256,1,1,13312,1,8
"KERNEL_DISPATCH",4,2,79,"tile_fp16_reduce(float const*, float*, int, int)",888,17048163998231,17048164046676,0,0,256,1,1,106496,1,1
"KERNEL_DISPATCH",4,2,21,"void dequantize_block_iq3_s<__half>(void const*, __half*)",889,17048164069640,17048164307571,0,0,32,1,1,2129920,1,1
"KERNEL_DISPATCH",4,2,61,"void convert_unary<float, __half>(void const*, __half*, long, long, long, HIP_vector_type<unsigned int, 3u>, long, long, long)",890,17048164307571,17048164327276,0,0,256,1,1,655360,1,1
"KERNEL_DISPATCH",4,2,78,"void tile_fp16_gemm<128, 64, 4, 8, 32>(__half const*, __half const*, float*, float*, int, int, long)",891,17048164327276,17048164980625,0,25088,256,1,1,13312,1,8
"KERNEL_DISPATCH",4,2,79,"tile_fp16_reduce(float const*, float*, int, int)",892,17048164980625,17048165023292,0,0,256,1,1,106496,1,1
"KERNEL_DISPATCH",4,2,21,"void dequantize_block_iq3_s<__half>(void const*, __half*)",893,17048165045071,17048165258409,0,0,32,1,1,2129920,1,1
"KERNEL_DISPATCH",4,2,61,"void convert_unary<float, __half>(void const*, __half*, long, long, long, HIP_vector_type<unsigned int, 3u>, long, long, long)",894,17048165258409,17048165276336,0,0,256,1,1,655360,1,1
"KERNEL_DISPATCH",4,2,78,"void tile_fp16_gemm<128, 64, 4, 8, 32>(__half const*, __half const*, float*, float*, int, int, long)",895,17048165276336,17048165947167,0,25088,256,1,1,13312,1,8
"KERNEL_DISPATCH",4,2,79,"tile_fp16_reduce(float const*, float*, int, int)",896,17048165947167,17048165994872,0,0,256,1,1,106496,1,1
"KERNEL_DISPATCH",4,2,21,"void dequantize_block_iq3_s<__half>(void const*, __half*)",897,17048166017835,17048166255767,0,0,32,1,1,2129920,1,1
"KERNEL_DISPATCH",4,2,61,"void convert_unary<float, __half>(void const*, __half*, long, long, long, HIP_vector_type<unsigned int, 3u>, long, long, long)",898,17048166255767,17048166275471,0,0,256,1,1,655360,1,1
"KERNEL_DISPATCH",4,2,78,"void tile_fp16_gemm<128, 64, 4, 8, 32>(__half const*, __half const*, float*, float*, int, int, long)",899,17048166275471,17048166966599,0,25088,256,1,1,13312,1,8
"KERNEL_DISPATCH",4,2,79,"tile_fp16_reduce(float const*, float*, int, int)",900,17048166966599,17048167015044,0,0,256,1,1,106496,1,1
"KERNEL_DISPATCH",4,2,21,"void dequantize_block_iq3_s<__half>(void const*, __half*)",901,17048167038008,17048167275643,0,0,32,1,1,2129920,1,1
"KERNEL_DISPATCH",4,2,61,"void convert_unary<float, __half>(void const*, __half*, long, long, long, HIP_vector_type<unsigned int, 3u>, long, long, long)",902,17048167275643,17048167295792,0,0,256,1,1,655360,1,1
"KERNEL_DISPATCH",4,2,78,"void tile_fp16_gemm<128, 64, 4, 8, 32>(__half const*, __half const*, float*, float*, int, int, long)",903,17048167295792,17048167960253,0,25088,256,1,1,13312,1,8
"KERNEL_DISPATCH",4,2,79,"tile_fp16_reduce(float const*, float*, int, int)",904,17048167960253,17048168003217,0,0,256,1,1,106496,1,1
"KERNEL_DISPATCH",4,2,21,"void dequantize_block_iq3_s<__half>(void const*, __half*)",905,17048168024699,17048168238333,0,0,32,1,1,2129920,1,1
"KERNEL_DISPATCH",4,2,61,"void convert_unary<float, __half>(void const*, __half*, long, long, long, HIP_vector_type<unsigned int, 3u>, long, long, long)",906,17048168238333,17048168255815,0,0,256,1,1,655360,1,1
"KERNEL_DISPATCH",4,2,78,"void tile_fp16_gemm<128, 64, 4, 8, 32>(__half const*, __half const*, float*, float*, int, int, long)",907,17048168255815,17048168924572,0,25088,256,1,1,13312,1,8
"KERNEL_DISPATCH",4,2,79,"tile_fp16_reduce(float const*, float*, int, int)",908,17048168924572,17048168972573,0,0,256,1,1,106496,1,1
"KERNEL_DISPATCH",4,2,21,"void dequantize_block_iq3_s<__half>(void const*, __half*)",909,17048168996870,17048169234506,0,0,32,1,1,2129920,1,1
"KERNEL_DISPATCH",4,2,61,"void convert_unary<float, __half>(void const*, __half*, long, long, long, HIP_vector_type<unsigned int, 3u>, long, long, long)",910,17048169234506,17048169254210,0,0,256,1,1,655360,1,1
"KERNEL_DISPATCH",4,2,78,"void tile_fp16_gemm<128, 64, 4, 8, 32>(__half const*, __half const*, float*, float*, int, int, long)",911,17048169254210,17048169947708,0,25088,256,1,1,13312,1,8
"KERNEL_DISPATCH",4,2,79,"tile_fp16_reduce(float const*, float*, int, int)",912,17048169947708,17048169996302,0,0,256,1,1,106496,1,1
"KERNEL_DISPATCH",4,2,21,"void dequantize_block_iq3_s<__half>(void const*, __half*)",913,17048170020451,17048170258234,0,0,32,1,1,2129920,1,1
"KERNEL_DISPATCH",4,2,61,"void convert_unary<float, __half>(void const*, __half*, long, long, long, HIP_vector_type<unsigned int, 3u>, long, long, long)",914,17048170258234,17048170277642,0,0,256,1,1,655360,1,1
"KERNEL_DISPATCH",4,2,78,"void tile_fp16_gemm<128, 64, 4, 8, 32>(__half const*, __half const*, float*, float*, int, int, long)",915,17048170277642,17048170972177,0,25088,256,1,1,13312,1,8
"KERNEL_DISPATCH",4,2,79,"tile_fp16_reduce(float const*, float*, int, int)",916,17048170972177,17048171020919,0,0,256,1,1,106496,1,1
"KERNEL_DISPATCH",4,2,21,"void dequantize_block_iq3_s<__half>(void const*, __half*)",917,17048171044179,17048171282407,0,0,32,1,1,2129920,1,1
"KERNEL_DISPATCH",4,2,61,"void convert_unary<float, __half>(void const*, __half*, long, long, long, HIP_vector_type<unsigned int, 3u>, long, long, long)",918,17048171282407,17048171301963,0,0,256,1,1,655360,1,1
"KERNEL_DISPATCH",4,2,78,"void tile_fp16_gemm<128, 64, 4, 8, 32>(__half const*, __half const*, float*, float*, int, int, long)",919,17048171301963,17048171965535,0,25088,256,1,1,13312,1,8
"KERNEL_DISPATCH",4,2,79,"tile_fp16_reduce(float const*, float*, int, int)",920,17048171965535,17048172008351,0,0,256,1,1,106496,1,1
"KERNEL_DISPATCH",4,2,21,"void dequantize_block_iq3_s<__half>(void const*, __half*)",921,17048172029536,17048172242875,0,0,32,1,1,2129920,1,1
"KERNEL_DISPATCH",4,2,61,"void convert_unary<float, __half>(void const*, __half*, long, long, long, HIP_vector_type<unsigned int, 3u>, long, long, long)",922,17048172242875,17048172260505,0,0,256,1,1,655360,1,1
"KERNEL_DISPATCH",4,2,78,"void tile_fp16_gemm<128, 64, 4, 8, 32>(__half const*, __half const*, float*, float*, int, int, long)",923,17048172260505,17048172931484,0,25088,256,1,1,13312,1,8
"KERNEL_DISPATCH",4,2,79,"tile_fp16_reduce(float const*, float*, int, int)",924,17048172931484,17048172979337,0,0,256,1,1,106496,1,1
"KERNEL_DISPATCH",4,2,21,"void dequantize_block_iq3_s<__half>(void const*, __half*)",925,17048173002004,17048173240232,0,0,32,1,1,2129920,1,1
"KERNEL_DISPATCH",4,2,61,"void convert_unary<float, __half>(void const*, __half*, long, long, long, HIP_vector_type<unsigned int, 3u>, long, long, long)",926,17048173240232,17048173259937,0,0,256,1,1,655360,1,1
"KERNEL_DISPATCH",4,2,78,"void tile_fp16_gemm<128, 64, 4, 8, 32>(__half const*, __half const*, float*, float*, int, int, long)",927,17048173259937,17048174030474,0,25088,256,1,1,13312,1,8
"KERNEL_DISPATCH",4,2,79,"tile_fp16_reduce(float const*, float*, int, int)",928,17048174030474,17048174101883,0,0,256,1,1,106496,1,1
"KERNEL_DISPATCH",4,2,21,"void dequantize_block_iq3_s<__half>(void const*, __half*)",929,17048174128698,17048174401594,0,0,32,1,1,2129920,1,1
"KERNEL_DISPATCH",4,2,61,"void convert_unary<float, __half>(void const*, __half*, long, long, long, HIP_vector_type<unsigned int, 3u>, long, long, long)",930,17048174401594,17048174428113,0,0,256,1,1,655360,1,1
"KERNEL_DISPATCH",4,2,78,"void tile_fp16_gemm<128, 64, 4, 8, 32>(__half const*, __half const*, float*, float*, int, int, long)",931,17048174428113,17048175209614,0,25088,256,1,1,13312,1,8
"KERNEL_DISPATCH",4,2,79,"tile_fp16_reduce(float const*, float*, int, int)",932,17048175209614,17048175258207,0,0,256,1,1,106496,1,1
"KERNEL_DISPATCH",4,2,21,"void dequantize_block_iq3_s<__half>(void const*, __half*)",933,17048175281171,17048175518954,0,0,32,1,1,2129920,1,1
"KERNEL_DISPATCH",4,2,61,"void convert_unary<float, __half>(void const*, __half*, long, long, long, HIP_vector_type<unsigned int, 3u>, long, long, long)",934,17048175518954,17048175538510,0,0,256,1,1,655360,1,1
"KERNEL_DISPATCH",4,2,78,"void tile_fp16_gemm<128, 64, 4, 8, 32>(__half const*, __half const*, float*, float*, int, int, long)",935,17048175538510,17048176187415,0,25088,256,1,1,13312,1,8
"KERNEL_DISPATCH",4,2,79,"tile_fp16_reduce(float const*, float*, int, int)",936,17048176187415,17048176230527,0,0,256,1,1,106496,1,1
"KERNEL_DISPATCH",4,2,21,"void dequantize_block_iq3_s<__half>(void const*, __half*)",937,17048176251861,17048176465348,0,0,32,1,1,2129920,1,1
"KERNEL_DISPATCH",4,2,61,"void convert_unary<float, __half>(void const*, __half*, long, long, long, HIP_vector_type<unsigned int, 3u>, long, long, long)",938,17048176465348,17048176482830,0,0,256,1,1,655360,1,1
"KERNEL_DISPATCH",4,2,78,"void tile_fp16_gemm<128, 64, 4, 8, 32>(__half const*, __half const*, float*, float*, int, int, long)",939,17048176482830,17048177108771,0,25088,256,1,1,13312,1,8
"KERNEL_DISPATCH",4,2,79,"tile_fp16_reduce(float const*, float*, int, int)",940,17048177108771,17048177152327,0,0,256,1,1,106496,1,1
"KERNEL_DISPATCH",4,2,21,"void dequantize_block_iq3_s<__half>(void const*, __half*)",941,17048177173957,17048177387296,0,0,32,1,1,2129920,1,1
"KERNEL_DISPATCH",4,2,61,"void convert_unary<float, __half>(void const*, __half*, long, long, long, HIP_vector_type<unsigned int, 3u>, long, long, long)",942,17048177387296,17048177405074,0,0,256,1,1,655360,1,1
"KERNEL_DISPATCH",4,2,78,"void tile_fp16_gemm<128, 64, 4, 8, 32>(__half const*, __half const*, float*, float*, int, int, long)",943,17048177405074,17048178029682,0,25088,256,1,1,13312,1,8
"KERNEL_DISPATCH",4,2,79,"tile_fp16_reduce(float const*, float*, int, int)",944,17048178029682,17048178072646,0,0,256,1,1,106496,1,1
"KERNEL_DISPATCH",4,2,21,"void dequantize_block_iq3_s<__half>(void const*, __half*)",945,17048178093980,17048178307318,0,0,32,1,1,2129920,1,1
"KERNEL_DISPATCH",4,2,61,"void convert_unary<float, __half>(void const*, __half*, long, long, long, HIP_vector_type<unsigned int, 3u>, long, long, long)",946,17048178307318,17048178324948,0,0,256,1,1,655360,1,1
"KERNEL_DISPATCH",4,2,78,"void tile_fp16_gemm<128, 64, 4, 8, 32>(__half const*, __half const*, float*, float*, int, int, long)",947,17048178324948,17048178942593,0,25088,256,1,1,13312,1,8
"KERNEL_DISPATCH",4,2,79,"tile_fp16_reduce(float const*, float*, int, int)",948,17048178942593,17048178984964,0,0,256,1,1,106496,1,1
"KERNEL_DISPATCH",4,2,21,"void dequantize_block_iq3_s<__half>(void const*, __half*)",949,17048179007928,17048179221415,0,0,32,1,1,2129920,1,1
"KERNEL_DISPATCH",4,2,61,"void convert_unary<float, __half>(void const*, __half*, long, long, long, HIP_vector_type<unsigned int, 3u>, long, long, long)",950,17048179221415,17048179238896,0,0,256,1,1,655360,1,1
"KERNEL_DISPATCH",4,2,78,"void tile_fp16_gemm<128, 64, 4, 8, 32>(__half const*, __half const*, float*, float*, int, int, long)",951,17048179238896,17048179902172,0,25088,256,1,1,13312,1,8
"KERNEL_DISPATCH",4,2,79,"tile_fp16_reduce(float const*, float*, int, int)",952,17048179902172,17048179950173,0,0,256,1,1,106496,1,1
"KERNEL_DISPATCH",4,2,21,"void dequantize_block_iq3_s<__half>(void const*, __half*)",953,17048179973581,17048180211661,0,0,32,1,1,2129920,1,1
"KERNEL_DISPATCH",4,2,61,"void convert_unary<float, __half>(void const*, __half*, long, long, long, HIP_vector_type<unsigned int, 3u>, long, long, long)",954,17048180211661,17048180231365,0,0,256,1,1,655360,1,1
"KERNEL_DISPATCH",4,2,78,"void tile_fp16_gemm<128, 64, 4, 8, 32>(__half const*, __half const*, float*, float*, int, int, long)",955,17048180231365,17048181023236,0,25088,256,1,1,13312,1,8
"KERNEL_DISPATCH",4,2,79,"tile_fp16_reduce(float const*, float*, int, int)",956,17048181023236,17048181094793,0,0,256,1,1,106496,1,1
"KERNEL_DISPATCH",4,2,21,"void dequantize_block_iq3_s<__half>(void const*, __half*)",957,17048181121164,17048181393912,0,0,32,1,1,2129920,1,1
"KERNEL_DISPATCH",4,2,61,"void convert_unary<float, __half>(void const*, __half*, long, long, long, HIP_vector_type<unsigned int, 3u>, long, long, long)",958,17048181393912,17048181421320,0,0,256,1,1,655360,1,1
"KERNEL_DISPATCH",4,2,78,"void tile_fp16_gemm<128, 64, 4, 8, 32>(__half const*, __half const*, float*, float*, int, int, long)",959,17048181421320,17048182205191,0,25088,256,1,1,13312,1,8
"KERNEL_DISPATCH",4,2,79,"tile_fp16_reduce(float const*, float*, int, int)",960,17048182205191,17048182254229,0,0,256,1,1,106496,1,1
"KERNEL_DISPATCH",4,2,21,"void dequantize_block_iq3_s<__half>(void const*, __half*)",961,17048182277340,17048182515124,0,0,32,1,1,2129920,1,1
"KERNEL_DISPATCH",4,2,61,"void convert_unary<float, __half>(void const*, __half*, long, long, long, HIP_vector_type<unsigned int, 3u>, long, long, long)",962,17048182515124,17048182534828,0,0,256,1,1,655360,1,1
"KERNEL_DISPATCH",4,2,78,"void tile_fp16_gemm<128, 64, 4, 8, 32>(__half const*, __half const*, float*, float*, int, int, long)",963,17048182534828,17048183184918,0,25088,256,1,1,13312,1,8
"KERNEL_DISPATCH",4,2,79,"tile_fp16_reduce(float const*, float*, int, int)",964,17048183184918,17048183227289,0,0,256,1,1,106496,1,1
"KERNEL_DISPATCH",4,2,21,"void dequantize_block_iq3_s<__half>(void const*, __half*)",965,17048183248179,17048183461517,0,0,32,1,1,2129920,1,1
"KERNEL_DISPATCH",4,2,61,"void convert_unary<float, __half>(void const*, __half*, long, long, long, HIP_vector_type<unsigned int, 3u>, long, long, long)",966,17048183461517,17048183479147,0,0,256,1,1,655360,1,1
"KERNEL_DISPATCH",4,2,78,"void tile_fp16_gemm<128, 64, 4, 8, 32>(__half const*, __half const*, float*, float*, int, int, long)",967,17048183479147,17048184104496,0,25088,256,1,1,13312,1,8
"KERNEL_DISPATCH",4,2,79,"tile_fp16_reduce(float const*, float*, int, int)",968,17048184104496,17048184147164,0,0,256,1,1,106496,1,1
"KERNEL_DISPATCH",4,2,21,"void dequantize_block_iq3_s<__half>(void const*, __half*)",969,17048184168646,17048184381984,0,0,32,1,1,2129920,1,1
"KERNEL_DISPATCH",4,2,61,"void convert_unary<float, __half>(void const*, __half*, long, long, long, HIP_vector_type<unsigned int, 3u>, long, long, long)",970,17048184381984,17048184399614,0,0,256,1,1,655360,1,1
"KERNEL_DISPATCH",4,2,78,"void tile_fp16_gemm<128, 64, 4, 8, 32>(__half const*, __half const*, float*, float*, int, int, long)",971,17048184399614,17048185024074,0,25088,256,1,1,13312,1,8
"KERNEL_DISPATCH",4,2,79,"tile_fp16_reduce(float const*, float*, int, int)",972,17048185024074,17048185066741,0,0,256,1,1,106496,1,1
"KERNEL_DISPATCH",4,2,21,"void dequantize_block_iq3_s<__half>(void const*, __half*)",973,17048185087779,17048185301414,0,0,32,1,1,2129920,1,1
"KERNEL_DISPATCH",4,2,61,"void convert_unary<float, __half>(void const*, __half*, long, long, long, HIP_vector_type<unsigned int, 3u>, long, long, long)",974,17048185301414,17048185319192,0,0,256,1,1,655360,1,1
"KERNEL_DISPATCH",4,2,78,"void tile_fp16_gemm<128, 64, 4, 8, 32>(__half const*, __half const*, float*, float*, int, int, long)",975,17048185319192,17048185992097,0,25088,256,1,1,13312,1,8
"KERNEL_DISPATCH",4,2,79,"tile_fp16_reduce(float const*, float*, int, int)",976,17048185992097,17048186040098,0,0,256,1,1,106496,1,1
"KERNEL_DISPATCH",4,2,21,"void dequantize_block_iq3_s<__half>(void const*, __half*)",977,17048186062766,17048186300697,0,0,32,1,1,2129920,1,1
"KERNEL_DISPATCH",4,2,61,"void convert_unary<float, __half>(void const*, __half*, long, long, long, HIP_vector_type<unsigned int, 3u>, long, long, long)",978,17048186300697,17048186320402,0,0,256,1,1,655360,1,1
"KERNEL_DISPATCH",4,2,78,"void tile_fp16_gemm<128, 64, 4, 8, 32>(__half const*, __half const*, float*, float*, int, int, long)",979,17048186320402,17048186999381,0,25088,256,1,1,13312,1,8
"KERNEL_DISPATCH",4,2,79,"tile_fp16_reduce(float const*, float*, int, int)",980,17048186999381,17048187047382,0,0,256,1,1,106496,1,1
"KERNEL_DISPATCH",4,2,21,"void dequantize_block_iq3_s<__half>(void const*, __half*)",981,17048187070049,17048187307685,0,0,32,1,1,2129920,1,1
"KERNEL_DISPATCH",4,2,61,"void convert_unary<float, __half>(void const*, __half*, long, long, long, HIP_vector_type<unsigned int, 3u>, long, long, long)",982,17048187307685,17048187327241,0,0,256,1,1,655360,1,1
"KERNEL_DISPATCH",4,2,78,"void tile_fp16_gemm<128, 64, 4, 8, 32>(__half const*, __half const*, float*, float*, int, int, long)",983,17048187327241,17048187984294,0,25088,256,1,1,13312,1,8
"KERNEL_DISPATCH",4,2,79,"tile_fp16_reduce(float const*, float*, int, int)",984,17048187984294,17048188026813,0,0,256,1,1,106496,1,1
"KERNEL_DISPATCH",4,2,21,"void dequantize_block_iq3_s<__half>(void const*, __half*)",985,17048188047999,17048188261634,0,0,32,1,1,2129920,1,1
"KERNEL_DISPATCH",4,2,61,"void convert_unary<float, __half>(void const*, __half*, long, long, long, HIP_vector_type<unsigned int, 3u>, long, long, long)",986,17048188261634,17048188279264,0,0,256,1,1,655360,1,1
"KERNEL_DISPATCH",4,2,78,"void tile_fp16_gemm<128, 64, 4, 8, 32>(__half const*, __half const*, float*, float*, int, int, long)",987,17048188279264,17048188915279,0,25088,256,1,1,13312,1,8
"KERNEL_DISPATCH",4,2,79,"tile_fp16_reduce(float const*, float*, int, int)",988,17048188915279,17048188958540,0,0,256,1,1,106496,1,1
"KERNEL_DISPATCH",4,2,21,"void dequantize_block_iq3_s<__half>(void const*, __half*)",989,17048188979281,17048189192767,0,0,32,1,1,2129920,1,1
"KERNEL_DISPATCH",4,2,61,"void convert_unary<float, __half>(void const*, __half*, long, long, long, HIP_vector_type<unsigned int, 3u>, long, long, long)",990,17048189192767,17048189210249,0,0,256,1,1,655360,1,1
"KERNEL_DISPATCH",4,2,78,"void tile_fp16_gemm<128, 64, 4, 8, 32>(__half const*, __half const*, float*, float*, int, int, long)",991,17048189210249,17048189866413,0,25088,256,1,1,13312,1,8
"KERNEL_DISPATCH",4,2,79,"tile_fp16_reduce(float const*, float*, int, int)",992,17048189866413,17048189914118,0,0,256,1,1,106496,1,1
"KERNEL_DISPATCH",4,2,21,"void dequantize_block_iq3_s<__half>(void const*, __half*)",993,17048189936341,17048190174125,0,0,32,1,1,2129920,1,1
"KERNEL_DISPATCH",4,2,61,"void convert_unary<float, __half>(void const*, __half*, long, long, long, HIP_vector_type<unsigned int, 3u>, long, long, long)",994,17048190174125,17048190193532,0,0,256,1,1,655360,1,1
"KERNEL_DISPATCH",4,2,78,"void tile_fp16_gemm<128, 64, 4, 8, 32>(__half const*, __half const*, float*, float*, int, int, long)",995,17048190193532,17048190966440,0,25088,256,1,1,13312,1,8
"KERNEL_DISPATCH",4,2,79,"tile_fp16_reduce(float const*, float*, int, int)",996,17048190966440,17048191038590,0,0,256,1,1,106496,1,1
"KERNEL_DISPATCH",4,2,21,"void dequantize_block_iq3_s<__half>(void const*, __half*)",997,17048191065702,17048191339634,0,0,32,1,1,2129920,1,1
"KERNEL_DISPATCH",4,2,61,"void convert_unary<float, __half>(void const*, __half*, long, long, long, HIP_vector_type<unsigned int, 3u>, long, long, long)",998,17048191339634,17048191366005,0,0,256,1,1,655360,1,1
"KERNEL_DISPATCH",4,2,78,"void tile_fp16_gemm<128, 64, 4, 8, 32>(__half const*, __half const*, float*, float*, int, int, long)",999,17048191366005,17048192174618,0,25088,256,1,1,13312,1,8
"KERNEL_DISPATCH",4,2,79,"tile_fp16_reduce(float const*, float*, int, int)",1000,17048192174618,17048192222026,0,0,256,1,1,106496,1,1
"KERNEL_DISPATCH",4,2,21,"void dequantize_block_iq3_s<__half>(void const*, __half*)",1001,17048192244545,17048192482773,0,0,32,1,1,2129920,1,1
"KERNEL_DISPATCH",4,2,61,"void convert_unary<float, __half>(void const*, __half*, long, long, long, HIP_vector_type<unsigned int, 3u>, long, long, long)",1002,17048192482773,17048192502329,0,0,256,1,1,655360,1,1
"KERNEL_DISPATCH",4,2,78,"void tile_fp16_gemm<128, 64, 4, 8, 32>(__half const*, __half const*, float*, float*, int, int, long)",1003,17048192502329,17048193159827,0,25088,256,1,1,13312,1,8
"KERNEL_DISPATCH",4,2,79,"tile_fp16_reduce(float const*, float*, int, int)",1004,17048193159827,17048193202939,0,0,256,1,1,106496,1,1
"KERNEL_DISPATCH",4,2,21,"void dequantize_block_iq3_s<__half>(void const*, __half*)",1005,17048193224124,17048193437611,0,0,32,1,1,2129920,1,1
"KERNEL_DISPATCH",4,2,61,"void convert_unary<float, __half>(void const*, __half*, long, long, long, HIP_vector_type<unsigned int, 3u>, long, long, long)",1006,17048193437611,17048193455538,0,0,256,1,1,655360,1,1
"KERNEL_DISPATCH",4,2,78,"void tile_fp16_gemm<128, 64, 4, 8, 32>(__half const*, __half const*, float*, float*, int, int, long)",1007,17048193455538,17048194084442,0,25088,256,1,1,13312,1,8
"KERNEL_DISPATCH",4,2,79,"tile_fp16_reduce(float const*, float*, int, int)",1008,17048194084442,17048194127554,0,0,256,1,1,106496,1,1
"KERNEL_DISPATCH",4,2,21,"void dequantize_block_iq3_s<__half>(void const*, __half*)",1009,17050501096127,17050501220723,0,0,32,1,1,1277952,1,1
"KERNEL_DISPATCH",4,2,61,"void convert_unary<float, __half>(void const*, __half*, long, long, long, HIP_vector_type<unsigned int, 3u>, long, long, long)",1010,17050501220723,17050501242648,0,0,256,1,1,786432,1,1
"KERNEL_DISPATCH",4,2,79,"tile_fp16_reduce(float const*, float*, int, int)",1012,17050501683400,17050501709030,0,0,256,1,1,53248,1,1
"KERNEL_DISPATCH",4,2,78,"void tile_fp16_gemm<128, 64, 4, 8, 32>(__half const*, __half const*, float*, float*, int, int, long)",1011,17050501242648,17050501683400,0,25088,256,1,1,6656,1,8
"KERNEL_DISPATCH",4,2,21,"void dequantize_block_iq3_s<__half>(void const*, __half*)",1013,17050501753772,17050501875108,0,0,32,1,1,1277952,1,1
"KERNEL_DISPATCH",4,2,61,"void convert_unary<float, __half>(void const*, __half*, long, long, long, HIP_vector_type<unsigned int, 3u>, long, long, long)",1014,17050501875108,17050501894812,0,0,256,1,1,786432,1,1
"KERNEL_DISPATCH",4,2,79,"tile_fp16_reduce(float const*, float*, int, int)",1016,17050502327416,17050502351712,0,0,256,1,1,53248,1,1
"KERNEL_DISPATCH",4,2,78,"void tile_fp16_gemm<128, 64, 4, 8, 32>(__half const*, __half const*, float*, float*, int, int, long)",1015,17050501894812,17050502327416,0,25088,256,1,1,6656,1,8
"KERNEL_DISPATCH",4,2,21,"void dequantize_block_iq3_s<__half>(void const*, __half*)",1017,17050502371565,17050502492753,0,0,32,1,1,1277952,1,1
"KERNEL_DISPATCH",4,2,61,"void convert_unary<float, __half>(void const*, __half*, long, long, long, HIP_vector_type<unsigned int, 3u>, long, long, long)",1018,17050502492753,17050502512161,0,0,256,1,1,786432,1,1
"KERNEL_DISPATCH",4,2,79,"tile_fp16_reduce(float const*, float*, int, int)",1020,17050502935282,17050502959579,0,0,256,1,1,53248,1,1
"KERNEL_DISPATCH",4,2,78,"void tile_fp16_gemm<128, 64, 4, 8, 32>(__half const*, __half const*, float*, float*, int, int, long)",1019,17050502512161,17050502935282,0,25088,256,1,1,6656,1,8
"KERNEL_DISPATCH",4,2,21,"void dequantize_block_iq3_s<__half>(void const*, __half*)",1021,17050502979580,17050503100768,0,0,32,1,1,1277952,1,1
"KERNEL_DISPATCH",4,2,61,"void convert_unary<float, __half>(void const*, __half*, long, long, long, HIP_vector_type<unsigned int, 3u>, long, long, long)",1022,17050503100768,17050503120324,0,0,256,1,1,786432,1,1
"KERNEL_DISPATCH",4,2,79,"tile_fp16_reduce(float const*, float*, int, int)",1024,17050503552927,17050503577668,0,0,256,1,1,53248,1,1
"KERNEL_DISPATCH",4,2,78,"void tile_fp16_gemm<128, 64, 4, 8, 32>(__half const*, __half const*, float*, float*, int, int, long)",1023,17050503120324,17050503552927,0,25088,256,1,1,6656,1,8
"KERNEL_DISPATCH",4,2,21,"void dequantize_block_iq3_s<__half>(void const*, __half*)",1025,17050503597224,17050503718560,0,0,32,1,1,1277952,1,1
"KERNEL_DISPATCH",4,2,61,"void convert_unary<float, __half>(void const*, __half*, long, long, long, HIP_vector_type<unsigned int, 3u>, long, long, long)",1026,17050503718560,17050503738709,0,0,256,1,1,786432,1,1
"KERNEL_DISPATCH",4,2,79,"tile_fp16_reduce(float const*, float*, int, int)",1028,17050504168794,17050504194720,0,0,256,1,1,53248,1,1
"KERNEL_DISPATCH",4,2,78,"void tile_fp16_gemm<128, 64, 4, 8, 32>(__half const*, __half const*, float*, float*, int, int, long)",1027,17050503738709,17050504168794,0,25088,256,1,1,6656,1,8
"KERNEL_DISPATCH",4,2,21,"void dequantize_block_iq3_s<__half>(void const*, __half*)",1029,17050504215017,17050504344353,0,0,32,1,1,1277952,1,1
"KERNEL_DISPATCH",4,2,61,"void convert_unary<float, __half>(void const*, __half*, long, long, long, HIP_vector_type<unsigned int, 3u>, long, long, long)",1030,17050504344353,17050504364650,0,0,256,1,1,786432,1,1
"KERNEL_DISPATCH",4,2,78,"void tile_fp16_gemm<128, 64, 4, 8, 32>(__half const*, __half const*, float*, float*, int, int, long)",1031,17050504364650,17050504804661,0,25088,256,1,1,6656,1,8
"KERNEL_DISPATCH",4,2,79,"tile_fp16_reduce(float const*, float*, int, int)",1032,17050504804661,17050504829699,0,0,256,1,1,53248,1,1
"KERNEL_DISPATCH",4,2,21,"void dequantize_block_iq3_s<__half>(void const*, __half*)",1033,17050504850736,17050504980073,0,0,32,1,1,1277952,1,1
"KERNEL_DISPATCH",4,2,61,"void convert_unary<float, __half>(void const*, __half*, long, long, long, HIP_vector_type<unsigned int, 3u>, long, long, long)",1034,17050504980073,17050505000518,0,0,256,1,1,786432,1,1
"KERNEL_DISPATCH",4,2,78,"void tile_fp16_gemm<128, 64, 4, 8, 32>(__half const*, __half const*, float*, float*, int, int, long)",1035,17050505000518,17050505421120,0,25088,256,1,1,6656,1,8
"KERNEL_DISPATCH",4,2,79,"tile_fp16_reduce(float const*, float*, int, int)",1036,17050505421120,17050505446158,0,0,256,1,1,53248,1,1
"KERNEL_DISPATCH",4,2,21,"void dequantize_block_iq3_s<__half>(void const*, __half*)",1037,17050505466010,17050505595495,0,0,32,1,1,1277952,1,1
"KERNEL_DISPATCH",4,2,61,"void convert_unary<float, __half>(void const*, __half*, long, long, long, HIP_vector_type<unsigned int, 3u>, long, long, long)",1038,17050505595495,17050505616088,0,0,256,1,1,786432,1,1
"KERNEL_DISPATCH",4,2,78,"void tile_fp16_gemm<128, 64, 4, 8, 32>(__half const*, __half const*, float*, float*, int, int, long)",1039,17050505616088,17050506051062,0,25088,256,1,1,6656,1,8
"KERNEL_DISPATCH",4,2,79,"tile_fp16_reduce(float const*, float*, int, int)",1040,17050506051062,17050506076099,0,0,256,1,1,53248,1,1
"KERNEL_DISPATCH",4,2,21,"void dequantize_block_iq3_s<__half>(void const*, __half*)",1041,17050506096544,17050506217584,0,0,32,1,1,1277952,1,1
"KERNEL_DISPATCH",4,2,61,"void convert_unary<float, __half>(void const*, __half*, long, long, long, HIP_vector_type<unsigned int, 3u>, long, long, long)",1042,17050506217584,17050506237140,0,0,256,1,1,786432,1,1
"KERNEL_DISPATCH",4,2,78,"void tile_fp16_gemm<128, 64, 4, 8, 32>(__half const*, __half const*, float*, float*, int, int, long)",1043,17050506237140,17050506669002,0,25088,256,1,1,6656,1,8
"KERNEL_DISPATCH",4,2,79,"tile_fp16_reduce(float const*, float*, int, int)",1044,17050506669002,17050506693448,0,0,256,1,1,53248,1,1
"KERNEL_DISPATCH",4,2,21,"void dequantize_block_iq3_s<__half>(void const*, __half*)",1045,17050506713448,17050506841599,0,0,32,1,1,1277952,1,1
"KERNEL_DISPATCH",4,2,61,"void convert_unary<float, __half>(void const*, __half*, long, long, long, HIP_vector_type<unsigned int, 3u>, long, long, long)",1046,17050506841599,17050506861896,0,0,256,1,1,786432,1,1
"KERNEL_DISPATCH",4,2,78,"void tile_fp16_gemm<128, 64, 4, 8, 32>(__half const*, __half const*, float*, float*, int, int, long)",1047,17050506861896,17050507288277,0,25088,256,1,1,6656,1,8
"KERNEL_DISPATCH",4,2,79,"tile_fp16_reduce(float const*, float*, int, int)",1048,17050507288277,17050507313463,0,0,256,1,1,53248,1,1
"KERNEL_DISPATCH",4,2,21,"void dequantize_block_iq3_s<__half>(void const*, __half*)",1049,17050507335241,17050507464133,0,0,32,1,1,1277952,1,1
"KERNEL_DISPATCH",4,2,61,"void convert_unary<float, __half>(void const*, __half*, long, long, long, HIP_vector_type<unsigned int, 3u>, long, long, long)",1050,17050507464133,17050507484874,0,0,256,1,1,786432,1,1
"KERNEL_DISPATCH",4,2,78,"void tile_fp16_gemm<128, 64, 4, 8, 32>(__half const*, __half const*, float*, float*, int, int, long)",1051,17050507484874,17050507912292,0,25088,256,1,1,6656,1,8
"KERNEL_DISPATCH",4,2,79,"tile_fp16_reduce(float const*, float*, int, int)",1052,17050507912292,17050507937626,0,0,256,1,1,53248,1,1
"KERNEL_DISPATCH",4,2,21,"void dequantize_block_iq3_s<__half>(void const*, __half*)",1053,17050507959256,17050508088148,0,0,32,1,1,1277952,1,1
"KERNEL_DISPATCH",4,2,61,"void convert_unary<float, __half>(void const*, __half*, long, long, long, HIP_vector_type<unsigned int, 3u>, long, long, long)",1054,17050508088148,17050508108741,0,0,256,1,1,786432,1,1
"KERNEL_DISPATCH",4,2,78,"void tile_fp16_gemm<128, 64, 4, 8, 32>(__half const*, __half const*, float*, float*, int, int, long)",1055,17050508108741,17050508532455,0,25088,256,1,1,6656,1,8
"KERNEL_DISPATCH",4,2,79,"tile_fp16_reduce(float const*, float*, int, int)",1056,17050508532455,17050508557345,0,0,256,1,1,53248,1,1
"KERNEL_DISPATCH",4,2,21,"void dequantize_block_iq3_s<__half>(void const*, __half*)",1057,17050508578975,17050508708015,0,0,32,1,1,1277952,1,1
"KERNEL_DISPATCH",4,2,61,"void convert_unary<float, __half>(void const*, __half*, long, long, long, HIP_vector_type<unsigned int, 3u>, long, long, long)",1058,17050508708015,17050508728904,0,0,256,1,1,786432,1,1
"KERNEL_DISPATCH",4,2,78,"void tile_fp16_gemm<128, 64, 4, 8, 32>(__half const*, __half const*, float*, float*, int, int, long)",1059,17050508728904,17050509162841,0,25088,256,1,1,6656,1,8
"KERNEL_DISPATCH",4,2,79,"tile_fp16_reduce(float const*, float*, int, int)",1060,17050509162841,17050509187879,0,0,256,1,1,53248,1,1
"KERNEL_DISPATCH",4,2,21,"void dequantize_block_iq3_s<__half>(void const*, __half*)",1061,17050509208620,17050509337660,0,0,32,1,1,1277952,1,1
"KERNEL_DISPATCH",4,2,61,"void convert_unary<float, __half>(void const*, __half*, long, long, long, HIP_vector_type<unsigned int, 3u>, long, long, long)",1062,17050509337660,17050509358253,0,0,256,1,1,786432,1,1
"KERNEL_DISPATCH",4,2,78,"void tile_fp16_gemm<128, 64, 4, 8, 32>(__half const*, __half const*, float*, float*, int, int, long)",1063,17050509358253,17050509810857,0,25088,256,1,1,6656,1,8
"KERNEL_DISPATCH",4,2,79,"tile_fp16_reduce(float const*, float*, int, int)",1064,17050509810857,17050509839598,0,0,256,1,1,53248,1,1
"KERNEL_DISPATCH",4,2,21,"void dequantize_block_iq3_s<__half>(void const*, __half*)",1065,17050509860932,17050510004491,0,0,32,1,1,1277952,1,1
"KERNEL_DISPATCH",4,2,61,"void convert_unary<float, __half>(void const*, __half*, long, long, long, HIP_vector_type<unsigned int, 3u>, long, long, long)",1066,17050510004491,17050510027158,0,0,256,1,1,786432,1,1
"KERNEL_DISPATCH",4,2,78,"void tile_fp16_gemm<128, 64, 4, 8, 32>(__half const*, __half const*, float*, float*, int, int, long)",1067,17050510027158,17050510482132,0,25088,256,1,1,6656,1,8
"KERNEL_DISPATCH",4,2,79,"tile_fp16_reduce(float const*, float*, int, int)",1068,17050510482132,17050510510725,0,0,256,1,1,53248,1,1
"KERNEL_DISPATCH",4,2,21,"void dequantize_block_iq3_s<__half>(void const*, __half*)",1069,17050510532207,17050510676063,0,0,32,1,1,1277952,1,1
"KERNEL_DISPATCH",4,2,61,"void convert_unary<float, __half>(void const*, __half*, long, long, long, HIP_vector_type<unsigned int, 3u>, long, long, long)",1070,17050510676063,17050510699471,0,0,256,1,1,786432,1,1
"KERNEL_DISPATCH",4,2,78,"void tile_fp16_gemm<128, 64, 4, 8, 32>(__half const*, __half const*, float*, float*, int, int, long)",1071,17050510699471,17050511160815,0,25088,256,1,1,6656,1,8
"KERNEL_DISPATCH",4,2,79,"tile_fp16_reduce(float const*, float*, int, int)",1072,17050511160815,17050511189260,0,0,256,1,1,53248,1,1
"KERNEL_DISPATCH",4,2,21,"void dequantize_block_iq3_s<__half>(void const*, __half*)",1073,17050511211039,17050511354746,0,0,32,1,1,1277952,1,1
"KERNEL_DISPATCH",4,2,61,"void convert_unary<float, __half>(void const*, __half*, long, long, long, HIP_vector_type<unsigned int, 3u>, long, long, long)",1074,17050511354746,17050511377709,0,0,256,1,1,786432,1,1
"KERNEL_DISPATCH",4,2,78,"void tile_fp16_gemm<128, 64, 4, 8, 32>(__half const*, __half const*, float*, float*, int, int, long)",1075,17050511377709,17050511843795,0,25088,256,1,1,6656,1,8
"KERNEL_DISPATCH",4,2,79,"tile_fp16_reduce(float const*, float*, int, int)",1076,17050511843795,17050511869129,0,0,256,1,1,53248,1,1
"KERNEL_DISPATCH",4,2,21,"void dequantize_block_iq3_s<__half>(void const*, __half*)",1077,17050511889574,17050512018466,0,0,32,1,1,1277952,1,1
"KERNEL_DISPATCH",4,2,61,"void convert_unary<float, __half>(void const*, __half*, long, long, long, HIP_vector_type<unsigned int, 3u>, long, long, long)",1078,17050512018466,17050512039059,0,0,256,1,1,786432,1,1
"KERNEL_DISPATCH",4,2,78,"void tile_fp16_gemm<128, 64, 4, 8, 32>(__half const*, __half const*, float*, float*, int, int, long)",1079,17050512039059,17050512468254,0,25088,256,1,1,6656,1,8
"KERNEL_DISPATCH",4,2,79,"tile_fp16_reduce(float const*, float*, int, int)",1080,17050512468254,17050512493440,0,0,256,1,1,53248,1,1
"KERNEL_DISPATCH",4,2,21,"void dequantize_block_iq3_s<__half>(void const*, __half*)",1081,17050512513293,17050512642185,0,0,32,1,1,1277952,1,1
"KERNEL_DISPATCH",4,2,61,"void convert_unary<float, __half>(void const*, __half*, long, long, long, HIP_vector_type<unsigned int, 3u>, long, long, long)",1082,17050512642185,17050512663074,0,0,256,1,1,786432,1,1
"KERNEL_DISPATCH",4,2,78,"void tile_fp16_gemm<128, 64, 4, 8, 32>(__half const*, __half const*, float*, float*, int, int, long)",1083,17050512663074,17050513091529,0,25088,256,1,1,6656,1,8
"KERNEL_DISPATCH",4,2,79,"tile_fp16_reduce(float const*, float*, int, int)",1084,17050513091529,17050513116418,0,0,256,1,1,53248,1,1
"KERNEL_DISPATCH",4,2,21,"void dequantize_block_iq3_s<__half>(void const*, __half*)",1085,17050513137456,17050513266496,0,0,32,1,1,1277952,1,1
"KERNEL_DISPATCH",4,2,61,"void convert_unary<float, __half>(void const*, __half*, long, long, long, HIP_vector_type<unsigned int, 3u>, long, long, long)",1086,17050513266496,17050513286941,0,0,256,1,1,786432,1,1
"KERNEL_DISPATCH",4,2,78,"void tile_fp16_gemm<128, 64, 4, 8, 32>(__half const*, __half const*, float*, float*, int, int, long)",1087,17050513286941,17050513717914,0,25088,256,1,1,6656,1,8
"KERNEL_DISPATCH",4,2,79,"tile_fp16_reduce(float const*, float*, int, int)",1088,17050513717914,17050513742804,0,0,256,1,1,53248,1,1
"KERNEL_DISPATCH",4,2,21,"void dequantize_block_iq3_s<__half>(void const*, __half*)",1089,17050513764434,17050513914067,0,0,32,1,1,1277952,1,1
"KERNEL_DISPATCH",4,2,61,"void convert_unary<float, __half>(void const*, __half*, long, long, long, HIP_vector_type<unsigned int, 3u>, long, long, long)",1090,17050513914067,17050513937179,0,0,256,1,1,786432,1,1
"KERNEL_DISPATCH",4,2,78,"void tile_fp16_gemm<128, 64, 4, 8, 32>(__half const*, __half const*, float*, float*, int, int, long)",1091,17050513937179,17050514394523,0,25088,256,1,1,6656,1,8
"KERNEL_DISPATCH",4,2,79,"tile_fp16_reduce(float const*, float*, int, int)",1092,17050514394523,17050514422524,0,0,256,1,1,53248,1,1
"KERNEL_DISPATCH",4,2,21,"void dequantize_block_iq3_s<__half>(void const*, __half*)",1093,17050514444302,17050514587862,0,0,32,1,1,1277952,1,1
"KERNEL_DISPATCH",4,2,61,"void convert_unary<float, __half>(void const*, __half*, long, long, long, HIP_vector_type<unsigned int, 3u>, long, long, long)",1094,17050514587862,17050514611121,0,0,256,1,1,786432,1,1
"KERNEL_DISPATCH",4,2,78,"void tile_fp16_gemm<128, 64, 4, 8, 32>(__half const*, __half const*, float*, float*, int, int, long)",1095,17050514611121,17050515062392,0,25088,256,1,1,6656,1,8
"KERNEL_DISPATCH",4,2,79,"tile_fp16_reduce(float const*, float*, int, int)",1096,17050515062392,17050515087429,0,0,256,1,1,53248,1,1
"KERNEL_DISPATCH",4,2,21,"void dequantize_block_iq3_s<__half>(void const*, __half*)",1097,17050515107874,17050515236766,0,0,32,1,1,1277952,1,1
"KERNEL_DISPATCH",4,2,61,"void convert_unary<float, __half>(void const*, __half*, long, long, long, HIP_vector_type<unsigned int, 3u>, long, long, long)",1098,17050515236766,17050515257359,0,0,256,1,1,786432,1,1
"KERNEL_DISPATCH",4,2,78,"void tile_fp16_gemm<128, 64, 4, 8, 32>(__half const*, __half const*, float*, float*, int, int, long)",1099,17050515257359,17050515689518,0,25088,256,1,1,6656,1,8
"KERNEL_DISPATCH",4,2,79,"tile_fp16_reduce(float const*, float*, int, int)",1100,17050515689518,17050515714407,0,0,256,1,1,53248,1,1
"KERNEL_DISPATCH",4,2,21,"void dequantize_block_iq3_s<__half>(void const*, __half*)",1101,17050515736186,17050515887893,0,0,32,1,1,1277952,1,1
"KERNEL_DISPATCH",4,2,61,"void convert_unary<float, __half>(void const*, __half*, long, long, long, HIP_vector_type<unsigned int, 3u>, long, long, long)",1102,17050515887893,17050515910708,0,0,256,1,1,786432,1,1
"KERNEL_DISPATCH",4,2,78,"void tile_fp16_gemm<128, 64, 4, 8, 32>(__half const*, __half const*, float*, float*, int, int, long)",1103,17050515910708,17050516370868,0,25088,256,1,1,6656,1,8
"KERNEL_DISPATCH",4,2,79,"tile_fp16_reduce(float const*, float*, int, int)",1104,17050516370868,17050516398868,0,0,256,1,1,53248,1,1
"KERNEL_DISPATCH",4,2,21,"void dequantize_block_iq3_s<__half>(void const*, __half*)",1105,17050516420795,17050516564798,0,0,32,1,1,1277952,1,1
"KERNEL_DISPATCH",4,2,61,"void convert_unary<float, __half>(void const*, __half*, long, long, long, HIP_vector_type<unsigned int, 3u>, long, long, long)",1106,17050516564798,17050516587466,0,0,256,1,1,786432,1,1
"KERNEL_DISPATCH",4,2,78,"void tile_fp16_gemm<128, 64, 4, 8, 32>(__half const*, __half const*, float*, float*, int, int, long)",1107,17050516587466,17050517064218,0,25088,256,1,1,6656,1,8
"KERNEL_DISPATCH",4,2,79,"tile_fp16_reduce(float const*, float*, int, int)",1108,17050517064218,17050517089107,0,0,256,1,1,53248,1,1
"KERNEL_DISPATCH",4,2,21,"void dequantize_block_iq3_s<__half>(void const*, __half*)",1109,17050517109997,17050517239333,0,0,32,1,1,1277952,1,1
"KERNEL_DISPATCH",4,2,61,"void convert_unary<float, __half>(void const*, __half*, long, long, long, HIP_vector_type<unsigned int, 3u>, long, long, long)",1110,17050517239333,17050517259630,0,0,256,1,1,786432,1,1
"KERNEL_DISPATCH",4,2,78,"void tile_fp16_gemm<128, 64, 4, 8, 32>(__half const*, __half const*, float*, float*, int, int, long)",1111,17050517259630,17050517696826,0,25088,256,1,1,6656,1,8
"KERNEL_DISPATCH",4,2,79,"tile_fp16_reduce(float const*, float*, int, int)",1112,17050517696826,17050517722308,0,0,256,1,1,53248,1,1
"KERNEL_DISPATCH",4,2,21,"void dequantize_block_iq3_s<__half>(void const*, __half*)",1113,17050517743938,17050517895497,0,0,32,1,1,1277952,1,1
"KERNEL_DISPATCH",4,2,61,"void convert_unary<float, __half>(void const*, __half*, long, long, long, HIP_vector_type<unsigned int, 3u>, long, long, long)",1114,17050517895497,17050517918165,0,0,256,1,1,786432,1,1
"KERNEL_DISPATCH",4,2,78,"void tile_fp16_gemm<128, 64, 4, 8, 32>(__half const*, __half const*, float*, float*, int, int, long)",1115,17050517918165,17050518384991,0,25088,256,1,1,6656,1,8
"KERNEL_DISPATCH",4,2,79,"tile_fp16_reduce(float const*, float*, int, int)",1116,17050518384991,17050518413140,0,0,256,1,1,53248,1,1
"KERNEL_DISPATCH",4,2,21,"void dequantize_block_iq3_s<__half>(void const*, __half*)",1117,17050518434918,17050518578921,0,0,32,1,1,1277952,1,1
"KERNEL_DISPATCH",4,2,61,"void convert_unary<float, __half>(void const*, __half*, long, long, long, HIP_vector_type<unsigned int, 3u>, long, long, long)",1118,17050518578921,17050518601737,0,0,256,1,1,786432,1,1
"KERNEL_DISPATCH",4,2,78,"void tile_fp16_gemm<128, 64, 4, 8, 32>(__half const*, __half const*, float*, float*, int, int, long)",1119,17050518601737,17050519055229,0,25088,256,1,1,6656,1,8
"KERNEL_DISPATCH",4,2,79,"tile_fp16_reduce(float const*, float*, int, int)",1120,17050519055229,17050519080119,0,0,256,1,1,53248,1,1
"KERNEL_DISPATCH",4,2,21,"void dequantize_block_iq3_s<__half>(void const*, __half*)",1121,17050519100564,17050519229604,0,0,32,1,1,1277952,1,1
"KERNEL_DISPATCH",4,2,61,"void convert_unary<float, __half>(void const*, __half*, long, long, long, HIP_vector_type<unsigned int, 3u>, long, long, long)",1122,17050519229604,17050519250345,0,0,256,1,1,786432,1,1
"KERNEL_DISPATCH",4,2,78,"void tile_fp16_gemm<128, 64, 4, 8, 32>(__half const*, __half const*, float*, float*, int, int, long)",1123,17050519250345,17050519681170,0,25088,256,1,1,6656,1,8
"KERNEL_DISPATCH",4,2,79,"tile_fp16_reduce(float const*, float*, int, int)",1124,17050519681170,17050519706356,0,0,256,1,1,53248,1,1
"KERNEL_DISPATCH",4,2,21,"void dequantize_block_iq3_s<__half>(void const*, __half*)",1125,17050519727097,17050519878212,0,0,32,1,1,1277952,1,1
"KERNEL_DISPATCH",4,2,61,"void convert_unary<float, __half>(void const*, __half*, long, long, long, HIP_vector_type<unsigned int, 3u>, long, long, long)",1126,17050519878212,17050519900879,0,0,256,1,1,786432,1,1
"KERNEL_DISPATCH",4,2,78,"void tile_fp16_gemm<128, 64, 4, 8, 32>(__half const*, __half const*, float*, float*, int, int, long)",1127,17050519900879,17050520378373,0,25088,256,1,1,6656,1,8
"KERNEL_DISPATCH",4,2,79,"tile_fp16_reduce(float const*, float*, int, int)",1128,17050520378373,17050520406077,0,0,256,1,1,53248,1,1
"KERNEL_DISPATCH",4,2,21,"void dequantize_block_iq3_s<__half>(void const*, __half*)",1129,17050520428152,17050520571711,0,0,32,1,1,1277952,1,1
"KERNEL_DISPATCH",4,2,61,"void convert_unary<float, __half>(void const*, __half*, long, long, long, HIP_vector_type<unsigned int, 3u>, long, long, long)",1130,17050520571711,17050520594822,0,0,256,1,1,786432,1,1
"KERNEL_DISPATCH",4,2,78,"void tile_fp16_gemm<128, 64, 4, 8, 32>(__half const*, __half const*, float*, float*, int, int, long)",1131,17050520594822,17050521054537,0,25088,256,1,1,6656,1,8
"KERNEL_DISPATCH",4,2,79,"tile_fp16_reduce(float const*, float*, int, int)",1132,17050521054537,17050521080019,0,0,256,1,1,53248,1,1
"KERNEL_DISPATCH",4,2,21,"void dequantize_block_iq3_s<__half>(void const*, __half*)",1133,17050521100316,17050521229208,0,0,32,1,1,1277952,1,1
"KERNEL_DISPATCH",4,2,61,"void convert_unary<float, __half>(void const*, __half*, long, long, long, HIP_vector_type<unsigned int, 3u>, long, long, long)",1134,17050521229208,17050521249949,0,0,256,1,1,786432,1,1
"KERNEL_DISPATCH",4,2,78,"void tile_fp16_gemm<128, 64, 4, 8, 32>(__half const*, __half const*, float*, float*, int, int, long)",1135,17050521249949,17050521682552,0,25088,256,1,1,6656,1,8
"KERNEL_DISPATCH",4,2,79,"tile_fp16_reduce(float const*, float*, int, int)",1136,17050521682552,17050521707146,0,0,256,1,1,53248,1,1
"KERNEL_DISPATCH",4,2,21,"void dequantize_block_iq3_s<__half>(void const*, __half*)",1137,17050521727591,17050521878409,0,0,32,1,1,1277952,1,1
"KERNEL_DISPATCH",4,2,61,"void convert_unary<float, __half>(void const*, __half*, long, long, long, HIP_vector_type<unsigned int, 3u>, long, long, long)",1138,17050521878409,17050521901076,0,0,256,1,1,786432,1,1
"KERNEL_DISPATCH",4,2,78,"void tile_fp16_gemm<128, 64, 4, 8, 32>(__half const*, __half const*, float*, float*, int, int, long)",1139,17050521901076,17050522371902,0,25088,256,1,1,6656,1,8
"KERNEL_DISPATCH",4,2,79,"tile_fp16_reduce(float const*, float*, int, int)",1140,17050522371902,17050522399755,0,0,256,1,1,53248,1,1
"KERNEL_DISPATCH",4,2,21,"void dequantize_block_iq3_s<__half>(void const*, __half*)",1141,17050522421237,17050522565092,0,0,32,1,1,1277952,1,1
"KERNEL_DISPATCH",4,2,61,"void convert_unary<float, __half>(void const*, __half*, long, long, long, HIP_vector_type<unsigned int, 3u>, long, long, long)",1142,17050522565092,17050522588056,0,0,256,1,1,786432,1,1
"KERNEL_DISPATCH",4,2,78,"void tile_fp16_gemm<128, 64, 4, 8, 32>(__half const*, __half const*, float*, float*, int, int, long)",1143,17050522588056,17050523030585,0,25088,256,1,1,6656,1,8
"KERNEL_DISPATCH",4,2,79,"tile_fp16_reduce(float const*, float*, int, int)",1144,17050523030585,17050523055919,0,0,256,1,1,53248,1,1
"KERNEL_DISPATCH",4,2,21,"void dequantize_block_iq3_s<__half>(void const*, __half*)",1145,17050523076216,17050523205108,0,0,32,1,1,1277952,1,1
"KERNEL_DISPATCH",4,2,61,"void convert_unary<float, __half>(void const*, __half*, long, long, long, HIP_vector_type<unsigned int, 3u>, long, long, long)",1146,17050523205108,17050523225701,0,0,256,1,1,786432,1,1
"KERNEL_DISPATCH",4,2,78,"void tile_fp16_gemm<128, 64, 4, 8, 32>(__half const*, __half const*, float*, float*, int, int, long)",1147,17050523225701,17050523640081,0,25088,256,1,1,6656,1,8
"KERNEL_DISPATCH",4,2,79,"tile_fp16_reduce(float const*, float*, int, int)",1148,17050523640081,17050523665712,0,0,256,1,1,53248,1,1
"KERNEL_DISPATCH",4,2,21,"void dequantize_block_iq3_s<__half>(void const*, __half*)",1149,17050523685860,17050523833419,0,0,32,1,1,1277952,1,1
"KERNEL_DISPATCH",4,2,61,"void convert_unary<float, __half>(void const*, __half*, long, long, long, HIP_vector_type<unsigned int, 3u>, long, long, long)",1150,17050523833419,17050523856235,0,0,256,1,1,786432,1,1
"KERNEL_DISPATCH",4,2,78,"void tile_fp16_gemm<128, 64, 4, 8, 32>(__half const*, __half const*, float*, float*, int, int, long)",1151,17050523856235,17050524321431,0,25088,256,1,1,6656,1,8
"KERNEL_DISPATCH",4,2,79,"tile_fp16_reduce(float const*, float*, int, int)",1152,17050524321431,17050524348988,0,0,256,1,1,53248,1,1
"KERNEL_DISPATCH",4,2,21,"void dequantize_block_iq3_s<__half>(void const*, __half*)",1153,17050524370618,17050524514621,0,0,32,1,1,1277952,1,1
"KERNEL_DISPATCH",4,2,61,"void convert_unary<float, __half>(void const*, __half*, long, long, long, HIP_vector_type<unsigned int, 3u>, long, long, long)",1154,17050524514621,17050524537881,0,0,256,1,1,786432,1,1
"KERNEL_DISPATCH",4,2,78,"void tile_fp16_gemm<128, 64, 4, 8, 32>(__half const*, __half const*, float*, float*, int, int, long)",1155,17050524537881,17050524986040,0,25088,256,1,1,6656,1,8
"KERNEL_DISPATCH",4,2,79,"tile_fp16_reduce(float const*, float*, int, int)",1156,17050524986040,17050525014041,0,0,256,1,1,53248,1,1
"KERNEL_DISPATCH",4,2,21,"void dequantize_block_iq3_s<__half>(void const*, __half*)",1157,17050525035523,17050525179674,0,0,32,1,1,1277952,1,1
"KERNEL_DISPATCH",4,2,61,"void convert_unary<float, __half>(void const*, __half*, long, long, long, HIP_vector_type<unsigned int, 3u>, long, long, long)",1158,17050525179674,17050525202490,0,0,256,1,1,786432,1,1
"KERNEL_DISPATCH",4,2,78,"void tile_fp16_gemm<128, 64, 4, 8, 32>(__half const*, __half const*, float*, float*, int, int, long)",1159,17050525202490,17050525666945,0,25088,256,1,1,6656,1,8
"KERNEL_DISPATCH",4,2,79,"tile_fp16_reduce(float const*, float*, int, int)",1160,17050525666945,17050525695391,0,0,256,1,1,53248,1,1
"KERNEL_DISPATCH",4,2,21,"void dequantize_block_iq3_s<__half>(void const*, __half*)",1161,17050525717169,17050525857765,0,0,32,1,1,1277952,1,1
"KERNEL_DISPATCH",4,2,61,"void convert_unary<float, __half>(void const*, __half*, long, long, long, HIP_vector_type<unsigned int, 3u>, long, long, long)",1162,17050525857765,17050525878358,0,0,256,1,1,786432,1,1
"KERNEL_DISPATCH",4,2,78,"void tile_fp16_gemm<128, 64, 4, 8, 32>(__half const*, __half const*, float*, float*, int, int, long)",1163,17050525878358,17050526311850,0,25088,256,1,1,6656,1,8
"KERNEL_DISPATCH",4,2,79,"tile_fp16_reduce(float const*, float*, int, int)",1164,17050526311850,17050526337184,0,0,256,1,1,53248,1,1
"KERNEL_DISPATCH",4,2,21,"void dequantize_block_iq3_s<__half>(void const*, __half*)",1165,17050526357333,17050526486225,0,0,32,1,1,1277952,1,1
"KERNEL_DISPATCH",4,2,61,"void convert_unary<float, __half>(void const*, __half*, long, long, long, HIP_vector_type<unsigned int, 3u>, long, long, long)",1166,17050526486225,17050526506670,0,0,256,1,1,786432,1,1
"KERNEL_DISPATCH",4,2,78,"void tile_fp16_gemm<128, 64, 4, 8, 32>(__half const*, __half const*, float*, float*, int, int, long)",1167,17050526506670,17050526932013,0,25088,256,1,1,6656,1,8
"KERNEL_DISPATCH",4,2,79,"tile_fp16_reduce(float const*, float*, int, int)",1168,17050526932013,17050526957940,0,0,256,1,1,53248,1,1
"KERNEL_DISPATCH",4,2,21,"void dequantize_block_iq3_s<__half>(void const*, __half*)",1169,17050526977792,17050527106980,0,0,32,1,1,1277952,1,1
"KERNEL_DISPATCH",4,2,61,"void convert_unary<float, __half>(void const*, __half*, long, long, long, HIP_vector_type<unsigned int, 3u>, long, long, long)",1170,17050527106980,17050527182093,0,0,256,1,1,786432,1,1
"KERNEL_DISPATCH",4,2,78,"void tile_fp16_gemm<128, 64, 4, 8, 32>(__half const*, __half const*, float*, float*, int, int, long)",1171,17050527186834,17050527623586,0,25088,256,1,1,6656,1,8
"KERNEL_DISPATCH",4,2,79,"tile_fp16_reduce(float const*, float*, int, int)",1172,17050527623586,17050527648327,0,0,256,1,1,53248,1,1
"KERNEL_DISPATCH",4,2,21,"void dequantize_block_iq3_s<__half>(void const*, __half*)",1173,17050527669216,17050527814405,0,0,32,1,1,1277952,1,1
"KERNEL_DISPATCH",4,2,61,"void convert_unary<float, __half>(void const*, __half*, long, long, long, HIP_vector_type<unsigned int, 3u>, long, long, long)",1174,17050527814405,17050527837072,0,0,256,1,1,786432,1,1
"KERNEL_DISPATCH",4,2,78,"void tile_fp16_gemm<128, 64, 4, 8, 32>(__half const*, __half const*, float*, float*, int, int, long)",1175,17050527837072,17050528309676,0,25088,256,1,1,6656,1,8
"KERNEL_DISPATCH",4,2,79,"tile_fp16_reduce(float const*, float*, int, int)",1176,17050528309676,17050528337973,0,0,256,1,1,53248,1,1
"KERNEL_DISPATCH",4,2,21,"void dequantize_block_iq3_s<__half>(void const*, __half*)",1177,17050528359603,17050528503607,0,0,32,1,1,1277952,1,1
"KERNEL_DISPATCH",4,2,61,"void convert_unary<float, __half>(void const*, __half*, long, long, long, HIP_vector_type<unsigned int, 3u>, long, long, long)",1178,17050528503607,17050528526719,0,0,256,1,1,786432,1,1
"KERNEL_DISPATCH",4,2,78,"void tile_fp16_gemm<128, 64, 4, 8, 32>(__half const*, __half const*, float*, float*, int, int, long)",1179,17050528526719,17050528986285,0,25088,256,1,1,6656,1,8
"KERNEL_DISPATCH",4,2,79,"tile_fp16_reduce(float const*, float*, int, int)",1180,17050528986285,17050529014434,0,0,256,1,1,53248,1,1
"KERNEL_DISPATCH",4,2,21,"void dequantize_block_iq3_s<__half>(void const*, __half*)",1181,17050529036509,17050529180660,0,0,32,1,1,1277952,1,1
"KERNEL_DISPATCH",4,2,61,"void convert_unary<float, __half>(void const*, __half*, long, long, long, HIP_vector_type<unsigned int, 3u>, long, long, long)",1182,17050529180660,17050529203624,0,0,256,1,1,786432,1,1
"KERNEL_DISPATCH",4,2,78,"void tile_fp16_gemm<128, 64, 4, 8, 32>(__half const*, __half const*, float*, float*, int, int, long)",1183,17050529203624,17050529671191,0,25088,256,1,1,6656,1,8
"KERNEL_DISPATCH",4,2,79,"tile_fp16_reduce(float const*, float*, int, int)",1184,17050529671191,17050529699043,0,0,256,1,1,53248,1,1
"KERNEL_DISPATCH",4,2,21,"void dequantize_block_iq3_s<__half>(void const*, __half*)",1185,17050529721118,17050529865270,0,0,32,1,1,1277952,1,1
"KERNEL_DISPATCH",4,2,61,"void convert_unary<float, __half>(void const*, __half*, long, long, long, HIP_vector_type<unsigned int, 3u>, long, long, long)",1186,17050529865270,17050529888381,0,0,256,1,1,786432,1,1
"KERNEL_DISPATCH",4,2,78,"void tile_fp16_gemm<128, 64, 4, 8, 32>(__half const*, __half const*, float*, float*, int, int, long)",1187,17050529888381,17050530355356,0,25088,256,1,1,6656,1,8
"KERNEL_DISPATCH",4,2,79,"tile_fp16_reduce(float const*, float*, int, int)",1188,17050530355356,17050530383653,0,0,256,1,1,53248,1,1
"KERNEL_DISPATCH",4,2,21,"void dequantize_block_iq3_s<__half>(void const*, __half*)",1189,17050530406024,17050530549731,0,0,32,1,1,1277952,1,1
"KERNEL_DISPATCH",4,2,61,"void convert_unary<float, __half>(void const*, __half*, long, long, long, HIP_vector_type<unsigned int, 3u>, long, long, long)",1190,17050530549731,17050530572546,0,0,256,1,1,786432,1,1
"KERNEL_DISPATCH",4,2,78,"void tile_fp16_gemm<128, 64, 4, 8, 32>(__half const*, __half const*, float*, float*, int, int, long)",1191,17050530572546,17050531028409,0,25088,256,1,1,6656,1,8
"KERNEL_DISPATCH",4,2,79,"tile_fp16_reduce(float const*, float*, int, int)",1192,17050531028409,17050531053595,0,0,256,1,1,53248,1,1
"KERNEL_DISPATCH",4,2,21,"void dequantize_block_iq3_s<__half>(void const*, __half*)",1193,17050531073892,17050531203080,0,0,32,1,1,1277952,1,1
"KERNEL_DISPATCH",4,2,61,"void convert_unary<float, __half>(void const*, __half*, long, long, long, HIP_vector_type<unsigned int, 3u>, long, long, long)",1194,17050531203080,17050531223673,0,0,256,1,1,786432,1,1
"KERNEL_DISPATCH",4,2,78,"void tile_fp16_gemm<128, 64, 4, 8, 32>(__half const*, __half const*, float*, float*, int, int, long)",1195,17050531223673,17050531651535,0,25088,256,1,1,6656,1,8
"KERNEL_DISPATCH",4,2,79,"tile_fp16_reduce(float const*, float*, int, int)",1196,17050531651535,17050531677166,0,0,256,1,1,53248,1,1
"KERNEL_DISPATCH",4,2,21,"void dequantize_block_iq3_s<__half>(void const*, __half*)",1197,17050531697314,17050531846503,0,0,32,1,1,1277952,1,1
"KERNEL_DISPATCH",4,2,61,"void convert_unary<float, __half>(void const*, __half*, long, long, long, HIP_vector_type<unsigned int, 3u>, long, long, long)",1198,17050531846503,17050531869170,0,0,256,1,1,786432,1,1
"KERNEL_DISPATCH",4,2,78,"void tile_fp16_gemm<128, 64, 4, 8, 32>(__half const*, __half const*, float*, float*, int, int, long)",1199,17050531869170,17050532351404,0,25088,256,1,1,6656,1,8
"KERNEL_DISPATCH",4,2,79,"tile_fp16_reduce(float const*, float*, int, int)",1200,17050532351404,17050532379553,0,0,256,1,1,53248,1,1
"KERNEL_DISPATCH",4,2,21,"void dequantize_block_iq3_s<__half>(void const*, __half*)",1201,17050532401331,17050532545187,0,0,32,1,1,1277952,1,1
"KERNEL_DISPATCH",4,2,61,"void convert_unary<float, __half>(void const*, __half*, long, long, long, HIP_vector_type<unsigned int, 3u>, long, long, long)",1202,17050532545187,17050532568002,0,0,256,1,1,786432,1,1
"KERNEL_DISPATCH",4,2,78,"void tile_fp16_gemm<128, 64, 4, 8, 32>(__half const*, __half const*, float*, float*, int, int, long)",1203,17050532568002,17050533030532,0,25088,256,1,1,6656,1,8
"KERNEL_DISPATCH",4,2,79,"tile_fp16_reduce(float const*, float*, int, int)",1204,17050533030532,17050533056014,0,0,256,1,1,53248,1,1
"KERNEL_DISPATCH",4,2,21,"void dequantize_block_iq3_s<__half>(void const*, __half*)",1205,17050533076607,17050533205499,0,0,32,1,1,1277952,1,1
"KERNEL_DISPATCH",4,2,61,"void convert_unary<float, __half>(void const*, __half*, long, long, long, HIP_vector_type<unsigned int, 3u>, long, long, long)",1206,17050533205499,17050533226092,0,0,256,1,1,786432,1,1
"KERNEL_DISPATCH",4,2,78,"void tile_fp16_gemm<128, 64, 4, 8, 32>(__half const*, __half const*, float*, float*, int, int, long)",1207,17050533226092,17050533655584,0,25088,256,1,1,6656,1,8
"KERNEL_DISPATCH",4,2,79,"tile_fp16_reduce(float const*, float*, int, int)",1208,17050533655584,17050533680473,0,0,256,1,1,53248,1,1
"KERNEL_DISPATCH",4,2,21,"void dequantize_block_iq3_s<__half>(void const*, __half*)",1209,17050533700770,17050533849959,0,0,32,1,1,1277952,1,1
"KERNEL_DISPATCH",4,2,61,"void convert_unary<float, __half>(void const*, __half*, long, long, long, HIP_vector_type<unsigned int, 3u>, long, long, long)",1210,17050533849959,17050533872626,0,0,256,1,1,786432,1,1
"KERNEL_DISPATCH",4,2,78,"void tile_fp16_gemm<128, 64, 4, 8, 32>(__half const*, __half const*, float*, float*, int, int, long)",1211,17050533872626,17050534354416,0,25088,256,1,1,6656,1,8
"KERNEL_DISPATCH",4,2,79,"tile_fp16_reduce(float const*, float*, int, int)",1212,17050534354416,17050534382120,0,0,256,1,1,53248,1,1
"KERNEL_DISPATCH",4,2,21,"void dequantize_block_iq3_s<__half>(void const*, __half*)",1213,17050534403750,17050534547457,0,0,32,1,1,1277952,1,1
"KERNEL_DISPATCH",4,2,61,"void convert_unary<float, __half>(void const*, __half*, long, long, long, HIP_vector_type<unsigned int, 3u>, long, long, long)",1214,17050534547457,17050534570273,0,0,256,1,1,786432,1,1
"KERNEL_DISPATCH",4,2,78,"void tile_fp16_gemm<128, 64, 4, 8, 32>(__half const*, __half const*, float*, float*, int, int, long)",1215,17050534570273,17050535020358,0,25088,256,1,1,6656,1,8
"KERNEL_DISPATCH",4,2,79,"tile_fp16_reduce(float const*, float*, int, int)",1216,17050535020358,17050535045247,0,0,256,1,1,53248,1,1
"KERNEL_DISPATCH",4,2,21,"void dequantize_block_iq3_s<__half>(void const*, __half*)",1217,17050535065989,17050535195325,0,0,32,1,1,1277952,1,1
"KERNEL_DISPATCH",4,2,61,"void convert_unary<float, __half>(void const*, __half*, long, long, long, HIP_vector_type<unsigned int, 3u>, long, long, long)",1218,17050535195325,17050535215770,0,0,256,1,1,786432,1,1
"KERNEL_DISPATCH",4,2,78,"void tile_fp16_gemm<128, 64, 4, 8, 32>(__half const*, __half const*, float*, float*, int, int, long)",1219,17050535215770,17050535635780,0,25088,256,1,1,6656,1,8
"KERNEL_DISPATCH",4,2,79,"tile_fp16_reduce(float const*, float*, int, int)",1220,17050535635780,17050535661114,0,0,256,1,1,53248,1,1
"KERNEL_DISPATCH",4,2,21,"void dequantize_block_iq3_s<__half>(void const*, __half*)",1221,17050535681559,17050535829118,0,0,32,1,1,1277952,1,1
"KERNEL_DISPATCH",4,2,61,"void convert_unary<float, __half>(void const*, __half*, long, long, long, HIP_vector_type<unsigned int, 3u>, long, long, long)",1222,17050535829118,17050535851934,0,0,256,1,1,786432,1,1
"KERNEL_DISPATCH",4,2,78,"void tile_fp16_gemm<128, 64, 4, 8, 32>(__half const*, __half const*, float*, float*, int, int, long)",1223,17050535851934,17050536318315,0,25088,256,1,1,6656,1,8
"KERNEL_DISPATCH",4,2,79,"tile_fp16_reduce(float const*, float*, int, int)",1224,17050536318315,17050536346020,0,0,256,1,1,53248,1,1
"KERNEL_DISPATCH",4,2,21,"void dequantize_block_iq3_s<__half>(void const*, __half*)",1225,17050536367650,17050536511357,0,0,32,1,1,1277952,1,1
"KERNEL_DISPATCH",4,2,61,"void convert_unary<float, __half>(void const*, __half*, long, long, long, HIP_vector_type<unsigned int, 3u>, long, long, long)",1226,17050536511357,17050536534172,0,0,256,1,1,786432,1,1
"KERNEL_DISPATCH",4,2,78,"void tile_fp16_gemm<128, 64, 4, 8, 32>(__half const*, __half const*, float*, float*, int, int, long)",1227,17050536534172,17050536999221,0,25088,256,1,1,6656,1,8
"KERNEL_DISPATCH",4,2,79,"tile_fp16_reduce(float const*, float*, int, int)",1228,17050536999221,17050537027518,0,0,256,1,1,53248,1,1
"KERNEL_DISPATCH",4,2,21,"void dequantize_block_iq3_s<__half>(void const*, __half*)",1229,17050537049592,17050537193300,0,0,32,1,1,1277952,1,1
"KERNEL_DISPATCH",4,2,61,"void convert_unary<float, __half>(void const*, __half*, long, long, long, HIP_vector_type<unsigned int, 3u>, long, long, long)",1230,17050537193300,17050537216115,0,0,256,1,1,786432,1,1
"KERNEL_DISPATCH",4,2,78,"void tile_fp16_gemm<128, 64, 4, 8, 32>(__half const*, __half const*, float*, float*, int, int, long)",1231,17050537216115,17050537687682,0,25088,256,1,1,6656,1,8
"KERNEL_DISPATCH",4,2,79,"tile_fp16_reduce(float const*, float*, int, int)",1232,17050537687682,17050537716275,0,0,256,1,1,53248,1,1
"KERNEL_DISPATCH",4,2,21,"void dequantize_block_iq3_s<__half>(void const*, __half*)",1233,17050537738202,17050537882501,0,0,32,1,1,1277952,1,1
"KERNEL_DISPATCH",4,2,61,"void convert_unary<float, __half>(void const*, __half*, long, long, long, HIP_vector_type<unsigned int, 3u>, long, long, long)",1234,17050537882501,17050537905169,0,0,256,1,1,786432,1,1
"KERNEL_DISPATCH",4,2,78,"void tile_fp16_gemm<128, 64, 4, 8, 32>(__half const*, __half const*, float*, float*, int, int, long)",1235,17050537905169,17050538373032,0,25088,256,1,1,6656,1,8
"KERNEL_DISPATCH",4,2,79,"tile_fp16_reduce(float const*, float*, int, int)",1236,17050538373032,17050538401181,0,0,256,1,1,53248,1,1
"KERNEL_DISPATCH",4,2,21,"void dequantize_block_iq3_s<__half>(void const*, __half*)",1237,17050538423552,17050538567555,0,0,32,1,1,1277952,1,1
"KERNEL_DISPATCH",4,2,61,"void convert_unary<float, __half>(void const*, __half*, long, long, long, HIP_vector_type<unsigned int, 3u>, long, long, long)",1238,17050538567555,17050538590519,0,0,256,1,1,786432,1,1
"KERNEL_DISPATCH",4,2,78,"void tile_fp16_gemm<128, 64, 4, 8, 32>(__half const*, __half const*, float*, float*, int, int, long)",1239,17050538590519,17050539036604,0,25088,256,1,1,6656,1,8
"KERNEL_DISPATCH",4,2,79,"tile_fp16_reduce(float const*, float*, int, int)",1240,17050539036604,17050539061493,0,0,256,1,1,53248,1,1
"KERNEL_DISPATCH",4,2,21,"void dequantize_block_iq3_s<__half>(void const*, __half*)",1241,17050539081938,17050539211126,0,0,32,1,1,1277952,1,1
"KERNEL_DISPATCH",4,2,61,"void convert_unary<float, __half>(void const*, __half*, long, long, long, HIP_vector_type<unsigned int, 3u>, long, long, long)",1242,17050539211126,17050539231423,0,0,256,1,1,786432,1,1
"KERNEL_DISPATCH",4,2,78,"void tile_fp16_gemm<128, 64, 4, 8, 32>(__half const*, __half const*, float*, float*, int, int, long)",1243,17050539231423,17050539661804,0,25088,256,1,1,6656,1,8
"KERNEL_DISPATCH",4,2,79,"tile_fp16_reduce(float const*, float*, int, int)",1244,17050539661804,17050539686990,0,0,256,1,1,53248,1,1
"KERNEL_DISPATCH",4,2,21,"void dequantize_block_iq3_s<__half>(void const*, __half*)",1245,17050539707731,17050539857809,0,0,32,1,1,1277952,1,1
"KERNEL_DISPATCH",4,2,61,"void convert_unary<float, __half>(void const*, __half*, long, long, long, HIP_vector_type<unsigned int, 3u>, long, long, long)",1246,17050539857809,17050539880772,0,0,256,1,1,786432,1,1
"KERNEL_DISPATCH",4,2,78,"void tile_fp16_gemm<128, 64, 4, 8, 32>(__half const*, __half const*, float*, float*, int, int, long)",1247,17050539880772,17050540361080,0,25088,256,1,1,6656,1,8
"KERNEL_DISPATCH",4,2,79,"tile_fp16_reduce(float const*, float*, int, int)",1248,17050540361080,17050540389081,0,0,256,1,1,53248,1,1
"KERNEL_DISPATCH",4,2,21,"void dequantize_block_iq3_s<__half>(void const*, __half*)",1249,17050540411896,17050540555603,0,0,32,1,1,1277952,1,1
"KERNEL_DISPATCH",4,2,61,"void convert_unary<float, __half>(void const*, __half*, long, long, long, HIP_vector_type<unsigned int, 3u>, long, long, long)",1250,17050540555603,17050540578419,0,0,256,1,1,786432,1,1
"KERNEL_DISPATCH",4,2,78,"void tile_fp16_gemm<128, 64, 4, 8, 32>(__half const*, __half const*, float*, float*, int, int, long)",1251,17050540578419,17050541047467,0,25088,256,1,1,6656,1,8
"KERNEL_DISPATCH",4,2,79,"tile_fp16_reduce(float const*, float*, int, int)",1252,17050541047467,17050541072801,0,0,256,1,1,53248,1,1
"KERNEL_DISPATCH",4,2,21,"void dequantize_block_iq3_s<__half>(void const*, __half*)",1253,17050541094135,17050541223472,0,0,32,1,1,1277952,1,1
"KERNEL_DISPATCH",4,2,61,"void convert_unary<float, __half>(void const*, __half*, long, long, long, HIP_vector_type<unsigned int, 3u>, long, long, long)",1254,17050541223472,17050541244065,0,0,256,1,1,786432,1,1
"KERNEL_DISPATCH",4,2,78,"void tile_fp16_gemm<128, 64, 4, 8, 32>(__half const*, __half const*, float*, float*, int, int, long)",1255,17050541244065,17050541651778,0,25088,256,1,1,6656,1,8
"KERNEL_DISPATCH",4,2,79,"tile_fp16_reduce(float const*, float*, int, int)",1256,17050541651778,17050541676816,0,0,256,1,1,53248,1,1
"KERNEL_DISPATCH",4,2,21,"void dequantize_block_iq3_s<__half>(void const*, __half*)",1257,17050541698742,17050541847487,0,0,32,1,1,1277952,1,1
"KERNEL_DISPATCH",4,2,61,"void convert_unary<float, __half>(void const*, __half*, long, long, long, HIP_vector_type<unsigned int, 3u>, long, long, long)",1258,17050541847487,17050541870450,0,0,256,1,1,786432,1,1
"KERNEL_DISPATCH",4,2,78,"void tile_fp16_gemm<128, 64, 4, 8, 32>(__half const*, __half const*, float*, float*, int, int, long)",1259,17050541870450,17050542331202,0,25088,256,1,1,6656,1,8
"KERNEL_DISPATCH",4,2,79,"tile_fp16_reduce(float const*, float*, int, int)",1260,17050542331202,17050542359203,0,0,256,1,1,53248,1,1
"KERNEL_DISPATCH",4,2,21,"void dequantize_block_iq3_s<__half>(void const*, __half*)",1261,17052902675308,17052902803163,0,0,32,1,1,1310720,1,1
"KERNEL_DISPATCH",4,2,61,"void convert_unary<float, __half>(void const*, __half*, long, long, long, HIP_vector_type<unsigned int, 3u>, long, long, long)",1262,17052902803163,17052902822422,0,0,256,1,1,655360,1,1
"KERNEL_DISPATCH",4,2,78,"void tile_fp16_gemm<128, 64, 4, 8, 32>(__half const*, __half const*, float*, float*, int, int, long)",1263,17052902822422,17052903260803,0,25088,256,1,1,8192,1,8
"KERNEL_DISPATCH",4,2,79,"tile_fp16_reduce(float const*, float*, int, int)",1264,17052903260803,17052903289989,0,0,256,1,1,65536,1,1
"KERNEL_DISPATCH",4,2,21,"void dequantize_block_iq3_s<__half>(void const*, __half*)",1265,17052903334583,17052903458734,0,0,32,1,1,1310720,1,1
"KERNEL_DISPATCH",4,2,61,"void convert_unary<float, __half>(void const*, __half*, long, long, long, HIP_vector_type<unsigned int, 3u>, long, long, long)",1266,17052903458734,17052903475919,0,0,256,1,1,655360,1,1
"KERNEL_DISPATCH",4,2,78,"void tile_fp16_gemm<128, 64, 4, 8, 32>(__half const*, __half const*, float*, float*, int, int, long)",1267,17052903475919,17052903897856,0,25088,256,1,1,8192,1,8
"KERNEL_DISPATCH",4,2,79,"tile_fp16_reduce(float const*, float*, int, int)",1268,17052903897856,17052903926597,0,0,256,1,1,65536,1,1
"KERNEL_DISPATCH",4,2,21,"void dequantize_block_iq3_s<__half>(void const*, __half*)",1269,17052903946153,17052904070601,0,0,32,1,1,1310720,1,1
"KERNEL_DISPATCH",4,2,61,"void convert_unary<float, __half>(void const*, __half*, long, long, long, HIP_vector_type<unsigned int, 3u>, long, long, long)",1270,17052904070601,17052904088083,0,0,256,1,1,655360,1,1
"KERNEL_DISPATCH",4,2,78,"void tile_fp16_gemm<128, 64, 4, 8, 32>(__half const*, __half const*, float*, float*, int, int, long)",1271,17052904088083,17052904508834,0,25088,256,1,1,8192,1,8
"KERNEL_DISPATCH",4,2,79,"tile_fp16_reduce(float const*, float*, int, int)",1272,17052904508834,17052904537279,0,0,256,1,1,65536,1,1
"KERNEL_DISPATCH",4,2,21,"void dequantize_block_iq3_s<__half>(void const*, __half*)",1273,17052904557279,17052904681727,0,0,32,1,1,1310720,1,1
"KERNEL_DISPATCH",4,2,61,"void convert_unary<float, __half>(void const*, __half*, long, long, long, HIP_vector_type<unsigned int, 3u>, long, long, long)",1274,17052904681727,17052904699060,0,0,256,1,1,655360,1,1
"KERNEL_DISPATCH",4,2,78,"void tile_fp16_gemm<128, 64, 4, 8, 32>(__half const*, __half const*, float*, float*, int, int, long)",1275,17052904699060,17052905120700,0,25088,256,1,1,8192,1,8
"KERNEL_DISPATCH",4,2,79,"tile_fp16_reduce(float const*, float*, int, int)",1276,17052905120700,17052905149442,0,0,256,1,1,65536,1,1
"KERNEL_DISPATCH",4,2,21,"void dequantize_block_iq3_s<__half>(void const*, __half*)",1277,17052905168998,17052905293297,0,0,32,1,1,1310720,1,1
"KERNEL_DISPATCH",4,2,61,"void convert_unary<float, __half>(void const*, __half*, long, long, long, HIP_vector_type<unsigned int, 3u>, long, long, long)",1278,17052905293297,17052905309890,0,0,256,1,1,655360,1,1
"KERNEL_DISPATCH",4,2,78,"void tile_fp16_gemm<128, 64, 4, 8, 32>(__half const*, __half const*, float*, float*, int, int, long)",1279,17052905309890,17052905734641,0,25088,256,1,1,8192,1,8
"KERNEL_DISPATCH",4,2,79,"tile_fp16_reduce(float const*, float*, int, int)",1280,17052905734641,17052905763086,0,0,256,1,1,65536,1,1
"KERNEL_DISPATCH",4,2,21,"void dequantize_block_iq3_s<__half>(void const*, __half*)",1281,17052905782939,17052905909164,0,0,32,1,1,1310720,1,1
"KERNEL_DISPATCH",4,2,61,"void convert_unary<float, __half>(void const*, __half*, long, long, long, HIP_vector_type<unsigned int, 3u>, long, long, long)",1282,17052905909164,17052905926794,0,0,256,1,1,655360,1,1
"KERNEL_DISPATCH",4,2,78,"void tile_fp16_gemm<128, 64, 4, 8, 32>(__half const*, __half const*, float*, float*, int, int, long)",1283,17052905926794,17052906336137,0,25088,256,1,1,8192,1,8
"KERNEL_DISPATCH",4,2,79,"tile_fp16_reduce(float const*, float*, int, int)",1284,17052906336137,17052906365027,0,0,256,1,1,65536,1,1
"KERNEL_DISPATCH",4,2,21,"void dequantize_block_iq3_s<__half>(void const*, __half*)",1285,17052906385324,17052906517771,0,0,32,1,1,1310720,1,1
"KERNEL_DISPATCH",4,2,61,"void convert_unary<float, __half>(void const*, __half*, long, long, long, HIP_vector_type<unsigned int, 3u>, long, long, long)",1286,17052906517771,17052906535846,0,0,256,1,1,655360,1,1
"KERNEL_DISPATCH",4,2,78,"void tile_fp16_gemm<128, 64, 4, 8, 32>(__half const*, __half const*, float*, float*, int, int, long)",1287,17052906535846,17052906949485,0,25088,256,1,1,8192,1,8
"KERNEL_DISPATCH",4,2,79,"tile_fp16_reduce(float const*, float*, int, int)",1288,17052906949485,17052906978820,0,0,256,1,1,65536,1,1
"KERNEL_DISPATCH",4,2,21,"void dequantize_block_iq3_s<__half>(void const*, __half*)",1289,17052906999116,17052907131564,0,0,32,1,1,1310720,1,1
"KERNEL_DISPATCH",4,2,61,"void convert_unary<float, __half>(void const*, __half*, long, long, long, HIP_vector_type<unsigned int, 3u>, long, long, long)",1290,17052907131564,17052907149342,0,0,256,1,1,655360,1,1
"KERNEL_DISPATCH",4,2,78,"void tile_fp16_gemm<128, 64, 4, 8, 32>(__half const*, __half const*, float*, float*, int, int, long)",1291,17052907149342,17052907564908,0,25088,256,1,1,8192,1,8
"KERNEL_DISPATCH",4,2,79,"tile_fp16_reduce(float const*, float*, int, int)",1292,17052907564908,17052907593946,0,0,256,1,1,65536,1,1
"KERNEL_DISPATCH",4,2,21,"void dequantize_block_iq3_s<__half>(void const*, __half*)",1293,17052907614242,17052907746838,0,0,32,1,1,1310720,1,1
"KERNEL_DISPATCH",4,2,61,"void convert_unary<float, __half>(void const*, __half*, long, long, long, HIP_vector_type<unsigned int, 3u>, long, long, long)",1294,17052907746838,17052907764320,0,0,256,1,1,655360,1,1
"KERNEL_DISPATCH",4,2,78,"void tile_fp16_gemm<128, 64, 4, 8, 32>(__half const*, __half const*, float*, float*, int, int, long)",1295,17052907764320,17052908179293,0,25088,256,1,1,8192,1,8
"KERNEL_DISPATCH",4,2,79,"tile_fp16_reduce(float const*, float*, int, int)",1296,17052908179293,17052908207442,0,0,256,1,1,65536,1,1
"KERNEL_DISPATCH",4,2,21,"void dequantize_block_iq3_s<__half>(void const*, __half*)",1297,17052908226998,17052908351297,0,0,32,1,1,1310720,1,1
"KERNEL_DISPATCH",4,2,61,"void convert_unary<float, __half>(void const*, __half*, long, long, long, HIP_vector_type<unsigned int, 3u>, long, long, long)",1298,17052908351297,17052908368187,0,0,256,1,1,655360,1,1
"KERNEL_DISPATCH",4,2,78,"void tile_fp16_gemm<128, 64, 4, 8, 32>(__half const*, __half const*, float*, float*, int, int, long)",1299,17052908368187,17052908794864,0,25088,256,1,1,8192,1,8
"KERNEL_DISPATCH",4,2,79,"tile_fp16_reduce(float const*, float*, int, int)",1300,17052908794864,17052908823457,0,0,256,1,1,65536,1,1
"KERNEL_DISPATCH",4,2,21,"void dequantize_block_iq3_s<__half>(void const*, __half*)",1301,17052908842865,17052908972794,0,0,32,1,1,1310720,1,1
"KERNEL_DISPATCH",4,2,61,"void convert_unary<float, __half>(void const*, __half*, long, long, long, HIP_vector_type<unsigned int, 3u>, long, long, long)",1302,17052908972794,17052908990424,0,0,256,1,1,655360,1,1
"KERNEL_DISPATCH",4,2,78,"void tile_fp16_gemm<128, 64, 4, 8, 32>(__half const*, __half const*, float*, float*, int, int, long)",1303,17052908990424,17052909404064,0,25088,256,1,1,8192,1,8
"KERNEL_DISPATCH",4,2,79,"tile_fp16_reduce(float const*, float*, int, int)",1304,17052909404064,17052909432657,0,0,256,1,1,65536,1,1
"KERNEL_DISPATCH",4,2,21,"void dequantize_block_iq3_s<__half>(void const*, __half*)",1305,17052909452954,17052909585253,0,0,32,1,1,1310720,1,1
"KERNEL_DISPATCH",4,2,61,"void convert_unary<float, __half>(void const*, __half*, long, long, long, HIP_vector_type<unsigned int, 3u>, long, long, long)",1306,17052909585253,17052909602883,0,0,256,1,1,655360,1,1
"KERNEL_DISPATCH",4,2,78,"void tile_fp16_gemm<128, 64, 4, 8, 32>(__half const*, __half const*, float*, float*, int, int, long)",1307,17052909602883,17052910022301,0,25088,256,1,1,8192,1,8
"KERNEL_DISPATCH",4,2,79,"tile_fp16_reduce(float const*, float*, int, int)",1308,17052910022301,17052910051191,0,0,256,1,1,65536,1,1
"KERNEL_DISPATCH",4,2,21,"void dequantize_block_iq3_s<__half>(void const*, __half*)",1309,17052910072080,17052910204528,0,0,32,1,1,1310720,1,1
"KERNEL_DISPATCH",4,2,61,"void convert_unary<float, __half>(void const*, __half*, long, long, long, HIP_vector_type<unsigned int, 3u>, long, long, long)",1310,17052910204528,17052910222158,0,0,256,1,1,655360,1,1
"KERNEL_DISPATCH",4,2,78,"void tile_fp16_gemm<128, 64, 4, 8, 32>(__half const*, __half const*, float*, float*, int, int, long)",1311,17052910222158,17052910638316,0,25088,256,1,1,8192,1,8
"KERNEL_DISPATCH",4,2,79,"tile_fp16_reduce(float const*, float*, int, int)",1312,17052910638316,17052910667502,0,0,256,1,1,65536,1,1
"KERNEL_DISPATCH",4,2,21,"void dequantize_block_iq3_s<__half>(void const*, __half*)",1313,17052910687799,17052910820543,0,0,32,1,1,1310720,1,1
"KERNEL_DISPATCH",4,2,61,"void convert_unary<float, __half>(void const*, __half*, long, long, long, HIP_vector_type<unsigned int, 3u>, long, long, long)",1314,17052910820543,17052910838321,0,0,256,1,1,655360,1,1
"KERNEL_DISPATCH",4,2,78,"void tile_fp16_gemm<128, 64, 4, 8, 32>(__half const*, __half const*, float*, float*, int, int, long)",1315,17052910838321,17052911264998,0,25088,256,1,1,8192,1,8
"KERNEL_DISPATCH",4,2,79,"tile_fp16_reduce(float const*, float*, int, int)",1316,17052911264998,17052911294184,0,0,256,1,1,65536,1,1
"KERNEL_DISPATCH",4,2,21,"void dequantize_block_iq3_s<__half>(void const*, __half*)",1317,17052911315518,17052911448262,0,0,32,1,1,1310720,1,1
"KERNEL_DISPATCH",4,2,61,"void convert_unary<float, __half>(void const*, __half*, long, long, long, HIP_vector_type<unsigned int, 3u>, long, long, long)",1318,17052911448262,17052911465743,0,0,256,1,1,655360,1,1
"KERNEL_DISPATCH",4,2,78,"void tile_fp16_gemm<128, 64, 4, 8, 32>(__half const*, __half const*, float*, float*, int, int, long)",1319,17052911465743,17052911879383,0,25088,256,1,1,8192,1,8
"KERNEL_DISPATCH",4,2,79,"tile_fp16_reduce(float const*, float*, int, int)",1320,17052911879383,17052911908865,0,0,256,1,1,65536,1,1
"KERNEL_DISPATCH",4,2,21,"void dequantize_block_iq3_s<__half>(void const*, __half*)",1321,17052911937607,17052912085314,0,0,32,1,1,1310720,1,1
"KERNEL_DISPATCH",4,2,61,"void convert_unary<float, __half>(void const*, __half*, long, long, long, HIP_vector_type<unsigned int, 3u>, long, long, long)",1322,17052912085314,17052912105166,0,0,256,1,1,655360,1,1
"KERNEL_DISPATCH",4,2,78,"void tile_fp16_gemm<128, 64, 4, 8, 32>(__half const*, __half const*, float*, float*, int, int, long)",1323,17052912105166,17052912546659,0,25088,256,1,1,8192,1,8
"KERNEL_DISPATCH",4,2,79,"tile_fp16_reduce(float const*, float*, int, int)",1324,17052912546659,17052912579548,0,0,256,1,1,65536,1,1
"KERNEL_DISPATCH",4,2,21,"void dequantize_block_iq3_s<__half>(void const*, __half*)",1325,17052912602364,17052912749775,0,0,32,1,1,1310720,1,1
"KERNEL_DISPATCH",4,2,61,"void convert_unary<float, __half>(void const*, __half*, long, long, long, HIP_vector_type<unsigned int, 3u>, long, long, long)",1326,17052912749775,17052912769627,0,0,256,1,1,655360,1,1
"KERNEL_DISPATCH",4,2,78,"void tile_fp16_gemm<128, 64, 4, 8, 32>(__half const*, __half const*, float*, float*, int, int, long)",1327,17052912769627,17052913208749,0,25088,256,1,1,8192,1,8
"KERNEL_DISPATCH",4,2,79,"tile_fp16_reduce(float const*, float*, int, int)",1328,17052913208749,17052913237638,0,0,256,1,1,65536,1,1
"KERNEL_DISPATCH",4,2,21,"void dequantize_block_iq3_s<__half>(void const*, __half*)",1329,17052913259417,17052913391716,0,0,32,1,1,1310720,1,1
"KERNEL_DISPATCH",4,2,61,"void convert_unary<float, __half>(void const*, __half*, long, long, long, HIP_vector_type<unsigned int, 3u>, long, long, long)",1330,17052913391716,17052913409346,0,0,256,1,1,655360,1,1
"KERNEL_DISPATCH",4,2,78,"void tile_fp16_gemm<128, 64, 4, 8, 32>(__half const*, __half const*, float*, float*, int, int, long)",1331,17052913409346,17052913827134,0,25088,256,1,1,8192,1,8
"KERNEL_DISPATCH",4,2,79,"tile_fp16_reduce(float const*, float*, int, int)",1332,17052913827134,17052913856172,0,0,256,1,1,65536,1,1
"KERNEL_DISPATCH",4,2,21,"void dequantize_block_iq3_s<__half>(void const*, __half*)",1333,17052913877061,17052914032473,0,0,32,1,1,1310720,1,1
"KERNEL_DISPATCH",4,2,61,"void convert_unary<float, __half>(void const*, __half*, long, long, long, HIP_vector_type<unsigned int, 3u>, long, long, long)",1334,17052914032473,17052914052177,0,0,256,1,1,655360,1,1
"KERNEL_DISPATCH",4,2,78,"void tile_fp16_gemm<128, 64, 4, 8, 32>(__half const*, __half const*, float*, float*, int, int, long)",1335,17052914052177,17052914501373,0,25088,256,1,1,8192,1,8
"KERNEL_DISPATCH",4,2,79,"tile_fp16_reduce(float const*, float*, int, int)",1336,17052914501373,17052914533670,0,0,256,1,1,65536,1,1
"KERNEL_DISPATCH",4,2,21,"void dequantize_block_iq3_s<__half>(void const*, __half*)",1337,17052914555596,17052914703304,0,0,32,1,1,1310720,1,1
"KERNEL_DISPATCH",4,2,61,"void convert_unary<float, __half>(void const*, __half*, long, long, long, HIP_vector_type<unsigned int, 3u>, long, long, long)",1338,17052914703304,17052914722860,0,0,256,1,1,655360,1,1
"KERNEL_DISPATCH",4,2,78,"void tile_fp16_gemm<128, 64, 4, 8, 32>(__half const*, __half const*, float*, float*, int, int, long)",1339,17052914722860,17052915158130,0,25088,256,1,1,8192,1,8
"KERNEL_DISPATCH",4,2,79,"tile_fp16_reduce(float const*, float*, int, int)",1340,17052915158130,17052915187167,0,0,256,1,1,65536,1,1
"KERNEL_DISPATCH",4,2,21,"void dequantize_block_iq3_s<__half>(void const*, __half*)",1341,17052915207760,17052915340060,0,0,32,1,1,1310720,1,1
"KERNEL_DISPATCH",4,2,61,"void convert_unary<float, __half>(void const*, __half*, long, long, long, HIP_vector_type<unsigned int, 3u>, long, long, long)",1342,17052915340060,17052915357542,0,0,256,1,1,655360,1,1
"KERNEL_DISPATCH",4,2,78,"void tile_fp16_gemm<128, 64, 4, 8, 32>(__half const*, __half const*, float*, float*, int, int, long)",1343,17052915357542,17052915776663,0,25088,256,1,1,8192,1,8
"KERNEL_DISPATCH",4,2,79,"tile_fp16_reduce(float const*, float*, int, int)",1344,17052915776663,17052915805701,0,0,256,1,1,65536,1,1
"KERNEL_DISPATCH",4,2,21,"void dequantize_block_iq3_s<__half>(void const*, __half*)",1345,17052915826294,17052915977409,0,0,32,1,1,1310720,1,1
"KERNEL_DISPATCH",4,2,61,"void convert_unary<float, __half>(void const*, __half*, long, long, long, HIP_vector_type<unsigned int, 3u>, long, long, long)",1346,17052915977409,17052915996965,0,0,256,1,1,655360,1,1
"KERNEL_DISPATCH",4,2,78,"void tile_fp16_gemm<128, 64, 4, 8, 32>(__half const*, __half const*, float*, float*, int, int, long)",1347,17052915996965,17052916439050,0,25088,256,1,1,8192,1,8
"KERNEL_DISPATCH",4,2,79,"tile_fp16_reduce(float const*, float*, int, int)",1348,17052916439050,17052916471643,0,0,256,1,1,65536,1,1
"KERNEL_DISPATCH",4,2,21,"void dequantize_block_iq3_s<__half>(void const*, __half*)",1349,17052916493569,17052916640980,0,0,32,1,1,1310720,1,1
"KERNEL_DISPATCH",4,2,61,"void convert_unary<float, __half>(void const*, __half*, long, long, long, HIP_vector_type<unsigned int, 3u>, long, long, long)",1350,17052916640980,17052916660536,0,0,256,1,1,655360,1,1
"KERNEL_DISPATCH",4,2,78,"void tile_fp16_gemm<128, 64, 4, 8, 32>(__half const*, __half const*, float*, float*, int, int, long)",1351,17052916660536,17052917105584,0,25088,256,1,1,8192,1,8
"KERNEL_DISPATCH",4,2,79,"tile_fp16_reduce(float const*, float*, int, int)",1352,17052917105584,17052917137881,0,0,256,1,1,65536,1,1
"KERNEL_DISPATCH",4,2,21,"void dequantize_block_iq3_s<__half>(void const*, __half*)",1353,17052917160400,17052917307960,0,0,32,1,1,1310720,1,1
"KERNEL_DISPATCH",4,2,61,"void convert_unary<float, __half>(void const*, __half*, long, long, long, HIP_vector_type<unsigned int, 3u>, long, long, long)",1354,17052917307960,17052917327516,0,0,256,1,1,655360,1,1
"KERNEL_DISPATCH",4,2,78,"void tile_fp16_gemm<128, 64, 4, 8, 32>(__half const*, __half const*, float*, float*, int, int, long)",1355,17052917327516,17052917767378,0,25088,256,1,1,8192,1,8
"KERNEL_DISPATCH",4,2,79,"tile_fp16_reduce(float const*, float*, int, int)",1356,17052917767378,17052917799675,0,0,256,1,1,65536,1,1
"KERNEL_DISPATCH",4,2,21,"void dequantize_block_iq3_s<__half>(void const*, __half*)",1357,17052917822194,17052917970050,0,0,32,1,1,1310720,1,1
"KERNEL_DISPATCH",4,2,61,"void convert_unary<float, __half>(void const*, __half*, long, long, long, HIP_vector_type<unsigned int, 3u>, long, long, long)",1358,17052917970050,17052917989606,0,0,256,1,1,655360,1,1
"KERNEL_DISPATCH",4,2,78,"void tile_fp16_gemm<128, 64, 4, 8, 32>(__half const*, __half const*, float*, float*, int, int, long)",1359,17052917989606,17052918430209,0,25088,256,1,1,8192,1,8
"KERNEL_DISPATCH",4,2,79,"tile_fp16_reduce(float const*, float*, int, int)",1360,17052918430209,17052918462951,0,0,256,1,1,65536,1,1
"KERNEL_DISPATCH",4,2,21,"void dequantize_block_iq3_s<__half>(void const*, __half*)",1361,17052918486062,17052918633473,0,0,32,1,1,1310720,1,1
"KERNEL_DISPATCH",4,2,61,"void convert_unary<float, __half>(void const*, __half*, long, long, long, HIP_vector_type<unsigned int, 3u>, long, long, long)",1362,17052918633473,17052918652881,0,0,256,1,1,655360,1,1
"KERNEL_DISPATCH",4,2,78,"void tile_fp16_gemm<128, 64, 4, 8, 32>(__half const*, __half const*, float*, float*, int, int, long)",1363,17052918652881,17052919087855,0,25088,256,1,1,8192,1,8
"KERNEL_DISPATCH",4,2,79,"tile_fp16_reduce(float const*, float*, int, int)",1364,17052919087855,17052919117041,0,0,256,1,1,65536,1,1
"KERNEL_DISPATCH",4,2,21,"void dequantize_block_iq3_s<__half>(void const*, __half*)",1365,17052919137930,17052919270081,0,0,32,1,1,1310720,1,1
"KERNEL_DISPATCH",4,2,61,"void convert_unary<float, __half>(void const*, __half*, long, long, long, HIP_vector_type<unsigned int, 3u>, long, long, long)",1366,17052919270081,17052919287711,0,0,256,1,1,655360,1,1
"KERNEL_DISPATCH",4,2,78,"void tile_fp16_gemm<128, 64, 4, 8, 32>(__half const*, __half const*, float*, float*, int, int, long)",1367,17052919287711,17052919704610,0,25088,256,1,1,8192,1,8
"KERNEL_DISPATCH",4,2,79,"tile_fp16_reduce(float const*, float*, int, int)",1368,17052919704610,17052919733500,0,0,256,1,1,65536,1,1
"KERNEL_DISPATCH",4,2,21,"void dequantize_block_iq3_s<__half>(void const*, __half*)",1369,17052919754686,17052919889356,0,0,32,1,1,1310720,1,1
"KERNEL_DISPATCH",4,2,61,"void convert_unary<float, __half>(void const*, __half*, long, long, long, HIP_vector_type<unsigned int, 3u>, long, long, long)",1370,17052919889356,17052919908319,0,0,256,1,1,655360,1,1
"KERNEL_DISPATCH",4,2,78,"void tile_fp16_gemm<128, 64, 4, 8, 32>(__half const*, __half const*, float*, float*, int, int, long)",1371,17052919908319,17052920363441,0,25088,256,1,1,8192,1,8
"KERNEL_DISPATCH",4,2,79,"tile_fp16_reduce(float const*, float*, int, int)",1372,17052920363441,17052920396183,0,0,256,1,1,65536,1,1
"KERNEL_DISPATCH",4,2,21,"void dequantize_block_iq3_s<__half>(void const*, __half*)",1373,17052920418406,17052920566113,0,0,32,1,1,1310720,1,1
"KERNEL_DISPATCH",4,2,61,"void convert_unary<float, __half>(void const*, __half*, long, long, long, HIP_vector_type<unsigned int, 3u>, long, long, long)",1374,17052920566113,17052920585965,0,0,256,1,1,655360,1,1
"KERNEL_DISPATCH",4,2,78,"void tile_fp16_gemm<128, 64, 4, 8, 32>(__half const*, __half const*, float*, float*, int, int, long)",1375,17052920585965,17052921026865,0,25088,256,1,1,8192,1,8
"KERNEL_DISPATCH",4,2,79,"tile_fp16_reduce(float const*, float*, int, int)",1376,17052921026865,17052921059606,0,0,256,1,1,65536,1,1
"KERNEL_DISPATCH",4,2,21,"void dequantize_block_iq3_s<__half>(void const*, __half*)",1377,17052921081533,17052921229240,0,0,32,1,1,1310720,1,1
"KERNEL_DISPATCH",4,2,61,"void convert_unary<float, __half>(void const*, __half*, long, long, long, HIP_vector_type<unsigned int, 3u>, long, long, long)",1378,17052921229240,17052921248796,0,0,256,1,1,655360,1,1
"KERNEL_DISPATCH",4,2,78,"void tile_fp16_gemm<128, 64, 4, 8, 32>(__half const*, __half const*, float*, float*, int, int, long)",1379,17052921248796,17052921689844,0,25088,256,1,1,8192,1,8
"KERNEL_DISPATCH",4,2,79,"tile_fp16_reduce(float const*, float*, int, int)",1380,17052921689844,17052921721993,0,0,256,1,1,65536,1,1
"KERNEL_DISPATCH",4,2,21,"void dequantize_block_iq3_s<__half>(void const*, __half*)",1381,17052921744364,17052921892219,0,0,32,1,1,1310720,1,1
"KERNEL_DISPATCH",4,2,61,"void convert_unary<float, __half>(void const*, __half*, long, long, long, HIP_vector_type<unsigned int, 3u>, long, long, long)",1382,17052921892219,17052921911923,0,0,256,1,1,655360,1,1
"KERNEL_DISPATCH",4,2,78,"void tile_fp16_gemm<128, 64, 4, 8, 32>(__half const*, __half const*, float*, float*, int, int, long)",1383,17052921911923,17052922354305,0,25088,256,1,1,8192,1,8
"KERNEL_DISPATCH",4,2,79,"tile_fp16_reduce(float const*, float*, int, int)",1384,17052922354305,17052922386750,0,0,256,1,1,65536,1,1
"KERNEL_DISPATCH",4,2,21,"void dequantize_block_iq3_s<__half>(void const*, __half*)",1385,17052922408676,17052922556087,0,0,32,1,1,1310720,1,1
"KERNEL_DISPATCH",4,2,61,"void convert_unary<float, __half>(void const*, __half*, long, long, long, HIP_vector_type<unsigned int, 3u>, long, long, long)",1386,17052922556087,17052922575495,0,0,256,1,1,655360,1,1
"KERNEL_DISPATCH",4,2,78,"void tile_fp16_gemm<128, 64, 4, 8, 32>(__half const*, __half const*, float*, float*, int, int, long)",1387,17052922575495,17052923018617,0,25088,256,1,1,8192,1,8
"KERNEL_DISPATCH",4,2,79,"tile_fp16_reduce(float const*, float*, int, int)",1388,17052923018617,17052923047951,0,0,256,1,1,65536,1,1
"KERNEL_DISPATCH",4,2,21,"void dequantize_block_iq3_s<__half>(void const*, __half*)",1389,17052923068248,17052923200547,0,0,32,1,1,1310720,1,1
"KERNEL_DISPATCH",4,2,61,"void convert_unary<float, __half>(void const*, __half*, long, long, long, HIP_vector_type<unsigned int, 3u>, long, long, long)",1390,17052923200547,17052923218474,0,0,256,1,1,655360,1,1
"KERNEL_DISPATCH",4,2,78,"void tile_fp16_gemm<128, 64, 4, 8, 32>(__half const*, __half const*, float*, float*, int, int, long)",1391,17052923218474,17052923633002,0,25088,256,1,1,8192,1,8
"KERNEL_DISPATCH",4,2,79,"tile_fp16_reduce(float const*, float*, int, int)",1392,17052923633002,17052923662040,0,0,256,1,1,65536,1,1
"KERNEL_DISPATCH",4,2,21,"void dequantize_block_iq3_s<__half>(void const*, __half*)",1393,17052923682633,17052923814933,0,0,32,1,1,1310720,1,1
"KERNEL_DISPATCH",4,2,61,"void convert_unary<float, __half>(void const*, __half*, long, long, long, HIP_vector_type<unsigned int, 3u>, long, long, long)",1394,17052923814933,17052923832415,0,0,256,1,1,655360,1,1
"KERNEL_DISPATCH",4,2,78,"void tile_fp16_gemm<128, 64, 4, 8, 32>(__half const*, __half const*, float*, float*, int, int, long)",1395,17052923832415,17052924247091,0,25088,256,1,1,8192,1,8
"KERNEL_DISPATCH",4,2,79,"tile_fp16_reduce(float const*, float*, int, int)",1396,17052924247091,17052924276129,0,0,256,1,1,65536,1,1
"KERNEL_DISPATCH",4,2,21,"void dequantize_block_iq3_s<__half>(void const*, __half*)",1397,17052924296426,17052924428429,0,0,32,1,1,1310720,1,1
"KERNEL_DISPATCH",4,2,61,"void convert_unary<float, __half>(void const*, __half*, long, long, long, HIP_vector_type<unsigned int, 3u>, long, long, long)",1398,17052924428429,17052924445763,0,0,256,1,1,655360,1,1
"KERNEL_DISPATCH",4,2,78,"void tile_fp16_gemm<128, 64, 4, 8, 32>(__half const*, __half const*, float*, float*, int, int, long)",1399,17052924445763,17052924866810,0,25088,256,1,1,8192,1,8
"KERNEL_DISPATCH",4,2,79,"tile_fp16_reduce(float const*, float*, int, int)",1400,17052924866810,17052924895700,0,0,256,1,1,65536,1,1
"KERNEL_DISPATCH",4,2,21,"void dequantize_block_iq3_s<__half>(void const*, __half*)",1401,17052924917626,17052925070963,0,0,32,1,1,1310720,1,1
"KERNEL_DISPATCH",4,2,61,"void convert_unary<float, __half>(void const*, __half*, long, long, long, HIP_vector_type<unsigned int, 3u>, long, long, long)",1402,17052925070963,17052925090964,0,0,256,1,1,655360,1,1
"KERNEL_DISPATCH",4,2,78,"void tile_fp16_gemm<128, 64, 4, 8, 32>(__half const*, __half const*, float*, float*, int, int, long)",1403,17052925090964,17052925530382,0,25088,256,1,1,8192,1,8
"KERNEL_DISPATCH",4,2,79,"tile_fp16_reduce(float const*, float*, int, int)",1404,17052925530382,17052925562827,0,0,256,1,1,65536,1,1
"KERNEL_DISPATCH",4,2,21,"void dequantize_block_iq3_s<__half>(void const*, __half*)",1405,17052925584902,17052925732609,0,0,32,1,1,1310720,1,1
"KERNEL_DISPATCH",4,2,61,"void convert_unary<float, __half>(void const*, __half*, long, long, long, HIP_vector_type<unsigned int, 3u>, long, long, long)",1406,17052925732609,17052925752165,0,0,256,1,1,655360,1,1
"KERNEL_DISPATCH",4,2,78,"void tile_fp16_gemm<128, 64, 4, 8, 32>(__half const*, __half const*, float*, float*, int, int, long)",1407,17052925752165,17052926191583,0,25088,256,1,1,8192,1,8
"KERNEL_DISPATCH",4,2,79,"tile_fp16_reduce(float const*, float*, int, int)",1408,17052926191583,17052926220621,0,0,256,1,1,65536,1,1
"KERNEL_DISPATCH",4,2,21,"void dequantize_block_iq3_s<__half>(void const*, __half*)",1409,17052926241214,17052926373513,0,0,32,1,1,1310720,1,1
"KERNEL_DISPATCH",4,2,61,"void convert_unary<float, __half>(void const*, __half*, long, long, long, HIP_vector_type<unsigned int, 3u>, long, long, long)",1410,17052926373513,17052926391143,0,0,256,1,1,655360,1,1
"KERNEL_DISPATCH",4,2,78,"void tile_fp16_gemm<128, 64, 4, 8, 32>(__half const*, __half const*, float*, float*, int, int, long)",1411,17052926391143,17052926810561,0,25088,256,1,1,8192,1,8
"KERNEL_DISPATCH",4,2,79,"tile_fp16_reduce(float const*, float*, int, int)",1412,17052926810561,17052926839747,0,0,256,1,1,65536,1,1
"KERNEL_DISPATCH",4,2,21,"void dequantize_block_iq3_s<__half>(void const*, __half*)",1413,17052926859896,17052927014122,0,0,32,1,1,1310720,1,1
"KERNEL_DISPATCH",4,2,61,"void convert_unary<float, __half>(void const*, __half*, long, long, long, HIP_vector_type<unsigned int, 3u>, long, long, long)",1414,17052927014122,17052927033826,0,0,256,1,1,655360,1,1
"KERNEL_DISPATCH",4,2,78,"void tile_fp16_gemm<128, 64, 4, 8, 32>(__half const*, __half const*, float*, float*, int, int, long)",1415,17052927033826,17052927478725,0,25088,256,1,1,8192,1,8
"KERNEL_DISPATCH",4,2,79,"tile_fp16_reduce(float const*, float*, int, int)",1416,17052927478725,17052927511319,0,0,256,1,1,65536,1,1
"KERNEL_DISPATCH",4,2,21,"void dequantize_block_iq3_s<__half>(void const*, __half*)",1417,17052927533097,17052927680508,0,0,32,1,1,1310720,1,1
"KERNEL_DISPATCH",4,2,61,"void convert_unary<float, __half>(void const*, __half*, long, long, long, HIP_vector_type<unsigned int, 3u>, long, long, long)",1418,17052927680508,17052927700064,0,0,256,1,1,655360,1,1
"KERNEL_DISPATCH",4,2,78,"void tile_fp16_gemm<128, 64, 4, 8, 32>(__half const*, __half const*, float*, float*, int, int, long)",1419,17052927700064,17052928136075,0,25088,256,1,1,8192,1,8
"KERNEL_DISPATCH",4,2,79,"tile_fp16_reduce(float const*, float*, int, int)",1420,17052928136075,17052928165113,0,0,256,1,1,65536,1,1
"KERNEL_DISPATCH",4,2,21,"void dequantize_block_iq3_s<__half>(void const*, __half*)",1421,17052928185557,17052928317709,0,0,32,1,1,1310720,1,1
"KERNEL_DISPATCH",4,2,61,"void convert_unary<float, __half>(void const*, __half*, long, long, long, HIP_vector_type<unsigned int, 3u>, long, long, long)",1422,17052928317709,17052928335635,0,0,256,1,1,655360,1,1
"KERNEL_DISPATCH",4,2,78,"void tile_fp16_gemm<128, 64, 4, 8, 32>(__half const*, __half const*, float*, float*, int, int, long)",1423,17052928335635,17052928754312,0,25088,256,1,1,8192,1,8
"KERNEL_DISPATCH",4,2,79,"tile_fp16_reduce(float const*, float*, int, int)",1424,17052928754312,17052928783350,0,0,256,1,1,65536,1,1
"KERNEL_DISPATCH",4,2,21,"void dequantize_block_iq3_s<__half>(void const*, __half*)",1425,17052928804091,17052928951502,0,0,32,1,1,1310720,1,1
"KERNEL_DISPATCH",4,2,61,"void convert_unary<float, __half>(void const*, __half*, long, long, long, HIP_vector_type<unsigned int, 3u>, long, long, long)",1426,17052928951502,17052928971354,0,0,256,1,1,655360,1,1
"KERNEL_DISPATCH",4,2,78,"void tile_fp16_gemm<128, 64, 4, 8, 32>(__half const*, __half const*, float*, float*, int, int, long)",1427,17052928971354,17052929411069,0,25088,256,1,1,8192,1,8
"KERNEL_DISPATCH",4,2,79,"tile_fp16_reduce(float const*, float*, int, int)",1428,17052929411069,17052929443366,0,0,256,1,1,65536,1,1
"KERNEL_DISPATCH",4,2,21,"void dequantize_block_iq3_s<__half>(void const*, __half*)",1429,17052929465589,17052929613296,0,0,32,1,1,1310720,1,1
"KERNEL_DISPATCH",4,2,61,"void convert_unary<float, __half>(void const*, __half*, long, long, long, HIP_vector_type<unsigned int, 3u>, long, long, long)",1430,17052929613296,17052929633148,0,0,256,1,1,655360,1,1
"KERNEL_DISPATCH",4,2,78,"void tile_fp16_gemm<128, 64, 4, 8, 32>(__half const*, __half const*, float*, float*, int, int, long)",1431,17052929633148,17052930072715,0,25088,256,1,1,8192,1,8
"KERNEL_DISPATCH",4,2,79,"tile_fp16_reduce(float const*, float*, int, int)",1432,17052930072715,17052930105012,0,0,256,1,1,65536,1,1
"KERNEL_DISPATCH",4,2,21,"void dequantize_block_iq3_s<__half>(void const*, __half*)",1433,17052930127086,17052930275238,0,0,32,1,1,1310720,1,1
"KERNEL_DISPATCH",4,2,61,"void convert_unary<float, __half>(void const*, __half*, long, long, long, HIP_vector_type<unsigned int, 3u>, long, long, long)",1434,17052930275238,17052930294942,0,0,256,1,1,655360,1,1
"KERNEL_DISPATCH",4,2,78,"void tile_fp16_gemm<128, 64, 4, 8, 32>(__half const*, __half const*, float*, float*, int, int, long)",1435,17052930294942,17052930735694,0,25088,256,1,1,8192,1,8
"KERNEL_DISPATCH",4,2,79,"tile_fp16_reduce(float const*, float*, int, int)",1436,17052930735694,17052930767991,0,0,256,1,1,65536,1,1
"KERNEL_DISPATCH",4,2,21,"void dequantize_block_iq3_s<__half>(void const*, __half*)",1437,17052930790213,17052930938069,0,0,32,1,1,1310720,1,1
"KERNEL_DISPATCH",4,2,61,"void convert_unary<float, __half>(void const*, __half*, long, long, long, HIP_vector_type<unsigned int, 3u>, long, long, long)",1438,17052930938069,17052930957625,0,0,256,1,1,655360,1,1
"KERNEL_DISPATCH",4,2,78,"void tile_fp16_gemm<128, 64, 4, 8, 32>(__half const*, __half const*, float*, float*, int, int, long)",1439,17052930957625,17052931401488,0,25088,256,1,1,8192,1,8
"KERNEL_DISPATCH",4,2,79,"tile_fp16_reduce(float const*, float*, int, int)",1440,17052931401488,17052931433785,0,0,256,1,1,65536,1,1
"KERNEL_DISPATCH",4,2,21,"void dequantize_block_iq3_s<__half>(void const*, __half*)",1441,17052931455711,17052931603122,0,0,32,1,1,1310720,1,1
"KERNEL_DISPATCH",4,2,61,"void convert_unary<float, __half>(void const*, __half*, long, long, long, HIP_vector_type<unsigned int, 3u>, long, long, long)",1442,17052931603122,17052931622826,0,0,256,1,1,655360,1,1
"KERNEL_DISPATCH",4,2,78,"void tile_fp16_gemm<128, 64, 4, 8, 32>(__half const*, __half const*, float*, float*, int, int, long)",1443,17052931622826,17052932062244,0,25088,256,1,1,8192,1,8
"KERNEL_DISPATCH",4,2,79,"tile_fp16_reduce(float const*, float*, int, int)",1444,17052932062244,17052932090986,0,0,256,1,1,65536,1,1
"KERNEL_DISPATCH",4,2,21,"void dequantize_block_iq3_s<__half>(void const*, __half*)",1445,17052932111727,17052932244027,0,0,32,1,1,1310720,1,1
"KERNEL_DISPATCH",4,2,61,"void convert_unary<float, __half>(void const*, __half*, long, long, long, HIP_vector_type<unsigned int, 3u>, long, long, long)",1446,17052932244027,17052932261805,0,0,256,1,1,655360,1,1
"KERNEL_DISPATCH",4,2,78,"void tile_fp16_gemm<128, 64, 4, 8, 32>(__half const*, __half const*, float*, float*, int, int, long)",1447,17052932261805,17052932676185,0,25088,256,1,1,8192,1,8
"KERNEL_DISPATCH",4,2,79,"tile_fp16_reduce(float const*, float*, int, int)",1448,17052932676185,17052932705223,0,0,256,1,1,65536,1,1
"KERNEL_DISPATCH",4,2,21,"void dequantize_block_iq3_s<__half>(void const*, __half*)",1449,17052932725520,17052932857819,0,0,32,1,1,1310720,1,1
"KERNEL_DISPATCH",4,2,61,"void convert_unary<float, __half>(void const*, __half*, long, long, long, HIP_vector_type<unsigned int, 3u>, long, long, long)",1450,17052932857819,17052932876190,0,0,256,1,1,655360,1,1
"KERNEL_DISPATCH",4,2,78,"void tile_fp16_gemm<128, 64, 4, 8, 32>(__half const*, __half const*, float*, float*, int, int, long)",1451,17052932876190,17052933327164,0,25088,256,1,1,8192,1,8
"KERNEL_DISPATCH",4,2,79,"tile_fp16_reduce(float const*, float*, int, int)",1452,17052933327164,17052933359757,0,0,256,1,1,65536,1,1
"KERNEL_DISPATCH",4,2,21,"void dequantize_block_iq3_s<__half>(void const*, __half*)",1453,17052933381239,17052933528502,0,0,32,1,1,1310720,1,1
"KERNEL_DISPATCH",4,2,61,"void convert_unary<float, __half>(void const*, __half*, long, long, long, HIP_vector_type<unsigned int, 3u>, long, long, long)",1454,17052933528502,17052933548058,0,0,256,1,1,655360,1,1
"KERNEL_DISPATCH",4,2,78,"void tile_fp16_gemm<128, 64, 4, 8, 32>(__half const*, __half const*, float*, float*, int, int, long)",1455,17052933548058,17052934000662,0,25088,256,1,1,8192,1,8
"KERNEL_DISPATCH",4,2,79,"tile_fp16_reduce(float const*, float*, int, int)",1456,17052934000662,17052934048219,0,0,256,1,1,65536,1,1
"KERNEL_DISPATCH",4,2,21,"void dequantize_block_iq3_s<__half>(void const*, __half*)",1457,17052934073553,17052934243334,0,0,32,1,1,1310720,1,1
"KERNEL_DISPATCH",4,2,61,"void convert_unary<float, __half>(void const*, __half*, long, long, long, HIP_vector_type<unsigned int, 3u>, long, long, long)",1458,17052934243334,17052934270150,0,0,256,1,1,655360,1,1
"KERNEL_DISPATCH",4,2,78,"void tile_fp16_gemm<128, 64, 4, 8, 32>(__half const*, __half const*, float*, float*, int, int, long)",1459,17052934270150,17052934820682,0,25088,256,1,1,8192,1,8
"KERNEL_DISPATCH",4,2,79,"tile_fp16_reduce(float const*, float*, int, int)",1460,17052934820682,17052934868535,0,0,256,1,1,65536,1,1
"KERNEL_DISPATCH",4,2,21,"void dequantize_block_iq3_s<__half>(void const*, __half*)",1461,17052934894017,17052935063503,0,0,32,1,1,1310720,1,1
"KERNEL_DISPATCH",4,2,61,"void convert_unary<float, __half>(void const*, __half*, long, long, long, HIP_vector_type<unsigned int, 3u>, long, long, long)",1462,17052935063503,17052935089874,0,0,256,1,1,655360,1,1
"KERNEL_DISPATCH",4,2,78,"void tile_fp16_gemm<128, 64, 4, 8, 32>(__half const*, __half const*, float*, float*, int, int, long)",1463,17052935089874,17052935645294,0,25088,256,1,1,8192,1,8
"KERNEL_DISPATCH",4,2,79,"tile_fp16_reduce(float const*, float*, int, int)",1464,17052935645294,17052935693740,0,0,256,1,1,65536,1,1
"KERNEL_DISPATCH",4,2,21,"void dequantize_block_iq3_s<__half>(void const*, __half*)",1465,17052935720852,17052935890782,0,0,32,1,1,1310720,1,1
"KERNEL_DISPATCH",4,2,61,"void convert_unary<float, __half>(void const*, __half*, long, long, long, HIP_vector_type<unsigned int, 3u>, long, long, long)",1466,17052935890782,17052935917597,0,0,256,1,1,655360,1,1
"KERNEL_DISPATCH",4,2,78,"void tile_fp16_gemm<128, 64, 4, 8, 32>(__half const*, __half const*, float*, float*, int, int, long)",1467,17052935917597,17052936382201,0,25088,256,1,1,8192,1,8
"KERNEL_DISPATCH",4,2,79,"tile_fp16_reduce(float const*, float*, int, int)",1468,17052936382201,17052936415684,0,0,256,1,1,65536,1,1
"KERNEL_DISPATCH",4,2,21,"void dequantize_block_iq3_s<__half>(void const*, __half*)",1469,17052936438351,17052936585910,0,0,32,1,1,1310720,1,1
"KERNEL_DISPATCH",4,2,61,"void convert_unary<float, __half>(void const*, __half*, long, long, long, HIP_vector_type<unsigned int, 3u>, long, long, long)",1470,17052936585910,17052936605466,0,0,256,1,1,655360,1,1
"KERNEL_DISPATCH",4,2,78,"void tile_fp16_gemm<128, 64, 4, 8, 32>(__half const*, __half const*, float*, float*, int, int, long)",1471,17052936605466,17052937047847,0,25088,256,1,1,8192,1,8
"KERNEL_DISPATCH",4,2,79,"tile_fp16_reduce(float const*, float*, int, int)",1472,17052937047847,17052937076589,0,0,256,1,1,65536,1,1
"KERNEL_DISPATCH",4,2,21,"void dequantize_block_iq3_s<__half>(void const*, __half*)",1473,17052937097626,17052937230074,0,0,32,1,1,1310720,1,1
"KERNEL_DISPATCH",4,2,61,"void convert_unary<float, __half>(void const*, __half*, long, long, long, HIP_vector_type<unsigned int, 3u>, long, long, long)",1474,17052937230074,17052937247704,0,0,256,1,1,655360,1,1
"KERNEL_DISPATCH",4,2,78,"void tile_fp16_gemm<128, 64, 4, 8, 32>(__half const*, __half const*, float*, float*, int, int, long)",1475,17052937247704,17052937661195,0,25088,256,1,1,8192,1,8
"KERNEL_DISPATCH",4,2,79,"tile_fp16_reduce(float const*, float*, int, int)",1476,17052937661195,17052937690233,0,0,256,1,1,65536,1,1
"KERNEL_DISPATCH",4,2,21,"void dequantize_block_iq3_s<__half>(void const*, __half*)",1477,17052937710826,17052937843422,0,0,32,1,1,1310720,1,1
"KERNEL_DISPATCH",4,2,61,"void convert_unary<float, __half>(void const*, __half*, long, long, long, HIP_vector_type<unsigned int, 3u>, long, long, long)",1478,17052937843422,17052937860904,0,0,256,1,1,655360,1,1
"KERNEL_DISPATCH",4,2,78,"void tile_fp16_gemm<128, 64, 4, 8, 32>(__half const*, __half const*, float*, float*, int, int, long)",1479,17052937860904,17052938314693,0,25088,256,1,1,8192,1,8
"KERNEL_DISPATCH",4,2,79,"tile_fp16_reduce(float const*, float*, int, int)",1480,17052938314693,17052938347434,0,0,256,1,1,65536,1,1
"KERNEL_DISPATCH",4,2,21,"void dequantize_block_iq3_s<__half>(void const*, __half*)",1481,17052938369064,17052938516624,0,0,32,1,1,1310720,1,1
"KERNEL_DISPATCH",4,2,61,"void convert_unary<float, __half>(void const*, __half*, long, long, long, HIP_vector_type<unsigned int, 3u>, long, long, long)",1482,17052938516624,17052938536328,0,0,256,1,1,655360,1,1
"KERNEL_DISPATCH",4,2,78,"void tile_fp16_gemm<128, 64, 4, 8, 32>(__half const*, __half const*, float*, float*, int, int, long)",1483,17052938536328,17052938988339,0,25088,256,1,1,8192,1,8
"KERNEL_DISPATCH",4,2,79,"tile_fp16_reduce(float const*, float*, int, int)",1484,17052938988339,17052939047007,0,0,256,1,1,65536,1,1
"KERNEL_DISPATCH",4,2,21,"void dequantize_block_iq3_s<__half>(void const*, __half*)",1485,17052939072044,17052939241678,0,0,32,1,1,1310720,1,1
"KERNEL_DISPATCH",4,2,61,"void convert_unary<float, __half>(void const*, __half*, long, long, long, HIP_vector_type<unsigned int, 3u>, long, long, long)",1486,17052939241678,17052939268197,0,0,256,1,1,655360,1,1
"KERNEL_DISPATCH",4,2,78,"void tile_fp16_gemm<128, 64, 4, 8, 32>(__half const*, __half const*, float*, float*, int, int, long)",1487,17052939268197,17052939824952,0,25088,256,1,1,8192,1,8
"KERNEL_DISPATCH",4,2,79,"tile_fp16_reduce(float const*, float*, int, int)",1488,17052939824952,17052939873694,0,0,256,1,1,65536,1,1
"KERNEL_DISPATCH",4,2,21,"void dequantize_block_iq3_s<__half>(void const*, __half*)",1489,17052939899176,17052940068809,0,0,32,1,1,1310720,1,1
"KERNEL_DISPATCH",4,2,61,"void convert_unary<float, __half>(void const*, __half*, long, long, long, HIP_vector_type<unsigned int, 3u>, long, long, long)",1490,17052940068809,17052940095032,0,0,256,1,1,655360,1,1
"KERNEL_DISPATCH",4,2,78,"void tile_fp16_gemm<128, 64, 4, 8, 32>(__half const*, __half const*, float*, float*, int, int, long)",1491,17052940095032,17052940656824,0,25088,256,1,1,8192,1,8
"KERNEL_DISPATCH",4,2,79,"tile_fp16_reduce(float const*, float*, int, int)",1492,17052940656824,17052940705121,0,0,256,1,1,65536,1,1
"KERNEL_DISPATCH",4,2,21,"void dequantize_block_iq3_s<__half>(void const*, __half*)",1493,17052940730900,17052940899941,0,0,32,1,1,1310720,1,1
"KERNEL_DISPATCH",4,2,61,"void convert_unary<float, __half>(void const*, __half*, long, long, long, HIP_vector_type<unsigned int, 3u>, long, long, long)",1494,17052940899941,17052940925719,0,0,256,1,1,655360,1,1
"KERNEL_DISPATCH",4,2,78,"void tile_fp16_gemm<128, 64, 4, 8, 32>(__half const*, __half const*, float*, float*, int, int, long)",1495,17052940925719,17052941387508,0,25088,256,1,1,8192,1,8
"KERNEL_DISPATCH",4,2,79,"tile_fp16_reduce(float const*, float*, int, int)",1496,17052941387508,17052941420250,0,0,256,1,1,65536,1,1
"KERNEL_DISPATCH",4,2,21,"void dequantize_block_iq3_s<__half>(void const*, __half*)",1497,17052941442621,17052941590180,0,0,32,1,1,1310720,1,1
"KERNEL_DISPATCH",4,2,61,"void convert_unary<float, __half>(void const*, __half*, long, long, long, HIP_vector_type<unsigned int, 3u>, long, long, long)",1498,17052941590180,17052941609736,0,0,256,1,1,655360,1,1
"KERNEL_DISPATCH",4,2,78,"void tile_fp16_gemm<128, 64, 4, 8, 32>(__half const*, __half const*, float*, float*, int, int, long)",1499,17052941609736,17052942051228,0,25088,256,1,1,8192,1,8
"KERNEL_DISPATCH",4,2,79,"tile_fp16_reduce(float const*, float*, int, int)",1500,17052942051228,17052942079821,0,0,256,1,1,65536,1,1
"KERNEL_DISPATCH",4,2,21,"void dequantize_block_iq3_s<__half>(void const*, __half*)",1501,17052942100563,17052942232566,0,0,32,1,1,1310720,1,1
"KERNEL_DISPATCH",4,2,61,"void convert_unary<float, __half>(void const*, __half*, long, long, long, HIP_vector_type<unsigned int, 3u>, long, long, long)",1502,17052942232566,17052942250196,0,0,256,1,1,655360,1,1
"KERNEL_DISPATCH",4,2,78,"void tile_fp16_gemm<128, 64, 4, 8, 32>(__half const*, __half const*, float*, float*, int, int, long)",1503,17052942250196,17052942666799,0,25088,256,1,1,8192,1,8
"KERNEL_DISPATCH",4,2,79,"tile_fp16_reduce(float const*, float*, int, int)",1504,17052942666799,17052942695540,0,0,256,1,1,65536,1,1
"KERNEL_DISPATCH",4,2,21,"void dequantize_block_iq3_s<__half>(void const*, __half*)",1505,17052942716133,17052942848433,0,0,32,1,1,1310720,1,1
"KERNEL_DISPATCH",4,2,61,"void convert_unary<float, __half>(void const*, __half*, long, long, long, HIP_vector_type<unsigned int, 3u>, long, long, long)",1506,17052942848433,17052942866211,0,0,256,1,1,655360,1,1
"KERNEL_DISPATCH",4,2,78,"void tile_fp16_gemm<128, 64, 4, 8, 32>(__half const*, __half const*, float*, float*, int, int, long)",1507,17052942866211,17052943285036,0,25088,256,1,1,8192,1,8
"KERNEL_DISPATCH",4,2,79,"tile_fp16_reduce(float const*, float*, int, int)",1508,17052943285036,17052943313925,0,0,256,1,1,65536,1,1
"KERNEL_DISPATCH",4,2,21,"void dequantize_block_iq3_s<__half>(void const*, __half*)",1509,17052943334667,17052943466818,0,0,32,1,1,1310720,1,1
"KERNEL_DISPATCH",4,2,61,"void convert_unary<float, __half>(void const*, __half*, long, long, long, HIP_vector_type<unsigned int, 3u>, long, long, long)",1510,17052943466818,17052943484300,0,0,256,1,1,655360,1,1
"KERNEL_DISPATCH",4,2,78,"void tile_fp16_gemm<128, 64, 4, 8, 32>(__half const*, __half const*, float*, float*, int, int, long)",1511,17052943484300,17052943904014,0,25088,256,1,1,8192,1,8
"KERNEL_DISPATCH",4,2,79,"tile_fp16_reduce(float const*, float*, int, int)",1512,17052943904014,17052943945200,0,0,256,1,1,65536,1,1
"KERNEL_DISPATCH",4,2,21,"void dequantize_block_iq3_s<__half>(void const*, __half*)",1513,17057668882051,17057669131391,0,0,32,1,1,2621440,1,1
"KERNEL_DISPATCH",4,2,61,"void convert_unary<float, __half>(void const*, __half*, long, long, long, HIP_vector_type<unsigned int, 3u>, long, long, long)",1514,17057669131391,17057669150353,0,0,256,1,1,655360,1,1
"KERNEL_DISPATCH",4,2,78,"void tile_fp16_gemm<128, 64, 4, 8, 32>(__half const*, __half const*, float*, float*, int, int, long)",1515,17057669150353,17057669979114,0,25088,256,1,1,16384,1,4
"KERNEL_DISPATCH",4,2,79,"tile_fp16_reduce(float const*, float*, int, int)",1516,17057669979114,17057670037930,0,0,256,1,1,131072,1,1
"KERNEL_DISPATCH",4,2,21,"void dequantize_block_iq3_s<__half>(void const*, __half*)",1517,17057670086079,17057670332456,0,0,32,1,1,2621440,1,1
"KERNEL_DISPATCH",4,2,61,"void convert_unary<float, __half>(void const*, __half*, long, long, long, HIP_vector_type<unsigned int, 3u>, long, long, long)",1518,17057670332456,17057670349197,0,0,256,1,1,655360,1,1
"KERNEL_DISPATCH",4,2,78,"void tile_fp16_gemm<128, 64, 4, 8, 32>(__half const*, __half const*, float*, float*, int, int, long)",1519,17057670349197,17057671196773,0,25088,256,1,1,16384,1,4
"KERNEL_DISPATCH",4,2,79,"tile_fp16_reduce(float const*, float*, int, int)",1520,17057671196773,17057671255589,0,0,256,1,1,131072,1,1
"KERNEL_DISPATCH",4,2,21,"void dequantize_block_iq3_s<__half>(void const*, __half*)",1521,17057671276923,17057671523300,0,0,32,1,1,2621440,1,1
"KERNEL_DISPATCH",4,2,61,"void convert_unary<float, __half>(void const*, __half*, long, long, long, HIP_vector_type<unsigned int, 3u>, long, long, long)",1522,17057671523300,17057671540485,0,0,256,1,1,655360,1,1
"KERNEL_DISPATCH",4,2,78,"void tile_fp16_gemm<128, 64, 4, 8, 32>(__half const*, __half const*, float*, float*, int, int, long)",1523,17057671540485,17057672376506,0,25088,256,1,1,16384,1,4
"KERNEL_DISPATCH",4,2,79,"tile_fp16_reduce(float const*, float*, int, int)",1524,17057672376506,17057672438137,0,0,256,1,1,131072,1,1
"KERNEL_DISPATCH",4,2,21,"void dequantize_block_iq3_s<__half>(void const*, __half*)",1525,17057672460211,17057672722292,0,0,32,1,1,2621440,1,1
"KERNEL_DISPATCH",4,2,61,"void convert_unary<float, __half>(void const*, __half*, long, long, long, HIP_vector_type<unsigned int, 3u>, long, long, long)",1526,17057672722292,17057672739774,0,0,256,1,1,655360,1,1
"KERNEL_DISPATCH",4,2,78,"void tile_fp16_gemm<128, 64, 4, 8, 32>(__half const*, __half const*, float*, float*, int, int, long)",1527,17057672739774,17057673605721,0,25088,256,1,1,16384,1,4
"KERNEL_DISPATCH",4,2,79,"tile_fp16_reduce(float const*, float*, int, int)",1528,17057673605721,17057673674315,0,0,256,1,1,131072,1,1
"KERNEL_DISPATCH",4,2,21,"void dequantize_block_iq3_s<__half>(void const*, __half*)",1529,17057673697575,17057673989582,0,0,32,1,1,2621440,1,1
"KERNEL_DISPATCH",4,2,61,"void convert_unary<float, __half>(void const*, __half*, long, long, long, HIP_vector_type<unsigned int, 3u>, long, long, long)",1530,17057673989582,17057674009286,0,0,256,1,1,655360,1,1
"KERNEL_DISPATCH",4,2,78,"void tile_fp16_gemm<128, 64, 4, 8, 32>(__half const*, __half const*, float*, float*, int, int, long)",1531,17057674009286,17057674930938,0,25088,256,1,1,16384,1,4
"KERNEL_DISPATCH",4,2,79,"tile_fp16_reduce(float const*, float*, int, int)",1532,17057674930938,17057674999977,0,0,256,1,1,131072,1,1
"KERNEL_DISPATCH",4,2,21,"void dequantize_block_iq3_s<__half>(void const*, __half*)",1533,17057675023681,17057675310948,0,0,32,1,1,2621440,1,1
"KERNEL_DISPATCH",4,2,61,"void convert_unary<float, __half>(void const*, __half*, long, long, long, HIP_vector_type<unsigned int, 3u>, long, long, long)",1534,17057675310948,17057675328578,0,0,256,1,1,655360,1,1
"KERNEL_DISPATCH",4,2,78,"void tile_fp16_gemm<128, 64, 4, 8, 32>(__half const*, __half const*, float*, float*, int, int, long)",1535,17057675328578,17057676154820,0,25088,256,1,1,16384,1,4
"KERNEL_DISPATCH",4,2,79,"tile_fp16_reduce(float const*, float*, int, int)",1536,17057676154820,17057676232007,0,0,256,1,1,131072,1,1
"KERNEL_DISPATCH",4,2,21,"void dequantize_block_iq3_s<__half>(void const*, __half*)",1537,17057676254674,17057676546681,0,0,32,1,1,2621440,1,1
"KERNEL_DISPATCH",4,2,61,"void convert_unary<float, __half>(void const*, __half*, long, long, long, HIP_vector_type<unsigned int, 3u>, long, long, long)",1538,17057676546681,17057676566386,0,0,256,1,1,655360,1,1
"KERNEL_DISPATCH",4,2,78,"void tile_fp16_gemm<128, 64, 4, 8, 32>(__half const*, __half const*, float*, float*, int, int, long)",1539,17057676566386,17057677564484,0,25088,256,1,1,16384,1,4
"KERNEL_DISPATCH",4,2,79,"tile_fp16_reduce(float const*, float*, int, int)",1540,17057677564484,17057677642560,0,0,256,1,1,131072,1,1
"KERNEL_DISPATCH",4,2,21,"void dequantize_block_iq3_s<__half>(void const*, __half*)",1541,17057677670709,17057678006272,0,0,32,1,1,2621440,1,1
"KERNEL_DISPATCH",4,2,61,"void convert_unary<float, __half>(void const*, __half*, long, long, long, HIP_vector_type<unsigned int, 3u>, long, long, long)",1542,17057678006272,17057678032643,0,0,256,1,1,655360,1,1
"KERNEL_DISPATCH",4,2,78,"void tile_fp16_gemm<128, 64, 4, 8, 32>(__half const*, __half const*, float*, float*, int, int, long)",1543,17057678032643,17057679032520,0,25088,256,1,1,16384,1,4
"KERNEL_DISPATCH",4,2,79,"tile_fp16_reduce(float const*, float*, int, int)",1544,17057679032520,17057679102003,0,0,256,1,1,131072,1,1
"KERNEL_DISPATCH",4,2,21,"void dequantize_block_iq3_s<__half>(void const*, __half*)",1545,17057679125263,17057679402158,0,0,32,1,1,2621440,1,1
"KERNEL_DISPATCH",4,2,61,"void convert_unary<float, __half>(void const*, __half*, long, long, long, HIP_vector_type<unsigned int, 3u>, long, long, long)",1546,17057679402158,17057679419640,0,0,256,1,1,655360,1,1
"KERNEL_DISPATCH",4,2,78,"void tile_fp16_gemm<128, 64, 4, 8, 32>(__half const*, __half const*, float*, float*, int, int, long)",1547,17057679419640,17057680315958,0,25088,256,1,1,16384,1,4
"KERNEL_DISPATCH",4,2,79,"tile_fp16_reduce(float const*, float*, int, int)",1548,17057680315958,17057680384405,0,0,256,1,1,131072,1,1
"KERNEL_DISPATCH",4,2,21,"void dequantize_block_iq3_s<__half>(void const*, __half*)",1549,17057680407961,17057680700116,0,0,32,1,1,2621440,1,1
"KERNEL_DISPATCH",4,2,61,"void convert_unary<float, __half>(void const*, __half*, long, long, long, HIP_vector_type<unsigned int, 3u>, long, long, long)",1550,17057680700116,17057680719820,0,0,256,1,1,655360,1,1
"KERNEL_DISPATCH",4,2,78,"void tile_fp16_gemm<128, 64, 4, 8, 32>(__half const*, __half const*, float*, float*, int, int, long)",1551,17057680719820,17057681818365,0,25088,256,1,1,16384,1,4
"KERNEL_DISPATCH",4,2,79,"tile_fp16_reduce(float const*, float*, int, int)",1552,17057681818365,17057681867700,0,0,256,1,1,131072,1,1
"KERNEL_DISPATCH",4,2,21,"void dequantize_block_iq3_s<__half>(void const*, __half*)",1553,17057681894219,17057682229635,0,0,32,1,1,2621440,1,1
"KERNEL_DISPATCH",4,2,61,"void convert_unary<float, __half>(void const*, __half*, long, long, long, HIP_vector_type<unsigned int, 3u>, long, long, long)",1554,17057682229635,17057682256006,0,0,256,1,1,655360,1,1
"KERNEL_DISPATCH",4,2,78,"void tile_fp16_gemm<128, 64, 4, 8, 32>(__half const*, __half const*, float*, float*, int, int, long)",1555,17057682256006,17057683209362,0,25088,256,1,1,16384,1,4
"KERNEL_DISPATCH",4,2,79,"tile_fp16_reduce(float const*, float*, int, int)",1556,17057683209362,17057683278253,0,0,256,1,1,131072,1,1
"KERNEL_DISPATCH",4,2,21,"void dequantize_block_iq3_s<__half>(void const*, __half*)",1557,17057683301364,17057683593520,0,0,32,1,1,2621440,1,1
"KERNEL_DISPATCH",4,2,61,"void convert_unary<float, __half>(void const*, __half*, long, long, long, HIP_vector_type<unsigned int, 3u>, long, long, long)",1558,17057683593520,17057683613817,0,0,256,1,1,655360,1,1
"KERNEL_DISPATCH",4,2,78,"void tile_fp16_gemm<128, 64, 4, 8, 32>(__half const*, __half const*, float*, float*, int, int, long)",1559,17057683613817,17057684581248,0,25088,256,1,1,16384,1,4
"KERNEL_DISPATCH",4,2,79,"tile_fp16_reduce(float const*, float*, int, int)",1560,17057684581248,17057684659472,0,0,256,1,1,131072,1,1
"KERNEL_DISPATCH",4,2,21,"void dequantize_block_iq3_s<__half>(void const*, __half*)",1561,17057684687620,17057685022888,0,0,32,1,1,2621440,1,1
"KERNEL_DISPATCH",4,2,61,"void convert_unary<float, __half>(void const*, __half*, long, long, long, HIP_vector_type<unsigned int, 3u>, long, long, long)",1562,17057685022888,17057685051037,0,0,256,1,1,655360,1,1
"KERNEL_DISPATCH",4,2,78,"void tile_fp16_gemm<128, 64, 4, 8, 32>(__half const*, __half const*, float*, float*, int, int, long)",1563,17057685051037,17057686040246,0,25088,256,1,1,16384,1,4
"KERNEL_DISPATCH",4,2,79,"tile_fp16_reduce(float const*, float*, int, int)",1564,17057686040246,17057686108988,0,0,256,1,1,131072,1,1
"KERNEL_DISPATCH",4,2,21,"void dequantize_block_iq3_s<__half>(void const*, __half*)",1565,17057686133433,17057686409292,0,0,32,1,1,2621440,1,1
"KERNEL_DISPATCH",4,2,61,"void convert_unary<float, __half>(void const*, __half*, long, long, long, HIP_vector_type<unsigned int, 3u>, long, long, long)",1566,17057686409292,17057686426922,0,0,256,1,1,655360,1,1
"KERNEL_DISPATCH",4,2,78,"void tile_fp16_gemm<128, 64, 4, 8, 32>(__half const*, __half const*, float*, float*, int, int, long)",1567,17057686426922,17057687284573,0,25088,256,1,1,16384,1,4
"KERNEL_DISPATCH",4,2,79,"tile_fp16_reduce(float const*, float*, int, int)",1568,17057687284573,17057687352426,0,0,256,1,1,131072,1,1
"KERNEL_DISPATCH",4,2,21,"void dequantize_block_iq3_s<__half>(void const*, __half*)",1569,17057687376723,17057687668730,0,0,32,1,1,2621440,1,1
"KERNEL_DISPATCH",4,2,61,"void convert_unary<float, __half>(void const*, __half*, long, long, long, HIP_vector_type<unsigned int, 3u>, long, long, long)",1570,17057687668730,17057687688879,0,0,256,1,1,655360,1,1
"KERNEL_DISPATCH",4,2,78,"void tile_fp16_gemm<128, 64, 4, 8, 32>(__half const*, __half const*, float*, float*, int, int, long)",1571,17057687688879,17057688648458,0,25088,256,1,1,16384,1,4
"KERNEL_DISPATCH",4,2,79,"tile_fp16_reduce(float const*, float*, int, int)",1572,17057688648458,17057688727571,0,0,256,1,1,131072,1,1
"KERNEL_DISPATCH",4,2,21,"void dequantize_block_iq3_s<__half>(void const*, __half*)",1573,17057688757646,17057689093506,0,0,32,1,1,2621440,1,1
"KERNEL_DISPATCH",4,2,61,"void convert_unary<float, __half>(void const*, __half*, long, long, long, HIP_vector_type<unsigned int, 3u>, long, long, long)",1574,17057689093506,17057689119728,0,0,256,1,1,655360,1,1
"KERNEL_DISPATCH",4,2,78,"void tile_fp16_gemm<128, 64, 4, 8, 32>(__half const*, __half const*, float*, float*, int, int, long)",1575,17057689119728,17057690087159,0,25088,256,1,1,16384,1,4
"KERNEL_DISPATCH",4,2,79,"tile_fp16_reduce(float const*, float*, int, int)",1576,17057690087159,17057690155161,0,0,256,1,1,131072,1,1
"KERNEL_DISPATCH",4,2,21,"void dequantize_block_iq3_s<__half>(void const*, __half*)",1577,17057690181977,17057690474428,0,0,32,1,1,2621440,1,1
"KERNEL_DISPATCH",4,2,61,"void convert_unary<float, __half>(void const*, __half*, long, long, long, HIP_vector_type<unsigned int, 3u>, long, long, long)",1578,17057690474428,17057690493984,0,0,256,1,1,655360,1,1
"KERNEL_DISPATCH",4,2,78,"void tile_fp16_gemm<128, 64, 4, 8, 32>(__half const*, __half const*, float*, float*, int, int, long)",1579,17057690493984,17057691387932,0,25088,256,1,1,16384,1,4
"KERNEL_DISPATCH",4,2,79,"tile_fp16_reduce(float const*, float*, int, int)",1580,17057691387932,17057691457119,0,0,256,1,1,131072,1,1
"KERNEL_DISPATCH",4,2,21,"void dequantize_block_iq3_s<__half>(void const*, __half*)",1581,17057691480527,17057691772682,0,0,32,1,1,2621440,1,1
"KERNEL_DISPATCH",4,2,61,"void convert_unary<float, __half>(void const*, __half*, long, long, long, HIP_vector_type<unsigned int, 3u>, long, long, long)",1582,17057691772682,17057691792386,0,0,256,1,1,655360,1,1
"KERNEL_DISPATCH",4,2,78,"void tile_fp16_gemm<128, 64, 4, 8, 32>(__half const*, __half const*, float*, float*, int, int, long)",1583,17057691792386,17057692668259,0,25088,256,1,1,16384,1,4
"KERNEL_DISPATCH",4,2,79,"tile_fp16_reduce(float const*, float*, int, int)",1584,17057692668259,17057692729891,0,0,256,1,1,131072,1,1
"KERNEL_DISPATCH",4,2,21,"void dequantize_block_iq3_s<__half>(void const*, __half*)",1585,17057692752113,17057693013749,0,0,32,1,1,2621440,1,1
"KERNEL_DISPATCH",4,2,61,"void convert_unary<float, __half>(void const*, __half*, long, long, long, HIP_vector_type<unsigned int, 3u>, long, long, long)",1586,17057693013749,17057693031528,0,0,256,1,1,655360,1,1
"KERNEL_DISPATCH",4,2,78,"void tile_fp16_gemm<128, 64, 4, 8, 32>(__half const*, __half const*, float*, float*, int, int, long)",1587,17057693031528,17057693899104,0,25088,256,1,1,16384,1,4
"KERNEL_DISPATCH",4,2,79,"tile_fp16_reduce(float const*, float*, int, int)",1588,17057693899104,17057693960587,0,0,256,1,1,131072,1,1
"KERNEL_DISPATCH",4,2,21,"void dequantize_block_iq3_s<__half>(void const*, __half*)",1589,17057693982069,17057694241038,0,0,32,1,1,2621440,1,1
"KERNEL_DISPATCH",4,2,61,"void convert_unary<float, __half>(void const*, __half*, long, long, long, HIP_vector_type<unsigned int, 3u>, long, long, long)",1590,17057694241038,17057694257780,0,0,256,1,1,655360,1,1
"KERNEL_DISPATCH",4,2,78,"void tile_fp16_gemm<128, 64, 4, 8, 32>(__half const*, __half const*, float*, float*, int, int, long)",1591,17057694257780,17057695099282,0,25088,256,1,1,16384,1,4
"KERNEL_DISPATCH",4,2,79,"tile_fp16_reduce(float const*, float*, int, int)",1592,17057695099282,17057695157653,0,0,256,1,1,131072,1,1
"KERNEL_DISPATCH",4,2,21,"void dequantize_block_iq3_s<__half>(void const*, __half*)",1593,17057695178691,17057695440475,0,0,32,1,1,2621440,1,1
"KERNEL_DISPATCH",4,2,61,"void convert_unary<float, __half>(void const*, __half*, long, long, long, HIP_vector_type<unsigned int, 3u>, long, long, long)",1594,17057695440475,17057695458105,0,0,256,1,1,655360,1,1
"KERNEL_DISPATCH",4,2,78,"void tile_fp16_gemm<128, 64, 4, 8, 32>(__half const*, __half const*, float*, float*, int, int, long)",1595,17057695458105,17057696324645,0,25088,256,1,1,16384,1,4
"KERNEL_DISPATCH",4,2,79,"tile_fp16_reduce(float const*, float*, int, int)",1596,17057696324645,17057696393387,0,0,256,1,1,131072,1,1
"KERNEL_DISPATCH",4,2,21,"void dequantize_block_iq3_s<__half>(void const*, __half*)",1597,17057696415906,17057696707913,0,0,32,1,1,2621440,1,1
"KERNEL_DISPATCH",4,2,61,"void convert_unary<float, __half>(void const*, __half*, long, long, long, HIP_vector_type<unsigned int, 3u>, long, long, long)",1598,17057696707913,17057696727618,0,0,256,1,1,655360,1,1
"KERNEL_DISPATCH",4,2,78,"void tile_fp16_gemm<128, 64, 4, 8, 32>(__half const*, __half const*, float*, float*, int, int, long)",1599,17057696727618,17057697818607,0,25088,256,1,1,16384,1,4
"KERNEL_DISPATCH",4,2,79,"tile_fp16_reduce(float const*, float*, int, int)",1600,17057697818607,17057697868831,0,0,256,1,1,131072,1,1
"KERNEL_DISPATCH",4,2,21,"void dequantize_block_iq3_s<__half>(void const*, __half*)",1601,17057697895498,17057698231062,0,0,32,1,1,2621440,1,1
"KERNEL_DISPATCH",4,2,61,"void convert_unary<float, __half>(void const*, __half*, long, long, long, HIP_vector_type<unsigned int, 3u>, long, long, long)",1602,17057698231062,17057698257729,0,0,256,1,1,655360,1,1
"KERNEL_DISPATCH",4,2,78,"void tile_fp16_gemm<128, 64, 4, 8, 32>(__half const*, __half const*, float*, float*, int, int, long)",1603,17057698257729,17057699169159,0,25088,256,1,1,16384,1,4
"KERNEL_DISPATCH",4,2,79,"tile_fp16_reduce(float const*, float*, int, int)",1604,17057699169159,17057699237457,0,0,256,1,1,131072,1,1
"KERNEL_DISPATCH",4,2,21,"void dequantize_block_iq3_s<__half>(void const*, __half*)",1605,17057699261457,17057699553316,0,0,32,1,1,2621440,1,1
"KERNEL_DISPATCH",4,2,61,"void convert_unary<float, __half>(void const*, __half*, long, long, long, HIP_vector_type<unsigned int, 3u>, long, long, long)",1606,17057699553316,17057699573020,0,0,256,1,1,655360,1,1
"KERNEL_DISPATCH",4,2,78,"void tile_fp16_gemm<128, 64, 4, 8, 32>(__half const*, __half const*, float*, float*, int, int, long)",1607,17057699573020,17057700635268,0,25088,256,1,1,16384,1,4
"KERNEL_DISPATCH",4,2,79,"tile_fp16_reduce(float const*, float*, int, int)",1608,17057700635268,17057700685196,0,0,256,1,1,131072,1,1
"KERNEL_DISPATCH",4,2,21,"void dequantize_block_iq3_s<__half>(void const*, __half*)",1609,17057700711567,17057701047278,0,0,32,1,1,2621440,1,1
"KERNEL_DISPATCH",4,2,61,"void convert_unary<float, __half>(void const*, __half*, long, long, long, HIP_vector_type<unsigned int, 3u>, long, long, long)",1610,17057701047278,17057701073946,0,0,256,1,1,655360,1,1
"KERNEL_DISPATCH",4,2,78,"void tile_fp16_gemm<128, 64, 4, 8, 32>(__half const*, __half const*, float*, float*, int, int, long)",1611,17057701073946,17057702084044,0,25088,256,1,1,16384,1,4
"KERNEL_DISPATCH",4,2,79,"tile_fp16_reduce(float const*, float*, int, int)",1612,17057702084044,17057702152491,0,0,256,1,1,131072,1,1
"KERNEL_DISPATCH",4,2,21,"void dequantize_block_iq3_s<__half>(void const*, __half*)",1613,17057702176047,17057702447905,0,0,32,1,1,2621440,1,1
"KERNEL_DISPATCH",4,2,61,"void convert_unary<float, __half>(void const*, __half*, long, long, long, HIP_vector_type<unsigned int, 3u>, long, long, long)",1614,17057702447905,17057702465387,0,0,256,1,1,655360,1,1
"KERNEL_DISPATCH",4,2,78,"void tile_fp16_gemm<128, 64, 4, 8, 32>(__half const*, __half const*, float*, float*, int, int, long)",1615,17057702465387,17057703331334,0,25088,256,1,1,16384,1,4
"KERNEL_DISPATCH",4,2,79,"tile_fp16_reduce(float const*, float*, int, int)",1616,17057703331334,17057703399928,0,0,256,1,1,131072,1,1
"KERNEL_DISPATCH",4,2,21,"void dequantize_block_iq3_s<__half>(void const*, __half*)",1617,17057703423633,17057703715492,0,0,32,1,1,2621440,1,1
"KERNEL_DISPATCH",4,2,61,"void convert_unary<float, __half>(void const*, __half*, long, long, long, HIP_vector_type<unsigned int, 3u>, long, long, long)",1618,17057703715492,17057703735048,0,0,256,1,1,655360,1,1
"KERNEL_DISPATCH",4,2,78,"void tile_fp16_gemm<128, 64, 4, 8, 32>(__half const*, __half const*, float*, float*, int, int, long)",1619,17057703735048,17057704815074,0,25088,256,1,1,16384,1,4
"KERNEL_DISPATCH",4,2,79,"tile_fp16_reduce(float const*, float*, int, int)",1620,17057704815074,17057704865446,0,0,256,1,1,131072,1,1
"KERNEL_DISPATCH",4,2,21,"void dequantize_block_iq3_s<__half>(void const*, __half*)",1621,17057704892557,17057705228565,0,0,32,1,1,2621440,1,1
"KERNEL_DISPATCH",4,2,61,"void convert_unary<float, __half>(void const*, __half*, long, long, long, HIP_vector_type<unsigned int, 3u>, long, long, long)",1622,17057705228565,17057705254937,0,0,256,1,1,655360,1,1
"KERNEL_DISPATCH",4,2,78,"void tile_fp16_gemm<128, 64, 4, 8, 32>(__half const*, __half const*, float*, float*, int, int, long)",1623,17057705254937,17057706214219,0,25088,256,1,1,16384,1,4
"KERNEL_DISPATCH",4,2,79,"tile_fp16_reduce(float const*, float*, int, int)",1624,17057706214219,17057706303258,0,0,256,1,1,131072,1,1
"KERNEL_DISPATCH",4,2,21,"void dequantize_block_iq3_s<__half>(void const*, __half*)",1625,17057706329926,17057706665489,0,0,32,1,1,2621440,1,1
"KERNEL_DISPATCH",4,2,61,"void convert_unary<float, __half>(void const*, __half*, long, long, long, HIP_vector_type<unsigned int, 3u>, long, long, long)",1626,17057706665489,17057706692009,0,0,256,1,1,655360,1,1
"KERNEL_DISPATCH",4,2,78,"void tile_fp16_gemm<128, 64, 4, 8, 32>(__half const*, __half const*, float*, float*, int, int, long)",1627,17057706692009,17057707764479,0,25088,256,1,1,16384,1,4
"KERNEL_DISPATCH",4,2,79,"tile_fp16_reduce(float const*, float*, int, int)",1628,17057707764479,17057707807443,0,0,256,1,1,131072,1,1
"KERNEL_DISPATCH",4,2,21,"void dequantize_block_iq3_s<__half>(void const*, __half*)",1629,17057707830407,17057708122414,0,0,32,1,1,2621440,1,1
"KERNEL_DISPATCH",4,2,61,"void convert_unary<float, __half>(void const*, __half*, long, long, long, HIP_vector_type<unsigned int, 3u>, long, long, long)",1630,17057708122414,17057708141970,0,0,256,1,1,655360,1,1
"KERNEL_DISPATCH",4,2,78,"void tile_fp16_gemm<128, 64, 4, 8, 32>(__half const*, __half const*, float*, float*, int, int, long)",1631,17057708141970,17057708999917,0,25088,256,1,1,16384,1,4
"KERNEL_DISPATCH",4,2,79,"tile_fp16_reduce(float const*, float*, int, int)",1632,17057708999917,17057709061548,0,0,256,1,1,131072,1,1
"KERNEL_DISPATCH",4,2,21,"void dequantize_block_iq3_s<__half>(void const*, __half*)",1633,17057709083771,17057709345555,0,0,32,1,1,2621440,1,1
"KERNEL_DISPATCH",4,2,61,"void convert_unary<float, __half>(void const*, __half*, long, long, long, HIP_vector_type<unsigned int, 3u>, long, long, long)",1634,17057709345555,17057709363629,0,0,256,1,1,655360,1,1
"KERNEL_DISPATCH",4,2,78,"void tile_fp16_gemm<128, 64, 4, 8, 32>(__half const*, __half const*, float*, float*, int, int, long)",1635,17057709363629,17057710265281,0,25088,256,1,1,16384,1,4
"KERNEL_DISPATCH",4,2,79,"tile_fp16_reduce(float const*, float*, int, int)",1636,17057710265281,17057710334171,0,0,256,1,1,131072,1,1
"KERNEL_DISPATCH",4,2,21,"void dequantize_block_iq3_s<__half>(void const*, __half*)",1637,17057710357579,17057710649586,0,0,32,1,1,2621440,1,1
"KERNEL_DISPATCH",4,2,61,"void convert_unary<float, __half>(void const*, __half*, long, long, long, HIP_vector_type<unsigned int, 3u>, long, long, long)",1638,17057710649586,17057710669143,0,0,256,1,1,655360,1,1
"KERNEL_DISPATCH",4,2,78,"void tile_fp16_gemm<128, 64, 4, 8, 32>(__half const*, __half const*, float*, float*, int, int, long)",1639,17057710669143,17057711662352,0,25088,256,1,1,16384,1,4
"KERNEL_DISPATCH",4,2,79,"tile_fp16_reduce(float const*, float*, int, int)",1640,17057711662352,17057711739687,0,0,256,1,1,131072,1,1
"KERNEL_DISPATCH",4,2,21,"void dequantize_block_iq3_s<__half>(void const*, __half*)",1641,17057711767836,17057712103548,0,0,32,1,1,2621440,1,1
"KERNEL_DISPATCH",4,2,61,"void convert_unary<float, __half>(void const*, __half*, long, long, long, HIP_vector_type<unsigned int, 3u>, long, long, long)",1642,17057712103548,17057712129030,0,0,256,1,1,655360,1,1
"KERNEL_DISPATCH",4,2,78,"void tile_fp16_gemm<128, 64, 4, 8, 32>(__half const*, __half const*, float*, float*, int, int, long)",1643,17057712129030,17057713081794,0,25088,256,1,1,16384,1,4
"KERNEL_DISPATCH",4,2,79,"tile_fp16_reduce(float const*, float*, int, int)",1644,17057713081794,17057713150684,0,0,256,1,1,131072,1,1
"KERNEL_DISPATCH",4,2,21,"void dequantize_block_iq3_s<__half>(void const*, __half*)",1645,17057713174092,17057713446395,0,0,32,1,1,2621440,1,1
"KERNEL_DISPATCH",4,2,61,"void convert_unary<float, __half>(void const*, __half*, long, long, long, HIP_vector_type<unsigned int, 3u>, long, long, long)",1646,17057713446395,17057713464322,0,0,256,1,1,655360,1,1
"KERNEL_DISPATCH",4,2,78,"void tile_fp16_gemm<128, 64, 4, 8, 32>(__half const*, __half const*, float*, float*, int, int, long)",1647,17057713464322,17057714342417,0,25088,256,1,1,16384,1,4
"KERNEL_DISPATCH",4,2,79,"tile_fp16_reduce(float const*, float*, int, int)",1648,17057714342417,17057714411456,0,0,256,1,1,131072,1,1
"KERNEL_DISPATCH",4,2,21,"void dequantize_block_iq3_s<__half>(void const*, __half*)",1649,17057714435457,17057714727464,0,0,32,1,1,2621440,1,1
"KERNEL_DISPATCH",4,2,61,"void convert_unary<float, __half>(void const*, __half*, long, long, long, HIP_vector_type<unsigned int, 3u>, long, long, long)",1650,17057714727464,17057714747020,0,0,256,1,1,655360,1,1
"KERNEL_DISPATCH",4,2,78,"void tile_fp16_gemm<128, 64, 4, 8, 32>(__half const*, __half const*, float*, float*, int, int, long)",1651,17057714747020,17057715803194,0,25088,256,1,1,16384,1,4
"KERNEL_DISPATCH",4,2,79,"tile_fp16_reduce(float const*, float*, int, int)",1652,17057715803194,17057715853417,0,0,256,1,1,131072,1,1
"KERNEL_DISPATCH",4,2,21,"void dequantize_block_iq3_s<__half>(void const*, __half*)",1653,17057715880232,17057716216241,0,0,32,1,1,2621440,1,1
"KERNEL_DISPATCH",4,2,61,"void convert_unary<float, __half>(void const*, __half*, long, long, long, HIP_vector_type<unsigned int, 3u>, long, long, long)",1654,17057716216241,17057716242760,0,0,256,1,1,655360,1,1
"KERNEL_DISPATCH",4,2,78,"void tile_fp16_gemm<128, 64, 4, 8, 32>(__half const*, __half const*, float*, float*, int, int, long)",1655,17057716242760,17057717166042,0,25088,256,1,1,16384,1,4
"KERNEL_DISPATCH",4,2,79,"tile_fp16_reduce(float const*, float*, int, int)",1656,17057717166042,17057717243969,0,0,256,1,1,131072,1,1
"KERNEL_DISPATCH",4,2,21,"void dequantize_block_iq3_s<__half>(void const*, __half*)",1657,17057717271229,17057717607238,0,0,32,1,1,2621440,1,1
"KERNEL_DISPATCH",4,2,61,"void convert_unary<float, __half>(void const*, __half*, long, long, long, HIP_vector_type<unsigned int, 3u>, long, long, long)",1658,17057717607238,17057717633312,0,0,256,1,1,655360,1,1
"KERNEL_DISPATCH",4,2,78,"void tile_fp16_gemm<128, 64, 4, 8, 32>(__half const*, __half const*, float*, float*, int, int, long)",1659,17057717633312,17057718784451,0,25088,256,1,1,16384,1,4
"KERNEL_DISPATCH",4,2,79,"tile_fp16_reduce(float const*, float*, int, int)",1660,17057718784451,17057718834823,0,0,256,1,1,131072,1,1
"KERNEL_DISPATCH",4,2,21,"void dequantize_block_iq3_s<__half>(void const*, __half*)",1661,17057718862527,17057719197350,0,0,32,1,1,2621440,1,1
"KERNEL_DISPATCH",4,2,61,"void convert_unary<float, __half>(void const*, __half*, long, long, long, HIP_vector_type<unsigned int, 3u>, long, long, long)",1662,17057719197350,17057719223721,0,0,256,1,1,655360,1,1
"KERNEL_DISPATCH",4,2,78,"void tile_fp16_gemm<128, 64, 4, 8, 32>(__half const*, __half const*, float*, float*, int, int, long)",1663,17057719223721,17057720165967,0,25088,256,1,1,16384,1,4
"KERNEL_DISPATCH",4,2,79,"tile_fp16_reduce(float const*, float*, int, int)",1664,17057720165967,17057720234561,0,0,256,1,1,131072,1,1
"KERNEL_DISPATCH",4,2,21,"void dequantize_block_iq3_s<__half>(void const*, __half*)",1665,17057720258858,17057720550865,0,0,32,1,1,2621440,1,1
"KERNEL_DISPATCH",4,2,61,"void convert_unary<float, __half>(void const*, __half*, long, long, long, HIP_vector_type<unsigned int, 3u>, long, long, long)",1666,17057720550865,17057720571162,0,0,256,1,1,655360,1,1
"KERNEL_DISPATCH",4,2,78,"void tile_fp16_gemm<128, 64, 4, 8, 32>(__half const*, __half const*, float*, float*, int, int, long)",1667,17057720571162,17057721553260,0,25088,256,1,1,16384,1,4
"KERNEL_DISPATCH",4,2,79,"tile_fp16_reduce(float const*, float*, int, int)",1668,17057721553260,17057721632076,0,0,256,1,1,131072,1,1
"KERNEL_DISPATCH",4,2,21,"void dequantize_block_iq3_s<__half>(void const*, __half*)",1669,17057721661114,17057721996382,0,0,32,1,1,2621440,1,1
"KERNEL_DISPATCH",4,2,61,"void convert_unary<float, __half>(void const*, __half*, long, long, long, HIP_vector_type<unsigned int, 3u>, long, long, long)",1670,17057721996382,17057722022753,0,0,256,1,1,655360,1,1
"KERNEL_DISPATCH",4,2,78,"void tile_fp16_gemm<128, 64, 4, 8, 32>(__half const*, __half const*, float*, float*, int, int, long)",1671,17057722022753,17057723030481,0,25088,256,1,1,16384,1,4
"KERNEL_DISPATCH",4,2,79,"tile_fp16_reduce(float const*, float*, int, int)",1672,17057723030481,17057723098186,0,0,256,1,1,131072,1,1
"KERNEL_DISPATCH",4,2,21,"void dequantize_block_iq3_s<__half>(void const*, __half*)",1673,17057723124261,17057723401897,0,0,32,1,1,2621440,1,1
"KERNEL_DISPATCH",4,2,61,"void convert_unary<float, __half>(void const*, __half*, long, long, long, HIP_vector_type<unsigned int, 3u>, long, long, long)",1674,17057723401897,17057723419824,0,0,256,1,1,655360,1,1
"KERNEL_DISPATCH",4,2,78,"void tile_fp16_gemm<128, 64, 4, 8, 32>(__half const*, __half const*, float*, float*, int, int, long)",1675,17057723419824,17057724308290,0,25088,256,1,1,16384,1,4
"KERNEL_DISPATCH",4,2,79,"tile_fp16_reduce(float const*, float*, int, int)",1676,17057724308290,17057724376588,0,0,256,1,1,131072,1,1
"KERNEL_DISPATCH",4,2,21,"void dequantize_block_iq3_s<__half>(void const*, __half*)",1677,17057724400292,17057724692151,0,0,32,1,1,2621440,1,1
"KERNEL_DISPATCH",4,2,61,"void convert_unary<float, __half>(void const*, __half*, long, long, long, HIP_vector_type<unsigned int, 3u>, long, long, long)",1678,17057724692151,17057724712003,0,0,256,1,1,655360,1,1
"KERNEL_DISPATCH",4,2,78,"void tile_fp16_gemm<128, 64, 4, 8, 32>(__half const*, __half const*, float*, float*, int, int, long)",1679,17057724712003,17057725721806,0,25088,256,1,1,16384,1,4
"KERNEL_DISPATCH",4,2,79,"tile_fp16_reduce(float const*, float*, int, int)",1680,17057725721806,17057725800622,0,0,256,1,1,131072,1,1
"KERNEL_DISPATCH",4,2,21,"void dequantize_block_iq3_s<__half>(void const*, __half*)",1681,17057725828327,17057726163742,0,0,32,1,1,2621440,1,1
"KERNEL_DISPATCH",4,2,61,"void convert_unary<float, __half>(void const*, __half*, long, long, long, HIP_vector_type<unsigned int, 3u>, long, long, long)",1682,17057726163742,17057726189817,0,0,256,1,1,655360,1,1
"KERNEL_DISPATCH",4,2,78,"void tile_fp16_gemm<128, 64, 4, 8, 32>(__half const*, __half const*, float*, float*, int, int, long)",1683,17057726189817,17057727148803,0,25088,256,1,1,16384,1,4
"KERNEL_DISPATCH",4,2,79,"tile_fp16_reduce(float const*, float*, int, int)",1684,17057727148803,17057727217694,0,0,256,1,1,131072,1,1
"KERNEL_DISPATCH",4,2,21,"void dequantize_block_iq3_s<__half>(void const*, __half*)",1685,17057727240954,17057727532961,0,0,32,1,1,2621440,1,1
"KERNEL_DISPATCH",4,2,61,"void convert_unary<float, __half>(void const*, __half*, long, long, long, HIP_vector_type<unsigned int, 3u>, long, long, long)",1686,17057727532961,17057727552665,0,0,256,1,1,655360,1,1
"KERNEL_DISPATCH",4,2,78,"void tile_fp16_gemm<128, 64, 4, 8, 32>(__half const*, __half const*, float*, float*, int, int, long)",1687,17057727552665,17057728483354,0,25088,256,1,1,16384,1,4
"KERNEL_DISPATCH",4,2,79,"tile_fp16_reduce(float const*, float*, int, int)",1688,17057728483354,17057728551652,0,0,256,1,1,131072,1,1
"KERNEL_DISPATCH",4,2,21,"void dequantize_block_iq3_s<__half>(void const*, __half*)",1689,17057728575653,17057728867808,0,0,32,1,1,2621440,1,1
"KERNEL_DISPATCH",4,2,61,"void convert_unary<float, __half>(void const*, __half*, long, long, long, HIP_vector_type<unsigned int, 3u>, long, long, long)",1690,17057728867808,17057728887809,0,0,256,1,1,655360,1,1
"KERNEL_DISPATCH",4,2,78,"void tile_fp16_gemm<128, 64, 4, 8, 32>(__half const*, __half const*, float*, float*, int, int, long)",1691,17057728887809,17057729791238,0,25088,256,1,1,16384,1,4
"KERNEL_DISPATCH",4,2,79,"tile_fp16_reduce(float const*, float*, int, int)",1692,17057729791238,17057729853462,0,0,256,1,1,131072,1,1
"KERNEL_DISPATCH",4,2,21,"void dequantize_block_iq3_s<__half>(void const*, __half*)",1693,17057729875092,17057730137024,0,0,32,1,1,2621440,1,1
"KERNEL_DISPATCH",4,2,61,"void convert_unary<float, __half>(void const*, __half*, long, long, long, HIP_vector_type<unsigned int, 3u>, long, long, long)",1694,17057730137024,17057730154803,0,0,256,1,1,655360,1,1
"KERNEL_DISPATCH",4,2,78,"void tile_fp16_gemm<128, 64, 4, 8, 32>(__half const*, __half const*, float*, float*, int, int, long)",1695,17057730154803,17057730983267,0,25088,256,1,1,16384,1,4
"KERNEL_DISPATCH",4,2,79,"tile_fp16_reduce(float const*, float*, int, int)",1696,17057730983267,17057731041195,0,0,256,1,1,131072,1,1
"KERNEL_DISPATCH",4,2,21,"void dequantize_block_iq3_s<__half>(void const*, __half*)",1697,17057731062677,17057731308905,0,0,32,1,1,2621440,1,1
"KERNEL_DISPATCH",4,2,61,"void convert_unary<float, __half>(void const*, __half*, long, long, long, HIP_vector_type<unsigned int, 3u>, long, long, long)",1698,17057731308905,17057731325942,0,0,256,1,1,655360,1,1
"KERNEL_DISPATCH",4,2,78,"void tile_fp16_gemm<128, 64, 4, 8, 32>(__half const*, __half const*, float*, float*, int, int, long)",1699,17057731325936,17057732166698,0,25088,256,1,1,16384,1,4
"KERNEL_DISPATCH",4,2,79,"tile_fp16_reduce(float const*, float*, int, int)",1700,17057732166698,17057732228920,0,0,256,1,1,131072,1,1
"KERNEL_DISPATCH",4,2,21,"void dequantize_block_iq3_s<__half>(void const*, __half*)",1701,17057732250699,17057732512335,0,0,32,1,1,2621440,1,1
"KERNEL_DISPATCH",4,2,61,"void convert_unary<float, __half>(void const*, __half*, long, long, long, HIP_vector_type<unsigned int, 3u>, long, long, long)",1702,17057732512335,17057732529965,0,0,256,1,1,655360,1,1
"KERNEL_DISPATCH",4,2,78,"void tile_fp16_gemm<128, 64, 4, 8, 32>(__half const*, __half const*, float*, float*, int, int, long)",1703,17057732529965,17057733373096,0,25088,256,1,1,16384,1,4
"KERNEL_DISPATCH",4,2,79,"tile_fp16_reduce(float const*, float*, int, int)",1704,17057733373096,17057733441394,0,0,256,1,1,131072,1,1
"KERNEL_DISPATCH",4,2,21,"void dequantize_block_iq3_s<__half>(void const*, __half*)",1705,17057733465247,17057733757106,0,0,32,1,1,2621440,1,1
"KERNEL_DISPATCH",4,2,61,"void convert_unary<float, __half>(void const*, __half*, long, long, long, HIP_vector_type<unsigned int, 3u>, long, long, long)",1706,17057733757106,17057733776810,0,0,256,1,1,655360,1,1
"KERNEL_DISPATCH",4,2,78,"void tile_fp16_gemm<128, 64, 4, 8, 32>(__half const*, __half const*, float*, float*, int, int, long)",1707,17057733776810,17057734799353,0,25088,256,1,1,16384,1,4
"KERNEL_DISPATCH",4,2,79,"tile_fp16_reduce(float const*, float*, int, int)",1708,17057734799353,17057734877726,0,0,256,1,1,131072,1,1
"KERNEL_DISPATCH",4,2,21,"void dequantize_block_iq3_s<__half>(void const*, __half*)",1709,17057734904689,17057735240253,0,0,32,1,1,2621440,1,1
"KERNEL_DISPATCH",4,2,61,"void convert_unary<float, __half>(void const*, __half*, long, long, long, HIP_vector_type<unsigned int, 3u>, long, long, long)",1710,17057735240253,17057735266476,0,0,256,1,1,655360,1,1
"KERNEL_DISPATCH",4,2,78,"void tile_fp16_gemm<128, 64, 4, 8, 32>(__half const*, __half const*, float*, float*, int, int, long)",1711,17057735266476,17057736192276,0,25088,256,1,1,16384,1,4
"KERNEL_DISPATCH",4,2,79,"tile_fp16_reduce(float const*, float*, int, int)",1712,17057736192276,17057736269908,0,0,256,1,1,131072,1,1
"KERNEL_DISPATCH",4,2,21,"void dequantize_block_iq3_s<__half>(void const*, __half*)",1713,17057736297908,17057736633028,0,0,32,1,1,2621440,1,1
"KERNEL_DISPATCH",4,2,61,"void convert_unary<float, __half>(void const*, __half*, long, long, long, HIP_vector_type<unsigned int, 3u>, long, long, long)",1714,17057736633028,17057736660880,0,0,256,1,1,655360,1,1
"KERNEL_DISPATCH",4,2,78,"void tile_fp16_gemm<128, 64, 4, 8, 32>(__half const*, __half const*, float*, float*, int, int, long)",1715,17057736660880,17057737751425,0,25088,256,1,1,16384,1,4
"KERNEL_DISPATCH",4,2,79,"tile_fp16_reduce(float const*, float*, int, int)",1716,17057737751425,17057737794982,0,0,256,1,1,131072,1,1
"KERNEL_DISPATCH",4,2,21,"void dequantize_block_iq3_s<__half>(void const*, __half*)",1717,17057737818242,17057738110545,0,0,32,1,1,2621440,1,1
"KERNEL_DISPATCH",4,2,61,"void convert_unary<float, __half>(void const*, __half*, long, long, long, HIP_vector_type<unsigned int, 3u>, long, long, long)",1718,17057738110545,17057738130249,0,0,256,1,1,655360,1,1
"KERNEL_DISPATCH",4,2,78,"void tile_fp16_gemm<128, 64, 4, 8, 32>(__half const*, __half const*, float*, float*, int, int, long)",1719,17057738130249,17057738981233,0,25088,256,1,1,16384,1,4
"KERNEL_DISPATCH",4,2,79,"tile_fp16_reduce(float const*, float*, int, int)",1720,17057738981233,17057739043605,0,0,256,1,1,131072,1,1
"KERNEL_DISPATCH",4,2,21,"void dequantize_block_iq3_s<__half>(void const*, __half*)",1721,17057739065087,17057739327019,0,0,32,1,1,2621440,1,1
"KERNEL_DISPATCH",4,2,61,"void convert_unary<float, __half>(void const*, __half*, long, long, long, HIP_vector_type<unsigned int, 3u>, long, long, long)",1722,17057739327019,17057739344649,0,0,256,1,1,655360,1,1
"KERNEL_DISPATCH",4,2,78,"void tile_fp16_gemm<128, 64, 4, 8, 32>(__half const*, __half const*, float*, float*, int, int, long)",1723,17057739344649,17057740222745,0,25088,256,1,1,16384,1,4
"KERNEL_DISPATCH",4,2,79,"tile_fp16_reduce(float const*, float*, int, int)",1724,17057740222745,17057740293858,0,0,256,1,1,131072,1,1
"KERNEL_DISPATCH",4,2,21,"void dequantize_block_iq3_s<__half>(void const*, __half*)",1725,17057740317414,17057740609421,0,0,32,1,1,2621440,1,1
"KERNEL_DISPATCH",4,2,61,"void convert_unary<float, __half>(void const*, __half*, long, long, long, HIP_vector_type<unsigned int, 3u>, long, long, long)",1726,17057740609421,17057740628829,0,0,256,1,1,655360,1,1
"KERNEL_DISPATCH",4,2,78,"void tile_fp16_gemm<128, 64, 4, 8, 32>(__half const*, __half const*, float*, float*, int, int, long)",1727,17057740628829,17057741621446,0,25088,256,1,1,16384,1,4
"KERNEL_DISPATCH",4,2,79,"tile_fp16_reduce(float const*, float*, int, int)",1728,17057741621446,17057741699818,0,0,256,1,1,131072,1,1
"KERNEL_DISPATCH",4,2,21,"void dequantize_block_iq3_s<__half>(void const*, __half*)",1729,17057741726485,17057742062493,0,0,32,1,1,2621440,1,1
"KERNEL_DISPATCH",4,2,61,"void convert_unary<float, __half>(void const*, __half*, long, long, long, HIP_vector_type<unsigned int, 3u>, long, long, long)",1730,17057742062493,17057742089605,0,0,256,1,1,655360,1,1
"KERNEL_DISPATCH",4,2,78,"void tile_fp16_gemm<128, 64, 4, 8, 32>(__half const*, __half const*, float*, float*, int, int, long)",1731,17057742089605,17057743074518,0,25088,256,1,1,16384,1,4
"KERNEL_DISPATCH",4,2,79,"tile_fp16_reduce(float const*, float*, int, int)",1732,17057743074518,17057743143112,0,0,256,1,1,131072,1,1
"KERNEL_DISPATCH",4,2,21,"void dequantize_block_iq3_s<__half>(void const*, __half*)",1733,17057743167113,17057743459268,0,0,32,1,1,2621440,1,1
"KERNEL_DISPATCH",4,2,61,"void convert_unary<float, __half>(void const*, __half*, long, long, long, HIP_vector_type<unsigned int, 3u>, long, long, long)",1734,17057743459268,17057743478824,0,0,256,1,1,655360,1,1
"KERNEL_DISPATCH",4,2,78,"void tile_fp16_gemm<128, 64, 4, 8, 32>(__half const*, __half const*, float*, float*, int, int, long)",1735,17057743478824,17057744410551,0,25088,256,1,1,16384,1,4
"KERNEL_DISPATCH",4,2,79,"tile_fp16_reduce(float const*, float*, int, int)",1736,17057744410551,17057744478997,0,0,256,1,1,131072,1,1
"KERNEL_DISPATCH",4,2,21,"void dequantize_block_iq3_s<__half>(void const*, __half*)",1737,17057744502405,17057744794560,0,0,32,1,1,2621440,1,1
"KERNEL_DISPATCH",4,2,61,"void convert_unary<float, __half>(void const*, __half*, long, long, long, HIP_vector_type<unsigned int, 3u>, long, long, long)",1738,17057744794560,17057744814412,0,0,256,1,1,655360,1,1
"KERNEL_DISPATCH",4,2,78,"void tile_fp16_gemm<128, 64, 4, 8, 32>(__half const*, __half const*, float*, float*, int, int, long)",1739,17057744814412,17057745716805,0,25088,256,1,1,16384,1,4
"KERNEL_DISPATCH",4,2,79,"tile_fp16_reduce(float const*, float*, int, int)",1740,17057745716805,17057745778140,0,0,256,1,1,131072,1,1
"KERNEL_DISPATCH",4,2,21,"void dequantize_block_iq3_s<__half>(void const*, __half*)",1741,17057745800214,17057746062146,0,0,32,1,1,2621440,1,1
"KERNEL_DISPATCH",4,2,61,"void convert_unary<float, __half>(void const*, __half*, long, long, long, HIP_vector_type<unsigned int, 3u>, long, long, long)",1742,17057746062146,17057746079776,0,0,256,1,1,655360,1,1
"KERNEL_DISPATCH",4,2,78,"void tile_fp16_gemm<128, 64, 4, 8, 32>(__half const*, __half const*, float*, float*, int, int, long)",1743,17057746079776,17057746911204,0,25088,256,1,1,16384,1,4
"KERNEL_DISPATCH",4,2,79,"tile_fp16_reduce(float const*, float*, int, int)",1744,17057746911204,17057746973724,0,0,256,1,1,131072,1,1
"KERNEL_DISPATCH",4,2,21,"void dequantize_block_iq3_s<__half>(void const*, __half*)",1745,17057746995799,17057747254027,0,0,32,1,1,2621440,1,1
"KERNEL_DISPATCH",4,2,61,"void convert_unary<float, __half>(void const*, __half*, long, long, long, HIP_vector_type<unsigned int, 3u>, long, long, long)",1746,17057747254027,17057747271065,0,0,256,1,1,655360,1,1
"KERNEL_DISPATCH",4,2,78,"void tile_fp16_gemm<128, 64, 4, 8, 32>(__half const*, __half const*, float*, float*, int, int, long)",1747,17057747271065,17057748127975,0,25088,256,1,1,16384,1,4
"KERNEL_DISPATCH",4,2,79,"tile_fp16_reduce(float const*, float*, int, int)",1748,17057748127975,17057748186198,0,0,256,1,1,131072,1,1
"KERNEL_DISPATCH",4,2,21,"void dequantize_block_iq3_s<__half>(void const*, __half*)",1749,17057748208569,17057748470205,0,0,32,1,1,2621440,1,1
"KERNEL_DISPATCH",4,2,61,"void convert_unary<float, __half>(void const*, __half*, long, long, long, HIP_vector_type<unsigned int, 3u>, long, long, long)",1750,17057748470205,17057748487983,0,0,256,1,1,655360,1,1
"KERNEL_DISPATCH",4,2,78,"void tile_fp16_gemm<128, 64, 4, 8, 32>(__half const*, __half const*, float*, float*, int, int, long)",1751,17057748487983,17057749367708,0,25088,256,1,1,16384,1,4
"KERNEL_DISPATCH",4,2,79,"tile_fp16_reduce(float const*, float*, int, int)",1752,17057749367708,17057749436303,0,0,256,1,1,131072,1,1
"KERNEL_DISPATCH",4,2,21,"void dequantize_block_iq3_s<__half>(void const*, __half*)",1753,17057749459266,17057749751422,0,0,32,1,1,2621440,1,1
"KERNEL_DISPATCH",4,2,61,"void convert_unary<float, __half>(void const*, __half*, long, long, long, HIP_vector_type<unsigned int, 3u>, long, long, long)",1754,17057749751422,17057749771126,0,0,256,1,1,655360,1,1
"KERNEL_DISPATCH",4,2,78,"void tile_fp16_gemm<128, 64, 4, 8, 32>(__half const*, __half const*, float*, float*, int, int, long)",1755,17057749771126,17057750866560,0,25088,256,1,1,16384,1,4
"KERNEL_DISPATCH",4,2,79,"tile_fp16_reduce(float const*, float*, int, int)",1756,17057750866560,17057750916635,0,0,256,1,1,131072,1,1
"KERNEL_DISPATCH",4,2,21,"void dequantize_block_iq3_s<__half>(void const*, __half*)",1757,17057750944191,17057751277088,0,0,32,1,1,2621440,1,1
"KERNEL_DISPATCH",4,2,61,"void convert_unary<float, __half>(void const*, __half*, long, long, long, HIP_vector_type<unsigned int, 3u>, long, long, long)",1758,17057751277088,17057751303015,0,0,256,1,1,655360,1,1
"KERNEL_DISPATCH",4,2,78,"void tile_fp16_gemm<128, 64, 4, 8, 32>(__half const*, __half const*, float*, float*, int, int, long)",1759,17057751303015,17057752261557,0,25088,256,1,1,16384,1,4
"KERNEL_DISPATCH",4,2,79,"tile_fp16_reduce(float const*, float*, int, int)",1760,17057752261557,17057752339781,0,0,256,1,1,131072,1,1
"KERNEL_DISPATCH",4,2,21,"void dequantize_block_iq3_s<__half>(void const*, __half*)",1761,17057752367930,17057752703938,0,0,32,1,1,2621440,1,1
"KERNEL_DISPATCH",4,2,61,"void convert_unary<float, __half>(void const*, __half*, long, long, long, HIP_vector_type<unsigned int, 3u>, long, long, long)",1762,17057752703938,17057752730161,0,0,256,1,1,655360,1,1
"KERNEL_DISPATCH",4,2,78,"void tile_fp16_gemm<128, 64, 4, 8, 32>(__half const*, __half const*, float*, float*, int, int, long)",1763,17057752730161,17057753794631,0,25088,256,1,1,16384,1,4
"KERNEL_DISPATCH",4,2,79,"tile_fp16_reduce(float const*, float*, int, int)",1764,17057753794631,17057753836262,0,0,256,1,1,131072,1,1
"KERNEL_DISPATCH",4,2,21,"void dequantize_block_iq3_s<__half>(void const*, __half*)",1765,17060085082232,17060085207569,0,0,32,1,1,1277952,1,1
"KERNEL_DISPATCH",4,2,61,"void convert_unary<float, __half>(void const*, __half*, long, long, long, HIP_vector_type<unsigned int, 3u>, long, long, long)",1766,17060085207569,17060085230531,0,0,256,1,1,786432,1,1
"KERNEL_DISPATCH",4,2,78,"void tile_fp16_gemm<128, 64, 4, 8, 32>(__half const*, __half const*, float*, float*, int, int, long)",1767,17060085230531,17060085680024,0,25088,256,1,1,6656,1,8
"KERNEL_DISPATCH",4,2,79,"tile_fp16_reduce(float const*, float*, int, int)",1768,17060085680024,17060085706395,0,0,256,1,1,53248,1,1
"KERNEL_DISPATCH",4,2,21,"void dequantize_block_iq3_s<__half>(void const*, __half*)",1769,17060085745507,17060085867139,0,0,32,1,1,1277952,1,1
"KERNEL_DISPATCH",4,2,61,"void convert_unary<float, __half>(void const*, __half*, long, long, long, HIP_vector_type<unsigned int, 3u>, long, long, long)",1770,17060085867139,17060085886843,0,0,256,1,1,786432,1,1
"KERNEL_DISPATCH",4,2,78,"void tile_fp16_gemm<128, 64, 4, 8, 32>(__half const*, __half const*, float*, float*, int, int, long)",1771,17060085886843,17060086319150,0,25088,256,1,1,6656,1,8
"KERNEL_DISPATCH",4,2,79,"tile_fp16_reduce(float const*, float*, int, int)",1772,17060086319150,17060086344632,0,0,256,1,1,53248,1,1
"KERNEL_DISPATCH",4,2,21,"void dequantize_block_iq3_s<__half>(void const*, __half*)",1773,17060086364781,17060086485969,0,0,32,1,1,1277952,1,1
"KERNEL_DISPATCH",4,2,61,"void convert_unary<float, __half>(void const*, __half*, long, long, long, HIP_vector_type<unsigned int, 3u>, long, long, long)",1774,17060086485969,17060086505525,0,0,256,1,1,786432,1,1
"KERNEL_DISPATCH",4,2,79,"tile_fp16_reduce(float const*, float*, int, int)",1776,17060086937980,17060086962870,0,0,256,1,1,53248,1,1
"KERNEL_DISPATCH",4,2,78,"void tile_fp16_gemm<128, 64, 4, 8, 32>(__half const*, __half const*, float*, float*, int, int, long)",1775,17060086505525,17060086937980,0,25088,256,1,1,6656,1,8
"KERNEL_DISPATCH",4,2,21,"void dequantize_block_iq3_s<__half>(void const*, __half*)",1777,17060086982574,17060087103762,0,0,32,1,1,1277952,1,1
"KERNEL_DISPATCH",4,2,61,"void convert_unary<float, __half>(void const*, __half*, long, long, long, HIP_vector_type<unsigned int, 3u>, long, long, long)",1778,17060087103762,17060087123763,0,0,256,1,1,786432,1,1
"KERNEL_DISPATCH",4,2,79,"tile_fp16_reduce(float const*, float*, int, int)",1780,17060087549699,17060087575181,0,0,256,1,1,53248,1,1
"KERNEL_DISPATCH",4,2,78,"void tile_fp16_gemm<128, 64, 4, 8, 32>(__half const*, __half const*, float*, float*, int, int, long)",1779,17060087123763,17060087549699,0,25088,256,1,1,6656,1,8
"KERNEL_DISPATCH",4,2,21,"void dequantize_block_iq3_s<__half>(void const*, __half*)",1781,17060087595181,17060087716370,0,0,32,1,1,1277952,1,1
"KERNEL_DISPATCH",4,2,61,"void convert_unary<float, __half>(void const*, __half*, long, long, long, HIP_vector_type<unsigned int, 3u>, long, long, long)",1782,17060087716370,17060087736074,0,0,256,1,1,786432,1,1
"KERNEL_DISPATCH",4,2,78,"void tile_fp16_gemm<128, 64, 4, 8, 32>(__half const*, __half const*, float*, float*, int, int, long)",1783,17060087736074,17060088176085,0,25088,256,1,1,6656,1,8
"KERNEL_DISPATCH",4,2,79,"tile_fp16_reduce(float const*, float*, int, int)",1784,17060088176085,17060088200826,0,0,256,1,1,53248,1,1
"KERNEL_DISPATCH",4,2,21,"void dequantize_block_iq3_s<__half>(void const*, __half*)",1785,17060088220678,17060088343348,0,0,32,1,1,1277952,1,1
"KERNEL_DISPATCH",4,2,61,"void convert_unary<float, __half>(void const*, __half*, long, long, long, HIP_vector_type<unsigned int, 3u>, long, long, long)",1786,17060088343348,17060088363941,0,0,256,1,1,786432,1,1
"KERNEL_DISPATCH",4,2,78,"void tile_fp16_gemm<128, 64, 4, 8, 32>(__half const*, __half const*, float*, float*, int, int, long)",1787,17060088363941,17060088795952,0,25088,256,1,1,6656,1,8
"KERNEL_DISPATCH",4,2,79,"tile_fp16_reduce(float const*, float*, int, int)",1788,17060088795952,17060088821434,0,0,256,1,1,53248,1,1
"KERNEL_DISPATCH",4,2,21,"void dequantize_block_iq3_s<__half>(void const*, __half*)",1789,17060088842619,17060088971808,0,0,32,1,1,1277952,1,1
"KERNEL_DISPATCH",4,2,61,"void convert_unary<float, __half>(void const*, __half*, long, long, long, HIP_vector_type<unsigned int, 3u>, long, long, long)",1790,17060088971808,17060088992253,0,0,256,1,1,786432,1,1
"KERNEL_DISPATCH",4,2,78,"void tile_fp16_gemm<128, 64, 4, 8, 32>(__half const*, __half const*, float*, float*, int, int, long)",1791,17060088992253,17060089421596,0,25088,256,1,1,6656,1,8
"KERNEL_DISPATCH",4,2,79,"tile_fp16_reduce(float const*, float*, int, int)",1792,17060089421596,17060089446486,0,0,256,1,1,53248,1,1
"KERNEL_DISPATCH",4,2,21,"void dequantize_block_iq3_s<__half>(void const*, __half*)",1793,17060089467375,17060089596416,0,0,32,1,1,1277952,1,1
"KERNEL_DISPATCH",4,2,61,"void convert_unary<float, __half>(void const*, __half*, long, long, long, HIP_vector_type<unsigned int, 3u>, long, long, long)",1794,17060089596416,17060089673454,0,0,256,1,1,786432,1,1
"KERNEL_DISPATCH",4,2,78,"void tile_fp16_gemm<128, 64, 4, 8, 32>(__half const*, __half const*, float*, float*, int, int, long)",1795,17060089673454,17060090116132,0,25088,256,1,1,6656,1,8
"KERNEL_DISPATCH",4,2,79,"tile_fp16_reduce(float const*, float*, int, int)",1796,17060090116132,17060090141170,0,0,256,1,1,53248,1,1
"KERNEL_DISPATCH",4,2,21,"void dequantize_block_iq3_s<__half>(void const*, __half*)",1797,17060090162059,17060090291247,0,0,32,1,1,1277952,1,1
"KERNEL_DISPATCH",4,2,61,"void convert_unary<float, __half>(void const*, __half*, long, long, long, HIP_vector_type<unsigned int, 3u>, long, long, long)",1798,17060090291247,17060090311692,0,0,256,1,1,786432,1,1
"KERNEL_DISPATCH",4,2,78,"void tile_fp16_gemm<128, 64, 4, 8, 32>(__half const*, __half const*, float*, float*, int, int, long)",1799,17060090311692,17060090786222,0,25088,256,1,1,6656,1,8
"KERNEL_DISPATCH",4,2,79,"tile_fp16_reduce(float const*, float*, int, int)",1800,17060090786222,17060090813779,0,0,256,1,1,53248,1,1
"KERNEL_DISPATCH",4,2,21,"void dequantize_block_iq3_s<__half>(void const*, __half*)",1801,17060090835557,17060090979560,0,0,32,1,1,1277952,1,1
"KERNEL_DISPATCH",4,2,61,"void convert_unary<float, __half>(void const*, __half*, long, long, long, HIP_vector_type<unsigned int, 3u>, long, long, long)",1802,17060090979560,17060091002672,0,0,256,1,1,786432,1,1
"KERNEL_DISPATCH",4,2,78,"void tile_fp16_gemm<128, 64, 4, 8, 32>(__half const*, __half const*, float*, float*, int, int, long)",1803,17060091002672,17060091473498,0,25088,256,1,1,6656,1,8
"KERNEL_DISPATCH",4,2,79,"tile_fp16_reduce(float const*, float*, int, int)",1804,17060091473498,17060091501944,0,0,256,1,1,53248,1,1
"KERNEL_DISPATCH",4,2,21,"void dequantize_block_iq3_s<__half>(void const*, __half*)",1805,17060091524018,17060091668170,0,0,32,1,1,1277952,1,1
"KERNEL_DISPATCH",4,2,61,"void convert_unary<float, __half>(void const*, __half*, long, long, long, HIP_vector_type<unsigned int, 3u>, long, long, long)",1806,17060091668170,17060091690837,0,0,256,1,1,786432,1,1
"KERNEL_DISPATCH",4,2,78,"void tile_fp16_gemm<128, 64, 4, 8, 32>(__half const*, __half const*, float*, float*, int, int, long)",1807,17060091690837,17060092143589,0,25088,256,1,1,6656,1,8
"KERNEL_DISPATCH",4,2,79,"tile_fp16_reduce(float const*, float*, int, int)",1808,17060092143589,17060092171738,0,0,256,1,1,53248,1,1
"KERNEL_DISPATCH",4,2,21,"void dequantize_block_iq3_s<__half>(void const*, __half*)",1809,17060092193664,17060092337519,0,0,32,1,1,1277952,1,1
"KERNEL_DISPATCH",4,2,61,"void convert_unary<float, __half>(void const*, __half*, long, long, long, HIP_vector_type<unsigned int, 3u>, long, long, long)",1810,17060092337519,17060092359594,0,0,256,1,1,786432,1,1
"KERNEL_DISPATCH",4,2,78,"void tile_fp16_gemm<128, 64, 4, 8, 32>(__half const*, __half const*, float*, float*, int, int, long)",1811,17060092359594,17060092800049,0,25088,256,1,1,6656,1,8
"KERNEL_DISPATCH",4,2,79,"tile_fp16_reduce(float const*, float*, int, int)",1812,17060092800049,17060092825235,0,0,256,1,1,53248,1,1
"KERNEL_DISPATCH",4,2,21,"void dequantize_block_iq3_s<__half>(void const*, __half*)",1813,17060092846717,17060092975757,0,0,32,1,1,1277952,1,1
"KERNEL_DISPATCH",4,2,61,"void convert_unary<float, __half>(void const*, __half*, long, long, long, HIP_vector_type<unsigned int, 3u>, long, long, long)",1814,17060092975757,17060092996202,0,0,256,1,1,786432,1,1
"KERNEL_DISPATCH",4,2,78,"void tile_fp16_gemm<128, 64, 4, 8, 32>(__half const*, __half const*, float*, float*, int, int, long)",1815,17060092996202,17060093444954,0,25088,256,1,1,6656,1,8
"KERNEL_DISPATCH",4,2,79,"tile_fp16_reduce(float const*, float*, int, int)",1816,17060093444954,17060093472510,0,0,256,1,1,53248,1,1
"KERNEL_DISPATCH",4,2,21,"void dequantize_block_iq3_s<__half>(void const*, __half*)",1817,17060093495918,17060093639773,0,0,32,1,1,1277952,1,1
"KERNEL_DISPATCH",4,2,61,"void convert_unary<float, __half>(void const*, __half*, long, long, long, HIP_vector_type<unsigned int, 3u>, long, long, long)",1818,17060093639773,17060093662589,0,0,256,1,1,786432,1,1
"KERNEL_DISPATCH",4,2,78,"void tile_fp16_gemm<128, 64, 4, 8, 32>(__half const*, __half const*, float*, float*, int, int, long)",1819,17060093662589,17060094140971,0,25088,256,1,1,6656,1,8
"KERNEL_DISPATCH",4,2,79,"tile_fp16_reduce(float const*, float*, int, int)",1820,17060094140971,17060094168823,0,0,256,1,1,53248,1,1
"KERNEL_DISPATCH",4,2,21,"void dequantize_block_iq3_s<__half>(void const*, __half*)",1821,17060094191194,17060094335198,0,0,32,1,1,1277952,1,1
"KERNEL_DISPATCH",4,2,61,"void convert_unary<float, __half>(void const*, __half*, long, long, long, HIP_vector_type<unsigned int, 3u>, long, long, long)",1822,17060094335198,17060094358161,0,0,256,1,1,786432,1,1
"KERNEL_DISPATCH",4,2,78,"void tile_fp16_gemm<128, 64, 4, 8, 32>(__half const*, __half const*, float*, float*, int, int, long)",1823,17060094358161,17060094826914,0,25088,256,1,1,6656,1,8
"KERNEL_DISPATCH",4,2,79,"tile_fp16_reduce(float const*, float*, int, int)",1824,17060094826914,17060094855655,0,0,256,1,1,53248,1,1
"KERNEL_DISPATCH",4,2,21,"void dequantize_block_iq3_s<__half>(void const*, __half*)",1825,17060094877878,17060095022178,0,0,32,1,1,1277952,1,1
"KERNEL_DISPATCH",4,2,61,"void convert_unary<float, __half>(void const*, __half*, long, long, long, HIP_vector_type<unsigned int, 3u>, long, long, long)",1826,17060095022178,17060095044993,0,0,256,1,1,786432,1,1
"KERNEL_DISPATCH",4,2,78,"void tile_fp16_gemm<128, 64, 4, 8, 32>(__half const*, __half const*, float*, float*, int, int, long)",1827,17060095044993,17060095509893,0,25088,256,1,1,6656,1,8
"KERNEL_DISPATCH",4,2,79,"tile_fp16_reduce(float const*, float*, int, int)",1828,17060095509893,17060095535227,0,0,256,1,1,53248,1,1
"KERNEL_DISPATCH",4,2,21,"void dequantize_block_iq3_s<__half>(void const*, __half*)",1829,17060095555524,17060095684268,0,0,32,1,1,1277952,1,1
"KERNEL_DISPATCH",4,2,61,"void convert_unary<float, __half>(void const*, __half*, long, long, long, HIP_vector_type<unsigned int, 3u>, long, long, long)",1830,17060095684268,17060095705454,0,0,256,1,1,786432,1,1
"KERNEL_DISPATCH",4,2,78,"void tile_fp16_gemm<128, 64, 4, 8, 32>(__half const*, __half const*, float*, float*, int, int, long)",1831,17060095705454,17060096130353,0,25088,256,1,1,6656,1,8
"KERNEL_DISPATCH",4,2,79,"tile_fp16_reduce(float const*, float*, int, int)",1832,17060096130353,17060096155242,0,0,256,1,1,53248,1,1
"KERNEL_DISPATCH",4,2,21,"void dequantize_block_iq3_s<__half>(void const*, __half*)",1833,17060096175835,17060096304727,0,0,32,1,1,1277952,1,1
"KERNEL_DISPATCH",4,2,61,"void convert_unary<float, __half>(void const*, __half*, long, long, long, HIP_vector_type<unsigned int, 3u>, long, long, long)",1834,17060096304727,17060096326950,0,0,256,1,1,786432,1,1
"KERNEL_DISPATCH",4,2,78,"void tile_fp16_gemm<128, 64, 4, 8, 32>(__half const*, __half const*, float*, float*, int, int, long)",1835,17060096326950,17060096800147,0,25088,256,1,1,6656,1,8
"KERNEL_DISPATCH",4,2,79,"tile_fp16_reduce(float const*, float*, int, int)",1836,17060096800147,17060096828148,0,0,256,1,1,53248,1,1
"KERNEL_DISPATCH",4,2,21,"void dequantize_block_iq3_s<__half>(void const*, __half*)",1837,17060096850222,17060096994226,0,0,32,1,1,1277952,1,1
"KERNEL_DISPATCH",4,2,61,"void convert_unary<float, __half>(void const*, __half*, long, long, long, HIP_vector_type<unsigned int, 3u>, long, long, long)",1838,17060096994226,17060097017041,0,0,256,1,1,786432,1,1
"KERNEL_DISPATCH",4,2,78,"void tile_fp16_gemm<128, 64, 4, 8, 32>(__half const*, __half const*, float*, float*, int, int, long)",1839,17060097017041,17060097490979,0,25088,256,1,1,6656,1,8
"KERNEL_DISPATCH",4,2,79,"tile_fp16_reduce(float const*, float*, int, int)",1840,17060097490979,17060097519127,0,0,256,1,1,53248,1,1
"KERNEL_DISPATCH",4,2,21,"void dequantize_block_iq3_s<__half>(void const*, __half*)",1841,17060097541054,17060097685206,0,0,32,1,1,1277952,1,1
"KERNEL_DISPATCH",4,2,61,"void convert_unary<float, __half>(void const*, __half*, long, long, long, HIP_vector_type<unsigned int, 3u>, long, long, long)",1842,17060097685206,17060097707873,0,0,256,1,1,786432,1,1
"KERNEL_DISPATCH",4,2,78,"void tile_fp16_gemm<128, 64, 4, 8, 32>(__half const*, __half const*, float*, float*, int, int, long)",1843,17060097707873,17060098170995,0,25088,256,1,1,6656,1,8
"KERNEL_DISPATCH",4,2,79,"tile_fp16_reduce(float const*, float*, int, int)",1844,17060098170995,17060098199144,0,0,256,1,1,53248,1,1
"KERNEL_DISPATCH",4,2,21,"void dequantize_block_iq3_s<__half>(void const*, __half*)",1845,17060098221367,17060098365222,0,0,32,1,1,1277952,1,1
"KERNEL_DISPATCH",4,2,61,"void convert_unary<float, __half>(void const*, __half*, long, long, long, HIP_vector_type<unsigned int, 3u>, long, long, long)",1846,17060098365222,17060098388186,0,0,256,1,1,786432,1,1
"KERNEL_DISPATCH",4,2,78,"void tile_fp16_gemm<128, 64, 4, 8, 32>(__half const*, __half const*, float*, float*, int, int, long)",1847,17060098388186,17060098856493,0,25088,256,1,1,6656,1,8
"KERNEL_DISPATCH",4,2,79,"tile_fp16_reduce(float const*, float*, int, int)",1848,17060098856493,17060098884642,0,0,256,1,1,53248,1,1
"KERNEL_DISPATCH",4,2,21,"void dequantize_block_iq3_s<__half>(void const*, __half*)",1849,17060098906421,17060099050424,0,0,32,1,1,1277952,1,1
"KERNEL_DISPATCH",4,2,61,"void convert_unary<float, __half>(void const*, __half*, long, long, long, HIP_vector_type<unsigned int, 3u>, long, long, long)",1850,17060099050424,17060099073388,0,0,256,1,1,786432,1,1
"KERNEL_DISPATCH",4,2,78,"void tile_fp16_gemm<128, 64, 4, 8, 32>(__half const*, __half const*, float*, float*, int, int, long)",1851,17060099073388,17060099540955,0,25088,256,1,1,6656,1,8
"KERNEL_DISPATCH",4,2,79,"tile_fp16_reduce(float const*, float*, int, int)",1852,17060099540955,17060099565992,0,0,256,1,1,53248,1,1
"KERNEL_DISPATCH",4,2,21,"void dequantize_block_iq3_s<__half>(void const*, __half*)",1853,17060099586585,17060099715477,0,0,32,1,1,1277952,1,1
"KERNEL_DISPATCH",4,2,61,"void convert_unary<float, __half>(void const*, __half*, long, long, long, HIP_vector_type<unsigned int, 3u>, long, long, long)",1854,17060099715477,17060099735626,0,0,256,1,1,786432,1,1
"KERNEL_DISPATCH",4,2,78,"void tile_fp16_gemm<128, 64, 4, 8, 32>(__half const*, __half const*, float*, float*, int, int, long)",1855,17060099735626,17060100159933,0,25088,256,1,1,6656,1,8
"KERNEL_DISPATCH",4,2,79,"tile_fp16_reduce(float const*, float*, int, int)",1856,17060100159933,17060100184970,0,0,256,1,1,53248,1,1
"KERNEL_DISPATCH",4,2,21,"void dequantize_block_iq3_s<__half>(void const*, __half*)",1857,17060100205563,17060100337122,0,0,32,1,1,1277952,1,1
"KERNEL_DISPATCH",4,2,61,"void convert_unary<float, __half>(void const*, __half*, long, long, long, HIP_vector_type<unsigned int, 3u>, long, long, long)",1858,17060100337122,17060100359345,0,0,256,1,1,786432,1,1
"KERNEL_DISPATCH",4,2,78,"void tile_fp16_gemm<128, 64, 4, 8, 32>(__half const*, __half const*, float*, float*, int, int, long)",1859,17060100359345,17060100831505,0,25088,256,1,1,6656,1,8
"KERNEL_DISPATCH",4,2,79,"tile_fp16_reduce(float const*, float*, int, int)",1860,17060100831505,17060100859505,0,0,256,1,1,53248,1,1
"KERNEL_DISPATCH",4,2,21,"void dequantize_block_iq3_s<__half>(void const*, __half*)",1861,17060100881135,17060101025287,0,0,32,1,1,1277952,1,1
"KERNEL_DISPATCH",4,2,61,"void convert_unary<float, __half>(void const*, __half*, long, long, long, HIP_vector_type<unsigned int, 3u>, long, long, long)",1862,17060101025287,17060101048102,0,0,256,1,1,786432,1,1
"KERNEL_DISPATCH",4,2,78,"void tile_fp16_gemm<128, 64, 4, 8, 32>(__half const*, __half const*, float*, float*, int, int, long)",1863,17060101048102,17060101504558,0,25088,256,1,1,6656,1,8
"KERNEL_DISPATCH",4,2,79,"tile_fp16_reduce(float const*, float*, int, int)",1864,17060101504558,17060101533299,0,0,256,1,1,53248,1,1
"KERNEL_DISPATCH",4,2,21,"void dequantize_block_iq3_s<__half>(void const*, __half*)",1865,17060101555078,17060101698933,0,0,32,1,1,1277952,1,1
"KERNEL_DISPATCH",4,2,61,"void convert_unary<float, __half>(void const*, __half*, long, long, long, HIP_vector_type<unsigned int, 3u>, long, long, long)",1866,17060101698933,17060101722045,0,0,256,1,1,786432,1,1
"KERNEL_DISPATCH",4,2,78,"void tile_fp16_gemm<128, 64, 4, 8, 32>(__half const*, __half const*, float*, float*, int, int, long)",1867,17060101722045,17060102194056,0,25088,256,1,1,6656,1,8
"KERNEL_DISPATCH",4,2,79,"tile_fp16_reduce(float const*, float*, int, int)",1868,17060102194056,17060102221909,0,0,256,1,1,53248,1,1
"KERNEL_DISPATCH",4,2,21,"void dequantize_block_iq3_s<__half>(void const*, __half*)",1869,17060102243835,17060102383394,0,0,32,1,1,1277952,1,1
"KERNEL_DISPATCH",4,2,61,"void convert_unary<float, __half>(void const*, __half*, long, long, long, HIP_vector_type<unsigned int, 3u>, long, long, long)",1870,17060102383394,17060102415691,0,0,256,1,1,786432,1,1
"KERNEL_DISPATCH",4,2,78,"void tile_fp16_gemm<128, 64, 4, 8, 32>(__half const*, __half const*, float*, float*, int, int, long)",1871,17060102415691,17060102845776,0,25088,256,1,1,6656,1,8
"KERNEL_DISPATCH",4,2,79,"tile_fp16_reduce(float const*, float*, int, int)",1872,17060102845776,17060102870962,0,0,256,1,1,53248,1,1
"KERNEL_DISPATCH",4,2,21,"void dequantize_block_iq3_s<__half>(void const*, __half*)",1873,17060102891259,17060103020299,0,0,32,1,1,1277952,1,1
"KERNEL_DISPATCH",4,2,61,"void convert_unary<float, __half>(void const*, __half*, long, long, long, HIP_vector_type<unsigned int, 3u>, long, long, long)",1874,17060103020299,17060103040744,0,0,256,1,1,786432,1,1
"KERNEL_DISPATCH",4,2,78,"void tile_fp16_gemm<128, 64, 4, 8, 32>(__half const*, __half const*, float*, float*, int, int, long)",1875,17060103040744,17060103482977,0,25088,256,1,1,6656,1,8
"KERNEL_DISPATCH",4,2,79,"tile_fp16_reduce(float const*, float*, int, int)",1876,17060103482977,17060103508014,0,0,256,1,1,53248,1,1
"KERNEL_DISPATCH",4,2,21,"void dequantize_block_iq3_s<__half>(void const*, __half*)",1877,17060103528607,17060103657648,0,0,32,1,1,1277952,1,1
"KERNEL_DISPATCH",4,2,61,"void convert_unary<float, __half>(void const*, __half*, long, long, long, HIP_vector_type<unsigned int, 3u>, long, long, long)",1878,17060103657648,17060103678241,0,0,256,1,1,786432,1,1
"KERNEL_DISPATCH",4,2,78,"void tile_fp16_gemm<128, 64, 4, 8, 32>(__half const*, __half const*, float*, float*, int, int, long)",1879,17060103678241,17060104102103,0,25088,256,1,1,6656,1,8
"KERNEL_DISPATCH",4,2,79,"tile_fp16_reduce(float const*, float*, int, int)",1880,17060104102103,17060104127141,0,0,256,1,1,53248,1,1
"KERNEL_DISPATCH",4,2,21,"void dequantize_block_iq3_s<__half>(void const*, __half*)",1881,17060104147734,17060104276774,0,0,32,1,1,1277952,1,1
"KERNEL_DISPATCH",4,2,61,"void convert_unary<float, __half>(void const*, __half*, long, long, long, HIP_vector_type<unsigned int, 3u>, long, long, long)",1882,17060104276774,17060104297219,0,0,256,1,1,786432,1,1
"KERNEL_DISPATCH",4,2,78,"void tile_fp16_gemm<128, 64, 4, 8, 32>(__half const*, __half const*, float*, float*, int, int, long)",1883,17060104297219,17060104770119,0,25088,256,1,1,6656,1,8
"KERNEL_DISPATCH",4,2,79,"tile_fp16_reduce(float const*, float*, int, int)",1884,17060104770119,17060104798120,0,0,256,1,1,53248,1,1
"KERNEL_DISPATCH",4,2,21,"void dequantize_block_iq3_s<__half>(void const*, __half*)",1885,17060104820343,17060104964346,0,0,32,1,1,1277952,1,1
"KERNEL_DISPATCH",4,2,61,"void convert_unary<float, __half>(void const*, __half*, long, long, long, HIP_vector_type<unsigned int, 3u>, long, long, long)",1886,17060104964346,17060104987162,0,0,256,1,1,786432,1,1
"KERNEL_DISPATCH",4,2,78,"void tile_fp16_gemm<128, 64, 4, 8, 32>(__half const*, __half const*, float*, float*, int, int, long)",1887,17060104987162,17060105455469,0,25088,256,1,1,6656,1,8
"KERNEL_DISPATCH",4,2,79,"tile_fp16_reduce(float const*, float*, int, int)",1888,17060105455469,17060105483914,0,0,256,1,1,53248,1,1
"KERNEL_DISPATCH",4,2,21,"void dequantize_block_iq3_s<__half>(void const*, __half*)",1889,17060105506285,17060105650585,0,0,32,1,1,1277952,1,1
"KERNEL_DISPATCH",4,2,61,"void convert_unary<float, __half>(void const*, __half*, long, long, long, HIP_vector_type<unsigned int, 3u>, long, long, long)",1890,17060105650585,17060105673401,0,0,256,1,1,786432,1,1
"KERNEL_DISPATCH",4,2,78,"void tile_fp16_gemm<128, 64, 4, 8, 32>(__half const*, __half const*, float*, float*, int, int, long)",1891,17060105673401,17060106143190,0,25088,256,1,1,6656,1,8
"KERNEL_DISPATCH",4,2,79,"tile_fp16_reduce(float const*, float*, int, int)",1892,17060106143190,17060106171487,0,0,256,1,1,53248,1,1
"KERNEL_DISPATCH",4,2,21,"void dequantize_block_iq3_s<__half>(void const*, __half*)",1893,17060106193561,17060106337713,0,0,32,1,1,1277952,1,1
"KERNEL_DISPATCH",4,2,61,"void convert_unary<float, __half>(void const*, __half*, long, long, long, HIP_vector_type<unsigned int, 3u>, long, long, long)",1894,17060106337713,17060106360380,0,0,256,1,1,786432,1,1
"KERNEL_DISPATCH",4,2,78,"void tile_fp16_gemm<128, 64, 4, 8, 32>(__half const*, __half const*, float*, float*, int, int, long)",1895,17060106360380,17060106834170,0,25088,256,1,1,6656,1,8
"KERNEL_DISPATCH",4,2,79,"tile_fp16_reduce(float const*, float*, int, int)",1896,17060106834170,17060106862170,0,0,256,1,1,53248,1,1
"KERNEL_DISPATCH",4,2,21,"void dequantize_block_iq3_s<__half>(void const*, __half*)",1897,17060106884245,17060107028545,0,0,32,1,1,1277952,1,1
"KERNEL_DISPATCH",4,2,61,"void convert_unary<float, __half>(void const*, __half*, long, long, long, HIP_vector_type<unsigned int, 3u>, long, long, long)",1898,17060107028545,17060107051656,0,0,256,1,1,786432,1,1
"KERNEL_DISPATCH",4,2,78,"void tile_fp16_gemm<128, 64, 4, 8, 32>(__half const*, __half const*, float*, float*, int, int, long)",1899,17060107051656,17060107505890,0,25088,256,1,1,6656,1,8
"KERNEL_DISPATCH",4,2,79,"tile_fp16_reduce(float const*, float*, int, int)",1900,17060107505890,17060107531372,0,0,256,1,1,53248,1,1
"KERNEL_DISPATCH",4,2,21,"void dequantize_block_iq3_s<__half>(void const*, __half*)",1901,17060107552113,17060107681153,0,0,32,1,1,1277952,1,1
"KERNEL_DISPATCH",4,2,61,"void convert_unary<float, __half>(void const*, __half*, long, long, long, HIP_vector_type<unsigned int, 3u>, long, long, long)",1902,17060107681153,17060107701450,0,0,256,1,1,786432,1,1
"KERNEL_DISPATCH",4,2,78,"void tile_fp16_gemm<128, 64, 4, 8, 32>(__half const*, __half const*, float*, float*, int, int, long)",1903,17060107701450,17060108129609,0,25088,256,1,1,6656,1,8
"KERNEL_DISPATCH",4,2,79,"tile_fp16_reduce(float const*, float*, int, int)",1904,17060108129609,17060108154646,0,0,256,1,1,53248,1,1
"KERNEL_DISPATCH",4,2,21,"void dequantize_block_iq3_s<__half>(void const*, __half*)",1905,17060108174795,17060108303983,0,0,32,1,1,1277952,1,1
"KERNEL_DISPATCH",4,2,61,"void convert_unary<float, __half>(void const*, __half*, long, long, long, HIP_vector_type<unsigned int, 3u>, long, long, long)",1906,17060108303983,17060108325910,0,0,256,1,1,786432,1,1
"KERNEL_DISPATCH",4,2,78,"void tile_fp16_gemm<128, 64, 4, 8, 32>(__half const*, __half const*, float*, float*, int, int, long)",1907,17060108325910,17060108803255,0,25088,256,1,1,6656,1,8
"KERNEL_DISPATCH",4,2,79,"tile_fp16_reduce(float const*, float*, int, int)",1908,17060108803255,17060108831700,0,0,256,1,1,53248,1,1
"KERNEL_DISPATCH",4,2,21,"void dequantize_block_iq3_s<__half>(void const*, __half*)",1909,17060108853478,17060108997334,0,0,32,1,1,1277952,1,1
"KERNEL_DISPATCH",4,2,61,"void convert_unary<float, __half>(void const*, __half*, long, long, long, HIP_vector_type<unsigned int, 3u>, long, long, long)",1910,17060108997334,17060109020445,0,0,256,1,1,786432,1,1
"KERNEL_DISPATCH",4,2,78,"void tile_fp16_gemm<128, 64, 4, 8, 32>(__half const*, __half const*, float*, float*, int, int, long)",1911,17060109020445,17060109506976,0,25088,256,1,1,6656,1,8
"KERNEL_DISPATCH",4,2,79,"tile_fp16_reduce(float const*, float*, int, int)",1912,17060109506976,17060109534828,0,0,256,1,1,53248,1,1
"KERNEL_DISPATCH",4,2,21,"void dequantize_block_iq3_s<__half>(void const*, __half*)",1913,17060109556755,17060109700610,0,0,32,1,1,1277952,1,1
"KERNEL_DISPATCH",4,2,61,"void convert_unary<float, __half>(void const*, __half*, long, long, long, HIP_vector_type<unsigned int, 3u>, long, long, long)",1914,17060109700610,17060109723425,0,0,256,1,1,786432,1,1
"KERNEL_DISPATCH",4,2,78,"void tile_fp16_gemm<128, 64, 4, 8, 32>(__half const*, __half const*, float*, float*, int, int, long)",1915,17060109723425,17060110188770,0,25088,256,1,1,6656,1,8
"KERNEL_DISPATCH",4,2,79,"tile_fp16_reduce(float const*, float*, int, int)",1916,17060110188770,17060110216919,0,0,256,1,1,53248,1,1
"KERNEL_DISPATCH",4,2,21,"void dequantize_block_iq3_s<__half>(void const*, __half*)",1917,17060110239438,17060110383590,0,0,32,1,1,1277952,1,1
"KERNEL_DISPATCH",4,2,61,"void convert_unary<float, __half>(void const*, __half*, long, long, long, HIP_vector_type<unsigned int, 3u>, long, long, long)",1918,17060110383590,17060110406553,0,0,256,1,1,786432,1,1
"KERNEL_DISPATCH",4,2,78,"void tile_fp16_gemm<128, 64, 4, 8, 32>(__half const*, __half const*, float*, float*, int, int, long)",1919,17060110406553,17060110881083,0,25088,256,1,1,6656,1,8
"KERNEL_DISPATCH",4,2,79,"tile_fp16_reduce(float const*, float*, int, int)",1920,17060110881083,17060110909528,0,0,256,1,1,53248,1,1
"KERNEL_DISPATCH",4,2,21,"void dequantize_block_iq3_s<__half>(void const*, __half*)",1921,17060110931455,17060111075458,0,0,32,1,1,1277952,1,1
"KERNEL_DISPATCH",4,2,61,"void convert_unary<float, __half>(void const*, __half*, long, long, long, HIP_vector_type<unsigned int, 3u>, long, long, long)",1922,17060111075458,17060111098274,0,0,256,1,1,786432,1,1
"KERNEL_DISPATCH",4,2,78,"void tile_fp16_gemm<128, 64, 4, 8, 32>(__half const*, __half const*, float*, float*, int, int, long)",1923,17060111098274,17060111551766,0,25088,256,1,1,6656,1,8
"KERNEL_DISPATCH",4,2,79,"tile_fp16_reduce(float const*, float*, int, int)",1924,17060111551766,17060111576952,0,0,256,1,1,53248,1,1
"KERNEL_DISPATCH",4,2,21,"void dequantize_block_iq3_s<__half>(void const*, __half*)",1925,17060111597545,17060111726437,0,0,32,1,1,1277952,1,1
"KERNEL_DISPATCH",4,2,61,"void convert_unary<float, __half>(void const*, __half*, long, long, long, HIP_vector_type<unsigned int, 3u>, long, long, long)",1926,17060111726437,17060111747327,0,0,256,1,1,786432,1,1
"KERNEL_DISPATCH",4,2,78,"void tile_fp16_gemm<128, 64, 4, 8, 32>(__half const*, __half const*, float*, float*, int, int, long)",1927,17060111747327,17060112166300,0,25088,256,1,1,6656,1,8
"KERNEL_DISPATCH",4,2,79,"tile_fp16_reduce(float const*, float*, int, int)",1928,17060112166300,17060112191634,0,0,256,1,1,53248,1,1
"KERNEL_DISPATCH",4,2,21,"void dequantize_block_iq3_s<__half>(void const*, __half*)",1929,17060112211931,17060112344230,0,0,32,1,1,1277952,1,1
"KERNEL_DISPATCH",4,2,61,"void convert_unary<float, __half>(void const*, __half*, long, long, long, HIP_vector_type<unsigned int, 3u>, long, long, long)",1930,17060112344230,17060112366601,0,0,256,1,1,786432,1,1
"KERNEL_DISPATCH",4,2,78,"void tile_fp16_gemm<128, 64, 4, 8, 32>(__half const*, __half const*, float*, float*, int, int, long)",1931,17060112366601,17060112851946,0,25088,256,1,1,6656,1,8
"KERNEL_DISPATCH",4,2,79,"tile_fp16_reduce(float const*, float*, int, int)",1932,17060112851946,17060112879799,0,0,256,1,1,53248,1,1
"KERNEL_DISPATCH",4,2,21,"void dequantize_block_iq3_s<__half>(void const*, __half*)",1933,17060112901281,17060113045284,0,0,32,1,1,1277952,1,1
"KERNEL_DISPATCH",4,2,61,"void convert_unary<float, __half>(void const*, __half*, long, long, long, HIP_vector_type<unsigned int, 3u>, long, long, long)",1934,17060113045284,17060113067951,0,0,256,1,1,786432,1,1
"KERNEL_DISPATCH",4,2,78,"void tile_fp16_gemm<128, 64, 4, 8, 32>(__half const*, __half const*, float*, float*, int, int, long)",1935,17060113067951,17060113535667,0,25088,256,1,1,6656,1,8
"KERNEL_DISPATCH",4,2,79,"tile_fp16_reduce(float const*, float*, int, int)",1936,17060113535667,17060113563964,0,0,256,1,1,53248,1,1
"KERNEL_DISPATCH",4,2,21,"void dequantize_block_iq3_s<__half>(void const*, __half*)",1937,17060113586038,17060113730042,0,0,32,1,1,1277952,1,1
"KERNEL_DISPATCH",4,2,61,"void convert_unary<float, __half>(void const*, __half*, long, long, long, HIP_vector_type<unsigned int, 3u>, long, long, long)",1938,17060113730042,17060113752857,0,0,256,1,1,786432,1,1
"KERNEL_DISPATCH",4,2,78,"void tile_fp16_gemm<128, 64, 4, 8, 32>(__half const*, __half const*, float*, float*, int, int, long)",1939,17060113752857,17060114222350,0,25088,256,1,1,6656,1,8
"KERNEL_DISPATCH",4,2,79,"tile_fp16_reduce(float const*, float*, int, int)",1940,17060114222350,17060114250795,0,0,256,1,1,53248,1,1
"KERNEL_DISPATCH",4,2,21,"void dequantize_block_iq3_s<__half>(void const*, __half*)",1941,17060114272573,17060114416725,0,0,32,1,1,1277952,1,1
"KERNEL_DISPATCH",4,2,61,"void convert_unary<float, __half>(void const*, __half*, long, long, long, HIP_vector_type<unsigned int, 3u>, long, long, long)",1942,17060114416725,17060114439689,0,0,256,1,1,786432,1,1
"KERNEL_DISPATCH",4,2,78,"void tile_fp16_gemm<128, 64, 4, 8, 32>(__half const*, __half const*, float*, float*, int, int, long)",1943,17060114439689,17060114902515,0,25088,256,1,1,6656,1,8
"KERNEL_DISPATCH",4,2,79,"tile_fp16_reduce(float const*, float*, int, int)",1944,17060114902515,17060114930367,0,0,256,1,1,53248,1,1
"KERNEL_DISPATCH",4,2,21,"void dequantize_block_iq3_s<__half>(void const*, __half*)",1945,17060114952442,17060115096445,0,0,32,1,1,1277952,1,1
"KERNEL_DISPATCH",4,2,61,"void convert_unary<float, __half>(void const*, __half*, long, long, long, HIP_vector_type<unsigned int, 3u>, long, long, long)",1946,17060115096445,17060115119113,0,0,256,1,1,786432,1,1
"KERNEL_DISPATCH",4,2,78,"void tile_fp16_gemm<128, 64, 4, 8, 32>(__half const*, __half const*, float*, float*, int, int, long)",1947,17060115119113,17060115579272,0,25088,256,1,1,6656,1,8
"KERNEL_DISPATCH",4,2,79,"tile_fp16_reduce(float const*, float*, int, int)",1948,17060115579272,17060115604310,0,0,256,1,1,53248,1,1
"KERNEL_DISPATCH",4,2,21,"void dequantize_block_iq3_s<__half>(void const*, __half*)",1949,17060115624755,17060115753647,0,0,32,1,1,1277952,1,1
"KERNEL_DISPATCH",4,2,61,"void convert_unary<float, __half>(void const*, __half*, long, long, long, HIP_vector_type<unsigned int, 3u>, long, long, long)",1950,17060115753647,17060115774388,0,0,256,1,1,786432,1,1
"KERNEL_DISPATCH",4,2,78,"void tile_fp16_gemm<128, 64, 4, 8, 32>(__half const*, __half const*, float*, float*, int, int, long)",1951,17060115774388,17060116210547,0,25088,256,1,1,6656,1,8
"KERNEL_DISPATCH",4,2,79,"tile_fp16_reduce(float const*, float*, int, int)",1952,17060116210547,17060116235881,0,0,256,1,1,53248,1,1
"KERNEL_DISPATCH",4,2,21,"void dequantize_block_iq3_s<__half>(void const*, __half*)",1953,17060116256326,17060116400773,0,0,32,1,1,1277952,1,1
"KERNEL_DISPATCH",4,2,61,"void convert_unary<float, __half>(void const*, __half*, long, long, long, HIP_vector_type<unsigned int, 3u>, long, long, long)",1954,17060116400773,17060116423737,0,0,256,1,1,786432,1,1
"KERNEL_DISPATCH",4,2,78,"void tile_fp16_gemm<128, 64, 4, 8, 32>(__half const*, __half const*, float*, float*, int, int, long)",1955,17060116423737,17060116886563,0,25088,256,1,1,6656,1,8
"KERNEL_DISPATCH",4,2,79,"tile_fp16_reduce(float const*, float*, int, int)",1956,17060116886563,17060116914416,0,0,256,1,1,53248,1,1
"KERNEL_DISPATCH",4,2,21,"void dequantize_block_iq3_s<__half>(void const*, __half*)",1957,17060116936046,17060117079753,0,0,32,1,1,1277952,1,1
"KERNEL_DISPATCH",4,2,61,"void convert_unary<float, __half>(void const*, __half*, long, long, long, HIP_vector_type<unsigned int, 3u>, long, long, long)",1958,17060117079753,17060117102568,0,0,256,1,1,786432,1,1
"KERNEL_DISPATCH",4,2,78,"void tile_fp16_gemm<128, 64, 4, 8, 32>(__half const*, __half const*, float*, float*, int, int, long)",1959,17060117102568,17060117586728,0,25088,256,1,1,6656,1,8
"KERNEL_DISPATCH",4,2,79,"tile_fp16_reduce(float const*, float*, int, int)",1960,17060117586728,17060117615025,0,0,256,1,1,53248,1,1
"KERNEL_DISPATCH",4,2,21,"void dequantize_block_iq3_s<__half>(void const*, __half*)",1961,17060117637396,17060117781696,0,0,32,1,1,1277952,1,1
"KERNEL_DISPATCH",4,2,61,"void convert_unary<float, __half>(void const*, __half*, long, long, long, HIP_vector_type<unsigned int, 3u>, long, long, long)",1962,17060117781696,17060117804660,0,0,256,1,1,786432,1,1
"KERNEL_DISPATCH",4,2,78,"void tile_fp16_gemm<128, 64, 4, 8, 32>(__half const*, __half const*, float*, float*, int, int, long)",1963,17060117804660,17060118276227,0,25088,256,1,1,6656,1,8
"KERNEL_DISPATCH",4,2,79,"tile_fp16_reduce(float const*, float*, int, int)",1964,17060118276227,17060118304227,0,0,256,1,1,53248,1,1
"KERNEL_DISPATCH",4,2,21,"void dequantize_block_iq3_s<__half>(void const*, __half*)",1965,17060118326154,17060118470009,0,0,32,1,1,1277952,1,1
"KERNEL_DISPATCH",4,2,61,"void convert_unary<float, __half>(void const*, __half*, long, long, long, HIP_vector_type<unsigned int, 3u>, long, long, long)",1966,17060118470009,17060118492825,0,0,256,1,1,786432,1,1
"KERNEL_DISPATCH",4,2,78,"void tile_fp16_gemm<128, 64, 4, 8, 32>(__half const*, __half const*, float*, float*, int, int, long)",1967,17060118492825,17060118949725,0,25088,256,1,1,6656,1,8
"KERNEL_DISPATCH",4,2,79,"tile_fp16_reduce(float const*, float*, int, int)",1968,17060118949725,17060118978022,0,0,256,1,1,53248,1,1
"KERNEL_DISPATCH",4,2,21,"void dequantize_block_iq3_s<__half>(void const*, __half*)",1969,17060118999948,17060119143803,0,0,32,1,1,1277952,1,1
"KERNEL_DISPATCH",4,2,61,"void convert_unary<float, __half>(void const*, __half*, long, long, long, HIP_vector_type<unsigned int, 3u>, long, long, long)",1970,17060119143803,17060119166471,0,0,256,1,1,786432,1,1
"KERNEL_DISPATCH",4,2,78,"void tile_fp16_gemm<128, 64, 4, 8, 32>(__half const*, __half const*, float*, float*, int, int, long)",1971,17060119166471,17060119638038,0,25088,256,1,1,6656,1,8
"KERNEL_DISPATCH",4,2,79,"tile_fp16_reduce(float const*, float*, int, int)",1972,17060119638038,17060119663372,0,0,256,1,1,53248,1,1
"KERNEL_DISPATCH",4,2,21,"void dequantize_block_iq3_s<__half>(void const*, __half*)",1973,17060119684261,17060119813153,0,0,32,1,1,1277952,1,1
"KERNEL_DISPATCH",4,2,61,"void convert_unary<float, __half>(void const*, __half*, long, long, long, HIP_vector_type<unsigned int, 3u>, long, long, long)",1974,17060119813153,17060119833894,0,0,256,1,1,786432,1,1
"KERNEL_DISPATCH",4,2,78,"void tile_fp16_gemm<128, 64, 4, 8, 32>(__half const*, __half const*, float*, float*, int, int, long)",1975,17060119833894,17060120258794,0,25088,256,1,1,6656,1,8
"KERNEL_DISPATCH",4,2,79,"tile_fp16_reduce(float const*, float*, int, int)",1976,17060120258794,17060120283831,0,0,256,1,1,53248,1,1
"KERNEL_DISPATCH",4,2,21,"void dequantize_block_iq3_s<__half>(void const*, __half*)",1977,17060120304424,17060120454354,0,0,32,1,1,1277952,1,1
"KERNEL_DISPATCH",4,2,61,"void convert_unary<float, __half>(void const*, __half*, long, long, long, HIP_vector_type<unsigned int, 3u>, long, long, long)",1978,17060120454354,17060120477466,0,0,256,1,1,786432,1,1
"KERNEL_DISPATCH",4,2,78,"void tile_fp16_gemm<128, 64, 4, 8, 32>(__half const*, __half const*, float*, float*, int, int, long)",1979,17060120477466,17060120933329,0,25088,256,1,1,6656,1,8
"KERNEL_DISPATCH",4,2,79,"tile_fp16_reduce(float const*, float*, int, int)",1980,17060120933329,17060120960885,0,0,256,1,1,53248,1,1
"KERNEL_DISPATCH",4,2,21,"void dequantize_block_iq3_s<__half>(void const*, __half*)",1981,17060120983108,17060121126963,0,0,32,1,1,1277952,1,1
"KERNEL_DISPATCH",4,2,61,"void convert_unary<float, __half>(void const*, __half*, long, long, long, HIP_vector_type<unsigned int, 3u>, long, long, long)",1982,17060121126963,17060121149630,0,0,256,1,1,786432,1,1
"KERNEL_DISPATCH",4,2,78,"void tile_fp16_gemm<128, 64, 4, 8, 32>(__half const*, __half const*, float*, float*, int, int, long)",1983,17060121149630,17060121615271,0,25088,256,1,1,6656,1,8
"KERNEL_DISPATCH",4,2,79,"tile_fp16_reduce(float const*, float*, int, int)",1984,17060121615271,17060121643420,0,0,256,1,1,53248,1,1
"KERNEL_DISPATCH",4,2,21,"void dequantize_block_iq3_s<__half>(void const*, __half*)",1985,17060121665495,17060121809498,0,0,32,1,1,1277952,1,1
"KERNEL_DISPATCH",4,2,61,"void convert_unary<float, __half>(void const*, __half*, long, long, long, HIP_vector_type<unsigned int, 3u>, long, long, long)",1986,17060121809498,17060121832610,0,0,256,1,1,786432,1,1
"KERNEL_DISPATCH",4,2,78,"void tile_fp16_gemm<128, 64, 4, 8, 32>(__half const*, __half const*, float*, float*, int, int, long)",1987,17060121832610,17060122284917,0,25088,256,1,1,6656,1,8
"KERNEL_DISPATCH",4,2,79,"tile_fp16_reduce(float const*, float*, int, int)",1988,17060122284917,17060122312918,0,0,256,1,1,53248,1,1
"KERNEL_DISPATCH",4,2,21,"void dequantize_block_iq3_s<__half>(void const*, __half*)",1989,17060122335289,17060122479440,0,0,32,1,1,1277952,1,1
"KERNEL_DISPATCH",4,2,61,"void convert_unary<float, __half>(void const*, __half*, long, long, long, HIP_vector_type<unsigned int, 3u>, long, long, long)",1990,17060122479440,17060122501811,0,0,256,1,1,786432,1,1
"KERNEL_DISPATCH",4,2,78,"void tile_fp16_gemm<128, 64, 4, 8, 32>(__half const*, __half const*, float*, float*, int, int, long)",1991,17060122501811,17060122968045,0,25088,256,1,1,6656,1,8
"KERNEL_DISPATCH",4,2,79,"tile_fp16_reduce(float const*, float*, int, int)",1992,17060122968045,17060122996046,0,0,256,1,1,53248,1,1
"KERNEL_DISPATCH",4,2,21,"void dequantize_block_iq3_s<__half>(void const*, __half*)",1993,17060123017972,17060123162124,0,0,32,1,1,1277952,1,1
"KERNEL_DISPATCH",4,2,61,"void convert_unary<float, __half>(void const*, __half*, long, long, long, HIP_vector_type<unsigned int, 3u>, long, long, long)",1994,17060123162124,17060123185235,0,0,256,1,1,786432,1,1
"KERNEL_DISPATCH",4,2,78,"void tile_fp16_gemm<128, 64, 4, 8, 32>(__half const*, __half const*, float*, float*, int, int, long)",1995,17060123185235,17060123640654,0,25088,256,1,1,6656,1,8
"KERNEL_DISPATCH",4,2,79,"tile_fp16_reduce(float const*, float*, int, int)",1996,17060123640654,17060123665988,0,0,256,1,1,53248,1,1
"KERNEL_DISPATCH",4,2,21,"void dequantize_block_iq3_s<__half>(void const*, __half*)",1997,17060123686433,17060123815621,0,0,32,1,1,1277952,1,1
"KERNEL_DISPATCH",4,2,61,"void convert_unary<float, __half>(void const*, __half*, long, long, long, HIP_vector_type<unsigned int, 3u>, long, long, long)",1998,17060123815621,17060123836214,0,0,256,1,1,786432,1,1
"KERNEL_DISPATCH",4,2,78,"void tile_fp16_gemm<128, 64, 4, 8, 32>(__half const*, __half const*, float*, float*, int, int, long)",1999,17060123836214,17060124273558,0,25088,256,1,1,6656,1,8
"KERNEL_DISPATCH",4,2,79,"tile_fp16_reduce(float const*, float*, int, int)",2000,17060124273558,17060124298448,0,0,256,1,1,53248,1,1
"KERNEL_DISPATCH",4,2,21,"void dequantize_block_iq3_s<__half>(void const*, __half*)",2001,17060124319189,17060124470896,0,0,32,1,1,1277952,1,1
"KERNEL_DISPATCH",4,2,61,"void convert_unary<float, __half>(void const*, __half*, long, long, long, HIP_vector_type<unsigned int, 3u>, long, long, long)",2002,17060124470896,17060124494304,0,0,256,1,1,786432,1,1
"KERNEL_DISPATCH",4,2,78,"void tile_fp16_gemm<128, 64, 4, 8, 32>(__half const*, __half const*, float*, float*, int, int, long)",2003,17060124494304,17060124966612,0,25088,256,1,1,6656,1,8
"KERNEL_DISPATCH",4,2,79,"tile_fp16_reduce(float const*, float*, int, int)",2004,17060124966612,17060124994761,0,0,256,1,1,53248,1,1
"KERNEL_DISPATCH",4,2,21,"void dequantize_block_iq3_s<__half>(void const*, __half*)",2005,17060125016391,17060125160543,0,0,32,1,1,1277952,1,1
"KERNEL_DISPATCH",4,2,61,"void convert_unary<float, __half>(void const*, __half*, long, long, long, HIP_vector_type<unsigned int, 3u>, long, long, long)",2006,17060125160543,17060125183655,0,0,256,1,1,786432,1,1
"KERNEL_DISPATCH",4,2,78,"void tile_fp16_gemm<128, 64, 4, 8, 32>(__half const*, __half const*, float*, float*, int, int, long)",2007,17060125183655,17060125639666,0,25088,256,1,1,6656,1,8
"KERNEL_DISPATCH",4,2,79,"tile_fp16_reduce(float const*, float*, int, int)",2008,17060125639666,17060125664703,0,0,256,1,1,53248,1,1
"KERNEL_DISPATCH",4,2,21,"void dequantize_block_iq3_s<__half>(void const*, __half*)",2009,17060125685296,17060125814633,0,0,32,1,1,1277952,1,1
"KERNEL_DISPATCH",4,2,61,"void convert_unary<float, __half>(void const*, __half*, long, long, long, HIP_vector_type<unsigned int, 3u>, long, long, long)",2010,17060125814633,17060125835226,0,0,256,1,1,786432,1,1
"KERNEL_DISPATCH",4,2,78,"void tile_fp16_gemm<128, 64, 4, 8, 32>(__half const*, __half const*, float*, float*, int, int, long)",2011,17060125835226,17060126274792,0,25088,256,1,1,6656,1,8
"KERNEL_DISPATCH",4,2,79,"tile_fp16_reduce(float const*, float*, int, int)",2012,17060126274792,17060126299830,0,0,256,1,1,53248,1,1
"KERNEL_DISPATCH",4,2,21,"void dequantize_block_iq3_s<__half>(void const*, __half*)",2013,17060126321756,17060126473168,0,0,32,1,1,1277952,1,1
"KERNEL_DISPATCH",4,2,61,"void convert_unary<float, __half>(void const*, __half*, long, long, long, HIP_vector_type<unsigned int, 3u>, long, long, long)",2014,17060126473168,17060126496131,0,0,256,1,1,786432,1,1
"KERNEL_DISPATCH",4,2,78,"void tile_fp16_gemm<128, 64, 4, 8, 32>(__half const*, __half const*, float*, float*, int, int, long)",2015,17060126496131,17060126961179,0,25088,256,1,1,6656,1,8
"KERNEL_DISPATCH",4,2,79,"tile_fp16_reduce(float const*, float*, int, int)",2016,17060126961179,17060126989625,0,0,256,1,1,53248,1,1
"KERNEL_DISPATCH",4,2,21,"void dequantize_block_iq3_s<__half>(void const*, __half*)",2017,17060425994295,17060426014592,0,0,32,1,1,163840,1,1
"KERNEL_DISPATCH",4,2,61,"void convert_unary<float, __half>(void const*, __half*, long, long, long, HIP_vector_type<unsigned int, 3u>, long, long, long)",2018,17060426014592,17060426035777,0,0,256,1,1,655360,1,1
"KERNEL_DISPATCH",4,2,78,"void tile_fp16_gemm<128, 64, 4, 8, 32>(__half const*, __half const*, float*, float*, int, int, long)",2019,17060426035777,17060426153557,0,25088,256,1,1,1024,1,8
"KERNEL_DISPATCH",4,2,79,"tile_fp16_reduce(float const*, float*, int, int)",2020,17060426153557,17060426158150,0,0,256,1,1,8192,1,1
"KERNEL_DISPATCH",4,2,21,"void dequantize_block_iq3_s<__half>(void const*, __half*)",2021,17060426208077,17060426225707,0,0,32,1,1,163840,1,1
"KERNEL_DISPATCH",4,2,61,"void convert_unary<float, __half>(void const*, __half*, long, long, long, HIP_vector_type<unsigned int, 3u>, long, long, long)",2022,17060426225707,17060426242448,0,0,256,1,1,655360,1,1
"KERNEL_DISPATCH",4,2,78,"void tile_fp16_gemm<128, 64, 4, 8, 32>(__half const*, __half const*, float*, float*, int, int, long)",2023,17060426242448,17060426353858,0,25088,256,1,1,1024,1,8
"KERNEL_DISPATCH",4,2,79,"tile_fp16_reduce(float const*, float*, int, int)",2024,17060426353858,17060426358155,0,0,256,1,1,8192,1,1
"KERNEL_DISPATCH",4,2,21,"void dequantize_block_iq3_s<__half>(void const*, __half*)",2025,17060426378748,17060426396082,0,0,32,1,1,163840,1,1
"KERNEL_DISPATCH",4,2,61,"void convert_unary<float, __half>(void const*, __half*, long, long, long, HIP_vector_type<unsigned int, 3u>, long, long, long)",2026,17060426396082,17060426412971,0,0,256,1,1,655360,1,1
"KERNEL_DISPATCH",4,2,78,"void tile_fp16_gemm<128, 64, 4, 8, 32>(__half const*, __half const*, float*, float*, int, int, long)",2027,17060426412971,17060426523048,0,25088,256,1,1,1024,1,8
"KERNEL_DISPATCH",4,2,79,"tile_fp16_reduce(float const*, float*, int, int)",2028,17060426523048,17060426527344,0,0,256,1,1,8192,1,1
"KERNEL_DISPATCH",4,2,21,"void dequantize_block_iq3_s<__half>(void const*, __half*)",2029,17060426547641,17060426565123,0,0,32,1,1,163840,1,1
"KERNEL_DISPATCH",4,2,61,"void convert_unary<float, __half>(void const*, __half*, long, long, long, HIP_vector_type<unsigned int, 3u>, long, long, long)",2030,17060426565123,17060426581864,0,0,256,1,1,655360,1,1
"KERNEL_DISPATCH",4,2,78,"void tile_fp16_gemm<128, 64, 4, 8, 32>(__half const*, __half const*, float*, float*, int, int, long)",2031,17060426581864,17060426686311,0,25088,256,1,1,1024,1,8
"KERNEL_DISPATCH",4,2,79,"tile_fp16_reduce(float const*, float*, int, int)",2032,17060426686311,17060426690607,0,0,256,1,1,8192,1,1
"KERNEL_DISPATCH",4,2,21,"void dequantize_block_iq3_s<__half>(void const*, __half*)",2033,17060426710904,17060426728386,0,0,32,1,1,163840,1,1
"KERNEL_DISPATCH",4,2,61,"void convert_unary<float, __half>(void const*, __half*, long, long, long, HIP_vector_type<unsigned int, 3u>, long, long, long)",2034,17060426728386,17060426744979,0,0,256,1,1,655360,1,1
"KERNEL_DISPATCH",4,2,78,"void tile_fp16_gemm<128, 64, 4, 8, 32>(__half const*, __half const*, float*, float*, int, int, long)",2035,17060426744979,17060426848833,0,25088,256,1,1,1024,1,8
"KERNEL_DISPATCH",4,2,79,"tile_fp16_reduce(float const*, float*, int, int)",2036,17060426848833,17060426852982,0,0,256,1,1,8192,1,1
"KERNEL_DISPATCH",4,2,21,"void dequantize_block_iq3_s<__half>(void const*, __half*)",2037,17060426873427,17060426890909,0,0,32,1,1,163840,1,1
"KERNEL_DISPATCH",4,2,61,"void convert_unary<float, __half>(void const*, __half*, long, long, long, HIP_vector_type<unsigned int, 3u>, long, long, long)",2038,17060426890909,17060426907798,0,0,256,1,1,655360,1,1
"KERNEL_DISPATCH",4,2,78,"void tile_fp16_gemm<128, 64, 4, 8, 32>(__half const*, __half const*, float*, float*, int, int, long)",2039,17060426907798,17060427011356,0,25088,256,1,1,1024,1,8
"KERNEL_DISPATCH",4,2,79,"tile_fp16_reduce(float const*, float*, int, int)",2040,17060427011356,17060427015652,0,0,256,1,1,8192,1,1
"KERNEL_DISPATCH",4,2,21,"void dequantize_block_iq3_s<__half>(void const*, __half*)",2041,17060427036986,17060427054468,0,0,32,1,1,163840,1,1
"KERNEL_DISPATCH",4,2,61,"void convert_unary<float, __half>(void const*, __half*, long, long, long, HIP_vector_type<unsigned int, 3u>, long, long, long)",2042,17060427054468,17060427071209,0,0,256,1,1,655360,1,1
"KERNEL_DISPATCH",4,2,78,"void tile_fp16_gemm<128, 64, 4, 8, 32>(__half const*, __half const*, float*, float*, int, int, long)",2043,17060427071209,17060427175804,0,25088,256,1,1,1024,1,8
"KERNEL_DISPATCH",4,2,79,"tile_fp16_reduce(float const*, float*, int, int)",2044,17060427175804,17060427179953,0,0,256,1,1,8192,1,1
"KERNEL_DISPATCH",4,2,21,"void dequantize_block_iq3_s<__half>(void const*, __half*)",2045,17060427200546,17060427218028,0,0,32,1,1,163840,1,1
"KERNEL_DISPATCH",4,2,61,"void convert_unary<float, __half>(void const*, __half*, long, long, long, HIP_vector_type<unsigned int, 3u>, long, long, long)",2046,17060427218028,17060427234917,0,0,256,1,1,655360,1,1
"KERNEL_DISPATCH",4,2,78,"void tile_fp16_gemm<128, 64, 4, 8, 32>(__half const*, __half const*, float*, float*, int, int, long)",2047,17060427234917,17060427339512,0,25088,256,1,1,1024,1,8
"KERNEL_DISPATCH",4,2,79,"tile_fp16_reduce(float const*, float*, int, int)",2048,17060427339512,17060427343660,0,0,256,1,1,8192,1,1
"KERNEL_DISPATCH",4,2,21,"void dequantize_block_iq3_s<__half>(void const*, __half*)",2049,17060427363661,17060427381291,0,0,32,1,1,163840,1,1
"KERNEL_DISPATCH",4,2,61,"void convert_unary<float, __half>(void const*, __half*, long, long, long, HIP_vector_type<unsigned int, 3u>, long, long, long)",2050,17060427381291,17060427398032,0,0,256,1,1,655360,1,1
"KERNEL_DISPATCH",4,2,78,"void tile_fp16_gemm<128, 64, 4, 8, 32>(__half const*, __half const*, float*, float*, int, int, long)",2051,17060427398032,17060427502479,0,25088,256,1,1,1024,1,8
"KERNEL_DISPATCH",4,2,79,"tile_fp16_reduce(float const*, float*, int, int)",2052,17060427502479,17060427506627,0,0,256,1,1,8192,1,1
"KERNEL_DISPATCH",4,2,21,"void dequantize_block_iq3_s<__half>(void const*, __half*)",2053,17060427527220,17060427544850,0,0,32,1,1,163840,1,1
"KERNEL_DISPATCH",4,2,61,"void convert_unary<float, __half>(void const*, __half*, long, long, long, HIP_vector_type<unsigned int, 3u>, long, long, long)",2054,17060427544850,17060427561592,0,0,256,1,1,655360,1,1
"KERNEL_DISPATCH",4,2,78,"void tile_fp16_gemm<128, 64, 4, 8, 32>(__half const*, __half const*, float*, float*, int, int, long)",2055,17060427561592,17060427667965,0,25088,256,1,1,1024,1,8
"KERNEL_DISPATCH",4,2,79,"tile_fp16_reduce(float const*, float*, int, int)",2056,17060427667965,17060427672113,0,0,256,1,1,8192,1,1
"KERNEL_DISPATCH",4,2,21,"void dequantize_block_iq3_s<__half>(void const*, __half*)",2057,17060427692261,17060427709743,0,0,32,1,1,163840,1,1
"KERNEL_DISPATCH",4,2,61,"void convert_unary<float, __half>(void const*, __half*, long, long, long, HIP_vector_type<unsigned int, 3u>, long, long, long)",2058,17060427709743,17060427726633,0,0,256,1,1,655360,1,1
"KERNEL_DISPATCH",4,2,78,"void tile_fp16_gemm<128, 64, 4, 8, 32>(__half const*, __half const*, float*, float*, int, int, long)",2059,17060427726633,17060427831080,0,25088,256,1,1,1024,1,8
"KERNEL_DISPATCH",4,2,79,"tile_fp16_reduce(float const*, float*, int, int)",2060,17060427831080,17060427835228,0,0,256,1,1,8192,1,1
"KERNEL_DISPATCH",4,2,21,"void dequantize_block_iq3_s<__half>(void const*, __half*)",2061,17060427855673,17060427873303,0,0,32,1,1,163840,1,1
"KERNEL_DISPATCH",4,2,61,"void convert_unary<float, __half>(void const*, __half*, long, long, long, HIP_vector_type<unsigned int, 3u>, long, long, long)",2062,17060427873303,17060427889896,0,0,256,1,1,655360,1,1
"KERNEL_DISPATCH",4,2,78,"void tile_fp16_gemm<128, 64, 4, 8, 32>(__half const*, __half const*, float*, float*, int, int, long)",2063,17060427889896,17060427994343,0,25088,256,1,1,1024,1,8
"KERNEL_DISPATCH",4,2,79,"tile_fp16_reduce(float const*, float*, int, int)",2064,17060427994343,17060427998491,0,0,256,1,1,8192,1,1
"KERNEL_DISPATCH",4,2,21,"void dequantize_block_iq3_s<__half>(void const*, __half*)",2065,17060428019232,17060428036862,0,0,32,1,1,163840,1,1
"KERNEL_DISPATCH",4,2,61,"void convert_unary<float, __half>(void const*, __half*, long, long, long, HIP_vector_type<unsigned int, 3u>, long, long, long)",2066,17060428036862,17060428053455,0,0,256,1,1,655360,1,1
"KERNEL_DISPATCH",4,2,78,"void tile_fp16_gemm<128, 64, 4, 8, 32>(__half const*, __half const*, float*, float*, int, int, long)",2067,17060428053455,17060428158347,0,25088,256,1,1,1024,1,8
"KERNEL_DISPATCH",4,2,79,"tile_fp16_reduce(float const*, float*, int, int)",2068,17060428158347,17060428162495,0,0,256,1,1,8192,1,1
"KERNEL_DISPATCH",4,2,21,"void dequantize_block_iq3_s<__half>(void const*, __half*)",2069,17060428183385,17060428201015,0,0,32,1,1,163840,1,1
"KERNEL_DISPATCH",4,2,61,"void convert_unary<float, __half>(void const*, __half*, long, long, long, HIP_vector_type<unsigned int, 3u>, long, long, long)",2070,17060428201015,17060428217756,0,0,256,1,1,655360,1,1
"KERNEL_DISPATCH",4,2,78,"void tile_fp16_gemm<128, 64, 4, 8, 32>(__half const*, __half const*, float*, float*, int, int, long)",2071,17060428217756,17060428324277,0,25088,256,1,1,1024,1,8
"KERNEL_DISPATCH",4,2,79,"tile_fp16_reduce(float const*, float*, int, int)",2072,17060428324277,17060428328425,0,0,256,1,1,8192,1,1
"KERNEL_DISPATCH",4,2,21,"void dequantize_block_iq3_s<__half>(void const*, __half*)",2073,17060428349166,17060428366796,0,0,32,1,1,163840,1,1
"KERNEL_DISPATCH",4,2,61,"void convert_unary<float, __half>(void const*, __half*, long, long, long, HIP_vector_type<unsigned int, 3u>, long, long, long)",2074,17060428366796,17060428383686,0,0,256,1,1,655360,1,1
"KERNEL_DISPATCH",4,2,78,"void tile_fp16_gemm<128, 64, 4, 8, 32>(__half const*, __half const*, float*, float*, int, int, long)",2075,17060428383686,17060428488133,0,25088,256,1,1,1024,1,8
"KERNEL_DISPATCH",4,2,79,"tile_fp16_reduce(float const*, float*, int, int)",2076,17060428488133,17060428492133,0,0,256,1,1,8192,1,1
"KERNEL_DISPATCH",4,2,21,"void dequantize_block_iq3_s<__half>(void const*, __half*)",2077,17060428511689,17060428529171,0,0,32,1,1,163840,1,1
"KERNEL_DISPATCH",4,2,61,"void convert_unary<float, __half>(void const*, __half*, long, long, long, HIP_vector_type<unsigned int, 3u>, long, long, long)",2078,17060428529171,17060428545912,0,0,256,1,1,655360,1,1
"KERNEL_DISPATCH",4,2,78,"void tile_fp16_gemm<128, 64, 4, 8, 32>(__half const*, __half const*, float*, float*, int, int, long)",2079,17060428545912,17060428650063,0,25088,256,1,1,1024,1,8
"KERNEL_DISPATCH",4,2,79,"tile_fp16_reduce(float const*, float*, int, int)",2080,17060428650063,17060428654359,0,0,256,1,1,8192,1,1
"KERNEL_DISPATCH",4,2,21,"void dequantize_block_iq3_s<__half>(void const*, __half*)",2081,17060428673767,17060428691249,0,0,32,1,1,163840,1,1
"KERNEL_DISPATCH",4,2,61,"void convert_unary<float, __half>(void const*, __half*, long, long, long, HIP_vector_type<unsigned int, 3u>, long, long, long)",2082,17060428691249,17060428708138,0,0,256,1,1,655360,1,1
"KERNEL_DISPATCH",4,2,78,"void tile_fp16_gemm<128, 64, 4, 8, 32>(__half const*, __half const*, float*, float*, int, int, long)",2083,17060428708138,17060428813326,0,25088,256,1,1,1024,1,8
"KERNEL_DISPATCH",4,2,79,"tile_fp16_reduce(float const*, float*, int, int)",2084,17060428813326,17060428817326,0,0,256,1,1,8192,1,1
"KERNEL_DISPATCH",4,2,21,"void dequantize_block_iq3_s<__half>(void const*, __half*)",2085,17060428837030,17060428854512,0,0,32,1,1,163840,1,1
"KERNEL_DISPATCH",4,2,61,"void convert_unary<float, __half>(void const*, __half*, long, long, long, HIP_vector_type<unsigned int, 3u>, long, long, long)",2086,17060428854512,17060428871253,0,0,256,1,1,655360,1,1
"KERNEL_DISPATCH",4,2,78,"void tile_fp16_gemm<128, 64, 4, 8, 32>(__half const*, __half const*, float*, float*, int, int, long)",2087,17060428871253,17060428975404,0,25088,256,1,1,1024,1,8
"KERNEL_DISPATCH",4,2,79,"tile_fp16_reduce(float const*, float*, int, int)",2088,17060428975404,17060428979552,0,0,256,1,1,8192,1,1
"KERNEL_DISPATCH",4,2,21,"void dequantize_block_iq3_s<__half>(void const*, __half*)",2089,17060428999108,17060429016590,0,0,32,1,1,163840,1,1
"KERNEL_DISPATCH",4,2,61,"void convert_unary<float, __half>(void const*, __half*, long, long, long, HIP_vector_type<unsigned int, 3u>, long, long, long)",2090,17060429016590,17060429033331,0,0,256,1,1,655360,1,1
"KERNEL_DISPATCH",4,2,78,"void tile_fp16_gemm<128, 64, 4, 8, 32>(__half const*, __half const*, float*, float*, int, int, long)",2091,17060429033331,17060429138371,0,25088,256,1,1,1024,1,8
"KERNEL_DISPATCH",4,2,79,"tile_fp16_reduce(float const*, float*, int, int)",2092,17060429138371,17060429142371,0,0,256,1,1,8192,1,1
"KERNEL_DISPATCH",4,2,21,"void dequantize_block_iq3_s<__half>(void const*, __half*)",2093,17060429161927,17060429179557,0,0,32,1,1,163840,1,1
"KERNEL_DISPATCH",4,2,61,"void convert_unary<float, __half>(void const*, __half*, long, long, long, HIP_vector_type<unsigned int, 3u>, long, long, long)",2094,17060429179557,17060429196446,0,0,256,1,1,655360,1,1
"KERNEL_DISPATCH",4,2,78,"void tile_fp16_gemm<128, 64, 4, 8, 32>(__half const*, __half const*, float*, float*, int, int, long)",2095,17060429196446,17060429302819,0,25088,256,1,1,1024,1,8
"KERNEL_DISPATCH",4,2,79,"tile_fp16_reduce(float const*, float*, int, int)",2096,17060429302819,17060429307264,0,0,256,1,1,8192,1,1
"KERNEL_DISPATCH",4,2,21,"void dequantize_block_iq3_s<__half>(void const*, __half*)",2097,17060429327857,17060429345487,0,0,32,1,1,163840,1,1
"KERNEL_DISPATCH",4,2,61,"void convert_unary<float, __half>(void const*, __half*, long, long, long, HIP_vector_type<unsigned int, 3u>, long, long, long)",2098,17060429345487,17060429362376,0,0,256,1,1,655360,1,1
"KERNEL_DISPATCH",4,2,78,"void tile_fp16_gemm<128, 64, 4, 8, 32>(__half const*, __half const*, float*, float*, int, int, long)",2099,17060429362376,17060429466527,0,25088,256,1,1,1024,1,8
"KERNEL_DISPATCH",4,2,79,"tile_fp16_reduce(float const*, float*, int, int)",2100,17060429466527,17060429470675,0,0,256,1,1,8192,1,1
"KERNEL_DISPATCH",4,2,21,"void dequantize_block_iq3_s<__half>(void const*, __half*)",2101,17060429490379,17060429507861,0,0,32,1,1,163840,1,1
"KERNEL_DISPATCH",4,2,61,"void convert_unary<float, __half>(void const*, __half*, long, long, long, HIP_vector_type<unsigned int, 3u>, long, long, long)",2102,17060429507861,17060429524454,0,0,256,1,1,655360,1,1
"KERNEL_DISPATCH",4,2,78,"void tile_fp16_gemm<128, 64, 4, 8, 32>(__half const*, __half const*, float*, float*, int, int, long)",2103,17060429524454,17060429629346,0,25088,256,1,1,1024,1,8
"KERNEL_DISPATCH",4,2,79,"tile_fp16_reduce(float const*, float*, int, int)",2104,17060429629346,17060429633642,0,0,256,1,1,8192,1,1
"KERNEL_DISPATCH",4,2,21,"void dequantize_block_iq3_s<__half>(void const*, __half*)",2105,17060429653198,17060429670976,0,0,32,1,1,163840,1,1
"KERNEL_DISPATCH",4,2,61,"void convert_unary<float, __half>(void const*, __half*, long, long, long, HIP_vector_type<unsigned int, 3u>, long, long, long)",2106,17060429670976,17060429687866,0,0,256,1,1,655360,1,1
"KERNEL_DISPATCH",4,2,78,"void tile_fp16_gemm<128, 64, 4, 8, 32>(__half const*, __half const*, float*, float*, int, int, long)",2107,17060429687866,17060429792016,0,25088,256,1,1,1024,1,8
"KERNEL_DISPATCH",4,2,79,"tile_fp16_reduce(float const*, float*, int, int)",2108,17060429792016,17060429796165,0,0,256,1,1,8192,1,1
"KERNEL_DISPATCH",4,2,21,"void dequantize_block_iq3_s<__half>(void const*, __half*)",2109,17060429816017,17060429833499,0,0,32,1,1,163840,1,1
"KERNEL_DISPATCH",4,2,61,"void convert_unary<float, __half>(void const*, __half*, long, long, long, HIP_vector_type<unsigned int, 3u>, long, long, long)",2110,17060429833499,17060429850388,0,0,256,1,1,655360,1,1
"KERNEL_DISPATCH",4,2,78,"void tile_fp16_gemm<128, 64, 4, 8, 32>(__half const*, __half const*, float*, float*, int, int, long)",2111,17060429850388,17060429954687,0,25088,256,1,1,1024,1,8
"KERNEL_DISPATCH",4,2,79,"tile_fp16_reduce(float const*, float*, int, int)",2112,17060429954687,17060429958983,0,0,256,1,1,8192,1,1
"KERNEL_DISPATCH",4,2,21,"void dequantize_block_iq3_s<__half>(void const*, __half*)",2113,17060429978984,17060429996614,0,0,32,1,1,163840,1,1
"KERNEL_DISPATCH",4,2,61,"void convert_unary<float, __half>(void const*, __half*, long, long, long, HIP_vector_type<unsigned int, 3u>, long, long, long)",2114,17060429996614,17060430013355,0,0,256,1,1,655360,1,1
"KERNEL_DISPATCH",4,2,78,"void tile_fp16_gemm<128, 64, 4, 8, 32>(__half const*, __half const*, float*, float*, int, int, long)",2115,17060430013355,17060430117802,0,25088,256,1,1,1024,1,8
"KERNEL_DISPATCH",4,2,79,"tile_fp16_reduce(float const*, float*, int, int)",2116,17060430117802,17060430121950,0,0,256,1,1,8192,1,1
"KERNEL_DISPATCH",4,2,21,"void dequantize_block_iq3_s<__half>(void const*, __half*)",2117,17060430141506,17060430159285,0,0,32,1,1,163840,1,1
"KERNEL_DISPATCH",4,2,61,"void convert_unary<float, __half>(void const*, __half*, long, long, long, HIP_vector_type<unsigned int, 3u>, long, long, long)",2118,17060430159285,17060430175878,0,0,256,1,1,655360,1,1
"KERNEL_DISPATCH",4,2,78,"void tile_fp16_gemm<128, 64, 4, 8, 32>(__half const*, __half const*, float*, float*, int, int, long)",2119,17060430175878,17060430280473,0,25088,256,1,1,1024,1,8
"KERNEL_DISPATCH",4,2,79,"tile_fp16_reduce(float const*, float*, int, int)",2120,17060430280473,17060430284769,0,0,256,1,1,8192,1,1
"KERNEL_DISPATCH",4,2,21,"void dequantize_block_iq3_s<__half>(void const*, __half*)",2121,17060430304177,17060430321807,0,0,32,1,1,163840,1,1
"KERNEL_DISPATCH",4,2,61,"void convert_unary<float, __half>(void const*, __half*, long, long, long, HIP_vector_type<unsigned int, 3u>, long, long, long)",2122,17060430321807,17060430338400,0,0,256,1,1,655360,1,1
"KERNEL_DISPATCH",4,2,78,"void tile_fp16_gemm<128, 64, 4, 8, 32>(__half const*, __half const*, float*, float*, int, int, long)",2123,17060430338400,17060430443292,0,25088,256,1,1,1024,1,8
"KERNEL_DISPATCH",4,2,79,"tile_fp16_reduce(float const*, float*, int, int)",2124,17060430443292,17060430447440,0,0,256,1,1,8192,1,1
"KERNEL_DISPATCH",4,2,21,"void dequantize_block_iq3_s<__half>(void const*, __half*)",2125,17060430467144,17060430484626,0,0,32,1,1,163840,1,1
"KERNEL_DISPATCH",4,2,61,"void convert_unary<float, __half>(void const*, __half*, long, long, long, HIP_vector_type<unsigned int, 3u>, long, long, long)",2126,17060430484626,17060430501367,0,0,256,1,1,655360,1,1
"KERNEL_DISPATCH",4,2,78,"void tile_fp16_gemm<128, 64, 4, 8, 32>(__half const*, __half const*, float*, float*, int, int, long)",2127,17060430501367,17060430605962,0,25088,256,1,1,1024,1,8
"KERNEL_DISPATCH",4,2,79,"tile_fp16_reduce(float const*, float*, int, int)",2128,17060430605962,17060430610110,0,0,256,1,1,8192,1,1
"KERNEL_DISPATCH",4,2,21,"void dequantize_block_iq3_s<__half>(void const*, __half*)",2129,17060430629815,17060430647296,0,0,32,1,1,163840,1,1
"KERNEL_DISPATCH",4,2,61,"void convert_unary<float, __half>(void const*, __half*, long, long, long, HIP_vector_type<unsigned int, 3u>, long, long, long)",2130,17060430647296,17060430663889,0,0,256,1,1,655360,1,1
"KERNEL_DISPATCH",4,2,78,"void tile_fp16_gemm<128, 64, 4, 8, 32>(__half const*, __half const*, float*, float*, int, int, long)",2131,17060430663889,17060430768633,0,25088,256,1,1,1024,1,8
"KERNEL_DISPATCH",4,2,79,"tile_fp16_reduce(float const*, float*, int, int)",2132,17060430768633,17060430772781,0,0,256,1,1,8192,1,1
"KERNEL_DISPATCH",4,2,21,"void dequantize_block_iq3_s<__half>(void const*, __half*)",2133,17060430792337,17060430809967,0,0,32,1,1,163840,1,1
"KERNEL_DISPATCH",4,2,61,"void convert_unary<float, __half>(void const*, __half*, long, long, long, HIP_vector_type<unsigned int, 3u>, long, long, long)",2134,17060430809967,17060430826560,0,0,256,1,1,655360,1,1
"KERNEL_DISPATCH",4,2,78,"void tile_fp16_gemm<128, 64, 4, 8, 32>(__half const*, __half const*, float*, float*, int, int, long)",2135,17060430826560,17060430931600,0,25088,256,1,1,1024,1,8
"KERNEL_DISPATCH",4,2,79,"tile_fp16_reduce(float const*, float*, int, int)",2136,17060430931600,17060430935896,0,0,256,1,1,8192,1,1
"KERNEL_DISPATCH",4,2,21,"void dequantize_block_iq3_s<__half>(void const*, __half*)",2137,17060430955748,17060430973082,0,0,32,1,1,163840,1,1
"KERNEL_DISPATCH",4,2,61,"void convert_unary<float, __half>(void const*, __half*, long, long, long, HIP_vector_type<unsigned int, 3u>, long, long, long)",2138,17060430973082,17060430989823,0,0,256,1,1,655360,1,1
"KERNEL_DISPATCH",4,2,78,"void tile_fp16_gemm<128, 64, 4, 8, 32>(__half const*, __half const*, float*, float*, int, int, long)",2139,17060430989823,17060431094270,0,25088,256,1,1,1024,1,8
"KERNEL_DISPATCH",4,2,79,"tile_fp16_reduce(float const*, float*, int, int)",2140,17060431094270,17060431098419,0,0,256,1,1,8192,1,1
"KERNEL_DISPATCH",4,2,21,"void dequantize_block_iq3_s<__half>(void const*, __half*)",2141,17060431118864,17060431136494,0,0,32,1,1,163840,1,1
"KERNEL_DISPATCH",4,2,61,"void convert_unary<float, __half>(void const*, __half*, long, long, long, HIP_vector_type<unsigned int, 3u>, long, long, long)",2142,17060431136494,17060431152938,0,0,256,1,1,655360,1,1
"KERNEL_DISPATCH",4,2,78,"void tile_fp16_gemm<128, 64, 4, 8, 32>(__half const*, __half const*, float*, float*, int, int, long)",2143,17060431152938,17060431257978,0,25088,256,1,1,1024,1,8
"KERNEL_DISPATCH",4,2,79,"tile_fp16_reduce(float const*, float*, int, int)",2144,17060431257978,17060431262126,0,0,256,1,1,8192,1,1
"KERNEL_DISPATCH",4,2,21,"void dequantize_block_iq3_s<__half>(void const*, __half*)",2145,17060431281682,17060431299164,0,0,32,1,1,163840,1,1
"KERNEL_DISPATCH",4,2,61,"void convert_unary<float, __half>(void const*, __half*, long, long, long, HIP_vector_type<unsigned int, 3u>, long, long, long)",2146,17060431299164,17060431316498,0,0,256,1,1,655360,1,1
"KERNEL_DISPATCH",4,2,78,"void tile_fp16_gemm<128, 64, 4, 8, 32>(__half const*, __half const*, float*, float*, int, int, long)",2147,17060431316498,17060431420501,0,25088,256,1,1,1024,1,8
"KERNEL_DISPATCH",4,2,79,"tile_fp16_reduce(float const*, float*, int, int)",2148,17060431420501,17060431424649,0,0,256,1,1,8192,1,1
"KERNEL_DISPATCH",4,2,21,"void dequantize_block_iq3_s<__half>(void const*, __half*)",2149,17060431444205,17060431461687,0,0,32,1,1,163840,1,1
"KERNEL_DISPATCH",4,2,61,"void convert_unary<float, __half>(void const*, __half*, long, long, long, HIP_vector_type<unsigned int, 3u>, long, long, long)",2150,17060431461687,17060431478280,0,0,256,1,1,655360,1,1
"KERNEL_DISPATCH",4,2,78,"void tile_fp16_gemm<128, 64, 4, 8, 32>(__half const*, __half const*, float*, float*, int, int, long)",2151,17060431478280,17060431582875,0,25088,256,1,1,1024,1,8
"KERNEL_DISPATCH",4,2,79,"tile_fp16_reduce(float const*, float*, int, int)",2152,17060431582875,17060431587023,0,0,256,1,1,8192,1,1
"KERNEL_DISPATCH",4,2,21,"void dequantize_block_iq3_s<__half>(void const*, __half*)",2153,17060431606431,17060431624061,0,0,32,1,1,163840,1,1
"KERNEL_DISPATCH",4,2,61,"void convert_unary<float, __half>(void const*, __half*, long, long, long, HIP_vector_type<unsigned int, 3u>, long, long, long)",2154,17060431624061,17060431641099,0,0,256,1,1,655360,1,1
"KERNEL_DISPATCH",4,2,78,"void tile_fp16_gemm<128, 64, 4, 8, 32>(__half const*, __half const*, float*, float*, int, int, long)",2155,17060431641099,17060431745990,0,25088,256,1,1,1024,1,8
"KERNEL_DISPATCH",4,2,79,"tile_fp16_reduce(float const*, float*, int, int)",2156,17060431745990,17060431750138,0,0,256,1,1,8192,1,1
"KERNEL_DISPATCH",4,2,21,"void dequantize_block_iq3_s<__half>(void const*, __half*)",2157,17060431769694,17060431787176,0,0,32,1,1,163840,1,1
"KERNEL_DISPATCH",4,2,61,"void convert_unary<float, __half>(void const*, __half*, long, long, long, HIP_vector_type<unsigned int, 3u>, long, long, long)",2158,17060431787176,17060431803917,0,0,256,1,1,655360,1,1
"KERNEL_DISPATCH",4,2,78,"void tile_fp16_gemm<128, 64, 4, 8, 32>(__half const*, __half const*, float*, float*, int, int, long)",2159,17060431803917,17060431907920,0,25088,256,1,1,1024,1,8
"KERNEL_DISPATCH",4,2,79,"tile_fp16_reduce(float const*, float*, int, int)",2160,17060431907920,17060431912216,0,0,256,1,1,8192,1,1
"KERNEL_DISPATCH",4,2,21,"void dequantize_block_iq3_s<__half>(void const*, __half*)",2161,17060431931772,17060431949402,0,0,32,1,1,163840,1,1
"KERNEL_DISPATCH",4,2,61,"void convert_unary<float, __half>(void const*, __half*, long, long, long, HIP_vector_type<unsigned int, 3u>, long, long, long)",2162,17060431949402,17060431965995,0,0,256,1,1,655360,1,1
"KERNEL_DISPATCH",4,2,78,"void tile_fp16_gemm<128, 64, 4, 8, 32>(__half const*, __half const*, float*, float*, int, int, long)",2163,17060431965995,17060432070739,0,25088,256,1,1,1024,1,8
"KERNEL_DISPATCH",4,2,79,"tile_fp16_reduce(float const*, float*, int, int)",2164,17060432070739,17060432074739,0,0,256,1,1,8192,1,1
"KERNEL_DISPATCH",4,2,21,"void dequantize_block_iq3_s<__half>(void const*, __half*)",2165,17060432094443,17060432111925,0,0,32,1,1,163840,1,1
"KERNEL_DISPATCH",4,2,61,"void convert_unary<float, __half>(void const*, __half*, long, long, long, HIP_vector_type<unsigned int, 3u>, long, long, long)",2166,17060432111925,17060432128814,0,0,256,1,1,655360,1,1
"KERNEL_DISPATCH",4,2,78,"void tile_fp16_gemm<128, 64, 4, 8, 32>(__half const*, __half const*, float*, float*, int, int, long)",2167,17060432128814,17060432233113,0,25088,256,1,1,1024,1,8
"KERNEL_DISPATCH",4,2,79,"tile_fp16_reduce(float const*, float*, int, int)",2168,17060432233113,17060432237261,0,0,256,1,1,8192,1,1
"KERNEL_DISPATCH",4,2,21,"void dequantize_block_iq3_s<__half>(void const*, __half*)",2169,17060432257410,17060432274892,0,0,32,1,1,163840,1,1
"KERNEL_DISPATCH",4,2,61,"void convert_unary<float, __half>(void const*, __half*, long, long, long, HIP_vector_type<unsigned int, 3u>, long, long, long)",2170,17060432274892,17060432291781,0,0,256,1,1,655360,1,1
"KERNEL_DISPATCH",4,2,78,"void tile_fp16_gemm<128, 64, 4, 8, 32>(__half const*, __half const*, float*, float*, int, int, long)",2171,17060432291781,17060432396080,0,25088,256,1,1,1024,1,8
"KERNEL_DISPATCH",4,2,79,"tile_fp16_reduce(float const*, float*, int, int)",2172,17060432396080,17060432400080,0,0,256,1,1,8192,1,1
"KERNEL_DISPATCH",4,2,21,"void dequantize_block_iq3_s<__half>(void const*, __half*)",2173,17060432419932,17060432437562,0,0,32,1,1,163840,1,1
"KERNEL_DISPATCH",4,2,61,"void convert_unary<float, __half>(void const*, __half*, long, long, long, HIP_vector_type<unsigned int, 3u>, long, long, long)",2174,17060432437562,17060432454304,0,0,256,1,1,655360,1,1
"KERNEL_DISPATCH",4,2,78,"void tile_fp16_gemm<128, 64, 4, 8, 32>(__half const*, __half const*, float*, float*, int, int, long)",2175,17060432454304,17060432558899,0,25088,256,1,1,1024,1,8
"KERNEL_DISPATCH",4,2,79,"tile_fp16_reduce(float const*, float*, int, int)",2176,17060432558899,17060432563047,0,0,256,1,1,8192,1,1
"KERNEL_DISPATCH",4,2,21,"void dequantize_block_iq3_s<__half>(void const*, __half*)",2177,17060432583047,17060432600529,0,0,32,1,1,163840,1,1
"KERNEL_DISPATCH",4,2,61,"void convert_unary<float, __half>(void const*, __half*, long, long, long, HIP_vector_type<unsigned int, 3u>, long, long, long)",2178,17060432600529,17060432617122,0,0,256,1,1,655360,1,1
"KERNEL_DISPATCH",4,2,78,"void tile_fp16_gemm<128, 64, 4, 8, 32>(__half const*, __half const*, float*, float*, int, int, long)",2179,17060432617122,17060432721125,0,25088,256,1,1,1024,1,8
"KERNEL_DISPATCH",4,2,79,"tile_fp16_reduce(float const*, float*, int, int)",2180,17060432721125,17060432725273,0,0,256,1,1,8192,1,1
"KERNEL_DISPATCH",4,2,21,"void dequantize_block_iq3_s<__half>(void const*, __half*)",2181,17060432744681,17060432762459,0,0,32,1,1,163840,1,1
"KERNEL_DISPATCH",4,2,61,"void convert_unary<float, __half>(void const*, __half*, long, long, long, HIP_vector_type<unsigned int, 3u>, long, long, long)",2182,17060432762459,17060432779052,0,0,256,1,1,655360,1,1
"KERNEL_DISPATCH",4,2,78,"void tile_fp16_gemm<128, 64, 4, 8, 32>(__half const*, __half const*, float*, float*, int, int, long)",2183,17060432779052,17060432883796,0,25088,256,1,1,1024,1,8
"KERNEL_DISPATCH",4,2,79,"tile_fp16_reduce(float const*, float*, int, int)",2184,17060432883796,17060432887944,0,0,256,1,1,8192,1,1
"KERNEL_DISPATCH",4,2,21,"void dequantize_block_iq3_s<__half>(void const*, __half*)",2185,17060432908833,17060432926315,0,0,32,1,1,163840,1,1
"KERNEL_DISPATCH",4,2,61,"void convert_unary<float, __half>(void const*, __half*, long, long, long, HIP_vector_type<unsigned int, 3u>, long, long, long)",2186,17060432926315,17060432942908,0,0,256,1,1,655360,1,1
"KERNEL_DISPATCH",4,2,78,"void tile_fp16_gemm<128, 64, 4, 8, 32>(__half const*, __half const*, float*, float*, int, int, long)",2187,17060432942908,17060433047355,0,25088,256,1,1,1024,1,8
"KERNEL_DISPATCH",4,2,79,"tile_fp16_reduce(float const*, float*, int, int)",2188,17060433047355,17060433051651,0,0,256,1,1,8192,1,1
"KERNEL_DISPATCH",4,2,21,"void dequantize_block_iq3_s<__half>(void const*, __half*)",2189,17060433071207,17060433088838,0,0,32,1,1,163840,1,1
"KERNEL_DISPATCH",4,2,61,"void convert_unary<float, __half>(void const*, __half*, long, long, long, HIP_vector_type<unsigned int, 3u>, long, long, long)",2190,17060433088838,17060433105579,0,0,256,1,1,655360,1,1
"KERNEL_DISPATCH",4,2,78,"void tile_fp16_gemm<128, 64, 4, 8, 32>(__half const*, __half const*, float*, float*, int, int, long)",2191,17060433105579,17060433209729,0,25088,256,1,1,1024,1,8
"KERNEL_DISPATCH",4,2,79,"tile_fp16_reduce(float const*, float*, int, int)",2192,17060433209729,17060433213878,0,0,256,1,1,8192,1,1
"KERNEL_DISPATCH",4,2,21,"void dequantize_block_iq3_s<__half>(void const*, __half*)",2193,17060433233286,17060433250916,0,0,32,1,1,163840,1,1
"KERNEL_DISPATCH",4,2,61,"void convert_unary<float, __half>(void const*, __half*, long, long, long, HIP_vector_type<unsigned int, 3u>, long, long, long)",2194,17060433250916,17060433267657,0,0,256,1,1,655360,1,1
"KERNEL_DISPATCH",4,2,78,"void tile_fp16_gemm<128, 64, 4, 8, 32>(__half const*, __half const*, float*, float*, int, int, long)",2195,17060433267657,17060433372252,0,25088,256,1,1,1024,1,8
"KERNEL_DISPATCH",4,2,79,"tile_fp16_reduce(float const*, float*, int, int)",2196,17060433372252,17060433376400,0,0,256,1,1,8192,1,1
"KERNEL_DISPATCH",4,2,21,"void dequantize_block_iq3_s<__half>(void const*, __half*)",2197,17060433395808,17060433413290,0,0,32,1,1,163840,1,1
"KERNEL_DISPATCH",4,2,61,"void convert_unary<float, __half>(void const*, __half*, long, long, long, HIP_vector_type<unsigned int, 3u>, long, long, long)",2198,17060433413290,17060433430031,0,0,256,1,1,655360,1,1
"KERNEL_DISPATCH",4,2,78,"void tile_fp16_gemm<128, 64, 4, 8, 32>(__half const*, __half const*, float*, float*, int, int, long)",2199,17060433430031,17060433534478,0,25088,256,1,1,1024,1,8
"KERNEL_DISPATCH",4,2,79,"tile_fp16_reduce(float const*, float*, int, int)",2200,17060433534478,17060433538626,0,0,256,1,1,8192,1,1
"KERNEL_DISPATCH",4,2,21,"void dequantize_block_iq3_s<__half>(void const*, __half*)",2201,17060433558479,17060433575961,0,0,32,1,1,163840,1,1
"KERNEL_DISPATCH",4,2,61,"void convert_unary<float, __half>(void const*, __half*, long, long, long, HIP_vector_type<unsigned int, 3u>, long, long, long)",2202,17060433575961,17060433592554,0,0,256,1,1,655360,1,1
"KERNEL_DISPATCH",4,2,78,"void tile_fp16_gemm<128, 64, 4, 8, 32>(__half const*, __half const*, float*, float*, int, int, long)",2203,17060433592554,17060433697297,0,25088,256,1,1,1024,1,8
"KERNEL_DISPATCH",4,2,79,"tile_fp16_reduce(float const*, float*, int, int)",2204,17060433697297,17060433701445,0,0,256,1,1,8192,1,1
"KERNEL_DISPATCH",4,2,21,"void dequantize_block_iq3_s<__half>(void const*, __half*)",2205,17060433721149,17060433738631,0,0,32,1,1,163840,1,1
"KERNEL_DISPATCH",4,2,61,"void convert_unary<float, __half>(void const*, __half*, long, long, long, HIP_vector_type<unsigned int, 3u>, long, long, long)",2206,17060433738631,17060433755372,0,0,256,1,1,655360,1,1
"KERNEL_DISPATCH",4,2,78,"void tile_fp16_gemm<128, 64, 4, 8, 32>(__half const*, __half const*, float*, float*, int, int, long)",2207,17060433755372,17060433859375,0,25088,256,1,1,1024,1,8
"KERNEL_DISPATCH",4,2,79,"tile_fp16_reduce(float const*, float*, int, int)",2208,17060433859375,17060433863671,0,0,256,1,1,8192,1,1
"KERNEL_DISPATCH",4,2,21,"void dequantize_block_iq3_s<__half>(void const*, __half*)",2209,17060433883375,17060433901006,0,0,32,1,1,163840,1,1
"KERNEL_DISPATCH",4,2,61,"void convert_unary<float, __half>(void const*, __half*, long, long, long, HIP_vector_type<unsigned int, 3u>, long, long, long)",2210,17060433901006,17060433917599,0,0,256,1,1,655360,1,1
"KERNEL_DISPATCH",4,2,78,"void tile_fp16_gemm<128, 64, 4, 8, 32>(__half const*, __half const*, float*, float*, int, int, long)",2211,17060433917599,17060434022046,0,25088,256,1,1,1024,1,8
"KERNEL_DISPATCH",4,2,79,"tile_fp16_reduce(float const*, float*, int, int)",2212,17060434022046,17060434026194,0,0,256,1,1,8192,1,1
"KERNEL_DISPATCH",4,2,21,"void dequantize_block_iq3_s<__half>(void const*, __half*)",2213,17060434046194,17060434063824,0,0,32,1,1,163840,1,1
"KERNEL_DISPATCH",4,2,61,"void convert_unary<float, __half>(void const*, __half*, long, long, long, HIP_vector_type<unsigned int, 3u>, long, long, long)",2214,17060434063824,17060434080565,0,0,256,1,1,655360,1,1
"KERNEL_DISPATCH",4,2,78,"void tile_fp16_gemm<128, 64, 4, 8, 32>(__half const*, __half const*, float*, float*, int, int, long)",2215,17060434080565,17060434185309,0,25088,256,1,1,1024,1,8
"KERNEL_DISPATCH",4,2,79,"tile_fp16_reduce(float const*, float*, int, int)",2216,17060434185309,17060434189605,0,0,256,1,1,8192,1,1
"KERNEL_DISPATCH",4,2,21,"void dequantize_block_iq3_s<__half>(void const*, __half*)",2217,17060434209606,17060434227088,0,0,32,1,1,163840,1,1
"KERNEL_DISPATCH",4,2,61,"void convert_unary<float, __half>(void const*, __half*, long, long, long, HIP_vector_type<unsigned int, 3u>, long, long, long)",2218,17060434227088,17060434244125,0,0,256,1,1,655360,1,1
"KERNEL_DISPATCH",4,2,78,"void tile_fp16_gemm<128, 64, 4, 8, 32>(__half const*, __half const*, float*, float*, int, int, long)",2219,17060434244125,17060434348276,0,25088,256,1,1,1024,1,8
"KERNEL_DISPATCH",4,2,79,"tile_fp16_reduce(float const*, float*, int, int)",2220,17060434348276,17060434352424,0,0,256,1,1,8192,1,1
"KERNEL_DISPATCH",4,2,21,"void dequantize_block_iq3_s<__half>(void const*, __half*)",2221,17060434372128,17060434389610,0,0,32,1,1,163840,1,1
"KERNEL_DISPATCH",4,2,61,"void convert_unary<float, __half>(void const*, __half*, long, long, long, HIP_vector_type<unsigned int, 3u>, long, long, long)",2222,17060434389610,17060434406499,0,0,256,1,1,655360,1,1
"KERNEL_DISPATCH",4,2,78,"void tile_fp16_gemm<128, 64, 4, 8, 32>(__half const*, __half const*, float*, float*, int, int, long)",2223,17060434406499,17060434510650,0,25088,256,1,1,1024,1,8
"KERNEL_DISPATCH",4,2,79,"tile_fp16_reduce(float const*, float*, int, int)",2224,17060434510650,17060434514946,0,0,256,1,1,8192,1,1
"KERNEL_DISPATCH",4,2,21,"void dequantize_block_iq3_s<__half>(void const*, __half*)",2225,17060434534502,17060434551984,0,0,32,1,1,163840,1,1
"KERNEL_DISPATCH",4,2,61,"void convert_unary<float, __half>(void const*, __half*, long, long, long, HIP_vector_type<unsigned int, 3u>, long, long, long)",2226,17060434551984,17060434568726,0,0,256,1,1,655360,1,1
"KERNEL_DISPATCH",4,2,78,"void tile_fp16_gemm<128, 64, 4, 8, 32>(__half const*, __half const*, float*, float*, int, int, long)",2227,17060434568726,17060434672876,0,25088,256,1,1,1024,1,8
"KERNEL_DISPATCH",4,2,79,"tile_fp16_reduce(float const*, float*, int, int)",2228,17060434672876,17060434677024,0,0,256,1,1,8192,1,1
"KERNEL_DISPATCH",4,2,21,"void dequantize_block_iq3_s<__half>(void const*, __half*)",2229,17060434697469,17060434714951,0,0,32,1,1,163840,1,1
"KERNEL_DISPATCH",4,2,61,"void convert_unary<float, __half>(void const*, __half*, long, long, long, HIP_vector_type<unsigned int, 3u>, long, long, long)",2230,17060434714951,17060434731692,0,0,256,1,1,655360,1,1
"KERNEL_DISPATCH",4,2,78,"void tile_fp16_gemm<128, 64, 4, 8, 32>(__half const*, __half const*, float*, float*, int, int, long)",2231,17060434731692,17060434836584,0,25088,256,1,1,1024,1,8
"KERNEL_DISPATCH",4,2,79,"tile_fp16_reduce(float const*, float*, int, int)",2232,17060434836584,17060434840880,0,0,256,1,1,8192,1,1
"KERNEL_DISPATCH",4,2,21,"void dequantize_block_iq3_s<__half>(void const*, __half*)",2233,17060434860881,17060434878659,0,0,32,1,1,163840,1,1
"KERNEL_DISPATCH",4,2,61,"void convert_unary<float, __half>(void const*, __half*, long, long, long, HIP_vector_type<unsigned int, 3u>, long, long, long)",2234,17060434878659,17060434895400,0,0,256,1,1,655360,1,1
"KERNEL_DISPATCH",4,2,78,"void tile_fp16_gemm<128, 64, 4, 8, 32>(__half const*, __half const*, float*, float*, int, int, long)",2235,17060434895400,17060435000292,0,25088,256,1,1,1024,1,8
"KERNEL_DISPATCH",4,2,79,"tile_fp16_reduce(float const*, float*, int, int)",2236,17060435000292,17060435004440,0,0,256,1,1,8192,1,1
"KERNEL_DISPATCH",4,2,21,"void dequantize_block_iq3_s<__half>(void const*, __half*)",2237,17060435024144,17060435041774,0,0,32,1,1,163840,1,1
"KERNEL_DISPATCH",4,2,61,"void convert_unary<float, __half>(void const*, __half*, long, long, long, HIP_vector_type<unsigned int, 3u>, long, long, long)",2238,17060435041774,17060435058515,0,0,256,1,1,655360,1,1
"KERNEL_DISPATCH",4,2,78,"void tile_fp16_gemm<128, 64, 4, 8, 32>(__half const*, __half const*, float*, float*, int, int, long)",2239,17060435058515,17060435162666,0,25088,256,1,1,1024,1,8
"KERNEL_DISPATCH",4,2,79,"tile_fp16_reduce(float const*, float*, int, int)",2240,17060435162666,17060435166814,0,0,256,1,1,8192,1,1
"KERNEL_DISPATCH",4,2,21,"void dequantize_block_iq3_s<__half>(void const*, __half*)",2241,17060435186518,17060435204000,0,0,32,1,1,163840,1,1
"KERNEL_DISPATCH",4,2,61,"void convert_unary<float, __half>(void const*, __half*, long, long, long, HIP_vector_type<unsigned int, 3u>, long, long, long)",2242,17060435204000,17060435220890,0,0,256,1,1,655360,1,1
"KERNEL_DISPATCH",4,2,78,"void tile_fp16_gemm<128, 64, 4, 8, 32>(__half const*, __half const*, float*, float*, int, int, long)",2243,17060435220890,17060435325485,0,25088,256,1,1,1024,1,8
"KERNEL_DISPATCH",4,2,79,"tile_fp16_reduce(float const*, float*, int, int)",2244,17060435325485,17060435329633,0,0,256,1,1,8192,1,1
"KERNEL_DISPATCH",4,2,21,"void dequantize_block_iq3_s<__half>(void const*, __half*)",2245,17060435349782,17060435367412,0,0,32,1,1,163840,1,1
"KERNEL_DISPATCH",4,2,61,"void convert_unary<float, __half>(void const*, __half*, long, long, long, HIP_vector_type<unsigned int, 3u>, long, long, long)",2246,17060435367412,17060435384153,0,0,256,1,1,655360,1,1
"KERNEL_DISPATCH",4,2,78,"void tile_fp16_gemm<128, 64, 4, 8, 32>(__half const*, __half const*, float*, float*, int, int, long)",2247,17060435384153,17060435489044,0,25088,256,1,1,1024,1,8
"KERNEL_DISPATCH",4,2,79,"tile_fp16_reduce(float const*, float*, int, int)",2248,17060435489044,17060435493193,0,0,256,1,1,8192,1,1
"KERNEL_DISPATCH",4,2,21,"void dequantize_block_iq3_s<__half>(void const*, __half*)",2249,17060435513193,17060435530823,0,0,32,1,1,163840,1,1
"KERNEL_DISPATCH",4,2,61,"void convert_unary<float, __half>(void const*, __half*, long, long, long, HIP_vector_type<unsigned int, 3u>, long, long, long)",2250,17060435530823,17060435547564,0,0,256,1,1,655360,1,1
"KERNEL_DISPATCH",4,2,78,"void tile_fp16_gemm<128, 64, 4, 8, 32>(__half const*, __half const*, float*, float*, int, int, long)",2251,17060435547564,17060435651715,0,25088,256,1,1,1024,1,8
"KERNEL_DISPATCH",4,2,79,"tile_fp16_reduce(float const*, float*, int, int)",2252,17060435651715,17060435655863,0,0,256,1,1,8192,1,1
"KERNEL_DISPATCH",4,2,21,"void dequantize_block_iq3_s<__half>(void const*, __half*)",2253,17060435675567,17060435693197,0,0,32,1,1,163840,1,1
"KERNEL_DISPATCH",4,2,61,"void convert_unary<float, __half>(void const*, __half*, long, long, long, HIP_vector_type<unsigned int, 3u>, long, long, long)",2254,17060435693197,17060435709790,0,0,256,1,1,655360,1,1
"KERNEL_DISPATCH",4,2,78,"void tile_fp16_gemm<128, 64, 4, 8, 32>(__half const*, __half const*, float*, float*, int, int, long)",2255,17060435709790,17060435814534,0,25088,256,1,1,1024,1,8
"KERNEL_DISPATCH",4,2,79,"tile_fp16_reduce(float const*, float*, int, int)",2256,17060435814534,17060435818682,0,0,256,1,1,8192,1,1
"KERNEL_DISPATCH",4,2,21,"void dequantize_block_iq3_s<__half>(void const*, __half*)",2257,17060435838831,17060435856312,0,0,32,1,1,163840,1,1
"KERNEL_DISPATCH",4,2,61,"void convert_unary<float, __half>(void const*, __half*, long, long, long, HIP_vector_type<unsigned int, 3u>, long, long, long)",2258,17060435856312,17060435873202,0,0,256,1,1,655360,1,1
"KERNEL_DISPATCH",4,2,78,"void tile_fp16_gemm<128, 64, 4, 8, 32>(__half const*, __half const*, float*, float*, int, int, long)",2259,17060435873202,17060435977501,0,25088,256,1,1,1024,1,8
"KERNEL_DISPATCH",4,2,79,"tile_fp16_reduce(float const*, float*, int, int)",2260,17060435977501,17060435981649,0,0,256,1,1,8192,1,1
"KERNEL_DISPATCH",4,2,21,"void dequantize_block_iq3_s<__half>(void const*, __half*)",2261,17060436001649,17060436019131,0,0,32,1,1,163840,1,1
"KERNEL_DISPATCH",4,2,61,"void convert_unary<float, __half>(void const*, __half*, long, long, long, HIP_vector_type<unsigned int, 3u>, long, long, long)",2262,17060436019131,17060436035872,0,0,256,1,1,655360,1,1
"KERNEL_DISPATCH",4,2,78,"void tile_fp16_gemm<128, 64, 4, 8, 32>(__half const*, __half const*, float*, float*, int, int, long)",2263,17060436035872,17060436139875,0,25088,256,1,1,1024,1,8
"KERNEL_DISPATCH",4,2,79,"tile_fp16_reduce(float const*, float*, int, int)",2264,17060436139875,17060436144171,0,0,256,1,1,8192,1,1
"KERNEL_DISPATCH",4,2,21,"void dequantize_block_iq3_s<__half>(void const*, __half*)",2265,17060436164320,17060436181802,0,0,32,1,1,163840,1,1
"KERNEL_DISPATCH",4,2,61,"void convert_unary<float, __half>(void const*, __half*, long, long, long, HIP_vector_type<unsigned int, 3u>, long, long, long)",2266,17060436181802,17060436198691,0,0,256,1,1,655360,1,1
"KERNEL_DISPATCH",4,2,78,"void tile_fp16_gemm<128, 64, 4, 8, 32>(__half const*, __half const*, float*, float*, int, int, long)",2267,17060436198691,17060436305212,0,25088,256,1,1,1024,1,8
"KERNEL_DISPATCH",4,2,79,"tile_fp16_reduce(float const*, float*, int, int)",2268,17060436305212,17060436309509,0,0,256,1,1,8192,1,1
"KERNEL_DISPATCH",4,2,21,"void dequantize_block_iq3_s<__half>(void const*, __half*)",2269,17060730171282,17060730189949,0,0,32,1,1,163840,1,1
"KERNEL_DISPATCH",4,2,61,"void convert_unary<float, __half>(void const*, __half*, long, long, long, HIP_vector_type<unsigned int, 3u>, long, long, long)",2270,17060730189949,17060730209208,0,0,256,1,1,655360,1,1
"KERNEL_DISPATCH",4,2,78,"void tile_fp16_gemm<128, 64, 4, 8, 32>(__half const*, __half const*, float*, float*, int, int, long)",2271,17060730209208,17060730313803,0,25088,256,1,1,1024,1,8
"KERNEL_DISPATCH",4,2,79,"tile_fp16_reduce(float const*, float*, int, int)",2272,17060730313803,17060730318099,0,0,256,1,1,8192,1,1
"KERNEL_DISPATCH",4,2,21,"void dequantize_block_iq3_s<__half>(void const*, __half*)",2273,17060730338692,17060730356174,0,0,32,1,1,163840,1,1
"KERNEL_DISPATCH",4,2,61,"void convert_unary<float, __half>(void const*, __half*, long, long, long, HIP_vector_type<unsigned int, 3u>, long, long, long)",2274,17060730356174,17060730372915,0,0,256,1,1,655360,1,1
"KERNEL_DISPATCH",4,2,78,"void tile_fp16_gemm<128, 64, 4, 8, 32>(__half const*, __half const*, float*, float*, int, int, long)",2275,17060730372915,17060730477659,0,25088,256,1,1,1024,1,8
"KERNEL_DISPATCH",4,2,79,"tile_fp16_reduce(float const*, float*, int, int)",2276,17060730477659,17060730481807,0,0,256,1,1,8192,1,1
"KERNEL_DISPATCH",4,2,21,"void dequantize_block_iq3_s<__half>(void const*, __half*)",2277,17060730501807,17060730519437,0,0,32,1,1,163840,1,1
"KERNEL_DISPATCH",4,2,61,"void convert_unary<float, __half>(void const*, __half*, long, long, long, HIP_vector_type<unsigned int, 3u>, long, long, long)",2278,17060730519437,17060730536030,0,0,256,1,1,655360,1,1
"KERNEL_DISPATCH",4,2,78,"void tile_fp16_gemm<128, 64, 4, 8, 32>(__half const*, __half const*, float*, float*, int, int, long)",2279,17060730536030,17060730640033,0,25088,256,1,1,1024,1,8
"KERNEL_DISPATCH",4,2,79,"tile_fp16_reduce(float const*, float*, int, int)",2280,17060730640033,17060730644329,0,0,256,1,1,8192,1,1
"KERNEL_DISPATCH",4,2,21,"void dequantize_block_iq3_s<__half>(void const*, __half*)",2281,17060730664182,17060730681664,0,0,32,1,1,163840,1,1
"KERNEL_DISPATCH",4,2,61,"void convert_unary<float, __half>(void const*, __half*, long, long, long, HIP_vector_type<unsigned int, 3u>, long, long, long)",2282,17060730681664,17060730698405,0,0,256,1,1,655360,1,1
"KERNEL_DISPATCH",4,2,78,"void tile_fp16_gemm<128, 64, 4, 8, 32>(__half const*, __half const*, float*, float*, int, int, long)",2283,17060730698405,17060730803296,0,25088,256,1,1,1024,1,8
"KERNEL_DISPATCH",4,2,79,"tile_fp16_reduce(float const*, float*, int, int)",2284,17060730803296,17060730807444,0,0,256,1,1,8192,1,1
"KERNEL_DISPATCH",4,2,21,"void dequantize_block_iq3_s<__half>(void const*, __half*)",2285,17060730827149,17060730844779,0,0,32,1,1,163840,1,1
"KERNEL_DISPATCH",4,2,61,"void convert_unary<float, __half>(void const*, __half*, long, long, long, HIP_vector_type<unsigned int, 3u>, long, long, long)",2286,17060730844779,17060730861520,0,0,256,1,1,655360,1,1
"KERNEL_DISPATCH",4,2,78,"void tile_fp16_gemm<128, 64, 4, 8, 32>(__half const*, __half const*, float*, float*, int, int, long)",2287,17060730861520,17060730966411,0,25088,256,1,1,1024,1,8
"KERNEL_DISPATCH",4,2,79,"tile_fp16_reduce(float const*, float*, int, int)",2288,17060730966411,17060730970560,0,0,256,1,1,8192,1,1
"KERNEL_DISPATCH",4,2,21,"void dequantize_block_iq3_s<__half>(void const*, __half*)",2289,17060730990116,17060731007598,0,0,32,1,1,163840,1,1
"KERNEL_DISPATCH",4,2,61,"void convert_unary<float, __half>(void const*, __half*, long, long, long, HIP_vector_type<unsigned int, 3u>, long, long, long)",2290,17060731007598,17060731024635,0,0,256,1,1,655360,1,1
"KERNEL_DISPATCH",4,2,78,"void tile_fp16_gemm<128, 64, 4, 8, 32>(__half const*, __half const*, float*, float*, int, int, long)",2291,17060731024635,17060731128786,0,25088,256,1,1,1024,1,8
"KERNEL_DISPATCH",4,2,79,"tile_fp16_reduce(float const*, float*, int, int)",2292,17060731128786,17060731132934,0,0,256,1,1,8192,1,1
"KERNEL_DISPATCH",4,2,21,"void dequantize_block_iq3_s<__half>(void const*, __half*)",2293,17060731152786,17060731170416,0,0,32,1,1,163840,1,1
"KERNEL_DISPATCH",4,2,61,"void convert_unary<float, __half>(void const*, __half*, long, long, long, HIP_vector_type<unsigned int, 3u>, long, long, long)",2294,17060731170416,17060731187009,0,0,256,1,1,655360,1,1
"KERNEL_DISPATCH",4,2,78,"void tile_fp16_gemm<128, 64, 4, 8, 32>(__half const*, __half const*, float*, float*, int, int, long)",2295,17060731187009,17060731291753,0,25088,256,1,1,1024,1,8
"KERNEL_DISPATCH",4,2,79,"tile_fp16_reduce(float const*, float*, int, int)",2296,17060731291753,17060731295901,0,0,256,1,1,8192,1,1
"KERNEL_DISPATCH",4,2,21,"void dequantize_block_iq3_s<__half>(void const*, __half*)",2297,17060731315901,17060731333383,0,0,32,1,1,163840,1,1
"KERNEL_DISPATCH",4,2,61,"void convert_unary<float, __half>(void const*, __half*, long, long, long, HIP_vector_type<unsigned int, 3u>, long, long, long)",2298,17060731333383,17060731350273,0,0,256,1,1,655360,1,1
"KERNEL_DISPATCH",4,2,78,"void tile_fp16_gemm<128, 64, 4, 8, 32>(__half const*, __half const*, float*, float*, int, int, long)",2299,17060731350273,17060731457386,0,25088,256,1,1,1024,1,8
"KERNEL_DISPATCH",4,2,79,"tile_fp16_reduce(float const*, float*, int, int)",2300,17060731457386,17060731461535,0,0,256,1,1,8192,1,1
"KERNEL_DISPATCH",4,2,21,"void dequantize_block_iq3_s<__half>(void const*, __half*)",2301,17060731481239,17060731498721,0,0,32,1,1,163840,1,1
"KERNEL_DISPATCH",4,2,61,"void convert_unary<float, __half>(void const*, __half*, long, long, long, HIP_vector_type<unsigned int, 3u>, long, long, long)",2302,17060731498721,17060731515462,0,0,256,1,1,655360,1,1
"KERNEL_DISPATCH",4,2,78,"void tile_fp16_gemm<128, 64, 4, 8, 32>(__half const*, __half const*, float*, float*, int, int, long)",2303,17060731515462,17060731620650,0,25088,256,1,1,1024,1,8
"KERNEL_DISPATCH",4,2,79,"tile_fp16_reduce(float const*, float*, int, int)",2304,17060731620650,17060731624946,0,0,256,1,1,8192,1,1
"KERNEL_DISPATCH",4,2,21,"void dequantize_block_iq3_s<__half>(void const*, __half*)",2305,17060731644946,17060731662576,0,0,32,1,1,163840,1,1
"KERNEL_DISPATCH",4,2,61,"void convert_unary<float, __half>(void const*, __half*, long, long, long, HIP_vector_type<unsigned int, 3u>, long, long, long)",2306,17060731662576,17060731679318,0,0,256,1,1,655360,1,1
"KERNEL_DISPATCH",4,2,78,"void tile_fp16_gemm<128, 64, 4, 8, 32>(__half const*, __half const*, float*, float*, int, int, long)",2307,17060731679318,17060731783468,0,25088,256,1,1,1024,1,8
"KERNEL_DISPATCH",4,2,79,"tile_fp16_reduce(float const*, float*, int, int)",2308,17060731783468,17060731787617,0,0,256,1,1,8192,1,1
"KERNEL_DISPATCH",4,2,21,"void dequantize_block_iq3_s<__half>(void const*, __half*)",2309,17060731807173,17060731824951,0,0,32,1,1,163840,1,1
"KERNEL_DISPATCH",4,2,61,"void convert_unary<float, __half>(void const*, __half*, long, long, long, HIP_vector_type<unsigned int, 3u>, long, long, long)",2310,17060731824951,17060731841544,0,0,256,1,1,655360,1,1
"KERNEL_DISPATCH",4,2,78,"void tile_fp16_gemm<128, 64, 4, 8, 32>(__half const*, __half const*, float*, float*, int, int, long)",2311,17060731841544,17060731946287,0,25088,256,1,1,1024,1,8
"KERNEL_DISPATCH",4,2,79,"tile_fp16_reduce(float const*, float*, int, int)",2312,17060731946287,17060731950435,0,0,256,1,1,8192,1,1
"KERNEL_DISPATCH",4,2,21,"void dequantize_block_iq3_s<__half>(void const*, __half*)",2313,17060731970140,17060731987621,0,0,32,1,1,163840,1,1
"KERNEL_DISPATCH",4,2,61,"void convert_unary<float, __half>(void const*, __half*, long, long, long, HIP_vector_type<unsigned int, 3u>, long, long, long)",2314,17060731987621,17060732004363,0,0,256,1,1,655360,1,1
"KERNEL_DISPATCH",4,2,78,"void tile_fp16_gemm<128, 64, 4, 8, 32>(__half const*, __half const*, float*, float*, int, int, long)",2315,17060732004363,17060732109550,0,25088,256,1,1,1024,1,8
"KERNEL_DISPATCH",4,2,79,"tile_fp16_reduce(float const*, float*, int, int)",2316,17060732109550,17060732113699,0,0,256,1,1,8192,1,1
"KERNEL_DISPATCH",4,2,21,"void dequantize_block_iq3_s<__half>(void const*, __half*)",2317,17060732134144,17060732151774,0,0,32,1,1,163840,1,1
"KERNEL_DISPATCH",4,2,61,"void convert_unary<float, __half>(void const*, __half*, long, long, long, HIP_vector_type<unsigned int, 3u>, long, long, long)",2318,17060732151774,17060732168367,0,0,256,1,1,655360,1,1
"KERNEL_DISPATCH",4,2,78,"void tile_fp16_gemm<128, 64, 4, 8, 32>(__half const*, __half const*, float*, float*, int, int, long)",2319,17060732168367,17060732273406,0,25088,256,1,1,1024,1,8
"KERNEL_DISPATCH",4,2,79,"tile_fp16_reduce(float const*, float*, int, int)",2320,17060732273406,17060732277554,0,0,256,1,1,8192,1,1
"KERNEL_DISPATCH",4,2,21,"void dequantize_block_iq3_s<__half>(void const*, __half*)",2321,17060732296962,17060732314444,0,0,32,1,1,163840,1,1
"KERNEL_DISPATCH",4,2,61,"void convert_unary<float, __half>(void const*, __half*, long, long, long, HIP_vector_type<unsigned int, 3u>, long, long, long)",2322,17060732314444,17060732331334,0,0,256,1,1,655360,1,1
"KERNEL_DISPATCH",4,2,78,"void tile_fp16_gemm<128, 64, 4, 8, 32>(__half const*, __half const*, float*, float*, int, int, long)",2323,17060732331334,17060732436373,0,25088,256,1,1,1024,1,8
"KERNEL_DISPATCH",4,2,79,"tile_fp16_reduce(float const*, float*, int, int)",2324,17060732436373,17060732440521,0,0,256,1,1,8192,1,1
"KERNEL_DISPATCH",4,2,21,"void dequantize_block_iq3_s<__half>(void const*, __half*)",2325,17060732460374,17060732478004,0,0,32,1,1,163840,1,1
"KERNEL_DISPATCH",4,2,61,"void convert_unary<float, __half>(void const*, __half*, long, long, long, HIP_vector_type<unsigned int, 3u>, long, long, long)",2326,17060732478004,17060732494597,0,0,256,1,1,655360,1,1
"KERNEL_DISPATCH",4,2,78,"void tile_fp16_gemm<128, 64, 4, 8, 32>(__half const*, __half const*, float*, float*, int, int, long)",2327,17060732494597,17060732598599,0,25088,256,1,1,1024,1,8
"KERNEL_DISPATCH",4,2,79,"tile_fp16_reduce(float const*, float*, int, int)",2328,17060732598599,17060732602599,0,0,256,1,1,8192,1,1
"KERNEL_DISPATCH",4,2,21,"void dequantize_block_iq3_s<__half>(void const*, __half*)",2329,17060732622155,17060732639637,0,0,32,1,1,163840,1,1
"KERNEL_DISPATCH",4,2,61,"void convert_unary<float, __half>(void const*, __half*, long, long, long, HIP_vector_type<unsigned int, 3u>, long, long, long)",2330,17060732639637,17060732656230,0,0,256,1,1,655360,1,1
"KERNEL_DISPATCH",4,2,78,"void tile_fp16_gemm<128, 64, 4, 8, 32>(__half const*, __half const*, float*, float*, int, int, long)",2331,17060732656230,17060732760233,0,25088,256,1,1,1024,1,8
"KERNEL_DISPATCH",4,2,79,"tile_fp16_reduce(float const*, float*, int, int)",2332,17060732760233,17060732764529,0,0,256,1,1,8192,1,1
"KERNEL_DISPATCH",4,2,21,"void dequantize_block_iq3_s<__half>(void const*, __half*)",2333,17060732783937,17060732801419,0,0,32,1,1,163840,1,1
"KERNEL_DISPATCH",4,2,61,"void convert_unary<float, __half>(void const*, __half*, long, long, long, HIP_vector_type<unsigned int, 3u>, long, long, long)",2334,17060732801419,17060732818160,0,0,256,1,1,655360,1,1
"KERNEL_DISPATCH",4,2,78,"void tile_fp16_gemm<128, 64, 4, 8, 32>(__half const*, __half const*, float*, float*, int, int, long)",2335,17060732818160,17060732922755,0,25088,256,1,1,1024,1,8
"KERNEL_DISPATCH",4,2,79,"tile_fp16_reduce(float const*, float*, int, int)",2336,17060732922755,17060732926904,0,0,256,1,1,8192,1,1
"KERNEL_DISPATCH",4,2,21,"void dequantize_block_iq3_s<__half>(void const*, __half*)",2337,17060732946756,17060732964386,0,0,32,1,1,163840,1,1
"KERNEL_DISPATCH",4,2,61,"void convert_unary<float, __half>(void const*, __half*, long, long, long, HIP_vector_type<unsigned int, 3u>, long, long, long)",2338,17060732964386,17060732980979,0,0,256,1,1,655360,1,1
"KERNEL_DISPATCH",4,2,78,"void tile_fp16_gemm<128, 64, 4, 8, 32>(__half const*, __half const*, float*, float*, int, int, long)",2339,17060732980979,17060733085278,0,25088,256,1,1,1024,1,8
"KERNEL_DISPATCH",4,2,79,"tile_fp16_reduce(float const*, float*, int, int)",2340,17060733085278,17060733089574,0,0,256,1,1,8192,1,1
"KERNEL_DISPATCH",4,2,21,"void dequantize_block_iq3_s<__half>(void const*, __half*)",2341,17060733109575,17060733127057,0,0,32,1,1,163840,1,1
"KERNEL_DISPATCH",4,2,61,"void convert_unary<float, __half>(void const*, __half*, long, long, long, HIP_vector_type<unsigned int, 3u>, long, long, long)",2342,17060733127057,17060733143650,0,0,256,1,1,655360,1,1
"KERNEL_DISPATCH",4,2,78,"void tile_fp16_gemm<128, 64, 4, 8, 32>(__half const*, __half const*, float*, float*, int, int, long)",2343,17060733143650,17060733248393,0,25088,256,1,1,1024,1,8
"KERNEL_DISPATCH",4,2,79,"tile_fp16_reduce(float const*, float*, int, int)",2344,17060733248393,17060733252541,0,0,256,1,1,8192,1,1
"KERNEL_DISPATCH",4,2,21,"void dequantize_block_iq3_s<__half>(void const*, __half*)",2345,17060733272245,17060733290024,0,0,32,1,1,163840,1,1
"KERNEL_DISPATCH",4,2,61,"void convert_unary<float, __half>(void const*, __half*, long, long, long, HIP_vector_type<unsigned int, 3u>, long, long, long)",2346,17060733290024,17060733306617,0,0,256,1,1,655360,1,1
"KERNEL_DISPATCH",4,2,78,"void tile_fp16_gemm<128, 64, 4, 8, 32>(__half const*, __half const*, float*, float*, int, int, long)",2347,17060733306617,17060733411064,0,25088,256,1,1,1024,1,8
"KERNEL_DISPATCH",4,2,79,"tile_fp16_reduce(float const*, float*, int, int)",2348,17060733411064,17060733415360,0,0,256,1,1,8192,1,1
"KERNEL_DISPATCH",4,2,21,"void dequantize_block_iq3_s<__half>(void const*, __half*)",2349,17060733434916,17060733452398,0,0,32,1,1,163840,1,1
"KERNEL_DISPATCH",4,2,61,"void convert_unary<float, __half>(void const*, __half*, long, long, long, HIP_vector_type<unsigned int, 3u>, long, long, long)",2350,17060733452398,17060733469139,0,0,256,1,1,655360,1,1
"KERNEL_DISPATCH",4,2,78,"void tile_fp16_gemm<128, 64, 4, 8, 32>(__half const*, __half const*, float*, float*, int, int, long)",2351,17060733469139,17060733573882,0,25088,256,1,1,1024,1,8
"KERNEL_DISPATCH",4,2,79,"tile_fp16_reduce(float const*, float*, int, int)",2352,17060733573882,17060733577882,0,0,256,1,1,8192,1,1
"KERNEL_DISPATCH",4,2,21,"void dequantize_block_iq3_s<__half>(void const*, __half*)",2353,17060733597735,17060733615365,0,0,32,1,1,163840,1,1
"KERNEL_DISPATCH",4,2,61,"void convert_unary<float, __half>(void const*, __half*, long, long, long, HIP_vector_type<unsigned int, 3u>, long, long, long)",2354,17060733615365,17060733631958,0,0,256,1,1,655360,1,1
"KERNEL_DISPATCH",4,2,78,"void tile_fp16_gemm<128, 64, 4, 8, 32>(__half const*, __half const*, float*, float*, int, int, long)",2355,17060733631958,17060733736849,0,25088,256,1,1,1024,1,8
"KERNEL_DISPATCH",4,2,79,"tile_fp16_reduce(float const*, float*, int, int)",2356,17060733736849,17060733740998,0,0,256,1,1,8192,1,1
"KERNEL_DISPATCH",4,2,21,"void dequantize_block_iq3_s<__half>(void const*, __half*)",2357,17060733760554,17060733778035,0,0,32,1,1,163840,1,1
"KERNEL_DISPATCH",4,2,61,"void convert_unary<float, __half>(void const*, __half*, long, long, long, HIP_vector_type<unsigned int, 3u>, long, long, long)",2358,17060733778035,17060733794628,0,0,256,1,1,655360,1,1
"KERNEL_DISPATCH",4,2,78,"void tile_fp16_gemm<128, 64, 4, 8, 32>(__half const*, __half const*, float*, float*, int, int, long)",2359,17060733794628,17060733899224,0,25088,256,1,1,1024,1,8
"KERNEL_DISPATCH",4,2,79,"tile_fp16_reduce(float const*, float*, int, int)",2360,17060733899224,17060733903372,0,0,256,1,1,8192,1,1
"KERNEL_DISPATCH",4,2,21,"void dequantize_block_iq3_s<__half>(void const*, __half*)",2361,17060733924409,17060733941891,0,0,32,1,1,163840,1,1
"KERNEL_DISPATCH",4,2,61,"void convert_unary<float, __half>(void const*, __half*, long, long, long, HIP_vector_type<unsigned int, 3u>, long, long, long)",2362,17060733941891,17060733958484,0,0,256,1,1,655360,1,1
"KERNEL_DISPATCH",4,2,78,"void tile_fp16_gemm<128, 64, 4, 8, 32>(__half const*, __half const*, float*, float*, int, int, long)",2363,17060733958484,17060734063376,0,25088,256,1,1,1024,1,8
"KERNEL_DISPATCH",4,2,79,"tile_fp16_reduce(float const*, float*, int, int)",2364,17060734063376,17060734067524,0,0,256,1,1,8192,1,1
"KERNEL_DISPATCH",4,2,21,"void dequantize_block_iq3_s<__half>(void const*, __half*)",2365,17060734087080,17060734104562,0,0,32,1,1,163840,1,1
"KERNEL_DISPATCH",4,2,61,"void convert_unary<float, __half>(void const*, __half*, long, long, long, HIP_vector_type<unsigned int, 3u>, long, long, long)",2366,17060734104562,17060734121451,0,0,256,1,1,655360,1,1
"KERNEL_DISPATCH",4,2,78,"void tile_fp16_gemm<128, 64, 4, 8, 32>(__half const*, __half const*, float*, float*, int, int, long)",2367,17060734121451,17060734225750,0,25088,256,1,1,1024,1,8
"KERNEL_DISPATCH",4,2,79,"tile_fp16_reduce(float const*, float*, int, int)",2368,17060734225750,17060734229898,0,0,256,1,1,8192,1,1
"KERNEL_DISPATCH",4,2,21,"void dequantize_block_iq3_s<__half>(void const*, __half*)",2369,17060734249751,17060734267084,0,0,32,1,1,163840,1,1
"KERNEL_DISPATCH",4,2,61,"void convert_unary<float, __half>(void const*, __half*, long, long, long, HIP_vector_type<unsigned int, 3u>, long, long, long)",2370,17060734267084,17060734283826,0,0,256,1,1,655360,1,1
"KERNEL_DISPATCH",4,2,78,"void tile_fp16_gemm<128, 64, 4, 8, 32>(__half const*, __half const*, float*, float*, int, int, long)",2371,17060734283826,17060734388865,0,25088,256,1,1,1024,1,8
"KERNEL_DISPATCH",4,2,79,"tile_fp16_reduce(float const*, float*, int, int)",2372,17060734388865,17060734393013,0,0,256,1,1,8192,1,1
"KERNEL_DISPATCH",4,2,21,"void dequantize_block_iq3_s<__half>(void const*, __half*)",2373,17060734412718,17060734430200,0,0,32,1,1,163840,1,1
"KERNEL_DISPATCH",4,2,61,"void convert_unary<float, __half>(void const*, __half*, long, long, long, HIP_vector_type<unsigned int, 3u>, long, long, long)",2374,17060734430200,17060734446941,0,0,256,1,1,655360,1,1
"KERNEL_DISPATCH",4,2,78,"void tile_fp16_gemm<128, 64, 4, 8, 32>(__half const*, __half const*, float*, float*, int, int, long)",2375,17060734446941,17060734551091,0,25088,256,1,1,1024,1,8
"KERNEL_DISPATCH",4,2,79,"tile_fp16_reduce(float const*, float*, int, int)",2376,17060734551091,17060734555240,0,0,256,1,1,8192,1,1
"KERNEL_DISPATCH",4,2,21,"void dequantize_block_iq3_s<__half>(void const*, __half*)",2377,17060734574944,17060734592426,0,0,32,1,1,163840,1,1
"KERNEL_DISPATCH",4,2,61,"void convert_unary<float, __half>(void const*, __half*, long, long, long, HIP_vector_type<unsigned int, 3u>, long, long, long)",2378,17060734592426,17060734609167,0,0,256,1,1,655360,1,1
"KERNEL_DISPATCH",4,2,78,"void tile_fp16_gemm<128, 64, 4, 8, 32>(__half const*, __half const*, float*, float*, int, int, long)",2379,17060734609167,17060734713910,0,25088,256,1,1,1024,1,8
"KERNEL_DISPATCH",4,2,79,"tile_fp16_reduce(float const*, float*, int, int)",2380,17060734713910,17060734718058,0,0,256,1,1,8192,1,1
"KERNEL_DISPATCH",4,2,21,"void dequantize_block_iq3_s<__half>(void const*, __half*)",2381,17060734738059,17060734755541,0,0,32,1,1,163840,1,1
"KERNEL_DISPATCH",4,2,61,"void convert_unary<float, __half>(void const*, __half*, long, long, long, HIP_vector_type<unsigned int, 3u>, long, long, long)",2382,17060734755541,17060734772578,0,0,256,1,1,655360,1,1
"KERNEL_DISPATCH",4,2,78,"void tile_fp16_gemm<128, 64, 4, 8, 32>(__half const*, __half const*, float*, float*, int, int, long)",2383,17060734772578,17060734876877,0,25088,256,1,1,1024,1,8
"KERNEL_DISPATCH",4,2,79,"tile_fp16_reduce(float const*, float*, int, int)",2384,17060734876877,17060734881025,0,0,256,1,1,8192,1,1
"KERNEL_DISPATCH",4,2,21,"void dequantize_block_iq3_s<__half>(void const*, __half*)",2385,17060734900730,17060734918211,0,0,32,1,1,163840,1,1
"KERNEL_DISPATCH",4,2,61,"void convert_unary<float, __half>(void const*, __half*, long, long, long, HIP_vector_type<unsigned int, 3u>, long, long, long)",2386,17060734918211,17060734934804,0,0,256,1,1,655360,1,1
"KERNEL_DISPATCH",4,2,78,"void tile_fp16_gemm<128, 64, 4, 8, 32>(__half const*, __half const*, float*, float*, int, int, long)",2387,17060734934804,17060735038807,0,25088,256,1,1,1024,1,8
"KERNEL_DISPATCH",4,2,79,"tile_fp16_reduce(float const*, float*, int, int)",2388,17060735038807,17060735042955,0,0,256,1,1,8192,1,1
"KERNEL_DISPATCH",4,2,21,"void dequantize_block_iq3_s<__half>(void const*, __half*)",2389,17060735062511,17060735080289,0,0,32,1,1,163840,1,1
"KERNEL_DISPATCH",4,2,61,"void convert_unary<float, __half>(void const*, __half*, long, long, long, HIP_vector_type<unsigned int, 3u>, long, long, long)",2390,17060735080289,17060735097031,0,0,256,1,1,655360,1,1
"KERNEL_DISPATCH",4,2,78,"void tile_fp16_gemm<128, 64, 4, 8, 32>(__half const*, __half const*, float*, float*, int, int, long)",2391,17060735097031,17060735201626,0,25088,256,1,1,1024,1,8
"KERNEL_DISPATCH",4,2,79,"tile_fp16_reduce(float const*, float*, int, int)",2392,17060735201626,17060735205774,0,0,256,1,1,8192,1,1
"KERNEL_DISPATCH",4,2,21,"void dequantize_block_iq3_s<__half>(void const*, __half*)",2393,17060735225478,17060735242960,0,0,32,1,1,163840,1,1
"KERNEL_DISPATCH",4,2,61,"void convert_unary<float, __half>(void const*, __half*, long, long, long, HIP_vector_type<unsigned int, 3u>, long, long, long)",2394,17060735242960,17060735259701,0,0,256,1,1,655360,1,1
"KERNEL_DISPATCH",4,2,78,"void tile_fp16_gemm<128, 64, 4, 8, 32>(__half const*, __half const*, float*, float*, int, int, long)",2395,17060735259701,17060735364000,0,25088,256,1,1,1024,1,8
"KERNEL_DISPATCH",4,2,79,"tile_fp16_reduce(float const*, float*, int, int)",2396,17060735364000,17060735368148,0,0,256,1,1,8192,1,1
"KERNEL_DISPATCH",4,2,21,"void dequantize_block_iq3_s<__half>(void const*, __half*)",2397,17060735387853,17060735405483,0,0,32,1,1,163840,1,1
"KERNEL_DISPATCH",4,2,61,"void convert_unary<float, __half>(void const*, __half*, long, long, long, HIP_vector_type<unsigned int, 3u>, long, long, long)",2398,17060735405483,17060735422076,0,0,256,1,1,655360,1,1
"KERNEL_DISPATCH",4,2,78,"void tile_fp16_gemm<128, 64, 4, 8, 32>(__half const*, __half const*, float*, float*, int, int, long)",2399,17060735422076,17060735526374,0,25088,256,1,1,1024,1,8
"KERNEL_DISPATCH",4,2,79,"tile_fp16_reduce(float const*, float*, int, int)",2400,17060735526374,17060735530523,0,0,256,1,1,8192,1,1
"KERNEL_DISPATCH",4,2,21,"void dequantize_block_iq3_s<__half>(void const*, __half*)",2401,17060735550523,17060735568153,0,0,32,1,1,163840,1,1
"KERNEL_DISPATCH",4,2,61,"void convert_unary<float, __half>(void const*, __half*, long, long, long, HIP_vector_type<unsigned int, 3u>, long, long, long)",2402,17060735568153,17060735585043,0,0,256,1,1,655360,1,1
"KERNEL_DISPATCH",4,2,78,"void tile_fp16_gemm<128, 64, 4, 8, 32>(__half const*, __half const*, float*, float*, int, int, long)",2403,17060735585043,17060735689490,0,25088,256,1,1,1024,1,8
"KERNEL_DISPATCH",4,2,79,"tile_fp16_reduce(float const*, float*, int, int)",2404,17060735689490,17060735693638,0,0,256,1,1,8192,1,1
"KERNEL_DISPATCH",4,2,21,"void dequantize_block_iq3_s<__half>(void const*, __half*)",2405,17060735713638,17060735731268,0,0,32,1,1,163840,1,1
"KERNEL_DISPATCH",4,2,61,"void convert_unary<float, __half>(void const*, __half*, long, long, long, HIP_vector_type<unsigned int, 3u>, long, long, long)",2406,17060735731268,17060735748158,0,0,256,1,1,655360,1,1
"KERNEL_DISPATCH",4,2,78,"void tile_fp16_gemm<128, 64, 4, 8, 32>(__half const*, __half const*, float*, float*, int, int, long)",2407,17060735748158,17060735852308,0,25088,256,1,1,1024,1,8
"KERNEL_DISPATCH",4,2,79,"tile_fp16_reduce(float const*, float*, int, int)",2408,17060735852308,17060735856457,0,0,256,1,1,8192,1,1
"KERNEL_DISPATCH",4,2,21,"void dequantize_block_iq3_s<__half>(void const*, __half*)",2409,17060735876605,17060735894087,0,0,32,1,1,163840,1,1
"KERNEL_DISPATCH",4,2,61,"void convert_unary<float, __half>(void const*, __half*, long, long, long, HIP_vector_type<unsigned int, 3u>, long, long, long)",2410,17060735894087,17060735910828,0,0,256,1,1,655360,1,1
"KERNEL_DISPATCH",4,2,78,"void tile_fp16_gemm<128, 64, 4, 8, 32>(__half const*, __half const*, float*, float*, int, int, long)",2411,17060735910828,17060736015127,0,25088,256,1,1,1024,1,8
"KERNEL_DISPATCH",4,2,79,"tile_fp16_reduce(float const*, float*, int, int)",2412,17060736015127,17060736019275,0,0,256,1,1,8192,1,1
"KERNEL_DISPATCH",4,2,21,"void dequantize_block_iq3_s<__half>(void const*, __half*)",2413,17060736039128,17060736056610,0,0,32,1,1,163840,1,1
"KERNEL_DISPATCH",4,2,61,"void convert_unary<float, __half>(void const*, __half*, long, long, long, HIP_vector_type<unsigned int, 3u>, long, long, long)",2414,17060736056610,17060736073351,0,0,256,1,1,655360,1,1
"KERNEL_DISPATCH",4,2,78,"void tile_fp16_gemm<128, 64, 4, 8, 32>(__half const*, __half const*, float*, float*, int, int, long)",2415,17060736073351,17060736178094,0,25088,256,1,1,1024,1,8
"KERNEL_DISPATCH",4,2,79,"tile_fp16_reduce(float const*, float*, int, int)",2416,17060736178094,17060736182242,0,0,256,1,1,8192,1,1
"KERNEL_DISPATCH",4,2,21,"void dequantize_block_iq3_s<__half>(void const*, __half*)",2417,17060736202243,17060736219725,0,0,32,1,1,163840,1,1
"KERNEL_DISPATCH",4,2,61,"void convert_unary<float, __half>(void const*, __half*, long, long, long, HIP_vector_type<unsigned int, 3u>, long, long, long)",2418,17060736219725,17060736236614,0,0,256,1,1,655360,1,1
"KERNEL_DISPATCH",4,2,78,"void tile_fp16_gemm<128, 64, 4, 8, 32>(__half const*, __half const*, float*, float*, int, int, long)",2419,17060736236614,17060736341061,0,25088,256,1,1,1024,1,8
"KERNEL_DISPATCH",4,2,79,"tile_fp16_reduce(float const*, float*, int, int)",2420,17060736341061,17060736345209,0,0,256,1,1,8192,1,1
"KERNEL_DISPATCH",4,2,21,"void dequantize_block_iq3_s<__half>(void const*, __half*)",2421,17060736365210,17060736382692,0,0,32,1,1,163840,1,1
"KERNEL_DISPATCH",4,2,61,"void convert_unary<float, __half>(void const*, __half*, long, long, long, HIP_vector_type<unsigned int, 3u>, long, long, long)",2422,17060736382692,17060736399581,0,0,256,1,1,655360,1,1
"KERNEL_DISPATCH",4,2,78,"void tile_fp16_gemm<128, 64, 4, 8, 32>(__half const*, __half const*, float*, float*, int, int, long)",2423,17060736399581,17060736504472,0,25088,256,1,1,1024,1,8
"KERNEL_DISPATCH",4,2,79,"tile_fp16_reduce(float const*, float*, int, int)",2424,17060736504472,17060736508621,0,0,256,1,1,8192,1,1
"KERNEL_DISPATCH",4,2,21,"void dequantize_block_iq3_s<__half>(void const*, __half*)",2425,17060736528621,17060736546103,0,0,32,1,1,163840,1,1
"KERNEL_DISPATCH",4,2,61,"void convert_unary<float, __half>(void const*, __half*, long, long, long, HIP_vector_type<unsigned int, 3u>, long, long, long)",2426,17060736546103,17060736562696,0,0,256,1,1,655360,1,1
"KERNEL_DISPATCH",4,2,78,"void tile_fp16_gemm<128, 64, 4, 8, 32>(__half const*, __half const*, float*, float*, int, int, long)",2427,17060736562696,17060736667439,0,25088,256,1,1,1024,1,8
"KERNEL_DISPATCH",4,2,79,"tile_fp16_reduce(float const*, float*, int, int)",2428,17060736667439,17060736671588,0,0,256,1,1,8192,1,1
"KERNEL_DISPATCH",4,2,21,"void dequantize_block_iq3_s<__half>(void const*, __half*)",2429,17060736691440,17060736708922,0,0,32,1,1,163840,1,1
"KERNEL_DISPATCH",4,2,61,"void convert_unary<float, __half>(void const*, __half*, long, long, long, HIP_vector_type<unsigned int, 3u>, long, long, long)",2430,17060736708922,17060736725663,0,0,256,1,1,655360,1,1
"KERNEL_DISPATCH",4,2,78,"void tile_fp16_gemm<128, 64, 4, 8, 32>(__half const*, __half const*, float*, float*, int, int, long)",2431,17060736725663,17060736830110,0,25088,256,1,1,1024,1,8
"KERNEL_DISPATCH",4,2,79,"tile_fp16_reduce(float const*, float*, int, int)",2432,17060736830110,17060736834406,0,0,256,1,1,8192,1,1
"KERNEL_DISPATCH",4,2,21,"void dequantize_block_iq3_s<__half>(void const*, __half*)",2433,17060736854407,17060736871889,0,0,32,1,1,163840,1,1
"KERNEL_DISPATCH",4,2,61,"void convert_unary<float, __half>(void const*, __half*, long, long, long, HIP_vector_type<unsigned int, 3u>, long, long, long)",2434,17060736871889,17060736888630,0,0,256,1,1,655360,1,1
"KERNEL_DISPATCH",4,2,78,"void tile_fp16_gemm<128, 64, 4, 8, 32>(__half const*, __half const*, float*, float*, int, int, long)",2435,17060736888630,17060736993077,0,25088,256,1,1,1024,1,8
"KERNEL_DISPATCH",4,2,79,"tile_fp16_reduce(float const*, float*, int, int)",2436,17060736993077,17060736997225,0,0,256,1,1,8192,1,1
"KERNEL_DISPATCH",4,2,21,"void dequantize_block_iq3_s<__half>(void const*, __half*)",2437,17060737017077,17060737034559,0,0,32,1,1,163840,1,1
"KERNEL_DISPATCH",4,2,61,"void convert_unary<float, __half>(void const*, __half*, long, long, long, HIP_vector_type<unsigned int, 3u>, long, long, long)",2438,17060737034559,17060737051301,0,0,256,1,1,655360,1,1
"KERNEL_DISPATCH",4,2,78,"void tile_fp16_gemm<128, 64, 4, 8, 32>(__half const*, __half const*, float*, float*, int, int, long)",2439,17060737051301,17060737156044,0,25088,256,1,1,1024,1,8
"KERNEL_DISPATCH",4,2,79,"tile_fp16_reduce(float const*, float*, int, int)",2440,17060737156044,17060737160340,0,0,256,1,1,8192,1,1
"KERNEL_DISPATCH",4,2,21,"void dequantize_block_iq3_s<__half>(void const*, __half*)",2441,17060737180193,17060737197674,0,0,32,1,1,163840,1,1
"KERNEL_DISPATCH",4,2,61,"void convert_unary<float, __half>(void const*, __half*, long, long, long, HIP_vector_type<unsigned int, 3u>, long, long, long)",2442,17060737197674,17060737214267,0,0,256,1,1,655360,1,1
"KERNEL_DISPATCH",4,2,78,"void tile_fp16_gemm<128, 64, 4, 8, 32>(__half const*, __half const*, float*, float*, int, int, long)",2443,17060737214267,17060737318714,0,25088,256,1,1,1024,1,8
"KERNEL_DISPATCH",4,2,79,"tile_fp16_reduce(float const*, float*, int, int)",2444,17060737318714,17060737322863,0,0,256,1,1,8192,1,1
"KERNEL_DISPATCH",4,2,21,"void dequantize_block_iq3_s<__half>(void const*, __half*)",2445,17060737342715,17060737360345,0,0,32,1,1,163840,1,1
"KERNEL_DISPATCH",4,2,61,"void convert_unary<float, __half>(void const*, __half*, long, long, long, HIP_vector_type<unsigned int, 3u>, long, long, long)",2446,17060737360345,17060737376790,0,0,256,1,1,655360,1,1
"KERNEL_DISPATCH",4,2,78,"void tile_fp16_gemm<128, 64, 4, 8, 32>(__half const*, __half const*, float*, float*, int, int, long)",2447,17060737376790,17060737481385,0,25088,256,1,1,1024,1,8
"KERNEL_DISPATCH",4,2,79,"tile_fp16_reduce(float const*, float*, int, int)",2448,17060737481385,17060737485533,0,0,256,1,1,8192,1,1
"KERNEL_DISPATCH",4,2,21,"void dequantize_block_iq3_s<__half>(void const*, __half*)",2449,17060737505386,17060737522868,0,0,32,1,1,163840,1,1
"KERNEL_DISPATCH",4,2,61,"void convert_unary<float, __half>(void const*, __half*, long, long, long, HIP_vector_type<unsigned int, 3u>, long, long, long)",2450,17060737522868,17060737539757,0,0,256,1,1,655360,1,1
"KERNEL_DISPATCH",4,2,78,"void tile_fp16_gemm<128, 64, 4, 8, 32>(__half const*, __half const*, float*, float*, int, int, long)",2451,17060737539757,17060737644352,0,25088,256,1,1,1024,1,8
"KERNEL_DISPATCH",4,2,79,"tile_fp16_reduce(float const*, float*, int, int)",2452,17060737644352,17060737648500,0,0,256,1,1,8192,1,1
"KERNEL_DISPATCH",4,2,21,"void dequantize_block_iq3_s<__half>(void const*, __half*)",2453,17060737668204,17060737685983,0,0,32,1,1,163840,1,1
"KERNEL_DISPATCH",4,2,61,"void convert_unary<float, __half>(void const*, __half*, long, long, long, HIP_vector_type<unsigned int, 3u>, long, long, long)",2454,17060737685983,17060737702724,0,0,256,1,1,655360,1,1
"KERNEL_DISPATCH",4,2,78,"void tile_fp16_gemm<128, 64, 4, 8, 32>(__half const*, __half const*, float*, float*, int, int, long)",2455,17060737702724,17060737807912,0,25088,256,1,1,1024,1,8
"KERNEL_DISPATCH",4,2,79,"tile_fp16_reduce(float const*, float*, int, int)",2456,17060737807912,17060737812060,0,0,256,1,1,8192,1,1
"KERNEL_DISPATCH",4,2,21,"void dequantize_block_iq3_s<__half>(void const*, __half*)",2457,17060737831764,17060737849394,0,0,32,1,1,163840,1,1
"KERNEL_DISPATCH",4,2,61,"void convert_unary<float, __half>(void const*, __half*, long, long, long, HIP_vector_type<unsigned int, 3u>, long, long, long)",2458,17060737849394,17060737866135,0,0,256,1,1,655360,1,1
"KERNEL_DISPATCH",4,2,78,"void tile_fp16_gemm<128, 64, 4, 8, 32>(__half const*, __half const*, float*, float*, int, int, long)",2459,17060737866135,17060737969990,0,25088,256,1,1,1024,1,8
"KERNEL_DISPATCH",4,2,79,"tile_fp16_reduce(float const*, float*, int, int)",2460,17060737969990,17060737974138,0,0,256,1,1,8192,1,1
"KERNEL_DISPATCH",4,2,21,"void dequantize_block_iq3_s<__half>(void const*, __half*)",2461,17060737993990,17060738011472,0,0,32,1,1,163840,1,1
"KERNEL_DISPATCH",4,2,61,"void convert_unary<float, __half>(void const*, __half*, long, long, long, HIP_vector_type<unsigned int, 3u>, long, long, long)",2462,17060738011472,17060738028361,0,0,256,1,1,655360,1,1
"KERNEL_DISPATCH",4,2,78,"void tile_fp16_gemm<128, 64, 4, 8, 32>(__half const*, __half const*, float*, float*, int, int, long)",2463,17060738028361,17060738132808,0,25088,256,1,1,1024,1,8
"KERNEL_DISPATCH",4,2,79,"tile_fp16_reduce(float const*, float*, int, int)",2464,17060738132808,17060738136957,0,0,256,1,1,8192,1,1
"KERNEL_DISPATCH",4,2,21,"void dequantize_block_iq3_s<__half>(void const*, __half*)",2465,17060738157105,17060738174587,0,0,32,1,1,163840,1,1
"KERNEL_DISPATCH",4,2,61,"void convert_unary<float, __half>(void const*, __half*, long, long, long, HIP_vector_type<unsigned int, 3u>, long, long, long)",2466,17060738174587,17060738191180,0,0,256,1,1,655360,1,1
"KERNEL_DISPATCH",4,2,78,"void tile_fp16_gemm<128, 64, 4, 8, 32>(__half const*, __half const*, float*, float*, int, int, long)",2467,17060738191180,17060738295775,0,25088,256,1,1,1024,1,8
"KERNEL_DISPATCH",4,2,79,"tile_fp16_reduce(float const*, float*, int, int)",2468,17060738295775,17060738299924,0,0,256,1,1,8192,1,1
"KERNEL_DISPATCH",4,2,21,"void dequantize_block_iq3_s<__half>(void const*, __half*)",2469,17060738319776,17060738337258,0,0,32,1,1,163840,1,1
"KERNEL_DISPATCH",4,2,61,"void convert_unary<float, __half>(void const*, __half*, long, long, long, HIP_vector_type<unsigned int, 3u>, long, long, long)",2470,17060738337258,17060738353999,0,0,256,1,1,655360,1,1
"KERNEL_DISPATCH",4,2,78,"void tile_fp16_gemm<128, 64, 4, 8, 32>(__half const*, __half const*, float*, float*, int, int, long)",2471,17060738353999,17060738459039,0,25088,256,1,1,1024,1,8
"KERNEL_DISPATCH",4,2,79,"tile_fp16_reduce(float const*, float*, int, int)",2472,17060738459039,17060738463187,0,0,256,1,1,8192,1,1
"KERNEL_DISPATCH",4,2,21,"void dequantize_block_iq3_s<__half>(void const*, __half*)",2473,17060738483187,17060738500817,0,0,32,1,1,163840,1,1
"KERNEL_DISPATCH",4,2,61,"void convert_unary<float, __half>(void const*, __half*, long, long, long, HIP_vector_type<unsigned int, 3u>, long, long, long)",2474,17060738500817,17060738517559,0,0,256,1,1,655360,1,1
"KERNEL_DISPATCH",4,2,78,"void tile_fp16_gemm<128, 64, 4, 8, 32>(__half const*, __half const*, float*, float*, int, int, long)",2475,17060738517559,17060738621413,0,25088,256,1,1,1024,1,8
"KERNEL_DISPATCH",4,2,79,"tile_fp16_reduce(float const*, float*, int, int)",2476,17060738621413,17060738625561,0,0,256,1,1,8192,1,1
"KERNEL_DISPATCH",4,2,21,"void dequantize_block_iq3_s<__half>(void const*, __half*)",2477,17060738645414,17060738662895,0,0,32,1,1,163840,1,1
"KERNEL_DISPATCH",4,2,61,"void convert_unary<float, __half>(void const*, __half*, long, long, long, HIP_vector_type<unsigned int, 3u>, long, long, long)",2478,17060738662895,17060738679785,0,0,256,1,1,655360,1,1
"KERNEL_DISPATCH",4,2,78,"void tile_fp16_gemm<128, 64, 4, 8, 32>(__half const*, __half const*, float*, float*, int, int, long)",2479,17060738679785,17060738784232,0,25088,256,1,1,1024,1,8
"KERNEL_DISPATCH",4,2,79,"tile_fp16_reduce(float const*, float*, int, int)",2480,17060738784232,17060738788380,0,0,256,1,1,8192,1,1
"KERNEL_DISPATCH",4,2,21,"void dequantize_block_iq3_s<__half>(void const*, __half*)",2481,17060738807936,17060738825418,0,0,32,1,1,163840,1,1
"KERNEL_DISPATCH",4,2,61,"void convert_unary<float, __half>(void const*, __half*, long, long, long, HIP_vector_type<unsigned int, 3u>, long, long, long)",2482,17060738825418,17060738842159,0,0,256,1,1,655360,1,1
"KERNEL_DISPATCH",4,2,78,"void tile_fp16_gemm<128, 64, 4, 8, 32>(__half const*, __half const*, float*, float*, int, int, long)",2483,17060738842159,17060738946606,0,25088,256,1,1,1024,1,8
"KERNEL_DISPATCH",4,2,79,"tile_fp16_reduce(float const*, float*, int, int)",2484,17060738946606,17060738950902,0,0,256,1,1,8192,1,1
"KERNEL_DISPATCH",4,2,21,"void dequantize_block_iq3_s<__half>(void const*, __half*)",2485,17060738970755,17060738988237,0,0,32,1,1,163840,1,1
"KERNEL_DISPATCH",4,2,61,"void convert_unary<float, __half>(void const*, __half*, long, long, long, HIP_vector_type<unsigned int, 3u>, long, long, long)",2486,17060738988237,17060739004978,0,0,256,1,1,655360,1,1
"KERNEL_DISPATCH",4,2,78,"void tile_fp16_gemm<128, 64, 4, 8, 32>(__half const*, __half const*, float*, float*, int, int, long)",2487,17060739004978,17060739109721,0,25088,256,1,1,1024,1,8
"KERNEL_DISPATCH",4,2,79,"tile_fp16_reduce(float const*, float*, int, int)",2488,17060739109721,17060739113869,0,0,256,1,1,8192,1,1
"KERNEL_DISPATCH",4,2,21,"void dequantize_block_iq3_s<__half>(void const*, __half*)",2489,17060739133722,17060739151204,0,0,32,1,1,163840,1,1
"KERNEL_DISPATCH",4,2,61,"void convert_unary<float, __half>(void const*, __half*, long, long, long, HIP_vector_type<unsigned int, 3u>, long, long, long)",2490,17060739151204,17060739168093,0,0,256,1,1,655360,1,1
"KERNEL_DISPATCH",4,2,78,"void tile_fp16_gemm<128, 64, 4, 8, 32>(__half const*, __half const*, float*, float*, int, int, long)",2491,17060739168093,17060739272540,0,25088,256,1,1,1024,1,8
"KERNEL_DISPATCH",4,2,79,"tile_fp16_reduce(float const*, float*, int, int)",2492,17060739272540,17060739276836,0,0,256,1,1,8192,1,1
"KERNEL_DISPATCH",4,2,21,"void dequantize_block_iq3_s<__half>(void const*, __half*)",2493,17060739296837,17060739314171,0,0,32,1,1,163840,1,1
"KERNEL_DISPATCH",4,2,61,"void convert_unary<float, __half>(void const*, __half*, long, long, long, HIP_vector_type<unsigned int, 3u>, long, long, long)",2494,17060739314171,17060739330912,0,0,256,1,1,655360,1,1
"KERNEL_DISPATCH",4,2,78,"void tile_fp16_gemm<128, 64, 4, 8, 32>(__half const*, __half const*, float*, float*, int, int, long)",2495,17060739330912,17060739435359,0,25088,256,1,1,1024,1,8
"KERNEL_DISPATCH",4,2,79,"tile_fp16_reduce(float const*, float*, int, int)",2496,17060739435359,17060739439507,0,0,256,1,1,8192,1,1
"KERNEL_DISPATCH",4,2,21,"void dequantize_block_iq3_s<__half>(void const*, __half*)",2497,17060739459211,17060739476841,0,0,32,1,1,163840,1,1
"KERNEL_DISPATCH",4,2,61,"void convert_unary<float, __half>(void const*, __half*, long, long, long, HIP_vector_type<unsigned int, 3u>, long, long, long)",2498,17060739476841,17060739493582,0,0,256,1,1,655360,1,1
"KERNEL_DISPATCH",4,2,78,"void tile_fp16_gemm<128, 64, 4, 8, 32>(__half const*, __half const*, float*, float*, int, int, long)",2499,17060739493582,17060739598029,0,25088,256,1,1,1024,1,8
"KERNEL_DISPATCH",4,2,79,"tile_fp16_reduce(float const*, float*, int, int)",2500,17060739598029,17060739602029,0,0,256,1,1,8192,1,1
"KERNEL_DISPATCH",4,2,21,"void dequantize_block_iq3_s<__half>(void const*, __half*)",2501,17060739621585,17060739639364,0,0,32,1,1,163840,1,1
"KERNEL_DISPATCH",4,2,61,"void convert_unary<float, __half>(void const*, __half*, long, long, long, HIP_vector_type<unsigned int, 3u>, long, long, long)",2502,17060739639364,17060739656253,0,0,256,1,1,655360,1,1
"KERNEL_DISPATCH",4,2,78,"void tile_fp16_gemm<128, 64, 4, 8, 32>(__half const*, __half const*, float*, float*, int, int, long)",2503,17060739656253,17060739760700,0,25088,256,1,1,1024,1,8
"KERNEL_DISPATCH",4,2,79,"tile_fp16_reduce(float const*, float*, int, int)",2504,17060739760700,17060739764996,0,0,256,1,1,8192,1,1
"KERNEL_DISPATCH",4,2,21,"void dequantize_block_iq3_s<__half>(void const*, __half*)",2505,17060739784849,17060739802331,0,0,32,1,1,163840,1,1
"KERNEL_DISPATCH",4,2,61,"void convert_unary<float, __half>(void const*, __half*, long, long, long, HIP_vector_type<unsigned int, 3u>, long, long, long)",2506,17060739802331,17060739818924,0,0,256,1,1,655360,1,1
"KERNEL_DISPATCH",4,2,78,"void tile_fp16_gemm<128, 64, 4, 8, 32>(__half const*, __half const*, float*, float*, int, int, long)",2507,17060739818924,17060739923222,0,25088,256,1,1,1024,1,8
"KERNEL_DISPATCH",4,2,79,"tile_fp16_reduce(float const*, float*, int, int)",2508,17060739923222,17060739927371,0,0,256,1,1,8192,1,1
"KERNEL_DISPATCH",4,2,21,"void dequantize_block_iq3_s<__half>(void const*, __half*)",2509,17060739947075,17060739964557,0,0,32,1,1,163840,1,1
"KERNEL_DISPATCH",4,2,61,"void convert_unary<float, __half>(void const*, __half*, long, long, long, HIP_vector_type<unsigned int, 3u>, long, long, long)",2510,17060739964557,17060739981150,0,0,256,1,1,655360,1,1
"KERNEL_DISPATCH",4,2,78,"void tile_fp16_gemm<128, 64, 4, 8, 32>(__half const*, __half const*, float*, float*, int, int, long)",2511,17060739981150,17060740085152,0,25088,256,1,1,1024,1,8
"KERNEL_DISPATCH",4,2,79,"tile_fp16_reduce(float const*, float*, int, int)",2512,17060740085152,17060740089301,0,0,256,1,1,8192,1,1
"KERNEL_DISPATCH",4,2,21,"void dequantize_block_iq3_s<__half>(void const*, __half*)",2513,17060740109153,17060740126783,0,0,32,1,1,163840,1,1
"KERNEL_DISPATCH",4,2,61,"void convert_unary<float, __half>(void const*, __half*, long, long, long, HIP_vector_type<unsigned int, 3u>, long, long, long)",2514,17060740126783,17060740143524,0,0,256,1,1,655360,1,1
"KERNEL_DISPATCH",4,2,78,"void tile_fp16_gemm<128, 64, 4, 8, 32>(__half const*, __half const*, float*, float*, int, int, long)",2515,17060740143524,17060740248416,0,25088,256,1,1,1024,1,8
"KERNEL_DISPATCH",4,2,79,"tile_fp16_reduce(float const*, float*, int, int)",2516,17060740248416,17060740252564,0,0,256,1,1,8192,1,1
"KERNEL_DISPATCH",4,2,21,"void dequantize_block_iq3_s<__half>(void const*, __half*)",2517,17060740272120,17060740289602,0,0,32,1,1,163840,1,1
"KERNEL_DISPATCH",4,2,61,"void convert_unary<float, __half>(void const*, __half*, long, long, long, HIP_vector_type<unsigned int, 3u>, long, long, long)",2518,17060740289602,17060740306491,0,0,256,1,1,655360,1,1
"KERNEL_DISPATCH",4,2,78,"void tile_fp16_gemm<128, 64, 4, 8, 32>(__half const*, __half const*, float*, float*, int, int, long)",2519,17060740306491,17060740411086,0,25088,256,1,1,1024,1,8
"KERNEL_DISPATCH",4,2,79,"tile_fp16_reduce(float const*, float*, int, int)",2520,17060740411086,17060740415234,0,0,256,1,1,8192,1,1
