"Kind","Agent_Id","Queue_Id","Kernel_Id","Kernel_Name","Correlation_Id","Start_Timestamp","End_Timestamp","Private_Segment_Size","Group_Segment_Size","Workgroup_Size_X","Workgroup_Size_Y","Workgroup_Size_Z","Grid_Size_X","Grid_Size_Y","Grid_Size_Z"
"KERNEL_DISPATCH",4,2,22,"void dequantize_block_iq3_s<__half>(void const*, __half*)",1,37176458680346,37176459329991,0,0,32,1,1,3686400,1,1
"KERNEL_DISPATCH",4,2,58,"void convert_unary<float, __half>(void const*, __half*, long, long, long, HIP_vector_type<unsigned int, 3u>, long, long, long)",2,37176459329991,37176459349992,0,0,256,1,1,655360,1,1
"KERNEL_DISPATCH",4,2,81,"tile_fp16_reduce(float const*, float*, int, int)",4,37176460472684,37176460559057,0,0,256,1,1,184320,1,1
"KERNEL_DISPATCH",4,2,79,"void tile_fp16_gemm<128, 64, 4, 8, 32, false>(__half const*, __half const*, float*, float*, int, int, int, long, int)",3,37176459349992,37176460472684,0,25088,256,1,1,23040,1,4
"KERNEL_DISPATCH",4,2,22,"void dequantize_block_iq3_s<__half>(void const*, __half*)",5,37176463978546,37176464327591,0,0,32,1,1,3686400,1,1
"KERNEL_DISPATCH",4,2,58,"void convert_unary<float, __half>(void const*, __half*, long, long, long, HIP_vector_type<unsigned int, 3u>, long, long, long)",6,37176464327591,37176464346110,0,0,256,1,1,655360,1,1
"KERNEL_DISPATCH",4,2,79,"void tile_fp16_gemm<128, 64, 4, 8, 32, false>(__half const*, __half const*, float*, float*, int, int, int, long, int)",7,37176464346110,37176465522286,0,25088,256,1,1,23040,1,4
"KERNEL_DISPATCH",4,2,81,"tile_fp16_reduce(float const*, float*, int, int)",8,37176465522286,37176465566584,0,0,256,1,1,184320,1,1
"KERNEL_DISPATCH",4,2,22,"void dequantize_block_iq3_s<__half>(void const*, __half*)",9,37176465590436,37176465936074,0,0,32,1,1,3686400,1,1
"KERNEL_DISPATCH",4,2,58,"void convert_unary<float, __half>(void const*, __half*, long, long, long, HIP_vector_type<unsigned int, 3u>, long, long, long)",10,37176465936074,37176465953112,0,0,256,1,1,655360,1,1
"KERNEL_DISPATCH",4,2,79,"void tile_fp16_gemm<128, 64, 4, 8, 32, false>(__half const*, __half const*, float*, float*, int, int, int, long, int)",11,37176465953112,37176467006618,0,25088,256,1,1,23040,1,4
"KERNEL_DISPATCH",4,2,81,"tile_fp16_reduce(float const*, float*, int, int)",12,37176467006618,37176467107954,0,0,256,1,1,184320,1,1
"KERNEL_DISPATCH",4,2,22,"void dequantize_block_iq3_s<__half>(void const*, __half*)",13,37176467139807,37176467549298,0,0,32,1,1,3686400,1,1
"KERNEL_DISPATCH",4,2,58,"void convert_unary<float, __half>(void const*, __half*, long, long, long, HIP_vector_type<unsigned int, 3u>, long, long, long)",14,37176467549298,37176467568854,0,0,256,1,1,655360,1,1
"KERNEL_DISPATCH",4,2,79,"void tile_fp16_gemm<128, 64, 4, 8, 32, false>(__half const*, __half const*, float*, float*, int, int, int, long, int)",15,37176467568854,37176468933627,0,25088,256,1,1,23040,1,4
"KERNEL_DISPATCH",4,2,81,"tile_fp16_reduce(float const*, float*, int, int)",16,37176468933627,37176469007259,0,0,256,1,1,184320,1,1
"KERNEL_DISPATCH",4,2,22,"void dequantize_block_iq3_s<__half>(void const*, __half*)",17,37176469033778,37176469462677,0,0,32,1,1,3686400,1,1
"KERNEL_DISPATCH",4,2,58,"void convert_unary<float, __half>(void const*, __half*, long, long, long, HIP_vector_type<unsigned int, 3u>, long, long, long)",18,37176469462677,37176469482233,0,0,256,1,1,655360,1,1
"KERNEL_DISPATCH",4,2,79,"void tile_fp16_gemm<128, 64, 4, 8, 32, false>(__half const*, __half const*, float*, float*, int, int, int, long, int)",19,37176469482233,37176470631001,0,25088,256,1,1,23040,1,4
"KERNEL_DISPATCH",4,2,81,"tile_fp16_reduce(float const*, float*, int, int)",20,37176470631001,37176470680632,0,0,256,1,1,184320,1,1
"KERNEL_DISPATCH",4,2,22,"void dequantize_block_iq3_s<__half>(void const*, __half*)",21,37176470703447,37176471108050,0,0,32,1,1,3686400,1,1
"KERNEL_DISPATCH",4,2,58,"void convert_unary<float, __half>(void const*, __half*, long, long, long, HIP_vector_type<unsigned int, 3u>, long, long, long)",22,37176471108050,37176471137235,0,0,256,1,1,655360,1,1
"KERNEL_DISPATCH",4,2,79,"void tile_fp16_gemm<128, 64, 4, 8, 32, false>(__half const*, __half const*, float*, float*, int, int, int, long, int)",23,37176471137235,37176472245558,0,25088,256,1,1,23040,1,4
"KERNEL_DISPATCH",4,2,81,"tile_fp16_reduce(float const*, float*, int, int)",24,37176472245558,37176472295337,0,0,256,1,1,184320,1,1
"KERNEL_DISPATCH",4,2,22,"void dequantize_block_iq3_s<__half>(void const*, __half*)",25,37176472316819,37176472726310,0,0,32,1,1,3686400,1,1
"KERNEL_DISPATCH",4,2,58,"void convert_unary<float, __half>(void const*, __half*, long, long, long, HIP_vector_type<unsigned int, 3u>, long, long, long)",26,37176472726310,37176472746015,0,0,256,1,1,655360,1,1
"KERNEL_DISPATCH",4,2,79,"void tile_fp16_gemm<128, 64, 4, 8, 32, false>(__half const*, __half const*, float*, float*, int, int, int, long, int)",27,37176472746015,37176473914339,0,25088,256,1,1,23040,1,4
"KERNEL_DISPATCH",4,2,81,"tile_fp16_reduce(float const*, float*, int, int)",28,37176473914339,37176473964414,0,0,256,1,1,184320,1,1
"KERNEL_DISPATCH",4,2,22,"void dequantize_block_iq3_s<__half>(void const*, __half*)",29,37176473987526,37176474371387,0,0,32,1,1,3686400,1,1
"KERNEL_DISPATCH",4,2,58,"void convert_unary<float, __half>(void const*, __half*, long, long, long, HIP_vector_type<unsigned int, 3u>, long, long, long)",30,37176474371387,37176474389165,0,0,256,1,1,655360,1,1
"KERNEL_DISPATCH",4,2,79,"void tile_fp16_gemm<128, 64, 4, 8, 32, false>(__half const*, __half const*, float*, float*, int, int, int, long, int)",31,37176474389165,37176475489191,0,25088,256,1,1,23040,1,4
"KERNEL_DISPATCH",4,2,81,"tile_fp16_reduce(float const*, float*, int, int)",32,37176475489191,37176475538081,0,0,256,1,1,184320,1,1
"KERNEL_DISPATCH",4,2,22,"void dequantize_block_iq3_s<__half>(void const*, __half*)",33,37176475560304,37176475969795,0,0,32,1,1,3686400,1,1
"KERNEL_DISPATCH",4,2,58,"void convert_unary<float, __half>(void const*, __half*, long, long, long, HIP_vector_type<unsigned int, 3u>, long, long, long)",34,37176475969795,37176475989499,0,0,256,1,1,655360,1,1
"KERNEL_DISPATCH",4,2,79,"void tile_fp16_gemm<128, 64, 4, 8, 32, false>(__half const*, __half const*, float*, float*, int, int, int, long, int)",35,37176475989499,37176477154268,0,25088,256,1,1,23040,1,4
"KERNEL_DISPATCH",4,2,81,"tile_fp16_reduce(float const*, float*, int, int)",36,37176477154268,37176477204936,0,0,256,1,1,184320,1,1
"KERNEL_DISPATCH",4,2,22,"void dequantize_block_iq3_s<__half>(void const*, __half*)",37,37176477227159,37176477636798,0,0,32,1,1,3686400,1,1
"KERNEL_DISPATCH",4,2,58,"void convert_unary<float, __half>(void const*, __half*, long, long, long, HIP_vector_type<unsigned int, 3u>, long, long, long)",38,37176477636798,37176477656650,0,0,256,1,1,655360,1,1
"KERNEL_DISPATCH",4,2,79,"void tile_fp16_gemm<128, 64, 4, 8, 32, false>(__half const*, __half const*, float*, float*, int, int, int, long, int)",39,37176477656650,37176478767047,0,25088,256,1,1,23040,1,4
"KERNEL_DISPATCH",4,2,81,"tile_fp16_reduce(float const*, float*, int, int)",40,37176478767047,37176478812234,0,0,256,1,1,184320,1,1
"KERNEL_DISPATCH",4,2,22,"void dequantize_block_iq3_s<__half>(void const*, __half*)",41,37176478833271,37176479192539,0,0,32,1,1,3686400,1,1
"KERNEL_DISPATCH",4,2,58,"void convert_unary<float, __half>(void const*, __half*, long, long, long, HIP_vector_type<unsigned int, 3u>, long, long, long)",42,37176479192539,37176479209428,0,0,256,1,1,655360,1,1
"KERNEL_DISPATCH",4,2,79,"void tile_fp16_gemm<128, 64, 4, 8, 32, false>(__half const*, __half const*, float*, float*, int, int, int, long, int)",43,37176479209428,37176480315973,0,25088,256,1,1,23040,1,4
"KERNEL_DISPATCH",4,2,81,"tile_fp16_reduce(float const*, float*, int, int)",44,37176480315973,37176480359530,0,0,256,1,1,184320,1,1
"KERNEL_DISPATCH",4,2,22,"void dequantize_block_iq3_s<__half>(void const*, __half*)",45,37176480379975,37176480747243,0,0,32,1,1,3686400,1,1
"KERNEL_DISPATCH",4,2,58,"void convert_unary<float, __half>(void const*, __half*, long, long, long, HIP_vector_type<unsigned int, 3u>, long, long, long)",46,37176480747243,37176480764873,0,0,256,1,1,655360,1,1
"KERNEL_DISPATCH",4,2,81,"tile_fp16_reduce(float const*, float*, int, int)",48,37176481818379,37176481864158,0,0,256,1,1,184320,1,1
"KERNEL_DISPATCH",4,2,79,"void tile_fp16_gemm<128, 64, 4, 8, 32, false>(__half const*, __half const*, float*, float*, int, int, int, long, int)",47,37176480764873,37176481818379,0,25088,256,1,1,23040,1,4
"KERNEL_DISPATCH",4,2,22,"void dequantize_block_iq3_s<__half>(void const*, __half*)",49,37176481884751,37176482252019,0,0,32,1,1,3686400,1,1
"KERNEL_DISPATCH",4,2,58,"void convert_unary<float, __half>(void const*, __half*, long, long, long, HIP_vector_type<unsigned int, 3u>, long, long, long)",50,37176482252019,37176482269650,0,0,256,1,1,655360,1,1
"KERNEL_DISPATCH",4,2,79,"void tile_fp16_gemm<128, 64, 4, 8, 32, false>(__half const*, __half const*, float*, float*, int, int, int, long, int)",51,37176482269650,37176483385528,0,25088,256,1,1,23040,1,4
"KERNEL_DISPATCH",4,2,81,"tile_fp16_reduce(float const*, float*, int, int)",52,37176483385528,37176483435159,0,0,256,1,1,184320,1,1
"KERNEL_DISPATCH",4,2,22,"void dequantize_block_iq3_s<__half>(void const*, __half*)",53,37176483457530,37176483866725,0,0,32,1,1,3686400,1,1
"KERNEL_DISPATCH",4,2,58,"void convert_unary<float, __half>(void const*, __half*, long, long, long, HIP_vector_type<unsigned int, 3u>, long, long, long)",54,37176483866725,37176483950282,0,0,256,1,1,655360,1,1
"KERNEL_DISPATCH",4,2,79,"void tile_fp16_gemm<128, 64, 4, 8, 32, false>(__half const*, __half const*, float*, float*, int, int, int, long, int)",55,37176483950282,37176485135644,0,25088,256,1,1,23040,1,4
"KERNEL_DISPATCH",4,2,81,"tile_fp16_reduce(float const*, float*, int, int)",56,37176485135644,37176485252091,0,0,256,1,1,184320,1,1
"KERNEL_DISPATCH",4,2,22,"void dequantize_block_iq3_s<__half>(void const*, __half*)",57,37176485278758,37176485749288,0,0,32,1,1,3686400,1,1
"KERNEL_DISPATCH",4,2,58,"void convert_unary<float, __half>(void const*, __half*, long, long, long, HIP_vector_type<unsigned int, 3u>, long, long, long)",58,37176485749288,37176485776548,0,0,256,1,1,655360,1,1
"KERNEL_DISPATCH",4,2,79,"void tile_fp16_gemm<128, 64, 4, 8, 32, false>(__half const*, __half const*, float*, float*, int, int, int, long, int)",59,37176485776548,37176487010059,0,25088,256,1,1,23040,1,4
"KERNEL_DISPATCH",4,2,81,"tile_fp16_reduce(float const*, float*, int, int)",60,37176487010059,37176487060134,0,0,256,1,1,184320,1,1
"KERNEL_DISPATCH",4,2,22,"void dequantize_block_iq3_s<__half>(void const*, __half*)",61,37176487083987,37176487560591,0,0,32,1,1,3686400,1,1
"KERNEL_DISPATCH",4,2,58,"void convert_unary<float, __half>(void const*, __half*, long, long, long, HIP_vector_type<unsigned int, 3u>, long, long, long)",62,37176487560591,37176487586665,0,0,256,1,1,655360,1,1
"KERNEL_DISPATCH",4,2,79,"void tile_fp16_gemm<128, 64, 4, 8, 32, false>(__half const*, __half const*, float*, float*, int, int, int, long, int)",63,37176487586665,37176488856325,0,25088,256,1,1,23040,1,4
"KERNEL_DISPATCH",4,2,81,"tile_fp16_reduce(float const*, float*, int, int)",64,37176488856325,37176488905660,0,0,256,1,1,184320,1,1
"KERNEL_DISPATCH",4,2,22,"void dequantize_block_iq3_s<__half>(void const*, __half*)",65,37176488928031,37176489317225,0,0,32,1,1,3686400,1,1
"KERNEL_DISPATCH",4,2,58,"void convert_unary<float, __half>(void const*, __half*, long, long, long, HIP_vector_type<unsigned int, 3u>, long, long, long)",66,37176489317225,37176489334855,0,0,256,1,1,655360,1,1
"KERNEL_DISPATCH",4,2,79,"void tile_fp16_gemm<128, 64, 4, 8, 32, false>(__half const*, __half const*, float*, float*, int, int, int, long, int)",67,37176489334855,37176490437697,0,25088,256,1,1,23040,1,4
"KERNEL_DISPATCH",4,2,81,"tile_fp16_reduce(float const*, float*, int, int)",68,37176490437697,37176490486735,0,0,256,1,1,184320,1,1
"KERNEL_DISPATCH",4,2,22,"void dequantize_block_iq3_s<__half>(void const*, __half*)",69,37176490508513,37176490918004,0,0,32,1,1,3686400,1,1
"KERNEL_DISPATCH",4,2,58,"void convert_unary<float, __half>(void const*, __half*, long, long, long, HIP_vector_type<unsigned int, 3u>, long, long, long)",70,37176490918004,37176490937708,0,0,256,1,1,655360,1,1
"KERNEL_DISPATCH",4,2,79,"void tile_fp16_gemm<128, 64, 4, 8, 32, false>(__half const*, __half const*, float*, float*, int, int, int, long, int)",71,37176490937708,37176492121737,0,25088,256,1,1,23040,1,4
"KERNEL_DISPATCH",4,2,81,"tile_fp16_reduce(float const*, float*, int, int)",72,37176492121737,37176492240554,0,0,256,1,1,184320,1,1
"KERNEL_DISPATCH",4,2,22,"void dequantize_block_iq3_s<__half>(void const*, __half*)",73,37176492267518,37176492737900,0,0,32,1,1,3686400,1,1
"KERNEL_DISPATCH",4,2,58,"void convert_unary<float, __half>(void const*, __half*, long, long, long, HIP_vector_type<unsigned int, 3u>, long, long, long)",74,37176492737900,37176492764863,0,0,256,1,1,655360,1,1
"KERNEL_DISPATCH",4,2,79,"void tile_fp16_gemm<128, 64, 4, 8, 32, false>(__half const*, __half const*, float*, float*, int, int, int, long, int)",75,37176492764863,37176493998078,0,25088,256,1,1,23040,1,4
"KERNEL_DISPATCH",4,2,81,"tile_fp16_reduce(float const*, float*, int, int)",76,37176493998078,37176494048153,0,0,256,1,1,184320,1,1
"KERNEL_DISPATCH",4,2,22,"void dequantize_block_iq3_s<__half>(void const*, __half*)",77,37176494072006,37176494548758,0,0,32,1,1,3686400,1,1
"KERNEL_DISPATCH",4,2,58,"void convert_unary<float, __half>(void const*, __half*, long, long, long, HIP_vector_type<unsigned int, 3u>, long, long, long)",78,37176494548758,37176494575721,0,0,256,1,1,655360,1,1
"KERNEL_DISPATCH",4,2,79,"void tile_fp16_gemm<128, 64, 4, 8, 32, false>(__half const*, __half const*, float*, float*, int, int, int, long, int)",79,37176494575721,37176495843752,0,25088,256,1,1,23040,1,4
"KERNEL_DISPATCH",4,2,81,"tile_fp16_reduce(float const*, float*, int, int)",80,37176495843752,37176495894419,0,0,256,1,1,184320,1,1
"KERNEL_DISPATCH",4,2,22,"void dequantize_block_iq3_s<__half>(void const*, __half*)",81,37176495917235,37176496307763,0,0,32,1,1,3686400,1,1
"KERNEL_DISPATCH",4,2,58,"void convert_unary<float, __half>(void const*, __half*, long, long, long, HIP_vector_type<unsigned int, 3u>, long, long, long)",82,37176496307763,37176496325541,0,0,256,1,1,655360,1,1
"KERNEL_DISPATCH",4,2,79,"void tile_fp16_gemm<128, 64, 4, 8, 32, false>(__half const*, __half const*, float*, float*, int, int, int, long, int)",83,37176496325541,37176497434604,0,25088,256,1,1,23040,1,4
"KERNEL_DISPATCH",4,2,81,"tile_fp16_reduce(float const*, float*, int, int)",84,37176497434604,37176497483939,0,0,256,1,1,184320,1,1
"KERNEL_DISPATCH",4,2,22,"void dequantize_block_iq3_s<__half>(void const*, __half*)",85,37176497506310,37176497916097,0,0,32,1,1,3686400,1,1
"KERNEL_DISPATCH",4,2,58,"void convert_unary<float, __half>(void const*, __half*, long, long, long, HIP_vector_type<unsigned int, 3u>, long, long, long)",86,37176497916097,37176497935653,0,0,256,1,1,655360,1,1
"KERNEL_DISPATCH",4,2,79,"void tile_fp16_gemm<128, 64, 4, 8, 32, false>(__half const*, __half const*, float*, float*, int, int, int, long, int)",87,37176497935653,37176499105755,0,25088,256,1,1,23040,1,4
"KERNEL_DISPATCH",4,2,81,"tile_fp16_reduce(float const*, float*, int, int)",88,37176499105755,37176499179387,0,0,256,1,1,184320,1,1
"KERNEL_DISPATCH",4,2,22,"void dequantize_block_iq3_s<__half>(void const*, __half*)",89,37176499204869,37176499675251,0,0,32,1,1,3686400,1,1
"KERNEL_DISPATCH",4,2,58,"void convert_unary<float, __half>(void const*, __half*, long, long, long, HIP_vector_type<unsigned int, 3u>, long, long, long)",90,37176499675251,37176499702362,0,0,256,1,1,655360,1,1
"KERNEL_DISPATCH",4,2,79,"void tile_fp16_gemm<128, 64, 4, 8, 32, false>(__half const*, __half const*, float*, float*, int, int, int, long, int)",91,37176499702362,37176500948318,0,25088,256,1,1,23040,1,4
"KERNEL_DISPATCH",4,2,81,"tile_fp16_reduce(float const*, float*, int, int)",92,37176500948318,37176500998393,0,0,256,1,1,184320,1,1
"KERNEL_DISPATCH",4,2,22,"void dequantize_block_iq3_s<__half>(void const*, __half*)",93,37176501021061,37176501430404,0,0,32,1,1,3686400,1,1
"KERNEL_DISPATCH",4,2,58,"void convert_unary<float, __half>(void const*, __half*, long, long, long, HIP_vector_type<unsigned int, 3u>, long, long, long)",94,37176501430404,37176501449811,0,0,256,1,1,655360,1,1
"KERNEL_DISPATCH",4,2,79,"void tile_fp16_gemm<128, 64, 4, 8, 32, false>(__half const*, __half const*, float*, float*, int, int, int, long, int)",95,37176501449811,37176502815177,0,25088,256,1,1,23040,1,4
"KERNEL_DISPATCH",4,2,81,"tile_fp16_reduce(float const*, float*, int, int)",96,37176502815177,37176502933402,0,0,256,1,1,184320,1,1
"KERNEL_DISPATCH",4,2,22,"void dequantize_block_iq3_s<__half>(void const*, __half*)",97,37176502961107,37176503400080,0,0,32,1,1,3686400,1,1
"KERNEL_DISPATCH",4,2,58,"void convert_unary<float, __half>(void const*, __half*, long, long, long, HIP_vector_type<unsigned int, 3u>, long, long, long)",98,37176503400080,37176503419933,0,0,256,1,1,655360,1,1
"KERNEL_DISPATCH",4,2,79,"void tile_fp16_gemm<128, 64, 4, 8, 32, false>(__half const*, __half const*, float*, float*, int, int, int, long, int)",99,37176503419933,37176504606628,0,25088,256,1,1,23040,1,4
"KERNEL_DISPATCH",4,2,81,"tile_fp16_reduce(float const*, float*, int, int)",100,37176504606628,37176504656555,0,0,256,1,1,184320,1,1
"KERNEL_DISPATCH",4,2,22,"void dequantize_block_iq3_s<__half>(void const*, __half*)",101,37176504678629,37176505086935,0,0,32,1,1,3686400,1,1
"KERNEL_DISPATCH",4,2,58,"void convert_unary<float, __half>(void const*, __half*, long, long, long, HIP_vector_type<unsigned int, 3u>, long, long, long)",102,37176505086935,37176505105454,0,0,256,1,1,655360,1,1
"KERNEL_DISPATCH",4,2,79,"void tile_fp16_gemm<128, 64, 4, 8, 32, false>(__half const*, __half const*, float*, float*, int, int, int, long, int)",103,37176505105454,37176506190073,0,25088,256,1,1,23040,1,4
"KERNEL_DISPATCH",4,2,81,"tile_fp16_reduce(float const*, float*, int, int)",104,37176506190073,37176506240296,0,0,256,1,1,184320,1,1
"KERNEL_DISPATCH",4,2,22,"void dequantize_block_iq3_s<__half>(void const*, __half*)",105,37176506262371,37176506672010,0,0,32,1,1,3686400,1,1
"KERNEL_DISPATCH",4,2,58,"void convert_unary<float, __half>(void const*, __half*, long, long, long, HIP_vector_type<unsigned int, 3u>, long, long, long)",106,37176506672010,37176506691418,0,0,256,1,1,655360,1,1
"KERNEL_DISPATCH",4,2,79,"void tile_fp16_gemm<128, 64, 4, 8, 32, false>(__half const*, __half const*, float*, float*, int, int, int, long, int)",107,37176506691418,37176507895447,0,25088,256,1,1,23040,1,4
"KERNEL_DISPATCH",4,2,81,"tile_fp16_reduce(float const*, float*, int, int)",108,37176507895447,37176507945374,0,0,256,1,1,184320,1,1
"KERNEL_DISPATCH",4,2,22,"void dequantize_block_iq3_s<__half>(void const*, __half*)",109,37176507967449,37176508353828,0,0,32,1,1,3686400,1,1
"KERNEL_DISPATCH",4,2,58,"void convert_unary<float, __half>(void const*, __half*, long, long, long, HIP_vector_type<unsigned int, 3u>, long, long, long)",110,37176508353828,37176508371606,0,0,256,1,1,655360,1,1
"KERNEL_DISPATCH",4,2,79,"void tile_fp16_gemm<128, 64, 4, 8, 32, false>(__half const*, __half const*, float*, float*, int, int, int, long, int)",111,37176508371606,37176509499041,0,25088,256,1,1,23040,1,4
"KERNEL_DISPATCH",4,2,81,"tile_fp16_reduce(float const*, float*, int, int)",112,37176509499041,37176509549412,0,0,256,1,1,184320,1,1
"KERNEL_DISPATCH",4,2,22,"void dequantize_block_iq3_s<__half>(void const*, __half*)",113,37176509571339,37176509981275,0,0,32,1,1,3686400,1,1
"KERNEL_DISPATCH",4,2,58,"void convert_unary<float, __half>(void const*, __half*, long, long, long, HIP_vector_type<unsigned int, 3u>, long, long, long)",114,37176509981275,37176510000831,0,0,256,1,1,655360,1,1
"KERNEL_DISPATCH",4,2,79,"void tile_fp16_gemm<128, 64, 4, 8, 32, false>(__half const*, __half const*, float*, float*, int, int, int, long, int)",115,37176510000831,37176511199081,0,25088,256,1,1,23040,1,4
"KERNEL_DISPATCH",4,2,81,"tile_fp16_reduce(float const*, float*, int, int)",116,37176511199081,37176511273157,0,0,256,1,1,184320,1,1
"KERNEL_DISPATCH",4,2,22,"void dequantize_block_iq3_s<__half>(void const*, __half*)",117,37176511299676,37176511770799,0,0,32,1,1,3686400,1,1
"KERNEL_DISPATCH",4,2,58,"void convert_unary<float, __half>(void const*, __half*, long, long, long, HIP_vector_type<unsigned int, 3u>, long, long, long)",118,37176511770799,37176511797466,0,0,256,1,1,655360,1,1
"KERNEL_DISPATCH",4,2,79,"void tile_fp16_gemm<128, 64, 4, 8, 32, false>(__half const*, __half const*, float*, float*, int, int, int, long, int)",119,37176511797466,37176512993939,0,25088,256,1,1,23040,1,4
"KERNEL_DISPATCH",4,2,81,"tile_fp16_reduce(float const*, float*, int, int)",120,37176512993939,37176513044755,0,0,256,1,1,184320,1,1
"KERNEL_DISPATCH",4,2,22,"void dequantize_block_iq3_s<__half>(void const*, __half*)",121,37176513068904,37176513546249,0,0,32,1,1,3686400,1,1
"KERNEL_DISPATCH",4,2,58,"void convert_unary<float, __half>(void const*, __half*, long, long, long, HIP_vector_type<unsigned int, 3u>, long, long, long)",122,37176513546249,37176513572323,0,0,256,1,1,655360,1,1
"KERNEL_DISPATCH",4,2,79,"void tile_fp16_gemm<128, 64, 4, 8, 32, false>(__half const*, __half const*, float*, float*, int, int, int, long, int)",123,37176513572323,37176514847909,0,25088,256,1,1,23040,1,4
"KERNEL_DISPATCH",4,2,81,"tile_fp16_reduce(float const*, float*, int, int)",124,37176514847909,37176514898429,0,0,256,1,1,184320,1,1
"KERNEL_DISPATCH",4,2,22,"void dequantize_block_iq3_s<__half>(void const*, __half*)",125,37176514921096,37176515311920,0,0,32,1,1,3686400,1,1
"KERNEL_DISPATCH",4,2,58,"void convert_unary<float, __half>(void const*, __half*, long, long, long, HIP_vector_type<unsigned int, 3u>, long, long, long)",126,37176515311920,37176515329551,0,0,256,1,1,655360,1,1
"KERNEL_DISPATCH",4,2,79,"void tile_fp16_gemm<128, 64, 4, 8, 32, false>(__half const*, __half const*, float*, float*, int, int, int, long, int)",127,37176515329551,37176516439059,0,25088,256,1,1,23040,1,4
"KERNEL_DISPATCH",4,2,81,"tile_fp16_reduce(float const*, float*, int, int)",128,37176516439059,37176516488837,0,0,256,1,1,184320,1,1
"KERNEL_DISPATCH",4,2,22,"void dequantize_block_iq3_s<__half>(void const*, __half*)",129,37176516510764,37176516920700,0,0,32,1,1,3686400,1,1
"KERNEL_DISPATCH",4,2,58,"void convert_unary<float, __half>(void const*, __half*, long, long, long, HIP_vector_type<unsigned int, 3u>, long, long, long)",130,37176516920700,37176516940700,0,0,256,1,1,655360,1,1
"KERNEL_DISPATCH",4,2,79,"void tile_fp16_gemm<128, 64, 4, 8, 32, false>(__half const*, __half const*, float*, float*, int, int, int, long, int)",131,37176516940700,37176518110358,0,25088,256,1,1,23040,1,4
"KERNEL_DISPATCH",4,2,81,"tile_fp16_reduce(float const*, float*, int, int)",132,37176518110358,37176518183693,0,0,256,1,1,184320,1,1
"KERNEL_DISPATCH",4,2,22,"void dequantize_block_iq3_s<__half>(void const*, __half*)",133,37176518209175,37176518679260,0,0,32,1,1,3686400,1,1
"KERNEL_DISPATCH",4,2,58,"void convert_unary<float, __half>(void const*, __half*, long, long, long, HIP_vector_type<unsigned int, 3u>, long, long, long)",134,37176518679260,37176518706816,0,0,256,1,1,655360,1,1
"KERNEL_DISPATCH",4,2,79,"void tile_fp16_gemm<128, 64, 4, 8, 32, false>(__half const*, __half const*, float*, float*, int, int, int, long, int)",135,37176518706816,37176519944624,0,25088,256,1,1,23040,1,4
"KERNEL_DISPATCH",4,2,81,"tile_fp16_reduce(float const*, float*, int, int)",136,37176519944624,37176519994255,0,0,256,1,1,184320,1,1
"KERNEL_DISPATCH",4,2,22,"void dequantize_block_iq3_s<__half>(void const*, __half*)",137,37176520016625,37176520426265,0,0,32,1,1,3686400,1,1
"KERNEL_DISPATCH",4,2,58,"void convert_unary<float, __half>(void const*, __half*, long, long, long, HIP_vector_type<unsigned int, 3u>, long, long, long)",138,37176520426265,37176520445821,0,0,256,1,1,655360,1,1
"KERNEL_DISPATCH",4,2,79,"void tile_fp16_gemm<128, 64, 4, 8, 32, false>(__half const*, __half const*, float*, float*, int, int, int, long, int)",139,37176520445821,37176521747926,0,25088,256,1,1,23040,1,4
"KERNEL_DISPATCH",4,2,81,"tile_fp16_reduce(float const*, float*, int, int)",140,37176521747926,37176521821113,0,0,256,1,1,184320,1,1
"KERNEL_DISPATCH",4,2,22,"void dequantize_block_iq3_s<__half>(void const*, __half*)",141,37176521846485,37176522299681,0,0,32,1,1,3686400,1,1
"KERNEL_DISPATCH",4,2,58,"void convert_unary<float, __half>(void const*, __half*, long, long, long, HIP_vector_type<unsigned int, 3u>, long, long, long)",142,37176522299681,37176522319236,0,0,256,1,1,655360,1,1
"KERNEL_DISPATCH",4,2,79,"void tile_fp16_gemm<128, 64, 4, 8, 32, false>(__half const*, __half const*, float*, float*, int, int, int, long, int)",143,37176522319236,37176523511561,0,25088,256,1,1,23040,1,4
"KERNEL_DISPATCH",4,2,81,"tile_fp16_reduce(float const*, float*, int, int)",144,37176523511561,37176523561192,0,0,256,1,1,184320,1,1
"KERNEL_DISPATCH",4,2,22,"void dequantize_block_iq3_s<__half>(void const*, __half*)",145,37176523583414,37176523992906,0,0,32,1,1,3686400,1,1
"KERNEL_DISPATCH",4,2,58,"void convert_unary<float, __half>(void const*, __half*, long, long, long, HIP_vector_type<unsigned int, 3u>, long, long, long)",146,37176523992906,37176524012462,0,0,256,1,1,655360,1,1
"KERNEL_DISPATCH",4,2,79,"void tile_fp16_gemm<128, 64, 4, 8, 32, false>(__half const*, __half const*, float*, float*, int, int, int, long, int)",147,37176524012462,37176525198268,0,25088,256,1,1,23040,1,4
"KERNEL_DISPATCH",4,2,81,"tile_fp16_reduce(float const*, float*, int, int)",148,37176525198268,37176525248195,0,0,256,1,1,184320,1,1
"KERNEL_DISPATCH",4,2,22,"void dequantize_block_iq3_s<__half>(void const*, __half*)",149,37176525270714,37176525680502,0,0,32,1,1,3686400,1,1
"KERNEL_DISPATCH",4,2,58,"void convert_unary<float, __half>(void const*, __half*, long, long, long, HIP_vector_type<unsigned int, 3u>, long, long, long)",150,37176525680502,37176525700354,0,0,256,1,1,655360,1,1
"KERNEL_DISPATCH",4,2,79,"void tile_fp16_gemm<128, 64, 4, 8, 32, false>(__half const*, __half const*, float*, float*, int, int, int, long, int)",151,37176525700354,37176526825714,0,25088,256,1,1,23040,1,4
"KERNEL_DISPATCH",4,2,81,"tile_fp16_reduce(float const*, float*, int, int)",152,37176526825714,37176526870160,0,0,256,1,1,184320,1,1
"KERNEL_DISPATCH",4,2,22,"void dequantize_block_iq3_s<__half>(void const*, __half*)",153,37176526890456,37176527257428,0,0,32,1,1,3686400,1,1
"KERNEL_DISPATCH",4,2,58,"void convert_unary<float, __half>(void const*, __half*, long, long, long, HIP_vector_type<unsigned int, 3u>, long, long, long)",154,37176527257428,37176527275503,0,0,256,1,1,655360,1,1
"KERNEL_DISPATCH",4,2,79,"void tile_fp16_gemm<128, 64, 4, 8, 32, false>(__half const*, __half const*, float*, float*, int, int, int, long, int)",155,37176527275503,37176528369307,0,25088,256,1,1,23040,1,4
"KERNEL_DISPATCH",4,2,81,"tile_fp16_reduce(float const*, float*, int, int)",156,37176528369307,37176528419382,0,0,256,1,1,184320,1,1
"KERNEL_DISPATCH",4,2,22,"void dequantize_block_iq3_s<__half>(void const*, __half*)",157,37176528441012,37176528850651,0,0,32,1,1,3686400,1,1
"KERNEL_DISPATCH",4,2,58,"void convert_unary<float, __half>(void const*, __half*, long, long, long, HIP_vector_type<unsigned int, 3u>, long, long, long)",158,37176528850651,37176528870059,0,0,256,1,1,655360,1,1
"KERNEL_DISPATCH",4,2,79,"void tile_fp16_gemm<128, 64, 4, 8, 32, false>(__half const*, __half const*, float*, float*, int, int, int, long, int)",159,37176528870059,37176530032013,0,25088,256,1,1,23040,1,4
"KERNEL_DISPATCH",4,2,81,"tile_fp16_reduce(float const*, float*, int, int)",160,37176530032013,37176530081940,0,0,256,1,1,184320,1,1
"KERNEL_DISPATCH",4,2,22,"void dequantize_block_iq3_s<__half>(void const*, __half*)",161,37176530116459,37176530586841,0,0,32,1,1,3686400,1,1
"KERNEL_DISPATCH",4,2,58,"void convert_unary<float, __half>(void const*, __half*, long, long, long, HIP_vector_type<unsigned int, 3u>, long, long, long)",162,37176530586841,37176530613212,0,0,256,1,1,655360,1,1
"KERNEL_DISPATCH",4,2,79,"void tile_fp16_gemm<128, 64, 4, 8, 32, false>(__half const*, __half const*, float*, float*, int, int, int, long, int)",163,37176530613212,37176531872353,0,25088,256,1,1,23040,1,4
"KERNEL_DISPATCH",4,2,81,"tile_fp16_reduce(float const*, float*, int, int)",164,37176531872353,37176531922725,0,0,256,1,1,184320,1,1
"KERNEL_DISPATCH",4,2,22,"void dequantize_block_iq3_s<__half>(void const*, __half*)",165,37176531944651,37176532354291,0,0,32,1,1,3686400,1,1
"KERNEL_DISPATCH",4,2,58,"void convert_unary<float, __half>(void const*, __half*, long, long, long, HIP_vector_type<unsigned int, 3u>, long, long, long)",166,37176532354291,37176532373847,0,0,256,1,1,655360,1,1
"KERNEL_DISPATCH",4,2,79,"void tile_fp16_gemm<128, 64, 4, 8, 32, false>(__half const*, __half const*, float*, float*, int, int, int, long, int)",167,37176532373847,37176533578764,0,25088,256,1,1,23040,1,4
"KERNEL_DISPATCH",4,2,81,"tile_fp16_reduce(float const*, float*, int, int)",168,37176533578764,37176533627803,0,0,256,1,1,184320,1,1
"KERNEL_DISPATCH",4,2,22,"void dequantize_block_iq3_s<__half>(void const*, __half*)",169,37176533650025,37176534059665,0,0,32,1,1,3686400,1,1
"KERNEL_DISPATCH",4,2,58,"void convert_unary<float, __half>(void const*, __half*, long, long, long, HIP_vector_type<unsigned int, 3u>, long, long, long)",170,37176534059665,37176534078480,0,0,256,1,1,655360,1,1
"KERNEL_DISPATCH",4,2,79,"void tile_fp16_gemm<128, 64, 4, 8, 32, false>(__half const*, __half const*, float*, float*, int, int, int, long, int)",171,37176534078480,37176535151246,0,25088,256,1,1,23040,1,4
"KERNEL_DISPATCH",4,2,81,"tile_fp16_reduce(float const*, float*, int, int)",172,37176535151246,37176535201025,0,0,256,1,1,184320,1,1
"KERNEL_DISPATCH",4,2,22,"void dequantize_block_iq3_s<__half>(void const*, __half*)",173,37176535223100,37176535633036,0,0,32,1,1,3686400,1,1
"KERNEL_DISPATCH",4,2,58,"void convert_unary<float, __half>(void const*, __half*, long, long, long, HIP_vector_type<unsigned int, 3u>, long, long, long)",174,37176535633036,37176535652444,0,0,256,1,1,655360,1,1
"KERNEL_DISPATCH",4,2,79,"void tile_fp16_gemm<128, 64, 4, 8, 32, false>(__half const*, __half const*, float*, float*, int, int, int, long, int)",175,37176535652444,37176536805360,0,25088,256,1,1,23040,1,4
"KERNEL_DISPATCH",4,2,81,"tile_fp16_reduce(float const*, float*, int, int)",176,37176536805360,37176536855732,0,0,256,1,1,184320,1,1
"KERNEL_DISPATCH",4,2,22,"void dequantize_block_iq3_s<__half>(void const*, __half*)",177,37176536878103,37176537273519,0,0,32,1,1,3686400,1,1
"KERNEL_DISPATCH",4,2,58,"void convert_unary<float, __half>(void const*, __half*, long, long, long, HIP_vector_type<unsigned int, 3u>, long, long, long)",178,37176537273519,37176537291298,0,0,256,1,1,655360,1,1
"KERNEL_DISPATCH",4,2,79,"void tile_fp16_gemm<128, 64, 4, 8, 32, false>(__half const*, __half const*, float*, float*, int, int, int, long, int)",179,37176537291298,37176538376805,0,25088,256,1,1,23040,1,4
"KERNEL_DISPATCH",4,2,81,"tile_fp16_reduce(float const*, float*, int, int)",180,37176538376805,37176538426436,0,0,256,1,1,184320,1,1
"KERNEL_DISPATCH",4,2,22,"void dequantize_block_iq3_s<__half>(void const*, __half*)",181,37176538448659,37176538858150,0,0,32,1,1,3686400,1,1
"KERNEL_DISPATCH",4,2,58,"void convert_unary<float, __half>(void const*, __half*, long, long, long, HIP_vector_type<unsigned int, 3u>, long, long, long)",182,37176538858150,37176538877706,0,0,256,1,1,655360,1,1
"KERNEL_DISPATCH",4,2,81,"tile_fp16_reduce(float const*, float*, int, int)",184,37176540030326,37176540080994,0,0,256,1,1,184320,1,1
"KERNEL_DISPATCH",4,2,79,"void tile_fp16_gemm<128, 64, 4, 8, 32, false>(__half const*, __half const*, float*, float*, int, int, int, long, int)",183,37176538877706,37176540030326,0,25088,256,1,1,23040,1,4
"KERNEL_DISPATCH",4,2,22,"void dequantize_block_iq3_s<__half>(void const*, __half*)",185,37176540116698,37176540587228,0,0,32,1,1,3686400,1,1
"KERNEL_DISPATCH",4,2,58,"void convert_unary<float, __half>(void const*, __half*, long, long, long, HIP_vector_type<unsigned int, 3u>, long, long, long)",186,37176540587228,37176540614340,0,0,256,1,1,655360,1,1
"KERNEL_DISPATCH",4,2,81,"tile_fp16_reduce(float const*, float*, int, int)",188,37176541890667,37176541941779,0,0,256,1,1,184320,1,1
"KERNEL_DISPATCH",4,2,79,"void tile_fp16_gemm<128, 64, 4, 8, 32, false>(__half const*, __half const*, float*, float*, int, int, int, long, int)",187,37176540614340,37176541890667,0,25088,256,1,1,23040,1,4
"KERNEL_DISPATCH",4,2,22,"void dequantize_block_iq3_s<__half>(void const*, __half*)",189,37176541963557,37176542350826,0,0,32,1,1,3686400,1,1
"KERNEL_DISPATCH",4,2,58,"void convert_unary<float, __half>(void const*, __half*, long, long, long, HIP_vector_type<unsigned int, 3u>, long, long, long)",190,37176542350826,37176542368604,0,0,256,1,1,655360,1,1
"KERNEL_DISPATCH",4,2,81,"tile_fp16_reduce(float const*, float*, int, int)",192,37176543501668,37176543550706,0,0,256,1,1,184320,1,1
"KERNEL_DISPATCH",4,2,79,"void tile_fp16_gemm<128, 64, 4, 8, 32, false>(__half const*, __half const*, float*, float*, int, int, int, long, int)",191,37176542368604,37176543501668,0,25088,256,1,1,23040,1,4
"KERNEL_DISPATCH",4,2,22,"void dequantize_block_iq3_s<__half>(void const*, __half*)",193,37176543572781,37176543982124,0,0,32,1,1,3686400,1,1
"KERNEL_DISPATCH",4,2,58,"void convert_unary<float, __half>(void const*, __half*, long, long, long, HIP_vector_type<unsigned int, 3u>, long, long, long)",194,37176543982124,37176544001680,0,0,256,1,1,655360,1,1
"KERNEL_DISPATCH",4,2,79,"void tile_fp16_gemm<128, 64, 4, 8, 32, false>(__half const*, __half const*, float*, float*, int, int, int, long, int)",195,37176544001680,37176545193116,0,25088,256,1,1,23040,1,4
"KERNEL_DISPATCH",4,2,81,"tile_fp16_reduce(float const*, float*, int, int)",196,37176545193116,37176545266599,0,0,256,1,1,184320,1,1
"KERNEL_DISPATCH",4,2,22,"void dequantize_block_iq3_s<__half>(void const*, __half*)",197,37176545292378,37176545762759,0,0,32,1,1,3686400,1,1
"KERNEL_DISPATCH",4,2,58,"void convert_unary<float, __half>(void const*, __half*, long, long, long, HIP_vector_type<unsigned int, 3u>, long, long, long)",198,37176545762759,37176545789427,0,0,256,1,1,655360,1,1
"KERNEL_DISPATCH",4,2,79,"void tile_fp16_gemm<128, 64, 4, 8, 32, false>(__half const*, __half const*, float*, float*, int, int, int, long, int)",199,37176545789427,37176547019086,0,25088,256,1,1,23040,1,4
"KERNEL_DISPATCH",4,2,81,"tile_fp16_reduce(float const*, float*, int, int)",200,37176547019086,37176547069457,0,0,256,1,1,184320,1,1
"KERNEL_DISPATCH",4,2,22,"void dequantize_block_iq3_s<__half>(void const*, __half*)",201,37176547101606,37176547571988,0,0,32,1,1,3686400,1,1
"KERNEL_DISPATCH",4,2,58,"void convert_unary<float, __half>(void const*, __half*, long, long, long, HIP_vector_type<unsigned int, 3u>, long, long, long)",202,37176547571988,37176547598655,0,0,256,1,1,655360,1,1
"KERNEL_DISPATCH",4,2,79,"void tile_fp16_gemm<128, 64, 4, 8, 32, false>(__half const*, __half const*, float*, float*, int, int, int, long, int)",203,37176547598655,37176548897205,0,25088,256,1,1,23040,1,4
"KERNEL_DISPATCH",4,2,81,"tile_fp16_reduce(float const*, float*, int, int)",204,37176548897205,37176548948465,0,0,256,1,1,184320,1,1
"KERNEL_DISPATCH",4,2,22,"void dequantize_block_iq3_s<__half>(void const*, __half*)",205,37176548971429,37176549356623,0,0,32,1,1,3686400,1,1
"KERNEL_DISPATCH",4,2,58,"void convert_unary<float, __half>(void const*, __half*, long, long, long, HIP_vector_type<unsigned int, 3u>, long, long, long)",206,37176549356623,37176549374401,0,0,256,1,1,655360,1,1
"KERNEL_DISPATCH",4,2,79,"void tile_fp16_gemm<128, 64, 4, 8, 32, false>(__half const*, __half const*, float*, float*, int, int, int, long, int)",207,37176549374401,37176550485983,0,25088,256,1,1,23040,1,4
"KERNEL_DISPATCH",4,2,81,"tile_fp16_reduce(float const*, float*, int, int)",208,37176550485983,37176550535466,0,0,256,1,1,184320,1,1
"KERNEL_DISPATCH",4,2,22,"void dequantize_block_iq3_s<__half>(void const*, __half*)",209,37176550557244,37176550966736,0,0,32,1,1,3686400,1,1
"KERNEL_DISPATCH",4,2,58,"void convert_unary<float, __half>(void const*, __half*, long, long, long, HIP_vector_type<unsigned int, 3u>, long, long, long)",210,37176550966736,37176550986440,0,0,256,1,1,655360,1,1
"KERNEL_DISPATCH",4,2,79,"void tile_fp16_gemm<128, 64, 4, 8, 32, false>(__half const*, __half const*, float*, float*, int, int, int, long, int)",211,37176550986440,37176552248248,0,25088,256,1,1,23040,1,4
"KERNEL_DISPATCH",4,2,81,"tile_fp16_reduce(float const*, float*, int, int)",212,37176552248248,37176552321286,0,0,256,1,1,184320,1,1
"KERNEL_DISPATCH",4,2,22,"void dequantize_block_iq3_s<__half>(void const*, __half*)",213,37176552346472,37176552816706,0,0,32,1,1,3686400,1,1
"KERNEL_DISPATCH",4,2,58,"void convert_unary<float, __half>(void const*, __half*, long, long, long, HIP_vector_type<unsigned int, 3u>, long, long, long)",214,37176552816706,37176552843521,0,0,256,1,1,655360,1,1
"KERNEL_DISPATCH",4,2,79,"void tile_fp16_gemm<128, 64, 4, 8, 32, false>(__half const*, __half const*, float*, float*, int, int, int, long, int)",215,37176552843521,37176554043105,0,25088,256,1,1,23040,1,4
"KERNEL_DISPATCH",4,2,81,"tile_fp16_reduce(float const*, float*, int, int)",216,37176554043105,37176554106070,0,0,256,1,1,184320,1,1
"KERNEL_DISPATCH",4,2,22,"void dequantize_block_iq3_s<__half>(void const*, __half*)",217,37176554130959,37176554601193,0,0,32,1,1,3686400,1,1
"KERNEL_DISPATCH",4,2,58,"void convert_unary<float, __half>(void const*, __half*, long, long, long, HIP_vector_type<unsigned int, 3u>, long, long, long)",218,37176554601193,37176554628749,0,0,256,1,1,655360,1,1
"KERNEL_DISPATCH",4,2,79,"void tile_fp16_gemm<128, 64, 4, 8, 32, false>(__half const*, __half const*, float*, float*, int, int, int, long, int)",219,37176554628749,37176555890261,0,25088,256,1,1,23040,1,4
"KERNEL_DISPATCH",4,2,81,"tile_fp16_reduce(float const*, float*, int, int)",220,37176555890261,37176555940484,0,0,256,1,1,184320,1,1
"KERNEL_DISPATCH",4,2,22,"void dequantize_block_iq3_s<__half>(void const*, __half*)",221,37176555962559,37176556348197,0,0,32,1,1,3686400,1,1
"KERNEL_DISPATCH",4,2,58,"void convert_unary<float, __half>(void const*, __half*, long, long, long, HIP_vector_type<unsigned int, 3u>, long, long, long)",222,37176556348197,37176556365679,0,0,256,1,1,655360,1,1
"KERNEL_DISPATCH",4,2,79,"void tile_fp16_gemm<128, 64, 4, 8, 32, false>(__half const*, __half const*, float*, float*, int, int, int, long, int)",223,37176556365679,37176557458891,0,25088,256,1,1,23040,1,4
"KERNEL_DISPATCH",4,2,81,"tile_fp16_reduce(float const*, float*, int, int)",224,37176557458891,37176557509114,0,0,256,1,1,184320,1,1
"KERNEL_DISPATCH",4,2,22,"void dequantize_block_iq3_s<__half>(void const*, __half*)",225,37176557530744,37176557940680,0,0,32,1,1,3686400,1,1
"KERNEL_DISPATCH",4,2,58,"void convert_unary<float, __half>(void const*, __half*, long, long, long, HIP_vector_type<unsigned int, 3u>, long, long, long)",226,37176557940680,37176557960088,0,0,256,1,1,655360,1,1
"KERNEL_DISPATCH",4,2,79,"void tile_fp16_gemm<128, 64, 4, 8, 32, false>(__half const*, __half const*, float*, float*, int, int, int, long, int)",227,37176557960088,37176559138042,0,25088,256,1,1,23040,1,4
"KERNEL_DISPATCH",4,2,81,"tile_fp16_reduce(float const*, float*, int, int)",228,37176559138042,37176559255526,0,0,256,1,1,184320,1,1
"KERNEL_DISPATCH",4,2,22,"void dequantize_block_iq3_s<__half>(void const*, __half*)",229,37176559281601,37176559752131,0,0,32,1,1,3686400,1,1
"KERNEL_DISPATCH",4,2,58,"void convert_unary<float, __half>(void const*, __half*, long, long, long, HIP_vector_type<unsigned int, 3u>, long, long, long)",230,37176559752131,37176559779391,0,0,256,1,1,655360,1,1
"KERNEL_DISPATCH",4,2,79,"void tile_fp16_gemm<128, 64, 4, 8, 32, false>(__half const*, __half const*, float*, float*, int, int, int, long, int)",231,37176559779391,37176561040902,0,25088,256,1,1,23040,1,4
"KERNEL_DISPATCH",4,2,81,"tile_fp16_reduce(float const*, float*, int, int)",232,37176561040902,37176561103126,0,0,256,1,1,184320,1,1
"KERNEL_DISPATCH",4,2,22,"void dequantize_block_iq3_s<__half>(void const*, __half*)",233,37176561128460,37176561598693,0,0,32,1,1,3686400,1,1
"KERNEL_DISPATCH",4,2,58,"void convert_unary<float, __half>(void const*, __half*, long, long, long, HIP_vector_type<unsigned int, 3u>, long, long, long)",234,37176561598693,37176561625509,0,0,256,1,1,655360,1,1
"KERNEL_DISPATCH",4,2,79,"void tile_fp16_gemm<128, 64, 4, 8, 32, false>(__half const*, __half const*, float*, float*, int, int, int, long, int)",235,37176561625509,37176562862724,0,25088,256,1,1,23040,1,4
"KERNEL_DISPATCH",4,2,81,"tile_fp16_reduce(float const*, float*, int, int)",236,37176562862724,37176562912206,0,0,256,1,1,184320,1,1
"KERNEL_DISPATCH",4,2,22,"void dequantize_block_iq3_s<__half>(void const*, __half*)",237,37176562934725,37176563324364,0,0,32,1,1,3686400,1,1
"KERNEL_DISPATCH",4,2,58,"void convert_unary<float, __half>(void const*, __half*, long, long, long, HIP_vector_type<unsigned int, 3u>, long, long, long)",238,37176563324364,37176563341994,0,0,256,1,1,655360,1,1
"KERNEL_DISPATCH",4,2,79,"void tile_fp16_gemm<128, 64, 4, 8, 32, false>(__half const*, __half const*, float*, float*, int, int, int, long, int)",239,37176563341994,37176564464243,0,25088,256,1,1,23040,1,4
"KERNEL_DISPATCH",4,2,81,"tile_fp16_reduce(float const*, float*, int, int)",240,37176564464243,37176564514022,0,0,256,1,1,184320,1,1
"KERNEL_DISPATCH",4,2,22,"void dequantize_block_iq3_s<__half>(void const*, __half*)",241,37176564536097,37176564945588,0,0,32,1,1,3686400,1,1
"KERNEL_DISPATCH",4,2,58,"void convert_unary<float, __half>(void const*, __half*, long, long, long, HIP_vector_type<unsigned int, 3u>, long, long, long)",242,37176564945588,37176564965440,0,0,256,1,1,655360,1,1
"KERNEL_DISPATCH",4,2,79,"void tile_fp16_gemm<128, 64, 4, 8, 32, false>(__half const*, __half const*, float*, float*, int, int, int, long, int)",243,37176564965440,37176566131987,0,25088,256,1,1,23040,1,4
"KERNEL_DISPATCH",4,2,81,"tile_fp16_reduce(float const*, float*, int, int)",244,37176566131987,37176566206655,0,0,256,1,1,184320,1,1
"KERNEL_DISPATCH",4,2,22,"void dequantize_block_iq3_s<__half>(void const*, __half*)",245,37176566232434,37176566703112,0,0,32,1,1,3686400,1,1
"KERNEL_DISPATCH",4,2,58,"void convert_unary<float, __half>(void const*, __half*, long, long, long, HIP_vector_type<unsigned int, 3u>, long, long, long)",246,37176566703112,37176566729631,0,0,256,1,1,655360,1,1
"KERNEL_DISPATCH",4,2,79,"void tile_fp16_gemm<128, 64, 4, 8, 32, false>(__half const*, __half const*, float*, float*, int, int, int, long, int)",247,37176566729631,37176567947289,0,25088,256,1,1,23040,1,4
"KERNEL_DISPATCH",4,2,81,"tile_fp16_reduce(float const*, float*, int, int)",248,37176567947289,37176567997661,0,0,256,1,1,184320,1,1
"KERNEL_DISPATCH",4,2,22,"void dequantize_block_iq3_s<__half>(void const*, __half*)",249,37176568020921,37176568430857,0,0,32,1,1,3686400,1,1
"KERNEL_DISPATCH",4,2,58,"void convert_unary<float, __half>(void const*, __half*, long, long, long, HIP_vector_type<unsigned int, 3u>, long, long, long)",250,37176568430857,37176568450709,0,0,256,1,1,655360,1,1
"KERNEL_DISPATCH",4,2,79,"void tile_fp16_gemm<128, 64, 4, 8, 32, false>(__half const*, __half const*, float*, float*, int, int, int, long, int)",251,37176568450709,37176569716221,0,25088,256,1,1,23040,1,4
"KERNEL_DISPATCH",4,2,81,"tile_fp16_reduce(float const*, float*, int, int)",252,37176569716221,37176569790148,0,0,256,1,1,184320,1,1
"KERNEL_DISPATCH",4,2,22,"void dequantize_block_iq3_s<__half>(void const*, __half*)",253,37183107449100,37183108587350,0,0,32,1,1,3686400,1,1
"KERNEL_DISPATCH",4,2,58,"void convert_unary<float, __half>(void const*, __half*, long, long, long, HIP_vector_type<unsigned int, 3u>, long, long, long)",254,37183108587350,37183108645573,0,0,256,1,1,655360,1,1
"KERNEL_DISPATCH",4,2,79,"void tile_fp16_gemm<128, 64, 4, 8, 32, false>(__half const*, __half const*, float*, float*, int, int, int, long, int)",255,37183108645573,37183109788860,0,25088,256,1,1,23040,1,4
"KERNEL_DISPATCH",4,2,81,"tile_fp16_reduce(float const*, float*, int, int)",256,37183109788860,37183109911382,0,0,256,1,1,184320,1,1
"KERNEL_DISPATCH",4,2,22,"void dequantize_block_iq3_s<__half>(void const*, __half*)",257,37183110248575,37183110593917,0,0,32,1,1,3686400,1,1
"KERNEL_DISPATCH",4,2,58,"void convert_unary<float, __half>(void const*, __half*, long, long, long, HIP_vector_type<unsigned int, 3u>, long, long, long)",258,37183110593917,37183110611251,0,0,256,1,1,655360,1,1
"KERNEL_DISPATCH",4,2,79,"void tile_fp16_gemm<128, 64, 4, 8, 32, false>(__half const*, __half const*, float*, float*, int, int, int, long, int)",259,37183110611251,37183111718834,0,25088,256,1,1,23040,1,4
"KERNEL_DISPATCH",4,2,81,"tile_fp16_reduce(float const*, float*, int, int)",260,37183111718834,37183111762242,0,0,256,1,1,184320,1,1
"KERNEL_DISPATCH",4,2,22,"void dequantize_block_iq3_s<__half>(void const*, __half*)",261,37183111783428,37183112128622,0,0,32,1,1,3686400,1,1
"KERNEL_DISPATCH",4,2,58,"void convert_unary<float, __half>(void const*, __half*, long, long, long, HIP_vector_type<unsigned int, 3u>, long, long, long)",262,37183112128622,37183112145363,0,0,256,1,1,655360,1,1
"KERNEL_DISPATCH",4,2,79,"void tile_fp16_gemm<128, 64, 4, 8, 32, false>(__half const*, __half const*, float*, float*, int, int, int, long, int)",263,37183112145363,37183113242279,0,25088,256,1,1,23040,1,4
"KERNEL_DISPATCH",4,2,81,"tile_fp16_reduce(float const*, float*, int, int)",264,37183113242279,37183113286132,0,0,256,1,1,184320,1,1
"KERNEL_DISPATCH",4,2,22,"void dequantize_block_iq3_s<__half>(void const*, __half*)",265,37183113311317,37183113657104,0,0,32,1,1,3686400,1,1
"KERNEL_DISPATCH",4,2,58,"void convert_unary<float, __half>(void const*, __half*, long, long, long, HIP_vector_type<unsigned int, 3u>, long, long, long)",266,37183113657104,37183113674141,0,0,256,1,1,655360,1,1
"KERNEL_DISPATCH",4,2,79,"void tile_fp16_gemm<128, 64, 4, 8, 32, false>(__half const*, __half const*, float*, float*, int, int, int, long, int)",267,37183113674141,37183114766909,0,25088,256,1,1,23040,1,4
"KERNEL_DISPATCH",4,2,81,"tile_fp16_reduce(float const*, float*, int, int)",268,37183114766909,37183114811799,0,0,256,1,1,184320,1,1
"KERNEL_DISPATCH",4,2,22,"void dequantize_block_iq3_s<__half>(void const*, __half*)",269,37183114832836,37183115200104,0,0,32,1,1,3686400,1,1
"KERNEL_DISPATCH",4,2,58,"void convert_unary<float, __half>(void const*, __half*, long, long, long, HIP_vector_type<unsigned int, 3u>, long, long, long)",270,37183115200104,37183115217883,0,0,256,1,1,655360,1,1
"KERNEL_DISPATCH",4,2,79,"void tile_fp16_gemm<128, 64, 4, 8, 32, false>(__half const*, __half const*, float*, float*, int, int, int, long, int)",271,37183115217883,37183116276279,0,25088,256,1,1,23040,1,4
"KERNEL_DISPATCH",4,2,81,"tile_fp16_reduce(float const*, float*, int, int)",272,37183116276279,37183116321169,0,0,256,1,1,184320,1,1
"KERNEL_DISPATCH",4,2,22,"void dequantize_block_iq3_s<__half>(void const*, __half*)",273,37183116342355,37183116709919,0,0,32,1,1,3686400,1,1
"KERNEL_DISPATCH",4,2,58,"void convert_unary<float, __half>(void const*, __half*, long, long, long, HIP_vector_type<unsigned int, 3u>, long, long, long)",274,37183116709919,37183116727401,0,0,256,1,1,655360,1,1
"KERNEL_DISPATCH",4,2,79,"void tile_fp16_gemm<128, 64, 4, 8, 32, false>(__half const*, __half const*, float*, float*, int, int, int, long, int)",275,37183116727401,37183117805205,0,25088,256,1,1,23040,1,4
"KERNEL_DISPATCH",4,2,81,"tile_fp16_reduce(float const*, float*, int, int)",276,37183117805205,37183117855133,0,0,256,1,1,184320,1,1
"KERNEL_DISPATCH",4,2,22,"void dequantize_block_iq3_s<__half>(void const*, __half*)",277,37183117877948,37183118288328,0,0,32,1,1,3686400,1,1
"KERNEL_DISPATCH",4,2,58,"void convert_unary<float, __half>(void const*, __half*, long, long, long, HIP_vector_type<unsigned int, 3u>, long, long, long)",278,37183118288328,37183118307884,0,0,256,1,1,655360,1,1
"KERNEL_DISPATCH",4,2,79,"void tile_fp16_gemm<128, 64, 4, 8, 32, false>(__half const*, __half const*, float*, float*, int, int, int, long, int)",279,37183118307884,37183119507321,0,25088,256,1,1,23040,1,4
"KERNEL_DISPATCH",4,2,81,"tile_fp16_reduce(float const*, float*, int, int)",280,37183119507321,37183119556804,0,0,256,1,1,184320,1,1
"KERNEL_DISPATCH",4,2,22,"void dequantize_block_iq3_s<__half>(void const*, __half*)",281,37183119579471,37183119988666,0,0,32,1,1,3686400,1,1
"KERNEL_DISPATCH",4,2,58,"void convert_unary<float, __half>(void const*, __half*, long, long, long, HIP_vector_type<unsigned int, 3u>, long, long, long)",282,37183119988666,37183120008223,0,0,256,1,1,655360,1,1
"KERNEL_DISPATCH",4,2,79,"void tile_fp16_gemm<128, 64, 4, 8, 32, false>(__half const*, __half const*, float*, float*, int, int, int, long, int)",283,37183120008223,37183121167362,0,25088,256,1,1,23040,1,4
"KERNEL_DISPATCH",4,2,81,"tile_fp16_reduce(float const*, float*, int, int)",284,37183121167362,37183121217141,0,0,256,1,1,184320,1,1
"KERNEL_DISPATCH",4,2,22,"void dequantize_block_iq3_s<__half>(void const*, __half*)",285,37183121239660,37183121639522,0,0,32,1,1,3686400,1,1
"KERNEL_DISPATCH",4,2,58,"void convert_unary<float, __half>(void const*, __half*, long, long, long, HIP_vector_type<unsigned int, 3u>, long, long, long)",286,37183121639522,37183121657004,0,0,256,1,1,655360,1,1
"KERNEL_DISPATCH",4,2,79,"void tile_fp16_gemm<128, 64, 4, 8, 32, false>(__half const*, __half const*, float*, float*, int, int, int, long, int)",287,37183121657004,37183122740438,0,25088,256,1,1,23040,1,4
"KERNEL_DISPATCH",4,2,81,"tile_fp16_reduce(float const*, float*, int, int)",288,37183122740438,37183122790217,0,0,256,1,1,184320,1,1
"KERNEL_DISPATCH",4,2,22,"void dequantize_block_iq3_s<__half>(void const*, __half*)",289,37183122812143,37183123221783,0,0,32,1,1,3686400,1,1
"KERNEL_DISPATCH",4,2,58,"void convert_unary<float, __half>(void const*, __half*, long, long, long, HIP_vector_type<unsigned int, 3u>, long, long, long)",290,37183123221783,37183123241191,0,0,256,1,1,655360,1,1
"KERNEL_DISPATCH",4,2,79,"void tile_fp16_gemm<128, 64, 4, 8, 32, false>(__half const*, __half const*, float*, float*, int, int, int, long, int)",291,37183123241191,37183124390256,0,25088,256,1,1,23040,1,4
"KERNEL_DISPATCH",4,2,81,"tile_fp16_reduce(float const*, float*, int, int)",292,37183124390256,37183124440628,0,0,256,1,1,184320,1,1
"KERNEL_DISPATCH",4,2,22,"void dequantize_block_iq3_s<__half>(void const*, __half*)",293,37183124463887,37183124873231,0,0,32,1,1,3686400,1,1
"KERNEL_DISPATCH",4,2,58,"void convert_unary<float, __half>(void const*, __half*, long, long, long, HIP_vector_type<unsigned int, 3u>, long, long, long)",294,37183124873231,37183124893083,0,0,256,1,1,655360,1,1
"KERNEL_DISPATCH",4,2,79,"void tile_fp16_gemm<128, 64, 4, 8, 32, false>(__half const*, __half const*, float*, float*, int, int, int, long, int)",295,37183124893083,37183126072964,0,25088,256,1,1,23040,1,4
"KERNEL_DISPATCH",4,2,81,"tile_fp16_reduce(float const*, float*, int, int)",296,37183126072964,37183126122595,0,0,256,1,1,184320,1,1
"KERNEL_DISPATCH",4,2,22,"void dequantize_block_iq3_s<__half>(void const*, __half*)",297,37183126144670,37183126554606,0,0,32,1,1,3686400,1,1
"KERNEL_DISPATCH",4,2,58,"void convert_unary<float, __half>(void const*, __half*, long, long, long, HIP_vector_type<unsigned int, 3u>, long, long, long)",298,37183126554606,37183126572236,0,0,256,1,1,655360,1,1
"KERNEL_DISPATCH",4,2,79,"void tile_fp16_gemm<128, 64, 4, 8, 32, false>(__half const*, __half const*, float*, float*, int, int, int, long, int)",299,37183126572236,37183127670929,0,25088,256,1,1,23040,1,4
"KERNEL_DISPATCH",4,2,81,"tile_fp16_reduce(float const*, float*, int, int)",300,37183127670929,37183127720560,0,0,256,1,1,184320,1,1
"KERNEL_DISPATCH",4,2,22,"void dequantize_block_iq3_s<__half>(void const*, __half*)",301,37183127742635,37183128152571,0,0,32,1,1,3686400,1,1
"KERNEL_DISPATCH",4,2,58,"void convert_unary<float, __half>(void const*, __half*, long, long, long, HIP_vector_type<unsigned int, 3u>, long, long, long)",302,37183128152571,37183128172275,0,0,256,1,1,655360,1,1
"KERNEL_DISPATCH",4,2,79,"void tile_fp16_gemm<128, 64, 4, 8, 32, false>(__half const*, __half const*, float*, float*, int, int, int, long, int)",303,37183128172275,37183129377193,0,25088,256,1,1,23040,1,4
"KERNEL_DISPATCH",4,2,81,"tile_fp16_reduce(float const*, float*, int, int)",304,37183129377193,37183129427565,0,0,256,1,1,184320,1,1
"KERNEL_DISPATCH",4,2,22,"void dequantize_block_iq3_s<__half>(void const*, __half*)",305,37183129449788,37183129859131,0,0,32,1,1,3686400,1,1
"KERNEL_DISPATCH",4,2,58,"void convert_unary<float, __half>(void const*, __half*, long, long, long, HIP_vector_type<unsigned int, 3u>, long, long, long)",306,37183129859131,37183129878687,0,0,256,1,1,655360,1,1
"KERNEL_DISPATCH",4,2,79,"void tile_fp16_gemm<128, 64, 4, 8, 32, false>(__half const*, __half const*, float*, float*, int, int, int, long, int)",307,37183129878687,37183131028345,0,25088,256,1,1,23040,1,4
"KERNEL_DISPATCH",4,2,81,"tile_fp16_reduce(float const*, float*, int, int)",308,37183131028345,37183131078420,0,0,256,1,1,184320,1,1
"KERNEL_DISPATCH",4,2,22,"void dequantize_block_iq3_s<__half>(void const*, __half*)",309,37183131100791,37183131507764,0,0,32,1,1,3686400,1,1
"KERNEL_DISPATCH",4,2,58,"void convert_unary<float, __half>(void const*, __half*, long, long, long, HIP_vector_type<unsigned int, 3u>, long, long, long)",310,37183131507764,37183131526431,0,0,256,1,1,655360,1,1
"KERNEL_DISPATCH",4,2,79,"void tile_fp16_gemm<128, 64, 4, 8, 32, false>(__half const*, __half const*, float*, float*, int, int, int, long, int)",311,37183131526431,37183132608384,0,25088,256,1,1,23040,1,4
"KERNEL_DISPATCH",4,2,81,"tile_fp16_reduce(float const*, float*, int, int)",312,37183132608384,37183132657718,0,0,256,1,1,184320,1,1
"KERNEL_DISPATCH",4,2,22,"void dequantize_block_iq3_s<__half>(void const*, __half*)",313,37183132679793,37183133089433,0,0,32,1,1,3686400,1,1
"KERNEL_DISPATCH",4,2,58,"void convert_unary<float, __half>(void const*, __half*, long, long, long, HIP_vector_type<unsigned int, 3u>, long, long, long)",314,37183133089433,37183133109137,0,0,256,1,1,655360,1,1
"KERNEL_DISPATCH",4,2,79,"void tile_fp16_gemm<128, 64, 4, 8, 32, false>(__half const*, __half const*, float*, float*, int, int, int, long, int)",315,37183133109137,37183134258943,0,25088,256,1,1,23040,1,4
"KERNEL_DISPATCH",4,2,81,"tile_fp16_reduce(float const*, float*, int, int)",316,37183134258943,37183134309463,0,0,256,1,1,184320,1,1
"KERNEL_DISPATCH",4,2,22,"void dequantize_block_iq3_s<__half>(void const*, __half*)",317,37183134331982,37183134722510,0,0,32,1,1,3686400,1,1
"KERNEL_DISPATCH",4,2,58,"void convert_unary<float, __half>(void const*, __half*, long, long, long, HIP_vector_type<unsigned int, 3u>, long, long, long)",318,37183134722510,37183134740288,0,0,256,1,1,655360,1,1
"KERNEL_DISPATCH",4,2,79,"void tile_fp16_gemm<128, 64, 4, 8, 32, false>(__half const*, __half const*, float*, float*, int, int, int, long, int)",319,37183134740288,37183135843871,0,25088,256,1,1,23040,1,4
"KERNEL_DISPATCH",4,2,81,"tile_fp16_reduce(float const*, float*, int, int)",320,37183135843871,37183135894094,0,0,256,1,1,184320,1,1
"KERNEL_DISPATCH",4,2,22,"void dequantize_block_iq3_s<__half>(void const*, __half*)",321,37183135916465,37183136325957,0,0,32,1,1,3686400,1,1
"KERNEL_DISPATCH",4,2,58,"void convert_unary<float, __half>(void const*, __half*, long, long, long, HIP_vector_type<unsigned int, 3u>, long, long, long)",322,37183136325957,37183136345661,0,0,256,1,1,655360,1,1
"KERNEL_DISPATCH",4,2,79,"void tile_fp16_gemm<128, 64, 4, 8, 32, false>(__half const*, __half const*, float*, float*, int, int, int, long, int)",323,37183136345661,37183137577839,0,25088,256,1,1,23040,1,4
"KERNEL_DISPATCH",4,2,81,"tile_fp16_reduce(float const*, float*, int, int)",324,37183137577839,37183137650730,0,0,256,1,1,184320,1,1
"KERNEL_DISPATCH",4,2,22,"void dequantize_block_iq3_s<__half>(void const*, __half*)",325,37183137675916,37183138146298,0,0,32,1,1,3686400,1,1
"KERNEL_DISPATCH",4,2,58,"void convert_unary<float, __half>(void const*, __half*, long, long, long, HIP_vector_type<unsigned int, 3u>, long, long, long)",326,37183138146298,37183138173261,0,0,256,1,1,655360,1,1
"KERNEL_DISPATCH",4,2,79,"void tile_fp16_gemm<128, 64, 4, 8, 32, false>(__half const*, __half const*, float*, float*, int, int, int, long, int)",327,37183138173261,37183139398328,0,25088,256,1,1,23040,1,4
"KERNEL_DISPATCH",4,2,81,"tile_fp16_reduce(float const*, float*, int, int)",328,37183139398328,37183139448848,0,0,256,1,1,184320,1,1
"KERNEL_DISPATCH",4,2,22,"void dequantize_block_iq3_s<__half>(void const*, __half*)",329,37183139473589,37183139950934,0,0,32,1,1,3686400,1,1
"KERNEL_DISPATCH",4,2,58,"void convert_unary<float, __half>(void const*, __half*, long, long, long, HIP_vector_type<unsigned int, 3u>, long, long, long)",330,37183139950934,37183139977305,0,0,256,1,1,655360,1,1
"KERNEL_DISPATCH",4,2,79,"void tile_fp16_gemm<128, 64, 4, 8, 32, false>(__half const*, __half const*, float*, float*, int, int, int, long, int)",331,37183139977305,37183141245633,0,25088,256,1,1,23040,1,4
"KERNEL_DISPATCH",4,2,81,"tile_fp16_reduce(float const*, float*, int, int)",332,37183141245633,37183141295560,0,0,256,1,1,184320,1,1
"KERNEL_DISPATCH",4,2,22,"void dequantize_block_iq3_s<__half>(void const*, __half*)",333,37183141317931,37183141709792,0,0,32,1,1,3686400,1,1
"KERNEL_DISPATCH",4,2,58,"void convert_unary<float, __half>(void const*, __half*, long, long, long, HIP_vector_type<unsigned int, 3u>, long, long, long)",334,37183141709792,37183141727571,0,0,256,1,1,655360,1,1
"KERNEL_DISPATCH",4,2,79,"void tile_fp16_gemm<128, 64, 4, 8, 32, false>(__half const*, __half const*, float*, float*, int, int, int, long, int)",335,37183141727571,37183142831153,0,25088,256,1,1,23040,1,4
"KERNEL_DISPATCH",4,2,81,"tile_fp16_reduce(float const*, float*, int, int)",336,37183142831153,37183142882118,0,0,256,1,1,184320,1,1
"KERNEL_DISPATCH",4,2,22,"void dequantize_block_iq3_s<__half>(void const*, __half*)",337,37183142905081,37183143314721,0,0,32,1,1,3686400,1,1
"KERNEL_DISPATCH",4,2,58,"void convert_unary<float, __half>(void const*, __half*, long, long, long, HIP_vector_type<unsigned int, 3u>, long, long, long)",338,37183143314721,37183143334277,0,0,256,1,1,655360,1,1
"KERNEL_DISPATCH",4,2,79,"void tile_fp16_gemm<128, 64, 4, 8, 32, false>(__half const*, __half const*, float*, float*, int, int, int, long, int)",339,37183143334277,37183144516824,0,25088,256,1,1,23040,1,4
"KERNEL_DISPATCH",4,2,81,"tile_fp16_reduce(float const*, float*, int, int)",340,37183144516824,37183144590011,0,0,256,1,1,184320,1,1
"KERNEL_DISPATCH",4,2,22,"void dequantize_block_iq3_s<__half>(void const*, __half*)",341,37183144615345,37183145085875,0,0,32,1,1,3686400,1,1
"KERNEL_DISPATCH",4,2,58,"void convert_unary<float, __half>(void const*, __half*, long, long, long, HIP_vector_type<unsigned int, 3u>, long, long, long)",342,37183145085875,37183145112395,0,0,256,1,1,655360,1,1
"KERNEL_DISPATCH",4,2,79,"void tile_fp16_gemm<128, 64, 4, 8, 32, false>(__half const*, __half const*, float*, float*, int, int, int, long, int)",343,37183145112395,37183146346499,0,25088,256,1,1,23040,1,4
"KERNEL_DISPATCH",4,2,81,"tile_fp16_reduce(float const*, float*, int, int)",344,37183146346499,37183146396722,0,0,256,1,1,184320,1,1
"KERNEL_DISPATCH",4,2,22,"void dequantize_block_iq3_s<__half>(void const*, __half*)",345,37183146419390,37183146829622,0,0,32,1,1,3686400,1,1
"KERNEL_DISPATCH",4,2,58,"void convert_unary<float, __half>(void const*, __half*, long, long, long, HIP_vector_type<unsigned int, 3u>, long, long, long)",346,37183146829622,37183146849474,0,0,256,1,1,655360,1,1
"KERNEL_DISPATCH",4,2,79,"void tile_fp16_gemm<128, 64, 4, 8, 32, false>(__half const*, __half const*, float*, float*, int, int, int, long, int)",347,37183146849474,37183148111876,0,25088,256,1,1,23040,1,4
"KERNEL_DISPATCH",4,2,81,"tile_fp16_reduce(float const*, float*, int, int)",348,37183148111876,37183148185507,0,0,256,1,1,184320,1,1
"KERNEL_DISPATCH",4,2,22,"void dequantize_block_iq3_s<__half>(void const*, __half*)",349,37183148210545,37183148669963,0,0,32,1,1,3686400,1,1
"KERNEL_DISPATCH",4,2,58,"void convert_unary<float, __half>(void const*, __half*, long, long, long, HIP_vector_type<unsigned int, 3u>, long, long, long)",350,37183148669963,37183148689964,0,0,256,1,1,655360,1,1
"KERNEL_DISPATCH",4,2,79,"void tile_fp16_gemm<128, 64, 4, 8, 32, false>(__half const*, __half const*, float*, float*, int, int, int, long, int)",351,37183148689964,37183149864659,0,25088,256,1,1,23040,1,4
"KERNEL_DISPATCH",4,2,81,"tile_fp16_reduce(float const*, float*, int, int)",352,37183149864659,37183149914438,0,0,256,1,1,184320,1,1
"KERNEL_DISPATCH",4,2,22,"void dequantize_block_iq3_s<__half>(void const*, __half*)",353,37183149936957,37183150346597,0,0,32,1,1,3686400,1,1
"KERNEL_DISPATCH",4,2,58,"void convert_unary<float, __half>(void const*, __half*, long, long, long, HIP_vector_type<unsigned int, 3u>, long, long, long)",354,37183150346597,37183150366005,0,0,256,1,1,655360,1,1
"KERNEL_DISPATCH",4,2,79,"void tile_fp16_gemm<128, 64, 4, 8, 32, false>(__half const*, __half const*, float*, float*, int, int, int, long, int)",355,37183150366005,37183151523515,0,25088,256,1,1,23040,1,4
"KERNEL_DISPATCH",4,2,81,"tile_fp16_reduce(float const*, float*, int, int)",356,37183151523515,37183151574035,0,0,256,1,1,184320,1,1
"KERNEL_DISPATCH",4,2,22,"void dequantize_block_iq3_s<__half>(void const*, __half*)",357,37183151596257,37183152006638,0,0,32,1,1,3686400,1,1
"KERNEL_DISPATCH",4,2,58,"void convert_unary<float, __half>(void const*, __half*, long, long, long, HIP_vector_type<unsigned int, 3u>, long, long, long)",358,37183152006638,37183152026046,0,0,256,1,1,655360,1,1
"KERNEL_DISPATCH",4,2,79,"void tile_fp16_gemm<128, 64, 4, 8, 32, false>(__half const*, __half const*, float*, float*, int, int, int, long, int)",359,37183152026046,37183153190667,0,25088,256,1,1,23040,1,4
"KERNEL_DISPATCH",4,2,81,"tile_fp16_reduce(float const*, float*, int, int)",360,37183153190667,37183153241039,0,0,256,1,1,184320,1,1
"KERNEL_DISPATCH",4,2,22,"void dequantize_block_iq3_s<__half>(void const*, __half*)",361,37183153263113,37183153661197,0,0,32,1,1,3686400,1,1
"KERNEL_DISPATCH",4,2,58,"void convert_unary<float, __half>(void const*, __half*, long, long, long, HIP_vector_type<unsigned int, 3u>, long, long, long)",362,37183153661197,37183153679272,0,0,256,1,1,655360,1,1
"KERNEL_DISPATCH",4,2,79,"void tile_fp16_gemm<128, 64, 4, 8, 32, false>(__half const*, __half const*, float*, float*, int, int, int, long, int)",363,37183153679272,37183154765669,0,25088,256,1,1,23040,1,4
"KERNEL_DISPATCH",4,2,81,"tile_fp16_reduce(float const*, float*, int, int)",364,37183154765669,37183154815003,0,0,256,1,1,184320,1,1
"KERNEL_DISPATCH",4,2,22,"void dequantize_block_iq3_s<__half>(void const*, __half*)",365,37183154836782,37183155246273,0,0,32,1,1,3686400,1,1
"KERNEL_DISPATCH",4,2,58,"void convert_unary<float, __half>(void const*, __half*, long, long, long, HIP_vector_type<unsigned int, 3u>, long, long, long)",366,37183155246273,37183155265829,0,0,256,1,1,655360,1,1
"KERNEL_DISPATCH",4,2,79,"void tile_fp16_gemm<128, 64, 4, 8, 32, false>(__half const*, __half const*, float*, float*, int, int, int, long, int)",367,37183155265829,37183156419191,0,25088,256,1,1,23040,1,4
"KERNEL_DISPATCH",4,2,81,"tile_fp16_reduce(float const*, float*, int, int)",368,37183156419191,37183156468822,0,0,256,1,1,184320,1,1
"KERNEL_DISPATCH",4,2,22,"void dequantize_block_iq3_s<__half>(void const*, __half*)",369,37183156492822,37183156968686,0,0,32,1,1,3686400,1,1
"KERNEL_DISPATCH",4,2,58,"void convert_unary<float, __half>(void const*, __half*, long, long, long, HIP_vector_type<unsigned int, 3u>, long, long, long)",370,37183156968686,37183156995353,0,0,256,1,1,655360,1,1
"KERNEL_DISPATCH",4,2,79,"void tile_fp16_gemm<128, 64, 4, 8, 32, false>(__half const*, __half const*, float*, float*, int, int, int, long, int)",371,37183156995353,37183158288718,0,25088,256,1,1,23040,1,4
"KERNEL_DISPATCH",4,2,81,"tile_fp16_reduce(float const*, float*, int, int)",372,37183158288718,37183158339090,0,0,256,1,1,184320,1,1
"KERNEL_DISPATCH",4,2,22,"void dequantize_block_iq3_s<__half>(void const*, __half*)",373,37183158360868,37183158749322,0,0,32,1,1,3686400,1,1
"KERNEL_DISPATCH",4,2,58,"void convert_unary<float, __half>(void const*, __half*, long, long, long, HIP_vector_type<unsigned int, 3u>, long, long, long)",374,37183158749322,37183158766952,0,0,256,1,1,655360,1,1
"KERNEL_DISPATCH",4,2,79,"void tile_fp16_gemm<128, 64, 4, 8, 32, false>(__half const*, __half const*, float*, float*, int, int, int, long, int)",375,37183158766952,37183159914240,0,25088,256,1,1,23040,1,4
"KERNEL_DISPATCH",4,2,81,"tile_fp16_reduce(float const*, float*, int, int)",376,37183159914240,37183159962241,0,0,256,1,1,184320,1,1
"KERNEL_DISPATCH",4,2,22,"void dequantize_block_iq3_s<__half>(void const*, __half*)",377,37183160011575,37183160420919,0,0,32,1,1,3686400,1,1
"KERNEL_DISPATCH",4,2,58,"void convert_unary<float, __half>(void const*, __half*, long, long, long, HIP_vector_type<unsigned int, 3u>, long, long, long)",378,37183160420919,37183160440327,0,0,256,1,1,655360,1,1
"KERNEL_DISPATCH",4,2,79,"void tile_fp16_gemm<128, 64, 4, 8, 32, false>(__half const*, __half const*, float*, float*, int, int, int, long, int)",379,37183160440327,37183161657393,0,25088,256,1,1,23040,1,4
"KERNEL_DISPATCH",4,2,81,"tile_fp16_reduce(float const*, float*, int, int)",380,37183161657393,37183161707321,0,0,256,1,1,184320,1,1
"KERNEL_DISPATCH",4,2,22,"void dequantize_block_iq3_s<__half>(void const*, __half*)",381,37183161729988,37183162139628,0,0,32,1,1,3686400,1,1
"KERNEL_DISPATCH",4,2,58,"void convert_unary<float, __half>(void const*, __half*, long, long, long, HIP_vector_type<unsigned int, 3u>, long, long, long)",382,37183162139628,37183162159628,0,0,256,1,1,655360,1,1
"KERNEL_DISPATCH",4,2,79,"void tile_fp16_gemm<128, 64, 4, 8, 32, false>(__half const*, __half const*, float*, float*, int, int, int, long, int)",383,37183162159628,37183163303063,0,25088,256,1,1,23040,1,4
"KERNEL_DISPATCH",4,2,81,"tile_fp16_reduce(float const*, float*, int, int)",384,37183163303063,37183163353435,0,0,256,1,1,184320,1,1
"KERNEL_DISPATCH",4,2,22,"void dequantize_block_iq3_s<__half>(void const*, __half*)",385,37183163385584,37183163770631,0,0,32,1,1,3686400,1,1
"KERNEL_DISPATCH",4,2,58,"void convert_unary<float, __half>(void const*, __half*, long, long, long, HIP_vector_type<unsigned int, 3u>, long, long, long)",386,37183163770631,37183163788261,0,0,256,1,1,655360,1,1
"KERNEL_DISPATCH",4,2,79,"void tile_fp16_gemm<128, 64, 4, 8, 32, false>(__half const*, __half const*, float*, float*, int, int, int, long, int)",387,37183163788261,37183164907992,0,25088,256,1,1,23040,1,4
"KERNEL_DISPATCH",4,2,81,"tile_fp16_reduce(float const*, float*, int, int)",388,37183164907992,37183164956734,0,0,256,1,1,184320,1,1
"KERNEL_DISPATCH",4,2,22,"void dequantize_block_iq3_s<__half>(void const*, __half*)",389,37183164978512,37183165388300,0,0,32,1,1,3686400,1,1
"KERNEL_DISPATCH",4,2,58,"void convert_unary<float, __half>(void const*, __half*, long, long, long, HIP_vector_type<unsigned int, 3u>, long, long, long)",390,37183165388300,37183165408004,0,0,256,1,1,655360,1,1
"KERNEL_DISPATCH",4,2,79,"void tile_fp16_gemm<128, 64, 4, 8, 32, false>(__half const*, __half const*, float*, float*, int, int, int, long, int)",391,37183165408004,37183166575292,0,25088,256,1,1,23040,1,4
"KERNEL_DISPATCH",4,2,81,"tile_fp16_reduce(float const*, float*, int, int)",392,37183166575292,37183166648775,0,0,256,1,1,184320,1,1
"KERNEL_DISPATCH",4,2,22,"void dequantize_block_iq3_s<__half>(void const*, __half*)",393,37183166674257,37183167145232,0,0,32,1,1,3686400,1,1
"KERNEL_DISPATCH",4,2,58,"void convert_unary<float, __half>(void const*, __half*, long, long, long, HIP_vector_type<unsigned int, 3u>, long, long, long)",394,37183167145232,37183167171603,0,0,256,1,1,655360,1,1
"KERNEL_DISPATCH",4,2,79,"void tile_fp16_gemm<128, 64, 4, 8, 32, false>(__half const*, __half const*, float*, float*, int, int, int, long, int)",395,37183167171603,37183168392226,0,25088,256,1,1,23040,1,4
"KERNEL_DISPATCH",4,2,81,"tile_fp16_reduce(float const*, float*, int, int)",396,37183168392226,37183168442745,0,0,256,1,1,184320,1,1
"KERNEL_DISPATCH",4,2,22,"void dequantize_block_iq3_s<__half>(void const*, __half*)",397,37183168466153,37183168944535,0,0,32,1,1,3686400,1,1
"KERNEL_DISPATCH",4,2,58,"void convert_unary<float, __half>(void const*, __half*, long, long, long, HIP_vector_type<unsigned int, 3u>, long, long, long)",398,37183168944535,37183168971203,0,0,256,1,1,655360,1,1
"KERNEL_DISPATCH",4,2,79,"void tile_fp16_gemm<128, 64, 4, 8, 32, false>(__half const*, __half const*, float*, float*, int, int, int, long, int)",399,37183168971203,37183170260420,0,25088,256,1,1,23040,1,4
"KERNEL_DISPATCH",4,2,81,"tile_fp16_reduce(float const*, float*, int, int)",400,37183170260420,37183170310939,0,0,256,1,1,184320,1,1
"KERNEL_DISPATCH",4,2,22,"void dequantize_block_iq3_s<__half>(void const*, __half*)",401,37183170333310,37183170723838,0,0,32,1,1,3686400,1,1
"KERNEL_DISPATCH",4,2,58,"void convert_unary<float, __half>(void const*, __half*, long, long, long, HIP_vector_type<unsigned int, 3u>, long, long, long)",402,37183170723838,37183170742061,0,0,256,1,1,655360,1,1
"KERNEL_DISPATCH",4,2,79,"void tile_fp16_gemm<128, 64, 4, 8, 32, false>(__half const*, __half const*, float*, float*, int, int, int, long, int)",403,37183170742064,37183171857943,0,25088,256,1,1,23040,1,4
"KERNEL_DISPATCH",4,2,81,"tile_fp16_reduce(float const*, float*, int, int)",404,37183171857943,37183171908610,0,0,256,1,1,184320,1,1
"KERNEL_DISPATCH",4,2,22,"void dequantize_block_iq3_s<__half>(void const*, __half*)",405,37183171930685,37183172340324,0,0,32,1,1,3686400,1,1
"KERNEL_DISPATCH",4,2,58,"void convert_unary<float, __half>(void const*, __half*, long, long, long, HIP_vector_type<unsigned int, 3u>, long, long, long)",406,37183172340324,37183172360029,0,0,256,1,1,655360,1,1
"KERNEL_DISPATCH",4,2,79,"void tile_fp16_gemm<128, 64, 4, 8, 32, false>(__half const*, __half const*, float*, float*, int, int, int, long, int)",407,37183172360029,37183173524946,0,25088,256,1,1,23040,1,4
"KERNEL_DISPATCH",4,2,81,"tile_fp16_reduce(float const*, float*, int, int)",408,37183173524946,37183173598578,0,0,256,1,1,184320,1,1
"KERNEL_DISPATCH",4,2,22,"void dequantize_block_iq3_s<__half>(void const*, __half*)",409,37183173623912,37183174094738,0,0,32,1,1,3686400,1,1
"KERNEL_DISPATCH",4,2,58,"void convert_unary<float, __half>(void const*, __half*, long, long, long, HIP_vector_type<unsigned int, 3u>, long, long, long)",410,37183174094738,37183174121702,0,0,256,1,1,655360,1,1
"KERNEL_DISPATCH",4,2,79,"void tile_fp16_gemm<128, 64, 4, 8, 32, false>(__half const*, __half const*, float*, float*, int, int, int, long, int)",411,37183174121702,37183175395807,0,25088,256,1,1,23040,1,4
"KERNEL_DISPATCH",4,2,81,"tile_fp16_reduce(float const*, float*, int, int)",412,37183175395807,37183175446030,0,0,256,1,1,184320,1,1
"KERNEL_DISPATCH",4,2,22,"void dequantize_block_iq3_s<__half>(void const*, __half*)",413,37183175468253,37183175878189,0,0,32,1,1,3686400,1,1
"KERNEL_DISPATCH",4,2,58,"void convert_unary<float, __half>(void const*, __half*, long, long, long, HIP_vector_type<unsigned int, 3u>, long, long, long)",414,37183175878189,37183175897745,0,0,256,1,1,655360,1,1
"KERNEL_DISPATCH",4,2,79,"void tile_fp16_gemm<128, 64, 4, 8, 32, false>(__half const*, __half const*, float*, float*, int, int, int, long, int)",415,37183175897745,37183177282075,0,25088,256,1,1,23040,1,4
"KERNEL_DISPATCH",4,2,81,"tile_fp16_reduce(float const*, float*, int, int)",416,37183177282075,37183177354374,0,0,256,1,1,184320,1,1
"KERNEL_DISPATCH",4,2,22,"void dequantize_block_iq3_s<__half>(void const*, __half*)",417,37183177380004,37183177817644,0,0,32,1,1,3686400,1,1
"KERNEL_DISPATCH",4,2,58,"void convert_unary<float, __half>(void const*, __half*, long, long, long, HIP_vector_type<unsigned int, 3u>, long, long, long)",418,37183177817644,37183177837052,0,0,256,1,1,655360,1,1
"KERNEL_DISPATCH",4,2,79,"void tile_fp16_gemm<128, 64, 4, 8, 32, false>(__half const*, __half const*, float*, float*, int, int, int, long, int)",419,37183177837052,37183179009970,0,25088,256,1,1,23040,1,4
"KERNEL_DISPATCH",4,2,81,"tile_fp16_reduce(float const*, float*, int, int)",420,37183179009970,37183179060341,0,0,256,1,1,184320,1,1
"KERNEL_DISPATCH",4,2,22,"void dequantize_block_iq3_s<__half>(void const*, __half*)",421,37183179107157,37183179513390,0,0,32,1,1,3686400,1,1
"KERNEL_DISPATCH",4,2,58,"void convert_unary<float, __half>(void const*, __half*, long, long, long, HIP_vector_type<unsigned int, 3u>, long, long, long)",422,37183179513390,37183179543464,0,0,256,1,1,655360,1,1
"KERNEL_DISPATCH",4,2,79,"void tile_fp16_gemm<128, 64, 4, 8, 32, false>(__half const*, __half const*, float*, float*, int, int, int, long, int)",423,37183179543464,37183180630306,0,25088,256,1,1,23040,1,4
"KERNEL_DISPATCH",4,2,81,"tile_fp16_reduce(float const*, float*, int, int)",424,37183180630306,37183180679937,0,0,256,1,1,184320,1,1
"KERNEL_DISPATCH",4,2,22,"void dequantize_block_iq3_s<__half>(void const*, __half*)",425,37183180702159,37183181111799,0,0,32,1,1,3686400,1,1
"KERNEL_DISPATCH",4,2,58,"void convert_unary<float, __half>(void const*, __half*, long, long, long, HIP_vector_type<unsigned int, 3u>, long, long, long)",426,37183181111799,37183181131948,0,0,256,1,1,655360,1,1
"KERNEL_DISPATCH",4,2,79,"void tile_fp16_gemm<128, 64, 4, 8, 32, false>(__half const*, __half const*, float*, float*, int, int, int, long, int)",427,37183181131948,37183182302643,0,25088,256,1,1,23040,1,4
"KERNEL_DISPATCH",4,2,81,"tile_fp16_reduce(float const*, float*, int, int)",428,37183182302643,37183182353163,0,0,256,1,1,184320,1,1
"KERNEL_DISPATCH",4,2,22,"void dequantize_block_iq3_s<__half>(void const*, __half*)",429,37183182375534,37183182761766,0,0,32,1,1,3686400,1,1
"KERNEL_DISPATCH",4,2,58,"void convert_unary<float, __half>(void const*, __half*, long, long, long, HIP_vector_type<unsigned int, 3u>, long, long, long)",430,37183182761766,37183182779692,0,0,256,1,1,655360,1,1
"KERNEL_DISPATCH",4,2,79,"void tile_fp16_gemm<128, 64, 4, 8, 32, false>(__half const*, __half const*, float*, float*, int, int, int, long, int)",431,37183182779692,37183183890534,0,25088,256,1,1,23040,1,4
"KERNEL_DISPATCH",4,2,81,"tile_fp16_reduce(float const*, float*, int, int)",432,37183183890534,37183183940757,0,0,256,1,1,184320,1,1
"KERNEL_DISPATCH",4,2,22,"void dequantize_block_iq3_s<__half>(void const*, __half*)",433,37183183962980,37183184372472,0,0,32,1,1,3686400,1,1
"KERNEL_DISPATCH",4,2,58,"void convert_unary<float, __half>(void const*, __half*, long, long, long, HIP_vector_type<unsigned int, 3u>, long, long, long)",434,37183184372472,37183184392176,0,0,256,1,1,655360,1,1
"KERNEL_DISPATCH",4,2,79,"void tile_fp16_gemm<128, 64, 4, 8, 32, false>(__half const*, __half const*, float*, float*, int, int, int, long, int)",435,37183184392176,37183185576946,0,25088,256,1,1,23040,1,4
"KERNEL_DISPATCH",4,2,81,"tile_fp16_reduce(float const*, float*, int, int)",436,37183185576946,37183185649985,0,0,256,1,1,184320,1,1
"KERNEL_DISPATCH",4,2,22,"void dequantize_block_iq3_s<__half>(void const*, __half*)",437,37183185675319,37183186145997,0,0,32,1,1,3686400,1,1
"KERNEL_DISPATCH",4,2,58,"void convert_unary<float, __half>(void const*, __half*, long, long, long, HIP_vector_type<unsigned int, 3u>, long, long, long)",438,37183186145997,37183186172368,0,0,256,1,1,655360,1,1
"KERNEL_DISPATCH",4,2,79,"void tile_fp16_gemm<128, 64, 4, 8, 32, false>(__half const*, __half const*, float*, float*, int, int, int, long, int)",439,37183186172368,37183187408398,0,25088,256,1,1,23040,1,4
"KERNEL_DISPATCH",4,2,81,"tile_fp16_reduce(float const*, float*, int, int)",440,37183187408398,37183187459955,0,0,256,1,1,184320,1,1
"KERNEL_DISPATCH",4,2,22,"void dequantize_block_iq3_s<__half>(void const*, __half*)",441,37183187483956,37183187961597,0,0,32,1,1,3686400,1,1
"KERNEL_DISPATCH",4,2,58,"void convert_unary<float, __half>(void const*, __half*, long, long, long, HIP_vector_type<unsigned int, 3u>, long, long, long)",442,37183187961597,37183187987820,0,0,256,1,1,655360,1,1
"KERNEL_DISPATCH",4,2,79,"void tile_fp16_gemm<128, 64, 4, 8, 32, false>(__half const*, __half const*, float*, float*, int, int, int, long, int)",443,37183187987820,37183189283259,0,25088,256,1,1,23040,1,4
"KERNEL_DISPATCH",4,2,81,"tile_fp16_reduce(float const*, float*, int, int)",444,37183189283259,37183189333779,0,0,256,1,1,184320,1,1
"KERNEL_DISPATCH",4,2,22,"void dequantize_block_iq3_s<__half>(void const*, __half*)",445,37183189355853,37183189744159,0,0,32,1,1,3686400,1,1
"KERNEL_DISPATCH",4,2,58,"void convert_unary<float, __half>(void const*, __half*, long, long, long, HIP_vector_type<unsigned int, 3u>, long, long, long)",446,37183189744159,37183189761789,0,0,256,1,1,655360,1,1
"KERNEL_DISPATCH",4,2,79,"void tile_fp16_gemm<128, 64, 4, 8, 32, false>(__half const*, __half const*, float*, float*, int, int, int, long, int)",447,37183189761789,37183190892336,0,25088,256,1,1,23040,1,4
"KERNEL_DISPATCH",4,2,81,"tile_fp16_reduce(float const*, float*, int, int)",448,37183190892336,37183190943004,0,0,256,1,1,184320,1,1
"KERNEL_DISPATCH",4,2,22,"void dequantize_block_iq3_s<__half>(void const*, __half*)",449,37183190965078,37183191374570,0,0,32,1,1,3686400,1,1
"KERNEL_DISPATCH",4,2,58,"void convert_unary<float, __half>(void const*, __half*, long, long, long, HIP_vector_type<unsigned int, 3u>, long, long, long)",450,37183191374570,37183191394126,0,0,256,1,1,655360,1,1
"KERNEL_DISPATCH",4,2,81,"tile_fp16_reduce(float const*, float*, int, int)",452,37183192601415,37183192675787,0,0,256,1,1,184320,1,1
"KERNEL_DISPATCH",4,2,79,"void tile_fp16_gemm<128, 64, 4, 8, 32, false>(__half const*, __half const*, float*, float*, int, int, int, long, int)",451,37183191394126,37183192601415,0,25088,256,1,1,23040,1,4
"KERNEL_DISPATCH",4,2,22,"void dequantize_block_iq3_s<__half>(void const*, __half*)",453,37183192700380,37183193171058,0,0,32,1,1,3686400,1,1
"KERNEL_DISPATCH",4,2,58,"void convert_unary<float, __half>(void const*, __half*, long, long, long, HIP_vector_type<unsigned int, 3u>, long, long, long)",454,37183193171058,37183193198022,0,0,256,1,1,655360,1,1
"KERNEL_DISPATCH",4,2,81,"tile_fp16_reduce(float const*, float*, int, int)",456,37183194418496,37183194468275,0,0,256,1,1,184320,1,1
"KERNEL_DISPATCH",4,2,79,"void tile_fp16_gemm<128, 64, 4, 8, 32, false>(__half const*, __half const*, float*, float*, int, int, int, long, int)",455,37183193198022,37183194418496,0,25088,256,1,1,23040,1,4
"KERNEL_DISPATCH",4,2,22,"void dequantize_block_iq3_s<__half>(void const*, __half*)",457,37183194492128,37183194968584,0,0,32,1,1,3686400,1,1
"KERNEL_DISPATCH",4,2,58,"void convert_unary<float, __half>(void const*, __half*, long, long, long, HIP_vector_type<unsigned int, 3u>, long, long, long)",458,37183194968584,37183194994955,0,0,256,1,1,655360,1,1
"KERNEL_DISPATCH",4,2,81,"tile_fp16_reduce(float const*, float*, int, int)",460,37183196297950,37183196347877,0,0,256,1,1,184320,1,1
"KERNEL_DISPATCH",4,2,79,"void tile_fp16_gemm<128, 64, 4, 8, 32, false>(__half const*, __half const*, float*, float*, int, int, int, long, int)",459,37183194994955,37183196297950,0,25088,256,1,1,23040,1,4
"KERNEL_DISPATCH",4,2,22,"void dequantize_block_iq3_s<__half>(void const*, __half*)",461,37183196369952,37183196779443,0,0,32,1,1,3686400,1,1
"KERNEL_DISPATCH",4,2,58,"void convert_unary<float, __half>(void const*, __half*, long, long, long, HIP_vector_type<unsigned int, 3u>, long, long, long)",462,37183196779443,37183196798999,0,0,256,1,1,655360,1,1
"KERNEL_DISPATCH",4,2,81,"tile_fp16_reduce(float const*, float*, int, int)",464,37183197956213,37183198006881,0,0,256,1,1,184320,1,1
"KERNEL_DISPATCH",4,2,79,"void tile_fp16_gemm<128, 64, 4, 8, 32, false>(__half const*, __half const*, float*, float*, int, int, int, long, int)",463,37183196798999,37183197956213,0,25088,256,1,1,23040,1,4
"KERNEL_DISPATCH",4,2,22,"void dequantize_block_iq3_s<__half>(void const*, __half*)",465,37183198029103,37183198438891,0,0,32,1,1,3686400,1,1
"KERNEL_DISPATCH",4,2,58,"void convert_unary<float, __half>(void const*, __half*, long, long, long, HIP_vector_type<unsigned int, 3u>, long, long, long)",466,37183198438891,37183198458299,0,0,256,1,1,655360,1,1
"KERNEL_DISPATCH",4,2,81,"tile_fp16_reduce(float const*, float*, int, int)",468,37183199554919,37183199604994,0,0,256,1,1,184320,1,1
"KERNEL_DISPATCH",4,2,79,"void tile_fp16_gemm<128, 64, 4, 8, 32, false>(__half const*, __half const*, float*, float*, int, int, int, long, int)",467,37183198458299,37183199554919,0,25088,256,1,1,23040,1,4
"KERNEL_DISPATCH",4,2,22,"void dequantize_block_iq3_s<__half>(void const*, __half*)",469,37183199626920,37183200036708,0,0,32,1,1,3686400,1,1
"KERNEL_DISPATCH",4,2,58,"void convert_unary<float, __half>(void const*, __half*, long, long, long, HIP_vector_type<unsigned int, 3u>, long, long, long)",470,37183200036708,37183200056264,0,0,256,1,1,655360,1,1
"KERNEL_DISPATCH",4,2,81,"tile_fp16_reduce(float const*, float*, int, int)",472,37183201214219,37183201264590,0,0,256,1,1,184320,1,1
"KERNEL_DISPATCH",4,2,79,"void tile_fp16_gemm<128, 64, 4, 8, 32, false>(__half const*, __half const*, float*, float*, int, int, int, long, int)",471,37183200056264,37183201214219,0,25088,256,1,1,23040,1,4
"KERNEL_DISPATCH",4,2,22,"void dequantize_block_iq3_s<__half>(void const*, __half*)",473,37183201286665,37183201682527,0,0,32,1,1,3686400,1,1
"KERNEL_DISPATCH",4,2,58,"void convert_unary<float, __half>(void const*, __half*, long, long, long, HIP_vector_type<unsigned int, 3u>, long, long, long)",474,37183201682527,37183201700157,0,0,256,1,1,655360,1,1
"KERNEL_DISPATCH",4,2,81,"tile_fp16_reduce(float const*, float*, int, int)",476,37183202779739,37183202829518,0,0,256,1,1,184320,1,1
"KERNEL_DISPATCH",4,2,79,"void tile_fp16_gemm<128, 64, 4, 8, 32, false>(__half const*, __half const*, float*, float*, int, int, int, long, int)",475,37183201700157,37183202779739,0,25088,256,1,1,23040,1,4
"KERNEL_DISPATCH",4,2,22,"void dequantize_block_iq3_s<__half>(void const*, __half*)",477,37183202851148,37183203260491,0,0,32,1,1,3686400,1,1
"KERNEL_DISPATCH",4,2,58,"void convert_unary<float, __half>(void const*, __half*, long, long, long, HIP_vector_type<unsigned int, 3u>, long, long, long)",478,37183203260491,37183203280640,0,0,256,1,1,655360,1,1
"KERNEL_DISPATCH",4,2,79,"void tile_fp16_gemm<128, 64, 4, 8, 32, false>(__half const*, __half const*, float*, float*, int, int, int, long, int)",479,37183203280640,37183204451632,0,25088,256,1,1,23040,1,4
"KERNEL_DISPATCH",4,2,81,"tile_fp16_reduce(float const*, float*, int, int)",480,37183204451632,37183204502596,0,0,256,1,1,184320,1,1
"KERNEL_DISPATCH",4,2,22,"void dequantize_block_iq3_s<__half>(void const*, __half*)",481,37183204534004,37183205004386,0,0,32,1,1,3686400,1,1
"KERNEL_DISPATCH",4,2,58,"void convert_unary<float, __half>(void const*, __half*, long, long, long, HIP_vector_type<unsigned int, 3u>, long, long, long)",482,37183205004386,37183205031350,0,0,256,1,1,655360,1,1
"KERNEL_DISPATCH",4,2,79,"void tile_fp16_gemm<128, 64, 4, 8, 32, false>(__half const*, __half const*, float*, float*, int, int, int, long, int)",483,37183205031350,37183206322789,0,25088,256,1,1,23040,1,4
"KERNEL_DISPATCH",4,2,81,"tile_fp16_reduce(float const*, float*, int, int)",484,37183206322789,37183206373457,0,0,256,1,1,184320,1,1
"KERNEL_DISPATCH",4,2,22,"void dequantize_block_iq3_s<__half>(void const*, __half*)",485,37183206395383,37183206805615,0,0,32,1,1,3686400,1,1
"KERNEL_DISPATCH",4,2,58,"void convert_unary<float, __half>(void const*, __half*, long, long, long, HIP_vector_type<unsigned int, 3u>, long, long, long)",486,37183206805615,37183206825616,0,0,256,1,1,655360,1,1
"KERNEL_DISPATCH",4,2,79,"void tile_fp16_gemm<128, 64, 4, 8, 32, false>(__half const*, __half const*, float*, float*, int, int, int, long, int)",487,37183206825616,37183207998385,0,25088,256,1,1,23040,1,4
"KERNEL_DISPATCH",4,2,81,"tile_fp16_reduce(float const*, float*, int, int)",488,37183207998385,37183208048757,0,0,256,1,1,184320,1,1
"KERNEL_DISPATCH",4,2,22,"void dequantize_block_iq3_s<__half>(void const*, __half*)",489,37183208070683,37183208480175,0,0,32,1,1,3686400,1,1
"KERNEL_DISPATCH",4,2,58,"void convert_unary<float, __half>(void const*, __half*, long, long, long, HIP_vector_type<unsigned int, 3u>, long, long, long)",490,37183208480175,37183208498842,0,0,256,1,1,655360,1,1
"KERNEL_DISPATCH",4,2,79,"void tile_fp16_gemm<128, 64, 4, 8, 32, false>(__half const*, __half const*, float*, float*, int, int, int, long, int)",491,37183208498842,37183209577239,0,25088,256,1,1,23040,1,4
"KERNEL_DISPATCH",4,2,81,"tile_fp16_reduce(float const*, float*, int, int)",492,37183209577239,37183209627611,0,0,256,1,1,184320,1,1
"KERNEL_DISPATCH",4,2,22,"void dequantize_block_iq3_s<__half>(void const*, __half*)",493,37183209649981,37183210059621,0,0,32,1,1,3686400,1,1
"KERNEL_DISPATCH",4,2,58,"void convert_unary<float, __half>(void const*, __half*, long, long, long, HIP_vector_type<unsigned int, 3u>, long, long, long)",494,37183210059621,37183210079622,0,0,256,1,1,655360,1,1
"KERNEL_DISPATCH",4,2,79,"void tile_fp16_gemm<128, 64, 4, 8, 32, false>(__half const*, __half const*, float*, float*, int, int, int, long, int)",495,37183210079622,37183211251502,0,25088,256,1,1,23040,1,4
"KERNEL_DISPATCH",4,2,81,"tile_fp16_reduce(float const*, float*, int, int)",496,37183211251502,37183211302170,0,0,256,1,1,184320,1,1
"KERNEL_DISPATCH",4,2,22,"void dequantize_block_iq3_s<__half>(void const*, __half*)",497,37183211325282,37183211717440,0,0,32,1,1,3686400,1,1
"KERNEL_DISPATCH",4,2,58,"void convert_unary<float, __half>(void const*, __half*, long, long, long, HIP_vector_type<unsigned int, 3u>, long, long, long)",498,37183211717440,37183211735366,0,0,256,1,1,655360,1,1
"KERNEL_DISPATCH",4,2,79,"void tile_fp16_gemm<128, 64, 4, 8, 32, false>(__half const*, __half const*, float*, float*, int, int, int, long, int)",499,37183211735366,37183212838208,0,25088,256,1,1,23040,1,4
"KERNEL_DISPATCH",4,2,81,"tile_fp16_reduce(float const*, float*, int, int)",500,37183212838208,37183212888283,0,0,256,1,1,184320,1,1
"KERNEL_DISPATCH",4,2,22,"void dequantize_block_iq3_s<__half>(void const*, __half*)",501,37183212910210,37183213319849,0,0,32,1,1,3686400,1,1
"KERNEL_DISPATCH",4,2,58,"void convert_unary<float, __half>(void const*, __half*, long, long, long, HIP_vector_type<unsigned int, 3u>, long, long, long)",502,37183213319849,37183213339257,0,0,256,1,1,655360,1,1
"KERNEL_DISPATCH",4,2,79,"void tile_fp16_gemm<128, 64, 4, 8, 32, false>(__half const*, __half const*, float*, float*, int, int, int, long, int)",503,37183213339257,37183214523434,0,25088,256,1,1,23040,1,4
"KERNEL_DISPATCH",4,2,81,"tile_fp16_reduce(float const*, float*, int, int)",504,37183214523434,37183214596918,0,0,256,1,1,184320,1,1
"KERNEL_DISPATCH",4,2,22,"void dequantize_block_iq3_s<__half>(void const*, __half*)",505,37189624903246,37189625256440,0,0,32,1,1,3620864,1,1
"KERNEL_DISPATCH",4,2,58,"void convert_unary<float, __half>(void const*, __half*, long, long, long, HIP_vector_type<unsigned int, 3u>, long, long, long)",506,37189625256440,37189625309182,0,0,256,1,1,2228224,1,1
"KERNEL_DISPATCH",4,2,79,"void tile_fp16_gemm<128, 64, 4, 8, 32, false>(__half const*, __half const*, float*, float*, int, int, int, long, int)",507,37189625309182,37189626344318,0,25088,256,1,1,6656,1,8
"KERNEL_DISPATCH",4,2,81,"tile_fp16_reduce(float const*, float*, int, int)",508,37189626344318,37189626369948,0,0,256,1,1,53248,1,1
"KERNEL_DISPATCH",4,2,22,"void dequantize_block_iq3_s<__half>(void const*, __half*)",509,37189626608176,37189626947147,0,0,32,1,1,3620864,1,1
"KERNEL_DISPATCH",4,2,58,"void convert_unary<float, __half>(void const*, __half*, long, long, long, HIP_vector_type<unsigned int, 3u>, long, long, long)",510,37189626947147,37189626997371,0,0,256,1,1,2228224,1,1
"KERNEL_DISPATCH",4,2,79,"void tile_fp16_gemm<128, 64, 4, 8, 32, false>(__half const*, __half const*, float*, float*, int, int, int, long, int)",511,37189626997371,37189628043619,0,25088,256,1,1,6656,1,8
"KERNEL_DISPATCH",4,2,81,"tile_fp16_reduce(float const*, float*, int, int)",512,37189628043619,37189628067916,0,0,256,1,1,53248,1,1
"KERNEL_DISPATCH",4,2,22,"void dequantize_block_iq3_s<__half>(void const*, __half*)",513,37189628088657,37189628427777,0,0,32,1,1,3620864,1,1
"KERNEL_DISPATCH",4,2,58,"void convert_unary<float, __half>(void const*, __half*, long, long, long, HIP_vector_type<unsigned int, 3u>, long, long, long)",514,37189628427777,37189628477556,0,0,256,1,1,2228224,1,1
"KERNEL_DISPATCH",4,2,79,"void tile_fp16_gemm<128, 64, 4, 8, 32, false>(__half const*, __half const*, float*, float*, int, int, int, long, int)",515,37189628477556,37189629504396,0,25088,256,1,1,6656,1,8
"KERNEL_DISPATCH",4,2,81,"tile_fp16_reduce(float const*, float*, int, int)",516,37189629504396,37189629529434,0,0,256,1,1,53248,1,1
"KERNEL_DISPATCH",4,2,22,"void dequantize_block_iq3_s<__half>(void const*, __half*)",517,37189629555064,37189629914184,0,0,32,1,1,3620864,1,1
"KERNEL_DISPATCH",4,2,58,"void convert_unary<float, __half>(void const*, __half*, long, long, long, HIP_vector_type<unsigned int, 3u>, long, long, long)",518,37189629914184,37189629963666,0,0,256,1,1,2228224,1,1
"KERNEL_DISPATCH",4,2,79,"void tile_fp16_gemm<128, 64, 4, 8, 32, false>(__half const*, __half const*, float*, float*, int, int, int, long, int)",519,37189629963666,37189631008285,0,25088,256,1,1,6656,1,8
"KERNEL_DISPATCH",4,2,81,"tile_fp16_reduce(float const*, float*, int, int)",520,37189631008285,37189631033471,0,0,256,1,1,53248,1,1
"KERNEL_DISPATCH",4,2,22,"void dequantize_block_iq3_s<__half>(void const*, __half*)",521,37189631053619,37189631414221,0,0,32,1,1,3620864,1,1
"KERNEL_DISPATCH",4,2,58,"void convert_unary<float, __half>(void const*, __half*, long, long, long, HIP_vector_type<unsigned int, 3u>, long, long, long)",522,37189631414221,37189631466370,0,0,256,1,1,2228224,1,1
"KERNEL_DISPATCH",4,2,79,"void tile_fp16_gemm<128, 64, 4, 8, 32, false>(__half const*, __half const*, float*, float*, int, int, int, long, int)",523,37189631466370,37189632530100,0,25088,256,1,1,6656,1,8
"KERNEL_DISPATCH",4,2,81,"tile_fp16_reduce(float const*, float*, int, int)",524,37189632530100,37189632572916,0,0,256,1,1,53248,1,1
"KERNEL_DISPATCH",4,2,22,"void dequantize_block_iq3_s<__half>(void const*, __half*)",525,37189632594250,37189632991445,0,0,32,1,1,3620864,1,1
"KERNEL_DISPATCH",4,2,58,"void convert_unary<float, __half>(void const*, __half*, long, long, long, HIP_vector_type<unsigned int, 3u>, long, long, long)",526,37189632991445,37189633055150,0,0,256,1,1,2228224,1,1
"KERNEL_DISPATCH",4,2,79,"void tile_fp16_gemm<128, 64, 4, 8, 32, false>(__half const*, __half const*, float*, float*, int, int, int, long, int)",527,37189633055150,37189634091917,0,25088,256,1,1,6656,1,8
"KERNEL_DISPATCH",4,2,81,"tile_fp16_reduce(float const*, float*, int, int)",528,37189634091917,37189634120362,0,0,256,1,1,53248,1,1
"KERNEL_DISPATCH",4,2,22,"void dequantize_block_iq3_s<__half>(void const*, __half*)",529,37189634141548,37189634543780,0,0,32,1,1,3620864,1,1
"KERNEL_DISPATCH",4,2,58,"void convert_unary<float, __half>(void const*, __half*, long, long, long, HIP_vector_type<unsigned int, 3u>, long, long, long)",530,37189634543780,37189634601855,0,0,256,1,1,2228224,1,1
"KERNEL_DISPATCH",4,2,79,"void tile_fp16_gemm<128, 64, 4, 8, 32, false>(__half const*, __half const*, float*, float*, int, int, int, long, int)",531,37189634601855,37189635678919,0,25088,256,1,1,6656,1,8
"KERNEL_DISPATCH",4,2,81,"tile_fp16_reduce(float const*, float*, int, int)",532,37189635678919,37189635721735,0,0,256,1,1,53248,1,1
"KERNEL_DISPATCH",4,2,22,"void dequantize_block_iq3_s<__half>(void const*, __half*)",533,37189635743365,37189636127226,0,0,32,1,1,3620864,1,1
"KERNEL_DISPATCH",4,2,58,"void convert_unary<float, __half>(void const*, __half*, long, long, long, HIP_vector_type<unsigned int, 3u>, long, long, long)",534,37189636127226,37189636179524,0,0,256,1,1,2228224,1,1
"KERNEL_DISPATCH",4,2,79,"void tile_fp16_gemm<128, 64, 4, 8, 32, false>(__half const*, __half const*, float*, float*, int, int, int, long, int)",535,37189636179524,37189637214957,0,25088,256,1,1,6656,1,8
"KERNEL_DISPATCH",4,2,81,"tile_fp16_reduce(float const*, float*, int, int)",536,37189637214957,37189637242365,0,0,256,1,1,53248,1,1
"KERNEL_DISPATCH",4,2,22,"void dequantize_block_iq3_s<__half>(void const*, __half*)",537,37189637264143,37189637666376,0,0,32,1,1,3620864,1,1
"KERNEL_DISPATCH",4,2,58,"void convert_unary<float, __half>(void const*, __half*, long, long, long, HIP_vector_type<unsigned int, 3u>, long, long, long)",538,37189637666376,37189637724155,0,0,256,1,1,2228224,1,1
"KERNEL_DISPATCH",4,2,79,"void tile_fp16_gemm<128, 64, 4, 8, 32, false>(__half const*, __half const*, float*, float*, int, int, int, long, int)",539,37189637724155,37189638812330,0,25088,256,1,1,6656,1,8
"KERNEL_DISPATCH",4,2,81,"tile_fp16_reduce(float const*, float*, int, int)",540,37189638812330,37189638855294,0,0,256,1,1,53248,1,1
"KERNEL_DISPATCH",4,2,22,"void dequantize_block_iq3_s<__half>(void const*, __half*)",541,37189638877369,37189639279749,0,0,32,1,1,3620864,1,1
"KERNEL_DISPATCH",4,2,58,"void convert_unary<float, __half>(void const*, __half*, long, long, long, HIP_vector_type<unsigned int, 3u>, long, long, long)",542,37189639279749,37189639337676,0,0,256,1,1,2228224,1,1
"KERNEL_DISPATCH",4,2,79,"void tile_fp16_gemm<128, 64, 4, 8, 32, false>(__half const*, __half const*, float*, float*, int, int, int, long, int)",543,37189639337676,37189640418147,0,25088,256,1,1,6656,1,8
"KERNEL_DISPATCH",4,2,81,"tile_fp16_reduce(float const*, float*, int, int)",544,37189640418147,37189640461260,0,0,256,1,1,53248,1,1
"KERNEL_DISPATCH",4,2,22,"void dequantize_block_iq3_s<__half>(void const*, __half*)",545,37189640483186,37189640885418,0,0,32,1,1,3620864,1,1
"KERNEL_DISPATCH",4,2,58,"void convert_unary<float, __half>(void const*, __half*, long, long, long, HIP_vector_type<unsigned int, 3u>, long, long, long)",546,37189640885418,37189640950309,0,0,256,1,1,2228224,1,1
"KERNEL_DISPATCH",4,2,79,"void tile_fp16_gemm<128, 64, 4, 8, 32, false>(__half const*, __half const*, float*, float*, int, int, int, long, int)",547,37189640950309,37189641979816,0,25088,256,1,1,6656,1,8
"KERNEL_DISPATCH",4,2,81,"tile_fp16_reduce(float const*, float*, int, int)",548,37189641979816,37189642007816,0,0,256,1,1,53248,1,1
"KERNEL_DISPATCH",4,2,22,"void dequantize_block_iq3_s<__half>(void const*, __half*)",549,37189642029447,37189642432123,0,0,32,1,1,3620864,1,1
"KERNEL_DISPATCH",4,2,58,"void convert_unary<float, __half>(void const*, __half*, long, long, long, HIP_vector_type<unsigned int, 3u>, long, long, long)",550,37189642432123,37189642490051,0,0,256,1,1,2228224,1,1
"KERNEL_DISPATCH",4,2,79,"void tile_fp16_gemm<128, 64, 4, 8, 32, false>(__half const*, __half const*, float*, float*, int, int, int, long, int)",551,37189642490051,37189643781638,0,25088,256,1,1,6656,1,8
"KERNEL_DISPATCH",4,2,81,"tile_fp16_reduce(float const*, float*, int, int)",552,37189643781638,37189643824602,0,0,256,1,1,53248,1,1
"KERNEL_DISPATCH",4,2,22,"void dequantize_block_iq3_s<__half>(void const*, __half*)",553,37189643848751,37189644270243,0,0,32,1,1,3620864,1,1
"KERNEL_DISPATCH",4,2,58,"void convert_unary<float, __half>(void const*, __half*, long, long, long, HIP_vector_type<unsigned int, 3u>, long, long, long)",554,37189644270243,37189644328022,0,0,256,1,1,2228224,1,1
"KERNEL_DISPATCH",4,2,81,"tile_fp16_reduce(float const*, float*, int, int)",556,37189645578275,37189645620350,0,0,256,1,1,53248,1,1
"KERNEL_DISPATCH",4,2,79,"void tile_fp16_gemm<128, 64, 4, 8, 32, false>(__half const*, __half const*, float*, float*, int, int, int, long, int)",555,37189644328022,37189645578275,0,25088,256,1,1,6656,1,8
"KERNEL_DISPATCH",4,2,22,"void dequantize_block_iq3_s<__half>(void const*, __half*)",557,37189645645388,37189646094140,0,0,32,1,1,3620864,1,1
"KERNEL_DISPATCH",4,2,58,"void convert_unary<float, __half>(void const*, __half*, long, long, long, HIP_vector_type<unsigned int, 3u>, long, long, long)",558,37189646094140,37189646152215,0,0,256,1,1,2228224,1,1
"KERNEL_DISPATCH",4,2,79,"void tile_fp16_gemm<128, 64, 4, 8, 32, false>(__half const*, __half const*, float*, float*, int, int, int, long, int)",559,37189646152215,37189647223205,0,25088,256,1,1,6656,1,8
"KERNEL_DISPATCH",4,2,81,"tile_fp16_reduce(float const*, float*, int, int)",560,37189647223205,37189647266169,0,0,256,1,1,53248,1,1
"KERNEL_DISPATCH",4,2,22,"void dequantize_block_iq3_s<__half>(void const*, __half*)",561,37189647287799,37189647690179,0,0,32,1,1,3620864,1,1
"KERNEL_DISPATCH",4,2,58,"void convert_unary<float, __half>(void const*, __half*, long, long, long, HIP_vector_type<unsigned int, 3u>, long, long, long)",562,37189647690179,37189647748551,0,0,256,1,1,2228224,1,1
"KERNEL_DISPATCH",4,2,79,"void tile_fp16_gemm<128, 64, 4, 8, 32, false>(__half const*, __half const*, float*, float*, int, int, int, long, int)",563,37189647748551,37189648822207,0,25088,256,1,1,6656,1,8
"KERNEL_DISPATCH",4,2,81,"tile_fp16_reduce(float const*, float*, int, int)",564,37189648822207,37189648865320,0,0,256,1,1,53248,1,1
"KERNEL_DISPATCH",4,2,22,"void dequantize_block_iq3_s<__half>(void const*, __half*)",565,37189648887394,37189649289923,0,0,32,1,1,3620864,1,1
"KERNEL_DISPATCH",4,2,58,"void convert_unary<float, __half>(void const*, __half*, long, long, long, HIP_vector_type<unsigned int, 3u>, long, long, long)",566,37189649289923,37189649347998,0,0,256,1,1,2228224,1,1
"KERNEL_DISPATCH",4,2,79,"void tile_fp16_gemm<128, 64, 4, 8, 32, false>(__half const*, __half const*, float*, float*, int, int, int, long, int)",567,37189649347998,37189650436173,0,25088,256,1,1,6656,1,8
"KERNEL_DISPATCH",4,2,81,"tile_fp16_reduce(float const*, float*, int, int)",568,37189650436173,37189650479137,0,0,256,1,1,53248,1,1
"KERNEL_DISPATCH",4,2,22,"void dequantize_block_iq3_s<__half>(void const*, __half*)",569,37189650500916,37189650902259,0,0,32,1,1,3620864,1,1
"KERNEL_DISPATCH",4,2,58,"void convert_unary<float, __half>(void const*, __half*, long, long, long, HIP_vector_type<unsigned int, 3u>, long, long, long)",570,37189650902259,37189650967149,0,0,256,1,1,2228224,1,1
"KERNEL_DISPATCH",4,2,79,"void tile_fp16_gemm<128, 64, 4, 8, 32, false>(__half const*, __half const*, float*, float*, int, int, int, long, int)",571,37189650967149,37189651975619,0,25088,256,1,1,6656,1,8
"KERNEL_DISPATCH",4,2,81,"tile_fp16_reduce(float const*, float*, int, int)",572,37189651975619,37189652003471,0,0,256,1,1,53248,1,1
"KERNEL_DISPATCH",4,2,22,"void dequantize_block_iq3_s<__half>(void const*, __half*)",573,37189652025398,37189652427926,0,0,32,1,1,3620864,1,1
"KERNEL_DISPATCH",4,2,58,"void convert_unary<float, __half>(void const*, __half*, long, long, long, HIP_vector_type<unsigned int, 3u>, long, long, long)",574,37189652427926,37189652485409,0,0,256,1,1,2228224,1,1
"KERNEL_DISPATCH",4,2,79,"void tile_fp16_gemm<128, 64, 4, 8, 32, false>(__half const*, __half const*, float*, float*, int, int, int, long, int)",575,37189652485409,37189653752848,0,25088,256,1,1,6656,1,8
"KERNEL_DISPATCH",4,2,81,"tile_fp16_reduce(float const*, float*, int, int)",576,37189653752848,37189653796256,0,0,256,1,1,53248,1,1
"KERNEL_DISPATCH",4,2,22,"void dequantize_block_iq3_s<__half>(void const*, __half*)",577,37189653821294,37189654247379,0,0,32,1,1,3620864,1,1
"KERNEL_DISPATCH",4,2,58,"void convert_unary<float, __half>(void const*, __half*, long, long, long, HIP_vector_type<unsigned int, 3u>, long, long, long)",578,37189654247379,37189654305306,0,0,256,1,1,2228224,1,1
"KERNEL_DISPATCH",4,2,79,"void tile_fp16_gemm<128, 64, 4, 8, 32, false>(__half const*, __half const*, float*, float*, int, int, int, long, int)",579,37189654305306,37189655544300,0,25088,256,1,1,6656,1,8
"KERNEL_DISPATCH",4,2,81,"tile_fp16_reduce(float const*, float*, int, int)",580,37189655544300,37189655587708,0,0,256,1,1,53248,1,1
"KERNEL_DISPATCH",4,2,22,"void dequantize_block_iq3_s<__half>(void const*, __half*)",581,37189655612005,37189656065350,0,0,32,1,1,3620864,1,1
"KERNEL_DISPATCH",4,2,58,"void convert_unary<float, __half>(void const*, __half*, long, long, long, HIP_vector_type<unsigned int, 3u>, long, long, long)",582,37189656065350,37189656123425,0,0,256,1,1,2228224,1,1
"KERNEL_DISPATCH",4,2,79,"void tile_fp16_gemm<128, 64, 4, 8, 32, false>(__half const*, __half const*, float*, float*, int, int, int, long, int)",583,37189656123425,37189657338418,0,25088,256,1,1,6656,1,8
"KERNEL_DISPATCH",4,2,81,"tile_fp16_reduce(float const*, float*, int, int)",584,37189657338418,37189657380938,0,0,256,1,1,53248,1,1
"KERNEL_DISPATCH",4,2,22,"void dequantize_block_iq3_s<__half>(void const*, __half*)",585,37189657405531,37189657867468,0,0,32,1,1,3620864,1,1
"KERNEL_DISPATCH",4,2,58,"void convert_unary<float, __half>(void const*, __half*, long, long, long, HIP_vector_type<unsigned int, 3u>, long, long, long)",586,37189657867468,37189657942285,0,0,256,1,1,2228224,1,1
"KERNEL_DISPATCH",4,2,79,"void tile_fp16_gemm<128, 64, 4, 8, 32, false>(__half const*, __half const*, float*, float*, int, int, int, long, int)",587,37189657942285,37189659031497,0,25088,256,1,1,6656,1,8
"KERNEL_DISPATCH",4,2,81,"tile_fp16_reduce(float const*, float*, int, int)",588,37189659031497,37189659075202,0,0,256,1,1,53248,1,1
"KERNEL_DISPATCH",4,2,22,"void dequantize_block_iq3_s<__half>(void const*, __half*)",589,37189659097128,37189659499657,0,0,32,1,1,3620864,1,1
"KERNEL_DISPATCH",4,2,58,"void convert_unary<float, __half>(void const*, __half*, long, long, long, HIP_vector_type<unsigned int, 3u>, long, long, long)",590,37189659499657,37189659557140,0,0,256,1,1,2228224,1,1
"KERNEL_DISPATCH",4,2,79,"void tile_fp16_gemm<128, 64, 4, 8, 32, false>(__half const*, __half const*, float*, float*, int, int, int, long, int)",591,37189659557140,37189660631685,0,25088,256,1,1,6656,1,8
"KERNEL_DISPATCH",4,2,81,"tile_fp16_reduce(float const*, float*, int, int)",592,37189660631685,37189660674056,0,0,256,1,1,53248,1,1
"KERNEL_DISPATCH",4,2,22,"void dequantize_block_iq3_s<__half>(void const*, __half*)",593,37189660695983,37189661084437,0,0,32,1,1,3620864,1,1
"KERNEL_DISPATCH",4,2,58,"void convert_unary<float, __half>(void const*, __half*, long, long, long, HIP_vector_type<unsigned int, 3u>, long, long, long)",594,37189661084437,37189661136290,0,0,256,1,1,2228224,1,1
"KERNEL_DISPATCH",4,2,79,"void tile_fp16_gemm<128, 64, 4, 8, 32, false>(__half const*, __half const*, float*, float*, int, int, int, long, int)",595,37189661136290,37189662164019,0,25088,256,1,1,6656,1,8
"KERNEL_DISPATCH",4,2,81,"tile_fp16_reduce(float const*, float*, int, int)",596,37189662164019,37189662191723,0,0,256,1,1,53248,1,1
"KERNEL_DISPATCH",4,2,22,"void dequantize_block_iq3_s<__half>(void const*, __half*)",597,37189662213650,37189662615882,0,0,32,1,1,3620864,1,1
"KERNEL_DISPATCH",4,2,58,"void convert_unary<float, __half>(void const*, __half*, long, long, long, HIP_vector_type<unsigned int, 3u>, long, long, long)",598,37189662615882,37189662673513,0,0,256,1,1,2228224,1,1
"KERNEL_DISPATCH",4,2,79,"void tile_fp16_gemm<128, 64, 4, 8, 32, false>(__half const*, __half const*, float*, float*, int, int, int, long, int)",599,37189662673513,37189663754873,0,25088,256,1,1,6656,1,8
"KERNEL_DISPATCH",4,2,81,"tile_fp16_reduce(float const*, float*, int, int)",600,37189663754873,37189663797985,0,0,256,1,1,53248,1,1
"KERNEL_DISPATCH",4,2,22,"void dequantize_block_iq3_s<__half>(void const*, __half*)",601,37189663819764,37189664222589,0,0,32,1,1,3620864,1,1
"KERNEL_DISPATCH",4,2,58,"void convert_unary<float, __half>(void const*, __half*, long, long, long, HIP_vector_type<unsigned int, 3u>, long, long, long)",602,37189664222589,37189664280516,0,0,256,1,1,2228224,1,1
"KERNEL_DISPATCH",4,2,79,"void tile_fp16_gemm<128, 64, 4, 8, 32, false>(__half const*, __half const*, float*, float*, int, int, int, long, int)",603,37189664280516,37189665484842,0,25088,256,1,1,6656,1,8
"KERNEL_DISPATCH",4,2,81,"tile_fp16_reduce(float const*, float*, int, int)",604,37189665484842,37189665528102,0,0,256,1,1,53248,1,1
"KERNEL_DISPATCH",4,2,22,"void dequantize_block_iq3_s<__half>(void const*, __half*)",605,37189665552399,37189666012559,0,0,32,1,1,3620864,1,1
"KERNEL_DISPATCH",4,2,58,"void convert_unary<float, __half>(void const*, __half*, long, long, long, HIP_vector_type<unsigned int, 3u>, long, long, long)",606,37189666012559,37189666070190,0,0,256,1,1,2228224,1,1
"KERNEL_DISPATCH",4,2,79,"void tile_fp16_gemm<128, 64, 4, 8, 32, false>(__half const*, __half const*, float*, float*, int, int, int, long, int)",607,37189666070190,37189667151994,0,25088,256,1,1,6656,1,8
"KERNEL_DISPATCH",4,2,81,"tile_fp16_reduce(float const*, float*, int, int)",608,37189667151994,37189667193773,0,0,256,1,1,53248,1,1
"KERNEL_DISPATCH",4,2,22,"void dequantize_block_iq3_s<__half>(void const*, __half*)",609,37189667215700,37189667617784,0,0,32,1,1,3620864,1,1
"KERNEL_DISPATCH",4,2,58,"void convert_unary<float, __half>(void const*, __half*, long, long, long, HIP_vector_type<unsigned int, 3u>, long, long, long)",610,37189667617784,37189667675859,0,0,256,1,1,2228224,1,1
"KERNEL_DISPATCH",4,2,79,"void tile_fp16_gemm<128, 64, 4, 8, 32, false>(__half const*, __half const*, float*, float*, int, int, int, long, int)",611,37189667675859,37189668766553,0,25088,256,1,1,6656,1,8
"KERNEL_DISPATCH",4,2,81,"tile_fp16_reduce(float const*, float*, int, int)",612,37189668766553,37189668809517,0,0,256,1,1,53248,1,1
"KERNEL_DISPATCH",4,2,22,"void dequantize_block_iq3_s<__half>(void const*, __half*)",613,37189668831443,37189669233824,0,0,32,1,1,3620864,1,1
"KERNEL_DISPATCH",4,2,58,"void convert_unary<float, __half>(void const*, __half*, long, long, long, HIP_vector_type<unsigned int, 3u>, long, long, long)",614,37189669233824,37189669291751,0,0,256,1,1,2228224,1,1
"KERNEL_DISPATCH",4,2,79,"void tile_fp16_gemm<128, 64, 4, 8, 32, false>(__half const*, __half const*, float*, float*, int, int, int, long, int)",615,37189669291751,37189670372815,0,25088,256,1,1,6656,1,8
"KERNEL_DISPATCH",4,2,81,"tile_fp16_reduce(float const*, float*, int, int)",616,37189670372815,37189670415779,0,0,256,1,1,53248,1,1
"KERNEL_DISPATCH",4,2,22,"void dequantize_block_iq3_s<__half>(void const*, __half*)",617,37189670437113,37189670839641,0,0,32,1,1,3620864,1,1
"KERNEL_DISPATCH",4,2,58,"void convert_unary<float, __half>(void const*, __half*, long, long, long, HIP_vector_type<unsigned int, 3u>, long, long, long)",618,37189670839641,37189670897272,0,0,256,1,1,2228224,1,1
"KERNEL_DISPATCH",4,2,79,"void tile_fp16_gemm<128, 64, 4, 8, 32, false>(__half const*, __half const*, float*, float*, int, int, int, long, int)",619,37189670897272,37189671976706,0,25088,256,1,1,6656,1,8
"KERNEL_DISPATCH",4,2,81,"tile_fp16_reduce(float const*, float*, int, int)",620,37189671976706,37189672019078,0,0,256,1,1,53248,1,1
"KERNEL_DISPATCH",4,2,22,"void dequantize_block_iq3_s<__half>(void const*, __half*)",621,37189672041449,37189672443533,0,0,32,1,1,3620864,1,1
"KERNEL_DISPATCH",4,2,58,"void convert_unary<float, __half>(void const*, __half*, long, long, long, HIP_vector_type<unsigned int, 3u>, long, long, long)",622,37189672443533,37189672501312,0,0,256,1,1,2228224,1,1
"KERNEL_DISPATCH",4,2,79,"void tile_fp16_gemm<128, 64, 4, 8, 32, false>(__half const*, __half const*, float*, float*, int, int, int, long, int)",623,37189672501312,37189673588154,0,25088,256,1,1,6656,1,8
"KERNEL_DISPATCH",4,2,81,"tile_fp16_reduce(float const*, float*, int, int)",624,37189673588154,37189673630525,0,0,256,1,1,53248,1,1
"KERNEL_DISPATCH",4,2,22,"void dequantize_block_iq3_s<__half>(void const*, __half*)",625,37189673652303,37189674044758,0,0,32,1,1,3620864,1,1
"KERNEL_DISPATCH",4,2,58,"void convert_unary<float, __half>(void const*, __half*, long, long, long, HIP_vector_type<unsigned int, 3u>, long, long, long)",626,37189674044758,37189674097203,0,0,256,1,1,2228224,1,1
"KERNEL_DISPATCH",4,2,79,"void tile_fp16_gemm<128, 64, 4, 8, 32, false>(__half const*, __half const*, float*, float*, int, int, int, long, int)",627,37189674097203,37189675117080,0,25088,256,1,1,6656,1,8
"KERNEL_DISPATCH",4,2,81,"tile_fp16_reduce(float const*, float*, int, int)",628,37189675117080,37189675144933,0,0,256,1,1,53248,1,1
"KERNEL_DISPATCH",4,2,22,"void dequantize_block_iq3_s<__half>(void const*, __half*)",629,37189675166415,37189675568647,0,0,32,1,1,3620864,1,1
"KERNEL_DISPATCH",4,2,58,"void convert_unary<float, __half>(void const*, __half*, long, long, long, HIP_vector_type<unsigned int, 3u>, long, long, long)",630,37189675568647,37189675627019,0,0,256,1,1,2228224,1,1
"KERNEL_DISPATCH",4,2,79,"void tile_fp16_gemm<128, 64, 4, 8, 32, false>(__half const*, __half const*, float*, float*, int, int, int, long, int)",631,37189675627019,37189676710157,0,25088,256,1,1,6656,1,8
"KERNEL_DISPATCH",4,2,81,"tile_fp16_reduce(float const*, float*, int, int)",632,37189676710157,37189676752528,0,0,256,1,1,53248,1,1
"KERNEL_DISPATCH",4,2,22,"void dequantize_block_iq3_s<__half>(void const*, __half*)",633,37189676774010,37189677176391,0,0,32,1,1,3620864,1,1
"KERNEL_DISPATCH",4,2,58,"void convert_unary<float, __half>(void const*, __half*, long, long, long, HIP_vector_type<unsigned int, 3u>, long, long, long)",634,37189677176391,37189677234170,0,0,256,1,1,2228224,1,1
"KERNEL_DISPATCH",4,2,79,"void tile_fp16_gemm<128, 64, 4, 8, 32, false>(__half const*, __half const*, float*, float*, int, int, int, long, int)",635,37189677234170,37189678291085,0,25088,256,1,1,6656,1,8
"KERNEL_DISPATCH",4,2,81,"tile_fp16_reduce(float const*, float*, int, int)",636,37189678291085,37189678334197,0,0,256,1,1,53248,1,1
"KERNEL_DISPATCH",4,2,22,"void dequantize_block_iq3_s<__half>(void const*, __half*)",637,37189678356124,37189678758652,0,0,32,1,1,3620864,1,1
"KERNEL_DISPATCH",4,2,58,"void convert_unary<float, __half>(void const*, __half*, long, long, long, HIP_vector_type<unsigned int, 3u>, long, long, long)",638,37189678758652,37189678816579,0,0,256,1,1,2228224,1,1
"KERNEL_DISPATCH",4,2,79,"void tile_fp16_gemm<128, 64, 4, 8, 32, false>(__half const*, __half const*, float*, float*, int, int, int, long, int)",639,37189678816579,37189679900754,0,25088,256,1,1,6656,1,8
"KERNEL_DISPATCH",4,2,81,"tile_fp16_reduce(float const*, float*, int, int)",640,37189679900754,37189679943718,0,0,256,1,1,53248,1,1
"KERNEL_DISPATCH",4,2,22,"void dequantize_block_iq3_s<__half>(void const*, __half*)",641,37189679965052,37189680367433,0,0,32,1,1,3620864,1,1
"KERNEL_DISPATCH",4,2,58,"void convert_unary<float, __half>(void const*, __half*, long, long, long, HIP_vector_type<unsigned int, 3u>, long, long, long)",642,37189680367433,37189680425360,0,0,256,1,1,2228224,1,1
"KERNEL_DISPATCH",4,2,81,"tile_fp16_reduce(float const*, float*, int, int)",644,37189681680206,37189681724207,0,0,256,1,1,53248,1,1
"KERNEL_DISPATCH",4,2,79,"void tile_fp16_gemm<128, 64, 4, 8, 32, false>(__half const*, __half const*, float*, float*, int, int, int, long, int)",643,37189680425360,37189681680206,0,25088,256,1,1,6656,1,8
"KERNEL_DISPATCH",4,2,22,"void dequantize_block_iq3_s<__half>(void const*, __half*)",645,37189681749245,37189682183922,0,0,32,1,1,3620864,1,1
"KERNEL_DISPATCH",4,2,58,"void convert_unary<float, __half>(void const*, __half*, long, long, long, HIP_vector_type<unsigned int, 3u>, long, long, long)",646,37189682183922,37189682241701,0,0,256,1,1,2228224,1,1
"KERNEL_DISPATCH",4,2,79,"void tile_fp16_gemm<128, 64, 4, 8, 32, false>(__half const*, __half const*, float*, float*, int, int, int, long, int)",647,37189682241701,37189683466324,0,25088,256,1,1,6656,1,8
"KERNEL_DISPATCH",4,2,81,"tile_fp16_reduce(float const*, float*, int, int)",648,37189683466324,37189683508992,0,0,256,1,1,53248,1,1
"KERNEL_DISPATCH",4,2,22,"void dequantize_block_iq3_s<__half>(void const*, __half*)",649,37189683534029,37189683989300,0,0,32,1,1,3620864,1,1
"KERNEL_DISPATCH",4,2,58,"void convert_unary<float, __half>(void const*, __half*, long, long, long, HIP_vector_type<unsigned int, 3u>, long, long, long)",650,37189683989300,37189684058931,0,0,256,1,1,2228224,1,1
"KERNEL_DISPATCH",4,2,79,"void tile_fp16_gemm<128, 64, 4, 8, 32, false>(__half const*, __half const*, float*, float*, int, int, int, long, int)",651,37189684058931,37189685134958,0,25088,256,1,1,6656,1,8
"KERNEL_DISPATCH",4,2,81,"tile_fp16_reduce(float const*, float*, int, int)",652,37189685134958,37189685177478,0,0,256,1,1,53248,1,1
"KERNEL_DISPATCH",4,2,22,"void dequantize_block_iq3_s<__half>(void const*, __half*)",653,37189685199256,37189685601488,0,0,32,1,1,3620864,1,1
"KERNEL_DISPATCH",4,2,58,"void convert_unary<float, __half>(void const*, __half*, long, long, long, HIP_vector_type<unsigned int, 3u>, long, long, long)",654,37189685601488,37189685659415,0,0,256,1,1,2228224,1,1
"KERNEL_DISPATCH",4,2,79,"void tile_fp16_gemm<128, 64, 4, 8, 32, false>(__half const*, __half const*, float*, float*, int, int, int, long, int)",655,37189685659415,37189686744776,0,25088,256,1,1,6656,1,8
"KERNEL_DISPATCH",4,2,81,"tile_fp16_reduce(float const*, float*, int, int)",656,37189686744776,37189686787740,0,0,256,1,1,53248,1,1
"KERNEL_DISPATCH",4,2,22,"void dequantize_block_iq3_s<__half>(void const*, __half*)",657,37189686809518,37189687186120,0,0,32,1,1,3620864,1,1
"KERNEL_DISPATCH",4,2,58,"void convert_unary<float, __half>(void const*, __half*, long, long, long, HIP_vector_type<unsigned int, 3u>, long, long, long)",658,37189687186120,37189687238417,0,0,256,1,1,2228224,1,1
"KERNEL_DISPATCH",4,2,79,"void tile_fp16_gemm<128, 64, 4, 8, 32, false>(__half const*, __half const*, float*, float*, int, int, int, long, int)",659,37189687238404,37189688273540,0,25088,256,1,1,6656,1,8
"KERNEL_DISPATCH",4,2,81,"tile_fp16_reduce(float const*, float*, int, int)",660,37189688273540,37189688301096,0,0,256,1,1,53248,1,1
"KERNEL_DISPATCH",4,2,22,"void dequantize_block_iq3_s<__half>(void const*, __half*)",661,37189688322578,37189688725106,0,0,32,1,1,3620864,1,1
"KERNEL_DISPATCH",4,2,58,"void convert_unary<float, __half>(void const*, __half*, long, long, long, HIP_vector_type<unsigned int, 3u>, long, long, long)",662,37189688725106,37189688782885,0,0,256,1,1,2228224,1,1
"KERNEL_DISPATCH",4,2,79,"void tile_fp16_gemm<128, 64, 4, 8, 32, false>(__half const*, __half const*, float*, float*, int, int, int, long, int)",663,37189688782885,37189689862468,0,25088,256,1,1,6656,1,8
"KERNEL_DISPATCH",4,2,81,"tile_fp16_reduce(float const*, float*, int, int)",664,37189689862468,37189689905728,0,0,256,1,1,53248,1,1
"KERNEL_DISPATCH",4,2,22,"void dequantize_block_iq3_s<__half>(void const*, __half*)",665,37189689934469,37189690396555,0,0,32,1,1,3620864,1,1
"KERNEL_DISPATCH",4,2,58,"void convert_unary<float, __half>(void const*, __half*, long, long, long, HIP_vector_type<unsigned int, 3u>, long, long, long)",666,37189690396555,37189690472112,0,0,256,1,1,2228224,1,1
"KERNEL_DISPATCH",4,2,79,"void tile_fp16_gemm<128, 64, 4, 8, 32, false>(__half const*, __half const*, float*, float*, int, int, int, long, int)",667,37189690472112,37189691792738,0,25088,256,1,1,6656,1,8
"KERNEL_DISPATCH",4,2,81,"tile_fp16_reduce(float const*, float*, int, int)",668,37189691792738,37189691834961,0,0,256,1,1,53248,1,1
"KERNEL_DISPATCH",4,2,22,"void dequantize_block_iq3_s<__half>(void const*, __half*)",669,37189691859406,37189692273046,0,0,32,1,1,3620864,1,1
"KERNEL_DISPATCH",4,2,58,"void convert_unary<float, __half>(void const*, __half*, long, long, long, HIP_vector_type<unsigned int, 3u>, long, long, long)",670,37189692273046,37189692331121,0,0,256,1,1,2228224,1,1
"KERNEL_DISPATCH",4,2,79,"void tile_fp16_gemm<128, 64, 4, 8, 32, false>(__half const*, __half const*, float*, float*, int, int, int, long, int)",671,37189692331121,37189693564781,0,25088,256,1,1,6656,1,8
"KERNEL_DISPATCH",4,2,81,"tile_fp16_reduce(float const*, float*, int, int)",672,37189693564781,37189693608190,0,0,256,1,1,53248,1,1
"KERNEL_DISPATCH",4,2,22,"void dequantize_block_iq3_s<__half>(void const*, __half*)",673,37189693632635,37189694083757,0,0,32,1,1,3620864,1,1
"KERNEL_DISPATCH",4,2,58,"void convert_unary<float, __half>(void const*, __half*, long, long, long, HIP_vector_type<unsigned int, 3u>, long, long, long)",674,37189694083757,37189694141833,0,0,256,1,1,2228224,1,1
"KERNEL_DISPATCH",4,2,79,"void tile_fp16_gemm<128, 64, 4, 8, 32, false>(__half const*, __half const*, float*, float*, int, int, int, long, int)",675,37189694141833,37189695357715,0,25088,256,1,1,6656,1,8
"KERNEL_DISPATCH",4,2,81,"tile_fp16_reduce(float const*, float*, int, int)",676,37189695357715,37189695400382,0,0,256,1,1,53248,1,1
"KERNEL_DISPATCH",4,2,22,"void dequantize_block_iq3_s<__half>(void const*, __half*)",677,37189695424976,37189695886913,0,0,32,1,1,3620864,1,1
"KERNEL_DISPATCH",4,2,58,"void convert_unary<float, __half>(void const*, __half*, long, long, long, HIP_vector_type<unsigned int, 3u>, long, long, long)",678,37189695886913,37189695961285,0,0,256,1,1,2228224,1,1
"KERNEL_DISPATCH",4,2,79,"void tile_fp16_gemm<128, 64, 4, 8, 32, false>(__half const*, __half const*, float*, float*, int, int, int, long, int)",679,37189695961285,37189697054201,0,25088,256,1,1,6656,1,8
"KERNEL_DISPATCH",4,2,81,"tile_fp16_reduce(float const*, float*, int, int)",680,37189697054201,37189697096572,0,0,256,1,1,53248,1,1
"KERNEL_DISPATCH",4,2,22,"void dequantize_block_iq3_s<__half>(void const*, __half*)",681,37189697118055,37189697520435,0,0,32,1,1,3620864,1,1
"KERNEL_DISPATCH",4,2,58,"void convert_unary<float, __half>(void const*, __half*, long, long, long, HIP_vector_type<unsigned int, 3u>, long, long, long)",682,37189697520435,37189697578362,0,0,256,1,1,2228224,1,1
"KERNEL_DISPATCH",4,2,79,"void tile_fp16_gemm<128, 64, 4, 8, 32, false>(__half const*, __half const*, float*, float*, int, int, int, long, int)",683,37189697578362,37189698650981,0,25088,256,1,1,6656,1,8
"KERNEL_DISPATCH",4,2,81,"tile_fp16_reduce(float const*, float*, int, int)",684,37189698650981,37189698693205,0,0,256,1,1,53248,1,1
"KERNEL_DISPATCH",4,2,22,"void dequantize_block_iq3_s<__half>(void const*, __half*)",685,37189698715279,37189699101659,0,0,32,1,1,3620864,1,1
"KERNEL_DISPATCH",4,2,58,"void convert_unary<float, __half>(void const*, __half*, long, long, long, HIP_vector_type<unsigned int, 3u>, long, long, long)",686,37189699101659,37189699153660,0,0,256,1,1,2228224,1,1
"KERNEL_DISPATCH",4,2,79,"void tile_fp16_gemm<128, 64, 4, 8, 32, false>(__half const*, __half const*, float*, float*, int, int, int, long, int)",687,37189699153660,37189700176204,0,25088,256,1,1,6656,1,8
"KERNEL_DISPATCH",4,2,81,"tile_fp16_reduce(float const*, float*, int, int)",688,37189700176204,37189700204353,0,0,256,1,1,53248,1,1
"KERNEL_DISPATCH",4,2,22,"void dequantize_block_iq3_s<__half>(void const*, __half*)",689,37189700226428,37189700628660,0,0,32,1,1,3620864,1,1
"KERNEL_DISPATCH",4,2,58,"void convert_unary<float, __half>(void const*, __half*, long, long, long, HIP_vector_type<unsigned int, 3u>, long, long, long)",690,37189700628660,37189700686439,0,0,256,1,1,2228224,1,1
"KERNEL_DISPATCH",4,2,79,"void tile_fp16_gemm<128, 64, 4, 8, 32, false>(__half const*, __half const*, float*, float*, int, int, int, long, int)",691,37189700686439,37189701758169,0,25088,256,1,1,6656,1,8
"KERNEL_DISPATCH",4,2,81,"tile_fp16_reduce(float const*, float*, int, int)",692,37189701758169,37189701800689,0,0,256,1,1,53248,1,1
"KERNEL_DISPATCH",4,2,22,"void dequantize_block_iq3_s<__half>(void const*, __half*)",693,37189701822319,37189702224551,0,0,32,1,1,3620864,1,1
"KERNEL_DISPATCH",4,2,58,"void convert_unary<float, __half>(void const*, __half*, long, long, long, HIP_vector_type<unsigned int, 3u>, long, long, long)",694,37189702224551,37189702282330,0,0,256,1,1,2228224,1,1
"KERNEL_DISPATCH",4,2,79,"void tile_fp16_gemm<128, 64, 4, 8, 32, false>(__half const*, __half const*, float*, float*, int, int, int, long, int)",695,37189702282330,37189703562214,0,25088,256,1,1,6656,1,8
"KERNEL_DISPATCH",4,2,81,"tile_fp16_reduce(float const*, float*, int, int)",696,37189703562214,37189703604289,0,0,256,1,1,53248,1,1
"KERNEL_DISPATCH",4,2,22,"void dequantize_block_iq3_s<__half>(void const*, __half*)",697,37189703628290,37189704080005,0,0,32,1,1,3620864,1,1
"KERNEL_DISPATCH",4,2,58,"void convert_unary<float, __half>(void const*, __half*, long, long, long, HIP_vector_type<unsigned int, 3u>, long, long, long)",698,37189704080005,37189704138080,0,0,256,1,1,2228224,1,1
"KERNEL_DISPATCH",4,2,79,"void tile_fp16_gemm<128, 64, 4, 8, 32, false>(__half const*, __half const*, float*, float*, int, int, int, long, int)",699,37189704138080,37189705317220,0,25088,256,1,1,6656,1,8
"KERNEL_DISPATCH",4,2,81,"tile_fp16_reduce(float const*, float*, int, int)",700,37189705317220,37189705359888,0,0,256,1,1,53248,1,1
"KERNEL_DISPATCH",4,2,22,"void dequantize_block_iq3_s<__half>(void const*, __half*)",701,37189705384333,37189705846567,0,0,32,1,1,3620864,1,1
"KERNEL_DISPATCH",4,2,58,"void convert_unary<float, __half>(void const*, __half*, long, long, long, HIP_vector_type<unsigned int, 3u>, long, long, long)",702,37189705846567,37189705922865,0,0,256,1,1,2228224,1,1
"KERNEL_DISPATCH",4,2,79,"void tile_fp16_gemm<128, 64, 4, 8, 32, false>(__half const*, __half const*, float*, float*, int, int, int, long, int)",703,37189705922865,37189707012966,0,25088,256,1,1,6656,1,8
"KERNEL_DISPATCH",4,2,81,"tile_fp16_reduce(float const*, float*, int, int)",704,37189707012966,37189707055782,0,0,256,1,1,53248,1,1
"KERNEL_DISPATCH",4,2,22,"void dequantize_block_iq3_s<__half>(void const*, __half*)",705,37189707077857,37189707479941,0,0,32,1,1,3620864,1,1
"KERNEL_DISPATCH",4,2,58,"void convert_unary<float, __half>(void const*, __half*, long, long, long, HIP_vector_type<unsigned int, 3u>, long, long, long)",706,37189707479941,37189707537868,0,0,256,1,1,2228224,1,1
"KERNEL_DISPATCH",4,2,79,"void tile_fp16_gemm<128, 64, 4, 8, 32, false>(__half const*, __half const*, float*, float*, int, int, int, long, int)",707,37189707537868,37189708625747,0,25088,256,1,1,6656,1,8
"KERNEL_DISPATCH",4,2,81,"tile_fp16_reduce(float const*, float*, int, int)",708,37189708625747,37189708668563,0,0,256,1,1,53248,1,1
"KERNEL_DISPATCH",4,2,22,"void dequantize_block_iq3_s<__half>(void const*, __half*)",709,37189708690193,37189709079091,0,0,32,1,1,3620864,1,1
"KERNEL_DISPATCH",4,2,58,"void convert_unary<float, __half>(void const*, __half*, long, long, long, HIP_vector_type<unsigned int, 3u>, long, long, long)",710,37189709079091,37189709131093,0,0,256,1,1,2228224,1,1
"KERNEL_DISPATCH",4,2,79,"void tile_fp16_gemm<128, 64, 4, 8, 32, false>(__half const*, __half const*, float*, float*, int, int, int, long, int)",711,37189709131093,37189710141044,0,25088,256,1,1,6656,1,8
"KERNEL_DISPATCH",4,2,81,"tile_fp16_reduce(float const*, float*, int, int)",712,37189710141044,37189710169341,0,0,256,1,1,53248,1,1
"KERNEL_DISPATCH",4,2,22,"void dequantize_block_iq3_s<__half>(void const*, __half*)",713,37189710192008,37189710594240,0,0,32,1,1,3620864,1,1
"KERNEL_DISPATCH",4,2,58,"void convert_unary<float, __half>(void const*, __half*, long, long, long, HIP_vector_type<unsigned int, 3u>, long, long, long)",714,37189710594240,37189710652019,0,0,256,1,1,2228224,1,1
"KERNEL_DISPATCH",4,2,79,"void tile_fp16_gemm<128, 64, 4, 8, 32, false>(__half const*, __half const*, float*, float*, int, int, int, long, int)",715,37189710652019,37189711741231,0,25088,256,1,1,6656,1,8
"KERNEL_DISPATCH",4,2,81,"tile_fp16_reduce(float const*, float*, int, int)",716,37189711741231,37189711784195,0,0,256,1,1,53248,1,1
"KERNEL_DISPATCH",4,2,22,"void dequantize_block_iq3_s<__half>(void const*, __half*)",717,37189711805677,37189712208058,0,0,32,1,1,3620864,1,1
"KERNEL_DISPATCH",4,2,58,"void convert_unary<float, __half>(void const*, __half*, long, long, long, HIP_vector_type<unsigned int, 3u>, long, long, long)",718,37189712208058,37189712265689,0,0,256,1,1,2228224,1,1
"KERNEL_DISPATCH",4,2,79,"void tile_fp16_gemm<128, 64, 4, 8, 32, false>(__half const*, __half const*, float*, float*, int, int, int, long, int)",719,37189712265689,37189713355493,0,25088,256,1,1,6656,1,8
"KERNEL_DISPATCH",4,2,81,"tile_fp16_reduce(float const*, float*, int, int)",720,37189713355493,37189713397865,0,0,256,1,1,53248,1,1
"KERNEL_DISPATCH",4,2,22,"void dequantize_block_iq3_s<__half>(void const*, __half*)",721,37189713419791,37189713821727,0,0,32,1,1,3620864,1,1
"KERNEL_DISPATCH",4,2,58,"void convert_unary<float, __half>(void const*, __half*, long, long, long, HIP_vector_type<unsigned int, 3u>, long, long, long)",722,37189713821727,37189713879655,0,0,256,1,1,2228224,1,1
"KERNEL_DISPATCH",4,2,79,"void tile_fp16_gemm<128, 64, 4, 8, 32, false>(__half const*, __half const*, float*, float*, int, int, int, long, int)",723,37189713879655,37189714957311,0,25088,256,1,1,6656,1,8
"KERNEL_DISPATCH",4,2,81,"tile_fp16_reduce(float const*, float*, int, int)",724,37189714957311,37189715000275,0,0,256,1,1,53248,1,1
"KERNEL_DISPATCH",4,2,22,"void dequantize_block_iq3_s<__half>(void const*, __half*)",725,37189715022201,37189715424285,0,0,32,1,1,3620864,1,1
"KERNEL_DISPATCH",4,2,58,"void convert_unary<float, __half>(void const*, __half*, long, long, long, HIP_vector_type<unsigned int, 3u>, long, long, long)",726,37189715424285,37189715482065,0,0,256,1,1,2228224,1,1
"KERNEL_DISPATCH",4,2,79,"void tile_fp16_gemm<128, 64, 4, 8, 32, false>(__half const*, __half const*, float*, float*, int, int, int, long, int)",727,37189715482065,37189716573499,0,25088,256,1,1,6656,1,8
"KERNEL_DISPATCH",4,2,81,"tile_fp16_reduce(float const*, float*, int, int)",728,37189716573499,37189716615870,0,0,256,1,1,53248,1,1
"KERNEL_DISPATCH",4,2,22,"void dequantize_block_iq3_s<__half>(void const*, __half*)",729,37189716637797,37189717032621,0,0,32,1,1,3620864,1,1
"KERNEL_DISPATCH",4,2,58,"void convert_unary<float, __half>(void const*, __half*, long, long, long, HIP_vector_type<unsigned int, 3u>, long, long, long)",730,37189717032621,37189717084475,0,0,256,1,1,2228224,1,1
"KERNEL_DISPATCH",4,2,79,"void tile_fp16_gemm<128, 64, 4, 8, 32, false>(__half const*, __half const*, float*, float*, int, int, int, long, int)",731,37189717084475,37189718121685,0,25088,256,1,1,6656,1,8
"KERNEL_DISPATCH",4,2,81,"tile_fp16_reduce(float const*, float*, int, int)",732,37189718121685,37189718150427,0,0,256,1,1,53248,1,1
"KERNEL_DISPATCH",4,2,22,"void dequantize_block_iq3_s<__half>(void const*, __half*)",733,37189718172502,37189718574586,0,0,32,1,1,3620864,1,1
"KERNEL_DISPATCH",4,2,58,"void convert_unary<float, __half>(void const*, __half*, long, long, long, HIP_vector_type<unsigned int, 3u>, long, long, long)",734,37189718574586,37189718632365,0,0,256,1,1,2228224,1,1
"KERNEL_DISPATCH",4,2,79,"void tile_fp16_gemm<128, 64, 4, 8, 32, false>(__half const*, __half const*, float*, float*, int, int, int, long, int)",735,37189718632365,37189719708095,0,25088,256,1,1,6656,1,8
"KERNEL_DISPATCH",4,2,81,"tile_fp16_reduce(float const*, float*, int, int)",736,37189719708095,37189719751652,0,0,256,1,1,53248,1,1
"KERNEL_DISPATCH",4,2,22,"void dequantize_block_iq3_s<__half>(void const*, __half*)",737,37189719773282,37189720153439,0,0,32,1,1,3620864,1,1
"KERNEL_DISPATCH",4,2,58,"void convert_unary<float, __half>(void const*, __half*, long, long, long, HIP_vector_type<unsigned int, 3u>, long, long, long)",738,37189720153439,37189720205441,0,0,256,1,1,2228224,1,1
"KERNEL_DISPATCH",4,2,79,"void tile_fp16_gemm<128, 64, 4, 8, 32, false>(__half const*, __half const*, float*, float*, int, int, int, long, int)",739,37189720205441,37189721252874,0,25088,256,1,1,6656,1,8
"KERNEL_DISPATCH",4,2,81,"tile_fp16_reduce(float const*, float*, int, int)",740,37189721252874,37189721280875,0,0,256,1,1,53248,1,1
"KERNEL_DISPATCH",4,2,22,"void dequantize_block_iq3_s<__half>(void const*, __half*)",741,37189721303246,37189721705626,0,0,32,1,1,3620864,1,1
"KERNEL_DISPATCH",4,2,58,"void convert_unary<float, __half>(void const*, __half*, long, long, long, HIP_vector_type<unsigned int, 3u>, long, long, long)",742,37189721705626,37189721763850,0,0,256,1,1,2228224,1,1
"KERNEL_DISPATCH",4,2,79,"void tile_fp16_gemm<128, 64, 4, 8, 32, false>(__half const*, __half const*, float*, float*, int, int, int, long, int)",743,37189721763850,37189722851432,0,25088,256,1,1,6656,1,8
"KERNEL_DISPATCH",4,2,81,"tile_fp16_reduce(float const*, float*, int, int)",744,37189722851432,37189722894544,0,0,256,1,1,53248,1,1
"KERNEL_DISPATCH",4,2,22,"void dequantize_block_iq3_s<__half>(void const*, __half*)",745,37189722924471,37189723386260,0,0,32,1,1,3620864,1,1
"KERNEL_DISPATCH",4,2,58,"void convert_unary<float, __half>(void const*, __half*, long, long, long, HIP_vector_type<unsigned int, 3u>, long, long, long)",746,37189723386260,37189723461373,0,0,256,1,1,2228224,1,1
"KERNEL_DISPATCH",4,2,79,"void tile_fp16_gemm<128, 64, 4, 8, 32, false>(__half const*, __half const*, float*, float*, int, int, int, long, int)",747,37189723461373,37189724786887,0,25088,256,1,1,6656,1,8
"KERNEL_DISPATCH",4,2,81,"tile_fp16_reduce(float const*, float*, int, int)",748,37189724786887,37189724829703,0,0,256,1,1,53248,1,1
"KERNEL_DISPATCH",4,2,22,"void dequantize_block_iq3_s<__half>(void const*, __half*)",749,37189724855778,37189725269566,0,0,32,1,1,3620864,1,1
"KERNEL_DISPATCH",4,2,58,"void convert_unary<float, __half>(void const*, __half*, long, long, long, HIP_vector_type<unsigned int, 3u>, long, long, long)",750,37189725269566,37189725327197,0,0,256,1,1,2228224,1,1
"KERNEL_DISPATCH",4,2,79,"void tile_fp16_gemm<128, 64, 4, 8, 32, false>(__half const*, __half const*, float*, float*, int, int, int, long, int)",751,37189725327197,37189726626489,0,25088,256,1,1,6656,1,8
"KERNEL_DISPATCH",4,2,81,"tile_fp16_reduce(float const*, float*, int, int)",752,37189726626489,37189726668416,0,0,256,1,1,53248,1,1
"KERNEL_DISPATCH",4,2,22,"void dequantize_block_iq3_s<__half>(void const*, __half*)",753,37189726693157,37189727135983,0,0,32,1,1,3620864,1,1
"KERNEL_DISPATCH",4,2,58,"void convert_unary<float, __half>(void const*, __half*, long, long, long, HIP_vector_type<unsigned int, 3u>, long, long, long)",754,37189727135983,37189727193614,0,0,256,1,1,2228224,1,1
"KERNEL_DISPATCH",4,2,79,"void tile_fp16_gemm<128, 64, 4, 8, 32, false>(__half const*, __half const*, float*, float*, int, int, int, long, int)",755,37189727193614,37189728407125,0,25088,256,1,1,6656,1,8
"KERNEL_DISPATCH",4,2,81,"tile_fp16_reduce(float const*, float*, int, int)",756,37189728407125,37189728450978,0,0,256,1,1,53248,1,1
"KERNEL_DISPATCH",4,2,22,"void dequantize_block_iq3_s<__half>(void const*, __half*)",757,37193495800752,37193496004609,0,0,32,1,1,2129920,1,1
"KERNEL_DISPATCH",4,2,58,"void convert_unary<float, __half>(void const*, __half*, long, long, long, HIP_vector_type<unsigned int, 3u>, long, long, long)",758,37193496004609,37193496022831,0,0,256,1,1,655360,1,1
"KERNEL_DISPATCH",4,2,79,"void tile_fp16_gemm<128, 64, 4, 8, 32, false>(__half const*, __half const*, float*, float*, int, int, int, long, int)",759,37193496022831,37193496678995,0,25088,256,1,1,13312,1,8
"KERNEL_DISPATCH",4,2,81,"tile_fp16_reduce(float const*, float*, int, int)",760,37193496678995,37193496722107,0,0,256,1,1,106496,1,1
"KERNEL_DISPATCH",4,2,22,"void dequantize_block_iq3_s<__half>(void const*, __half*)",761,37193497055301,37193497255750,0,0,32,1,1,2129920,1,1
"KERNEL_DISPATCH",4,2,58,"void convert_unary<float, __half>(void const*, __half*, long, long, long, HIP_vector_type<unsigned int, 3u>, long, long, long)",762,37193497255750,37193497272491,0,0,256,1,1,655360,1,1
"KERNEL_DISPATCH",4,2,81,"tile_fp16_reduce(float const*, float*, int, int)",764,37193497915619,37193497957990,0,0,256,1,1,106496,1,1
"KERNEL_DISPATCH",4,2,79,"void tile_fp16_gemm<128, 64, 4, 8, 32, false>(__half const*, __half const*, float*, float*, int, int, int, long, int)",763,37193497272491,37193497915619,0,25088,256,1,1,13312,1,8
"KERNEL_DISPATCH",4,2,22,"void dequantize_block_iq3_s<__half>(void const*, __half*)",765,37193497979768,37193498180662,0,0,32,1,1,2129920,1,1
"KERNEL_DISPATCH",4,2,58,"void convert_unary<float, __half>(void const*, __half*, long, long, long, HIP_vector_type<unsigned int, 3u>, long, long, long)",766,37193498180662,37193498197700,0,0,256,1,1,655360,1,1
"KERNEL_DISPATCH",4,2,79,"void tile_fp16_gemm<128, 64, 4, 8, 32, false>(__half const*, __half const*, float*, float*, int, int, int, long, int)",767,37193498197700,37193498838604,0,25088,256,1,1,13312,1,8
"KERNEL_DISPATCH",4,2,81,"tile_fp16_reduce(float const*, float*, int, int)",768,37193498838604,37193498880828,0,0,256,1,1,106496,1,1
"KERNEL_DISPATCH",4,2,22,"void dequantize_block_iq3_s<__half>(void const*, __half*)",769,37193498906754,37193499107352,0,0,32,1,1,2129920,1,1
"KERNEL_DISPATCH",4,2,58,"void convert_unary<float, __half>(void const*, __half*, long, long, long, HIP_vector_type<unsigned int, 3u>, long, long, long)",770,37193499107352,37193499124093,0,0,256,1,1,655360,1,1
"KERNEL_DISPATCH",4,2,79,"void tile_fp16_gemm<128, 64, 4, 8, 32, false>(__half const*, __half const*, float*, float*, int, int, int, long, int)",771,37193499124093,37193499758627,0,25088,256,1,1,13312,1,8
"KERNEL_DISPATCH",4,2,81,"tile_fp16_reduce(float const*, float*, int, int)",772,37193499758627,37193499800702,0,0,256,1,1,106496,1,1
"KERNEL_DISPATCH",4,2,22,"void dequantize_block_iq3_s<__half>(void const*, __half*)",773,37193499820407,37193500020708,0,0,32,1,1,2129920,1,1
"KERNEL_DISPATCH",4,2,58,"void convert_unary<float, __half>(void const*, __half*, long, long, long, HIP_vector_type<unsigned int, 3u>, long, long, long)",774,37193500020708,37193500037597,0,0,256,1,1,655360,1,1
"KERNEL_DISPATCH",4,2,81,"tile_fp16_reduce(float const*, float*, int, int)",776,37193500677909,37193500720281,0,0,256,1,1,106496,1,1
"KERNEL_DISPATCH",4,2,79,"void tile_fp16_gemm<128, 64, 4, 8, 32, false>(__half const*, __half const*, float*, float*, int, int, int, long, int)",775,37193500037597,37193500677909,0,25088,256,1,1,13312,1,8
"KERNEL_DISPATCH",4,2,22,"void dequantize_block_iq3_s<__half>(void const*, __half*)",777,37193500741170,37193500941620,0,0,32,1,1,2129920,1,1
"KERNEL_DISPATCH",4,2,58,"void convert_unary<float, __half>(void const*, __half*, long, long, long, HIP_vector_type<unsigned int, 3u>, long, long, long)",778,37193500941620,37193500958805,0,0,256,1,1,655360,1,1
"KERNEL_DISPATCH",4,2,81,"tile_fp16_reduce(float const*, float*, int, int)",780,37193501603117,37193501645637,0,0,256,1,1,106496,1,1
"KERNEL_DISPATCH",4,2,79,"void tile_fp16_gemm<128, 64, 4, 8, 32, false>(__half const*, __half const*, float*, float*, int, int, int, long, int)",779,37193500958805,37193501603117,0,25088,256,1,1,13312,1,8
"KERNEL_DISPATCH",4,2,22,"void dequantize_block_iq3_s<__half>(void const*, __half*)",781,37193501665489,37193501866087,0,0,32,1,1,2129920,1,1
"KERNEL_DISPATCH",4,2,58,"void convert_unary<float, __half>(void const*, __half*, long, long, long, HIP_vector_type<unsigned int, 3u>, long, long, long)",782,37193501866087,37193501882976,0,0,256,1,1,655360,1,1
"KERNEL_DISPATCH",4,2,79,"void tile_fp16_gemm<128, 64, 4, 8, 32, false>(__half const*, __half const*, float*, float*, int, int, int, long, int)",783,37193501882976,37193502511584,0,25088,256,1,1,13312,1,8
"KERNEL_DISPATCH",4,2,81,"tile_fp16_reduce(float const*, float*, int, int)",784,37193502511584,37193502555289,0,0,256,1,1,106496,1,1
"KERNEL_DISPATCH",4,2,22,"void dequantize_block_iq3_s<__half>(void const*, __half*)",785,37193502576623,37193502790110,0,0,32,1,1,2129920,1,1
"KERNEL_DISPATCH",4,2,58,"void convert_unary<float, __half>(void const*, __half*, long, long, long, HIP_vector_type<unsigned int, 3u>, long, long, long)",786,37193502790110,37193502807740,0,0,256,1,1,655360,1,1
"KERNEL_DISPATCH",4,2,79,"void tile_fp16_gemm<128, 64, 4, 8, 32, false>(__half const*, __half const*, float*, float*, int, int, int, long, int)",787,37193502807740,37193503438570,0,25088,256,1,1,13312,1,8
"KERNEL_DISPATCH",4,2,81,"tile_fp16_reduce(float const*, float*, int, int)",788,37193503438570,37193503481386,0,0,256,1,1,106496,1,1
"KERNEL_DISPATCH",4,2,22,"void dequantize_block_iq3_s<__half>(void const*, __half*)",789,37193503502276,37193503715762,0,0,32,1,1,2129920,1,1
"KERNEL_DISPATCH",4,2,58,"void convert_unary<float, __half>(void const*, __half*, long, long, long, HIP_vector_type<unsigned int, 3u>, long, long, long)",790,37193503715762,37193503733244,0,0,256,1,1,655360,1,1
"KERNEL_DISPATCH",4,2,79,"void tile_fp16_gemm<128, 64, 4, 8, 32, false>(__half const*, __half const*, float*, float*, int, int, int, long, int)",791,37193503733244,37193504388224,0,25088,256,1,1,13312,1,8
"KERNEL_DISPATCH",4,2,81,"tile_fp16_reduce(float const*, float*, int, int)",792,37193504388224,37193504435780,0,0,256,1,1,106496,1,1
"KERNEL_DISPATCH",4,2,22,"void dequantize_block_iq3_s<__half>(void const*, __half*)",793,37193504458448,37193504696528,0,0,32,1,1,2129920,1,1
"KERNEL_DISPATCH",4,2,58,"void convert_unary<float, __half>(void const*, __half*, long, long, long, HIP_vector_type<unsigned int, 3u>, long, long, long)",794,37193504696528,37193504716084,0,0,256,1,1,655360,1,1
"KERNEL_DISPATCH",4,2,79,"void tile_fp16_gemm<128, 64, 4, 8, 32, false>(__half const*, __half const*, float*, float*, int, int, int, long, int)",795,37193504716084,37193505487510,0,25088,256,1,1,13312,1,8
"KERNEL_DISPATCH",4,2,81,"tile_fp16_reduce(float const*, float*, int, int)",796,37193505487510,37193505558623,0,0,256,1,1,106496,1,1
"KERNEL_DISPATCH",4,2,22,"void dequantize_block_iq3_s<__half>(void const*, __half*)",797,37193505585142,37193505857890,0,0,32,1,1,2129920,1,1
"KERNEL_DISPATCH",4,2,58,"void convert_unary<float, __half>(void const*, __half*, long, long, long, HIP_vector_type<unsigned int, 3u>, long, long, long)",798,37193505857890,37193505885298,0,0,256,1,1,655360,1,1
"KERNEL_DISPATCH",4,2,79,"void tile_fp16_gemm<128, 64, 4, 8, 32, false>(__half const*, __half const*, float*, float*, int, int, int, long, int)",799,37193505885298,37193506691688,0,25088,256,1,1,13312,1,8
"KERNEL_DISPATCH",4,2,81,"tile_fp16_reduce(float const*, float*, int, int)",800,37193506691688,37193506739541,0,0,256,1,1,106496,1,1
"KERNEL_DISPATCH",4,2,22,"void dequantize_block_iq3_s<__half>(void const*, __half*)",801,37193506762653,37193507000140,0,0,32,1,1,2129920,1,1
"KERNEL_DISPATCH",4,2,58,"void convert_unary<float, __half>(void const*, __half*, long, long, long, HIP_vector_type<unsigned int, 3u>, long, long, long)",802,37193507000140,37193507019696,0,0,256,1,1,655360,1,1
"KERNEL_DISPATCH",4,2,79,"void tile_fp16_gemm<128, 64, 4, 8, 32, false>(__half const*, __half const*, float*, float*, int, int, int, long, int)",803,37193507019696,37193507675861,0,25088,256,1,1,13312,1,8
"KERNEL_DISPATCH",4,2,81,"tile_fp16_reduce(float const*, float*, int, int)",804,37193507675861,37193507718084,0,0,256,1,1,106496,1,1
"KERNEL_DISPATCH",4,2,22,"void dequantize_block_iq3_s<__half>(void const*, __half*)",805,37193507739270,37193507952757,0,0,32,1,1,2129920,1,1
"KERNEL_DISPATCH",4,2,58,"void convert_unary<float, __half>(void const*, __half*, long, long, long, HIP_vector_type<unsigned int, 3u>, long, long, long)",806,37193507952757,37193507970387,0,0,256,1,1,655360,1,1
"KERNEL_DISPATCH",4,2,79,"void tile_fp16_gemm<128, 64, 4, 8, 32, false>(__half const*, __half const*, float*, float*, int, int, int, long, int)",807,37193507970387,37193508596921,0,25088,256,1,1,13312,1,8
"KERNEL_DISPATCH",4,2,81,"tile_fp16_reduce(float const*, float*, int, int)",808,37193508596921,37193508639588,0,0,256,1,1,106496,1,1
"KERNEL_DISPATCH",4,2,22,"void dequantize_block_iq3_s<__half>(void const*, __half*)",809,37193508661070,37193508874557,0,0,32,1,1,2129920,1,1
"KERNEL_DISPATCH",4,2,58,"void convert_unary<float, __half>(void const*, __half*, long, long, long, HIP_vector_type<unsigned int, 3u>, long, long, long)",810,37193508874557,37193508892039,0,0,256,1,1,655360,1,1
"KERNEL_DISPATCH",4,2,79,"void tile_fp16_gemm<128, 64, 4, 8, 32, false>(__half const*, __half const*, float*, float*, int, int, int, long, int)",811,37193508892039,37193509520944,0,25088,256,1,1,13312,1,8
"KERNEL_DISPATCH",4,2,81,"tile_fp16_reduce(float const*, float*, int, int)",812,37193509520944,37193509563463,0,0,256,1,1,106496,1,1
"KERNEL_DISPATCH",4,2,22,"void dequantize_block_iq3_s<__half>(void const*, __half*)",813,37193509584649,37193509797988,0,0,32,1,1,2129920,1,1
"KERNEL_DISPATCH",4,2,58,"void convert_unary<float, __half>(void const*, __half*, long, long, long, HIP_vector_type<unsigned int, 3u>, long, long, long)",814,37193509797988,37193509815469,0,0,256,1,1,655360,1,1
"KERNEL_DISPATCH",4,2,79,"void tile_fp16_gemm<128, 64, 4, 8, 32, false>(__half const*, __half const*, float*, float*, int, int, int, long, int)",815,37193509815469,37193510447189,0,25088,256,1,1,13312,1,8
"KERNEL_DISPATCH",4,2,81,"tile_fp16_reduce(float const*, float*, int, int)",816,37193510447189,37193510489708,0,0,256,1,1,106496,1,1
"KERNEL_DISPATCH",4,2,22,"void dequantize_block_iq3_s<__half>(void const*, __half*)",817,37193510510301,37193510723936,0,0,32,1,1,2129920,1,1
"KERNEL_DISPATCH",4,2,58,"void convert_unary<float, __half>(void const*, __half*, long, long, long, HIP_vector_type<unsigned int, 3u>, long, long, long)",818,37193510723936,37193510741270,0,0,256,1,1,655360,1,1
"KERNEL_DISPATCH",4,2,79,"void tile_fp16_gemm<128, 64, 4, 8, 32, false>(__half const*, __half const*, float*, float*, int, int, int, long, int)",819,37193510741270,37193511400842,0,25088,256,1,1,13312,1,8
"KERNEL_DISPATCH",4,2,81,"tile_fp16_reduce(float const*, float*, int, int)",820,37193511400842,37193511448399,0,0,256,1,1,106496,1,1
"KERNEL_DISPATCH",4,2,22,"void dequantize_block_iq3_s<__half>(void const*, __half*)",821,37193511471659,37193511709590,0,0,32,1,1,2129920,1,1
"KERNEL_DISPATCH",4,2,58,"void convert_unary<float, __half>(void const*, __half*, long, long, long, HIP_vector_type<unsigned int, 3u>, long, long, long)",822,37193511709590,37193511729147,0,0,256,1,1,655360,1,1
"KERNEL_DISPATCH",4,2,79,"void tile_fp16_gemm<128, 64, 4, 8, 32, false>(__half const*, __half const*, float*, float*, int, int, int, long, int)",823,37193511729147,37193512485610,0,25088,256,1,1,13312,1,8
"KERNEL_DISPATCH",4,2,81,"tile_fp16_reduce(float const*, float*, int, int)",824,37193512485610,37193512557019,0,0,256,1,1,106496,1,1
"KERNEL_DISPATCH",4,2,22,"void dequantize_block_iq3_s<__half>(void const*, __half*)",825,37193512583538,37193512856582,0,0,32,1,1,2129920,1,1
"KERNEL_DISPATCH",4,2,58,"void convert_unary<float, __half>(void const*, __half*, long, long, long, HIP_vector_type<unsigned int, 3u>, long, long, long)",826,37193512856582,37193512883249,0,0,256,1,1,655360,1,1
"KERNEL_DISPATCH",4,2,79,"void tile_fp16_gemm<128, 64, 4, 8, 32, false>(__half const*, __half const*, float*, float*, int, int, int, long, int)",827,37193512883249,37193513694825,0,25088,256,1,1,13312,1,8
"KERNEL_DISPATCH",4,2,81,"tile_fp16_reduce(float const*, float*, int, int)",828,37193513694825,37193513743567,0,0,256,1,1,106496,1,1
"KERNEL_DISPATCH",4,2,22,"void dequantize_block_iq3_s<__half>(void const*, __half*)",829,37193513766975,37193514004907,0,0,32,1,1,2129920,1,1
"KERNEL_DISPATCH",4,2,58,"void convert_unary<float, __half>(void const*, __half*, long, long, long, HIP_vector_type<unsigned int, 3u>, long, long, long)",830,37193514004907,37193514024463,0,0,256,1,1,655360,1,1
"KERNEL_DISPATCH",4,2,79,"void tile_fp16_gemm<128, 64, 4, 8, 32, false>(__half const*, __half const*, float*, float*, int, int, int, long, int)",831,37193514024463,37193514676331,0,25088,256,1,1,13312,1,8
"KERNEL_DISPATCH",4,2,81,"tile_fp16_reduce(float const*, float*, int, int)",832,37193514676331,37193514719147,0,0,256,1,1,106496,1,1
"KERNEL_DISPATCH",4,2,22,"void dequantize_block_iq3_s<__half>(void const*, __half*)",833,37193514740629,37193514953819,0,0,32,1,1,2129920,1,1
"KERNEL_DISPATCH",4,2,58,"void convert_unary<float, __half>(void const*, __half*, long, long, long, HIP_vector_type<unsigned int, 3u>, long, long, long)",834,37193514953819,37193514971597,0,0,256,1,1,655360,1,1
"KERNEL_DISPATCH",4,2,81,"tile_fp16_reduce(float const*, float*, int, int)",836,37193515591465,37193515633540,0,0,256,1,1,106496,1,1
"KERNEL_DISPATCH",4,2,79,"void tile_fp16_gemm<128, 64, 4, 8, 32, false>(__half const*, __half const*, float*, float*, int, int, int, long, int)",835,37193514971597,37193515591465,0,25088,256,1,1,13312,1,8
"KERNEL_DISPATCH",4,2,22,"void dequantize_block_iq3_s<__half>(void const*, __half*)",837,37193515654281,37193515867471,0,0,32,1,1,2129920,1,1
"KERNEL_DISPATCH",4,2,58,"void convert_unary<float, __half>(void const*, __half*, long, long, long, HIP_vector_type<unsigned int, 3u>, long, long, long)",838,37193515867471,37193515884953,0,0,256,1,1,655360,1,1
"KERNEL_DISPATCH",4,2,79,"void tile_fp16_gemm<128, 64, 4, 8, 32, false>(__half const*, __half const*, float*, float*, int, int, int, long, int)",839,37193515884953,37193516524080,0,25088,256,1,1,13312,1,8
"KERNEL_DISPATCH",4,2,81,"tile_fp16_reduce(float const*, float*, int, int)",840,37193516524080,37193516566600,0,0,256,1,1,106496,1,1
"KERNEL_DISPATCH",4,2,22,"void dequantize_block_iq3_s<__half>(void const*, __half*)",841,37193516587934,37193516800976,0,0,32,1,1,2129920,1,1
"KERNEL_DISPATCH",4,2,58,"void convert_unary<float, __half>(void const*, __half*, long, long, long, HIP_vector_type<unsigned int, 3u>, long, long, long)",842,37193516800976,37193516818606,0,0,256,1,1,655360,1,1
"KERNEL_DISPATCH",4,2,79,"void tile_fp16_gemm<128, 64, 4, 8, 32, false>(__half const*, __half const*, float*, float*, int, int, int, long, int)",843,37193516818606,37193517487660,0,25088,256,1,1,13312,1,8
"KERNEL_DISPATCH",4,2,81,"tile_fp16_reduce(float const*, float*, int, int)",844,37193517487660,37193517535068,0,0,256,1,1,106496,1,1
"KERNEL_DISPATCH",4,2,22,"void dequantize_block_iq3_s<__half>(void const*, __half*)",845,37193517557587,37193517795519,0,0,32,1,1,2129920,1,1
"KERNEL_DISPATCH",4,2,58,"void convert_unary<float, __half>(void const*, __half*, long, long, long, HIP_vector_type<unsigned int, 3u>, long, long, long)",846,37193517795519,37193517815372,0,0,256,1,1,655360,1,1
"KERNEL_DISPATCH",4,2,79,"void tile_fp16_gemm<128, 64, 4, 8, 32, false>(__half const*, __half const*, float*, float*, int, int, int, long, int)",847,37193517815372,37193518503389,0,25088,256,1,1,13312,1,8
"KERNEL_DISPATCH",4,2,81,"tile_fp16_reduce(float const*, float*, int, int)",848,37193518503389,37193518551538,0,0,256,1,1,106496,1,1
"KERNEL_DISPATCH",4,2,22,"void dequantize_block_iq3_s<__half>(void const*, __half*)",849,37193518574798,37193518812730,0,0,32,1,1,2129920,1,1
"KERNEL_DISPATCH",4,2,58,"void convert_unary<float, __half>(void const*, __half*, long, long, long, HIP_vector_type<unsigned int, 3u>, long, long, long)",850,37193518812730,37193518832434,0,0,256,1,1,655360,1,1
"KERNEL_DISPATCH",4,2,79,"void tile_fp16_gemm<128, 64, 4, 8, 32, false>(__half const*, __half const*, float*, float*, int, int, int, long, int)",851,37193518832434,37193519499858,0,25088,256,1,1,13312,1,8
"KERNEL_DISPATCH",4,2,81,"tile_fp16_reduce(float const*, float*, int, int)",852,37193519499858,37193519542674,0,0,256,1,1,106496,1,1
"KERNEL_DISPATCH",4,2,22,"void dequantize_block_iq3_s<__half>(void const*, __half*)",853,37193519563859,37193519777346,0,0,32,1,1,2129920,1,1
"KERNEL_DISPATCH",4,2,58,"void convert_unary<float, __half>(void const*, __half*, long, long, long, HIP_vector_type<unsigned int, 3u>, long, long, long)",854,37193519777346,37193519794828,0,0,256,1,1,655360,1,1
"KERNEL_DISPATCH",4,2,79,"void tile_fp16_gemm<128, 64, 4, 8, 32, false>(__half const*, __half const*, float*, float*, int, int, int, long, int)",855,37193519794828,37193520455882,0,25088,256,1,1,13312,1,8
"KERNEL_DISPATCH",4,2,81,"tile_fp16_reduce(float const*, float*, int, int)",856,37193520455882,37193520503290,0,0,256,1,1,106496,1,1
"KERNEL_DISPATCH",4,2,22,"void dequantize_block_iq3_s<__half>(void const*, __half*)",857,37193520526106,37193520764037,0,0,32,1,1,2129920,1,1
"KERNEL_DISPATCH",4,2,58,"void convert_unary<float, __half>(void const*, __half*, long, long, long, HIP_vector_type<unsigned int, 3u>, long, long, long)",858,37193520764037,37193520783445,0,0,256,1,1,655360,1,1
"KERNEL_DISPATCH",4,2,79,"void tile_fp16_gemm<128, 64, 4, 8, 32, false>(__half const*, __half const*, float*, float*, int, int, int, long, int)",859,37193520783445,37193521585984,0,25088,256,1,1,13312,1,8
"KERNEL_DISPATCH",4,2,81,"tile_fp16_reduce(float const*, float*, int, int)",860,37193521585984,37193521658282,0,0,256,1,1,106496,1,1
"KERNEL_DISPATCH",4,2,22,"void dequantize_block_iq3_s<__half>(void const*, __half*)",861,37193521684653,37193521957993,0,0,32,1,1,2129920,1,1
"KERNEL_DISPATCH",4,2,58,"void convert_unary<float, __half>(void const*, __half*, long, long, long, HIP_vector_type<unsigned int, 3u>, long, long, long)",862,37193521957993,37193521984660,0,0,256,1,1,655360,1,1
"KERNEL_DISPATCH",4,2,79,"void tile_fp16_gemm<128, 64, 4, 8, 32, false>(__half const*, __half const*, float*, float*, int, int, int, long, int)",863,37193521984660,37193522769272,0,25088,256,1,1,13312,1,8
"KERNEL_DISPATCH",4,2,81,"tile_fp16_reduce(float const*, float*, int, int)",864,37193522769272,37193522817274,0,0,256,1,1,106496,1,1
"KERNEL_DISPATCH",4,2,22,"void dequantize_block_iq3_s<__half>(void const*, __half*)",865,37193522840237,37193523078317,0,0,32,1,1,2129920,1,1
"KERNEL_DISPATCH",4,2,58,"void convert_unary<float, __half>(void const*, __half*, long, long, long, HIP_vector_type<unsigned int, 3u>, long, long, long)",866,37193523078317,37193523097725,0,0,256,1,1,655360,1,1
"KERNEL_DISPATCH",4,2,79,"void tile_fp16_gemm<128, 64, 4, 8, 32, false>(__half const*, __half const*, float*, float*, int, int, int, long, int)",867,37193523097725,37193523751075,0,25088,256,1,1,13312,1,8
"KERNEL_DISPATCH",4,2,81,"tile_fp16_reduce(float const*, float*, int, int)",868,37193523751075,37193523793594,0,0,256,1,1,106496,1,1
"KERNEL_DISPATCH",4,2,22,"void dequantize_block_iq3_s<__half>(void const*, __half*)",869,37193523814928,37193524028118,0,0,32,1,1,2129920,1,1
"KERNEL_DISPATCH",4,2,58,"void convert_unary<float, __half>(void const*, __half*, long, long, long, HIP_vector_type<unsigned int, 3u>, long, long, long)",870,37193524028118,37193524046193,0,0,256,1,1,655360,1,1
"KERNEL_DISPATCH",4,2,79,"void tile_fp16_gemm<128, 64, 4, 8, 32, false>(__half const*, __half const*, float*, float*, int, int, int, long, int)",871,37193524046193,37193524676283,0,25088,256,1,1,13312,1,8
"KERNEL_DISPATCH",4,2,81,"tile_fp16_reduce(float const*, float*, int, int)",872,37193524676283,37193524718802,0,0,256,1,1,106496,1,1
"KERNEL_DISPATCH",4,2,22,"void dequantize_block_iq3_s<__half>(void const*, __half*)",873,37193524740136,37193524953623,0,0,32,1,1,2129920,1,1
"KERNEL_DISPATCH",4,2,58,"void convert_unary<float, __half>(void const*, __half*, long, long, long, HIP_vector_type<unsigned int, 3u>, long, long, long)",874,37193524953623,37193524971105,0,0,256,1,1,655360,1,1
"KERNEL_DISPATCH",4,2,79,"void tile_fp16_gemm<128, 64, 4, 8, 32, false>(__half const*, __half const*, float*, float*, int, int, int, long, int)",875,37193524971105,37193525604306,0,25088,256,1,1,13312,1,8
"KERNEL_DISPATCH",4,2,81,"tile_fp16_reduce(float const*, float*, int, int)",876,37193525604306,37193525646973,0,0,256,1,1,106496,1,1
"KERNEL_DISPATCH",4,2,22,"void dequantize_block_iq3_s<__half>(void const*, __half*)",877,37193525668307,37193525881646,0,0,32,1,1,2129920,1,1
"KERNEL_DISPATCH",4,2,58,"void convert_unary<float, __half>(void const*, __half*, long, long, long, HIP_vector_type<unsigned int, 3u>, long, long, long)",878,37193525881646,37193525899276,0,0,256,1,1,655360,1,1
"KERNEL_DISPATCH",4,2,79,"void tile_fp16_gemm<128, 64, 4, 8, 32, false>(__half const*, __half const*, float*, float*, int, int, int, long, int)",879,37193525899276,37193526522847,0,25088,256,1,1,13312,1,8
"KERNEL_DISPATCH",4,2,81,"tile_fp16_reduce(float const*, float*, int, int)",880,37193526522847,37193526565367,0,0,256,1,1,106496,1,1
"KERNEL_DISPATCH",4,2,22,"void dequantize_block_iq3_s<__half>(void const*, __half*)",881,37193526587145,37193526800484,0,0,32,1,1,2129920,1,1
"KERNEL_DISPATCH",4,2,58,"void convert_unary<float, __half>(void const*, __half*, long, long, long, HIP_vector_type<unsigned int, 3u>, long, long, long)",882,37193526800484,37193526818114,0,0,256,1,1,655360,1,1
"KERNEL_DISPATCH",4,2,79,"void tile_fp16_gemm<128, 64, 4, 8, 32, false>(__half const*, __half const*, float*, float*, int, int, int, long, int)",883,37193526818114,37193527438573,0,25088,256,1,1,13312,1,8
"KERNEL_DISPATCH",4,2,81,"tile_fp16_reduce(float const*, float*, int, int)",884,37193527438573,37193527481241,0,0,256,1,1,106496,1,1
"KERNEL_DISPATCH",4,2,22,"void dequantize_block_iq3_s<__half>(void const*, __half*)",885,37193527502871,37193527716062,0,0,32,1,1,2129920,1,1
"KERNEL_DISPATCH",4,2,58,"void convert_unary<float, __half>(void const*, __half*, long, long, long, HIP_vector_type<unsigned int, 3u>, long, long, long)",886,37193527716062,37193527733544,0,0,256,1,1,655360,1,1
"KERNEL_DISPATCH",4,2,79,"void tile_fp16_gemm<128, 64, 4, 8, 32, false>(__half const*, __half const*, float*, float*, int, int, int, long, int)",887,37193527733544,37193528396375,0,25088,256,1,1,13312,1,8
"KERNEL_DISPATCH",4,2,81,"tile_fp16_reduce(float const*, float*, int, int)",888,37193528396375,37193528443635,0,0,256,1,1,106496,1,1
"KERNEL_DISPATCH",4,2,22,"void dequantize_block_iq3_s<__half>(void const*, __half*)",889,37193528466451,37193528704531,0,0,32,1,1,2129920,1,1
"KERNEL_DISPATCH",4,2,58,"void convert_unary<float, __half>(void const*, __half*, long, long, long, HIP_vector_type<unsigned int, 3u>, long, long, long)",890,37193528704531,37193528724531,0,0,256,1,1,655360,1,1
"KERNEL_DISPATCH",4,2,79,"void tile_fp16_gemm<128, 64, 4, 8, 32, false>(__half const*, __half const*, float*, float*, int, int, int, long, int)",891,37193528724531,37193529497291,0,25088,256,1,1,13312,1,8
"KERNEL_DISPATCH",4,2,81,"tile_fp16_reduce(float const*, float*, int, int)",892,37193529497291,37193529570330,0,0,256,1,1,106496,1,1
"KERNEL_DISPATCH",4,2,22,"void dequantize_block_iq3_s<__half>(void const*, __half*)",893,37193529596701,37193529870189,0,0,32,1,1,2129920,1,1
"KERNEL_DISPATCH",4,2,58,"void convert_unary<float, __half>(void const*, __half*, long, long, long, HIP_vector_type<unsigned int, 3u>, long, long, long)",894,37193529870189,37193529897301,0,0,256,1,1,655360,1,1
"KERNEL_DISPATCH",4,2,79,"void tile_fp16_gemm<128, 64, 4, 8, 32, false>(__half const*, __half const*, float*, float*, int, int, int, long, int)",895,37193529897301,37193530703543,0,25088,256,1,1,13312,1,8
"KERNEL_DISPATCH",4,2,81,"tile_fp16_reduce(float const*, float*, int, int)",896,37193530703543,37193530751693,0,0,256,1,1,106496,1,1
"KERNEL_DISPATCH",4,2,22,"void dequantize_block_iq3_s<__half>(void const*, __half*)",897,37193530775101,37193531013033,0,0,32,1,1,2129920,1,1
"KERNEL_DISPATCH",4,2,58,"void convert_unary<float, __half>(void const*, __half*, long, long, long, HIP_vector_type<unsigned int, 3u>, long, long, long)",898,37193531013033,37193531032737,0,0,256,1,1,655360,1,1
"KERNEL_DISPATCH",4,2,79,"void tile_fp16_gemm<128, 64, 4, 8, 32, false>(__half const*, __half const*, float*, float*, int, int, int, long, int)",899,37193531032737,37193531684160,0,25088,256,1,1,13312,1,8
"KERNEL_DISPATCH",4,2,81,"tile_fp16_reduce(float const*, float*, int, int)",900,37193531684160,37193531726976,0,0,256,1,1,106496,1,1
"KERNEL_DISPATCH",4,2,22,"void dequantize_block_iq3_s<__half>(void const*, __half*)",901,37193531747866,37193531961204,0,0,32,1,1,2129920,1,1
"KERNEL_DISPATCH",4,2,58,"void convert_unary<float, __half>(void const*, __half*, long, long, long, HIP_vector_type<unsigned int, 3u>, long, long, long)",902,37193531961204,37193531978834,0,0,256,1,1,655360,1,1
"KERNEL_DISPATCH",4,2,79,"void tile_fp16_gemm<128, 64, 4, 8, 32, false>(__half const*, __half const*, float*, float*, int, int, int, long, int)",903,37193531978834,37193532606109,0,25088,256,1,1,13312,1,8
"KERNEL_DISPATCH",4,2,81,"tile_fp16_reduce(float const*, float*, int, int)",904,37193532606109,37193532648925,0,0,256,1,1,106496,1,1
"KERNEL_DISPATCH",4,2,22,"void dequantize_block_iq3_s<__half>(void const*, __half*)",905,37193532669518,37193532882857,0,0,32,1,1,2129920,1,1
"KERNEL_DISPATCH",4,2,58,"void convert_unary<float, __half>(void const*, __half*, long, long, long, HIP_vector_type<unsigned int, 3u>, long, long, long)",906,37193532882857,37193532900339,0,0,256,1,1,655360,1,1
"KERNEL_DISPATCH",4,2,79,"void tile_fp16_gemm<128, 64, 4, 8, 32, false>(__half const*, __half const*, float*, float*, int, int, int, long, int)",907,37193532900339,37193533523761,0,25088,256,1,1,13312,1,8
"KERNEL_DISPATCH",4,2,81,"tile_fp16_reduce(float const*, float*, int, int)",908,37193533523761,37193533566429,0,0,256,1,1,106496,1,1
"KERNEL_DISPATCH",4,2,22,"void dequantize_block_iq3_s<__half>(void const*, __half*)",909,37193533588208,37193533801694,0,0,32,1,1,2129920,1,1
"KERNEL_DISPATCH",4,2,58,"void convert_unary<float, __half>(void const*, __half*, long, long, long, HIP_vector_type<unsigned int, 3u>, long, long, long)",910,37193533801694,37193533819176,0,0,256,1,1,655360,1,1
"KERNEL_DISPATCH",4,2,79,"void tile_fp16_gemm<128, 64, 4, 8, 32, false>(__half const*, __half const*, float*, float*, int, int, int, long, int)",911,37193533819176,37193534489711,0,25088,256,1,1,13312,1,8
"KERNEL_DISPATCH",4,2,81,"tile_fp16_reduce(float const*, float*, int, int)",912,37193534489711,37193534537564,0,0,256,1,1,106496,1,1
"KERNEL_DISPATCH",4,2,22,"void dequantize_block_iq3_s<__half>(void const*, __half*)",913,37193534560528,37193534798312,0,0,32,1,1,2129920,1,1
"KERNEL_DISPATCH",4,2,58,"void convert_unary<float, __half>(void const*, __half*, long, long, long, HIP_vector_type<unsigned int, 3u>, long, long, long)",914,37193534798312,37193534817868,0,0,256,1,1,655360,1,1
"KERNEL_DISPATCH",4,2,79,"void tile_fp16_gemm<128, 64, 4, 8, 32, false>(__half const*, __half const*, float*, float*, int, int, int, long, int)",915,37193534817868,37193535506033,0,25088,256,1,1,13312,1,8
"KERNEL_DISPATCH",4,2,81,"tile_fp16_reduce(float const*, float*, int, int)",916,37193535506033,37193535554182,0,0,256,1,1,106496,1,1
"KERNEL_DISPATCH",4,2,22,"void dequantize_block_iq3_s<__half>(void const*, __half*)",917,37193535577294,37193535814929,0,0,32,1,1,2129920,1,1
"KERNEL_DISPATCH",4,2,58,"void convert_unary<float, __half>(void const*, __half*, long, long, long, HIP_vector_type<unsigned int, 3u>, long, long, long)",918,37193535814929,37193535835078,0,0,256,1,1,655360,1,1
"KERNEL_DISPATCH",4,2,79,"void tile_fp16_gemm<128, 64, 4, 8, 32, false>(__half const*, __half const*, float*, float*, int, int, int, long, int)",919,37193535835078,37193536519688,0,25088,256,1,1,13312,1,8
"KERNEL_DISPATCH",4,2,81,"tile_fp16_reduce(float const*, float*, int, int)",920,37193536519688,37193536567541,0,0,256,1,1,106496,1,1
"KERNEL_DISPATCH",4,2,22,"void dequantize_block_iq3_s<__half>(void const*, __half*)",921,37193536590356,37193536828288,0,0,32,1,1,2129920,1,1
"KERNEL_DISPATCH",4,2,58,"void convert_unary<float, __half>(void const*, __half*, long, long, long, HIP_vector_type<unsigned int, 3u>, long, long, long)",922,37193536828288,37193536847844,0,0,256,1,1,655360,1,1
"KERNEL_DISPATCH",4,2,79,"void tile_fp16_gemm<128, 64, 4, 8, 32, false>(__half const*, __half const*, float*, float*, int, int, int, long, int)",923,37193536847844,37193537525639,0,25088,256,1,1,13312,1,8
"KERNEL_DISPATCH",4,2,81,"tile_fp16_reduce(float const*, float*, int, int)",924,37193537525639,37193537568454,0,0,256,1,1,106496,1,1
"KERNEL_DISPATCH",4,2,22,"void dequantize_block_iq3_s<__half>(void const*, __half*)",925,37193537589492,37193537802534,0,0,32,1,1,2129920,1,1
"KERNEL_DISPATCH",4,2,58,"void convert_unary<float, __half>(void const*, __half*, long, long, long, HIP_vector_type<unsigned int, 3u>, long, long, long)",926,37193537802534,37193537820016,0,0,256,1,1,655360,1,1
"KERNEL_DISPATCH",4,2,79,"void tile_fp16_gemm<128, 64, 4, 8, 32, false>(__half const*, __half const*, float*, float*, int, int, int, long, int)",927,37193537820016,37193538491885,0,25088,256,1,1,13312,1,8
"KERNEL_DISPATCH",4,2,81,"tile_fp16_reduce(float const*, float*, int, int)",928,37193538491885,37193538539590,0,0,256,1,1,106496,1,1
"KERNEL_DISPATCH",4,2,22,"void dequantize_block_iq3_s<__half>(void const*, __half*)",929,37193538562553,37193538800337,0,0,32,1,1,2129920,1,1
"KERNEL_DISPATCH",4,2,58,"void convert_unary<float, __half>(void const*, __half*, long, long, long, HIP_vector_type<unsigned int, 3u>, long, long, long)",930,37193538800337,37193538819893,0,0,256,1,1,655360,1,1
"KERNEL_DISPATCH",4,2,79,"void tile_fp16_gemm<128, 64, 4, 8, 32, false>(__half const*, __half const*, float*, float*, int, int, int, long, int)",931,37193538819893,37193539507762,0,25088,256,1,1,13312,1,8
"KERNEL_DISPATCH",4,2,81,"tile_fp16_reduce(float const*, float*, int, int)",932,37193539507762,37193539556059,0,0,256,1,1,106496,1,1
"KERNEL_DISPATCH",4,2,22,"void dequantize_block_iq3_s<__half>(void const*, __half*)",933,37193539579319,37193539817251,0,0,32,1,1,2129920,1,1
"KERNEL_DISPATCH",4,2,58,"void convert_unary<float, __half>(void const*, __half*, long, long, long, HIP_vector_type<unsigned int, 3u>, long, long, long)",934,37193539817251,37193539836659,0,0,256,1,1,655360,1,1
"KERNEL_DISPATCH",4,2,79,"void tile_fp16_gemm<128, 64, 4, 8, 32, false>(__half const*, __half const*, float*, float*, int, int, int, long, int)",935,37193539836659,37193540513268,0,25088,256,1,1,13312,1,8
"KERNEL_DISPATCH",4,2,81,"tile_fp16_reduce(float const*, float*, int, int)",936,37193540513268,37193540561566,0,0,256,1,1,106496,1,1
"KERNEL_DISPATCH",4,2,22,"void dequantize_block_iq3_s<__half>(void const*, __half*)",937,37193540584826,37193540822461,0,0,32,1,1,2129920,1,1
"KERNEL_DISPATCH",4,2,58,"void convert_unary<float, __half>(void const*, __half*, long, long, long, HIP_vector_type<unsigned int, 3u>, long, long, long)",938,37193540822461,37193540842758,0,0,256,1,1,655360,1,1
"KERNEL_DISPATCH",4,2,79,"void tile_fp16_gemm<128, 64, 4, 8, 32, false>(__half const*, __half const*, float*, float*, int, int, int, long, int)",939,37193540842758,37193541509886,0,25088,256,1,1,13312,1,8
"KERNEL_DISPATCH",4,2,81,"tile_fp16_reduce(float const*, float*, int, int)",940,37193541509886,37193541552701,0,0,256,1,1,106496,1,1
"KERNEL_DISPATCH",4,2,22,"void dequantize_block_iq3_s<__half>(void const*, __half*)",941,37193541576258,37193541789893,0,0,32,1,1,2129920,1,1
"KERNEL_DISPATCH",4,2,58,"void convert_unary<float, __half>(void const*, __half*, long, long, long, HIP_vector_type<unsigned int, 3u>, long, long, long)",942,37193541789893,37193541807226,0,0,256,1,1,655360,1,1
"KERNEL_DISPATCH",4,2,79,"void tile_fp16_gemm<128, 64, 4, 8, 32, false>(__half const*, __half const*, float*, float*, int, int, int, long, int)",943,37193541807226,37193542473169,0,25088,256,1,1,13312,1,8
"KERNEL_DISPATCH",4,2,81,"tile_fp16_reduce(float const*, float*, int, int)",944,37193542473169,37193542520577,0,0,256,1,1,106496,1,1
"KERNEL_DISPATCH",4,2,22,"void dequantize_block_iq3_s<__half>(void const*, __half*)",945,37193542544134,37193542781621,0,0,32,1,1,2129920,1,1
"KERNEL_DISPATCH",4,2,58,"void convert_unary<float, __half>(void const*, __half*, long, long, long, HIP_vector_type<unsigned int, 3u>, long, long, long)",946,37193542781621,37193542801177,0,0,256,1,1,655360,1,1
"KERNEL_DISPATCH",4,2,79,"void tile_fp16_gemm<128, 64, 4, 8, 32, false>(__half const*, __half const*, float*, float*, int, int, int, long, int)",947,37193542801177,37193543626679,0,25088,256,1,1,13312,1,8
"KERNEL_DISPATCH",4,2,81,"tile_fp16_reduce(float const*, float*, int, int)",948,37193543626679,37193543698236,0,0,256,1,1,106496,1,1
"KERNEL_DISPATCH",4,2,22,"void dequantize_block_iq3_s<__half>(void const*, __half*)",949,37193543724755,37193543998244,0,0,32,1,1,2129920,1,1
"KERNEL_DISPATCH",4,2,58,"void convert_unary<float, __half>(void const*, __half*, long, long, long, HIP_vector_type<unsigned int, 3u>, long, long, long)",950,37193543998244,37193544025652,0,0,256,1,1,655360,1,1
"KERNEL_DISPATCH",4,2,79,"void tile_fp16_gemm<128, 64, 4, 8, 32, false>(__half const*, __half const*, float*, float*, int, int, int, long, int)",951,37193544025652,37193544785374,0,25088,256,1,1,13312,1,8
"KERNEL_DISPATCH",4,2,81,"tile_fp16_reduce(float const*, float*, int, int)",952,37193544785374,37193544833524,0,0,256,1,1,106496,1,1
"KERNEL_DISPATCH",4,2,22,"void dequantize_block_iq3_s<__half>(void const*, __half*)",953,37193544856339,37193545094271,0,0,32,1,1,2129920,1,1
"KERNEL_DISPATCH",4,2,58,"void convert_unary<float, __half>(void const*, __half*, long, long, long, HIP_vector_type<unsigned int, 3u>, long, long, long)",954,37193545094271,37193545113827,0,0,256,1,1,655360,1,1
"KERNEL_DISPATCH",4,2,79,"void tile_fp16_gemm<128, 64, 4, 8, 32, false>(__half const*, __half const*, float*, float*, int, int, int, long, int)",955,37193545113827,37193545755917,0,25088,256,1,1,13312,1,8
"KERNEL_DISPATCH",4,2,81,"tile_fp16_reduce(float const*, float*, int, int)",956,37193545755917,37193545798140,0,0,256,1,1,106496,1,1
"KERNEL_DISPATCH",4,2,22,"void dequantize_block_iq3_s<__half>(void const*, __half*)",957,37193545819474,37193546032961,0,0,32,1,1,2129920,1,1
"KERNEL_DISPATCH",4,2,58,"void convert_unary<float, __half>(void const*, __half*, long, long, long, HIP_vector_type<unsigned int, 3u>, long, long, long)",958,37193546032961,37193546050443,0,0,256,1,1,655360,1,1
"KERNEL_DISPATCH",4,2,79,"void tile_fp16_gemm<128, 64, 4, 8, 32, false>(__half const*, __half const*, float*, float*, int, int, int, long, int)",959,37193546050443,37193546689718,0,25088,256,1,1,13312,1,8
"KERNEL_DISPATCH",4,2,81,"tile_fp16_reduce(float const*, float*, int, int)",960,37193546689718,37193546732682,0,0,256,1,1,106496,1,1
"KERNEL_DISPATCH",4,2,22,"void dequantize_block_iq3_s<__half>(void const*, __half*)",961,37193546754164,37193546967503,0,0,32,1,1,2129920,1,1
"KERNEL_DISPATCH",4,2,58,"void convert_unary<float, __half>(void const*, __half*, long, long, long, HIP_vector_type<unsigned int, 3u>, long, long, long)",962,37193546967503,37193546985133,0,0,256,1,1,655360,1,1
"KERNEL_DISPATCH",4,2,79,"void tile_fp16_gemm<128, 64, 4, 8, 32, false>(__half const*, __half const*, float*, float*, int, int, int, long, int)",963,37193546985133,37193547612407,0,25088,256,1,1,13312,1,8
"KERNEL_DISPATCH",4,2,81,"tile_fp16_reduce(float const*, float*, int, int)",964,37193547612407,37193547655223,0,0,256,1,1,106496,1,1
"KERNEL_DISPATCH",4,2,22,"void dequantize_block_iq3_s<__half>(void const*, __half*)",965,37193547676557,37193547889896,0,0,32,1,1,2129920,1,1
"KERNEL_DISPATCH",4,2,58,"void convert_unary<float, __half>(void const*, __half*, long, long, long, HIP_vector_type<unsigned int, 3u>, long, long, long)",966,37193547889896,37193547907674,0,0,256,1,1,655360,1,1
"KERNEL_DISPATCH",4,2,79,"void tile_fp16_gemm<128, 64, 4, 8, 32, false>(__half const*, __half const*, float*, float*, int, int, int, long, int)",967,37193547907674,37193548548134,0,25088,256,1,1,13312,1,8
"KERNEL_DISPATCH",4,2,81,"tile_fp16_reduce(float const*, float*, int, int)",968,37193548548134,37193548591247,0,0,256,1,1,106496,1,1
"KERNEL_DISPATCH",4,2,22,"void dequantize_block_iq3_s<__half>(void const*, __half*)",969,37193548612284,37193548825771,0,0,32,1,1,2129920,1,1
"KERNEL_DISPATCH",4,2,58,"void convert_unary<float, __half>(void const*, __half*, long, long, long, HIP_vector_type<unsigned int, 3u>, long, long, long)",970,37193548825771,37193548843401,0,0,256,1,1,655360,1,1
"KERNEL_DISPATCH",4,2,79,"void tile_fp16_gemm<128, 64, 4, 8, 32, false>(__half const*, __half const*, float*, float*, int, int, int, long, int)",971,37193548843401,37193549471713,0,25088,256,1,1,13312,1,8
"KERNEL_DISPATCH",4,2,81,"tile_fp16_reduce(float const*, float*, int, int)",972,37193549471713,37193549514084,0,0,256,1,1,106496,1,1
"KERNEL_DISPATCH",4,2,22,"void dequantize_block_iq3_s<__half>(void const*, __half*)",973,37193549535270,37193549748757,0,0,32,1,1,2129920,1,1
"KERNEL_DISPATCH",4,2,58,"void convert_unary<float, __half>(void const*, __half*, long, long, long, HIP_vector_type<unsigned int, 3u>, long, long, long)",974,37193549748757,37193549766239,0,0,256,1,1,655360,1,1
"KERNEL_DISPATCH",4,2,79,"void tile_fp16_gemm<128, 64, 4, 8, 32, false>(__half const*, __half const*, float*, float*, int, int, int, long, int)",975,37193549766239,37193550431589,0,25088,256,1,1,13312,1,8
"KERNEL_DISPATCH",4,2,81,"tile_fp16_reduce(float const*, float*, int, int)",976,37193550431589,37193550479442,0,0,256,1,1,106496,1,1
"KERNEL_DISPATCH",4,2,22,"void dequantize_block_iq3_s<__half>(void const*, __half*)",977,37193550502257,37193550740485,0,0,32,1,1,2129920,1,1
"KERNEL_DISPATCH",4,2,58,"void convert_unary<float, __half>(void const*, __half*, long, long, long, HIP_vector_type<unsigned int, 3u>, long, long, long)",978,37193550740485,37193550760189,0,0,256,1,1,655360,1,1
"KERNEL_DISPATCH",4,2,79,"void tile_fp16_gemm<128, 64, 4, 8, 32, false>(__half const*, __half const*, float*, float*, int, int, int, long, int)",979,37193550760189,37193551572061,0,25088,256,1,1,13312,1,8
"KERNEL_DISPATCH",4,2,81,"tile_fp16_reduce(float const*, float*, int, int)",980,37193551572061,37193551643174,0,0,256,1,1,106496,1,1
"KERNEL_DISPATCH",4,2,22,"void dequantize_block_iq3_s<__half>(void const*, __half*)",981,37193551669990,37193551943330,0,0,32,1,1,2129920,1,1
"KERNEL_DISPATCH",4,2,58,"void convert_unary<float, __half>(void const*, __half*, long, long, long, HIP_vector_type<unsigned int, 3u>, long, long, long)",982,37193551943330,37193551970442,0,0,256,1,1,655360,1,1
"KERNEL_DISPATCH",4,2,79,"void tile_fp16_gemm<128, 64, 4, 8, 32, false>(__half const*, __half const*, float*, float*, int, int, int, long, int)",983,37193551970442,37193552740979,0,25088,256,1,1,13312,1,8
"KERNEL_DISPATCH",4,2,81,"tile_fp16_reduce(float const*, float*, int, int)",984,37193552740979,37193552788980,0,0,256,1,1,106496,1,1
"KERNEL_DISPATCH",4,2,22,"void dequantize_block_iq3_s<__half>(void const*, __half*)",985,37193552811944,37193553049876,0,0,32,1,1,2129920,1,1
"KERNEL_DISPATCH",4,2,58,"void convert_unary<float, __half>(void const*, __half*, long, long, long, HIP_vector_type<unsigned int, 3u>, long, long, long)",986,37193553049876,37193553069284,0,0,256,1,1,655360,1,1
"KERNEL_DISPATCH",4,2,79,"void tile_fp16_gemm<128, 64, 4, 8, 32, false>(__half const*, __half const*, float*, float*, int, int, int, long, int)",987,37193553069284,37193553718189,0,25088,256,1,1,13312,1,8
"KERNEL_DISPATCH",4,2,81,"tile_fp16_reduce(float const*, float*, int, int)",988,37193553718189,37193553761153,0,0,256,1,1,106496,1,1
"KERNEL_DISPATCH",4,2,22,"void dequantize_block_iq3_s<__half>(void const*, __half*)",989,37193553782338,37193553995973,0,0,32,1,1,2129920,1,1
"KERNEL_DISPATCH",4,2,58,"void convert_unary<float, __half>(void const*, __half*, long, long, long, HIP_vector_type<unsigned int, 3u>, long, long, long)",990,37193553995973,37193554013455,0,0,256,1,1,655360,1,1
"KERNEL_DISPATCH",4,2,79,"void tile_fp16_gemm<128, 64, 4, 8, 32, false>(__half const*, __half const*, float*, float*, int, int, int, long, int)",991,37193554013455,37193554650360,0,25088,256,1,1,13312,1,8
"KERNEL_DISPATCH",4,2,81,"tile_fp16_reduce(float const*, float*, int, int)",992,37193554650360,37193554693472,0,0,256,1,1,106496,1,1
"KERNEL_DISPATCH",4,2,22,"void dequantize_block_iq3_s<__half>(void const*, __half*)",993,37193554714806,37193554927848,0,0,32,1,1,2129920,1,1
"KERNEL_DISPATCH",4,2,58,"void convert_unary<float, __half>(void const*, __half*, long, long, long, HIP_vector_type<unsigned int, 3u>, long, long, long)",994,37193554927848,37193554945330,0,0,256,1,1,655360,1,1
"KERNEL_DISPATCH",4,2,79,"void tile_fp16_gemm<128, 64, 4, 8, 32, false>(__half const*, __half const*, float*, float*, int, int, int, long, int)",995,37193554945330,37193555573198,0,25088,256,1,1,13312,1,8
"KERNEL_DISPATCH",4,2,81,"tile_fp16_reduce(float const*, float*, int, int)",996,37193555573198,37193555615865,0,0,256,1,1,106496,1,1
"KERNEL_DISPATCH",4,2,22,"void dequantize_block_iq3_s<__half>(void const*, __half*)",997,37193555637199,37193555850538,0,0,32,1,1,2129920,1,1
"KERNEL_DISPATCH",4,2,58,"void convert_unary<float, __half>(void const*, __half*, long, long, long, HIP_vector_type<unsigned int, 3u>, long, long, long)",998,37193555850538,37193555868020,0,0,256,1,1,655360,1,1
"KERNEL_DISPATCH",4,2,79,"void tile_fp16_gemm<128, 64, 4, 8, 32, false>(__half const*, __half const*, float*, float*, int, int, int, long, int)",999,37193555868020,37193556541518,0,25088,256,1,1,13312,1,8
"KERNEL_DISPATCH",4,2,81,"tile_fp16_reduce(float const*, float*, int, int)",1000,37193556541518,37193556589371,0,0,256,1,1,106496,1,1
"KERNEL_DISPATCH",4,2,22,"void dequantize_block_iq3_s<__half>(void const*, __half*)",1001,37193556611890,37193556849970,0,0,32,1,1,2129920,1,1
"KERNEL_DISPATCH",4,2,58,"void convert_unary<float, __half>(void const*, __half*, long, long, long, HIP_vector_type<unsigned int, 3u>, long, long, long)",1002,37193556849970,37193556869674,0,0,256,1,1,655360,1,1
"KERNEL_DISPATCH",4,2,79,"void tile_fp16_gemm<128, 64, 4, 8, 32, false>(__half const*, __half const*, float*, float*, int, int, int, long, int)",1003,37193556869674,37193557551913,0,25088,256,1,1,13312,1,8
"KERNEL_DISPATCH",4,2,81,"tile_fp16_reduce(float const*, float*, int, int)",1004,37193557551913,37193557600211,0,0,256,1,1,106496,1,1
"KERNEL_DISPATCH",4,2,22,"void dequantize_block_iq3_s<__half>(void const*, __half*)",1005,37193557623323,37193557861106,0,0,32,1,1,2129920,1,1
"KERNEL_DISPATCH",4,2,58,"void convert_unary<float, __half>(void const*, __half*, long, long, long, HIP_vector_type<unsigned int, 3u>, long, long, long)",1006,37193557861106,37193557880662,0,0,256,1,1,655360,1,1
"KERNEL_DISPATCH",4,2,79,"void tile_fp16_gemm<128, 64, 4, 8, 32, false>(__half const*, __half const*, float*, float*, int, int, int, long, int)",1007,37193557880737,37193558549495,0,25088,256,1,1,13312,1,8
"KERNEL_DISPATCH",4,2,81,"tile_fp16_reduce(float const*, float*, int, int)",1008,37193558549495,37193558591865,0,0,256,1,1,106496,1,1
"KERNEL_DISPATCH",4,2,22,"void dequantize_block_iq3_s<__half>(void const*, __half*)",1009,37195817027447,37195817151746,0,0,32,1,1,1277952,1,1
"KERNEL_DISPATCH",4,2,58,"void convert_unary<float, __half>(void const*, __half*, long, long, long, HIP_vector_type<unsigned int, 3u>, long, long, long)",1010,37195817151746,37195817172487,0,0,256,1,1,786432,1,1
"KERNEL_DISPATCH",4,2,79,"void tile_fp16_gemm<128, 64, 4, 8, 32, false>(__half const*, __half const*, float*, float*, int, int, int, long, int)",1011,37195817172487,37195817628202,0,25088,256,1,1,6656,1,8
"KERNEL_DISPATCH",4,2,81,"tile_fp16_reduce(float const*, float*, int, int)",1012,37195817628202,37195817654869,0,0,256,1,1,53248,1,1
"KERNEL_DISPATCH",4,2,22,"void dequantize_block_iq3_s<__half>(void const*, __half*)",1013,37195817915320,37195818036656,0,0,32,1,1,1277952,1,1
"KERNEL_DISPATCH",4,2,58,"void convert_unary<float, __half>(void const*, __half*, long, long, long, HIP_vector_type<unsigned int, 3u>, long, long, long)",1014,37195818036656,37195818057249,0,0,256,1,1,786432,1,1
"KERNEL_DISPATCH",4,2,79,"void tile_fp16_gemm<128, 64, 4, 8, 32, false>(__half const*, __half const*, float*, float*, int, int, int, long, int)",1015,37195818057249,37195818503334,0,25088,256,1,1,6656,1,8
"KERNEL_DISPATCH",4,2,81,"tile_fp16_reduce(float const*, float*, int, int)",1016,37195818503334,37195818527928,0,0,256,1,1,53248,1,1
"KERNEL_DISPATCH",4,2,22,"void dequantize_block_iq3_s<__half>(void const*, __half*)",1017,37195818548817,37195818670153,0,0,32,1,1,1277952,1,1
"KERNEL_DISPATCH",4,2,58,"void convert_unary<float, __half>(void const*, __half*, long, long, long, HIP_vector_type<unsigned int, 3u>, long, long, long)",1018,37195818670153,37195818689858,0,0,256,1,1,786432,1,1
"KERNEL_DISPATCH",4,2,81,"tile_fp16_reduce(float const*, float*, int, int)",1020,37195819147350,37195819172092,0,0,256,1,1,53248,1,1
"KERNEL_DISPATCH",4,2,79,"void tile_fp16_gemm<128, 64, 4, 8, 32, false>(__half const*, __half const*, float*, float*, int, int, int, long, int)",1019,37195818689858,37195819147350,0,25088,256,1,1,6656,1,8
"KERNEL_DISPATCH",4,2,22,"void dequantize_block_iq3_s<__half>(void const*, __half*)",1021,37195819196685,37195819318021,0,0,32,1,1,1277952,1,1
"KERNEL_DISPATCH",4,2,58,"void convert_unary<float, __half>(void const*, __half*, long, long, long, HIP_vector_type<unsigned int, 3u>, long, long, long)",1022,37195819318021,37195819337577,0,0,256,1,1,786432,1,1
"KERNEL_DISPATCH",4,2,81,"tile_fp16_reduce(float const*, float*, int, int)",1024,37195819782033,37195819807367,0,0,256,1,1,53248,1,1
"KERNEL_DISPATCH",4,2,79,"void tile_fp16_gemm<128, 64, 4, 8, 32, false>(__half const*, __half const*, float*, float*, int, int, int, long, int)",1023,37195819337577,37195819782033,0,25088,256,1,1,6656,1,8
"KERNEL_DISPATCH",4,2,22,"void dequantize_block_iq3_s<__half>(void const*, __half*)",1025,37195819827219,37195819948556,0,0,32,1,1,1277952,1,1
"KERNEL_DISPATCH",4,2,58,"void convert_unary<float, __half>(void const*, __half*, long, long, long, HIP_vector_type<unsigned int, 3u>, long, long, long)",1026,37195819948556,37195819967963,0,0,256,1,1,786432,1,1
"KERNEL_DISPATCH",4,2,81,"tile_fp16_reduce(float const*, float*, int, int)",1028,37195820412271,37195820437012,0,0,256,1,1,53248,1,1
"KERNEL_DISPATCH",4,2,79,"void tile_fp16_gemm<128, 64, 4, 8, 32, false>(__half const*, __half const*, float*, float*, int, int, int, long, int)",1027,37195819967963,37195820412271,0,25088,256,1,1,6656,1,8
"KERNEL_DISPATCH",4,2,22,"void dequantize_block_iq3_s<__half>(void const*, __half*)",1029,37195820456124,37195820577905,0,0,32,1,1,1277952,1,1
"KERNEL_DISPATCH",4,2,58,"void convert_unary<float, __half>(void const*, __half*, long, long, long, HIP_vector_type<unsigned int, 3u>, long, long, long)",1030,37195820577905,37195820597461,0,0,256,1,1,786432,1,1
"KERNEL_DISPATCH",4,2,81,"tile_fp16_reduce(float const*, float*, int, int)",1032,37195821025471,37195821050361,0,0,256,1,1,53248,1,1
"KERNEL_DISPATCH",4,2,79,"void tile_fp16_gemm<128, 64, 4, 8, 32, false>(__half const*, __half const*, float*, float*, int, int, int, long, int)",1031,37195820597461,37195821025471,0,25088,256,1,1,6656,1,8
"KERNEL_DISPATCH",4,2,22,"void dequantize_block_iq3_s<__half>(void const*, __half*)",1033,37195821069769,37195821191549,0,0,32,1,1,1277952,1,1
"KERNEL_DISPATCH",4,2,58,"void convert_unary<float, __half>(void const*, __half*, long, long, long, HIP_vector_type<unsigned int, 3u>, long, long, long)",1034,37195821191549,37195821211105,0,0,256,1,1,786432,1,1
"KERNEL_DISPATCH",4,2,81,"tile_fp16_reduce(float const*, float*, int, int)",1036,37195821644301,37195821669191,0,0,256,1,1,53248,1,1
"KERNEL_DISPATCH",4,2,79,"void tile_fp16_gemm<128, 64, 4, 8, 32, false>(__half const*, __half const*, float*, float*, int, int, int, long, int)",1035,37195821211105,37195821644301,0,25088,256,1,1,6656,1,8
"KERNEL_DISPATCH",4,2,22,"void dequantize_block_iq3_s<__half>(void const*, __half*)",1037,37195821689340,37195821818528,0,0,32,1,1,1277952,1,1
"KERNEL_DISPATCH",4,2,58,"void convert_unary<float, __half>(void const*, __half*, long, long, long, HIP_vector_type<unsigned int, 3u>, long, long, long)",1038,37195821818528,37195821838825,0,0,256,1,1,786432,1,1
"KERNEL_DISPATCH",4,2,79,"void tile_fp16_gemm<128, 64, 4, 8, 32, false>(__half const*, __half const*, float*, float*, int, int, int, long, int)",1039,37195821838825,37195822293651,0,25088,256,1,1,6656,1,8
"KERNEL_DISPATCH",4,2,81,"tile_fp16_reduce(float const*, float*, int, int)",1040,37195822293651,37195822332022,0,0,256,1,1,53248,1,1
"KERNEL_DISPATCH",4,2,22,"void dequantize_block_iq3_s<__half>(void const*, __half*)",1041,37195822354393,37195822498397,0,0,32,1,1,1277952,1,1
"KERNEL_DISPATCH",4,2,58,"void convert_unary<float, __half>(void const*, __half*, long, long, long, HIP_vector_type<unsigned int, 3u>, long, long, long)",1042,37195822498397,37195822521805,0,0,256,1,1,786432,1,1
"KERNEL_DISPATCH",4,2,79,"void tile_fp16_gemm<128, 64, 4, 8, 32, false>(__half const*, __half const*, float*, float*, int, int, int, long, int)",1043,37195822521805,37195822992335,0,25088,256,1,1,6656,1,8
"KERNEL_DISPATCH",4,2,81,"tile_fp16_reduce(float const*, float*, int, int)",1044,37195822992335,37195823019891,0,0,256,1,1,53248,1,1
"KERNEL_DISPATCH",4,2,22,"void dequantize_block_iq3_s<__half>(void const*, __half*)",1045,37195823041225,37195823185377,0,0,32,1,1,1277952,1,1
"KERNEL_DISPATCH",4,2,58,"void convert_unary<float, __half>(void const*, __half*, long, long, long, HIP_vector_type<unsigned int, 3u>, long, long, long)",1046,37195823185377,37195823208192,0,0,256,1,1,786432,1,1
"KERNEL_DISPATCH",4,2,79,"void tile_fp16_gemm<128, 64, 4, 8, 32, false>(__half const*, __half const*, float*, float*, int, int, int, long, int)",1047,37195823208192,37195823690723,0,25088,256,1,1,6656,1,8
"KERNEL_DISPATCH",4,2,81,"tile_fp16_reduce(float const*, float*, int, int)",1048,37195823690723,37195823719020,0,0,256,1,1,53248,1,1
"KERNEL_DISPATCH",4,2,22,"void dequantize_block_iq3_s<__half>(void const*, __half*)",1049,37195823740798,37195823884653,0,0,32,1,1,1277952,1,1
"KERNEL_DISPATCH",4,2,58,"void convert_unary<float, __half>(void const*, __half*, long, long, long, HIP_vector_type<unsigned int, 3u>, long, long, long)",1050,37195823884653,37195823969692,0,0,256,1,1,786432,1,1
"KERNEL_DISPATCH",4,2,79,"void tile_fp16_gemm<128, 64, 4, 8, 32, false>(__half const*, __half const*, float*, float*, int, int, int, long, int)",1051,37195823969692,37195824425556,0,25088,256,1,1,6656,1,8
"KERNEL_DISPATCH",4,2,81,"tile_fp16_reduce(float const*, float*, int, int)",1052,37195824425556,37195824450741,0,0,256,1,1,53248,1,1
"KERNEL_DISPATCH",4,2,22,"void dequantize_block_iq3_s<__half>(void const*, __half*)",1053,37195824471335,37195824600079,0,0,32,1,1,1277952,1,1
"KERNEL_DISPATCH",4,2,58,"void convert_unary<float, __half>(void const*, __half*, long, long, long, HIP_vector_type<unsigned int, 3u>, long, long, long)",1054,37195824600079,37195824620523,0,0,256,1,1,786432,1,1
"KERNEL_DISPATCH",4,2,79,"void tile_fp16_gemm<128, 64, 4, 8, 32, false>(__half const*, __half const*, float*, float*, int, int, int, long, int)",1055,37195824620523,37195825048979,0,25088,256,1,1,6656,1,8
"KERNEL_DISPATCH",4,2,81,"tile_fp16_reduce(float const*, float*, int, int)",1056,37195825048979,37195825073868,0,0,256,1,1,53248,1,1
"KERNEL_DISPATCH",4,2,22,"void dequantize_block_iq3_s<__half>(void const*, __half*)",1057,37195825094461,37195825223501,0,0,32,1,1,1277952,1,1
"KERNEL_DISPATCH",4,2,58,"void convert_unary<float, __half>(void const*, __half*, long, long, long, HIP_vector_type<unsigned int, 3u>, long, long, long)",1058,37195825223501,37195825245428,0,0,256,1,1,786432,1,1
"KERNEL_DISPATCH",4,2,79,"void tile_fp16_gemm<128, 64, 4, 8, 32, false>(__half const*, __half const*, float*, float*, int, int, int, long, int)",1059,37195825245428,37195825721143,0,25088,256,1,1,6656,1,8
"KERNEL_DISPATCH",4,2,81,"tile_fp16_reduce(float const*, float*, int, int)",1060,37195825721143,37195825748848,0,0,256,1,1,53248,1,1
"KERNEL_DISPATCH",4,2,22,"void dequantize_block_iq3_s<__half>(void const*, __half*)",1061,37195825770626,37195825914630,0,0,32,1,1,1277952,1,1
"KERNEL_DISPATCH",4,2,58,"void convert_unary<float, __half>(void const*, __half*, long, long, long, HIP_vector_type<unsigned int, 3u>, long, long, long)",1062,37195825914630,37195825937741,0,0,256,1,1,786432,1,1
"KERNEL_DISPATCH",4,2,79,"void tile_fp16_gemm<128, 64, 4, 8, 32, false>(__half const*, __half const*, float*, float*, int, int, int, long, int)",1063,37195825937741,37195826407086,0,25088,256,1,1,6656,1,8
"KERNEL_DISPATCH",4,2,81,"tile_fp16_reduce(float const*, float*, int, int)",1064,37195826407086,37195826431976,0,0,256,1,1,53248,1,1
"KERNEL_DISPATCH",4,2,22,"void dequantize_block_iq3_s<__half>(void const*, __half*)",1065,37195826452569,37195826582054,0,0,32,1,1,1277952,1,1
"KERNEL_DISPATCH",4,2,58,"void convert_unary<float, __half>(void const*, __half*, long, long, long, HIP_vector_type<unsigned int, 3u>, long, long, long)",1066,37195826582054,37195826602499,0,0,256,1,1,786432,1,1
"KERNEL_DISPATCH",4,2,79,"void tile_fp16_gemm<128, 64, 4, 8, 32, false>(__half const*, __half const*, float*, float*, int, int, int, long, int)",1067,37195826602499,37195827035843,0,25088,256,1,1,6656,1,8
"KERNEL_DISPATCH",4,2,81,"tile_fp16_reduce(float const*, float*, int, int)",1068,37195827035843,37195827061325,0,0,256,1,1,53248,1,1
"KERNEL_DISPATCH",4,2,22,"void dequantize_block_iq3_s<__half>(void const*, __half*)",1069,37195827081622,37195827210810,0,0,32,1,1,1277952,1,1
"KERNEL_DISPATCH",4,2,58,"void convert_unary<float, __half>(void const*, __half*, long, long, long, HIP_vector_type<unsigned int, 3u>, long, long, long)",1070,37195827210810,37195827231107,0,0,256,1,1,786432,1,1
"KERNEL_DISPATCH",4,2,79,"void tile_fp16_gemm<128, 64, 4, 8, 32, false>(__half const*, __half const*, float*, float*, int, int, int, long, int)",1071,37195827231107,37195827705785,0,25088,256,1,1,6656,1,8
"KERNEL_DISPATCH",4,2,81,"tile_fp16_reduce(float const*, float*, int, int)",1072,37195827705785,37195827734082,0,0,256,1,1,53248,1,1
"KERNEL_DISPATCH",4,2,22,"void dequantize_block_iq3_s<__half>(void const*, __half*)",1073,37195827756305,37195827900012,0,0,32,1,1,1277952,1,1
"KERNEL_DISPATCH",4,2,58,"void convert_unary<float, __half>(void const*, __half*, long, long, long, HIP_vector_type<unsigned int, 3u>, long, long, long)",1074,37195827900012,37195827922828,0,0,256,1,1,786432,1,1
"KERNEL_DISPATCH",4,2,79,"void tile_fp16_gemm<128, 64, 4, 8, 32, false>(__half const*, __half const*, float*, float*, int, int, int, long, int)",1075,37195827922828,37195828419877,0,25088,256,1,1,6656,1,8
"KERNEL_DISPATCH",4,2,81,"tile_fp16_reduce(float const*, float*, int, int)",1076,37195828419877,37195828447878,0,0,256,1,1,53248,1,1
"KERNEL_DISPATCH",4,2,22,"void dequantize_block_iq3_s<__half>(void const*, __half*)",1077,37195828469804,37195828613512,0,0,32,1,1,1277952,1,1
"KERNEL_DISPATCH",4,2,58,"void convert_unary<float, __half>(void const*, __half*, long, long, long, HIP_vector_type<unsigned int, 3u>, long, long, long)",1078,37195828613512,37195828636475,0,0,256,1,1,786432,1,1
"KERNEL_DISPATCH",4,2,79,"void tile_fp16_gemm<128, 64, 4, 8, 32, false>(__half const*, __half const*, float*, float*, int, int, int, long, int)",1079,37195828636475,37195829108487,0,25088,256,1,1,6656,1,8
"KERNEL_DISPATCH",4,2,81,"tile_fp16_reduce(float const*, float*, int, int)",1080,37195829108487,37195829136932,0,0,256,1,1,53248,1,1
"KERNEL_DISPATCH",4,2,22,"void dequantize_block_iq3_s<__half>(void const*, __half*)",1081,37195829159303,37195829299751,0,0,32,1,1,1277952,1,1
"KERNEL_DISPATCH",4,2,58,"void convert_unary<float, __half>(void const*, __half*, long, long, long, HIP_vector_type<unsigned int, 3u>, long, long, long)",1082,37195829299751,37195829332344,0,0,256,1,1,786432,1,1
"KERNEL_DISPATCH",4,2,79,"void tile_fp16_gemm<128, 64, 4, 8, 32, false>(__half const*, __half const*, float*, float*, int, int, int, long, int)",1083,37195829332344,37195829768059,0,25088,256,1,1,6656,1,8
"KERNEL_DISPATCH",4,2,81,"tile_fp16_reduce(float const*, float*, int, int)",1084,37195829768059,37195829793245,0,0,256,1,1,53248,1,1
"KERNEL_DISPATCH",4,2,22,"void dequantize_block_iq3_s<__half>(void const*, __half*)",1085,37195829813690,37195829942582,0,0,32,1,1,1277952,1,1
"KERNEL_DISPATCH",4,2,58,"void convert_unary<float, __half>(void const*, __half*, long, long, long, HIP_vector_type<unsigned int, 3u>, long, long, long)",1086,37195829942582,37195829963471,0,0,256,1,1,786432,1,1
"KERNEL_DISPATCH",4,2,79,"void tile_fp16_gemm<128, 64, 4, 8, 32, false>(__half const*, __half const*, float*, float*, int, int, int, long, int)",1087,37195829963471,37195830385704,0,25088,256,1,1,6656,1,8
"KERNEL_DISPATCH",4,2,81,"tile_fp16_reduce(float const*, float*, int, int)",1088,37195830385704,37195830410890,0,0,256,1,1,53248,1,1
"KERNEL_DISPATCH",4,2,22,"void dequantize_block_iq3_s<__half>(void const*, __half*)",1089,37195830431335,37195830560375,0,0,32,1,1,1277952,1,1
"KERNEL_DISPATCH",4,2,58,"void convert_unary<float, __half>(void const*, __half*, long, long, long, HIP_vector_type<unsigned int, 3u>, long, long, long)",1090,37195830560375,37195830580820,0,0,256,1,1,786432,1,1
"KERNEL_DISPATCH",4,2,79,"void tile_fp16_gemm<128, 64, 4, 8, 32, false>(__half const*, __half const*, float*, float*, int, int, int, long, int)",1091,37195830580820,37195831015942,0,25088,256,1,1,6656,1,8
"KERNEL_DISPATCH",4,2,81,"tile_fp16_reduce(float const*, float*, int, int)",1092,37195831015942,37195831041127,0,0,256,1,1,53248,1,1
"KERNEL_DISPATCH",4,2,22,"void dequantize_block_iq3_s<__half>(void const*, __half*)",1093,37195831061572,37195831190465,0,0,32,1,1,1277952,1,1
"KERNEL_DISPATCH",4,2,58,"void convert_unary<float, __half>(void const*, __half*, long, long, long, HIP_vector_type<unsigned int, 3u>, long, long, long)",1094,37195831190465,37195831211206,0,0,256,1,1,786432,1,1
"KERNEL_DISPATCH",4,2,79,"void tile_fp16_gemm<128, 64, 4, 8, 32, false>(__half const*, __half const*, float*, float*, int, int, int, long, int)",1095,37195831211206,37195831636105,0,25088,256,1,1,6656,1,8
"KERNEL_DISPATCH",4,2,81,"tile_fp16_reduce(float const*, float*, int, int)",1096,37195831636105,37195831661587,0,0,256,1,1,53248,1,1
"KERNEL_DISPATCH",4,2,22,"void dequantize_block_iq3_s<__half>(void const*, __half*)",1097,37195831682180,37195831811073,0,0,32,1,1,1277952,1,1
"KERNEL_DISPATCH",4,2,58,"void convert_unary<float, __half>(void const*, __half*, long, long, long, HIP_vector_type<unsigned int, 3u>, long, long, long)",1098,37195831811073,37195831831369,0,0,256,1,1,786432,1,1
"KERNEL_DISPATCH",4,2,79,"void tile_fp16_gemm<128, 64, 4, 8, 32, false>(__half const*, __half const*, float*, float*, int, int, int, long, int)",1099,37195831831369,37195832263528,0,25088,256,1,1,6656,1,8
"KERNEL_DISPATCH",4,2,81,"tile_fp16_reduce(float const*, float*, int, int)",1100,37195832263528,37195832288418,0,0,256,1,1,53248,1,1
"KERNEL_DISPATCH",4,2,22,"void dequantize_block_iq3_s<__half>(void const*, __half*)",1101,37195832316418,37195832459978,0,0,32,1,1,1277952,1,1
"KERNEL_DISPATCH",4,2,58,"void convert_unary<float, __half>(void const*, __half*, long, long, long, HIP_vector_type<unsigned int, 3u>, long, long, long)",1102,37195832459978,37195832482941,0,0,256,1,1,786432,1,1
"KERNEL_DISPATCH",4,2,79,"void tile_fp16_gemm<128, 64, 4, 8, 32, false>(__half const*, __half const*, float*, float*, int, int, int, long, int)",1103,37195832482941,37195832948730,0,25088,256,1,1,6656,1,8
"KERNEL_DISPATCH",4,2,81,"tile_fp16_reduce(float const*, float*, int, int)",1104,37195832948730,37195832976287,0,0,256,1,1,53248,1,1
"KERNEL_DISPATCH",4,2,22,"void dequantize_block_iq3_s<__half>(void const*, __half*)",1105,37195832998065,37195833141772,0,0,32,1,1,1277952,1,1
"KERNEL_DISPATCH",4,2,58,"void convert_unary<float, __half>(void const*, __half*, long, long, long, HIP_vector_type<unsigned int, 3u>, long, long, long)",1106,37195833141772,37195833164439,0,0,256,1,1,786432,1,1
"KERNEL_DISPATCH",4,2,79,"void tile_fp16_gemm<128, 64, 4, 8, 32, false>(__half const*, __half const*, float*, float*, int, int, int, long, int)",1107,37195833164439,37195833616451,0,25088,256,1,1,6656,1,8
"KERNEL_DISPATCH",4,2,81,"tile_fp16_reduce(float const*, float*, int, int)",1108,37195833616451,37195833641488,0,0,256,1,1,53248,1,1
"KERNEL_DISPATCH",4,2,22,"void dequantize_block_iq3_s<__half>(void const*, __half*)",1109,37195833661933,37195833790974,0,0,32,1,1,1277952,1,1
"KERNEL_DISPATCH",4,2,58,"void convert_unary<float, __half>(void const*, __half*, long, long, long, HIP_vector_type<unsigned int, 3u>, long, long, long)",1110,37195833790974,37195833811715,0,0,256,1,1,786432,1,1
"KERNEL_DISPATCH",4,2,79,"void tile_fp16_gemm<128, 64, 4, 8, 32, false>(__half const*, __half const*, float*, float*, int, int, int, long, int)",1111,37195833811715,37195834233355,0,25088,256,1,1,6656,1,8
"KERNEL_DISPATCH",4,2,81,"tile_fp16_reduce(float const*, float*, int, int)",1112,37195834233355,37195834258837,0,0,256,1,1,53248,1,1
"KERNEL_DISPATCH",4,2,22,"void dequantize_block_iq3_s<__half>(void const*, __half*)",1113,37195834281060,37195834430693,0,0,32,1,1,1277952,1,1
"KERNEL_DISPATCH",4,2,58,"void convert_unary<float, __half>(void const*, __half*, long, long, long, HIP_vector_type<unsigned int, 3u>, long, long, long)",1114,37195834430693,37195834453509,0,0,256,1,1,786432,1,1
"KERNEL_DISPATCH",4,2,79,"void tile_fp16_gemm<128, 64, 4, 8, 32, false>(__half const*, __half const*, float*, float*, int, int, int, long, int)",1115,37195834453509,37195834914705,0,25088,256,1,1,6656,1,8
"KERNEL_DISPATCH",4,2,81,"tile_fp16_reduce(float const*, float*, int, int)",1116,37195834914705,37195834942854,0,0,256,1,1,53248,1,1
"KERNEL_DISPATCH",4,2,22,"void dequantize_block_iq3_s<__half>(void const*, __half*)",1117,37195834964632,37195835108340,0,0,32,1,1,1277952,1,1
"KERNEL_DISPATCH",4,2,58,"void convert_unary<float, __half>(void const*, __half*, long, long, long, HIP_vector_type<unsigned int, 3u>, long, long, long)",1118,37195835108340,37195835131007,0,0,256,1,1,786432,1,1
"KERNEL_DISPATCH",4,2,79,"void tile_fp16_gemm<128, 64, 4, 8, 32, false>(__half const*, __half const*, float*, float*, int, int, int, long, int)",1119,37195835131007,37195835603611,0,25088,256,1,1,6656,1,8
"KERNEL_DISPATCH",4,2,81,"tile_fp16_reduce(float const*, float*, int, int)",1120,37195835603611,37195835628353,0,0,256,1,1,53248,1,1
"KERNEL_DISPATCH",4,2,22,"void dequantize_block_iq3_s<__half>(void const*, __half*)",1121,37195835648946,37195835777838,0,0,32,1,1,1277952,1,1
"KERNEL_DISPATCH",4,2,58,"void convert_unary<float, __half>(void const*, __half*, long, long, long, HIP_vector_type<unsigned int, 3u>, long, long, long)",1122,37195835777838,37195835798135,0,0,256,1,1,786432,1,1
"KERNEL_DISPATCH",4,2,79,"void tile_fp16_gemm<128, 64, 4, 8, 32, false>(__half const*, __half const*, float*, float*, int, int, int, long, int)",1123,37195835798135,37195836208219,0,25088,256,1,1,6656,1,8
"KERNEL_DISPATCH",4,2,81,"tile_fp16_reduce(float const*, float*, int, int)",1124,37195836208219,37195836233405,0,0,256,1,1,53248,1,1
"KERNEL_DISPATCH",4,2,22,"void dequantize_block_iq3_s<__half>(void const*, __half*)",1125,37195836255479,37195836407039,0,0,32,1,1,1277952,1,1
"KERNEL_DISPATCH",4,2,58,"void convert_unary<float, __half>(void const*, __half*, long, long, long, HIP_vector_type<unsigned int, 3u>, long, long, long)",1126,37195836407039,37195836429706,0,0,256,1,1,786432,1,1
"KERNEL_DISPATCH",4,2,79,"void tile_fp16_gemm<128, 64, 4, 8, 32, false>(__half const*, __half const*, float*, float*, int, int, int, long, int)",1127,37195836429706,37195836889125,0,25088,256,1,1,6656,1,8
"KERNEL_DISPATCH",4,2,81,"tile_fp16_reduce(float const*, float*, int, int)",1128,37195836889125,37195836917125,0,0,256,1,1,53248,1,1
"KERNEL_DISPATCH",4,2,22,"void dequantize_block_iq3_s<__half>(void const*, __half*)",1129,37195836938755,37195837083204,0,0,32,1,1,1277952,1,1
"KERNEL_DISPATCH",4,2,58,"void convert_unary<float, __half>(void const*, __half*, long, long, long, HIP_vector_type<unsigned int, 3u>, long, long, long)",1130,37195837083204,37195837106167,0,0,256,1,1,786432,1,1
"KERNEL_DISPATCH",4,2,79,"void tile_fp16_gemm<128, 64, 4, 8, 32, false>(__half const*, __half const*, float*, float*, int, int, int, long, int)",1131,37195837106167,37195837565586,0,25088,256,1,1,6656,1,8
"KERNEL_DISPATCH",4,2,81,"tile_fp16_reduce(float const*, float*, int, int)",1132,37195837565586,37195837590772,0,0,256,1,1,53248,1,1
"KERNEL_DISPATCH",4,2,22,"void dequantize_block_iq3_s<__half>(void const*, __half*)",1133,37195837611217,37195837740257,0,0,32,1,1,1277952,1,1
"KERNEL_DISPATCH",4,2,58,"void convert_unary<float, __half>(void const*, __half*, long, long, long, HIP_vector_type<unsigned int, 3u>, long, long, long)",1134,37195837740257,37195837760850,0,0,256,1,1,786432,1,1
"KERNEL_DISPATCH",4,2,79,"void tile_fp16_gemm<128, 64, 4, 8, 32, false>(__half const*, __half const*, float*, float*, int, int, int, long, int)",1135,37195837760850,37195838184416,0,25088,256,1,1,6656,1,8
"KERNEL_DISPATCH",4,2,81,"tile_fp16_reduce(float const*, float*, int, int)",1136,37195838184416,37195838209750,0,0,256,1,1,53248,1,1
"KERNEL_DISPATCH",4,2,22,"void dequantize_block_iq3_s<__half>(void const*, __half*)",1137,37195838230343,37195838381162,0,0,32,1,1,1277952,1,1
"KERNEL_DISPATCH",4,2,58,"void convert_unary<float, __half>(void const*, __half*, long, long, long, HIP_vector_type<unsigned int, 3u>, long, long, long)",1138,37195838381162,37195838403977,0,0,256,1,1,786432,1,1
"KERNEL_DISPATCH",4,2,79,"void tile_fp16_gemm<128, 64, 4, 8, 32, false>(__half const*, __half const*, float*, float*, int, int, int, long, int)",1139,37195838403977,37195838873767,0,25088,256,1,1,6656,1,8
"KERNEL_DISPATCH",4,2,81,"tile_fp16_reduce(float const*, float*, int, int)",1140,37195838873767,37195838901767,0,0,256,1,1,53248,1,1
"KERNEL_DISPATCH",4,2,22,"void dequantize_block_iq3_s<__half>(void const*, __half*)",1141,37195838923546,37195839067697,0,0,32,1,1,1277952,1,1
"KERNEL_DISPATCH",4,2,58,"void convert_unary<float, __half>(void const*, __half*, long, long, long, HIP_vector_type<unsigned int, 3u>, long, long, long)",1142,37195839067697,37195839090216,0,0,256,1,1,786432,1,1
"KERNEL_DISPATCH",4,2,79,"void tile_fp16_gemm<128, 64, 4, 8, 32, false>(__half const*, __half const*, float*, float*, int, int, int, long, int)",1143,37195839090216,37195839560154,0,25088,256,1,1,6656,1,8
"KERNEL_DISPATCH",4,2,81,"tile_fp16_reduce(float const*, float*, int, int)",1144,37195839560154,37195839584895,0,0,256,1,1,53248,1,1
"KERNEL_DISPATCH",4,2,22,"void dequantize_block_iq3_s<__half>(void const*, __half*)",1145,37195839605785,37195839734677,0,0,32,1,1,1277952,1,1
"KERNEL_DISPATCH",4,2,58,"void convert_unary<float, __half>(void const*, __half*, long, long, long, HIP_vector_type<unsigned int, 3u>, long, long, long)",1146,37195839734677,37195839755418,0,0,256,1,1,786432,1,1
"KERNEL_DISPATCH",4,2,79,"void tile_fp16_gemm<128, 64, 4, 8, 32, false>(__half const*, __half const*, float*, float*, int, int, int, long, int)",1147,37195839755418,37195840194985,0,25088,256,1,1,6656,1,8
"KERNEL_DISPATCH",4,2,81,"tile_fp16_reduce(float const*, float*, int, int)",1148,37195840194985,37195840220467,0,0,256,1,1,53248,1,1
"KERNEL_DISPATCH",4,2,22,"void dequantize_block_iq3_s<__half>(void const*, __half*)",1149,37195840241801,37195840392915,0,0,32,1,1,1277952,1,1
"KERNEL_DISPATCH",4,2,58,"void convert_unary<float, __half>(void const*, __half*, long, long, long, HIP_vector_type<unsigned int, 3u>, long, long, long)",1150,37195840392915,37195840415731,0,0,256,1,1,786432,1,1
"KERNEL_DISPATCH",4,2,79,"void tile_fp16_gemm<128, 64, 4, 8, 32, false>(__half const*, __half const*, float*, float*, int, int, int, long, int)",1151,37195840415731,37195840879446,0,25088,256,1,1,6656,1,8
"KERNEL_DISPATCH",4,2,81,"tile_fp16_reduce(float const*, float*, int, int)",1152,37195840879446,37195840907150,0,0,256,1,1,53248,1,1
"KERNEL_DISPATCH",4,2,22,"void dequantize_block_iq3_s<__half>(void const*, __half*)",1153,37195840929373,37195841073377,0,0,32,1,1,1277952,1,1
"KERNEL_DISPATCH",4,2,58,"void convert_unary<float, __half>(void const*, __half*, long, long, long, HIP_vector_type<unsigned int, 3u>, long, long, long)",1154,37195841073377,37195841096340,0,0,256,1,1,786432,1,1
"KERNEL_DISPATCH",4,2,79,"void tile_fp16_gemm<128, 64, 4, 8, 32, false>(__half const*, __half const*, float*, float*, int, int, int, long, int)",1155,37195841096340,37195841553981,0,25088,256,1,1,6656,1,8
"KERNEL_DISPATCH",4,2,81,"tile_fp16_reduce(float const*, float*, int, int)",1156,37195841553981,37195841579019,0,0,256,1,1,53248,1,1
"KERNEL_DISPATCH",4,2,22,"void dequantize_block_iq3_s<__half>(void const*, __half*)",1157,37195841599760,37195841728800,0,0,32,1,1,1277952,1,1
"KERNEL_DISPATCH",4,2,58,"void convert_unary<float, __half>(void const*, __half*, long, long, long, HIP_vector_type<unsigned int, 3u>, long, long, long)",1158,37195841728800,37195841749245,0,0,256,1,1,786432,1,1
"KERNEL_DISPATCH",4,2,79,"void tile_fp16_gemm<128, 64, 4, 8, 32, false>(__half const*, __half const*, float*, float*, int, int, int, long, int)",1159,37195841749245,37195842172663,0,25088,256,1,1,6656,1,8
"KERNEL_DISPATCH",4,2,81,"tile_fp16_reduce(float const*, float*, int, int)",1160,37195842172663,37195842197405,0,0,256,1,1,53248,1,1
"KERNEL_DISPATCH",4,2,22,"void dequantize_block_iq3_s<__half>(void const*, __half*)",1161,37195842218146,37195842367483,0,0,32,1,1,1277952,1,1
"KERNEL_DISPATCH",4,2,58,"void convert_unary<float, __half>(void const*, __half*, long, long, long, HIP_vector_type<unsigned int, 3u>, long, long, long)",1162,37195842367483,37195842390150,0,0,256,1,1,786432,1,1
"KERNEL_DISPATCH",4,2,79,"void tile_fp16_gemm<128, 64, 4, 8, 32, false>(__half const*, __half const*, float*, float*, int, int, int, long, int)",1163,37195842390150,37195842857717,0,25088,256,1,1,6656,1,8
"KERNEL_DISPATCH",4,2,81,"tile_fp16_reduce(float const*, float*, int, int)",1164,37195842857717,37195842885570,0,0,256,1,1,53248,1,1
"KERNEL_DISPATCH",4,2,22,"void dequantize_block_iq3_s<__half>(void const*, __half*)",1165,37195842907348,37195843050907,0,0,32,1,1,1277952,1,1
"KERNEL_DISPATCH",4,2,58,"void convert_unary<float, __half>(void const*, __half*, long, long, long, HIP_vector_type<unsigned int, 3u>, long, long, long)",1166,37195843050907,37195843073575,0,0,256,1,1,786432,1,1
"KERNEL_DISPATCH",4,2,79,"void tile_fp16_gemm<128, 64, 4, 8, 32, false>(__half const*, __half const*, float*, float*, int, int, int, long, int)",1167,37195843073575,37195843543660,0,25088,256,1,1,6656,1,8
"KERNEL_DISPATCH",4,2,81,"tile_fp16_reduce(float const*, float*, int, int)",1168,37195843543660,37195843571957,0,0,256,1,1,53248,1,1
"KERNEL_DISPATCH",4,2,22,"void dequantize_block_iq3_s<__half>(void const*, __half*)",1169,37195843594180,37195843738480,0,0,32,1,1,1277952,1,1
"KERNEL_DISPATCH",4,2,58,"void convert_unary<float, __half>(void const*, __half*, long, long, long, HIP_vector_type<unsigned int, 3u>, long, long, long)",1170,37195843738480,37195843761444,0,0,256,1,1,786432,1,1
"KERNEL_DISPATCH",4,2,79,"void tile_fp16_gemm<128, 64, 4, 8, 32, false>(__half const*, __half const*, float*, float*, int, int, int, long, int)",1171,37195843761444,37195844219233,0,25088,256,1,1,6656,1,8
"KERNEL_DISPATCH",4,2,81,"tile_fp16_reduce(float const*, float*, int, int)",1172,37195844219233,37195844247530,0,0,256,1,1,53248,1,1
"KERNEL_DISPATCH",4,2,22,"void dequantize_block_iq3_s<__half>(void const*, __half*)",1173,37195844269604,37195844413163,0,0,32,1,1,1277952,1,1
"KERNEL_DISPATCH",4,2,58,"void convert_unary<float, __half>(void const*, __half*, long, long, long, HIP_vector_type<unsigned int, 3u>, long, long, long)",1174,37195844413163,37195844435979,0,0,256,1,1,786432,1,1
"KERNEL_DISPATCH",4,2,79,"void tile_fp16_gemm<128, 64, 4, 8, 32, false>(__half const*, __half const*, float*, float*, int, int, int, long, int)",1175,37195844435979,37195844897768,0,25088,256,1,1,6656,1,8
"KERNEL_DISPATCH",4,2,81,"tile_fp16_reduce(float const*, float*, int, int)",1176,37195844897768,37195844926065,0,0,256,1,1,53248,1,1
"KERNEL_DISPATCH",4,2,22,"void dequantize_block_iq3_s<__half>(void const*, __half*)",1177,37195844948584,37195845092291,0,0,32,1,1,1277952,1,1
"KERNEL_DISPATCH",4,2,58,"void convert_unary<float, __half>(void const*, __half*, long, long, long, HIP_vector_type<unsigned int, 3u>, long, long, long)",1178,37195845092291,37195845115107,0,0,256,1,1,786432,1,1
"KERNEL_DISPATCH",4,2,79,"void tile_fp16_gemm<128, 64, 4, 8, 32, false>(__half const*, __half const*, float*, float*, int, int, int, long, int)",1179,37195845115107,37195845582526,0,25088,256,1,1,6656,1,8
"KERNEL_DISPATCH",4,2,81,"tile_fp16_reduce(float const*, float*, int, int)",1180,37195845582526,37195845607415,0,0,256,1,1,53248,1,1
"KERNEL_DISPATCH",4,2,22,"void dequantize_block_iq3_s<__half>(void const*, __half*)",1181,37195845628305,37195845757197,0,0,32,1,1,1277952,1,1
"KERNEL_DISPATCH",4,2,58,"void convert_unary<float, __half>(void const*, __half*, long, long, long, HIP_vector_type<unsigned int, 3u>, long, long, long)",1182,37195845757197,37195845777642,0,0,256,1,1,786432,1,1
"KERNEL_DISPATCH",4,2,79,"void tile_fp16_gemm<128, 64, 4, 8, 32, false>(__half const*, __half const*, float*, float*, int, int, int, long, int)",1183,37195845777642,37195846206393,0,25088,256,1,1,6656,1,8
"KERNEL_DISPATCH",4,2,81,"tile_fp16_reduce(float const*, float*, int, int)",1184,37195846206393,37195846231579,0,0,256,1,1,53248,1,1
"KERNEL_DISPATCH",4,2,22,"void dequantize_block_iq3_s<__half>(void const*, __half*)",1185,37195846253209,37195846404472,0,0,32,1,1,1277952,1,1
"KERNEL_DISPATCH",4,2,58,"void convert_unary<float, __half>(void const*, __half*, long, long, long, HIP_vector_type<unsigned int, 3u>, long, long, long)",1186,37195846404472,37195846427436,0,0,256,1,1,786432,1,1
"KERNEL_DISPATCH",4,2,79,"void tile_fp16_gemm<128, 64, 4, 8, 32, false>(__half const*, __half const*, float*, float*, int, int, int, long, int)",1187,37195846427436,37195846885077,0,25088,256,1,1,6656,1,8
"KERNEL_DISPATCH",4,2,81,"tile_fp16_reduce(float const*, float*, int, int)",1188,37195846885077,37195846912633,0,0,256,1,1,53248,1,1
"KERNEL_DISPATCH",4,2,22,"void dequantize_block_iq3_s<__half>(void const*, __half*)",1189,37195846934708,37195847078415,0,0,32,1,1,1277952,1,1
"KERNEL_DISPATCH",4,2,58,"void convert_unary<float, __half>(void const*, __half*, long, long, long, HIP_vector_type<unsigned int, 3u>, long, long, long)",1190,37195847078415,37195847101082,0,0,256,1,1,786432,1,1
"KERNEL_DISPATCH",4,2,79,"void tile_fp16_gemm<128, 64, 4, 8, 32, false>(__half const*, __half const*, float*, float*, int, int, int, long, int)",1191,37195847101082,37195847553241,0,25088,256,1,1,6656,1,8
"KERNEL_DISPATCH",4,2,81,"tile_fp16_reduce(float const*, float*, int, int)",1192,37195847553241,37195847578131,0,0,256,1,1,53248,1,1
"KERNEL_DISPATCH",4,2,22,"void dequantize_block_iq3_s<__half>(void const*, __half*)",1193,37195847598724,37195847727764,0,0,32,1,1,1277952,1,1
"KERNEL_DISPATCH",4,2,58,"void convert_unary<float, __half>(void const*, __half*, long, long, long, HIP_vector_type<unsigned int, 3u>, long, long, long)",1194,37195847727764,37195847748209,0,0,256,1,1,786432,1,1
"KERNEL_DISPATCH",4,2,79,"void tile_fp16_gemm<128, 64, 4, 8, 32, false>(__half const*, __half const*, float*, float*, int, int, int, long, int)",1195,37195847748209,37195848168368,0,25088,256,1,1,6656,1,8
"KERNEL_DISPATCH",4,2,81,"tile_fp16_reduce(float const*, float*, int, int)",1196,37195848168368,37195848193702,0,0,256,1,1,53248,1,1
"KERNEL_DISPATCH",4,2,22,"void dequantize_block_iq3_s<__half>(void const*, __half*)",1197,37195848214295,37195848362891,0,0,32,1,1,1277952,1,1
"KERNEL_DISPATCH",4,2,58,"void convert_unary<float, __half>(void const*, __half*, long, long, long, HIP_vector_type<unsigned int, 3u>, long, long, long)",1198,37195848362891,37195848385855,0,0,256,1,1,786432,1,1
"KERNEL_DISPATCH",4,2,79,"void tile_fp16_gemm<128, 64, 4, 8, 32, false>(__half const*, __half const*, float*, float*, int, int, int, long, int)",1199,37195848385855,37195848851200,0,25088,256,1,1,6656,1,8
"KERNEL_DISPATCH",4,2,81,"tile_fp16_reduce(float const*, float*, int, int)",1200,37195848851200,37195848879497,0,0,256,1,1,53248,1,1
"KERNEL_DISPATCH",4,2,22,"void dequantize_block_iq3_s<__half>(void const*, __half*)",1201,37195848901571,37195849045279,0,0,32,1,1,1277952,1,1
"KERNEL_DISPATCH",4,2,58,"void convert_unary<float, __half>(void const*, __half*, long, long, long, HIP_vector_type<unsigned int, 3u>, long, long, long)",1202,37195849045279,37195849068242,0,0,256,1,1,786432,1,1
"KERNEL_DISPATCH",4,2,79,"void tile_fp16_gemm<128, 64, 4, 8, 32, false>(__half const*, __half const*, float*, float*, int, int, int, long, int)",1203,37195849068242,37195849534772,0,25088,256,1,1,6656,1,8
"KERNEL_DISPATCH",4,2,81,"tile_fp16_reduce(float const*, float*, int, int)",1204,37195849534772,37195849562921,0,0,256,1,1,53248,1,1
"KERNEL_DISPATCH",4,2,22,"void dequantize_block_iq3_s<__half>(void const*, __half*)",1205,37195849585292,37195849729147,0,0,32,1,1,1277952,1,1
"KERNEL_DISPATCH",4,2,58,"void convert_unary<float, __half>(void const*, __half*, long, long, long, HIP_vector_type<unsigned int, 3u>, long, long, long)",1206,37195849729147,37195849752111,0,0,256,1,1,786432,1,1
"KERNEL_DISPATCH",4,2,79,"void tile_fp16_gemm<128, 64, 4, 8, 32, false>(__half const*, __half const*, float*, float*, int, int, int, long, int)",1207,37195849752111,37195850217752,0,25088,256,1,1,6656,1,8
"KERNEL_DISPATCH",4,2,81,"tile_fp16_reduce(float const*, float*, int, int)",1208,37195850217752,37195850245753,0,0,256,1,1,53248,1,1
"KERNEL_DISPATCH",4,2,22,"void dequantize_block_iq3_s<__half>(void const*, __half*)",1209,37195850268272,37195850412127,0,0,32,1,1,1277952,1,1
"KERNEL_DISPATCH",4,2,58,"void convert_unary<float, __half>(void const*, __half*, long, long, long, HIP_vector_type<unsigned int, 3u>, long, long, long)",1210,37195850412127,37195850434795,0,0,256,1,1,786432,1,1
"KERNEL_DISPATCH",4,2,79,"void tile_fp16_gemm<128, 64, 4, 8, 32, false>(__half const*, __half const*, float*, float*, int, int, int, long, int)",1211,37195850434795,37195850908732,0,25088,256,1,1,6656,1,8
"KERNEL_DISPATCH",4,2,81,"tile_fp16_reduce(float const*, float*, int, int)",1212,37195850908732,37195850936881,0,0,256,1,1,53248,1,1
"KERNEL_DISPATCH",4,2,22,"void dequantize_block_iq3_s<__half>(void const*, __half*)",1213,37195850959400,37195851102959,0,0,32,1,1,1277952,1,1
"KERNEL_DISPATCH",4,2,58,"void convert_unary<float, __half>(void const*, __half*, long, long, long, HIP_vector_type<unsigned int, 3u>, long, long, long)",1214,37195851102959,37195851125627,0,0,256,1,1,786432,1,1
"KERNEL_DISPATCH",4,2,79,"void tile_fp16_gemm<128, 64, 4, 8, 32, false>(__half const*, __half const*, float*, float*, int, int, int, long, int)",1215,37195851125627,37195851572156,0,25088,256,1,1,6656,1,8
"KERNEL_DISPATCH",4,2,81,"tile_fp16_reduce(float const*, float*, int, int)",1216,37195851572156,37195851597490,0,0,256,1,1,53248,1,1
"KERNEL_DISPATCH",4,2,22,"void dequantize_block_iq3_s<__half>(void const*, __half*)",1217,37195851618379,37195851747272,0,0,32,1,1,1277952,1,1
"KERNEL_DISPATCH",4,2,58,"void convert_unary<float, __half>(void const*, __half*, long, long, long, HIP_vector_type<unsigned int, 3u>, long, long, long)",1218,37195851747272,37195851767568,0,0,256,1,1,786432,1,1
"KERNEL_DISPATCH",4,2,79,"void tile_fp16_gemm<128, 64, 4, 8, 32, false>(__half const*, __half const*, float*, float*, int, int, int, long, int)",1219,37195851767568,37195852182986,0,25088,256,1,1,6656,1,8
"KERNEL_DISPATCH",4,2,81,"tile_fp16_reduce(float const*, float*, int, int)",1220,37195852182986,37195852208024,0,0,256,1,1,53248,1,1
"KERNEL_DISPATCH",4,2,22,"void dequantize_block_iq3_s<__half>(void const*, __half*)",1221,37195852228024,37195852378398,0,0,32,1,1,1277952,1,1
"KERNEL_DISPATCH",4,2,58,"void convert_unary<float, __half>(void const*, __half*, long, long, long, HIP_vector_type<unsigned int, 3u>, long, long, long)",1222,37195852378398,37195852401214,0,0,256,1,1,786432,1,1
"KERNEL_DISPATCH",4,2,79,"void tile_fp16_gemm<128, 64, 4, 8, 32, false>(__half const*, __half const*, float*, float*, int, int, int, long, int)",1223,37195852401214,37195852883004,0,25088,256,1,1,6656,1,8
"KERNEL_DISPATCH",4,2,81,"tile_fp16_reduce(float const*, float*, int, int)",1224,37195852883004,37195852911745,0,0,256,1,1,53248,1,1
"KERNEL_DISPATCH",4,2,22,"void dequantize_block_iq3_s<__half>(void const*, __half*)",1225,37195852933671,37195853077823,0,0,32,1,1,1277952,1,1
"KERNEL_DISPATCH",4,2,58,"void convert_unary<float, __half>(void const*, __half*, long, long, long, HIP_vector_type<unsigned int, 3u>, long, long, long)",1226,37195853077823,37195853100490,0,0,256,1,1,786432,1,1
"KERNEL_DISPATCH",4,2,79,"void tile_fp16_gemm<128, 64, 4, 8, 32, false>(__half const*, __half const*, float*, float*, int, int, int, long, int)",1227,37195853100490,37195853559317,0,25088,256,1,1,6656,1,8
"KERNEL_DISPATCH",4,2,81,"tile_fp16_reduce(float const*, float*, int, int)",1228,37195853559317,37195853584354,0,0,256,1,1,53248,1,1
"KERNEL_DISPATCH",4,2,22,"void dequantize_block_iq3_s<__half>(void const*, __half*)",1229,37195853604651,37195853733839,0,0,32,1,1,1277952,1,1
"KERNEL_DISPATCH",4,2,58,"void convert_unary<float, __half>(void const*, __half*, long, long, long, HIP_vector_type<unsigned int, 3u>, long, long, long)",1230,37195853733839,37195853754433,0,0,256,1,1,786432,1,1
"KERNEL_DISPATCH",4,2,79,"void tile_fp16_gemm<128, 64, 4, 8, 32, false>(__half const*, __half const*, float*, float*, int, int, int, long, int)",1231,37195853754433,37195854192073,0,25088,256,1,1,6656,1,8
"KERNEL_DISPATCH",4,2,81,"tile_fp16_reduce(float const*, float*, int, int)",1232,37195854192073,37195854217111,0,0,256,1,1,53248,1,1
"KERNEL_DISPATCH",4,2,22,"void dequantize_block_iq3_s<__half>(void const*, __half*)",1233,37195854237852,37195854389559,0,0,32,1,1,1277952,1,1
"KERNEL_DISPATCH",4,2,58,"void convert_unary<float, __half>(void const*, __half*, long, long, long, HIP_vector_type<unsigned int, 3u>, long, long, long)",1234,37195854389559,37195854412375,0,0,256,1,1,786432,1,1
"KERNEL_DISPATCH",4,2,79,"void tile_fp16_gemm<128, 64, 4, 8, 32, false>(__half const*, __half const*, float*, float*, int, int, int, long, int)",1235,37195854412375,37195854876831,0,25088,256,1,1,6656,1,8
"KERNEL_DISPATCH",4,2,81,"tile_fp16_reduce(float const*, float*, int, int)",1236,37195854876831,37195854904683,0,0,256,1,1,53248,1,1
"KERNEL_DISPATCH",4,2,22,"void dequantize_block_iq3_s<__half>(void const*, __half*)",1237,37195854926462,37195855070317,0,0,32,1,1,1277952,1,1
"KERNEL_DISPATCH",4,2,58,"void convert_unary<float, __half>(void const*, __half*, long, long, long, HIP_vector_type<unsigned int, 3u>, long, long, long)",1238,37195855070317,37195855092984,0,0,256,1,1,786432,1,1
"KERNEL_DISPATCH",4,2,79,"void tile_fp16_gemm<128, 64, 4, 8, 32, false>(__half const*, __half const*, float*, float*, int, int, int, long, int)",1239,37195855092984,37195855549885,0,25088,256,1,1,6656,1,8
"KERNEL_DISPATCH",4,2,81,"tile_fp16_reduce(float const*, float*, int, int)",1240,37195855549885,37195855574922,0,0,256,1,1,53248,1,1
"KERNEL_DISPATCH",4,2,22,"void dequantize_block_iq3_s<__half>(void const*, __half*)",1241,37195855595812,37195855725148,0,0,32,1,1,1277952,1,1
"KERNEL_DISPATCH",4,2,58,"void convert_unary<float, __half>(void const*, __half*, long, long, long, HIP_vector_type<unsigned int, 3u>, long, long, long)",1242,37195855725148,37195855745741,0,0,256,1,1,786432,1,1
"KERNEL_DISPATCH",4,2,79,"void tile_fp16_gemm<128, 64, 4, 8, 32, false>(__half const*, __half const*, float*, float*, int, int, int, long, int)",1243,37195855745741,37195856166048,0,25088,256,1,1,6656,1,8
"KERNEL_DISPATCH",4,2,81,"tile_fp16_reduce(float const*, float*, int, int)",1244,37195856166048,37195856191086,0,0,256,1,1,53248,1,1
"KERNEL_DISPATCH",4,2,22,"void dequantize_block_iq3_s<__half>(void const*, __half*)",1245,37195856211531,37195856360275,0,0,32,1,1,1277952,1,1
"KERNEL_DISPATCH",4,2,58,"void convert_unary<float, __half>(void const*, __half*, long, long, long, HIP_vector_type<unsigned int, 3u>, long, long, long)",1246,37195856360275,37195856383090,0,0,256,1,1,786432,1,1
"KERNEL_DISPATCH",4,2,79,"void tile_fp16_gemm<128, 64, 4, 8, 32, false>(__half const*, __half const*, float*, float*, int, int, int, long, int)",1247,37195856383090,37195856867547,0,25088,256,1,1,6656,1,8
"KERNEL_DISPATCH",4,2,81,"tile_fp16_reduce(float const*, float*, int, int)",1248,37195856867547,37195856895400,0,0,256,1,1,53248,1,1
"KERNEL_DISPATCH",4,2,22,"void dequantize_block_iq3_s<__half>(void const*, __half*)",1249,37195856917178,37195857061330,0,0,32,1,1,1277952,1,1
"KERNEL_DISPATCH",4,2,58,"void convert_unary<float, __half>(void const*, __half*, long, long, long, HIP_vector_type<unsigned int, 3u>, long, long, long)",1250,37195857061330,37195857084145,0,0,256,1,1,786432,1,1
"KERNEL_DISPATCH",4,2,79,"void tile_fp16_gemm<128, 64, 4, 8, 32, false>(__half const*, __half const*, float*, float*, int, int, int, long, int)",1251,37195857084145,37195857556009,0,25088,256,1,1,6656,1,8
"KERNEL_DISPATCH",4,2,81,"tile_fp16_reduce(float const*, float*, int, int)",1252,37195857556009,37195857581491,0,0,256,1,1,53248,1,1
"KERNEL_DISPATCH",4,2,22,"void dequantize_block_iq3_s<__half>(void const*, __half*)",1253,37195857602084,37195857731124,0,0,32,1,1,1277952,1,1
"KERNEL_DISPATCH",4,2,58,"void convert_unary<float, __half>(void const*, __half*, long, long, long, HIP_vector_type<unsigned int, 3u>, long, long, long)",1254,37195857731124,37195857751717,0,0,256,1,1,786432,1,1
"KERNEL_DISPATCH",4,2,79,"void tile_fp16_gemm<128, 64, 4, 8, 32, false>(__half const*, __half const*, float*, float*, int, int, int, long, int)",1255,37195857751717,37195858188765,0,25088,256,1,1,6656,1,8
"KERNEL_DISPATCH",4,2,81,"tile_fp16_reduce(float const*, float*, int, int)",1256,37195858188765,37195858214099,0,0,256,1,1,53248,1,1
"KERNEL_DISPATCH",4,2,22,"void dequantize_block_iq3_s<__half>(void const*, __half*)",1257,37195858234692,37195858386696,0,0,32,1,1,1277952,1,1
"KERNEL_DISPATCH",4,2,58,"void convert_unary<float, __half>(void const*, __half*, long, long, long, HIP_vector_type<unsigned int, 3u>, long, long, long)",1258,37195858386696,37195858409363,0,0,256,1,1,786432,1,1
"KERNEL_DISPATCH",4,2,79,"void tile_fp16_gemm<128, 64, 4, 8, 32, false>(__half const*, __half const*, float*, float*, int, int, int, long, int)",1259,37195858409363,37195858874856,0,25088,256,1,1,6656,1,8
"KERNEL_DISPATCH",4,2,81,"tile_fp16_reduce(float const*, float*, int, int)",1260,37195858874856,37195858903153,0,0,256,1,1,53248,1,1
"KERNEL_DISPATCH",4,2,22,"void dequantize_block_iq3_s<__half>(void const*, __half*)",1261,37198182837207,37198182964617,0,0,32,1,1,1310720,1,1
"KERNEL_DISPATCH",4,2,58,"void convert_unary<float, __half>(void const*, __half*, long, long, long, HIP_vector_type<unsigned int, 3u>, long, long, long)",1262,37198182964617,37198182981950,0,0,256,1,1,655360,1,1
"KERNEL_DISPATCH",4,2,79,"void tile_fp16_gemm<128, 64, 4, 8, 32, false>(__half const*, __half const*, float*, float*, int, int, int, long, int)",1263,37198182981950,37198183418998,0,25088,256,1,1,8192,1,8
"KERNEL_DISPATCH",4,2,81,"tile_fp16_reduce(float const*, float*, int, int)",1264,37198183418998,37198183448036,0,0,256,1,1,65536,1,1
"KERNEL_DISPATCH",4,2,22,"void dequantize_block_iq3_s<__half>(void const*, __half*)",1265,37198183876787,37198184001086,0,0,32,1,1,1310720,1,1
"KERNEL_DISPATCH",4,2,58,"void convert_unary<float, __half>(void const*, __half*, long, long, long, HIP_vector_type<unsigned int, 3u>, long, long, long)",1266,37198184001086,37198184017828,0,0,256,1,1,655360,1,1
"KERNEL_DISPATCH",4,2,79,"void tile_fp16_gemm<128, 64, 4, 8, 32, false>(__half const*, __half const*, float*, float*, int, int, int, long, int)",1267,37198184017828,37198184453542,0,25088,256,1,1,8192,1,8
"KERNEL_DISPATCH",4,2,81,"tile_fp16_reduce(float const*, float*, int, int)",1268,37198184453542,37198184482580,0,0,256,1,1,65536,1,1
"KERNEL_DISPATCH",4,2,22,"void dequantize_block_iq3_s<__half>(void const*, __half*)",1269,37198184508062,37198184640362,0,0,32,1,1,1310720,1,1
"KERNEL_DISPATCH",4,2,58,"void convert_unary<float, __half>(void const*, __half*, long, long, long, HIP_vector_type<unsigned int, 3u>, long, long, long)",1270,37198184640362,37198184657695,0,0,256,1,1,655360,1,1
"KERNEL_DISPATCH",4,2,81,"tile_fp16_reduce(float const*, float*, int, int)",1272,37198185074298,37198185103188,0,0,256,1,1,65536,1,1
"KERNEL_DISPATCH",4,2,79,"void tile_fp16_gemm<128, 64, 4, 8, 32, false>(__half const*, __half const*, float*, float*, int, int, int, long, int)",1271,37198184657695,37198185074298,0,25088,256,1,1,8192,1,8
"KERNEL_DISPATCH",4,2,22,"void dequantize_block_iq3_s<__half>(void const*, __half*)",1273,37198185129114,37198185261858,0,0,32,1,1,1310720,1,1
"KERNEL_DISPATCH",4,2,58,"void convert_unary<float, __half>(void const*, __half*, long, long, long, HIP_vector_type<unsigned int, 3u>, long, long, long)",1274,37198185261858,37198185279192,0,0,256,1,1,655360,1,1
"KERNEL_DISPATCH",4,2,81,"tile_fp16_reduce(float const*, float*, int, int)",1276,37198185700240,37198185728537,0,0,256,1,1,65536,1,1
"KERNEL_DISPATCH",4,2,79,"void tile_fp16_gemm<128, 64, 4, 8, 32, false>(__half const*, __half const*, float*, float*, int, int, int, long, int)",1275,37198185279192,37198185700240,0,25088,256,1,1,8192,1,8
"KERNEL_DISPATCH",4,2,22,"void dequantize_block_iq3_s<__half>(void const*, __half*)",1277,37198185748093,37198185872540,0,0,32,1,1,1310720,1,1
"KERNEL_DISPATCH",4,2,58,"void convert_unary<float, __half>(void const*, __half*, long, long, long, HIP_vector_type<unsigned int, 3u>, long, long, long)",1278,37198185872540,37198185889281,0,0,256,1,1,655360,1,1
"KERNEL_DISPATCH",4,2,81,"tile_fp16_reduce(float const*, float*, int, int)",1280,37198186322774,37198186352404,0,0,256,1,1,65536,1,1
"KERNEL_DISPATCH",4,2,79,"void tile_fp16_gemm<128, 64, 4, 8, 32, false>(__half const*, __half const*, float*, float*, int, int, int, long, int)",1279,37198185889281,37198186322774,0,25088,256,1,1,8192,1,8
"KERNEL_DISPATCH",4,2,22,"void dequantize_block_iq3_s<__half>(void const*, __half*)",1281,37198186371664,37198186502186,0,0,32,1,1,1310720,1,1
"KERNEL_DISPATCH",4,2,58,"void convert_unary<float, __half>(void const*, __half*, long, long, long, HIP_vector_type<unsigned int, 3u>, long, long, long)",1282,37198186502186,37198186519816,0,0,256,1,1,655360,1,1
"KERNEL_DISPATCH",4,2,81,"tile_fp16_reduce(float const*, float*, int, int)",1284,37198186930493,37198186959530,0,0,256,1,1,65536,1,1
"KERNEL_DISPATCH",4,2,79,"void tile_fp16_gemm<128, 64, 4, 8, 32, false>(__half const*, __half const*, float*, float*, int, int, int, long, int)",1283,37198186519816,37198186930493,0,25088,256,1,1,8192,1,8
"KERNEL_DISPATCH",4,2,22,"void dequantize_block_iq3_s<__half>(void const*, __half*)",1285,37198186980420,37198187112867,0,0,32,1,1,1310720,1,1
"KERNEL_DISPATCH",4,2,58,"void convert_unary<float, __half>(void const*, __half*, long, long, long, HIP_vector_type<unsigned int, 3u>, long, long, long)",1286,37198187112867,37198187130942,0,0,256,1,1,655360,1,1
"KERNEL_DISPATCH",4,2,81,"tile_fp16_reduce(float const*, float*, int, int)",1288,37198187547545,37198187576583,0,0,256,1,1,65536,1,1
"KERNEL_DISPATCH",4,2,79,"void tile_fp16_gemm<128, 64, 4, 8, 32, false>(__half const*, __half const*, float*, float*, int, int, int, long, int)",1287,37198187130942,37198187547545,0,25088,256,1,1,8192,1,8
"KERNEL_DISPATCH",4,2,22,"void dequantize_block_iq3_s<__half>(void const*, __half*)",1289,37198187596879,37198187729179,0,0,32,1,1,1310720,1,1
"KERNEL_DISPATCH",4,2,58,"void convert_unary<float, __half>(void const*, __half*, long, long, long, HIP_vector_type<unsigned int, 3u>, long, long, long)",1290,37198187729179,37198187746809,0,0,256,1,1,655360,1,1
"KERNEL_DISPATCH",4,2,81,"tile_fp16_reduce(float const*, float*, int, int)",1292,37198188157930,37198188186672,0,0,256,1,1,65536,1,1
"KERNEL_DISPATCH",4,2,79,"void tile_fp16_gemm<128, 64, 4, 8, 32, false>(__half const*, __half const*, float*, float*, int, int, int, long, int)",1291,37198187746809,37198188157930,0,25088,256,1,1,8192,1,8
"KERNEL_DISPATCH",4,2,22,"void dequantize_block_iq3_s<__half>(void const*, __half*)",1293,37198188207710,37198188340305,0,0,32,1,1,1310720,1,1
"KERNEL_DISPATCH",4,2,58,"void convert_unary<float, __half>(void const*, __half*, long, long, long, HIP_vector_type<unsigned int, 3u>, long, long, long)",1294,37198188340305,37198188358232,0,0,256,1,1,655360,1,1
"KERNEL_DISPATCH",4,2,81,"tile_fp16_reduce(float const*, float*, int, int)",1296,37198188786687,37198188816169,0,0,256,1,1,65536,1,1
"KERNEL_DISPATCH",4,2,79,"void tile_fp16_gemm<128, 64, 4, 8, 32, false>(__half const*, __half const*, float*, float*, int, int, int, long, int)",1295,37198188358232,37198188786687,0,25088,256,1,1,8192,1,8
"KERNEL_DISPATCH",4,2,22,"void dequantize_block_iq3_s<__half>(void const*, __half*)",1297,37198188836170,37198188960617,0,0,32,1,1,1310720,1,1
"KERNEL_DISPATCH",4,2,58,"void convert_unary<float, __half>(void const*, __half*, long, long, long, HIP_vector_type<unsigned int, 3u>, long, long, long)",1298,37198188960617,37198188977506,0,0,256,1,1,655360,1,1
"KERNEL_DISPATCH",4,2,81,"tile_fp16_reduce(float const*, float*, int, int)",1300,37198189402406,37198189431147,0,0,256,1,1,65536,1,1
"KERNEL_DISPATCH",4,2,79,"void tile_fp16_gemm<128, 64, 4, 8, 32, false>(__half const*, __half const*, float*, float*, int, int, int, long, int)",1299,37198188977506,37198189402406,0,25088,256,1,1,8192,1,8
"KERNEL_DISPATCH",4,2,22,"void dequantize_block_iq3_s<__half>(void const*, __half*)",1301,37198189452333,37198189584633,0,0,32,1,1,1310720,1,1
"KERNEL_DISPATCH",4,2,58,"void convert_unary<float, __half>(void const*, __half*, long, long, long, HIP_vector_type<unsigned int, 3u>, long, long, long)",1302,37198189584633,37198189602115,0,0,256,1,1,655360,1,1
"KERNEL_DISPATCH",4,2,79,"void tile_fp16_gemm<128, 64, 4, 8, 32, false>(__half const*, __half const*, float*, float*, int, int, int, long, int)",1303,37198189602115,37198190019310,0,25088,256,1,1,8192,1,8
"KERNEL_DISPATCH",4,2,81,"tile_fp16_reduce(float const*, float*, int, int)",1304,37198190019310,37198190048348,0,0,256,1,1,65536,1,1
"KERNEL_DISPATCH",4,2,22,"void dequantize_block_iq3_s<__half>(void const*, __half*)",1305,37198190069385,37198190201981,0,0,32,1,1,1310720,1,1
"KERNEL_DISPATCH",4,2,58,"void convert_unary<float, __half>(void const*, __half*, long, long, long, HIP_vector_type<unsigned int, 3u>, long, long, long)",1306,37198190201981,37198190219760,0,0,256,1,1,655360,1,1
"KERNEL_DISPATCH",4,2,79,"void tile_fp16_gemm<128, 64, 4, 8, 32, false>(__half const*, __half const*, float*, float*, int, int, int, long, int)",1307,37198190219760,37198190637548,0,25088,256,1,1,8192,1,8
"KERNEL_DISPATCH",4,2,81,"tile_fp16_reduce(float const*, float*, int, int)",1308,37198190637548,37198190666141,0,0,256,1,1,65536,1,1
"KERNEL_DISPATCH",4,2,22,"void dequantize_block_iq3_s<__half>(void const*, __half*)",1309,37198190685401,37198190809996,0,0,32,1,1,1310720,1,1
"KERNEL_DISPATCH",4,2,58,"void convert_unary<float, __half>(void const*, __half*, long, long, long, HIP_vector_type<unsigned int, 3u>, long, long, long)",1310,37198190809996,37198190826886,0,0,256,1,1,655360,1,1
"KERNEL_DISPATCH",4,2,79,"void tile_fp16_gemm<128, 64, 4, 8, 32, false>(__half const*, __half const*, float*, float*, int, int, int, long, int)",1311,37198190826886,37198191253711,0,25088,256,1,1,8192,1,8
"KERNEL_DISPATCH",4,2,81,"tile_fp16_reduce(float const*, float*, int, int)",1312,37198191253711,37198191282008,0,0,256,1,1,65536,1,1
"KERNEL_DISPATCH",4,2,22,"void dequantize_block_iq3_s<__half>(void const*, __half*)",1313,37198191301564,37198191427938,0,0,32,1,1,1310720,1,1
"KERNEL_DISPATCH",4,2,58,"void convert_unary<float, __half>(void const*, __half*, long, long, long, HIP_vector_type<unsigned int, 3u>, long, long, long)",1314,37198191427938,37198191445864,0,0,256,1,1,655360,1,1
"KERNEL_DISPATCH",4,2,79,"void tile_fp16_gemm<128, 64, 4, 8, 32, false>(__half const*, __half const*, float*, float*, int, int, int, long, int)",1315,37198191445864,37198191857726,0,25088,256,1,1,8192,1,8
"KERNEL_DISPATCH",4,2,81,"tile_fp16_reduce(float const*, float*, int, int)",1316,37198191857726,37198191886320,0,0,256,1,1,65536,1,1
"KERNEL_DISPATCH",4,2,22,"void dequantize_block_iq3_s<__half>(void const*, __half*)",1317,37198191906468,37198192038768,0,0,32,1,1,1310720,1,1
"KERNEL_DISPATCH",4,2,58,"void convert_unary<float, __half>(void const*, __half*, long, long, long, HIP_vector_type<unsigned int, 3u>, long, long, long)",1318,37198192038768,37198192056546,0,0,256,1,1,655360,1,1
"KERNEL_DISPATCH",4,2,79,"void tile_fp16_gemm<128, 64, 4, 8, 32, false>(__half const*, __half const*, float*, float*, int, int, int, long, int)",1319,37198192056546,37198192487520,0,25088,256,1,1,8192,1,8
"KERNEL_DISPATCH",4,2,81,"tile_fp16_reduce(float const*, float*, int, int)",1320,37198192487520,37198192519669,0,0,256,1,1,65536,1,1
"KERNEL_DISPATCH",4,2,22,"void dequantize_block_iq3_s<__half>(void const*, __half*)",1321,37198192541299,37198192688562,0,0,32,1,1,1310720,1,1
"KERNEL_DISPATCH",4,2,58,"void convert_unary<float, __half>(void const*, __half*, long, long, long, HIP_vector_type<unsigned int, 3u>, long, long, long)",1322,37198192688562,37198192708118,0,0,256,1,1,655360,1,1
"KERNEL_DISPATCH",4,2,79,"void tile_fp16_gemm<128, 64, 4, 8, 32, false>(__half const*, __half const*, float*, float*, int, int, int, long, int)",1323,37198192708118,37198193154499,0,25088,256,1,1,8192,1,8
"KERNEL_DISPATCH",4,2,81,"tile_fp16_reduce(float const*, float*, int, int)",1324,37198193154499,37198193186648,0,0,256,1,1,65536,1,1
"KERNEL_DISPATCH",4,2,22,"void dequantize_block_iq3_s<__half>(void const*, __half*)",1325,37198193207686,37198193355245,0,0,32,1,1,1310720,1,1
"KERNEL_DISPATCH",4,2,58,"void convert_unary<float, __half>(void const*, __half*, long, long, long, HIP_vector_type<unsigned int, 3u>, long, long, long)",1326,37198193355245,37198193374949,0,0,256,1,1,655360,1,1
"KERNEL_DISPATCH",4,2,79,"void tile_fp16_gemm<128, 64, 4, 8, 32, false>(__half const*, __half const*, float*, float*, int, int, int, long, int)",1327,37198193374949,37198193817923,0,25088,256,1,1,8192,1,8
"KERNEL_DISPATCH",4,2,81,"tile_fp16_reduce(float const*, float*, int, int)",1328,37198193817923,37198193850368,0,0,256,1,1,65536,1,1
"KERNEL_DISPATCH",4,2,22,"void dequantize_block_iq3_s<__half>(void const*, __half*)",1329,37198193872443,37198194019854,0,0,32,1,1,1310720,1,1
"KERNEL_DISPATCH",4,2,58,"void convert_unary<float, __half>(void const*, __half*, long, long, long, HIP_vector_type<unsigned int, 3u>, long, long, long)",1330,37198194019854,37198194039558,0,0,256,1,1,655360,1,1
"KERNEL_DISPATCH",4,2,79,"void tile_fp16_gemm<128, 64, 4, 8, 32, false>(__half const*, __half const*, float*, float*, int, int, int, long, int)",1331,37198194039558,37198194479273,0,25088,256,1,1,8192,1,8
"KERNEL_DISPATCH",4,2,81,"tile_fp16_reduce(float const*, float*, int, int)",1332,37198194479273,37198194508755,0,0,256,1,1,65536,1,1
"KERNEL_DISPATCH",4,2,22,"void dequantize_block_iq3_s<__half>(void const*, __half*)",1333,37198194529200,37198194661500,0,0,32,1,1,1310720,1,1
"KERNEL_DISPATCH",4,2,58,"void convert_unary<float, __half>(void const*, __half*, long, long, long, HIP_vector_type<unsigned int, 3u>, long, long, long)",1334,37198194661500,37198194679278,0,0,256,1,1,655360,1,1
"KERNEL_DISPATCH",4,2,79,"void tile_fp16_gemm<128, 64, 4, 8, 32, false>(__half const*, __half const*, float*, float*, int, int, int, long, int)",1335,37198194679278,37198195097066,0,25088,256,1,1,8192,1,8
"KERNEL_DISPATCH",4,2,81,"tile_fp16_reduce(float const*, float*, int, int)",1336,37198195097066,37198195125807,0,0,256,1,1,65536,1,1
"KERNEL_DISPATCH",4,2,22,"void dequantize_block_iq3_s<__half>(void const*, __half*)",1337,37198195146401,37198195278404,0,0,32,1,1,1310720,1,1
"KERNEL_DISPATCH",4,2,58,"void convert_unary<float, __half>(void const*, __half*, long, long, long, HIP_vector_type<unsigned int, 3u>, long, long, long)",1338,37198195278404,37198195296478,0,0,256,1,1,655360,1,1
"KERNEL_DISPATCH",4,2,79,"void tile_fp16_gemm<128, 64, 4, 8, 32, false>(__half const*, __half const*, float*, float*, int, int, int, long, int)",1339,37198195296478,37198195713822,0,25088,256,1,1,8192,1,8
"KERNEL_DISPATCH",4,2,81,"tile_fp16_reduce(float const*, float*, int, int)",1340,37198195713822,37198195742119,0,0,256,1,1,65536,1,1
"KERNEL_DISPATCH",4,2,22,"void dequantize_block_iq3_s<__half>(void const*, __half*)",1341,37198195761675,37198195886271,0,0,32,1,1,1310720,1,1
"KERNEL_DISPATCH",4,2,58,"void convert_unary<float, __half>(void const*, __half*, long, long, long, HIP_vector_type<unsigned int, 3u>, long, long, long)",1342,37198195886271,37198195903160,0,0,256,1,1,655360,1,1
"KERNEL_DISPATCH",4,2,79,"void tile_fp16_gemm<128, 64, 4, 8, 32, false>(__half const*, __half const*, float*, float*, int, int, int, long, int)",1343,37198195903160,37198196328208,0,25088,256,1,1,8192,1,8
"KERNEL_DISPATCH",4,2,81,"tile_fp16_reduce(float const*, float*, int, int)",1344,37198196328208,37198196356801,0,0,256,1,1,65536,1,1
"KERNEL_DISPATCH",4,2,22,"void dequantize_block_iq3_s<__half>(void const*, __half*)",1345,37198196376653,37198196507620,0,0,32,1,1,1310720,1,1
"KERNEL_DISPATCH",4,2,58,"void convert_unary<float, __half>(void const*, __half*, long, long, long, HIP_vector_type<unsigned int, 3u>, long, long, long)",1346,37198196507620,37198196524953,0,0,256,1,1,655360,1,1
"KERNEL_DISPATCH",4,2,79,"void tile_fp16_gemm<128, 64, 4, 8, 32, false>(__half const*, __half const*, float*, float*, int, int, int, long, int)",1347,37198196524953,37198196931482,0,25088,256,1,1,8192,1,8
"KERNEL_DISPATCH",4,2,81,"tile_fp16_reduce(float const*, float*, int, int)",1348,37198196931482,37198196960075,0,0,256,1,1,65536,1,1
"KERNEL_DISPATCH",4,2,22,"void dequantize_block_iq3_s<__half>(void const*, __half*)",1349,37198196980817,37198197112968,0,0,32,1,1,1310720,1,1
"KERNEL_DISPATCH",4,2,58,"void convert_unary<float, __half>(void const*, __half*, long, long, long, HIP_vector_type<unsigned int, 3u>, long, long, long)",1350,37198197112968,37198197130894,0,0,256,1,1,655360,1,1
"KERNEL_DISPATCH",4,2,79,"void tile_fp16_gemm<128, 64, 4, 8, 32, false>(__half const*, __half const*, float*, float*, int, int, int, long, int)",1351,37198197130894,37198197547645,0,25088,256,1,1,8192,1,8
"KERNEL_DISPATCH",4,2,81,"tile_fp16_reduce(float const*, float*, int, int)",1352,37198197547645,37198197577128,0,0,256,1,1,65536,1,1
"KERNEL_DISPATCH",4,2,22,"void dequantize_block_iq3_s<__half>(void const*, __half*)",1353,37198197597869,37198197730317,0,0,32,1,1,1310720,1,1
"KERNEL_DISPATCH",4,2,58,"void convert_unary<float, __half>(void const*, __half*, long, long, long, HIP_vector_type<unsigned int, 3u>, long, long, long)",1354,37198197730317,37198197747799,0,0,256,1,1,655360,1,1
"KERNEL_DISPATCH",4,2,79,"void tile_fp16_gemm<128, 64, 4, 8, 32, false>(__half const*, __half const*, float*, float*, int, int, int, long, int)",1355,37198197747799,37198198166031,0,25088,256,1,1,8192,1,8
"KERNEL_DISPATCH",4,2,81,"tile_fp16_reduce(float const*, float*, int, int)",1356,37198198166031,37198198194921,0,0,256,1,1,65536,1,1
"KERNEL_DISPATCH",4,2,22,"void dequantize_block_iq3_s<__half>(void const*, __half*)",1357,37198198215069,37198198347665,0,0,32,1,1,1310720,1,1
"KERNEL_DISPATCH",4,2,58,"void convert_unary<float, __half>(void const*, __half*, long, long, long, HIP_vector_type<unsigned int, 3u>, long, long, long)",1358,37198198347665,37198198365444,0,0,256,1,1,655360,1,1
"KERNEL_DISPATCH",4,2,79,"void tile_fp16_gemm<128, 64, 4, 8, 32, false>(__half const*, __half const*, float*, float*, int, int, int, long, int)",1359,37198198365444,37198198778491,0,25088,256,1,1,8192,1,8
"KERNEL_DISPATCH",4,2,81,"tile_fp16_reduce(float const*, float*, int, int)",1360,37198198778491,37198198807529,0,0,256,1,1,65536,1,1
"KERNEL_DISPATCH",4,2,22,"void dequantize_block_iq3_s<__half>(void const*, __half*)",1361,37198198827974,37198198960421,0,0,32,1,1,1310720,1,1
"KERNEL_DISPATCH",4,2,58,"void convert_unary<float, __half>(void const*, __half*, long, long, long, HIP_vector_type<unsigned int, 3u>, long, long, long)",1362,37198198960421,37198198978051,0,0,256,1,1,655360,1,1
"KERNEL_DISPATCH",4,2,79,"void tile_fp16_gemm<128, 64, 4, 8, 32, false>(__half const*, __half const*, float*, float*, int, int, int, long, int)",1363,37198198978051,37198199400877,0,25088,256,1,1,8192,1,8
"KERNEL_DISPATCH",4,2,81,"tile_fp16_reduce(float const*, float*, int, int)",1364,37198199400877,37198199430211,0,0,256,1,1,65536,1,1
"KERNEL_DISPATCH",4,2,22,"void dequantize_block_iq3_s<__half>(void const*, __half*)",1365,37198199461471,37198199609030,0,0,32,1,1,1310720,1,1
"KERNEL_DISPATCH",4,2,58,"void convert_unary<float, __half>(void const*, __half*, long, long, long, HIP_vector_type<unsigned int, 3u>, long, long, long)",1366,37198199609030,37198199628734,0,0,256,1,1,655360,1,1
"KERNEL_DISPATCH",4,2,79,"void tile_fp16_gemm<128, 64, 4, 8, 32, false>(__half const*, __half const*, float*, float*, int, int, int, long, int)",1367,37198199628734,37198200074523,0,25088,256,1,1,8192,1,8
"KERNEL_DISPATCH",4,2,81,"tile_fp16_reduce(float const*, float*, int, int)",1368,37198200074523,37198200106524,0,0,256,1,1,65536,1,1
"KERNEL_DISPATCH",4,2,22,"void dequantize_block_iq3_s<__half>(void const*, __half*)",1369,37198200128599,37198200276010,0,0,32,1,1,1310720,1,1
"KERNEL_DISPATCH",4,2,58,"void convert_unary<float, __half>(void const*, __half*, long, long, long, HIP_vector_type<unsigned int, 3u>, long, long, long)",1370,37198200276010,37198200295862,0,0,256,1,1,655360,1,1
"KERNEL_DISPATCH",4,2,79,"void tile_fp16_gemm<128, 64, 4, 8, 32, false>(__half const*, __half const*, float*, float*, int, int, int, long, int)",1371,37198200295862,37198200729354,0,25088,256,1,1,8192,1,8
"KERNEL_DISPATCH",4,2,81,"tile_fp16_reduce(float const*, float*, int, int)",1372,37198200729354,37198200757948,0,0,256,1,1,65536,1,1
"KERNEL_DISPATCH",4,2,22,"void dequantize_block_iq3_s<__half>(void const*, __half*)",1373,37198200778096,37198200910544,0,0,32,1,1,1310720,1,1
"KERNEL_DISPATCH",4,2,58,"void convert_unary<float, __half>(void const*, __half*, long, long, long, HIP_vector_type<unsigned int, 3u>, long, long, long)",1374,37198200910544,37198200928618,0,0,256,1,1,655360,1,1
"KERNEL_DISPATCH",4,2,79,"void tile_fp16_gemm<128, 64, 4, 8, 32, false>(__half const*, __half const*, float*, float*, int, int, int, long, int)",1375,37198200928618,37198201348777,0,25088,256,1,1,8192,1,8
"KERNEL_DISPATCH",4,2,81,"tile_fp16_reduce(float const*, float*, int, int)",1376,37198201348777,37198201377370,0,0,256,1,1,65536,1,1
"KERNEL_DISPATCH",4,2,22,"void dequantize_block_iq3_s<__half>(void const*, __half*)",1377,37198201399001,37198201554115,0,0,32,1,1,1310720,1,1
"KERNEL_DISPATCH",4,2,58,"void convert_unary<float, __half>(void const*, __half*, long, long, long, HIP_vector_type<unsigned int, 3u>, long, long, long)",1378,37198201554115,37198201574116,0,0,256,1,1,655360,1,1
"KERNEL_DISPATCH",4,2,79,"void tile_fp16_gemm<128, 64, 4, 8, 32, false>(__half const*, __half const*, float*, float*, int, int, int, long, int)",1379,37198201574116,37198202017090,0,25088,256,1,1,8192,1,8
"KERNEL_DISPATCH",4,2,81,"tile_fp16_reduce(float const*, float*, int, int)",1380,37198202017090,37198202049239,0,0,256,1,1,65536,1,1
"KERNEL_DISPATCH",4,2,22,"void dequantize_block_iq3_s<__half>(void const*, __half*)",1381,37198202070721,37198202218132,0,0,32,1,1,1310720,1,1
"KERNEL_DISPATCH",4,2,58,"void convert_unary<float, __half>(void const*, __half*, long, long, long, HIP_vector_type<unsigned int, 3u>, long, long, long)",1382,37198202218132,37198202237984,0,0,256,1,1,655360,1,1
"KERNEL_DISPATCH",4,2,79,"void tile_fp16_gemm<128, 64, 4, 8, 32, false>(__half const*, __half const*, float*, float*, int, int, int, long, int)",1383,37198202237984,37198202674440,0,25088,256,1,1,8192,1,8
"KERNEL_DISPATCH",4,2,81,"tile_fp16_reduce(float const*, float*, int, int)",1384,37198202674440,37198202703477,0,0,256,1,1,65536,1,1
"KERNEL_DISPATCH",4,2,22,"void dequantize_block_iq3_s<__half>(void const*, __half*)",1385,37198202723922,37198202856370,0,0,32,1,1,1310720,1,1
"KERNEL_DISPATCH",4,2,58,"void convert_unary<float, __half>(void const*, __half*, long, long, long, HIP_vector_type<unsigned int, 3u>, long, long, long)",1386,37198202856370,37198202874148,0,0,256,1,1,655360,1,1
"KERNEL_DISPATCH",4,2,79,"void tile_fp16_gemm<128, 64, 4, 8, 32, false>(__half const*, __half const*, float*, float*, int, int, int, long, int)",1387,37198202874148,37198203287492,0,25088,256,1,1,8192,1,8
"KERNEL_DISPATCH",4,2,81,"tile_fp16_reduce(float const*, float*, int, int)",1388,37198203287492,37198203316233,0,0,256,1,1,65536,1,1
"KERNEL_DISPATCH",4,2,22,"void dequantize_block_iq3_s<__half>(void const*, __half*)",1389,37198203336382,37198203486015,0,0,32,1,1,1310720,1,1
"KERNEL_DISPATCH",4,2,58,"void convert_unary<float, __half>(void const*, __half*, long, long, long, HIP_vector_type<unsigned int, 3u>, long, long, long)",1390,37198203486015,37198203505423,0,0,256,1,1,655360,1,1
"KERNEL_DISPATCH",4,2,79,"void tile_fp16_gemm<128, 64, 4, 8, 32, false>(__half const*, __half const*, float*, float*, int, int, int, long, int)",1391,37198203505423,37198203949434,0,25088,256,1,1,8192,1,8
"KERNEL_DISPATCH",4,2,81,"tile_fp16_reduce(float const*, float*, int, int)",1392,37198203949434,37198203981880,0,0,256,1,1,65536,1,1
"KERNEL_DISPATCH",4,2,22,"void dequantize_block_iq3_s<__half>(void const*, __half*)",1393,37198204003658,37198204150921,0,0,32,1,1,1310720,1,1
"KERNEL_DISPATCH",4,2,58,"void convert_unary<float, __half>(void const*, __half*, long, long, long, HIP_vector_type<unsigned int, 3u>, long, long, long)",1394,37198204150921,37198204170625,0,0,256,1,1,655360,1,1
"KERNEL_DISPATCH",4,2,79,"void tile_fp16_gemm<128, 64, 4, 8, 32, false>(__half const*, __half const*, float*, float*, int, int, int, long, int)",1395,37198204170625,37198204612710,0,25088,256,1,1,8192,1,8
"KERNEL_DISPATCH",4,2,81,"tile_fp16_reduce(float const*, float*, int, int)",1396,37198204612710,37198204645007,0,0,256,1,1,65536,1,1
"KERNEL_DISPATCH",4,2,22,"void dequantize_block_iq3_s<__half>(void const*, __half*)",1397,37198204667230,37198204815234,0,0,32,1,1,1310720,1,1
"KERNEL_DISPATCH",4,2,58,"void convert_unary<float, __half>(void const*, __half*, long, long, long, HIP_vector_type<unsigned int, 3u>, long, long, long)",1398,37198204815234,37198204834790,0,0,256,1,1,655360,1,1
"KERNEL_DISPATCH",4,2,79,"void tile_fp16_gemm<128, 64, 4, 8, 32, false>(__half const*, __half const*, float*, float*, int, int, int, long, int)",1399,37198204834790,37198205275393,0,25088,256,1,1,8192,1,8
"KERNEL_DISPATCH",4,2,81,"tile_fp16_reduce(float const*, float*, int, int)",1400,37198205275393,37198205307542,0,0,256,1,1,65536,1,1
"KERNEL_DISPATCH",4,2,22,"void dequantize_block_iq3_s<__half>(void const*, __half*)",1401,37198205329617,37198205477028,0,0,32,1,1,1310720,1,1
"KERNEL_DISPATCH",4,2,58,"void convert_unary<float, __half>(void const*, __half*, long, long, long, HIP_vector_type<unsigned int, 3u>, long, long, long)",1402,37198205477028,37198205496732,0,0,256,1,1,655360,1,1
"KERNEL_DISPATCH",4,2,79,"void tile_fp16_gemm<128, 64, 4, 8, 32, false>(__half const*, __half const*, float*, float*, int, int, int, long, int)",1403,37198205496732,37198205937039,0,25088,256,1,1,8192,1,8
"KERNEL_DISPATCH",4,2,81,"tile_fp16_reduce(float const*, float*, int, int)",1404,37198205937039,37198205968892,0,0,256,1,1,65536,1,1
"KERNEL_DISPATCH",4,2,22,"void dequantize_block_iq3_s<__half>(void const*, __half*)",1405,37198205990967,37198206138526,0,0,32,1,1,1310720,1,1
"KERNEL_DISPATCH",4,2,58,"void convert_unary<float, __half>(void const*, __half*, long, long, long, HIP_vector_type<unsigned int, 3u>, long, long, long)",1406,37198206138526,37198206158526,0,0,256,1,1,655360,1,1
"KERNEL_DISPATCH",4,2,79,"void tile_fp16_gemm<128, 64, 4, 8, 32, false>(__half const*, __half const*, float*, float*, int, int, int, long, int)",1407,37198206158526,37198206598093,0,25088,256,1,1,8192,1,8
"KERNEL_DISPATCH",4,2,81,"tile_fp16_reduce(float const*, float*, int, int)",1408,37198206598093,37198206627131,0,0,256,1,1,65536,1,1
"KERNEL_DISPATCH",4,2,22,"void dequantize_block_iq3_s<__half>(void const*, __half*)",1409,37198206647724,37198206780023,0,0,32,1,1,1310720,1,1
"KERNEL_DISPATCH",4,2,58,"void convert_unary<float, __half>(void const*, __half*, long, long, long, HIP_vector_type<unsigned int, 3u>, long, long, long)",1410,37198206780023,37198206797505,0,0,256,1,1,655360,1,1
"KERNEL_DISPATCH",4,2,79,"void tile_fp16_gemm<128, 64, 4, 8, 32, false>(__half const*, __half const*, float*, float*, int, int, int, long, int)",1411,37198206797505,37198207208775,0,25088,256,1,1,8192,1,8
"KERNEL_DISPATCH",4,2,81,"tile_fp16_reduce(float const*, float*, int, int)",1412,37198207208775,37198207237961,0,0,256,1,1,65536,1,1
"KERNEL_DISPATCH",4,2,22,"void dequantize_block_iq3_s<__half>(void const*, __half*)",1413,37198207258405,37198207391742,0,0,32,1,1,1310720,1,1
"KERNEL_DISPATCH",4,2,58,"void convert_unary<float, __half>(void const*, __half*, long, long, long, HIP_vector_type<unsigned int, 3u>, long, long, long)",1414,37198207391742,37198207410854,0,0,256,1,1,655360,1,1
"KERNEL_DISPATCH",4,2,79,"void tile_fp16_gemm<128, 64, 4, 8, 32, false>(__half const*, __half const*, float*, float*, int, int, int, long, int)",1415,37198207410854,37198207862124,0,25088,256,1,1,8192,1,8
"KERNEL_DISPATCH",4,2,81,"tile_fp16_reduce(float const*, float*, int, int)",1416,37198207862124,37198207893977,0,0,256,1,1,65536,1,1
"KERNEL_DISPATCH",4,2,22,"void dequantize_block_iq3_s<__half>(void const*, __half*)",1417,37198207915607,37198208063463,0,0,32,1,1,1310720,1,1
"KERNEL_DISPATCH",4,2,58,"void convert_unary<float, __half>(void const*, __half*, long, long, long, HIP_vector_type<unsigned int, 3u>, long, long, long)",1418,37198208063463,37198208082870,0,0,256,1,1,655360,1,1
"KERNEL_DISPATCH",4,2,79,"void tile_fp16_gemm<128, 64, 4, 8, 32, false>(__half const*, __half const*, float*, float*, int, int, int, long, int)",1419,37198208082870,37198208527474,0,25088,256,1,1,8192,1,8
"KERNEL_DISPATCH",4,2,81,"tile_fp16_reduce(float const*, float*, int, int)",1420,37198208527474,37198208560364,0,0,256,1,1,65536,1,1
"KERNEL_DISPATCH",4,2,22,"void dequantize_block_iq3_s<__half>(void const*, __half*)",1421,37198208582142,37198208729849,0,0,32,1,1,1310720,1,1
"KERNEL_DISPATCH",4,2,58,"void convert_unary<float, __half>(void const*, __half*, long, long, long, HIP_vector_type<unsigned int, 3u>, long, long, long)",1422,37198208729849,37198208749257,0,0,256,1,1,655360,1,1
"KERNEL_DISPATCH",4,2,79,"void tile_fp16_gemm<128, 64, 4, 8, 32, false>(__half const*, __half const*, float*, float*, int, int, int, long, int)",1423,37198208749257,37198209194305,0,25088,256,1,1,8192,1,8
"KERNEL_DISPATCH",4,2,81,"tile_fp16_reduce(float const*, float*, int, int)",1424,37198209194305,37198209227047,0,0,256,1,1,65536,1,1
"KERNEL_DISPATCH",4,2,22,"void dequantize_block_iq3_s<__half>(void const*, __half*)",1425,37198209252381,37198209399644,0,0,32,1,1,1310720,1,1
"KERNEL_DISPATCH",4,2,58,"void convert_unary<float, __half>(void const*, __half*, long, long, long, HIP_vector_type<unsigned int, 3u>, long, long, long)",1426,37198209399644,37198209419200,0,0,256,1,1,655360,1,1
"KERNEL_DISPATCH",4,2,79,"void tile_fp16_gemm<128, 64, 4, 8, 32, false>(__half const*, __half const*, float*, float*, int, int, int, long, int)",1427,37198209419200,37198209859359,0,25088,256,1,1,8192,1,8
"KERNEL_DISPATCH",4,2,81,"tile_fp16_reduce(float const*, float*, int, int)",1428,37198209859359,37198209891656,0,0,256,1,1,65536,1,1
"KERNEL_DISPATCH",4,2,22,"void dequantize_block_iq3_s<__half>(void const*, __half*)",1429,37198209913731,37198210060994,0,0,32,1,1,1310720,1,1
"KERNEL_DISPATCH",4,2,58,"void convert_unary<float, __half>(void const*, __half*, long, long, long, HIP_vector_type<unsigned int, 3u>, long, long, long)",1430,37198210060994,37198210080550,0,0,256,1,1,655360,1,1
"KERNEL_DISPATCH",4,2,79,"void tile_fp16_gemm<128, 64, 4, 8, 32, false>(__half const*, __half const*, float*, float*, int, int, int, long, int)",1431,37198210080550,37198210518190,0,25088,256,1,1,8192,1,8
"KERNEL_DISPATCH",4,2,81,"tile_fp16_reduce(float const*, float*, int, int)",1432,37198210518190,37198210550636,0,0,256,1,1,65536,1,1
"KERNEL_DISPATCH",4,2,22,"void dequantize_block_iq3_s<__half>(void const*, __half*)",1433,37198210572858,37198210720418,0,0,32,1,1,1310720,1,1
"KERNEL_DISPATCH",4,2,58,"void convert_unary<float, __half>(void const*, __half*, long, long, long, HIP_vector_type<unsigned int, 3u>, long, long, long)",1434,37198210720418,37198210739825,0,0,256,1,1,655360,1,1
"KERNEL_DISPATCH",4,2,79,"void tile_fp16_gemm<128, 64, 4, 8, 32, false>(__half const*, __half const*, float*, float*, int, int, int, long, int)",1435,37198210739825,37198211177910,0,25088,256,1,1,8192,1,8
"KERNEL_DISPATCH",4,2,81,"tile_fp16_reduce(float const*, float*, int, int)",1436,37198211177910,37198211210207,0,0,256,1,1,65536,1,1
"KERNEL_DISPATCH",4,2,22,"void dequantize_block_iq3_s<__half>(void const*, __half*)",1437,37198211249764,37198211397620,0,0,32,1,1,1310720,1,1
"KERNEL_DISPATCH",4,2,58,"void convert_unary<float, __half>(void const*, __half*, long, long, long, HIP_vector_type<unsigned int, 3u>, long, long, long)",1438,37198211397620,37198211417176,0,0,256,1,1,655360,1,1
"KERNEL_DISPATCH",4,2,79,"void tile_fp16_gemm<128, 64, 4, 8, 32, false>(__half const*, __half const*, float*, float*, int, int, int, long, int)",1439,37198211417176,37198211851557,0,25088,256,1,1,8192,1,8
"KERNEL_DISPATCH",4,2,81,"tile_fp16_reduce(float const*, float*, int, int)",1440,37198211851557,37198211880446,0,0,256,1,1,65536,1,1
"KERNEL_DISPATCH",4,2,22,"void dequantize_block_iq3_s<__half>(void const*, __half*)",1441,37198211901039,37198212033339,0,0,32,1,1,1310720,1,1
"KERNEL_DISPATCH",4,2,58,"void convert_unary<float, __half>(void const*, __half*, long, long, long, HIP_vector_type<unsigned int, 3u>, long, long, long)",1442,37198212033339,37198212050821,0,0,256,1,1,655360,1,1
"KERNEL_DISPATCH",4,2,79,"void tile_fp16_gemm<128, 64, 4, 8, 32, false>(__half const*, __half const*, float*, float*, int, int, int, long, int)",1443,37198212050821,37198212481054,0,25088,256,1,1,8192,1,8
"KERNEL_DISPATCH",4,2,81,"tile_fp16_reduce(float const*, float*, int, int)",1444,37198212481054,37198212513795,0,0,256,1,1,65536,1,1
"KERNEL_DISPATCH",4,2,22,"void dequantize_block_iq3_s<__half>(void const*, __half*)",1445,37198212535426,37198212682985,0,0,32,1,1,1310720,1,1
"KERNEL_DISPATCH",4,2,58,"void convert_unary<float, __half>(void const*, __half*, long, long, long, HIP_vector_type<unsigned int, 3u>, long, long, long)",1446,37198212682985,37198212702393,0,0,256,1,1,655360,1,1
"KERNEL_DISPATCH",4,2,79,"void tile_fp16_gemm<128, 64, 4, 8, 32, false>(__half const*, __half const*, float*, float*, int, int, int, long, int)",1447,37198212702393,37198213150700,0,25088,256,1,1,8192,1,8
"KERNEL_DISPATCH",4,2,81,"tile_fp16_reduce(float const*, float*, int, int)",1448,37198213150700,37198213182849,0,0,256,1,1,65536,1,1
"KERNEL_DISPATCH",4,2,22,"void dequantize_block_iq3_s<__half>(void const*, __half*)",1449,37198213204627,37198213352187,0,0,32,1,1,1310720,1,1
"KERNEL_DISPATCH",4,2,58,"void convert_unary<float, __half>(void const*, __half*, long, long, long, HIP_vector_type<unsigned int, 3u>, long, long, long)",1450,37198213352187,37198213371595,0,0,256,1,1,655360,1,1
"KERNEL_DISPATCH",4,2,79,"void tile_fp16_gemm<128, 64, 4, 8, 32, false>(__half const*, __half const*, float*, float*, int, int, int, long, int)",1451,37198213371595,37198213803161,0,25088,256,1,1,8192,1,8
"KERNEL_DISPATCH",4,2,81,"tile_fp16_reduce(float const*, float*, int, int)",1452,37198213803161,37198213832495,0,0,256,1,1,65536,1,1
"KERNEL_DISPATCH",4,2,22,"void dequantize_block_iq3_s<__half>(void const*, __half*)",1453,37198213852644,37198213985239,0,0,32,1,1,1310720,1,1
"KERNEL_DISPATCH",4,2,58,"void convert_unary<float, __half>(void const*, __half*, long, long, long, HIP_vector_type<unsigned int, 3u>, long, long, long)",1454,37198213985239,37198214002870,0,0,256,1,1,655360,1,1
"KERNEL_DISPATCH",4,2,79,"void tile_fp16_gemm<128, 64, 4, 8, 32, false>(__half const*, __half const*, float*, float*, int, int, int, long, int)",1455,37198214002870,37198214419324,0,25088,256,1,1,8192,1,8
"KERNEL_DISPATCH",4,2,81,"tile_fp16_reduce(float const*, float*, int, int)",1456,37198214419324,37198214460807,0,0,256,1,1,65536,1,1
"KERNEL_DISPATCH",4,2,22,"void dequantize_block_iq3_s<__half>(void const*, __half*)",1457,37198214482585,37198214630293,0,0,32,1,1,1310720,1,1
"KERNEL_DISPATCH",4,2,58,"void convert_unary<float, __half>(void const*, __half*, long, long, long, HIP_vector_type<unsigned int, 3u>, long, long, long)",1458,37198214630293,37198214649849,0,0,256,1,1,655360,1,1
"KERNEL_DISPATCH",4,2,79,"void tile_fp16_gemm<128, 64, 4, 8, 32, false>(__half const*, __half const*, float*, float*, int, int, int, long, int)",1459,37198214649849,37198215091785,0,25088,256,1,1,8192,1,8
"KERNEL_DISPATCH",4,2,81,"tile_fp16_reduce(float const*, float*, int, int)",1460,37198215091785,37198215123934,0,0,256,1,1,65536,1,1
"KERNEL_DISPATCH",4,2,22,"void dequantize_block_iq3_s<__half>(void const*, __half*)",1461,37198215145861,37198215293568,0,0,32,1,1,1310720,1,1
"KERNEL_DISPATCH",4,2,58,"void convert_unary<float, __half>(void const*, __half*, long, long, long, HIP_vector_type<unsigned int, 3u>, long, long, long)",1462,37198215293568,37198215313272,0,0,256,1,1,655360,1,1
"KERNEL_DISPATCH",4,2,79,"void tile_fp16_gemm<128, 64, 4, 8, 32, false>(__half const*, __half const*, float*, float*, int, int, int, long, int)",1463,37198215313272,37198215744246,0,25088,256,1,1,8192,1,8
"KERNEL_DISPATCH",4,2,81,"tile_fp16_reduce(float const*, float*, int, int)",1464,37198215744246,37198215773136,0,0,256,1,1,65536,1,1
"KERNEL_DISPATCH",4,2,22,"void dequantize_block_iq3_s<__half>(void const*, __half*)",1465,37198215793729,37198215925880,0,0,32,1,1,1310720,1,1
"KERNEL_DISPATCH",4,2,58,"void convert_unary<float, __half>(void const*, __half*, long, long, long, HIP_vector_type<unsigned int, 3u>, long, long, long)",1466,37198215925880,37198215943510,0,0,256,1,1,655360,1,1
"KERNEL_DISPATCH",4,2,79,"void tile_fp16_gemm<128, 64, 4, 8, 32, false>(__half const*, __half const*, float*, float*, int, int, int, long, int)",1467,37198215943510,37198216358780,0,25088,256,1,1,8192,1,8
"KERNEL_DISPATCH",4,2,81,"tile_fp16_reduce(float const*, float*, int, int)",1468,37198216358780,37198216387818,0,0,256,1,1,65536,1,1
"KERNEL_DISPATCH",4,2,22,"void dequantize_block_iq3_s<__half>(void const*, __half*)",1469,37198216409448,37198216564415,0,0,32,1,1,1310720,1,1
"KERNEL_DISPATCH",4,2,58,"void convert_unary<float, __half>(void const*, __half*, long, long, long, HIP_vector_type<unsigned int, 3u>, long, long, long)",1470,37198216564415,37198216583823,0,0,256,1,1,655360,1,1
"KERNEL_DISPATCH",4,2,79,"void tile_fp16_gemm<128, 64, 4, 8, 32, false>(__half const*, __half const*, float*, float*, int, int, int, long, int)",1471,37198216583823,37198217021759,0,25088,256,1,1,8192,1,8
"KERNEL_DISPATCH",4,2,81,"tile_fp16_reduce(float const*, float*, int, int)",1472,37198217021759,37198217053760,0,0,256,1,1,65536,1,1
"KERNEL_DISPATCH",4,2,22,"void dequantize_block_iq3_s<__half>(void const*, __half*)",1473,37198217075539,37198217223098,0,0,32,1,1,1310720,1,1
"KERNEL_DISPATCH",4,2,58,"void convert_unary<float, __half>(void const*, __half*, long, long, long, HIP_vector_type<unsigned int, 3u>, long, long, long)",1474,37198217223098,37198217242654,0,0,256,1,1,655360,1,1
"KERNEL_DISPATCH",4,2,79,"void tile_fp16_gemm<128, 64, 4, 8, 32, false>(__half const*, __half const*, float*, float*, int, int, int, long, int)",1475,37198217242654,37198217681035,0,25088,256,1,1,8192,1,8
"KERNEL_DISPATCH",4,2,81,"tile_fp16_reduce(float const*, float*, int, int)",1476,37198217681035,37198217710073,0,0,256,1,1,65536,1,1
"KERNEL_DISPATCH",4,2,22,"void dequantize_block_iq3_s<__half>(void const*, __half*)",1477,37198217730221,37198217862669,0,0,32,1,1,1310720,1,1
"KERNEL_DISPATCH",4,2,58,"void convert_unary<float, __half>(void const*, __half*, long, long, long, HIP_vector_type<unsigned int, 3u>, long, long, long)",1478,37198217862669,37198217880299,0,0,256,1,1,655360,1,1
"KERNEL_DISPATCH",4,2,79,"void tile_fp16_gemm<128, 64, 4, 8, 32, false>(__half const*, __half const*, float*, float*, int, int, int, long, int)",1479,37198217880299,37198218297791,0,25088,256,1,1,8192,1,8
"KERNEL_DISPATCH",4,2,81,"tile_fp16_reduce(float const*, float*, int, int)",1480,37198218297791,37198218327125,0,0,256,1,1,65536,1,1
"KERNEL_DISPATCH",4,2,22,"void dequantize_block_iq3_s<__half>(void const*, __half*)",1481,37198218347570,37198218498092,0,0,32,1,1,1310720,1,1
"KERNEL_DISPATCH",4,2,58,"void convert_unary<float, __half>(void const*, __half*, long, long, long, HIP_vector_type<unsigned int, 3u>, long, long, long)",1482,37198218498092,37198218517500,0,0,256,1,1,655360,1,1
"KERNEL_DISPATCH",4,2,79,"void tile_fp16_gemm<128, 64, 4, 8, 32, false>(__half const*, __half const*, float*, float*, int, int, int, long, int)",1483,37198218517500,37198218957215,0,25088,256,1,1,8192,1,8
"KERNEL_DISPATCH",4,2,81,"tile_fp16_reduce(float const*, float*, int, int)",1484,37198218957215,37198218989364,0,0,256,1,1,65536,1,1
"KERNEL_DISPATCH",4,2,22,"void dequantize_block_iq3_s<__half>(void const*, __half*)",1485,37198219010994,37198219158257,0,0,32,1,1,1310720,1,1
"KERNEL_DISPATCH",4,2,58,"void convert_unary<float, __half>(void const*, __half*, long, long, long, HIP_vector_type<unsigned int, 3u>, long, long, long)",1486,37198219158257,37198219177813,0,0,256,1,1,655360,1,1
"KERNEL_DISPATCH",4,2,79,"void tile_fp16_gemm<128, 64, 4, 8, 32, false>(__half const*, __half const*, float*, float*, int, int, int, long, int)",1487,37198219177813,37198219618565,0,25088,256,1,1,8192,1,8
"KERNEL_DISPATCH",4,2,81,"tile_fp16_reduce(float const*, float*, int, int)",1488,37198219618565,37198219650862,0,0,256,1,1,65536,1,1
"KERNEL_DISPATCH",4,2,22,"void dequantize_block_iq3_s<__half>(void const*, __half*)",1489,37198219673085,37198219820496,0,0,32,1,1,1310720,1,1
"KERNEL_DISPATCH",4,2,58,"void convert_unary<float, __half>(void const*, __half*, long, long, long, HIP_vector_type<unsigned int, 3u>, long, long, long)",1490,37198219820496,37198219840348,0,0,256,1,1,655360,1,1
"KERNEL_DISPATCH",4,2,79,"void tile_fp16_gemm<128, 64, 4, 8, 32, false>(__half const*, __half const*, float*, float*, int, int, int, long, int)",1491,37198219840348,37198220278137,0,25088,256,1,1,8192,1,8
"KERNEL_DISPATCH",4,2,81,"tile_fp16_reduce(float const*, float*, int, int)",1492,37198220278137,37198220310730,0,0,256,1,1,65536,1,1
"KERNEL_DISPATCH",4,2,22,"void dequantize_block_iq3_s<__half>(void const*, __half*)",1493,37198220332657,37198220480216,0,0,32,1,1,1310720,1,1
"KERNEL_DISPATCH",4,2,58,"void convert_unary<float, __half>(void const*, __half*, long, long, long, HIP_vector_type<unsigned int, 3u>, long, long, long)",1494,37198220480216,37198220499920,0,0,256,1,1,655360,1,1
"KERNEL_DISPATCH",4,2,79,"void tile_fp16_gemm<128, 64, 4, 8, 32, false>(__half const*, __half const*, float*, float*, int, int, int, long, int)",1495,37198220499920,37198220941116,0,25088,256,1,1,8192,1,8
"KERNEL_DISPATCH",4,2,81,"tile_fp16_reduce(float const*, float*, int, int)",1496,37198220941116,37198220973710,0,0,256,1,1,65536,1,1
"KERNEL_DISPATCH",4,2,22,"void dequantize_block_iq3_s<__half>(void const*, __half*)",1497,37198220995784,37198221143195,0,0,32,1,1,1310720,1,1
"KERNEL_DISPATCH",4,2,58,"void convert_unary<float, __half>(void const*, __half*, long, long, long, HIP_vector_type<unsigned int, 3u>, long, long, long)",1498,37198221143195,37198221162751,0,0,256,1,1,655360,1,1
"KERNEL_DISPATCH",4,2,79,"void tile_fp16_gemm<128, 64, 4, 8, 32, false>(__half const*, __half const*, float*, float*, int, int, int, long, int)",1499,37198221162751,37198221610911,0,25088,256,1,1,8192,1,8
"KERNEL_DISPATCH",4,2,81,"tile_fp16_reduce(float const*, float*, int, int)",1500,37198221610911,37198221640096,0,0,256,1,1,65536,1,1
"KERNEL_DISPATCH",4,2,22,"void dequantize_block_iq3_s<__half>(void const*, __half*)",1501,37198221660541,37198221792989,0,0,32,1,1,1310720,1,1
"KERNEL_DISPATCH",4,2,58,"void convert_unary<float, __half>(void const*, __half*, long, long, long, HIP_vector_type<unsigned int, 3u>, long, long, long)",1502,37198221792989,37198221810471,0,0,256,1,1,655360,1,1
"KERNEL_DISPATCH",4,2,79,"void tile_fp16_gemm<128, 64, 4, 8, 32, false>(__half const*, __half const*, float*, float*, int, int, int, long, int)",1503,37198221810471,37198222231963,0,25088,256,1,1,8192,1,8
"KERNEL_DISPATCH",4,2,81,"tile_fp16_reduce(float const*, float*, int, int)",1504,37198222231963,37198222260408,0,0,256,1,1,65536,1,1
"KERNEL_DISPATCH",4,2,22,"void dequantize_block_iq3_s<__half>(void const*, __half*)",1505,37198222280853,37198222416560,0,0,32,1,1,1310720,1,1
"KERNEL_DISPATCH",4,2,58,"void convert_unary<float, __half>(void const*, __half*, long, long, long, HIP_vector_type<unsigned int, 3u>, long, long, long)",1506,37198222416560,37198222435820,0,0,256,1,1,655360,1,1
"KERNEL_DISPATCH",4,2,79,"void tile_fp16_gemm<128, 64, 4, 8, 32, false>(__half const*, __half const*, float*, float*, int, int, int, long, int)",1507,37198222435820,37198222888128,0,25088,256,1,1,8192,1,8
"KERNEL_DISPATCH",4,2,81,"tile_fp16_reduce(float const*, float*, int, int)",1508,37198222888128,37198222920425,0,0,256,1,1,65536,1,1
"KERNEL_DISPATCH",4,2,22,"void dequantize_block_iq3_s<__half>(void const*, __half*)",1509,37198222942055,37198223089466,0,0,32,1,1,1310720,1,1
"KERNEL_DISPATCH",4,2,58,"void convert_unary<float, __half>(void const*, __half*, long, long, long, HIP_vector_type<unsigned int, 3u>, long, long, long)",1510,37198223089466,37198223109022,0,0,256,1,1,655360,1,1
"KERNEL_DISPATCH",4,2,79,"void tile_fp16_gemm<128, 64, 4, 8, 32, false>(__half const*, __half const*, float*, float*, int, int, int, long, int)",1511,37198223109022,37198223555996,0,25088,256,1,1,8192,1,8
"KERNEL_DISPATCH",4,2,81,"tile_fp16_reduce(float const*, float*, int, int)",1512,37198223555996,37198223588293,0,0,256,1,1,65536,1,1
"KERNEL_DISPATCH",4,2,22,"void dequantize_block_iq3_s<__half>(void const*, __half*)",1513,37202871181208,37202871430400,0,0,32,1,1,2621440,1,1
"KERNEL_DISPATCH",4,2,58,"void convert_unary<float, __half>(void const*, __half*, long, long, long, HIP_vector_type<unsigned int, 3u>, long, long, long)",1514,37202871430400,37202871448622,0,0,256,1,1,655360,1,1
"KERNEL_DISPATCH",4,2,79,"void tile_fp16_gemm<128, 64, 4, 8, 32, false>(__half const*, __half const*, float*, float*, int, int, int, long, int)",1515,37202871448622,37202872285976,0,25088,256,1,1,16384,1,4
"KERNEL_DISPATCH",4,2,81,"tile_fp16_reduce(float const*, float*, int, int)",1516,37202872285976,37202872344940,0,0,256,1,1,131072,1,1
"KERNEL_DISPATCH",4,2,22,"void dequantize_block_iq3_s<__half>(void const*, __half*)",1517,37202872653392,37202872899769,0,0,32,1,1,2621440,1,1
"KERNEL_DISPATCH",4,2,58,"void convert_unary<float, __half>(void const*, __half*, long, long, long, HIP_vector_type<unsigned int, 3u>, long, long, long)",1518,37202872899769,37202872916954,0,0,256,1,1,655360,1,1
"KERNEL_DISPATCH",4,2,79,"void tile_fp16_gemm<128, 64, 4, 8, 32, false>(__half const*, __half const*, float*, float*, int, int, int, long, int)",1519,37202872916954,37202873756679,0,25088,256,1,1,16384,1,4
"KERNEL_DISPATCH",4,2,81,"tile_fp16_reduce(float const*, float*, int, int)",1520,37202873756679,37202873815347,0,0,256,1,1,131072,1,1
"KERNEL_DISPATCH",4,2,22,"void dequantize_block_iq3_s<__half>(void const*, __half*)",1521,37202873836681,37202874082761,0,0,32,1,1,2621440,1,1
"KERNEL_DISPATCH",4,2,58,"void convert_unary<float, __half>(void const*, __half*, long, long, long, HIP_vector_type<unsigned int, 3u>, long, long, long)",1522,37202874082761,37202874100095,0,0,256,1,1,655360,1,1
"KERNEL_DISPATCH",4,2,81,"tile_fp16_reduce(float const*, float*, int, int)",1524,37202874951227,37202875013155,0,0,256,1,1,131072,1,1
"KERNEL_DISPATCH",4,2,79,"void tile_fp16_gemm<128, 64, 4, 8, 32, false>(__half const*, __half const*, float*, float*, int, int, int, long, int)",1523,37202874100095,37202874951227,0,25088,256,1,1,16384,1,4
"KERNEL_DISPATCH",4,2,22,"void dequantize_block_iq3_s<__half>(void const*, __half*)",1525,37202875040563,37202875302643,0,0,32,1,1,2621440,1,1
"KERNEL_DISPATCH",4,2,58,"void convert_unary<float, __half>(void const*, __half*, long, long, long, HIP_vector_type<unsigned int, 3u>, long, long, long)",1526,37202875302643,37202875320422,0,0,256,1,1,655360,1,1
"KERNEL_DISPATCH",4,2,81,"tile_fp16_reduce(float const*, float*, int, int)",1528,37202876229778,37202876298816,0,0,256,1,1,131072,1,1
"KERNEL_DISPATCH",4,2,79,"void tile_fp16_gemm<128, 64, 4, 8, 32, false>(__half const*, __half const*, float*, float*, int, int, int, long, int)",1527,37202875320422,37202876229778,0,25088,256,1,1,16384,1,4
"KERNEL_DISPATCH",4,2,22,"void dequantize_block_iq3_s<__half>(void const*, __half*)",1529,37202876321484,37202876613491,0,0,32,1,1,2621440,1,1
"KERNEL_DISPATCH",4,2,58,"void convert_unary<float, __half>(void const*, __half*, long, long, long, HIP_vector_type<unsigned int, 3u>, long, long, long)",1530,37202876613491,37202876633195,0,0,256,1,1,655360,1,1
"KERNEL_DISPATCH",4,2,79,"void tile_fp16_gemm<128, 64, 4, 8, 32, false>(__half const*, __half const*, float*, float*, int, int, int, long, int)",1531,37202876633195,37202877528180,0,25088,256,1,1,16384,1,4
"KERNEL_DISPATCH",4,2,81,"tile_fp16_reduce(float const*, float*, int, int)",1532,37202877528180,37202877590256,0,0,256,1,1,131072,1,1
"KERNEL_DISPATCH",4,2,22,"void dequantize_block_iq3_s<__half>(void const*, __half*)",1533,37202877612627,37202877864041,0,0,32,1,1,2621440,1,1
"KERNEL_DISPATCH",4,2,58,"void convert_unary<float, __half>(void const*, __half*, long, long, long, HIP_vector_type<unsigned int, 3u>, long, long, long)",1534,37202877864041,37202877880782,0,0,256,1,1,655360,1,1
"KERNEL_DISPATCH",4,2,79,"void tile_fp16_gemm<128, 64, 4, 8, 32, false>(__half const*, __half const*, float*, float*, int, int, int, long, int)",1535,37202877880782,37202878717247,0,25088,256,1,1,16384,1,4
"KERNEL_DISPATCH",4,2,81,"tile_fp16_reduce(float const*, float*, int, int)",1536,37202878717247,37202878779471,0,0,256,1,1,131072,1,1
"KERNEL_DISPATCH",4,2,22,"void dequantize_block_iq3_s<__half>(void const*, __half*)",1537,37202878800360,37202879062441,0,0,32,1,1,2621440,1,1
"KERNEL_DISPATCH",4,2,58,"void convert_unary<float, __half>(void const*, __half*, long, long, long, HIP_vector_type<unsigned int, 3u>, long, long, long)",1538,37202879062441,37202879080071,0,0,256,1,1,655360,1,1
"KERNEL_DISPATCH",4,2,79,"void tile_fp16_gemm<128, 64, 4, 8, 32, false>(__half const*, __half const*, float*, float*, int, int, int, long, int)",1539,37202879080071,37202879967945,0,25088,256,1,1,16384,1,4
"KERNEL_DISPATCH",4,2,81,"tile_fp16_reduce(float const*, float*, int, int)",1540,37202879967945,37202880036539,0,0,256,1,1,131072,1,1
"KERNEL_DISPATCH",4,2,22,"void dequantize_block_iq3_s<__half>(void const*, __half*)",1541,37202880060392,37202880352399,0,0,32,1,1,2621440,1,1
"KERNEL_DISPATCH",4,2,58,"void convert_unary<float, __half>(void const*, __half*, long, long, long, HIP_vector_type<unsigned int, 3u>, long, long, long)",1542,37202880352399,37202880371955,0,0,256,1,1,655360,1,1
"KERNEL_DISPATCH",4,2,79,"void tile_fp16_gemm<128, 64, 4, 8, 32, false>(__half const*, __half const*, float*, float*, int, int, int, long, int)",1543,37202880371955,37202881293163,0,25088,256,1,1,16384,1,4
"KERNEL_DISPATCH",4,2,81,"tile_fp16_reduce(float const*, float*, int, int)",1544,37202881293163,37202881362202,0,0,256,1,1,131072,1,1
"KERNEL_DISPATCH",4,2,22,"void dequantize_block_iq3_s<__half>(void const*, __half*)",1545,37202881385165,37202881677024,0,0,32,1,1,2621440,1,1
"KERNEL_DISPATCH",4,2,58,"void convert_unary<float, __half>(void const*, __half*, long, long, long, HIP_vector_type<unsigned int, 3u>, long, long, long)",1546,37202881677024,37202881696877,0,0,256,1,1,655360,1,1
"KERNEL_DISPATCH",4,2,79,"void tile_fp16_gemm<128, 64, 4, 8, 32, false>(__half const*, __half const*, float*, float*, int, int, int, long, int)",1547,37202881696877,37202882533490,0,25088,256,1,1,16384,1,4
"KERNEL_DISPATCH",4,2,81,"tile_fp16_reduce(float const*, float*, int, int)",1548,37202882533490,37202882595418,0,0,256,1,1,131072,1,1
"KERNEL_DISPATCH",4,2,22,"void dequantize_block_iq3_s<__half>(void const*, __half*)",1549,37202882617640,37202882879277,0,0,32,1,1,2621440,1,1
"KERNEL_DISPATCH",4,2,58,"void convert_unary<float, __half>(void const*, __half*, long, long, long, HIP_vector_type<unsigned int, 3u>, long, long, long)",1550,37202882879277,37202882897055,0,0,256,1,1,655360,1,1
"KERNEL_DISPATCH",4,2,79,"void tile_fp16_gemm<128, 64, 4, 8, 32, false>(__half const*, __half const*, float*, float*, int, int, int, long, int)",1551,37202882897055,37202883775891,0,25088,256,1,1,16384,1,4
"KERNEL_DISPATCH",4,2,81,"tile_fp16_reduce(float const*, float*, int, int)",1552,37202883775891,37202883844782,0,0,256,1,1,131072,1,1
"KERNEL_DISPATCH",4,2,22,"void dequantize_block_iq3_s<__half>(void const*, __half*)",1553,37202883867153,37202884159012,0,0,32,1,1,2621440,1,1
"KERNEL_DISPATCH",4,2,58,"void convert_unary<float, __half>(void const*, __half*, long, long, long, HIP_vector_type<unsigned int, 3u>, long, long, long)",1554,37202884159012,37202884179013,0,0,256,1,1,655360,1,1
"KERNEL_DISPATCH",4,2,79,"void tile_fp16_gemm<128, 64, 4, 8, 32, false>(__half const*, __half const*, float*, float*, int, int, int, long, int)",1555,37202884179013,37202885170741,0,25088,256,1,1,16384,1,4
"KERNEL_DISPATCH",4,2,81,"tile_fp16_reduce(float const*, float*, int, int)",1556,37202885170741,37202885249261,0,0,256,1,1,131072,1,1
"KERNEL_DISPATCH",4,2,22,"void dequantize_block_iq3_s<__half>(void const*, __half*)",1557,37202885277410,37202885612826,0,0,32,1,1,2621440,1,1
"KERNEL_DISPATCH",4,2,58,"void convert_unary<float, __half>(void const*, __half*, long, long, long, HIP_vector_type<unsigned int, 3u>, long, long, long)",1558,37202885612826,37202885639493,0,0,256,1,1,655360,1,1
"KERNEL_DISPATCH",4,2,79,"void tile_fp16_gemm<128, 64, 4, 8, 32, false>(__half const*, __half const*, float*, float*, int, int, int, long, int)",1559,37202885639493,37202886613888,0,25088,256,1,1,16384,1,4
"KERNEL_DISPATCH",4,2,81,"tile_fp16_reduce(float const*, float*, int, int)",1560,37202886613888,37202886682927,0,0,256,1,1,131072,1,1
"KERNEL_DISPATCH",4,2,22,"void dequantize_block_iq3_s<__half>(void const*, __half*)",1561,37202886706187,37202886998194,0,0,32,1,1,2621440,1,1
"KERNEL_DISPATCH",4,2,58,"void convert_unary<float, __half>(void const*, __half*, long, long, long, HIP_vector_type<unsigned int, 3u>, long, long, long)",1562,37202886998194,37202887017898,0,0,256,1,1,655360,1,1
"KERNEL_DISPATCH",4,2,79,"void tile_fp16_gemm<128, 64, 4, 8, 32, false>(__half const*, __half const*, float*, float*, int, int, int, long, int)",1563,37202887017898,37202887951995,0,25088,256,1,1,16384,1,4
"KERNEL_DISPATCH",4,2,81,"tile_fp16_reduce(float const*, float*, int, int)",1564,37202887951995,37202888020886,0,0,256,1,1,131072,1,1
"KERNEL_DISPATCH",4,2,22,"void dequantize_block_iq3_s<__half>(void const*, __half*)",1565,37202888044739,37202888336746,0,0,32,1,1,2621440,1,1
"KERNEL_DISPATCH",4,2,58,"void convert_unary<float, __half>(void const*, __half*, long, long, long, HIP_vector_type<unsigned int, 3u>, long, long, long)",1566,37202888336746,37202888356598,0,0,256,1,1,655360,1,1
"KERNEL_DISPATCH",4,2,79,"void tile_fp16_gemm<128, 64, 4, 8, 32, false>(__half const*, __half const*, float*, float*, int, int, int, long, int)",1567,37202888356598,37202889231287,0,25088,256,1,1,16384,1,4
"KERNEL_DISPATCH",4,2,81,"tile_fp16_reduce(float const*, float*, int, int)",1568,37202889231287,37202889293510,0,0,256,1,1,131072,1,1
"KERNEL_DISPATCH",4,2,22,"void dequantize_block_iq3_s<__half>(void const*, __half*)",1569,37202889314548,37202889576332,0,0,32,1,1,2621440,1,1
"KERNEL_DISPATCH",4,2,58,"void convert_unary<float, __half>(void const*, __half*, long, long, long, HIP_vector_type<unsigned int, 3u>, long, long, long)",1570,37202889576332,37202889593814,0,0,256,1,1,655360,1,1
"KERNEL_DISPATCH",4,2,79,"void tile_fp16_gemm<128, 64, 4, 8, 32, false>(__half const*, __half const*, float*, float*, int, int, int, long, int)",1571,37202889593814,37202890419612,0,25088,256,1,1,16384,1,4
"KERNEL_DISPATCH",4,2,81,"tile_fp16_reduce(float const*, float*, int, int)",1572,37202890419612,37202890481688,0,0,256,1,1,131072,1,1
"KERNEL_DISPATCH",4,2,22,"void dequantize_block_iq3_s<__half>(void const*, __half*)",1573,37202890503763,37202890761991,0,0,32,1,1,2621440,1,1
"KERNEL_DISPATCH",4,2,58,"void convert_unary<float, __half>(void const*, __half*, long, long, long, HIP_vector_type<unsigned int, 3u>, long, long, long)",1574,37202890761991,37202890779029,0,0,256,1,1,655360,1,1
"KERNEL_DISPATCH",4,2,79,"void tile_fp16_gemm<128, 64, 4, 8, 32, false>(__half const*, __half const*, float*, float*, int, int, int, long, int)",1575,37202890779029,37202891604975,0,25088,256,1,1,16384,1,4
"KERNEL_DISPATCH",4,2,81,"tile_fp16_reduce(float const*, float*, int, int)",1576,37202891604975,37202891663940,0,0,256,1,1,131072,1,1
"KERNEL_DISPATCH",4,2,22,"void dequantize_block_iq3_s<__half>(void const*, __half*)",1577,37202891684385,37202891946169,0,0,32,1,1,2621440,1,1
"KERNEL_DISPATCH",4,2,58,"void convert_unary<float, __half>(void const*, __half*, long, long, long, HIP_vector_type<unsigned int, 3u>, long, long, long)",1578,37202891946169,37202891963947,0,0,256,1,1,655360,1,1
"KERNEL_DISPATCH",4,2,79,"void tile_fp16_gemm<128, 64, 4, 8, 32, false>(__half const*, __half const*, float*, float*, int, int, int, long, int)",1579,37202891963947,37202892868266,0,25088,256,1,1,16384,1,4
"KERNEL_DISPATCH",4,2,81,"tile_fp16_reduce(float const*, float*, int, int)",1580,37202892868266,37202892937009,0,0,256,1,1,131072,1,1
"KERNEL_DISPATCH",4,2,22,"void dequantize_block_iq3_s<__half>(void const*, __half*)",1581,37202892960713,37202893253016,0,0,32,1,1,2621440,1,1
"KERNEL_DISPATCH",4,2,58,"void convert_unary<float, __half>(void const*, __half*, long, long, long, HIP_vector_type<unsigned int, 3u>, long, long, long)",1582,37202893253016,37202893272721,0,0,256,1,1,655360,1,1
"KERNEL_DISPATCH",4,2,79,"void tile_fp16_gemm<128, 64, 4, 8, 32, false>(__half const*, __half const*, float*, float*, int, int, int, long, int)",1583,37202893272721,37202894331562,0,25088,256,1,1,16384,1,4
"KERNEL_DISPATCH",4,2,81,"tile_fp16_reduce(float const*, float*, int, int)",1584,37202894331562,37202894382082,0,0,256,1,1,131072,1,1
"KERNEL_DISPATCH",4,2,22,"void dequantize_block_iq3_s<__half>(void const*, __half*)",1585,37202894408453,37202894744016,0,0,32,1,1,2621440,1,1
"KERNEL_DISPATCH",4,2,58,"void convert_unary<float, __half>(void const*, __half*, long, long, long, HIP_vector_type<unsigned int, 3u>, long, long, long)",1586,37202894744016,37202894770980,0,0,256,1,1,655360,1,1
"KERNEL_DISPATCH",4,2,79,"void tile_fp16_gemm<128, 64, 4, 8, 32, false>(__half const*, __half const*, float*, float*, int, int, int, long, int)",1587,37202894770980,37202895708781,0,25088,256,1,1,16384,1,4
"KERNEL_DISPATCH",4,2,81,"tile_fp16_reduce(float const*, float*, int, int)",1588,37202895708781,37202895787598,0,0,256,1,1,131072,1,1
"KERNEL_DISPATCH",4,2,22,"void dequantize_block_iq3_s<__half>(void const*, __half*)",1589,37202895814562,37202896150422,0,0,32,1,1,2621440,1,1
"KERNEL_DISPATCH",4,2,58,"void convert_unary<float, __half>(void const*, __half*, long, long, long, HIP_vector_type<unsigned int, 3u>, long, long, long)",1590,37202896150422,37202896177386,0,0,256,1,1,655360,1,1
"KERNEL_DISPATCH",4,2,79,"void tile_fp16_gemm<128, 64, 4, 8, 32, false>(__half const*, __half const*, float*, float*, int, int, int, long, int)",1591,37202896177386,37202897284376,0,25088,256,1,1,16384,1,4
"KERNEL_DISPATCH",4,2,81,"tile_fp16_reduce(float const*, float*, int, int)",1592,37202897284376,37202897326599,0,0,256,1,1,131072,1,1
"KERNEL_DISPATCH",4,2,22,"void dequantize_block_iq3_s<__half>(void const*, __half*)",1593,37202897349563,37202897641866,0,0,32,1,1,2621440,1,1
"KERNEL_DISPATCH",4,2,58,"void convert_unary<float, __half>(void const*, __half*, long, long, long, HIP_vector_type<unsigned int, 3u>, long, long, long)",1594,37202897641866,37202897661274,0,0,256,1,1,655360,1,1
"KERNEL_DISPATCH",4,2,79,"void tile_fp16_gemm<128, 64, 4, 8, 32, false>(__half const*, __half const*, float*, float*, int, int, int, long, int)",1595,37202897661274,37202898508703,0,25088,256,1,1,16384,1,4
"KERNEL_DISPATCH",4,2,81,"tile_fp16_reduce(float const*, float*, int, int)",1596,37202898508703,37202898570630,0,0,256,1,1,131072,1,1
"KERNEL_DISPATCH",4,2,22,"void dequantize_block_iq3_s<__half>(void const*, __half*)",1597,37202898593298,37202898855230,0,0,32,1,1,2621440,1,1
"KERNEL_DISPATCH",4,2,58,"void convert_unary<float, __half>(void const*, __half*, long, long, long, HIP_vector_type<unsigned int, 3u>, long, long, long)",1598,37202898855230,37202898873601,0,0,256,1,1,655360,1,1
"KERNEL_DISPATCH",4,2,79,"void tile_fp16_gemm<128, 64, 4, 8, 32, false>(__half const*, __half const*, float*, float*, int, int, int, long, int)",1599,37202898873601,37202899741326,0,25088,256,1,1,16384,1,4
"KERNEL_DISPATCH",4,2,81,"tile_fp16_reduce(float const*, float*, int, int)",1600,37202899741326,37202899810513,0,0,256,1,1,131072,1,1
"KERNEL_DISPATCH",4,2,22,"void dequantize_block_iq3_s<__half>(void const*, __half*)",1601,37202899832884,37202900124595,0,0,32,1,1,2621440,1,1
"KERNEL_DISPATCH",4,2,58,"void convert_unary<float, __half>(void const*, __half*, long, long, long, HIP_vector_type<unsigned int, 3u>, long, long, long)",1602,37202900124595,37202900144447,0,0,256,1,1,655360,1,1
"KERNEL_DISPATCH",4,2,79,"void tile_fp16_gemm<128, 64, 4, 8, 32, false>(__half const*, __half const*, float*, float*, int, int, int, long, int)",1603,37202900144447,37202901146843,0,25088,256,1,1,16384,1,4
"KERNEL_DISPATCH",4,2,81,"tile_fp16_reduce(float const*, float*, int, int)",1604,37202901146843,37202901225659,0,0,256,1,1,131072,1,1
"KERNEL_DISPATCH",4,2,22,"void dequantize_block_iq3_s<__half>(void const*, __half*)",1605,37202901259290,37202901594706,0,0,32,1,1,2621440,1,1
"KERNEL_DISPATCH",4,2,58,"void convert_unary<float, __half>(void const*, __half*, long, long, long, HIP_vector_type<unsigned int, 3u>, long, long, long)",1606,37202901594706,37202901622262,0,0,256,1,1,655360,1,1
"KERNEL_DISPATCH",4,2,79,"void tile_fp16_gemm<128, 64, 4, 8, 32, false>(__half const*, __half const*, float*, float*, int, int, int, long, int)",1607,37202901622262,37202902595323,0,25088,256,1,1,16384,1,4
"KERNEL_DISPATCH",4,2,81,"tile_fp16_reduce(float const*, float*, int, int)",1608,37202902595323,37202902664214,0,0,256,1,1,131072,1,1
"KERNEL_DISPATCH",4,2,22,"void dequantize_block_iq3_s<__half>(void const*, __half*)",1609,37202902687177,37202902979036,0,0,32,1,1,2621440,1,1
"KERNEL_DISPATCH",4,2,58,"void convert_unary<float, __half>(void const*, __half*, long, long, long, HIP_vector_type<unsigned int, 3u>, long, long, long)",1610,37202902979036,37202902998889,0,0,256,1,1,655360,1,1
"KERNEL_DISPATCH",4,2,79,"void tile_fp16_gemm<128, 64, 4, 8, 32, false>(__half const*, __half const*, float*, float*, int, int, int, long, int)",1611,37202902998889,37202903904689,0,25088,256,1,1,16384,1,4
"KERNEL_DISPATCH",4,2,81,"tile_fp16_reduce(float const*, float*, int, int)",1612,37202903904689,37202903973728,0,0,256,1,1,131072,1,1
"KERNEL_DISPATCH",4,2,22,"void dequantize_block_iq3_s<__half>(void const*, __half*)",1613,37202903997580,37202904290032,0,0,32,1,1,2621440,1,1
"KERNEL_DISPATCH",4,2,58,"void convert_unary<float, __half>(void const*, __half*, long, long, long, HIP_vector_type<unsigned int, 3u>, long, long, long)",1614,37202904290032,37202904309588,0,0,256,1,1,655360,1,1
"KERNEL_DISPATCH",4,2,79,"void tile_fp16_gemm<128, 64, 4, 8, 32, false>(__half const*, __half const*, float*, float*, int, int, int, long, int)",1615,37202904309588,37202905228426,0,25088,256,1,1,16384,1,4
"KERNEL_DISPATCH",4,2,81,"tile_fp16_reduce(float const*, float*, int, int)",1616,37202905228426,37202905297613,0,0,256,1,1,131072,1,1
"KERNEL_DISPATCH",4,2,22,"void dequantize_block_iq3_s<__half>(void const*, __half*)",1617,37202905321021,37202905613176,0,0,32,1,1,2621440,1,1
"KERNEL_DISPATCH",4,2,58,"void convert_unary<float, __half>(void const*, __half*, long, long, long, HIP_vector_type<unsigned int, 3u>, long, long, long)",1618,37202905613176,37202905633028,0,0,256,1,1,655360,1,1
"KERNEL_DISPATCH",4,2,79,"void tile_fp16_gemm<128, 64, 4, 8, 32, false>(__half const*, __half const*, float*, float*, int, int, int, long, int)",1619,37202905633028,37202906476309,0,25088,256,1,1,16384,1,4
"KERNEL_DISPATCH",4,2,81,"tile_fp16_reduce(float const*, float*, int, int)",1620,37202906476309,37202906538532,0,0,256,1,1,131072,1,1
"KERNEL_DISPATCH",4,2,22,"void dequantize_block_iq3_s<__half>(void const*, __half*)",1621,37202906560459,37202906822391,0,0,32,1,1,2621440,1,1
"KERNEL_DISPATCH",4,2,58,"void convert_unary<float, __half>(void const*, __half*, long, long, long, HIP_vector_type<unsigned int, 3u>, long, long, long)",1622,37202906822391,37202906840021,0,0,256,1,1,655360,1,1
"KERNEL_DISPATCH",4,2,79,"void tile_fp16_gemm<128, 64, 4, 8, 32, false>(__half const*, __half const*, float*, float*, int, int, int, long, int)",1623,37202906840021,37202907660931,0,25088,256,1,1,16384,1,4
"KERNEL_DISPATCH",4,2,81,"tile_fp16_reduce(float const*, float*, int, int)",1624,37202907660931,37202907728340,0,0,256,1,1,131072,1,1
"KERNEL_DISPATCH",4,2,22,"void dequantize_block_iq3_s<__half>(void const*, __half*)",1625,37202907756785,37202908048940,0,0,32,1,1,2621440,1,1
"KERNEL_DISPATCH",4,2,58,"void convert_unary<float, __half>(void const*, __half*, long, long, long, HIP_vector_type<unsigned int, 3u>, long, long, long)",1626,37202908048940,37202908068645,0,0,256,1,1,655360,1,1
"KERNEL_DISPATCH",4,2,79,"void tile_fp16_gemm<128, 64, 4, 8, 32, false>(__half const*, __half const*, float*, float*, int, int, int, long, int)",1627,37202908068645,37202909045113,0,25088,256,1,1,16384,1,4
"KERNEL_DISPATCH",4,2,81,"tile_fp16_reduce(float const*, float*, int, int)",1628,37202909045113,37202909123041,0,0,256,1,1,131072,1,1
"KERNEL_DISPATCH",4,2,22,"void dequantize_block_iq3_s<__half>(void const*, __half*)",1629,37202909151042,37202909486606,0,0,32,1,1,2621440,1,1
"KERNEL_DISPATCH",4,2,58,"void convert_unary<float, __half>(void const*, __half*, long, long, long, HIP_vector_type<unsigned int, 3u>, long, long, long)",1630,37202909486606,37202909513421,0,0,256,1,1,655360,1,1
"KERNEL_DISPATCH",4,2,79,"void tile_fp16_gemm<128, 64, 4, 8, 32, false>(__half const*, __half const*, float*, float*, int, int, int, long, int)",1631,37202909513421,37202910515669,0,25088,256,1,1,16384,1,4
"KERNEL_DISPATCH",4,2,81,"tile_fp16_reduce(float const*, float*, int, int)",1632,37202910515669,37202910584855,0,0,256,1,1,131072,1,1
"KERNEL_DISPATCH",4,2,22,"void dequantize_block_iq3_s<__half>(void const*, __half*)",1633,37202910608115,37202910888122,0,0,32,1,1,2621440,1,1
"KERNEL_DISPATCH",4,2,58,"void convert_unary<float, __half>(void const*, __half*, long, long, long, HIP_vector_type<unsigned int, 3u>, long, long, long)",1634,37202910888122,37202910905752,0,0,256,1,1,655360,1,1
"KERNEL_DISPATCH",4,2,79,"void tile_fp16_gemm<128, 64, 4, 8, 32, false>(__half const*, __half const*, float*, float*, int, int, int, long, int)",1635,37202910905752,37202911804738,0,25088,256,1,1,16384,1,4
"KERNEL_DISPATCH",4,2,81,"tile_fp16_reduce(float const*, float*, int, int)",1636,37202911804738,37202911873480,0,0,256,1,1,131072,1,1
"KERNEL_DISPATCH",4,2,22,"void dequantize_block_iq3_s<__half>(void const*, __half*)",1637,37202911897184,37202912189192,0,0,32,1,1,2621440,1,1
"KERNEL_DISPATCH",4,2,58,"void convert_unary<float, __half>(void const*, __half*, long, long, long, HIP_vector_type<unsigned int, 3u>, long, long, long)",1638,37202912189192,37202912208748,0,0,256,1,1,655360,1,1
"KERNEL_DISPATCH",4,2,79,"void tile_fp16_gemm<128, 64, 4, 8, 32, false>(__half const*, __half const*, float*, float*, int, int, int, long, int)",1639,37202912208748,37202913195143,0,25088,256,1,1,16384,1,4
"KERNEL_DISPATCH",4,2,81,"tile_fp16_reduce(float const*, float*, int, int)",1640,37202913195143,37202913273959,0,0,256,1,1,131072,1,1
"KERNEL_DISPATCH",4,2,22,"void dequantize_block_iq3_s<__half>(void const*, __half*)",1641,37202913300479,37202913635894,0,0,32,1,1,2621440,1,1
"KERNEL_DISPATCH",4,2,58,"void convert_unary<float, __half>(void const*, __half*, long, long, long, HIP_vector_type<unsigned int, 3u>, long, long, long)",1642,37202913635894,37202913662414,0,0,256,1,1,655360,1,1
"KERNEL_DISPATCH",4,2,79,"void tile_fp16_gemm<128, 64, 4, 8, 32, false>(__half const*, __half const*, float*, float*, int, int, int, long, int)",1643,37202913662414,37202914633993,0,25088,256,1,1,16384,1,4
"KERNEL_DISPATCH",4,2,81,"tile_fp16_reduce(float const*, float*, int, int)",1644,37202914633993,37202914703032,0,0,256,1,1,131072,1,1
"KERNEL_DISPATCH",4,2,22,"void dequantize_block_iq3_s<__half>(void const*, __half*)",1645,37202914727181,37202915019484,0,0,32,1,1,2621440,1,1
"KERNEL_DISPATCH",4,2,58,"void convert_unary<float, __half>(void const*, __half*, long, long, long, HIP_vector_type<unsigned int, 3u>, long, long, long)",1646,37202915019484,37202915038892,0,0,256,1,1,655360,1,1
"KERNEL_DISPATCH",4,2,79,"void tile_fp16_gemm<128, 64, 4, 8, 32, false>(__half const*, __half const*, float*, float*, int, int, int, long, int)",1647,37202915038892,37202915971212,0,25088,256,1,1,16384,1,4
"KERNEL_DISPATCH",4,2,81,"tile_fp16_reduce(float const*, float*, int, int)",1648,37202915971212,37202916040251,0,0,256,1,1,131072,1,1
"KERNEL_DISPATCH",4,2,22,"void dequantize_block_iq3_s<__half>(void const*, __half*)",1649,37202916062918,37202916354925,0,0,32,1,1,2621440,1,1
"KERNEL_DISPATCH",4,2,58,"void convert_unary<float, __half>(void const*, __half*, long, long, long, HIP_vector_type<unsigned int, 3u>, long, long, long)",1650,37202916354925,37202916374629,0,0,256,1,1,655360,1,1
"KERNEL_DISPATCH",4,2,79,"void tile_fp16_gemm<128, 64, 4, 8, 32, false>(__half const*, __half const*, float*, float*, int, int, int, long, int)",1651,37202916374629,37202917256577,0,25088,256,1,1,16384,1,4
"KERNEL_DISPATCH",4,2,81,"tile_fp16_reduce(float const*, float*, int, int)",1652,37202917256577,37202917318653,0,0,256,1,1,131072,1,1
"KERNEL_DISPATCH",4,2,22,"void dequantize_block_iq3_s<__half>(void const*, __half*)",1653,37202917341024,37202917602956,0,0,32,1,1,2621440,1,1
"KERNEL_DISPATCH",4,2,58,"void convert_unary<float, __half>(void const*, __half*, long, long, long, HIP_vector_type<unsigned int, 3u>, long, long, long)",1654,37202917602956,37202917620586,0,0,256,1,1,655360,1,1
"KERNEL_DISPATCH",4,2,79,"void tile_fp16_gemm<128, 64, 4, 8, 32, false>(__half const*, __half const*, float*, float*, int, int, int, long, int)",1655,37202917620586,37202918459422,0,25088,256,1,1,16384,1,4
"KERNEL_DISPATCH",4,2,81,"tile_fp16_reduce(float const*, float*, int, int)",1656,37202918459422,37202918517942,0,0,256,1,1,131072,1,1
"KERNEL_DISPATCH",4,2,22,"void dequantize_block_iq3_s<__half>(void const*, __half*)",1657,37202918538387,37202918784615,0,0,32,1,1,2621440,1,1
"KERNEL_DISPATCH",4,2,58,"void convert_unary<float, __half>(void const*, __half*, long, long, long, HIP_vector_type<unsigned int, 3u>, long, long, long)",1658,37202918784615,37202918801356,0,0,256,1,1,655360,1,1
"KERNEL_DISPATCH",4,2,79,"void tile_fp16_gemm<128, 64, 4, 8, 32, false>(__half const*, __half const*, float*, float*, int, int, int, long, int)",1659,37202918801356,37202919630858,0,25088,256,1,1,16384,1,4
"KERNEL_DISPATCH",4,2,81,"tile_fp16_reduce(float const*, float*, int, int)",1660,37202919630858,37202919689378,0,0,256,1,1,131072,1,1
"KERNEL_DISPATCH",4,2,22,"void dequantize_block_iq3_s<__half>(void const*, __half*)",1661,37202919711305,37202919973089,0,0,32,1,1,2621440,1,1
"KERNEL_DISPATCH",4,2,58,"void convert_unary<float, __half>(void const*, __half*, long, long, long, HIP_vector_type<unsigned int, 3u>, long, long, long)",1662,37202919973089,37202919990423,0,0,256,1,1,655360,1,1
"KERNEL_DISPATCH",4,2,79,"void tile_fp16_gemm<128, 64, 4, 8, 32, false>(__half const*, __half const*, float*, float*, int, int, int, long, int)",1663,37202919990423,37202920846444,0,25088,256,1,1,16384,1,4
"KERNEL_DISPATCH",4,2,81,"tile_fp16_reduce(float const*, float*, int, int)",1664,37202920846444,37202920915335,0,0,256,1,1,131072,1,1
"KERNEL_DISPATCH",4,2,22,"void dequantize_block_iq3_s<__half>(void const*, __half*)",1665,37202920937854,37202921230009,0,0,32,1,1,2621440,1,1
"KERNEL_DISPATCH",4,2,58,"void convert_unary<float, __half>(void const*, __half*, long, long, long, HIP_vector_type<unsigned int, 3u>, long, long, long)",1666,37202921230009,37202921249565,0,0,256,1,1,655360,1,1
"KERNEL_DISPATCH",4,2,79,"void tile_fp16_gemm<128, 64, 4, 8, 32, false>(__half const*, __half const*, float*, float*, int, int, int, long, int)",1667,37202921249565,37202922256405,0,25088,256,1,1,16384,1,4
"KERNEL_DISPATCH",4,2,81,"tile_fp16_reduce(float const*, float*, int, int)",1668,37202922256405,37202922334778,0,0,256,1,1,131072,1,1
"KERNEL_DISPATCH",4,2,22,"void dequantize_block_iq3_s<__half>(void const*, __half*)",1669,37202922363075,37202922698787,0,0,32,1,1,2621440,1,1
"KERNEL_DISPATCH",4,2,58,"void convert_unary<float, __half>(void const*, __half*, long, long, long, HIP_vector_type<unsigned int, 3u>, long, long, long)",1670,37202922698787,37202922726343,0,0,256,1,1,655360,1,1
"KERNEL_DISPATCH",4,2,79,"void tile_fp16_gemm<128, 64, 4, 8, 32, false>(__half const*, __half const*, float*, float*, int, int, int, long, int)",1671,37202922726343,37202923649773,0,25088,256,1,1,16384,1,4
"KERNEL_DISPATCH",4,2,81,"tile_fp16_reduce(float const*, float*, int, int)",1672,37202923649773,37202923718664,0,0,256,1,1,131072,1,1
"KERNEL_DISPATCH",4,2,22,"void dequantize_block_iq3_s<__half>(void const*, __half*)",1673,37202923741628,37202924033635,0,0,32,1,1,2621440,1,1
"KERNEL_DISPATCH",4,2,58,"void convert_unary<float, __half>(void const*, __half*, long, long, long, HIP_vector_type<unsigned int, 3u>, long, long, long)",1674,37202924033635,37202924053191,0,0,256,1,1,655360,1,1
"KERNEL_DISPATCH",4,2,79,"void tile_fp16_gemm<128, 64, 4, 8, 32, false>(__half const*, __half const*, float*, float*, int, int, int, long, int)",1675,37202924053191,37202925058994,0,25088,256,1,1,16384,1,4
"KERNEL_DISPATCH",4,2,81,"tile_fp16_reduce(float const*, float*, int, int)",1676,37202925058994,37202925137810,0,0,256,1,1,131072,1,1
"KERNEL_DISPATCH",4,2,22,"void dequantize_block_iq3_s<__half>(void const*, __half*)",1677,37202925165959,37202925501375,0,0,32,1,1,2621440,1,1
"KERNEL_DISPATCH",4,2,58,"void convert_unary<float, __half>(void const*, __half*, long, long, long, HIP_vector_type<unsigned int, 3u>, long, long, long)",1678,37202925501375,37202925528783,0,0,256,1,1,655360,1,1
"KERNEL_DISPATCH",4,2,79,"void tile_fp16_gemm<128, 64, 4, 8, 32, false>(__half const*, __half const*, float*, float*, int, int, int, long, int)",1679,37202925528783,37202926532364,0,25088,256,1,1,16384,1,4
"KERNEL_DISPATCH",4,2,81,"tile_fp16_reduce(float const*, float*, int, int)",1680,37202926532364,37202926601402,0,0,256,1,1,131072,1,1
"KERNEL_DISPATCH",4,2,22,"void dequantize_block_iq3_s<__half>(void const*, __half*)",1681,37202926624514,37202926903484,0,0,32,1,1,2621440,1,1
"KERNEL_DISPATCH",4,2,58,"void convert_unary<float, __half>(void const*, __half*, long, long, long, HIP_vector_type<unsigned int, 3u>, long, long, long)",1682,37202926903484,37202926921262,0,0,256,1,1,655360,1,1
"KERNEL_DISPATCH",4,2,79,"void tile_fp16_gemm<128, 64, 4, 8, 32, false>(__half const*, __half const*, float*, float*, int, int, int, long, int)",1683,37202926921262,37202927813729,0,25088,256,1,1,16384,1,4
"KERNEL_DISPATCH",4,2,81,"tile_fp16_reduce(float const*, float*, int, int)",1684,37202927813729,37202927882768,0,0,256,1,1,131072,1,1
"KERNEL_DISPATCH",4,2,22,"void dequantize_block_iq3_s<__half>(void const*, __half*)",1685,37202927906472,37202928198776,0,0,32,1,1,2621440,1,1
"KERNEL_DISPATCH",4,2,58,"void convert_unary<float, __half>(void const*, __half*, long, long, long, HIP_vector_type<unsigned int, 3u>, long, long, long)",1686,37202928198776,37202928218332,0,0,256,1,1,655360,1,1
"KERNEL_DISPATCH",4,2,79,"void tile_fp16_gemm<128, 64, 4, 8, 32, false>(__half const*, __half const*, float*, float*, int, int, int, long, int)",1687,37202928218332,37202929261172,0,25088,256,1,1,16384,1,4
"KERNEL_DISPATCH",4,2,81,"tile_fp16_reduce(float const*, float*, int, int)",1688,37202929261172,37202929340137,0,0,256,1,1,131072,1,1
"KERNEL_DISPATCH",4,2,22,"void dequantize_block_iq3_s<__half>(void const*, __half*)",1689,37202929366953,37202929702220,0,0,32,1,1,2621440,1,1
"KERNEL_DISPATCH",4,2,58,"void convert_unary<float, __half>(void const*, __half*, long, long, long, HIP_vector_type<unsigned int, 3u>, long, long, long)",1690,37202929702220,37202929728740,0,0,256,1,1,655360,1,1
"KERNEL_DISPATCH",4,2,79,"void tile_fp16_gemm<128, 64, 4, 8, 32, false>(__half const*, __half const*, float*, float*, int, int, int, long, int)",1691,37202929728740,37202930674837,0,25088,256,1,1,16384,1,4
"KERNEL_DISPATCH",4,2,81,"tile_fp16_reduce(float const*, float*, int, int)",1692,37202930674837,37202930743876,0,0,256,1,1,131072,1,1
"KERNEL_DISPATCH",4,2,22,"void dequantize_block_iq3_s<__half>(void const*, __half*)",1693,37202930767728,37202931059884,0,0,32,1,1,2621440,1,1
"KERNEL_DISPATCH",4,2,58,"void convert_unary<float, __half>(void const*, __half*, long, long, long, HIP_vector_type<unsigned int, 3u>, long, long, long)",1694,37202931059884,37202931079144,0,0,256,1,1,655360,1,1
"KERNEL_DISPATCH",4,2,79,"void tile_fp16_gemm<128, 64, 4, 8, 32, false>(__half const*, __half const*, float*, float*, int, int, int, long, int)",1695,37202931079144,37202932087317,0,25088,256,1,1,16384,1,4
"KERNEL_DISPATCH",4,2,81,"tile_fp16_reduce(float const*, float*, int, int)",1696,37202932087317,37202932165985,0,0,256,1,1,131072,1,1
"KERNEL_DISPATCH",4,2,22,"void dequantize_block_iq3_s<__half>(void const*, __half*)",1697,37202932196208,37202932532069,0,0,32,1,1,2621440,1,1
"KERNEL_DISPATCH",4,2,58,"void convert_unary<float, __half>(void const*, __half*, long, long, long, HIP_vector_type<unsigned int, 3u>, long, long, long)",1698,37202932532069,37202932559329,0,0,256,1,1,655360,1,1
"KERNEL_DISPATCH",4,2,79,"void tile_fp16_gemm<128, 64, 4, 8, 32, false>(__half const*, __half const*, float*, float*, int, int, int, long, int)",1699,37202932559329,37202933543649,0,25088,256,1,1,16384,1,4
"KERNEL_DISPATCH",4,2,81,"tile_fp16_reduce(float const*, float*, int, int)",1700,37202933543649,37202933612392,0,0,256,1,1,131072,1,1
"KERNEL_DISPATCH",4,2,22,"void dequantize_block_iq3_s<__half>(void const*, __half*)",1701,37202933636689,37202933914177,0,0,32,1,1,2621440,1,1
"KERNEL_DISPATCH",4,2,58,"void convert_unary<float, __half>(void const*, __half*, long, long, long, HIP_vector_type<unsigned int, 3u>, long, long, long)",1702,37202933914177,37202933931955,0,0,256,1,1,655360,1,1
"KERNEL_DISPATCH",4,2,79,"void tile_fp16_gemm<128, 64, 4, 8, 32, false>(__half const*, __half const*, float*, float*, int, int, int, long, int)",1703,37202933931859,37202934775583,0,25088,256,1,1,16384,1,4
"KERNEL_DISPATCH",4,2,81,"tile_fp16_reduce(float const*, float*, int, int)",1704,37202934775583,37202934844621,0,0,256,1,1,131072,1,1
"KERNEL_DISPATCH",4,2,22,"void dequantize_block_iq3_s<__half>(void const*, __half*)",1705,37202934867585,37202935159888,0,0,32,1,1,2621440,1,1
"KERNEL_DISPATCH",4,2,58,"void convert_unary<float, __half>(void const*, __half*, long, long, long, HIP_vector_type<unsigned int, 3u>, long, long, long)",1706,37202935159888,37202935179296,0,0,256,1,1,655360,1,1
"KERNEL_DISPATCH",4,2,79,"void tile_fp16_gemm<128, 64, 4, 8, 32, false>(__half const*, __half const*, float*, float*, int, int, int, long, int)",1707,37202935179296,37202936171617,0,25088,256,1,1,16384,1,4
"KERNEL_DISPATCH",4,2,81,"tile_fp16_reduce(float const*, float*, int, int)",1708,37202936171617,37202936250286,0,0,256,1,1,131072,1,1
"KERNEL_DISPATCH",4,2,22,"void dequantize_block_iq3_s<__half>(void const*, __half*)",1709,37202936278435,37202936613999,0,0,32,1,1,2621440,1,1
"KERNEL_DISPATCH",4,2,58,"void convert_unary<float, __half>(void const*, __half*, long, long, long, HIP_vector_type<unsigned int, 3u>, long, long, long)",1710,37202936613999,37202936641258,0,0,256,1,1,655360,1,1
"KERNEL_DISPATCH",4,2,79,"void tile_fp16_gemm<128, 64, 4, 8, 32, false>(__half const*, __half const*, float*, float*, int, int, int, long, int)",1711,37202936641258,37202937607060,0,25088,256,1,1,16384,1,4
"KERNEL_DISPATCH",4,2,81,"tile_fp16_reduce(float const*, float*, int, int)",1712,37202937607060,37202937676247,0,0,256,1,1,131072,1,1
"KERNEL_DISPATCH",4,2,22,"void dequantize_block_iq3_s<__half>(void const*, __half*)",1713,37202937698914,37202937990922,0,0,32,1,1,2621440,1,1
"KERNEL_DISPATCH",4,2,58,"void convert_unary<float, __half>(void const*, __half*, long, long, long, HIP_vector_type<unsigned int, 3u>, long, long, long)",1714,37202937990922,37202938010478,0,0,256,1,1,655360,1,1
"KERNEL_DISPATCH",4,2,79,"void tile_fp16_gemm<128, 64, 4, 8, 32, false>(__half const*, __half const*, float*, float*, int, int, int, long, int)",1715,37202938010478,37202938921908,0,25088,256,1,1,16384,1,4
"KERNEL_DISPATCH",4,2,81,"tile_fp16_reduce(float const*, float*, int, int)",1716,37202938921908,37202938990947,0,0,256,1,1,131072,1,1
"KERNEL_DISPATCH",4,2,22,"void dequantize_block_iq3_s<__half>(void const*, __half*)",1717,37202939015392,37202939307547,0,0,32,1,1,2621440,1,1
"KERNEL_DISPATCH",4,2,58,"void convert_unary<float, __half>(void const*, __half*, long, long, long, HIP_vector_type<unsigned int, 3u>, long, long, long)",1718,37202939307547,37202939327399,0,0,256,1,1,655360,1,1
"KERNEL_DISPATCH",4,2,79,"void tile_fp16_gemm<128, 64, 4, 8, 32, false>(__half const*, __half const*, float*, float*, int, int, int, long, int)",1719,37202939327399,37202940224607,0,25088,256,1,1,16384,1,4
"KERNEL_DISPATCH",4,2,81,"tile_fp16_reduce(float const*, float*, int, int)",1720,37202940224607,37202940286831,0,0,256,1,1,131072,1,1
"KERNEL_DISPATCH",4,2,22,"void dequantize_block_iq3_s<__half>(void const*, __half*)",1721,37202940308313,37202940570245,0,0,32,1,1,2621440,1,1
"KERNEL_DISPATCH",4,2,58,"void convert_unary<float, __half>(void const*, __half*, long, long, long, HIP_vector_type<unsigned int, 3u>, long, long, long)",1722,37202940570245,37202940587875,0,0,256,1,1,655360,1,1
"KERNEL_DISPATCH",4,2,79,"void tile_fp16_gemm<128, 64, 4, 8, 32, false>(__half const*, __half const*, float*, float*, int, int, int, long, int)",1723,37202940587875,37202941445823,0,25088,256,1,1,16384,1,4
"KERNEL_DISPATCH",4,2,81,"tile_fp16_reduce(float const*, float*, int, int)",1724,37202941445823,37202941507602,0,0,256,1,1,131072,1,1
"KERNEL_DISPATCH",4,2,22,"void dequantize_block_iq3_s<__half>(void const*, __half*)",1725,37202941529825,37202941786720,0,0,32,1,1,2621440,1,1
"KERNEL_DISPATCH",4,2,58,"void convert_unary<float, __half>(void const*, __half*, long, long, long, HIP_vector_type<unsigned int, 3u>, long, long, long)",1726,37202941786720,37202941803609,0,0,256,1,1,655360,1,1
"KERNEL_DISPATCH",4,2,79,"void tile_fp16_gemm<128, 64, 4, 8, 32, false>(__half const*, __half const*, float*, float*, int, int, int, long, int)",1727,37202941803609,37202942634889,0,25088,256,1,1,16384,1,4
"KERNEL_DISPATCH",4,2,81,"tile_fp16_reduce(float const*, float*, int, int)",1728,37202942634889,37202942693409,0,0,256,1,1,131072,1,1
"KERNEL_DISPATCH",4,2,22,"void dequantize_block_iq3_s<__half>(void const*, __half*)",1729,37202942714595,37202942976675,0,0,32,1,1,2621440,1,1
"KERNEL_DISPATCH",4,2,58,"void convert_unary<float, __half>(void const*, __half*, long, long, long, HIP_vector_type<unsigned int, 3u>, long, long, long)",1730,37202942976675,37202942994157,0,0,256,1,1,655360,1,1
"KERNEL_DISPATCH",4,2,79,"void tile_fp16_gemm<128, 64, 4, 8, 32, false>(__half const*, __half const*, float*, float*, int, int, int, long, int)",1731,37202942994157,37202943895069,0,25088,256,1,1,16384,1,4
"KERNEL_DISPATCH",4,2,81,"tile_fp16_reduce(float const*, float*, int, int)",1732,37202943895069,37202943963663,0,0,256,1,1,131072,1,1
"KERNEL_DISPATCH",4,2,22,"void dequantize_block_iq3_s<__half>(void const*, __half*)",1733,37202943987515,37202944279819,0,0,32,1,1,2621440,1,1
"KERNEL_DISPATCH",4,2,58,"void convert_unary<float, __half>(void const*, __half*, long, long, long, HIP_vector_type<unsigned int, 3u>, long, long, long)",1734,37202944279819,37202944299227,0,0,256,1,1,655360,1,1
"KERNEL_DISPATCH",4,2,79,"void tile_fp16_gemm<128, 64, 4, 8, 32, false>(__half const*, __half const*, float*, float*, int, int, int, long, int)",1735,37202944299227,37202945329771,0,25088,256,1,1,16384,1,4
"KERNEL_DISPATCH",4,2,81,"tile_fp16_reduce(float const*, float*, int, int)",1736,37202945329771,37202945408440,0,0,256,1,1,131072,1,1
"KERNEL_DISPATCH",4,2,22,"void dequantize_block_iq3_s<__half>(void const*, __half*)",1737,37202945435700,37202945771412,0,0,32,1,1,2621440,1,1
"KERNEL_DISPATCH",4,2,58,"void convert_unary<float, __half>(void const*, __half*, long, long, long, HIP_vector_type<unsigned int, 3u>, long, long, long)",1738,37202945771412,37202945797783,0,0,256,1,1,655360,1,1
"KERNEL_DISPATCH",4,2,79,"void tile_fp16_gemm<128, 64, 4, 8, 32, false>(__half const*, __half const*, float*, float*, int, int, int, long, int)",1739,37202945797783,37202946728176,0,25088,256,1,1,16384,1,4
"KERNEL_DISPATCH",4,2,81,"tile_fp16_reduce(float const*, float*, int, int)",1740,37202946728176,37202946812030,0,0,256,1,1,131072,1,1
"KERNEL_DISPATCH",4,2,22,"void dequantize_block_iq3_s<__half>(void const*, __half*)",1741,37202946840772,37202947176484,0,0,32,1,1,2621440,1,1
"KERNEL_DISPATCH",4,2,58,"void convert_unary<float, __half>(void const*, __half*, long, long, long, HIP_vector_type<unsigned int, 3u>, long, long, long)",1742,37202947176484,37202947204781,0,0,256,1,1,655360,1,1
"KERNEL_DISPATCH",4,2,79,"void tile_fp16_gemm<128, 64, 4, 8, 32, false>(__half const*, __half const*, float*, float*, int, int, int, long, int)",1743,37202947204781,37202948265400,0,25088,256,1,1,16384,1,4
"KERNEL_DISPATCH",4,2,81,"tile_fp16_reduce(float const*, float*, int, int)",1744,37202948265400,37202948308216,0,0,256,1,1,131072,1,1
"KERNEL_DISPATCH",4,2,22,"void dequantize_block_iq3_s<__half>(void const*, __half*)",1745,37202948332068,37202948624224,0,0,32,1,1,2621440,1,1
"KERNEL_DISPATCH",4,2,58,"void convert_unary<float, __half>(void const*, __half*, long, long, long, HIP_vector_type<unsigned int, 3u>, long, long, long)",1746,37202948624224,37202948644076,0,0,256,1,1,655360,1,1
"KERNEL_DISPATCH",4,2,79,"void tile_fp16_gemm<128, 64, 4, 8, 32, false>(__half const*, __half const*, float*, float*, int, int, int, long, int)",1747,37202948644076,37202949483208,0,25088,256,1,1,16384,1,4
"KERNEL_DISPATCH",4,2,81,"tile_fp16_reduce(float const*, float*, int, int)",1748,37202949483208,37202949545728,0,0,256,1,1,131072,1,1
"KERNEL_DISPATCH",4,2,22,"void dequantize_block_iq3_s<__half>(void const*, __half*)",1749,37202949567210,37202949829735,0,0,32,1,1,2621440,1,1
"KERNEL_DISPATCH",4,2,58,"void convert_unary<float, __half>(void const*, __half*, long, long, long, HIP_vector_type<unsigned int, 3u>, long, long, long)",1750,37202949829735,37202949847217,0,0,256,1,1,655360,1,1
"KERNEL_DISPATCH",4,2,79,"void tile_fp16_gemm<128, 64, 4, 8, 32, false>(__half const*, __half const*, float*, float*, int, int, int, long, int)",1751,37202949847217,37202950714794,0,25088,256,1,1,16384,1,4
"KERNEL_DISPATCH",4,2,81,"tile_fp16_reduce(float const*, float*, int, int)",1752,37202950714794,37202950783092,0,0,256,1,1,131072,1,1
"KERNEL_DISPATCH",4,2,22,"void dequantize_block_iq3_s<__half>(void const*, __half*)",1753,37202950807093,37202951099396,0,0,32,1,1,2621440,1,1
"KERNEL_DISPATCH",4,2,58,"void convert_unary<float, __half>(void const*, __half*, long, long, long, HIP_vector_type<unsigned int, 3u>, long, long, long)",1754,37202951099396,37202951118952,0,0,256,1,1,655360,1,1
"KERNEL_DISPATCH",4,2,79,"void tile_fp16_gemm<128, 64, 4, 8, 32, false>(__half const*, __half const*, float*, float*, int, int, int, long, int)",1755,37202951118952,37202952118236,0,25088,256,1,1,16384,1,4
"KERNEL_DISPATCH",4,2,81,"tile_fp16_reduce(float const*, float*, int, int)",1756,37202952118236,37202952197201,0,0,256,1,1,131072,1,1
"KERNEL_DISPATCH",4,2,22,"void dequantize_block_iq3_s<__half>(void const*, __half*)",1757,37202952223572,37202952559284,0,0,32,1,1,2621440,1,1
"KERNEL_DISPATCH",4,2,58,"void convert_unary<float, __half>(void const*, __half*, long, long, long, HIP_vector_type<unsigned int, 3u>, long, long, long)",1758,37202952559284,37202952587137,0,0,256,1,1,655360,1,1
"KERNEL_DISPATCH",4,2,79,"void tile_fp16_gemm<128, 64, 4, 8, 32, false>(__half const*, __half const*, float*, float*, int, int, int, long, int)",1759,37202952587137,37202953572199,0,25088,256,1,1,16384,1,4
"KERNEL_DISPATCH",4,2,81,"tile_fp16_reduce(float const*, float*, int, int)",1760,37202953572199,37202953640793,0,0,256,1,1,131072,1,1
"KERNEL_DISPATCH",4,2,22,"void dequantize_block_iq3_s<__half>(void const*, __half*)",1761,37202953665386,37202953940800,0,0,32,1,1,2621440,1,1
"KERNEL_DISPATCH",4,2,58,"void convert_unary<float, __half>(void const*, __half*, long, long, long, HIP_vector_type<unsigned int, 3u>, long, long, long)",1762,37202953940800,37202953958430,0,0,256,1,1,655360,1,1
"KERNEL_DISPATCH",4,2,79,"void tile_fp16_gemm<128, 64, 4, 8, 32, false>(__half const*, __half const*, float*, float*, int, int, int, long, int)",1763,37202953958430,37202954833267,0,25088,256,1,1,16384,1,4
"KERNEL_DISPATCH",4,2,81,"tile_fp16_reduce(float const*, float*, int, int)",1764,37202954833267,37202954902454,0,0,256,1,1,131072,1,1
"KERNEL_DISPATCH",4,2,22,"void dequantize_block_iq3_s<__half>(void const*, __half*)",1765,37205225323690,37205225448286,0,0,32,1,1,1277952,1,1
"KERNEL_DISPATCH",4,2,58,"void convert_unary<float, __half>(void const*, __half*, long, long, long, HIP_vector_type<unsigned int, 3u>, long, long, long)",1766,37205225448286,37205225469619,0,0,256,1,1,786432,1,1
"KERNEL_DISPATCH",4,2,79,"void tile_fp16_gemm<128, 64, 4, 8, 32, false>(__half const*, __half const*, float*, float*, int, int, int, long, int)",1767,37205225469619,37205225911556,0,25088,256,1,1,6656,1,8
"KERNEL_DISPATCH",4,2,81,"tile_fp16_reduce(float const*, float*, int, int)",1768,37205225911556,37205225937186,0,0,256,1,1,53248,1,1
"KERNEL_DISPATCH",4,2,22,"void dequantize_block_iq3_s<__half>(void const*, __half*)",1769,37205226281491,37205226402827,0,0,32,1,1,1277952,1,1
"KERNEL_DISPATCH",4,2,58,"void convert_unary<float, __half>(void const*, __half*, long, long, long, HIP_vector_type<unsigned int, 3u>, long, long, long)",1770,37205226402827,37205226422383,0,0,256,1,1,786432,1,1
"KERNEL_DISPATCH",4,2,79,"void tile_fp16_gemm<128, 64, 4, 8, 32, false>(__half const*, __half const*, float*, float*, int, int, int, long, int)",1771,37205226422383,37205226862246,0,25088,256,1,1,6656,1,8
"KERNEL_DISPATCH",4,2,81,"tile_fp16_reduce(float const*, float*, int, int)",1772,37205226862246,37205226887284,0,0,256,1,1,53248,1,1
"KERNEL_DISPATCH",4,2,22,"void dequantize_block_iq3_s<__half>(void const*, __half*)",1773,37205226909210,37205227038399,0,0,32,1,1,1277952,1,1
"KERNEL_DISPATCH",4,2,58,"void convert_unary<float, __half>(void const*, __half*, long, long, long, HIP_vector_type<unsigned int, 3u>, long, long, long)",1774,37205227038399,37205227058992,0,0,256,1,1,786432,1,1
"KERNEL_DISPATCH",4,2,81,"tile_fp16_reduce(float const*, float*, int, int)",1776,37205227489669,37205227515151,0,0,256,1,1,53248,1,1
"KERNEL_DISPATCH",4,2,79,"void tile_fp16_gemm<128, 64, 4, 8, 32, false>(__half const*, __half const*, float*, float*, int, int, int, long, int)",1775,37205227058992,37205227489669,0,25088,256,1,1,6656,1,8
"KERNEL_DISPATCH",4,2,22,"void dequantize_block_iq3_s<__half>(void const*, __half*)",1777,37205227541374,37205227670266,0,0,32,1,1,1277952,1,1
"KERNEL_DISPATCH",4,2,58,"void convert_unary<float, __half>(void const*, __half*, long, long, long, HIP_vector_type<unsigned int, 3u>, long, long, long)",1778,37205227670266,37205227690859,0,0,256,1,1,786432,1,1
"KERNEL_DISPATCH",4,2,81,"tile_fp16_reduce(float const*, float*, int, int)",1780,37205228114425,37205228139611,0,0,256,1,1,53248,1,1
"KERNEL_DISPATCH",4,2,79,"void tile_fp16_gemm<128, 64, 4, 8, 32, false>(__half const*, __half const*, float*, float*, int, int, int, long, int)",1779,37205227690859,37205228114425,0,25088,256,1,1,6656,1,8
"KERNEL_DISPATCH",4,2,22,"void dequantize_block_iq3_s<__half>(void const*, __half*)",1781,37205228158871,37205228280207,0,0,32,1,1,1277952,1,1
"KERNEL_DISPATCH",4,2,58,"void convert_unary<float, __half>(void const*, __half*, long, long, long, HIP_vector_type<unsigned int, 3u>, long, long, long)",1782,37205228280207,37205228300652,0,0,256,1,1,786432,1,1
"KERNEL_DISPATCH",4,2,81,"tile_fp16_reduce(float const*, float*, int, int)",1784,37205228733848,37205228758441,0,0,256,1,1,53248,1,1
"KERNEL_DISPATCH",4,2,79,"void tile_fp16_gemm<128, 64, 4, 8, 32, false>(__half const*, __half const*, float*, float*, int, int, int, long, int)",1783,37205228300652,37205228733848,0,25088,256,1,1,6656,1,8
"KERNEL_DISPATCH",4,2,22,"void dequantize_block_iq3_s<__half>(void const*, __half*)",1785,37205228777997,37205228903482,0,0,32,1,1,1277952,1,1
"KERNEL_DISPATCH",4,2,58,"void convert_unary<float, __half>(void const*, __half*, long, long, long, HIP_vector_type<unsigned int, 3u>, long, long, long)",1786,37205228903482,37205228924075,0,0,256,1,1,786432,1,1
"KERNEL_DISPATCH",4,2,81,"tile_fp16_reduce(float const*, float*, int, int)",1788,37205229347789,37205229372975,0,0,256,1,1,53248,1,1
"KERNEL_DISPATCH",4,2,79,"void tile_fp16_gemm<128, 64, 4, 8, 32, false>(__half const*, __half const*, float*, float*, int, int, int, long, int)",1787,37205228924075,37205229347789,0,25088,256,1,1,6656,1,8
"KERNEL_DISPATCH",4,2,22,"void dequantize_block_iq3_s<__half>(void const*, __half*)",1789,37205229393420,37205229522609,0,0,32,1,1,1277952,1,1
"KERNEL_DISPATCH",4,2,58,"void convert_unary<float, __half>(void const*, __half*, long, long, long, HIP_vector_type<unsigned int, 3u>, long, long, long)",1790,37205229522609,37205229543054,0,0,256,1,1,786432,1,1
"KERNEL_DISPATCH",4,2,81,"tile_fp16_reduce(float const*, float*, int, int)",1792,37205229961879,37205229987213,0,0,256,1,1,53248,1,1
"KERNEL_DISPATCH",4,2,79,"void tile_fp16_gemm<128, 64, 4, 8, 32, false>(__half const*, __half const*, float*, float*, int, int, int, long, int)",1791,37205229543054,37205229961879,0,25088,256,1,1,6656,1,8
"KERNEL_DISPATCH",4,2,22,"void dequantize_block_iq3_s<__half>(void const*, __half*)",1793,37205230008250,37205230137291,0,0,32,1,1,1277952,1,1
"KERNEL_DISPATCH",4,2,58,"void convert_unary<float, __half>(void const*, __half*, long, long, long, HIP_vector_type<unsigned int, 3u>, long, long, long)",1794,37205230137291,37205230157736,0,0,256,1,1,786432,1,1
"KERNEL_DISPATCH",4,2,81,"tile_fp16_reduce(float const*, float*, int, int)",1796,37205230593154,37205230618636,0,0,256,1,1,53248,1,1
"KERNEL_DISPATCH",4,2,79,"void tile_fp16_gemm<128, 64, 4, 8, 32, false>(__half const*, __half const*, float*, float*, int, int, int, long, int)",1795,37205230157736,37205230593154,0,25088,256,1,1,6656,1,8
"KERNEL_DISPATCH",4,2,22,"void dequantize_block_iq3_s<__half>(void const*, __half*)",1797,37205230638636,37205230767380,0,0,32,1,1,1277952,1,1
"KERNEL_DISPATCH",4,2,58,"void convert_unary<float, __half>(void const*, __half*, long, long, long, HIP_vector_type<unsigned int, 3u>, long, long, long)",1798,37205230767380,37205230787677,0,0,256,1,1,786432,1,1
"KERNEL_DISPATCH",4,2,79,"void tile_fp16_gemm<128, 64, 4, 8, 32, false>(__half const*, __half const*, float*, float*, int, int, int, long, int)",1799,37205230787677,37205231213762,0,25088,256,1,1,6656,1,8
"KERNEL_DISPATCH",4,2,81,"tile_fp16_reduce(float const*, float*, int, int)",1800,37205231213762,37205231238799,0,0,256,1,1,53248,1,1
"KERNEL_DISPATCH",4,2,22,"void dequantize_block_iq3_s<__half>(void const*, __half*)",1801,37205231259393,37205231388729,0,0,32,1,1,1277952,1,1
"KERNEL_DISPATCH",4,2,58,"void convert_unary<float, __half>(void const*, __half*, long, long, long, HIP_vector_type<unsigned int, 3u>, long, long, long)",1802,37205231388729,37205231409619,0,0,256,1,1,786432,1,1
"KERNEL_DISPATCH",4,2,79,"void tile_fp16_gemm<128, 64, 4, 8, 32, false>(__half const*, __half const*, float*, float*, int, int, int, long, int)",1803,37205231409619,37205231831555,0,25088,256,1,1,6656,1,8
"KERNEL_DISPATCH",4,2,81,"tile_fp16_reduce(float const*, float*, int, int)",1804,37205231831555,37205231856593,0,0,256,1,1,53248,1,1
"KERNEL_DISPATCH",4,2,22,"void dequantize_block_iq3_s<__half>(void const*, __half*)",1805,37205231887556,37205232031412,0,0,32,1,1,1277952,1,1
"KERNEL_DISPATCH",4,2,58,"void convert_unary<float, __half>(void const*, __half*, long, long, long, HIP_vector_type<unsigned int, 3u>, long, long, long)",1806,37205232031412,37205232054227,0,0,256,1,1,786432,1,1
"KERNEL_DISPATCH",4,2,79,"void tile_fp16_gemm<128, 64, 4, 8, 32, false>(__half const*, __half const*, float*, float*, int, int, int, long, int)",1807,37205232054227,37205232520757,0,25088,256,1,1,6656,1,8
"KERNEL_DISPATCH",4,2,81,"tile_fp16_reduce(float const*, float*, int, int)",1808,37205232520757,37205232548906,0,0,256,1,1,53248,1,1
"KERNEL_DISPATCH",4,2,22,"void dequantize_block_iq3_s<__half>(void const*, __half*)",1809,37205232569796,37205232713799,0,0,32,1,1,1277952,1,1
"KERNEL_DISPATCH",4,2,58,"void convert_unary<float, __half>(void const*, __half*, long, long, long, HIP_vector_type<unsigned int, 3u>, long, long, long)",1810,37205232713799,37205232736466,0,0,256,1,1,786432,1,1
"KERNEL_DISPATCH",4,2,79,"void tile_fp16_gemm<128, 64, 4, 8, 32, false>(__half const*, __half const*, float*, float*, int, int, int, long, int)",1811,37205232736466,37205233190256,0,25088,256,1,1,6656,1,8
"KERNEL_DISPATCH",4,2,81,"tile_fp16_reduce(float const*, float*, int, int)",1812,37205233190256,37205233215441,0,0,256,1,1,53248,1,1
"KERNEL_DISPATCH",4,2,22,"void dequantize_block_iq3_s<__half>(void const*, __half*)",1813,37205233235590,37205233364482,0,0,32,1,1,1277952,1,1
"KERNEL_DISPATCH",4,2,58,"void convert_unary<float, __half>(void const*, __half*, long, long, long, HIP_vector_type<unsigned int, 3u>, long, long, long)",1814,37205233364482,37205233385075,0,0,256,1,1,786432,1,1
"KERNEL_DISPATCH",4,2,79,"void tile_fp16_gemm<128, 64, 4, 8, 32, false>(__half const*, __half const*, float*, float*, int, int, int, long, int)",1815,37205233385075,37205233816938,0,25088,256,1,1,6656,1,8
"KERNEL_DISPATCH",4,2,81,"tile_fp16_reduce(float const*, float*, int, int)",1816,37205233816938,37205233842272,0,0,256,1,1,53248,1,1
"KERNEL_DISPATCH",4,2,22,"void dequantize_block_iq3_s<__half>(void const*, __half*)",1817,37205233863754,37205234013239,0,0,32,1,1,1277952,1,1
"KERNEL_DISPATCH",4,2,58,"void convert_unary<float, __half>(void const*, __half*, long, long, long, HIP_vector_type<unsigned int, 3u>, long, long, long)",1818,37205234013239,37205234036054,0,0,256,1,1,786432,1,1
"KERNEL_DISPATCH",4,2,79,"void tile_fp16_gemm<128, 64, 4, 8, 32, false>(__half const*, __half const*, float*, float*, int, int, int, long, int)",1819,37205234036054,37205234517252,0,25088,256,1,1,6656,1,8
"KERNEL_DISPATCH",4,2,81,"tile_fp16_reduce(float const*, float*, int, int)",1820,37205234517252,37205234545697,0,0,256,1,1,53248,1,1
"KERNEL_DISPATCH",4,2,22,"void dequantize_block_iq3_s<__half>(void const*, __half*)",1821,37205234567179,37205234711182,0,0,32,1,1,1277952,1,1
"KERNEL_DISPATCH",4,2,58,"void convert_unary<float, __half>(void const*, __half*, long, long, long, HIP_vector_type<unsigned int, 3u>, long, long, long)",1822,37205234711182,37205234733850,0,0,256,1,1,786432,1,1
"KERNEL_DISPATCH",4,2,79,"void tile_fp16_gemm<128, 64, 4, 8, 32, false>(__half const*, __half const*, float*, float*, int, int, int, long, int)",1823,37205234733850,37205235195342,0,25088,256,1,1,6656,1,8
"KERNEL_DISPATCH",4,2,81,"tile_fp16_reduce(float const*, float*, int, int)",1824,37205235195342,37205235220528,0,0,256,1,1,53248,1,1
"KERNEL_DISPATCH",4,2,22,"void dequantize_block_iq3_s<__half>(void const*, __half*)",1825,37205235240232,37205235369273,0,0,32,1,1,1277952,1,1
"KERNEL_DISPATCH",4,2,58,"void convert_unary<float, __half>(void const*, __half*, long, long, long, HIP_vector_type<unsigned int, 3u>, long, long, long)",1826,37205235369273,37205235389570,0,0,256,1,1,786432,1,1
"KERNEL_DISPATCH",4,2,79,"void tile_fp16_gemm<128, 64, 4, 8, 32, false>(__half const*, __half const*, float*, float*, int, int, int, long, int)",1827,37205235389570,37205235806913,0,25088,256,1,1,6656,1,8
"KERNEL_DISPATCH",4,2,81,"tile_fp16_reduce(float const*, float*, int, int)",1828,37205235806913,37205235832099,0,0,256,1,1,53248,1,1
"KERNEL_DISPATCH",4,2,22,"void dequantize_block_iq3_s<__half>(void const*, __half*)",1829,37205235853433,37205236005140,0,0,32,1,1,1277952,1,1
"KERNEL_DISPATCH",4,2,58,"void convert_unary<float, __half>(void const*, __half*, long, long, long, HIP_vector_type<unsigned int, 3u>, long, long, long)",1830,37205236005140,37205236028252,0,0,256,1,1,786432,1,1
"KERNEL_DISPATCH",4,2,79,"void tile_fp16_gemm<128, 64, 4, 8, 32, false>(__half const*, __half const*, float*, float*, int, int, int, long, int)",1831,37205236028252,37205236497153,0,25088,256,1,1,6656,1,8
"KERNEL_DISPATCH",4,2,81,"tile_fp16_reduce(float const*, float*, int, int)",1832,37205236497153,37205236525005,0,0,256,1,1,53248,1,1
"KERNEL_DISPATCH",4,2,22,"void dequantize_block_iq3_s<__half>(void const*, __half*)",1833,37205236546784,37205236690787,0,0,32,1,1,1277952,1,1
"KERNEL_DISPATCH",4,2,58,"void convert_unary<float, __half>(void const*, __half*, long, long, long, HIP_vector_type<unsigned int, 3u>, long, long, long)",1834,37205236690787,37205236713751,0,0,256,1,1,786432,1,1
"KERNEL_DISPATCH",4,2,79,"void tile_fp16_gemm<128, 64, 4, 8, 32, false>(__half const*, __half const*, float*, float*, int, int, int, long, int)",1835,37205236713751,37205237167688,0,25088,256,1,1,6656,1,8
"KERNEL_DISPATCH",4,2,81,"tile_fp16_reduce(float const*, float*, int, int)",1836,37205237167688,37205237192874,0,0,256,1,1,53248,1,1
"KERNEL_DISPATCH",4,2,22,"void dequantize_block_iq3_s<__half>(void const*, __half*)",1837,37205237213467,37205237342655,0,0,32,1,1,1277952,1,1
"KERNEL_DISPATCH",4,2,58,"void convert_unary<float, __half>(void const*, __half*, long, long, long, HIP_vector_type<unsigned int, 3u>, long, long, long)",1838,37205237342655,37205237363248,0,0,256,1,1,786432,1,1
"KERNEL_DISPATCH",4,2,79,"void tile_fp16_gemm<128, 64, 4, 8, 32, false>(__half const*, __half const*, float*, float*, int, int, int, long, int)",1839,37205237363248,37205237788889,0,25088,256,1,1,6656,1,8
"KERNEL_DISPATCH",4,2,81,"tile_fp16_reduce(float const*, float*, int, int)",1840,37205237788889,37205237814074,0,0,256,1,1,53248,1,1
"KERNEL_DISPATCH",4,2,22,"void dequantize_block_iq3_s<__half>(void const*, __half*)",1841,37205237834816,37205237985782,0,0,32,1,1,1277952,1,1
"KERNEL_DISPATCH",4,2,58,"void convert_unary<float, __half>(void const*, __half*, long, long, long, HIP_vector_type<unsigned int, 3u>, long, long, long)",1842,37205237985782,37205238008301,0,0,256,1,1,786432,1,1
"KERNEL_DISPATCH",4,2,79,"void tile_fp16_gemm<128, 64, 4, 8, 32, false>(__half const*, __half const*, float*, float*, int, int, int, long, int)",1843,37205238008301,37205238488313,0,25088,256,1,1,6656,1,8
"KERNEL_DISPATCH",4,2,81,"tile_fp16_reduce(float const*, float*, int, int)",1844,37205238488313,37205238516462,0,0,256,1,1,53248,1,1
"KERNEL_DISPATCH",4,2,22,"void dequantize_block_iq3_s<__half>(void const*, __half*)",1845,37205238538241,37205238681948,0,0,32,1,1,1277952,1,1
"KERNEL_DISPATCH",4,2,58,"void convert_unary<float, __half>(void const*, __half*, long, long, long, HIP_vector_type<unsigned int, 3u>, long, long, long)",1846,37205238681948,37205238704763,0,0,256,1,1,786432,1,1
"KERNEL_DISPATCH",4,2,79,"void tile_fp16_gemm<128, 64, 4, 8, 32, false>(__half const*, __half const*, float*, float*, int, int, int, long, int)",1847,37205238704763,37205239167590,0,25088,256,1,1,6656,1,8
"KERNEL_DISPATCH",4,2,81,"tile_fp16_reduce(float const*, float*, int, int)",1848,37205239167590,37205239193072,0,0,256,1,1,53248,1,1
"KERNEL_DISPATCH",4,2,22,"void dequantize_block_iq3_s<__half>(void const*, __half*)",1849,37205239213665,37205239342557,0,0,32,1,1,1277952,1,1
"KERNEL_DISPATCH",4,2,58,"void convert_unary<float, __half>(void const*, __half*, long, long, long, HIP_vector_type<unsigned int, 3u>, long, long, long)",1850,37205239342557,37205239363150,0,0,256,1,1,786432,1,1
"KERNEL_DISPATCH",4,2,79,"void tile_fp16_gemm<128, 64, 4, 8, 32, false>(__half const*, __half const*, float*, float*, int, int, int, long, int)",1851,37205239363150,37205239800346,0,25088,256,1,1,6656,1,8
"KERNEL_DISPATCH",4,2,81,"tile_fp16_reduce(float const*, float*, int, int)",1852,37205239800346,37205239825532,0,0,256,1,1,53248,1,1
"KERNEL_DISPATCH",4,2,22,"void dequantize_block_iq3_s<__half>(void const*, __half*)",1853,37205239846866,37205239998870,0,0,32,1,1,1277952,1,1
"KERNEL_DISPATCH",4,2,58,"void convert_unary<float, __half>(void const*, __half*, long, long, long, HIP_vector_type<unsigned int, 3u>, long, long, long)",1854,37205239998870,37205240022129,0,0,256,1,1,786432,1,1
"KERNEL_DISPATCH",4,2,79,"void tile_fp16_gemm<128, 64, 4, 8, 32, false>(__half const*, __half const*, float*, float*, int, int, int, long, int)",1855,37205240022129,37205240491623,0,25088,256,1,1,6656,1,8
"KERNEL_DISPATCH",4,2,81,"tile_fp16_reduce(float const*, float*, int, int)",1856,37205240491623,37205240520068,0,0,256,1,1,53248,1,1
"KERNEL_DISPATCH",4,2,22,"void dequantize_block_iq3_s<__half>(void const*, __half*)",1857,37205240542142,37205240686146,0,0,32,1,1,1277952,1,1
"KERNEL_DISPATCH",4,2,58,"void convert_unary<float, __half>(void const*, __half*, long, long, long, HIP_vector_type<unsigned int, 3u>, long, long, long)",1858,37205240686146,37205240708961,0,0,256,1,1,786432,1,1
"KERNEL_DISPATCH",4,2,79,"void tile_fp16_gemm<128, 64, 4, 8, 32, false>(__half const*, __half const*, float*, float*, int, int, int, long, int)",1859,37205240708961,37205241156972,0,25088,256,1,1,6656,1,8
"KERNEL_DISPATCH",4,2,81,"tile_fp16_reduce(float const*, float*, int, int)",1860,37205241156972,37205241181862,0,0,256,1,1,53248,1,1
"KERNEL_DISPATCH",4,2,22,"void dequantize_block_iq3_s<__half>(void const*, __half*)",1861,37205241202307,37205241331347,0,0,32,1,1,1277952,1,1
"KERNEL_DISPATCH",4,2,58,"void convert_unary<float, __half>(void const*, __half*, long, long, long, HIP_vector_type<unsigned int, 3u>, long, long, long)",1862,37205241331347,37205241351644,0,0,256,1,1,786432,1,1
"KERNEL_DISPATCH",4,2,79,"void tile_fp16_gemm<128, 64, 4, 8, 32, false>(__half const*, __half const*, float*, float*, int, int, int, long, int)",1863,37205241351644,37205241780692,0,25088,256,1,1,6656,1,8
"KERNEL_DISPATCH",4,2,81,"tile_fp16_reduce(float const*, float*, int, int)",1864,37205241780692,37205241806174,0,0,256,1,1,53248,1,1
"KERNEL_DISPATCH",4,2,22,"void dequantize_block_iq3_s<__half>(void const*, __half*)",1865,37205241826619,37205241978178,0,0,32,1,1,1277952,1,1
"KERNEL_DISPATCH",4,2,58,"void convert_unary<float, __half>(void const*, __half*, long, long, long, HIP_vector_type<unsigned int, 3u>, long, long, long)",1866,37205241978178,37205242001290,0,0,256,1,1,786432,1,1
"KERNEL_DISPATCH",4,2,79,"void tile_fp16_gemm<128, 64, 4, 8, 32, false>(__half const*, __half const*, float*, float*, int, int, int, long, int)",1867,37205242001290,37205242451968,0,25088,256,1,1,6656,1,8
"KERNEL_DISPATCH",4,2,81,"tile_fp16_reduce(float const*, float*, int, int)",1868,37205242451968,37205242480265,0,0,256,1,1,53248,1,1
"KERNEL_DISPATCH",4,2,22,"void dequantize_block_iq3_s<__half>(void const*, __half*)",1869,37205242501599,37205242645898,0,0,32,1,1,1277952,1,1
"KERNEL_DISPATCH",4,2,58,"void convert_unary<float, __half>(void const*, __half*, long, long, long, HIP_vector_type<unsigned int, 3u>, long, long, long)",1870,37205242645898,37205242668566,0,0,256,1,1,786432,1,1
"KERNEL_DISPATCH",4,2,79,"void tile_fp16_gemm<128, 64, 4, 8, 32, false>(__half const*, __half const*, float*, float*, int, int, int, long, int)",1871,37205242668566,37205243134059,0,25088,256,1,1,6656,1,8
"KERNEL_DISPATCH",4,2,81,"tile_fp16_reduce(float const*, float*, int, int)",1872,37205243134059,37205243158948,0,0,256,1,1,53248,1,1
"KERNEL_DISPATCH",4,2,22,"void dequantize_block_iq3_s<__half>(void const*, __half*)",1873,37205243178949,37205243307989,0,0,32,1,1,1277952,1,1
"KERNEL_DISPATCH",4,2,58,"void convert_unary<float, __half>(void const*, __half*, long, long, long, HIP_vector_type<unsigned int, 3u>, long, long, long)",1874,37205243307989,37205243328582,0,0,256,1,1,786432,1,1
"KERNEL_DISPATCH",4,2,79,"void tile_fp16_gemm<128, 64, 4, 8, 32, false>(__half const*, __half const*, float*, float*, int, int, int, long, int)",1875,37205243328582,37205243748444,0,25088,256,1,1,6656,1,8
"KERNEL_DISPATCH",4,2,81,"tile_fp16_reduce(float const*, float*, int, int)",1876,37205243748444,37205243774223,0,0,256,1,1,53248,1,1
"KERNEL_DISPATCH",4,2,22,"void dequantize_block_iq3_s<__half>(void const*, __half*)",1877,37205243794372,37205243942227,0,0,32,1,1,1277952,1,1
"KERNEL_DISPATCH",4,2,58,"void convert_unary<float, __half>(void const*, __half*, long, long, long, HIP_vector_type<unsigned int, 3u>, long, long, long)",1878,37205243942227,37205243965191,0,0,256,1,1,786432,1,1
"KERNEL_DISPATCH",4,2,79,"void tile_fp16_gemm<128, 64, 4, 8, 32, false>(__half const*, __half const*, float*, float*, int, int, int, long, int)",1879,37205243965191,37205244449055,0,25088,256,1,1,6656,1,8
"KERNEL_DISPATCH",4,2,81,"tile_fp16_reduce(float const*, float*, int, int)",1880,37205244449055,37205244477352,0,0,256,1,1,53248,1,1
"KERNEL_DISPATCH",4,2,22,"void dequantize_block_iq3_s<__half>(void const*, __half*)",1881,37205244498834,37205244642689,0,0,32,1,1,1277952,1,1
"KERNEL_DISPATCH",4,2,58,"void convert_unary<float, __half>(void const*, __half*, long, long, long, HIP_vector_type<unsigned int, 3u>, long, long, long)",1882,37205244642689,37205244727728,0,0,256,1,1,786432,1,1
"KERNEL_DISPATCH",4,2,79,"void tile_fp16_gemm<128, 64, 4, 8, 32, false>(__half const*, __half const*, float*, float*, int, int, int, long, int)",1883,37205244727728,37205245201814,0,25088,256,1,1,6656,1,8
"KERNEL_DISPATCH",4,2,81,"tile_fp16_reduce(float const*, float*, int, int)",1884,37205245201814,37205245227444,0,0,256,1,1,53248,1,1
"KERNEL_DISPATCH",4,2,22,"void dequantize_block_iq3_s<__half>(void const*, __half*)",1885,37205245247889,37205245376633,0,0,32,1,1,1277952,1,1
"KERNEL_DISPATCH",4,2,58,"void convert_unary<float, __half>(void const*, __half*, long, long, long, HIP_vector_type<unsigned int, 3u>, long, long, long)",1886,37205245376633,37205245397374,0,0,256,1,1,786432,1,1
"KERNEL_DISPATCH",4,2,79,"void tile_fp16_gemm<128, 64, 4, 8, 32, false>(__half const*, __half const*, float*, float*, int, int, int, long, int)",1887,37205245397374,37205245830422,0,25088,256,1,1,6656,1,8
"KERNEL_DISPATCH",4,2,81,"tile_fp16_reduce(float const*, float*, int, int)",1888,37205245830422,37205245855608,0,0,256,1,1,53248,1,1
"KERNEL_DISPATCH",4,2,22,"void dequantize_block_iq3_s<__half>(void const*, __half*)",1889,37205245906572,37205246050280,0,0,32,1,1,1277952,1,1
"KERNEL_DISPATCH",4,2,58,"void convert_unary<float, __half>(void const*, __half*, long, long, long, HIP_vector_type<unsigned int, 3u>, long, long, long)",1890,37205246050280,37205246073095,0,0,256,1,1,786432,1,1
"KERNEL_DISPATCH",4,2,79,"void tile_fp16_gemm<128, 64, 4, 8, 32, false>(__half const*, __half const*, float*, float*, int, int, int, long, int)",1891,37205246073095,37205246538736,0,25088,256,1,1,6656,1,8
"KERNEL_DISPATCH",4,2,81,"tile_fp16_reduce(float const*, float*, int, int)",1892,37205246538736,37205246566144,0,0,256,1,1,53248,1,1
"KERNEL_DISPATCH",4,2,22,"void dequantize_block_iq3_s<__half>(void const*, __half*)",1893,37205246587774,37205246731630,0,0,32,1,1,1277952,1,1
"KERNEL_DISPATCH",4,2,58,"void convert_unary<float, __half>(void const*, __half*, long, long, long, HIP_vector_type<unsigned int, 3u>, long, long, long)",1894,37205246731630,37205246754297,0,0,256,1,1,786432,1,1
"KERNEL_DISPATCH",4,2,79,"void tile_fp16_gemm<128, 64, 4, 8, 32, false>(__half const*, __half const*, float*, float*, int, int, int, long, int)",1895,37205246754297,37205247213420,0,25088,256,1,1,6656,1,8
"KERNEL_DISPATCH",4,2,81,"tile_fp16_reduce(float const*, float*, int, int)",1896,37205247213420,37205247239050,0,0,256,1,1,53248,1,1
"KERNEL_DISPATCH",4,2,22,"void dequantize_block_iq3_s<__half>(void const*, __half*)",1897,37205247259347,37205247388387,0,0,32,1,1,1277952,1,1
"KERNEL_DISPATCH",4,2,58,"void convert_unary<float, __half>(void const*, __half*, long, long, long, HIP_vector_type<unsigned int, 3u>, long, long, long)",1898,37205247388387,37205247408832,0,0,256,1,1,786432,1,1
"KERNEL_DISPATCH",4,2,79,"void tile_fp16_gemm<128, 64, 4, 8, 32, false>(__half const*, __half const*, float*, float*, int, int, int, long, int)",1899,37205247408832,37205247835065,0,25088,256,1,1,6656,1,8
"KERNEL_DISPATCH",4,2,81,"tile_fp16_reduce(float const*, float*, int, int)",1900,37205247835065,37205247860251,0,0,256,1,1,53248,1,1
"KERNEL_DISPATCH",4,2,22,"void dequantize_block_iq3_s<__half>(void const*, __half*)",1901,37205247886770,37205248031070,0,0,32,1,1,1277952,1,1
"KERNEL_DISPATCH",4,2,58,"void convert_unary<float, __half>(void const*, __half*, long, long, long, HIP_vector_type<unsigned int, 3u>, long, long, long)",1902,37205248031070,37205248054033,0,0,256,1,1,786432,1,1
"KERNEL_DISPATCH",4,2,79,"void tile_fp16_gemm<128, 64, 4, 8, 32, false>(__half const*, __half const*, float*, float*, int, int, int, long, int)",1903,37205248054033,37205248529008,0,25088,256,1,1,6656,1,8
"KERNEL_DISPATCH",4,2,81,"tile_fp16_reduce(float const*, float*, int, int)",1904,37205248529008,37205248556712,0,0,256,1,1,53248,1,1
"KERNEL_DISPATCH",4,2,22,"void dequantize_block_iq3_s<__half>(void const*, __half*)",1905,37205248578343,37205248722494,0,0,32,1,1,1277952,1,1
"KERNEL_DISPATCH",4,2,58,"void convert_unary<float, __half>(void const*, __half*, long, long, long, HIP_vector_type<unsigned int, 3u>, long, long, long)",1906,37205248722494,37205248745310,0,0,256,1,1,786432,1,1
"KERNEL_DISPATCH",4,2,79,"void tile_fp16_gemm<128, 64, 4, 8, 32, false>(__half const*, __half const*, float*, float*, int, int, int, long, int)",1907,37205248745310,37205249194358,0,25088,256,1,1,6656,1,8
"KERNEL_DISPATCH",4,2,81,"tile_fp16_reduce(float const*, float*, int, int)",1908,37205249194358,37205249219544,0,0,256,1,1,53248,1,1
"KERNEL_DISPATCH",4,2,22,"void dequantize_block_iq3_s<__half>(void const*, __half*)",1909,37205249239544,37205249368436,0,0,32,1,1,1277952,1,1
"KERNEL_DISPATCH",4,2,58,"void convert_unary<float, __half>(void const*, __half*, long, long, long, HIP_vector_type<unsigned int, 3u>, long, long, long)",1910,37205249368436,37205249389029,0,0,256,1,1,786432,1,1
"KERNEL_DISPATCH",4,2,79,"void tile_fp16_gemm<128, 64, 4, 8, 32, false>(__half const*, __half const*, float*, float*, int, int, int, long, int)",1911,37205249389029,37205249816003,0,25088,256,1,1,6656,1,8
"KERNEL_DISPATCH",4,2,81,"tile_fp16_reduce(float const*, float*, int, int)",1912,37205249816003,37205249841485,0,0,256,1,1,53248,1,1
"KERNEL_DISPATCH",4,2,22,"void dequantize_block_iq3_s<__half>(void const*, __half*)",1913,37205249862671,37205250012897,0,0,32,1,1,1277952,1,1
"KERNEL_DISPATCH",4,2,58,"void convert_unary<float, __half>(void const*, __half*, long, long, long, HIP_vector_type<unsigned int, 3u>, long, long, long)",1914,37205250012897,37205250035712,0,0,256,1,1,786432,1,1
"KERNEL_DISPATCH",4,2,79,"void tile_fp16_gemm<128, 64, 4, 8, 32, false>(__half const*, __half const*, float*, float*, int, int, int, long, int)",1915,37205250035712,37205250497946,0,25088,256,1,1,6656,1,8
"KERNEL_DISPATCH",4,2,81,"tile_fp16_reduce(float const*, float*, int, int)",1916,37205250497946,37205250525650,0,0,256,1,1,53248,1,1
"KERNEL_DISPATCH",4,2,22,"void dequantize_block_iq3_s<__half>(void const*, __half*)",1917,37205250547577,37205250691580,0,0,32,1,1,1277952,1,1
"KERNEL_DISPATCH",4,2,58,"void convert_unary<float, __half>(void const*, __half*, long, long, long, HIP_vector_type<unsigned int, 3u>, long, long, long)",1918,37205250691580,37205250714396,0,0,256,1,1,786432,1,1
"KERNEL_DISPATCH",4,2,79,"void tile_fp16_gemm<128, 64, 4, 8, 32, false>(__half const*, __half const*, float*, float*, int, int, int, long, int)",1919,37205250714396,37205251173074,0,25088,256,1,1,6656,1,8
"KERNEL_DISPATCH",4,2,81,"tile_fp16_reduce(float const*, float*, int, int)",1920,37205251173074,37205251199297,0,0,256,1,1,53248,1,1
"KERNEL_DISPATCH",4,2,22,"void dequantize_block_iq3_s<__half>(void const*, __half*)",1921,37205251219594,37205251348486,0,0,32,1,1,1277952,1,1
"KERNEL_DISPATCH",4,2,58,"void convert_unary<float, __half>(void const*, __half*, long, long, long, HIP_vector_type<unsigned int, 3u>, long, long, long)",1922,37205251348486,37205251369375,0,0,256,1,1,786432,1,1
"KERNEL_DISPATCH",4,2,79,"void tile_fp16_gemm<128, 64, 4, 8, 32, false>(__half const*, __half const*, float*, float*, int, int, int, long, int)",1923,37205251369375,37205251796645,0,25088,256,1,1,6656,1,8
"KERNEL_DISPATCH",4,2,81,"tile_fp16_reduce(float const*, float*, int, int)",1924,37205251796645,37205251822127,0,0,256,1,1,53248,1,1
"KERNEL_DISPATCH",4,2,22,"void dequantize_block_iq3_s<__half>(void const*, __half*)",1925,37205251843905,37205251994428,0,0,32,1,1,1277952,1,1
"KERNEL_DISPATCH",4,2,58,"void convert_unary<float, __half>(void const*, __half*, long, long, long, HIP_vector_type<unsigned int, 3u>, long, long, long)",1926,37205251994428,37205252017391,0,0,256,1,1,786432,1,1
"KERNEL_DISPATCH",4,2,79,"void tile_fp16_gemm<128, 64, 4, 8, 32, false>(__half const*, __half const*, float*, float*, int, int, int, long, int)",1927,37205252017391,37205252491922,0,25088,256,1,1,6656,1,8
"KERNEL_DISPATCH",4,2,81,"tile_fp16_reduce(float const*, float*, int, int)",1928,37205252491922,37205252519922,0,0,256,1,1,53248,1,1
"KERNEL_DISPATCH",4,2,22,"void dequantize_block_iq3_s<__half>(void const*, __half*)",1929,37205252541256,37205252685260,0,0,32,1,1,1277952,1,1
"KERNEL_DISPATCH",4,2,58,"void convert_unary<float, __half>(void const*, __half*, long, long, long, HIP_vector_type<unsigned int, 3u>, long, long, long)",1930,37205252685260,37205252708075,0,0,256,1,1,786432,1,1
"KERNEL_DISPATCH",4,2,79,"void tile_fp16_gemm<128, 64, 4, 8, 32, false>(__half const*, __half const*, float*, float*, int, int, int, long, int)",1931,37205252708075,37205253169420,0,25088,256,1,1,6656,1,8
"KERNEL_DISPATCH",4,2,81,"tile_fp16_reduce(float const*, float*, int, int)",1932,37205253169420,37205253194309,0,0,256,1,1,53248,1,1
"KERNEL_DISPATCH",4,2,22,"void dequantize_block_iq3_s<__half>(void const*, __half*)",1933,37205253214162,37205253343646,0,0,32,1,1,1277952,1,1
"KERNEL_DISPATCH",4,2,58,"void convert_unary<float, __half>(void const*, __half*, long, long, long, HIP_vector_type<unsigned int, 3u>, long, long, long)",1934,37205253343646,37205253363943,0,0,256,1,1,786432,1,1
"KERNEL_DISPATCH",4,2,79,"void tile_fp16_gemm<128, 64, 4, 8, 32, false>(__half const*, __half const*, float*, float*, int, int, int, long, int)",1935,37205253363943,37205253789287,0,25088,256,1,1,6656,1,8
"KERNEL_DISPATCH",4,2,81,"tile_fp16_reduce(float const*, float*, int, int)",1936,37205253789287,37205253814177,0,0,256,1,1,53248,1,1
"KERNEL_DISPATCH",4,2,22,"void dequantize_block_iq3_s<__half>(void const*, __half*)",1937,37205253835214,37205253986033,0,0,32,1,1,1277952,1,1
"KERNEL_DISPATCH",4,2,58,"void convert_unary<float, __half>(void const*, __half*, long, long, long, HIP_vector_type<unsigned int, 3u>, long, long, long)",1938,37205253986033,37205254008700,0,0,256,1,1,786432,1,1
"KERNEL_DISPATCH",4,2,79,"void tile_fp16_gemm<128, 64, 4, 8, 32, false>(__half const*, __half const*, float*, float*, int, int, int, long, int)",1939,37205254008700,37205254476712,0,25088,256,1,1,6656,1,8
"KERNEL_DISPATCH",4,2,81,"tile_fp16_reduce(float const*, float*, int, int)",1940,37205254476712,37205254505009,0,0,256,1,1,53248,1,1
"KERNEL_DISPATCH",4,2,22,"void dequantize_block_iq3_s<__half>(void const*, __half*)",1941,37205254526639,37205254670791,0,0,32,1,1,1277952,1,1
"KERNEL_DISPATCH",4,2,58,"void convert_unary<float, __half>(void const*, __half*, long, long, long, HIP_vector_type<unsigned int, 3u>, long, long, long)",1942,37205254670791,37205254693458,0,0,256,1,1,786432,1,1
"KERNEL_DISPATCH",4,2,79,"void tile_fp16_gemm<128, 64, 4, 8, 32, false>(__half const*, __half const*, float*, float*, int, int, int, long, int)",1943,37205254693458,37205255138062,0,25088,256,1,1,6656,1,8
"KERNEL_DISPATCH",4,2,81,"tile_fp16_reduce(float const*, float*, int, int)",1944,37205255138062,37205255163544,0,0,256,1,1,53248,1,1
"KERNEL_DISPATCH",4,2,22,"void dequantize_block_iq3_s<__half>(void const*, __half*)",1945,37205255183692,37205255313029,0,0,32,1,1,1277952,1,1
"KERNEL_DISPATCH",4,2,58,"void convert_unary<float, __half>(void const*, __half*, long, long, long, HIP_vector_type<unsigned int, 3u>, long, long, long)",1946,37205255313029,37205255333474,0,0,256,1,1,786432,1,1
"KERNEL_DISPATCH",4,2,79,"void tile_fp16_gemm<128, 64, 4, 8, 32, false>(__half const*, __half const*, float*, float*, int, int, int, long, int)",1947,37205255333474,37205255760151,0,25088,256,1,1,6656,1,8
"KERNEL_DISPATCH",4,2,81,"tile_fp16_reduce(float const*, float*, int, int)",1948,37205255760151,37205255785781,0,0,256,1,1,53248,1,1
"KERNEL_DISPATCH",4,2,22,"void dequantize_block_iq3_s<__half>(void const*, __half*)",1949,37205255805782,37205255955563,0,0,32,1,1,1277952,1,1
"KERNEL_DISPATCH",4,2,58,"void convert_unary<float, __half>(void const*, __half*, long, long, long, HIP_vector_type<unsigned int, 3u>, long, long, long)",1950,37205255955563,37205255978379,0,0,256,1,1,786432,1,1
"KERNEL_DISPATCH",4,2,79,"void tile_fp16_gemm<128, 64, 4, 8, 32, false>(__half const*, __half const*, float*, float*, int, int, int, long, int)",1951,37205255978379,37205256443724,0,25088,256,1,1,6656,1,8
"KERNEL_DISPATCH",4,2,81,"tile_fp16_reduce(float const*, float*, int, int)",1952,37205256443724,37205256471428,0,0,256,1,1,53248,1,1
"KERNEL_DISPATCH",4,2,22,"void dequantize_block_iq3_s<__half>(void const*, __half*)",1953,37205256492910,37205256637062,0,0,32,1,1,1277952,1,1
"KERNEL_DISPATCH",4,2,58,"void convert_unary<float, __half>(void const*, __half*, long, long, long, HIP_vector_type<unsigned int, 3u>, long, long, long)",1954,37205256637062,37205256659877,0,0,256,1,1,786432,1,1
"KERNEL_DISPATCH",4,2,79,"void tile_fp16_gemm<128, 64, 4, 8, 32, false>(__half const*, __half const*, float*, float*, int, int, int, long, int)",1955,37205256659877,37205257125222,0,25088,256,1,1,6656,1,8
"KERNEL_DISPATCH",4,2,81,"tile_fp16_reduce(float const*, float*, int, int)",1956,37205257125222,37205257150704,0,0,256,1,1,53248,1,1
"KERNEL_DISPATCH",4,2,22,"void dequantize_block_iq3_s<__half>(void const*, __half*)",1957,37205257170853,37205257300041,0,0,32,1,1,1277952,1,1
"KERNEL_DISPATCH",4,2,58,"void convert_unary<float, __half>(void const*, __half*, long, long, long, HIP_vector_type<unsigned int, 3u>, long, long, long)",1958,37205257300041,37205257320486,0,0,256,1,1,786432,1,1
"KERNEL_DISPATCH",4,2,79,"void tile_fp16_gemm<128, 64, 4, 8, 32, false>(__half const*, __half const*, float*, float*, int, int, int, long, int)",1959,37205257320486,37205257752942,0,25088,256,1,1,6656,1,8
"KERNEL_DISPATCH",4,2,81,"tile_fp16_reduce(float const*, float*, int, int)",1960,37205257752942,37205257777831,0,0,256,1,1,53248,1,1
"KERNEL_DISPATCH",4,2,22,"void dequantize_block_iq3_s<__half>(void const*, __half*)",1961,37205257797980,37205257946724,0,0,32,1,1,1277952,1,1
"KERNEL_DISPATCH",4,2,58,"void convert_unary<float, __half>(void const*, __half*, long, long, long, HIP_vector_type<unsigned int, 3u>, long, long, long)",1962,37205257946724,37205257969836,0,0,256,1,1,786432,1,1
"KERNEL_DISPATCH",4,2,79,"void tile_fp16_gemm<128, 64, 4, 8, 32, false>(__half const*, __half const*, float*, float*, int, int, int, long, int)",1963,37205257969836,37205258449107,0,25088,256,1,1,6656,1,8
"KERNEL_DISPATCH",4,2,81,"tile_fp16_reduce(float const*, float*, int, int)",1964,37205258449107,37205258477108,0,0,256,1,1,53248,1,1
"KERNEL_DISPATCH",4,2,22,"void dequantize_block_iq3_s<__half>(void const*, __half*)",1965,37205258498886,37205258642445,0,0,32,1,1,1277952,1,1
"KERNEL_DISPATCH",4,2,58,"void convert_unary<float, __half>(void const*, __half*, long, long, long, HIP_vector_type<unsigned int, 3u>, long, long, long)",1966,37205258642445,37205258665409,0,0,256,1,1,786432,1,1
"KERNEL_DISPATCH",4,2,79,"void tile_fp16_gemm<128, 64, 4, 8, 32, false>(__half const*, __half const*, float*, float*, int, int, int, long, int)",1967,37205258665409,37205259140976,0,25088,256,1,1,6656,1,8
"KERNEL_DISPATCH",4,2,81,"tile_fp16_reduce(float const*, float*, int, int)",1968,37205259140976,37205259166162,0,0,256,1,1,53248,1,1
"KERNEL_DISPATCH",4,2,22,"void dequantize_block_iq3_s<__half>(void const*, __half*)",1969,37205259186459,37205259315351,0,0,32,1,1,1277952,1,1
"KERNEL_DISPATCH",4,2,58,"void convert_unary<float, __half>(void const*, __half*, long, long, long, HIP_vector_type<unsigned int, 3u>, long, long, long)",1970,37205259315351,37205259335944,0,0,256,1,1,786432,1,1
"KERNEL_DISPATCH",4,2,79,"void tile_fp16_gemm<128, 64, 4, 8, 32, false>(__half const*, __half const*, float*, float*, int, int, int, long, int)",1971,37205259335944,37205259770029,0,25088,256,1,1,6656,1,8
"KERNEL_DISPATCH",4,2,81,"tile_fp16_reduce(float const*, float*, int, int)",1972,37205259770029,37205259795363,0,0,256,1,1,53248,1,1
"KERNEL_DISPATCH",4,2,22,"void dequantize_block_iq3_s<__half>(void const*, __half*)",1973,37205259815511,37205259966330,0,0,32,1,1,1277952,1,1
"KERNEL_DISPATCH",4,2,58,"void convert_unary<float, __half>(void const*, __half*, long, long, long, HIP_vector_type<unsigned int, 3u>, long, long, long)",1974,37205259966330,37205259989442,0,0,256,1,1,786432,1,1
"KERNEL_DISPATCH",4,2,79,"void tile_fp16_gemm<128, 64, 4, 8, 32, false>(__half const*, __half const*, float*, float*, int, int, int, long, int)",1975,37205259989442,37205260458787,0,25088,256,1,1,6656,1,8
"KERNEL_DISPATCH",4,2,81,"tile_fp16_reduce(float const*, float*, int, int)",1976,37205260458787,37205260486936,0,0,256,1,1,53248,1,1
"KERNEL_DISPATCH",4,2,22,"void dequantize_block_iq3_s<__half>(void const*, __half*)",1977,37205260508418,37205260652569,0,0,32,1,1,1277952,1,1
"KERNEL_DISPATCH",4,2,58,"void convert_unary<float, __half>(void const*, __half*, long, long, long, HIP_vector_type<unsigned int, 3u>, long, long, long)",1978,37205260652569,37205260675533,0,0,256,1,1,786432,1,1
"KERNEL_DISPATCH",4,2,79,"void tile_fp16_gemm<128, 64, 4, 8, 32, false>(__half const*, __half const*, float*, float*, int, int, int, long, int)",1979,37205260675533,37205261141470,0,25088,256,1,1,6656,1,8
"KERNEL_DISPATCH",4,2,81,"tile_fp16_reduce(float const*, float*, int, int)",1980,37205261141470,37205261166064,0,0,256,1,1,53248,1,1
"KERNEL_DISPATCH",4,2,22,"void dequantize_block_iq3_s<__half>(void const*, __half*)",1981,37205261186212,37205261315401,0,0,32,1,1,1277952,1,1
"KERNEL_DISPATCH",4,2,58,"void convert_unary<float, __half>(void const*, __half*, long, long, long, HIP_vector_type<unsigned int, 3u>, long, long, long)",1982,37205261315401,37205261335846,0,0,256,1,1,786432,1,1
"KERNEL_DISPATCH",4,2,79,"void tile_fp16_gemm<128, 64, 4, 8, 32, false>(__half const*, __half const*, float*, float*, int, int, int, long, int)",1983,37205261335846,37205261778671,0,25088,256,1,1,6656,1,8
"KERNEL_DISPATCH",4,2,81,"tile_fp16_reduce(float const*, float*, int, int)",1984,37205261778671,37205261803561,0,0,256,1,1,53248,1,1
"KERNEL_DISPATCH",4,2,22,"void dequantize_block_iq3_s<__half>(void const*, __half*)",1985,37205261824006,37205261975417,0,0,32,1,1,1277952,1,1
"KERNEL_DISPATCH",4,2,58,"void convert_unary<float, __half>(void const*, __half*, long, long, long, HIP_vector_type<unsigned int, 3u>, long, long, long)",1986,37205261975417,37205261998232,0,0,256,1,1,786432,1,1
"KERNEL_DISPATCH",4,2,79,"void tile_fp16_gemm<128, 64, 4, 8, 32, false>(__half const*, __half const*, float*, float*, int, int, int, long, int)",1987,37205261998232,37205262461800,0,25088,256,1,1,6656,1,8
"KERNEL_DISPATCH",4,2,81,"tile_fp16_reduce(float const*, float*, int, int)",1988,37205262461800,37205262489652,0,0,256,1,1,53248,1,1
"KERNEL_DISPATCH",4,2,22,"void dequantize_block_iq3_s<__half>(void const*, __half*)",1989,37205262511282,37205262655138,0,0,32,1,1,1277952,1,1
"KERNEL_DISPATCH",4,2,58,"void convert_unary<float, __half>(void const*, __half*, long, long, long, HIP_vector_type<unsigned int, 3u>, long, long, long)",1990,37205262655138,37205262677805,0,0,256,1,1,786432,1,1
"KERNEL_DISPATCH",4,2,79,"void tile_fp16_gemm<128, 64, 4, 8, 32, false>(__half const*, __half const*, float*, float*, int, int, int, long, int)",1991,37205262677805,37205263140039,0,25088,256,1,1,6656,1,8
"KERNEL_DISPATCH",4,2,81,"tile_fp16_reduce(float const*, float*, int, int)",1992,37205263140039,37205263165224,0,0,256,1,1,53248,1,1
"KERNEL_DISPATCH",4,2,22,"void dequantize_block_iq3_s<__half>(void const*, __half*)",1993,37205263185225,37205263314117,0,0,32,1,1,1277952,1,1
"KERNEL_DISPATCH",4,2,58,"void convert_unary<float, __half>(void const*, __half*, long, long, long, HIP_vector_type<unsigned int, 3u>, long, long, long)",1994,37205263314117,37205263334710,0,0,256,1,1,786432,1,1
"KERNEL_DISPATCH",4,2,79,"void tile_fp16_gemm<128, 64, 4, 8, 32, false>(__half const*, __half const*, float*, float*, int, int, int, long, int)",1995,37205263334710,37205263752795,0,25088,256,1,1,6656,1,8
"KERNEL_DISPATCH",4,2,81,"tile_fp16_reduce(float const*, float*, int, int)",1996,37205263752795,37205263777832,0,0,256,1,1,53248,1,1
"KERNEL_DISPATCH",4,2,22,"void dequantize_block_iq3_s<__half>(void const*, __half*)",1997,37205263797981,37205263946429,0,0,32,1,1,1277952,1,1
"KERNEL_DISPATCH",4,2,58,"void convert_unary<float, __half>(void const*, __half*, long, long, long, HIP_vector_type<unsigned int, 3u>, long, long, long)",1998,37205263946429,37205263969837,0,0,256,1,1,786432,1,1
"KERNEL_DISPATCH",4,2,79,"void tile_fp16_gemm<128, 64, 4, 8, 32, false>(__half const*, __half const*, float*, float*, int, int, int, long, int)",1999,37205263969837,37205264426737,0,25088,256,1,1,6656,1,8
"KERNEL_DISPATCH",4,2,81,"tile_fp16_reduce(float const*, float*, int, int)",2000,37205264426737,37205264454442,0,0,256,1,1,53248,1,1
"KERNEL_DISPATCH",4,2,22,"void dequantize_block_iq3_s<__half>(void const*, __half*)",2001,37205264475924,37205264619927,0,0,32,1,1,1277952,1,1
"KERNEL_DISPATCH",4,2,58,"void convert_unary<float, __half>(void const*, __half*, long, long, long, HIP_vector_type<unsigned int, 3u>, long, long, long)",2002,37205264619927,37205264642446,0,0,256,1,1,786432,1,1
"KERNEL_DISPATCH",4,2,79,"void tile_fp16_gemm<128, 64, 4, 8, 32, false>(__half const*, __half const*, float*, float*, int, int, int, long, int)",2003,37205264642446,37205265108680,0,25088,256,1,1,6656,1,8
"KERNEL_DISPATCH",4,2,81,"tile_fp16_reduce(float const*, float*, int, int)",2004,37205265108680,37205265136829,0,0,256,1,1,53248,1,1
"KERNEL_DISPATCH",4,2,22,"void dequantize_block_iq3_s<__half>(void const*, __half*)",2005,37205265158607,37205265302315,0,0,32,1,1,1277952,1,1
"KERNEL_DISPATCH",4,2,58,"void convert_unary<float, __half>(void const*, __half*, long, long, long, HIP_vector_type<unsigned int, 3u>, long, long, long)",2006,37205265302315,37205265325130,0,0,256,1,1,786432,1,1
"KERNEL_DISPATCH",4,2,79,"void tile_fp16_gemm<128, 64, 4, 8, 32, false>(__half const*, __half const*, float*, float*, int, int, int, long, int)",2007,37205265325130,37205265797883,0,25088,256,1,1,6656,1,8
"KERNEL_DISPATCH",4,2,81,"tile_fp16_reduce(float const*, float*, int, int)",2008,37205265797883,37205265825587,0,0,256,1,1,53248,1,1
"KERNEL_DISPATCH",4,2,22,"void dequantize_block_iq3_s<__half>(void const*, __half*)",2009,37205265847365,37205265991369,0,0,32,1,1,1277952,1,1
"KERNEL_DISPATCH",4,2,58,"void convert_unary<float, __half>(void const*, __half*, long, long, long, HIP_vector_type<unsigned int, 3u>, long, long, long)",2010,37205265991369,37205266014184,0,0,256,1,1,786432,1,1
"KERNEL_DISPATCH",4,2,79,"void tile_fp16_gemm<128, 64, 4, 8, 32, false>(__half const*, __half const*, float*, float*, int, int, int, long, int)",2011,37205266014184,37205266479677,0,25088,256,1,1,6656,1,8
"KERNEL_DISPATCH",4,2,81,"tile_fp16_reduce(float const*, float*, int, int)",2012,37205266479677,37205266508271,0,0,256,1,1,53248,1,1
"KERNEL_DISPATCH",4,2,22,"void dequantize_block_iq3_s<__half>(void const*, __half*)",2013,37205266530345,37205266674349,0,0,32,1,1,1277952,1,1
"KERNEL_DISPATCH",4,2,58,"void convert_unary<float, __half>(void const*, __half*, long, long, long, HIP_vector_type<unsigned int, 3u>, long, long, long)",2014,37205266674349,37205266697016,0,0,256,1,1,786432,1,1
"KERNEL_DISPATCH",4,2,79,"void tile_fp16_gemm<128, 64, 4, 8, 32, false>(__half const*, __half const*, float*, float*, int, int, int, long, int)",2015,37205266697016,37205267146361,0,25088,256,1,1,6656,1,8
"KERNEL_DISPATCH",4,2,81,"tile_fp16_reduce(float const*, float*, int, int)",2016,37205267146361,37205267171991,0,0,256,1,1,53248,1,1
"KERNEL_DISPATCH",4,2,22,"void dequantize_block_iq3_s<__half>(void const*, __half*)",2017,37205561180597,37205561199709,0,0,32,1,1,163840,1,1
"KERNEL_DISPATCH",4,2,58,"void convert_unary<float, __half>(void const*, __half*, long, long, long, HIP_vector_type<unsigned int, 3u>, long, long, long)",2018,37205561199709,37205561221486,0,0,256,1,1,655360,1,1
"KERNEL_DISPATCH",4,2,79,"void tile_fp16_gemm<128, 64, 4, 8, 32, false>(__half const*, __half const*, float*, float*, int, int, int, long, int)",2019,37205561221486,37205561340600,0,25088,256,1,1,1024,1,8
"KERNEL_DISPATCH",4,2,81,"tile_fp16_reduce(float const*, float*, int, int)",2020,37205561340600,37205561345193,0,0,256,1,1,8192,1,1
"KERNEL_DISPATCH",4,2,22,"void dequantize_block_iq3_s<__half>(void const*, __half*)",2021,37205561645793,37205561663423,0,0,32,1,1,163840,1,1
"KERNEL_DISPATCH",4,2,58,"void convert_unary<float, __half>(void const*, __half*, long, long, long, HIP_vector_type<unsigned int, 3u>, long, long, long)",2022,37205561663423,37205561680609,0,0,256,1,1,655360,1,1
"KERNEL_DISPATCH",4,2,79,"void tile_fp16_gemm<128, 64, 4, 8, 32, false>(__half const*, __half const*, float*, float*, int, int, int, long, int)",2023,37205561680609,37205561790686,0,25088,256,1,1,1024,1,8
"KERNEL_DISPATCH",4,2,81,"tile_fp16_reduce(float const*, float*, int, int)",2024,37205561790686,37205561794982,0,0,256,1,1,8192,1,1
"KERNEL_DISPATCH",4,2,22,"void dequantize_block_iq3_s<__half>(void const*, __half*)",2025,37205561816020,37205561833650,0,0,32,1,1,163840,1,1
"KERNEL_DISPATCH",4,2,58,"void convert_unary<float, __half>(void const*, __half*, long, long, long, HIP_vector_type<unsigned int, 3u>, long, long, long)",2026,37205561833650,37205561850391,0,0,256,1,1,655360,1,1
"KERNEL_DISPATCH",4,2,79,"void tile_fp16_gemm<128, 64, 4, 8, 32, false>(__half const*, __half const*, float*, float*, int, int, int, long, int)",2027,37205561850391,37205561955134,0,25088,256,1,1,1024,1,8
"KERNEL_DISPATCH",4,2,81,"tile_fp16_reduce(float const*, float*, int, int)",2028,37205561955134,37205561959431,0,0,256,1,1,8192,1,1
"KERNEL_DISPATCH",4,2,22,"void dequantize_block_iq3_s<__half>(void const*, __half*)",2029,37205561983431,37205562000913,0,0,32,1,1,163840,1,1
"KERNEL_DISPATCH",4,2,58,"void convert_unary<float, __half>(void const*, __half*, long, long, long, HIP_vector_type<unsigned int, 3u>, long, long, long)",2030,37205562000913,37205562017802,0,0,256,1,1,655360,1,1
"KERNEL_DISPATCH",4,2,79,"void tile_fp16_gemm<128, 64, 4, 8, 32, false>(__half const*, __half const*, float*, float*, int, int, int, long, int)",2031,37205562017802,37205562121361,0,25088,256,1,1,1024,1,8
"KERNEL_DISPATCH",4,2,81,"tile_fp16_reduce(float const*, float*, int, int)",2032,37205562121361,37205562125657,0,0,256,1,1,8192,1,1
"KERNEL_DISPATCH",4,2,22,"void dequantize_block_iq3_s<__half>(void const*, __half*)",2033,37205562145509,37205562162991,0,0,32,1,1,163840,1,1
"KERNEL_DISPATCH",4,2,58,"void convert_unary<float, __half>(void const*, __half*, long, long, long, HIP_vector_type<unsigned int, 3u>, long, long, long)",2034,37205562162991,37205562179732,0,0,256,1,1,655360,1,1
"KERNEL_DISPATCH",4,2,79,"void tile_fp16_gemm<128, 64, 4, 8, 32, false>(__half const*, __half const*, float*, float*, int, int, int, long, int)",2035,37205562179732,37205562284031,0,25088,256,1,1,1024,1,8
"KERNEL_DISPATCH",4,2,81,"tile_fp16_reduce(float const*, float*, int, int)",2036,37205562284031,37205562288328,0,0,256,1,1,8192,1,1
"KERNEL_DISPATCH",4,2,22,"void dequantize_block_iq3_s<__half>(void const*, __half*)",2037,37205562308032,37205562325810,0,0,32,1,1,163840,1,1
"KERNEL_DISPATCH",4,2,58,"void convert_unary<float, __half>(void const*, __half*, long, long, long, HIP_vector_type<unsigned int, 3u>, long, long, long)",2038,37205562325810,37205562342551,0,0,256,1,1,655360,1,1
"KERNEL_DISPATCH",4,2,79,"void tile_fp16_gemm<128, 64, 4, 8, 32, false>(__half const*, __half const*, float*, float*, int, int, int, long, int)",2039,37205562342551,37205562447443,0,25088,256,1,1,1024,1,8
"KERNEL_DISPATCH",4,2,81,"tile_fp16_reduce(float const*, float*, int, int)",2040,37205562447443,37205562451591,0,0,256,1,1,8192,1,1
"KERNEL_DISPATCH",4,2,22,"void dequantize_block_iq3_s<__half>(void const*, __half*)",2041,37205562471443,37205562489073,0,0,32,1,1,163840,1,1
"KERNEL_DISPATCH",4,2,58,"void convert_unary<float, __half>(void const*, __half*, long, long, long, HIP_vector_type<unsigned int, 3u>, long, long, long)",2042,37205562489073,37205562505666,0,0,256,1,1,655360,1,1
"KERNEL_DISPATCH",4,2,79,"void tile_fp16_gemm<128, 64, 4, 8, 32, false>(__half const*, __half const*, float*, float*, int, int, int, long, int)",2043,37205562505666,37205562610410,0,25088,256,1,1,1024,1,8
"KERNEL_DISPATCH",4,2,81,"tile_fp16_reduce(float const*, float*, int, int)",2044,37205562610410,37205562614706,0,0,256,1,1,8192,1,1
"KERNEL_DISPATCH",4,2,22,"void dequantize_block_iq3_s<__half>(void const*, __half*)",2045,37205562634559,37205562652040,0,0,32,1,1,163840,1,1
"KERNEL_DISPATCH",4,2,58,"void convert_unary<float, __half>(void const*, __half*, long, long, long, HIP_vector_type<unsigned int, 3u>, long, long, long)",2046,37205562652040,37205562722561,0,0,256,1,1,655360,1,1
"KERNEL_DISPATCH",4,2,79,"void tile_fp16_gemm<128, 64, 4, 8, 32, false>(__half const*, __half const*, float*, float*, int, int, int, long, int)",2047,37205562722561,37205562827008,0,25088,256,1,1,1024,1,8
"KERNEL_DISPATCH",4,2,81,"tile_fp16_reduce(float const*, float*, int, int)",2048,37205562827008,37205562831304,0,0,256,1,1,8192,1,1
"KERNEL_DISPATCH",4,2,22,"void dequantize_block_iq3_s<__half>(void const*, __half*)",2049,37205562851008,37205562868490,0,0,32,1,1,163840,1,1
"KERNEL_DISPATCH",4,2,58,"void convert_unary<float, __half>(void const*, __half*, long, long, long, HIP_vector_type<unsigned int, 3u>, long, long, long)",2050,37205562868490,37205562885231,0,0,256,1,1,655360,1,1
"KERNEL_DISPATCH",4,2,79,"void tile_fp16_gemm<128, 64, 4, 8, 32, false>(__half const*, __half const*, float*, float*, int, int, int, long, int)",2051,37205562885231,37205562989827,0,25088,256,1,1,1024,1,8
"KERNEL_DISPATCH",4,2,81,"tile_fp16_reduce(float const*, float*, int, int)",2052,37205562989827,37205562993975,0,0,256,1,1,8192,1,1
"KERNEL_DISPATCH",4,2,22,"void dequantize_block_iq3_s<__half>(void const*, __half*)",2053,37205563014272,37205563031605,0,0,32,1,1,163840,1,1
"KERNEL_DISPATCH",4,2,58,"void convert_unary<float, __half>(void const*, __half*, long, long, long, HIP_vector_type<unsigned int, 3u>, long, long, long)",2054,37205563031605,37205563048347,0,0,256,1,1,655360,1,1
"KERNEL_DISPATCH",4,2,79,"void tile_fp16_gemm<128, 64, 4, 8, 32, false>(__half const*, __half const*, float*, float*, int, int, int, long, int)",2055,37205563048347,37205563153090,0,25088,256,1,1,1024,1,8
"KERNEL_DISPATCH",4,2,81,"tile_fp16_reduce(float const*, float*, int, int)",2056,37205563153090,37205563157238,0,0,256,1,1,8192,1,1
"KERNEL_DISPATCH",4,2,22,"void dequantize_block_iq3_s<__half>(void const*, __half*)",2057,37205563176942,37205563194573,0,0,32,1,1,163840,1,1
"KERNEL_DISPATCH",4,2,58,"void convert_unary<float, __half>(void const*, __half*, long, long, long, HIP_vector_type<unsigned int, 3u>, long, long, long)",2058,37205563194573,37205563211166,0,0,256,1,1,655360,1,1
"KERNEL_DISPATCH",4,2,79,"void tile_fp16_gemm<128, 64, 4, 8, 32, false>(__half const*, __half const*, float*, float*, int, int, int, long, int)",2059,37205563211166,37205563316057,0,25088,256,1,1,1024,1,8
"KERNEL_DISPATCH",4,2,81,"tile_fp16_reduce(float const*, float*, int, int)",2060,37205563316057,37205563320205,0,0,256,1,1,8192,1,1
"KERNEL_DISPATCH",4,2,22,"void dequantize_block_iq3_s<__half>(void const*, __half*)",2061,37205563339761,37205563357243,0,0,32,1,1,163840,1,1
"KERNEL_DISPATCH",4,2,58,"void convert_unary<float, __half>(void const*, __half*, long, long, long, HIP_vector_type<unsigned int, 3u>, long, long, long)",2062,37205563357243,37205563374133,0,0,256,1,1,655360,1,1
"KERNEL_DISPATCH",4,2,79,"void tile_fp16_gemm<128, 64, 4, 8, 32, false>(__half const*, __half const*, float*, float*, int, int, int, long, int)",2063,37205563374133,37205563478431,0,25088,256,1,1,1024,1,8
"KERNEL_DISPATCH",4,2,81,"tile_fp16_reduce(float const*, float*, int, int)",2064,37205563478431,37205563482580,0,0,256,1,1,8192,1,1
"KERNEL_DISPATCH",4,2,22,"void dequantize_block_iq3_s<__half>(void const*, __half*)",2065,37205563501839,37205563519321,0,0,32,1,1,163840,1,1
"KERNEL_DISPATCH",4,2,58,"void convert_unary<float, __half>(void const*, __half*, long, long, long, HIP_vector_type<unsigned int, 3u>, long, long, long)",2066,37205563519321,37205563536063,0,0,256,1,1,655360,1,1
"KERNEL_DISPATCH",4,2,79,"void tile_fp16_gemm<128, 64, 4, 8, 32, false>(__half const*, __half const*, float*, float*, int, int, int, long, int)",2067,37205563536063,37205563640510,0,25088,256,1,1,1024,1,8
"KERNEL_DISPATCH",4,2,81,"tile_fp16_reduce(float const*, float*, int, int)",2068,37205563640510,37205563644806,0,0,256,1,1,8192,1,1
"KERNEL_DISPATCH",4,2,22,"void dequantize_block_iq3_s<__half>(void const*, __half*)",2069,37205563664362,37205563681844,0,0,32,1,1,163840,1,1
"KERNEL_DISPATCH",4,2,58,"void convert_unary<float, __half>(void const*, __half*, long, long, long, HIP_vector_type<unsigned int, 3u>, long, long, long)",2070,37205563681844,37205563698733,0,0,256,1,1,655360,1,1
"KERNEL_DISPATCH",4,2,79,"void tile_fp16_gemm<128, 64, 4, 8, 32, false>(__half const*, __half const*, float*, float*, int, int, int, long, int)",2071,37205563698733,37205563804662,0,25088,256,1,1,1024,1,8
"KERNEL_DISPATCH",4,2,81,"tile_fp16_reduce(float const*, float*, int, int)",2072,37205563804662,37205563808810,0,0,256,1,1,8192,1,1
"KERNEL_DISPATCH",4,2,22,"void dequantize_block_iq3_s<__half>(void const*, __half*)",2073,37205563828662,37205563846144,0,0,32,1,1,163840,1,1
"KERNEL_DISPATCH",4,2,58,"void convert_unary<float, __half>(void const*, __half*, long, long, long, HIP_vector_type<unsigned int, 3u>, long, long, long)",2074,37205563846144,37205563862885,0,0,256,1,1,655360,1,1
"KERNEL_DISPATCH",4,2,79,"void tile_fp16_gemm<128, 64, 4, 8, 32, false>(__half const*, __half const*, float*, float*, int, int, int, long, int)",2075,37205563862885,37205563967036,0,25088,256,1,1,1024,1,8
"KERNEL_DISPATCH",4,2,81,"tile_fp16_reduce(float const*, float*, int, int)",2076,37205563967036,37205563971333,0,0,256,1,1,8192,1,1
"KERNEL_DISPATCH",4,2,22,"void dequantize_block_iq3_s<__half>(void const*, __half*)",2077,37205563991333,37205564008815,0,0,32,1,1,163840,1,1
"KERNEL_DISPATCH",4,2,58,"void convert_unary<float, __half>(void const*, __half*, long, long, long, HIP_vector_type<unsigned int, 3u>, long, long, long)",2078,37205564008815,37205564025704,0,0,256,1,1,655360,1,1
"KERNEL_DISPATCH",4,2,79,"void tile_fp16_gemm<128, 64, 4, 8, 32, false>(__half const*, __half const*, float*, float*, int, int, int, long, int)",2079,37205564025704,37205564130448,0,25088,256,1,1,1024,1,8
"KERNEL_DISPATCH",4,2,81,"tile_fp16_reduce(float const*, float*, int, int)",2080,37205564130448,37205564134448,0,0,256,1,1,8192,1,1
"KERNEL_DISPATCH",4,2,22,"void dequantize_block_iq3_s<__half>(void const*, __half*)",2081,37205564154300,37205564171782,0,0,32,1,1,163840,1,1
"KERNEL_DISPATCH",4,2,58,"void convert_unary<float, __half>(void const*, __half*, long, long, long, HIP_vector_type<unsigned int, 3u>, long, long, long)",2082,37205564171782,37205564188671,0,0,256,1,1,655360,1,1
"KERNEL_DISPATCH",4,2,79,"void tile_fp16_gemm<128, 64, 4, 8, 32, false>(__half const*, __half const*, float*, float*, int, int, int, long, int)",2083,37205564188671,37205564293415,0,25088,256,1,1,1024,1,8
"KERNEL_DISPATCH",4,2,81,"tile_fp16_reduce(float const*, float*, int, int)",2084,37205564293415,37205564297563,0,0,256,1,1,8192,1,1
"KERNEL_DISPATCH",4,2,22,"void dequantize_block_iq3_s<__half>(void const*, __half*)",2085,37205564317267,37205564334897,0,0,32,1,1,163840,1,1
"KERNEL_DISPATCH",4,2,58,"void convert_unary<float, __half>(void const*, __half*, long, long, long, HIP_vector_type<unsigned int, 3u>, long, long, long)",2086,37205564334897,37205564351490,0,0,256,1,1,655360,1,1
"KERNEL_DISPATCH",4,2,79,"void tile_fp16_gemm<128, 64, 4, 8, 32, false>(__half const*, __half const*, float*, float*, int, int, int, long, int)",2087,37205564351490,37205564456085,0,25088,256,1,1,1024,1,8
"KERNEL_DISPATCH",4,2,81,"tile_fp16_reduce(float const*, float*, int, int)",2088,37205564456085,37205564460234,0,0,256,1,1,8192,1,1
"KERNEL_DISPATCH",4,2,22,"void dequantize_block_iq3_s<__half>(void const*, __half*)",2089,37205564479642,37205564497123,0,0,32,1,1,163840,1,1
"KERNEL_DISPATCH",4,2,58,"void convert_unary<float, __half>(void const*, __half*, long, long, long, HIP_vector_type<unsigned int, 3u>, long, long, long)",2090,37205564497123,37205564513568,0,0,256,1,1,655360,1,1
"KERNEL_DISPATCH",4,2,79,"void tile_fp16_gemm<128, 64, 4, 8, 32, false>(__half const*, __half const*, float*, float*, int, int, int, long, int)",2091,37205564513568,37205564618015,0,25088,256,1,1,1024,1,8
"KERNEL_DISPATCH",4,2,81,"tile_fp16_reduce(float const*, float*, int, int)",2092,37205564618015,37205564622312,0,0,256,1,1,8192,1,1
"KERNEL_DISPATCH",4,2,22,"void dequantize_block_iq3_s<__half>(void const*, __half*)",2093,37205564666165,37205564683647,0,0,32,1,1,163840,1,1
"KERNEL_DISPATCH",4,2,58,"void convert_unary<float, __half>(void const*, __half*, long, long, long, HIP_vector_type<unsigned int, 3u>, long, long, long)",2094,37205564683647,37205564700684,0,0,256,1,1,655360,1,1
"KERNEL_DISPATCH",4,2,79,"void tile_fp16_gemm<128, 64, 4, 8, 32, false>(__half const*, __half const*, float*, float*, int, int, int, long, int)",2095,37205564700684,37205564804983,0,25088,256,1,1,1024,1,8
"KERNEL_DISPATCH",4,2,81,"tile_fp16_reduce(float const*, float*, int, int)",2096,37205564804983,37205564809131,0,0,256,1,1,8192,1,1
"KERNEL_DISPATCH",4,2,22,"void dequantize_block_iq3_s<__half>(void const*, __half*)",2097,37205564828687,37205564846169,0,0,32,1,1,163840,1,1
"KERNEL_DISPATCH",4,2,58,"void convert_unary<float, __half>(void const*, __half*, long, long, long, HIP_vector_type<unsigned int, 3u>, long, long, long)",2098,37205564846169,37205564862762,0,0,256,1,1,655360,1,1
"KERNEL_DISPATCH",4,2,79,"void tile_fp16_gemm<128, 64, 4, 8, 32, false>(__half const*, __half const*, float*, float*, int, int, int, long, int)",2099,37205564862762,37205564967506,0,25088,256,1,1,1024,1,8
"KERNEL_DISPATCH",4,2,81,"tile_fp16_reduce(float const*, float*, int, int)",2100,37205564967506,37205564971654,0,0,256,1,1,8192,1,1
"KERNEL_DISPATCH",4,2,22,"void dequantize_block_iq3_s<__half>(void const*, __half*)",2101,37205564991358,37205565008840,0,0,32,1,1,163840,1,1
"KERNEL_DISPATCH",4,2,58,"void convert_unary<float, __half>(void const*, __half*, long, long, long, HIP_vector_type<unsigned int, 3u>, long, long, long)",2102,37205565008840,37205565025433,0,0,256,1,1,655360,1,1
"KERNEL_DISPATCH",4,2,79,"void tile_fp16_gemm<128, 64, 4, 8, 32, false>(__half const*, __half const*, float*, float*, int, int, int, long, int)",2103,37205565025433,37205565129880,0,25088,256,1,1,1024,1,8
"KERNEL_DISPATCH",4,2,81,"tile_fp16_reduce(float const*, float*, int, int)",2104,37205565129880,37205565134028,0,0,256,1,1,8192,1,1
"KERNEL_DISPATCH",4,2,22,"void dequantize_block_iq3_s<__half>(void const*, __half*)",2105,37205565154029,37205565171511,0,0,32,1,1,163840,1,1
"KERNEL_DISPATCH",4,2,58,"void convert_unary<float, __half>(void const*, __half*, long, long, long, HIP_vector_type<unsigned int, 3u>, long, long, long)",2106,37205565171511,37205565242031,0,0,256,1,1,655360,1,1
"KERNEL_DISPATCH",4,2,79,"void tile_fp16_gemm<128, 64, 4, 8, 32, false>(__half const*, __half const*, float*, float*, int, int, int, long, int)",2107,37205565242031,37205565347071,0,25088,256,1,1,1024,1,8
"KERNEL_DISPATCH",4,2,81,"tile_fp16_reduce(float const*, float*, int, int)",2108,37205565347071,37205565351219,0,0,256,1,1,8192,1,1
"KERNEL_DISPATCH",4,2,22,"void dequantize_block_iq3_s<__half>(void const*, __half*)",2109,37205565371664,37205565389146,0,0,32,1,1,163840,1,1
"KERNEL_DISPATCH",4,2,58,"void convert_unary<float, __half>(void const*, __half*, long, long, long, HIP_vector_type<unsigned int, 3u>, long, long, long)",2110,37205565389146,37205565406035,0,0,256,1,1,655360,1,1
"KERNEL_DISPATCH",4,2,79,"void tile_fp16_gemm<128, 64, 4, 8, 32, false>(__half const*, __half const*, float*, float*, int, int, int, long, int)",2111,37205565406035,37205565509889,0,25088,256,1,1,1024,1,8
"KERNEL_DISPATCH",4,2,81,"tile_fp16_reduce(float const*, float*, int, int)",2112,37205565509889,37205565513890,0,0,256,1,1,8192,1,1
"KERNEL_DISPATCH",4,2,22,"void dequantize_block_iq3_s<__half>(void const*, __half*)",2113,37205565533594,37205565551076,0,0,32,1,1,163840,1,1
"KERNEL_DISPATCH",4,2,58,"void convert_unary<float, __half>(void const*, __half*, long, long, long, HIP_vector_type<unsigned int, 3u>, long, long, long)",2114,37205565551076,37205565567669,0,0,256,1,1,655360,1,1
"KERNEL_DISPATCH",4,2,79,"void tile_fp16_gemm<128, 64, 4, 8, 32, false>(__half const*, __half const*, float*, float*, int, int, int, long, int)",2115,37205565567669,37205565671968,0,25088,256,1,1,1024,1,8
"KERNEL_DISPATCH",4,2,81,"tile_fp16_reduce(float const*, float*, int, int)",2116,37205565671968,37205565676116,0,0,256,1,1,8192,1,1
"KERNEL_DISPATCH",4,2,22,"void dequantize_block_iq3_s<__half>(void const*, __half*)",2117,37205565695820,37205565713302,0,0,32,1,1,163840,1,1
"KERNEL_DISPATCH",4,2,58,"void convert_unary<float, __half>(void const*, __half*, long, long, long, HIP_vector_type<unsigned int, 3u>, long, long, long)",2118,37205565713302,37205565730043,0,0,256,1,1,655360,1,1
"KERNEL_DISPATCH",4,2,79,"void tile_fp16_gemm<128, 64, 4, 8, 32, false>(__half const*, __half const*, float*, float*, int, int, int, long, int)",2119,37205565730043,37205565835231,0,25088,256,1,1,1024,1,8
"KERNEL_DISPATCH",4,2,81,"tile_fp16_reduce(float const*, float*, int, int)",2120,37205565835231,37205565839231,0,0,256,1,1,8192,1,1
"KERNEL_DISPATCH",4,2,22,"void dequantize_block_iq3_s<__half>(void const*, __half*)",2121,37205565859083,37205565876565,0,0,32,1,1,163840,1,1
"KERNEL_DISPATCH",4,2,58,"void convert_unary<float, __half>(void const*, __half*, long, long, long, HIP_vector_type<unsigned int, 3u>, long, long, long)",2122,37205565876565,37205565893306,0,0,256,1,1,655360,1,1
"KERNEL_DISPATCH",4,2,79,"void tile_fp16_gemm<128, 64, 4, 8, 32, false>(__half const*, __half const*, float*, float*, int, int, int, long, int)",2123,37205565893306,37205565997753,0,25088,256,1,1,1024,1,8
"KERNEL_DISPATCH",4,2,81,"tile_fp16_reduce(float const*, float*, int, int)",2124,37205565997753,37205566001902,0,0,256,1,1,8192,1,1
"KERNEL_DISPATCH",4,2,22,"void dequantize_block_iq3_s<__half>(void const*, __half*)",2125,37205566021902,37205566039384,0,0,32,1,1,163840,1,1
"KERNEL_DISPATCH",4,2,58,"void convert_unary<float, __half>(void const*, __half*, long, long, long, HIP_vector_type<unsigned int, 3u>, long, long, long)",2126,37205566039384,37205566055977,0,0,256,1,1,655360,1,1
"KERNEL_DISPATCH",4,2,79,"void tile_fp16_gemm<128, 64, 4, 8, 32, false>(__half const*, __half const*, float*, float*, int, int, int, long, int)",2127,37205566055977,37205566160720,0,25088,256,1,1,1024,1,8
"KERNEL_DISPATCH",4,2,81,"tile_fp16_reduce(float const*, float*, int, int)",2128,37205566160720,37205566164869,0,0,256,1,1,8192,1,1
"KERNEL_DISPATCH",4,2,22,"void dequantize_block_iq3_s<__half>(void const*, __half*)",2129,37205566184425,37205566202055,0,0,32,1,1,163840,1,1
"KERNEL_DISPATCH",4,2,58,"void convert_unary<float, __half>(void const*, __half*, long, long, long, HIP_vector_type<unsigned int, 3u>, long, long, long)",2130,37205566202055,37205566218796,0,0,256,1,1,655360,1,1
"KERNEL_DISPATCH",4,2,79,"void tile_fp16_gemm<128, 64, 4, 8, 32, false>(__half const*, __half const*, float*, float*, int, int, int, long, int)",2131,37205566218796,37205566323539,0,25088,256,1,1,1024,1,8
"KERNEL_DISPATCH",4,2,81,"tile_fp16_reduce(float const*, float*, int, int)",2132,37205566323539,37205566327688,0,0,256,1,1,8192,1,1
"KERNEL_DISPATCH",4,2,22,"void dequantize_block_iq3_s<__half>(void const*, __half*)",2133,37205566347244,37205566364726,0,0,32,1,1,163840,1,1
"KERNEL_DISPATCH",4,2,58,"void convert_unary<float, __half>(void const*, __half*, long, long, long, HIP_vector_type<unsigned int, 3u>, long, long, long)",2134,37205566364726,37205566381467,0,0,256,1,1,655360,1,1
"KERNEL_DISPATCH",4,2,79,"void tile_fp16_gemm<128, 64, 4, 8, 32, false>(__half const*, __half const*, float*, float*, int, int, int, long, int)",2135,37205566381467,37205566485617,0,25088,256,1,1,1024,1,8
"KERNEL_DISPATCH",4,2,81,"tile_fp16_reduce(float const*, float*, int, int)",2136,37205566485617,37205566489618,0,0,256,1,1,8192,1,1
"KERNEL_DISPATCH",4,2,22,"void dequantize_block_iq3_s<__half>(void const*, __half*)",2137,37205566509322,37205566526804,0,0,32,1,1,163840,1,1
"KERNEL_DISPATCH",4,2,58,"void convert_unary<float, __half>(void const*, __half*, long, long, long, HIP_vector_type<unsigned int, 3u>, long, long, long)",2138,37205566526804,37205566543545,0,0,256,1,1,655360,1,1
"KERNEL_DISPATCH",4,2,79,"void tile_fp16_gemm<128, 64, 4, 8, 32, false>(__half const*, __half const*, float*, float*, int, int, int, long, int)",2139,37205566543545,37205566648436,0,25088,256,1,1,1024,1,8
"KERNEL_DISPATCH",4,2,81,"tile_fp16_reduce(float const*, float*, int, int)",2140,37205566648436,37205566652585,0,0,256,1,1,8192,1,1
"KERNEL_DISPATCH",4,2,22,"void dequantize_block_iq3_s<__half>(void const*, __half*)",2141,37205566672585,37205566690067,0,0,32,1,1,163840,1,1
"KERNEL_DISPATCH",4,2,58,"void convert_unary<float, __half>(void const*, __half*, long, long, long, HIP_vector_type<unsigned int, 3u>, long, long, long)",2142,37205566690067,37205566706660,0,0,256,1,1,655360,1,1
"KERNEL_DISPATCH",4,2,79,"void tile_fp16_gemm<128, 64, 4, 8, 32, false>(__half const*, __half const*, float*, float*, int, int, int, long, int)",2143,37205566706660,37205566811403,0,25088,256,1,1,1024,1,8
"KERNEL_DISPATCH",4,2,81,"tile_fp16_reduce(float const*, float*, int, int)",2144,37205566811403,37205566815552,0,0,256,1,1,8192,1,1
"KERNEL_DISPATCH",4,2,22,"void dequantize_block_iq3_s<__half>(void const*, __half*)",2145,37205566835404,37205566852886,0,0,32,1,1,163840,1,1
"KERNEL_DISPATCH",4,2,58,"void convert_unary<float, __half>(void const*, __half*, long, long, long, HIP_vector_type<unsigned int, 3u>, long, long, long)",2146,37205566852886,37205566869627,0,0,256,1,1,655360,1,1
"KERNEL_DISPATCH",4,2,79,"void tile_fp16_gemm<128, 64, 4, 8, 32, false>(__half const*, __half const*, float*, float*, int, int, int, long, int)",2147,37205566869627,37205566974667,0,25088,256,1,1,1024,1,8
"KERNEL_DISPATCH",4,2,81,"tile_fp16_reduce(float const*, float*, int, int)",2148,37205566974667,37205566978963,0,0,256,1,1,8192,1,1
"KERNEL_DISPATCH",4,2,22,"void dequantize_block_iq3_s<__half>(void const*, __half*)",2149,37205566998815,37205567016446,0,0,32,1,1,163840,1,1
"KERNEL_DISPATCH",4,2,58,"void convert_unary<float, __half>(void const*, __half*, long, long, long, HIP_vector_type<unsigned int, 3u>, long, long, long)",2150,37205567016446,37205567033187,0,0,256,1,1,655360,1,1
"KERNEL_DISPATCH",4,2,79,"void tile_fp16_gemm<128, 64, 4, 8, 32, false>(__half const*, __half const*, float*, float*, int, int, int, long, int)",2151,37205567033187,37205567137634,0,25088,256,1,1,1024,1,8
"KERNEL_DISPATCH",4,2,81,"tile_fp16_reduce(float const*, float*, int, int)",2152,37205567137634,37205567141782,0,0,256,1,1,8192,1,1
"KERNEL_DISPATCH",4,2,22,"void dequantize_block_iq3_s<__half>(void const*, __half*)",2153,37205567161338,37205567178968,0,0,32,1,1,163840,1,1
"KERNEL_DISPATCH",4,2,58,"void convert_unary<float, __half>(void const*, __half*, long, long, long, HIP_vector_type<unsigned int, 3u>, long, long, long)",2154,37205567178968,37205567195709,0,0,256,1,1,655360,1,1
"KERNEL_DISPATCH",4,2,79,"void tile_fp16_gemm<128, 64, 4, 8, 32, false>(__half const*, __half const*, float*, float*, int, int, int, long, int)",2155,37205567195709,37205567300601,0,25088,256,1,1,1024,1,8
"KERNEL_DISPATCH",4,2,81,"tile_fp16_reduce(float const*, float*, int, int)",2156,37205567300601,37205567304749,0,0,256,1,1,8192,1,1
"KERNEL_DISPATCH",4,2,22,"void dequantize_block_iq3_s<__half>(void const*, __half*)",2157,37205567324601,37205567342083,0,0,32,1,1,163840,1,1
"KERNEL_DISPATCH",4,2,58,"void convert_unary<float, __half>(void const*, __half*, long, long, long, HIP_vector_type<unsigned int, 3u>, long, long, long)",2158,37205567342083,37205567358824,0,0,256,1,1,655360,1,1
"KERNEL_DISPATCH",4,2,79,"void tile_fp16_gemm<128, 64, 4, 8, 32, false>(__half const*, __half const*, float*, float*, int, int, int, long, int)",2159,37205567358824,37205567463271,0,25088,256,1,1,1024,1,8
"KERNEL_DISPATCH",4,2,81,"tile_fp16_reduce(float const*, float*, int, int)",2160,37205567463271,37205567467272,0,0,256,1,1,8192,1,1
"KERNEL_DISPATCH",4,2,22,"void dequantize_block_iq3_s<__half>(void const*, __half*)",2161,37205567487124,37205567504606,0,0,32,1,1,163840,1,1
"KERNEL_DISPATCH",4,2,58,"void convert_unary<float, __half>(void const*, __half*, long, long, long, HIP_vector_type<unsigned int, 3u>, long, long, long)",2162,37205567504606,37205567521199,0,0,256,1,1,655360,1,1
"KERNEL_DISPATCH",4,2,79,"void tile_fp16_gemm<128, 64, 4, 8, 32, false>(__half const*, __half const*, float*, float*, int, int, int, long, int)",2163,37205567521199,37205567625498,0,25088,256,1,1,1024,1,8
"KERNEL_DISPATCH",4,2,81,"tile_fp16_reduce(float const*, float*, int, int)",2164,37205567625498,37205567629646,0,0,256,1,1,8192,1,1
"KERNEL_DISPATCH",4,2,22,"void dequantize_block_iq3_s<__half>(void const*, __half*)",2165,37205567649202,37205567666684,0,0,32,1,1,163840,1,1
"KERNEL_DISPATCH",4,2,58,"void convert_unary<float, __half>(void const*, __half*, long, long, long, HIP_vector_type<unsigned int, 3u>, long, long, long)",2166,37205567666684,37205567683573,0,0,256,1,1,655360,1,1
"KERNEL_DISPATCH",4,2,79,"void tile_fp16_gemm<128, 64, 4, 8, 32, false>(__half const*, __half const*, float*, float*, int, int, int, long, int)",2167,37205567683573,37205567788317,0,25088,256,1,1,1024,1,8
"KERNEL_DISPATCH",4,2,81,"tile_fp16_reduce(float const*, float*, int, int)",2168,37205567788317,37205567792317,0,0,256,1,1,8192,1,1
"KERNEL_DISPATCH",4,2,22,"void dequantize_block_iq3_s<__half>(void const*, __half*)",2169,37205567812021,37205567829799,0,0,32,1,1,163840,1,1
"KERNEL_DISPATCH",4,2,58,"void convert_unary<float, __half>(void const*, __half*, long, long, long, HIP_vector_type<unsigned int, 3u>, long, long, long)",2170,37205567829799,37205567846688,0,0,256,1,1,655360,1,1
"KERNEL_DISPATCH",4,2,79,"void tile_fp16_gemm<128, 64, 4, 8, 32, false>(__half const*, __half const*, float*, float*, int, int, int, long, int)",2171,37205567846688,37205567951580,0,25088,256,1,1,1024,1,8
"KERNEL_DISPATCH",4,2,81,"tile_fp16_reduce(float const*, float*, int, int)",2172,37205567951580,37205567955876,0,0,256,1,1,8192,1,1
"KERNEL_DISPATCH",4,2,22,"void dequantize_block_iq3_s<__half>(void const*, __half*)",2173,37205567975729,37205567993211,0,0,32,1,1,163840,1,1
"KERNEL_DISPATCH",4,2,58,"void convert_unary<float, __half>(void const*, __half*, long, long, long, HIP_vector_type<unsigned int, 3u>, long, long, long)",2174,37205567993211,37205568010100,0,0,256,1,1,655360,1,1
"KERNEL_DISPATCH",4,2,79,"void tile_fp16_gemm<128, 64, 4, 8, 32, false>(__half const*, __half const*, float*, float*, int, int, int, long, int)",2175,37205568010100,37205568114695,0,25088,256,1,1,1024,1,8
"KERNEL_DISPATCH",4,2,81,"tile_fp16_reduce(float const*, float*, int, int)",2176,37205568114695,37205568118843,0,0,256,1,1,8192,1,1
"KERNEL_DISPATCH",4,2,22,"void dequantize_block_iq3_s<__half>(void const*, __half*)",2177,37205568138844,37205568156622,0,0,32,1,1,163840,1,1
"KERNEL_DISPATCH",4,2,58,"void convert_unary<float, __half>(void const*, __half*, long, long, long, HIP_vector_type<unsigned int, 3u>, long, long, long)",2178,37205568156622,37205568173511,0,0,256,1,1,655360,1,1
"KERNEL_DISPATCH",4,2,79,"void tile_fp16_gemm<128, 64, 4, 8, 32, false>(__half const*, __half const*, float*, float*, int, int, int, long, int)",2179,37205568173511,37205568278551,0,25088,256,1,1,1024,1,8
"KERNEL_DISPATCH",4,2,81,"tile_fp16_reduce(float const*, float*, int, int)",2180,37205568278551,37205568282847,0,0,256,1,1,8192,1,1
"KERNEL_DISPATCH",4,2,22,"void dequantize_block_iq3_s<__half>(void const*, __half*)",2181,37205568302552,37205568320182,0,0,32,1,1,163840,1,1
"KERNEL_DISPATCH",4,2,58,"void convert_unary<float, __half>(void const*, __half*, long, long, long, HIP_vector_type<unsigned int, 3u>, long, long, long)",2182,37205568320182,37205568336775,0,0,256,1,1,655360,1,1
"KERNEL_DISPATCH",4,2,79,"void tile_fp16_gemm<128, 64, 4, 8, 32, false>(__half const*, __half const*, float*, float*, int, int, int, long, int)",2183,37205568336775,37205568441074,0,25088,256,1,1,1024,1,8
"KERNEL_DISPATCH",4,2,81,"tile_fp16_reduce(float const*, float*, int, int)",2184,37205568441074,37205568445222,0,0,256,1,1,8192,1,1
"KERNEL_DISPATCH",4,2,22,"void dequantize_block_iq3_s<__half>(void const*, __half*)",2185,37205568464926,37205568482408,0,0,32,1,1,163840,1,1
"KERNEL_DISPATCH",4,2,58,"void convert_unary<float, __half>(void const*, __half*, long, long, long, HIP_vector_type<unsigned int, 3u>, long, long, long)",2186,37205568482408,37205568499297,0,0,256,1,1,655360,1,1
"KERNEL_DISPATCH",4,2,79,"void tile_fp16_gemm<128, 64, 4, 8, 32, false>(__half const*, __half const*, float*, float*, int, int, int, long, int)",2187,37205568499297,37205568603596,0,25088,256,1,1,1024,1,8
"KERNEL_DISPATCH",4,2,81,"tile_fp16_reduce(float const*, float*, int, int)",2188,37205568603596,37205568607744,0,0,256,1,1,8192,1,1
"KERNEL_DISPATCH",4,2,22,"void dequantize_block_iq3_s<__half>(void const*, __half*)",2189,37205568627597,37205568645079,0,0,32,1,1,163840,1,1
"KERNEL_DISPATCH",4,2,58,"void convert_unary<float, __half>(void const*, __half*, long, long, long, HIP_vector_type<unsigned int, 3u>, long, long, long)",2190,37205568645079,37205568661820,0,0,256,1,1,655360,1,1
"KERNEL_DISPATCH",4,2,79,"void tile_fp16_gemm<128, 64, 4, 8, 32, false>(__half const*, __half const*, float*, float*, int, int, int, long, int)",2191,37205568661820,37205568767008,0,25088,256,1,1,1024,1,8
"KERNEL_DISPATCH",4,2,81,"tile_fp16_reduce(float const*, float*, int, int)",2192,37205568767008,37205568771156,0,0,256,1,1,8192,1,1
"KERNEL_DISPATCH",4,2,22,"void dequantize_block_iq3_s<__half>(void const*, __half*)",2193,37205568790564,37205568808046,0,0,32,1,1,163840,1,1
"KERNEL_DISPATCH",4,2,58,"void convert_unary<float, __half>(void const*, __half*, long, long, long, HIP_vector_type<unsigned int, 3u>, long, long, long)",2194,37205568808046,37205568824787,0,0,256,1,1,655360,1,1
"KERNEL_DISPATCH",4,2,79,"void tile_fp16_gemm<128, 64, 4, 8, 32, false>(__half const*, __half const*, float*, float*, int, int, int, long, int)",2195,37205568824787,37205568929827,0,25088,256,1,1,1024,1,8
"KERNEL_DISPATCH",4,2,81,"tile_fp16_reduce(float const*, float*, int, int)",2196,37205568929827,37205568933975,0,0,256,1,1,8192,1,1
"KERNEL_DISPATCH",4,2,22,"void dequantize_block_iq3_s<__half>(void const*, __half*)",2197,37205568953827,37205568971309,0,0,32,1,1,163840,1,1
"KERNEL_DISPATCH",4,2,58,"void convert_unary<float, __half>(void const*, __half*, long, long, long, HIP_vector_type<unsigned int, 3u>, long, long, long)",2198,37205568971309,37205568987902,0,0,256,1,1,655360,1,1
"KERNEL_DISPATCH",4,2,79,"void tile_fp16_gemm<128, 64, 4, 8, 32, false>(__half const*, __half const*, float*, float*, int, int, int, long, int)",2199,37205568987902,37205569095016,0,25088,256,1,1,1024,1,8
"KERNEL_DISPATCH",4,2,81,"tile_fp16_reduce(float const*, float*, int, int)",2200,37205569095016,37205569099016,0,0,256,1,1,8192,1,1
"KERNEL_DISPATCH",4,2,22,"void dequantize_block_iq3_s<__half>(void const*, __half*)",2201,37205569118868,37205569136498,0,0,32,1,1,163840,1,1
"KERNEL_DISPATCH",4,2,58,"void convert_unary<float, __half>(void const*, __half*, long, long, long, HIP_vector_type<unsigned int, 3u>, long, long, long)",2202,37205569136498,37205569153091,0,0,256,1,1,655360,1,1
"KERNEL_DISPATCH",4,2,79,"void tile_fp16_gemm<128, 64, 4, 8, 32, false>(__half const*, __half const*, float*, float*, int, int, int, long, int)",2203,37205569153091,37205569257390,0,25088,256,1,1,1024,1,8
"KERNEL_DISPATCH",4,2,81,"tile_fp16_reduce(float const*, float*, int, int)",2204,37205569257390,37205569261538,0,0,256,1,1,8192,1,1
"KERNEL_DISPATCH",4,2,22,"void dequantize_block_iq3_s<__half>(void const*, __half*)",2205,37205569281391,37205569299021,0,0,32,1,1,163840,1,1
"KERNEL_DISPATCH",4,2,58,"void convert_unary<float, __half>(void const*, __half*, long, long, long, HIP_vector_type<unsigned int, 3u>, long, long, long)",2206,37205569299021,37205569315762,0,0,256,1,1,655360,1,1
"KERNEL_DISPATCH",4,2,79,"void tile_fp16_gemm<128, 64, 4, 8, 32, false>(__half const*, __half const*, float*, float*, int, int, int, long, int)",2207,37205569315762,37205569420357,0,25088,256,1,1,1024,1,8
"KERNEL_DISPATCH",4,2,81,"tile_fp16_reduce(float const*, float*, int, int)",2208,37205569420357,37205569424506,0,0,256,1,1,8192,1,1
"KERNEL_DISPATCH",4,2,22,"void dequantize_block_iq3_s<__half>(void const*, __half*)",2209,37205569444358,37205569461840,0,0,32,1,1,163840,1,1
"KERNEL_DISPATCH",4,2,58,"void convert_unary<float, __half>(void const*, __half*, long, long, long, HIP_vector_type<unsigned int, 3u>, long, long, long)",2210,37205569461840,37205569478581,0,0,256,1,1,655360,1,1
"KERNEL_DISPATCH",4,2,79,"void tile_fp16_gemm<128, 64, 4, 8, 32, false>(__half const*, __half const*, float*, float*, int, int, int, long, int)",2211,37205569478581,37205569582287,0,25088,256,1,1,1024,1,8
"KERNEL_DISPATCH",4,2,81,"tile_fp16_reduce(float const*, float*, int, int)",2212,37205569582287,37205569586584,0,0,256,1,1,8192,1,1
"KERNEL_DISPATCH",4,2,22,"void dequantize_block_iq3_s<__half>(void const*, __half*)",2213,37205569606584,37205569624066,0,0,32,1,1,163840,1,1
"KERNEL_DISPATCH",4,2,58,"void convert_unary<float, __half>(void const*, __half*, long, long, long, HIP_vector_type<unsigned int, 3u>, long, long, long)",2214,37205569624066,37205569640807,0,0,256,1,1,655360,1,1
"KERNEL_DISPATCH",4,2,79,"void tile_fp16_gemm<128, 64, 4, 8, 32, false>(__half const*, __half const*, float*, float*, int, int, int, long, int)",2215,37205569640807,37205569745847,0,25088,256,1,1,1024,1,8
"KERNEL_DISPATCH",4,2,81,"tile_fp16_reduce(float const*, float*, int, int)",2216,37205569745847,37205569749847,0,0,256,1,1,8192,1,1
"KERNEL_DISPATCH",4,2,22,"void dequantize_block_iq3_s<__half>(void const*, __half*)",2217,37205569769551,37205569787033,0,0,32,1,1,163840,1,1
"KERNEL_DISPATCH",4,2,58,"void convert_unary<float, __half>(void const*, __half*, long, long, long, HIP_vector_type<unsigned int, 3u>, long, long, long)",2218,37205569787033,37205569803922,0,0,256,1,1,655360,1,1
"KERNEL_DISPATCH",4,2,79,"void tile_fp16_gemm<128, 64, 4, 8, 32, false>(__half const*, __half const*, float*, float*, int, int, int, long, int)",2219,37205569803922,37205569908221,0,25088,256,1,1,1024,1,8
"KERNEL_DISPATCH",4,2,81,"tile_fp16_reduce(float const*, float*, int, int)",2220,37205569908221,37205569912518,0,0,256,1,1,8192,1,1
"KERNEL_DISPATCH",4,2,22,"void dequantize_block_iq3_s<__half>(void const*, __half*)",2221,37205569932370,37205569949852,0,0,32,1,1,163840,1,1
"KERNEL_DISPATCH",4,2,58,"void convert_unary<float, __half>(void const*, __half*, long, long, long, HIP_vector_type<unsigned int, 3u>, long, long, long)",2222,37205569949852,37205569966593,0,0,256,1,1,655360,1,1
"KERNEL_DISPATCH",4,2,79,"void tile_fp16_gemm<128, 64, 4, 8, 32, false>(__half const*, __half const*, float*, float*, int, int, int, long, int)",2223,37205569966593,37205570073411,0,25088,256,1,1,1024,1,8
"KERNEL_DISPATCH",4,2,81,"tile_fp16_reduce(float const*, float*, int, int)",2224,37205570073411,37205570077559,0,0,256,1,1,8192,1,1
"KERNEL_DISPATCH",4,2,22,"void dequantize_block_iq3_s<__half>(void const*, __half*)",2225,37205570097559,37205570115041,0,0,32,1,1,163840,1,1
"KERNEL_DISPATCH",4,2,58,"void convert_unary<float, __half>(void const*, __half*, long, long, long, HIP_vector_type<unsigned int, 3u>, long, long, long)",2226,37205570115041,37205570131782,0,0,256,1,1,655360,1,1
"KERNEL_DISPATCH",4,2,79,"void tile_fp16_gemm<128, 64, 4, 8, 32, false>(__half const*, __half const*, float*, float*, int, int, int, long, int)",2227,37205570131782,37205570236378,0,25088,256,1,1,1024,1,8
"KERNEL_DISPATCH",4,2,81,"tile_fp16_reduce(float const*, float*, int, int)",2228,37205570236378,37205570240674,0,0,256,1,1,8192,1,1
"KERNEL_DISPATCH",4,2,22,"void dequantize_block_iq3_s<__half>(void const*, __half*)",2229,37205570260230,37205570277712,0,0,32,1,1,163840,1,1
"KERNEL_DISPATCH",4,2,58,"void convert_unary<float, __half>(void const*, __half*, long, long, long, HIP_vector_type<unsigned int, 3u>, long, long, long)",2230,37205570277712,37205570294305,0,0,256,1,1,655360,1,1
"KERNEL_DISPATCH",4,2,79,"void tile_fp16_gemm<128, 64, 4, 8, 32, false>(__half const*, __half const*, float*, float*, int, int, int, long, int)",2231,37205570294305,37205570399345,0,25088,256,1,1,1024,1,8
"KERNEL_DISPATCH",4,2,81,"tile_fp16_reduce(float const*, float*, int, int)",2232,37205570399345,37205570403493,0,0,256,1,1,8192,1,1
"KERNEL_DISPATCH",4,2,22,"void dequantize_block_iq3_s<__half>(void const*, __half*)",2233,37205570423345,37205570440827,0,0,32,1,1,163840,1,1
"KERNEL_DISPATCH",4,2,58,"void convert_unary<float, __half>(void const*, __half*, long, long, long, HIP_vector_type<unsigned int, 3u>, long, long, long)",2234,37205570440827,37205570457568,0,0,256,1,1,655360,1,1
"KERNEL_DISPATCH",4,2,79,"void tile_fp16_gemm<128, 64, 4, 8, 32, false>(__half const*, __half const*, float*, float*, int, int, int, long, int)",2235,37205570457568,37205570561719,0,25088,256,1,1,1024,1,8
"KERNEL_DISPATCH",4,2,81,"tile_fp16_reduce(float const*, float*, int, int)",2236,37205570561719,37205570566015,0,0,256,1,1,8192,1,1
"KERNEL_DISPATCH",4,2,22,"void dequantize_block_iq3_s<__half>(void const*, __half*)",2237,37205570585720,37205570603350,0,0,32,1,1,163840,1,1
"KERNEL_DISPATCH",4,2,58,"void convert_unary<float, __half>(void const*, __half*, long, long, long, HIP_vector_type<unsigned int, 3u>, long, long, long)",2238,37205570603350,37205570620091,0,0,256,1,1,655360,1,1
"KERNEL_DISPATCH",4,2,79,"void tile_fp16_gemm<128, 64, 4, 8, 32, false>(__half const*, __half const*, float*, float*, int, int, int, long, int)",2239,37205570620091,37205570725131,0,25088,256,1,1,1024,1,8
"KERNEL_DISPATCH",4,2,81,"tile_fp16_reduce(float const*, float*, int, int)",2240,37205570725131,37205570729279,0,0,256,1,1,8192,1,1
"KERNEL_DISPATCH",4,2,22,"void dequantize_block_iq3_s<__half>(void const*, __half*)",2241,37205570749427,37205570766909,0,0,32,1,1,163840,1,1
"KERNEL_DISPATCH",4,2,58,"void convert_unary<float, __half>(void const*, __half*, long, long, long, HIP_vector_type<unsigned int, 3u>, long, long, long)",2242,37205570766909,37205570783650,0,0,256,1,1,655360,1,1
"KERNEL_DISPATCH",4,2,79,"void tile_fp16_gemm<128, 64, 4, 8, 32, false>(__half const*, __half const*, float*, float*, int, int, int, long, int)",2243,37205570783650,37205570889135,0,25088,256,1,1,1024,1,8
"KERNEL_DISPATCH",4,2,81,"tile_fp16_reduce(float const*, float*, int, int)",2244,37205570889135,37205570893283,0,0,256,1,1,8192,1,1
"KERNEL_DISPATCH",4,2,22,"void dequantize_block_iq3_s<__half>(void const*, __half*)",2245,37205570912987,37205570930617,0,0,32,1,1,163840,1,1
"KERNEL_DISPATCH",4,2,58,"void convert_unary<float, __half>(void const*, __half*, long, long, long, HIP_vector_type<unsigned int, 3u>, long, long, long)",2246,37205570930617,37205570947358,0,0,256,1,1,655360,1,1
"KERNEL_DISPATCH",4,2,79,"void tile_fp16_gemm<128, 64, 4, 8, 32, false>(__half const*, __half const*, float*, float*, int, int, int, long, int)",2247,37205570947358,37205571054472,0,25088,256,1,1,1024,1,8
"KERNEL_DISPATCH",4,2,81,"tile_fp16_reduce(float const*, float*, int, int)",2248,37205571054472,37205571058472,0,0,256,1,1,8192,1,1
"KERNEL_DISPATCH",4,2,22,"void dequantize_block_iq3_s<__half>(void const*, __half*)",2249,37205571078473,37205571095955,0,0,32,1,1,163840,1,1
"KERNEL_DISPATCH",4,2,58,"void convert_unary<float, __half>(void const*, __half*, long, long, long, HIP_vector_type<unsigned int, 3u>, long, long, long)",2250,37205571095955,37205571112844,0,0,256,1,1,655360,1,1
"KERNEL_DISPATCH",4,2,79,"void tile_fp16_gemm<128, 64, 4, 8, 32, false>(__half const*, __half const*, float*, float*, int, int, int, long, int)",2251,37205571112844,37205571217439,0,25088,256,1,1,1024,1,8
"KERNEL_DISPATCH",4,2,81,"tile_fp16_reduce(float const*, float*, int, int)",2252,37205571217439,37205571221587,0,0,256,1,1,8192,1,1
"KERNEL_DISPATCH",4,2,22,"void dequantize_block_iq3_s<__half>(void const*, __half*)",2253,37205571241440,37205571258922,0,0,32,1,1,163840,1,1
"KERNEL_DISPATCH",4,2,58,"void convert_unary<float, __half>(void const*, __half*, long, long, long, HIP_vector_type<unsigned int, 3u>, long, long, long)",2254,37205571258922,37205571275515,0,0,256,1,1,655360,1,1
"KERNEL_DISPATCH",4,2,79,"void tile_fp16_gemm<128, 64, 4, 8, 32, false>(__half const*, __half const*, float*, float*, int, int, int, long, int)",2255,37205571275515,37205571380110,0,25088,256,1,1,1024,1,8
"KERNEL_DISPATCH",4,2,81,"tile_fp16_reduce(float const*, float*, int, int)",2256,37205571380110,37205571384110,0,0,256,1,1,8192,1,1
"KERNEL_DISPATCH",4,2,22,"void dequantize_block_iq3_s<__half>(void const*, __half*)",2257,37205571404110,37205571421592,0,0,32,1,1,163840,1,1
"KERNEL_DISPATCH",4,2,58,"void convert_unary<float, __half>(void const*, __half*, long, long, long, HIP_vector_type<unsigned int, 3u>, long, long, long)",2258,37205571421592,37205571438185,0,0,256,1,1,655360,1,1
"KERNEL_DISPATCH",4,2,79,"void tile_fp16_gemm<128, 64, 4, 8, 32, false>(__half const*, __half const*, float*, float*, int, int, int, long, int)",2259,37205571438185,37205571542632,0,25088,256,1,1,1024,1,8
"KERNEL_DISPATCH",4,2,81,"tile_fp16_reduce(float const*, float*, int, int)",2260,37205571542632,37205571546781,0,0,256,1,1,8192,1,1
"KERNEL_DISPATCH",4,2,22,"void dequantize_block_iq3_s<__half>(void const*, __half*)",2261,37205571566781,37205571584263,0,0,32,1,1,163840,1,1
"KERNEL_DISPATCH",4,2,58,"void convert_unary<float, __half>(void const*, __half*, long, long, long, HIP_vector_type<unsigned int, 3u>, long, long, long)",2262,37205571584263,37205571601004,0,0,256,1,1,655360,1,1
"KERNEL_DISPATCH",4,2,79,"void tile_fp16_gemm<128, 64, 4, 8, 32, false>(__half const*, __half const*, float*, float*, int, int, int, long, int)",2263,37205571601004,37205571705451,0,25088,256,1,1,1024,1,8
"KERNEL_DISPATCH",4,2,81,"tile_fp16_reduce(float const*, float*, int, int)",2264,37205571705451,37205571709599,0,0,256,1,1,8192,1,1
"KERNEL_DISPATCH",4,2,22,"void dequantize_block_iq3_s<__half>(void const*, __half*)",2265,37205571758045,37205571775527,0,0,32,1,1,163840,1,1
"KERNEL_DISPATCH",4,2,58,"void convert_unary<float, __half>(void const*, __half*, long, long, long, HIP_vector_type<unsigned int, 3u>, long, long, long)",2266,37205571775527,37205571792416,0,0,256,1,1,655360,1,1
"KERNEL_DISPATCH",4,2,79,"void tile_fp16_gemm<128, 64, 4, 8, 32, false>(__half const*, __half const*, float*, float*, int, int, int, long, int)",2267,37205571792416,37205571896419,0,25088,256,1,1,1024,1,8
"KERNEL_DISPATCH",4,2,81,"tile_fp16_reduce(float const*, float*, int, int)",2268,37205571896419,37205571900567,0,0,256,1,1,8192,1,1
"KERNEL_DISPATCH",4,2,22,"void dequantize_block_iq3_s<__half>(void const*, __half*)",2269,37205862824851,37205862843074,0,0,32,1,1,163840,1,1
"KERNEL_DISPATCH",4,2,58,"void convert_unary<float, __half>(void const*, __half*, long, long, long, HIP_vector_type<unsigned int, 3u>, long, long, long)",2270,37205862843074,37205862861888,0,0,256,1,1,655360,1,1
"KERNEL_DISPATCH",4,2,79,"void tile_fp16_gemm<128, 64, 4, 8, 32, false>(__half const*, __half const*, float*, float*, int, int, int, long, int)",2271,37205862861888,37205862967817,0,25088,256,1,1,1024,1,8
"KERNEL_DISPATCH",4,2,81,"tile_fp16_reduce(float const*, float*, int, int)",2272,37205862967817,37205862972113,0,0,256,1,1,8192,1,1
"KERNEL_DISPATCH",4,2,22,"void dequantize_block_iq3_s<__half>(void const*, __half*)",2273,37205863269158,37205863286788,0,0,32,1,1,163840,1,1
"KERNEL_DISPATCH",4,2,58,"void convert_unary<float, __half>(void const*, __half*, long, long, long, HIP_vector_type<unsigned int, 3u>, long, long, long)",2274,37205863286788,37205863303825,0,0,256,1,1,655360,1,1
"KERNEL_DISPATCH",4,2,79,"void tile_fp16_gemm<128, 64, 4, 8, 32, false>(__half const*, __half const*, float*, float*, int, int, int, long, int)",2275,37205863303825,37205863409309,0,25088,256,1,1,1024,1,8
"KERNEL_DISPATCH",4,2,81,"tile_fp16_reduce(float const*, float*, int, int)",2276,37205863409309,37205863413606,0,0,256,1,1,8192,1,1
"KERNEL_DISPATCH",4,2,22,"void dequantize_block_iq3_s<__half>(void const*, __half*)",2277,37205863434791,37205863452273,0,0,32,1,1,163840,1,1
"KERNEL_DISPATCH",4,2,58,"void convert_unary<float, __half>(void const*, __half*, long, long, long, HIP_vector_type<unsigned int, 3u>, long, long, long)",2278,37205863452273,37205863468866,0,0,256,1,1,655360,1,1
"KERNEL_DISPATCH",4,2,79,"void tile_fp16_gemm<128, 64, 4, 8, 32, false>(__half const*, __half const*, float*, float*, int, int, int, long, int)",2279,37205863468866,37205863575684,0,25088,256,1,1,1024,1,8
"KERNEL_DISPATCH",4,2,81,"tile_fp16_reduce(float const*, float*, int, int)",2280,37205863575684,37205863579980,0,0,256,1,1,8192,1,1
"KERNEL_DISPATCH",4,2,22,"void dequantize_block_iq3_s<__half>(void const*, __half*)",2281,37205863604573,37205863622055,0,0,32,1,1,163840,1,1
"KERNEL_DISPATCH",4,2,58,"void convert_unary<float, __half>(void const*, __half*, long, long, long, HIP_vector_type<unsigned int, 3u>, long, long, long)",2282,37205863622055,37205863638945,0,0,256,1,1,655360,1,1
"KERNEL_DISPATCH",4,2,79,"void tile_fp16_gemm<128, 64, 4, 8, 32, false>(__half const*, __half const*, float*, float*, int, int, int, long, int)",2283,37205863638945,37205863743244,0,25088,256,1,1,1024,1,8
"KERNEL_DISPATCH",4,2,81,"tile_fp16_reduce(float const*, float*, int, int)",2284,37205863743244,37205863747540,0,0,256,1,1,8192,1,1
"KERNEL_DISPATCH",4,2,22,"void dequantize_block_iq3_s<__half>(void const*, __half*)",2285,37205863767392,37205863784874,0,0,32,1,1,163840,1,1
"KERNEL_DISPATCH",4,2,58,"void convert_unary<float, __half>(void const*, __half*, long, long, long, HIP_vector_type<unsigned int, 3u>, long, long, long)",2286,37205863784874,37205863801467,0,0,256,1,1,655360,1,1
"KERNEL_DISPATCH",4,2,79,"void tile_fp16_gemm<128, 64, 4, 8, 32, false>(__half const*, __half const*, float*, float*, int, int, int, long, int)",2287,37205863801467,37205863906211,0,25088,256,1,1,1024,1,8
"KERNEL_DISPATCH",4,2,81,"tile_fp16_reduce(float const*, float*, int, int)",2288,37205863906211,37205863910359,0,0,256,1,1,8192,1,1
"KERNEL_DISPATCH",4,2,22,"void dequantize_block_iq3_s<__half>(void const*, __half*)",2289,37205863930211,37205863947841,0,0,32,1,1,163840,1,1
"KERNEL_DISPATCH",4,2,58,"void convert_unary<float, __half>(void const*, __half*, long, long, long, HIP_vector_type<unsigned int, 3u>, long, long, long)",2290,37205863947841,37205863964582,0,0,256,1,1,655360,1,1
"KERNEL_DISPATCH",4,2,79,"void tile_fp16_gemm<128, 64, 4, 8, 32, false>(__half const*, __half const*, float*, float*, int, int, int, long, int)",2291,37205863964582,37205864069474,0,25088,256,1,1,1024,1,8
"KERNEL_DISPATCH",4,2,81,"tile_fp16_reduce(float const*, float*, int, int)",2292,37205864069474,37205864073770,0,0,256,1,1,8192,1,1
"KERNEL_DISPATCH",4,2,22,"void dequantize_block_iq3_s<__half>(void const*, __half*)",2293,37205864093475,37205864110956,0,0,32,1,1,163840,1,1
"KERNEL_DISPATCH",4,2,58,"void convert_unary<float, __half>(void const*, __half*, long, long, long, HIP_vector_type<unsigned int, 3u>, long, long, long)",2294,37205864110956,37205864127698,0,0,256,1,1,655360,1,1
"KERNEL_DISPATCH",4,2,79,"void tile_fp16_gemm<128, 64, 4, 8, 32, false>(__half const*, __half const*, float*, float*, int, int, int, long, int)",2295,37205864127698,37205864232293,0,25088,256,1,1,1024,1,8
"KERNEL_DISPATCH",4,2,81,"tile_fp16_reduce(float const*, float*, int, int)",2296,37205864232293,37205864236441,0,0,256,1,1,8192,1,1
"KERNEL_DISPATCH",4,2,22,"void dequantize_block_iq3_s<__half>(void const*, __half*)",2297,37205864256145,37205864273923,0,0,32,1,1,163840,1,1
"KERNEL_DISPATCH",4,2,58,"void convert_unary<float, __half>(void const*, __half*, long, long, long, HIP_vector_type<unsigned int, 3u>, long, long, long)",2298,37205864273923,37205864290665,0,0,256,1,1,655360,1,1
"KERNEL_DISPATCH",4,2,79,"void tile_fp16_gemm<128, 64, 4, 8, 32, false>(__half const*, __half const*, float*, float*, int, int, int, long, int)",2299,37205864290665,37205864394964,0,25088,256,1,1,1024,1,8
"KERNEL_DISPATCH",4,2,81,"tile_fp16_reduce(float const*, float*, int, int)",2300,37205864394964,37205864399260,0,0,256,1,1,8192,1,1
"KERNEL_DISPATCH",4,2,22,"void dequantize_block_iq3_s<__half>(void const*, __half*)",2301,37205864419260,37205864436890,0,0,32,1,1,163840,1,1
"KERNEL_DISPATCH",4,2,58,"void convert_unary<float, __half>(void const*, __half*, long, long, long, HIP_vector_type<unsigned int, 3u>, long, long, long)",2302,37205864436890,37205864453483,0,0,256,1,1,655360,1,1
"KERNEL_DISPATCH",4,2,79,"void tile_fp16_gemm<128, 64, 4, 8, 32, false>(__half const*, __half const*, float*, float*, int, int, int, long, int)",2303,37205864453483,37205864558523,0,25088,256,1,1,1024,1,8
"KERNEL_DISPATCH",4,2,81,"tile_fp16_reduce(float const*, float*, int, int)",2304,37205864558523,37205864562820,0,0,256,1,1,8192,1,1
"KERNEL_DISPATCH",4,2,22,"void dequantize_block_iq3_s<__half>(void const*, __half*)",2305,37205864582968,37205864600450,0,0,32,1,1,163840,1,1
"KERNEL_DISPATCH",4,2,58,"void convert_unary<float, __half>(void const*, __half*, long, long, long, HIP_vector_type<unsigned int, 3u>, long, long, long)",2306,37205864600450,37205864617043,0,0,256,1,1,655360,1,1
"KERNEL_DISPATCH",4,2,79,"void tile_fp16_gemm<128, 64, 4, 8, 32, false>(__half const*, __half const*, float*, float*, int, int, int, long, int)",2307,37205864617043,37205864721786,0,25088,256,1,1,1024,1,8
"KERNEL_DISPATCH",4,2,81,"tile_fp16_reduce(float const*, float*, int, int)",2308,37205864721786,37205864725935,0,0,256,1,1,8192,1,1
"KERNEL_DISPATCH",4,2,22,"void dequantize_block_iq3_s<__half>(void const*, __half*)",2309,37205864745935,37205864763565,0,0,32,1,1,163840,1,1
"KERNEL_DISPATCH",4,2,58,"void convert_unary<float, __half>(void const*, __half*, long, long, long, HIP_vector_type<unsigned int, 3u>, long, long, long)",2310,37205864763565,37205864780158,0,0,256,1,1,655360,1,1
"KERNEL_DISPATCH",4,2,79,"void tile_fp16_gemm<128, 64, 4, 8, 32, false>(__half const*, __half const*, float*, float*, int, int, int, long, int)",2311,37205864780158,37205864884457,0,25088,256,1,1,1024,1,8
"KERNEL_DISPATCH",4,2,81,"tile_fp16_reduce(float const*, float*, int, int)",2312,37205864884457,37205864888754,0,0,256,1,1,8192,1,1
"KERNEL_DISPATCH",4,2,22,"void dequantize_block_iq3_s<__half>(void const*, __half*)",2313,37205864909347,37205864926829,0,0,32,1,1,163840,1,1
"KERNEL_DISPATCH",4,2,58,"void convert_unary<float, __half>(void const*, __half*, long, long, long, HIP_vector_type<unsigned int, 3u>, long, long, long)",2314,37205864926829,37205864943570,0,0,256,1,1,655360,1,1
"KERNEL_DISPATCH",4,2,79,"void tile_fp16_gemm<128, 64, 4, 8, 32, false>(__half const*, __half const*, float*, float*, int, int, int, long, int)",2315,37205864943570,37205865047869,0,25088,256,1,1,1024,1,8
"KERNEL_DISPATCH",4,2,81,"tile_fp16_reduce(float const*, float*, int, int)",2316,37205865047869,37205865052165,0,0,256,1,1,8192,1,1
"KERNEL_DISPATCH",4,2,22,"void dequantize_block_iq3_s<__half>(void const*, __half*)",2317,37205865072166,37205865089796,0,0,32,1,1,163840,1,1
"KERNEL_DISPATCH",4,2,58,"void convert_unary<float, __half>(void const*, __half*, long, long, long, HIP_vector_type<unsigned int, 3u>, long, long, long)",2318,37205865089796,37205865106537,0,0,256,1,1,655360,1,1
"KERNEL_DISPATCH",4,2,79,"void tile_fp16_gemm<128, 64, 4, 8, 32, false>(__half const*, __half const*, float*, float*, int, int, int, long, int)",2319,37205865106537,37205865210539,0,25088,256,1,1,1024,1,8
"KERNEL_DISPATCH",4,2,81,"tile_fp16_reduce(float const*, float*, int, int)",2320,37205865210539,37205865214688,0,0,256,1,1,8192,1,1
"KERNEL_DISPATCH",4,2,22,"void dequantize_block_iq3_s<__half>(void const*, __half*)",2321,37205865254837,37205865272171,0,0,32,1,1,163840,1,1
"KERNEL_DISPATCH",4,2,58,"void convert_unary<float, __half>(void const*, __half*, long, long, long, HIP_vector_type<unsigned int, 3u>, long, long, long)",2322,37205865272171,37205865289060,0,0,256,1,1,655360,1,1
"KERNEL_DISPATCH",4,2,79,"void tile_fp16_gemm<128, 64, 4, 8, 32, false>(__half const*, __half const*, float*, float*, int, int, int, long, int)",2323,37205865289060,37205865394100,0,25088,256,1,1,1024,1,8
"KERNEL_DISPATCH",4,2,81,"tile_fp16_reduce(float const*, float*, int, int)",2324,37205865394100,37205865398544,0,0,256,1,1,8192,1,1
"KERNEL_DISPATCH",4,2,22,"void dequantize_block_iq3_s<__half>(void const*, __half*)",2325,37205865418545,37205865436026,0,0,32,1,1,163840,1,1
"KERNEL_DISPATCH",4,2,58,"void convert_unary<float, __half>(void const*, __half*, long, long, long, HIP_vector_type<unsigned int, 3u>, long, long, long)",2326,37205865436026,37205865453064,0,0,256,1,1,655360,1,1
"KERNEL_DISPATCH",4,2,79,"void tile_fp16_gemm<128, 64, 4, 8, 32, false>(__half const*, __half const*, float*, float*, int, int, int, long, int)",2327,37205865453064,37205865557659,0,25088,256,1,1,1024,1,8
"KERNEL_DISPATCH",4,2,81,"tile_fp16_reduce(float const*, float*, int, int)",2328,37205865557659,37205865561807,0,0,256,1,1,8192,1,1
"KERNEL_DISPATCH",4,2,22,"void dequantize_block_iq3_s<__half>(void const*, __half*)",2329,37205865581808,37205865599586,0,0,32,1,1,163840,1,1
"KERNEL_DISPATCH",4,2,58,"void convert_unary<float, __half>(void const*, __half*, long, long, long, HIP_vector_type<unsigned int, 3u>, long, long, long)",2330,37205865599586,37205865616179,0,0,256,1,1,655360,1,1
"KERNEL_DISPATCH",4,2,79,"void tile_fp16_gemm<128, 64, 4, 8, 32, false>(__half const*, __half const*, float*, float*, int, int, int, long, int)",2331,37205865616179,37205865721071,0,25088,256,1,1,1024,1,8
"KERNEL_DISPATCH",4,2,81,"tile_fp16_reduce(float const*, float*, int, int)",2332,37205865721071,37205865725219,0,0,256,1,1,8192,1,1
"KERNEL_DISPATCH",4,2,22,"void dequantize_block_iq3_s<__half>(void const*, __half*)",2333,37205865745071,37205865762553,0,0,32,1,1,163840,1,1
"KERNEL_DISPATCH",4,2,58,"void convert_unary<float, __half>(void const*, __half*, long, long, long, HIP_vector_type<unsigned int, 3u>, long, long, long)",2334,37205865762553,37205865779294,0,0,256,1,1,655360,1,1
"KERNEL_DISPATCH",4,2,79,"void tile_fp16_gemm<128, 64, 4, 8, 32, false>(__half const*, __half const*, float*, float*, int, int, int, long, int)",2335,37205865779294,37205865883890,0,25088,256,1,1,1024,1,8
"KERNEL_DISPATCH",4,2,81,"tile_fp16_reduce(float const*, float*, int, int)",2336,37205865883890,37205865888186,0,0,256,1,1,8192,1,1
"KERNEL_DISPATCH",4,2,22,"void dequantize_block_iq3_s<__half>(void const*, __half*)",2337,37205865908186,37205865925816,0,0,32,1,1,163840,1,1
"KERNEL_DISPATCH",4,2,58,"void convert_unary<float, __half>(void const*, __half*, long, long, long, HIP_vector_type<unsigned int, 3u>, long, long, long)",2338,37205865925816,37205865942706,0,0,256,1,1,655360,1,1
"KERNEL_DISPATCH",4,2,79,"void tile_fp16_gemm<128, 64, 4, 8, 32, false>(__half const*, __half const*, float*, float*, int, int, int, long, int)",2339,37205865942706,37205866047301,0,25088,256,1,1,1024,1,8
"KERNEL_DISPATCH",4,2,81,"tile_fp16_reduce(float const*, float*, int, int)",2340,37205866047301,37205866051449,0,0,256,1,1,8192,1,1
"KERNEL_DISPATCH",4,2,22,"void dequantize_block_iq3_s<__half>(void const*, __half*)",2341,37205866071450,37205866088783,0,0,32,1,1,163840,1,1
"KERNEL_DISPATCH",4,2,58,"void convert_unary<float, __half>(void const*, __half*, long, long, long, HIP_vector_type<unsigned int, 3u>, long, long, long)",2342,37205866088783,37205866105673,0,0,256,1,1,655360,1,1
"KERNEL_DISPATCH",4,2,79,"void tile_fp16_gemm<128, 64, 4, 8, 32, false>(__half const*, __half const*, float*, float*, int, int, int, long, int)",2343,37205866105673,37205866210268,0,25088,256,1,1,1024,1,8
"KERNEL_DISPATCH",4,2,81,"tile_fp16_reduce(float const*, float*, int, int)",2344,37205866210268,37205866214564,0,0,256,1,1,8192,1,1
"KERNEL_DISPATCH",4,2,22,"void dequantize_block_iq3_s<__half>(void const*, __half*)",2345,37205866234417,37205866252047,0,0,32,1,1,163840,1,1
"KERNEL_DISPATCH",4,2,58,"void convert_unary<float, __half>(void const*, __half*, long, long, long, HIP_vector_type<unsigned int, 3u>, long, long, long)",2346,37205866252047,37205866268640,0,0,256,1,1,655360,1,1
"KERNEL_DISPATCH",4,2,79,"void tile_fp16_gemm<128, 64, 4, 8, 32, false>(__half const*, __half const*, float*, float*, int, int, int, long, int)",2347,37205866268640,37205866372939,0,25088,256,1,1,1024,1,8
"KERNEL_DISPATCH",4,2,81,"tile_fp16_reduce(float const*, float*, int, int)",2348,37205866372939,37205866377383,0,0,256,1,1,8192,1,1
"KERNEL_DISPATCH",4,2,22,"void dequantize_block_iq3_s<__half>(void const*, __half*)",2349,37205866397087,37205866414718,0,0,32,1,1,163840,1,1
"KERNEL_DISPATCH",4,2,58,"void convert_unary<float, __half>(void const*, __half*, long, long, long, HIP_vector_type<unsigned int, 3u>, long, long, long)",2350,37205866414718,37205866431162,0,0,256,1,1,655360,1,1
"KERNEL_DISPATCH",4,2,79,"void tile_fp16_gemm<128, 64, 4, 8, 32, false>(__half const*, __half const*, float*, float*, int, int, int, long, int)",2351,37205866431162,37205866535609,0,25088,256,1,1,1024,1,8
"KERNEL_DISPATCH",4,2,81,"tile_fp16_reduce(float const*, float*, int, int)",2352,37205866535609,37205866539906,0,0,256,1,1,8192,1,1
"KERNEL_DISPATCH",4,2,22,"void dequantize_block_iq3_s<__half>(void const*, __half*)",2353,37205866559758,37205866577388,0,0,32,1,1,163840,1,1
"KERNEL_DISPATCH",4,2,58,"void convert_unary<float, __half>(void const*, __half*, long, long, long, HIP_vector_type<unsigned int, 3u>, long, long, long)",2354,37205866577388,37205866594278,0,0,256,1,1,655360,1,1
"KERNEL_DISPATCH",4,2,79,"void tile_fp16_gemm<128, 64, 4, 8, 32, false>(__half const*, __half const*, float*, float*, int, int, int, long, int)",2355,37205866594278,37205866699021,0,25088,256,1,1,1024,1,8
"KERNEL_DISPATCH",4,2,81,"tile_fp16_reduce(float const*, float*, int, int)",2356,37205866699021,37205866703317,0,0,256,1,1,8192,1,1
"KERNEL_DISPATCH",4,2,22,"void dequantize_block_iq3_s<__half>(void const*, __half*)",2357,37205866723022,37205866740503,0,0,32,1,1,163840,1,1
"KERNEL_DISPATCH",4,2,58,"void convert_unary<float, __half>(void const*, __half*, long, long, long, HIP_vector_type<unsigned int, 3u>, long, long, long)",2358,37205866740503,37205866757096,0,0,256,1,1,655360,1,1
"KERNEL_DISPATCH",4,2,79,"void tile_fp16_gemm<128, 64, 4, 8, 32, false>(__half const*, __half const*, float*, float*, int, int, int, long, int)",2359,37205866757096,37205866860803,0,25088,256,1,1,1024,1,8
"KERNEL_DISPATCH",4,2,81,"tile_fp16_reduce(float const*, float*, int, int)",2360,37205866860803,37205866864951,0,0,256,1,1,8192,1,1
"KERNEL_DISPATCH",4,2,22,"void dequantize_block_iq3_s<__half>(void const*, __half*)",2361,37205866885544,37205866903026,0,0,32,1,1,163840,1,1
"KERNEL_DISPATCH",4,2,58,"void convert_unary<float, __half>(void const*, __half*, long, long, long, HIP_vector_type<unsigned int, 3u>, long, long, long)",2362,37205866903026,37205866919767,0,0,256,1,1,655360,1,1
"KERNEL_DISPATCH",4,2,79,"void tile_fp16_gemm<128, 64, 4, 8, 32, false>(__half const*, __half const*, float*, float*, int, int, int, long, int)",2363,37205866919767,37205867024807,0,25088,256,1,1,1024,1,8
"KERNEL_DISPATCH",4,2,81,"tile_fp16_reduce(float const*, float*, int, int)",2364,37205867024807,37205867028955,0,0,256,1,1,8192,1,1
"KERNEL_DISPATCH",4,2,22,"void dequantize_block_iq3_s<__half>(void const*, __half*)",2365,37205867048956,37205867066437,0,0,32,1,1,163840,1,1
"KERNEL_DISPATCH",4,2,58,"void convert_unary<float, __half>(void const*, __half*, long, long, long, HIP_vector_type<unsigned int, 3u>, long, long, long)",2366,37205867066437,37205867083179,0,0,256,1,1,655360,1,1
"KERNEL_DISPATCH",4,2,79,"void tile_fp16_gemm<128, 64, 4, 8, 32, false>(__half const*, __half const*, float*, float*, int, int, int, long, int)",2367,37205867083179,37205867189996,0,25088,256,1,1,1024,1,8
"KERNEL_DISPATCH",4,2,81,"tile_fp16_reduce(float const*, float*, int, int)",2368,37205867189996,37205867194144,0,0,256,1,1,8192,1,1
"KERNEL_DISPATCH",4,2,22,"void dequantize_block_iq3_s<__half>(void const*, __half*)",2369,37205867214145,37205867231627,0,0,32,1,1,163840,1,1
"KERNEL_DISPATCH",4,2,58,"void convert_unary<float, __half>(void const*, __half*, long, long, long, HIP_vector_type<unsigned int, 3u>, long, long, long)",2370,37205867231627,37205867248368,0,0,256,1,1,655360,1,1
"KERNEL_DISPATCH",4,2,79,"void tile_fp16_gemm<128, 64, 4, 8, 32, false>(__half const*, __half const*, float*, float*, int, int, int, long, int)",2371,37205867248368,37205867352815,0,25088,256,1,1,1024,1,8
"KERNEL_DISPATCH",4,2,81,"tile_fp16_reduce(float const*, float*, int, int)",2372,37205867352815,37205867357111,0,0,256,1,1,8192,1,1
"KERNEL_DISPATCH",4,2,22,"void dequantize_block_iq3_s<__half>(void const*, __half*)",2373,37205867377260,37205867394742,0,0,32,1,1,163840,1,1
"KERNEL_DISPATCH",4,2,58,"void convert_unary<float, __half>(void const*, __half*, long, long, long, HIP_vector_type<unsigned int, 3u>, long, long, long)",2374,37205867394742,37205867411483,0,0,256,1,1,655360,1,1
"KERNEL_DISPATCH",4,2,79,"void tile_fp16_gemm<128, 64, 4, 8, 32, false>(__half const*, __half const*, float*, float*, int, int, int, long, int)",2375,37205867411483,37205867516078,0,25088,256,1,1,1024,1,8
"KERNEL_DISPATCH",4,2,81,"tile_fp16_reduce(float const*, float*, int, int)",2376,37205867516078,37205867520523,0,0,256,1,1,8192,1,1
"KERNEL_DISPATCH",4,2,22,"void dequantize_block_iq3_s<__half>(void const*, __half*)",2377,37205867540523,37205867558005,0,0,32,1,1,163840,1,1
"KERNEL_DISPATCH",4,2,58,"void convert_unary<float, __half>(void const*, __half*, long, long, long, HIP_vector_type<unsigned int, 3u>, long, long, long)",2378,37205867558005,37205867574450,0,0,256,1,1,655360,1,1
"KERNEL_DISPATCH",4,2,79,"void tile_fp16_gemm<128, 64, 4, 8, 32, false>(__half const*, __half const*, float*, float*, int, int, int, long, int)",2379,37205867574450,37205867678749,0,25088,256,1,1,1024,1,8
"KERNEL_DISPATCH",4,2,81,"tile_fp16_reduce(float const*, float*, int, int)",2380,37205867678749,37205867683045,0,0,256,1,1,8192,1,1
"KERNEL_DISPATCH",4,2,22,"void dequantize_block_iq3_s<__half>(void const*, __half*)",2381,37205867703046,37205867720528,0,0,32,1,1,163840,1,1
"KERNEL_DISPATCH",4,2,58,"void convert_unary<float, __half>(void const*, __half*, long, long, long, HIP_vector_type<unsigned int, 3u>, long, long, long)",2382,37205867720528,37205867737417,0,0,256,1,1,655360,1,1
"KERNEL_DISPATCH",4,2,79,"void tile_fp16_gemm<128, 64, 4, 8, 32, false>(__half const*, __half const*, float*, float*, int, int, int, long, int)",2383,37205867737417,37205867842012,0,25088,256,1,1,1024,1,8
"KERNEL_DISPATCH",4,2,81,"tile_fp16_reduce(float const*, float*, int, int)",2384,37205867842012,37205867846309,0,0,256,1,1,8192,1,1
"KERNEL_DISPATCH",4,2,22,"void dequantize_block_iq3_s<__half>(void const*, __half*)",2385,37205867866013,37205867883643,0,0,32,1,1,163840,1,1
"KERNEL_DISPATCH",4,2,58,"void convert_unary<float, __half>(void const*, __half*, long, long, long, HIP_vector_type<unsigned int, 3u>, long, long, long)",2386,37205867883643,37205867900236,0,0,256,1,1,655360,1,1
"KERNEL_DISPATCH",4,2,79,"void tile_fp16_gemm<128, 64, 4, 8, 32, false>(__half const*, __half const*, float*, float*, int, int, int, long, int)",2387,37205867900236,37205868004831,0,25088,256,1,1,1024,1,8
"KERNEL_DISPATCH",4,2,81,"tile_fp16_reduce(float const*, float*, int, int)",2388,37205868004831,37205868009128,0,0,256,1,1,8192,1,1
"KERNEL_DISPATCH",4,2,22,"void dequantize_block_iq3_s<__half>(void const*, __half*)",2389,37205868028832,37205868046462,0,0,32,1,1,163840,1,1
"KERNEL_DISPATCH",4,2,58,"void convert_unary<float, __half>(void const*, __half*, long, long, long, HIP_vector_type<unsigned int, 3u>, long, long, long)",2390,37205868046462,37205868063203,0,0,256,1,1,655360,1,1
"KERNEL_DISPATCH",4,2,79,"void tile_fp16_gemm<128, 64, 4, 8, 32, false>(__half const*, __half const*, float*, float*, int, int, int, long, int)",2391,37205868063203,37205868167798,0,25088,256,1,1,1024,1,8
"KERNEL_DISPATCH",4,2,81,"tile_fp16_reduce(float const*, float*, int, int)",2392,37205868167798,37205868171947,0,0,256,1,1,8192,1,1
"KERNEL_DISPATCH",4,2,22,"void dequantize_block_iq3_s<__half>(void const*, __half*)",2393,37205868191947,37205868209429,0,0,32,1,1,163840,1,1
"KERNEL_DISPATCH",4,2,58,"void convert_unary<float, __half>(void const*, __half*, long, long, long, HIP_vector_type<unsigned int, 3u>, long, long, long)",2394,37205868209429,37205868226170,0,0,256,1,1,655360,1,1
"KERNEL_DISPATCH",4,2,79,"void tile_fp16_gemm<128, 64, 4, 8, 32, false>(__half const*, __half const*, float*, float*, int, int, int, long, int)",2395,37205868226170,37205868330617,0,25088,256,1,1,1024,1,8
"KERNEL_DISPATCH",4,2,81,"tile_fp16_reduce(float const*, float*, int, int)",2396,37205868330617,37205868334765,0,0,256,1,1,8192,1,1
"KERNEL_DISPATCH",4,2,22,"void dequantize_block_iq3_s<__half>(void const*, __half*)",2397,37205868354914,37205868372396,0,0,32,1,1,163840,1,1
"KERNEL_DISPATCH",4,2,58,"void convert_unary<float, __half>(void const*, __half*, long, long, long, HIP_vector_type<unsigned int, 3u>, long, long, long)",2398,37205868372396,37205868388989,0,0,256,1,1,655360,1,1
"KERNEL_DISPATCH",4,2,79,"void tile_fp16_gemm<128, 64, 4, 8, 32, false>(__half const*, __half const*, float*, float*, int, int, int, long, int)",2399,37205868388989,37205868493732,0,25088,256,1,1,1024,1,8
"KERNEL_DISPATCH",4,2,81,"tile_fp16_reduce(float const*, float*, int, int)",2400,37205868493732,37205868497881,0,0,256,1,1,8192,1,1
"KERNEL_DISPATCH",4,2,22,"void dequantize_block_iq3_s<__half>(void const*, __half*)",2401,37205868518029,37205868535659,0,0,32,1,1,163840,1,1
"KERNEL_DISPATCH",4,2,58,"void convert_unary<float, __half>(void const*, __half*, long, long, long, HIP_vector_type<unsigned int, 3u>, long, long, long)",2402,37205868535659,37205868552400,0,0,256,1,1,655360,1,1
"KERNEL_DISPATCH",4,2,79,"void tile_fp16_gemm<128, 64, 4, 8, 32, false>(__half const*, __half const*, float*, float*, int, int, int, long, int)",2403,37205868552400,37205868657144,0,25088,256,1,1,1024,1,8
"KERNEL_DISPATCH",4,2,81,"tile_fp16_reduce(float const*, float*, int, int)",2404,37205868657144,37205868661292,0,0,256,1,1,8192,1,1
"KERNEL_DISPATCH",4,2,22,"void dequantize_block_iq3_s<__half>(void const*, __half*)",2405,37205868681589,37205868699219,0,0,32,1,1,163840,1,1
"KERNEL_DISPATCH",4,2,58,"void convert_unary<float, __half>(void const*, __half*, long, long, long, HIP_vector_type<unsigned int, 3u>, long, long, long)",2406,37205868699219,37205868715960,0,0,256,1,1,655360,1,1
"KERNEL_DISPATCH",4,2,79,"void tile_fp16_gemm<128, 64, 4, 8, 32, false>(__half const*, __half const*, float*, float*, int, int, int, long, int)",2407,37205868715960,37205868821148,0,25088,256,1,1,1024,1,8
"KERNEL_DISPATCH",4,2,81,"tile_fp16_reduce(float const*, float*, int, int)",2408,37205868821148,37205868825296,0,0,256,1,1,8192,1,1
"KERNEL_DISPATCH",4,2,22,"void dequantize_block_iq3_s<__half>(void const*, __half*)",2409,37205868845297,37205868863075,0,0,32,1,1,163840,1,1
"KERNEL_DISPATCH",4,2,58,"void convert_unary<float, __half>(void const*, __half*, long, long, long, HIP_vector_type<unsigned int, 3u>, long, long, long)",2410,37205868863075,37205868879668,0,0,256,1,1,655360,1,1
"KERNEL_DISPATCH",4,2,79,"void tile_fp16_gemm<128, 64, 4, 8, 32, false>(__half const*, __half const*, float*, float*, int, int, int, long, int)",2411,37205868879668,37205868984856,0,25088,256,1,1,1024,1,8
"KERNEL_DISPATCH",4,2,81,"tile_fp16_reduce(float const*, float*, int, int)",2412,37205868984856,37205868989004,0,0,256,1,1,8192,1,1
"KERNEL_DISPATCH",4,2,22,"void dequantize_block_iq3_s<__half>(void const*, __half*)",2413,37205869008560,37205869026042,0,0,32,1,1,163840,1,1
"KERNEL_DISPATCH",4,2,58,"void convert_unary<float, __half>(void const*, __half*, long, long, long, HIP_vector_type<unsigned int, 3u>, long, long, long)",2414,37205869026042,37205869042931,0,0,256,1,1,655360,1,1
"KERNEL_DISPATCH",4,2,79,"void tile_fp16_gemm<128, 64, 4, 8, 32, false>(__half const*, __half const*, float*, float*, int, int, int, long, int)",2415,37205869042931,37205869147675,0,25088,256,1,1,1024,1,8
"KERNEL_DISPATCH",4,2,81,"tile_fp16_reduce(float const*, float*, int, int)",2416,37205869147675,37205869151971,0,0,256,1,1,8192,1,1
"KERNEL_DISPATCH",4,2,22,"void dequantize_block_iq3_s<__half>(void const*, __half*)",2417,37205869171823,37205869189305,0,0,32,1,1,163840,1,1
"KERNEL_DISPATCH",4,2,58,"void convert_unary<float, __half>(void const*, __half*, long, long, long, HIP_vector_type<unsigned int, 3u>, long, long, long)",2418,37205869189305,37205869205898,0,0,256,1,1,655360,1,1
"KERNEL_DISPATCH",4,2,79,"void tile_fp16_gemm<128, 64, 4, 8, 32, false>(__half const*, __half const*, float*, float*, int, int, int, long, int)",2419,37205869205898,37205869310642,0,25088,256,1,1,1024,1,8
"KERNEL_DISPATCH",4,2,81,"tile_fp16_reduce(float const*, float*, int, int)",2420,37205869310642,37205869314938,0,0,256,1,1,8192,1,1
"KERNEL_DISPATCH",4,2,22,"void dequantize_block_iq3_s<__half>(void const*, __half*)",2421,37205869334790,37205869352272,0,0,32,1,1,163840,1,1
"KERNEL_DISPATCH",4,2,58,"void convert_unary<float, __half>(void const*, __half*, long, long, long, HIP_vector_type<unsigned int, 3u>, long, long, long)",2422,37205869352272,37205869368865,0,0,256,1,1,655360,1,1
"KERNEL_DISPATCH",4,2,79,"void tile_fp16_gemm<128, 64, 4, 8, 32, false>(__half const*, __half const*, float*, float*, int, int, int, long, int)",2423,37205869368865,37205869473164,0,25088,256,1,1,1024,1,8
"KERNEL_DISPATCH",4,2,81,"tile_fp16_reduce(float const*, float*, int, int)",2424,37205869473164,37205869477461,0,0,256,1,1,8192,1,1
"KERNEL_DISPATCH",4,2,22,"void dequantize_block_iq3_s<__half>(void const*, __half*)",2425,37205869520276,37205869538055,0,0,32,1,1,163840,1,1
"KERNEL_DISPATCH",4,2,58,"void convert_unary<float, __half>(void const*, __half*, long, long, long, HIP_vector_type<unsigned int, 3u>, long, long, long)",2426,37205869538055,37205869554648,0,0,256,1,1,655360,1,1
"KERNEL_DISPATCH",4,2,79,"void tile_fp16_gemm<128, 64, 4, 8, 32, false>(__half const*, __half const*, float*, float*, int, int, int, long, int)",2427,37205869554648,37205869659243,0,25088,256,1,1,1024,1,8
"KERNEL_DISPATCH",4,2,81,"tile_fp16_reduce(float const*, float*, int, int)",2428,37205869659243,37205869663391,0,0,256,1,1,8192,1,1
"KERNEL_DISPATCH",4,2,22,"void dequantize_block_iq3_s<__half>(void const*, __half*)",2429,37205869683392,37205869700873,0,0,32,1,1,163840,1,1
"KERNEL_DISPATCH",4,2,58,"void convert_unary<float, __half>(void const*, __half*, long, long, long, HIP_vector_type<unsigned int, 3u>, long, long, long)",2430,37205869700873,37205869717911,0,0,256,1,1,655360,1,1
"KERNEL_DISPATCH",4,2,79,"void tile_fp16_gemm<128, 64, 4, 8, 32, false>(__half const*, __half const*, float*, float*, int, int, int, long, int)",2431,37205869717911,37205869822358,0,25088,256,1,1,1024,1,8
"KERNEL_DISPATCH",4,2,81,"tile_fp16_reduce(float const*, float*, int, int)",2432,37205869822358,37205869826654,0,0,256,1,1,8192,1,1
"KERNEL_DISPATCH",4,2,22,"void dequantize_block_iq3_s<__half>(void const*, __half*)",2433,37205869846803,37205869864285,0,0,32,1,1,163840,1,1
"KERNEL_DISPATCH",4,2,58,"void convert_unary<float, __half>(void const*, __half*, long, long, long, HIP_vector_type<unsigned int, 3u>, long, long, long)",2434,37205869864285,37205869881026,0,0,256,1,1,655360,1,1
"KERNEL_DISPATCH",4,2,79,"void tile_fp16_gemm<128, 64, 4, 8, 32, false>(__half const*, __half const*, float*, float*, int, int, int, long, int)",2435,37205869881026,37205869985473,0,25088,256,1,1,1024,1,8
"KERNEL_DISPATCH",4,2,81,"tile_fp16_reduce(float const*, float*, int, int)",2436,37205869985473,37205869989621,0,0,256,1,1,8192,1,1
"KERNEL_DISPATCH",4,2,22,"void dequantize_block_iq3_s<__half>(void const*, __half*)",2437,37205870009622,37205870027400,0,0,32,1,1,163840,1,1
"KERNEL_DISPATCH",4,2,58,"void convert_unary<float, __half>(void const*, __half*, long, long, long, HIP_vector_type<unsigned int, 3u>, long, long, long)",2438,37205870027400,37205870043993,0,0,256,1,1,655360,1,1
"KERNEL_DISPATCH",4,2,79,"void tile_fp16_gemm<128, 64, 4, 8, 32, false>(__half const*, __half const*, float*, float*, int, int, int, long, int)",2439,37205870043993,37205870148588,0,25088,256,1,1,1024,1,8
"KERNEL_DISPATCH",4,2,81,"tile_fp16_reduce(float const*, float*, int, int)",2440,37205870148588,37205870152737,0,0,256,1,1,8192,1,1
"KERNEL_DISPATCH",4,2,22,"void dequantize_block_iq3_s<__half>(void const*, __half*)",2441,37205870173033,37205870190515,0,0,32,1,1,163840,1,1
"KERNEL_DISPATCH",4,2,58,"void convert_unary<float, __half>(void const*, __half*, long, long, long, HIP_vector_type<unsigned int, 3u>, long, long, long)",2442,37205870190515,37205870207108,0,0,256,1,1,655360,1,1
"KERNEL_DISPATCH",4,2,79,"void tile_fp16_gemm<128, 64, 4, 8, 32, false>(__half const*, __half const*, float*, float*, int, int, int, long, int)",2443,37205870207108,37205870312296,0,25088,256,1,1,1024,1,8
"KERNEL_DISPATCH",4,2,81,"tile_fp16_reduce(float const*, float*, int, int)",2444,37205870312296,37205870316444,0,0,256,1,1,8192,1,1
"KERNEL_DISPATCH",4,2,22,"void dequantize_block_iq3_s<__half>(void const*, __half*)",2445,37205870336297,37205870353927,0,0,32,1,1,163840,1,1
"KERNEL_DISPATCH",4,2,58,"void convert_unary<float, __half>(void const*, __half*, long, long, long, HIP_vector_type<unsigned int, 3u>, long, long, long)",2446,37205870353927,37205870370520,0,0,256,1,1,655360,1,1
"KERNEL_DISPATCH",4,2,79,"void tile_fp16_gemm<128, 64, 4, 8, 32, false>(__half const*, __half const*, float*, float*, int, int, int, long, int)",2447,37205870370520,37205870475263,0,25088,256,1,1,1024,1,8
"KERNEL_DISPATCH",4,2,81,"tile_fp16_reduce(float const*, float*, int, int)",2448,37205870475263,37205870479560,0,0,256,1,1,8192,1,1
"KERNEL_DISPATCH",4,2,22,"void dequantize_block_iq3_s<__half>(void const*, __half*)",2449,37205870499264,37205870516746,0,0,32,1,1,163840,1,1
"KERNEL_DISPATCH",4,2,58,"void convert_unary<float, __half>(void const*, __half*, long, long, long, HIP_vector_type<unsigned int, 3u>, long, long, long)",2450,37205870516746,37205870533635,0,0,256,1,1,655360,1,1
"KERNEL_DISPATCH",4,2,79,"void tile_fp16_gemm<128, 64, 4, 8, 32, false>(__half const*, __half const*, float*, float*, int, int, int, long, int)",2451,37205870533635,37205870638675,0,25088,256,1,1,1024,1,8
"KERNEL_DISPATCH",4,2,81,"tile_fp16_reduce(float const*, float*, int, int)",2452,37205870638675,37205870642971,0,0,256,1,1,8192,1,1
"KERNEL_DISPATCH",4,2,22,"void dequantize_block_iq3_s<__half>(void const*, __half*)",2453,37205870662823,37205870680305,0,0,32,1,1,163840,1,1
"KERNEL_DISPATCH",4,2,58,"void convert_unary<float, __half>(void const*, __half*, long, long, long, HIP_vector_type<unsigned int, 3u>, long, long, long)",2454,37205870680305,37205870697046,0,0,256,1,1,655360,1,1
"KERNEL_DISPATCH",4,2,79,"void tile_fp16_gemm<128, 64, 4, 8, 32, false>(__half const*, __half const*, float*, float*, int, int, int, long, int)",2455,37205870697046,37205870802234,0,25088,256,1,1,1024,1,8
"KERNEL_DISPATCH",4,2,81,"tile_fp16_reduce(float const*, float*, int, int)",2456,37205870802234,37205870806383,0,0,256,1,1,8192,1,1
"KERNEL_DISPATCH",4,2,22,"void dequantize_block_iq3_s<__half>(void const*, __half*)",2457,37205870826235,37205870843865,0,0,32,1,1,163840,1,1
"KERNEL_DISPATCH",4,2,58,"void convert_unary<float, __half>(void const*, __half*, long, long, long, HIP_vector_type<unsigned int, 3u>, long, long, long)",2458,37205870843865,37205870860606,0,0,256,1,1,655360,1,1
"KERNEL_DISPATCH",4,2,79,"void tile_fp16_gemm<128, 64, 4, 8, 32, false>(__half const*, __half const*, float*, float*, int, int, int, long, int)",2459,37205870860606,37205870965349,0,25088,256,1,1,1024,1,8
"KERNEL_DISPATCH",4,2,81,"tile_fp16_reduce(float const*, float*, int, int)",2460,37205870965349,37205870969646,0,0,256,1,1,8192,1,1
"KERNEL_DISPATCH",4,2,22,"void dequantize_block_iq3_s<__half>(void const*, __half*)",2461,37205870989794,37205871007276,0,0,32,1,1,163840,1,1
"KERNEL_DISPATCH",4,2,58,"void convert_unary<float, __half>(void const*, __half*, long, long, long, HIP_vector_type<unsigned int, 3u>, long, long, long)",2462,37205871007276,37205871024018,0,0,256,1,1,655360,1,1
"KERNEL_DISPATCH",4,2,79,"void tile_fp16_gemm<128, 64, 4, 8, 32, false>(__half const*, __half const*, float*, float*, int, int, int, long, int)",2463,37205871024018,37205871128909,0,25088,256,1,1,1024,1,8
"KERNEL_DISPATCH",4,2,81,"tile_fp16_reduce(float const*, float*, int, int)",2464,37205871128909,37205871133205,0,0,256,1,1,8192,1,1
"KERNEL_DISPATCH",4,2,22,"void dequantize_block_iq3_s<__half>(void const*, __half*)",2465,37205871153206,37205871170688,0,0,32,1,1,163840,1,1
"KERNEL_DISPATCH",4,2,58,"void convert_unary<float, __half>(void const*, __half*, long, long, long, HIP_vector_type<unsigned int, 3u>, long, long, long)",2466,37205871170688,37205871187429,0,0,256,1,1,655360,1,1
"KERNEL_DISPATCH",4,2,79,"void tile_fp16_gemm<128, 64, 4, 8, 32, false>(__half const*, __half const*, float*, float*, int, int, int, long, int)",2467,37205871187429,37205871291876,0,25088,256,1,1,1024,1,8
"KERNEL_DISPATCH",4,2,81,"tile_fp16_reduce(float const*, float*, int, int)",2468,37205871291876,37205871296024,0,0,256,1,1,8192,1,1
"KERNEL_DISPATCH",4,2,22,"void dequantize_block_iq3_s<__half>(void const*, __half*)",2469,37205871316025,37205871333359,0,0,32,1,1,163840,1,1
"KERNEL_DISPATCH",4,2,58,"void convert_unary<float, __half>(void const*, __half*, long, long, long, HIP_vector_type<unsigned int, 3u>, long, long, long)",2470,37205871333359,37205871349952,0,0,256,1,1,655360,1,1
"KERNEL_DISPATCH",4,2,79,"void tile_fp16_gemm<128, 64, 4, 8, 32, false>(__half const*, __half const*, float*, float*, int, int, int, long, int)",2471,37205871349952,37205871454547,0,25088,256,1,1,1024,1,8
"KERNEL_DISPATCH",4,2,81,"tile_fp16_reduce(float const*, float*, int, int)",2472,37205871454547,37205871458843,0,0,256,1,1,8192,1,1
"KERNEL_DISPATCH",4,2,22,"void dequantize_block_iq3_s<__half>(void const*, __half*)",2473,37205871478696,37205871496177,0,0,32,1,1,163840,1,1
"KERNEL_DISPATCH",4,2,58,"void convert_unary<float, __half>(void const*, __half*, long, long, long, HIP_vector_type<unsigned int, 3u>, long, long, long)",2474,37205871496177,37205871512770,0,0,256,1,1,655360,1,1
"KERNEL_DISPATCH",4,2,79,"void tile_fp16_gemm<128, 64, 4, 8, 32, false>(__half const*, __half const*, float*, float*, int, int, int, long, int)",2475,37205871512770,37205871617218,0,25088,256,1,1,1024,1,8
"KERNEL_DISPATCH",4,2,81,"tile_fp16_reduce(float const*, float*, int, int)",2476,37205871617218,37205871621514,0,0,256,1,1,8192,1,1
"KERNEL_DISPATCH",4,2,22,"void dequantize_block_iq3_s<__half>(void const*, __half*)",2477,37205871641070,37205871658700,0,0,32,1,1,163840,1,1
"KERNEL_DISPATCH",4,2,58,"void convert_unary<float, __half>(void const*, __half*, long, long, long, HIP_vector_type<unsigned int, 3u>, long, long, long)",2478,37205871658700,37205871675293,0,0,256,1,1,655360,1,1
"KERNEL_DISPATCH",4,2,79,"void tile_fp16_gemm<128, 64, 4, 8, 32, false>(__half const*, __half const*, float*, float*, int, int, int, long, int)",2479,37205871675293,37205871779444,0,25088,256,1,1,1024,1,8
"KERNEL_DISPATCH",4,2,81,"tile_fp16_reduce(float const*, float*, int, int)",2480,37205871779444,37205871783888,0,0,256,1,1,8192,1,1
"KERNEL_DISPATCH",4,2,22,"void dequantize_block_iq3_s<__half>(void const*, __half*)",2481,37205871803741,37205871821371,0,0,32,1,1,163840,1,1
"KERNEL_DISPATCH",4,2,58,"void convert_unary<float, __half>(void const*, __half*, long, long, long, HIP_vector_type<unsigned int, 3u>, long, long, long)",2482,37205871821371,37205871837964,0,0,256,1,1,655360,1,1
"KERNEL_DISPATCH",4,2,79,"void tile_fp16_gemm<128, 64, 4, 8, 32, false>(__half const*, __half const*, float*, float*, int, int, int, long, int)",2483,37205871837964,37205871942707,0,25088,256,1,1,1024,1,8
"KERNEL_DISPATCH",4,2,81,"tile_fp16_reduce(float const*, float*, int, int)",2484,37205871942707,37205871947004,0,0,256,1,1,8192,1,1
"KERNEL_DISPATCH",4,2,22,"void dequantize_block_iq3_s<__half>(void const*, __half*)",2485,37205871966708,37205871984338,0,0,32,1,1,163840,1,1
"KERNEL_DISPATCH",4,2,58,"void convert_unary<float, __half>(void const*, __half*, long, long, long, HIP_vector_type<unsigned int, 3u>, long, long, long)",2486,37205871984338,37205872001227,0,0,256,1,1,655360,1,1
"KERNEL_DISPATCH",4,2,79,"void tile_fp16_gemm<128, 64, 4, 8, 32, false>(__half const*, __half const*, float*, float*, int, int, int, long, int)",2487,37205872001227,37205872105822,0,25088,256,1,1,1024,1,8
"KERNEL_DISPATCH",4,2,81,"tile_fp16_reduce(float const*, float*, int, int)",2488,37205872105822,37205872109971,0,0,256,1,1,8192,1,1
"KERNEL_DISPATCH",4,2,22,"void dequantize_block_iq3_s<__half>(void const*, __half*)",2489,37205872130119,37205872147601,0,0,32,1,1,163840,1,1
"KERNEL_DISPATCH",4,2,58,"void convert_unary<float, __half>(void const*, __half*, long, long, long, HIP_vector_type<unsigned int, 3u>, long, long, long)",2490,37205872147601,37205872164490,0,0,256,1,1,655360,1,1
"KERNEL_DISPATCH",4,2,79,"void tile_fp16_gemm<128, 64, 4, 8, 32, false>(__half const*, __half const*, float*, float*, int, int, int, long, int)",2491,37205872164490,37205872268789,0,25088,256,1,1,1024,1,8
"KERNEL_DISPATCH",4,2,81,"tile_fp16_reduce(float const*, float*, int, int)",2492,37205872268789,37205872273086,0,0,256,1,1,8192,1,1
"KERNEL_DISPATCH",4,2,22,"void dequantize_block_iq3_s<__half>(void const*, __half*)",2493,37205872292938,37205872310420,0,0,32,1,1,163840,1,1
"KERNEL_DISPATCH",4,2,58,"void convert_unary<float, __half>(void const*, __half*, long, long, long, HIP_vector_type<unsigned int, 3u>, long, long, long)",2494,37205872310420,37205872327161,0,0,256,1,1,655360,1,1
"KERNEL_DISPATCH",4,2,79,"void tile_fp16_gemm<128, 64, 4, 8, 32, false>(__half const*, __half const*, float*, float*, int, int, int, long, int)",2495,37205872327161,37205872431608,0,25088,256,1,1,1024,1,8
"KERNEL_DISPATCH",4,2,81,"tile_fp16_reduce(float const*, float*, int, int)",2496,37205872431608,37205872435905,0,0,256,1,1,8192,1,1
"KERNEL_DISPATCH",4,2,22,"void dequantize_block_iq3_s<__half>(void const*, __half*)",2497,37205872455905,37205872473535,0,0,32,1,1,163840,1,1
"KERNEL_DISPATCH",4,2,58,"void convert_unary<float, __half>(void const*, __half*, long, long, long, HIP_vector_type<unsigned int, 3u>, long, long, long)",2498,37205872473535,37205872490276,0,0,256,1,1,655360,1,1
"KERNEL_DISPATCH",4,2,79,"void tile_fp16_gemm<128, 64, 4, 8, 32, false>(__half const*, __half const*, float*, float*, int, int, int, long, int)",2499,37205872490276,37205872595316,0,25088,256,1,1,1024,1,8
"KERNEL_DISPATCH",4,2,81,"tile_fp16_reduce(float const*, float*, int, int)",2500,37205872595316,37205872599464,0,0,256,1,1,8192,1,1
"KERNEL_DISPATCH",4,2,22,"void dequantize_block_iq3_s<__half>(void const*, __half*)",2501,37205872619317,37205872637095,0,0,32,1,1,163840,1,1
"KERNEL_DISPATCH",4,2,58,"void convert_unary<float, __half>(void const*, __half*, long, long, long, HIP_vector_type<unsigned int, 3u>, long, long, long)",2502,37205872637095,37205872653836,0,0,256,1,1,655360,1,1
"KERNEL_DISPATCH",4,2,79,"void tile_fp16_gemm<128, 64, 4, 8, 32, false>(__half const*, __half const*, float*, float*, int, int, int, long, int)",2503,37205872653836,37205872759172,0,25088,256,1,1,1024,1,8
"KERNEL_DISPATCH",4,2,81,"tile_fp16_reduce(float const*, float*, int, int)",2504,37205872759172,37205872763468,0,0,256,1,1,8192,1,1
"KERNEL_DISPATCH",4,2,22,"void dequantize_block_iq3_s<__half>(void const*, __half*)",2505,37205872783469,37205872800951,0,0,32,1,1,163840,1,1
"KERNEL_DISPATCH",4,2,58,"void convert_unary<float, __half>(void const*, __half*, long, long, long, HIP_vector_type<unsigned int, 3u>, long, long, long)",2506,37205872800951,37205872817692,0,0,256,1,1,655360,1,1
"KERNEL_DISPATCH",4,2,79,"void tile_fp16_gemm<128, 64, 4, 8, 32, false>(__half const*, __half const*, float*, float*, int, int, int, long, int)",2507,37205872817692,37205872922287,0,25088,256,1,1,1024,1,8
"KERNEL_DISPATCH",4,2,81,"tile_fp16_reduce(float const*, float*, int, int)",2508,37205872922287,37205872926435,0,0,256,1,1,8192,1,1
"KERNEL_DISPATCH",4,2,22,"void dequantize_block_iq3_s<__half>(void const*, __half*)",2509,37205872946436,37205872964066,0,0,32,1,1,163840,1,1
"KERNEL_DISPATCH",4,2,58,"void convert_unary<float, __half>(void const*, __half*, long, long, long, HIP_vector_type<unsigned int, 3u>, long, long, long)",2510,37205872964066,37205872980659,0,0,256,1,1,655360,1,1
"KERNEL_DISPATCH",4,2,79,"void tile_fp16_gemm<128, 64, 4, 8, 32, false>(__half const*, __half const*, float*, float*, int, int, int, long, int)",2511,37205872980659,37205873085106,0,25088,256,1,1,1024,1,8
"KERNEL_DISPATCH",4,2,81,"tile_fp16_reduce(float const*, float*, int, int)",2512,37205873085106,37205873089402,0,0,256,1,1,8192,1,1
"KERNEL_DISPATCH",4,2,22,"void dequantize_block_iq3_s<__half>(void const*, __half*)",2513,37205873109255,37205873126737,0,0,32,1,1,163840,1,1
"KERNEL_DISPATCH",4,2,58,"void convert_unary<float, __half>(void const*, __half*, long, long, long, HIP_vector_type<unsigned int, 3u>, long, long, long)",2514,37205873126737,37205873143330,0,0,256,1,1,655360,1,1
"KERNEL_DISPATCH",4,2,79,"void tile_fp16_gemm<128, 64, 4, 8, 32, false>(__half const*, __half const*, float*, float*, int, int, int, long, int)",2515,37205873143330,37205873247777,0,25088,256,1,1,1024,1,8
"KERNEL_DISPATCH",4,2,81,"tile_fp16_reduce(float const*, float*, int, int)",2516,37205873247777,37205873251925,0,0,256,1,1,8192,1,1
"KERNEL_DISPATCH",4,2,22,"void dequantize_block_iq3_s<__half>(void const*, __half*)",2517,37205873272074,37205873289407,0,0,32,1,1,163840,1,1
"KERNEL_DISPATCH",4,2,58,"void convert_unary<float, __half>(void const*, __half*, long, long, long, HIP_vector_type<unsigned int, 3u>, long, long, long)",2518,37205873289407,37205873306149,0,0,256,1,1,655360,1,1
"KERNEL_DISPATCH",4,2,79,"void tile_fp16_gemm<128, 64, 4, 8, 32, false>(__half const*, __half const*, float*, float*, int, int, int, long, int)",2519,37205873306149,37205873410744,0,25088,256,1,1,1024,1,8
"KERNEL_DISPATCH",4,2,81,"tile_fp16_reduce(float const*, float*, int, int)",2520,37205873410744,37205873414892,0,0,256,1,1,8192,1,1
