"Kind","Agent_Id","Queue_Id","Kernel_Id","Kernel_Name","Correlation_Id","Start_Timestamp","End_Timestamp","Private_Segment_Size","Group_Segment_Size","Workgroup_Size_X","Workgroup_Size_Y","Workgroup_Size_Z","Grid_Size_X","Grid_Size_Y","Grid_Size_Z"
"KERNEL_DISPATCH",4,2,33,"void dequantize_block_iq3_s<__half>(void const*, __half*)",1,42161143227580,42161143583583,0,0,32,1,1,3686400,1,1
"KERNEL_DISPATCH",4,2,35,"void convert_unary<float, __half>(void const*, __half*, long, long, long, HIP_vector_type<unsigned int, 3u>, long, long, long)",2,42161143583583,42161143602250,0,0,256,1,1,655360,1,1
"KERNEL_DISPATCH",4,2,79,"void tile_fp16_gemm<128, 64, 4, 8, 32, false>(__half const*, __half const*, float*, float*, int, int, int, long, int)",3,42161143611287,42161144739000,0,25088,256,1,1,23040,1,4
"KERNEL_DISPATCH",4,2,82,"tile_fp16_reduce(float const*, float*, int, int)",4,42161144739000,42161144864038,0,0,256,1,1,184320,1,1
"KERNEL_DISPATCH",4,2,33,"void dequantize_block_iq3_s<__half>(void const*, __half*)",5,42161148468516,42161148817111,0,0,32,1,1,3686400,1,1
"KERNEL_DISPATCH",4,2,35,"void convert_unary<float, __half>(void const*, __half*, long, long, long, HIP_vector_type<unsigned int, 3u>, long, long, long)",6,42161148817111,42161148835630,0,0,256,1,1,655360,1,1
"KERNEL_DISPATCH",4,2,79,"void tile_fp16_gemm<128, 64, 4, 8, 32, false>(__half const*, __half const*, float*, float*, int, int, int, long, int)",7,42161148835630,42161149947640,0,25088,256,1,1,23040,1,4
"KERNEL_DISPATCH",4,2,82,"tile_fp16_reduce(float const*, float*, int, int)",8,42161149947640,42161149991789,0,0,256,1,1,184320,1,1
"KERNEL_DISPATCH",4,2,33,"void dequantize_block_iq3_s<__half>(void const*, __half*)",9,42161150023345,42161150390459,0,0,32,1,1,3686400,1,1
"KERNEL_DISPATCH",4,2,35,"void convert_unary<float, __half>(void const*, __half*, long, long, long, HIP_vector_type<unsigned int, 3u>, long, long, long)",10,42161150390459,42161150408237,0,0,256,1,1,655360,1,1
"KERNEL_DISPATCH",4,2,79,"void tile_fp16_gemm<128, 64, 4, 8, 32, false>(__half const*, __half const*, float*, float*, int, int, int, long, int)",11,42161150408237,42161151503506,0,25088,256,1,1,23040,1,4
"KERNEL_DISPATCH",4,2,82,"tile_fp16_reduce(float const*, float*, int, int)",12,42161151503506,42161151553284,0,0,256,1,1,184320,1,1
"KERNEL_DISPATCH",4,2,33,"void dequantize_block_iq3_s<__half>(void const*, __half*)",13,42161151586174,42161151996400,0,0,32,1,1,3686400,1,1
"KERNEL_DISPATCH",4,2,35,"void convert_unary<float, __half>(void const*, __half*, long, long, long, HIP_vector_type<unsigned int, 3u>, long, long, long)",14,42161151996400,42161152016103,0,0,256,1,1,655360,1,1
"KERNEL_DISPATCH",4,2,79,"void tile_fp16_gemm<128, 64, 4, 8, 32, false>(__half const*, __half const*, float*, float*, int, int, int, long, int)",15,42161152016103,42161153175373,0,25088,256,1,1,23040,1,4
"KERNEL_DISPATCH",4,2,82,"tile_fp16_reduce(float const*, float*, int, int)",16,42161153175373,42161153224114,0,0,256,1,1,184320,1,1
"KERNEL_DISPATCH",4,2,33,"void dequantize_block_iq3_s<__half>(void const*, __half*)",17,42161153246485,42161153656266,0,0,32,1,1,3686400,1,1
"KERNEL_DISPATCH",4,2,35,"void convert_unary<float, __half>(void const*, __half*, long, long, long, HIP_vector_type<unsigned int, 3u>, long, long, long)",18,42161153656266,42161153675822,0,0,256,1,1,655360,1,1
"KERNEL_DISPATCH",4,2,79,"void tile_fp16_gemm<128, 64, 4, 8, 32, false>(__half const*, __half const*, float*, float*, int, int, int, long, int)",19,42161153675822,42161154852870,0,25088,256,1,1,23040,1,4
"KERNEL_DISPATCH",4,2,82,"tile_fp16_reduce(float const*, float*, int, int)",20,42161154852870,42161154901759,0,0,256,1,1,184320,1,1
"KERNEL_DISPATCH",4,2,33,"void dequantize_block_iq3_s<__half>(void const*, __half*)",21,42161154924426,42161155310800,0,0,32,1,1,3686400,1,1
"KERNEL_DISPATCH",4,2,35,"void convert_unary<float, __half>(void const*, __half*, long, long, long, HIP_vector_type<unsigned int, 3u>, long, long, long)",22,42161155310800,42161155328874,0,0,256,1,1,655360,1,1
"KERNEL_DISPATCH",4,2,79,"void tile_fp16_gemm<128, 64, 4, 8, 32, false>(__half const*, __half const*, float*, float*, int, int, int, long, int)",23,42161155328874,42161156441921,0,25088,256,1,1,23040,1,4
"KERNEL_DISPATCH",4,2,82,"tile_fp16_reduce(float const*, float*, int, int)",24,42161156441921,42161156490514,0,0,256,1,1,184320,1,1
"KERNEL_DISPATCH",4,2,33,"void dequantize_block_iq3_s<__half>(void const*, __half*)",25,42161156511996,42161156921481,0,0,32,1,1,3686400,1,1
"KERNEL_DISPATCH",4,2,35,"void convert_unary<float, __half>(void const*, __half*, long, long, long, HIP_vector_type<unsigned int, 3u>, long, long, long)",26,42161156921481,42161156941185,0,0,256,1,1,655360,1,1
"KERNEL_DISPATCH",4,2,79,"void tile_fp16_gemm<128, 64, 4, 8, 32, false>(__half const*, __half const*, float*, float*, int, int, int, long, int)",27,42161156941185,42161158121640,0,25088,256,1,1,23040,1,4
"KERNEL_DISPATCH",4,2,82,"tile_fp16_reduce(float const*, float*, int, int)",28,42161158121640,42161158171567,0,0,256,1,1,184320,1,1
"KERNEL_DISPATCH",4,2,33,"void dequantize_block_iq3_s<__half>(void const*, __half*)",29,42161158195271,42161158605200,0,0,32,1,1,3686400,1,1
"KERNEL_DISPATCH",4,2,35,"void convert_unary<float, __half>(void const*, __half*, long, long, long, HIP_vector_type<unsigned int, 3u>, long, long, long)",30,42161158605200,42161158624904,0,0,256,1,1,655360,1,1
"KERNEL_DISPATCH",4,2,79,"void tile_fp16_gemm<128, 64, 4, 8, 32, false>(__half const*, __half const*, float*, float*, int, int, int, long, int)",31,42161158624904,42161159748618,0,25088,256,1,1,23040,1,4
"KERNEL_DISPATCH",4,2,82,"tile_fp16_reduce(float const*, float*, int, int)",32,42161159748618,42161159792026,0,0,256,1,1,184320,1,1
"KERNEL_DISPATCH",4,2,33,"void dequantize_block_iq3_s<__half>(void const*, __half*)",33,42161159813211,42161160171140,0,0,32,1,1,3686400,1,1
"KERNEL_DISPATCH",4,2,35,"void convert_unary<float, __half>(void const*, __half*, long, long, long, HIP_vector_type<unsigned int, 3u>, long, long, long)",34,42161160171140,42161160188326,0,0,256,1,1,655360,1,1
"KERNEL_DISPATCH",4,2,79,"void tile_fp16_gemm<128, 64, 4, 8, 32, false>(__half const*, __half const*, float*, float*, int, int, int, long, int)",35,42161160188326,42161161289373,0,25088,256,1,1,23040,1,4
"KERNEL_DISPATCH",4,2,82,"tile_fp16_reduce(float const*, float*, int, int)",36,42161161289373,42161161334114,0,0,256,1,1,184320,1,1
"KERNEL_DISPATCH",4,2,33,"void dequantize_block_iq3_s<__half>(void const*, __half*)",37,42161161354855,42161161722710,0,0,32,1,1,3686400,1,1
"KERNEL_DISPATCH",4,2,35,"void convert_unary<float, __half>(void const*, __half*, long, long, long, HIP_vector_type<unsigned int, 3u>, long, long, long)",38,42161161722710,42161161740784,0,0,256,1,1,655360,1,1
"KERNEL_DISPATCH",4,2,79,"void tile_fp16_gemm<128, 64, 4, 8, 32, false>(__half const*, __half const*, float*, float*, int, int, int, long, int)",39,42161161740784,42161162861239,0,25088,256,1,1,23040,1,4
"KERNEL_DISPATCH",4,2,82,"tile_fp16_reduce(float const*, float*, int, int)",40,42161162861239,42161162905091,0,0,256,1,1,184320,1,1
"KERNEL_DISPATCH",4,2,33,"void dequantize_block_iq3_s<__half>(void const*, __half*)",41,42161162926128,42161163336058,0,0,32,1,1,3686400,1,1
"KERNEL_DISPATCH",4,2,35,"void convert_unary<float, __half>(void const*, __half*, long, long, long, HIP_vector_type<unsigned int, 3u>, long, long, long)",42,42161163336058,42161163355614,0,0,256,1,1,655360,1,1
"KERNEL_DISPATCH",4,2,79,"void tile_fp16_gemm<128, 64, 4, 8, 32, false>(__half const*, __half const*, float*, float*, int, int, int, long, int)",43,42161163355614,42161164600218,0,25088,256,1,1,23040,1,4
"KERNEL_DISPATCH",4,2,82,"tile_fp16_reduce(float const*, float*, int, int)",44,42161164600218,42161164673848,0,0,256,1,1,184320,1,1
"KERNEL_DISPATCH",4,2,33,"void dequantize_block_iq3_s<__half>(void const*, __half*)",45,42161164699330,42161165165852,0,0,32,1,1,3686400,1,1
"KERNEL_DISPATCH",4,2,35,"void convert_unary<float, __half>(void const*, __half*, long, long, long, HIP_vector_type<unsigned int, 3u>, long, long, long)",46,42161165165852,42161165185705,0,0,256,1,1,655360,1,1
"KERNEL_DISPATCH",4,2,79,"void tile_fp16_gemm<128, 64, 4, 8, 32, false>(__half const*, __half const*, float*, float*, int, int, int, long, int)",47,42161165185705,42161166389864,0,25088,256,1,1,23040,1,4
"KERNEL_DISPATCH",4,2,82,"tile_fp16_reduce(float const*, float*, int, int)",48,42161166389864,42161166438753,0,0,256,1,1,184320,1,1
"KERNEL_DISPATCH",4,2,33,"void dequantize_block_iq3_s<__half>(void const*, __half*)",49,42161166461568,42161166870757,0,0,32,1,1,3686400,1,1
"KERNEL_DISPATCH",4,2,35,"void convert_unary<float, __half>(void const*, __half*, long, long, long, HIP_vector_type<unsigned int, 3u>, long, long, long)",50,42161166870757,42161166890609,0,0,256,1,1,655360,1,1
"KERNEL_DISPATCH",4,2,79,"void tile_fp16_gemm<128, 64, 4, 8, 32, false>(__half const*, __half const*, float*, float*, int, int, int, long, int)",51,42161166890609,42161168033582,0,25088,256,1,1,23040,1,4
"KERNEL_DISPATCH",4,2,82,"tile_fp16_reduce(float const*, float*, int, int)",52,42161168033582,42161168091805,0,0,256,1,1,184320,1,1
"KERNEL_DISPATCH",4,2,33,"void dequantize_block_iq3_s<__half>(void const*, __half*)",53,42161168114027,42161168523809,0,0,32,1,1,3686400,1,1
"KERNEL_DISPATCH",4,2,35,"void convert_unary<float, __half>(void const*, __half*, long, long, long, HIP_vector_type<unsigned int, 3u>, long, long, long)",54,42161168523809,42161168543809,0,0,256,1,1,655360,1,1
"KERNEL_DISPATCH",4,2,79,"void tile_fp16_gemm<128, 64, 4, 8, 32, false>(__half const*, __half const*, float*, float*, int, int, int, long, int)",55,42161168543809,42161169848265,0,25088,256,1,1,23040,1,4
"KERNEL_DISPATCH",4,2,82,"tile_fp16_reduce(float const*, float*, int, int)",56,42161169848265,42161169921155,0,0,256,1,1,184320,1,1
"KERNEL_DISPATCH",4,2,33,"void dequantize_block_iq3_s<__half>(void const*, __half*)",57,42161169947674,42161170382048,0,0,32,1,1,3686400,1,1
"KERNEL_DISPATCH",4,2,35,"void convert_unary<float, __half>(void const*, __half*, long, long, long, HIP_vector_type<unsigned int, 3u>, long, long, long)",58,42161170382048,42161170401752,0,0,256,1,1,655360,1,1
"KERNEL_DISPATCH",4,2,79,"void tile_fp16_gemm<128, 64, 4, 8, 32, false>(__half const*, __half const*, float*, float*, int, int, int, long, int)",59,42161170401752,42161171613763,0,25088,256,1,1,23040,1,4
"KERNEL_DISPATCH",4,2,82,"tile_fp16_reduce(float const*, float*, int, int)",60,42161171613763,42161171663245,0,0,256,1,1,184320,1,1
"KERNEL_DISPATCH",4,2,33,"void dequantize_block_iq3_s<__half>(void const*, __half*)",61,42161171685764,42161172096286,0,0,32,1,1,3686400,1,1
"KERNEL_DISPATCH",4,2,35,"void convert_unary<float, __half>(void const*, __half*, long, long, long, HIP_vector_type<unsigned int, 3u>, long, long, long)",62,42161172096286,42161172113916,0,0,256,1,1,655360,1,1
"KERNEL_DISPATCH",4,2,79,"void tile_fp16_gemm<128, 64, 4, 8, 32, false>(__half const*, __half const*, float*, float*, int, int, int, long, int)",63,42161172113916,42161173215111,0,25088,256,1,1,23040,1,4
"KERNEL_DISPATCH",4,2,82,"tile_fp16_reduce(float const*, float*, int, int)",64,42161173215111,42161173264889,0,0,256,1,1,184320,1,1
"KERNEL_DISPATCH",4,2,33,"void dequantize_block_iq3_s<__half>(void const*, __half*)",65,42161173287260,42161173697041,0,0,32,1,1,3686400,1,1
"KERNEL_DISPATCH",4,2,35,"void convert_unary<float, __half>(void const*, __half*, long, long, long, HIP_vector_type<unsigned int, 3u>, long, long, long)",66,42161173697041,42161173716597,0,0,256,1,1,655360,1,1
"KERNEL_DISPATCH",4,2,79,"void tile_fp16_gemm<128, 64, 4, 8, 32, false>(__half const*, __half const*, float*, float*, int, int, int, long, int)",67,42161173716597,42161174907422,0,25088,256,1,1,23040,1,4
"KERNEL_DISPATCH",4,2,82,"tile_fp16_reduce(float const*, float*, int, int)",68,42161174907422,42161174957201,0,0,256,1,1,184320,1,1
"KERNEL_DISPATCH",4,2,33,"void dequantize_block_iq3_s<__half>(void const*, __half*)",69,42161174979127,42161175389205,0,0,32,1,1,3686400,1,1
"KERNEL_DISPATCH",4,2,35,"void convert_unary<float, __half>(void const*, __half*, long, long, long, HIP_vector_type<unsigned int, 3u>, long, long, long)",70,42161175389205,42161175408760,0,0,256,1,1,655360,1,1
"KERNEL_DISPATCH",4,2,79,"void tile_fp16_gemm<128, 64, 4, 8, 32, false>(__half const*, __half const*, float*, float*, int, int, int, long, int)",71,42161175408760,42161176570252,0,25088,256,1,1,23040,1,4
"KERNEL_DISPATCH",4,2,82,"tile_fp16_reduce(float const*, float*, int, int)",72,42161176570252,42161176620179,0,0,256,1,1,184320,1,1
"KERNEL_DISPATCH",4,2,33,"void dequantize_block_iq3_s<__half>(void const*, __half*)",73,42161176643142,42161177050257,0,0,32,1,1,3686400,1,1
"KERNEL_DISPATCH",4,2,35,"void convert_unary<float, __half>(void const*, __half*, long, long, long, HIP_vector_type<unsigned int, 3u>, long, long, long)",74,42161177050257,42161177124924,0,0,256,1,1,655360,1,1
"KERNEL_DISPATCH",4,2,79,"void tile_fp16_gemm<128, 64, 4, 8, 32, false>(__half const*, __half const*, float*, float*, int, int, int, long, int)",75,42161177130554,42161178236490,0,25088,256,1,1,23040,1,4
"KERNEL_DISPATCH",4,2,82,"tile_fp16_reduce(float const*, float*, int, int)",76,42161178236490,42161178286120,0,0,256,1,1,184320,1,1
"KERNEL_DISPATCH",4,2,33,"void dequantize_block_iq3_s<__half>(void const*, __half*)",77,42161178307750,42161178716939,0,0,32,1,1,3686400,1,1
"KERNEL_DISPATCH",4,2,35,"void convert_unary<float, __half>(void const*, __half*, long, long, long, HIP_vector_type<unsigned int, 3u>, long, long, long)",78,42161178716939,42161178736642,0,0,256,1,1,655360,1,1
"KERNEL_DISPATCH",4,2,79,"void tile_fp16_gemm<128, 64, 4, 8, 32, false>(__half const*, __half const*, float*, float*, int, int, int, long, int)",79,42161178736642,42161179907320,0,25088,256,1,1,23040,1,4
"KERNEL_DISPATCH",4,2,82,"tile_fp16_reduce(float const*, float*, int, int)",80,42161179907320,42161179956654,0,0,256,1,1,184320,1,1
"KERNEL_DISPATCH",4,2,33,"void dequantize_block_iq3_s<__half>(void const*, __half*)",81,42161179978876,42161180388213,0,0,32,1,1,3686400,1,1
"KERNEL_DISPATCH",4,2,35,"void convert_unary<float, __half>(void const*, __half*, long, long, long, HIP_vector_type<unsigned int, 3u>, long, long, long)",82,42161180388213,42161180407917,0,0,256,1,1,655360,1,1
"KERNEL_DISPATCH",4,2,79,"void tile_fp16_gemm<128, 64, 4, 8, 32, false>(__half const*, __half const*, float*, float*, int, int, int, long, int)",83,42161180407917,42161181714003,0,25088,256,1,1,23040,1,4
"KERNEL_DISPATCH",4,2,82,"tile_fp16_reduce(float const*, float*, int, int)",84,42161181714003,42161181786744,0,0,256,1,1,184320,1,1
"KERNEL_DISPATCH",4,2,33,"void dequantize_block_iq3_s<__half>(void const*, __half*)",85,42161181813411,42161182265267,0,0,32,1,1,3686400,1,1
"KERNEL_DISPATCH",4,2,35,"void convert_unary<float, __half>(void const*, __half*, long, long, long, HIP_vector_type<unsigned int, 3u>, long, long, long)",86,42161182265267,42161182284971,0,0,256,1,1,655360,1,1
"KERNEL_DISPATCH",4,2,79,"void tile_fp16_gemm<128, 64, 4, 8, 32, false>(__half const*, __half const*, float*, float*, int, int, int, long, int)",87,42161182284971,42161183427944,0,25088,256,1,1,23040,1,4
"KERNEL_DISPATCH",4,2,82,"tile_fp16_reduce(float const*, float*, int, int)",88,42161183427944,42161183477426,0,0,256,1,1,184320,1,1
"KERNEL_DISPATCH",4,2,33,"void dequantize_block_iq3_s<__half>(void const*, __half*)",89,42161183499797,42161183909430,0,0,32,1,1,3686400,1,1
"KERNEL_DISPATCH",4,2,35,"void convert_unary<float, __half>(void const*, __half*, long, long, long, HIP_vector_type<unsigned int, 3u>, long, long, long)",90,42161183909430,42161183929134,0,0,256,1,1,655360,1,1
"KERNEL_DISPATCH",4,2,79,"void tile_fp16_gemm<128, 64, 4, 8, 32, false>(__half const*, __half const*, float*, float*, int, int, int, long, int)",91,42161183929134,42161185122626,0,25088,256,1,1,23040,1,4
"KERNEL_DISPATCH",4,2,82,"tile_fp16_reduce(float const*, float*, int, int)",92,42161185122626,42161185172553,0,0,256,1,1,184320,1,1
"KERNEL_DISPATCH",4,2,33,"void dequantize_block_iq3_s<__half>(void const*, __half*)",93,42161185194923,42161185604409,0,0,32,1,1,3686400,1,1
"KERNEL_DISPATCH",4,2,35,"void convert_unary<float, __half>(void const*, __half*, long, long, long, HIP_vector_type<unsigned int, 3u>, long, long, long)",94,42161185604409,42161185623964,0,0,256,1,1,655360,1,1
"KERNEL_DISPATCH",4,2,79,"void tile_fp16_gemm<128, 64, 4, 8, 32, false>(__half const*, __half const*, float*, float*, int, int, int, long, int)",95,42161185623964,42161186763086,0,25088,256,1,1,23040,1,4
"KERNEL_DISPATCH",4,2,82,"tile_fp16_reduce(float const*, float*, int, int)",96,42161186763086,42161186806494,0,0,256,1,1,184320,1,1
"KERNEL_DISPATCH",4,2,33,"void dequantize_block_iq3_s<__half>(void const*, __half*)",97,42161186827234,42161187183830,0,0,32,1,1,3686400,1,1
"KERNEL_DISPATCH",4,2,35,"void convert_unary<float, __half>(void const*, __half*, long, long, long, HIP_vector_type<unsigned int, 3u>, long, long, long)",98,42161187183830,42161187201016,0,0,256,1,1,655360,1,1
"KERNEL_DISPATCH",4,2,79,"void tile_fp16_gemm<128, 64, 4, 8, 32, false>(__half const*, __half const*, float*, float*, int, int, int, long, int)",99,42161187201016,42161188310507,0,25088,256,1,1,23040,1,4
"KERNEL_DISPATCH",4,2,82,"tile_fp16_reduce(float const*, float*, int, int)",100,42161188310507,42161188354952,0,0,256,1,1,184320,1,1
"KERNEL_DISPATCH",4,2,33,"void dequantize_block_iq3_s<__half>(void const*, __half*)",101,42161188375693,42161188743104,0,0,32,1,1,3686400,1,1
"KERNEL_DISPATCH",4,2,35,"void convert_unary<float, __half>(void const*, __half*, long, long, long, HIP_vector_type<unsigned int, 3u>, long, long, long)",102,42161188743104,42161188760734,0,0,256,1,1,655360,1,1
"KERNEL_DISPATCH",4,2,79,"void tile_fp16_gemm<128, 64, 4, 8, 32, false>(__half const*, __half const*, float*, float*, int, int, int, long, int)",103,42161188760734,42161189899855,0,25088,256,1,1,23040,1,4
"KERNEL_DISPATCH",4,2,82,"tile_fp16_reduce(float const*, float*, int, int)",104,42161189899855,42161189949485,0,0,256,1,1,184320,1,1
"KERNEL_DISPATCH",4,2,33,"void dequantize_block_iq3_s<__half>(void const*, __half*)",105,42161189971856,42161190436749,0,0,32,1,1,3686400,1,1
"KERNEL_DISPATCH",4,2,35,"void convert_unary<float, __half>(void const*, __half*, long, long, long, HIP_vector_type<unsigned int, 3u>, long, long, long)",106,42161190436749,42161190464156,0,0,256,1,1,655360,1,1
"KERNEL_DISPATCH",4,2,79,"void tile_fp16_gemm<128, 64, 4, 8, 32, false>(__half const*, __half const*, float*, float*, int, int, int, long, int)",107,42161190464156,42161191767576,0,25088,256,1,1,23040,1,4
"KERNEL_DISPATCH",4,2,82,"tile_fp16_reduce(float const*, float*, int, int)",108,42161191767576,42161191817058,0,0,256,1,1,184320,1,1
"KERNEL_DISPATCH",4,2,33,"void dequantize_block_iq3_s<__half>(void const*, __half*)",109,42161191839132,42161192233654,0,0,32,1,1,3686400,1,1
"KERNEL_DISPATCH",4,2,35,"void convert_unary<float, __half>(void const*, __half*, long, long, long, HIP_vector_type<unsigned int, 3u>, long, long, long)",110,42161192233654,42161192251284,0,0,256,1,1,655360,1,1
"KERNEL_DISPATCH",4,2,79,"void tile_fp16_gemm<128, 64, 4, 8, 32, false>(__half const*, __half const*, float*, float*, int, int, int, long, int)",111,42161192251284,42161193340034,0,25088,256,1,1,23040,1,4
"KERNEL_DISPATCH",4,2,82,"tile_fp16_reduce(float const*, float*, int, int)",112,42161193340034,42161193389516,0,0,256,1,1,184320,1,1
"KERNEL_DISPATCH",4,2,33,"void dequantize_block_iq3_s<__half>(void const*, __half*)",113,42161193437072,42161193846558,0,0,32,1,1,3686400,1,1
"KERNEL_DISPATCH",4,2,35,"void convert_unary<float, __half>(void const*, __half*, long, long, long, HIP_vector_type<unsigned int, 3u>, long, long, long)",114,42161193846558,42161193866113,0,0,256,1,1,655360,1,1
"KERNEL_DISPATCH",4,2,79,"void tile_fp16_gemm<128, 64, 4, 8, 32, false>(__half const*, __half const*, float*, float*, int, int, int, long, int)",115,42161193866113,42161195017235,0,25088,256,1,1,23040,1,4
"KERNEL_DISPATCH",4,2,82,"tile_fp16_reduce(float const*, float*, int, int)",116,42161195017235,42161195088198,0,0,256,1,1,184320,1,1
"KERNEL_DISPATCH",4,2,33,"void dequantize_block_iq3_s<__half>(void const*, __half*)",117,42161195113976,42161195584647,0,0,32,1,1,3686400,1,1
"KERNEL_DISPATCH",4,2,35,"void convert_unary<float, __half>(void const*, __half*, long, long, long, HIP_vector_type<unsigned int, 3u>, long, long, long)",118,42161195584647,42161195611314,0,0,256,1,1,655360,1,1
"KERNEL_DISPATCH",4,2,79,"void tile_fp16_gemm<128, 64, 4, 8, 32, false>(__half const*, __half const*, float*, float*, int, int, int, long, int)",119,42161195611314,42161196893548,0,25088,256,1,1,23040,1,4
"KERNEL_DISPATCH",4,2,82,"tile_fp16_reduce(float const*, float*, int, int)",120,42161196893548,42161196944660,0,0,256,1,1,184320,1,1
"KERNEL_DISPATCH",4,2,33,"void dequantize_block_iq3_s<__half>(void const*, __half*)",121,42161196967030,42161197348071,0,0,32,1,1,3686400,1,1
"KERNEL_DISPATCH",4,2,35,"void convert_unary<float, __half>(void const*, __half*, long, long, long, HIP_vector_type<unsigned int, 3u>, long, long, long)",122,42161197348071,42161197365849,0,0,256,1,1,655360,1,1
"KERNEL_DISPATCH",4,2,79,"void tile_fp16_gemm<128, 64, 4, 8, 32, false>(__half const*, __half const*, float*, float*, int, int, int, long, int)",123,42161197365849,42161198475637,0,25088,256,1,1,23040,1,4
"KERNEL_DISPATCH",4,2,82,"tile_fp16_reduce(float const*, float*, int, int)",124,42161198475637,42161198524674,0,0,256,1,1,184320,1,1
"KERNEL_DISPATCH",4,2,33,"void dequantize_block_iq3_s<__half>(void const*, __half*)",125,42161198546600,42161198955937,0,0,32,1,1,3686400,1,1
"KERNEL_DISPATCH",4,2,35,"void convert_unary<float, __half>(void const*, __half*, long, long, long, HIP_vector_type<unsigned int, 3u>, long, long, long)",126,42161198955937,42161198975641,0,0,256,1,1,655360,1,1
"KERNEL_DISPATCH",4,2,79,"void tile_fp16_gemm<128, 64, 4, 8, 32, false>(__half const*, __half const*, float*, float*, int, int, int, long, int)",127,42161198975641,42161200153133,0,25088,256,1,1,23040,1,4
"KERNEL_DISPATCH",4,2,82,"tile_fp16_reduce(float const*, float*, int, int)",128,42161200153133,42161200226023,0,0,256,1,1,184320,1,1
"KERNEL_DISPATCH",4,2,33,"void dequantize_block_iq3_s<__half>(void const*, __half*)",129,42161200251505,42161200722027,0,0,32,1,1,3686400,1,1
"KERNEL_DISPATCH",4,2,35,"void convert_unary<float, __half>(void const*, __half*, long, long, long, HIP_vector_type<unsigned int, 3u>, long, long, long)",130,42161200722027,42161200749435,0,0,256,1,1,655360,1,1
"KERNEL_DISPATCH",4,2,79,"void tile_fp16_gemm<128, 64, 4, 8, 32, false>(__half const*, __half const*, float*, float*, int, int, int, long, int)",131,42161200749435,42161201958928,0,25088,256,1,1,23040,1,4
"KERNEL_DISPATCH",4,2,82,"tile_fp16_reduce(float const*, float*, int, int)",132,42161201958928,42161202009447,0,0,256,1,1,184320,1,1
"KERNEL_DISPATCH",4,2,33,"void dequantize_block_iq3_s<__half>(void const*, __half*)",133,42161202033743,42161202509747,0,0,32,1,1,3686400,1,1
"KERNEL_DISPATCH",4,2,35,"void convert_unary<float, __half>(void const*, __half*, long, long, long, HIP_vector_type<unsigned int, 3u>, long, long, long)",134,42161202509747,42161202536414,0,0,256,1,1,655360,1,1
"KERNEL_DISPATCH",4,2,79,"void tile_fp16_gemm<128, 64, 4, 8, 32, false>(__half const*, __half const*, float*, float*, int, int, int, long, int)",135,42161202536414,42161203822648,0,25088,256,1,1,23040,1,4
"KERNEL_DISPATCH",4,2,82,"tile_fp16_reduce(float const*, float*, int, int)",136,42161203822648,42161203872278,0,0,256,1,1,184320,1,1
"KERNEL_DISPATCH",4,2,33,"void dequantize_block_iq3_s<__half>(void const*, __half*)",137,42161203894945,42161204284282,0,0,32,1,1,3686400,1,1
"KERNEL_DISPATCH",4,2,35,"void convert_unary<float, __half>(void const*, __half*, long, long, long, HIP_vector_type<unsigned int, 3u>, long, long, long)",138,42161204284282,42161204302208,0,0,256,1,1,655360,1,1
"KERNEL_DISPATCH",4,2,79,"void tile_fp16_gemm<128, 64, 4, 8, 32, false>(__half const*, __half const*, float*, float*, int, int, int, long, int)",139,42161204302208,42161205411551,0,25088,256,1,1,23040,1,4
"KERNEL_DISPATCH",4,2,82,"tile_fp16_reduce(float const*, float*, int, int)",140,42161205411551,42161205460441,0,0,256,1,1,184320,1,1
"KERNEL_DISPATCH",4,2,33,"void dequantize_block_iq3_s<__half>(void const*, __half*)",141,42161205482515,42161205893037,0,0,32,1,1,3686400,1,1
"KERNEL_DISPATCH",4,2,35,"void convert_unary<float, __half>(void const*, __half*, long, long, long, HIP_vector_type<unsigned int, 3u>, long, long, long)",142,42161205893037,42161205912889,0,0,256,1,1,655360,1,1
"KERNEL_DISPATCH",4,2,79,"void tile_fp16_gemm<128, 64, 4, 8, 32, false>(__half const*, __half const*, float*, float*, int, int, int, long, int)",143,42161205912992,42161207101003,0,25088,256,1,1,23040,1,4
"KERNEL_DISPATCH",4,2,82,"tile_fp16_reduce(float const*, float*, int, int)",144,42161207101003,42161207216707,0,0,256,1,1,184320,1,1
"KERNEL_DISPATCH",4,2,33,"void dequantize_block_iq3_s<__half>(void const*, __half*)",145,42161207243522,42161207713896,0,0,32,1,1,3686400,1,1
"KERNEL_DISPATCH",4,2,35,"void convert_unary<float, __half>(void const*, __half*, long, long, long, HIP_vector_type<unsigned int, 3u>, long, long, long)",146,42161207713896,42161207741156,0,0,256,1,1,655360,1,1
"KERNEL_DISPATCH",4,2,79,"void tile_fp16_gemm<128, 64, 4, 8, 32, false>(__half const*, __half const*, float*, float*, int, int, int, long, int)",147,42161207741156,42161208936130,0,25088,256,1,1,23040,1,4
"KERNEL_DISPATCH",4,2,82,"tile_fp16_reduce(float const*, float*, int, int)",148,42161208936130,42161208985760,0,0,256,1,1,184320,1,1
"KERNEL_DISPATCH",4,2,33,"void dequantize_block_iq3_s<__half>(void const*, __half*)",149,42161209009316,42161209486653,0,0,32,1,1,3686400,1,1
"KERNEL_DISPATCH",4,2,35,"void convert_unary<float, __half>(void const*, __half*, long, long, long, HIP_vector_type<unsigned int, 3u>, long, long, long)",150,42161209486653,42161209513172,0,0,256,1,1,655360,1,1
"KERNEL_DISPATCH",4,2,79,"void tile_fp16_gemm<128, 64, 4, 8, 32, false>(__half const*, __half const*, float*, float*, int, int, int, long, int)",151,42161209513172,42161210811110,0,25088,256,1,1,23040,1,4
"KERNEL_DISPATCH",4,2,82,"tile_fp16_reduce(float const*, float*, int, int)",152,42161210811110,42161210861332,0,0,256,1,1,184320,1,1
"KERNEL_DISPATCH",4,2,33,"void dequantize_block_iq3_s<__half>(void const*, __half*)",153,42161210883555,42161211273040,0,0,32,1,1,3686400,1,1
"KERNEL_DISPATCH",4,2,35,"void convert_unary<float, __half>(void const*, __half*, long, long, long, HIP_vector_type<unsigned int, 3u>, long, long, long)",154,42161211273040,42161211290522,0,0,256,1,1,655360,1,1
"KERNEL_DISPATCH",4,2,79,"void tile_fp16_gemm<128, 64, 4, 8, 32, false>(__half const*, __half const*, float*, float*, int, int, int, long, int)",155,42161211290522,42161212396754,0,25088,256,1,1,23040,1,4
"KERNEL_DISPATCH",4,2,82,"tile_fp16_reduce(float const*, float*, int, int)",156,42161212396754,42161212446236,0,0,256,1,1,184320,1,1
"KERNEL_DISPATCH",4,2,33,"void dequantize_block_iq3_s<__half>(void const*, __half*)",157,42161212469199,42161212878684,0,0,32,1,1,3686400,1,1
"KERNEL_DISPATCH",4,2,35,"void convert_unary<float, __half>(void const*, __half*, long, long, long, HIP_vector_type<unsigned int, 3u>, long, long, long)",158,42161212878684,42161212898240,0,0,256,1,1,655360,1,1
"KERNEL_DISPATCH",4,2,79,"void tile_fp16_gemm<128, 64, 4, 8, 32, false>(__half const*, __half const*, float*, float*, int, int, int, long, int)",159,42161212898240,42161214054843,0,25088,256,1,1,23040,1,4
"KERNEL_DISPATCH",4,2,82,"tile_fp16_reduce(float const*, float*, int, int)",160,42161214054843,42161214177511,0,0,256,1,1,184320,1,1
"KERNEL_DISPATCH",4,2,33,"void dequantize_block_iq3_s<__half>(void const*, __half*)",161,42161214204178,42161214674701,0,0,32,1,1,3686400,1,1
"KERNEL_DISPATCH",4,2,35,"void convert_unary<float, __half>(void const*, __half*, long, long, long, HIP_vector_type<unsigned int, 3u>, long, long, long)",162,42161214674701,42161214701960,0,0,256,1,1,655360,1,1
"KERNEL_DISPATCH",4,2,79,"void tile_fp16_gemm<128, 64, 4, 8, 32, false>(__half const*, __half const*, float*, float*, int, int, int, long, int)",163,42161214701960,42161215935453,0,25088,256,1,1,23040,1,4
"KERNEL_DISPATCH",4,2,82,"tile_fp16_reduce(float const*, float*, int, int)",164,42161215935453,42161215985824,0,0,256,1,1,184320,1,1
"KERNEL_DISPATCH",4,2,33,"void dequantize_block_iq3_s<__half>(void const*, __half*)",165,42161216009824,42161216487902,0,0,32,1,1,3686400,1,1
"KERNEL_DISPATCH",4,2,35,"void convert_unary<float, __half>(void const*, __half*, long, long, long, HIP_vector_type<unsigned int, 3u>, long, long, long)",166,42161216487902,42161216514421,0,0,256,1,1,655360,1,1
"KERNEL_DISPATCH",4,2,79,"void tile_fp16_gemm<128, 64, 4, 8, 32, false>(__half const*, __half const*, float*, float*, int, int, int, long, int)",167,42161216514421,42161217818729,0,25088,256,1,1,23040,1,4
"KERNEL_DISPATCH",4,2,82,"tile_fp16_reduce(float const*, float*, int, int)",168,42161217818729,42161217869396,0,0,256,1,1,184320,1,1
"KERNEL_DISPATCH",4,2,33,"void dequantize_block_iq3_s<__half>(void const*, __half*)",169,42161217893100,42161218282585,0,0,32,1,1,3686400,1,1
"KERNEL_DISPATCH",4,2,35,"void convert_unary<float, __half>(void const*, __half*, long, long, long, HIP_vector_type<unsigned int, 3u>, long, long, long)",170,42161218282585,42161218300511,0,0,256,1,1,655360,1,1
"KERNEL_DISPATCH",4,2,79,"void tile_fp16_gemm<128, 64, 4, 8, 32, false>(__half const*, __half const*, float*, float*, int, int, int, long, int)",171,42161218300511,42161219386151,0,25088,256,1,1,23040,1,4
"KERNEL_DISPATCH",4,2,82,"tile_fp16_reduce(float const*, float*, int, int)",172,42161219386151,42161219435929,0,0,256,1,1,184320,1,1
"KERNEL_DISPATCH",4,2,33,"void dequantize_block_iq3_s<__half>(void const*, __half*)",173,42161219458744,42161219868377,0,0,32,1,1,3686400,1,1
"KERNEL_DISPATCH",4,2,35,"void convert_unary<float, __half>(void const*, __half*, long, long, long, HIP_vector_type<unsigned int, 3u>, long, long, long)",174,42161219868377,42161219948674,0,0,256,1,1,655360,1,1
"KERNEL_DISPATCH",4,2,79,"void tile_fp16_gemm<128, 64, 4, 8, 32, false>(__half const*, __half const*, float*, float*, int, int, int, long, int)",175,42161219954600,42161221141722,0,25088,256,1,1,23040,1,4
"KERNEL_DISPATCH",4,2,82,"tile_fp16_reduce(float const*, float*, int, int)",176,42161221141722,42161221215204,0,0,256,1,1,184320,1,1
"KERNEL_DISPATCH",4,2,33,"void dequantize_block_iq3_s<__half>(void const*, __half*)",177,42161221240834,42161221711357,0,0,32,1,1,3686400,1,1
"KERNEL_DISPATCH",4,2,35,"void convert_unary<float, __half>(void const*, __half*, long, long, long, HIP_vector_type<unsigned int, 3u>, long, long, long)",178,42161221711357,42161221737728,0,0,256,1,1,655360,1,1
"KERNEL_DISPATCH",4,2,79,"void tile_fp16_gemm<128, 64, 4, 8, 32, false>(__half const*, __half const*, float*, float*, int, int, int, long, int)",179,42161221737728,42161223004702,0,25088,256,1,1,23040,1,4
"KERNEL_DISPATCH",4,2,82,"tile_fp16_reduce(float const*, float*, int, int)",180,42161223004702,42161223069592,0,0,256,1,1,184320,1,1
"KERNEL_DISPATCH",4,2,33,"void dequantize_block_iq3_s<__half>(void const*, __half*)",181,42161223095073,42161223565448,0,0,32,1,1,3686400,1,1
"KERNEL_DISPATCH",4,2,35,"void convert_unary<float, __half>(void const*, __half*, long, long, long, HIP_vector_type<unsigned int, 3u>, long, long, long)",182,42161223565448,42161223592115,0,0,256,1,1,655360,1,1
"KERNEL_DISPATCH",4,2,79,"void tile_fp16_gemm<128, 64, 4, 8, 32, false>(__half const*, __half const*, float*, float*, int, int, int, long, int)",183,42161223592115,42161224843238,0,25088,256,1,1,23040,1,4
"KERNEL_DISPATCH",4,2,82,"tile_fp16_reduce(float const*, float*, int, int)",184,42161224843238,42161224893905,0,0,256,1,1,184320,1,1
"KERNEL_DISPATCH",4,2,33,"void dequantize_block_iq3_s<__half>(void const*, __half*)",185,42161224916423,42161225325909,0,0,32,1,1,3686400,1,1
"KERNEL_DISPATCH",4,2,35,"void convert_unary<float, __half>(void const*, __half*, long, long, long, HIP_vector_type<unsigned int, 3u>, long, long, long)",186,42161225325909,42161225345612,0,0,256,1,1,655360,1,1
"KERNEL_DISPATCH",4,2,79,"void tile_fp16_gemm<128, 64, 4, 8, 32, false>(__half const*, __half const*, float*, float*, int, int, int, long, int)",187,42161225345612,42161226533179,0,25088,256,1,1,23040,1,4
"KERNEL_DISPATCH",4,2,82,"tile_fp16_reduce(float const*, float*, int, int)",188,42161226533179,42161226582068,0,0,256,1,1,184320,1,1
"KERNEL_DISPATCH",4,2,33,"void dequantize_block_iq3_s<__half>(void const*, __half*)",189,42161226604439,42161227014368,0,0,32,1,1,3686400,1,1
"KERNEL_DISPATCH",4,2,35,"void convert_unary<float, __half>(void const*, __half*, long, long, long, HIP_vector_type<unsigned int, 3u>, long, long, long)",190,42161227014368,42161227033628,0,0,256,1,1,655360,1,1
"KERNEL_DISPATCH",4,2,79,"void tile_fp16_gemm<128, 64, 4, 8, 32, false>(__half const*, __half const*, float*, float*, int, int, int, long, int)",191,42161227033628,42161228123564,0,25088,256,1,1,23040,1,4
"KERNEL_DISPATCH",4,2,82,"tile_fp16_reduce(float const*, float*, int, int)",192,42161228123564,42161228173194,0,0,256,1,1,184320,1,1
"KERNEL_DISPATCH",4,2,33,"void dequantize_block_iq3_s<__half>(void const*, __half*)",193,42161228195268,42161228604753,0,0,32,1,1,3686400,1,1
"KERNEL_DISPATCH",4,2,35,"void convert_unary<float, __half>(void const*, __half*, long, long, long, HIP_vector_type<unsigned int, 3u>, long, long, long)",194,42161228604753,42161228624902,0,0,256,1,1,655360,1,1
"KERNEL_DISPATCH",4,2,79,"void tile_fp16_gemm<128, 64, 4, 8, 32, false>(__half const*, __half const*, float*, float*, int, int, int, long, int)",195,42161228624902,42161229795134,0,25088,256,1,1,23040,1,4
"KERNEL_DISPATCH",4,2,82,"tile_fp16_reduce(float const*, float*, int, int)",196,42161229795134,42161229843283,0,0,256,1,1,184320,1,1
"KERNEL_DISPATCH",4,2,33,"void dequantize_block_iq3_s<__half>(void const*, __half*)",197,42161229865654,42161230257953,0,0,32,1,1,3686400,1,1
"KERNEL_DISPATCH",4,2,35,"void convert_unary<float, __half>(void const*, __half*, long, long, long, HIP_vector_type<unsigned int, 3u>, long, long, long)",198,42161230257953,42161230276028,0,0,256,1,1,655360,1,1
"KERNEL_DISPATCH",4,2,79,"void tile_fp16_gemm<128, 64, 4, 8, 32, false>(__half const*, __half const*, float*, float*, int, int, int, long, int)",199,42161230276028,42161231382704,0,25088,256,1,1,23040,1,4
"KERNEL_DISPATCH",4,2,82,"tile_fp16_reduce(float const*, float*, int, int)",200,42161231382704,42161231432927,0,0,256,1,1,184320,1,1
"KERNEL_DISPATCH",4,2,33,"void dequantize_block_iq3_s<__half>(void const*, __half*)",201,42161231454557,42161231864190,0,0,32,1,1,3686400,1,1
"KERNEL_DISPATCH",4,2,35,"void convert_unary<float, __half>(void const*, __half*, long, long, long, HIP_vector_type<unsigned int, 3u>, long, long, long)",202,42161231864190,42161231883746,0,0,256,1,1,655360,1,1
"KERNEL_DISPATCH",4,2,79,"void tile_fp16_gemm<128, 64, 4, 8, 32, false>(__half const*, __half const*, float*, float*, int, int, int, long, int)",203,42161231883746,42161233143313,0,25088,256,1,1,23040,1,4
"KERNEL_DISPATCH",4,2,82,"tile_fp16_reduce(float const*, float*, int, int)",204,42161233143313,42161233216351,0,0,256,1,1,184320,1,1
"KERNEL_DISPATCH",4,2,33,"void dequantize_block_iq3_s<__half>(void const*, __half*)",205,42161233242425,42161233712948,0,0,32,1,1,3686400,1,1
"KERNEL_DISPATCH",4,2,35,"void convert_unary<float, __half>(void const*, __half*, long, long, long, HIP_vector_type<unsigned int, 3u>, long, long, long)",206,42161233712948,42161233739763,0,0,256,1,1,655360,1,1
"KERNEL_DISPATCH",4,2,79,"void tile_fp16_gemm<128, 64, 4, 8, 32, false>(__half const*, __half const*, float*, float*, int, int, int, long, int)",207,42161233739763,42161234972219,0,25088,256,1,1,23040,1,4
"KERNEL_DISPATCH",4,2,82,"tile_fp16_reduce(float const*, float*, int, int)",208,42161234972219,42161235022738,0,0,256,1,1,184320,1,1
"KERNEL_DISPATCH",4,2,33,"void dequantize_block_iq3_s<__half>(void const*, __half*)",209,42161235046738,42161235522742,0,0,32,1,1,3686400,1,1
"KERNEL_DISPATCH",4,2,35,"void convert_unary<float, __half>(void const*, __half*, long, long, long, HIP_vector_type<unsigned int, 3u>, long, long, long)",210,42161235522742,42161235549557,0,0,256,1,1,655360,1,1
"KERNEL_DISPATCH",4,2,79,"void tile_fp16_gemm<128, 64, 4, 8, 32, false>(__half const*, __half const*, float*, float*, int, int, int, long, int)",211,42161235549557,42161236789420,0,25088,256,1,1,23040,1,4
"KERNEL_DISPATCH",4,2,82,"tile_fp16_reduce(float const*, float*, int, int)",212,42161236789420,42161236840828,0,0,256,1,1,184320,1,1
"KERNEL_DISPATCH",4,2,33,"void dequantize_block_iq3_s<__half>(void const*, __half*)",213,42161236863495,42161237255202,0,0,32,1,1,3686400,1,1
"KERNEL_DISPATCH",4,2,35,"void convert_unary<float, __half>(void const*, __half*, long, long, long, HIP_vector_type<unsigned int, 3u>, long, long, long)",214,42161237255202,42161237273128,0,0,256,1,1,655360,1,1
"KERNEL_DISPATCH",4,2,79,"void tile_fp16_gemm<128, 64, 4, 8, 32, false>(__half const*, __half const*, float*, float*, int, int, int, long, int)",215,42161237273128,42161238370916,0,25088,256,1,1,23040,1,4
"KERNEL_DISPATCH",4,2,82,"tile_fp16_reduce(float const*, float*, int, int)",216,42161238370916,42161238420843,0,0,256,1,1,184320,1,1
"KERNEL_DISPATCH",4,2,33,"void dequantize_block_iq3_s<__half>(void const*, __half*)",217,42161238442917,42161238853143,0,0,32,1,1,3686400,1,1
"KERNEL_DISPATCH",4,2,35,"void convert_unary<float, __half>(void const*, __half*, long, long, long, HIP_vector_type<unsigned int, 3u>, long, long, long)",218,42161238853143,42161238873587,0,0,256,1,1,655360,1,1
"KERNEL_DISPATCH",4,2,79,"void tile_fp16_gemm<128, 64, 4, 8, 32, false>(__half const*, __half const*, float*, float*, int, int, int, long, int)",219,42161238873587,42161240055969,0,25088,256,1,1,23040,1,4
"KERNEL_DISPATCH",4,2,82,"tile_fp16_reduce(float const*, float*, int, int)",220,42161240055969,42161240133747,0,0,256,1,1,184320,1,1
"KERNEL_DISPATCH",4,2,33,"void dequantize_block_iq3_s<__half>(void const*, __half*)",221,42161240159081,42161240629752,0,0,32,1,1,3686400,1,1
"KERNEL_DISPATCH",4,2,35,"void convert_unary<float, __half>(void const*, __half*, long, long, long, HIP_vector_type<unsigned int, 3u>, long, long, long)",222,42161240629752,42161240657011,0,0,256,1,1,655360,1,1
"KERNEL_DISPATCH",4,2,79,"void tile_fp16_gemm<128, 64, 4, 8, 32, false>(__half const*, __half const*, float*, float*, int, int, int, long, int)",223,42161240657011,42161241884726,0,25088,256,1,1,23040,1,4
"KERNEL_DISPATCH",4,2,82,"tile_fp16_reduce(float const*, float*, int, int)",224,42161241884726,42161241934949,0,0,256,1,1,184320,1,1
"KERNEL_DISPATCH",4,2,33,"void dequantize_block_iq3_s<__half>(void const*, __half*)",225,42161241957023,42161242366656,0,0,32,1,1,3686400,1,1
"KERNEL_DISPATCH",4,2,35,"void convert_unary<float, __half>(void const*, __half*, long, long, long, HIP_vector_type<unsigned int, 3u>, long, long, long)",226,42161242366656,42161242386212,0,0,256,1,1,655360,1,1
"KERNEL_DISPATCH",4,2,79,"void tile_fp16_gemm<128, 64, 4, 8, 32, false>(__half const*, __half const*, float*, float*, int, int, int, long, int)",227,42161242386212,42161243725928,0,25088,256,1,1,23040,1,4
"KERNEL_DISPATCH",4,2,82,"tile_fp16_reduce(float const*, float*, int, int)",228,42161243725928,42161243799262,0,0,256,1,1,184320,1,1
"KERNEL_DISPATCH",4,2,33,"void dequantize_block_iq3_s<__half>(void const*, __half*)",229,42161243824892,42161244275266,0,0,32,1,1,3686400,1,1
"KERNEL_DISPATCH",4,2,35,"void convert_unary<float, __half>(void const*, __half*, long, long, long, HIP_vector_type<unsigned int, 3u>, long, long, long)",230,42161244275266,42161244294970,0,0,256,1,1,655360,1,1
"KERNEL_DISPATCH",4,2,79,"void tile_fp16_gemm<128, 64, 4, 8, 32, false>(__half const*, __half const*, float*, float*, int, int, int, long, int)",231,42161244294970,42161245419425,0,25088,256,1,1,23040,1,4
"KERNEL_DISPATCH",4,2,82,"tile_fp16_reduce(float const*, float*, int, int)",232,42161245419425,42161245469647,0,0,256,1,1,184320,1,1
"KERNEL_DISPATCH",4,2,33,"void dequantize_block_iq3_s<__half>(void const*, __half*)",233,42161245492018,42161245901800,0,0,32,1,1,3686400,1,1
"KERNEL_DISPATCH",4,2,35,"void convert_unary<float, __half>(void const*, __half*, long, long, long, HIP_vector_type<unsigned int, 3u>, long, long, long)",234,42161245901800,42161245921652,0,0,256,1,1,655360,1,1
"KERNEL_DISPATCH",4,2,79,"void tile_fp16_gemm<128, 64, 4, 8, 32, false>(__half const*, __half const*, float*, float*, int, int, int, long, int)",235,42161245921652,42161247062995,0,25088,256,1,1,23040,1,4
"KERNEL_DISPATCH",4,2,82,"tile_fp16_reduce(float const*, float*, int, int)",236,42161247062995,42161247112922,0,0,256,1,1,184320,1,1
"KERNEL_DISPATCH",4,2,33,"void dequantize_block_iq3_s<__half>(void const*, __half*)",237,42161247134996,42161247544926,0,0,32,1,1,3686400,1,1
"KERNEL_DISPATCH",4,2,35,"void convert_unary<float, __half>(void const*, __half*, long, long, long, HIP_vector_type<unsigned int, 3u>, long, long, long)",238,42161247544926,42161247564481,0,0,256,1,1,655360,1,1
"KERNEL_DISPATCH",4,2,79,"void tile_fp16_gemm<128, 64, 4, 8, 32, false>(__half const*, __half const*, float*, float*, int, int, int, long, int)",239,42161247564481,42161248729677,0,25088,256,1,1,23040,1,4
"KERNEL_DISPATCH",4,2,82,"tile_fp16_reduce(float const*, float*, int, int)",240,42161248729677,42161248779011,0,0,256,1,1,184320,1,1
"KERNEL_DISPATCH",4,2,33,"void dequantize_block_iq3_s<__half>(void const*, __half*)",241,42161248801826,42161249200348,0,0,32,1,1,3686400,1,1
"KERNEL_DISPATCH",4,2,35,"void convert_unary<float, __half>(void const*, __half*, long, long, long, HIP_vector_type<unsigned int, 3u>, long, long, long)",242,42161249200348,42161249218126,0,0,256,1,1,655360,1,1
"KERNEL_DISPATCH",4,2,79,"void tile_fp16_gemm<128, 64, 4, 8, 32, false>(__half const*, __half const*, float*, float*, int, int, int, long, int)",243,42161249218126,42161250310580,0,25088,256,1,1,23040,1,4
"KERNEL_DISPATCH",4,2,82,"tile_fp16_reduce(float const*, float*, int, int)",244,42161250310580,42161250360507,0,0,256,1,1,184320,1,1
"KERNEL_DISPATCH",4,2,33,"void dequantize_block_iq3_s<__half>(void const*, __half*)",245,42161250382433,42161250792066,0,0,32,1,1,3686400,1,1
"KERNEL_DISPATCH",4,2,35,"void convert_unary<float, __half>(void const*, __half*, long, long, long, HIP_vector_type<unsigned int, 3u>, long, long, long)",246,42161250792066,42161250811622,0,0,256,1,1,655360,1,1
"KERNEL_DISPATCH",4,2,79,"void tile_fp16_gemm<128, 64, 4, 8, 32, false>(__half const*, __half const*, float*, float*, int, int, int, long, int)",247,42161250811622,42161251993707,0,25088,256,1,1,23040,1,4
"KERNEL_DISPATCH",4,2,82,"tile_fp16_reduce(float const*, float*, int, int)",248,42161251993707,42161252043781,0,0,256,1,1,184320,1,1
"KERNEL_DISPATCH",4,2,33,"void dequantize_block_iq3_s<__half>(void const*, __half*)",249,42161252075337,42161252545564,0,0,32,1,1,3686400,1,1
"KERNEL_DISPATCH",4,2,35,"void convert_unary<float, __half>(void const*, __half*, long, long, long, HIP_vector_type<unsigned int, 3u>, long, long, long)",250,42161252545564,42161252572231,0,0,256,1,1,655360,1,1
"KERNEL_DISPATCH",4,2,79,"void tile_fp16_gemm<128, 64, 4, 8, 32, false>(__half const*, __half const*, float*, float*, int, int, int, long, int)",251,42161252572231,42161253823353,0,25088,256,1,1,23040,1,4
"KERNEL_DISPATCH",4,2,82,"tile_fp16_reduce(float const*, float*, int, int)",252,42161253823353,42161253873724,0,0,256,1,1,184320,1,1
"KERNEL_DISPATCH",4,2,33,"void dequantize_block_iq3_s<__half>(void const*, __half*)",253,42167771297443,42167772428121,0,0,32,1,1,3686400,1,1
"KERNEL_DISPATCH",4,2,35,"void convert_unary<float, __half>(void const*, __half*, long, long, long, HIP_vector_type<unsigned int, 3u>, long, long, long)",254,42167772428121,42167772486937,0,0,256,1,1,655360,1,1
"KERNEL_DISPATCH",4,2,79,"void tile_fp16_gemm<128, 64, 4, 8, 32, false>(__half const*, __half const*, float*, float*, int, int, int, long, int)",255,42167772486937,42167773608873,0,25088,256,1,1,23040,1,4
"KERNEL_DISPATCH",4,2,82,"tile_fp16_reduce(float const*, float*, int, int)",256,42167773608873,42167773699244,0,0,256,1,1,184320,1,1
"KERNEL_DISPATCH",4,2,33,"void dequantize_block_iq3_s<__half>(void const*, __half*)",257,42167773982802,42167774328287,0,0,32,1,1,3686400,1,1
"KERNEL_DISPATCH",4,2,35,"void convert_unary<float, __half>(void const*, __half*, long, long, long, HIP_vector_type<unsigned int, 3u>, long, long, long)",258,42167774328287,42167774345028,0,0,256,1,1,655360,1,1
"KERNEL_DISPATCH",4,2,79,"void tile_fp16_gemm<128, 64, 4, 8, 32, false>(__half const*, __half const*, float*, float*, int, int, int, long, int)",259,42167774345028,42167775441779,0,25088,256,1,1,23040,1,4
"KERNEL_DISPATCH",4,2,82,"tile_fp16_reduce(float const*, float*, int, int)",260,42167775441779,42167775485335,0,0,256,1,1,184320,1,1
"KERNEL_DISPATCH",4,2,33,"void dequantize_block_iq3_s<__half>(void const*, __half*)",261,42167775506521,42167775851857,0,0,32,1,1,3686400,1,1
"KERNEL_DISPATCH",4,2,35,"void convert_unary<float, __half>(void const*, __half*, long, long, long, HIP_vector_type<unsigned int, 3u>, long, long, long)",262,42167775851857,42167775868450,0,0,256,1,1,655360,1,1
"KERNEL_DISPATCH",4,2,82,"tile_fp16_reduce(float const*, float*, int, int)",264,42167776999721,42167777043721,0,0,256,1,1,184320,1,1
"KERNEL_DISPATCH",4,2,79,"void tile_fp16_gemm<128, 64, 4, 8, 32, false>(__half const*, __half const*, float*, float*, int, int, int, long, int)",263,42167775868450,42167776999721,0,25088,256,1,1,23040,1,4
"KERNEL_DISPATCH",4,2,33,"void dequantize_block_iq3_s<__half>(void const*, __half*)",265,42167777069944,42167777431280,0,0,32,1,1,3686400,1,1
"KERNEL_DISPATCH",4,2,35,"void convert_unary<float, __half>(void const*, __half*, long, long, long, HIP_vector_type<unsigned int, 3u>, long, long, long)",266,42167777431280,42167777448021,0,0,256,1,1,655360,1,1
"KERNEL_DISPATCH",4,2,79,"void tile_fp16_gemm<128, 64, 4, 8, 32, false>(__half const*, __half const*, float*, float*, int, int, int, long, int)",267,42167777448021,42167778567440,0,25088,256,1,1,23040,1,4
"KERNEL_DISPATCH",4,2,82,"tile_fp16_reduce(float const*, float*, int, int)",268,42167778567440,42167778612477,0,0,256,1,1,184320,1,1
"KERNEL_DISPATCH",4,2,33,"void dequantize_block_iq3_s<__half>(void const*, __half*)",269,42167778633811,42167779001074,0,0,32,1,1,3686400,1,1
"KERNEL_DISPATCH",4,2,35,"void convert_unary<float, __half>(void const*, __half*, long, long, long, HIP_vector_type<unsigned int, 3u>, long, long, long)",270,42167779001074,42167779018703,0,0,256,1,1,655360,1,1
"KERNEL_DISPATCH",4,2,79,"void tile_fp16_gemm<128, 64, 4, 8, 32, false>(__half const*, __half const*, float*, float*, int, int, int, long, int)",271,42167779018703,42167780056343,0,25088,256,1,1,23040,1,4
"KERNEL_DISPATCH",4,2,82,"tile_fp16_reduce(float const*, float*, int, int)",272,42167780056343,42167780100788,0,0,256,1,1,184320,1,1
"KERNEL_DISPATCH",4,2,33,"void dequantize_block_iq3_s<__half>(void const*, __half*)",273,42167780121529,42167780479607,0,0,32,1,1,3686400,1,1
"KERNEL_DISPATCH",4,2,35,"void convert_unary<float, __half>(void const*, __half*, long, long, long, HIP_vector_type<unsigned int, 3u>, long, long, long)",274,42167780479607,42167780496348,0,0,256,1,1,655360,1,1
"KERNEL_DISPATCH",4,2,79,"void tile_fp16_gemm<128, 64, 4, 8, 32, false>(__half const*, __half const*, float*, float*, int, int, int, long, int)",275,42167780496348,42167781608803,0,25088,256,1,1,23040,1,4
"KERNEL_DISPATCH",4,2,82,"tile_fp16_reduce(float const*, float*, int, int)",276,42167781608803,42167781653544,0,0,256,1,1,184320,1,1
"KERNEL_DISPATCH",4,2,33,"void dequantize_block_iq3_s<__half>(void const*, __half*)",277,42167781673989,42167782041252,0,0,32,1,1,3686400,1,1
"KERNEL_DISPATCH",4,2,35,"void convert_unary<float, __half>(void const*, __half*, long, long, long, HIP_vector_type<unsigned int, 3u>, long, long, long)",278,42167782041252,42167782059029,0,0,256,1,1,655360,1,1
"KERNEL_DISPATCH",4,2,79,"void tile_fp16_gemm<128, 64, 4, 8, 32, false>(__half const*, __half const*, float*, float*, int, int, int, long, int)",279,42167782059029,42167783086595,0,25088,256,1,1,23040,1,4
"KERNEL_DISPATCH",4,2,82,"tile_fp16_reduce(float const*, float*, int, int)",280,42167783086595,42167783175040,0,0,256,1,1,184320,1,1
"KERNEL_DISPATCH",4,2,33,"void dequantize_block_iq3_s<__half>(void const*, __half*)",281,42167783195930,42167783549563,0,0,32,1,1,3686400,1,1
"KERNEL_DISPATCH",4,2,35,"void convert_unary<float, __half>(void const*, __half*, long, long, long, HIP_vector_type<unsigned int, 3u>, long, long, long)",282,42167783549563,42167783566452,0,0,256,1,1,655360,1,1
"KERNEL_DISPATCH",4,2,79,"void tile_fp16_gemm<128, 64, 4, 8, 32, false>(__half const*, __half const*, float*, float*, int, int, int, long, int)",283,42167783566452,42167784678314,0,25088,256,1,1,23040,1,4
"KERNEL_DISPATCH",4,2,82,"tile_fp16_reduce(float const*, float*, int, int)",284,42167784678314,42167784721870,0,0,256,1,1,184320,1,1
"KERNEL_DISPATCH",4,2,33,"void dequantize_block_iq3_s<__half>(void const*, __half*)",285,42167784742167,42167785109430,0,0,32,1,1,3686400,1,1
"KERNEL_DISPATCH",4,2,35,"void convert_unary<float, __half>(void const*, __half*, long, long, long, HIP_vector_type<unsigned int, 3u>, long, long, long)",286,42167785109430,42167785127060,0,0,256,1,1,655360,1,1
"KERNEL_DISPATCH",4,2,79,"void tile_fp16_gemm<128, 64, 4, 8, 32, false>(__half const*, __half const*, float*, float*, int, int, int, long, int)",287,42167785127060,42167786192107,0,25088,256,1,1,23040,1,4
"KERNEL_DISPATCH",4,2,82,"tile_fp16_reduce(float const*, float*, int, int)",288,42167786192107,42167786236552,0,0,256,1,1,184320,1,1
"KERNEL_DISPATCH",4,2,33,"void dequantize_block_iq3_s<__half>(void const*, __half*)",289,42167786257145,42167786669297,0,0,32,1,1,3686400,1,1
"KERNEL_DISPATCH",4,2,35,"void convert_unary<float, __half>(void const*, __half*, long, long, long, HIP_vector_type<unsigned int, 3u>, long, long, long)",290,42167786669297,42167786689149,0,0,256,1,1,655360,1,1
"KERNEL_DISPATCH",4,2,79,"void tile_fp16_gemm<128, 64, 4, 8, 32, false>(__half const*, __half const*, float*, float*, int, int, int, long, int)",291,42167786689149,42167787952124,0,25088,256,1,1,23040,1,4
"KERNEL_DISPATCH",4,2,82,"tile_fp16_reduce(float const*, float*, int, int)",292,42167787952124,42167788024273,0,0,256,1,1,184320,1,1
"KERNEL_DISPATCH",4,2,33,"void dequantize_block_iq3_s<__half>(void const*, __half*)",293,42167788049755,42167788511685,0,0,32,1,1,3686400,1,1
"KERNEL_DISPATCH",4,2,35,"void convert_unary<float, __half>(void const*, __half*, long, long, long, HIP_vector_type<unsigned int, 3u>, long, long, long)",294,42167788511685,42167788531241,0,0,256,1,1,655360,1,1
"KERNEL_DISPATCH",4,2,79,"void tile_fp16_gemm<128, 64, 4, 8, 32, false>(__half const*, __half const*, float*, float*, int, int, int, long, int)",295,42167788531241,42167789712586,0,25088,256,1,1,23040,1,4
"KERNEL_DISPATCH",4,2,82,"tile_fp16_reduce(float const*, float*, int, int)",296,42167789712586,42167789762512,0,0,256,1,1,184320,1,1
"KERNEL_DISPATCH",4,2,33,"void dequantize_block_iq3_s<__half>(void const*, __half*)",297,42167789784439,42167790194072,0,0,32,1,1,3686400,1,1
"KERNEL_DISPATCH",4,2,35,"void convert_unary<float, __half>(void const*, __half*, long, long, long, HIP_vector_type<unsigned int, 3u>, long, long, long)",298,42167790194072,42167790213776,0,0,256,1,1,655360,1,1
"KERNEL_DISPATCH",4,2,82,"tile_fp16_reduce(float const*, float*, int, int)",300,42167791312750,42167791357195,0,0,256,1,1,184320,1,1
"KERNEL_DISPATCH",4,2,79,"void tile_fp16_gemm<128, 64, 4, 8, 32, false>(__half const*, __half const*, float*, float*, int, int, int, long, int)",299,42167790213776,42167791312750,0,25088,256,1,1,23040,1,4
"KERNEL_DISPATCH",4,2,33,"void dequantize_block_iq3_s<__half>(void const*, __half*)",301,42167791384306,42167791793940,0,0,32,1,1,3686400,1,1
"KERNEL_DISPATCH",4,2,35,"void convert_unary<float, __half>(void const*, __half*, long, long, long, HIP_vector_type<unsigned int, 3u>, long, long, long)",302,42167791793940,42167791813496,0,0,256,1,1,655360,1,1
"KERNEL_DISPATCH",4,2,79,"void tile_fp16_gemm<128, 64, 4, 8, 32, false>(__half const*, __half const*, float*, float*, int, int, int, long, int)",303,42167791813496,42167793103286,0,25088,256,1,1,23040,1,4
"KERNEL_DISPATCH",4,2,82,"tile_fp16_reduce(float const*, float*, int, int)",304,42167793103286,42167793177361,0,0,256,1,1,184320,1,1
"KERNEL_DISPATCH",4,2,33,"void dequantize_block_iq3_s<__half>(void const*, __half*)",305,42167793202250,42167793645217,0,0,32,1,1,3686400,1,1
"KERNEL_DISPATCH",4,2,35,"void convert_unary<float, __half>(void const*, __half*, long, long, long, HIP_vector_type<unsigned int, 3u>, long, long, long)",306,42167793645217,42167793664921,0,0,256,1,1,655360,1,1
"KERNEL_DISPATCH",4,2,82,"tile_fp16_reduce(float const*, float*, int, int)",308,42167794822710,42167794872340,0,0,256,1,1,184320,1,1
"KERNEL_DISPATCH",4,2,79,"void tile_fp16_gemm<128, 64, 4, 8, 32, false>(__half const*, __half const*, float*, float*, int, int, int, long, int)",307,42167793664921,42167794822710,0,25088,256,1,1,23040,1,4
"KERNEL_DISPATCH",4,2,33,"void dequantize_block_iq3_s<__half>(void const*, __half*)",309,42167794894415,42167795304048,0,0,32,1,1,3686400,1,1
"KERNEL_DISPATCH",4,2,35,"void convert_unary<float, __half>(void const*, __half*, long, long, long, HIP_vector_type<unsigned int, 3u>, long, long, long)",310,42167795304048,42167795323456,0,0,256,1,1,655360,1,1
"KERNEL_DISPATCH",4,2,82,"tile_fp16_reduce(float const*, float*, int, int)",312,42167796424948,42167796474726,0,0,256,1,1,184320,1,1
"KERNEL_DISPATCH",4,2,79,"void tile_fp16_gemm<128, 64, 4, 8, 32, false>(__half const*, __half const*, float*, float*, int, int, int, long, int)",311,42167795323456,42167796424948,0,25088,256,1,1,23040,1,4
"KERNEL_DISPATCH",4,2,33,"void dequantize_block_iq3_s<__half>(void const*, __half*)",313,42167796496949,42167796906138,0,0,32,1,1,3686400,1,1
"KERNEL_DISPATCH",4,2,35,"void convert_unary<float, __half>(void const*, __half*, long, long, long, HIP_vector_type<unsigned int, 3u>, long, long, long)",314,42167796906138,42167796925990,0,0,256,1,1,655360,1,1
"KERNEL_DISPATCH",4,2,82,"tile_fp16_reduce(float const*, float*, int, int)",316,42167798102002,42167798151335,0,0,256,1,1,184320,1,1
"KERNEL_DISPATCH",4,2,79,"void tile_fp16_gemm<128, 64, 4, 8, 32, false>(__half const*, __half const*, float*, float*, int, int, int, long, int)",315,42167796925990,42167798102002,0,25088,256,1,1,23040,1,4
"KERNEL_DISPATCH",4,2,33,"void dequantize_block_iq3_s<__half>(void const*, __half*)",317,42167798173558,42167798565710,0,0,32,1,1,3686400,1,1
"KERNEL_DISPATCH",4,2,35,"void convert_unary<float, __half>(void const*, __half*, long, long, long, HIP_vector_type<unsigned int, 3u>, long, long, long)",318,42167798565710,42167798582895,0,0,256,1,1,655360,1,1
"KERNEL_DISPATCH",4,2,82,"tile_fp16_reduce(float const*, float*, int, int)",320,42167799727944,42167799778611,0,0,256,1,1,184320,1,1
"KERNEL_DISPATCH",4,2,79,"void tile_fp16_gemm<128, 64, 4, 8, 32, false>(__half const*, __half const*, float*, float*, int, int, int, long, int)",319,42167798582895,42167799727944,0,25088,256,1,1,23040,1,4
"KERNEL_DISPATCH",4,2,33,"void dequantize_block_iq3_s<__half>(void const*, __half*)",321,42167799800092,42167800209726,0,0,32,1,1,3686400,1,1
"KERNEL_DISPATCH",4,2,35,"void convert_unary<float, __half>(void const*, __half*, long, long, long, HIP_vector_type<unsigned int, 3u>, long, long, long)",322,42167800209726,42167800229282,0,0,256,1,1,655360,1,1
"KERNEL_DISPATCH",4,2,79,"void tile_fp16_gemm<128, 64, 4, 8, 32, false>(__half const*, __half const*, float*, float*, int, int, int, long, int)",323,42167800229282,42167801411812,0,25088,256,1,1,23040,1,4
"KERNEL_DISPATCH",4,2,82,"tile_fp16_reduce(float const*, float*, int, int)",324,42167801411812,42167801485294,0,0,256,1,1,184320,1,1
"KERNEL_DISPATCH",4,2,33,"void dequantize_block_iq3_s<__half>(void const*, __half*)",325,42167801510924,42167801981892,0,0,32,1,1,3686400,1,1
"KERNEL_DISPATCH",4,2,35,"void convert_unary<float, __half>(void const*, __half*, long, long, long, HIP_vector_type<unsigned int, 3u>, long, long, long)",326,42167801981892,42167802009596,0,0,256,1,1,655360,1,1
"KERNEL_DISPATCH",4,2,79,"void tile_fp16_gemm<128, 64, 4, 8, 32, false>(__half const*, __half const*, float*, float*, int, int, int, long, int)",327,42167802009596,42167803239385,0,25088,256,1,1,23040,1,4
"KERNEL_DISPATCH",4,2,82,"tile_fp16_reduce(float const*, float*, int, int)",328,42167803239385,42167803290201,0,0,256,1,1,184320,1,1
"KERNEL_DISPATCH",4,2,33,"void dequantize_block_iq3_s<__half>(void const*, __half*)",329,42167803312275,42167803790798,0,0,32,1,1,3686400,1,1
"KERNEL_DISPATCH",4,2,35,"void convert_unary<float, __half>(void const*, __half*, long, long, long, HIP_vector_type<unsigned int, 3u>, long, long, long)",330,42167803790798,42167803817613,0,0,256,1,1,655360,1,1
"KERNEL_DISPATCH",4,2,79,"void tile_fp16_gemm<128, 64, 4, 8, 32, false>(__half const*, __half const*, float*, float*, int, int, int, long, int)",331,42167803817613,42167805105478,0,25088,256,1,1,23040,1,4
"KERNEL_DISPATCH",4,2,82,"tile_fp16_reduce(float const*, float*, int, int)",332,42167805105478,42167805155404,0,0,256,1,1,184320,1,1
"KERNEL_DISPATCH",4,2,33,"void dequantize_block_iq3_s<__half>(void const*, __half*)",333,42167805206368,42167805595409,0,0,32,1,1,3686400,1,1
"KERNEL_DISPATCH",4,2,35,"void convert_unary<float, __half>(void const*, __half*, long, long, long, HIP_vector_type<unsigned int, 3u>, long, long, long)",334,42167805595409,42167805612742,0,0,256,1,1,655360,1,1
"KERNEL_DISPATCH",4,2,79,"void tile_fp16_gemm<128, 64, 4, 8, 32, false>(__half const*, __half const*, float*, float*, int, int, int, long, int)",335,42167805612742,42167806716901,0,25088,256,1,1,23040,1,4
"KERNEL_DISPATCH",4,2,82,"tile_fp16_reduce(float const*, float*, int, int)",336,42167806716901,42167806767124,0,0,256,1,1,184320,1,1
"KERNEL_DISPATCH",4,2,33,"void dequantize_block_iq3_s<__half>(void const*, __half*)",337,42167806789198,42167807198980,0,0,32,1,1,3686400,1,1
"KERNEL_DISPATCH",4,2,35,"void convert_unary<float, __half>(void const*, __half*, long, long, long, HIP_vector_type<unsigned int, 3u>, long, long, long)",338,42167807198980,42167807218536,0,0,256,1,1,655360,1,1
"KERNEL_DISPATCH",4,2,79,"void tile_fp16_gemm<128, 64, 4, 8, 32, false>(__half const*, __half const*, float*, float*, int, int, int, long, int)",339,42167807218536,42167808413658,0,25088,256,1,1,23040,1,4
"KERNEL_DISPATCH",4,2,82,"tile_fp16_reduce(float const*, float*, int, int)",340,42167808413658,42167808486252,0,0,256,1,1,184320,1,1
"KERNEL_DISPATCH",4,2,33,"void dequantize_block_iq3_s<__half>(void const*, __half*)",341,42167808511437,42167808981960,0,0,32,1,1,3686400,1,1
"KERNEL_DISPATCH",4,2,35,"void convert_unary<float, __half>(void const*, __half*, long, long, long, HIP_vector_type<unsigned int, 3u>, long, long, long)",342,42167808981960,42167809009072,0,0,256,1,1,655360,1,1
"KERNEL_DISPATCH",4,2,79,"void tile_fp16_gemm<128, 64, 4, 8, 32, false>(__half const*, __half const*, float*, float*, int, int, int, long, int)",343,42167809009072,42167810247602,0,25088,256,1,1,23040,1,4
"KERNEL_DISPATCH",4,2,82,"tile_fp16_reduce(float const*, float*, int, int)",344,42167810247602,42167810297825,0,0,256,1,1,184320,1,1
"KERNEL_DISPATCH",4,2,33,"void dequantize_block_iq3_s<__half>(void const*, __half*)",345,42167810319603,42167810729977,0,0,32,1,1,3686400,1,1
"KERNEL_DISPATCH",4,2,35,"void convert_unary<float, __half>(void const*, __half*, long, long, long, HIP_vector_type<unsigned int, 3u>, long, long, long)",346,42167810729977,42167810749829,0,0,256,1,1,655360,1,1
"KERNEL_DISPATCH",4,2,79,"void tile_fp16_gemm<128, 64, 4, 8, 32, false>(__half const*, __half const*, float*, float*, int, int, int, long, int)",347,42167810749829,42167812076361,0,25088,256,1,1,23040,1,4
"KERNEL_DISPATCH",4,2,82,"tile_fp16_reduce(float const*, float*, int, int)",348,42167812076361,42167812150288,0,0,256,1,1,184320,1,1
"KERNEL_DISPATCH",4,2,33,"void dequantize_block_iq3_s<__half>(void const*, __half*)",349,42167812175769,42167812621848,0,0,32,1,1,3686400,1,1
"KERNEL_DISPATCH",4,2,35,"void convert_unary<float, __half>(void const*, __half*, long, long, long, HIP_vector_type<unsigned int, 3u>, long, long, long)",350,42167812621848,42167812641848,0,0,256,1,1,655360,1,1
"KERNEL_DISPATCH",4,2,82,"tile_fp16_reduce(float const*, float*, int, int)",352,42167813805415,42167813855045,0,0,256,1,1,184320,1,1
"KERNEL_DISPATCH",4,2,79,"void tile_fp16_gemm<128, 64, 4, 8, 32, false>(__half const*, __half const*, float*, float*, int, int, int, long, int)",351,42167812641848,42167813805415,0,25088,256,1,1,23040,1,4
"KERNEL_DISPATCH",4,2,33,"void dequantize_block_iq3_s<__half>(void const*, __half*)",353,42167813876971,42167814287049,0,0,32,1,1,3686400,1,1
"KERNEL_DISPATCH",4,2,35,"void convert_unary<float, __half>(void const*, __half*, long, long, long, HIP_vector_type<unsigned int, 3u>, long, long, long)",354,42167814287049,42167814306753,0,0,256,1,1,655360,1,1
"KERNEL_DISPATCH",4,2,82,"tile_fp16_reduce(float const*, float*, int, int)",356,42167815452394,42167815502320,0,0,256,1,1,184320,1,1
"KERNEL_DISPATCH",4,2,79,"void tile_fp16_gemm<128, 64, 4, 8, 32, false>(__half const*, __half const*, float*, float*, int, int, int, long, int)",355,42167814306753,42167815452394,0,25088,256,1,1,23040,1,4
"KERNEL_DISPATCH",4,2,33,"void dequantize_block_iq3_s<__half>(void const*, __half*)",357,42167815536395,42167815945732,0,0,32,1,1,3686400,1,1
"KERNEL_DISPATCH",4,2,35,"void convert_unary<float, __half>(void const*, __half*, long, long, long, HIP_vector_type<unsigned int, 3u>, long, long, long)",358,42167815945732,42167815965436,0,0,256,1,1,655360,1,1
"KERNEL_DISPATCH",4,2,82,"tile_fp16_reduce(float const*, float*, int, int)",360,42167817065595,42167817110188,0,0,256,1,1,184320,1,1
"KERNEL_DISPATCH",4,2,79,"void tile_fp16_gemm<128, 64, 4, 8, 32, false>(__half const*, __half const*, float*, float*, int, int, int, long, int)",359,42167815965436,42167817065595,0,25088,256,1,1,23040,1,4
"KERNEL_DISPATCH",4,2,33,"void dequantize_block_iq3_s<__half>(void const*, __half*)",361,42167817130781,42167817488266,0,0,32,1,1,3686400,1,1
"KERNEL_DISPATCH",4,2,35,"void convert_unary<float, __half>(void const*, __half*, long, long, long, HIP_vector_type<unsigned int, 3u>, long, long, long)",362,42167817488266,42167817505007,0,0,256,1,1,655360,1,1
"KERNEL_DISPATCH",4,2,82,"tile_fp16_reduce(float const*, float*, int, int)",364,42167818615981,42167818660129,0,0,256,1,1,184320,1,1
"KERNEL_DISPATCH",4,2,79,"void tile_fp16_gemm<128, 64, 4, 8, 32, false>(__half const*, __half const*, float*, float*, int, int, int, long, int)",363,42167817505007,42167818615981,0,25088,256,1,1,23040,1,4
"KERNEL_DISPATCH",4,2,33,"void dequantize_block_iq3_s<__half>(void const*, __half*)",365,42167818681018,42167819048874,0,0,32,1,1,3686400,1,1
"KERNEL_DISPATCH",4,2,35,"void convert_unary<float, __half>(void const*, __half*, long, long, long, HIP_vector_type<unsigned int, 3u>, long, long, long)",366,42167819048874,42167819066504,0,0,256,1,1,655360,1,1
"KERNEL_DISPATCH",4,2,79,"void tile_fp16_gemm<128, 64, 4, 8, 32, false>(__half const*, __half const*, float*, float*, int, int, int, long, int)",367,42167819066504,42167820124144,0,25088,256,1,1,23040,1,4
"KERNEL_DISPATCH",4,2,82,"tile_fp16_reduce(float const*, float*, int, int)",368,42167820124144,42167820168737,0,0,256,1,1,184320,1,1
"KERNEL_DISPATCH",4,2,33,"void dequantize_block_iq3_s<__half>(void const*, __half*)",369,42167820189181,42167820556592,0,0,32,1,1,3686400,1,1
"KERNEL_DISPATCH",4,2,35,"void convert_unary<float, __half>(void const*, __half*, long, long, long, HIP_vector_type<unsigned int, 3u>, long, long, long)",370,42167820556592,42167820574518,0,0,256,1,1,655360,1,1
"KERNEL_DISPATCH",4,2,79,"void tile_fp16_gemm<128, 64, 4, 8, 32, false>(__half const*, __half const*, float*, float*, int, int, int, long, int)",371,42167820574518,42167821737937,0,25088,256,1,1,23040,1,4
"KERNEL_DISPATCH",4,2,82,"tile_fp16_reduce(float const*, float*, int, int)",372,42167821737937,42167821785345,0,0,256,1,1,184320,1,1
"KERNEL_DISPATCH",4,2,33,"void dequantize_block_iq3_s<__half>(void const*, __half*)",373,42167821807419,42167822217053,0,0,32,1,1,3686400,1,1
"KERNEL_DISPATCH",4,2,35,"void convert_unary<float, __half>(void const*, __half*, long, long, long, HIP_vector_type<unsigned int, 3u>, long, long, long)",374,42167822217053,42167822236609,0,0,256,1,1,655360,1,1
"KERNEL_DISPATCH",4,2,79,"void tile_fp16_gemm<128, 64, 4, 8, 32, false>(__half const*, __half const*, float*, float*, int, int, int, long, int)",375,42167822236609,42167823418694,0,25088,256,1,1,23040,1,4
"KERNEL_DISPATCH",4,2,82,"tile_fp16_reduce(float const*, float*, int, int)",376,42167823418694,42167823492473,0,0,256,1,1,184320,1,1
"KERNEL_DISPATCH",4,2,33,"void dequantize_block_iq3_s<__half>(void const*, __half*)",377,42167823525807,42167823996182,0,0,32,1,1,3686400,1,1
"KERNEL_DISPATCH",4,2,35,"void convert_unary<float, __half>(void const*, __half*, long, long, long, HIP_vector_type<unsigned int, 3u>, long, long, long)",378,42167823996182,42167824022552,0,0,256,1,1,655360,1,1
"KERNEL_DISPATCH",4,2,79,"void tile_fp16_gemm<128, 64, 4, 8, 32, false>(__half const*, __half const*, float*, float*, int, int, int, long, int)",379,42167824022552,42167825252046,0,25088,256,1,1,23040,1,4
"KERNEL_DISPATCH",4,2,82,"tile_fp16_reduce(float const*, float*, int, int)",380,42167825252046,42167825302268,0,0,256,1,1,184320,1,1
"KERNEL_DISPATCH",4,2,33,"void dequantize_block_iq3_s<__half>(void const*, __half*)",381,42167825325824,42167825803459,0,0,32,1,1,3686400,1,1
"KERNEL_DISPATCH",4,2,35,"void convert_unary<float, __half>(void const*, __half*, long, long, long, HIP_vector_type<unsigned int, 3u>, long, long, long)",382,42167825803459,42167825830126,0,0,256,1,1,655360,1,1
"KERNEL_DISPATCH",4,2,79,"void tile_fp16_gemm<128, 64, 4, 8, 32, false>(__half const*, __half const*, float*, float*, int, int, int, long, int)",383,42167825830126,42167827105694,0,25088,256,1,1,23040,1,4
"KERNEL_DISPATCH",4,2,82,"tile_fp16_reduce(float const*, float*, int, int)",384,42167827105694,42167827155768,0,0,256,1,1,184320,1,1
"KERNEL_DISPATCH",4,2,33,"void dequantize_block_iq3_s<__half>(void const*, __half*)",385,42167827177991,42167827570735,0,0,32,1,1,3686400,1,1
"KERNEL_DISPATCH",4,2,35,"void convert_unary<float, __half>(void const*, __half*, long, long, long, HIP_vector_type<unsigned int, 3u>, long, long, long)",386,42167827570735,42167827588217,0,0,256,1,1,655360,1,1
"KERNEL_DISPATCH",4,2,79,"void tile_fp16_gemm<128, 64, 4, 8, 32, false>(__half const*, __half const*, float*, float*, int, int, int, long, int)",387,42167827588217,42167828761858,0,25088,256,1,1,23040,1,4
"KERNEL_DISPATCH",4,2,82,"tile_fp16_reduce(float const*, float*, int, int)",388,42167828761858,42167828810895,0,0,256,1,1,184320,1,1
"KERNEL_DISPATCH",4,2,33,"void dequantize_block_iq3_s<__half>(void const*, __half*)",389,42167828832377,42167829242011,0,0,32,1,1,3686400,1,1
"KERNEL_DISPATCH",4,2,35,"void convert_unary<float, __half>(void const*, __half*, long, long, long, HIP_vector_type<unsigned int, 3u>, long, long, long)",390,42167829242011,42167829261567,0,0,256,1,1,655360,1,1
"KERNEL_DISPATCH",4,2,79,"void tile_fp16_gemm<128, 64, 4, 8, 32, false>(__half const*, __half const*, float*, float*, int, int, int, long, int)",391,42167829261567,42167830437726,0,25088,256,1,1,23040,1,4
"KERNEL_DISPATCH",4,2,82,"tile_fp16_reduce(float const*, float*, int, int)",392,42167830437726,42167830511357,0,0,256,1,1,184320,1,1
"KERNEL_DISPATCH",4,2,33,"void dequantize_block_iq3_s<__half>(void const*, __half*)",393,42167830536394,42167831007658,0,0,32,1,1,3686400,1,1
"KERNEL_DISPATCH",4,2,35,"void convert_unary<float, __half>(void const*, __half*, long, long, long, HIP_vector_type<unsigned int, 3u>, long, long, long)",394,42167831007658,42167831035065,0,0,256,1,1,655360,1,1
"KERNEL_DISPATCH",4,2,79,"void tile_fp16_gemm<128, 64, 4, 8, 32, false>(__half const*, __half const*, float*, float*, int, int, int, long, int)",395,42167831035065,42167832271078,0,25088,256,1,1,23040,1,4
"KERNEL_DISPATCH",4,2,82,"tile_fp16_reduce(float const*, float*, int, int)",396,42167832271078,42167832321152,0,0,256,1,1,184320,1,1
"KERNEL_DISPATCH",4,2,33,"void dequantize_block_iq3_s<__half>(void const*, __half*)",397,42167832344708,42167832821601,0,0,32,1,1,3686400,1,1
"KERNEL_DISPATCH",4,2,35,"void convert_unary<float, __half>(void const*, __half*, long, long, long, HIP_vector_type<unsigned int, 3u>, long, long, long)",398,42167832821601,42167832848565,0,0,256,1,1,655360,1,1
"KERNEL_DISPATCH",4,2,79,"void tile_fp16_gemm<128, 64, 4, 8, 32, false>(__half const*, __half const*, float*, float*, int, int, int, long, int)",399,42167832848565,42167834093170,0,25088,256,1,1,23040,1,4
"KERNEL_DISPATCH",4,2,82,"tile_fp16_reduce(float const*, float*, int, int)",400,42167834093170,42167834143540,0,0,256,1,1,184320,1,1
"KERNEL_DISPATCH",4,2,33,"void dequantize_block_iq3_s<__half>(void const*, __half*)",401,42167834165615,42167834558656,0,0,32,1,1,3686400,1,1
"KERNEL_DISPATCH",4,2,35,"void convert_unary<float, __half>(void const*, __half*, long, long, long, HIP_vector_type<unsigned int, 3u>, long, long, long)",402,42167834558656,42167834576582,0,0,256,1,1,655360,1,1
"KERNEL_DISPATCH",4,2,79,"void tile_fp16_gemm<128, 64, 4, 8, 32, false>(__half const*, __half const*, float*, float*, int, int, int, long, int)",403,42167834576597,42167835678238,0,25088,256,1,1,23040,1,4
"KERNEL_DISPATCH",4,2,82,"tile_fp16_reduce(float const*, float*, int, int)",404,42167835678238,42167835727868,0,0,256,1,1,184320,1,1
"KERNEL_DISPATCH",4,2,33,"void dequantize_block_iq3_s<__half>(void const*, __half*)",405,42167835749793,42167836160167,0,0,32,1,1,3686400,1,1
"KERNEL_DISPATCH",4,2,35,"void convert_unary<float, __half>(void const*, __half*, long, long, long, HIP_vector_type<unsigned int, 3u>, long, long, long)",406,42167836160167,42167836179723,0,0,256,1,1,655360,1,1
"KERNEL_DISPATCH",4,2,79,"void tile_fp16_gemm<128, 64, 4, 8, 32, false>(__half const*, __half const*, float*, float*, int, int, int, long, int)",407,42167836179723,42167837323734,0,25088,256,1,1,23040,1,4
"KERNEL_DISPATCH",4,2,82,"tile_fp16_reduce(float const*, float*, int, int)",408,42167837323734,42167837389661,0,0,256,1,1,184320,1,1
"KERNEL_DISPATCH",4,2,33,"void dequantize_block_iq3_s<__half>(void const*, __half*)",409,42167837414846,42167837885370,0,0,32,1,1,3686400,1,1
"KERNEL_DISPATCH",4,2,35,"void convert_unary<float, __half>(void const*, __half*, long, long, long, HIP_vector_type<unsigned int, 3u>, long, long, long)",410,42167837885370,42167837912185,0,0,256,1,1,655360,1,1
"KERNEL_DISPATCH",4,2,79,"void tile_fp16_gemm<128, 64, 4, 8, 32, false>(__half const*, __half const*, float*, float*, int, int, int, long, int)",411,42167837912185,42167839216642,0,25088,256,1,1,23040,1,4
"KERNEL_DISPATCH",4,2,82,"tile_fp16_reduce(float const*, float*, int, int)",412,42167839216642,42167839266124,0,0,256,1,1,184320,1,1
"KERNEL_DISPATCH",4,2,33,"void dequantize_block_iq3_s<__half>(void const*, __half*)",413,42167839288050,42167839697535,0,0,32,1,1,3686400,1,1
"KERNEL_DISPATCH",4,2,35,"void convert_unary<float, __half>(void const*, __half*, long, long, long, HIP_vector_type<unsigned int, 3u>, long, long, long)",414,42167839697535,42167839716943,0,0,256,1,1,655360,1,1
"KERNEL_DISPATCH",4,2,79,"void tile_fp16_gemm<128, 64, 4, 8, 32, false>(__half const*, __half const*, float*, float*, int, int, int, long, int)",415,42167839716943,42167840862288,0,25088,256,1,1,23040,1,4
"KERNEL_DISPATCH",4,2,82,"tile_fp16_reduce(float const*, float*, int, int)",416,42167840862288,42167840911770,0,0,256,1,1,184320,1,1
"KERNEL_DISPATCH",4,2,33,"void dequantize_block_iq3_s<__half>(void const*, __half*)",417,42167840933992,42167841343478,0,0,32,1,1,3686400,1,1
"KERNEL_DISPATCH",4,2,35,"void convert_unary<float, __half>(void const*, __half*, long, long, long, HIP_vector_type<unsigned int, 3u>, long, long, long)",418,42167841343478,42167841361404,0,0,256,1,1,655360,1,1
"KERNEL_DISPATCH",4,2,79,"void tile_fp16_gemm<128, 64, 4, 8, 32, false>(__half const*, __half const*, float*, float*, int, int, int, long, int)",419,42167841361404,42167842469415,0,25088,256,1,1,23040,1,4
"KERNEL_DISPATCH",4,2,82,"tile_fp16_reduce(float const*, float*, int, int)",420,42167842469415,42167842519193,0,0,256,1,1,184320,1,1
"KERNEL_DISPATCH",4,2,33,"void dequantize_block_iq3_s<__half>(void const*, __half*)",421,42167842565860,42167842975494,0,0,32,1,1,3686400,1,1
"KERNEL_DISPATCH",4,2,35,"void convert_unary<float, __half>(void const*, __half*, long, long, long, HIP_vector_type<unsigned int, 3u>, long, long, long)",422,42167842975494,42167842995049,0,0,256,1,1,655360,1,1
"KERNEL_DISPATCH",4,2,79,"void tile_fp16_gemm<128, 64, 4, 8, 32, false>(__half const*, __half const*, float*, float*, int, int, int, long, int)",423,42167842995049,42167844144690,0,25088,256,1,1,23040,1,4
"KERNEL_DISPATCH",4,2,82,"tile_fp16_reduce(float const*, float*, int, int)",424,42167844144690,42167844194172,0,0,256,1,1,184320,1,1
"KERNEL_DISPATCH",4,2,33,"void dequantize_block_iq3_s<__half>(void const*, __half*)",425,42167844217432,42167844605732,0,0,32,1,1,3686400,1,1
"KERNEL_DISPATCH",4,2,35,"void convert_unary<float, __half>(void const*, __half*, long, long, long, HIP_vector_type<unsigned int, 3u>, long, long, long)",426,42167844605732,42167844623510,0,0,256,1,1,655360,1,1
"KERNEL_DISPATCH",4,2,79,"void tile_fp16_gemm<128, 64, 4, 8, 32, false>(__half const*, __half const*, float*, float*, int, int, int, long, int)",427,42167844623510,42167845765447,0,25088,256,1,1,23040,1,4
"KERNEL_DISPATCH",4,2,82,"tile_fp16_reduce(float const*, float*, int, int)",428,42167845765447,42167845814336,0,0,256,1,1,184320,1,1
"KERNEL_DISPATCH",4,2,33,"void dequantize_block_iq3_s<__half>(void const*, __half*)",429,42167845837299,42167846246637,0,0,32,1,1,3686400,1,1
"KERNEL_DISPATCH",4,2,35,"void convert_unary<float, __half>(void const*, __half*, long, long, long, HIP_vector_type<unsigned int, 3u>, long, long, long)",430,42167846246637,42167846266341,0,0,256,1,1,655360,1,1
"KERNEL_DISPATCH",4,2,79,"void tile_fp16_gemm<128, 64, 4, 8, 32, false>(__half const*, __half const*, float*, float*, int, int, int, long, int)",431,42167846266341,42167847474353,0,25088,256,1,1,23040,1,4
"KERNEL_DISPATCH",4,2,82,"tile_fp16_reduce(float const*, float*, int, int)",432,42167847474353,42167847547538,0,0,256,1,1,184320,1,1
"KERNEL_DISPATCH",4,2,33,"void dequantize_block_iq3_s<__half>(void const*, __half*)",433,42167847573761,42167848044284,0,0,32,1,1,3686400,1,1
"KERNEL_DISPATCH",4,2,35,"void convert_unary<float, __half>(void const*, __half*, long, long, long, HIP_vector_type<unsigned int, 3u>, long, long, long)",434,42167848044284,42167848071099,0,0,256,1,1,655360,1,1
"KERNEL_DISPATCH",4,2,79,"void tile_fp16_gemm<128, 64, 4, 8, 32, false>(__half const*, __half const*, float*, float*, int, int, int, long, int)",435,42167848071099,42167849286667,0,25088,256,1,1,23040,1,4
"KERNEL_DISPATCH",4,2,82,"tile_fp16_reduce(float const*, float*, int, int)",436,42167849286667,42167849336741,0,0,256,1,1,184320,1,1
"KERNEL_DISPATCH",4,2,33,"void dequantize_block_iq3_s<__half>(void const*, __half*)",437,42167849360741,42167849837487,0,0,32,1,1,3686400,1,1
"KERNEL_DISPATCH",4,2,35,"void convert_unary<float, __half>(void const*, __half*, long, long, long, HIP_vector_type<unsigned int, 3u>, long, long, long)",438,42167849837487,42167849935414,0,0,256,1,1,655360,1,1
"KERNEL_DISPATCH",4,2,79,"void tile_fp16_gemm<128, 64, 4, 8, 32, false>(__half const*, __half const*, float*, float*, int, int, int, long, int)",439,42167849935414,42167851205797,0,25088,256,1,1,23040,1,4
"KERNEL_DISPATCH",4,2,82,"tile_fp16_reduce(float const*, float*, int, int)",440,42167851205797,42167851255723,0,0,256,1,1,184320,1,1
"KERNEL_DISPATCH",4,2,33,"void dequantize_block_iq3_s<__half>(void const*, __half*)",441,42167851278834,42167851688912,0,0,32,1,1,3686400,1,1
"KERNEL_DISPATCH",4,2,35,"void convert_unary<float, __half>(void const*, __half*, long, long, long, HIP_vector_type<unsigned int, 3u>, long, long, long)",442,42167851688912,42167851708616,0,0,256,1,1,655360,1,1
"KERNEL_DISPATCH",4,2,79,"void tile_fp16_gemm<128, 64, 4, 8, 32, false>(__half const*, __half const*, float*, float*, int, int, int, long, int)",443,42167851708616,42167853031592,0,25088,256,1,1,23040,1,4
"KERNEL_DISPATCH",4,2,82,"tile_fp16_reduce(float const*, float*, int, int)",444,42167853031592,42167853105815,0,0,256,1,1,184320,1,1
"KERNEL_DISPATCH",4,2,33,"void dequantize_block_iq3_s<__half>(void const*, __half*)",445,42167853131741,42167853583153,0,0,32,1,1,3686400,1,1
"KERNEL_DISPATCH",4,2,35,"void convert_unary<float, __half>(void const*, __half*, long, long, long, HIP_vector_type<unsigned int, 3u>, long, long, long)",446,42167853583153,42167853602709,0,0,256,1,1,655360,1,1
"KERNEL_DISPATCH",4,2,79,"void tile_fp16_gemm<128, 64, 4, 8, 32, false>(__half const*, __half const*, float*, float*, int, int, int, long, int)",447,42167853602709,42167854762128,0,25088,256,1,1,23040,1,4
"KERNEL_DISPATCH",4,2,82,"tile_fp16_reduce(float const*, float*, int, int)",448,42167854762128,42167854811462,0,0,256,1,1,184320,1,1
"KERNEL_DISPATCH",4,2,33,"void dequantize_block_iq3_s<__half>(void const*, __half*)",449,42167854833832,42167855243466,0,0,32,1,1,3686400,1,1
"KERNEL_DISPATCH",4,2,35,"void convert_unary<float, __half>(void const*, __half*, long, long, long, HIP_vector_type<unsigned int, 3u>, long, long, long)",450,42167855243466,42167855263022,0,0,256,1,1,655360,1,1
"KERNEL_DISPATCH",4,2,79,"void tile_fp16_gemm<128, 64, 4, 8, 32, false>(__half const*, __half const*, float*, float*, int, int, int, long, int)",451,42167855263022,42167856429996,0,25088,256,1,1,23040,1,4
"KERNEL_DISPATCH",4,2,82,"tile_fp16_reduce(float const*, float*, int, int)",452,42167856429996,42167856480070,0,0,256,1,1,184320,1,1
"KERNEL_DISPATCH",4,2,33,"void dequantize_block_iq3_s<__half>(void const*, __half*)",453,42167856502293,42167856912075,0,0,32,1,1,3686400,1,1
"KERNEL_DISPATCH",4,2,35,"void convert_unary<float, __half>(void const*, __half*, long, long, long, HIP_vector_type<unsigned int, 3u>, long, long, long)",454,42167856912075,42167856931779,0,0,256,1,1,655360,1,1
"KERNEL_DISPATCH",4,2,79,"void tile_fp16_gemm<128, 64, 4, 8, 32, false>(__half const*, __half const*, float*, float*, int, int, int, long, int)",455,42167856931779,42167858093864,0,25088,256,1,1,23040,1,4
"KERNEL_DISPATCH",4,2,82,"tile_fp16_reduce(float const*, float*, int, int)",456,42167858093864,42167858144235,0,0,256,1,1,184320,1,1
"KERNEL_DISPATCH",4,2,33,"void dequantize_block_iq3_s<__half>(void const*, __half*)",457,42167858166754,42167858560239,0,0,32,1,1,3686400,1,1
"KERNEL_DISPATCH",4,2,35,"void convert_unary<float, __half>(void const*, __half*, long, long, long, HIP_vector_type<unsigned int, 3u>, long, long, long)",458,42167858560239,42167858578313,0,0,256,1,1,655360,1,1
"KERNEL_DISPATCH",4,2,79,"void tile_fp16_gemm<128, 64, 4, 8, 32, false>(__half const*, __half const*, float*, float*, int, int, int, long, int)",459,42167858578313,42167859708991,0,25088,256,1,1,23040,1,4
"KERNEL_DISPATCH",4,2,82,"tile_fp16_reduce(float const*, float*, int, int)",460,42167859708991,42167859758621,0,0,256,1,1,184320,1,1
"KERNEL_DISPATCH",4,2,33,"void dequantize_block_iq3_s<__half>(void const*, __half*)",461,42167859781140,42167860190922,0,0,32,1,1,3686400,1,1
"KERNEL_DISPATCH",4,2,35,"void convert_unary<float, __half>(void const*, __half*, long, long, long, HIP_vector_type<unsigned int, 3u>, long, long, long)",462,42167860190922,42167860210626,0,0,256,1,1,655360,1,1
"KERNEL_DISPATCH",4,2,79,"void tile_fp16_gemm<128, 64, 4, 8, 32, false>(__half const*, __half const*, float*, float*, int, int, int, long, int)",463,42167860210626,42167861375526,0,25088,256,1,1,23040,1,4
"KERNEL_DISPATCH",4,2,82,"tile_fp16_reduce(float const*, float*, int, int)",464,42167861375526,42167861448712,0,0,256,1,1,184320,1,1
"KERNEL_DISPATCH",4,2,33,"void dequantize_block_iq3_s<__half>(void const*, __half*)",465,42167861475379,42167861945754,0,0,32,1,1,3686400,1,1
"KERNEL_DISPATCH",4,2,35,"void convert_unary<float, __half>(void const*, __half*, long, long, long, HIP_vector_type<unsigned int, 3u>, long, long, long)",466,42167861945754,42167861973458,0,0,256,1,1,655360,1,1
"KERNEL_DISPATCH",4,2,79,"void tile_fp16_gemm<128, 64, 4, 8, 32, false>(__half const*, __half const*, float*, float*, int, int, int, long, int)",467,42167861973458,42167863205025,0,25088,256,1,1,23040,1,4
"KERNEL_DISPATCH",4,2,82,"tile_fp16_reduce(float const*, float*, int, int)",468,42167863205025,42167863255396,0,0,256,1,1,184320,1,1
"KERNEL_DISPATCH",4,2,33,"void dequantize_block_iq3_s<__half>(void const*, __half*)",469,42167863277915,42167863687845,0,0,32,1,1,3686400,1,1
"KERNEL_DISPATCH",4,2,35,"void convert_unary<float, __half>(void const*, __half*, long, long, long, HIP_vector_type<unsigned int, 3u>, long, long, long)",470,42167863687845,42167863707549,0,0,256,1,1,655360,1,1
"KERNEL_DISPATCH",4,2,79,"void tile_fp16_gemm<128, 64, 4, 8, 32, false>(__half const*, __half const*, float*, float*, int, int, int, long, int)",471,42167863707549,42167864872894,0,25088,256,1,1,23040,1,4
"KERNEL_DISPATCH",4,2,82,"tile_fp16_reduce(float const*, float*, int, int)",472,42167864872894,42167864922820,0,0,256,1,1,184320,1,1
"KERNEL_DISPATCH",4,2,33,"void dequantize_block_iq3_s<__half>(void const*, __half*)",473,42167864944894,42167865353491,0,0,32,1,1,3686400,1,1
"KERNEL_DISPATCH",4,2,35,"void convert_unary<float, __half>(void const*, __half*, long, long, long, HIP_vector_type<unsigned int, 3u>, long, long, long)",474,42167865353491,42167865371713,0,0,256,1,1,655360,1,1
"KERNEL_DISPATCH",4,2,79,"void tile_fp16_gemm<128, 64, 4, 8, 32, false>(__half const*, __half const*, float*, float*, int, int, int, long, int)",475,42167865371713,42167866461798,0,25088,256,1,1,23040,1,4
"KERNEL_DISPATCH",4,2,82,"tile_fp16_reduce(float const*, float*, int, int)",476,42167866461798,42167866510687,0,0,256,1,1,184320,1,1
"KERNEL_DISPATCH",4,2,33,"void dequantize_block_iq3_s<__half>(void const*, __half*)",477,42167866532910,42167866942395,0,0,32,1,1,3686400,1,1
"KERNEL_DISPATCH",4,2,35,"void convert_unary<float, __half>(void const*, __half*, long, long, long, HIP_vector_type<unsigned int, 3u>, long, long, long)",478,42167866942395,42167866961951,0,0,256,1,1,655360,1,1
"KERNEL_DISPATCH",4,2,79,"void tile_fp16_gemm<128, 64, 4, 8, 32, false>(__half const*, __half const*, float*, float*, int, int, int, long, int)",479,42167866961951,42167868129814,0,25088,256,1,1,23040,1,4
"KERNEL_DISPATCH",4,2,82,"tile_fp16_reduce(float const*, float*, int, int)",480,42167868129814,42167868179889,0,0,256,1,1,184320,1,1
"KERNEL_DISPATCH",4,2,33,"void dequantize_block_iq3_s<__half>(void const*, __half*)",481,42167868202556,42167868592634,0,0,32,1,1,3686400,1,1
"KERNEL_DISPATCH",4,2,35,"void convert_unary<float, __half>(void const*, __half*, long, long, long, HIP_vector_type<unsigned int, 3u>, long, long, long)",482,42167868592634,42167868610115,0,0,256,1,1,655360,1,1
"KERNEL_DISPATCH",4,2,79,"void tile_fp16_gemm<128, 64, 4, 8, 32, false>(__half const*, __half const*, float*, float*, int, int, int, long, int)",483,42167868610115,42167869732941,0,25088,256,1,1,23040,1,4
"KERNEL_DISPATCH",4,2,82,"tile_fp16_reduce(float const*, float*, int, int)",484,42167869732941,42167869782571,0,0,256,1,1,184320,1,1
"KERNEL_DISPATCH",4,2,33,"void dequantize_block_iq3_s<__half>(void const*, __half*)",485,42167869804497,42167870214131,0,0,32,1,1,3686400,1,1
"KERNEL_DISPATCH",4,2,35,"void convert_unary<float, __half>(void const*, __half*, long, long, long, HIP_vector_type<unsigned int, 3u>, long, long, long)",486,42167870214131,42167870233835,0,0,256,1,1,655360,1,1
"KERNEL_DISPATCH",4,2,79,"void tile_fp16_gemm<128, 64, 4, 8, 32, false>(__half const*, __half const*, float*, float*, int, int, int, long, int)",487,42167870233835,42167871397402,0,25088,256,1,1,23040,1,4
"KERNEL_DISPATCH",4,2,82,"tile_fp16_reduce(float const*, float*, int, int)",488,42167871397402,42167871470884,0,0,256,1,1,184320,1,1
"KERNEL_DISPATCH",4,2,33,"void dequantize_block_iq3_s<__half>(void const*, __half*)",489,42167871496514,42167871967185,0,0,32,1,1,3686400,1,1
"KERNEL_DISPATCH",4,2,35,"void convert_unary<float, __half>(void const*, __half*, long, long, long, HIP_vector_type<unsigned int, 3u>, long, long, long)",490,42167871967185,42167871993852,0,0,256,1,1,655360,1,1
"KERNEL_DISPATCH",4,2,79,"void tile_fp16_gemm<128, 64, 4, 8, 32, false>(__half const*, __half const*, float*, float*, int, int, int, long, int)",491,42167871993852,42167873235939,0,25088,256,1,1,23040,1,4
"KERNEL_DISPATCH",4,2,82,"tile_fp16_reduce(float const*, float*, int, int)",492,42167873235939,42167873286309,0,0,256,1,1,184320,1,1
"KERNEL_DISPATCH",4,2,33,"void dequantize_block_iq3_s<__half>(void const*, __half*)",493,42167873308680,42167873786166,0,0,32,1,1,3686400,1,1
"KERNEL_DISPATCH",4,2,35,"void convert_unary<float, __half>(void const*, __half*, long, long, long, HIP_vector_type<unsigned int, 3u>, long, long, long)",494,42167873786166,42167873814018,0,0,256,1,1,655360,1,1
"KERNEL_DISPATCH",4,2,79,"void tile_fp16_gemm<128, 64, 4, 8, 32, false>(__half const*, __half const*, float*, float*, int, int, int, long, int)",495,42167873814018,42167875085290,0,25088,256,1,1,23040,1,4
"KERNEL_DISPATCH",4,2,82,"tile_fp16_reduce(float const*, float*, int, int)",496,42167875085290,42167875136105,0,0,256,1,1,184320,1,1
"KERNEL_DISPATCH",4,2,33,"void dequantize_block_iq3_s<__half>(void const*, __half*)",497,42167875158624,42167875552998,0,0,32,1,1,3686400,1,1
"KERNEL_DISPATCH",4,2,35,"void convert_unary<float, __half>(void const*, __half*, long, long, long, HIP_vector_type<unsigned int, 3u>, long, long, long)",498,42167875552998,42167875570776,0,0,256,1,1,655360,1,1
"KERNEL_DISPATCH",4,2,79,"void tile_fp16_gemm<128, 64, 4, 8, 32, false>(__half const*, __half const*, float*, float*, int, int, int, long, int)",499,42167875570776,42167876650046,0,25088,256,1,1,23040,1,4
"KERNEL_DISPATCH",4,2,82,"tile_fp16_reduce(float const*, float*, int, int)",500,42167876650046,42167876699528,0,0,256,1,1,184320,1,1
"KERNEL_DISPATCH",4,2,33,"void dequantize_block_iq3_s<__half>(void const*, __half*)",501,42167876721751,42167877131384,0,0,32,1,1,3686400,1,1
"KERNEL_DISPATCH",4,2,35,"void convert_unary<float, __half>(void const*, __half*, long, long, long, HIP_vector_type<unsigned int, 3u>, long, long, long)",502,42167877131384,42167877151088,0,0,256,1,1,655360,1,1
"KERNEL_DISPATCH",4,2,79,"void tile_fp16_gemm<128, 64, 4, 8, 32, false>(__half const*, __half const*, float*, float*, int, int, int, long, int)",503,42167877151088,42167878313914,0,25088,256,1,1,23040,1,4
"KERNEL_DISPATCH",4,2,82,"tile_fp16_reduce(float const*, float*, int, int)",504,42167878313914,42167878364433,0,0,256,1,1,184320,1,1
"KERNEL_DISPATCH",4,2,33,"void dequantize_block_iq3_s<__half>(void const*, __half*)",505,42174297493081,42174297958123,0,0,32,1,1,3620864,1,1
"KERNEL_DISPATCH",4,2,35,"void convert_unary<float, __half>(void const*, __half*, long, long, long, HIP_vector_type<unsigned int, 3u>, long, long, long)",506,42174297958123,42174298010864,0,0,256,1,1,2228224,1,1
"KERNEL_DISPATCH",4,2,79,"void tile_fp16_gemm<128, 64, 4, 8, 32, false>(__half const*, __half const*, float*, float*, int, int, int, long, int)",507,42174298010864,42174299048059,0,25088,256,1,1,6656,1,8
"KERNEL_DISPATCH",4,2,82,"tile_fp16_reduce(float const*, float*, int, int)",508,42174299048059,42174299073689,0,0,256,1,1,53248,1,1
"KERNEL_DISPATCH",4,2,33,"void dequantize_block_iq3_s<__half>(void const*, __half*)",509,42174299329987,42174299669102,0,0,32,1,1,3620864,1,1
"KERNEL_DISPATCH",4,2,35,"void convert_unary<float, __half>(void const*, __half*, long, long, long, HIP_vector_type<unsigned int, 3u>, long, long, long)",510,42174299669102,42174299719177,0,0,256,1,1,2228224,1,1
"KERNEL_DISPATCH",4,2,79,"void tile_fp16_gemm<128, 64, 4, 8, 32, false>(__half const*, __half const*, float*, float*, int, int, int, long, int)",511,42174299719177,42174300752520,0,25088,256,1,1,6656,1,8
"KERNEL_DISPATCH",4,2,82,"tile_fp16_reduce(float const*, float*, int, int)",512,42174300752520,42174300776965,0,0,256,1,1,53248,1,1
"KERNEL_DISPATCH",4,2,33,"void dequantize_block_iq3_s<__half>(void const*, __half*)",513,42174300797854,42174301137117,0,0,32,1,1,3620864,1,1
"KERNEL_DISPATCH",4,2,35,"void convert_unary<float, __half>(void const*, __half*, long, long, long, HIP_vector_type<unsigned int, 3u>, long, long, long)",514,42174301137117,42174301187191,0,0,256,1,1,2228224,1,1
"KERNEL_DISPATCH",4,2,82,"tile_fp16_reduce(float const*, float*, int, int)",516,42174302214165,42174302239498,0,0,256,1,1,53248,1,1
"KERNEL_DISPATCH",4,2,79,"void tile_fp16_gemm<128, 64, 4, 8, 32, false>(__half const*, __half const*, float*, float*, int, int, int, long, int)",515,42174301187191,42174302214165,0,25088,256,1,1,6656,1,8
"KERNEL_DISPATCH",4,2,33,"void dequantize_block_iq3_s<__half>(void const*, __half*)",517,42174302265573,42174302626317,0,0,32,1,1,3620864,1,1
"KERNEL_DISPATCH",4,2,35,"void convert_unary<float, __half>(void const*, __half*, long, long, long, HIP_vector_type<unsigned int, 3u>, long, long, long)",518,42174302626317,42174302676836,0,0,256,1,1,2228224,1,1
"KERNEL_DISPATCH",4,2,82,"tile_fp16_reduce(float const*, float*, int, int)",520,42174303716698,42174303741587,0,0,256,1,1,53248,1,1
"KERNEL_DISPATCH",4,2,79,"void tile_fp16_gemm<128, 64, 4, 8, 32, false>(__half const*, __half const*, float*, float*, int, int, int, long, int)",519,42174302676836,42174303716698,0,25088,256,1,1,6656,1,8
"KERNEL_DISPATCH",4,2,33,"void dequantize_block_iq3_s<__half>(void const*, __half*)",521,42174303761884,42174304122480,0,0,32,1,1,3620864,1,1
"KERNEL_DISPATCH",4,2,35,"void convert_unary<float, __half>(void const*, __half*, long, long, long, HIP_vector_type<unsigned int, 3u>, long, long, long)",522,42174304122480,42174304174481,0,0,256,1,1,2228224,1,1
"KERNEL_DISPATCH",4,2,82,"tile_fp16_reduce(float const*, float*, int, int)",524,42174305225602,42174305273010,0,0,256,1,1,53248,1,1
"KERNEL_DISPATCH",4,2,79,"void tile_fp16_gemm<128, 64, 4, 8, 32, false>(__half const*, __half const*, float*, float*, int, int, int, long, int)",523,42174304174481,42174305225602,0,25088,256,1,1,6656,1,8
"KERNEL_DISPATCH",4,2,33,"void dequantize_block_iq3_s<__half>(void const*, __half*)",525,42174305294788,42174305697015,0,0,32,1,1,3620864,1,1
"KERNEL_DISPATCH",4,2,35,"void convert_unary<float, __half>(void const*, __half*, long, long, long, HIP_vector_type<unsigned int, 3u>, long, long, long)",526,42174305697015,42174305751978,0,0,256,1,1,2228224,1,1
"KERNEL_DISPATCH",4,2,79,"void tile_fp16_gemm<128, 64, 4, 8, 32, false>(__half const*, __half const*, float*, float*, int, int, int, long, int)",527,42174305751978,42174306784433,0,25088,256,1,1,6656,1,8
"KERNEL_DISPATCH",4,2,82,"tile_fp16_reduce(float const*, float*, int, int)",528,42174306784433,42174306812878,0,0,256,1,1,53248,1,1
"KERNEL_DISPATCH",4,2,33,"void dequantize_block_iq3_s<__half>(void const*, __half*)",529,42174306835100,42174307237030,0,0,32,1,1,3620864,1,1
"KERNEL_DISPATCH",4,2,35,"void convert_unary<float, __half>(void const*, __half*, long, long, long, HIP_vector_type<unsigned int, 3u>, long, long, long)",530,42174307237030,42174307295105,0,0,256,1,1,2228224,1,1
"KERNEL_DISPATCH",4,2,79,"void tile_fp16_gemm<128, 64, 4, 8, 32, false>(__half const*, __half const*, float*, float*, int, int, int, long, int)",531,42174307295105,42174308540006,0,25088,256,1,1,6656,1,8
"KERNEL_DISPATCH",4,2,82,"tile_fp16_reduce(float const*, float*, int, int)",532,42174308540006,42174308582081,0,0,256,1,1,53248,1,1
"KERNEL_DISPATCH",4,2,33,"void dequantize_block_iq3_s<__half>(void const*, __half*)",533,42174308606673,42174309030085,0,0,32,1,1,3620864,1,1
"KERNEL_DISPATCH",4,2,35,"void convert_unary<float, __half>(void const*, __half*, long, long, long, HIP_vector_type<unsigned int, 3u>, long, long, long)",534,42174309030085,42174309088012,0,0,256,1,1,2228224,1,1
"KERNEL_DISPATCH",4,2,79,"void tile_fp16_gemm<128, 64, 4, 8, 32, false>(__half const*, __half const*, float*, float*, int, int, int, long, int)",535,42174309088012,42174310173652,0,25088,256,1,1,6656,1,8
"KERNEL_DISPATCH",4,2,82,"tile_fp16_reduce(float const*, float*, int, int)",536,42174310173652,42174310215875,0,0,256,1,1,53248,1,1
"KERNEL_DISPATCH",4,2,33,"void dequantize_block_iq3_s<__half>(void const*, __half*)",537,42174310237505,42174310639731,0,0,32,1,1,3620864,1,1
"KERNEL_DISPATCH",4,2,35,"void convert_unary<float, __half>(void const*, __half*, long, long, long, HIP_vector_type<unsigned int, 3u>, long, long, long)",538,42174310639731,42174310694398,0,0,256,1,1,2228224,1,1
"KERNEL_DISPATCH",4,2,79,"void tile_fp16_gemm<128, 64, 4, 8, 32, false>(__half const*, __half const*, float*, float*, int, int, int, long, int)",539,42174310694398,42174311724927,0,25088,256,1,1,6656,1,8
"KERNEL_DISPATCH",4,2,82,"tile_fp16_reduce(float const*, float*, int, int)",540,42174311724927,42174311752779,0,0,256,1,1,53248,1,1
"KERNEL_DISPATCH",4,2,33,"void dequantize_block_iq3_s<__half>(void const*, __half*)",541,42174311774409,42174312176487,0,0,32,1,1,3620864,1,1
"KERNEL_DISPATCH",4,2,35,"void convert_unary<float, __half>(void const*, __half*, long, long, long, HIP_vector_type<unsigned int, 3u>, long, long, long)",542,42174312176487,42174312234414,0,0,256,1,1,2228224,1,1
"KERNEL_DISPATCH",4,2,79,"void tile_fp16_gemm<128, 64, 4, 8, 32, false>(__half const*, __half const*, float*, float*, int, int, int, long, int)",543,42174312234414,42174313451167,0,25088,256,1,1,6656,1,8
"KERNEL_DISPATCH",4,2,82,"tile_fp16_reduce(float const*, float*, int, int)",544,42174313451167,42174313495315,0,0,256,1,1,53248,1,1
"KERNEL_DISPATCH",4,2,33,"void dequantize_block_iq3_s<__half>(void const*, __half*)",545,42174313519908,42174313953838,0,0,32,1,1,3620864,1,1
"KERNEL_DISPATCH",4,2,35,"void convert_unary<float, __half>(void const*, __half*, long, long, long, HIP_vector_type<unsigned int, 3u>, long, long, long)",546,42174313953838,42174314011913,0,0,256,1,1,2228224,1,1
"KERNEL_DISPATCH",4,2,79,"void tile_fp16_gemm<128, 64, 4, 8, 32, false>(__half const*, __half const*, float*, float*, int, int, int, long, int)",547,42174314011913,42174315277704,0,25088,256,1,1,6656,1,8
"KERNEL_DISPATCH",4,2,82,"tile_fp16_reduce(float const*, float*, int, int)",548,42174315277704,42174315319778,0,0,256,1,1,53248,1,1
"KERNEL_DISPATCH",4,2,33,"void dequantize_block_iq3_s<__half>(void const*, __half*)",549,42174315343926,42174315800524,0,0,32,1,1,3620864,1,1
"KERNEL_DISPATCH",4,2,35,"void convert_unary<float, __half>(void const*, __half*, long, long, long, HIP_vector_type<unsigned int, 3u>, long, long, long)",550,42174315800524,42174315858450,0,0,256,1,1,2228224,1,1
"KERNEL_DISPATCH",4,2,79,"void tile_fp16_gemm<128, 64, 4, 8, 32, false>(__half const*, __half const*, float*, float*, int, int, int, long, int)",551,42174315858450,42174316937128,0,25088,256,1,1,6656,1,8
"KERNEL_DISPATCH",4,2,82,"tile_fp16_reduce(float const*, float*, int, int)",552,42174316937128,42174316979498,0,0,256,1,1,53248,1,1
"KERNEL_DISPATCH",4,2,33,"void dequantize_block_iq3_s<__half>(void const*, __half*)",553,42174317000832,42174317403058,0,0,32,1,1,3620864,1,1
"KERNEL_DISPATCH",4,2,35,"void convert_unary<float, __half>(void const*, __half*, long, long, long, HIP_vector_type<unsigned int, 3u>, long, long, long)",554,42174317403058,42174317461429,0,0,256,1,1,2228224,1,1
"KERNEL_DISPATCH",4,2,79,"void tile_fp16_gemm<128, 64, 4, 8, 32, false>(__half const*, __half const*, float*, float*, int, int, int, long, int)",555,42174317461429,42174318472699,0,25088,256,1,1,6656,1,8
"KERNEL_DISPATCH",4,2,82,"tile_fp16_reduce(float const*, float*, int, int)",556,42174318472699,42174318497884,0,0,256,1,1,53248,1,1
"KERNEL_DISPATCH",4,2,33,"void dequantize_block_iq3_s<__half>(void const*, __half*)",557,42174318519218,42174318918037,0,0,32,1,1,3620864,1,1
"KERNEL_DISPATCH",4,2,35,"void convert_unary<float, __half>(void const*, __half*, long, long, long, HIP_vector_type<unsigned int, 3u>, long, long, long)",558,42174318918037,42174318975963,0,0,256,1,1,2228224,1,1
"KERNEL_DISPATCH",4,2,79,"void tile_fp16_gemm<128, 64, 4, 8, 32, false>(__half const*, __half const*, float*, float*, int, int, int, long, int)",559,42174318975963,42174320209012,0,25088,256,1,1,6656,1,8
"KERNEL_DISPATCH",4,2,82,"tile_fp16_reduce(float const*, float*, int, int)",560,42174320209012,42174320251680,0,0,256,1,1,53248,1,1
"KERNEL_DISPATCH",4,2,33,"void dequantize_block_iq3_s<__half>(void const*, __half*)",561,42174320275532,42174320733462,0,0,32,1,1,3620864,1,1
"KERNEL_DISPATCH",4,2,35,"void convert_unary<float, __half>(void const*, __half*, long, long, long, HIP_vector_type<unsigned int, 3u>, long, long, long)",562,42174320733462,42174320809315,0,0,256,1,1,2228224,1,1
"KERNEL_DISPATCH",4,2,79,"void tile_fp16_gemm<128, 64, 4, 8, 32, false>(__half const*, __half const*, float*, float*, int, int, int, long, int)",563,42174320809315,42174321892585,0,25088,256,1,1,6656,1,8
"KERNEL_DISPATCH",4,2,82,"tile_fp16_reduce(float const*, float*, int, int)",564,42174321892585,42174321935548,0,0,256,1,1,53248,1,1
"KERNEL_DISPATCH",4,2,33,"void dequantize_block_iq3_s<__half>(void const*, __half*)",565,42174321957475,42174322359997,0,0,32,1,1,3620864,1,1
"KERNEL_DISPATCH",4,2,35,"void convert_unary<float, __half>(void const*, __half*, long, long, long, HIP_vector_type<unsigned int, 3u>, long, long, long)",566,42174322359997,42174322417775,0,0,256,1,1,2228224,1,1
"KERNEL_DISPATCH",4,2,79,"void tile_fp16_gemm<128, 64, 4, 8, 32, false>(__half const*, __half const*, float*, float*, int, int, int, long, int)",567,42174322417775,42174323442378,0,25088,256,1,1,6656,1,8
"KERNEL_DISPATCH",4,2,82,"tile_fp16_reduce(float const*, float*, int, int)",568,42174323442378,42174323467712,0,0,256,1,1,53248,1,1
"KERNEL_DISPATCH",4,2,33,"void dequantize_block_iq3_s<__half>(void const*, __half*)",569,42174323487712,42174323848753,0,0,32,1,1,3620864,1,1
"KERNEL_DISPATCH",4,2,35,"void convert_unary<float, __half>(void const*, __half*, long, long, long, HIP_vector_type<unsigned int, 3u>, long, long, long)",570,42174323848753,42174323900753,0,0,256,1,1,2228224,1,1
"KERNEL_DISPATCH",4,2,79,"void tile_fp16_gemm<128, 64, 4, 8, 32, false>(__half const*, __half const*, float*, float*, int, int, int, long, int)",571,42174323900753,42174324917801,0,25088,256,1,1,6656,1,8
"KERNEL_DISPATCH",4,2,82,"tile_fp16_reduce(float const*, float*, int, int)",572,42174324917801,42174324945949,0,0,256,1,1,53248,1,1
"KERNEL_DISPATCH",4,2,33,"void dequantize_block_iq3_s<__half>(void const*, __half*)",573,42174324967431,42174325369657,0,0,32,1,1,3620864,1,1
"KERNEL_DISPATCH",4,2,35,"void convert_unary<float, __half>(void const*, __half*, long, long, long, HIP_vector_type<unsigned int, 3u>, long, long, long)",574,42174325369657,42174325427435,0,0,256,1,1,2228224,1,1
"KERNEL_DISPATCH",4,2,79,"void tile_fp16_gemm<128, 64, 4, 8, 32, false>(__half const*, __half const*, float*, float*, int, int, int, long, int)",575,42174325427435,42174326491002,0,25088,256,1,1,6656,1,8
"KERNEL_DISPATCH",4,2,82,"tile_fp16_reduce(float const*, float*, int, int)",576,42174326491002,42174326533372,0,0,256,1,1,53248,1,1
"KERNEL_DISPATCH",4,2,33,"void dequantize_block_iq3_s<__half>(void const*, __half*)",577,42174326555150,42174326957673,0,0,32,1,1,3620864,1,1
"KERNEL_DISPATCH",4,2,35,"void convert_unary<float, __half>(void const*, __half*, long, long, long, HIP_vector_type<unsigned int, 3u>, long, long, long)",578,42174326957673,42174327015600,0,0,256,1,1,2228224,1,1
"KERNEL_DISPATCH",4,2,79,"void tile_fp16_gemm<128, 64, 4, 8, 32, false>(__half const*, __half const*, float*, float*, int, int, int, long, int)",579,42174327015600,42174328102722,0,25088,256,1,1,6656,1,8
"KERNEL_DISPATCH",4,2,82,"tile_fp16_reduce(float const*, float*, int, int)",580,42174328102722,42174328145092,0,0,256,1,1,53248,1,1
"KERNEL_DISPATCH",4,2,33,"void dequantize_block_iq3_s<__half>(void const*, __half*)",581,42174328166722,42174328568800,0,0,32,1,1,3620864,1,1
"KERNEL_DISPATCH",4,2,35,"void convert_unary<float, __half>(void const*, __half*, long, long, long, HIP_vector_type<unsigned int, 3u>, long, long, long)",582,42174328568800,42174328626875,0,0,256,1,1,2228224,1,1
"KERNEL_DISPATCH",4,2,79,"void tile_fp16_gemm<128, 64, 4, 8, 32, false>(__half const*, __half const*, float*, float*, int, int, int, long, int)",583,42174328626875,42174329702886,0,25088,256,1,1,6656,1,8
"KERNEL_DISPATCH",4,2,82,"tile_fp16_reduce(float const*, float*, int, int)",584,42174329702886,42174329745257,0,0,256,1,1,53248,1,1
"KERNEL_DISPATCH",4,2,33,"void dequantize_block_iq3_s<__half>(void const*, __half*)",585,42174329767035,42174330169261,0,0,32,1,1,3620864,1,1
"KERNEL_DISPATCH",4,2,35,"void convert_unary<float, __half>(void const*, __half*, long, long, long, HIP_vector_type<unsigned int, 3u>, long, long, long)",586,42174330169261,42174330227187,0,0,256,1,1,2228224,1,1
"KERNEL_DISPATCH",4,2,79,"void tile_fp16_gemm<128, 64, 4, 8, 32, false>(__half const*, __half const*, float*, float*, int, int, int, long, int)",587,42174330227187,42174331302161,0,25088,256,1,1,6656,1,8
"KERNEL_DISPATCH",4,2,82,"tile_fp16_reduce(float const*, float*, int, int)",588,42174331302161,42174331344384,0,0,256,1,1,53248,1,1
"KERNEL_DISPATCH",4,2,33,"void dequantize_block_iq3_s<__half>(void const*, __half*)",589,42174331366310,42174331764388,0,0,32,1,1,3620864,1,1
"KERNEL_DISPATCH",4,2,35,"void convert_unary<float, __half>(void const*, __half*, long, long, long, HIP_vector_type<unsigned int, 3u>, long, long, long)",590,42174331764388,42174331816981,0,0,256,1,1,2228224,1,1
"KERNEL_DISPATCH",4,2,79,"void tile_fp16_gemm<128, 64, 4, 8, 32, false>(__half const*, __half const*, float*, float*, int, int, int, long, int)",591,42174331816981,42174332832695,0,25088,256,1,1,6656,1,8
"KERNEL_DISPATCH",4,2,82,"tile_fp16_reduce(float const*, float*, int, int)",592,42174332832695,42174332860399,0,0,256,1,1,53248,1,1
"KERNEL_DISPATCH",4,2,33,"void dequantize_block_iq3_s<__half>(void const*, __half*)",593,42174332882029,42174333284403,0,0,32,1,1,3620864,1,1
"KERNEL_DISPATCH",4,2,35,"void convert_unary<float, __half>(void const*, __half*, long, long, long, HIP_vector_type<unsigned int, 3u>, long, long, long)",594,42174333284403,42174333342478,0,0,256,1,1,2228224,1,1
"KERNEL_DISPATCH",4,2,79,"void tile_fp16_gemm<128, 64, 4, 8, 32, false>(__half const*, __half const*, float*, float*, int, int, int, long, int)",595,42174333342478,42174334407526,0,25088,256,1,1,6656,1,8
"KERNEL_DISPATCH",4,2,82,"tile_fp16_reduce(float const*, float*, int, int)",596,42174334407526,42174334449897,0,0,256,1,1,53248,1,1
"KERNEL_DISPATCH",4,2,33,"void dequantize_block_iq3_s<__half>(void const*, __half*)",597,42174334471082,42174334858493,0,0,32,1,1,3620864,1,1
"KERNEL_DISPATCH",4,2,35,"void convert_unary<float, __half>(void const*, __half*, long, long, long, HIP_vector_type<unsigned int, 3u>, long, long, long)",598,42174334858493,42174334910197,0,0,256,1,1,2228224,1,1
"KERNEL_DISPATCH",4,2,79,"void tile_fp16_gemm<128, 64, 4, 8, 32, false>(__half const*, __half const*, float*, float*, int, int, int, long, int)",599,42174334910197,42174335949467,0,25088,256,1,1,6656,1,8
"KERNEL_DISPATCH",4,2,82,"tile_fp16_reduce(float const*, float*, int, int)",600,42174335949467,42174335977171,0,0,256,1,1,53248,1,1
"KERNEL_DISPATCH",4,2,33,"void dequantize_block_iq3_s<__half>(void const*, __half*)",601,42174335999542,42174336401916,0,0,32,1,1,3620864,1,1
"KERNEL_DISPATCH",4,2,35,"void convert_unary<float, __half>(void const*, __half*, long, long, long, HIP_vector_type<unsigned int, 3u>, long, long, long)",602,42174336401916,42174336459991,0,0,256,1,1,2228224,1,1
"KERNEL_DISPATCH",4,2,79,"void tile_fp16_gemm<128, 64, 4, 8, 32, false>(__half const*, __half const*, float*, float*, int, int, int, long, int)",603,42174336459991,42174337541039,0,25088,256,1,1,6656,1,8
"KERNEL_DISPATCH",4,2,82,"tile_fp16_reduce(float const*, float*, int, int)",604,42174337541039,42174337582965,0,0,256,1,1,53248,1,1
"KERNEL_DISPATCH",4,2,33,"void dequantize_block_iq3_s<__half>(void const*, __half*)",605,42174337604447,42174338006377,0,0,32,1,1,3620864,1,1
"KERNEL_DISPATCH",4,2,35,"void convert_unary<float, __half>(void const*, __half*, long, long, long, HIP_vector_type<unsigned int, 3u>, long, long, long)",606,42174338006377,42174338064155,0,0,256,1,1,2228224,1,1
"KERNEL_DISPATCH",4,2,79,"void tile_fp16_gemm<128, 64, 4, 8, 32, false>(__half const*, __half const*, float*, float*, int, int, int, long, int)",607,42174338064155,42174339306390,0,25088,256,1,1,6656,1,8
"KERNEL_DISPATCH",4,2,82,"tile_fp16_reduce(float const*, float*, int, int)",608,42174339306390,42174339349798,0,0,256,1,1,53248,1,1
"KERNEL_DISPATCH",4,2,33,"void dequantize_block_iq3_s<__half>(void const*, __half*)",609,42174339374242,42174339827136,0,0,32,1,1,3620864,1,1
"KERNEL_DISPATCH",4,2,35,"void convert_unary<float, __half>(void const*, __half*, long, long, long, HIP_vector_type<unsigned int, 3u>, long, long, long)",610,42174339827136,42174339884766,0,0,256,1,1,2228224,1,1
"KERNEL_DISPATCH",4,2,79,"void tile_fp16_gemm<128, 64, 4, 8, 32, false>(__half const*, __half const*, float*, float*, int, int, int, long, int)",611,42174339884766,42174341082260,0,25088,256,1,1,6656,1,8
"KERNEL_DISPATCH",4,2,82,"tile_fp16_reduce(float const*, float*, int, int)",612,42174341082260,42174341126260,0,0,256,1,1,53248,1,1
"KERNEL_DISPATCH",4,2,33,"void dequantize_block_iq3_s<__half>(void const*, __half*)",613,42174341150557,42174341612487,0,0,32,1,1,3620864,1,1
"KERNEL_DISPATCH",4,2,35,"void convert_unary<float, __half>(void const*, __half*, long, long, long, HIP_vector_type<unsigned int, 3u>, long, long, long)",614,42174341612487,42174341688636,0,0,256,1,1,2228224,1,1
"KERNEL_DISPATCH",4,2,79,"void tile_fp16_gemm<128, 64, 4, 8, 32, false>(__half const*, __half const*, float*, float*, int, int, int, long, int)",615,42174341688636,42174342788943,0,25088,256,1,1,6656,1,8
"KERNEL_DISPATCH",4,2,82,"tile_fp16_reduce(float const*, float*, int, int)",616,42174342788943,42174342831314,0,0,256,1,1,53248,1,1
"KERNEL_DISPATCH",4,2,33,"void dequantize_block_iq3_s<__half>(void const*, __half*)",617,42174342852648,42174343255170,0,0,32,1,1,3620864,1,1
"KERNEL_DISPATCH",4,2,35,"void convert_unary<float, __half>(void const*, __half*, long, long, long, HIP_vector_type<unsigned int, 3u>, long, long, long)",618,42174343255170,42174343313245,0,0,256,1,1,2228224,1,1
"KERNEL_DISPATCH",4,2,79,"void tile_fp16_gemm<128, 64, 4, 8, 32, false>(__half const*, __half const*, float*, float*, int, int, int, long, int)",619,42174343313245,42174344402589,0,25088,256,1,1,6656,1,8
"KERNEL_DISPATCH",4,2,82,"tile_fp16_reduce(float const*, float*, int, int)",620,42174344402589,42174344444960,0,0,256,1,1,53248,1,1
"KERNEL_DISPATCH",4,2,33,"void dequantize_block_iq3_s<__half>(void const*, __half*)",621,42174344467183,42174344854742,0,0,32,1,1,3620864,1,1
"KERNEL_DISPATCH",4,2,35,"void convert_unary<float, __half>(void const*, __half*, long, long, long, HIP_vector_type<unsigned int, 3u>, long, long, long)",622,42174344854742,42174344907335,0,0,256,1,1,2228224,1,1
"KERNEL_DISPATCH",4,2,79,"void tile_fp16_gemm<128, 64, 4, 8, 32, false>(__half const*, __half const*, float*, float*, int, int, int, long, int)",623,42174344907335,42174345939642,0,25088,256,1,1,6656,1,8
"KERNEL_DISPATCH",4,2,82,"tile_fp16_reduce(float const*, float*, int, int)",624,42174345939642,42174345967346,0,0,256,1,1,53248,1,1
"KERNEL_DISPATCH",4,2,33,"void dequantize_block_iq3_s<__half>(void const*, __half*)",625,42174345988828,42174346391202,0,0,32,1,1,3620864,1,1
"KERNEL_DISPATCH",4,2,35,"void convert_unary<float, __half>(void const*, __half*, long, long, long, HIP_vector_type<unsigned int, 3u>, long, long, long)",626,42174346391202,42174346449128,0,0,256,1,1,2228224,1,1
"KERNEL_DISPATCH",4,2,82,"tile_fp16_reduce(float const*, float*, int, int)",628,42174347532991,42174347575362,0,0,256,1,1,53248,1,1
"KERNEL_DISPATCH",4,2,79,"void tile_fp16_gemm<128, 64, 4, 8, 32, false>(__half const*, __half const*, float*, float*, int, int, int, long, int)",627,42174346449128,42174347532991,0,25088,256,1,1,6656,1,8
"KERNEL_DISPATCH",4,2,33,"void dequantize_block_iq3_s<__half>(void const*, __half*)",629,42174347597584,42174347999959,0,0,32,1,1,3620864,1,1
"KERNEL_DISPATCH",4,2,35,"void convert_unary<float, __half>(void const*, __half*, long, long, long, HIP_vector_type<unsigned int, 3u>, long, long, long)",630,42174347999959,42174348057737,0,0,256,1,1,2228224,1,1
"KERNEL_DISPATCH",4,2,79,"void tile_fp16_gemm<128, 64, 4, 8, 32, false>(__half const*, __half const*, float*, float*, int, int, int, long, int)",631,42174348057737,42174349273009,0,25088,256,1,1,6656,1,8
"KERNEL_DISPATCH",4,2,82,"tile_fp16_reduce(float const*, float*, int, int)",632,42174349273009,42174349315676,0,0,256,1,1,53248,1,1
"KERNEL_DISPATCH",4,2,33,"void dequantize_block_iq3_s<__half>(void const*, __half*)",633,42174349340565,42174349798199,0,0,32,1,1,3620864,1,1
"KERNEL_DISPATCH",4,2,35,"void convert_unary<float, __half>(void const*, __half*, long, long, long, HIP_vector_type<unsigned int, 3u>, long, long, long)",634,42174349798199,42174349856126,0,0,256,1,1,2228224,1,1
"KERNEL_DISPATCH",4,2,79,"void tile_fp16_gemm<128, 64, 4, 8, 32, false>(__half const*, __half const*, float*, float*, int, int, int, long, int)",635,42174349856126,42174350934507,0,25088,256,1,1,6656,1,8
"KERNEL_DISPATCH",4,2,82,"tile_fp16_reduce(float const*, float*, int, int)",636,42174350934507,42174350976730,0,0,256,1,1,53248,1,1
"KERNEL_DISPATCH",4,2,33,"void dequantize_block_iq3_s<__half>(void const*, __half*)",637,42174350998508,42174351400882,0,0,32,1,1,3620864,1,1
"KERNEL_DISPATCH",4,2,35,"void convert_unary<float, __half>(void const*, __half*, long, long, long, HIP_vector_type<unsigned int, 3u>, long, long, long)",638,42174351400882,42174351459105,0,0,256,1,1,2228224,1,1
"KERNEL_DISPATCH",4,2,82,"tile_fp16_reduce(float const*, float*, int, int)",640,42174352541634,42174352583857,0,0,256,1,1,53248,1,1
"KERNEL_DISPATCH",4,2,79,"void tile_fp16_gemm<128, 64, 4, 8, 32, false>(__half const*, __half const*, float*, float*, int, int, int, long, int)",639,42174351459105,42174352541634,0,25088,256,1,1,6656,1,8
"KERNEL_DISPATCH",4,2,33,"void dequantize_block_iq3_s<__half>(void const*, __half*)",641,42174352605339,42174353007861,0,0,32,1,1,3620864,1,1
"KERNEL_DISPATCH",4,2,35,"void convert_unary<float, __half>(void const*, __half*, long, long, long, HIP_vector_type<unsigned int, 3u>, long, long, long)",642,42174353007861,42174353066232,0,0,256,1,1,2228224,1,1
"KERNEL_DISPATCH",4,2,82,"tile_fp16_reduce(float const*, float*, int, int)",644,42174354348764,42174354391875,0,0,256,1,1,53248,1,1
"KERNEL_DISPATCH",4,2,79,"void tile_fp16_gemm<128, 64, 4, 8, 32, false>(__half const*, __half const*, float*, float*, int, int, int, long, int)",643,42174353066232,42174354348764,0,25088,256,1,1,6656,1,8
"KERNEL_DISPATCH",4,2,33,"void dequantize_block_iq3_s<__half>(void const*, __half*)",645,42174354416912,42174354864324,0,0,32,1,1,3620864,1,1
"KERNEL_DISPATCH",4,2,35,"void convert_unary<float, __half>(void const*, __half*, long, long, long, HIP_vector_type<unsigned int, 3u>, long, long, long)",646,42174354864324,42174354922547,0,0,256,1,1,2228224,1,1
"KERNEL_DISPATCH",4,2,82,"tile_fp16_reduce(float const*, float*, int, int)",648,42174356121967,42174356165523,0,0,256,1,1,53248,1,1
"KERNEL_DISPATCH",4,2,79,"void tile_fp16_gemm<128, 64, 4, 8, 32, false>(__half const*, __half const*, float*, float*, int, int, int, long, int)",647,42174354922547,42174356121967,0,25088,256,1,1,6656,1,8
"KERNEL_DISPATCH",4,2,33,"void dequantize_block_iq3_s<__half>(void const*, __half*)",649,42174356189671,42174356651602,0,0,32,1,1,3620864,1,1
"KERNEL_DISPATCH",4,2,35,"void convert_unary<float, __half>(void const*, __half*, long, long, long, HIP_vector_type<unsigned int, 3u>, long, long, long)",650,42174356651602,42174356728787,0,0,256,1,1,2228224,1,1
"KERNEL_DISPATCH",4,2,82,"tile_fp16_reduce(float const*, float*, int, int)",652,42174357828650,42174357872355,0,0,256,1,1,53248,1,1
"KERNEL_DISPATCH",4,2,79,"void tile_fp16_gemm<128, 64, 4, 8, 32, false>(__half const*, __half const*, float*, float*, int, int, int, long, int)",651,42174356728787,42174357828650,0,25088,256,1,1,6656,1,8
"KERNEL_DISPATCH",4,2,33,"void dequantize_block_iq3_s<__half>(void const*, __half*)",653,42174357893984,42174358296359,0,0,32,1,1,3620864,1,1
"KERNEL_DISPATCH",4,2,35,"void convert_unary<float, __half>(void const*, __half*, long, long, long, HIP_vector_type<unsigned int, 3u>, long, long, long)",654,42174358296359,42174358354137,0,0,256,1,1,2228224,1,1
"KERNEL_DISPATCH",4,2,82,"tile_fp16_reduce(float const*, float*, int, int)",656,42174359375925,42174359400963,0,0,256,1,1,53248,1,1
"KERNEL_DISPATCH",4,2,79,"void tile_fp16_gemm<128, 64, 4, 8, 32, false>(__half const*, __half const*, float*, float*, int, int, int, long, int)",655,42174358354137,42174359375925,0,25088,256,1,1,6656,1,8
"KERNEL_DISPATCH",4,2,33,"void dequantize_block_iq3_s<__half>(void const*, __half*)",657,42174359421407,42174359782003,0,0,32,1,1,3620864,1,1
"KERNEL_DISPATCH",4,2,35,"void convert_unary<float, __half>(void const*, __half*, long, long, long, HIP_vector_type<unsigned int, 3u>, long, long, long)",658,42174359782003,42174359834448,0,0,256,1,1,2228224,1,1
"KERNEL_DISPATCH",4,2,82,"tile_fp16_reduce(float const*, float*, int, int)",660,42174360871835,42174360899836,0,0,256,1,1,53248,1,1
"KERNEL_DISPATCH",4,2,79,"void tile_fp16_gemm<128, 64, 4, 8, 32, false>(__half const*, __half const*, float*, float*, int, int, int, long, int)",659,42174359834640,42174360871835,0,25088,256,1,1,6656,1,8
"KERNEL_DISPATCH",4,2,33,"void dequantize_block_iq3_s<__half>(void const*, __half*)",661,42174360921614,42174361323839,0,0,32,1,1,3620864,1,1
"KERNEL_DISPATCH",4,2,35,"void convert_unary<float, __half>(void const*, __half*, long, long, long, HIP_vector_type<unsigned int, 3u>, long, long, long)",662,42174361323839,42174361444433,0,0,256,1,1,2228224,1,1
"KERNEL_DISPATCH",4,2,79,"void tile_fp16_gemm<128, 64, 4, 8, 32, false>(__half const*, __half const*, float*, float*, int, int, int, long, int)",663,42174361444433,42174362529629,0,25088,256,1,1,6656,1,8
"KERNEL_DISPATCH",4,2,82,"tile_fp16_reduce(float const*, float*, int, int)",664,42174362529629,42174362572444,0,0,256,1,1,53248,1,1
"KERNEL_DISPATCH",4,2,33,"void dequantize_block_iq3_s<__half>(void const*, __half*)",665,42174362594815,42174362997337,0,0,32,1,1,3620864,1,1
"KERNEL_DISPATCH",4,2,35,"void convert_unary<float, __half>(void const*, __half*, long, long, long, HIP_vector_type<unsigned int, 3u>, long, long, long)",666,42174362997337,42174363055264,0,0,256,1,1,2228224,1,1
"KERNEL_DISPATCH",4,2,79,"void tile_fp16_gemm<128, 64, 4, 8, 32, false>(__half const*, __half const*, float*, float*, int, int, int, long, int)",667,42174363055264,42174364318536,0,25088,256,1,1,6656,1,8
"KERNEL_DISPATCH",4,2,82,"tile_fp16_reduce(float const*, float*, int, int)",668,42174364318536,42174364361647,0,0,256,1,1,53248,1,1
"KERNEL_DISPATCH",4,2,33,"void dequantize_block_iq3_s<__half>(void const*, __half*)",669,42174364386388,42174364838097,0,0,32,1,1,3620864,1,1
"KERNEL_DISPATCH",4,2,35,"void convert_unary<float, __half>(void const*, __half*, long, long, long, HIP_vector_type<unsigned int, 3u>, long, long, long)",670,42174364838097,42174364896171,0,0,256,1,1,2228224,1,1
"KERNEL_DISPATCH",4,2,79,"void tile_fp16_gemm<128, 64, 4, 8, 32, false>(__half const*, __half const*, float*, float*, int, int, int, long, int)",671,42174364896171,42174366116924,0,25088,256,1,1,6656,1,8
"KERNEL_DISPATCH",4,2,82,"tile_fp16_reduce(float const*, float*, int, int)",672,42174366116924,42174366160332,0,0,256,1,1,53248,1,1
"KERNEL_DISPATCH",4,2,33,"void dequantize_block_iq3_s<__half>(void const*, __half*)",673,42174366185369,42174366647300,0,0,32,1,1,3620864,1,1
"KERNEL_DISPATCH",4,2,35,"void convert_unary<float, __half>(void const*, __half*, long, long, long, HIP_vector_type<unsigned int, 3u>, long, long, long)",674,42174366647300,42174366722856,0,0,256,1,1,2228224,1,1
"KERNEL_DISPATCH",4,2,79,"void tile_fp16_gemm<128, 64, 4, 8, 32, false>(__half const*, __half const*, float*, float*, int, int, int, long, int)",675,42174366722856,42174367823608,0,25088,256,1,1,6656,1,8
"KERNEL_DISPATCH",4,2,82,"tile_fp16_reduce(float const*, float*, int, int)",676,42174367823608,42174367865831,0,0,256,1,1,53248,1,1
"KERNEL_DISPATCH",4,2,33,"void dequantize_block_iq3_s<__half>(void const*, __half*)",677,42174367888349,42174368290872,0,0,32,1,1,3620864,1,1
"KERNEL_DISPATCH",4,2,35,"void convert_unary<float, __half>(void const*, __half*, long, long, long, HIP_vector_type<unsigned int, 3u>, long, long, long)",678,42174368290872,42174368348947,0,0,256,1,1,2228224,1,1
"KERNEL_DISPATCH",4,2,82,"tile_fp16_reduce(float const*, float*, int, int)",680,42174369428809,42174369471032,0,0,256,1,1,53248,1,1
"KERNEL_DISPATCH",4,2,79,"void tile_fp16_gemm<128, 64, 4, 8, 32, false>(__half const*, __half const*, float*, float*, int, int, int, long, int)",679,42174368348947,42174369428809,0,25088,256,1,1,6656,1,8
"KERNEL_DISPATCH",4,2,33,"void dequantize_block_iq3_s<__half>(void const*, __half*)",681,42174369493106,42174369877851,0,0,32,1,1,3620864,1,1
"KERNEL_DISPATCH",4,2,35,"void convert_unary<float, __half>(void const*, __half*, long, long, long, HIP_vector_type<unsigned int, 3u>, long, long, long)",682,42174369877851,42174369930000,0,0,256,1,1,2228224,1,1
"KERNEL_DISPATCH",4,2,79,"void tile_fp16_gemm<128, 64, 4, 8, 32, false>(__half const*, __half const*, float*, float*, int, int, int, long, int)",683,42174369930000,42174370971936,0,25088,256,1,1,6656,1,8
"KERNEL_DISPATCH",4,2,82,"tile_fp16_reduce(float const*, float*, int, int)",684,42174370971936,42174370999640,0,0,256,1,1,53248,1,1
"KERNEL_DISPATCH",4,2,33,"void dequantize_block_iq3_s<__half>(void const*, __half*)",685,42174371022159,42174371424237,0,0,32,1,1,3620864,1,1
"KERNEL_DISPATCH",4,2,35,"void convert_unary<float, __half>(void const*, __half*, long, long, long, HIP_vector_type<unsigned int, 3u>, long, long, long)",686,42174371424237,42174371482163,0,0,256,1,1,2228224,1,1
"KERNEL_DISPATCH",4,2,79,"void tile_fp16_gemm<128, 64, 4, 8, 32, false>(__half const*, __half const*, float*, float*, int, int, int, long, int)",687,42174371482163,42174372543656,0,25088,256,1,1,6656,1,8
"KERNEL_DISPATCH",4,2,82,"tile_fp16_reduce(float const*, float*, int, int)",688,42174372543656,42174372585878,0,0,256,1,1,53248,1,1
"KERNEL_DISPATCH",4,2,33,"void dequantize_block_iq3_s<__half>(void const*, __half*)",689,42174372608841,42174373011068,0,0,32,1,1,3620864,1,1
"KERNEL_DISPATCH",4,2,35,"void convert_unary<float, __half>(void const*, __half*, long, long, long, HIP_vector_type<unsigned int, 3u>, long, long, long)",690,42174373011068,42174373068698,0,0,256,1,1,2228224,1,1
"KERNEL_DISPATCH",4,2,79,"void tile_fp16_gemm<128, 64, 4, 8, 32, false>(__half const*, __half const*, float*, float*, int, int, int, long, int)",691,42174373068698,42174374277599,0,25088,256,1,1,6656,1,8
"KERNEL_DISPATCH",4,2,82,"tile_fp16_reduce(float const*, float*, int, int)",692,42174374277599,42174374320266,0,0,256,1,1,53248,1,1
"KERNEL_DISPATCH",4,2,33,"void dequantize_block_iq3_s<__half>(void const*, __half*)",693,42174374344859,42174374802345,0,0,32,1,1,3620864,1,1
"KERNEL_DISPATCH",4,2,35,"void convert_unary<float, __half>(void const*, __half*, long, long, long, HIP_vector_type<unsigned int, 3u>, long, long, long)",694,42174374802345,42174374860272,0,0,256,1,1,2228224,1,1
"KERNEL_DISPATCH",4,2,82,"tile_fp16_reduce(float const*, float*, int, int)",696,42174376067395,42174376110062,0,0,256,1,1,53248,1,1
"KERNEL_DISPATCH",4,2,79,"void tile_fp16_gemm<128, 64, 4, 8, 32, false>(__half const*, __half const*, float*, float*, int, int, int, long, int)",695,42174374860272,42174376067395,0,25088,256,1,1,6656,1,8
"KERNEL_DISPATCH",4,2,33,"void dequantize_block_iq3_s<__half>(void const*, __half*)",697,42174376134951,42174376596882,0,0,32,1,1,3620864,1,1
"KERNEL_DISPATCH",4,2,35,"void convert_unary<float, __half>(void const*, __half*, long, long, long, HIP_vector_type<unsigned int, 3u>, long, long, long)",698,42174376596882,42174376673919,0,0,256,1,1,2228224,1,1
"KERNEL_DISPATCH",4,2,79,"void tile_fp16_gemm<128, 64, 4, 8, 32, false>(__half const*, __half const*, float*, float*, int, int, int, long, int)",699,42174376673919,42174377758523,0,25088,256,1,1,6656,1,8
"KERNEL_DISPATCH",4,2,82,"tile_fp16_reduce(float const*, float*, int, int)",700,42174377758523,42174377801338,0,0,256,1,1,53248,1,1
"KERNEL_DISPATCH",4,2,33,"void dequantize_block_iq3_s<__half>(void const*, __half*)",701,42174377823264,42174378225639,0,0,32,1,1,3620864,1,1
"KERNEL_DISPATCH",4,2,35,"void convert_unary<float, __half>(void const*, __half*, long, long, long, HIP_vector_type<unsigned int, 3u>, long, long, long)",702,42174378225639,42174378283269,0,0,256,1,1,2228224,1,1
"KERNEL_DISPATCH",4,2,79,"void tile_fp16_gemm<128, 64, 4, 8, 32, false>(__half const*, __half const*, float*, float*, int, int, int, long, int)",703,42174378283269,42174379365206,0,25088,256,1,1,6656,1,8
"KERNEL_DISPATCH",4,2,82,"tile_fp16_reduce(float const*, float*, int, int)",704,42174379365206,42174379407429,0,0,256,1,1,53248,1,1
"KERNEL_DISPATCH",4,2,33,"void dequantize_block_iq3_s<__half>(void const*, __half*)",705,42174379430392,42174379821507,0,0,32,1,1,3620864,1,1
"KERNEL_DISPATCH",4,2,35,"void convert_unary<float, __half>(void const*, __half*, long, long, long, HIP_vector_type<unsigned int, 3u>, long, long, long)",706,42174379821507,42174379873507,0,0,256,1,1,2228224,1,1
"KERNEL_DISPATCH",4,2,79,"void tile_fp16_gemm<128, 64, 4, 8, 32, false>(__half const*, __half const*, float*, float*, int, int, int, long, int)",707,42174379873507,42174380918110,0,25088,256,1,1,6656,1,8
"KERNEL_DISPATCH",4,2,82,"tile_fp16_reduce(float const*, float*, int, int)",708,42174380918110,42174380945814,0,0,256,1,1,53248,1,1
"KERNEL_DISPATCH",4,2,33,"void dequantize_block_iq3_s<__half>(void const*, __half*)",709,42174380967296,42174381369522,0,0,32,1,1,3620864,1,1
"KERNEL_DISPATCH",4,2,35,"void convert_unary<float, __half>(void const*, __half*, long, long, long, HIP_vector_type<unsigned int, 3u>, long, long, long)",710,42174381369522,42174381427893,0,0,256,1,1,2228224,1,1
"KERNEL_DISPATCH",4,2,79,"void tile_fp16_gemm<128, 64, 4, 8, 32, false>(__half const*, __half const*, float*, float*, int, int, int, long, int)",711,42174381427893,42174382509978,0,25088,256,1,1,6656,1,8
"KERNEL_DISPATCH",4,2,82,"tile_fp16_reduce(float const*, float*, int, int)",712,42174382509978,42174382552201,0,0,256,1,1,53248,1,1
"KERNEL_DISPATCH",4,2,33,"void dequantize_block_iq3_s<__half>(void const*, __half*)",713,42174382574127,42174382976502,0,0,32,1,1,3620864,1,1
"KERNEL_DISPATCH",4,2,35,"void convert_unary<float, __half>(void const*, __half*, long, long, long, HIP_vector_type<unsigned int, 3u>, long, long, long)",714,42174382976502,42174383034280,0,0,256,1,1,2228224,1,1
"KERNEL_DISPATCH",4,2,79,"void tile_fp16_gemm<128, 64, 4, 8, 32, false>(__half const*, __half const*, float*, float*, int, int, int, long, int)",715,42174383034280,42174384130884,0,25088,256,1,1,6656,1,8
"KERNEL_DISPATCH",4,2,82,"tile_fp16_reduce(float const*, float*, int, int)",716,42174384130884,42174384173402,0,0,256,1,1,53248,1,1
"KERNEL_DISPATCH",4,2,33,"void dequantize_block_iq3_s<__half>(void const*, __half*)",717,42174384195773,42174384597851,0,0,32,1,1,3620864,1,1
"KERNEL_DISPATCH",4,2,35,"void convert_unary<float, __half>(void const*, __half*, long, long, long, HIP_vector_type<unsigned int, 3u>, long, long, long)",718,42174384597851,42174384656518,0,0,256,1,1,2228224,1,1
"KERNEL_DISPATCH",4,2,79,"void tile_fp16_gemm<128, 64, 4, 8, 32, false>(__half const*, __half const*, float*, float*, int, int, int, long, int)",719,42174384656518,42174385677121,0,25088,256,1,1,6656,1,8
"KERNEL_DISPATCH",4,2,82,"tile_fp16_reduce(float const*, float*, int, int)",720,42174385677121,42174385711196,0,0,256,1,1,53248,1,1
"KERNEL_DISPATCH",4,2,33,"void dequantize_block_iq3_s<__half>(void const*, __half*)",721,42174385733418,42174386135496,0,0,32,1,1,3620864,1,1
"KERNEL_DISPATCH",4,2,35,"void convert_unary<float, __half>(void const*, __half*, long, long, long, HIP_vector_type<unsigned int, 3u>, long, long, long)",722,42174386135496,42174386193571,0,0,256,1,1,2228224,1,1
"KERNEL_DISPATCH",4,2,79,"void tile_fp16_gemm<128, 64, 4, 8, 32, false>(__half const*, __half const*, float*, float*, int, int, int, long, int)",723,42174386193571,42174387461139,0,25088,256,1,1,6656,1,8
"KERNEL_DISPATCH",4,2,82,"tile_fp16_reduce(float const*, float*, int, int)",724,42174387461139,42174387503806,0,0,256,1,1,53248,1,1
"KERNEL_DISPATCH",4,2,33,"void dequantize_block_iq3_s<__half>(void const*, __half*)",725,42174387528992,42174387962478,0,0,32,1,1,3620864,1,1
"KERNEL_DISPATCH",4,2,35,"void convert_unary<float, __half>(void const*, __half*, long, long, long, HIP_vector_type<unsigned int, 3u>, long, long, long)",726,42174387962478,42174388020849,0,0,256,1,1,2228224,1,1
"KERNEL_DISPATCH",4,2,79,"void tile_fp16_gemm<128, 64, 4, 8, 32, false>(__half const*, __half const*, float*, float*, int, int, int, long, int)",727,42174388020849,42174389206194,0,25088,256,1,1,6656,1,8
"KERNEL_DISPATCH",4,2,82,"tile_fp16_reduce(float const*, float*, int, int)",728,42174389206194,42174389249454,0,0,256,1,1,53248,1,1
"KERNEL_DISPATCH",4,2,33,"void dequantize_block_iq3_s<__half>(void const*, __half*)",729,42174389273454,42174389732570,0,0,32,1,1,3620864,1,1
"KERNEL_DISPATCH",4,2,35,"void convert_unary<float, __half>(void const*, __half*, long, long, long, HIP_vector_type<unsigned int, 3u>, long, long, long)",730,42174389732570,42174389809459,0,0,256,1,1,2228224,1,1
"KERNEL_DISPATCH",4,2,79,"void tile_fp16_gemm<128, 64, 4, 8, 32, false>(__half const*, __half const*, float*, float*, int, int, int, long, int)",731,42174389809459,42174390888137,0,25088,256,1,1,6656,1,8
"KERNEL_DISPATCH",4,2,82,"tile_fp16_reduce(float const*, float*, int, int)",732,42174390888137,42174390929767,0,0,256,1,1,53248,1,1
"KERNEL_DISPATCH",4,2,33,"void dequantize_block_iq3_s<__half>(void const*, __half*)",733,42174390952286,42174391354660,0,0,32,1,1,3620864,1,1
"KERNEL_DISPATCH",4,2,35,"void convert_unary<float, __half>(void const*, __half*, long, long, long, HIP_vector_type<unsigned int, 3u>, long, long, long)",734,42174391354660,42174391412438,0,0,256,1,1,2228224,1,1
"KERNEL_DISPATCH",4,2,79,"void tile_fp16_gemm<128, 64, 4, 8, 32, false>(__half const*, __half const*, float*, float*, int, int, int, long, int)",735,42174391412438,42174392491116,0,25088,256,1,1,6656,1,8
"KERNEL_DISPATCH",4,2,82,"tile_fp16_reduce(float const*, float*, int, int)",736,42174392491116,42174392533931,0,0,256,1,1,53248,1,1
"KERNEL_DISPATCH",4,2,33,"void dequantize_block_iq3_s<__half>(void const*, __half*)",737,42174392556302,42174392934676,0,0,32,1,1,3620864,1,1
"KERNEL_DISPATCH",4,2,35,"void convert_unary<float, __half>(void const*, __half*, long, long, long, HIP_vector_type<unsigned int, 3u>, long, long, long)",738,42174392934676,42174392987121,0,0,256,1,1,2228224,1,1
"KERNEL_DISPATCH",4,2,79,"void tile_fp16_gemm<128, 64, 4, 8, 32, false>(__half const*, __half const*, float*, float*, int, int, int, long, int)",739,42174392987121,42174394017353,0,25088,256,1,1,6656,1,8
"KERNEL_DISPATCH",4,2,82,"tile_fp16_reduce(float const*, float*, int, int)",740,42174394017353,42174394045057,0,0,256,1,1,53248,1,1
"KERNEL_DISPATCH",4,2,33,"void dequantize_block_iq3_s<__half>(void const*, __half*)",741,42174394066687,42174394469062,0,0,32,1,1,3620864,1,1
"KERNEL_DISPATCH",4,2,35,"void convert_unary<float, __half>(void const*, __half*, long, long, long, HIP_vector_type<unsigned int, 3u>, long, long, long)",742,42174394469062,42174394526692,0,0,256,1,1,2228224,1,1
"KERNEL_DISPATCH",4,2,79,"void tile_fp16_gemm<128, 64, 4, 8, 32, false>(__half const*, __half const*, float*, float*, int, int, int, long, int)",743,42174394526692,42174395608629,0,25088,256,1,1,6656,1,8
"KERNEL_DISPATCH",4,2,82,"tile_fp16_reduce(float const*, float*, int, int)",744,42174395608629,42174395651296,0,0,256,1,1,53248,1,1
"KERNEL_DISPATCH",4,2,33,"void dequantize_block_iq3_s<__half>(void const*, __half*)",745,42174395674852,42174396142856,0,0,32,1,1,3620864,1,1
"KERNEL_DISPATCH",4,2,35,"void convert_unary<float, __half>(void const*, __half*, long, long, long, HIP_vector_type<unsigned int, 3u>, long, long, long)",746,42174396142856,42174396218116,0,0,256,1,1,2228224,1,1
"KERNEL_DISPATCH",4,2,79,"void tile_fp16_gemm<128, 64, 4, 8, 32, false>(__half const*, __half const*, float*, float*, int, int, int, long, int)",747,42174396218116,42174397584204,0,25088,256,1,1,6656,1,8
"KERNEL_DISPATCH",4,2,82,"tile_fp16_reduce(float const*, float*, int, int)",748,42174397584204,42174397626427,0,0,256,1,1,53248,1,1
"KERNEL_DISPATCH",4,2,33,"void dequantize_block_iq3_s<__half>(void const*, __half*)",749,42174397651612,42174398061839,0,0,32,1,1,3620864,1,1
"KERNEL_DISPATCH",4,2,35,"void convert_unary<float, __half>(void const*, __half*, long, long, long, HIP_vector_type<unsigned int, 3u>, long, long, long)",750,42174398061839,42174398119617,0,0,256,1,1,2228224,1,1
"KERNEL_DISPATCH",4,2,79,"void tile_fp16_gemm<128, 64, 4, 8, 32, false>(__half const*, __half const*, float*, float*, int, int, int, long, int)",751,42174398119617,42174399330740,0,25088,256,1,1,6656,1,8
"KERNEL_DISPATCH",4,2,82,"tile_fp16_reduce(float const*, float*, int, int)",752,42174399330740,42174399374148,0,0,256,1,1,53248,1,1
"KERNEL_DISPATCH",4,2,33,"void dequantize_block_iq3_s<__half>(void const*, __half*)",753,42174399398445,42174399849264,0,0,32,1,1,3620864,1,1
"KERNEL_DISPATCH",4,2,35,"void convert_unary<float, __half>(void const*, __half*, long, long, long, HIP_vector_type<unsigned int, 3u>, long, long, long)",754,42174399849264,42174399907042,0,0,256,1,1,2228224,1,1
"KERNEL_DISPATCH",4,2,79,"void tile_fp16_gemm<128, 64, 4, 8, 32, false>(__half const*, __half const*, float*, float*, int, int, int, long, int)",755,42174399907042,42174401123203,0,25088,256,1,1,6656,1,8
"KERNEL_DISPATCH",4,2,82,"tile_fp16_reduce(float const*, float*, int, int)",756,42174401123203,42174401166611,0,0,256,1,1,53248,1,1
"KERNEL_DISPATCH",4,2,33,"void dequantize_block_iq3_s<__half>(void const*, __half*)",757,42178162148963,42178162352817,0,0,32,1,1,2129920,1,1
"KERNEL_DISPATCH",4,2,35,"void convert_unary<float, __half>(void const*, __half*, long, long, long, HIP_vector_type<unsigned int, 3u>, long, long, long)",758,42178162352817,42178162370446,0,0,256,1,1,655360,1,1
"KERNEL_DISPATCH",4,2,79,"void tile_fp16_gemm<128, 64, 4, 8, 32, false>(__half const*, __half const*, float*, float*, int, int, int, long, int)",759,42178162370446,42178163016675,0,25088,256,1,1,13312,1,8
"KERNEL_DISPATCH",4,2,82,"tile_fp16_reduce(float const*, float*, int, int)",760,42178163016675,42178163060083,0,0,256,1,1,106496,1,1
"KERNEL_DISPATCH",4,2,33,"void dequantize_block_iq3_s<__half>(void const*, __half*)",761,42178163393419,42178163593866,0,0,32,1,1,2129920,1,1
"KERNEL_DISPATCH",4,2,35,"void convert_unary<float, __half>(void const*, __half*, long, long, long, HIP_vector_type<unsigned int, 3u>, long, long, long)",762,42178163593866,42178163611199,0,0,256,1,1,655360,1,1
"KERNEL_DISPATCH",4,2,79,"void tile_fp16_gemm<128, 64, 4, 8, 32, false>(__half const*, __half const*, float*, float*, int, int, int, long, int)",763,42178163611199,42178164247354,0,25088,256,1,1,13312,1,8
"KERNEL_DISPATCH",4,2,82,"tile_fp16_reduce(float const*, float*, int, int)",764,42178164247354,42178164290614,0,0,256,1,1,106496,1,1
"KERNEL_DISPATCH",4,2,33,"void dequantize_block_iq3_s<__half>(void const*, __half*)",765,42178164313577,42178164526912,0,0,32,1,1,2129920,1,1
"KERNEL_DISPATCH",4,2,35,"void convert_unary<float, __half>(void const*, __half*, long, long, long, HIP_vector_type<unsigned int, 3u>, long, long, long)",766,42178164526912,42178164544394,0,0,256,1,1,655360,1,1
"KERNEL_DISPATCH",4,2,79,"void tile_fp16_gemm<128, 64, 4, 8, 32, false>(__half const*, __half const*, float*, float*, int, int, int, long, int)",767,42178164544394,42178165177141,0,25088,256,1,1,13312,1,8
"KERNEL_DISPATCH",4,2,82,"tile_fp16_reduce(float const*, float*, int, int)",768,42178165177141,42178165219956,0,0,256,1,1,106496,1,1
"KERNEL_DISPATCH",4,2,33,"void dequantize_block_iq3_s<__half>(void const*, __half*)",769,42178165247660,42178165460996,0,0,32,1,1,2129920,1,1
"KERNEL_DISPATCH",4,2,35,"void convert_unary<float, __half>(void const*, __half*, long, long, long, HIP_vector_type<unsigned int, 3u>, long, long, long)",770,42178165460996,42178165478329,0,0,256,1,1,655360,1,1
"KERNEL_DISPATCH",4,2,79,"void tile_fp16_gemm<128, 64, 4, 8, 32, false>(__half const*, __half const*, float*, float*, int, int, int, long, int)",771,42178165478329,42178166105743,0,25088,256,1,1,13312,1,8
"KERNEL_DISPATCH",4,2,82,"tile_fp16_reduce(float const*, float*, int, int)",772,42178166105743,42178166148558,0,0,256,1,1,106496,1,1
"KERNEL_DISPATCH",4,2,33,"void dequantize_block_iq3_s<__half>(void const*, __half*)",773,42178166169299,42178166382487,0,0,32,1,1,2129920,1,1
"KERNEL_DISPATCH",4,2,35,"void convert_unary<float, __half>(void const*, __half*, long, long, long, HIP_vector_type<unsigned int, 3u>, long, long, long)",774,42178166382487,42178166399968,0,0,256,1,1,655360,1,1
"KERNEL_DISPATCH",4,2,79,"void tile_fp16_gemm<128, 64, 4, 8, 32, false>(__half const*, __half const*, float*, float*, int, int, int, long, int)",775,42178166399968,42178167060420,0,25088,256,1,1,13312,1,8
"KERNEL_DISPATCH",4,2,82,"tile_fp16_reduce(float const*, float*, int, int)",776,42178167060420,42178167107976,0,0,256,1,1,106496,1,1
"KERNEL_DISPATCH",4,2,33,"void dequantize_block_iq3_s<__half>(void const*, __half*)",777,42178167130939,42178167368867,0,0,32,1,1,2129920,1,1
"KERNEL_DISPATCH",4,2,35,"void convert_unary<float, __half>(void const*, __half*, long, long, long, HIP_vector_type<unsigned int, 3u>, long, long, long)",778,42178167368867,42178167388423,0,0,256,1,1,655360,1,1
"KERNEL_DISPATCH",4,2,79,"void tile_fp16_gemm<128, 64, 4, 8, 32, false>(__half const*, __half const*, float*, float*, int, int, int, long, int)",779,42178167388423,42178168144431,0,25088,256,1,1,13312,1,8
"KERNEL_DISPATCH",4,2,82,"tile_fp16_reduce(float const*, float*, int, int)",780,42178168144431,42178168216283,0,0,256,1,1,106496,1,1
"KERNEL_DISPATCH",4,2,33,"void dequantize_block_iq3_s<__half>(void const*, __half*)",781,42178168242950,42178168516434,0,0,32,1,1,2129920,1,1
"KERNEL_DISPATCH",4,2,35,"void convert_unary<float, __half>(void const*, __half*, long, long, long, HIP_vector_type<unsigned int, 3u>, long, long, long)",782,42178168516434,42178168543249,0,0,256,1,1,655360,1,1
"KERNEL_DISPATCH",4,2,79,"void tile_fp16_gemm<128, 64, 4, 8, 32, false>(__half const*, __half const*, float*, float*, int, int, int, long, int)",783,42178168543249,42178169356443,0,25088,256,1,1,13312,1,8
"KERNEL_DISPATCH",4,2,82,"tile_fp16_reduce(float const*, float*, int, int)",784,42178169356443,42178169404592,0,0,256,1,1,106496,1,1
"KERNEL_DISPATCH",4,2,33,"void dequantize_block_iq3_s<__half>(void const*, __half*)",785,42178169428295,42178169666224,0,0,32,1,1,2129920,1,1
"KERNEL_DISPATCH",4,2,35,"void convert_unary<float, __half>(void const*, __half*, long, long, long, HIP_vector_type<unsigned int, 3u>, long, long, long)",786,42178169666224,42178169685631,0,0,256,1,1,655360,1,1
"KERNEL_DISPATCH",4,2,79,"void tile_fp16_gemm<128, 64, 4, 8, 32, false>(__half const*, __half const*, float*, float*, int, int, int, long, int)",787,42178169685631,42178170350231,0,25088,256,1,1,13312,1,8
"KERNEL_DISPATCH",4,2,82,"tile_fp16_reduce(float const*, float*, int, int)",788,42178170350231,42178170392602,0,0,256,1,1,106496,1,1
"KERNEL_DISPATCH",4,2,33,"void dequantize_block_iq3_s<__half>(void const*, __half*)",789,42178170413935,42178170627419,0,0,32,1,1,2129920,1,1
"KERNEL_DISPATCH",4,2,35,"void convert_unary<float, __half>(void const*, __half*, long, long, long, HIP_vector_type<unsigned int, 3u>, long, long, long)",790,42178170627419,42178170644604,0,0,256,1,1,655360,1,1
"KERNEL_DISPATCH",4,2,79,"void tile_fp16_gemm<128, 64, 4, 8, 32, false>(__half const*, __half const*, float*, float*, int, int, int, long, int)",791,42178170644604,42178171281203,0,25088,256,1,1,13312,1,8
"KERNEL_DISPATCH",4,2,82,"tile_fp16_reduce(float const*, float*, int, int)",792,42178171281203,42178171323574,0,0,256,1,1,106496,1,1
"KERNEL_DISPATCH",4,2,33,"void dequantize_block_iq3_s<__half>(void const*, __half*)",793,42178171345204,42178171558391,0,0,32,1,1,2129920,1,1
"KERNEL_DISPATCH",4,2,35,"void convert_unary<float, __half>(void const*, __half*, long, long, long, HIP_vector_type<unsigned int, 3u>, long, long, long)",794,42178171558391,42178171575873,0,0,256,1,1,655360,1,1
"KERNEL_DISPATCH",4,2,79,"void tile_fp16_gemm<128, 64, 4, 8, 32, false>(__half const*, __half const*, float*, float*, int, int, int, long, int)",795,42178171575873,42178172199138,0,25088,256,1,1,13312,1,8
"KERNEL_DISPATCH",4,2,82,"tile_fp16_reduce(float const*, float*, int, int)",796,42178172199138,42178172242546,0,0,256,1,1,106496,1,1
"KERNEL_DISPATCH",4,2,33,"void dequantize_block_iq3_s<__half>(void const*, __half*)",797,42178172264176,42178172477660,0,0,32,1,1,2129920,1,1
"KERNEL_DISPATCH",4,2,35,"void convert_unary<float, __half>(void const*, __half*, long, long, long, HIP_vector_type<unsigned int, 3u>, long, long, long)",798,42178172477660,42178172495141,0,0,256,1,1,655360,1,1
"KERNEL_DISPATCH",4,2,79,"void tile_fp16_gemm<128, 64, 4, 8, 32, false>(__half const*, __half const*, float*, float*, int, int, int, long, int)",799,42178172495141,42178173130407,0,25088,256,1,1,13312,1,8
"KERNEL_DISPATCH",4,2,82,"tile_fp16_reduce(float const*, float*, int, int)",800,42178173130407,42178173173667,0,0,256,1,1,106496,1,1
"KERNEL_DISPATCH",4,2,33,"void dequantize_block_iq3_s<__half>(void const*, __half*)",801,42178173195149,42178173408484,0,0,32,1,1,2129920,1,1
"KERNEL_DISPATCH",4,2,35,"void convert_unary<float, __half>(void const*, __half*, long, long, long, HIP_vector_type<unsigned int, 3u>, long, long, long)",802,42178173408484,42178173426114,0,0,256,1,1,655360,1,1
"KERNEL_DISPATCH",4,2,79,"void tile_fp16_gemm<128, 64, 4, 8, 32, false>(__half const*, __half const*, float*, float*, int, int, int, long, int)",803,42178173426114,42178174084195,0,25088,256,1,1,13312,1,8
"KERNEL_DISPATCH",4,2,82,"tile_fp16_reduce(float const*, float*, int, int)",804,42178174084195,42178174131306,0,0,256,1,1,106496,1,1
"KERNEL_DISPATCH",4,2,33,"void dequantize_block_iq3_s<__half>(void const*, __half*)",805,42178174154121,42178174391753,0,0,32,1,1,2129920,1,1
"KERNEL_DISPATCH",4,2,35,"void convert_unary<float, __half>(void const*, __half*, long, long, long, HIP_vector_type<unsigned int, 3u>, long, long, long)",806,42178174391753,42178174411309,0,0,256,1,1,655360,1,1
"KERNEL_DISPATCH",4,2,79,"void tile_fp16_gemm<128, 64, 4, 8, 32, false>(__half const*, __half const*, float*, float*, int, int, int, long, int)",807,42178174411309,42178175173391,0,25088,256,1,1,13312,1,8
"KERNEL_DISPATCH",4,2,82,"tile_fp16_reduce(float const*, float*, int, int)",808,42178175173391,42178175245836,0,0,256,1,1,106496,1,1
"KERNEL_DISPATCH",4,2,33,"void dequantize_block_iq3_s<__half>(void const*, __half*)",809,42178175272207,42178175545691,0,0,32,1,1,2129920,1,1
"KERNEL_DISPATCH",4,2,35,"void convert_unary<float, __half>(void const*, __half*, long, long, long, HIP_vector_type<unsigned int, 3u>, long, long, long)",810,42178175545691,42178175572802,0,0,256,1,1,655360,1,1
"KERNEL_DISPATCH",4,2,79,"void tile_fp16_gemm<128, 64, 4, 8, 32, false>(__half const*, __half const*, float*, float*, int, int, int, long, int)",811,42178175572802,42178176376662,0,25088,256,1,1,13312,1,8
"KERNEL_DISPATCH",4,2,82,"tile_fp16_reduce(float const*, float*, int, int)",812,42178176376662,42178176424811,0,0,256,1,1,106496,1,1
"KERNEL_DISPATCH",4,2,33,"void dequantize_block_iq3_s<__half>(void const*, __half*)",813,42178176447774,42178176685703,0,0,32,1,1,2129920,1,1
"KERNEL_DISPATCH",4,2,35,"void convert_unary<float, __half>(void const*, __half*, long, long, long, HIP_vector_type<unsigned int, 3u>, long, long, long)",814,42178176685703,42178176705407,0,0,256,1,1,655360,1,1
"KERNEL_DISPATCH",4,2,79,"void tile_fp16_gemm<128, 64, 4, 8, 32, false>(__half const*, __half const*, float*, float*, int, int, int, long, int)",815,42178176705407,42178177356228,0,25088,256,1,1,13312,1,8
"KERNEL_DISPATCH",4,2,82,"tile_fp16_reduce(float const*, float*, int, int)",816,42178177356228,42178177399043,0,0,256,1,1,106496,1,1
"KERNEL_DISPATCH",4,2,33,"void dequantize_block_iq3_s<__half>(void const*, __half*)",817,42178177420525,42178177633860,0,0,32,1,1,2129920,1,1
"KERNEL_DISPATCH",4,2,35,"void convert_unary<float, __half>(void const*, __half*, long, long, long, HIP_vector_type<unsigned int, 3u>, long, long, long)",818,42178177633860,42178177651638,0,0,256,1,1,655360,1,1
"KERNEL_DISPATCH",4,2,79,"void tile_fp16_gemm<128, 64, 4, 8, 32, false>(__half const*, __half const*, float*, float*, int, int, int, long, int)",819,42178177651638,42178178282756,0,25088,256,1,1,13312,1,8
"KERNEL_DISPATCH",4,2,82,"tile_fp16_reduce(float const*, float*, int, int)",820,42178178282756,42178178325127,0,0,256,1,1,106496,1,1
"KERNEL_DISPATCH",4,2,33,"void dequantize_block_iq3_s<__half>(void const*, __half*)",821,42178178346608,42178178559944,0,0,32,1,1,2129920,1,1
"KERNEL_DISPATCH",4,2,35,"void convert_unary<float, __half>(void const*, __half*, long, long, long, HIP_vector_type<unsigned int, 3u>, long, long, long)",822,42178178559944,42178178578018,0,0,256,1,1,655360,1,1
"KERNEL_DISPATCH",4,2,79,"void tile_fp16_gemm<128, 64, 4, 8, 32, false>(__half const*, __half const*, float*, float*, int, int, int, long, int)",823,42178178578018,42178179200247,0,25088,256,1,1,13312,1,8
"KERNEL_DISPATCH",4,2,82,"tile_fp16_reduce(float const*, float*, int, int)",824,42178179200247,42178179242914,0,0,256,1,1,106496,1,1
"KERNEL_DISPATCH",4,2,33,"void dequantize_block_iq3_s<__half>(void const*, __half*)",825,42178179264099,42178179477731,0,0,32,1,1,2129920,1,1
"KERNEL_DISPATCH",4,2,35,"void convert_unary<float, __half>(void const*, __half*, long, long, long, HIP_vector_type<unsigned int, 3u>, long, long, long)",826,42178179477731,42178179495213,0,0,256,1,1,655360,1,1
"KERNEL_DISPATCH",4,2,79,"void tile_fp16_gemm<128, 64, 4, 8, 32, false>(__half const*, __half const*, float*, float*, int, int, int, long, int)",827,42178179495213,42178180116108,0,25088,256,1,1,13312,1,8
"KERNEL_DISPATCH",4,2,82,"tile_fp16_reduce(float const*, float*, int, int)",828,42178180116108,42178180158627,0,0,256,1,1,106496,1,1
"KERNEL_DISPATCH",4,2,33,"void dequantize_block_iq3_s<__half>(void const*, __half*)",829,42178180179664,42178180393000,0,0,32,1,1,2129920,1,1
"KERNEL_DISPATCH",4,2,35,"void convert_unary<float, __half>(void const*, __half*, long, long, long, HIP_vector_type<unsigned int, 3u>, long, long, long)",830,42178180393000,42178180410481,0,0,256,1,1,655360,1,1
"KERNEL_DISPATCH",4,2,79,"void tile_fp16_gemm<128, 64, 4, 8, 32, false>(__half const*, __half const*, float*, float*, int, int, int, long, int)",831,42178180410481,42178181064414,0,25088,256,1,1,13312,1,8
"KERNEL_DISPATCH",4,2,82,"tile_fp16_reduce(float const*, float*, int, int)",832,42178181064414,42178181112562,0,0,256,1,1,106496,1,1
"KERNEL_DISPATCH",4,2,33,"void dequantize_block_iq3_s<__half>(void const*, __half*)",833,42178181135526,42178181373306,0,0,32,1,1,2129920,1,1
"KERNEL_DISPATCH",4,2,35,"void convert_unary<float, __half>(void const*, __half*, long, long, long, HIP_vector_type<unsigned int, 3u>, long, long, long)",834,42178181373306,42178181392713,0,0,256,1,1,655360,1,1
"KERNEL_DISPATCH",4,2,79,"void tile_fp16_gemm<128, 64, 4, 8, 32, false>(__half const*, __half const*, float*, float*, int, int, int, long, int)",835,42178181392713,42178182155684,0,25088,256,1,1,13312,1,8
"KERNEL_DISPATCH",4,2,82,"tile_fp16_reduce(float const*, float*, int, int)",836,42178182155684,42178182227833,0,0,256,1,1,106496,1,1
"KERNEL_DISPATCH",4,2,33,"void dequantize_block_iq3_s<__half>(void const*, __half*)",837,42178182254500,42178182527984,0,0,32,1,1,2129920,1,1
"KERNEL_DISPATCH",4,2,35,"void convert_unary<float, __half>(void const*, __half*, long, long, long, HIP_vector_type<unsigned int, 3u>, long, long, long)",838,42178182527984,42178182553762,0,0,256,1,1,655360,1,1
"KERNEL_DISPATCH",4,2,79,"void tile_fp16_gemm<128, 64, 4, 8, 32, false>(__half const*, __half const*, float*, float*, int, int, int, long, int)",839,42178182553762,42178183370511,0,25088,256,1,1,13312,1,8
"KERNEL_DISPATCH",4,2,82,"tile_fp16_reduce(float const*, float*, int, int)",840,42178183370511,42178183418512,0,0,256,1,1,106496,1,1
"KERNEL_DISPATCH",4,2,33,"void dequantize_block_iq3_s<__half>(void const*, __half*)",841,42178183441623,42178183679700,0,0,32,1,1,2129920,1,1
"KERNEL_DISPATCH",4,2,35,"void convert_unary<float, __half>(void const*, __half*, long, long, long, HIP_vector_type<unsigned int, 3u>, long, long, long)",842,42178183679700,42178183699404,0,0,256,1,1,655360,1,1
"KERNEL_DISPATCH",4,2,79,"void tile_fp16_gemm<128, 64, 4, 8, 32, false>(__half const*, __half const*, float*, float*, int, int, int, long, int)",843,42178183699404,42178184353484,0,25088,256,1,1,13312,1,8
"KERNEL_DISPATCH",4,2,82,"tile_fp16_reduce(float const*, float*, int, int)",844,42178184353484,42178184395855,0,0,256,1,1,106496,1,1
"KERNEL_DISPATCH",4,2,33,"void dequantize_block_iq3_s<__half>(void const*, __half*)",845,42178184417041,42178184630228,0,0,32,1,1,2129920,1,1
"KERNEL_DISPATCH",4,2,35,"void convert_unary<float, __half>(void const*, __half*, long, long, long, HIP_vector_type<unsigned int, 3u>, long, long, long)",846,42178184630228,42178184648154,0,0,256,1,1,655360,1,1
"KERNEL_DISPATCH",4,2,79,"void tile_fp16_gemm<128, 64, 4, 8, 32, false>(__half const*, __half const*, float*, float*, int, int, int, long, int)",847,42178184648154,42178185271568,0,25088,256,1,1,13312,1,8
"KERNEL_DISPATCH",4,2,82,"tile_fp16_reduce(float const*, float*, int, int)",848,42178185271568,42178185314235,0,0,256,1,1,106496,1,1
"KERNEL_DISPATCH",4,2,33,"void dequantize_block_iq3_s<__half>(void const*, __half*)",849,42178185335717,42178185549200,0,0,32,1,1,2129920,1,1
"KERNEL_DISPATCH",4,2,35,"void convert_unary<float, __half>(void const*, __half*, long, long, long, HIP_vector_type<unsigned int, 3u>, long, long, long)",850,42178185549200,42178185566978,0,0,256,1,1,655360,1,1
"KERNEL_DISPATCH",4,2,79,"void tile_fp16_gemm<128, 64, 4, 8, 32, false>(__half const*, __half const*, float*, float*, int, int, int, long, int)",851,42178185566978,42178186194392,0,25088,256,1,1,13312,1,8
"KERNEL_DISPATCH",4,2,82,"tile_fp16_reduce(float const*, float*, int, int)",852,42178186194392,42178186237503,0,0,256,1,1,106496,1,1
"KERNEL_DISPATCH",4,2,33,"void dequantize_block_iq3_s<__half>(void const*, __half*)",853,42178186258985,42178186472469,0,0,32,1,1,2129920,1,1
"KERNEL_DISPATCH",4,2,35,"void convert_unary<float, __half>(void const*, __half*, long, long, long, HIP_vector_type<unsigned int, 3u>, long, long, long)",854,42178186472469,42178186490247,0,0,256,1,1,655360,1,1
"KERNEL_DISPATCH",4,2,79,"void tile_fp16_gemm<128, 64, 4, 8, 32, false>(__half const*, __half const*, float*, float*, int, int, int, long, int)",855,42178186490247,42178187159735,0,25088,256,1,1,13312,1,8
"KERNEL_DISPATCH",4,2,82,"tile_fp16_reduce(float const*, float*, int, int)",856,42178187159735,42178187207439,0,0,256,1,1,106496,1,1
"KERNEL_DISPATCH",4,2,33,"void dequantize_block_iq3_s<__half>(void const*, __half*)",857,42178187230551,42178187468331,0,0,32,1,1,2129920,1,1
"KERNEL_DISPATCH",4,2,35,"void convert_unary<float, __half>(void const*, __half*, long, long, long, HIP_vector_type<unsigned int, 3u>, long, long, long)",858,42178187468331,42178187487887,0,0,256,1,1,655360,1,1
"KERNEL_DISPATCH",4,2,79,"void tile_fp16_gemm<128, 64, 4, 8, 32, false>(__half const*, __half const*, float*, float*, int, int, int, long, int)",859,42178187487887,42178188168486,0,25088,256,1,1,13312,1,8
"KERNEL_DISPATCH",4,2,82,"tile_fp16_reduce(float const*, float*, int, int)",860,42178188168486,42178188216635,0,0,256,1,1,106496,1,1
"KERNEL_DISPATCH",4,2,33,"void dequantize_block_iq3_s<__half>(void const*, __half*)",861,42178188239005,42178188476785,0,0,32,1,1,2129920,1,1
"KERNEL_DISPATCH",4,2,35,"void convert_unary<float, __half>(void const*, __half*, long, long, long, HIP_vector_type<unsigned int, 3u>, long, long, long)",862,42178188476785,42178188496489,0,0,256,1,1,655360,1,1
"KERNEL_DISPATCH",4,2,79,"void tile_fp16_gemm<128, 64, 4, 8, 32, false>(__half const*, __half const*, float*, float*, int, int, int, long, int)",863,42178188496489,42178189175459,0,25088,256,1,1,13312,1,8
"KERNEL_DISPATCH",4,2,82,"tile_fp16_reduce(float const*, float*, int, int)",864,42178189175459,42178189223904,0,0,256,1,1,106496,1,1
"KERNEL_DISPATCH",4,2,33,"void dequantize_block_iq3_s<__half>(void const*, __half*)",865,42178189247312,42178189485388,0,0,32,1,1,2129920,1,1
"KERNEL_DISPATCH",4,2,35,"void convert_unary<float, __half>(void const*, __half*, long, long, long, HIP_vector_type<unsigned int, 3u>, long, long, long)",866,42178189485388,42178189505240,0,0,256,1,1,655360,1,1
"KERNEL_DISPATCH",4,2,82,"tile_fp16_reduce(float const*, float*, int, int)",868,42178190171173,42178190213840,0,0,256,1,1,106496,1,1
"KERNEL_DISPATCH",4,2,79,"void tile_fp16_gemm<128, 64, 4, 8, 32, false>(__half const*, __half const*, float*, float*, int, int, int, long, int)",867,42178189505240,42178190171173,0,25088,256,1,1,13312,1,8
"KERNEL_DISPATCH",4,2,33,"void dequantize_block_iq3_s<__half>(void const*, __half*)",869,42178190235026,42178190448213,0,0,32,1,1,2129920,1,1
"KERNEL_DISPATCH",4,2,35,"void convert_unary<float, __half>(void const*, __half*, long, long, long, HIP_vector_type<unsigned int, 3u>, long, long, long)",870,42178190448213,42178190465843,0,0,256,1,1,655360,1,1
"KERNEL_DISPATCH",4,2,79,"void tile_fp16_gemm<128, 64, 4, 8, 32, false>(__half const*, __half const*, float*, float*, int, int, int, long, int)",871,42178190465843,42178191132516,0,25088,256,1,1,13312,1,8
"KERNEL_DISPATCH",4,2,82,"tile_fp16_reduce(float const*, float*, int, int)",872,42178191132516,42178191180665,0,0,256,1,1,106496,1,1
"KERNEL_DISPATCH",4,2,33,"void dequantize_block_iq3_s<__half>(void const*, __half*)",873,42178191203184,42178191441260,0,0,32,1,1,2129920,1,1
"KERNEL_DISPATCH",4,2,35,"void convert_unary<float, __half>(void const*, __half*, long, long, long, HIP_vector_type<unsigned int, 3u>, long, long, long)",874,42178191441260,42178191461112,0,0,256,1,1,655360,1,1
"KERNEL_DISPATCH",4,2,79,"void tile_fp16_gemm<128, 64, 4, 8, 32, false>(__half const*, __half const*, float*, float*, int, int, int, long, int)",875,42178191461112,42178192221120,0,25088,256,1,1,13312,1,8
"KERNEL_DISPATCH",4,2,82,"tile_fp16_reduce(float const*, float*, int, int)",876,42178192221120,42178192292676,0,0,256,1,1,106496,1,1
"KERNEL_DISPATCH",4,2,33,"void dequantize_block_iq3_s<__half>(void const*, __half*)",877,42178192319343,42178192592383,0,0,32,1,1,2129920,1,1
"KERNEL_DISPATCH",4,2,35,"void convert_unary<float, __half>(void const*, __half*, long, long, long, HIP_vector_type<unsigned int, 3u>, long, long, long)",878,42178192592383,42178192619791,0,0,256,1,1,655360,1,1
"KERNEL_DISPATCH",4,2,79,"void tile_fp16_gemm<128, 64, 4, 8, 32, false>(__half const*, __half const*, float*, float*, int, int, int, long, int)",879,42178192619791,42178193422317,0,25088,256,1,1,13312,1,8
"KERNEL_DISPATCH",4,2,82,"tile_fp16_reduce(float const*, float*, int, int)",880,42178193422317,42178193471503,0,0,256,1,1,106496,1,1
"KERNEL_DISPATCH",4,2,33,"void dequantize_block_iq3_s<__half>(void const*, __half*)",881,42178193495799,42178193733728,0,0,32,1,1,2129920,1,1
"KERNEL_DISPATCH",4,2,35,"void convert_unary<float, __half>(void const*, __half*, long, long, long, HIP_vector_type<unsigned int, 3u>, long, long, long)",882,42178193733728,42178193753284,0,0,256,1,1,655360,1,1
"KERNEL_DISPATCH",4,2,79,"void tile_fp16_gemm<128, 64, 4, 8, 32, false>(__half const*, __half const*, float*, float*, int, int, int, long, int)",883,42178193753284,42178194407364,0,25088,256,1,1,13312,1,8
"KERNEL_DISPATCH",4,2,82,"tile_fp16_reduce(float const*, float*, int, int)",884,42178194407364,42178194449735,0,0,256,1,1,106496,1,1
"KERNEL_DISPATCH",4,2,33,"void dequantize_block_iq3_s<__half>(void const*, __half*)",885,42178194471217,42178194684552,0,0,32,1,1,2129920,1,1
"KERNEL_DISPATCH",4,2,35,"void convert_unary<float, __half>(void const*, __half*, long, long, long, HIP_vector_type<unsigned int, 3u>, long, long, long)",886,42178194684552,42178194702034,0,0,256,1,1,655360,1,1
"KERNEL_DISPATCH",4,2,79,"void tile_fp16_gemm<128, 64, 4, 8, 32, false>(__half const*, __half const*, float*, float*, int, int, int, long, int)",887,42178194702034,42178195321744,0,25088,256,1,1,13312,1,8
"KERNEL_DISPATCH",4,2,82,"tile_fp16_reduce(float const*, float*, int, int)",888,42178195321744,42178195364115,0,0,256,1,1,106496,1,1
"KERNEL_DISPATCH",4,2,33,"void dequantize_block_iq3_s<__half>(void const*, __half*)",889,42178195385300,42178195598488,0,0,32,1,1,2129920,1,1
"KERNEL_DISPATCH",4,2,35,"void convert_unary<float, __half>(void const*, __half*, long, long, long, HIP_vector_type<unsigned int, 3u>, long, long, long)",890,42178195598488,42178195616117,0,0,256,1,1,655360,1,1
"KERNEL_DISPATCH",4,2,79,"void tile_fp16_gemm<128, 64, 4, 8, 32, false>(__half const*, __half const*, float*, float*, int, int, int, long, int)",891,42178195616117,42178196243531,0,25088,256,1,1,13312,1,8
"KERNEL_DISPATCH",4,2,82,"tile_fp16_reduce(float const*, float*, int, int)",892,42178196243531,42178196286198,0,0,256,1,1,106496,1,1
"KERNEL_DISPATCH",4,2,33,"void dequantize_block_iq3_s<__half>(void const*, __half*)",893,42178196307828,42178196521164,0,0,32,1,1,2129920,1,1
"KERNEL_DISPATCH",4,2,35,"void convert_unary<float, __half>(void const*, __half*, long, long, long, HIP_vector_type<unsigned int, 3u>, long, long, long)",894,42178196521164,42178196538942,0,0,256,1,1,655360,1,1
"KERNEL_DISPATCH",4,2,79,"void tile_fp16_gemm<128, 64, 4, 8, 32, false>(__half const*, __half const*, float*, float*, int, int, int, long, int)",895,42178196538942,42178197166948,0,25088,256,1,1,13312,1,8
"KERNEL_DISPATCH",4,2,82,"tile_fp16_reduce(float const*, float*, int, int)",896,42178197166948,42178197209911,0,0,256,1,1,106496,1,1
"KERNEL_DISPATCH",4,2,33,"void dequantize_block_iq3_s<__half>(void const*, __half*)",897,42178197231097,42178197444284,0,0,32,1,1,2129920,1,1
"KERNEL_DISPATCH",4,2,35,"void convert_unary<float, __half>(void const*, __half*, long, long, long, HIP_vector_type<unsigned int, 3u>, long, long, long)",898,42178197444284,42178197461618,0,0,256,1,1,655360,1,1
"KERNEL_DISPATCH",4,2,79,"void tile_fp16_gemm<128, 64, 4, 8, 32, false>(__half const*, __half const*, float*, float*, int, int, int, long, int)",899,42178197461618,42178198124735,0,25088,256,1,1,13312,1,8
"KERNEL_DISPATCH",4,2,82,"tile_fp16_reduce(float const*, float*, int, int)",900,42178198124735,42178198173329,0,0,256,1,1,106496,1,1
"KERNEL_DISPATCH",4,2,33,"void dequantize_block_iq3_s<__half>(void const*, __half*)",901,42178198195995,42178198434072,0,0,32,1,1,2129920,1,1
"KERNEL_DISPATCH",4,2,35,"void convert_unary<float, __half>(void const*, __half*, long, long, long, HIP_vector_type<unsigned int, 3u>, long, long, long)",902,42178198434072,42178198453480,0,0,256,1,1,655360,1,1
"KERNEL_DISPATCH",4,2,79,"void tile_fp16_gemm<128, 64, 4, 8, 32, false>(__half const*, __half const*, float*, float*, int, int, int, long, int)",903,42178198453480,42178199237636,0,25088,256,1,1,13312,1,8
"KERNEL_DISPATCH",4,2,82,"tile_fp16_reduce(float const*, float*, int, int)",904,42178199237636,42178199309488,0,0,256,1,1,106496,1,1
"KERNEL_DISPATCH",4,2,33,"void dequantize_block_iq3_s<__half>(void const*, __half*)",905,42178199336303,42178199609788,0,0,32,1,1,2129920,1,1
"KERNEL_DISPATCH",4,2,35,"void convert_unary<float, __half>(void const*, __half*, long, long, long, HIP_vector_type<unsigned int, 3u>, long, long, long)",906,42178199609788,42178199636010,0,0,256,1,1,655360,1,1
"KERNEL_DISPATCH",4,2,79,"void tile_fp16_gemm<128, 64, 4, 8, 32, false>(__half const*, __half const*, float*, float*, int, int, int, long, int)",907,42178199636010,42178200430092,0,25088,256,1,1,13312,1,8
"KERNEL_DISPATCH",4,2,82,"tile_fp16_reduce(float const*, float*, int, int)",908,42178200430092,42178200478389,0,0,256,1,1,106496,1,1
"KERNEL_DISPATCH",4,2,33,"void dequantize_block_iq3_s<__half>(void const*, __half*)",909,42178200501649,42178200739577,0,0,32,1,1,2129920,1,1
"KERNEL_DISPATCH",4,2,35,"void convert_unary<float, __half>(void const*, __half*, long, long, long, HIP_vector_type<unsigned int, 3u>, long, long, long)",910,42178200739577,42178200759133,0,0,256,1,1,655360,1,1
"KERNEL_DISPATCH",4,2,79,"void tile_fp16_gemm<128, 64, 4, 8, 32, false>(__half const*, __half const*, float*, float*, int, int, int, long, int)",911,42178200759133,42178201410547,0,25088,256,1,1,13312,1,8
"KERNEL_DISPATCH",4,2,82,"tile_fp16_reduce(float const*, float*, int, int)",912,42178201410547,42178201453214,0,0,256,1,1,106496,1,1
"KERNEL_DISPATCH",4,2,33,"void dequantize_block_iq3_s<__half>(void const*, __half*)",913,42178201474399,42178201687438,0,0,32,1,1,2129920,1,1
"KERNEL_DISPATCH",4,2,35,"void convert_unary<float, __half>(void const*, __half*, long, long, long, HIP_vector_type<unsigned int, 3u>, long, long, long)",914,42178201687438,42178201705216,0,0,256,1,1,655360,1,1
"KERNEL_DISPATCH",4,2,79,"void tile_fp16_gemm<128, 64, 4, 8, 32, false>(__half const*, __half const*, float*, float*, int, int, int, long, int)",915,42178201705216,42178202332038,0,25088,256,1,1,13312,1,8
"KERNEL_DISPATCH",4,2,82,"tile_fp16_reduce(float const*, float*, int, int)",916,42178202332038,42178202374853,0,0,256,1,1,106496,1,1
"KERNEL_DISPATCH",4,2,33,"void dequantize_block_iq3_s<__half>(void const*, __half*)",917,42178202396334,42178202609818,0,0,32,1,1,2129920,1,1
"KERNEL_DISPATCH",4,2,35,"void convert_unary<float, __half>(void const*, __half*, long, long, long, HIP_vector_type<unsigned int, 3u>, long, long, long)",918,42178202609818,42178202627448,0,0,256,1,1,655360,1,1
"KERNEL_DISPATCH",4,2,79,"void tile_fp16_gemm<128, 64, 4, 8, 32, false>(__half const*, __half const*, float*, float*, int, int, int, long, int)",919,42178202627448,42178203259602,0,25088,256,1,1,13312,1,8
"KERNEL_DISPATCH",4,2,82,"tile_fp16_reduce(float const*, float*, int, int)",920,42178203259602,42178203302862,0,0,256,1,1,106496,1,1
"KERNEL_DISPATCH",4,2,33,"void dequantize_block_iq3_s<__half>(void const*, __half*)",921,42178203324048,42178203537383,0,0,32,1,1,2129920,1,1
"KERNEL_DISPATCH",4,2,35,"void convert_unary<float, __half>(void const*, __half*, long, long, long, HIP_vector_type<unsigned int, 3u>, long, long, long)",922,42178203537383,42178203555013,0,0,256,1,1,655360,1,1
"KERNEL_DISPATCH",4,2,79,"void tile_fp16_gemm<128, 64, 4, 8, 32, false>(__half const*, __half const*, float*, float*, int, int, int, long, int)",923,42178203555013,42178204219316,0,25088,256,1,1,13312,1,8
"KERNEL_DISPATCH",4,2,82,"tile_fp16_reduce(float const*, float*, int, int)",924,42178204219316,42178204267613,0,0,256,1,1,106496,1,1
"KERNEL_DISPATCH",4,2,33,"void dequantize_block_iq3_s<__half>(void const*, __half*)",925,42178204290131,42178204528356,0,0,32,1,1,2129920,1,1
"KERNEL_DISPATCH",4,2,35,"void convert_unary<float, __half>(void const*, __half*, long, long, long, HIP_vector_type<unsigned int, 3u>, long, long, long)",926,42178204528356,42178204548208,0,0,256,1,1,655360,1,1
"KERNEL_DISPATCH",4,2,79,"void tile_fp16_gemm<128, 64, 4, 8, 32, false>(__half const*, __half const*, float*, float*, int, int, int, long, int)",927,42178204548208,42178205238141,0,25088,256,1,1,13312,1,8
"KERNEL_DISPATCH",4,2,82,"tile_fp16_reduce(float const*, float*, int, int)",928,42178205238141,42178205286290,0,0,256,1,1,106496,1,1
"KERNEL_DISPATCH",4,2,33,"void dequantize_block_iq3_s<__half>(void const*, __half*)",929,42178205309549,42178205547478,0,0,32,1,1,2129920,1,1
"KERNEL_DISPATCH",4,2,35,"void convert_unary<float, __half>(void const*, __half*, long, long, long, HIP_vector_type<unsigned int, 3u>, long, long, long)",930,42178205547478,42178205566737,0,0,256,1,1,655360,1,1
"KERNEL_DISPATCH",4,2,79,"void tile_fp16_gemm<128, 64, 4, 8, 32, false>(__half const*, __half const*, float*, float*, int, int, int, long, int)",931,42178205566737,42178206224966,0,25088,256,1,1,13312,1,8
"KERNEL_DISPATCH",4,2,82,"tile_fp16_reduce(float const*, float*, int, int)",932,42178206224966,42178206268078,0,0,256,1,1,106496,1,1
"KERNEL_DISPATCH",4,2,33,"void dequantize_block_iq3_s<__half>(void const*, __half*)",933,42178206289263,42178206502747,0,0,32,1,1,2129920,1,1
"KERNEL_DISPATCH",4,2,35,"void convert_unary<float, __half>(void const*, __half*, long, long, long, HIP_vector_type<unsigned int, 3u>, long, long, long)",934,42178206502747,42178206520228,0,0,256,1,1,655360,1,1
"KERNEL_DISPATCH",4,2,79,"void tile_fp16_gemm<128, 64, 4, 8, 32, false>(__half const*, __half const*, float*, float*, int, int, int, long, int)",935,42178206520228,42178207146457,0,25088,256,1,1,13312,1,8
"KERNEL_DISPATCH",4,2,82,"tile_fp16_reduce(float const*, float*, int, int)",936,42178207146457,42178207189124,0,0,256,1,1,106496,1,1
"KERNEL_DISPATCH",4,2,33,"void dequantize_block_iq3_s<__half>(void const*, __half*)",937,42178207210161,42178207423497,0,0,32,1,1,2129920,1,1
"KERNEL_DISPATCH",4,2,35,"void convert_unary<float, __half>(void const*, __half*, long, long, long, HIP_vector_type<unsigned int, 3u>, long, long, long)",938,42178207423497,42178207441275,0,0,256,1,1,655360,1,1
"KERNEL_DISPATCH",4,2,79,"void tile_fp16_gemm<128, 64, 4, 8, 32, false>(__half const*, __half const*, float*, float*, int, int, int, long, int)",939,42178207441275,42178208103207,0,25088,256,1,1,13312,1,8
"KERNEL_DISPATCH",4,2,82,"tile_fp16_reduce(float const*, float*, int, int)",940,42178208103207,42178208150912,0,0,256,1,1,106496,1,1
"KERNEL_DISPATCH",4,2,33,"void dequantize_block_iq3_s<__half>(void const*, __half*)",941,42178208174023,42178208412247,0,0,32,1,1,2129920,1,1
"KERNEL_DISPATCH",4,2,35,"void convert_unary<float, __half>(void const*, __half*, long, long, long, HIP_vector_type<unsigned int, 3u>, long, long, long)",942,42178208412247,42178208431655,0,0,256,1,1,655360,1,1
"KERNEL_DISPATCH",4,2,79,"void tile_fp16_gemm<128, 64, 4, 8, 32, false>(__half const*, __half const*, float*, float*, int, int, int, long, int)",943,42178208431655,42178209214033,0,25088,256,1,1,13312,1,8
"KERNEL_DISPATCH",4,2,82,"tile_fp16_reduce(float const*, float*, int, int)",944,42178209214033,42178209286034,0,0,256,1,1,106496,1,1
"KERNEL_DISPATCH",4,2,33,"void dequantize_block_iq3_s<__half>(void const*, __half*)",945,42178209312997,42178209586334,0,0,32,1,1,2129920,1,1
"KERNEL_DISPATCH",4,2,35,"void convert_unary<float, __half>(void const*, __half*, long, long, long, HIP_vector_type<unsigned int, 3u>, long, long, long)",946,42178209586334,42178209612704,0,0,256,1,1,655360,1,1
"KERNEL_DISPATCH",4,2,79,"void tile_fp16_gemm<128, 64, 4, 8, 32, false>(__half const*, __half const*, float*, float*, int, int, int, long, int)",947,42178209612704,42178210405157,0,25088,256,1,1,13312,1,8
"KERNEL_DISPATCH",4,2,82,"tile_fp16_reduce(float const*, float*, int, int)",948,42178210405157,42178210453157,0,0,256,1,1,106496,1,1
"KERNEL_DISPATCH",4,2,33,"void dequantize_block_iq3_s<__half>(void const*, __half*)",949,42178210476417,42178210714197,0,0,32,1,1,2129920,1,1
"KERNEL_DISPATCH",4,2,35,"void convert_unary<float, __half>(void const*, __half*, long, long, long, HIP_vector_type<unsigned int, 3u>, long, long, long)",950,42178210714197,42178210733753,0,0,256,1,1,655360,1,1
"KERNEL_DISPATCH",4,2,79,"void tile_fp16_gemm<128, 64, 4, 8, 32, false>(__half const*, __half const*, float*, float*, int, int, int, long, int)",951,42178210733753,42178211380722,0,25088,256,1,1,13312,1,8
"KERNEL_DISPATCH",4,2,82,"tile_fp16_reduce(float const*, float*, int, int)",952,42178211380722,42178211423686,0,0,256,1,1,106496,1,1
"KERNEL_DISPATCH",4,2,33,"void dequantize_block_iq3_s<__half>(void const*, __half*)",953,42178211444871,42178211658355,0,0,32,1,1,2129920,1,1
"KERNEL_DISPATCH",4,2,35,"void convert_unary<float, __half>(void const*, __half*, long, long, long, HIP_vector_type<unsigned int, 3u>, long, long, long)",954,42178211658355,42178211675836,0,0,256,1,1,655360,1,1
"KERNEL_DISPATCH",4,2,79,"void tile_fp16_gemm<128, 64, 4, 8, 32, false>(__half const*, __half const*, float*, float*, int, int, int, long, int)",955,42178211675836,42178212298954,0,25088,256,1,1,13312,1,8
"KERNEL_DISPATCH",4,2,82,"tile_fp16_reduce(float const*, float*, int, int)",956,42178212298954,42178212341621,0,0,256,1,1,106496,1,1
"KERNEL_DISPATCH",4,2,33,"void dequantize_block_iq3_s<__half>(void const*, __half*)",957,42178212363399,42178212576586,0,0,32,1,1,2129920,1,1
"KERNEL_DISPATCH",4,2,35,"void convert_unary<float, __half>(void const*, __half*, long, long, long, HIP_vector_type<unsigned int, 3u>, long, long, long)",958,42178212576586,42178212594216,0,0,256,1,1,655360,1,1
"KERNEL_DISPATCH",4,2,79,"void tile_fp16_gemm<128, 64, 4, 8, 32, false>(__half const*, __half const*, float*, float*, int, int, int, long, int)",959,42178212594216,42178213223259,0,25088,256,1,1,13312,1,8
"KERNEL_DISPATCH",4,2,82,"tile_fp16_reduce(float const*, float*, int, int)",960,42178213223259,42178213265926,0,0,256,1,1,106496,1,1
"KERNEL_DISPATCH",4,2,33,"void dequantize_block_iq3_s<__half>(void const*, __half*)",961,42178213287112,42178213500447,0,0,32,1,1,2129920,1,1
"KERNEL_DISPATCH",4,2,35,"void convert_unary<float, __half>(void const*, __half*, long, long, long, HIP_vector_type<unsigned int, 3u>, long, long, long)",962,42178213500447,42178213518225,0,0,256,1,1,655360,1,1
"KERNEL_DISPATCH",4,2,79,"void tile_fp16_gemm<128, 64, 4, 8, 32, false>(__half const*, __half const*, float*, float*, int, int, int, long, int)",963,42178213518225,42178214186973,0,25088,256,1,1,13312,1,8
"KERNEL_DISPATCH",4,2,82,"tile_fp16_reduce(float const*, float*, int, int)",964,42178214186973,42178214234381,0,0,256,1,1,106496,1,1
"KERNEL_DISPATCH",4,2,33,"void dequantize_block_iq3_s<__half>(void const*, __half*)",965,42178214256751,42178214494828,0,0,32,1,1,2129920,1,1
"KERNEL_DISPATCH",4,2,35,"void convert_unary<float, __half>(void const*, __half*, long, long, long, HIP_vector_type<unsigned int, 3u>, long, long, long)",966,42178214494828,42178214514532,0,0,256,1,1,655360,1,1
"KERNEL_DISPATCH",4,2,79,"void tile_fp16_gemm<128, 64, 4, 8, 32, false>(__half const*, __half const*, float*, float*, int, int, int, long, int)",967,42178214514532,42178215201946,0,25088,256,1,1,13312,1,8
"KERNEL_DISPATCH",4,2,82,"tile_fp16_reduce(float const*, float*, int, int)",968,42178215201946,42178215250095,0,0,256,1,1,106496,1,1
"KERNEL_DISPATCH",4,2,33,"void dequantize_block_iq3_s<__half>(void const*, __half*)",969,42178215273058,42178215510838,0,0,32,1,1,2129920,1,1
"KERNEL_DISPATCH",4,2,35,"void convert_unary<float, __half>(void const*, __half*, long, long, long, HIP_vector_type<unsigned int, 3u>, long, long, long)",970,42178215510838,42178215530394,0,0,256,1,1,655360,1,1
"KERNEL_DISPATCH",4,2,79,"void tile_fp16_gemm<128, 64, 4, 8, 32, false>(__half const*, __half const*, float*, float*, int, int, int, long, int)",971,42178215530394,42178216192327,0,25088,256,1,1,13312,1,8
"KERNEL_DISPATCH",4,2,82,"tile_fp16_reduce(float const*, float*, int, int)",972,42178216192327,42178216235586,0,0,256,1,1,106496,1,1
"KERNEL_DISPATCH",4,2,33,"void dequantize_block_iq3_s<__half>(void const*, __half*)",973,42178216257068,42178216470404,0,0,32,1,1,2129920,1,1
"KERNEL_DISPATCH",4,2,35,"void convert_unary<float, __half>(void const*, __half*, long, long, long, HIP_vector_type<unsigned int, 3u>, long, long, long)",974,42178216470404,42178216487885,0,0,256,1,1,655360,1,1
"KERNEL_DISPATCH",4,2,79,"void tile_fp16_gemm<128, 64, 4, 8, 32, false>(__half const*, __half const*, float*, float*, int, int, int, long, int)",975,42178216487885,42178217149077,0,25088,256,1,1,13312,1,8
"KERNEL_DISPATCH",4,2,82,"tile_fp16_reduce(float const*, float*, int, int)",976,42178217149077,42178217197818,0,0,256,1,1,106496,1,1
"KERNEL_DISPATCH",4,2,33,"void dequantize_block_iq3_s<__half>(void const*, __half*)",977,42178217220782,42178217458562,0,0,32,1,1,2129920,1,1
"KERNEL_DISPATCH",4,2,35,"void convert_unary<float, __half>(void const*, __half*, long, long, long, HIP_vector_type<unsigned int, 3u>, long, long, long)",978,42178217458562,42178217477969,0,0,256,1,1,655360,1,1
"KERNEL_DISPATCH",4,2,79,"void tile_fp16_gemm<128, 64, 4, 8, 32, false>(__half const*, __half const*, float*, float*, int, int, int, long, int)",979,42178217477969,42178218271755,0,25088,256,1,1,13312,1,8
"KERNEL_DISPATCH",4,2,82,"tile_fp16_reduce(float const*, float*, int, int)",980,42178218271755,42178218343756,0,0,256,1,1,106496,1,1
"KERNEL_DISPATCH",4,2,33,"void dequantize_block_iq3_s<__half>(void const*, __half*)",981,42178218370275,42178218643315,0,0,32,1,1,2129920,1,1
"KERNEL_DISPATCH",4,2,35,"void convert_unary<float, __half>(void const*, __half*, long, long, long, HIP_vector_type<unsigned int, 3u>, long, long, long)",982,42178218643315,42178218671018,0,0,256,1,1,655360,1,1
"KERNEL_DISPATCH",4,2,79,"void tile_fp16_gemm<128, 64, 4, 8, 32, false>(__half const*, __half const*, float*, float*, int, int, int, long, int)",983,42178218671018,42178219432211,0,25088,256,1,1,13312,1,8
"KERNEL_DISPATCH",4,2,82,"tile_fp16_reduce(float const*, float*, int, int)",984,42178219432211,42178219481249,0,0,256,1,1,106496,1,1
"KERNEL_DISPATCH",4,2,33,"void dequantize_block_iq3_s<__half>(void const*, __half*)",985,42178219504064,42178219741844,0,0,32,1,1,2129920,1,1
"KERNEL_DISPATCH",4,2,35,"void convert_unary<float, __half>(void const*, __half*, long, long, long, HIP_vector_type<unsigned int, 3u>, long, long, long)",986,42178219741844,42178219761400,0,0,256,1,1,655360,1,1
"KERNEL_DISPATCH",4,2,79,"void tile_fp16_gemm<128, 64, 4, 8, 32, false>(__half const*, __half const*, float*, float*, int, int, int, long, int)",987,42178219761400,42178220428073,0,25088,256,1,1,13312,1,8
"KERNEL_DISPATCH",4,2,82,"tile_fp16_reduce(float const*, float*, int, int)",988,42178220428073,42178220471481,0,0,256,1,1,106496,1,1
"KERNEL_DISPATCH",4,2,33,"void dequantize_block_iq3_s<__half>(void const*, __half*)",989,42178220492370,42178220705558,0,0,32,1,1,2129920,1,1
"KERNEL_DISPATCH",4,2,35,"void convert_unary<float, __half>(void const*, __half*, long, long, long, HIP_vector_type<unsigned int, 3u>, long, long, long)",990,42178220705558,42178220723039,0,0,256,1,1,655360,1,1
"KERNEL_DISPATCH",4,2,79,"void tile_fp16_gemm<128, 64, 4, 8, 32, false>(__half const*, __half const*, float*, float*, int, int, int, long, int)",991,42178220723039,42178221344972,0,25088,256,1,1,13312,1,8
"KERNEL_DISPATCH",4,2,82,"tile_fp16_reduce(float const*, float*, int, int)",992,42178221344972,42178221387935,0,0,256,1,1,106496,1,1
"KERNEL_DISPATCH",4,2,33,"void dequantize_block_iq3_s<__half>(void const*, __half*)",993,42178221409269,42178221622752,0,0,32,1,1,2129920,1,1
"KERNEL_DISPATCH",4,2,35,"void convert_unary<float, __half>(void const*, __half*, long, long, long, HIP_vector_type<unsigned int, 3u>, long, long, long)",994,42178221622752,42178221640234,0,0,256,1,1,655360,1,1
"KERNEL_DISPATCH",4,2,79,"void tile_fp16_gemm<128, 64, 4, 8, 32, false>(__half const*, __half const*, float*, float*, int, int, int, long, int)",995,42178221640234,42178222267944,0,25088,256,1,1,13312,1,8
"KERNEL_DISPATCH",4,2,82,"tile_fp16_reduce(float const*, float*, int, int)",996,42178222267944,42178222310759,0,0,256,1,1,106496,1,1
"KERNEL_DISPATCH",4,2,33,"void dequantize_block_iq3_s<__half>(void const*, __half*)",997,42178222331945,42178222545132,0,0,32,1,1,2129920,1,1
"KERNEL_DISPATCH",4,2,35,"void convert_unary<float, __half>(void const*, __half*, long, long, long, HIP_vector_type<unsigned int, 3u>, long, long, long)",998,42178222545132,42178222562614,0,0,256,1,1,655360,1,1
"KERNEL_DISPATCH",4,2,79,"void tile_fp16_gemm<128, 64, 4, 8, 32, false>(__half const*, __half const*, float*, float*, int, int, int, long, int)",999,42178222562614,42178223190472,0,25088,256,1,1,13312,1,8
"KERNEL_DISPATCH",4,2,82,"tile_fp16_reduce(float const*, float*, int, int)",1000,42178223190472,42178223232991,0,0,256,1,1,106496,1,1
"KERNEL_DISPATCH",4,2,33,"void dequantize_block_iq3_s<__half>(void const*, __half*)",1001,42178223254176,42178223467364,0,0,32,1,1,2129920,1,1
"KERNEL_DISPATCH",4,2,35,"void convert_unary<float, __half>(void const*, __half*, long, long, long, HIP_vector_type<unsigned int, 3u>, long, long, long)",1002,42178223467364,42178223485142,0,0,256,1,1,655360,1,1
"KERNEL_DISPATCH",4,2,79,"void tile_fp16_gemm<128, 64, 4, 8, 32, false>(__half const*, __half const*, float*, float*, int, int, int, long, int)",1003,42178223485142,42178224154926,0,25088,256,1,1,13312,1,8
"KERNEL_DISPATCH",4,2,82,"tile_fp16_reduce(float const*, float*, int, int)",1004,42178224154926,42178224202778,0,0,256,1,1,106496,1,1
"KERNEL_DISPATCH",4,2,33,"void dequantize_block_iq3_s<__half>(void const*, __half*)",1005,42178224225445,42178224463522,0,0,32,1,1,2129920,1,1
"KERNEL_DISPATCH",4,2,35,"void convert_unary<float, __half>(void const*, __half*, long, long, long, HIP_vector_type<unsigned int, 3u>, long, long, long)",1006,42178224463522,42178224483226,0,0,256,1,1,655360,1,1
"KERNEL_DISPATCH",4,2,79,"void tile_fp16_gemm<128, 64, 4, 8, 32, false>(__half const*, __half const*, float*, float*, int, int, int, long, int)",1007,42178224483309,42178225278132,0,25088,256,1,1,13312,1,8
"KERNEL_DISPATCH",4,2,82,"tile_fp16_reduce(float const*, float*, int, int)",1008,42178225278132,42178225349984,0,0,256,1,1,106496,1,1
"KERNEL_DISPATCH",4,2,33,"void dequantize_block_iq3_s<__half>(void const*, __half*)",1009,42180495328853,42180495453150,0,0,32,1,1,1277952,1,1
"KERNEL_DISPATCH",4,2,35,"void convert_unary<float, __half>(void const*, __half*, long, long, long, HIP_vector_type<unsigned int, 3u>, long, long, long)",1010,42180495453150,42180495473298,0,0,256,1,1,786432,1,1
"KERNEL_DISPATCH",4,2,79,"void tile_fp16_gemm<128, 64, 4, 8, 32, false>(__half const*, __half const*, float*, float*, int, int, int, long, int)",1011,42180495473298,42180495924858,0,25088,256,1,1,6656,1,8
"KERNEL_DISPATCH",4,2,82,"tile_fp16_reduce(float const*, float*, int, int)",1012,42180495924858,42180495951377,0,0,256,1,1,53248,1,1
"KERNEL_DISPATCH",4,2,33,"void dequantize_block_iq3_s<__half>(void const*, __half*)",1013,42180496200416,42180496321751,0,0,32,1,1,1277952,1,1
"KERNEL_DISPATCH",4,2,35,"void convert_unary<float, __half>(void const*, __half*, long, long, long, HIP_vector_type<unsigned int, 3u>, long, long, long)",1014,42180496321751,42180496343084,0,0,256,1,1,786432,1,1
"KERNEL_DISPATCH",4,2,79,"void tile_fp16_gemm<128, 64, 4, 8, 32, false>(__half const*, __half const*, float*, float*, int, int, int, long, int)",1015,42180496343084,42180496785163,0,25088,256,1,1,6656,1,8
"KERNEL_DISPATCH",4,2,82,"tile_fp16_reduce(float const*, float*, int, int)",1016,42180496785163,42180496810052,0,0,256,1,1,53248,1,1
"KERNEL_DISPATCH",4,2,33,"void dequantize_block_iq3_s<__half>(void const*, __half*)",1017,42180496831089,42180496954646,0,0,32,1,1,1277952,1,1
"KERNEL_DISPATCH",4,2,35,"void convert_unary<float, __half>(void const*, __half*, long, long, long, HIP_vector_type<unsigned int, 3u>, long, long, long)",1018,42180496954646,42180496975091,0,0,256,1,1,786432,1,1
"KERNEL_DISPATCH",4,2,82,"tile_fp16_reduce(float const*, float*, int, int)",1020,42180497397614,42180497422799,0,0,256,1,1,53248,1,1
"KERNEL_DISPATCH",4,2,79,"void tile_fp16_gemm<128, 64, 4, 8, 32, false>(__half const*, __half const*, float*, float*, int, int, int, long, int)",1019,42180496975091,42180497397614,0,25088,256,1,1,6656,1,8
"KERNEL_DISPATCH",4,2,33,"void dequantize_block_iq3_s<__half>(void const*, __half*)",1021,42180497448577,42180497577467,0,0,32,1,1,1277952,1,1
"KERNEL_DISPATCH",4,2,35,"void convert_unary<float, __half>(void const*, __half*, long, long, long, HIP_vector_type<unsigned int, 3u>, long, long, long)",1022,42180497577467,42180497598060,0,0,256,1,1,786432,1,1
"KERNEL_DISPATCH",4,2,79,"void tile_fp16_gemm<128, 64, 4, 8, 32, false>(__half const*, __half const*, float*, float*, int, int, int, long, int)",1023,42180497598060,42180498026509,0,25088,256,1,1,6656,1,8
"KERNEL_DISPATCH",4,2,82,"tile_fp16_reduce(float const*, float*, int, int)",1024,42180498026509,42180498051694,0,0,256,1,1,53248,1,1
"KERNEL_DISPATCH",4,2,33,"void dequantize_block_iq3_s<__half>(void const*, __half*)",1025,42180498072287,42180498201326,0,0,32,1,1,1277952,1,1
"KERNEL_DISPATCH",4,2,35,"void convert_unary<float, __half>(void const*, __half*, long, long, long, HIP_vector_type<unsigned int, 3u>, long, long, long)",1026,42180498201326,42180498221918,0,0,256,1,1,786432,1,1
"KERNEL_DISPATCH",4,2,82,"tile_fp16_reduce(float const*, float*, int, int)",1028,42180498649034,42180498673775,0,0,256,1,1,53248,1,1
"KERNEL_DISPATCH",4,2,79,"void tile_fp16_gemm<128, 64, 4, 8, 32, false>(__half const*, __half const*, float*, float*, int, int, int, long, int)",1027,42180498221918,42180498649034,0,25088,256,1,1,6656,1,8
"KERNEL_DISPATCH",4,2,33,"void dequantize_block_iq3_s<__half>(void const*, __half*)",1029,42180498693775,42180498823110,0,0,32,1,1,1277952,1,1
"KERNEL_DISPATCH",4,2,35,"void convert_unary<float, __half>(void const*, __half*, long, long, long, HIP_vector_type<unsigned int, 3u>, long, long, long)",1030,42180498823110,42180498843258,0,0,256,1,1,786432,1,1
"KERNEL_DISPATCH",4,2,82,"tile_fp16_reduce(float const*, float*, int, int)",1032,42180499281337,42180499305781,0,0,256,1,1,53248,1,1
"KERNEL_DISPATCH",4,2,79,"void tile_fp16_gemm<128, 64, 4, 8, 32, false>(__half const*, __half const*, float*, float*, int, int, int, long, int)",1031,42180498843258,42180499281337,0,25088,256,1,1,6656,1,8
"KERNEL_DISPATCH",4,2,33,"void dequantize_block_iq3_s<__half>(void const*, __half*)",1033,42180499324745,42180499446227,0,0,32,1,1,1277952,1,1
"KERNEL_DISPATCH",4,2,35,"void convert_unary<float, __half>(void const*, __half*, long, long, long, HIP_vector_type<unsigned int, 3u>, long, long, long)",1034,42180499446227,42180499465783,0,0,256,1,1,786432,1,1
"KERNEL_DISPATCH",4,2,82,"tile_fp16_reduce(float const*, float*, int, int)",1036,42180499910084,42180499935269,0,0,256,1,1,53248,1,1
"KERNEL_DISPATCH",4,2,79,"void tile_fp16_gemm<128, 64, 4, 8, 32, false>(__half const*, __half const*, float*, float*, int, int, int, long, int)",1035,42180499465783,42180499910084,0,25088,256,1,1,6656,1,8
"KERNEL_DISPATCH",4,2,33,"void dequantize_block_iq3_s<__half>(void const*, __half*)",1037,42180499954973,42180500083863,0,0,32,1,1,1277952,1,1
"KERNEL_DISPATCH",4,2,35,"void convert_unary<float, __half>(void const*, __half*, long, long, long, HIP_vector_type<unsigned int, 3u>, long, long, long)",1038,42180500083863,42180500104456,0,0,256,1,1,786432,1,1
"KERNEL_DISPATCH",4,2,82,"tile_fp16_reduce(float const*, float*, int, int)",1040,42180500520460,42180500545350,0,0,256,1,1,53248,1,1
"KERNEL_DISPATCH",4,2,79,"void tile_fp16_gemm<128, 64, 4, 8, 32, false>(__half const*, __half const*, float*, float*, int, int, int, long, int)",1039,42180500104456,42180500520460,0,25088,256,1,1,6656,1,8
"KERNEL_DISPATCH",4,2,33,"void dequantize_block_iq3_s<__half>(void const*, __half*)",1041,42180500565202,42180500694240,0,0,32,1,1,1277952,1,1
"KERNEL_DISPATCH",4,2,35,"void convert_unary<float, __half>(void const*, __half*, long, long, long, HIP_vector_type<unsigned int, 3u>, long, long, long)",1042,42180500694240,42180500714833,0,0,256,1,1,786432,1,1
"KERNEL_DISPATCH",4,2,82,"tile_fp16_reduce(float const*, float*, int, int)",1044,42180501139578,42180501164763,0,0,256,1,1,53248,1,1
"KERNEL_DISPATCH",4,2,79,"void tile_fp16_gemm<128, 64, 4, 8, 32, false>(__half const*, __half const*, float*, float*, int, int, int, long, int)",1043,42180500714833,42180501139578,0,25088,256,1,1,6656,1,8
"KERNEL_DISPATCH",4,2,33,"void dequantize_block_iq3_s<__half>(void const*, __half*)",1045,42180501184615,42180501313654,0,0,32,1,1,1277952,1,1
"KERNEL_DISPATCH",4,2,35,"void convert_unary<float, __half>(void const*, __half*, long, long, long, HIP_vector_type<unsigned int, 3u>, long, long, long)",1046,42180501313654,42180501334098,0,0,256,1,1,786432,1,1
"KERNEL_DISPATCH",4,2,82,"tile_fp16_reduce(float const*, float*, int, int)",1048,42180501775733,42180501800918,0,0,256,1,1,53248,1,1
"KERNEL_DISPATCH",4,2,79,"void tile_fp16_gemm<128, 64, 4, 8, 32, false>(__half const*, __half const*, float*, float*, int, int, int, long, int)",1047,42180501334098,42180501775733,0,25088,256,1,1,6656,1,8
"KERNEL_DISPATCH",4,2,33,"void dequantize_block_iq3_s<__half>(void const*, __half*)",1049,42180501820622,42180501949660,0,0,32,1,1,1277952,1,1
"KERNEL_DISPATCH",4,2,35,"void convert_unary<float, __half>(void const*, __half*, long, long, long, HIP_vector_type<unsigned int, 3u>, long, long, long)",1050,42180501949660,42180501970105,0,0,256,1,1,786432,1,1
"KERNEL_DISPATCH",4,2,82,"tile_fp16_reduce(float const*, float*, int, int)",1052,42180502398109,42180502423295,0,0,256,1,1,53248,1,1
"KERNEL_DISPATCH",4,2,79,"void tile_fp16_gemm<128, 64, 4, 8, 32, false>(__half const*, __half const*, float*, float*, int, int, int, long, int)",1051,42180501970105,42180502398109,0,25088,256,1,1,6656,1,8
"KERNEL_DISPATCH",4,2,33,"void dequantize_block_iq3_s<__half>(void const*, __half*)",1053,42180502442999,42180502572037,0,0,32,1,1,1277952,1,1
"KERNEL_DISPATCH",4,2,35,"void convert_unary<float, __half>(void const*, __half*, long, long, long, HIP_vector_type<unsigned int, 3u>, long, long, long)",1054,42180502572037,42180502592482,0,0,256,1,1,786432,1,1
"KERNEL_DISPATCH",4,2,79,"void tile_fp16_gemm<128, 64, 4, 8, 32, false>(__half const*, __half const*, float*, float*, int, int, int, long, int)",1055,42180502592482,42180503028634,0,25088,256,1,1,6656,1,8
"KERNEL_DISPATCH",4,2,82,"tile_fp16_reduce(float const*, float*, int, int)",1056,42180503028634,42180503054116,0,0,256,1,1,53248,1,1
"KERNEL_DISPATCH",4,2,33,"void dequantize_block_iq3_s<__half>(void const*, __half*)",1057,42180503074709,42180503204043,0,0,32,1,1,1277952,1,1
"KERNEL_DISPATCH",4,2,35,"void convert_unary<float, __half>(void const*, __half*, long, long, long, HIP_vector_type<unsigned int, 3u>, long, long, long)",1058,42180503204043,42180503224488,0,0,256,1,1,786432,1,1
"KERNEL_DISPATCH",4,2,79,"void tile_fp16_gemm<128, 64, 4, 8, 32, false>(__half const*, __half const*, float*, float*, int, int, int, long, int)",1059,42180503224488,42180503663307,0,25088,256,1,1,6656,1,8
"KERNEL_DISPATCH",4,2,82,"tile_fp16_reduce(float const*, float*, int, int)",1060,42180503663307,42180503687900,0,0,256,1,1,53248,1,1
"KERNEL_DISPATCH",4,2,33,"void dequantize_block_iq3_s<__half>(void const*, __half*)",1061,42180503708197,42180503837383,0,0,32,1,1,1277952,1,1
"KERNEL_DISPATCH",4,2,35,"void convert_unary<float, __half>(void const*, __half*, long, long, long, HIP_vector_type<unsigned int, 3u>, long, long, long)",1062,42180503837383,42180503857828,0,0,256,1,1,786432,1,1
"KERNEL_DISPATCH",4,2,79,"void tile_fp16_gemm<128, 64, 4, 8, 32, false>(__half const*, __half const*, float*, float*, int, int, int, long, int)",1063,42180503857828,42180504285536,0,25088,256,1,1,6656,1,8
"KERNEL_DISPATCH",4,2,82,"tile_fp16_reduce(float const*, float*, int, int)",1064,42180504285536,42180504311166,0,0,256,1,1,53248,1,1
"KERNEL_DISPATCH",4,2,33,"void dequantize_block_iq3_s<__half>(void const*, __half*)",1065,42180504331610,42180504460649,0,0,32,1,1,1277952,1,1
"KERNEL_DISPATCH",4,2,35,"void convert_unary<float, __half>(void const*, __half*, long, long, long, HIP_vector_type<unsigned int, 3u>, long, long, long)",1066,42180504460649,42180504481242,0,0,256,1,1,786432,1,1
"KERNEL_DISPATCH",4,2,79,"void tile_fp16_gemm<128, 64, 4, 8, 32, false>(__half const*, __half const*, float*, float*, int, int, int, long, int)",1067,42180504481242,42180504902579,0,25088,256,1,1,6656,1,8
"KERNEL_DISPATCH",4,2,82,"tile_fp16_reduce(float const*, float*, int, int)",1068,42180504902579,42180504927765,0,0,256,1,1,53248,1,1
"KERNEL_DISPATCH",4,2,33,"void dequantize_block_iq3_s<__half>(void const*, __half*)",1069,42180504948358,42180505099322,0,0,32,1,1,1277952,1,1
"KERNEL_DISPATCH",4,2,35,"void convert_unary<float, __half>(void const*, __half*, long, long, long, HIP_vector_type<unsigned int, 3u>, long, long, long)",1070,42180505099322,42180505122137,0,0,256,1,1,786432,1,1
"KERNEL_DISPATCH",4,2,79,"void tile_fp16_gemm<128, 64, 4, 8, 32, false>(__half const*, __half const*, float*, float*, int, int, int, long, int)",1071,42180505122137,42180505584957,0,25088,256,1,1,6656,1,8
"KERNEL_DISPATCH",4,2,82,"tile_fp16_reduce(float const*, float*, int, int)",1072,42180505584957,42180505612809,0,0,256,1,1,53248,1,1
"KERNEL_DISPATCH",4,2,33,"void dequantize_block_iq3_s<__half>(void const*, __half*)",1073,42180505633994,42180505778440,0,0,32,1,1,1277952,1,1
"KERNEL_DISPATCH",4,2,35,"void convert_unary<float, __half>(void const*, __half*, long, long, long, HIP_vector_type<unsigned int, 3u>, long, long, long)",1074,42180505778440,42180505801403,0,0,256,1,1,786432,1,1
"KERNEL_DISPATCH",4,2,79,"void tile_fp16_gemm<128, 64, 4, 8, 32, false>(__half const*, __half const*, float*, float*, int, int, int, long, int)",1075,42180505801403,42180506276223,0,25088,256,1,1,6656,1,8
"KERNEL_DISPATCH",4,2,82,"tile_fp16_reduce(float const*, float*, int, int)",1076,42180506276223,42180506301408,0,0,256,1,1,53248,1,1
"KERNEL_DISPATCH",4,2,33,"void dequantize_block_iq3_s<__half>(void const*, __half*)",1077,42180506321260,42180506450299,0,0,32,1,1,1277952,1,1
"KERNEL_DISPATCH",4,2,35,"void convert_unary<float, __half>(void const*, __half*, long, long, long, HIP_vector_type<unsigned int, 3u>, long, long, long)",1078,42180506450299,42180506470743,0,0,256,1,1,786432,1,1
"KERNEL_DISPATCH",4,2,79,"void tile_fp16_gemm<128, 64, 4, 8, 32, false>(__half const*, __half const*, float*, float*, int, int, int, long, int)",1079,42180506470743,42180506898155,0,25088,256,1,1,6656,1,8
"KERNEL_DISPATCH",4,2,82,"tile_fp16_reduce(float const*, float*, int, int)",1080,42180506898155,42180506923637,0,0,256,1,1,53248,1,1
"KERNEL_DISPATCH",4,2,33,"void dequantize_block_iq3_s<__half>(void const*, __half*)",1081,42180506965563,42180507114898,0,0,32,1,1,1277952,1,1
"KERNEL_DISPATCH",4,2,35,"void convert_unary<float, __half>(void const*, __half*, long, long, long, HIP_vector_type<unsigned int, 3u>, long, long, long)",1082,42180507114898,42180507137565,0,0,256,1,1,786432,1,1
"KERNEL_DISPATCH",4,2,79,"void tile_fp16_gemm<128, 64, 4, 8, 32, false>(__half const*, __half const*, float*, float*, int, int, int, long, int)",1083,42180507137565,42180507611051,0,25088,256,1,1,6656,1,8
"KERNEL_DISPATCH",4,2,82,"tile_fp16_reduce(float const*, float*, int, int)",1084,42180507611051,42180507638607,0,0,256,1,1,53248,1,1
"KERNEL_DISPATCH",4,2,33,"void dequantize_block_iq3_s<__half>(void const*, __half*)",1085,42180507660682,42180507804683,0,0,32,1,1,1277952,1,1
"KERNEL_DISPATCH",4,2,35,"void convert_unary<float, __half>(void const*, __half*, long, long, long, HIP_vector_type<unsigned int, 3u>, long, long, long)",1086,42180507804683,42180507827646,0,0,256,1,1,786432,1,1
"KERNEL_DISPATCH",4,2,79,"void tile_fp16_gemm<128, 64, 4, 8, 32, false>(__half const*, __half const*, float*, float*, int, int, int, long, int)",1087,42180507827646,42180508281429,0,25088,256,1,1,6656,1,8
"KERNEL_DISPATCH",4,2,82,"tile_fp16_reduce(float const*, float*, int, int)",1088,42180508281429,42180508306910,0,0,256,1,1,53248,1,1
"KERNEL_DISPATCH",4,2,33,"void dequantize_block_iq3_s<__half>(void const*, __half*)",1089,42180508327059,42180508456097,0,0,32,1,1,1277952,1,1
"KERNEL_DISPATCH",4,2,35,"void convert_unary<float, __half>(void const*, __half*, long, long, long, HIP_vector_type<unsigned int, 3u>, long, long, long)",1090,42180508456097,42180508476542,0,0,256,1,1,786432,1,1
"KERNEL_DISPATCH",4,2,79,"void tile_fp16_gemm<128, 64, 4, 8, 32, false>(__half const*, __half const*, float*, float*, int, int, int, long, int)",1091,42180508476542,42180508906324,0,25088,256,1,1,6656,1,8
"KERNEL_DISPATCH",4,2,82,"tile_fp16_reduce(float const*, float*, int, int)",1092,42180508906324,42180508931657,0,0,256,1,1,53248,1,1
"KERNEL_DISPATCH",4,2,33,"void dequantize_block_iq3_s<__half>(void const*, __half*)",1093,42180508952695,42180509103215,0,0,32,1,1,1277952,1,1
"KERNEL_DISPATCH",4,2,35,"void convert_unary<float, __half>(void const*, __half*, long, long, long, HIP_vector_type<unsigned int, 3u>, long, long, long)",1094,42180509103215,42180509126030,0,0,256,1,1,786432,1,1
"KERNEL_DISPATCH",4,2,79,"void tile_fp16_gemm<128, 64, 4, 8, 32, false>(__half const*, __half const*, float*, float*, int, int, int, long, int)",1095,42180509126030,42180509596257,0,25088,256,1,1,6656,1,8
"KERNEL_DISPATCH",4,2,82,"tile_fp16_reduce(float const*, float*, int, int)",1096,42180509596257,42180509624257,0,0,256,1,1,53248,1,1
"KERNEL_DISPATCH",4,2,33,"void dequantize_block_iq3_s<__half>(void const*, __half*)",1097,42180509645146,42180509789148,0,0,32,1,1,1277952,1,1
"KERNEL_DISPATCH",4,2,35,"void convert_unary<float, __half>(void const*, __half*, long, long, long, HIP_vector_type<unsigned int, 3u>, long, long, long)",1098,42180509789148,42180509812111,0,0,256,1,1,786432,1,1
"KERNEL_DISPATCH",4,2,79,"void tile_fp16_gemm<128, 64, 4, 8, 32, false>(__half const*, __half const*, float*, float*, int, int, int, long, int)",1099,42180509812111,42180510252115,0,25088,256,1,1,6656,1,8
"KERNEL_DISPATCH",4,2,82,"tile_fp16_reduce(float const*, float*, int, int)",1100,42180510252115,42180510277449,0,0,256,1,1,53248,1,1
"KERNEL_DISPATCH",4,2,33,"void dequantize_block_iq3_s<__half>(void const*, __half*)",1101,42180510297449,42180510426784,0,0,32,1,1,1277952,1,1
"KERNEL_DISPATCH",4,2,35,"void convert_unary<float, __half>(void const*, __half*, long, long, long, HIP_vector_type<unsigned int, 3u>, long, long, long)",1102,42180510426784,42180510447080,0,0,256,1,1,786432,1,1
"KERNEL_DISPATCH",4,2,79,"void tile_fp16_gemm<128, 64, 4, 8, 32, false>(__half const*, __half const*, float*, float*, int, int, int, long, int)",1103,42180510447080,42180510877751,0,25088,256,1,1,6656,1,8
"KERNEL_DISPATCH",4,2,82,"tile_fp16_reduce(float const*, float*, int, int)",1104,42180510877751,42180510902641,0,0,256,1,1,53248,1,1
"KERNEL_DISPATCH",4,2,33,"void dequantize_block_iq3_s<__half>(void const*, __half*)",1105,42180510922937,42180511073753,0,0,32,1,1,1277952,1,1
"KERNEL_DISPATCH",4,2,35,"void convert_unary<float, __half>(void const*, __half*, long, long, long, HIP_vector_type<unsigned int, 3u>, long, long, long)",1106,42180511073753,42180511096568,0,0,256,1,1,786432,1,1
"KERNEL_DISPATCH",4,2,79,"void tile_fp16_gemm<128, 64, 4, 8, 32, false>(__half const*, __half const*, float*, float*, int, int, int, long, int)",1107,42180511096568,42180511565166,0,25088,256,1,1,6656,1,8
"KERNEL_DISPATCH",4,2,82,"tile_fp16_reduce(float const*, float*, int, int)",1108,42180511565166,42180511593462,0,0,256,1,1,53248,1,1
"KERNEL_DISPATCH",4,2,33,"void dequantize_block_iq3_s<__half>(void const*, __half*)",1109,42180511614796,42180511758649,0,0,32,1,1,1277952,1,1
"KERNEL_DISPATCH",4,2,35,"void convert_unary<float, __half>(void const*, __half*, long, long, long, HIP_vector_type<unsigned int, 3u>, long, long, long)",1110,42180511758649,42180511781464,0,0,256,1,1,786432,1,1
"KERNEL_DISPATCH",4,2,79,"void tile_fp16_gemm<128, 64, 4, 8, 32, false>(__half const*, __half const*, float*, float*, int, int, int, long, int)",1111,42180511781464,42180512242802,0,25088,256,1,1,6656,1,8
"KERNEL_DISPATCH",4,2,82,"tile_fp16_reduce(float const*, float*, int, int)",1112,42180512242802,42180512267692,0,0,256,1,1,53248,1,1
"KERNEL_DISPATCH",4,2,33,"void dequantize_block_iq3_s<__half>(void const*, __half*)",1113,42180512287840,42180512416878,0,0,32,1,1,1277952,1,1
"KERNEL_DISPATCH",4,2,35,"void convert_unary<float, __half>(void const*, __half*, long, long, long, HIP_vector_type<unsigned int, 3u>, long, long, long)",1114,42180512416878,42180512437916,0,0,256,1,1,786432,1,1
"KERNEL_DISPATCH",4,2,79,"void tile_fp16_gemm<128, 64, 4, 8, 32, false>(__half const*, __half const*, float*, float*, int, int, int, long, int)",1115,42180512437916,42180512867401,0,25088,256,1,1,6656,1,8
"KERNEL_DISPATCH",4,2,82,"tile_fp16_reduce(float const*, float*, int, int)",1116,42180512867401,42180512892883,0,0,256,1,1,53248,1,1
"KERNEL_DISPATCH",4,2,33,"void dequantize_block_iq3_s<__half>(void const*, __half*)",1117,42180512934809,42180513085774,0,0,32,1,1,1277952,1,1
"KERNEL_DISPATCH",4,2,35,"void convert_unary<float, __half>(void const*, __half*, long, long, long, HIP_vector_type<unsigned int, 3u>, long, long, long)",1118,42180513085774,42180513108885,0,0,256,1,1,786432,1,1
"KERNEL_DISPATCH",4,2,79,"void tile_fp16_gemm<128, 64, 4, 8, 32, false>(__half const*, __half const*, float*, float*, int, int, int, long, int)",1119,42180513108885,42180513563705,0,25088,256,1,1,6656,1,8
"KERNEL_DISPATCH",4,2,82,"tile_fp16_reduce(float const*, float*, int, int)",1120,42180513563705,42180513591557,0,0,256,1,1,53248,1,1
"KERNEL_DISPATCH",4,2,33,"void dequantize_block_iq3_s<__half>(void const*, __half*)",1121,42180513615705,42180513759707,0,0,32,1,1,1277952,1,1
"KERNEL_DISPATCH",4,2,35,"void convert_unary<float, __half>(void const*, __half*, long, long, long, HIP_vector_type<unsigned int, 3u>, long, long, long)",1122,42180513759707,42180513782374,0,0,256,1,1,786432,1,1
"KERNEL_DISPATCH",4,2,79,"void tile_fp16_gemm<128, 64, 4, 8, 32, false>(__half const*, __half const*, float*, float*, int, int, int, long, int)",1123,42180513782374,42180514244897,0,25088,256,1,1,6656,1,8
"KERNEL_DISPATCH",4,2,82,"tile_fp16_reduce(float const*, float*, int, int)",1124,42180514244897,42180514270231,0,0,256,1,1,53248,1,1
"KERNEL_DISPATCH",4,2,33,"void dequantize_block_iq3_s<__half>(void const*, __half*)",1125,42180514306527,42180514435417,0,0,32,1,1,1277952,1,1
"KERNEL_DISPATCH",4,2,35,"void convert_unary<float, __half>(void const*, __half*, long, long, long, HIP_vector_type<unsigned int, 3u>, long, long, long)",1126,42180514435417,42180514456307,0,0,256,1,1,786432,1,1
"KERNEL_DISPATCH",4,2,79,"void tile_fp16_gemm<128, 64, 4, 8, 32, false>(__half const*, __half const*, float*, float*, int, int, int, long, int)",1127,42180514456307,42180514883570,0,25088,256,1,1,6656,1,8
"KERNEL_DISPATCH",4,2,82,"tile_fp16_reduce(float const*, float*, int, int)",1128,42180514883570,42180514908459,0,0,256,1,1,53248,1,1
"KERNEL_DISPATCH",4,2,33,"void dequantize_block_iq3_s<__half>(void const*, __half*)",1129,42180514930237,42180515081202,0,0,32,1,1,1277952,1,1
"KERNEL_DISPATCH",4,2,35,"void convert_unary<float, __half>(void const*, __half*, long, long, long, HIP_vector_type<unsigned int, 3u>, long, long, long)",1130,42180515081202,42180515104165,0,0,256,1,1,786432,1,1
"KERNEL_DISPATCH",4,2,79,"void tile_fp16_gemm<128, 64, 4, 8, 32, false>(__half const*, __half const*, float*, float*, int, int, int, long, int)",1131,42180515104165,42180515574985,0,25088,256,1,1,6656,1,8
"KERNEL_DISPATCH",4,2,82,"tile_fp16_reduce(float const*, float*, int, int)",1132,42180515574985,42180515602540,0,0,256,1,1,53248,1,1
"KERNEL_DISPATCH",4,2,33,"void dequantize_block_iq3_s<__half>(void const*, __half*)",1133,42180515623430,42180515767431,0,0,32,1,1,1277952,1,1
"KERNEL_DISPATCH",4,2,35,"void convert_unary<float, __half>(void const*, __half*, long, long, long, HIP_vector_type<unsigned int, 3u>, long, long, long)",1134,42180515767431,42180515790098,0,0,256,1,1,786432,1,1
"KERNEL_DISPATCH",4,2,79,"void tile_fp16_gemm<128, 64, 4, 8, 32, false>(__half const*, __half const*, float*, float*, int, int, int, long, int)",1135,42180515790098,42180516241954,0,25088,256,1,1,6656,1,8
"KERNEL_DISPATCH",4,2,82,"tile_fp16_reduce(float const*, float*, int, int)",1136,42180516241954,42180516266695,0,0,256,1,1,53248,1,1
"KERNEL_DISPATCH",4,2,33,"void dequantize_block_iq3_s<__half>(void const*, __half*)",1137,42180516286696,42180516415734,0,0,32,1,1,1277952,1,1
"KERNEL_DISPATCH",4,2,35,"void convert_unary<float, __half>(void const*, __half*, long, long, long, HIP_vector_type<unsigned int, 3u>, long, long, long)",1138,42180516415734,42180516436179,0,0,256,1,1,786432,1,1
"KERNEL_DISPATCH",4,2,79,"void tile_fp16_gemm<128, 64, 4, 8, 32, false>(__half const*, __half const*, float*, float*, int, int, int, long, int)",1139,42180516436179,42180516850405,0,25088,256,1,1,6656,1,8
"KERNEL_DISPATCH",4,2,82,"tile_fp16_reduce(float const*, float*, int, int)",1140,42180516850405,42180516875146,0,0,256,1,1,53248,1,1
"KERNEL_DISPATCH",4,2,33,"void dequantize_block_iq3_s<__half>(void const*, __half*)",1141,42180516894702,42180517044481,0,0,32,1,1,1277952,1,1
"KERNEL_DISPATCH",4,2,35,"void convert_unary<float, __half>(void const*, __half*, long, long, long, HIP_vector_type<unsigned int, 3u>, long, long, long)",1142,42180517044481,42180517067444,0,0,256,1,1,786432,1,1
"KERNEL_DISPATCH",4,2,79,"void tile_fp16_gemm<128, 64, 4, 8, 32, false>(__half const*, __half const*, float*, float*, int, int, int, long, int)",1143,42180517067444,42180517549079,0,25088,256,1,1,6656,1,8
"KERNEL_DISPATCH",4,2,82,"tile_fp16_reduce(float const*, float*, int, int)",1144,42180517549079,42180517576783,0,0,256,1,1,53248,1,1
"KERNEL_DISPATCH",4,2,33,"void dequantize_block_iq3_s<__half>(void const*, __half*)",1145,42180517598116,42180517742266,0,0,32,1,1,1277952,1,1
"KERNEL_DISPATCH",4,2,35,"void convert_unary<float, __half>(void const*, __half*, long, long, long, HIP_vector_type<unsigned int, 3u>, long, long, long)",1146,42180517742266,42180517764785,0,0,256,1,1,786432,1,1
"KERNEL_DISPATCH",4,2,79,"void tile_fp16_gemm<128, 64, 4, 8, 32, false>(__half const*, __half const*, float*, float*, int, int, int, long, int)",1147,42180517764785,42180518221234,0,25088,256,1,1,6656,1,8
"KERNEL_DISPATCH",4,2,82,"tile_fp16_reduce(float const*, float*, int, int)",1148,42180518221234,42180518246123,0,0,256,1,1,53248,1,1
"KERNEL_DISPATCH",4,2,33,"void dequantize_block_iq3_s<__half>(void const*, __half*)",1149,42180518265975,42180518395162,0,0,32,1,1,1277952,1,1
"KERNEL_DISPATCH",4,2,35,"void convert_unary<float, __half>(void const*, __half*, long, long, long, HIP_vector_type<unsigned int, 3u>, long, long, long)",1150,42180518395162,42180518415606,0,0,256,1,1,786432,1,1
"KERNEL_DISPATCH",4,2,79,"void tile_fp16_gemm<128, 64, 4, 8, 32, false>(__half const*, __half const*, float*, float*, int, int, int, long, int)",1151,42180518415606,42180518848203,0,25088,256,1,1,6656,1,8
"KERNEL_DISPATCH",4,2,82,"tile_fp16_reduce(float const*, float*, int, int)",1152,42180518848203,42180518872944,0,0,256,1,1,53248,1,1
"KERNEL_DISPATCH",4,2,33,"void dequantize_block_iq3_s<__half>(void const*, __half*)",1153,42180518893093,42180519042279,0,0,32,1,1,1277952,1,1
"KERNEL_DISPATCH",4,2,35,"void convert_unary<float, __half>(void const*, __half*, long, long, long, HIP_vector_type<unsigned int, 3u>, long, long, long)",1154,42180519042279,42180519064798,0,0,256,1,1,786432,1,1
"KERNEL_DISPATCH",4,2,79,"void tile_fp16_gemm<128, 64, 4, 8, 32, false>(__half const*, __half const*, float*, float*, int, int, int, long, int)",1155,42180519064798,42180519530877,0,25088,256,1,1,6656,1,8
"KERNEL_DISPATCH",4,2,82,"tile_fp16_reduce(float const*, float*, int, int)",1156,42180519530877,42180519558581,0,0,256,1,1,53248,1,1
"KERNEL_DISPATCH",4,2,33,"void dequantize_block_iq3_s<__half>(void const*, __half*)",1157,42180519579914,42180519724212,0,0,32,1,1,1277952,1,1
"KERNEL_DISPATCH",4,2,35,"void convert_unary<float, __half>(void const*, __half*, long, long, long, HIP_vector_type<unsigned int, 3u>, long, long, long)",1158,42180519724212,42180519747027,0,0,256,1,1,786432,1,1
"KERNEL_DISPATCH",4,2,79,"void tile_fp16_gemm<128, 64, 4, 8, 32, false>(__half const*, __half const*, float*, float*, int, int, int, long, int)",1159,42180519747027,42180520214736,0,25088,256,1,1,6656,1,8
"KERNEL_DISPATCH",4,2,82,"tile_fp16_reduce(float const*, float*, int, int)",1160,42180520214736,42180520242440,0,0,256,1,1,53248,1,1
"KERNEL_DISPATCH",4,2,33,"void dequantize_block_iq3_s<__half>(void const*, __half*)",1161,42180520264070,42180520407923,0,0,32,1,1,1277952,1,1
"KERNEL_DISPATCH",4,2,35,"void convert_unary<float, __half>(void const*, __half*, long, long, long, HIP_vector_type<unsigned int, 3u>, long, long, long)",1162,42180520407923,42180520430590,0,0,256,1,1,786432,1,1
"KERNEL_DISPATCH",4,2,79,"void tile_fp16_gemm<128, 64, 4, 8, 32, false>(__half const*, __half const*, float*, float*, int, int, int, long, int)",1163,42180520430590,42180520900372,0,25088,256,1,1,6656,1,8
"KERNEL_DISPATCH",4,2,82,"tile_fp16_reduce(float const*, float*, int, int)",1164,42180520900372,42180520928817,0,0,256,1,1,53248,1,1
"KERNEL_DISPATCH",4,2,33,"void dequantize_block_iq3_s<__half>(void const*, __half*)",1165,42180520950447,42180521094300,0,0,32,1,1,1277952,1,1
"KERNEL_DISPATCH",4,2,35,"void convert_unary<float, __half>(void const*, __half*, long, long, long, HIP_vector_type<unsigned int, 3u>, long, long, long)",1166,42180521094300,42180521179190,0,0,256,1,1,786432,1,1
"KERNEL_DISPATCH",4,2,79,"void tile_fp16_gemm<128, 64, 4, 8, 32, false>(__half const*, __half const*, float*, float*, int, int, int, long, int)",1167,42180521179190,42180521654454,0,25088,256,1,1,6656,1,8
"KERNEL_DISPATCH",4,2,82,"tile_fp16_reduce(float const*, float*, int, int)",1168,42180521654454,42180521682603,0,0,256,1,1,53248,1,1
"KERNEL_DISPATCH",4,2,33,"void dequantize_block_iq3_s<__half>(void const*, __half*)",1169,42180521718751,42180521862308,0,0,32,1,1,1277952,1,1
"KERNEL_DISPATCH",4,2,35,"void convert_unary<float, __half>(void const*, __half*, long, long, long, HIP_vector_type<unsigned int, 3u>, long, long, long)",1170,42180521862308,42180521884975,0,0,256,1,1,786432,1,1
"KERNEL_DISPATCH",4,2,79,"void tile_fp16_gemm<128, 64, 4, 8, 32, false>(__half const*, __half const*, float*, float*, int, int, int, long, int)",1171,42180521884975,42180522324535,0,25088,256,1,1,6656,1,8
"KERNEL_DISPATCH",4,2,82,"tile_fp16_reduce(float const*, float*, int, int)",1172,42180522324535,42180522349276,0,0,256,1,1,53248,1,1
"KERNEL_DISPATCH",4,2,33,"void dequantize_block_iq3_s<__half>(void const*, __half*)",1173,42180522370017,42180522498759,0,0,32,1,1,1277952,1,1
"KERNEL_DISPATCH",4,2,35,"void convert_unary<float, __half>(void const*, __half*, long, long, long, HIP_vector_type<unsigned int, 3u>, long, long, long)",1174,42180522498759,42180522519648,0,0,256,1,1,786432,1,1
"KERNEL_DISPATCH",4,2,79,"void tile_fp16_gemm<128, 64, 4, 8, 32, false>(__half const*, __half const*, float*, float*, int, int, int, long, int)",1175,42180522519648,42180522959060,0,25088,256,1,1,6656,1,8
"KERNEL_DISPATCH",4,2,82,"tile_fp16_reduce(float const*, float*, int, int)",1176,42180522959060,42180522997135,0,0,256,1,1,53248,1,1
"KERNEL_DISPATCH",4,2,33,"void dequantize_block_iq3_s<__half>(void const*, __half*)",1177,42180523018616,42180523162470,0,0,32,1,1,1277952,1,1
"KERNEL_DISPATCH",4,2,35,"void convert_unary<float, __half>(void const*, __half*, long, long, long, HIP_vector_type<unsigned int, 3u>, long, long, long)",1178,42180523162470,42180523185136,0,0,256,1,1,786432,1,1
"KERNEL_DISPATCH",4,2,79,"void tile_fp16_gemm<128, 64, 4, 8, 32, false>(__half const*, __half const*, float*, float*, int, int, int, long, int)",1179,42180523185136,42180523662771,0,25088,256,1,1,6656,1,8
"KERNEL_DISPATCH",4,2,82,"tile_fp16_reduce(float const*, float*, int, int)",1180,42180523662771,42180523690327,0,0,256,1,1,53248,1,1
"KERNEL_DISPATCH",4,2,33,"void dequantize_block_iq3_s<__half>(void const*, __half*)",1181,42180523711808,42180523855662,0,0,32,1,1,1277952,1,1
"KERNEL_DISPATCH",4,2,35,"void convert_unary<float, __half>(void const*, __half*, long, long, long, HIP_vector_type<unsigned int, 3u>, long, long, long)",1182,42180523855662,42180523878477,0,0,256,1,1,786432,1,1
"KERNEL_DISPATCH",4,2,79,"void tile_fp16_gemm<128, 64, 4, 8, 32, false>(__half const*, __half const*, float*, float*, int, int, int, long, int)",1183,42180523878477,42180524320852,0,25088,256,1,1,6656,1,8
"KERNEL_DISPATCH",4,2,82,"tile_fp16_reduce(float const*, float*, int, int)",1184,42180524320852,42180524346037,0,0,256,1,1,53248,1,1
"KERNEL_DISPATCH",4,2,33,"void dequantize_block_iq3_s<__half>(void const*, __half*)",1185,42180524373000,42180524502187,0,0,32,1,1,1277952,1,1
"KERNEL_DISPATCH",4,2,35,"void convert_unary<float, __half>(void const*, __half*, long, long, long, HIP_vector_type<unsigned int, 3u>, long, long, long)",1186,42180524502187,42180524522928,0,0,256,1,1,786432,1,1
"KERNEL_DISPATCH",4,2,79,"void tile_fp16_gemm<128, 64, 4, 8, 32, false>(__half const*, __half const*, float*, float*, int, int, int, long, int)",1187,42180524522928,42180524952858,0,25088,256,1,1,6656,1,8
"KERNEL_DISPATCH",4,2,82,"tile_fp16_reduce(float const*, float*, int, int)",1188,42180524952858,42180524990636,0,0,256,1,1,53248,1,1
"KERNEL_DISPATCH",4,2,33,"void dequantize_block_iq3_s<__half>(void const*, __half*)",1189,42180525011970,42180525156120,0,0,32,1,1,1277952,1,1
"KERNEL_DISPATCH",4,2,35,"void convert_unary<float, __half>(void const*, __half*, long, long, long, HIP_vector_type<unsigned int, 3u>, long, long, long)",1190,42180525156120,42180525179231,0,0,256,1,1,786432,1,1
"KERNEL_DISPATCH",4,2,79,"void tile_fp16_gemm<128, 64, 4, 8, 32, false>(__half const*, __half const*, float*, float*, int, int, int, long, int)",1191,42180525179231,42180525652421,0,25088,256,1,1,6656,1,8
"KERNEL_DISPATCH",4,2,82,"tile_fp16_reduce(float const*, float*, int, int)",1192,42180525652421,42180525680866,0,0,256,1,1,53248,1,1
"KERNEL_DISPATCH",4,2,33,"void dequantize_block_iq3_s<__half>(void const*, __half*)",1193,42180525702347,42180525846349,0,0,32,1,1,1277952,1,1
"KERNEL_DISPATCH",4,2,35,"void convert_unary<float, __half>(void const*, __half*, long, long, long, HIP_vector_type<unsigned int, 3u>, long, long, long)",1194,42180525846349,42180525869016,0,0,256,1,1,786432,1,1
"KERNEL_DISPATCH",4,2,79,"void tile_fp16_gemm<128, 64, 4, 8, 32, false>(__half const*, __half const*, float*, float*, int, int, int, long, int)",1195,42180525869016,42180526311687,0,25088,256,1,1,6656,1,8
"KERNEL_DISPATCH",4,2,82,"tile_fp16_reduce(float const*, float*, int, int)",1196,42180526311687,42180526336724,0,0,256,1,1,53248,1,1
"KERNEL_DISPATCH",4,2,33,"void dequantize_block_iq3_s<__half>(void const*, __half*)",1197,42180526356724,42180526486059,0,0,32,1,1,1277952,1,1
"KERNEL_DISPATCH",4,2,35,"void convert_unary<float, __half>(void const*, __half*, long, long, long, HIP_vector_type<unsigned int, 3u>, long, long, long)",1198,42180526486059,42180526506504,0,0,256,1,1,786432,1,1
"KERNEL_DISPATCH",4,2,79,"void tile_fp16_gemm<128, 64, 4, 8, 32, false>(__half const*, __half const*, float*, float*, int, int, int, long, int)",1199,42180526506504,42180526933027,0,25088,256,1,1,6656,1,8
"KERNEL_DISPATCH",4,2,82,"tile_fp16_reduce(float const*, float*, int, int)",1200,42180526933027,42180526958064,0,0,256,1,1,53248,1,1
"KERNEL_DISPATCH",4,2,33,"void dequantize_block_iq3_s<__half>(void const*, __half*)",1201,42180526988286,42180527131843,0,0,32,1,1,1277952,1,1
"KERNEL_DISPATCH",4,2,35,"void convert_unary<float, __half>(void const*, __half*, long, long, long, HIP_vector_type<unsigned int, 3u>, long, long, long)",1202,42180527131843,42180527154807,0,0,256,1,1,786432,1,1
"KERNEL_DISPATCH",4,2,79,"void tile_fp16_gemm<128, 64, 4, 8, 32, false>(__half const*, __half const*, float*, float*, int, int, int, long, int)",1203,42180527154807,42180527625478,0,25088,256,1,1,6656,1,8
"KERNEL_DISPATCH",4,2,82,"tile_fp16_reduce(float const*, float*, int, int)",1204,42180527625478,42180527653923,0,0,256,1,1,53248,1,1
"KERNEL_DISPATCH",4,2,33,"void dequantize_block_iq3_s<__half>(void const*, __half*)",1205,42180527674960,42180527819110,0,0,32,1,1,1277952,1,1
"KERNEL_DISPATCH",4,2,35,"void convert_unary<float, __half>(void const*, __half*, long, long, long, HIP_vector_type<unsigned int, 3u>, long, long, long)",1206,42180527819110,42180527842073,0,0,256,1,1,786432,1,1
"KERNEL_DISPATCH",4,2,79,"void tile_fp16_gemm<128, 64, 4, 8, 32, false>(__half const*, __half const*, float*, float*, int, int, int, long, int)",1207,42180527842073,42180528298374,0,25088,256,1,1,6656,1,8
"KERNEL_DISPATCH",4,2,82,"tile_fp16_reduce(float const*, float*, int, int)",1208,42180528298374,42180528323411,0,0,256,1,1,53248,1,1
"KERNEL_DISPATCH",4,2,33,"void dequantize_block_iq3_s<__half>(void const*, __half*)",1209,42180528343263,42180528472302,0,0,32,1,1,1277952,1,1
"KERNEL_DISPATCH",4,2,35,"void convert_unary<float, __half>(void const*, __half*, long, long, long, HIP_vector_type<unsigned int, 3u>, long, long, long)",1210,42180528472302,42180528492746,0,0,256,1,1,786432,1,1
"KERNEL_DISPATCH",4,2,79,"void tile_fp16_gemm<128, 64, 4, 8, 32, false>(__half const*, __half const*, float*, float*, int, int, int, long, int)",1211,42180528492746,42180528908010,0,25088,256,1,1,6656,1,8
"KERNEL_DISPATCH",4,2,82,"tile_fp16_reduce(float const*, float*, int, int)",1212,42180528908010,42180528933343,0,0,256,1,1,53248,1,1
"KERNEL_DISPATCH",4,2,33,"void dequantize_block_iq3_s<__half>(void const*, __half*)",1213,42180528978973,42180529122679,0,0,32,1,1,1277952,1,1
"KERNEL_DISPATCH",4,2,35,"void convert_unary<float, __half>(void const*, __half*, long, long, long, HIP_vector_type<unsigned int, 3u>, long, long, long)",1214,42180529122679,42180529145345,0,0,256,1,1,786432,1,1
"KERNEL_DISPATCH",4,2,79,"void tile_fp16_gemm<128, 64, 4, 8, 32, false>(__half const*, __half const*, float*, float*, int, int, int, long, int)",1215,42180529145345,42180529614535,0,25088,256,1,1,6656,1,8
"KERNEL_DISPATCH",4,2,82,"tile_fp16_reduce(float const*, float*, int, int)",1216,42180529614535,42180529642239,0,0,256,1,1,53248,1,1
"KERNEL_DISPATCH",4,2,33,"void dequantize_block_iq3_s<__half>(void const*, __half*)",1217,42180529664166,42180529808315,0,0,32,1,1,1277952,1,1
"KERNEL_DISPATCH",4,2,35,"void convert_unary<float, __half>(void const*, __half*, long, long, long, HIP_vector_type<unsigned int, 3u>, long, long, long)",1218,42180529808315,42180529831130,0,0,256,1,1,786432,1,1
"KERNEL_DISPATCH",4,2,79,"void tile_fp16_gemm<128, 64, 4, 8, 32, false>(__half const*, __half const*, float*, float*, int, int, int, long, int)",1219,42180529831130,42180530289802,0,25088,256,1,1,6656,1,8
"KERNEL_DISPATCH",4,2,82,"tile_fp16_reduce(float const*, float*, int, int)",1220,42180530289802,42180530314987,0,0,256,1,1,53248,1,1
"KERNEL_DISPATCH",4,2,33,"void dequantize_block_iq3_s<__half>(void const*, __half*)",1221,42180530335284,42180530464322,0,0,32,1,1,1277952,1,1
"KERNEL_DISPATCH",4,2,35,"void convert_unary<float, __half>(void const*, __half*, long, long, long, HIP_vector_type<unsigned int, 3u>, long, long, long)",1222,42180530464322,42180530484618,0,0,256,1,1,786432,1,1
"KERNEL_DISPATCH",4,2,79,"void tile_fp16_gemm<128, 64, 4, 8, 32, false>(__half const*, __half const*, float*, float*, int, int, int, long, int)",1223,42180530484618,42180530914845,0,25088,256,1,1,6656,1,8
"KERNEL_DISPATCH",4,2,82,"tile_fp16_reduce(float const*, float*, int, int)",1224,42180530914845,42180530940623,0,0,256,1,1,53248,1,1
"KERNEL_DISPATCH",4,2,33,"void dequantize_block_iq3_s<__half>(void const*, __half*)",1225,42180530961512,42180531111588,0,0,32,1,1,1277952,1,1
"KERNEL_DISPATCH",4,2,35,"void convert_unary<float, __half>(void const*, __half*, long, long, long, HIP_vector_type<unsigned int, 3u>, long, long, long)",1226,42180531111588,42180531134551,0,0,256,1,1,786432,1,1
"KERNEL_DISPATCH",4,2,79,"void tile_fp16_gemm<128, 64, 4, 8, 32, false>(__half const*, __half const*, float*, float*, int, int, int, long, int)",1227,42180531134551,42180531615593,0,25088,256,1,1,6656,1,8
"KERNEL_DISPATCH",4,2,82,"tile_fp16_reduce(float const*, float*, int, int)",1228,42180531615593,42180531644038,0,0,256,1,1,53248,1,1
"KERNEL_DISPATCH",4,2,33,"void dequantize_block_iq3_s<__half>(void const*, __half*)",1229,42180531665668,42180531809373,0,0,32,1,1,1277952,1,1
"KERNEL_DISPATCH",4,2,35,"void convert_unary<float, __half>(void const*, __half*, long, long, long, HIP_vector_type<unsigned int, 3u>, long, long, long)",1230,42180531809373,42180531832188,0,0,256,1,1,786432,1,1
"KERNEL_DISPATCH",4,2,79,"void tile_fp16_gemm<128, 64, 4, 8, 32, false>(__half const*, __half const*, float*, float*, int, int, int, long, int)",1231,42180531832188,42180532285229,0,25088,256,1,1,6656,1,8
"KERNEL_DISPATCH",4,2,82,"tile_fp16_reduce(float const*, float*, int, int)",1232,42180532285229,42180532310563,0,0,256,1,1,53248,1,1
"KERNEL_DISPATCH",4,2,33,"void dequantize_block_iq3_s<__half>(void const*, __half*)",1233,42180532330711,42180532459898,0,0,32,1,1,1277952,1,1
"KERNEL_DISPATCH",4,2,35,"void convert_unary<float, __half>(void const*, __half*, long, long, long, HIP_vector_type<unsigned int, 3u>, long, long, long)",1234,42180532459898,42180532536047,0,0,256,1,1,786432,1,1
"KERNEL_DISPATCH",4,2,79,"void tile_fp16_gemm<128, 64, 4, 8, 32, false>(__half const*, __half const*, float*, float*, int, int, int, long, int)",1235,42180532536047,42180532974570,0,25088,256,1,1,6656,1,8
"KERNEL_DISPATCH",4,2,82,"tile_fp16_reduce(float const*, float*, int, int)",1236,42180532974570,42180533004496,0,0,256,1,1,53248,1,1
"KERNEL_DISPATCH",4,2,33,"void dequantize_block_iq3_s<__half>(void const*, __half*)",1237,42180533026126,42180533169979,0,0,32,1,1,1277952,1,1
"KERNEL_DISPATCH",4,2,35,"void convert_unary<float, __half>(void const*, __half*, long, long, long, HIP_vector_type<unsigned int, 3u>, long, long, long)",1238,42180533169979,42180533192646,0,0,256,1,1,786432,1,1
"KERNEL_DISPATCH",4,2,79,"void tile_fp16_gemm<128, 64, 4, 8, 32, false>(__half const*, __half const*, float*, float*, int, int, int, long, int)",1239,42180533192646,42180533664206,0,25088,256,1,1,6656,1,8
"KERNEL_DISPATCH",4,2,82,"tile_fp16_reduce(float const*, float*, int, int)",1240,42180533664206,42180533692059,0,0,256,1,1,53248,1,1
"KERNEL_DISPATCH",4,2,33,"void dequantize_block_iq3_s<__half>(void const*, __half*)",1241,42180533733837,42180533877838,0,0,32,1,1,1277952,1,1
"KERNEL_DISPATCH",4,2,35,"void convert_unary<float, __half>(void const*, __half*, long, long, long, HIP_vector_type<unsigned int, 3u>, long, long, long)",1242,42180533877838,42180533900357,0,0,256,1,1,786432,1,1
"KERNEL_DISPATCH",4,2,79,"void tile_fp16_gemm<128, 64, 4, 8, 32, false>(__half const*, __half const*, float*, float*, int, int, int, long, int)",1243,42180533900357,42180534368658,0,25088,256,1,1,6656,1,8
"KERNEL_DISPATCH",4,2,82,"tile_fp16_reduce(float const*, float*, int, int)",1244,42180534368658,42180534396807,0,0,256,1,1,53248,1,1
"KERNEL_DISPATCH",4,2,33,"void dequantize_block_iq3_s<__half>(void const*, __half*)",1245,42180534418733,42180534562734,0,0,32,1,1,1277952,1,1
"KERNEL_DISPATCH",4,2,35,"void convert_unary<float, __half>(void const*, __half*, long, long, long, HIP_vector_type<unsigned int, 3u>, long, long, long)",1246,42180534562734,42180534585401,0,0,256,1,1,786432,1,1
"KERNEL_DISPATCH",4,2,79,"void tile_fp16_gemm<128, 64, 4, 8, 32, false>(__half const*, __half const*, float*, float*, int, int, int, long, int)",1247,42180534585401,42180535054443,0,25088,256,1,1,6656,1,8
"KERNEL_DISPATCH",4,2,82,"tile_fp16_reduce(float const*, float*, int, int)",1248,42180535054443,42180535079628,0,0,256,1,1,53248,1,1
"KERNEL_DISPATCH",4,2,33,"void dequantize_block_iq3_s<__half>(void const*, __half*)",1249,42180535099777,42180535228667,0,0,32,1,1,1277952,1,1
"KERNEL_DISPATCH",4,2,35,"void convert_unary<float, __half>(void const*, __half*, long, long, long, HIP_vector_type<unsigned int, 3u>, long, long, long)",1250,42180535228667,42180535249260,0,0,256,1,1,786432,1,1
"KERNEL_DISPATCH",4,2,79,"void tile_fp16_gemm<128, 64, 4, 8, 32, false>(__half const*, __half const*, float*, float*, int, int, int, long, int)",1251,42180535249260,42180535686449,0,25088,256,1,1,6656,1,8
"KERNEL_DISPATCH",4,2,82,"tile_fp16_reduce(float const*, float*, int, int)",1252,42180535686449,42180535711487,0,0,256,1,1,53248,1,1
"KERNEL_DISPATCH",4,2,33,"void dequantize_block_iq3_s<__half>(void const*, __half*)",1253,42180535731487,42180535860525,0,0,32,1,1,1277952,1,1
"KERNEL_DISPATCH",4,2,35,"void convert_unary<float, __half>(void const*, __half*, long, long, long, HIP_vector_type<unsigned int, 3u>, long, long, long)",1254,42180535860525,42180535880970,0,0,256,1,1,786432,1,1
"KERNEL_DISPATCH",4,2,79,"void tile_fp16_gemm<128, 64, 4, 8, 32, false>(__half const*, __half const*, float*, float*, int, int, int, long, int)",1255,42180535880970,42180536360086,0,25088,256,1,1,6656,1,8
"KERNEL_DISPATCH",4,2,82,"tile_fp16_reduce(float const*, float*, int, int)",1256,42180536360086,42180536388234,0,0,256,1,1,53248,1,1
"KERNEL_DISPATCH",4,2,33,"void dequantize_block_iq3_s<__half>(void const*, __half*)",1257,42180536409123,42180536553125,0,0,32,1,1,1277952,1,1
"KERNEL_DISPATCH",4,2,35,"void convert_unary<float, __half>(void const*, __half*, long, long, long, HIP_vector_type<unsigned int, 3u>, long, long, long)",1258,42180536553125,42180536575940,0,0,256,1,1,786432,1,1
"KERNEL_DISPATCH",4,2,79,"void tile_fp16_gemm<128, 64, 4, 8, 32, false>(__half const*, __half const*, float*, float*, int, int, int, long, int)",1259,42180536575940,42180537065723,0,25088,256,1,1,6656,1,8
"KERNEL_DISPATCH",4,2,82,"tile_fp16_reduce(float const*, float*, int, int)",1260,42180537065723,42180537106908,0,0,256,1,1,53248,1,1
"KERNEL_DISPATCH",4,2,33,"void dequantize_block_iq3_s<__half>(void const*, __half*)",1261,42182849929763,42182850057024,0,0,32,1,1,1310720,1,1
"KERNEL_DISPATCH",4,2,35,"void convert_unary<float, __half>(void const*, __half*, long, long, long, HIP_vector_type<unsigned int, 3u>, long, long, long)",1262,42182850057024,42182850074950,0,0,256,1,1,655360,1,1
"KERNEL_DISPATCH",4,2,79,"void tile_fp16_gemm<128, 64, 4, 8, 32, false>(__half const*, __half const*, float*, float*, int, int, int, long, int)",1263,42182850074950,42182850512287,0,25088,256,1,1,8192,1,8
"KERNEL_DISPATCH",4,2,82,"tile_fp16_reduce(float const*, float*, int, int)",1264,42182850512287,42182850541620,0,0,256,1,1,65536,1,1
"KERNEL_DISPATCH",4,2,33,"void dequantize_block_iq3_s<__half>(void const*, __half*)",1265,42182850890216,42182851014514,0,0,32,1,1,1310720,1,1
"KERNEL_DISPATCH",4,2,35,"void convert_unary<float, __half>(void const*, __half*, long, long, long, HIP_vector_type<unsigned int, 3u>, long, long, long)",1266,42182851014514,42182851031551,0,0,256,1,1,655360,1,1
"KERNEL_DISPATCH",4,2,79,"void tile_fp16_gemm<128, 64, 4, 8, 32, false>(__half const*, __half const*, float*, float*, int, int, int, long, int)",1267,42182851031551,42182851462667,0,25088,256,1,1,8192,1,8
"KERNEL_DISPATCH",4,2,82,"tile_fp16_reduce(float const*, float*, int, int)",1268,42182851462667,42182851491704,0,0,256,1,1,65536,1,1
"KERNEL_DISPATCH",4,2,33,"void dequantize_block_iq3_s<__half>(void const*, __half*)",1269,42182851512741,42182851637335,0,0,32,1,1,1310720,1,1
"KERNEL_DISPATCH",4,2,35,"void convert_unary<float, __half>(void const*, __half*, long, long, long, HIP_vector_type<unsigned int, 3u>, long, long, long)",1270,42182851637335,42182851654076,0,0,256,1,1,655360,1,1
"KERNEL_DISPATCH",4,2,82,"tile_fp16_reduce(float const*, float*, int, int)",1272,42182852078229,42182852106821,0,0,256,1,1,65536,1,1
"KERNEL_DISPATCH",4,2,79,"void tile_fp16_gemm<128, 64, 4, 8, 32, false>(__half const*, __half const*, float*, float*, int, int, int, long, int)",1271,42182851654076,42182852078229,0,25088,256,1,1,8192,1,8
"KERNEL_DISPATCH",4,2,33,"void dequantize_block_iq3_s<__half>(void const*, __half*)",1273,42182852130970,42182852255267,0,0,32,1,1,1310720,1,1
"KERNEL_DISPATCH",4,2,35,"void convert_unary<float, __half>(void const*, __half*, long, long, long, HIP_vector_type<unsigned int, 3u>, long, long, long)",1274,42182852255267,42182852272008,0,0,256,1,1,655360,1,1
"KERNEL_DISPATCH",4,2,82,"tile_fp16_reduce(float const*, float*, int, int)",1276,42182852699568,42182852728161,0,0,256,1,1,65536,1,1
"KERNEL_DISPATCH",4,2,79,"void tile_fp16_gemm<128, 64, 4, 8, 32, false>(__half const*, __half const*, float*, float*, int, int, int, long, int)",1275,42182852272008,42182852699568,0,25088,256,1,1,8192,1,8
"KERNEL_DISPATCH",4,2,33,"void dequantize_block_iq3_s<__half>(void const*, __half*)",1277,42182852748309,42182852872755,0,0,32,1,1,1310720,1,1
"KERNEL_DISPATCH",4,2,35,"void convert_unary<float, __half>(void const*, __half*, long, long, long, HIP_vector_type<unsigned int, 3u>, long, long, long)",1278,42182852872755,42182852942682,0,0,256,1,1,655360,1,1
"KERNEL_DISPATCH",4,2,82,"tile_fp16_reduce(float const*, float*, int, int)",1280,42182853372020,42182853401057,0,0,256,1,1,65536,1,1
"KERNEL_DISPATCH",4,2,79,"void tile_fp16_gemm<128, 64, 4, 8, 32, false>(__half const*, __half const*, float*, float*, int, int, int, long, int)",1279,42182852942682,42182853372020,0,25088,256,1,1,8192,1,8
"KERNEL_DISPATCH",4,2,33,"void dequantize_block_iq3_s<__half>(void const*, __half*)",1281,42182853420464,42182853544910,0,0,32,1,1,1310720,1,1
"KERNEL_DISPATCH",4,2,35,"void convert_unary<float, __half>(void const*, __half*, long, long, long, HIP_vector_type<unsigned int, 3u>, long, long, long)",1282,42182853544910,42182853561799,0,0,256,1,1,655360,1,1
"KERNEL_DISPATCH",4,2,79,"void tile_fp16_gemm<128, 64, 4, 8, 32, false>(__half const*, __half const*, float*, float*, int, int, int, long, int)",1283,42182853561799,42182853988618,0,25088,256,1,1,8192,1,8
"KERNEL_DISPATCH",4,2,82,"tile_fp16_reduce(float const*, float*, int, int)",1284,42182853988618,42182854017656,0,0,256,1,1,65536,1,1
"KERNEL_DISPATCH",4,2,33,"void dequantize_block_iq3_s<__half>(void const*, __half*)",1285,42182854037508,42182854161805,0,0,32,1,1,1310720,1,1
"KERNEL_DISPATCH",4,2,35,"void convert_unary<float, __half>(void const*, __half*, long, long, long, HIP_vector_type<unsigned int, 3u>, long, long, long)",1286,42182854161805,42182854179139,0,0,256,1,1,655360,1,1
"KERNEL_DISPATCH",4,2,79,"void tile_fp16_gemm<128, 64, 4, 8, 32, false>(__half const*, __half const*, float*, float*, int, int, int, long, int)",1287,42182854179139,42182854603736,0,25088,256,1,1,8192,1,8
"KERNEL_DISPATCH",4,2,82,"tile_fp16_reduce(float const*, float*, int, int)",1288,42182854603736,42182854632625,0,0,256,1,1,65536,1,1
"KERNEL_DISPATCH",4,2,33,"void dequantize_block_iq3_s<__half>(void const*, __half*)",1289,42182854651885,42182854776182,0,0,32,1,1,1310720,1,1
"KERNEL_DISPATCH",4,2,35,"void convert_unary<float, __half>(void const*, __half*, long, long, long, HIP_vector_type<unsigned int, 3u>, long, long, long)",1290,42182854776182,42182854793071,0,0,256,1,1,655360,1,1
"KERNEL_DISPATCH",4,2,79,"void tile_fp16_gemm<128, 64, 4, 8, 32, false>(__half const*, __half const*, float*, float*, int, int, int, long, int)",1291,42182854793071,42182855221816,0,25088,256,1,1,8192,1,8
"KERNEL_DISPATCH",4,2,82,"tile_fp16_reduce(float const*, float*, int, int)",1292,42182855221816,42182855250557,0,0,256,1,1,65536,1,1
"KERNEL_DISPATCH",4,2,33,"void dequantize_block_iq3_s<__half>(void const*, __half*)",1293,42182855269965,42182855394559,0,0,32,1,1,1310720,1,1
"KERNEL_DISPATCH",4,2,35,"void convert_unary<float, __half>(void const*, __half*, long, long, long, HIP_vector_type<unsigned int, 3u>, long, long, long)",1294,42182855394559,42182855411744,0,0,256,1,1,655360,1,1
"KERNEL_DISPATCH",4,2,79,"void tile_fp16_gemm<128, 64, 4, 8, 32, false>(__half const*, __half const*, float*, float*, int, int, int, long, int)",1295,42182855411744,42182855836934,0,25088,256,1,1,8192,1,8
"KERNEL_DISPATCH",4,2,82,"tile_fp16_reduce(float const*, float*, int, int)",1296,42182855836934,42182855865823,0,0,256,1,1,65536,1,1
"KERNEL_DISPATCH",4,2,33,"void dequantize_block_iq3_s<__half>(void const*, __half*)",1297,42182855884786,42182856009232,0,0,32,1,1,1310720,1,1
"KERNEL_DISPATCH",4,2,35,"void convert_unary<float, __half>(void const*, __half*, long, long, long, HIP_vector_type<unsigned int, 3u>, long, long, long)",1298,42182856009232,42182856026121,0,0,256,1,1,655360,1,1
"KERNEL_DISPATCH",4,2,79,"void tile_fp16_gemm<128, 64, 4, 8, 32, false>(__half const*, __half const*, float*, float*, int, int, int, long, int)",1299,42182856026121,42182856439310,0,25088,256,1,1,8192,1,8
"KERNEL_DISPATCH",4,2,82,"tile_fp16_reduce(float const*, float*, int, int)",1300,42182856439310,42182856467903,0,0,256,1,1,65536,1,1
"KERNEL_DISPATCH",4,2,33,"void dequantize_block_iq3_s<__half>(void const*, __half*)",1301,42182856501978,42182856634275,0,0,32,1,1,1310720,1,1
"KERNEL_DISPATCH",4,2,35,"void convert_unary<float, __half>(void const*, __half*, long, long, long, HIP_vector_type<unsigned int, 3u>, long, long, long)",1302,42182856634275,42182856651905,0,0,256,1,1,655360,1,1
"KERNEL_DISPATCH",4,2,79,"void tile_fp16_gemm<128, 64, 4, 8, 32, false>(__half const*, __half const*, float*, float*, int, int, int, long, int)",1303,42182856651905,42182857075465,0,25088,256,1,1,8192,1,8
"KERNEL_DISPATCH",4,2,82,"tile_fp16_reduce(float const*, float*, int, int)",1304,42182857075465,42182857117984,0,0,256,1,1,65536,1,1
"KERNEL_DISPATCH",4,2,33,"void dequantize_block_iq3_s<__half>(void const*, __half*)",1305,42182857140058,42182857287467,0,0,32,1,1,1310720,1,1
"KERNEL_DISPATCH",4,2,35,"void convert_unary<float, __half>(void const*, __half*, long, long, long, HIP_vector_type<unsigned int, 3u>, long, long, long)",1306,42182857287467,42182857307171,0,0,256,1,1,655360,1,1
"KERNEL_DISPATCH",4,2,79,"void tile_fp16_gemm<128, 64, 4, 8, 32, false>(__half const*, __half const*, float*, float*, int, int, int, long, int)",1307,42182857307171,42182857752213,0,25088,256,1,1,8192,1,8
"KERNEL_DISPATCH",4,2,82,"tile_fp16_reduce(float const*, float*, int, int)",1308,42182857752213,42182857784954,0,0,256,1,1,65536,1,1
"KERNEL_DISPATCH",4,2,33,"void dequantize_block_iq3_s<__half>(void const*, __half*)",1309,42182857806435,42182857953696,0,0,32,1,1,1310720,1,1
"KERNEL_DISPATCH",4,2,35,"void convert_unary<float, __half>(void const*, __half*, long, long, long, HIP_vector_type<unsigned int, 3u>, long, long, long)",1310,42182857953696,42182857973252,0,0,256,1,1,655360,1,1
"KERNEL_DISPATCH",4,2,79,"void tile_fp16_gemm<128, 64, 4, 8, 32, false>(__half const*, __half const*, float*, float*, int, int, int, long, int)",1311,42182857973252,42182858401701,0,25088,256,1,1,8192,1,8
"KERNEL_DISPATCH",4,2,82,"tile_fp16_reduce(float const*, float*, int, int)",1312,42182858401701,42182858430590,0,0,256,1,1,65536,1,1
"KERNEL_DISPATCH",4,2,33,"void dequantize_block_iq3_s<__half>(void const*, __half*)",1313,42182858450886,42182858583036,0,0,32,1,1,1310720,1,1
"KERNEL_DISPATCH",4,2,35,"void convert_unary<float, __half>(void const*, __half*, long, long, long, HIP_vector_type<unsigned int, 3u>, long, long, long)",1314,42182858583036,42182858600666,0,0,256,1,1,655360,1,1
"KERNEL_DISPATCH",4,2,79,"void tile_fp16_gemm<128, 64, 4, 8, 32, false>(__half const*, __half const*, float*, float*, int, int, int, long, int)",1315,42182858600666,42182859019040,0,25088,256,1,1,8192,1,8
"KERNEL_DISPATCH",4,2,82,"tile_fp16_reduce(float const*, float*, int, int)",1316,42182859019040,42182859048670,0,0,256,1,1,65536,1,1
"KERNEL_DISPATCH",4,2,33,"void dequantize_block_iq3_s<__half>(void const*, __half*)",1317,42182859100078,42182859247487,0,0,32,1,1,1310720,1,1
"KERNEL_DISPATCH",4,2,35,"void convert_unary<float, __half>(void const*, __half*, long, long, long, HIP_vector_type<unsigned int, 3u>, long, long, long)",1318,42182859247487,42182859267339,0,0,256,1,1,655360,1,1
"KERNEL_DISPATCH",4,2,79,"void tile_fp16_gemm<128, 64, 4, 8, 32, false>(__half const*, __half const*, float*, float*, int, int, int, long, int)",1319,42182859267339,42182859710307,0,25088,256,1,1,8192,1,8
"KERNEL_DISPATCH",4,2,82,"tile_fp16_reduce(float const*, float*, int, int)",1320,42182859710307,42182859742900,0,0,256,1,1,65536,1,1
"KERNEL_DISPATCH",4,2,33,"void dequantize_block_iq3_s<__half>(void const*, __half*)",1321,42182859764530,42182859912235,0,0,32,1,1,1310720,1,1
"KERNEL_DISPATCH",4,2,35,"void convert_unary<float, __half>(void const*, __half*, long, long, long, HIP_vector_type<unsigned int, 3u>, long, long, long)",1322,42182859912235,42182859932087,0,0,256,1,1,655360,1,1
"KERNEL_DISPATCH",4,2,79,"void tile_fp16_gemm<128, 64, 4, 8, 32, false>(__half const*, __half const*, float*, float*, int, int, int, long, int)",1323,42182859932087,42182860367351,0,25088,256,1,1,8192,1,8
"KERNEL_DISPATCH",4,2,82,"tile_fp16_reduce(float const*, float*, int, int)",1324,42182860367351,42182860396684,0,0,256,1,1,65536,1,1
"KERNEL_DISPATCH",4,2,33,"void dequantize_block_iq3_s<__half>(void const*, __half*)",1325,42182860416833,42182860548982,0,0,32,1,1,1310720,1,1
"KERNEL_DISPATCH",4,2,35,"void convert_unary<float, __half>(void const*, __half*, long, long, long, HIP_vector_type<unsigned int, 3u>, long, long, long)",1326,42182860548982,42182860566612,0,0,256,1,1,655360,1,1
"KERNEL_DISPATCH",4,2,79,"void tile_fp16_gemm<128, 64, 4, 8, 32, false>(__half const*, __half const*, float*, float*, int, int, int, long, int)",1327,42182860566612,42182860981875,0,25088,256,1,1,8192,1,8
"KERNEL_DISPATCH",4,2,82,"tile_fp16_reduce(float const*, float*, int, int)",1328,42182860981875,42182861011209,0,0,256,1,1,65536,1,1
"KERNEL_DISPATCH",4,2,33,"void dequantize_block_iq3_s<__half>(void const*, __half*)",1329,42182861031506,42182861185878,0,0,32,1,1,1310720,1,1
"KERNEL_DISPATCH",4,2,35,"void convert_unary<float, __half>(void const*, __half*, long, long, long, HIP_vector_type<unsigned int, 3u>, long, long, long)",1330,42182861185878,42182861205285,0,0,256,1,1,655360,1,1
"KERNEL_DISPATCH",4,2,79,"void tile_fp16_gemm<128, 64, 4, 8, 32, false>(__half const*, __half const*, float*, float*, int, int, int, long, int)",1331,42182861205285,42182861647364,0,25088,256,1,1,8192,1,8
"KERNEL_DISPATCH",4,2,82,"tile_fp16_reduce(float const*, float*, int, int)",1332,42182861647364,42182861679957,0,0,256,1,1,65536,1,1
"KERNEL_DISPATCH",4,2,33,"void dequantize_block_iq3_s<__half>(void const*, __half*)",1333,42182861701735,42182861848995,0,0,32,1,1,1310720,1,1
"KERNEL_DISPATCH",4,2,35,"void convert_unary<float, __half>(void const*, __half*, long, long, long, HIP_vector_type<unsigned int, 3u>, long, long, long)",1334,42182861848995,42182861868699,0,0,256,1,1,655360,1,1
"KERNEL_DISPATCH",4,2,79,"void tile_fp16_gemm<128, 64, 4, 8, 32, false>(__half const*, __half const*, float*, float*, int, int, int, long, int)",1335,42182861868699,42182862306185,0,25088,256,1,1,8192,1,8
"KERNEL_DISPATCH",4,2,82,"tile_fp16_reduce(float const*, float*, int, int)",1336,42182862306185,42182862334926,0,0,256,1,1,65536,1,1
"KERNEL_DISPATCH",4,2,33,"void dequantize_block_iq3_s<__half>(void const*, __half*)",1337,42182862355519,42182862487965,0,0,32,1,1,1310720,1,1
"KERNEL_DISPATCH",4,2,35,"void convert_unary<float, __half>(void const*, __half*, long, long, long, HIP_vector_type<unsigned int, 3u>, long, long, long)",1338,42182862487965,42182862505595,0,0,256,1,1,655360,1,1
"KERNEL_DISPATCH",4,2,79,"void tile_fp16_gemm<128, 64, 4, 8, 32, false>(__half const*, __half const*, float*, float*, int, int, int, long, int)",1339,42182862505595,42182862926488,0,25088,256,1,1,8192,1,8
"KERNEL_DISPATCH",4,2,82,"tile_fp16_reduce(float const*, float*, int, int)",1340,42182862926488,42182862955229,0,0,256,1,1,65536,1,1
"KERNEL_DISPATCH",4,2,33,"void dequantize_block_iq3_s<__half>(void const*, __half*)",1341,42182862975377,42182863125009,0,0,32,1,1,1310720,1,1
"KERNEL_DISPATCH",4,2,35,"void convert_unary<float, __half>(void const*, __half*, long, long, long, HIP_vector_type<unsigned int, 3u>, long, long, long)",1342,42182863125009,42182863144861,0,0,256,1,1,655360,1,1
"KERNEL_DISPATCH",4,2,79,"void tile_fp16_gemm<128, 64, 4, 8, 32, false>(__half const*, __half const*, float*, float*, int, int, int, long, int)",1343,42182863144861,42182863588569,0,25088,256,1,1,8192,1,8
"KERNEL_DISPATCH",4,2,82,"tile_fp16_reduce(float const*, float*, int, int)",1344,42182863588569,42182863620569,0,0,256,1,1,65536,1,1
"KERNEL_DISPATCH",4,2,33,"void dequantize_block_iq3_s<__half>(void const*, __half*)",1345,42182863652569,42182863799978,0,0,32,1,1,1310720,1,1
"KERNEL_DISPATCH",4,2,35,"void convert_unary<float, __half>(void const*, __half*, long, long, long, HIP_vector_type<unsigned int, 3u>, long, long, long)",1346,42182863799978,42182863819682,0,0,256,1,1,655360,1,1
"KERNEL_DISPATCH",4,2,79,"void tile_fp16_gemm<128, 64, 4, 8, 32, false>(__half const*, __half const*, float*, float*, int, int, int, long, int)",1347,42182863819682,42182864263983,0,25088,256,1,1,8192,1,8
"KERNEL_DISPATCH",4,2,82,"tile_fp16_reduce(float const*, float*, int, int)",1348,42182864263983,42182864292280,0,0,256,1,1,65536,1,1
"KERNEL_DISPATCH",4,2,33,"void dequantize_block_iq3_s<__half>(void const*, __half*)",1349,42182864313021,42182864445467,0,0,32,1,1,1310720,1,1
"KERNEL_DISPATCH",4,2,35,"void convert_unary<float, __half>(void const*, __half*, long, long, long, HIP_vector_type<unsigned int, 3u>, long, long, long)",1350,42182864445467,42182864463393,0,0,256,1,1,655360,1,1
"KERNEL_DISPATCH",4,2,79,"void tile_fp16_gemm<128, 64, 4, 8, 32, false>(__half const*, __half const*, float*, float*, int, int, int, long, int)",1351,42182864463393,42182864882360,0,25088,256,1,1,8192,1,8
"KERNEL_DISPATCH",4,2,82,"tile_fp16_reduce(float const*, float*, int, int)",1352,42182864882360,42182864911842,0,0,256,1,1,65536,1,1
"KERNEL_DISPATCH",4,2,33,"void dequantize_block_iq3_s<__half>(void const*, __half*)",1353,42182864932138,42182865069177,0,0,32,1,1,1310720,1,1
"KERNEL_DISPATCH",4,2,35,"void convert_unary<float, __half>(void const*, __half*, long, long, long, HIP_vector_type<unsigned int, 3u>, long, long, long)",1354,42182865069177,42182865100140,0,0,256,1,1,655360,1,1
"KERNEL_DISPATCH",4,2,79,"void tile_fp16_gemm<128, 64, 4, 8, 32, false>(__half const*, __half const*, float*, float*, int, int, int, long, int)",1355,42182865100140,42182865549033,0,25088,256,1,1,8192,1,8
"KERNEL_DISPATCH",4,2,82,"tile_fp16_reduce(float const*, float*, int, int)",1356,42182865549033,42182865581478,0,0,256,1,1,65536,1,1
"KERNEL_DISPATCH",4,2,33,"void dequantize_block_iq3_s<__half>(void const*, __half*)",1357,42182865603256,42182865750517,0,0,32,1,1,1310720,1,1
"KERNEL_DISPATCH",4,2,35,"void convert_unary<float, __half>(void const*, __half*, long, long, long, HIP_vector_type<unsigned int, 3u>, long, long, long)",1358,42182865750517,42182865769925,0,0,256,1,1,655360,1,1
"KERNEL_DISPATCH",4,2,79,"void tile_fp16_gemm<128, 64, 4, 8, 32, false>(__half const*, __half const*, float*, float*, int, int, int, long, int)",1359,42182865769925,42182866216448,0,25088,256,1,1,8192,1,8
"KERNEL_DISPATCH",4,2,82,"tile_fp16_reduce(float const*, float*, int, int)",1360,42182866216448,42182866249189,0,0,256,1,1,65536,1,1
"KERNEL_DISPATCH",4,2,33,"void dequantize_block_iq3_s<__half>(void const*, __half*)",1361,42182866271411,42182866418968,0,0,32,1,1,1310720,1,1
"KERNEL_DISPATCH",4,2,35,"void convert_unary<float, __half>(void const*, __half*, long, long, long, HIP_vector_type<unsigned int, 3u>, long, long, long)",1362,42182866418968,42182866438524,0,0,256,1,1,655360,1,1
"KERNEL_DISPATCH",4,2,79,"void tile_fp16_gemm<128, 64, 4, 8, 32, false>(__half const*, __half const*, float*, float*, int, int, int, long, int)",1363,42182866438524,42182866882232,0,25088,256,1,1,8192,1,8
"KERNEL_DISPATCH",4,2,82,"tile_fp16_reduce(float const*, float*, int, int)",1364,42182866882232,42182866914973,0,0,256,1,1,65536,1,1
"KERNEL_DISPATCH",4,2,33,"void dequantize_block_iq3_s<__half>(void const*, __half*)",1365,42182866937492,42182867084901,0,0,32,1,1,1310720,1,1
"KERNEL_DISPATCH",4,2,35,"void convert_unary<float, __half>(void const*, __half*, long, long, long, HIP_vector_type<unsigned int, 3u>, long, long, long)",1366,42182867084901,42182867104605,0,0,256,1,1,655360,1,1
"KERNEL_DISPATCH",4,2,79,"void tile_fp16_gemm<128, 64, 4, 8, 32, false>(__half const*, __half const*, float*, float*, int, int, int, long, int)",1367,42182867104605,42182867542239,0,25088,256,1,1,8192,1,8
"KERNEL_DISPATCH",4,2,82,"tile_fp16_reduce(float const*, float*, int, int)",1368,42182867542239,42182867574684,0,0,256,1,1,65536,1,1
"KERNEL_DISPATCH",4,2,33,"void dequantize_block_iq3_s<__half>(void const*, __half*)",1369,42182867597647,42182867744908,0,0,32,1,1,1310720,1,1
"KERNEL_DISPATCH",4,2,35,"void convert_unary<float, __half>(void const*, __half*, long, long, long, HIP_vector_type<unsigned int, 3u>, long, long, long)",1370,42182867744908,42182867764612,0,0,256,1,1,655360,1,1
"KERNEL_DISPATCH",4,2,79,"void tile_fp16_gemm<128, 64, 4, 8, 32, false>(__half const*, __half const*, float*, float*, int, int, int, long, int)",1371,42182867764612,42182868202246,0,25088,256,1,1,8192,1,8
"KERNEL_DISPATCH",4,2,82,"tile_fp16_reduce(float const*, float*, int, int)",1372,42182868202246,42182868231431,0,0,256,1,1,65536,1,1
"KERNEL_DISPATCH",4,2,33,"void dequantize_block_iq3_s<__half>(void const*, __half*)",1373,42182868253209,42182868385655,0,0,32,1,1,1310720,1,1
"KERNEL_DISPATCH",4,2,35,"void convert_unary<float, __half>(void const*, __half*, long, long, long, HIP_vector_type<unsigned int, 3u>, long, long, long)",1374,42182868385655,42182868402989,0,0,256,1,1,655360,1,1
"KERNEL_DISPATCH",4,2,79,"void tile_fp16_gemm<128, 64, 4, 8, 32, false>(__half const*, __half const*, float*, float*, int, int, int, long, int)",1375,42182868402989,42182868818548,0,25088,256,1,1,8192,1,8
"KERNEL_DISPATCH",4,2,82,"tile_fp16_reduce(float const*, float*, int, int)",1376,42182868818548,42182868847586,0,0,256,1,1,65536,1,1
"KERNEL_DISPATCH",4,2,33,"void dequantize_block_iq3_s<__half>(void const*, __half*)",1377,42182868868475,42182869001069,0,0,32,1,1,1310720,1,1
"KERNEL_DISPATCH",4,2,35,"void convert_unary<float, __half>(void const*, __half*, long, long, long, HIP_vector_type<unsigned int, 3u>, long, long, long)",1378,42182869001069,42182869018402,0,0,256,1,1,655360,1,1
"KERNEL_DISPATCH",4,2,79,"void tile_fp16_gemm<128, 64, 4, 8, 32, false>(__half const*, __half const*, float*, float*, int, int, int, long, int)",1379,42182869018402,42182869472481,0,25088,256,1,1,8192,1,8
"KERNEL_DISPATCH",4,2,82,"tile_fp16_reduce(float const*, float*, int, int)",1380,42182869472481,42182869504185,0,0,256,1,1,65536,1,1
"KERNEL_DISPATCH",4,2,33,"void dequantize_block_iq3_s<__half>(void const*, __half*)",1381,42182869525963,42182869673668,0,0,32,1,1,1310720,1,1
"KERNEL_DISPATCH",4,2,35,"void convert_unary<float, __half>(void const*, __half*, long, long, long, HIP_vector_type<unsigned int, 3u>, long, long, long)",1382,42182869673668,42182869693224,0,0,256,1,1,655360,1,1
"KERNEL_DISPATCH",4,2,79,"void tile_fp16_gemm<128, 64, 4, 8, 32, false>(__half const*, __half const*, float*, float*, int, int, int, long, int)",1383,42182869693224,42182870134710,0,25088,256,1,1,8192,1,8
"KERNEL_DISPATCH",4,2,82,"tile_fp16_reduce(float const*, float*, int, int)",1384,42182870134710,42182870168192,0,0,256,1,1,65536,1,1
"KERNEL_DISPATCH",4,2,33,"void dequantize_block_iq3_s<__half>(void const*, __half*)",1385,42182870190414,42182870337675,0,0,32,1,1,1310720,1,1
"KERNEL_DISPATCH",4,2,35,"void convert_unary<float, __half>(void const*, __half*, long, long, long, HIP_vector_type<unsigned int, 3u>, long, long, long)",1386,42182870337675,42182870357231,0,0,256,1,1,655360,1,1
"KERNEL_DISPATCH",4,2,79,"void tile_fp16_gemm<128, 64, 4, 8, 32, false>(__half const*, __half const*, float*, float*, int, int, int, long, int)",1387,42182870357231,42182870800791,0,25088,256,1,1,8192,1,8
"KERNEL_DISPATCH",4,2,82,"tile_fp16_reduce(float const*, float*, int, int)",1388,42182870800791,42182870834125,0,0,256,1,1,65536,1,1
"KERNEL_DISPATCH",4,2,33,"void dequantize_block_iq3_s<__half>(void const*, __half*)",1389,42182870857236,42182871004793,0,0,32,1,1,1310720,1,1
"KERNEL_DISPATCH",4,2,35,"void convert_unary<float, __half>(void const*, __half*, long, long, long, HIP_vector_type<unsigned int, 3u>, long, long, long)",1390,42182871004793,42182871024793,0,0,256,1,1,655360,1,1
"KERNEL_DISPATCH",4,2,79,"void tile_fp16_gemm<128, 64, 4, 8, 32, false>(__half const*, __half const*, float*, float*, int, int, int, long, int)",1391,42182871024793,42182871460057,0,25088,256,1,1,8192,1,8
"KERNEL_DISPATCH",4,2,82,"tile_fp16_reduce(float const*, float*, int, int)",1392,42182871460057,42182871489687,0,0,256,1,1,65536,1,1
"KERNEL_DISPATCH",4,2,33,"void dequantize_block_iq3_s<__half>(void const*, __half*)",1393,42182871510280,42182871642577,0,0,32,1,1,1310720,1,1
"KERNEL_DISPATCH",4,2,35,"void convert_unary<float, __half>(void const*, __half*, long, long, long, HIP_vector_type<unsigned int, 3u>, long, long, long)",1394,42182871642577,42182871660059,0,0,256,1,1,655360,1,1
"KERNEL_DISPATCH",4,2,79,"void tile_fp16_gemm<128, 64, 4, 8, 32, false>(__half const*, __half const*, float*, float*, int, int, int, long, int)",1395,42182871660059,42182872085249,0,25088,256,1,1,8192,1,8
"KERNEL_DISPATCH",4,2,82,"tile_fp16_reduce(float const*, float*, int, int)",1396,42182872085249,42182872122286,0,0,256,1,1,65536,1,1
"KERNEL_DISPATCH",4,2,33,"void dequantize_block_iq3_s<__half>(void const*, __half*)",1397,42182872143768,42182872291177,0,0,32,1,1,1310720,1,1
"KERNEL_DISPATCH",4,2,35,"void convert_unary<float, __half>(void const*, __half*, long, long, long, HIP_vector_type<unsigned int, 3u>, long, long, long)",1398,42182872291177,42182872311029,0,0,256,1,1,655360,1,1
"KERNEL_DISPATCH",4,2,79,"void tile_fp16_gemm<128, 64, 4, 8, 32, false>(__half const*, __half const*, float*, float*, int, int, int, long, int)",1399,42182872311029,42182872761404,0,25088,256,1,1,8192,1,8
"KERNEL_DISPATCH",4,2,82,"tile_fp16_reduce(float const*, float*, int, int)",1400,42182872761404,42182872793848,0,0,256,1,1,65536,1,1
"KERNEL_DISPATCH",4,2,33,"void dequantize_block_iq3_s<__half>(void const*, __half*)",1401,42182872815478,42182872963184,0,0,32,1,1,1310720,1,1
"KERNEL_DISPATCH",4,2,35,"void convert_unary<float, __half>(void const*, __half*, long, long, long, HIP_vector_type<unsigned int, 3u>, long, long, long)",1402,42182872963184,42182872983036,0,0,256,1,1,655360,1,1
"KERNEL_DISPATCH",4,2,79,"void tile_fp16_gemm<128, 64, 4, 8, 32, false>(__half const*, __half const*, float*, float*, int, int, int, long, int)",1403,42182872983036,42182873412818,0,25088,256,1,1,8192,1,8
"KERNEL_DISPATCH",4,2,82,"tile_fp16_reduce(float const*, float*, int, int)",1404,42182873412818,42182873442151,0,0,256,1,1,65536,1,1
"KERNEL_DISPATCH",4,2,33,"void dequantize_block_iq3_s<__half>(void const*, __half*)",1405,42182873462448,42182873594746,0,0,32,1,1,1310720,1,1
"KERNEL_DISPATCH",4,2,35,"void convert_unary<float, __half>(void const*, __half*, long, long, long, HIP_vector_type<unsigned int, 3u>, long, long, long)",1406,42182873594746,42182873612524,0,0,256,1,1,655360,1,1
"KERNEL_DISPATCH",4,2,79,"void tile_fp16_gemm<128, 64, 4, 8, 32, false>(__half const*, __half const*, float*, float*, int, int, int, long, int)",1407,42182873612524,42182874023046,0,25088,256,1,1,8192,1,8
"KERNEL_DISPATCH",4,2,82,"tile_fp16_reduce(float const*, float*, int, int)",1408,42182874023046,42182874052084,0,0,256,1,1,65536,1,1
"KERNEL_DISPATCH",4,2,33,"void dequantize_block_iq3_s<__half>(void const*, __half*)",1409,42182874074010,42182874227641,0,0,32,1,1,1310720,1,1
"KERNEL_DISPATCH",4,2,35,"void convert_unary<float, __half>(void const*, __half*, long, long, long, HIP_vector_type<unsigned int, 3u>, long, long, long)",1410,42182874227641,42182874247345,0,0,256,1,1,655360,1,1
"KERNEL_DISPATCH",4,2,79,"void tile_fp16_gemm<128, 64, 4, 8, 32, false>(__half const*, __half const*, float*, float*, int, int, int, long, int)",1411,42182874247345,42182874688238,0,25088,256,1,1,8192,1,8
"KERNEL_DISPATCH",4,2,82,"tile_fp16_reduce(float const*, float*, int, int)",1412,42182874688238,42182874720387,0,0,256,1,1,65536,1,1
"KERNEL_DISPATCH",4,2,33,"void dequantize_block_iq3_s<__half>(void const*, __half*)",1413,42182874742017,42182874889574,0,0,32,1,1,1310720,1,1
"KERNEL_DISPATCH",4,2,35,"void convert_unary<float, __half>(void const*, __half*, long, long, long, HIP_vector_type<unsigned int, 3u>, long, long, long)",1414,42182874889574,42182874909278,0,0,256,1,1,655360,1,1
"KERNEL_DISPATCH",4,2,79,"void tile_fp16_gemm<128, 64, 4, 8, 32, false>(__half const*, __half const*, float*, float*, int, int, int, long, int)",1415,42182874909278,42182875345134,0,25088,256,1,1,8192,1,8
"KERNEL_DISPATCH",4,2,82,"tile_fp16_reduce(float const*, float*, int, int)",1416,42182875345134,42182875374319,0,0,256,1,1,65536,1,1
"KERNEL_DISPATCH",4,2,33,"void dequantize_block_iq3_s<__half>(void const*, __half*)",1417,42182875394616,42182875527062,0,0,32,1,1,1310720,1,1
"KERNEL_DISPATCH",4,2,35,"void convert_unary<float, __half>(void const*, __half*, long, long, long, HIP_vector_type<unsigned int, 3u>, long, long, long)",1418,42182875527062,42182875544543,0,0,256,1,1,655360,1,1
"KERNEL_DISPATCH",4,2,79,"void tile_fp16_gemm<128, 64, 4, 8, 32, false>(__half const*, __half const*, float*, float*, int, int, int, long, int)",1419,42182875544543,42182875961140,0,25088,256,1,1,8192,1,8
"KERNEL_DISPATCH",4,2,82,"tile_fp16_reduce(float const*, float*, int, int)",1420,42182875961140,42182875989733,0,0,256,1,1,65536,1,1
"KERNEL_DISPATCH",4,2,33,"void dequantize_block_iq3_s<__half>(void const*, __half*)",1421,42182876010030,42182876163661,0,0,32,1,1,1310720,1,1
"KERNEL_DISPATCH",4,2,35,"void convert_unary<float, __half>(void const*, __half*, long, long, long, HIP_vector_type<unsigned int, 3u>, long, long, long)",1422,42182876163661,42182876183957,0,0,256,1,1,655360,1,1
"KERNEL_DISPATCH",4,2,79,"void tile_fp16_gemm<128, 64, 4, 8, 32, false>(__half const*, __half const*, float*, float*, int, int, int, long, int)",1423,42182876183957,42182876625888,0,25088,256,1,1,8192,1,8
"KERNEL_DISPATCH",4,2,82,"tile_fp16_reduce(float const*, float*, int, int)",1424,42182876625888,42182876658333,0,0,256,1,1,65536,1,1
"KERNEL_DISPATCH",4,2,33,"void dequantize_block_iq3_s<__half>(void const*, __half*)",1425,42182876679962,42182876827520,0,0,32,1,1,1310720,1,1
"KERNEL_DISPATCH",4,2,35,"void convert_unary<float, __half>(void const*, __half*, long, long, long, HIP_vector_type<unsigned int, 3u>, long, long, long)",1426,42182876827520,42182876847223,0,0,256,1,1,655360,1,1
"KERNEL_DISPATCH",4,2,79,"void tile_fp16_gemm<128, 64, 4, 8, 32, false>(__half const*, __half const*, float*, float*, int, int, int, long, int)",1427,42182876847223,42182877291821,0,25088,256,1,1,8192,1,8
"KERNEL_DISPATCH",4,2,82,"tile_fp16_reduce(float const*, float*, int, int)",1428,42182877291821,42182877324265,0,0,256,1,1,65536,1,1
"KERNEL_DISPATCH",4,2,33,"void dequantize_block_iq3_s<__half>(void const*, __half*)",1429,42182877346488,42182877494045,0,0,32,1,1,1310720,1,1
"KERNEL_DISPATCH",4,2,35,"void convert_unary<float, __half>(void const*, __half*, long, long, long, HIP_vector_type<unsigned int, 3u>, long, long, long)",1430,42182877494045,42182877513749,0,0,256,1,1,655360,1,1
"KERNEL_DISPATCH",4,2,79,"void tile_fp16_gemm<128, 64, 4, 8, 32, false>(__half const*, __half const*, float*, float*, int, int, int, long, int)",1431,42182877513749,42182877958198,0,25088,256,1,1,8192,1,8
"KERNEL_DISPATCH",4,2,82,"tile_fp16_reduce(float const*, float*, int, int)",1432,42182877958198,42182877990791,0,0,256,1,1,65536,1,1
"KERNEL_DISPATCH",4,2,33,"void dequantize_block_iq3_s<__half>(void const*, __half*)",1433,42182878013013,42182878160274,0,0,32,1,1,1310720,1,1
"KERNEL_DISPATCH",4,2,35,"void convert_unary<float, __half>(void const*, __half*, long, long, long, HIP_vector_type<unsigned int, 3u>, long, long, long)",1434,42182878160274,42182878179682,0,0,256,1,1,655360,1,1
"KERNEL_DISPATCH",4,2,79,"void tile_fp16_gemm<128, 64, 4, 8, 32, false>(__half const*, __half const*, float*, float*, int, int, int, long, int)",1435,42182878179682,42182878620279,0,25088,256,1,1,8192,1,8
"KERNEL_DISPATCH",4,2,82,"tile_fp16_reduce(float const*, float*, int, int)",1436,42182878620279,42182878652427,0,0,256,1,1,65536,1,1
"KERNEL_DISPATCH",4,2,33,"void dequantize_block_iq3_s<__half>(void const*, __half*)",1437,42182878674798,42182878822207,0,0,32,1,1,1310720,1,1
"KERNEL_DISPATCH",4,2,35,"void convert_unary<float, __half>(void const*, __half*, long, long, long, HIP_vector_type<unsigned int, 3u>, long, long, long)",1438,42182878822207,42182878841911,0,0,256,1,1,655360,1,1
"KERNEL_DISPATCH",4,2,79,"void tile_fp16_gemm<128, 64, 4, 8, 32, false>(__half const*, __half const*, float*, float*, int, int, int, long, int)",1439,42182878841911,42182879274359,0,25088,256,1,1,8192,1,8
"KERNEL_DISPATCH",4,2,82,"tile_fp16_reduce(float const*, float*, int, int)",1440,42182879274359,42182879303545,0,0,256,1,1,65536,1,1
"KERNEL_DISPATCH",4,2,33,"void dequantize_block_iq3_s<__half>(void const*, __half*)",1441,42182879323841,42182879455991,0,0,32,1,1,1310720,1,1
"KERNEL_DISPATCH",4,2,35,"void convert_unary<float, __half>(void const*, __half*, long, long, long, HIP_vector_type<unsigned int, 3u>, long, long, long)",1442,42182879455991,42182879473473,0,0,256,1,1,655360,1,1
"KERNEL_DISPATCH",4,2,79,"void tile_fp16_gemm<128, 64, 4, 8, 32, false>(__half const*, __half const*, float*, float*, int, int, int, long, int)",1443,42182879473473,42182879892588,0,25088,256,1,1,8192,1,8
"KERNEL_DISPATCH",4,2,82,"tile_fp16_reduce(float const*, float*, int, int)",1444,42182879892588,42182879921922,0,0,256,1,1,65536,1,1
"KERNEL_DISPATCH",4,2,33,"void dequantize_block_iq3_s<__half>(void const*, __half*)",1445,42182879942218,42182880090664,0,0,32,1,1,1310720,1,1
"KERNEL_DISPATCH",4,2,35,"void convert_unary<float, __half>(void const*, __half*, long, long, long, HIP_vector_type<unsigned int, 3u>, long, long, long)",1446,42182880090664,42182880110220,0,0,256,1,1,655360,1,1
"KERNEL_DISPATCH",4,2,79,"void tile_fp16_gemm<128, 64, 4, 8, 32, false>(__half const*, __half const*, float*, float*, int, int, int, long, int)",1447,42182880110220,42182880550965,0,25088,256,1,1,8192,1,8
"KERNEL_DISPATCH",4,2,82,"tile_fp16_reduce(float const*, float*, int, int)",1448,42182880550965,42182880583262,0,0,256,1,1,65536,1,1
"KERNEL_DISPATCH",4,2,33,"void dequantize_block_iq3_s<__half>(void const*, __half*)",1449,42182880605632,42182880753041,0,0,32,1,1,1310720,1,1
"KERNEL_DISPATCH",4,2,35,"void convert_unary<float, __half>(void const*, __half*, long, long, long, HIP_vector_type<unsigned int, 3u>, long, long, long)",1450,42182880753041,42182880773041,0,0,256,1,1,655360,1,1
"KERNEL_DISPATCH",4,2,79,"void tile_fp16_gemm<128, 64, 4, 8, 32, false>(__half const*, __half const*, float*, float*, int, int, int, long, int)",1451,42182880773041,42182881214231,0,25088,256,1,1,8192,1,8
"KERNEL_DISPATCH",4,2,82,"tile_fp16_reduce(float const*, float*, int, int)",1452,42182881214231,42182881246528,0,0,256,1,1,65536,1,1
"KERNEL_DISPATCH",4,2,33,"void dequantize_block_iq3_s<__half>(void const*, __half*)",1453,42182881268454,42182881416011,0,0,32,1,1,1310720,1,1
"KERNEL_DISPATCH",4,2,35,"void convert_unary<float, __half>(void const*, __half*, long, long, long, HIP_vector_type<unsigned int, 3u>, long, long, long)",1454,42182881416011,42182881435419,0,0,256,1,1,655360,1,1
"KERNEL_DISPATCH",4,2,79,"void tile_fp16_gemm<128, 64, 4, 8, 32, false>(__half const*, __half const*, float*, float*, int, int, int, long, int)",1455,42182881435419,42182881878534,0,25088,256,1,1,8192,1,8
"KERNEL_DISPATCH",4,2,82,"tile_fp16_reduce(float const*, float*, int, int)",1456,42182881878534,42182881911572,0,0,256,1,1,65536,1,1
"KERNEL_DISPATCH",4,2,33,"void dequantize_block_iq3_s<__half>(void const*, __half*)",1457,42182881934090,42182882081647,0,0,32,1,1,1310720,1,1
"KERNEL_DISPATCH",4,2,35,"void convert_unary<float, __half>(void const*, __half*, long, long, long, HIP_vector_type<unsigned int, 3u>, long, long, long)",1458,42182882081647,42182882101203,0,0,256,1,1,655360,1,1
"KERNEL_DISPATCH",4,2,79,"void tile_fp16_gemm<128, 64, 4, 8, 32, false>(__half const*, __half const*, float*, float*, int, int, int, long, int)",1459,42182882101203,42182882543726,0,25088,256,1,1,8192,1,8
"KERNEL_DISPATCH",4,2,82,"tile_fp16_reduce(float const*, float*, int, int)",1460,42182882543726,42182882576467,0,0,256,1,1,65536,1,1
"KERNEL_DISPATCH",4,2,33,"void dequantize_block_iq3_s<__half>(void const*, __half*)",1461,42182882598542,42182882745951,0,0,32,1,1,1310720,1,1
"KERNEL_DISPATCH",4,2,35,"void convert_unary<float, __half>(void const*, __half*, long, long, long, HIP_vector_type<unsigned int, 3u>, long, long, long)",1462,42182882745951,42182882766099,0,0,256,1,1,655360,1,1
"KERNEL_DISPATCH",4,2,79,"void tile_fp16_gemm<128, 64, 4, 8, 32, false>(__half const*, __half const*, float*, float*, int, int, int, long, int)",1463,42182882766099,42182883210548,0,25088,256,1,1,8192,1,8
"KERNEL_DISPATCH",4,2,82,"tile_fp16_reduce(float const*, float*, int, int)",1464,42182883210548,42182883239289,0,0,256,1,1,65536,1,1
"KERNEL_DISPATCH",4,2,33,"void dequantize_block_iq3_s<__half>(void const*, __half*)",1465,42182883260178,42182883392328,0,0,32,1,1,1310720,1,1
"KERNEL_DISPATCH",4,2,35,"void convert_unary<float, __half>(void const*, __half*, long, long, long, HIP_vector_type<unsigned int, 3u>, long, long, long)",1466,42182883392328,42182883410106,0,0,256,1,1,655360,1,1
"KERNEL_DISPATCH",4,2,79,"void tile_fp16_gemm<128, 64, 4, 8, 32, false>(__half const*, __half const*, float*, float*, int, int, int, long, int)",1467,42182883410106,42182883824925,0,25088,256,1,1,8192,1,8
"KERNEL_DISPATCH",4,2,82,"tile_fp16_reduce(float const*, float*, int, int)",1468,42182883824925,42182883853666,0,0,256,1,1,65536,1,1
"KERNEL_DISPATCH",4,2,33,"void dequantize_block_iq3_s<__half>(void const*, __half*)",1469,42182883874407,42182884006408,0,0,32,1,1,1310720,1,1
"KERNEL_DISPATCH",4,2,35,"void convert_unary<float, __half>(void const*, __half*, long, long, long, HIP_vector_type<unsigned int, 3u>, long, long, long)",1470,42182884006408,42182884024038,0,0,256,1,1,655360,1,1
"KERNEL_DISPATCH",4,2,79,"void tile_fp16_gemm<128, 64, 4, 8, 32, false>(__half const*, __half const*, float*, float*, int, int, int, long, int)",1471,42182884024038,42182884477228,0,25088,256,1,1,8192,1,8
"KERNEL_DISPATCH",4,2,82,"tile_fp16_reduce(float const*, float*, int, int)",1472,42182884477228,42182884509228,0,0,256,1,1,65536,1,1
"KERNEL_DISPATCH",4,2,33,"void dequantize_block_iq3_s<__half>(void const*, __half*)",1473,42182884531006,42182884678415,0,0,32,1,1,1310720,1,1
"KERNEL_DISPATCH",4,2,35,"void convert_unary<float, __half>(void const*, __half*, long, long, long, HIP_vector_type<unsigned int, 3u>, long, long, long)",1474,42182884678415,42182884697971,0,0,256,1,1,655360,1,1
"KERNEL_DISPATCH",4,2,79,"void tile_fp16_gemm<128, 64, 4, 8, 32, false>(__half const*, __half const*, float*, float*, int, int, int, long, int)",1475,42182884697971,42182885150864,0,25088,256,1,1,8192,1,8
"KERNEL_DISPATCH",4,2,82,"tile_fp16_reduce(float const*, float*, int, int)",1476,42182885150864,42182885202124,0,0,256,1,1,65536,1,1
"KERNEL_DISPATCH",4,2,33,"void dequantize_block_iq3_s<__half>(void const*, __half*)",1477,42182885227458,42182885396793,0,0,32,1,1,1310720,1,1
"KERNEL_DISPATCH",4,2,35,"void convert_unary<float, __half>(void const*, __half*, long, long, long, HIP_vector_type<unsigned int, 3u>, long, long, long)",1478,42182885396793,42182885423460,0,0,256,1,1,655360,1,1
"KERNEL_DISPATCH",4,2,79,"void tile_fp16_gemm<128, 64, 4, 8, 32, false>(__half const*, __half const*, float*, float*, int, int, int, long, int)",1479,42182885423460,42182885993095,0,25088,256,1,1,8192,1,8
"KERNEL_DISPATCH",4,2,82,"tile_fp16_reduce(float const*, float*, int, int)",1480,42182885993095,42182886040799,0,0,256,1,1,65536,1,1
"KERNEL_DISPATCH",4,2,33,"void dequantize_block_iq3_s<__half>(void const*, __half*)",1481,42182886066577,42182886236060,0,0,32,1,1,1310720,1,1
"KERNEL_DISPATCH",4,2,35,"void convert_unary<float, __half>(void const*, __half*, long, long, long, HIP_vector_type<unsigned int, 3u>, long, long, long)",1482,42182886236060,42182886262283,0,0,256,1,1,655360,1,1
"KERNEL_DISPATCH",4,2,79,"void tile_fp16_gemm<128, 64, 4, 8, 32, false>(__half const*, __half const*, float*, float*, int, int, int, long, int)",1483,42182886262283,42182886814733,0,25088,256,1,1,8192,1,8
"KERNEL_DISPATCH",4,2,82,"tile_fp16_reduce(float const*, float*, int, int)",1484,42182886814733,42182886863622,0,0,256,1,1,65536,1,1
"KERNEL_DISPATCH",4,2,33,"void dequantize_block_iq3_s<__half>(void const*, __half*)",1485,42182886888808,42182887057550,0,0,32,1,1,1310720,1,1
"KERNEL_DISPATCH",4,2,35,"void convert_unary<float, __half>(void const*, __half*, long, long, long, HIP_vector_type<unsigned int, 3u>, long, long, long)",1486,42182887057550,42182887084217,0,0,256,1,1,655360,1,1
"KERNEL_DISPATCH",4,2,79,"void tile_fp16_gemm<128, 64, 4, 8, 32, false>(__half const*, __half const*, float*, float*, int, int, int, long, int)",1487,42182887084217,42182887542444,0,25088,256,1,1,8192,1,8
"KERNEL_DISPATCH",4,2,82,"tile_fp16_reduce(float const*, float*, int, int)",1488,42182887542444,42182887574889,0,0,256,1,1,65536,1,1
"KERNEL_DISPATCH",4,2,33,"void dequantize_block_iq3_s<__half>(void const*, __half*)",1489,42182887596963,42182887744817,0,0,32,1,1,1310720,1,1
"KERNEL_DISPATCH",4,2,35,"void convert_unary<float, __half>(void const*, __half*, long, long, long, HIP_vector_type<unsigned int, 3u>, long, long, long)",1490,42182887744817,42182887764372,0,0,256,1,1,655360,1,1
"KERNEL_DISPATCH",4,2,79,"void tile_fp16_gemm<128, 64, 4, 8, 32, false>(__half const*, __half const*, float*, float*, int, int, int, long, int)",1491,42182887764372,42182888204821,0,25088,256,1,1,8192,1,8
"KERNEL_DISPATCH",4,2,82,"tile_fp16_reduce(float const*, float*, int, int)",1492,42182888204821,42182888236970,0,0,256,1,1,65536,1,1
"KERNEL_DISPATCH",4,2,33,"void dequantize_block_iq3_s<__half>(void const*, __half*)",1493,42182888259341,42182888406749,0,0,32,1,1,1310720,1,1
"KERNEL_DISPATCH",4,2,35,"void convert_unary<float, __half>(void const*, __half*, long, long, long, HIP_vector_type<unsigned int, 3u>, long, long, long)",1494,42182888406749,42182888426305,0,0,256,1,1,655360,1,1
"KERNEL_DISPATCH",4,2,79,"void tile_fp16_gemm<128, 64, 4, 8, 32, false>(__half const*, __half const*, float*, float*, int, int, int, long, int)",1495,42182888426305,42182888869273,0,25088,256,1,1,8192,1,8
"KERNEL_DISPATCH",4,2,82,"tile_fp16_reduce(float const*, float*, int, int)",1496,42182888869273,42182888901569,0,0,256,1,1,65536,1,1
"KERNEL_DISPATCH",4,2,33,"void dequantize_block_iq3_s<__half>(void const*, __half*)",1497,42182888924088,42182889070608,0,0,32,1,1,1310720,1,1
"KERNEL_DISPATCH",4,2,35,"void convert_unary<float, __half>(void const*, __half*, long, long, long, HIP_vector_type<unsigned int, 3u>, long, long, long)",1498,42182889070608,42182889088831,0,0,256,1,1,655360,1,1
"KERNEL_DISPATCH",4,2,79,"void tile_fp16_gemm<128, 64, 4, 8, 32, false>(__half const*, __half const*, float*, float*, int, int, int, long, int)",1499,42182889088831,42182889517724,0,25088,256,1,1,8192,1,8
"KERNEL_DISPATCH",4,2,82,"tile_fp16_reduce(float const*, float*, int, int)",1500,42182889517724,42182889546613,0,0,256,1,1,65536,1,1
"KERNEL_DISPATCH",4,2,33,"void dequantize_block_iq3_s<__half>(void const*, __half*)",1501,42182889567206,42182889699800,0,0,32,1,1,1310720,1,1
"KERNEL_DISPATCH",4,2,35,"void convert_unary<float, __half>(void const*, __half*, long, long, long, HIP_vector_type<unsigned int, 3u>, long, long, long)",1502,42182889699800,42182889717430,0,0,256,1,1,655360,1,1
"KERNEL_DISPATCH",4,2,79,"void tile_fp16_gemm<128, 64, 4, 8, 32, false>(__half const*, __half const*, float*, float*, int, int, int, long, int)",1503,42182889717430,42182890153138,0,25088,256,1,1,8192,1,8
"KERNEL_DISPATCH",4,2,82,"tile_fp16_reduce(float const*, float*, int, int)",1504,42182890153138,42182890185731,0,0,256,1,1,65536,1,1
"KERNEL_DISPATCH",4,2,33,"void dequantize_block_iq3_s<__half>(void const*, __half*)",1505,42182890207805,42182890355066,0,0,32,1,1,1310720,1,1
"KERNEL_DISPATCH",4,2,35,"void convert_unary<float, __half>(void const*, __half*, long, long, long, HIP_vector_type<unsigned int, 3u>, long, long, long)",1506,42182890355066,42182890374770,0,0,256,1,1,655360,1,1
"KERNEL_DISPATCH",4,2,79,"void tile_fp16_gemm<128, 64, 4, 8, 32, false>(__half const*, __half const*, float*, float*, int, int, int, long, int)",1507,42182890374770,42182890813293,0,25088,256,1,1,8192,1,8
"KERNEL_DISPATCH",4,2,82,"tile_fp16_reduce(float const*, float*, int, int)",1508,42182890813293,42182890845589,0,0,256,1,1,65536,1,1
"KERNEL_DISPATCH",4,2,33,"void dequantize_block_iq3_s<__half>(void const*, __half*)",1509,42182890867219,42182891014924,0,0,32,1,1,1310720,1,1
"KERNEL_DISPATCH",4,2,35,"void convert_unary<float, __half>(void const*, __half*, long, long, long, HIP_vector_type<unsigned int, 3u>, long, long, long)",1510,42182891014924,42182891034628,0,0,256,1,1,655360,1,1
"KERNEL_DISPATCH",4,2,79,"void tile_fp16_gemm<128, 64, 4, 8, 32, false>(__half const*, __half const*, float*, float*, int, int, int, long, int)",1511,42182891034628,42182891481596,0,25088,256,1,1,8192,1,8
"KERNEL_DISPATCH",4,2,82,"tile_fp16_reduce(float const*, float*, int, int)",1512,42182891481596,42182891514337,0,0,256,1,1,65536,1,1
"KERNEL_DISPATCH",4,2,33,"void dequantize_block_iq3_s<__half>(void const*, __half*)",1513,42187535350580,42187535599619,0,0,32,1,1,2621440,1,1
"KERNEL_DISPATCH",4,2,35,"void convert_unary<float, __half>(void const*, __half*, long, long, long, HIP_vector_type<unsigned int, 3u>, long, long, long)",1514,42187535599619,42187535617694,0,0,256,1,1,655360,1,1
"KERNEL_DISPATCH",4,2,79,"void tile_fp16_gemm<128, 64, 4, 8, 32, false>(__half const*, __half const*, float*, float*, int, int, int, long, int)",1515,42187535617694,42187536442738,0,25088,256,1,1,16384,1,4
"KERNEL_DISPATCH",4,2,82,"tile_fp16_reduce(float const*, float*, int, int)",1516,42187536442738,42187536501405,0,0,256,1,1,131072,1,1
"KERNEL_DISPATCH",4,2,33,"void dequantize_block_iq3_s<__half>(void const*, __half*)",1517,42187536813705,42187537059930,0,0,32,1,1,2621440,1,1
"KERNEL_DISPATCH",4,2,35,"void convert_unary<float, __half>(void const*, __half*, long, long, long, HIP_vector_type<unsigned int, 3u>, long, long, long)",1518,42187537059930,42187537077560,0,0,256,1,1,655360,1,1
"KERNEL_DISPATCH",4,2,79,"void tile_fp16_gemm<128, 64, 4, 8, 32, false>(__half const*, __half const*, float*, float*, int, int, int, long, int)",1519,42187537077560,42187537893568,0,25088,256,1,1,16384,1,4
"KERNEL_DISPATCH",4,2,82,"tile_fp16_reduce(float const*, float*, int, int)",1520,42187537893568,42187537956087,0,0,256,1,1,131072,1,1
"KERNEL_DISPATCH",4,2,33,"void dequantize_block_iq3_s<__half>(void const*, __half*)",1521,42187537978013,42187538239794,0,0,32,1,1,2621440,1,1
"KERNEL_DISPATCH",4,2,35,"void convert_unary<float, __half>(void const*, __half*, long, long, long, HIP_vector_type<unsigned int, 3u>, long, long, long)",1522,42187538239794,42187538257424,0,0,256,1,1,655360,1,1
"KERNEL_DISPATCH",4,2,79,"void tile_fp16_gemm<128, 64, 4, 8, 32, false>(__half const*, __half const*, float*, float*, int, int, int, long, int)",1523,42187538257424,42187539114025,0,25088,256,1,1,16384,1,4
"KERNEL_DISPATCH",4,2,82,"tile_fp16_reduce(float const*, float*, int, int)",1524,42187539114025,42187539172396,0,0,256,1,1,131072,1,1
"KERNEL_DISPATCH",4,2,33,"void dequantize_block_iq3_s<__half>(void const*, __half*)",1525,42187539199656,42187539445732,0,0,32,1,1,2621440,1,1
"KERNEL_DISPATCH",4,2,35,"void convert_unary<float, __half>(void const*, __half*, long, long, long, HIP_vector_type<unsigned int, 3u>, long, long, long)",1526,42187539445732,42187539462769,0,0,256,1,1,655360,1,1
"KERNEL_DISPATCH",4,2,79,"void tile_fp16_gemm<128, 64, 4, 8, 32, false>(__half const*, __half const*, float*, float*, int, int, int, long, int)",1527,42187539462769,42187540307519,0,25088,256,1,1,16384,1,4
"KERNEL_DISPATCH",4,2,82,"tile_fp16_reduce(float const*, float*, int, int)",1528,42187540307519,42187540369742,0,0,256,1,1,131072,1,1
"KERNEL_DISPATCH",4,2,33,"void dequantize_block_iq3_s<__half>(void const*, __half*)",1529,42187540390927,42187540652708,0,0,32,1,1,2621440,1,1
"KERNEL_DISPATCH",4,2,35,"void convert_unary<float, __half>(void const*, __half*, long, long, long, HIP_vector_type<unsigned int, 3u>, long, long, long)",1530,42187540652708,42187540670189,0,0,256,1,1,655360,1,1
"KERNEL_DISPATCH",4,2,79,"void tile_fp16_gemm<128, 64, 4, 8, 32, false>(__half const*, __half const*, float*, float*, int, int, int, long, int)",1531,42187540670189,42187541546495,0,25088,256,1,1,16384,1,4
"KERNEL_DISPATCH",4,2,82,"tile_fp16_reduce(float const*, float*, int, int)",1532,42187541546495,42187541614940,0,0,256,1,1,131072,1,1
"KERNEL_DISPATCH",4,2,33,"void dequantize_block_iq3_s<__half>(void const*, __half*)",1533,42187541669163,42187541961314,0,0,32,1,1,2621440,1,1
"KERNEL_DISPATCH",4,2,35,"void convert_unary<float, __half>(void const*, __half*, long, long, long, HIP_vector_type<unsigned int, 3u>, long, long, long)",1534,42187541961314,42187541981462,0,0,256,1,1,655360,1,1
"KERNEL_DISPATCH",4,2,79,"void tile_fp16_gemm<128, 64, 4, 8, 32, false>(__half const*, __half const*, float*, float*, int, int, int, long, int)",1535,42187541981462,42187542876731,0,25088,256,1,1,16384,1,4
"KERNEL_DISPATCH",4,2,82,"tile_fp16_reduce(float const*, float*, int, int)",1536,42187542876731,42187542946065,0,0,256,1,1,131072,1,1
"KERNEL_DISPATCH",4,2,33,"void dequantize_block_iq3_s<__half>(void const*, __half*)",1537,42187542969028,42187543261179,0,0,32,1,1,2621440,1,1
"KERNEL_DISPATCH",4,2,35,"void convert_unary<float, __half>(void const*, __half*, long, long, long, HIP_vector_type<unsigned int, 3u>, long, long, long)",1538,42187543261179,42187543281179,0,0,256,1,1,655360,1,1
"KERNEL_DISPATCH",4,2,79,"void tile_fp16_gemm<128, 64, 4, 8, 32, false>(__half const*, __half const*, float*, float*, int, int, int, long, int)",1539,42187543281179,42187544127855,0,25088,256,1,1,16384,1,4
"KERNEL_DISPATCH",4,2,82,"tile_fp16_reduce(float const*, float*, int, int)",1540,42187544127855,42187544189633,0,0,256,1,1,131072,1,1
"KERNEL_DISPATCH",4,2,33,"void dequantize_block_iq3_s<__half>(void const*, __half*)",1541,42187544211856,42187544473340,0,0,32,1,1,2621440,1,1
"KERNEL_DISPATCH",4,2,35,"void convert_unary<float, __half>(void const*, __half*, long, long, long, HIP_vector_type<unsigned int, 3u>, long, long, long)",1542,42187544473340,42187544490970,0,0,256,1,1,655360,1,1
"KERNEL_DISPATCH",4,2,79,"void tile_fp16_gemm<128, 64, 4, 8, 32, false>(__half const*, __half const*, float*, float*, int, int, int, long, int)",1543,42187544490970,42187545349052,0,25088,256,1,1,16384,1,4
"KERNEL_DISPATCH",4,2,82,"tile_fp16_reduce(float const*, float*, int, int)",1544,42187545349052,42187545417942,0,0,256,1,1,131072,1,1
"KERNEL_DISPATCH",4,2,33,"void dequantize_block_iq3_s<__half>(void const*, __half*)",1545,42187545440757,42187545732760,0,0,32,1,1,2621440,1,1
"KERNEL_DISPATCH",4,2,35,"void convert_unary<float, __half>(void const*, __half*, long, long, long, HIP_vector_type<unsigned int, 3u>, long, long, long)",1546,42187545732760,42187545752760,0,0,256,1,1,655360,1,1
"KERNEL_DISPATCH",4,2,79,"void tile_fp16_gemm<128, 64, 4, 8, 32, false>(__half const*, __half const*, float*, float*, int, int, int, long, int)",1547,42187545752760,42187546779882,0,25088,256,1,1,16384,1,4
"KERNEL_DISPATCH",4,2,82,"tile_fp16_reduce(float const*, float*, int, int)",1548,42187546779882,42187546857809,0,0,256,1,1,131072,1,1
"KERNEL_DISPATCH",4,2,33,"void dequantize_block_iq3_s<__half>(void const*, __half*)",1549,42187546885957,42187547221368,0,0,32,1,1,2621440,1,1
"KERNEL_DISPATCH",4,2,35,"void convert_unary<float, __half>(void const*, __half*, long, long, long, HIP_vector_type<unsigned int, 3u>, long, long, long)",1550,42187547221368,42187547248924,0,0,256,1,1,655360,1,1
"KERNEL_DISPATCH",4,2,79,"void tile_fp16_gemm<128, 64, 4, 8, 32, false>(__half const*, __half const*, float*, float*, int, int, int, long, int)",1551,42187547248924,42187548210119,0,25088,256,1,1,16384,1,4
"KERNEL_DISPATCH",4,2,82,"tile_fp16_reduce(float const*, float*, int, int)",1552,42187548210119,42187548279601,0,0,256,1,1,131072,1,1
"KERNEL_DISPATCH",4,2,33,"void dequantize_block_iq3_s<__half>(void const*, __half*)",1553,42187548302268,42187548594568,0,0,32,1,1,2621440,1,1
"KERNEL_DISPATCH",4,2,35,"void convert_unary<float, __half>(void const*, __half*, long, long, long, HIP_vector_type<unsigned int, 3u>, long, long, long)",1554,42187548594568,42187548614123,0,0,256,1,1,655360,1,1
"KERNEL_DISPATCH",4,2,79,"void tile_fp16_gemm<128, 64, 4, 8, 32, false>(__half const*, __half const*, float*, float*, int, int, int, long, int)",1555,42187548614123,42187549519762,0,25088,256,1,1,16384,1,4
"KERNEL_DISPATCH",4,2,82,"tile_fp16_reduce(float const*, float*, int, int)",1556,42187549519762,42187549588207,0,0,256,1,1,131072,1,1
"KERNEL_DISPATCH",4,2,33,"void dequantize_block_iq3_s<__half>(void const*, __half*)",1557,42187549612504,42187549904359,0,0,32,1,1,2621440,1,1
"KERNEL_DISPATCH",4,2,35,"void convert_unary<float, __half>(void const*, __half*, long, long, long, HIP_vector_type<unsigned int, 3u>, long, long, long)",1558,42187549904359,42187549923915,0,0,256,1,1,655360,1,1
"KERNEL_DISPATCH",4,2,79,"void tile_fp16_gemm<128, 64, 4, 8, 32, false>(__half const*, __half const*, float*, float*, int, int, int, long, int)",1559,42187549923915,42187550827035,0,25088,256,1,1,16384,1,4
"KERNEL_DISPATCH",4,2,82,"tile_fp16_reduce(float const*, float*, int, int)",1560,42187550827035,42187550889702,0,0,256,1,1,131072,1,1
"KERNEL_DISPATCH",4,2,33,"void dequantize_block_iq3_s<__half>(void const*, __half*)",1561,42187550911036,42187551172668,0,0,32,1,1,2621440,1,1
"KERNEL_DISPATCH",4,2,35,"void convert_unary<float, __half>(void const*, __half*, long, long, long, HIP_vector_type<unsigned int, 3u>, long, long, long)",1562,42187551172668,42187551190742,0,0,256,1,1,655360,1,1
"KERNEL_DISPATCH",4,2,79,"void tile_fp16_gemm<128, 64, 4, 8, 32, false>(__half const*, __half const*, float*, float*, int, int, int, long, int)",1563,42187551190742,42187552017121,0,25088,256,1,1,16384,1,4
"KERNEL_DISPATCH",4,2,82,"tile_fp16_reduce(float const*, float*, int, int)",1564,42187552017121,42187552075344,0,0,256,1,1,131072,1,1
"KERNEL_DISPATCH",4,2,33,"void dequantize_block_iq3_s<__half>(void const*, __half*)",1565,42187552096678,42187552342903,0,0,32,1,1,2621440,1,1
"KERNEL_DISPATCH",4,2,35,"void convert_unary<float, __half>(void const*, __half*, long, long, long, HIP_vector_type<unsigned int, 3u>, long, long, long)",1566,42187552342903,42187552359940,0,0,256,1,1,655360,1,1
"KERNEL_DISPATCH",4,2,79,"void tile_fp16_gemm<128, 64, 4, 8, 32, false>(__half const*, __half const*, float*, float*, int, int, int, long, int)",1567,42187552359940,42187553220097,0,25088,256,1,1,16384,1,4
"KERNEL_DISPATCH",4,2,82,"tile_fp16_reduce(float const*, float*, int, int)",1568,42187553220097,42187553280097,0,0,256,1,1,131072,1,1
"KERNEL_DISPATCH",4,2,33,"void dequantize_block_iq3_s<__half>(void const*, __half*)",1569,42187553301283,42187553563063,0,0,32,1,1,2621440,1,1
"KERNEL_DISPATCH",4,2,35,"void convert_unary<float, __half>(void const*, __half*, long, long, long, HIP_vector_type<unsigned int, 3u>, long, long, long)",1570,42187553563063,42187553580841,0,0,256,1,1,655360,1,1
"KERNEL_DISPATCH",4,2,79,"void tile_fp16_gemm<128, 64, 4, 8, 32, false>(__half const*, __half const*, float*, float*, int, int, int, long, int)",1571,42187553580841,42187554453887,0,25088,256,1,1,16384,1,4
"KERNEL_DISPATCH",4,2,82,"tile_fp16_reduce(float const*, float*, int, int)",1572,42187554453887,42187554522036,0,0,256,1,1,131072,1,1
"KERNEL_DISPATCH",4,2,33,"void dequantize_block_iq3_s<__half>(void const*, __half*)",1573,42187554546036,42187554837891,0,0,32,1,1,2621440,1,1
"KERNEL_DISPATCH",4,2,35,"void convert_unary<float, __half>(void const*, __half*, long, long, long, HIP_vector_type<unsigned int, 3u>, long, long, long)",1574,42187554837891,42187554857595,0,0,256,1,1,655360,1,1
"KERNEL_DISPATCH",4,2,79,"void tile_fp16_gemm<128, 64, 4, 8, 32, false>(__half const*, __half const*, float*, float*, int, int, int, long, int)",1575,42187554857595,42187555939236,0,25088,256,1,1,16384,1,4
"KERNEL_DISPATCH",4,2,82,"tile_fp16_reduce(float const*, float*, int, int)",1576,42187555939236,42187555989162,0,0,256,1,1,131072,1,1
"KERNEL_DISPATCH",4,2,33,"void dequantize_block_iq3_s<__half>(void const*, __half*)",1577,42187556015978,42187556349907,0,0,32,1,1,2621440,1,1
"KERNEL_DISPATCH",4,2,35,"void convert_unary<float, __half>(void const*, __half*, long, long, long, HIP_vector_type<unsigned int, 3u>, long, long, long)",1578,42187556349907,42187556377315,0,0,256,1,1,655360,1,1
"KERNEL_DISPATCH",4,2,79,"void tile_fp16_gemm<128, 64, 4, 8, 32, false>(__half const*, __half const*, float*, float*, int, int, int, long, int)",1579,42187556377315,42187557301769,0,25088,256,1,1,16384,1,4
"KERNEL_DISPATCH",4,2,82,"tile_fp16_reduce(float const*, float*, int, int)",1580,42187557301769,42187557370955,0,0,256,1,1,131072,1,1
"KERNEL_DISPATCH",4,2,33,"void dequantize_block_iq3_s<__half>(void const*, __half*)",1581,42187557393918,42187557685921,0,0,32,1,1,2621440,1,1
"KERNEL_DISPATCH",4,2,35,"void convert_unary<float, __half>(void const*, __half*, long, long, long, HIP_vector_type<unsigned int, 3u>, long, long, long)",1582,42187557685921,42187557705476,0,0,256,1,1,655360,1,1
"KERNEL_DISPATCH",4,2,79,"void tile_fp16_gemm<128, 64, 4, 8, 32, false>(__half const*, __half const*, float*, float*, int, int, int, long, int)",1583,42187557705476,42187558741339,0,25088,256,1,1,16384,1,4
"KERNEL_DISPATCH",4,2,82,"tile_fp16_reduce(float const*, float*, int, int)",1584,42187558741339,42187558819414,0,0,256,1,1,131072,1,1
"KERNEL_DISPATCH",4,2,33,"void dequantize_block_iq3_s<__half>(void const*, __half*)",1585,42187558847414,42187559182677,0,0,32,1,1,2621440,1,1
"KERNEL_DISPATCH",4,2,35,"void convert_unary<float, __half>(void const*, __half*, long, long, long, HIP_vector_type<unsigned int, 3u>, long, long, long)",1586,42187559182677,42187559210529,0,0,256,1,1,655360,1,1
"KERNEL_DISPATCH",4,2,79,"void tile_fp16_gemm<128, 64, 4, 8, 32, false>(__half const*, __half const*, float*, float*, int, int, int, long, int)",1587,42187559210529,42187560171428,0,25088,256,1,1,16384,1,4
"KERNEL_DISPATCH",4,2,82,"tile_fp16_reduce(float const*, float*, int, int)",1588,42187560171428,42187560240318,0,0,256,1,1,131072,1,1
"KERNEL_DISPATCH",4,2,33,"void dequantize_block_iq3_s<__half>(void const*, __half*)",1589,42187560264021,42187560536913,0,0,32,1,1,2621440,1,1
"KERNEL_DISPATCH",4,2,35,"void convert_unary<float, __half>(void const*, __half*, long, long, long, HIP_vector_type<unsigned int, 3u>, long, long, long)",1590,42187560536913,42187560554691,0,0,256,1,1,655360,1,1
"KERNEL_DISPATCH",4,2,79,"void tile_fp16_gemm<128, 64, 4, 8, 32, false>(__half const*, __half const*, float*, float*, int, int, int, long, int)",1591,42187560554691,42187561434108,0,25088,256,1,1,16384,1,4
"KERNEL_DISPATCH",4,2,82,"tile_fp16_reduce(float const*, float*, int, int)",1592,42187561434108,42187561502701,0,0,256,1,1,131072,1,1
"KERNEL_DISPATCH",4,2,33,"void dequantize_block_iq3_s<__half>(void const*, __half*)",1593,42187561526701,42187561818852,0,0,32,1,1,2621440,1,1
"KERNEL_DISPATCH",4,2,35,"void convert_unary<float, __half>(void const*, __half*, long, long, long, HIP_vector_type<unsigned int, 3u>, long, long, long)",1594,42187561818852,42187561838556,0,0,256,1,1,655360,1,1
"KERNEL_DISPATCH",4,2,79,"void tile_fp16_gemm<128, 64, 4, 8, 32, false>(__half const*, __half const*, float*, float*, int, int, int, long, int)",1595,42187561838556,42187562919753,0,25088,256,1,1,16384,1,4
"KERNEL_DISPATCH",4,2,82,"tile_fp16_reduce(float const*, float*, int, int)",1596,42187562919753,42187562970124,0,0,256,1,1,131072,1,1
"KERNEL_DISPATCH",4,2,33,"void dequantize_block_iq3_s<__half>(void const*, __half*)",1597,42187562996790,42187563332201,0,0,32,1,1,2621440,1,1
"KERNEL_DISPATCH",4,2,35,"void convert_unary<float, __half>(void const*, __half*, long, long, long, HIP_vector_type<unsigned int, 3u>, long, long, long)",1598,42187563332201,42187563358720,0,0,256,1,1,655360,1,1
"KERNEL_DISPATCH",4,2,79,"void tile_fp16_gemm<128, 64, 4, 8, 32, false>(__half const*, __half const*, float*, float*, int, int, int, long, int)",1599,42187563358720,42187564286433,0,25088,256,1,1,16384,1,4
"KERNEL_DISPATCH",4,2,82,"tile_fp16_reduce(float const*, float*, int, int)",1600,42187564286433,42187564355471,0,0,256,1,1,131072,1,1
"KERNEL_DISPATCH",4,2,33,"void dequantize_block_iq3_s<__half>(void const*, __half*)",1601,42187564378434,42187564670437,0,0,32,1,1,2621440,1,1
"KERNEL_DISPATCH",4,2,35,"void convert_unary<float, __half>(void const*, __half*, long, long, long, HIP_vector_type<unsigned int, 3u>, long, long, long)",1602,42187564670437,42187564689845,0,0,256,1,1,655360,1,1
"KERNEL_DISPATCH",4,2,79,"void tile_fp16_gemm<128, 64, 4, 8, 32, false>(__half const*, __half const*, float*, float*, int, int, int, long, int)",1603,42187564689845,42187565687781,0,25088,256,1,1,16384,1,4
"KERNEL_DISPATCH",4,2,82,"tile_fp16_reduce(float const*, float*, int, int)",1604,42187565687781,42187565765856,0,0,256,1,1,131072,1,1
"KERNEL_DISPATCH",4,2,33,"void dequantize_block_iq3_s<__half>(void const*, __half*)",1605,42187565794153,42187566129564,0,0,32,1,1,2621440,1,1
"KERNEL_DISPATCH",4,2,35,"void convert_unary<float, __half>(void const*, __half*, long, long, long, HIP_vector_type<unsigned int, 3u>, long, long, long)",1606,42187566129564,42187566156082,0,0,256,1,1,655360,1,1
"KERNEL_DISPATCH",4,2,79,"void tile_fp16_gemm<128, 64, 4, 8, 32, false>(__half const*, __half const*, float*, float*, int, int, int, long, int)",1607,42187566156082,42187567123796,0,25088,256,1,1,16384,1,4
"KERNEL_DISPATCH",4,2,82,"tile_fp16_reduce(float const*, float*, int, int)",1608,42187567123796,42187567192834,0,0,256,1,1,131072,1,1
"KERNEL_DISPATCH",4,2,33,"void dequantize_block_iq3_s<__half>(void const*, __half*)",1609,42187567215204,42187567491948,0,0,32,1,1,2621440,1,1
"KERNEL_DISPATCH",4,2,35,"void convert_unary<float, __half>(void const*, __half*, long, long, long, HIP_vector_type<unsigned int, 3u>, long, long, long)",1610,42187567491948,42187567509726,0,0,256,1,1,655360,1,1
"KERNEL_DISPATCH",4,2,79,"void tile_fp16_gemm<128, 64, 4, 8, 32, false>(__half const*, __half const*, float*, float*, int, int, int, long, int)",1611,42187567509726,42187568371957,0,25088,256,1,1,16384,1,4
"KERNEL_DISPATCH",4,2,82,"tile_fp16_reduce(float const*, float*, int, int)",1612,42187568371957,42187568440402,0,0,256,1,1,131072,1,1
"KERNEL_DISPATCH",4,2,33,"void dequantize_block_iq3_s<__half>(void const*, __half*)",1613,42187568464995,42187568756702,0,0,32,1,1,2621440,1,1
"KERNEL_DISPATCH",4,2,35,"void convert_unary<float, __half>(void const*, __half*, long, long, long, HIP_vector_type<unsigned int, 3u>, long, long, long)",1614,42187568756702,42187568776406,0,0,256,1,1,655360,1,1
"KERNEL_DISPATCH",4,2,79,"void tile_fp16_gemm<128, 64, 4, 8, 32, false>(__half const*, __half const*, float*, float*, int, int, int, long, int)",1615,42187568776406,42187569745305,0,25088,256,1,1,16384,1,4
"KERNEL_DISPATCH",4,2,82,"tile_fp16_reduce(float const*, float*, int, int)",1616,42187569745305,42187569823972,0,0,256,1,1,131072,1,1
"KERNEL_DISPATCH",4,2,33,"void dequantize_block_iq3_s<__half>(void const*, __half*)",1617,42187569850491,42187570186198,0,0,32,1,1,2621440,1,1
"KERNEL_DISPATCH",4,2,35,"void convert_unary<float, __half>(void const*, __half*, long, long, long, HIP_vector_type<unsigned int, 3u>, long, long, long)",1618,42187570186198,42187570212717,0,0,256,1,1,655360,1,1
"KERNEL_DISPATCH",4,2,79,"void tile_fp16_gemm<128, 64, 4, 8, 32, false>(__half const*, __half const*, float*, float*, int, int, int, long, int)",1619,42187570212717,42187571168134,0,25088,256,1,1,16384,1,4
"KERNEL_DISPATCH",4,2,82,"tile_fp16_reduce(float const*, float*, int, int)",1620,42187571168134,42187571236579,0,0,256,1,1,131072,1,1
"KERNEL_DISPATCH",4,2,33,"void dequantize_block_iq3_s<__half>(void const*, __half*)",1621,42187571260728,42187571532731,0,0,32,1,1,2621440,1,1
"KERNEL_DISPATCH",4,2,35,"void convert_unary<float, __half>(void const*, __half*, long, long, long, HIP_vector_type<unsigned int, 3u>, long, long, long)",1622,42187571532731,42187571550360,0,0,256,1,1,655360,1,1
"KERNEL_DISPATCH",4,2,79,"void tile_fp16_gemm<128, 64, 4, 8, 32, false>(__half const*, __half const*, float*, float*, int, int, int, long, int)",1623,42187571550360,42187572435999,0,25088,256,1,1,16384,1,4
"KERNEL_DISPATCH",4,2,82,"tile_fp16_reduce(float const*, float*, int, int)",1624,42187572435999,42187572504741,0,0,256,1,1,131072,1,1
"KERNEL_DISPATCH",4,2,33,"void dequantize_block_iq3_s<__half>(void const*, __half*)",1625,42187572527407,42187572819262,0,0,32,1,1,2621440,1,1
"KERNEL_DISPATCH",4,2,35,"void convert_unary<float, __half>(void const*, __half*, long, long, long, HIP_vector_type<unsigned int, 3u>, long, long, long)",1626,42187572819262,42187572839114,0,0,256,1,1,655360,1,1
"KERNEL_DISPATCH",4,2,79,"void tile_fp16_gemm<128, 64, 4, 8, 32, false>(__half const*, __half const*, float*, float*, int, int, int, long, int)",1627,42187572839114,42187573877347,0,25088,256,1,1,16384,1,4
"KERNEL_DISPATCH",4,2,82,"tile_fp16_reduce(float const*, float*, int, int)",1628,42187573877347,42187573955126,0,0,256,1,1,131072,1,1
"KERNEL_DISPATCH",4,2,33,"void dequantize_block_iq3_s<__half>(void const*, __half*)",1629,42187573983274,42187574318833,0,0,32,1,1,2621440,1,1
"KERNEL_DISPATCH",4,2,35,"void convert_unary<float, __half>(void const*, __half*, long, long, long, HIP_vector_type<unsigned int, 3u>, long, long, long)",1630,42187574318833,42187574345352,0,0,256,1,1,655360,1,1
"KERNEL_DISPATCH",4,2,79,"void tile_fp16_gemm<128, 64, 4, 8, 32, false>(__half const*, __half const*, float*, float*, int, int, int, long, int)",1631,42187574345352,42187575274991,0,25088,256,1,1,16384,1,4
"KERNEL_DISPATCH",4,2,82,"tile_fp16_reduce(float const*, float*, int, int)",1632,42187575274991,42187575344029,0,0,256,1,1,131072,1,1
"KERNEL_DISPATCH",4,2,33,"void dequantize_block_iq3_s<__half>(void const*, __half*)",1633,42187575366992,42187575658995,0,0,32,1,1,2621440,1,1
"KERNEL_DISPATCH",4,2,35,"void convert_unary<float, __half>(void const*, __half*, long, long, long, HIP_vector_type<unsigned int, 3u>, long, long, long)",1634,42187575658995,42187575678847,0,0,256,1,1,655360,1,1
"KERNEL_DISPATCH",4,2,79,"void tile_fp16_gemm<128, 64, 4, 8, 32, false>(__half const*, __half const*, float*, float*, int, int, int, long, int)",1635,42187575678847,42187576615746,0,25088,256,1,1,16384,1,4
"KERNEL_DISPATCH",4,2,82,"tile_fp16_reduce(float const*, float*, int, int)",1636,42187576615746,42187576684339,0,0,256,1,1,131072,1,1
"KERNEL_DISPATCH",4,2,33,"void dequantize_block_iq3_s<__half>(void const*, __half*)",1637,42187576708340,42187577000343,0,0,32,1,1,2621440,1,1
"KERNEL_DISPATCH",4,2,35,"void convert_unary<float, __half>(void const*, __half*, long, long, long, HIP_vector_type<unsigned int, 3u>, long, long, long)",1638,42187577000343,42187577020047,0,0,256,1,1,655360,1,1
"KERNEL_DISPATCH",4,2,79,"void tile_fp16_gemm<128, 64, 4, 8, 32, false>(__half const*, __half const*, float*, float*, int, int, int, long, int)",1639,42187577020047,42187577937093,0,25088,256,1,1,16384,1,4
"KERNEL_DISPATCH",4,2,82,"tile_fp16_reduce(float const*, float*, int, int)",1640,42187577937093,42187578006279,0,0,256,1,1,131072,1,1
"KERNEL_DISPATCH",4,2,33,"void dequantize_block_iq3_s<__half>(void const*, __half*)",1641,42187578029094,42187578317690,0,0,32,1,1,2621440,1,1
"KERNEL_DISPATCH",4,2,35,"void convert_unary<float, __half>(void const*, __half*, long, long, long, HIP_vector_type<unsigned int, 3u>, long, long, long)",1642,42187578317690,42187578347468,0,0,256,1,1,655360,1,1
"KERNEL_DISPATCH",4,2,79,"void tile_fp16_gemm<128, 64, 4, 8, 32, false>(__half const*, __half const*, float*, float*, int, int, int, long, int)",1643,42187578347468,42187579204217,0,25088,256,1,1,16384,1,4
"KERNEL_DISPATCH",4,2,82,"tile_fp16_reduce(float const*, float*, int, int)",1644,42187579204217,42187579268218,0,0,256,1,1,131072,1,1
"KERNEL_DISPATCH",4,2,33,"void dequantize_block_iq3_s<__half>(void const*, __half*)",1645,42187579291774,42187579589999,0,0,32,1,1,2621440,1,1
"KERNEL_DISPATCH",4,2,35,"void convert_unary<float, __half>(void const*, __half*, long, long, long, HIP_vector_type<unsigned int, 3u>, long, long, long)",1646,42187579589999,42187579609703,0,0,256,1,1,655360,1,1
"KERNEL_DISPATCH",4,2,79,"void tile_fp16_gemm<128, 64, 4, 8, 32, false>(__half const*, __half const*, float*, float*, int, int, int, long, int)",1647,42187579609703,42187580652677,0,25088,256,1,1,16384,1,4
"KERNEL_DISPATCH",4,2,82,"tile_fp16_reduce(float const*, float*, int, int)",1648,42187580652677,42187580731344,0,0,256,1,1,131072,1,1
"KERNEL_DISPATCH",4,2,33,"void dequantize_block_iq3_s<__half>(void const*, __half*)",1649,42187580758011,42187581093570,0,0,32,1,1,2621440,1,1
"KERNEL_DISPATCH",4,2,35,"void convert_unary<float, __half>(void const*, __half*, long, long, long, HIP_vector_type<unsigned int, 3u>, long, long, long)",1650,42187581093570,42187581119644,0,0,256,1,1,655360,1,1
"KERNEL_DISPATCH",4,2,79,"void tile_fp16_gemm<128, 64, 4, 8, 32, false>(__half const*, __half const*, float*, float*, int, int, int, long, int)",1651,42187581119644,42187582115358,0,25088,256,1,1,16384,1,4
"KERNEL_DISPATCH",4,2,82,"tile_fp16_reduce(float const*, float*, int, int)",1652,42187582115358,42187582184100,0,0,256,1,1,131072,1,1
"KERNEL_DISPATCH",4,2,33,"void dequantize_block_iq3_s<__half>(void const*, __half*)",1653,42187582208100,42187582485733,0,0,32,1,1,2621440,1,1
"KERNEL_DISPATCH",4,2,35,"void convert_unary<float, __half>(void const*, __half*, long, long, long, HIP_vector_type<unsigned int, 3u>, long, long, long)",1654,42187582485733,42187582503362,0,0,256,1,1,655360,1,1
"KERNEL_DISPATCH",4,2,79,"void tile_fp16_gemm<128, 64, 4, 8, 32, false>(__half const*, __half const*, float*, float*, int, int, int, long, int)",1655,42187582503362,42187583346186,0,25088,256,1,1,16384,1,4
"KERNEL_DISPATCH",4,2,82,"tile_fp16_reduce(float const*, float*, int, int)",1656,42187583346186,42187583414927,0,0,256,1,1,131072,1,1
"KERNEL_DISPATCH",4,2,33,"void dequantize_block_iq3_s<__half>(void const*, __half*)",1657,42187583438039,42187583730634,0,0,32,1,1,2621440,1,1
"KERNEL_DISPATCH",4,2,35,"void convert_unary<float, __half>(void const*, __half*, long, long, long, HIP_vector_type<unsigned int, 3u>, long, long, long)",1658,42187583730634,42187583750190,0,0,256,1,1,655360,1,1
"KERNEL_DISPATCH",4,2,79,"void tile_fp16_gemm<128, 64, 4, 8, 32, false>(__half const*, __half const*, float*, float*, int, int, int, long, int)",1659,42187583750190,42187584718348,0,25088,256,1,1,16384,1,4
"KERNEL_DISPATCH",4,2,82,"tile_fp16_reduce(float const*, float*, int, int)",1660,42187584718348,42187584796720,0,0,256,1,1,131072,1,1
"KERNEL_DISPATCH",4,2,33,"void dequantize_block_iq3_s<__half>(void const*, __half*)",1661,42187584825016,42187585160723,0,0,32,1,1,2621440,1,1
"KERNEL_DISPATCH",4,2,35,"void convert_unary<float, __half>(void const*, __half*, long, long, long, HIP_vector_type<unsigned int, 3u>, long, long, long)",1662,42187585160723,42187585187390,0,0,256,1,1,655360,1,1
"KERNEL_DISPATCH",4,2,79,"void tile_fp16_gemm<128, 64, 4, 8, 32, false>(__half const*, __half const*, float*, float*, int, int, int, long, int)",1663,42187585187390,42187586170215,0,25088,256,1,1,16384,1,4
"KERNEL_DISPATCH",4,2,82,"tile_fp16_reduce(float const*, float*, int, int)",1664,42187586170215,42187586239253,0,0,256,1,1,131072,1,1
"KERNEL_DISPATCH",4,2,33,"void dequantize_block_iq3_s<__half>(void const*, __half*)",1665,42187586262661,42187586554515,0,0,32,1,1,2621440,1,1
"KERNEL_DISPATCH",4,2,35,"void convert_unary<float, __half>(void const*, __half*, long, long, long, HIP_vector_type<unsigned int, 3u>, long, long, long)",1666,42187586554515,42187586574071,0,0,256,1,1,655360,1,1
"KERNEL_DISPATCH",4,2,79,"void tile_fp16_gemm<128, 64, 4, 8, 32, false>(__half const*, __half const*, float*, float*, int, int, int, long, int)",1667,42187586574071,42187587488155,0,25088,256,1,1,16384,1,4
"KERNEL_DISPATCH",4,2,82,"tile_fp16_reduce(float const*, float*, int, int)",1668,42187587488155,42187587556600,0,0,256,1,1,131072,1,1
"KERNEL_DISPATCH",4,2,33,"void dequantize_block_iq3_s<__half>(void const*, __half*)",1669,42187587580896,42187587872899,0,0,32,1,1,2621440,1,1
"KERNEL_DISPATCH",4,2,35,"void convert_unary<float, __half>(void const*, __half*, long, long, long, HIP_vector_type<unsigned int, 3u>, long, long, long)",1670,42187587872899,42187587892455,0,0,256,1,1,655360,1,1
"KERNEL_DISPATCH",4,2,79,"void tile_fp16_gemm<128, 64, 4, 8, 32, false>(__half const*, __half const*, float*, float*, int, int, int, long, int)",1671,42187587892455,42187588825057,0,25088,256,1,1,16384,1,4
"KERNEL_DISPATCH",4,2,82,"tile_fp16_reduce(float const*, float*, int, int)",1672,42187588825057,42187588893799,0,0,256,1,1,131072,1,1
"KERNEL_DISPATCH",4,2,33,"void dequantize_block_iq3_s<__half>(void const*, __half*)",1673,42187588916762,42187589208469,0,0,32,1,1,2621440,1,1
"KERNEL_DISPATCH",4,2,35,"void convert_unary<float, __half>(void const*, __half*, long, long, long, HIP_vector_type<unsigned int, 3u>, long, long, long)",1674,42187589208469,42187589228173,0,0,256,1,1,655360,1,1
"KERNEL_DISPATCH",4,2,79,"void tile_fp16_gemm<128, 64, 4, 8, 32, false>(__half const*, __half const*, float*, float*, int, int, int, long, int)",1675,42187589228173,42187590078848,0,25088,256,1,1,16384,1,4
"KERNEL_DISPATCH",4,2,82,"tile_fp16_reduce(float const*, float*, int, int)",1676,42187590078848,42187590140627,0,0,256,1,1,131072,1,1
"KERNEL_DISPATCH",4,2,33,"void dequantize_block_iq3_s<__half>(void const*, __half*)",1677,42187590162849,42187590424481,0,0,32,1,1,2621440,1,1
"KERNEL_DISPATCH",4,2,35,"void convert_unary<float, __half>(void const*, __half*, long, long, long, HIP_vector_type<unsigned int, 3u>, long, long, long)",1678,42187590424481,42187590442408,0,0,256,1,1,655360,1,1
"KERNEL_DISPATCH",4,2,79,"void tile_fp16_gemm<128, 64, 4, 8, 32, false>(__half const*, __half const*, float*, float*, int, int, int, long, int)",1679,42187590442408,42187591309083,0,25088,256,1,1,16384,1,4
"KERNEL_DISPATCH",4,2,82,"tile_fp16_reduce(float const*, float*, int, int)",1680,42187591309083,42187591380343,0,0,256,1,1,131072,1,1
"KERNEL_DISPATCH",4,2,33,"void dequantize_block_iq3_s<__half>(void const*, __half*)",1681,42187591403158,42187591695161,0,0,32,1,1,2621440,1,1
"KERNEL_DISPATCH",4,2,35,"void convert_unary<float, __half>(void const*, __half*, long, long, long, HIP_vector_type<unsigned int, 3u>, long, long, long)",1682,42187591695161,42187591714865,0,0,256,1,1,655360,1,1
"KERNEL_DISPATCH",4,2,79,"void tile_fp16_gemm<128, 64, 4, 8, 32, false>(__half const*, __half const*, float*, float*, int, int, int, long, int)",1683,42187591714865,42187592746728,0,25088,256,1,1,16384,1,4
"KERNEL_DISPATCH",4,2,82,"tile_fp16_reduce(float const*, float*, int, int)",1684,42187592746728,42187592825247,0,0,256,1,1,131072,1,1
"KERNEL_DISPATCH",4,2,33,"void dequantize_block_iq3_s<__half>(void const*, __half*)",1685,42187592853247,42187593188806,0,0,32,1,1,2621440,1,1
"KERNEL_DISPATCH",4,2,35,"void convert_unary<float, __half>(void const*, __half*, long, long, long, HIP_vector_type<unsigned int, 3u>, long, long, long)",1686,42187593188806,42187593215325,0,0,256,1,1,655360,1,1
"KERNEL_DISPATCH",4,2,79,"void tile_fp16_gemm<128, 64, 4, 8, 32, false>(__half const*, __half const*, float*, float*, int, int, int, long, int)",1687,42187593215325,42187594170150,0,25088,256,1,1,16384,1,4
"KERNEL_DISPATCH",4,2,82,"tile_fp16_reduce(float const*, float*, int, int)",1688,42187594170150,42187594239336,0,0,256,1,1,131072,1,1
"KERNEL_DISPATCH",4,2,33,"void dequantize_block_iq3_s<__half>(void const*, __half*)",1689,42187594262891,42187594555191,0,0,32,1,1,2621440,1,1
"KERNEL_DISPATCH",4,2,35,"void convert_unary<float, __half>(void const*, __half*, long, long, long, HIP_vector_type<unsigned int, 3u>, long, long, long)",1690,42187594555191,42187594574747,0,0,256,1,1,655360,1,1
"KERNEL_DISPATCH",4,2,79,"void tile_fp16_gemm<128, 64, 4, 8, 32, false>(__half const*, __half const*, float*, float*, int, int, int, long, int)",1691,42187594574747,42187595492534,0,25088,256,1,1,16384,1,4
"KERNEL_DISPATCH",4,2,82,"tile_fp16_reduce(float const*, float*, int, int)",1692,42187595492534,42187595561127,0,0,256,1,1,131072,1,1
"KERNEL_DISPATCH",4,2,33,"void dequantize_block_iq3_s<__half>(void const*, __half*)",1693,42187595585868,42187595878019,0,0,32,1,1,2621440,1,1
"KERNEL_DISPATCH",4,2,35,"void convert_unary<float, __half>(void const*, __half*, long, long, long, HIP_vector_type<unsigned int, 3u>, long, long, long)",1694,42187595878019,42187595897427,0,0,256,1,1,655360,1,1
"KERNEL_DISPATCH",4,2,79,"void tile_fp16_gemm<128, 64, 4, 8, 32, false>(__half const*, __half const*, float*, float*, int, int, int, long, int)",1695,42187595897427,42187596821288,0,25088,256,1,1,16384,1,4
"KERNEL_DISPATCH",4,2,82,"tile_fp16_reduce(float const*, float*, int, int)",1696,42187596821288,42187596890178,0,0,256,1,1,131072,1,1
"KERNEL_DISPATCH",4,2,33,"void dequantize_block_iq3_s<__half>(void const*, __half*)",1697,42187596912993,42187597205144,0,0,32,1,1,2621440,1,1
"KERNEL_DISPATCH",4,2,35,"void convert_unary<float, __half>(void const*, __half*, long, long, long, HIP_vector_type<unsigned int, 3u>, long, long, long)",1698,42187597205144,42187597224996,0,0,256,1,1,655360,1,1
"KERNEL_DISPATCH",4,2,79,"void tile_fp16_gemm<128, 64, 4, 8, 32, false>(__half const*, __half const*, float*, float*, int, int, int, long, int)",1699,42187597224996,42187598080857,0,25088,256,1,1,16384,1,4
"KERNEL_DISPATCH",4,2,82,"tile_fp16_reduce(float const*, float*, int, int)",1700,42187598080857,42187598142635,0,0,256,1,1,131072,1,1
"KERNEL_DISPATCH",4,2,33,"void dequantize_block_iq3_s<__half>(void const*, __half*)",1701,42187598165056,42187598417799,0,0,32,1,1,2621440,1,1
"KERNEL_DISPATCH",4,2,35,"void convert_unary<float, __half>(void const*, __half*, long, long, long, HIP_vector_type<unsigned int, 3u>, long, long, long)",1702,42187598417799,42187598434983,0,0,256,1,1,655360,1,1
"KERNEL_DISPATCH",4,2,79,"void tile_fp16_gemm<128, 64, 4, 8, 32, false>(__half const*, __half const*, float*, float*, int, int, int, long, int)",1703,42187598434983,42187599262251,0,25088,256,1,1,16384,1,4
"KERNEL_DISPATCH",4,2,82,"tile_fp16_reduce(float const*, float*, int, int)",1704,42187599262251,42187599324770,0,0,256,1,1,131072,1,1
"KERNEL_DISPATCH",4,2,33,"void dequantize_block_iq3_s<__half>(void const*, __half*)",1705,42187599345956,42187599607884,0,0,32,1,1,2621440,1,1
"KERNEL_DISPATCH",4,2,35,"void convert_unary<float, __half>(void const*, __half*, long, long, long, HIP_vector_type<unsigned int, 3u>, long, long, long)",1706,42187599607884,42187599625366,0,0,256,1,1,655360,1,1
"KERNEL_DISPATCH",4,2,79,"void tile_fp16_gemm<128, 64, 4, 8, 32, false>(__half const*, __half const*, float*, float*, int, int, int, long, int)",1707,42187599625366,42187600506264,0,25088,256,1,1,16384,1,4
"KERNEL_DISPATCH",4,2,82,"tile_fp16_reduce(float const*, float*, int, int)",1708,42187600506264,42187600576042,0,0,256,1,1,131072,1,1
"KERNEL_DISPATCH",4,2,33,"void dequantize_block_iq3_s<__half>(void const*, __half*)",1709,42187600599746,42187600891601,0,0,32,1,1,2621440,1,1
"KERNEL_DISPATCH",4,2,35,"void convert_unary<float, __half>(void const*, __half*, long, long, long, HIP_vector_type<unsigned int, 3u>, long, long, long)",1710,42187600891601,42187600911157,0,0,256,1,1,655360,1,1
"KERNEL_DISPATCH",4,2,79,"void tile_fp16_gemm<128, 64, 4, 8, 32, false>(__half const*, __half const*, float*, float*, int, int, int, long, int)",1711,42187600911157,42187602015465,0,25088,256,1,1,16384,1,4
"KERNEL_DISPATCH",4,2,82,"tile_fp16_reduce(float const*, float*, int, int)",1712,42187602015465,42187602065539,0,0,256,1,1,131072,1,1
"KERNEL_DISPATCH",4,2,33,"void dequantize_block_iq3_s<__half>(void const*, __half*)",1713,42187602091614,42187602423469,0,0,32,1,1,2621440,1,1
"KERNEL_DISPATCH",4,2,35,"void convert_unary<float, __half>(void const*, __half*, long, long, long, HIP_vector_type<unsigned int, 3u>, long, long, long)",1714,42187602423469,42187602443173,0,0,256,1,1,655360,1,1
"KERNEL_DISPATCH",4,2,79,"void tile_fp16_gemm<128, 64, 4, 8, 32, false>(__half const*, __half const*, float*, float*, int, int, int, long, int)",1715,42187602443173,42187603392664,0,25088,256,1,1,16384,1,4
"KERNEL_DISPATCH",4,2,82,"tile_fp16_reduce(float const*, float*, int, int)",1716,42187603392664,42187603471332,0,0,256,1,1,131072,1,1
"KERNEL_DISPATCH",4,2,33,"void dequantize_block_iq3_s<__half>(void const*, __half*)",1717,42187603497999,42187603833261,0,0,32,1,1,2621440,1,1
"KERNEL_DISPATCH",4,2,35,"void convert_unary<float, __half>(void const*, __half*, long, long, long, HIP_vector_type<unsigned int, 3u>, long, long, long)",1718,42187603833261,42187603930744,0,0,256,1,1,655360,1,1
"KERNEL_DISPATCH",4,2,79,"void tile_fp16_gemm<128, 64, 4, 8, 32, false>(__half const*, __half const*, float*, float*, int, int, int, long, int)",1719,42187603930744,42187604971347,0,25088,256,1,1,16384,1,4
"KERNEL_DISPATCH",4,2,82,"tile_fp16_reduce(float const*, float*, int, int)",1720,42187604971347,42187605040237,0,0,256,1,1,131072,1,1
"KERNEL_DISPATCH",4,2,33,"void dequantize_block_iq3_s<__half>(void const*, __half*)",1721,42187605063200,42187605355795,0,0,32,1,1,2621440,1,1
"KERNEL_DISPATCH",4,2,35,"void convert_unary<float, __half>(void const*, __half*, long, long, long, HIP_vector_type<unsigned int, 3u>, long, long, long)",1722,42187605355795,42187605373425,0,0,256,1,1,655360,1,1
"KERNEL_DISPATCH",4,2,79,"void tile_fp16_gemm<128, 64, 4, 8, 32, false>(__half const*, __half const*, float*, float*, int, int, int, long, int)",1723,42187605373425,42187606193434,0,25088,256,1,1,16384,1,4
"KERNEL_DISPATCH",4,2,82,"tile_fp16_reduce(float const*, float*, int, int)",1724,42187606193434,42187606255657,0,0,256,1,1,131072,1,1
"KERNEL_DISPATCH",4,2,33,"void dequantize_block_iq3_s<__half>(void const*, __half*)",1725,42187606279657,42187606579364,0,0,32,1,1,2621440,1,1
"KERNEL_DISPATCH",4,2,35,"void convert_unary<float, __half>(void const*, __half*, long, long, long, HIP_vector_type<unsigned int, 3u>, long, long, long)",1726,42187606579364,42187606599068,0,0,256,1,1,655360,1,1
"KERNEL_DISPATCH",4,2,79,"void tile_fp16_gemm<128, 64, 4, 8, 32, false>(__half const*, __half const*, float*, float*, int, int, int, long, int)",1727,42187606599068,42187607586189,0,25088,256,1,1,16384,1,4
"KERNEL_DISPATCH",4,2,82,"tile_fp16_reduce(float const*, float*, int, int)",1728,42187607586189,42187607665153,0,0,256,1,1,131072,1,1
"KERNEL_DISPATCH",4,2,33,"void dequantize_block_iq3_s<__half>(void const*, __half*)",1729,42187607691820,42187608027231,0,0,32,1,1,2621440,1,1
"KERNEL_DISPATCH",4,2,35,"void convert_unary<float, __half>(void const*, __half*, long, long, long, HIP_vector_type<unsigned int, 3u>, long, long, long)",1730,42187608027231,42187608054786,0,0,256,1,1,655360,1,1
"KERNEL_DISPATCH",4,2,79,"void tile_fp16_gemm<128, 64, 4, 8, 32, false>(__half const*, __half const*, float*, float*, int, int, int, long, int)",1731,42187608054786,42187609057463,0,25088,256,1,1,16384,1,4
"KERNEL_DISPATCH",4,2,82,"tile_fp16_reduce(float const*, float*, int, int)",1732,42187609057463,42187609126057,0,0,256,1,1,131072,1,1
"KERNEL_DISPATCH",4,2,33,"void dequantize_block_iq3_s<__half>(void const*, __half*)",1733,42187609150650,42187609434356,0,0,32,1,1,2621440,1,1
"KERNEL_DISPATCH",4,2,35,"void convert_unary<float, __half>(void const*, __half*, long, long, long, HIP_vector_type<unsigned int, 3u>, long, long, long)",1734,42187609434356,42187609451838,0,0,256,1,1,655360,1,1
"KERNEL_DISPATCH",4,2,79,"void tile_fp16_gemm<128, 64, 4, 8, 32, false>(__half const*, __half const*, float*, float*, int, int, int, long, int)",1735,42187609451838,42187610314662,0,25088,256,1,1,16384,1,4
"KERNEL_DISPATCH",4,2,82,"tile_fp16_reduce(float const*, float*, int, int)",1736,42187610314662,42187610383403,0,0,256,1,1,131072,1,1
"KERNEL_DISPATCH",4,2,33,"void dequantize_block_iq3_s<__half>(void const*, __half*)",1737,42187610406366,42187610698814,0,0,32,1,1,2621440,1,1
"KERNEL_DISPATCH",4,2,35,"void convert_unary<float, __half>(void const*, __half*, long, long, long, HIP_vector_type<unsigned int, 3u>, long, long, long)",1738,42187610698814,42187610718369,0,0,256,1,1,655360,1,1
"KERNEL_DISPATCH",4,2,79,"void tile_fp16_gemm<128, 64, 4, 8, 32, false>(__half const*, __half const*, float*, float*, int, int, int, long, int)",1739,42187610718369,42187611745047,0,25088,256,1,1,16384,1,4
"KERNEL_DISPATCH",4,2,82,"tile_fp16_reduce(float const*, float*, int, int)",1740,42187611745047,42187611823270,0,0,256,1,1,131072,1,1
"KERNEL_DISPATCH",4,2,33,"void dequantize_block_iq3_s<__half>(void const*, __half*)",1741,42187611851122,42187612186681,0,0,32,1,1,2621440,1,1
"KERNEL_DISPATCH",4,2,35,"void convert_unary<float, __half>(void const*, __half*, long, long, long, HIP_vector_type<unsigned int, 3u>, long, long, long)",1742,42187612186681,42187612213052,0,0,256,1,1,655360,1,1
"KERNEL_DISPATCH",4,2,79,"void tile_fp16_gemm<128, 64, 4, 8, 32, false>(__half const*, __half const*, float*, float*, int, int, int, long, int)",1743,42187612213052,42187613190099,0,25088,256,1,1,16384,1,4
"KERNEL_DISPATCH",4,2,82,"tile_fp16_reduce(float const*, float*, int, int)",1744,42187613190099,42187613258840,0,0,256,1,1,131072,1,1
"KERNEL_DISPATCH",4,2,33,"void dequantize_block_iq3_s<__half>(void const*, __half*)",1745,42187613282100,42187613574547,0,0,32,1,1,2621440,1,1
"KERNEL_DISPATCH",4,2,35,"void convert_unary<float, __half>(void const*, __half*, long, long, long, HIP_vector_type<unsigned int, 3u>, long, long, long)",1746,42187613574547,42187613594103,0,0,256,1,1,655360,1,1
"KERNEL_DISPATCH",4,2,79,"void tile_fp16_gemm<128, 64, 4, 8, 32, false>(__half const*, __half const*, float*, float*, int, int, int, long, int)",1747,42187613594103,42187614521668,0,25088,256,1,1,16384,1,4
"KERNEL_DISPATCH",4,2,82,"tile_fp16_reduce(float const*, float*, int, int)",1748,42187614521668,42187614590261,0,0,256,1,1,131072,1,1
"KERNEL_DISPATCH",4,2,33,"void dequantize_block_iq3_s<__half>(void const*, __half*)",1749,42187614614262,42187614906116,0,0,32,1,1,2621440,1,1
"KERNEL_DISPATCH",4,2,35,"void convert_unary<float, __half>(void const*, __half*, long, long, long, HIP_vector_type<unsigned int, 3u>, long, long, long)",1750,42187614906116,42187614925820,0,0,256,1,1,655360,1,1
"KERNEL_DISPATCH",4,2,79,"void tile_fp16_gemm<128, 64, 4, 8, 32, false>(__half const*, __half const*, float*, float*, int, int, int, long, int)",1751,42187614925820,42187615807311,0,25088,256,1,1,16384,1,4
"KERNEL_DISPATCH",4,2,82,"tile_fp16_reduce(float const*, float*, int, int)",1752,42187615807311,42187615869386,0,0,256,1,1,131072,1,1
"KERNEL_DISPATCH",4,2,33,"void dequantize_block_iq3_s<__half>(void const*, __half*)",1753,42187615890719,42187616152352,0,0,32,1,1,2621440,1,1
"KERNEL_DISPATCH",4,2,35,"void convert_unary<float, __half>(void const*, __half*, long, long, long, HIP_vector_type<unsigned int, 3u>, long, long, long)",1754,42187616152352,42187616169981,0,0,256,1,1,655360,1,1
"KERNEL_DISPATCH",4,2,79,"void tile_fp16_gemm<128, 64, 4, 8, 32, false>(__half const*, __half const*, float*, float*, int, int, int, long, int)",1755,42187616169981,42187617010138,0,25088,256,1,1,16384,1,4
"KERNEL_DISPATCH",4,2,82,"tile_fp16_reduce(float const*, float*, int, int)",1756,42187617010138,42187617071917,0,0,256,1,1,131072,1,1
"KERNEL_DISPATCH",4,2,33,"void dequantize_block_iq3_s<__half>(void const*, __half*)",1757,42187617094139,42187617351179,0,0,32,1,1,2621440,1,1
"KERNEL_DISPATCH",4,2,35,"void convert_unary<float, __half>(void const*, __half*, long, long, long, HIP_vector_type<unsigned int, 3u>, long, long, long)",1758,42187617351179,42187617368660,0,0,256,1,1,655360,1,1
"KERNEL_DISPATCH",4,2,79,"void tile_fp16_gemm<128, 64, 4, 8, 32, false>(__half const*, __half const*, float*, float*, int, int, int, long, int)",1759,42187617368660,42187618203632,0,25088,256,1,1,16384,1,4
"KERNEL_DISPATCH",4,2,82,"tile_fp16_reduce(float const*, float*, int, int)",1760,42187618203632,42187618262151,0,0,256,1,1,131072,1,1
"KERNEL_DISPATCH",4,2,33,"void dequantize_block_iq3_s<__half>(void const*, __half*)",1761,42187618283040,42187618544673,0,0,32,1,1,2621440,1,1
"KERNEL_DISPATCH",4,2,35,"void convert_unary<float, __half>(void const*, __half*, long, long, long, HIP_vector_type<unsigned int, 3u>, long, long, long)",1762,42187618544673,42187618562302,0,0,256,1,1,655360,1,1
"KERNEL_DISPATCH",4,2,79,"void tile_fp16_gemm<128, 64, 4, 8, 32, false>(__half const*, __half const*, float*, float*, int, int, int, long, int)",1763,42187618562302,42187619449126,0,25088,256,1,1,16384,1,4
"KERNEL_DISPATCH",4,2,82,"tile_fp16_reduce(float const*, float*, int, int)",1764,42187619449126,42187619517423,0,0,256,1,1,131072,1,1
"KERNEL_DISPATCH",4,2,33,"void dequantize_block_iq3_s<__half>(void const*, __half*)",1765,42189886264680,42189886388978,0,0,32,1,1,1277952,1,1
"KERNEL_DISPATCH",4,2,35,"void convert_unary<float, __half>(void const*, __half*, long, long, long, HIP_vector_type<unsigned int, 3u>, long, long, long)",1766,42189886388978,42189886410903,0,0,256,1,1,786432,1,1
"KERNEL_DISPATCH",4,2,79,"void tile_fp16_gemm<128, 64, 4, 8, 32, false>(__half const*, __half const*, float*, float*, int, int, int, long, int)",1767,42189886410903,42189886860389,0,25088,256,1,1,6656,1,8
"KERNEL_DISPATCH",4,2,82,"tile_fp16_reduce(float const*, float*, int, int)",1768,42189886860389,42189886886019,0,0,256,1,1,53248,1,1
"KERNEL_DISPATCH",4,2,33,"void dequantize_block_iq3_s<__half>(void const*, __half*)",1769,42189887210911,42189887332097,0,0,32,1,1,1277952,1,1
"KERNEL_DISPATCH",4,2,35,"void convert_unary<float, __half>(void const*, __half*, long, long, long, HIP_vector_type<unsigned int, 3u>, long, long, long)",1770,42189887332097,42189887351505,0,0,256,1,1,786432,1,1
"KERNEL_DISPATCH",4,2,79,"void tile_fp16_gemm<128, 64, 4, 8, 32, false>(__half const*, __half const*, float*, float*, int, int, int, long, int)",1771,42189887351505,42189887790917,0,25088,256,1,1,6656,1,8
"KERNEL_DISPATCH",4,2,82,"tile_fp16_reduce(float const*, float*, int, int)",1772,42189887790917,42189887815658,0,0,256,1,1,53248,1,1
"KERNEL_DISPATCH",4,2,33,"void dequantize_block_iq3_s<__half>(void const*, __half*)",1773,42189887836547,42189887958030,0,0,32,1,1,1277952,1,1
"KERNEL_DISPATCH",4,2,35,"void convert_unary<float, __half>(void const*, __half*, long, long, long, HIP_vector_type<unsigned int, 3u>, long, long, long)",1774,42189887958030,42189887977437,0,0,256,1,1,786432,1,1
"KERNEL_DISPATCH",4,2,82,"tile_fp16_reduce(float const*, float*, int, int)",1776,42189888408701,42189888433442,0,0,256,1,1,53248,1,1
"KERNEL_DISPATCH",4,2,79,"void tile_fp16_gemm<128, 64, 4, 8, 32, false>(__half const*, __half const*, float*, float*, int, int, int, long, int)",1775,42189887977437,42189888408701,0,25088,256,1,1,6656,1,8
"KERNEL_DISPATCH",4,2,33,"void dequantize_block_iq3_s<__half>(void const*, __half*)",1777,42189888458331,42189888579518,0,0,32,1,1,1277952,1,1
"KERNEL_DISPATCH",4,2,35,"void convert_unary<float, __half>(void const*, __half*, long, long, long, HIP_vector_type<unsigned int, 3u>, long, long, long)",1778,42189888579518,42189888599222,0,0,256,1,1,786432,1,1
"KERNEL_DISPATCH",4,2,82,"tile_fp16_reduce(float const*, float*, int, int)",1780,42189889029893,42189889054338,0,0,256,1,1,53248,1,1
"KERNEL_DISPATCH",4,2,79,"void tile_fp16_gemm<128, 64, 4, 8, 32, false>(__half const*, __half const*, float*, float*, int, int, int, long, int)",1779,42189888599222,42189889029893,0,25088,256,1,1,6656,1,8
"KERNEL_DISPATCH",4,2,33,"void dequantize_block_iq3_s<__half>(void const*, __half*)",1781,42189889073153,42189889194635,0,0,32,1,1,1277952,1,1
"KERNEL_DISPATCH",4,2,35,"void convert_unary<float, __half>(void const*, __half*, long, long, long, HIP_vector_type<unsigned int, 3u>, long, long, long)",1782,42189889194635,42189889214635,0,0,256,1,1,786432,1,1
"KERNEL_DISPATCH",4,2,82,"tile_fp16_reduce(float const*, float*, int, int)",1784,42189889650788,42189889675677,0,0,256,1,1,53248,1,1
"KERNEL_DISPATCH",4,2,79,"void tile_fp16_gemm<128, 64, 4, 8, 32, false>(__half const*, __half const*, float*, float*, int, int, int, long, int)",1783,42189889214635,42189889650788,0,25088,256,1,1,6656,1,8
"KERNEL_DISPATCH",4,2,33,"void dequantize_block_iq3_s<__half>(void const*, __half*)",1785,42189889694937,42189889816420,0,0,32,1,1,1277952,1,1
"KERNEL_DISPATCH",4,2,35,"void convert_unary<float, __half>(void const*, __half*, long, long, long, HIP_vector_type<unsigned int, 3u>, long, long, long)",1786,42189889816420,42189889835975,0,0,256,1,1,786432,1,1
"KERNEL_DISPATCH",4,2,82,"tile_fp16_reduce(float const*, float*, int, int)",1788,42189890278350,42189890303091,0,0,256,1,1,53248,1,1
"KERNEL_DISPATCH",4,2,79,"void tile_fp16_gemm<128, 64, 4, 8, 32, false>(__half const*, __half const*, float*, float*, int, int, int, long, int)",1787,42189889835975,42189890278350,0,25088,256,1,1,6656,1,8
"KERNEL_DISPATCH",4,2,33,"void dequantize_block_iq3_s<__half>(void const*, __half*)",1789,42189890322351,42189890443685,0,0,32,1,1,1277952,1,1
"KERNEL_DISPATCH",4,2,35,"void convert_unary<float, __half>(void const*, __half*, long, long, long, HIP_vector_type<unsigned int, 3u>, long, long, long)",1790,42189890443685,42189890463241,0,0,256,1,1,786432,1,1
"KERNEL_DISPATCH",4,2,79,"void tile_fp16_gemm<128, 64, 4, 8, 32, false>(__half const*, __half const*, float*, float*, int, int, int, long, int)",1791,42189890463241,42189890904875,0,25088,256,1,1,6656,1,8
"KERNEL_DISPATCH",4,2,82,"tile_fp16_reduce(float const*, float*, int, int)",1792,42189890904875,42189890929616,0,0,256,1,1,53248,1,1
"KERNEL_DISPATCH",4,2,33,"void dequantize_block_iq3_s<__half>(void const*, __half*)",1793,42189890949468,42189891070655,0,0,32,1,1,1277952,1,1
"KERNEL_DISPATCH",4,2,35,"void convert_unary<float, __half>(void const*, __half*, long, long, long, HIP_vector_type<unsigned int, 3u>, long, long, long)",1794,42189891070655,42189891090655,0,0,256,1,1,786432,1,1
"KERNEL_DISPATCH",4,2,79,"void tile_fp16_gemm<128, 64, 4, 8, 32, false>(__half const*, __half const*, float*, float*, int, int, int, long, int)",1795,42189891090655,42189891530511,0,25088,256,1,1,6656,1,8
"KERNEL_DISPATCH",4,2,82,"tile_fp16_reduce(float const*, float*, int, int)",1796,42189891530511,42189891555400,0,0,256,1,1,53248,1,1
"KERNEL_DISPATCH",4,2,33,"void dequantize_block_iq3_s<__half>(void const*, __half*)",1797,42189891574216,42189891695550,0,0,32,1,1,1277952,1,1
"KERNEL_DISPATCH",4,2,35,"void convert_unary<float, __half>(void const*, __half*, long, long, long, HIP_vector_type<unsigned int, 3u>, long, long, long)",1798,42189891695550,42189891715106,0,0,256,1,1,786432,1,1
"KERNEL_DISPATCH",4,2,82,"tile_fp16_reduce(float const*, float*, int, int)",1800,42189892153925,42189892178370,0,0,256,1,1,53248,1,1
"KERNEL_DISPATCH",4,2,79,"void tile_fp16_gemm<128, 64, 4, 8, 32, false>(__half const*, __half const*, float*, float*, int, int, int, long, int)",1799,42189891715106,42189892153925,0,25088,256,1,1,6656,1,8
"KERNEL_DISPATCH",4,2,33,"void dequantize_block_iq3_s<__half>(void const*, __half*)",1801,42189892197481,42189892318816,0,0,32,1,1,1277952,1,1
"KERNEL_DISPATCH",4,2,35,"void convert_unary<float, __half>(void const*, __half*, long, long, long, HIP_vector_type<unsigned int, 3u>, long, long, long)",1802,42189892318816,42189892338223,0,0,256,1,1,786432,1,1
"KERNEL_DISPATCH",4,2,79,"void tile_fp16_gemm<128, 64, 4, 8, 32, false>(__half const*, __half const*, float*, float*, int, int, int, long, int)",1803,42189892338223,42189892769487,0,25088,256,1,1,6656,1,8
"KERNEL_DISPATCH",4,2,82,"tile_fp16_reduce(float const*, float*, int, int)",1804,42189892769487,42189892794524,0,0,256,1,1,53248,1,1
"KERNEL_DISPATCH",4,2,33,"void dequantize_block_iq3_s<__half>(void const*, __half*)",1805,42189892833192,42189892962378,0,0,32,1,1,1277952,1,1
"KERNEL_DISPATCH",4,2,35,"void convert_unary<float, __half>(void const*, __half*, long, long, long, HIP_vector_type<unsigned int, 3u>, long, long, long)",1806,42189892962378,42189892982823,0,0,256,1,1,786432,1,1
"KERNEL_DISPATCH",4,2,79,"void tile_fp16_gemm<128, 64, 4, 8, 32, false>(__half const*, __half const*, float*, float*, int, int, int, long, int)",1807,42189892982823,42189893409494,0,25088,256,1,1,6656,1,8
"KERNEL_DISPATCH",4,2,82,"tile_fp16_reduce(float const*, float*, int, int)",1808,42189893409494,42189893447272,0,0,256,1,1,53248,1,1
"KERNEL_DISPATCH",4,2,33,"void dequantize_block_iq3_s<__half>(void const*, __half*)",1809,42189893468161,42189893612311,0,0,32,1,1,1277952,1,1
"KERNEL_DISPATCH",4,2,35,"void convert_unary<float, __half>(void const*, __half*, long, long, long, HIP_vector_type<unsigned int, 3u>, long, long, long)",1810,42189893612311,42189893634978,0,0,256,1,1,786432,1,1
"KERNEL_DISPATCH",4,2,79,"void tile_fp16_gemm<128, 64, 4, 8, 32, false>(__half const*, __half const*, float*, float*, int, int, int, long, int)",1811,42189893634978,42189894097797,0,25088,256,1,1,6656,1,8
"KERNEL_DISPATCH",4,2,82,"tile_fp16_reduce(float const*, float*, int, int)",1812,42189894097797,42189894125946,0,0,256,1,1,53248,1,1
"KERNEL_DISPATCH",4,2,33,"void dequantize_block_iq3_s<__half>(void const*, __half*)",1813,42189894146983,42189894290984,0,0,32,1,1,1277952,1,1
"KERNEL_DISPATCH",4,2,35,"void convert_unary<float, __half>(void const*, __half*, long, long, long, HIP_vector_type<unsigned int, 3u>, long, long, long)",1814,42189894290984,42189894313948,0,0,256,1,1,786432,1,1
"KERNEL_DISPATCH",4,2,79,"void tile_fp16_gemm<128, 64, 4, 8, 32, false>(__half const*, __half const*, float*, float*, int, int, int, long, int)",1815,42189894313948,42189894752619,0,25088,256,1,1,6656,1,8
"KERNEL_DISPATCH",4,2,82,"tile_fp16_reduce(float const*, float*, int, int)",1816,42189894752619,42189894778101,0,0,256,1,1,53248,1,1
"KERNEL_DISPATCH",4,2,33,"void dequantize_block_iq3_s<__half>(void const*, __half*)",1817,42189894797656,42189894926843,0,0,32,1,1,1277952,1,1
"KERNEL_DISPATCH",4,2,35,"void convert_unary<float, __half>(void const*, __half*, long, long, long, HIP_vector_type<unsigned int, 3u>, long, long, long)",1818,42189894926843,42189894947288,0,0,256,1,1,786432,1,1
"KERNEL_DISPATCH",4,2,79,"void tile_fp16_gemm<128, 64, 4, 8, 32, false>(__half const*, __half const*, float*, float*, int, int, int, long, int)",1819,42189894947288,42189895375292,0,25088,256,1,1,6656,1,8
"KERNEL_DISPATCH",4,2,82,"tile_fp16_reduce(float const*, float*, int, int)",1820,42189895375292,42189895400477,0,0,256,1,1,53248,1,1
"KERNEL_DISPATCH",4,2,33,"void dequantize_block_iq3_s<__half>(void const*, __half*)",1821,42189895427292,42189895570998,0,0,32,1,1,1277952,1,1
"KERNEL_DISPATCH",4,2,35,"void convert_unary<float, __half>(void const*, __half*, long, long, long, HIP_vector_type<unsigned int, 3u>, long, long, long)",1822,42189895570998,42189895593961,0,0,256,1,1,786432,1,1
"KERNEL_DISPATCH",4,2,79,"void tile_fp16_gemm<128, 64, 4, 8, 32, false>(__half const*, __half const*, float*, float*, int, int, int, long, int)",1823,42189895593961,42189896067151,0,25088,256,1,1,6656,1,8
"KERNEL_DISPATCH",4,2,82,"tile_fp16_reduce(float const*, float*, int, int)",1824,42189896067151,42189896094707,0,0,256,1,1,53248,1,1
"KERNEL_DISPATCH",4,2,33,"void dequantize_block_iq3_s<__half>(void const*, __half*)",1825,42189896115596,42189896259894,0,0,32,1,1,1277952,1,1
"KERNEL_DISPATCH",4,2,35,"void convert_unary<float, __half>(void const*, __half*, long, long, long, HIP_vector_type<unsigned int, 3u>, long, long, long)",1826,42189896259894,42189896282857,0,0,256,1,1,786432,1,1
"KERNEL_DISPATCH",4,2,79,"void tile_fp16_gemm<128, 64, 4, 8, 32, false>(__half const*, __half const*, float*, float*, int, int, int, long, int)",1827,42189896282857,42189896751603,0,25088,256,1,1,6656,1,8
"KERNEL_DISPATCH",4,2,82,"tile_fp16_reduce(float const*, float*, int, int)",1828,42189896751603,42189896776640,0,0,256,1,1,53248,1,1
"KERNEL_DISPATCH",4,2,33,"void dequantize_block_iq3_s<__half>(void const*, __half*)",1829,42189896813381,42189896942271,0,0,32,1,1,1277952,1,1
"KERNEL_DISPATCH",4,2,35,"void convert_unary<float, __half>(void const*, __half*, long, long, long, HIP_vector_type<unsigned int, 3u>, long, long, long)",1830,42189896942271,42189896962716,0,0,256,1,1,786432,1,1
"KERNEL_DISPATCH",4,2,79,"void tile_fp16_gemm<128, 64, 4, 8, 32, false>(__half const*, __half const*, float*, float*, int, int, int, long, int)",1831,42189896962716,42189897395609,0,25088,256,1,1,6656,1,8
"KERNEL_DISPATCH",4,2,82,"tile_fp16_reduce(float const*, float*, int, int)",1832,42189897395609,42189897432498,0,0,256,1,1,53248,1,1
"KERNEL_DISPATCH",4,2,33,"void dequantize_block_iq3_s<__half>(void const*, __half*)",1833,42189897454425,42189897598574,0,0,32,1,1,1277952,1,1
"KERNEL_DISPATCH",4,2,35,"void convert_unary<float, __half>(void const*, __half*, long, long, long, HIP_vector_type<unsigned int, 3u>, long, long, long)",1834,42189897598574,42189897621389,0,0,256,1,1,786432,1,1
"KERNEL_DISPATCH",4,2,79,"void tile_fp16_gemm<128, 64, 4, 8, 32, false>(__half const*, __half const*, float*, float*, int, int, int, long, int)",1835,42189897621389,42189898082431,0,25088,256,1,1,6656,1,8
"KERNEL_DISPATCH",4,2,82,"tile_fp16_reduce(float const*, float*, int, int)",1836,42189898082431,42189898109987,0,0,256,1,1,53248,1,1
"KERNEL_DISPATCH",4,2,33,"void dequantize_block_iq3_s<__half>(void const*, __half*)",1837,42189898131172,42189898275174,0,0,32,1,1,1277952,1,1
"KERNEL_DISPATCH",4,2,35,"void convert_unary<float, __half>(void const*, __half*, long, long, long, HIP_vector_type<unsigned int, 3u>, long, long, long)",1838,42189898275174,42189898298285,0,0,256,1,1,786432,1,1
"KERNEL_DISPATCH",4,2,79,"void tile_fp16_gemm<128, 64, 4, 8, 32, false>(__half const*, __half const*, float*, float*, int, int, int, long, int)",1839,42189898298285,42189898762290,0,25088,256,1,1,6656,1,8
"KERNEL_DISPATCH",4,2,82,"tile_fp16_reduce(float const*, float*, int, int)",1840,42189898762290,42189898787179,0,0,256,1,1,53248,1,1
"KERNEL_DISPATCH",4,2,33,"void dequantize_block_iq3_s<__half>(void const*, __half*)",1841,42189898807772,42189898936959,0,0,32,1,1,1277952,1,1
"KERNEL_DISPATCH",4,2,35,"void convert_unary<float, __half>(void const*, __half*, long, long, long, HIP_vector_type<unsigned int, 3u>, long, long, long)",1842,42189898936959,42189899017107,0,0,256,1,1,786432,1,1
"KERNEL_DISPATCH",4,2,79,"void tile_fp16_gemm<128, 64, 4, 8, 32, false>(__half const*, __half const*, float*, float*, int, int, int, long, int)",1843,42189899017107,42189899456223,0,25088,256,1,1,6656,1,8
"KERNEL_DISPATCH",4,2,82,"tile_fp16_reduce(float const*, float*, int, int)",1844,42189899456223,42189899481260,0,0,256,1,1,53248,1,1
"KERNEL_DISPATCH",4,2,33,"void dequantize_block_iq3_s<__half>(void const*, __half*)",1845,42189899502890,42189899632077,0,0,32,1,1,1277952,1,1
"KERNEL_DISPATCH",4,2,35,"void convert_unary<float, __half>(void const*, __half*, long, long, long, HIP_vector_type<unsigned int, 3u>, long, long, long)",1846,42189899632077,42189899652521,0,0,256,1,1,786432,1,1
"KERNEL_DISPATCH",4,2,79,"void tile_fp16_gemm<128, 64, 4, 8, 32, false>(__half const*, __half const*, float*, float*, int, int, int, long, int)",1847,42189899652521,42189900083933,0,25088,256,1,1,6656,1,8
"KERNEL_DISPATCH",4,2,82,"tile_fp16_reduce(float const*, float*, int, int)",1848,42189900083933,42189900108971,0,0,256,1,1,53248,1,1
"KERNEL_DISPATCH",4,2,33,"void dequantize_block_iq3_s<__half>(void const*, __half*)",1849,42189900129860,42189900258898,0,0,32,1,1,1277952,1,1
"KERNEL_DISPATCH",4,2,35,"void convert_unary<float, __half>(void const*, __half*, long, long, long, HIP_vector_type<unsigned int, 3u>, long, long, long)",1850,42189900258898,42189900279195,0,0,256,1,1,786432,1,1
"KERNEL_DISPATCH",4,2,79,"void tile_fp16_gemm<128, 64, 4, 8, 32, false>(__half const*, __half const*, float*, float*, int, int, int, long, int)",1851,42189900279195,42189900702606,0,25088,256,1,1,6656,1,8
"KERNEL_DISPATCH",4,2,82,"tile_fp16_reduce(float const*, float*, int, int)",1852,42189900702606,42189900727347,0,0,256,1,1,53248,1,1
"KERNEL_DISPATCH",4,2,33,"void dequantize_block_iq3_s<__half>(void const*, __half*)",1853,42189900746607,42189900867941,0,0,32,1,1,1277952,1,1
"KERNEL_DISPATCH",4,2,35,"void convert_unary<float, __half>(void const*, __half*, long, long, long, HIP_vector_type<unsigned int, 3u>, long, long, long)",1854,42189900867941,42189900887349,0,0,256,1,1,786432,1,1
"KERNEL_DISPATCH",4,2,79,"void tile_fp16_gemm<128, 64, 4, 8, 32, false>(__half const*, __half const*, float*, float*, int, int, int, long, int)",1855,42189900887349,42189901320983,0,25088,256,1,1,6656,1,8
"KERNEL_DISPATCH",4,2,82,"tile_fp16_reduce(float const*, float*, int, int)",1856,42189901320983,42189901345428,0,0,256,1,1,53248,1,1
"KERNEL_DISPATCH",4,2,33,"void dequantize_block_iq3_s<__half>(void const*, __half*)",1857,42189901365280,42189901493874,0,0,32,1,1,1277952,1,1
"KERNEL_DISPATCH",4,2,35,"void convert_unary<float, __half>(void const*, __half*, long, long, long, HIP_vector_type<unsigned int, 3u>, long, long, long)",1858,42189901493874,42189901514319,0,0,256,1,1,786432,1,1
"KERNEL_DISPATCH",4,2,79,"void tile_fp16_gemm<128, 64, 4, 8, 32, false>(__half const*, __half const*, float*, float*, int, int, int, long, int)",1859,42189901514319,42189901930619,0,25088,256,1,1,6656,1,8
"KERNEL_DISPATCH",4,2,82,"tile_fp16_reduce(float const*, float*, int, int)",1860,42189901930619,42189901955805,0,0,256,1,1,53248,1,1
"KERNEL_DISPATCH",4,2,33,"void dequantize_block_iq3_s<__half>(void const*, __half*)",1861,42189901977583,42189902106473,0,0,32,1,1,1277952,1,1
"KERNEL_DISPATCH",4,2,35,"void convert_unary<float, __half>(void const*, __half*, long, long, long, HIP_vector_type<unsigned int, 3u>, long, long, long)",1862,42189902106473,42189902127066,0,0,256,1,1,786432,1,1
"KERNEL_DISPATCH",4,2,79,"void tile_fp16_gemm<128, 64, 4, 8, 32, false>(__half const*, __half const*, float*, float*, int, int, int, long, int)",1863,42189902127066,42189902552700,0,25088,256,1,1,6656,1,8
"KERNEL_DISPATCH",4,2,82,"tile_fp16_reduce(float const*, float*, int, int)",1864,42189902552700,42189902578181,0,0,256,1,1,53248,1,1
"KERNEL_DISPATCH",4,2,33,"void dequantize_block_iq3_s<__half>(void const*, __half*)",1865,42189902598478,42189902727664,0,0,32,1,1,1277952,1,1
"KERNEL_DISPATCH",4,2,35,"void convert_unary<float, __half>(void const*, __half*, long, long, long, HIP_vector_type<unsigned int, 3u>, long, long, long)",1866,42189902727664,42189902747961,0,0,256,1,1,786432,1,1
"KERNEL_DISPATCH",4,2,79,"void tile_fp16_gemm<128, 64, 4, 8, 32, false>(__half const*, __half const*, float*, float*, int, int, int, long, int)",1867,42189902747961,42189903190040,0,25088,256,1,1,6656,1,8
"KERNEL_DISPATCH",4,2,82,"tile_fp16_reduce(float const*, float*, int, int)",1868,42189903190040,42189903215225,0,0,256,1,1,53248,1,1
"KERNEL_DISPATCH",4,2,33,"void dequantize_block_iq3_s<__half>(void const*, __half*)",1869,42189903235373,42189903364856,0,0,32,1,1,1277952,1,1
"KERNEL_DISPATCH",4,2,35,"void convert_unary<float, __half>(void const*, __half*, long, long, long, HIP_vector_type<unsigned int, 3u>, long, long, long)",1870,42189903364856,42189903387671,0,0,256,1,1,786432,1,1
"KERNEL_DISPATCH",4,2,79,"void tile_fp16_gemm<128, 64, 4, 8, 32, false>(__half const*, __half const*, float*, float*, int, int, int, long, int)",1871,42189903387671,42189903888714,0,25088,256,1,1,6656,1,8
"KERNEL_DISPATCH",4,2,82,"tile_fp16_reduce(float const*, float*, int, int)",1872,42189903888714,42189903917010,0,0,256,1,1,53248,1,1
"KERNEL_DISPATCH",4,2,33,"void dequantize_block_iq3_s<__half>(void const*, __half*)",1873,42189903956418,42189904100123,0,0,32,1,1,1277952,1,1
"KERNEL_DISPATCH",4,2,35,"void convert_unary<float, __half>(void const*, __half*, long, long, long, HIP_vector_type<unsigned int, 3u>, long, long, long)",1874,42189904100123,42189904122790,0,0,256,1,1,786432,1,1
"KERNEL_DISPATCH",4,2,79,"void tile_fp16_gemm<128, 64, 4, 8, 32, false>(__half const*, __half const*, float*, float*, int, int, int, long, int)",1875,42189904122790,42189904598351,0,25088,256,1,1,6656,1,8
"KERNEL_DISPATCH",4,2,82,"tile_fp16_reduce(float const*, float*, int, int)",1876,42189904598351,42189904626647,0,0,256,1,1,53248,1,1
"KERNEL_DISPATCH",4,2,33,"void dequantize_block_iq3_s<__half>(void const*, __half*)",1877,42189904648721,42189904792723,0,0,32,1,1,1277952,1,1
"KERNEL_DISPATCH",4,2,35,"void convert_unary<float, __half>(void const*, __half*, long, long, long, HIP_vector_type<unsigned int, 3u>, long, long, long)",1878,42189904792723,42189904815390,0,0,256,1,1,786432,1,1
"KERNEL_DISPATCH",4,2,79,"void tile_fp16_gemm<128, 64, 4, 8, 32, false>(__half const*, __half const*, float*, float*, int, int, int, long, int)",1879,42189904815390,42189905276135,0,25088,256,1,1,6656,1,8
"KERNEL_DISPATCH",4,2,82,"tile_fp16_reduce(float const*, float*, int, int)",1880,42189905276135,42189905303987,0,0,256,1,1,53248,1,1
"KERNEL_DISPATCH",4,2,33,"void dequantize_block_iq3_s<__half>(void const*, __half*)",1881,42189905325469,42189905469915,0,0,32,1,1,1277952,1,1
"KERNEL_DISPATCH",4,2,35,"void convert_unary<float, __half>(void const*, __half*, long, long, long, HIP_vector_type<unsigned int, 3u>, long, long, long)",1882,42189905469915,42189905490360,0,0,256,1,1,786432,1,1
"KERNEL_DISPATCH",4,2,79,"void tile_fp16_gemm<128, 64, 4, 8, 32, false>(__half const*, __half const*, float*, float*, int, int, int, long, int)",1883,42189905490360,42189905936290,0,25088,256,1,1,6656,1,8
"KERNEL_DISPATCH",4,2,82,"tile_fp16_reduce(float const*, float*, int, int)",1884,42189905936290,42189905961179,0,0,256,1,1,53248,1,1
"KERNEL_DISPATCH",4,2,33,"void dequantize_block_iq3_s<__half>(void const*, __half*)",1885,42189905981180,42189906110218,0,0,32,1,1,1277952,1,1
"KERNEL_DISPATCH",4,2,35,"void convert_unary<float, __half>(void const*, __half*, long, long, long, HIP_vector_type<unsigned int, 3u>, long, long, long)",1886,42189906110218,42189906130366,0,0,256,1,1,786432,1,1
"KERNEL_DISPATCH",4,2,79,"void tile_fp16_gemm<128, 64, 4, 8, 32, false>(__half const*, __half const*, float*, float*, int, int, int, long, int)",1887,42189906130366,42189906561630,0,25088,256,1,1,6656,1,8
"KERNEL_DISPATCH",4,2,82,"tile_fp16_reduce(float const*, float*, int, int)",1888,42189906561630,42189906586519,0,0,256,1,1,53248,1,1
"KERNEL_DISPATCH",4,2,33,"void dequantize_block_iq3_s<__half>(void const*, __half*)",1889,42189906606223,42189906735262,0,0,32,1,1,1277952,1,1
"KERNEL_DISPATCH",4,2,35,"void convert_unary<float, __half>(void const*, __half*, long, long, long, HIP_vector_type<unsigned int, 3u>, long, long, long)",1890,42189906735262,42189906755854,0,0,256,1,1,786432,1,1
"KERNEL_DISPATCH",4,2,79,"void tile_fp16_gemm<128, 64, 4, 8, 32, false>(__half const*, __half const*, float*, float*, int, int, int, long, int)",1891,42189906755854,42189907190526,0,25088,256,1,1,6656,1,8
"KERNEL_DISPATCH",4,2,82,"tile_fp16_reduce(float const*, float*, int, int)",1892,42189907190526,42189907215415,0,0,256,1,1,53248,1,1
"KERNEL_DISPATCH",4,2,33,"void dequantize_block_iq3_s<__half>(void const*, __half*)",1893,42189907235563,42189907365194,0,0,32,1,1,1277952,1,1
"KERNEL_DISPATCH",4,2,35,"void convert_unary<float, __half>(void const*, __half*, long, long, long, HIP_vector_type<unsigned int, 3u>, long, long, long)",1894,42189907365194,42189907387861,0,0,256,1,1,786432,1,1
"KERNEL_DISPATCH",4,2,79,"void tile_fp16_gemm<128, 64, 4, 8, 32, false>(__half const*, __half const*, float*, float*, int, int, int, long, int)",1895,42189907387861,42189907857940,0,25088,256,1,1,6656,1,8
"KERNEL_DISPATCH",4,2,82,"tile_fp16_reduce(float const*, float*, int, int)",1896,42189907857940,42189907885792,0,0,256,1,1,53248,1,1
"KERNEL_DISPATCH",4,2,33,"void dequantize_block_iq3_s<__half>(void const*, __half*)",1897,42189907906977,42189908051127,0,0,32,1,1,1277952,1,1
"KERNEL_DISPATCH",4,2,35,"void convert_unary<float, __half>(void const*, __half*, long, long, long, HIP_vector_type<unsigned int, 3u>, long, long, long)",1898,42189908051127,42189908074090,0,0,256,1,1,786432,1,1
"KERNEL_DISPATCH",4,2,79,"void tile_fp16_gemm<128, 64, 4, 8, 32, false>(__half const*, __half const*, float*, float*, int, int, int, long, int)",1899,42189908074090,42189908555577,0,25088,256,1,1,6656,1,8
"KERNEL_DISPATCH",4,2,82,"tile_fp16_reduce(float const*, float*, int, int)",1900,42189908555577,42189908583873,0,0,256,1,1,53248,1,1
"KERNEL_DISPATCH",4,2,33,"void dequantize_block_iq3_s<__half>(void const*, __half*)",1901,42189908606096,42189908750097,0,0,32,1,1,1277952,1,1
"KERNEL_DISPATCH",4,2,35,"void convert_unary<float, __half>(void const*, __half*, long, long, long, HIP_vector_type<unsigned int, 3u>, long, long, long)",1902,42189908750097,42189908772912,0,0,256,1,1,786432,1,1
"KERNEL_DISPATCH",4,2,79,"void tile_fp16_gemm<128, 64, 4, 8, 32, false>(__half const*, __half const*, float*, float*, int, int, int, long, int)",1903,42189908772912,42189909236769,0,25088,256,1,1,6656,1,8
"KERNEL_DISPATCH",4,2,82,"tile_fp16_reduce(float const*, float*, int, int)",1904,42189909236769,42189909264621,0,0,256,1,1,53248,1,1
"KERNEL_DISPATCH",4,2,33,"void dequantize_block_iq3_s<__half>(void const*, __half*)",1905,42189909286547,42189909430697,0,0,32,1,1,1277952,1,1
"KERNEL_DISPATCH",4,2,35,"void convert_unary<float, __half>(void const*, __half*, long, long, long, HIP_vector_type<unsigned int, 3u>, long, long, long)",1906,42189909430697,42189909453364,0,0,256,1,1,786432,1,1
"KERNEL_DISPATCH",4,2,79,"void tile_fp16_gemm<128, 64, 4, 8, 32, false>(__half const*, __half const*, float*, float*, int, int, int, long, int)",1907,42189909453364,42189909928924,0,25088,256,1,1,6656,1,8
"KERNEL_DISPATCH",4,2,82,"tile_fp16_reduce(float const*, float*, int, int)",1908,42189909928924,42189909957073,0,0,256,1,1,53248,1,1
"KERNEL_DISPATCH",4,2,33,"void dequantize_block_iq3_s<__half>(void const*, __half*)",1909,42189909979147,42189910123000,0,0,32,1,1,1277952,1,1
"KERNEL_DISPATCH",4,2,35,"void convert_unary<float, __half>(void const*, __half*, long, long, long, HIP_vector_type<unsigned int, 3u>, long, long, long)",1910,42189910123000,42189910145667,0,0,256,1,1,786432,1,1
"KERNEL_DISPATCH",4,2,79,"void tile_fp16_gemm<128, 64, 4, 8, 32, false>(__half const*, __half const*, float*, float*, int, int, int, long, int)",1911,42189910145667,42189910613968,0,25088,256,1,1,6656,1,8
"KERNEL_DISPATCH",4,2,82,"tile_fp16_reduce(float const*, float*, int, int)",1912,42189910613968,42189910639006,0,0,256,1,1,53248,1,1
"KERNEL_DISPATCH",4,2,33,"void dequantize_block_iq3_s<__half>(void const*, __half*)",1913,42189910659450,42189910788341,0,0,32,1,1,1277952,1,1
"KERNEL_DISPATCH",4,2,35,"void convert_unary<float, __half>(void const*, __half*, long, long, long, HIP_vector_type<unsigned int, 3u>, long, long, long)",1914,42189910788341,42189910808785,0,0,256,1,1,786432,1,1
"KERNEL_DISPATCH",4,2,79,"void tile_fp16_gemm<128, 64, 4, 8, 32, false>(__half const*, __half const*, float*, float*, int, int, int, long, int)",1915,42189910808785,42189911237975,0,25088,256,1,1,6656,1,8
"KERNEL_DISPATCH",4,2,82,"tile_fp16_reduce(float const*, float*, int, int)",1916,42189911237975,42189911263012,0,0,256,1,1,53248,1,1
"KERNEL_DISPATCH",4,2,33,"void dequantize_block_iq3_s<__half>(void const*, __half*)",1917,42189911283161,42189911428792,0,0,32,1,1,1277952,1,1
"KERNEL_DISPATCH",4,2,35,"void convert_unary<float, __half>(void const*, __half*, long, long, long, HIP_vector_type<unsigned int, 3u>, long, long, long)",1918,42189911428792,42189911451607,0,0,256,1,1,786432,1,1
"KERNEL_DISPATCH",4,2,79,"void tile_fp16_gemm<128, 64, 4, 8, 32, false>(__half const*, __half const*, float*, float*, int, int, int, long, int)",1919,42189911451607,42189911924945,0,25088,256,1,1,6656,1,8
"KERNEL_DISPATCH",4,2,82,"tile_fp16_reduce(float const*, float*, int, int)",1920,42189911924945,42189911953390,0,0,256,1,1,53248,1,1
"KERNEL_DISPATCH",4,2,33,"void dequantize_block_iq3_s<__half>(void const*, __half*)",1921,42189911975760,42189912119466,0,0,32,1,1,1277952,1,1
"KERNEL_DISPATCH",4,2,35,"void convert_unary<float, __half>(void const*, __half*, long, long, long, HIP_vector_type<unsigned int, 3u>, long, long, long)",1922,42189912119466,42189912142281,0,0,256,1,1,786432,1,1
"KERNEL_DISPATCH",4,2,79,"void tile_fp16_gemm<128, 64, 4, 8, 32, false>(__half const*, __half const*, float*, float*, int, int, int, long, int)",1923,42189912142281,42189912611174,0,25088,256,1,1,6656,1,8
"KERNEL_DISPATCH",4,2,82,"tile_fp16_reduce(float const*, float*, int, int)",1924,42189912611174,42189912639619,0,0,256,1,1,53248,1,1
"KERNEL_DISPATCH",4,2,33,"void dequantize_block_iq3_s<__half>(void const*, __half*)",1925,42189912661545,42189912805399,0,0,32,1,1,1277952,1,1
"KERNEL_DISPATCH",4,2,35,"void convert_unary<float, __half>(void const*, __half*, long, long, long, HIP_vector_type<unsigned int, 3u>, long, long, long)",1926,42189912805399,42189912828065,0,0,256,1,1,786432,1,1
"KERNEL_DISPATCH",4,2,82,"tile_fp16_reduce(float const*, float*, int, int)",1928,42189913307626,42189913335923,0,0,256,1,1,53248,1,1
"KERNEL_DISPATCH",4,2,79,"void tile_fp16_gemm<128, 64, 4, 8, 32, false>(__half const*, __half const*, float*, float*, int, int, int, long, int)",1927,42189912828065,42189913307626,0,25088,256,1,1,6656,1,8
"KERNEL_DISPATCH",4,2,33,"void dequantize_block_iq3_s<__half>(void const*, __half*)",1929,42189913358145,42189913501998,0,0,32,1,1,1277952,1,1
"KERNEL_DISPATCH",4,2,35,"void convert_unary<float, __half>(void const*, __half*, long, long, long, HIP_vector_type<unsigned int, 3u>, long, long, long)",1930,42189913501998,42189913586740,0,0,256,1,1,786432,1,1
"KERNEL_DISPATCH",4,2,79,"void tile_fp16_gemm<128, 64, 4, 8, 32, false>(__half const*, __half const*, float*, float*, int, int, int, long, int)",1931,42189913586740,42189914054449,0,25088,256,1,1,6656,1,8
"KERNEL_DISPATCH",4,2,82,"tile_fp16_reduce(float const*, float*, int, int)",1932,42189914054449,42189914082745,0,0,256,1,1,53248,1,1
"KERNEL_DISPATCH",4,2,33,"void dequantize_block_iq3_s<__half>(void const*, __half*)",1933,42189914104671,42189914248821,0,0,32,1,1,1277952,1,1
"KERNEL_DISPATCH",4,2,35,"void convert_unary<float, __half>(void const*, __half*, long, long, long, HIP_vector_type<unsigned int, 3u>, long, long, long)",1934,42189914248821,42189914271340,0,0,256,1,1,786432,1,1
"KERNEL_DISPATCH",4,2,79,"void tile_fp16_gemm<128, 64, 4, 8, 32, false>(__half const*, __half const*, float*, float*, int, int, int, long, int)",1935,42189914271340,42189914714011,0,25088,256,1,1,6656,1,8
"KERNEL_DISPATCH",4,2,82,"tile_fp16_reduce(float const*, float*, int, int)",1936,42189914714011,42189914739048,0,0,256,1,1,53248,1,1
"KERNEL_DISPATCH",4,2,33,"void dequantize_block_iq3_s<__half>(void const*, __half*)",1937,42189914759493,42189914888679,0,0,32,1,1,1277952,1,1
"KERNEL_DISPATCH",4,2,35,"void convert_unary<float, __half>(void const*, __half*, long, long, long, HIP_vector_type<unsigned int, 3u>, long, long, long)",1938,42189914888679,42189914909124,0,0,256,1,1,786432,1,1
"KERNEL_DISPATCH",4,2,79,"void tile_fp16_gemm<128, 64, 4, 8, 32, false>(__half const*, __half const*, float*, float*, int, int, int, long, int)",1939,42189914909124,42189915334906,0,25088,256,1,1,6656,1,8
"KERNEL_DISPATCH",4,2,82,"tile_fp16_reduce(float const*, float*, int, int)",1940,42189915334906,42189915360240,0,0,256,1,1,53248,1,1
"KERNEL_DISPATCH",4,2,33,"void dequantize_block_iq3_s<__half>(void const*, __half*)",1941,42189915381870,42189915533427,0,0,32,1,1,1277952,1,1
"KERNEL_DISPATCH",4,2,35,"void convert_unary<float, __half>(void const*, __half*, long, long, long, HIP_vector_type<unsigned int, 3u>, long, long, long)",1942,42189915533427,42189915556242,0,0,256,1,1,786432,1,1
"KERNEL_DISPATCH",4,2,79,"void tile_fp16_gemm<128, 64, 4, 8, 32, false>(__half const*, __half const*, float*, float*, int, int, int, long, int)",1943,42189915556242,42189916013432,0,25088,256,1,1,6656,1,8
"KERNEL_DISPATCH",4,2,82,"tile_fp16_reduce(float const*, float*, int, int)",1944,42189916013432,42189916041432,0,0,256,1,1,53248,1,1
"KERNEL_DISPATCH",4,2,33,"void dequantize_block_iq3_s<__half>(void const*, __half*)",1945,42189916063210,42189916206915,0,0,32,1,1,1277952,1,1
"KERNEL_DISPATCH",4,2,35,"void convert_unary<float, __half>(void const*, __half*, long, long, long, HIP_vector_type<unsigned int, 3u>, long, long, long)",1946,42189916206915,42189916229730,0,0,256,1,1,786432,1,1
"KERNEL_DISPATCH",4,2,79,"void tile_fp16_gemm<128, 64, 4, 8, 32, false>(__half const*, __half const*, float*, float*, int, int, int, long, int)",1947,42189916229730,42189916698920,0,25088,256,1,1,6656,1,8
"KERNEL_DISPATCH",4,2,82,"tile_fp16_reduce(float const*, float*, int, int)",1948,42189916698920,42189916723958,0,0,256,1,1,53248,1,1
"KERNEL_DISPATCH",4,2,33,"void dequantize_block_iq3_s<__half>(void const*, __half*)",1949,42189916743958,42189916872996,0,0,32,1,1,1277952,1,1
"KERNEL_DISPATCH",4,2,35,"void convert_unary<float, __half>(void const*, __half*, long, long, long, HIP_vector_type<unsigned int, 3u>, long, long, long)",1950,42189916872996,42189916893589,0,0,256,1,1,786432,1,1
"KERNEL_DISPATCH",4,2,79,"void tile_fp16_gemm<128, 64, 4, 8, 32, false>(__half const*, __half const*, float*, float*, int, int, int, long, int)",1951,42189916893589,42189917326779,0,25088,256,1,1,6656,1,8
"KERNEL_DISPATCH",4,2,82,"tile_fp16_reduce(float const*, float*, int, int)",1952,42189917326779,42189917351668,0,0,256,1,1,53248,1,1
"KERNEL_DISPATCH",4,2,33,"void dequantize_block_iq3_s<__half>(void const*, __half*)",1953,42189917372261,42189917523373,0,0,32,1,1,1277952,1,1
"KERNEL_DISPATCH",4,2,35,"void convert_unary<float, __half>(void const*, __half*, long, long, long, HIP_vector_type<unsigned int, 3u>, long, long, long)",1954,42189917523373,42189917546040,0,0,256,1,1,786432,1,1
"KERNEL_DISPATCH",4,2,79,"void tile_fp16_gemm<128, 64, 4, 8, 32, false>(__half const*, __half const*, float*, float*, int, int, int, long, int)",1955,42189917546040,42189918005452,0,25088,256,1,1,6656,1,8
"KERNEL_DISPATCH",4,2,82,"tile_fp16_reduce(float const*, float*, int, int)",1956,42189918005452,42189918033453,0,0,256,1,1,53248,1,1
"KERNEL_DISPATCH",4,2,33,"void dequantize_block_iq3_s<__half>(void const*, __half*)",1957,42189918054490,42189918198492,0,0,32,1,1,1277952,1,1
"KERNEL_DISPATCH",4,2,35,"void convert_unary<float, __half>(void const*, __half*, long, long, long, HIP_vector_type<unsigned int, 3u>, long, long, long)",1958,42189918198492,42189918221455,0,0,256,1,1,786432,1,1
"KERNEL_DISPATCH",4,2,79,"void tile_fp16_gemm<128, 64, 4, 8, 32, false>(__half const*, __half const*, float*, float*, int, int, int, long, int)",1959,42189918221455,42189918687830,0,25088,256,1,1,6656,1,8
"KERNEL_DISPATCH",4,2,82,"tile_fp16_reduce(float const*, float*, int, int)",1960,42189918687830,42189918712571,0,0,256,1,1,53248,1,1
"KERNEL_DISPATCH",4,2,33,"void dequantize_block_iq3_s<__half>(void const*, __half*)",1961,42189918732275,42189918861165,0,0,32,1,1,1277952,1,1
"KERNEL_DISPATCH",4,2,35,"void convert_unary<float, __half>(void const*, __half*, long, long, long, HIP_vector_type<unsigned int, 3u>, long, long, long)",1962,42189918861165,42189918881610,0,0,256,1,1,786432,1,1
"KERNEL_DISPATCH",4,2,79,"void tile_fp16_gemm<128, 64, 4, 8, 32, false>(__half const*, __half const*, float*, float*, int, int, int, long, int)",1963,42189918881610,42189919303984,0,25088,256,1,1,6656,1,8
"KERNEL_DISPATCH",4,2,82,"tile_fp16_reduce(float const*, float*, int, int)",1964,42189919303984,42189919329466,0,0,256,1,1,53248,1,1
"KERNEL_DISPATCH",4,2,33,"void dequantize_block_iq3_s<__half>(void const*, __half*)",1965,42189919349763,42189919500135,0,0,32,1,1,1277952,1,1
"KERNEL_DISPATCH",4,2,35,"void convert_unary<float, __half>(void const*, __half*, long, long, long, HIP_vector_type<unsigned int, 3u>, long, long, long)",1966,42189919500135,42189919522505,0,0,256,1,1,786432,1,1
"KERNEL_DISPATCH",4,2,79,"void tile_fp16_gemm<128, 64, 4, 8, 32, false>(__half const*, __half const*, float*, float*, int, int, int, long, int)",1967,42189919522505,42189920001621,0,25088,256,1,1,6656,1,8
"KERNEL_DISPATCH",4,2,82,"tile_fp16_reduce(float const*, float*, int, int)",1968,42189920001621,42189920029622,0,0,256,1,1,53248,1,1
"KERNEL_DISPATCH",4,2,33,"void dequantize_block_iq3_s<__half>(void const*, __half*)",1969,42189920050955,42189920194809,0,0,32,1,1,1277952,1,1
"KERNEL_DISPATCH",4,2,35,"void convert_unary<float, __half>(void const*, __half*, long, long, long, HIP_vector_type<unsigned int, 3u>, long, long, long)",1970,42189920194809,42189920217475,0,0,256,1,1,786432,1,1
"KERNEL_DISPATCH",4,2,79,"void tile_fp16_gemm<128, 64, 4, 8, 32, false>(__half const*, __half const*, float*, float*, int, int, int, long, int)",1971,42189920217475,42189920673480,0,25088,256,1,1,6656,1,8
"KERNEL_DISPATCH",4,2,82,"tile_fp16_reduce(float const*, float*, int, int)",1972,42189920673480,42189920698517,0,0,256,1,1,53248,1,1
"KERNEL_DISPATCH",4,2,33,"void dequantize_block_iq3_s<__half>(void const*, __half*)",1973,42189920718666,42189920847704,0,0,32,1,1,1277952,1,1
"KERNEL_DISPATCH",4,2,35,"void convert_unary<float, __half>(void const*, __half*, long, long, long, HIP_vector_type<unsigned int, 3u>, long, long, long)",1974,42189920847704,42189920868297,0,0,256,1,1,786432,1,1
"KERNEL_DISPATCH",4,2,79,"void tile_fp16_gemm<128, 64, 4, 8, 32, false>(__half const*, __half const*, float*, float*, int, int, int, long, int)",1975,42189920868297,42189921306672,0,25088,256,1,1,6656,1,8
"KERNEL_DISPATCH",4,2,82,"tile_fp16_reduce(float const*, float*, int, int)",1976,42189921306672,42189921331561,0,0,256,1,1,53248,1,1
"KERNEL_DISPATCH",4,2,33,"void dequantize_block_iq3_s<__half>(void const*, __half*)",1977,42189921352006,42189921502526,0,0,32,1,1,1277952,1,1
"KERNEL_DISPATCH",4,2,35,"void convert_unary<float, __half>(void const*, __half*, long, long, long, HIP_vector_type<unsigned int, 3u>, long, long, long)",1978,42189921502526,42189921525341,0,0,256,1,1,786432,1,1
"KERNEL_DISPATCH",4,2,79,"void tile_fp16_gemm<128, 64, 4, 8, 32, false>(__half const*, __half const*, float*, float*, int, int, int, long, int)",1979,42189921525341,42189921998975,0,25088,256,1,1,6656,1,8
"KERNEL_DISPATCH",4,2,82,"tile_fp16_reduce(float const*, float*, int, int)",1980,42189921998975,42189922027124,0,0,256,1,1,53248,1,1
"KERNEL_DISPATCH",4,2,33,"void dequantize_block_iq3_s<__half>(void const*, __half*)",1981,42189922048754,42189922192755,0,0,32,1,1,1277952,1,1
"KERNEL_DISPATCH",4,2,35,"void convert_unary<float, __half>(void const*, __half*, long, long, long, HIP_vector_type<unsigned int, 3u>, long, long, long)",1982,42189922192755,42189922215718,0,0,256,1,1,786432,1,1
"KERNEL_DISPATCH",4,2,79,"void tile_fp16_gemm<128, 64, 4, 8, 32, false>(__half const*, __half const*, float*, float*, int, int, int, long, int)",1983,42189922215718,42189922685797,0,25088,256,1,1,6656,1,8
"KERNEL_DISPATCH",4,2,82,"tile_fp16_reduce(float const*, float*, int, int)",1984,42189922685797,42189922711427,0,0,256,1,1,53248,1,1
"KERNEL_DISPATCH",4,2,33,"void dequantize_block_iq3_s<__half>(void const*, __half*)",1985,42189922732168,42189922861207,0,0,32,1,1,1277952,1,1
"KERNEL_DISPATCH",4,2,35,"void convert_unary<float, __half>(void const*, __half*, long, long, long, HIP_vector_type<unsigned int, 3u>, long, long, long)",1986,42189922861207,42189922881799,0,0,256,1,1,786432,1,1
"KERNEL_DISPATCH",4,2,79,"void tile_fp16_gemm<128, 64, 4, 8, 32, false>(__half const*, __half const*, float*, float*, int, int, int, long, int)",1987,42189922881799,42189923308322,0,25088,256,1,1,6656,1,8
"KERNEL_DISPATCH",4,2,82,"tile_fp16_reduce(float const*, float*, int, int)",1988,42189923308322,42189923333804,0,0,256,1,1,53248,1,1
"KERNEL_DISPATCH",4,2,33,"void dequantize_block_iq3_s<__half>(void const*, __half*)",1989,42189923354249,42189923504621,0,0,32,1,1,1277952,1,1
"KERNEL_DISPATCH",4,2,35,"void convert_unary<float, __half>(void const*, __half*, long, long, long, HIP_vector_type<unsigned int, 3u>, long, long, long)",1990,42189923504621,42189923527436,0,0,256,1,1,786432,1,1
"KERNEL_DISPATCH",4,2,79,"void tile_fp16_gemm<128, 64, 4, 8, 32, false>(__half const*, __half const*, float*, float*, int, int, int, long, int)",1991,42189923527436,42189924006107,0,25088,256,1,1,6656,1,8
"KERNEL_DISPATCH",4,2,82,"tile_fp16_reduce(float const*, float*, int, int)",1992,42189924006107,42189924034256,0,0,256,1,1,53248,1,1
"KERNEL_DISPATCH",4,2,33,"void dequantize_block_iq3_s<__half>(void const*, __half*)",1993,42189924055886,42189924199887,0,0,32,1,1,1277952,1,1
"KERNEL_DISPATCH",4,2,35,"void convert_unary<float, __half>(void const*, __half*, long, long, long, HIP_vector_type<unsigned int, 3u>, long, long, long)",1994,42189924199887,42189924222850,0,0,256,1,1,786432,1,1
"KERNEL_DISPATCH",4,2,79,"void tile_fp16_gemm<128, 64, 4, 8, 32, false>(__half const*, __half const*, float*, float*, int, int, int, long, int)",1995,42189924222850,42189924692337,0,25088,256,1,1,6656,1,8
"KERNEL_DISPATCH",4,2,82,"tile_fp16_reduce(float const*, float*, int, int)",1996,42189924692337,42189924717522,0,0,256,1,1,53248,1,1
"KERNEL_DISPATCH",4,2,33,"void dequantize_block_iq3_s<__half>(void const*, __half*)",1997,42189924737819,42189924867005,0,0,32,1,1,1277952,1,1
"KERNEL_DISPATCH",4,2,35,"void convert_unary<float, __half>(void const*, __half*, long, long, long, HIP_vector_type<unsigned int, 3u>, long, long, long)",1998,42189924867005,42189924887302,0,0,256,1,1,786432,1,1
"KERNEL_DISPATCH",4,2,79,"void tile_fp16_gemm<128, 64, 4, 8, 32, false>(__half const*, __half const*, float*, float*, int, int, int, long, int)",1999,42189924887302,42189925324788,0,25088,256,1,1,6656,1,8
"KERNEL_DISPATCH",4,2,82,"tile_fp16_reduce(float const*, float*, int, int)",2000,42189925324788,42189925349825,0,0,256,1,1,53248,1,1
"KERNEL_DISPATCH",4,2,33,"void dequantize_block_iq3_s<__half>(void const*, __half*)",2001,42189925370862,42189925522123,0,0,32,1,1,1277952,1,1
"KERNEL_DISPATCH",4,2,35,"void convert_unary<float, __half>(void const*, __half*, long, long, long, HIP_vector_type<unsigned int, 3u>, long, long, long)",2002,42189925522123,42189925545086,0,0,256,1,1,786432,1,1
"KERNEL_DISPATCH",4,2,79,"void tile_fp16_gemm<128, 64, 4, 8, 32, false>(__half const*, __half const*, float*, float*, int, int, int, long, int)",2003,42189925545086,42189926017684,0,25088,256,1,1,6656,1,8
"KERNEL_DISPATCH",4,2,82,"tile_fp16_reduce(float const*, float*, int, int)",2004,42189926017684,42189926045980,0,0,256,1,1,53248,1,1
"KERNEL_DISPATCH",4,2,33,"void dequantize_block_iq3_s<__half>(void const*, __half*)",2005,42189926067462,42189926211612,0,0,32,1,1,1277952,1,1
"KERNEL_DISPATCH",4,2,35,"void convert_unary<float, __half>(void const*, __half*, long, long, long, HIP_vector_type<unsigned int, 3u>, long, long, long)",2006,42189926211612,42189926234427,0,0,256,1,1,786432,1,1
"KERNEL_DISPATCH",4,2,79,"void tile_fp16_gemm<128, 64, 4, 8, 32, false>(__half const*, __half const*, float*, float*, int, int, int, long, int)",2007,42189926234427,42189926715172,0,25088,256,1,1,6656,1,8
"KERNEL_DISPATCH",4,2,82,"tile_fp16_reduce(float const*, float*, int, int)",2008,42189926715172,42189926739913,0,0,256,1,1,53248,1,1
"KERNEL_DISPATCH",4,2,33,"void dequantize_block_iq3_s<__half>(void const*, __half*)",2009,42189926760358,42189926889248,0,0,32,1,1,1277952,1,1
"KERNEL_DISPATCH",4,2,35,"void convert_unary<float, __half>(void const*, __half*, long, long, long, HIP_vector_type<unsigned int, 3u>, long, long, long)",2010,42189926889248,42189926909841,0,0,256,1,1,786432,1,1
"KERNEL_DISPATCH",4,2,79,"void tile_fp16_gemm<128, 64, 4, 8, 32, false>(__half const*, __half const*, float*, float*, int, int, int, long, int)",2011,42189926909841,42189927341549,0,25088,256,1,1,6656,1,8
"KERNEL_DISPATCH",4,2,82,"tile_fp16_reduce(float const*, float*, int, int)",2012,42189927341549,42189927366735,0,0,256,1,1,53248,1,1
"KERNEL_DISPATCH",4,2,33,"void dequantize_block_iq3_s<__half>(void const*, __half*)",2013,42189927387920,42189927539625,0,0,32,1,1,1277952,1,1
"KERNEL_DISPATCH",4,2,35,"void convert_unary<float, __half>(void const*, __half*, long, long, long, HIP_vector_type<unsigned int, 3u>, long, long, long)",2014,42189927539625,42189927562737,0,0,256,1,1,786432,1,1
"KERNEL_DISPATCH",4,2,79,"void tile_fp16_gemm<128, 64, 4, 8, 32, false>(__half const*, __half const*, float*, float*, int, int, int, long, int)",2015,42189927562737,42189928034001,0,25088,256,1,1,6656,1,8
"KERNEL_DISPATCH",4,2,82,"tile_fp16_reduce(float const*, float*, int, int)",2016,42189928034001,42189928062446,0,0,256,1,1,53248,1,1
"KERNEL_DISPATCH",4,2,33,"void dequantize_block_iq3_s<__half>(void const*, __half*)",2017,42190220716873,42190220735984,0,0,32,1,1,163840,1,1
"KERNEL_DISPATCH",4,2,35,"void convert_unary<float, __half>(void const*, __half*, long, long, long, HIP_vector_type<unsigned int, 3u>, long, long, long)",2018,42190220735984,42190220757909,0,0,256,1,1,655360,1,1
"KERNEL_DISPATCH",4,2,79,"void tile_fp16_gemm<128, 64, 4, 8, 32, false>(__half const*, __half const*, float*, float*, int, int, int, long, int)",2019,42190220757909,42190220876132,0,25088,256,1,1,1024,1,8
"KERNEL_DISPATCH",4,2,82,"tile_fp16_reduce(float const*, float*, int, int)",2020,42190220876132,42190220880725,0,0,256,1,1,8192,1,1
"KERNEL_DISPATCH",4,2,33,"void dequantize_block_iq3_s<__half>(void const*, __half*)",2021,42190221189617,42190221207099,0,0,32,1,1,163840,1,1
"KERNEL_DISPATCH",4,2,35,"void convert_unary<float, __half>(void const*, __half*, long, long, long, HIP_vector_type<unsigned int, 3u>, long, long, long)",2022,42190221207099,42190221224580,0,0,256,1,1,655360,1,1
"KERNEL_DISPATCH",4,2,79,"void tile_fp16_gemm<128, 64, 4, 8, 32, false>(__half const*, __half const*, float*, float*, int, int, int, long, int)",2023,42190221224580,42190221335545,0,25088,256,1,1,1024,1,8
"KERNEL_DISPATCH",4,2,82,"tile_fp16_reduce(float const*, float*, int, int)",2024,42190221335545,42190221339693,0,0,256,1,1,8192,1,1
"KERNEL_DISPATCH",4,2,33,"void dequantize_block_iq3_s<__half>(void const*, __half*)",2025,42190221361026,42190221378804,0,0,32,1,1,163840,1,1
"KERNEL_DISPATCH",4,2,35,"void convert_unary<float, __half>(void const*, __half*, long, long, long, HIP_vector_type<unsigned int, 3u>, long, long, long)",2026,42190221378804,42190221395693,0,0,256,1,1,655360,1,1
"KERNEL_DISPATCH",4,2,82,"tile_fp16_reduce(float const*, float*, int, int)",2028,42190221500731,42190221505028,0,0,256,1,1,8192,1,1
"KERNEL_DISPATCH",4,2,79,"void tile_fp16_gemm<128, 64, 4, 8, 32, false>(__half const*, __half const*, float*, float*, int, int, int, long, int)",2027,42190221395693,42190221500731,0,25088,256,1,1,1024,1,8
"KERNEL_DISPATCH",4,2,33,"void dequantize_block_iq3_s<__half>(void const*, __half*)",2029,42190221530954,42190221548288,0,0,32,1,1,163840,1,1
"KERNEL_DISPATCH",4,2,35,"void convert_unary<float, __half>(void const*, __half*, long, long, long, HIP_vector_type<unsigned int, 3u>, long, long, long)",2030,42190221548288,42190221565028,0,0,256,1,1,655360,1,1
"KERNEL_DISPATCH",4,2,79,"void tile_fp16_gemm<128, 64, 4, 8, 32, false>(__half const*, __half const*, float*, float*, int, int, int, long, int)",2031,42190221565028,42190221669770,0,25088,256,1,1,1024,1,8
"KERNEL_DISPATCH",4,2,82,"tile_fp16_reduce(float const*, float*, int, int)",2032,42190221669770,42190221673918,0,0,256,1,1,8192,1,1
"KERNEL_DISPATCH",4,2,33,"void dequantize_block_iq3_s<__half>(void const*, __half*)",2033,42190221693919,42190221711548,0,0,32,1,1,163840,1,1
"KERNEL_DISPATCH",4,2,35,"void convert_unary<float, __half>(void const*, __half*, long, long, long, HIP_vector_type<unsigned int, 3u>, long, long, long)",2034,42190221711548,42190221728141,0,0,256,1,1,655360,1,1
"KERNEL_DISPATCH",4,2,79,"void tile_fp16_gemm<128, 64, 4, 8, 32, false>(__half const*, __half const*, float*, float*, int, int, int, long, int)",2035,42190221728141,42190221838661,0,25088,256,1,1,1024,1,8
"KERNEL_DISPATCH",4,2,82,"tile_fp16_reduce(float const*, float*, int, int)",2036,42190221838661,42190221842809,0,0,256,1,1,8192,1,1
"KERNEL_DISPATCH",4,2,33,"void dequantize_block_iq3_s<__half>(void const*, __half*)",2037,42190221862809,42190221880439,0,0,32,1,1,163840,1,1
"KERNEL_DISPATCH",4,2,35,"void convert_unary<float, __half>(void const*, __half*, long, long, long, HIP_vector_type<unsigned int, 3u>, long, long, long)",2038,42190221880439,42190221897328,0,0,256,1,1,655360,1,1
"KERNEL_DISPATCH",4,2,79,"void tile_fp16_gemm<128, 64, 4, 8, 32, false>(__half const*, __half const*, float*, float*, int, int, int, long, int)",2039,42190221897328,42190222001774,0,25088,256,1,1,1024,1,8
"KERNEL_DISPATCH",4,2,82,"tile_fp16_reduce(float const*, float*, int, int)",2040,42190222001774,42190222006070,0,0,256,1,1,8192,1,1
"KERNEL_DISPATCH",4,2,33,"void dequantize_block_iq3_s<__half>(void const*, __half*)",2041,42190222026070,42190222043552,0,0,32,1,1,163840,1,1
"KERNEL_DISPATCH",4,2,35,"void convert_unary<float, __half>(void const*, __half*, long, long, long, HIP_vector_type<unsigned int, 3u>, long, long, long)",2042,42190222043552,42190222060441,0,0,256,1,1,655360,1,1
"KERNEL_DISPATCH",4,2,79,"void tile_fp16_gemm<128, 64, 4, 8, 32, false>(__half const*, __half const*, float*, float*, int, int, int, long, int)",2043,42190222060441,42190222171405,0,25088,256,1,1,1024,1,8
"KERNEL_DISPATCH",4,2,82,"tile_fp16_reduce(float const*, float*, int, int)",2044,42190222171405,42190222175405,0,0,256,1,1,8192,1,1
"KERNEL_DISPATCH",4,2,33,"void dequantize_block_iq3_s<__half>(void const*, __half*)",2045,42190222195554,42190222213183,0,0,32,1,1,163840,1,1
"KERNEL_DISPATCH",4,2,35,"void convert_unary<float, __half>(void const*, __half*, long, long, long, HIP_vector_type<unsigned int, 3u>, long, long, long)",2046,42190222213183,42190222229776,0,0,256,1,1,655360,1,1
"KERNEL_DISPATCH",4,2,79,"void tile_fp16_gemm<128, 64, 4, 8, 32, false>(__half const*, __half const*, float*, float*, int, int, int, long, int)",2047,42190222229776,42190222334370,0,25088,256,1,1,1024,1,8
"KERNEL_DISPATCH",4,2,82,"tile_fp16_reduce(float const*, float*, int, int)",2048,42190222334370,42190222338518,0,0,256,1,1,8192,1,1
"KERNEL_DISPATCH",4,2,33,"void dequantize_block_iq3_s<__half>(void const*, __half*)",2049,42190222358370,42190222376000,0,0,32,1,1,163840,1,1
"KERNEL_DISPATCH",4,2,35,"void convert_unary<float, __half>(void const*, __half*, long, long, long, HIP_vector_type<unsigned int, 3u>, long, long, long)",2050,42190222376000,42190222392593,0,0,256,1,1,655360,1,1
"KERNEL_DISPATCH",4,2,79,"void tile_fp16_gemm<128, 64, 4, 8, 32, false>(__half const*, __half const*, float*, float*, int, int, int, long, int)",2051,42190222392593,42190222497186,0,25088,256,1,1,1024,1,8
"KERNEL_DISPATCH",4,2,82,"tile_fp16_reduce(float const*, float*, int, int)",2052,42190222497186,42190222501334,0,0,256,1,1,8192,1,1
"KERNEL_DISPATCH",4,2,33,"void dequantize_block_iq3_s<__half>(void const*, __half*)",2053,42190222521927,42190222539261,0,0,32,1,1,163840,1,1
"KERNEL_DISPATCH",4,2,35,"void convert_unary<float, __half>(void const*, __half*, long, long, long, HIP_vector_type<unsigned int, 3u>, long, long, long)",2054,42190222539261,42190222556002,0,0,256,1,1,655360,1,1
"KERNEL_DISPATCH",4,2,79,"void tile_fp16_gemm<128, 64, 4, 8, 32, false>(__half const*, __half const*, float*, float*, int, int, int, long, int)",2055,42190222556002,42190222660447,0,25088,256,1,1,1024,1,8
"KERNEL_DISPATCH",4,2,82,"tile_fp16_reduce(float const*, float*, int, int)",2056,42190222660447,42190222664595,0,0,256,1,1,8192,1,1
"KERNEL_DISPATCH",4,2,33,"void dequantize_block_iq3_s<__half>(void const*, __half*)",2057,42190222684151,42190222701781,0,0,32,1,1,163840,1,1
"KERNEL_DISPATCH",4,2,35,"void convert_unary<float, __half>(void const*, __half*, long, long, long, HIP_vector_type<unsigned int, 3u>, long, long, long)",2058,42190222701781,42190222718374,0,0,256,1,1,655360,1,1
"KERNEL_DISPATCH",4,2,79,"void tile_fp16_gemm<128, 64, 4, 8, 32, false>(__half const*, __half const*, float*, float*, int, int, int, long, int)",2059,42190222718374,42190222822375,0,25088,256,1,1,1024,1,8
"KERNEL_DISPATCH",4,2,82,"tile_fp16_reduce(float const*, float*, int, int)",2060,42190222822375,42190222826523,0,0,256,1,1,8192,1,1
"KERNEL_DISPATCH",4,2,33,"void dequantize_block_iq3_s<__half>(void const*, __half*)",2061,42190222846079,42190222863560,0,0,32,1,1,163840,1,1
"KERNEL_DISPATCH",4,2,35,"void convert_unary<float, __half>(void const*, __half*, long, long, long, HIP_vector_type<unsigned int, 3u>, long, long, long)",2062,42190222863560,42190222880450,0,0,256,1,1,655360,1,1
"KERNEL_DISPATCH",4,2,79,"void tile_fp16_gemm<128, 64, 4, 8, 32, false>(__half const*, __half const*, float*, float*, int, int, int, long, int)",2063,42190222880450,42190222985488,0,25088,256,1,1,1024,1,8
"KERNEL_DISPATCH",4,2,82,"tile_fp16_reduce(float const*, float*, int, int)",2064,42190222985488,42190222989636,0,0,256,1,1,8192,1,1
"KERNEL_DISPATCH",4,2,33,"void dequantize_block_iq3_s<__half>(void const*, __half*)",2065,42190223009340,42190223027118,0,0,32,1,1,163840,1,1
"KERNEL_DISPATCH",4,2,35,"void convert_unary<float, __half>(void const*, __half*, long, long, long, HIP_vector_type<unsigned int, 3u>, long, long, long)",2066,42190223027118,42190223043710,0,0,256,1,1,655360,1,1
"KERNEL_DISPATCH",4,2,79,"void tile_fp16_gemm<128, 64, 4, 8, 32, false>(__half const*, __half const*, float*, float*, int, int, int, long, int)",2067,42190223043710,42190223147860,0,25088,256,1,1,1024,1,8
"KERNEL_DISPATCH",4,2,82,"tile_fp16_reduce(float const*, float*, int, int)",2068,42190223147860,42190223152008,0,0,256,1,1,8192,1,1
"KERNEL_DISPATCH",4,2,33,"void dequantize_block_iq3_s<__half>(void const*, __half*)",2069,42190223172008,42190223189490,0,0,32,1,1,163840,1,1
"KERNEL_DISPATCH",4,2,35,"void convert_unary<float, __half>(void const*, __half*, long, long, long, HIP_vector_type<unsigned int, 3u>, long, long, long)",2070,42190223189490,42190223206231,0,0,256,1,1,655360,1,1
"KERNEL_DISPATCH",4,2,79,"void tile_fp16_gemm<128, 64, 4, 8, 32, false>(__half const*, __half const*, float*, float*, int, int, int, long, int)",2071,42190223206231,42190223310824,0,25088,256,1,1,1024,1,8
"KERNEL_DISPATCH",4,2,82,"tile_fp16_reduce(float const*, float*, int, int)",2072,42190223310824,42190223314973,0,0,256,1,1,8192,1,1
"KERNEL_DISPATCH",4,2,33,"void dequantize_block_iq3_s<__half>(void const*, __half*)",2073,42190223334676,42190223352306,0,0,32,1,1,163840,1,1
"KERNEL_DISPATCH",4,2,35,"void convert_unary<float, __half>(void const*, __half*, long, long, long, HIP_vector_type<unsigned int, 3u>, long, long, long)",2074,42190223352306,42190223368899,0,0,256,1,1,655360,1,1
"KERNEL_DISPATCH",4,2,79,"void tile_fp16_gemm<128, 64, 4, 8, 32, false>(__half const*, __half const*, float*, float*, int, int, int, long, int)",2075,42190223368899,42190223473048,0,25088,256,1,1,1024,1,8
"KERNEL_DISPATCH",4,2,82,"tile_fp16_reduce(float const*, float*, int, int)",2076,42190223473048,42190223477345,0,0,256,1,1,8192,1,1
"KERNEL_DISPATCH",4,2,33,"void dequantize_block_iq3_s<__half>(void const*, __half*)",2077,42190223497197,42190223514678,0,0,32,1,1,163840,1,1
"KERNEL_DISPATCH",4,2,35,"void convert_unary<float, __half>(void const*, __half*, long, long, long, HIP_vector_type<unsigned int, 3u>, long, long, long)",2078,42190223514678,42190223531419,0,0,256,1,1,655360,1,1
"KERNEL_DISPATCH",4,2,79,"void tile_fp16_gemm<128, 64, 4, 8, 32, false>(__half const*, __half const*, float*, float*, int, int, int, long, int)",2079,42190223531419,42190223635865,0,25088,256,1,1,1024,1,8
"KERNEL_DISPATCH",4,2,82,"tile_fp16_reduce(float const*, float*, int, int)",2080,42190223635865,42190223640161,0,0,256,1,1,8192,1,1
"KERNEL_DISPATCH",4,2,33,"void dequantize_block_iq3_s<__half>(void const*, __half*)",2081,42190223660013,42190223677495,0,0,32,1,1,163840,1,1
"KERNEL_DISPATCH",4,2,35,"void convert_unary<float, __half>(void const*, __half*, long, long, long, HIP_vector_type<unsigned int, 3u>, long, long, long)",2082,42190223677495,42190223694384,0,0,256,1,1,655360,1,1
"KERNEL_DISPATCH",4,2,79,"void tile_fp16_gemm<128, 64, 4, 8, 32, false>(__half const*, __half const*, float*, float*, int, int, int, long, int)",2083,42190223694384,42190223798681,0,25088,256,1,1,1024,1,8
"KERNEL_DISPATCH",4,2,82,"tile_fp16_reduce(float const*, float*, int, int)",2084,42190223798681,42190223802829,0,0,256,1,1,8192,1,1
"KERNEL_DISPATCH",4,2,33,"void dequantize_block_iq3_s<__half>(void const*, __half*)",2085,42190223822830,42190223840459,0,0,32,1,1,163840,1,1
"KERNEL_DISPATCH",4,2,35,"void convert_unary<float, __half>(void const*, __half*, long, long, long, HIP_vector_type<unsigned int, 3u>, long, long, long)",2086,42190223840459,42190223857200,0,0,256,1,1,655360,1,1
"KERNEL_DISPATCH",4,2,79,"void tile_fp16_gemm<128, 64, 4, 8, 32, false>(__half const*, __half const*, float*, float*, int, int, int, long, int)",2087,42190223857200,42190223961498,0,25088,256,1,1,1024,1,8
"KERNEL_DISPATCH",4,2,82,"tile_fp16_reduce(float const*, float*, int, int)",2088,42190223961498,42190223965794,0,0,256,1,1,8192,1,1
"KERNEL_DISPATCH",4,2,33,"void dequantize_block_iq3_s<__half>(void const*, __half*)",2089,42190223985498,42190224002832,0,0,32,1,1,163840,1,1
"KERNEL_DISPATCH",4,2,35,"void convert_unary<float, __half>(void const*, __half*, long, long, long, HIP_vector_type<unsigned int, 3u>, long, long, long)",2090,42190224002832,42190224019572,0,0,256,1,1,655360,1,1
"KERNEL_DISPATCH",4,2,79,"void tile_fp16_gemm<128, 64, 4, 8, 32, false>(__half const*, __half const*, float*, float*, int, int, int, long, int)",2091,42190224019572,42190224125055,0,25088,256,1,1,1024,1,8
"KERNEL_DISPATCH",4,2,82,"tile_fp16_reduce(float const*, float*, int, int)",2092,42190224125055,42190224129203,0,0,256,1,1,8192,1,1
"KERNEL_DISPATCH",4,2,33,"void dequantize_block_iq3_s<__half>(void const*, __half*)",2093,42190224148611,42190224166241,0,0,32,1,1,163840,1,1
"KERNEL_DISPATCH",4,2,35,"void convert_unary<float, __half>(void const*, __half*, long, long, long, HIP_vector_type<unsigned int, 3u>, long, long, long)",2094,42190224166241,42190224182685,0,0,256,1,1,655360,1,1
"KERNEL_DISPATCH",4,2,79,"void tile_fp16_gemm<128, 64, 4, 8, 32, false>(__half const*, __half const*, float*, float*, int, int, int, long, int)",2095,42190224182685,42190224287427,0,25088,256,1,1,1024,1,8
"KERNEL_DISPATCH",4,2,82,"tile_fp16_reduce(float const*, float*, int, int)",2096,42190224287427,42190224291575,0,0,256,1,1,8192,1,1
"KERNEL_DISPATCH",4,2,33,"void dequantize_block_iq3_s<__half>(void const*, __half*)",2097,42190224312316,42190224329798,0,0,32,1,1,163840,1,1
"KERNEL_DISPATCH",4,2,35,"void convert_unary<float, __half>(void const*, __half*, long, long, long, HIP_vector_type<unsigned int, 3u>, long, long, long)",2098,42190224329798,42190224346687,0,0,256,1,1,655360,1,1
"KERNEL_DISPATCH",4,2,79,"void tile_fp16_gemm<128, 64, 4, 8, 32, false>(__half const*, __half const*, float*, float*, int, int, int, long, int)",2099,42190224346687,42190224451577,0,25088,256,1,1,1024,1,8
"KERNEL_DISPATCH",4,2,82,"tile_fp16_reduce(float const*, float*, int, int)",2100,42190224451577,42190224455725,0,0,256,1,1,8192,1,1
"KERNEL_DISPATCH",4,2,33,"void dequantize_block_iq3_s<__half>(void const*, __half*)",2101,42190224475281,42190224492911,0,0,32,1,1,163840,1,1
"KERNEL_DISPATCH",4,2,35,"void convert_unary<float, __half>(void const*, __half*, long, long, long, HIP_vector_type<unsigned int, 3u>, long, long, long)",2102,42190224492911,42190224509652,0,0,256,1,1,655360,1,1
"KERNEL_DISPATCH",4,2,79,"void tile_fp16_gemm<128, 64, 4, 8, 32, false>(__half const*, __half const*, float*, float*, int, int, int, long, int)",2103,42190224509652,42190224614986,0,25088,256,1,1,1024,1,8
"KERNEL_DISPATCH",4,2,82,"tile_fp16_reduce(float const*, float*, int, int)",2104,42190224614986,42190224619134,0,0,256,1,1,8192,1,1
"KERNEL_DISPATCH",4,2,33,"void dequantize_block_iq3_s<__half>(void const*, __half*)",2105,42190224639134,42190224656764,0,0,32,1,1,163840,1,1
"KERNEL_DISPATCH",4,2,35,"void convert_unary<float, __half>(void const*, __half*, long, long, long, HIP_vector_type<unsigned int, 3u>, long, long, long)",2106,42190224656764,42190224673357,0,0,256,1,1,655360,1,1
"KERNEL_DISPATCH",4,2,79,"void tile_fp16_gemm<128, 64, 4, 8, 32, false>(__half const*, __half const*, float*, float*, int, int, int, long, int)",2107,42190224673357,42190224777803,0,25088,256,1,1,1024,1,8
"KERNEL_DISPATCH",4,2,82,"tile_fp16_reduce(float const*, float*, int, int)",2108,42190224777803,42190224781951,0,0,256,1,1,8192,1,1
"KERNEL_DISPATCH",4,2,33,"void dequantize_block_iq3_s<__half>(void const*, __half*)",2109,42190224802099,42190224819433,0,0,32,1,1,163840,1,1
"KERNEL_DISPATCH",4,2,35,"void convert_unary<float, __half>(void const*, __half*, long, long, long, HIP_vector_type<unsigned int, 3u>, long, long, long)",2110,42190224819433,42190224836174,0,0,256,1,1,655360,1,1
"KERNEL_DISPATCH",4,2,79,"void tile_fp16_gemm<128, 64, 4, 8, 32, false>(__half const*, __half const*, float*, float*, int, int, int, long, int)",2111,42190224836174,42190224940619,0,25088,256,1,1,1024,1,8
"KERNEL_DISPATCH",4,2,82,"tile_fp16_reduce(float const*, float*, int, int)",2112,42190224940619,42190224944915,0,0,256,1,1,8192,1,1
"KERNEL_DISPATCH",4,2,33,"void dequantize_block_iq3_s<__half>(void const*, __half*)",2113,42190224964767,42190224982101,0,0,32,1,1,163840,1,1
"KERNEL_DISPATCH",4,2,35,"void convert_unary<float, __half>(void const*, __half*, long, long, long, HIP_vector_type<unsigned int, 3u>, long, long, long)",2114,42190224982101,42190224998990,0,0,256,1,1,655360,1,1
"KERNEL_DISPATCH",4,2,79,"void tile_fp16_gemm<128, 64, 4, 8, 32, false>(__half const*, __half const*, float*, float*, int, int, int, long, int)",2115,42190224998990,42190225103880,0,25088,256,1,1,1024,1,8
"KERNEL_DISPATCH",4,2,82,"tile_fp16_reduce(float const*, float*, int, int)",2116,42190225103880,42190225107880,0,0,256,1,1,8192,1,1
"KERNEL_DISPATCH",4,2,33,"void dequantize_block_iq3_s<__half>(void const*, __half*)",2117,42190225127880,42190225145362,0,0,32,1,1,163840,1,1
"KERNEL_DISPATCH",4,2,35,"void convert_unary<float, __half>(void const*, __half*, long, long, long, HIP_vector_type<unsigned int, 3u>, long, long, long)",2118,42190225145362,42190225161955,0,0,256,1,1,655360,1,1
"KERNEL_DISPATCH",4,2,79,"void tile_fp16_gemm<128, 64, 4, 8, 32, false>(__half const*, __half const*, float*, float*, int, int, int, long, int)",2119,42190225161955,42190225266252,0,25088,256,1,1,1024,1,8
"KERNEL_DISPATCH",4,2,82,"tile_fp16_reduce(float const*, float*, int, int)",2120,42190225266252,42190225270400,0,0,256,1,1,8192,1,1
"KERNEL_DISPATCH",4,2,33,"void dequantize_block_iq3_s<__half>(void const*, __half*)",2121,42190225290400,42190225308030,0,0,32,1,1,163840,1,1
"KERNEL_DISPATCH",4,2,35,"void convert_unary<float, __half>(void const*, __half*, long, long, long, HIP_vector_type<unsigned int, 3u>, long, long, long)",2122,42190225308030,42190225324623,0,0,256,1,1,655360,1,1
"KERNEL_DISPATCH",4,2,79,"void tile_fp16_gemm<128, 64, 4, 8, 32, false>(__half const*, __half const*, float*, float*, int, int, int, long, int)",2123,42190225324623,42190225430254,0,25088,256,1,1,1024,1,8
"KERNEL_DISPATCH",4,2,82,"tile_fp16_reduce(float const*, float*, int, int)",2124,42190225430254,42190225434254,0,0,256,1,1,8192,1,1
"KERNEL_DISPATCH",4,2,33,"void dequantize_block_iq3_s<__half>(void const*, __half*)",2125,42190225454106,42190225471736,0,0,32,1,1,163840,1,1
"KERNEL_DISPATCH",4,2,35,"void convert_unary<float, __half>(void const*, __half*, long, long, long, HIP_vector_type<unsigned int, 3u>, long, long, long)",2126,42190225471736,42190225488328,0,0,256,1,1,655360,1,1
"KERNEL_DISPATCH",4,2,79,"void tile_fp16_gemm<128, 64, 4, 8, 32, false>(__half const*, __half const*, float*, float*, int, int, int, long, int)",2127,42190225488328,42190225594848,0,25088,256,1,1,1024,1,8
"KERNEL_DISPATCH",4,2,82,"tile_fp16_reduce(float const*, float*, int, int)",2128,42190225594848,42190225598996,0,0,256,1,1,8192,1,1
"KERNEL_DISPATCH",4,2,33,"void dequantize_block_iq3_s<__half>(void const*, __half*)",2129,42190225619145,42190225636478,0,0,32,1,1,163840,1,1
"KERNEL_DISPATCH",4,2,35,"void convert_unary<float, __half>(void const*, __half*, long, long, long, HIP_vector_type<unsigned int, 3u>, long, long, long)",2130,42190225636478,42190225653367,0,0,256,1,1,655360,1,1
"KERNEL_DISPATCH",4,2,79,"void tile_fp16_gemm<128, 64, 4, 8, 32, false>(__half const*, __half const*, float*, float*, int, int, int, long, int)",2131,42190225653367,42190225757665,0,25088,256,1,1,1024,1,8
"KERNEL_DISPATCH",4,2,82,"tile_fp16_reduce(float const*, float*, int, int)",2132,42190225757665,42190225761813,0,0,256,1,1,8192,1,1
"KERNEL_DISPATCH",4,2,33,"void dequantize_block_iq3_s<__half>(void const*, __half*)",2133,42190225781517,42190225799295,0,0,32,1,1,163840,1,1
"KERNEL_DISPATCH",4,2,35,"void convert_unary<float, __half>(void const*, __half*, long, long, long, HIP_vector_type<unsigned int, 3u>, long, long, long)",2134,42190225799295,42190225815887,0,0,256,1,1,655360,1,1
"KERNEL_DISPATCH",4,2,79,"void tile_fp16_gemm<128, 64, 4, 8, 32, false>(__half const*, __half const*, float*, float*, int, int, int, long, int)",2135,42190225815887,42190225920037,0,25088,256,1,1,1024,1,8
"KERNEL_DISPATCH",4,2,82,"tile_fp16_reduce(float const*, float*, int, int)",2136,42190225920037,42190225924185,0,0,256,1,1,8192,1,1
"KERNEL_DISPATCH",4,2,33,"void dequantize_block_iq3_s<__half>(void const*, __half*)",2137,42190225943889,42190225961370,0,0,32,1,1,163840,1,1
"KERNEL_DISPATCH",4,2,35,"void convert_unary<float, __half>(void const*, __half*, long, long, long, HIP_vector_type<unsigned int, 3u>, long, long, long)",2138,42190225961370,42190225978111,0,0,256,1,1,655360,1,1
"KERNEL_DISPATCH",4,2,79,"void tile_fp16_gemm<128, 64, 4, 8, 32, false>(__half const*, __half const*, float*, float*, int, int, int, long, int)",2139,42190225978111,42190226082409,0,25088,256,1,1,1024,1,8
"KERNEL_DISPATCH",4,2,82,"tile_fp16_reduce(float const*, float*, int, int)",2140,42190226082409,42190226086705,0,0,256,1,1,8192,1,1
"KERNEL_DISPATCH",4,2,33,"void dequantize_block_iq3_s<__half>(void const*, __half*)",2141,42190226107298,42190226124779,0,0,32,1,1,163840,1,1
"KERNEL_DISPATCH",4,2,35,"void convert_unary<float, __half>(void const*, __half*, long, long, long, HIP_vector_type<unsigned int, 3u>, long, long, long)",2142,42190226124779,42190226141520,0,0,256,1,1,655360,1,1
"KERNEL_DISPATCH",4,2,79,"void tile_fp16_gemm<128, 64, 4, 8, 32, false>(__half const*, __half const*, float*, float*, int, int, int, long, int)",2143,42190226141520,42190226245818,0,25088,256,1,1,1024,1,8
"KERNEL_DISPATCH",4,2,82,"tile_fp16_reduce(float const*, float*, int, int)",2144,42190226245818,42190226250114,0,0,256,1,1,8192,1,1
"KERNEL_DISPATCH",4,2,33,"void dequantize_block_iq3_s<__half>(void const*, __half*)",2145,42190226269966,42190226287596,0,0,32,1,1,163840,1,1
"KERNEL_DISPATCH",4,2,35,"void convert_unary<float, __half>(void const*, __half*, long, long, long, HIP_vector_type<unsigned int, 3u>, long, long, long)",2146,42190226287596,42190226304189,0,0,256,1,1,655360,1,1
"KERNEL_DISPATCH",4,2,79,"void tile_fp16_gemm<128, 64, 4, 8, 32, false>(__half const*, __half const*, float*, float*, int, int, int, long, int)",2147,42190226304189,42190226409375,0,25088,256,1,1,1024,1,8
"KERNEL_DISPATCH",4,2,82,"tile_fp16_reduce(float const*, float*, int, int)",2148,42190226409375,42190226413671,0,0,256,1,1,8192,1,1
"KERNEL_DISPATCH",4,2,33,"void dequantize_block_iq3_s<__half>(void const*, __half*)",2149,42190226433672,42190226451153,0,0,32,1,1,163840,1,1
"KERNEL_DISPATCH",4,2,35,"void convert_unary<float, __half>(void const*, __half*, long, long, long, HIP_vector_type<unsigned int, 3u>, long, long, long)",2150,42190226451153,42190226467746,0,0,256,1,1,655360,1,1
"KERNEL_DISPATCH",4,2,79,"void tile_fp16_gemm<128, 64, 4, 8, 32, false>(__half const*, __half const*, float*, float*, int, int, int, long, int)",2151,42190226467746,42190226572340,0,25088,256,1,1,1024,1,8
"KERNEL_DISPATCH",4,2,82,"tile_fp16_reduce(float const*, float*, int, int)",2152,42190226572340,42190226576784,0,0,256,1,1,8192,1,1
"KERNEL_DISPATCH",4,2,33,"void dequantize_block_iq3_s<__half>(void const*, __half*)",2153,42190226596192,42190226613822,0,0,32,1,1,163840,1,1
"KERNEL_DISPATCH",4,2,35,"void convert_unary<float, __half>(void const*, __half*, long, long, long, HIP_vector_type<unsigned int, 3u>, long, long, long)",2154,42190226613822,42190226630562,0,0,256,1,1,655360,1,1
"KERNEL_DISPATCH",4,2,79,"void tile_fp16_gemm<128, 64, 4, 8, 32, false>(__half const*, __half const*, float*, float*, int, int, int, long, int)",2155,42190226630562,42190226735304,0,25088,256,1,1,1024,1,8
"KERNEL_DISPATCH",4,2,82,"tile_fp16_reduce(float const*, float*, int, int)",2156,42190226735304,42190226739453,0,0,256,1,1,8192,1,1
"KERNEL_DISPATCH",4,2,33,"void dequantize_block_iq3_s<__half>(void const*, __half*)",2157,42190226759156,42190226776934,0,0,32,1,1,163840,1,1
"KERNEL_DISPATCH",4,2,35,"void convert_unary<float, __half>(void const*, __half*, long, long, long, HIP_vector_type<unsigned int, 3u>, long, long, long)",2158,42190226776934,42190226793675,0,0,256,1,1,655360,1,1
"KERNEL_DISPATCH",4,2,79,"void tile_fp16_gemm<128, 64, 4, 8, 32, false>(__half const*, __half const*, float*, float*, int, int, int, long, int)",2159,42190226793675,42190226897825,0,25088,256,1,1,1024,1,8
"KERNEL_DISPATCH",4,2,82,"tile_fp16_reduce(float const*, float*, int, int)",2160,42190226897825,42190226902121,0,0,256,1,1,8192,1,1
"KERNEL_DISPATCH",4,2,33,"void dequantize_block_iq3_s<__half>(void const*, __half*)",2161,42190226921825,42190226939306,0,0,32,1,1,163840,1,1
"KERNEL_DISPATCH",4,2,35,"void convert_unary<float, __half>(void const*, __half*, long, long, long, HIP_vector_type<unsigned int, 3u>, long, long, long)",2162,42190226939306,42190226956196,0,0,256,1,1,655360,1,1
"KERNEL_DISPATCH",4,2,79,"void tile_fp16_gemm<128, 64, 4, 8, 32, false>(__half const*, __half const*, float*, float*, int, int, int, long, int)",2163,42190226956196,42190227060493,0,25088,256,1,1,1024,1,8
"KERNEL_DISPATCH",4,2,82,"tile_fp16_reduce(float const*, float*, int, int)",2164,42190227060493,42190227064937,0,0,256,1,1,8192,1,1
"KERNEL_DISPATCH",4,2,33,"void dequantize_block_iq3_s<__half>(void const*, __half*)",2165,42190227084493,42190227101975,0,0,32,1,1,163840,1,1
"KERNEL_DISPATCH",4,2,35,"void convert_unary<float, __half>(void const*, __half*, long, long, long, HIP_vector_type<unsigned int, 3u>, long, long, long)",2166,42190227101975,42190227118716,0,0,256,1,1,655360,1,1
"KERNEL_DISPATCH",4,2,79,"void tile_fp16_gemm<128, 64, 4, 8, 32, false>(__half const*, __half const*, float*, float*, int, int, int, long, int)",2167,42190227118716,42190227224198,0,25088,256,1,1,1024,1,8
"KERNEL_DISPATCH",4,2,82,"tile_fp16_reduce(float const*, float*, int, int)",2168,42190227224198,42190227228495,0,0,256,1,1,8192,1,1
"KERNEL_DISPATCH",4,2,33,"void dequantize_block_iq3_s<__half>(void const*, __half*)",2169,42190227248347,42190227265680,0,0,32,1,1,163840,1,1
"KERNEL_DISPATCH",4,2,35,"void convert_unary<float, __half>(void const*, __half*, long, long, long, HIP_vector_type<unsigned int, 3u>, long, long, long)",2170,42190227265680,42190227282569,0,0,256,1,1,655360,1,1
"KERNEL_DISPATCH",4,2,79,"void tile_fp16_gemm<128, 64, 4, 8, 32, false>(__half const*, __half const*, float*, float*, int, int, int, long, int)",2171,42190227282569,42190227387607,0,25088,256,1,1,1024,1,8
"KERNEL_DISPATCH",4,2,82,"tile_fp16_reduce(float const*, float*, int, int)",2172,42190227387607,42190227392052,0,0,256,1,1,8192,1,1
"KERNEL_DISPATCH",4,2,33,"void dequantize_block_iq3_s<__half>(void const*, __half*)",2173,42190227411608,42190227429089,0,0,32,1,1,163840,1,1
"KERNEL_DISPATCH",4,2,35,"void convert_unary<float, __half>(void const*, __half*, long, long, long, HIP_vector_type<unsigned int, 3u>, long, long, long)",2174,42190227429089,42190227445682,0,0,256,1,1,655360,1,1
"KERNEL_DISPATCH",4,2,79,"void tile_fp16_gemm<128, 64, 4, 8, 32, false>(__half const*, __half const*, float*, float*, int, int, int, long, int)",2175,42190227445682,42190227550720,0,25088,256,1,1,1024,1,8
"KERNEL_DISPATCH",4,2,82,"tile_fp16_reduce(float const*, float*, int, int)",2176,42190227550720,42190227554868,0,0,256,1,1,8192,1,1
"KERNEL_DISPATCH",4,2,33,"void dequantize_block_iq3_s<__half>(void const*, __half*)",2177,42190227575165,42190227592647,0,0,32,1,1,163840,1,1
"KERNEL_DISPATCH",4,2,35,"void convert_unary<float, __half>(void const*, __half*, long, long, long, HIP_vector_type<unsigned int, 3u>, long, long, long)",2178,42190227592647,42190227609387,0,0,256,1,1,655360,1,1
"KERNEL_DISPATCH",4,2,79,"void tile_fp16_gemm<128, 64, 4, 8, 32, false>(__half const*, __half const*, float*, float*, int, int, int, long, int)",2179,42190227609387,42190227713833,0,25088,256,1,1,1024,1,8
"KERNEL_DISPATCH",4,2,82,"tile_fp16_reduce(float const*, float*, int, int)",2180,42190227713833,42190227718129,0,0,256,1,1,8192,1,1
"KERNEL_DISPATCH",4,2,33,"void dequantize_block_iq3_s<__half>(void const*, __half*)",2181,42190227737537,42190227755019,0,0,32,1,1,163840,1,1
"KERNEL_DISPATCH",4,2,35,"void convert_unary<float, __half>(void const*, __half*, long, long, long, HIP_vector_type<unsigned int, 3u>, long, long, long)",2182,42190227755019,42190227771760,0,0,256,1,1,655360,1,1
"KERNEL_DISPATCH",4,2,79,"void tile_fp16_gemm<128, 64, 4, 8, 32, false>(__half const*, __half const*, float*, float*, int, int, int, long, int)",2183,42190227771760,42190227877094,0,25088,256,1,1,1024,1,8
"KERNEL_DISPATCH",4,2,82,"tile_fp16_reduce(float const*, float*, int, int)",2184,42190227877094,42190227881390,0,0,256,1,1,8192,1,1
"KERNEL_DISPATCH",4,2,33,"void dequantize_block_iq3_s<__half>(void const*, __half*)",2185,42190227901835,42190227919317,0,0,32,1,1,163840,1,1
"KERNEL_DISPATCH",4,2,35,"void convert_unary<float, __half>(void const*, __half*, long, long, long, HIP_vector_type<unsigned int, 3u>, long, long, long)",2186,42190227919317,42190227935909,0,0,256,1,1,655360,1,1
"KERNEL_DISPATCH",4,2,79,"void tile_fp16_gemm<128, 64, 4, 8, 32, false>(__half const*, __half const*, float*, float*, int, int, int, long, int)",2187,42190227935909,42190228040207,0,25088,256,1,1,1024,1,8
"KERNEL_DISPATCH",4,2,82,"tile_fp16_reduce(float const*, float*, int, int)",2188,42190228040207,42190228044355,0,0,256,1,1,8192,1,1
"KERNEL_DISPATCH",4,2,33,"void dequantize_block_iq3_s<__half>(void const*, __half*)",2189,42190228064207,42190228081689,0,0,32,1,1,163840,1,1
"KERNEL_DISPATCH",4,2,35,"void convert_unary<float, __half>(void const*, __half*, long, long, long, HIP_vector_type<unsigned int, 3u>, long, long, long)",2190,42190228081689,42190228098281,0,0,256,1,1,655360,1,1
"KERNEL_DISPATCH",4,2,79,"void tile_fp16_gemm<128, 64, 4, 8, 32, false>(__half const*, __half const*, float*, float*, int, int, int, long, int)",2191,42190228098281,42190228202579,0,25088,256,1,1,1024,1,8
"KERNEL_DISPATCH",4,2,82,"tile_fp16_reduce(float const*, float*, int, int)",2192,42190228202579,42190228206727,0,0,256,1,1,8192,1,1
"KERNEL_DISPATCH",4,2,33,"void dequantize_block_iq3_s<__half>(void const*, __half*)",2193,42190228226875,42190228244357,0,0,32,1,1,163840,1,1
"KERNEL_DISPATCH",4,2,35,"void convert_unary<float, __half>(void const*, __half*, long, long, long, HIP_vector_type<unsigned int, 3u>, long, long, long)",2194,42190228244357,42190228260950,0,0,256,1,1,655360,1,1
"KERNEL_DISPATCH",4,2,79,"void tile_fp16_gemm<128, 64, 4, 8, 32, false>(__half const*, __half const*, float*, float*, int, int, int, long, int)",2195,42190228260950,42190228365247,0,25088,256,1,1,1024,1,8
"KERNEL_DISPATCH",4,2,82,"tile_fp16_reduce(float const*, float*, int, int)",2196,42190228365247,42190228369395,0,0,256,1,1,8192,1,1
"KERNEL_DISPATCH",4,2,33,"void dequantize_block_iq3_s<__half>(void const*, __half*)",2197,42190228389396,42190228406877,0,0,32,1,1,163840,1,1
"KERNEL_DISPATCH",4,2,35,"void convert_unary<float, __half>(void const*, __half*, long, long, long, HIP_vector_type<unsigned int, 3u>, long, long, long)",2198,42190228406877,42190228423618,0,0,256,1,1,655360,1,1
"KERNEL_DISPATCH",4,2,79,"void tile_fp16_gemm<128, 64, 4, 8, 32, false>(__half const*, __half const*, float*, float*, int, int, int, long, int)",2199,42190228423618,42190228528360,0,25088,256,1,1,1024,1,8
"KERNEL_DISPATCH",4,2,82,"tile_fp16_reduce(float const*, float*, int, int)",2200,42190228528360,42190228532656,0,0,256,1,1,8192,1,1
"KERNEL_DISPATCH",4,2,33,"void dequantize_block_iq3_s<__half>(void const*, __half*)",2201,42190228552657,42190228570138,0,0,32,1,1,163840,1,1
"KERNEL_DISPATCH",4,2,35,"void convert_unary<float, __half>(void const*, __half*, long, long, long, HIP_vector_type<unsigned int, 3u>, long, long, long)",2202,42190228570138,42190228587027,0,0,256,1,1,655360,1,1
"KERNEL_DISPATCH",4,2,79,"void tile_fp16_gemm<128, 64, 4, 8, 32, false>(__half const*, __half const*, float*, float*, int, int, int, long, int)",2203,42190228587027,42190228691621,0,25088,256,1,1,1024,1,8
"KERNEL_DISPATCH",4,2,82,"tile_fp16_reduce(float const*, float*, int, int)",2204,42190228691621,42190228695769,0,0,256,1,1,8192,1,1
"KERNEL_DISPATCH",4,2,33,"void dequantize_block_iq3_s<__half>(void const*, __half*)",2205,42190228715917,42190228733251,0,0,32,1,1,163840,1,1
"KERNEL_DISPATCH",4,2,35,"void convert_unary<float, __half>(void const*, __half*, long, long, long, HIP_vector_type<unsigned int, 3u>, long, long, long)",2206,42190228733251,42190228749844,0,0,256,1,1,655360,1,1
"KERNEL_DISPATCH",4,2,79,"void tile_fp16_gemm<128, 64, 4, 8, 32, false>(__half const*, __half const*, float*, float*, int, int, int, long, int)",2207,42190228749844,42190228854586,0,25088,256,1,1,1024,1,8
"KERNEL_DISPATCH",4,2,82,"tile_fp16_reduce(float const*, float*, int, int)",2208,42190228854586,42190228858882,0,0,256,1,1,8192,1,1
"KERNEL_DISPATCH",4,2,33,"void dequantize_block_iq3_s<__half>(void const*, __half*)",2209,42190228878586,42190228896067,0,0,32,1,1,163840,1,1
"KERNEL_DISPATCH",4,2,35,"void convert_unary<float, __half>(void const*, __half*, long, long, long, HIP_vector_type<unsigned int, 3u>, long, long, long)",2210,42190228896067,42190228912660,0,0,256,1,1,655360,1,1
"KERNEL_DISPATCH",4,2,79,"void tile_fp16_gemm<128, 64, 4, 8, 32, false>(__half const*, __half const*, float*, float*, int, int, int, long, int)",2211,42190228912660,42190229017402,0,25088,256,1,1,1024,1,8
"KERNEL_DISPATCH",4,2,82,"tile_fp16_reduce(float const*, float*, int, int)",2212,42190229017402,42190229021550,0,0,256,1,1,8192,1,1
"KERNEL_DISPATCH",4,2,33,"void dequantize_block_iq3_s<__half>(void const*, __half*)",2213,42190229041550,42190229059328,0,0,32,1,1,163840,1,1
"KERNEL_DISPATCH",4,2,35,"void convert_unary<float, __half>(void const*, __half*, long, long, long, HIP_vector_type<unsigned int, 3u>, long, long, long)",2214,42190229059328,42190229076217,0,0,256,1,1,655360,1,1
"KERNEL_DISPATCH",4,2,79,"void tile_fp16_gemm<128, 64, 4, 8, 32, false>(__half const*, __half const*, float*, float*, int, int, int, long, int)",2215,42190229076217,42190229181552,0,25088,256,1,1,1024,1,8
"KERNEL_DISPATCH",4,2,82,"tile_fp16_reduce(float const*, float*, int, int)",2216,42190229181552,42190229185848,0,0,256,1,1,8192,1,1
"KERNEL_DISPATCH",4,2,33,"void dequantize_block_iq3_s<__half>(void const*, __half*)",2217,42190229205552,42190229223034,0,0,32,1,1,163840,1,1
"KERNEL_DISPATCH",4,2,35,"void convert_unary<float, __half>(void const*, __half*, long, long, long, HIP_vector_type<unsigned int, 3u>, long, long, long)",2218,42190229223034,42190229239627,0,0,256,1,1,655360,1,1
"KERNEL_DISPATCH",4,2,79,"void tile_fp16_gemm<128, 64, 4, 8, 32, false>(__half const*, __half const*, float*, float*, int, int, int, long, int)",2219,42190229239627,42190229344220,0,25088,256,1,1,1024,1,8
"KERNEL_DISPATCH",4,2,82,"tile_fp16_reduce(float const*, float*, int, int)",2220,42190229344220,42190229348220,0,0,256,1,1,8192,1,1
"KERNEL_DISPATCH",4,2,33,"void dequantize_block_iq3_s<__half>(void const*, __half*)",2221,42190229368072,42190229385554,0,0,32,1,1,163840,1,1
"KERNEL_DISPATCH",4,2,35,"void convert_unary<float, __half>(void const*, __half*, long, long, long, HIP_vector_type<unsigned int, 3u>, long, long, long)",2222,42190229385554,42190229402295,0,0,256,1,1,655360,1,1
"KERNEL_DISPATCH",4,2,79,"void tile_fp16_gemm<128, 64, 4, 8, 32, false>(__half const*, __half const*, float*, float*, int, int, int, long, int)",2223,42190229402295,42190229508666,0,25088,256,1,1,1024,1,8
"KERNEL_DISPATCH",4,2,82,"tile_fp16_reduce(float const*, float*, int, int)",2224,42190229508666,42190229512815,0,0,256,1,1,8192,1,1
"KERNEL_DISPATCH",4,2,33,"void dequantize_block_iq3_s<__half>(void const*, __half*)",2225,42190229532370,42190229549852,0,0,32,1,1,163840,1,1
"KERNEL_DISPATCH",4,2,35,"void convert_unary<float, __half>(void const*, __half*, long, long, long, HIP_vector_type<unsigned int, 3u>, long, long, long)",2226,42190229549852,42190229566593,0,0,256,1,1,655360,1,1
"KERNEL_DISPATCH",4,2,79,"void tile_fp16_gemm<128, 64, 4, 8, 32, false>(__half const*, __half const*, float*, float*, int, int, int, long, int)",2227,42190229566593,42190229670890,0,25088,256,1,1,1024,1,8
"KERNEL_DISPATCH",4,2,82,"tile_fp16_reduce(float const*, float*, int, int)",2228,42190229670890,42190229675039,0,0,256,1,1,8192,1,1
"KERNEL_DISPATCH",4,2,33,"void dequantize_block_iq3_s<__half>(void const*, __half*)",2229,42190229695631,42190229713113,0,0,32,1,1,163840,1,1
"KERNEL_DISPATCH",4,2,35,"void convert_unary<float, __half>(void const*, __half*, long, long, long, HIP_vector_type<unsigned int, 3u>, long, long, long)",2230,42190229713113,42190229729706,0,0,256,1,1,655360,1,1
"KERNEL_DISPATCH",4,2,79,"void tile_fp16_gemm<128, 64, 4, 8, 32, false>(__half const*, __half const*, float*, float*, int, int, int, long, int)",2231,42190229729706,42190229835040,0,25088,256,1,1,1024,1,8
"KERNEL_DISPATCH",4,2,82,"tile_fp16_reduce(float const*, float*, int, int)",2232,42190229835040,42190229839337,0,0,256,1,1,8192,1,1
"KERNEL_DISPATCH",4,2,33,"void dequantize_block_iq3_s<__half>(void const*, __half*)",2233,42190229859337,42190229876818,0,0,32,1,1,163840,1,1
"KERNEL_DISPATCH",4,2,35,"void convert_unary<float, __half>(void const*, __half*, long, long, long, HIP_vector_type<unsigned int, 3u>, long, long, long)",2234,42190229876818,42190229893411,0,0,256,1,1,655360,1,1
"KERNEL_DISPATCH",4,2,79,"void tile_fp16_gemm<128, 64, 4, 8, 32, false>(__half const*, __half const*, float*, float*, int, int, int, long, int)",2235,42190229893411,42190230000523,0,25088,256,1,1,1024,1,8
"KERNEL_DISPATCH",4,2,82,"tile_fp16_reduce(float const*, float*, int, int)",2236,42190230000523,42190230004820,0,0,256,1,1,8192,1,1
"KERNEL_DISPATCH",4,2,33,"void dequantize_block_iq3_s<__half>(void const*, __half*)",2237,42190230024375,42190230042005,0,0,32,1,1,163840,1,1
"KERNEL_DISPATCH",4,2,35,"void convert_unary<float, __half>(void const*, __half*, long, long, long, HIP_vector_type<unsigned int, 3u>, long, long, long)",2238,42190230042005,42190230058598,0,0,256,1,1,655360,1,1
"KERNEL_DISPATCH",4,2,79,"void tile_fp16_gemm<128, 64, 4, 8, 32, false>(__half const*, __half const*, float*, float*, int, int, int, long, int)",2239,42190230058598,42190230163340,0,25088,256,1,1,1024,1,8
"KERNEL_DISPATCH",4,2,82,"tile_fp16_reduce(float const*, float*, int, int)",2240,42190230163340,42190230167488,0,0,256,1,1,8192,1,1
"KERNEL_DISPATCH",4,2,33,"void dequantize_block_iq3_s<__half>(void const*, __half*)",2241,42190230187340,42190230204822,0,0,32,1,1,163840,1,1
"KERNEL_DISPATCH",4,2,35,"void convert_unary<float, __half>(void const*, __half*, long, long, long, HIP_vector_type<unsigned int, 3u>, long, long, long)",2242,42190230204822,42190230221711,0,0,256,1,1,655360,1,1
"KERNEL_DISPATCH",4,2,79,"void tile_fp16_gemm<128, 64, 4, 8, 32, false>(__half const*, __half const*, float*, float*, int, int, int, long, int)",2243,42190230221711,42190230325860,0,25088,256,1,1,1024,1,8
"KERNEL_DISPATCH",4,2,82,"tile_fp16_reduce(float const*, float*, int, int)",2244,42190230325860,42190230330156,0,0,256,1,1,8192,1,1
"KERNEL_DISPATCH",4,2,33,"void dequantize_block_iq3_s<__half>(void const*, __half*)",2245,42190230349860,42190230367490,0,0,32,1,1,163840,1,1
"KERNEL_DISPATCH",4,2,35,"void convert_unary<float, __half>(void const*, __half*, long, long, long, HIP_vector_type<unsigned int, 3u>, long, long, long)",2246,42190230367490,42190230384083,0,0,256,1,1,655360,1,1
"KERNEL_DISPATCH",4,2,79,"void tile_fp16_gemm<128, 64, 4, 8, 32, false>(__half const*, __half const*, float*, float*, int, int, int, long, int)",2247,42190230384083,42190230488677,0,25088,256,1,1,1024,1,8
"KERNEL_DISPATCH",4,2,82,"tile_fp16_reduce(float const*, float*, int, int)",2248,42190230488677,42190230493121,0,0,256,1,1,8192,1,1
"KERNEL_DISPATCH",4,2,33,"void dequantize_block_iq3_s<__half>(void const*, __half*)",2249,42190230512825,42190230530455,0,0,32,1,1,163840,1,1
"KERNEL_DISPATCH",4,2,35,"void convert_unary<float, __half>(void const*, __half*, long, long, long, HIP_vector_type<unsigned int, 3u>, long, long, long)",2250,42190230530455,42190230547048,0,0,256,1,1,655360,1,1
"KERNEL_DISPATCH",4,2,79,"void tile_fp16_gemm<128, 64, 4, 8, 32, false>(__half const*, __half const*, float*, float*, int, int, int, long, int)",2251,42190230547048,42190230651493,0,25088,256,1,1,1024,1,8
"KERNEL_DISPATCH",4,2,82,"tile_fp16_reduce(float const*, float*, int, int)",2252,42190230651493,42190230655641,0,0,256,1,1,8192,1,1
"KERNEL_DISPATCH",4,2,33,"void dequantize_block_iq3_s<__half>(void const*, __half*)",2253,42190230675345,42190230692827,0,0,32,1,1,163840,1,1
"KERNEL_DISPATCH",4,2,35,"void convert_unary<float, __half>(void const*, __half*, long, long, long, HIP_vector_type<unsigned int, 3u>, long, long, long)",2254,42190230692827,42190230709568,0,0,256,1,1,655360,1,1
"KERNEL_DISPATCH",4,2,79,"void tile_fp16_gemm<128, 64, 4, 8, 32, false>(__half const*, __half const*, float*, float*, int, int, int, long, int)",2255,42190230709568,42190230813865,0,25088,256,1,1,1024,1,8
"KERNEL_DISPATCH",4,2,82,"tile_fp16_reduce(float const*, float*, int, int)",2256,42190230813865,42190230818161,0,0,256,1,1,8192,1,1
"KERNEL_DISPATCH",4,2,33,"void dequantize_block_iq3_s<__half>(void const*, __half*)",2257,42190230837717,42190230855199,0,0,32,1,1,163840,1,1
"KERNEL_DISPATCH",4,2,35,"void convert_unary<float, __half>(void const*, __half*, long, long, long, HIP_vector_type<unsigned int, 3u>, long, long, long)",2258,42190230855199,42190230872236,0,0,256,1,1,655360,1,1
"KERNEL_DISPATCH",4,2,79,"void tile_fp16_gemm<128, 64, 4, 8, 32, false>(__half const*, __half const*, float*, float*, int, int, int, long, int)",2259,42190230872236,42190230978904,0,25088,256,1,1,1024,1,8
"KERNEL_DISPATCH",4,2,82,"tile_fp16_reduce(float const*, float*, int, int)",2260,42190230978904,42190230983052,0,0,256,1,1,8192,1,1
"KERNEL_DISPATCH",4,2,33,"void dequantize_block_iq3_s<__half>(void const*, __half*)",2261,42190231003349,42190231020830,0,0,32,1,1,163840,1,1
"KERNEL_DISPATCH",4,2,35,"void convert_unary<float, __half>(void const*, __half*, long, long, long, HIP_vector_type<unsigned int, 3u>, long, long, long)",2262,42190231020830,42190231037423,0,0,256,1,1,655360,1,1
"KERNEL_DISPATCH",4,2,79,"void tile_fp16_gemm<128, 64, 4, 8, 32, false>(__half const*, __half const*, float*, float*, int, int, int, long, int)",2263,42190231037423,42190231142461,0,25088,256,1,1,1024,1,8
"KERNEL_DISPATCH",4,2,82,"tile_fp16_reduce(float const*, float*, int, int)",2264,42190231142461,42190231146757,0,0,256,1,1,8192,1,1
"KERNEL_DISPATCH",4,2,33,"void dequantize_block_iq3_s<__half>(void const*, __half*)",2265,42190231166758,42190231184239,0,0,32,1,1,163840,1,1
"KERNEL_DISPATCH",4,2,35,"void convert_unary<float, __half>(void const*, __half*, long, long, long, HIP_vector_type<unsigned int, 3u>, long, long, long)",2266,42190231184239,42190231200832,0,0,256,1,1,655360,1,1
"KERNEL_DISPATCH",4,2,79,"void tile_fp16_gemm<128, 64, 4, 8, 32, false>(__half const*, __half const*, float*, float*, int, int, int, long, int)",2267,42190231200832,42190231305278,0,25088,256,1,1,1024,1,8
"KERNEL_DISPATCH",4,2,82,"tile_fp16_reduce(float const*, float*, int, int)",2268,42190231305278,42190231309574,0,0,256,1,1,8192,1,1
"KERNEL_DISPATCH",4,2,33,"void dequantize_block_iq3_s<__half>(void const*, __half*)",2269,42190521389596,42190521407967,0,0,32,1,1,163840,1,1
"KERNEL_DISPATCH",4,2,35,"void convert_unary<float, __half>(void const*, __half*, long, long, long, HIP_vector_type<unsigned int, 3u>, long, long, long)",2270,42190521407967,42190521427670,0,0,256,1,1,655360,1,1
"KERNEL_DISPATCH",4,2,79,"void tile_fp16_gemm<128, 64, 4, 8, 32, false>(__half const*, __half const*, float*, float*, int, int, int, long, int)",2271,42190521427670,42190521535819,0,25088,256,1,1,1024,1,8
"KERNEL_DISPATCH",4,2,82,"tile_fp16_reduce(float const*, float*, int, int)",2272,42190521535819,42190521540264,0,0,256,1,1,8192,1,1
"KERNEL_DISPATCH",4,2,33,"void dequantize_block_iq3_s<__half>(void const*, __half*)",2273,42190521852711,42190521870193,0,0,32,1,1,163840,1,1
"KERNEL_DISPATCH",4,2,35,"void convert_unary<float, __half>(void const*, __half*, long, long, long, HIP_vector_type<unsigned int, 3u>, long, long, long)",2274,42190521870193,42190521887378,0,0,256,1,1,655360,1,1
"KERNEL_DISPATCH",4,2,79,"void tile_fp16_gemm<128, 64, 4, 8, 32, false>(__half const*, __half const*, float*, float*, int, int, int, long, int)",2275,42190521887378,42190521993454,0,25088,256,1,1,1024,1,8
"KERNEL_DISPATCH",4,2,82,"tile_fp16_reduce(float const*, float*, int, int)",2276,42190521993454,42190521997750,0,0,256,1,1,8192,1,1
"KERNEL_DISPATCH",4,2,33,"void dequantize_block_iq3_s<__half>(void const*, __half*)",2277,42190522019380,42190522036861,0,0,32,1,1,163840,1,1
"KERNEL_DISPATCH",4,2,35,"void convert_unary<float, __half>(void const*, __half*, long, long, long, HIP_vector_type<unsigned int, 3u>, long, long, long)",2278,42190522036861,42190522053454,0,0,256,1,1,655360,1,1
"KERNEL_DISPATCH",4,2,79,"void tile_fp16_gemm<128, 64, 4, 8, 32, false>(__half const*, __half const*, float*, float*, int, int, int, long, int)",2279,42190522053454,42190522157752,0,25088,256,1,1,1024,1,8
"KERNEL_DISPATCH",4,2,82,"tile_fp16_reduce(float const*, float*, int, int)",2280,42190522157752,42190522161900,0,0,256,1,1,8192,1,1
"KERNEL_DISPATCH",4,2,33,"void dequantize_block_iq3_s<__half>(void const*, __half*)",2281,42190522186493,42190522204122,0,0,32,1,1,163840,1,1
"KERNEL_DISPATCH",4,2,35,"void convert_unary<float, __half>(void const*, __half*, long, long, long, HIP_vector_type<unsigned int, 3u>, long, long, long)",2282,42190522204122,42190522220715,0,0,256,1,1,655360,1,1
"KERNEL_DISPATCH",4,2,79,"void tile_fp16_gemm<128, 64, 4, 8, 32, false>(__half const*, __half const*, float*, float*, int, int, int, long, int)",2283,42190522220715,42190522325605,0,25088,256,1,1,1024,1,8
"KERNEL_DISPATCH",4,2,82,"tile_fp16_reduce(float const*, float*, int, int)",2284,42190522325605,42190522329753,0,0,256,1,1,8192,1,1
"KERNEL_DISPATCH",4,2,33,"void dequantize_block_iq3_s<__half>(void const*, __half*)",2285,42190522349605,42190522367383,0,0,32,1,1,163840,1,1
"KERNEL_DISPATCH",4,2,35,"void convert_unary<float, __half>(void const*, __half*, long, long, long, HIP_vector_type<unsigned int, 3u>, long, long, long)",2286,42190522367383,42190522384124,0,0,256,1,1,655360,1,1
"KERNEL_DISPATCH",4,2,79,"void tile_fp16_gemm<128, 64, 4, 8, 32, false>(__half const*, __half const*, float*, float*, int, int, int, long, int)",2287,42190522384124,42190522489162,0,25088,256,1,1,1024,1,8
"KERNEL_DISPATCH",4,2,82,"tile_fp16_reduce(float const*, float*, int, int)",2288,42190522489162,42190522493459,0,0,256,1,1,8192,1,1
"KERNEL_DISPATCH",4,2,33,"void dequantize_block_iq3_s<__half>(void const*, __half*)",2289,42190522513311,42190522530792,0,0,32,1,1,163840,1,1
"KERNEL_DISPATCH",4,2,82,"tile_fp16_reduce(float const*, float*, int, int)",2292,42190522651683,42190522655831,0,0,256,1,1,8192,1,1
"KERNEL_DISPATCH",4,2,79,"void tile_fp16_gemm<128, 64, 4, 8, 32, false>(__half const*, __half const*, float*, float*, int, int, int, long, int)",2291,42190522547385,42190522651683,0,25088,256,1,1,1024,1,8
"KERNEL_DISPATCH",4,2,35,"void convert_unary<float, __half>(void const*, __half*, long, long, long, HIP_vector_type<unsigned int, 3u>, long, long, long)",2290,42190522530792,42190522547385,0,0,256,1,1,655360,1,1
"KERNEL_DISPATCH",4,2,33,"void dequantize_block_iq3_s<__half>(void const*, __half*)",2293,42190522675387,42190522693016,0,0,32,1,1,163840,1,1
"KERNEL_DISPATCH",4,2,35,"void convert_unary<float, __half>(void const*, __half*, long, long, long, HIP_vector_type<unsigned int, 3u>, long, long, long)",2294,42190522693016,42190522709757,0,0,256,1,1,655360,1,1
"KERNEL_DISPATCH",4,2,79,"void tile_fp16_gemm<128, 64, 4, 8, 32, false>(__half const*, __half const*, float*, float*, int, int, int, long, int)",2295,42190522709757,42190522814203,0,25088,256,1,1,1024,1,8
"KERNEL_DISPATCH",4,2,82,"tile_fp16_reduce(float const*, float*, int, int)",2296,42190522814203,42190522818499,0,0,256,1,1,8192,1,1
"KERNEL_DISPATCH",4,2,33,"void dequantize_block_iq3_s<__half>(void const*, __half*)",2297,42190522839092,42190522856574,0,0,32,1,1,163840,1,1
"KERNEL_DISPATCH",4,2,35,"void convert_unary<float, __half>(void const*, __half*, long, long, long, HIP_vector_type<unsigned int, 3u>, long, long, long)",2298,42190522856574,42190522873315,0,0,256,1,1,655360,1,1
"KERNEL_DISPATCH",4,2,79,"void tile_fp16_gemm<128, 64, 4, 8, 32, false>(__half const*, __half const*, float*, float*, int, int, int, long, int)",2299,42190522873315,42190522977908,0,25088,256,1,1,1024,1,8
"KERNEL_DISPATCH",4,2,82,"tile_fp16_reduce(float const*, float*, int, int)",2300,42190522977908,42190522982056,0,0,256,1,1,8192,1,1
"KERNEL_DISPATCH",4,2,33,"void dequantize_block_iq3_s<__half>(void const*, __half*)",2301,42190523023538,42190523040872,0,0,32,1,1,163840,1,1
"KERNEL_DISPATCH",4,2,35,"void convert_unary<float, __half>(void const*, __half*, long, long, long, HIP_vector_type<unsigned int, 3u>, long, long, long)",2302,42190523040872,42190523057761,0,0,256,1,1,655360,1,1
"KERNEL_DISPATCH",4,2,79,"void tile_fp16_gemm<128, 64, 4, 8, 32, false>(__half const*, __half const*, float*, float*, int, int, int, long, int)",2303,42190523057761,42190523162503,0,25088,256,1,1,1024,1,8
"KERNEL_DISPATCH",4,2,82,"tile_fp16_reduce(float const*, float*, int, int)",2304,42190523162503,42190523166947,0,0,256,1,1,8192,1,1
"KERNEL_DISPATCH",4,2,33,"void dequantize_block_iq3_s<__half>(void const*, __half*)",2305,42190523186799,42190523204429,0,0,32,1,1,163840,1,1
"KERNEL_DISPATCH",4,2,35,"void convert_unary<float, __half>(void const*, __half*, long, long, long, HIP_vector_type<unsigned int, 3u>, long, long, long)",2306,42190523204429,42190523221022,0,0,256,1,1,655360,1,1
"KERNEL_DISPATCH",4,2,79,"void tile_fp16_gemm<128, 64, 4, 8, 32, false>(__half const*, __half const*, float*, float*, int, int, int, long, int)",2307,42190523221022,42190523325764,0,25088,256,1,1,1024,1,8
"KERNEL_DISPATCH",4,2,82,"tile_fp16_reduce(float const*, float*, int, int)",2308,42190523325764,42190523330060,0,0,256,1,1,8192,1,1
"KERNEL_DISPATCH",4,2,33,"void dequantize_block_iq3_s<__half>(void const*, __half*)",2309,42190523349616,42190523367097,0,0,32,1,1,163840,1,1
"KERNEL_DISPATCH",4,2,35,"void convert_unary<float, __half>(void const*, __half*, long, long, long, HIP_vector_type<unsigned int, 3u>, long, long, long)",2310,42190523367097,42190523383690,0,0,256,1,1,655360,1,1
"KERNEL_DISPATCH",4,2,79,"void tile_fp16_gemm<128, 64, 4, 8, 32, false>(__half const*, __half const*, float*, float*, int, int, int, long, int)",2311,42190523383690,42190523488136,0,25088,256,1,1,1024,1,8
"KERNEL_DISPATCH",4,2,82,"tile_fp16_reduce(float const*, float*, int, int)",2312,42190523488136,42190523492284,0,0,256,1,1,8192,1,1
"KERNEL_DISPATCH",4,2,33,"void dequantize_block_iq3_s<__half>(void const*, __half*)",2313,42190523511543,42190523529025,0,0,32,1,1,163840,1,1
"KERNEL_DISPATCH",4,2,35,"void convert_unary<float, __half>(void const*, __half*, long, long, long, HIP_vector_type<unsigned int, 3u>, long, long, long)",2314,42190523529025,42190523545766,0,0,256,1,1,655360,1,1
"KERNEL_DISPATCH",4,2,79,"void tile_fp16_gemm<128, 64, 4, 8, 32, false>(__half const*, __half const*, float*, float*, int, int, int, long, int)",2315,42190523545766,42190523650656,0,25088,256,1,1,1024,1,8
"KERNEL_DISPATCH",4,2,82,"tile_fp16_reduce(float const*, float*, int, int)",2316,42190523650656,42190523654952,0,0,256,1,1,8192,1,1
"KERNEL_DISPATCH",4,2,33,"void dequantize_block_iq3_s<__half>(void const*, __half*)",2317,42190523675545,42190523693175,0,0,32,1,1,163840,1,1
"KERNEL_DISPATCH",4,2,35,"void convert_unary<float, __half>(void const*, __half*, long, long, long, HIP_vector_type<unsigned int, 3u>, long, long, long)",2318,42190523693175,42190523709916,0,0,256,1,1,655360,1,1
"KERNEL_DISPATCH",4,2,79,"void tile_fp16_gemm<128, 64, 4, 8, 32, false>(__half const*, __half const*, float*, float*, int, int, int, long, int)",2319,42190523709916,42190523814509,0,25088,256,1,1,1024,1,8
"KERNEL_DISPATCH",4,2,82,"tile_fp16_reduce(float const*, float*, int, int)",2320,42190523814509,42190523818658,0,0,256,1,1,8192,1,1
"KERNEL_DISPATCH",4,2,33,"void dequantize_block_iq3_s<__half>(void const*, __half*)",2321,42190523838065,42190523855695,0,0,32,1,1,163840,1,1
"KERNEL_DISPATCH",4,2,35,"void convert_unary<float, __half>(void const*, __half*, long, long, long, HIP_vector_type<unsigned int, 3u>, long, long, long)",2322,42190523855695,42190523872584,0,0,256,1,1,655360,1,1
"KERNEL_DISPATCH",4,2,79,"void tile_fp16_gemm<128, 64, 4, 8, 32, false>(__half const*, __half const*, float*, float*, int, int, int, long, int)",2323,42190523872584,42190523977474,0,25088,256,1,1,1024,1,8
"KERNEL_DISPATCH",4,2,82,"tile_fp16_reduce(float const*, float*, int, int)",2324,42190523977474,42190523981770,0,0,256,1,1,8192,1,1
"KERNEL_DISPATCH",4,2,33,"void dequantize_block_iq3_s<__half>(void const*, __half*)",2325,42190524001178,42190524018956,0,0,32,1,1,163840,1,1
"KERNEL_DISPATCH",4,2,35,"void convert_unary<float, __half>(void const*, __half*, long, long, long, HIP_vector_type<unsigned int, 3u>, long, long, long)",2326,42190524018956,42190524035697,0,0,256,1,1,655360,1,1
"KERNEL_DISPATCH",4,2,79,"void tile_fp16_gemm<128, 64, 4, 8, 32, false>(__half const*, __half const*, float*, float*, int, int, int, long, int)",2327,42190524035697,42190524140142,0,25088,256,1,1,1024,1,8
"KERNEL_DISPATCH",4,2,82,"tile_fp16_reduce(float const*, float*, int, int)",2328,42190524140142,42190524144291,0,0,256,1,1,8192,1,1
"KERNEL_DISPATCH",4,2,33,"void dequantize_block_iq3_s<__half>(void const*, __half*)",2329,42190524164143,42190524181773,0,0,32,1,1,163840,1,1
"KERNEL_DISPATCH",4,2,35,"void convert_unary<float, __half>(void const*, __half*, long, long, long, HIP_vector_type<unsigned int, 3u>, long, long, long)",2330,42190524181773,42190524198513,0,0,256,1,1,655360,1,1
"KERNEL_DISPATCH",4,2,79,"void tile_fp16_gemm<128, 64, 4, 8, 32, false>(__half const*, __half const*, float*, float*, int, int, int, long, int)",2331,42190524198513,42190524302811,0,25088,256,1,1,1024,1,8
"KERNEL_DISPATCH",4,2,82,"tile_fp16_reduce(float const*, float*, int, int)",2332,42190524302811,42190524307107,0,0,256,1,1,8192,1,1
"KERNEL_DISPATCH",4,2,33,"void dequantize_block_iq3_s<__half>(void const*, __half*)",2333,42190524326663,42190524344145,0,0,32,1,1,163840,1,1
"KERNEL_DISPATCH",4,2,35,"void convert_unary<float, __half>(void const*, __half*, long, long, long, HIP_vector_type<unsigned int, 3u>, long, long, long)",2334,42190524344145,42190524360886,0,0,256,1,1,655360,1,1
"KERNEL_DISPATCH",4,2,79,"void tile_fp16_gemm<128, 64, 4, 8, 32, false>(__half const*, __half const*, float*, float*, int, int, int, long, int)",2335,42190524360886,42190524467850,0,25088,256,1,1,1024,1,8
"KERNEL_DISPATCH",4,2,82,"tile_fp16_reduce(float const*, float*, int, int)",2336,42190524467850,42190524471998,0,0,256,1,1,8192,1,1
"KERNEL_DISPATCH",4,2,33,"void dequantize_block_iq3_s<__half>(void const*, __half*)",2337,42190524491702,42190524509183,0,0,32,1,1,163840,1,1
"KERNEL_DISPATCH",4,2,35,"void convert_unary<float, __half>(void const*, __half*, long, long, long, HIP_vector_type<unsigned int, 3u>, long, long, long)",2338,42190524509183,42190524525776,0,0,256,1,1,655360,1,1
"KERNEL_DISPATCH",4,2,79,"void tile_fp16_gemm<128, 64, 4, 8, 32, false>(__half const*, __half const*, float*, float*, int, int, int, long, int)",2339,42190524525776,42190524630518,0,25088,256,1,1,1024,1,8
"KERNEL_DISPATCH",4,2,82,"tile_fp16_reduce(float const*, float*, int, int)",2340,42190524630518,42190524634814,0,0,256,1,1,8192,1,1
"KERNEL_DISPATCH",4,2,33,"void dequantize_block_iq3_s<__half>(void const*, __half*)",2341,42190524654518,42190524671852,0,0,32,1,1,163840,1,1
"KERNEL_DISPATCH",4,2,35,"void convert_unary<float, __half>(void const*, __half*, long, long, long, HIP_vector_type<unsigned int, 3u>, long, long, long)",2342,42190524671852,42190524688741,0,0,256,1,1,655360,1,1
"KERNEL_DISPATCH",4,2,79,"void tile_fp16_gemm<128, 64, 4, 8, 32, false>(__half const*, __half const*, float*, float*, int, int, int, long, int)",2343,42190524688741,42190524793334,0,25088,256,1,1,1024,1,8
"KERNEL_DISPATCH",4,2,82,"tile_fp16_reduce(float const*, float*, int, int)",2344,42190524793334,42190524797483,0,0,256,1,1,8192,1,1
"KERNEL_DISPATCH",4,2,33,"void dequantize_block_iq3_s<__half>(void const*, __half*)",2345,42190524817187,42190524834816,0,0,32,1,1,163840,1,1
"KERNEL_DISPATCH",4,2,35,"void convert_unary<float, __half>(void const*, __half*, long, long, long, HIP_vector_type<unsigned int, 3u>, long, long, long)",2346,42190524834816,42190524851409,0,0,256,1,1,655360,1,1
"KERNEL_DISPATCH",4,2,79,"void tile_fp16_gemm<128, 64, 4, 8, 32, false>(__half const*, __half const*, float*, float*, int, int, int, long, int)",2347,42190524851409,42190524956447,0,25088,256,1,1,1024,1,8
"KERNEL_DISPATCH",4,2,82,"tile_fp16_reduce(float const*, float*, int, int)",2348,42190524956447,42190524960744,0,0,256,1,1,8192,1,1
"KERNEL_DISPATCH",4,2,33,"void dequantize_block_iq3_s<__half>(void const*, __half*)",2349,42190524980596,42190524998077,0,0,32,1,1,163840,1,1
"KERNEL_DISPATCH",4,2,35,"void convert_unary<float, __half>(void const*, __half*, long, long, long, HIP_vector_type<unsigned int, 3u>, long, long, long)",2350,42190524998077,42190525014818,0,0,256,1,1,655360,1,1
"KERNEL_DISPATCH",4,2,79,"void tile_fp16_gemm<128, 64, 4, 8, 32, false>(__half const*, __half const*, float*, float*, int, int, int, long, int)",2351,42190525014818,42190525119116,0,25088,256,1,1,1024,1,8
"KERNEL_DISPATCH",4,2,82,"tile_fp16_reduce(float const*, float*, int, int)",2352,42190525119116,42190525123412,0,0,256,1,1,8192,1,1
"KERNEL_DISPATCH",4,2,33,"void dequantize_block_iq3_s<__half>(void const*, __half*)",2353,42190525143264,42190525160746,0,0,32,1,1,163840,1,1
"KERNEL_DISPATCH",4,2,35,"void convert_unary<float, __half>(void const*, __half*, long, long, long, HIP_vector_type<unsigned int, 3u>, long, long, long)",2354,42190525160746,42190525177635,0,0,256,1,1,655360,1,1
"KERNEL_DISPATCH",4,2,79,"void tile_fp16_gemm<128, 64, 4, 8, 32, false>(__half const*, __half const*, float*, float*, int, int, int, long, int)",2355,42190525177635,42190525281932,0,25088,256,1,1,1024,1,8
"KERNEL_DISPATCH",4,2,82,"tile_fp16_reduce(float const*, float*, int, int)",2356,42190525281932,42190525286228,0,0,256,1,1,8192,1,1
"KERNEL_DISPATCH",4,2,33,"void dequantize_block_iq3_s<__half>(void const*, __half*)",2357,42190525334970,42190525352451,0,0,32,1,1,163840,1,1
"KERNEL_DISPATCH",4,2,35,"void convert_unary<float, __half>(void const*, __half*, long, long, long, HIP_vector_type<unsigned int, 3u>, long, long, long)",2358,42190525352451,42190525369192,0,0,256,1,1,655360,1,1
"KERNEL_DISPATCH",4,2,79,"void tile_fp16_gemm<128, 64, 4, 8, 32, false>(__half const*, __half const*, float*, float*, int, int, int, long, int)",2359,42190525369192,42190525473934,0,25088,256,1,1,1024,1,8
"KERNEL_DISPATCH",4,2,82,"tile_fp16_reduce(float const*, float*, int, int)",2360,42190525473934,42190525478082,0,0,256,1,1,8192,1,1
"KERNEL_DISPATCH",4,2,33,"void dequantize_block_iq3_s<__half>(void const*, __half*)",2361,42190525498971,42190525516601,0,0,32,1,1,163840,1,1
"KERNEL_DISPATCH",4,2,35,"void convert_unary<float, __half>(void const*, __half*, long, long, long, HIP_vector_type<unsigned int, 3u>, long, long, long)",2362,42190525516601,42190525533342,0,0,256,1,1,655360,1,1
"KERNEL_DISPATCH",4,2,79,"void tile_fp16_gemm<128, 64, 4, 8, 32, false>(__half const*, __half const*, float*, float*, int, int, int, long, int)",2363,42190525533342,42190525637639,0,25088,256,1,1,1024,1,8
"KERNEL_DISPATCH",4,2,82,"tile_fp16_reduce(float const*, float*, int, int)",2364,42190525637639,42190525641788,0,0,256,1,1,8192,1,1
"KERNEL_DISPATCH",4,2,33,"void dequantize_block_iq3_s<__half>(void const*, __half*)",2365,42190525661492,42190525678973,0,0,32,1,1,163840,1,1
"KERNEL_DISPATCH",4,2,35,"void convert_unary<float, __half>(void const*, __half*, long, long, long, HIP_vector_type<unsigned int, 3u>, long, long, long)",2366,42190525678973,42190525695862,0,0,256,1,1,655360,1,1
"KERNEL_DISPATCH",4,2,79,"void tile_fp16_gemm<128, 64, 4, 8, 32, false>(__half const*, __half const*, float*, float*, int, int, int, long, int)",2367,42190525695862,42190525800604,0,25088,256,1,1,1024,1,8
"KERNEL_DISPATCH",4,2,82,"tile_fp16_reduce(float const*, float*, int, int)",2368,42190525800604,42190525804752,0,0,256,1,1,8192,1,1
"KERNEL_DISPATCH",4,2,33,"void dequantize_block_iq3_s<__half>(void const*, __half*)",2369,42190525824901,42190525842531,0,0,32,1,1,163840,1,1
"KERNEL_DISPATCH",4,2,35,"void convert_unary<float, __half>(void const*, __half*, long, long, long, HIP_vector_type<unsigned int, 3u>, long, long, long)",2370,42190525842531,42190525859271,0,0,256,1,1,655360,1,1
"KERNEL_DISPATCH",4,2,79,"void tile_fp16_gemm<128, 64, 4, 8, 32, false>(__half const*, __half const*, float*, float*, int, int, int, long, int)",2371,42190525859271,42190525964161,0,25088,256,1,1,1024,1,8
"KERNEL_DISPATCH",4,2,82,"tile_fp16_reduce(float const*, float*, int, int)",2372,42190525964161,42190525968458,0,0,256,1,1,8192,1,1
"KERNEL_DISPATCH",4,2,33,"void dequantize_block_iq3_s<__half>(void const*, __half*)",2373,42190525987865,42190526005347,0,0,32,1,1,163840,1,1
"KERNEL_DISPATCH",4,2,35,"void convert_unary<float, __half>(void const*, __half*, long, long, long, HIP_vector_type<unsigned int, 3u>, long, long, long)",2374,42190526005347,42190526022088,0,0,256,1,1,655360,1,1
"KERNEL_DISPATCH",4,2,79,"void tile_fp16_gemm<128, 64, 4, 8, 32, false>(__half const*, __half const*, float*, float*, int, int, int, long, int)",2375,42190526022088,42190526126682,0,25088,256,1,1,1024,1,8
"KERNEL_DISPATCH",4,2,82,"tile_fp16_reduce(float const*, float*, int, int)",2376,42190526126682,42190526130830,0,0,256,1,1,8192,1,1
"KERNEL_DISPATCH",4,2,33,"void dequantize_block_iq3_s<__half>(void const*, __half*)",2377,42190526150534,42190526168015,0,0,32,1,1,163840,1,1
"KERNEL_DISPATCH",4,2,35,"void convert_unary<float, __half>(void const*, __half*, long, long, long, HIP_vector_type<unsigned int, 3u>, long, long, long)",2378,42190526168015,42190526184608,0,0,256,1,1,655360,1,1
"KERNEL_DISPATCH",4,2,79,"void tile_fp16_gemm<128, 64, 4, 8, 32, false>(__half const*, __half const*, float*, float*, int, int, int, long, int)",2379,42190526184608,42190526289350,0,25088,256,1,1,1024,1,8
"KERNEL_DISPATCH",4,2,82,"tile_fp16_reduce(float const*, float*, int, int)",2380,42190526289350,42190526293646,0,0,256,1,1,8192,1,1
"KERNEL_DISPATCH",4,2,33,"void dequantize_block_iq3_s<__half>(void const*, __half*)",2381,42190526313498,42190526330980,0,0,32,1,1,163840,1,1
"KERNEL_DISPATCH",4,2,35,"void convert_unary<float, __half>(void const*, __half*, long, long, long, HIP_vector_type<unsigned int, 3u>, long, long, long)",2382,42190526330980,42190526347721,0,0,256,1,1,655360,1,1
"KERNEL_DISPATCH",4,2,79,"void tile_fp16_gemm<128, 64, 4, 8, 32, false>(__half const*, __half const*, float*, float*, int, int, int, long, int)",2383,42190526347721,42190526452315,0,25088,256,1,1,1024,1,8
"KERNEL_DISPATCH",4,2,82,"tile_fp16_reduce(float const*, float*, int, int)",2384,42190526452315,42190526456463,0,0,256,1,1,8192,1,1
"KERNEL_DISPATCH",4,2,33,"void dequantize_block_iq3_s<__half>(void const*, __half*)",2385,42190526476315,42190526493648,0,0,32,1,1,163840,1,1
"KERNEL_DISPATCH",4,2,35,"void convert_unary<float, __half>(void const*, __half*, long, long, long, HIP_vector_type<unsigned int, 3u>, long, long, long)",2386,42190526493648,42190526510389,0,0,256,1,1,655360,1,1
"KERNEL_DISPATCH",4,2,79,"void tile_fp16_gemm<128, 64, 4, 8, 32, false>(__half const*, __half const*, float*, float*, int, int, int, long, int)",2387,42190526510389,42190526615131,0,25088,256,1,1,1024,1,8
"KERNEL_DISPATCH",4,2,82,"tile_fp16_reduce(float const*, float*, int, int)",2388,42190526615131,42190526619427,0,0,256,1,1,8192,1,1
"KERNEL_DISPATCH",4,2,33,"void dequantize_block_iq3_s<__half>(void const*, __half*)",2389,42190526639131,42190526656613,0,0,32,1,1,163840,1,1
"KERNEL_DISPATCH",4,2,35,"void convert_unary<float, __half>(void const*, __half*, long, long, long, HIP_vector_type<unsigned int, 3u>, long, long, long)",2390,42190526656613,42190526673354,0,0,256,1,1,655360,1,1
"KERNEL_DISPATCH",4,2,79,"void tile_fp16_gemm<128, 64, 4, 8, 32, false>(__half const*, __half const*, float*, float*, int, int, int, long, int)",2391,42190526673354,42190526777651,0,25088,256,1,1,1024,1,8
"KERNEL_DISPATCH",4,2,82,"tile_fp16_reduce(float const*, float*, int, int)",2392,42190526777651,42190526781800,0,0,256,1,1,8192,1,1
"KERNEL_DISPATCH",4,2,33,"void dequantize_block_iq3_s<__half>(void const*, __half*)",2393,42190526801800,42190526819430,0,0,32,1,1,163840,1,1
"KERNEL_DISPATCH",4,2,35,"void convert_unary<float, __half>(void const*, __half*, long, long, long, HIP_vector_type<unsigned int, 3u>, long, long, long)",2394,42190526819430,42190526836022,0,0,256,1,1,655360,1,1
"KERNEL_DISPATCH",4,2,79,"void tile_fp16_gemm<128, 64, 4, 8, 32, false>(__half const*, __half const*, float*, float*, int, int, int, long, int)",2395,42190526836022,42190526940023,0,25088,256,1,1,1024,1,8
"KERNEL_DISPATCH",4,2,82,"tile_fp16_reduce(float const*, float*, int, int)",2396,42190526940023,42190526944172,0,0,256,1,1,8192,1,1
"KERNEL_DISPATCH",4,2,33,"void dequantize_block_iq3_s<__half>(void const*, __half*)",2397,42190526963727,42190526981357,0,0,32,1,1,163840,1,1
"KERNEL_DISPATCH",4,2,35,"void convert_unary<float, __half>(void const*, __half*, long, long, long, HIP_vector_type<unsigned int, 3u>, long, long, long)",2398,42190526981357,42190526997950,0,0,256,1,1,655360,1,1
"KERNEL_DISPATCH",4,2,79,"void tile_fp16_gemm<128, 64, 4, 8, 32, false>(__half const*, __half const*, float*, float*, int, int, int, long, int)",2399,42190526997950,42190527102099,0,25088,256,1,1,1024,1,8
"KERNEL_DISPATCH",4,2,82,"tile_fp16_reduce(float const*, float*, int, int)",2400,42190527102099,42190527106247,0,0,256,1,1,8192,1,1
"KERNEL_DISPATCH",4,2,33,"void dequantize_block_iq3_s<__half>(void const*, __half*)",2401,42190527156618,42190527174100,0,0,32,1,1,163840,1,1
"KERNEL_DISPATCH",4,2,35,"void convert_unary<float, __half>(void const*, __half*, long, long, long, HIP_vector_type<unsigned int, 3u>, long, long, long)",2402,42190527174100,42190527190841,0,0,256,1,1,655360,1,1
"KERNEL_DISPATCH",4,2,79,"void tile_fp16_gemm<128, 64, 4, 8, 32, false>(__half const*, __half const*, float*, float*, int, int, int, long, int)",2403,42190527190841,42190527295434,0,25088,256,1,1,1024,1,8
"KERNEL_DISPATCH",4,2,82,"tile_fp16_reduce(float const*, float*, int, int)",2404,42190527295434,42190527299731,0,0,256,1,1,8192,1,1
"KERNEL_DISPATCH",4,2,33,"void dequantize_block_iq3_s<__half>(void const*, __half*)",2405,42190527320175,42190527337805,0,0,32,1,1,163840,1,1
"KERNEL_DISPATCH",4,2,35,"void convert_unary<float, __half>(void const*, __half*, long, long, long, HIP_vector_type<unsigned int, 3u>, long, long, long)",2406,42190527337805,42190527354546,0,0,256,1,1,655360,1,1
"KERNEL_DISPATCH",4,2,79,"void tile_fp16_gemm<128, 64, 4, 8, 32, false>(__half const*, __half const*, float*, float*, int, int, int, long, int)",2407,42190527354546,42190527458992,0,25088,256,1,1,1024,1,8
"KERNEL_DISPATCH",4,2,82,"tile_fp16_reduce(float const*, float*, int, int)",2408,42190527458992,42190527463140,0,0,256,1,1,8192,1,1
"KERNEL_DISPATCH",4,2,33,"void dequantize_block_iq3_s<__half>(void const*, __half*)",2409,42190527482844,42190527500325,0,0,32,1,1,163840,1,1
"KERNEL_DISPATCH",4,2,35,"void convert_unary<float, __half>(void const*, __half*, long, long, long, HIP_vector_type<unsigned int, 3u>, long, long, long)",2410,42190527500325,42190527516918,0,0,256,1,1,655360,1,1
"KERNEL_DISPATCH",4,2,79,"void tile_fp16_gemm<128, 64, 4, 8, 32, false>(__half const*, __half const*, float*, float*, int, int, int, long, int)",2411,42190527516918,42190527621512,0,25088,256,1,1,1024,1,8
"KERNEL_DISPATCH",4,2,82,"tile_fp16_reduce(float const*, float*, int, int)",2412,42190527621512,42190527625808,0,0,256,1,1,8192,1,1
"KERNEL_DISPATCH",4,2,33,"void dequantize_block_iq3_s<__half>(void const*, __half*)",2413,42190527645512,42190527662994,0,0,32,1,1,163840,1,1
"KERNEL_DISPATCH",4,2,35,"void convert_unary<float, __half>(void const*, __half*, long, long, long, HIP_vector_type<unsigned int, 3u>, long, long, long)",2414,42190527662994,42190527679735,0,0,256,1,1,655360,1,1
"KERNEL_DISPATCH",4,2,79,"void tile_fp16_gemm<128, 64, 4, 8, 32, false>(__half const*, __half const*, float*, float*, int, int, int, long, int)",2415,42190527679735,42190527784032,0,25088,256,1,1,1024,1,8
"KERNEL_DISPATCH",4,2,82,"tile_fp16_reduce(float const*, float*, int, int)",2416,42190527784032,42190527788328,0,0,256,1,1,8192,1,1
"KERNEL_DISPATCH",4,2,33,"void dequantize_block_iq3_s<__half>(void const*, __half*)",2417,42190527808181,42190527825662,0,0,32,1,1,163840,1,1
"KERNEL_DISPATCH",4,2,35,"void convert_unary<float, __half>(void const*, __half*, long, long, long, HIP_vector_type<unsigned int, 3u>, long, long, long)",2418,42190527825662,42190527842255,0,0,256,1,1,655360,1,1
"KERNEL_DISPATCH",4,2,79,"void tile_fp16_gemm<128, 64, 4, 8, 32, false>(__half const*, __half const*, float*, float*, int, int, int, long, int)",2419,42190527842255,42190527946700,0,25088,256,1,1,1024,1,8
"KERNEL_DISPATCH",4,2,82,"tile_fp16_reduce(float const*, float*, int, int)",2420,42190527946700,42190527950997,0,0,256,1,1,8192,1,1
"KERNEL_DISPATCH",4,2,33,"void dequantize_block_iq3_s<__half>(void const*, __half*)",2421,42190527970701,42190527988182,0,0,32,1,1,163840,1,1
"KERNEL_DISPATCH",4,2,35,"void convert_unary<float, __half>(void const*, __half*, long, long, long, HIP_vector_type<unsigned int, 3u>, long, long, long)",2422,42190527988182,42190528005071,0,0,256,1,1,655360,1,1
"KERNEL_DISPATCH",4,2,79,"void tile_fp16_gemm<128, 64, 4, 8, 32, false>(__half const*, __half const*, float*, float*, int, int, int, long, int)",2423,42190528005071,42190528109665,0,25088,256,1,1,1024,1,8
"KERNEL_DISPATCH",4,2,82,"tile_fp16_reduce(float const*, float*, int, int)",2424,42190528109665,42190528113961,0,0,256,1,1,8192,1,1
"KERNEL_DISPATCH",4,2,33,"void dequantize_block_iq3_s<__half>(void const*, __half*)",2425,42190528133814,42190528151295,0,0,32,1,1,163840,1,1
"KERNEL_DISPATCH",4,2,35,"void convert_unary<float, __half>(void const*, __half*, long, long, long, HIP_vector_type<unsigned int, 3u>, long, long, long)",2426,42190528151295,42190528167888,0,0,256,1,1,655360,1,1
"KERNEL_DISPATCH",4,2,79,"void tile_fp16_gemm<128, 64, 4, 8, 32, false>(__half const*, __half const*, float*, float*, int, int, int, long, int)",2427,42190528167888,42190528272630,0,25088,256,1,1,1024,1,8
"KERNEL_DISPATCH",4,2,82,"tile_fp16_reduce(float const*, float*, int, int)",2428,42190528272630,42190528276926,0,0,256,1,1,8192,1,1
"KERNEL_DISPATCH",4,2,33,"void dequantize_block_iq3_s<__half>(void const*, __half*)",2429,42190528296630,42190528314260,0,0,32,1,1,163840,1,1
"KERNEL_DISPATCH",4,2,35,"void convert_unary<float, __half>(void const*, __half*, long, long, long, HIP_vector_type<unsigned int, 3u>, long, long, long)",2430,42190528314260,42190528331001,0,0,256,1,1,655360,1,1
"KERNEL_DISPATCH",4,2,79,"void tile_fp16_gemm<128, 64, 4, 8, 32, false>(__half const*, __half const*, float*, float*, int, int, int, long, int)",2431,42190528331001,42190528435891,0,25088,256,1,1,1024,1,8
"KERNEL_DISPATCH",4,2,82,"tile_fp16_reduce(float const*, float*, int, int)",2432,42190528435891,42190528440039,0,0,256,1,1,8192,1,1
"KERNEL_DISPATCH",4,2,33,"void dequantize_block_iq3_s<__half>(void const*, __half*)",2433,42190528460484,42190528478262,0,0,32,1,1,163840,1,1
"KERNEL_DISPATCH",4,2,35,"void convert_unary<float, __half>(void const*, __half*, long, long, long, HIP_vector_type<unsigned int, 3u>, long, long, long)",2434,42190528478262,42190528494854,0,0,256,1,1,655360,1,1
"KERNEL_DISPATCH",4,2,79,"void tile_fp16_gemm<128, 64, 4, 8, 32, false>(__half const*, __half const*, float*, float*, int, int, int, long, int)",2435,42190528494854,42190528599300,0,25088,256,1,1,1024,1,8
"KERNEL_DISPATCH",4,2,82,"tile_fp16_reduce(float const*, float*, int, int)",2436,42190528599300,42190528603448,0,0,256,1,1,8192,1,1
"KERNEL_DISPATCH",4,2,33,"void dequantize_block_iq3_s<__half>(void const*, __half*)",2437,42190528623300,42190528640782,0,0,32,1,1,163840,1,1
"KERNEL_DISPATCH",4,2,35,"void convert_unary<float, __half>(void const*, __half*, long, long, long, HIP_vector_type<unsigned int, 3u>, long, long, long)",2438,42190528640782,42190528657523,0,0,256,1,1,655360,1,1
"KERNEL_DISPATCH",4,2,79,"void tile_fp16_gemm<128, 64, 4, 8, 32, false>(__half const*, __half const*, float*, float*, int, int, int, long, int)",2439,42190528657523,42190528761672,0,25088,256,1,1,1024,1,8
"KERNEL_DISPATCH",4,2,82,"tile_fp16_reduce(float const*, float*, int, int)",2440,42190528761672,42190528765820,0,0,256,1,1,8192,1,1
"KERNEL_DISPATCH",4,2,33,"void dequantize_block_iq3_s<__half>(void const*, __half*)",2441,42190528785672,42190528803154,0,0,32,1,1,163840,1,1
"KERNEL_DISPATCH",4,2,35,"void convert_unary<float, __half>(void const*, __half*, long, long, long, HIP_vector_type<unsigned int, 3u>, long, long, long)",2442,42190528803154,42190528819895,0,0,256,1,1,655360,1,1
"KERNEL_DISPATCH",4,2,79,"void tile_fp16_gemm<128, 64, 4, 8, 32, false>(__half const*, __half const*, float*, float*, int, int, int, long, int)",2443,42190528819895,42190528924340,0,25088,256,1,1,1024,1,8
"KERNEL_DISPATCH",4,2,82,"tile_fp16_reduce(float const*, float*, int, int)",2444,42190528924340,42190528928637,0,0,256,1,1,8192,1,1
"KERNEL_DISPATCH",4,2,33,"void dequantize_block_iq3_s<__half>(void const*, __half*)",2445,42190528948341,42190528965822,0,0,32,1,1,163840,1,1
"KERNEL_DISPATCH",4,2,35,"void convert_unary<float, __half>(void const*, __half*, long, long, long, HIP_vector_type<unsigned int, 3u>, long, long, long)",2446,42190528965822,42190528982415,0,0,256,1,1,655360,1,1
"KERNEL_DISPATCH",4,2,79,"void tile_fp16_gemm<128, 64, 4, 8, 32, false>(__half const*, __half const*, float*, float*, int, int, int, long, int)",2447,42190528982415,42190529086860,0,25088,256,1,1,1024,1,8
"KERNEL_DISPATCH",4,2,82,"tile_fp16_reduce(float const*, float*, int, int)",2448,42190529086860,42190529091157,0,0,256,1,1,8192,1,1
"KERNEL_DISPATCH",4,2,33,"void dequantize_block_iq3_s<__half>(void const*, __half*)",2449,42190529111009,42190529128491,0,0,32,1,1,163840,1,1
"KERNEL_DISPATCH",4,2,35,"void convert_unary<float, __half>(void const*, __half*, long, long, long, HIP_vector_type<unsigned int, 3u>, long, long, long)",2450,42190529128491,42190529145231,0,0,256,1,1,655360,1,1
"KERNEL_DISPATCH",4,2,79,"void tile_fp16_gemm<128, 64, 4, 8, 32, false>(__half const*, __half const*, float*, float*, int, int, int, long, int)",2451,42190529145231,42190529249825,0,25088,256,1,1,1024,1,8
"KERNEL_DISPATCH",4,2,82,"tile_fp16_reduce(float const*, float*, int, int)",2452,42190529249825,42190529253973,0,0,256,1,1,8192,1,1
"KERNEL_DISPATCH",4,2,33,"void dequantize_block_iq3_s<__half>(void const*, __half*)",2453,42190529273825,42190529291307,0,0,32,1,1,163840,1,1
"KERNEL_DISPATCH",4,2,35,"void convert_unary<float, __half>(void const*, __half*, long, long, long, HIP_vector_type<unsigned int, 3u>, long, long, long)",2454,42190529291307,42190529308196,0,0,256,1,1,655360,1,1
"KERNEL_DISPATCH",4,2,79,"void tile_fp16_gemm<128, 64, 4, 8, 32, false>(__half const*, __half const*, float*, float*, int, int, int, long, int)",2455,42190529308196,42190529412790,0,25088,256,1,1,1024,1,8
"KERNEL_DISPATCH",4,2,82,"tile_fp16_reduce(float const*, float*, int, int)",2456,42190529412790,42190529417086,0,0,256,1,1,8192,1,1
"KERNEL_DISPATCH",4,2,33,"void dequantize_block_iq3_s<__half>(void const*, __half*)",2457,42190529436938,42190529454420,0,0,32,1,1,163840,1,1
"KERNEL_DISPATCH",4,2,35,"void convert_unary<float, __half>(void const*, __half*, long, long, long, HIP_vector_type<unsigned int, 3u>, long, long, long)",2458,42190529454420,42190529471013,0,0,256,1,1,655360,1,1
"KERNEL_DISPATCH",4,2,79,"void tile_fp16_gemm<128, 64, 4, 8, 32, false>(__half const*, __half const*, float*, float*, int, int, int, long, int)",2459,42190529471013,42190529575310,0,25088,256,1,1,1024,1,8
"KERNEL_DISPATCH",4,2,82,"tile_fp16_reduce(float const*, float*, int, int)",2460,42190529575310,42190529579606,0,0,256,1,1,8192,1,1
"KERNEL_DISPATCH",4,2,33,"void dequantize_block_iq3_s<__half>(void const*, __half*)",2461,42190529599458,42190529616940,0,0,32,1,1,163840,1,1
"KERNEL_DISPATCH",4,2,35,"void convert_unary<float, __half>(void const*, __half*, long, long, long, HIP_vector_type<unsigned int, 3u>, long, long, long)",2462,42190529616940,42190529633533,0,0,256,1,1,655360,1,1
"KERNEL_DISPATCH",4,2,79,"void tile_fp16_gemm<128, 64, 4, 8, 32, false>(__half const*, __half const*, float*, float*, int, int, int, long, int)",2463,42190529633533,42190529737978,0,25088,256,1,1,1024,1,8
"KERNEL_DISPATCH",4,2,82,"tile_fp16_reduce(float const*, float*, int, int)",2464,42190529737978,42190529742127,0,0,256,1,1,8192,1,1
"KERNEL_DISPATCH",4,2,33,"void dequantize_block_iq3_s<__half>(void const*, __half*)",2465,42190529762275,42190529779757,0,0,32,1,1,163840,1,1
"KERNEL_DISPATCH",4,2,35,"void convert_unary<float, __half>(void const*, __half*, long, long, long, HIP_vector_type<unsigned int, 3u>, long, long, long)",2466,42190529779757,42190529796497,0,0,256,1,1,655360,1,1
"KERNEL_DISPATCH",4,2,79,"void tile_fp16_gemm<128, 64, 4, 8, 32, false>(__half const*, __half const*, float*, float*, int, int, int, long, int)",2467,42190529796497,42190529901536,0,25088,256,1,1,1024,1,8
"KERNEL_DISPATCH",4,2,82,"tile_fp16_reduce(float const*, float*, int, int)",2468,42190529901536,42190529905832,0,0,256,1,1,8192,1,1
"KERNEL_DISPATCH",4,2,33,"void dequantize_block_iq3_s<__half>(void const*, __half*)",2469,42190529925536,42190529943018,0,0,32,1,1,163840,1,1
"KERNEL_DISPATCH",4,2,35,"void convert_unary<float, __half>(void const*, __half*, long, long, long, HIP_vector_type<unsigned int, 3u>, long, long, long)",2470,42190529943018,42190529959610,0,0,256,1,1,655360,1,1
"KERNEL_DISPATCH",4,2,79,"void tile_fp16_gemm<128, 64, 4, 8, 32, false>(__half const*, __half const*, float*, float*, int, int, int, long, int)",2471,42190529959610,42190530064204,0,25088,256,1,1,1024,1,8
"KERNEL_DISPATCH",4,2,82,"tile_fp16_reduce(float const*, float*, int, int)",2472,42190530064204,42190530068352,0,0,256,1,1,8192,1,1
"KERNEL_DISPATCH",4,2,33,"void dequantize_block_iq3_s<__half>(void const*, __half*)",2473,42190530088352,42190530105834,0,0,32,1,1,163840,1,1
"KERNEL_DISPATCH",4,2,35,"void convert_unary<float, __half>(void const*, __half*, long, long, long, HIP_vector_type<unsigned int, 3u>, long, long, long)",2474,42190530105834,42190530122427,0,0,256,1,1,655360,1,1
"KERNEL_DISPATCH",4,2,79,"void tile_fp16_gemm<128, 64, 4, 8, 32, false>(__half const*, __half const*, float*, float*, int, int, int, long, int)",2475,42190530122427,42190530227020,0,25088,256,1,1,1024,1,8
"KERNEL_DISPATCH",4,2,82,"tile_fp16_reduce(float const*, float*, int, int)",2476,42190530227020,42190530231317,0,0,256,1,1,8192,1,1
"KERNEL_DISPATCH",4,2,33,"void dequantize_block_iq3_s<__half>(void const*, __half*)",2477,42190530251021,42190530268651,0,0,32,1,1,163840,1,1
"KERNEL_DISPATCH",4,2,35,"void convert_unary<float, __half>(void const*, __half*, long, long, long, HIP_vector_type<unsigned int, 3u>, long, long, long)",2478,42190530268651,42190530285391,0,0,256,1,1,655360,1,1
"KERNEL_DISPATCH",4,2,79,"void tile_fp16_gemm<128, 64, 4, 8, 32, false>(__half const*, __half const*, float*, float*, int, int, int, long, int)",2479,42190530285391,42190530389985,0,25088,256,1,1,1024,1,8
"KERNEL_DISPATCH",4,2,82,"tile_fp16_reduce(float const*, float*, int, int)",2480,42190530389985,42190530394133,0,0,256,1,1,8192,1,1
"KERNEL_DISPATCH",4,2,33,"void dequantize_block_iq3_s<__half>(void const*, __half*)",2481,42190530413985,42190530431615,0,0,32,1,1,163840,1,1
"KERNEL_DISPATCH",4,2,35,"void convert_unary<float, __half>(void const*, __half*, long, long, long, HIP_vector_type<unsigned int, 3u>, long, long, long)",2482,42190530431615,42190530448356,0,0,256,1,1,655360,1,1
"KERNEL_DISPATCH",4,2,79,"void tile_fp16_gemm<128, 64, 4, 8, 32, false>(__half const*, __half const*, float*, float*, int, int, int, long, int)",2483,42190530448356,42190530552505,0,25088,256,1,1,1024,1,8
"KERNEL_DISPATCH",4,2,82,"tile_fp16_reduce(float const*, float*, int, int)",2484,42190530552505,42190530556802,0,0,256,1,1,8192,1,1
"KERNEL_DISPATCH",4,2,33,"void dequantize_block_iq3_s<__half>(void const*, __half*)",2485,42190530576357,42190530593987,0,0,32,1,1,163840,1,1
"KERNEL_DISPATCH",4,2,35,"void convert_unary<float, __half>(void const*, __half*, long, long, long, HIP_vector_type<unsigned int, 3u>, long, long, long)",2486,42190530593987,42190530610728,0,0,256,1,1,655360,1,1
"KERNEL_DISPATCH",4,2,79,"void tile_fp16_gemm<128, 64, 4, 8, 32, false>(__half const*, __half const*, float*, float*, int, int, int, long, int)",2487,42190530610728,42190530715174,0,25088,256,1,1,1024,1,8
"KERNEL_DISPATCH",4,2,82,"tile_fp16_reduce(float const*, float*, int, int)",2488,42190530715174,42190530719470,0,0,256,1,1,8192,1,1
"KERNEL_DISPATCH",4,2,33,"void dequantize_block_iq3_s<__half>(void const*, __half*)",2489,42190530765841,42190530783174,0,0,32,1,1,163840,1,1
"KERNEL_DISPATCH",4,2,35,"void convert_unary<float, __half>(void const*, __half*, long, long, long, HIP_vector_type<unsigned int, 3u>, long, long, long)",2490,42190530783174,42190530799767,0,0,256,1,1,655360,1,1
"KERNEL_DISPATCH",4,2,79,"void tile_fp16_gemm<128, 64, 4, 8, 32, false>(__half const*, __half const*, float*, float*, int, int, int, long, int)",2491,42190530799767,42190530903916,0,25088,256,1,1,1024,1,8
"KERNEL_DISPATCH",4,2,82,"tile_fp16_reduce(float const*, float*, int, int)",2492,42190530903916,42190530908065,0,0,256,1,1,8192,1,1
"KERNEL_DISPATCH",4,2,33,"void dequantize_block_iq3_s<__half>(void const*, __half*)",2493,42190530928361,42190530945695,0,0,32,1,1,163840,1,1
"KERNEL_DISPATCH",4,2,35,"void convert_unary<float, __half>(void const*, __half*, long, long, long, HIP_vector_type<unsigned int, 3u>, long, long, long)",2494,42190530945695,42190530962584,0,0,256,1,1,655360,1,1
"KERNEL_DISPATCH",4,2,79,"void tile_fp16_gemm<128, 64, 4, 8, 32, false>(__half const*, __half const*, float*, float*, int, int, int, long, int)",2495,42190530962584,42190531066881,0,25088,256,1,1,1024,1,8
"KERNEL_DISPATCH",4,2,82,"tile_fp16_reduce(float const*, float*, int, int)",2496,42190531066881,42190531071029,0,0,256,1,1,8192,1,1
"KERNEL_DISPATCH",4,2,33,"void dequantize_block_iq3_s<__half>(void const*, __half*)",2497,42190531094141,42190531111622,0,0,32,1,1,163840,1,1
"KERNEL_DISPATCH",4,2,35,"void convert_unary<float, __half>(void const*, __half*, long, long, long, HIP_vector_type<unsigned int, 3u>, long, long, long)",2498,42190531111622,42190531128511,0,0,256,1,1,655360,1,1
"KERNEL_DISPATCH",4,2,79,"void tile_fp16_gemm<128, 64, 4, 8, 32, false>(__half const*, __half const*, float*, float*, int, int, int, long, int)",2499,42190531128511,42190531233105,0,25088,256,1,1,1024,1,8
"KERNEL_DISPATCH",4,2,82,"tile_fp16_reduce(float const*, float*, int, int)",2500,42190531233105,42190531237253,0,0,256,1,1,8192,1,1
"KERNEL_DISPATCH",4,2,33,"void dequantize_block_iq3_s<__half>(void const*, __half*)",2501,42190531256957,42190531274439,0,0,32,1,1,163840,1,1
"KERNEL_DISPATCH",4,2,35,"void convert_unary<float, __half>(void const*, __half*, long, long, long, HIP_vector_type<unsigned int, 3u>, long, long, long)",2502,42190531274439,42190531291180,0,0,256,1,1,655360,1,1
"KERNEL_DISPATCH",4,2,79,"void tile_fp16_gemm<128, 64, 4, 8, 32, false>(__half const*, __half const*, float*, float*, int, int, int, long, int)",2503,42190531291180,42190531395625,0,25088,256,1,1,1024,1,8
"KERNEL_DISPATCH",4,2,82,"tile_fp16_reduce(float const*, float*, int, int)",2504,42190531395625,42190531399773,0,0,256,1,1,8192,1,1
"KERNEL_DISPATCH",4,2,33,"void dequantize_block_iq3_s<__half>(void const*, __half*)",2505,42190531419774,42190531437255,0,0,32,1,1,163840,1,1
"KERNEL_DISPATCH",4,2,35,"void convert_unary<float, __half>(void const*, __half*, long, long, long, HIP_vector_type<unsigned int, 3u>, long, long, long)",2506,42190531437255,42190531453996,0,0,256,1,1,655360,1,1
"KERNEL_DISPATCH",4,2,79,"void tile_fp16_gemm<128, 64, 4, 8, 32, false>(__half const*, __half const*, float*, float*, int, int, int, long, int)",2507,42190531453996,42190531557849,0,25088,256,1,1,1024,1,8
"KERNEL_DISPATCH",4,2,82,"tile_fp16_reduce(float const*, float*, int, int)",2508,42190531557849,42190531561997,0,0,256,1,1,8192,1,1
"KERNEL_DISPATCH",4,2,33,"void dequantize_block_iq3_s<__half>(void const*, __half*)",2509,42190531581849,42190531599331,0,0,32,1,1,163840,1,1
"KERNEL_DISPATCH",4,2,35,"void convert_unary<float, __half>(void const*, __half*, long, long, long, HIP_vector_type<unsigned int, 3u>, long, long, long)",2510,42190531599331,42190531615924,0,0,256,1,1,655360,1,1
"KERNEL_DISPATCH",4,2,79,"void tile_fp16_gemm<128, 64, 4, 8, 32, false>(__half const*, __half const*, float*, float*, int, int, int, long, int)",2511,42190531615924,42190531720666,0,25088,256,1,1,1024,1,8
"KERNEL_DISPATCH",4,2,82,"tile_fp16_reduce(float const*, float*, int, int)",2512,42190531720666,42190531724814,0,0,256,1,1,8192,1,1
"KERNEL_DISPATCH",4,2,33,"void dequantize_block_iq3_s<__half>(void const*, __half*)",2513,42190531744962,42190531762296,0,0,32,1,1,163840,1,1
"KERNEL_DISPATCH",4,2,35,"void convert_unary<float, __half>(void const*, __half*, long, long, long, HIP_vector_type<unsigned int, 3u>, long, long, long)",2514,42190531762296,42190531779185,0,0,256,1,1,655360,1,1
"KERNEL_DISPATCH",4,2,79,"void tile_fp16_gemm<128, 64, 4, 8, 32, false>(__half const*, __half const*, float*, float*, int, int, int, long, int)",2515,42190531779185,42190531884223,0,25088,256,1,1,1024,1,8
"KERNEL_DISPATCH",4,2,82,"tile_fp16_reduce(float const*, float*, int, int)",2516,42190531884223,42190531888667,0,0,256,1,1,8192,1,1
"KERNEL_DISPATCH",4,2,33,"void dequantize_block_iq3_s<__half>(void const*, __half*)",2517,42190531908519,42190531926001,0,0,32,1,1,163840,1,1
"KERNEL_DISPATCH",4,2,35,"void convert_unary<float, __half>(void const*, __half*, long, long, long, HIP_vector_type<unsigned int, 3u>, long, long, long)",2518,42190531926001,42190531942742,0,0,256,1,1,655360,1,1
"KERNEL_DISPATCH",4,2,79,"void tile_fp16_gemm<128, 64, 4, 8, 32, false>(__half const*, __half const*, float*, float*, int, int, int, long, int)",2519,42190531942742,42190532047632,0,25088,256,1,1,1024,1,8
"KERNEL_DISPATCH",4,2,82,"tile_fp16_reduce(float const*, float*, int, int)",2520,42190532047632,42190532051780,0,0,256,1,1,8192,1,1
