"Kind","Agent_Id","Queue_Id","Kernel_Id","Kernel_Name","Correlation_Id","Start_Timestamp","End_Timestamp","Private_Segment_Size","Group_Segment_Size","Workgroup_Size_X","Workgroup_Size_Y","Workgroup_Size_Z","Grid_Size_X","Grid_Size_Y","Grid_Size_Z"
"KERNEL_DISPATCH",4,2,51,"void dequantize_block_iq3_s<__half>(void const*, __half*)",1,16952442494033,16952443022934,0,0,32,1,1,3686400,1,1
"KERNEL_DISPATCH",4,2,64,"void convert_unary<float, __half>(void const*, __half*, long, long, long, HIP_vector_type<unsigned int, 3u>, long, long, long)",2,16952443022934,16952443043675,0,0,256,1,1,655360,1,1
"KERNEL_DISPATCH",4,2,326,"Cijk_Alik_Bljk_HB_MT64x64x16_SN_1LDSB0_APM1_ABV0_ACED0_AF0EM2_AF1EM1_AMAS3_ASE_ASGT_ASLT_ASM_ASAE01_ASCE01_ASEM2_AAC0_BL1_BS1_CLR0_DTLA0_DTLB0_DTVA0_DTVB0_DVO0_ETSP_EPS1_ELFLR0_EMLL0_FSSC10_FL0_GLVWA4_GLVWB4_GRCGA1_GRCGB1_GRPM1_GRVW4_GSU1_GSUASB_GLS0_ISA900_IU1_K1_KLA_LBSPPA0_LBSPPB0_LPA0_LPB0_LDL1_LRVW4_LWPMn1_LDW0_FMA_MIAV0_MDA2_MO40_MMFGLC_MKFGSU256_NTA0_NTB0_NTC0_NTD0_NEPBS0_NLCA1_NLCB1_ONLL1_OPLV0_PK0_PAP0_PGR1_PLR1_PKA0_SIA1_SLW1_SS0_SU32_SUM0_SUS256_SCIUI1_SPO0_SRVW0_SSO0_SVW4_SNLL0_TSGRA0_TSGRB0_TT4_4_TLDS0_UMLDSA0_UMLDSB0_USFGRO0_VAW2_VS1_VW4_VWB4_VFLRP0_WSGRA0_WSGRB0_WS64_WG16_16_1_WGM8",3,16952459754875,16952461000830,0,8192,256,1,1,23040,2,1
"KERNEL_DISPATCH",4,2,76,"void convert_unary<__half, float>(void const*, float*, long, long, long, HIP_vector_type<unsigned int, 3u>, long, long, long)",4,16952461000830,16952461056387,0,0,256,1,1,737280,1,1
"KERNEL_DISPATCH",4,2,51,"void dequantize_block_iq3_s<__half>(void const*, __half*)",5,16952467310754,16952467659799,0,0,32,1,1,3686400,1,1
"KERNEL_DISPATCH",4,2,64,"void convert_unary<float, __half>(void const*, __half*, long, long, long, HIP_vector_type<unsigned int, 3u>, long, long, long)",6,16952467659799,16952467680540,0,0,256,1,1,655360,1,1
"KERNEL_DISPATCH",4,2,326,"Cijk_Alik_Bljk_HB_MT64x64x16_SN_1LDSB0_APM1_ABV0_ACED0_AF0EM2_AF1EM1_AMAS3_ASE_ASGT_ASLT_ASM_ASAE01_ASCE01_ASEM2_AAC0_BL1_BS1_CLR0_DTLA0_DTLB0_DTVA0_DTVB0_DVO0_ETSP_EPS1_ELFLR0_EMLL0_FSSC10_FL0_GLVWA4_GLVWB4_GRCGA1_GRCGB1_GRPM1_GRVW4_GSU1_GSUASB_GLS0_ISA900_IU1_K1_KLA_LBSPPA0_LBSPPB0_LPA0_LPB0_LDL1_LRVW4_LWPMn1_LDW0_FMA_MIAV0_MDA2_MO40_MMFGLC_MKFGSU256_NTA0_NTB0_NTC0_NTD0_NEPBS0_NLCA1_NLCB1_ONLL1_OPLV0_PK0_PAP0_PGR1_PLR1_PKA0_SIA1_SLW1_SS0_SU32_SUM0_SUS256_SCIUI1_SPO0_SRVW0_SSO0_SVW4_SNLL0_TSGRA0_TSGRB0_TT4_4_TLDS0_UMLDSA0_UMLDSB0_USFGRO0_VAW2_VS1_VW4_VWB4_VFLRP0_WSGRA0_WSGRB0_WS64_WG16_16_1_WGM8",7,16952467680540,16952468905457,0,8192,256,1,1,23040,2,1
"KERNEL_DISPATCH",4,2,76,"void convert_unary<__half, float>(void const*, float*, long, long, long, HIP_vector_type<unsigned int, 3u>, long, long, long)",8,16952468905457,16952468947532,0,0,256,1,1,737280,1,1
"KERNEL_DISPATCH",4,2,51,"void dequantize_block_iq3_s<__half>(void const*, __half*)",9,16952468975237,16952469320134,0,0,32,1,1,3686400,1,1
"KERNEL_DISPATCH",4,2,64,"void convert_unary<float, __half>(void const*, __half*, long, long, long, HIP_vector_type<unsigned int, 3u>, long, long, long)",10,16952469320134,16952469337023,0,0,256,1,1,655360,1,1
"KERNEL_DISPATCH",4,2,326,"Cijk_Alik_Bljk_HB_MT64x64x16_SN_1LDSB0_APM1_ABV0_ACED0_AF0EM2_AF1EM1_AMAS3_ASE_ASGT_ASLT_ASM_ASAE01_ASCE01_ASEM2_AAC0_BL1_BS1_CLR0_DTLA0_DTLB0_DTVA0_DTVB0_DVO0_ETSP_EPS1_ELFLR0_EMLL0_FSSC10_FL0_GLVWA4_GLVWB4_GRCGA1_GRCGB1_GRPM1_GRVW4_GSU1_GSUASB_GLS0_ISA900_IU1_K1_KLA_LBSPPA0_LBSPPB0_LPA0_LPB0_LDL1_LRVW4_LWPMn1_LDW0_FMA_MIAV0_MDA2_MO40_MMFGLC_MKFGSU256_NTA0_NTB0_NTC0_NTD0_NEPBS0_NLCA1_NLCB1_ONLL1_OPLV0_PK0_PAP0_PGR1_PLR1_PKA0_SIA1_SLW1_SS0_SU32_SUM0_SUS256_SCIUI1_SPO0_SRVW0_SSO0_SVW4_SNLL0_TSGRA0_TSGRB0_TT4_4_TLDS0_UMLDSA0_UMLDSB0_USFGRO0_VAW2_VS1_VW4_VWB4_VFLRP0_WSGRA0_WSGRB0_WS64_WG16_16_1_WGM8",11,16952469337023,16952470517939,0,8192,256,1,1,23040,2,1
"KERNEL_DISPATCH",4,2,76,"void convert_unary<__half, float>(void const*, float*, long, long, long, HIP_vector_type<unsigned int, 3u>, long, long, long)",12,16952470517939,16952470559866,0,0,256,1,1,737280,1,1
"KERNEL_DISPATCH",4,2,51,"void dequantize_block_iq3_s<__half>(void const*, __half*)",13,16952470582089,16952470935282,0,0,32,1,1,3686400,1,1
"KERNEL_DISPATCH",4,2,64,"void convert_unary<float, __half>(void const*, __half*, long, long, long, HIP_vector_type<unsigned int, 3u>, long, long, long)",14,16952470935282,16952470952171,0,0,256,1,1,655360,1,1
"KERNEL_DISPATCH",4,2,326,"Cijk_Alik_Bljk_HB_MT64x64x16_SN_1LDSB0_APM1_ABV0_ACED0_AF0EM2_AF1EM1_AMAS3_ASE_ASGT_ASLT_ASM_ASAE01_ASCE01_ASEM2_AAC0_BL1_BS1_CLR0_DTLA0_DTLB0_DTVA0_DTVB0_DVO0_ETSP_EPS1_ELFLR0_EMLL0_FSSC10_FL0_GLVWA4_GLVWB4_GRCGA1_GRCGB1_GRPM1_GRVW4_GSU1_GSUASB_GLS0_ISA900_IU1_K1_KLA_LBSPPA0_LBSPPB0_LPA0_LPB0_LDL1_LRVW4_LWPMn1_LDW0_FMA_MIAV0_MDA2_MO40_MMFGLC_MKFGSU256_NTA0_NTB0_NTC0_NTD0_NEPBS0_NLCA1_NLCB1_ONLL1_OPLV0_PK0_PAP0_PGR1_PLR1_PKA0_SIA1_SLW1_SS0_SU32_SUM0_SUS256_SCIUI1_SPO0_SRVW0_SSO0_SVW4_SNLL0_TSGRA0_TSGRB0_TT4_4_TLDS0_UMLDSA0_UMLDSB0_USFGRO0_VAW2_VS1_VW4_VWB4_VFLRP0_WSGRA0_WSGRB0_WS64_WG16_16_1_WGM8",15,16952470952171,16952472139162,0,8192,256,1,1,23040,2,1
"KERNEL_DISPATCH",4,2,76,"void convert_unary<__half, float>(void const*, float*, long, long, long, HIP_vector_type<unsigned int, 3u>, long, long, long)",16,16952472139162,16952472181089,0,0,256,1,1,737280,1,1
"KERNEL_DISPATCH",4,2,51,"void dequantize_block_iq3_s<__half>(void const*, __half*)",17,16952472203756,16952472570727,0,0,32,1,1,3686400,1,1
"KERNEL_DISPATCH",4,2,64,"void convert_unary<float, __half>(void const*, __half*, long, long, long, HIP_vector_type<unsigned int, 3u>, long, long, long)",18,16952472570727,16952472588209,0,0,256,1,1,655360,1,1
"KERNEL_DISPATCH",4,2,326,"Cijk_Alik_Bljk_HB_MT64x64x16_SN_1LDSB0_APM1_ABV0_ACED0_AF0EM2_AF1EM1_AMAS3_ASE_ASGT_ASLT_ASM_ASAE01_ASCE01_ASEM2_AAC0_BL1_BS1_CLR0_DTLA0_DTLB0_DTVA0_DTVB0_DVO0_ETSP_EPS1_ELFLR0_EMLL0_FSSC10_FL0_GLVWA4_GLVWB4_GRCGA1_GRCGB1_GRPM1_GRVW4_GSU1_GSUASB_GLS0_ISA900_IU1_K1_KLA_LBSPPA0_LBSPPB0_LPA0_LPB0_LDL1_LRVW4_LWPMn1_LDW0_FMA_MIAV0_MDA2_MO40_MMFGLC_MKFGSU256_NTA0_NTB0_NTC0_NTD0_NEPBS0_NLCA1_NLCB1_ONLL1_OPLV0_PK0_PAP0_PGR1_PLR1_PKA0_SIA1_SLW1_SS0_SU32_SUM0_SUS256_SCIUI1_SPO0_SRVW0_SSO0_SVW4_SNLL0_TSGRA0_TSGRB0_TT4_4_TLDS0_UMLDSA0_UMLDSB0_USFGRO0_VAW2_VS1_VW4_VWB4_VFLRP0_WSGRA0_WSGRB0_WS64_WG16_16_1_WGM8",19,16952472588209,16952473724532,0,8192,256,1,1,23040,2,1
"KERNEL_DISPATCH",4,2,76,"void convert_unary<__half, float>(void const*, float*, long, long, long, HIP_vector_type<unsigned int, 3u>, long, long, long)",20,16952473724532,16952473766607,0,0,256,1,1,737280,1,1
"KERNEL_DISPATCH",4,2,51,"void dequantize_block_iq3_s<__half>(void const*, __half*)",21,16952473790756,16952474200247,0,0,32,1,1,3686400,1,1
"KERNEL_DISPATCH",4,2,64,"void convert_unary<float, __half>(void const*, __half*, long, long, long, HIP_vector_type<unsigned int, 3u>, long, long, long)",22,16952474200247,16952474219951,0,0,256,1,1,655360,1,1
"KERNEL_DISPATCH",4,2,326,"Cijk_Alik_Bljk_HB_MT64x64x16_SN_1LDSB0_APM1_ABV0_ACED0_AF0EM2_AF1EM1_AMAS3_ASE_ASGT_ASLT_ASM_ASAE01_ASCE01_ASEM2_AAC0_BL1_BS1_CLR0_DTLA0_DTLB0_DTVA0_DTVB0_DVO0_ETSP_EPS1_ELFLR0_EMLL0_FSSC10_FL0_GLVWA4_GLVWB4_GRCGA1_GRCGB1_GRPM1_GRVW4_GSU1_GSUASB_GLS0_ISA900_IU1_K1_KLA_LBSPPA0_LBSPPB0_LPA0_LPB0_LDL1_LRVW4_LWPMn1_LDW0_FMA_MIAV0_MDA2_MO40_MMFGLC_MKFGSU256_NTA0_NTB0_NTC0_NTD0_NEPBS0_NLCA1_NLCB1_ONLL1_OPLV0_PK0_PAP0_PGR1_PLR1_PKA0_SIA1_SLW1_SS0_SU32_SUM0_SUS256_SCIUI1_SPO0_SRVW0_SSO0_SVW4_SNLL0_TSGRA0_TSGRB0_TT4_4_TLDS0_UMLDSA0_UMLDSB0_USFGRO0_VAW2_VS1_VW4_VWB4_VFLRP0_WSGRA0_WSGRB0_WS64_WG16_16_1_WGM8",23,16952474219951,16952475440720,0,8192,256,1,1,23040,2,1
"KERNEL_DISPATCH",4,2,76,"void convert_unary<__half, float>(void const*, float*, long, long, long, HIP_vector_type<unsigned int, 3u>, long, long, long)",24,16952475440720,16952475483980,0,0,256,1,1,737280,1,1
"KERNEL_DISPATCH",4,2,51,"void dequantize_block_iq3_s<__half>(void const*, __half*)",25,16952475512129,16952475962658,0,0,32,1,1,3686400,1,1
"KERNEL_DISPATCH",4,2,64,"void convert_unary<float, __half>(void const*, __half*, long, long, long, HIP_vector_type<unsigned int, 3u>, long, long, long)",26,16952475962658,16952475982806,0,0,256,1,1,655360,1,1
"KERNEL_DISPATCH",4,2,76,"void convert_unary<__half, float>(void const*, float*, long, long, long, HIP_vector_type<unsigned int, 3u>, long, long, long)",28,16952477125499,16952477168019,0,0,256,1,1,737280,1,1
"KERNEL_DISPATCH",4,2,326,"Cijk_Alik_Bljk_HB_MT64x64x16_SN_1LDSB0_APM1_ABV0_ACED0_AF0EM2_AF1EM1_AMAS3_ASE_ASGT_ASLT_ASM_ASAE01_ASCE01_ASEM2_AAC0_BL1_BS1_CLR0_DTLA0_DTLB0_DTVA0_DTVB0_DVO0_ETSP_EPS1_ELFLR0_EMLL0_FSSC10_FL0_GLVWA4_GLVWB4_GRCGA1_GRCGB1_GRPM1_GRVW4_GSU1_GSUASB_GLS0_ISA900_IU1_K1_KLA_LBSPPA0_LBSPPB0_LPA0_LPB0_LDL1_LRVW4_LWPMn1_LDW0_FMA_MIAV0_MDA2_MO40_MMFGLC_MKFGSU256_NTA0_NTB0_NTC0_NTD0_NEPBS0_NLCA1_NLCB1_ONLL1_OPLV0_PK0_PAP0_PGR1_PLR1_PKA0_SIA1_SLW1_SS0_SU32_SUM0_SUS256_SCIUI1_SPO0_SRVW0_SSO0_SVW4_SNLL0_TSGRA0_TSGRB0_TT4_4_TLDS0_UMLDSA0_UMLDSB0_USFGRO0_VAW2_VS1_VW4_VWB4_VFLRP0_WSGRA0_WSGRB0_WS64_WG16_16_1_WGM8",27,16952475982806,16952477125499,0,8192,256,1,1,23040,2,1
"KERNEL_DISPATCH",4,2,51,"void dequantize_block_iq3_s<__half>(void const*, __half*)",29,16952477196908,16952477668327,0,0,32,1,1,3686400,1,1
"KERNEL_DISPATCH",4,2,64,"void convert_unary<float, __half>(void const*, __half*, long, long, long, HIP_vector_type<unsigned int, 3u>, long, long, long)",30,16952477668327,16952477694994,0,0,256,1,1,655360,1,1
"KERNEL_DISPATCH",4,2,326,"Cijk_Alik_Bljk_HB_MT64x64x16_SN_1LDSB0_APM1_ABV0_ACED0_AF0EM2_AF1EM1_AMAS3_ASE_ASGT_ASLT_ASM_ASAE01_ASCE01_ASEM2_AAC0_BL1_BS1_CLR0_DTLA0_DTLB0_DTVA0_DTVB0_DVO0_ETSP_EPS1_ELFLR0_EMLL0_FSSC10_FL0_GLVWA4_GLVWB4_GRCGA1_GRCGB1_GRPM1_GRVW4_GSU1_GSUASB_GLS0_ISA900_IU1_K1_KLA_LBSPPA0_LBSPPB0_LPA0_LPB0_LDL1_LRVW4_LWPMn1_LDW0_FMA_MIAV0_MDA2_MO40_MMFGLC_MKFGSU256_NTA0_NTB0_NTC0_NTD0_NEPBS0_NLCA1_NLCB1_ONLL1_OPLV0_PK0_PAP0_PGR1_PLR1_PKA0_SIA1_SLW1_SS0_SU32_SUM0_SUS256_SCIUI1_SPO0_SRVW0_SSO0_SVW4_SNLL0_TSGRA0_TSGRB0_TT4_4_TLDS0_UMLDSA0_UMLDSB0_USFGRO0_VAW2_VS1_VW4_VWB4_VFLRP0_WSGRA0_WSGRB0_WS64_WG16_16_1_WGM8",31,16952477694994,16952478802427,0,8192,256,1,1,23040,2,1
"KERNEL_DISPATCH",4,2,76,"void convert_unary<__half, float>(void const*, float*, long, long, long, HIP_vector_type<unsigned int, 3u>, long, long, long)",32,16952478802427,16952478844354,0,0,256,1,1,737280,1,1
"KERNEL_DISPATCH",4,2,51,"void dequantize_block_iq3_s<__half>(void const*, __half*)",33,16952478872355,16952479342588,0,0,32,1,1,3686400,1,1
"KERNEL_DISPATCH",4,2,64,"void convert_unary<float, __half>(void const*, __half*, long, long, long, HIP_vector_type<unsigned int, 3u>, long, long, long)",34,16952479342588,16952479369551,0,0,256,1,1,655360,1,1
"KERNEL_DISPATCH",4,2,326,"Cijk_Alik_Bljk_HB_MT64x64x16_SN_1LDSB0_APM1_ABV0_ACED0_AF0EM2_AF1EM1_AMAS3_ASE_ASGT_ASLT_ASM_ASAE01_ASCE01_ASEM2_AAC0_BL1_BS1_CLR0_DTLA0_DTLB0_DTVA0_DTVB0_DVO0_ETSP_EPS1_ELFLR0_EMLL0_FSSC10_FL0_GLVWA4_GLVWB4_GRCGA1_GRCGB1_GRPM1_GRVW4_GSU1_GSUASB_GLS0_ISA900_IU1_K1_KLA_LBSPPA0_LBSPPB0_LPA0_LPB0_LDL1_LRVW4_LWPMn1_LDW0_FMA_MIAV0_MDA2_MO40_MMFGLC_MKFGSU256_NTA0_NTB0_NTC0_NTD0_NEPBS0_NLCA1_NLCB1_ONLL1_OPLV0_PK0_PAP0_PGR1_PLR1_PKA0_SIA1_SLW1_SS0_SU32_SUM0_SUS256_SCIUI1_SPO0_SRVW0_SSO0_SVW4_SNLL0_TSGRA0_TSGRB0_TT4_4_TLDS0_UMLDSA0_UMLDSB0_USFGRO0_VAW2_VS1_VW4_VWB4_VFLRP0_WSGRA0_WSGRB0_WS64_WG16_16_1_WGM8",35,16952479369551,16952480603209,0,8192,256,1,1,23040,2,1
"KERNEL_DISPATCH",4,2,76,"void convert_unary<__half, float>(void const*, float*, long, long, long, HIP_vector_type<unsigned int, 3u>, long, long, long)",36,16952480603209,16952480646025,0,0,256,1,1,737280,1,1
"KERNEL_DISPATCH",4,2,51,"void dequantize_block_iq3_s<__half>(void const*, __half*)",37,16952480675211,16952481096554,0,0,32,1,1,3686400,1,1
"KERNEL_DISPATCH",4,2,64,"void convert_unary<float, __half>(void const*, __half*, long, long, long, HIP_vector_type<unsigned int, 3u>, long, long, long)",38,16952481096554,16952481116555,0,0,256,1,1,655360,1,1
"KERNEL_DISPATCH",4,2,76,"void convert_unary<__half, float>(void const*, float*, long, long, long, HIP_vector_type<unsigned int, 3u>, long, long, long)",40,16952482298804,16952482341324,0,0,256,1,1,737280,1,1
"KERNEL_DISPATCH",4,2,326,"Cijk_Alik_Bljk_HB_MT64x64x16_SN_1LDSB0_APM1_ABV0_ACED0_AF0EM2_AF1EM1_AMAS3_ASE_ASGT_ASLT_ASM_ASAE01_ASCE01_ASEM2_AAC0_BL1_BS1_CLR0_DTLA0_DTLB0_DTVA0_DTVB0_DVO0_ETSP_EPS1_ELFLR0_EMLL0_FSSC10_FL0_GLVWA4_GLVWB4_GRCGA1_GRCGB1_GRPM1_GRVW4_GSU1_GSUASB_GLS0_ISA900_IU1_K1_KLA_LBSPPA0_LBSPPB0_LPA0_LPB0_LDL1_LRVW4_LWPMn1_LDW0_FMA_MIAV0_MDA2_MO40_MMFGLC_MKFGSU256_NTA0_NTB0_NTC0_NTD0_NEPBS0_NLCA1_NLCB1_ONLL1_OPLV0_PK0_PAP0_PGR1_PLR1_PKA0_SIA1_SLW1_SS0_SU32_SUM0_SUS256_SCIUI1_SPO0_SRVW0_SSO0_SVW4_SNLL0_TSGRA0_TSGRB0_TT4_4_TLDS0_UMLDSA0_UMLDSB0_USFGRO0_VAW2_VS1_VW4_VWB4_VFLRP0_WSGRA0_WSGRB0_WS64_WG16_16_1_WGM8",39,16952481116555,16952482298804,0,8192,256,1,1,23040,2,1
"KERNEL_DISPATCH",4,2,51,"void dequantize_block_iq3_s<__half>(void const*, __half*)",41,16952482370954,16952482840891,0,0,32,1,1,3686400,1,1
"KERNEL_DISPATCH",4,2,64,"void convert_unary<float, __half>(void const*, __half*, long, long, long, HIP_vector_type<unsigned int, 3u>, long, long, long)",42,16952482840891,16952482860595,0,0,256,1,1,655360,1,1
"KERNEL_DISPATCH",4,2,326,"Cijk_Alik_Bljk_HB_MT64x64x16_SN_1LDSB0_APM1_ABV0_ACED0_AF0EM2_AF1EM1_AMAS3_ASE_ASGT_ASLT_ASM_ASAE01_ASCE01_ASEM2_AAC0_BL1_BS1_CLR0_DTLA0_DTLB0_DTVA0_DTVB0_DVO0_ETSP_EPS1_ELFLR0_EMLL0_FSSC10_FL0_GLVWA4_GLVWB4_GRCGA1_GRCGB1_GRPM1_GRVW4_GSU1_GSUASB_GLS0_ISA900_IU1_K1_KLA_LBSPPA0_LBSPPB0_LPA0_LPB0_LDL1_LRVW4_LWPMn1_LDW0_FMA_MIAV0_MDA2_MO40_MMFGLC_MKFGSU256_NTA0_NTB0_NTC0_NTD0_NEPBS0_NLCA1_NLCB1_ONLL1_OPLV0_PK0_PAP0_PGR1_PLR1_PKA0_SIA1_SLW1_SS0_SU32_SUM0_SUS256_SCIUI1_SPO0_SRVW0_SSO0_SVW4_SNLL0_TSGRA0_TSGRB0_TT4_4_TLDS0_UMLDSA0_UMLDSB0_USFGRO0_VAW2_VS1_VW4_VWB4_VFLRP0_WSGRA0_WSGRB0_WS64_WG16_16_1_WGM8",43,16952482860595,16952484039733,0,8192,256,1,1,23040,2,1
"KERNEL_DISPATCH",4,2,76,"void convert_unary<__half, float>(void const*, float*, long, long, long, HIP_vector_type<unsigned int, 3u>, long, long, long)",44,16952484039733,16952484082845,0,0,256,1,1,737280,1,1
"KERNEL_DISPATCH",4,2,51,"void dequantize_block_iq3_s<__half>(void const*, __half*)",45,16952484112476,16952484583153,0,0,32,1,1,3686400,1,1
"KERNEL_DISPATCH",4,2,64,"void convert_unary<float, __half>(void const*, __half*, long, long, long, HIP_vector_type<unsigned int, 3u>, long, long, long)",46,16952484583153,16952484609969,0,0,256,1,1,655360,1,1
"KERNEL_DISPATCH",4,2,326,"Cijk_Alik_Bljk_HB_MT64x64x16_SN_1LDSB0_APM1_ABV0_ACED0_AF0EM2_AF1EM1_AMAS3_ASE_ASGT_ASLT_ASM_ASAE01_ASCE01_ASEM2_AAC0_BL1_BS1_CLR0_DTLA0_DTLB0_DTVA0_DTVB0_DVO0_ETSP_EPS1_ELFLR0_EMLL0_FSSC10_FL0_GLVWA4_GLVWB4_GRCGA1_GRCGB1_GRPM1_GRVW4_GSU1_GSUASB_GLS0_ISA900_IU1_K1_KLA_LBSPPA0_LBSPPB0_LPA0_LPB0_LDL1_LRVW4_LWPMn1_LDW0_FMA_MIAV0_MDA2_MO40_MMFGLC_MKFGSU256_NTA0_NTB0_NTC0_NTD0_NEPBS0_NLCA1_NLCB1_ONLL1_OPLV0_PK0_PAP0_PGR1_PLR1_PKA0_SIA1_SLW1_SS0_SU32_SUM0_SUS256_SCIUI1_SPO0_SRVW0_SSO0_SVW4_SNLL0_TSGRA0_TSGRB0_TT4_4_TLDS0_UMLDSA0_UMLDSB0_USFGRO0_VAW2_VS1_VW4_VWB4_VFLRP0_WSGRA0_WSGRB0_WS64_WG16_16_1_WGM8",47,16952484609969,16952485692216,0,8192,256,1,1,23040,2,1
"KERNEL_DISPATCH",4,2,76,"void convert_unary<__half, float>(void const*, float*, long, long, long, HIP_vector_type<unsigned int, 3u>, long, long, long)",48,16952485692216,16952485739921,0,0,256,1,1,737280,1,1
"KERNEL_DISPATCH",4,2,51,"void dequantize_block_iq3_s<__half>(void const*, __half*)",49,16952485767477,16952486237858,0,0,32,1,1,3686400,1,1
"KERNEL_DISPATCH",4,2,64,"void convert_unary<float, __half>(void const*, __half*, long, long, long, HIP_vector_type<unsigned int, 3u>, long, long, long)",50,16952486237858,16952486264674,0,0,256,1,1,655360,1,1
"KERNEL_DISPATCH",4,2,326,"Cijk_Alik_Bljk_HB_MT64x64x16_SN_1LDSB0_APM1_ABV0_ACED0_AF0EM2_AF1EM1_AMAS3_ASE_ASGT_ASLT_ASM_ASAE01_ASCE01_ASEM2_AAC0_BL1_BS1_CLR0_DTLA0_DTLB0_DTVA0_DTVB0_DVO0_ETSP_EPS1_ELFLR0_EMLL0_FSSC10_FL0_GLVWA4_GLVWB4_GRCGA1_GRCGB1_GRPM1_GRVW4_GSU1_GSUASB_GLS0_ISA900_IU1_K1_KLA_LBSPPA0_LBSPPB0_LPA0_LPB0_LDL1_LRVW4_LWPMn1_LDW0_FMA_MIAV0_MDA2_MO40_MMFGLC_MKFGSU256_NTA0_NTB0_NTC0_NTD0_NEPBS0_NLCA1_NLCB1_ONLL1_OPLV0_PK0_PAP0_PGR1_PLR1_PKA0_SIA1_SLW1_SS0_SU32_SUM0_SUS256_SCIUI1_SPO0_SRVW0_SSO0_SVW4_SNLL0_TSGRA0_TSGRB0_TT4_4_TLDS0_UMLDSA0_UMLDSB0_USFGRO0_VAW2_VS1_VW4_VWB4_VFLRP0_WSGRA0_WSGRB0_WS64_WG16_16_1_WGM8",51,16952486264674,16952487946639,0,8192,256,1,1,23040,2,1
"KERNEL_DISPATCH",4,2,76,"void convert_unary<__half, float>(void const*, float*, long, long, long, HIP_vector_type<unsigned int, 3u>, long, long, long)",52,16952487946639,16952487988862,0,0,256,1,1,737280,1,1
"KERNEL_DISPATCH",4,2,51,"void dequantize_block_iq3_s<__half>(void const*, __half*)",53,16952488017307,16952488488133,0,0,32,1,1,3686400,1,1
"KERNEL_DISPATCH",4,2,64,"void convert_unary<float, __half>(void const*, __half*, long, long, long, HIP_vector_type<unsigned int, 3u>, long, long, long)",54,16952488488133,16952488514800,0,0,256,1,1,655360,1,1
"KERNEL_DISPATCH",4,2,326,"Cijk_Alik_Bljk_HB_MT64x64x16_SN_1LDSB0_APM1_ABV0_ACED0_AF0EM2_AF1EM1_AMAS3_ASE_ASGT_ASLT_ASM_ASAE01_ASCE01_ASEM2_AAC0_BL1_BS1_CLR0_DTLA0_DTLB0_DTVA0_DTVB0_DVO0_ETSP_EPS1_ELFLR0_EMLL0_FSSC10_FL0_GLVWA4_GLVWB4_GRCGA1_GRCGB1_GRPM1_GRVW4_GSU1_GSUASB_GLS0_ISA900_IU1_K1_KLA_LBSPPA0_LBSPPB0_LPA0_LPB0_LDL1_LRVW4_LWPMn1_LDW0_FMA_MIAV0_MDA2_MO40_MMFGLC_MKFGSU256_NTA0_NTB0_NTC0_NTD0_NEPBS0_NLCA1_NLCB1_ONLL1_OPLV0_PK0_PAP0_PGR1_PLR1_PKA0_SIA1_SLW1_SS0_SU32_SUM0_SUS256_SCIUI1_SPO0_SRVW0_SSO0_SVW4_SNLL0_TSGRA0_TSGRB0_TT4_4_TLDS0_UMLDSA0_UMLDSB0_USFGRO0_VAW2_VS1_VW4_VWB4_VFLRP0_WSGRA0_WSGRB0_WS64_WG16_16_1_WGM8",55,16952488514800,16952489609492,0,8192,256,1,1,23040,2,1
"KERNEL_DISPATCH",4,2,76,"void convert_unary<__half, float>(void const*, float*, long, long, long, HIP_vector_type<unsigned int, 3u>, long, long, long)",56,16952489609492,16952489651863,0,0,256,1,1,737280,1,1
"KERNEL_DISPATCH",4,2,51,"void dequantize_block_iq3_s<__half>(void const*, __half*)",57,16952489676160,16952490054539,0,0,32,1,1,3686400,1,1
"KERNEL_DISPATCH",4,2,64,"void convert_unary<float, __half>(void const*, __half*, long, long, long, HIP_vector_type<unsigned int, 3u>, long, long, long)",58,16952490054539,16952490072169,0,0,256,1,1,655360,1,1
"KERNEL_DISPATCH",4,2,326,"Cijk_Alik_Bljk_HB_MT64x64x16_SN_1LDSB0_APM1_ABV0_ACED0_AF0EM2_AF1EM1_AMAS3_ASE_ASGT_ASLT_ASM_ASAE01_ASCE01_ASEM2_AAC0_BL1_BS1_CLR0_DTLA0_DTLB0_DTVA0_DTVB0_DVO0_ETSP_EPS1_ELFLR0_EMLL0_FSSC10_FL0_GLVWA4_GLVWB4_GRCGA1_GRCGB1_GRPM1_GRVW4_GSU1_GSUASB_GLS0_ISA900_IU1_K1_KLA_LBSPPA0_LBSPPB0_LPA0_LPB0_LDL1_LRVW4_LWPMn1_LDW0_FMA_MIAV0_MDA2_MO40_MMFGLC_MKFGSU256_NTA0_NTB0_NTC0_NTD0_NEPBS0_NLCA1_NLCB1_ONLL1_OPLV0_PK0_PAP0_PGR1_PLR1_PKA0_SIA1_SLW1_SS0_SU32_SUM0_SUS256_SCIUI1_SPO0_SRVW0_SSO0_SVW4_SNLL0_TSGRA0_TSGRB0_TT4_4_TLDS0_UMLDSA0_UMLDSB0_USFGRO0_VAW2_VS1_VW4_VWB4_VFLRP0_WSGRA0_WSGRB0_WS64_WG16_16_1_WGM8",59,16952490072169,16952491234715,0,8192,256,1,1,23040,2,1
"KERNEL_DISPATCH",4,2,76,"void convert_unary<__half, float>(void const*, float*, long, long, long, HIP_vector_type<unsigned int, 3u>, long, long, long)",60,16952491234715,16952491276938,0,0,256,1,1,737280,1,1
"KERNEL_DISPATCH",4,2,51,"void dequantize_block_iq3_s<__half>(void const*, __half*)",61,16952491300346,16952491709689,0,0,32,1,1,3686400,1,1
"KERNEL_DISPATCH",4,2,64,"void convert_unary<float, __half>(void const*, __half*, long, long, long, HIP_vector_type<unsigned int, 3u>, long, long, long)",62,16952491709689,16952491729245,0,0,256,1,1,655360,1,1
"KERNEL_DISPATCH",4,2,76,"void convert_unary<__half, float>(void const*, float*, long, long, long, HIP_vector_type<unsigned int, 3u>, long, long, long)",64,16952492857567,16952492900383,0,0,256,1,1,737280,1,1
"KERNEL_DISPATCH",4,2,326,"Cijk_Alik_Bljk_HB_MT64x64x16_SN_1LDSB0_APM1_ABV0_ACED0_AF0EM2_AF1EM1_AMAS3_ASE_ASGT_ASLT_ASM_ASAE01_ASCE01_ASEM2_AAC0_BL1_BS1_CLR0_DTLA0_DTLB0_DTVA0_DTVB0_DVO0_ETSP_EPS1_ELFLR0_EMLL0_FSSC10_FL0_GLVWA4_GLVWB4_GRCGA1_GRCGB1_GRPM1_GRVW4_GSU1_GSUASB_GLS0_ISA900_IU1_K1_KLA_LBSPPA0_LBSPPB0_LPA0_LPB0_LDL1_LRVW4_LWPMn1_LDW0_FMA_MIAV0_MDA2_MO40_MMFGLC_MKFGSU256_NTA0_NTB0_NTC0_NTD0_NEPBS0_NLCA1_NLCB1_ONLL1_OPLV0_PK0_PAP0_PGR1_PLR1_PKA0_SIA1_SLW1_SS0_SU32_SUM0_SUS256_SCIUI1_SPO0_SRVW0_SSO0_SVW4_SNLL0_TSGRA0_TSGRB0_TT4_4_TLDS0_UMLDSA0_UMLDSB0_USFGRO0_VAW2_VS1_VW4_VWB4_VFLRP0_WSGRA0_WSGRB0_WS64_WG16_16_1_WGM8",63,16952491729245,16952492857567,0,8192,256,1,1,23040,2,1
"KERNEL_DISPATCH",4,2,51,"void dequantize_block_iq3_s<__half>(void const*, __half*)",65,16952492924976,16952493335059,0,0,32,1,1,3686400,1,1
"KERNEL_DISPATCH",4,2,64,"void convert_unary<float, __half>(void const*, __half*, long, long, long, HIP_vector_type<unsigned int, 3u>, long, long, long)",66,16952493335059,16952493354615,0,0,256,1,1,655360,1,1
"KERNEL_DISPATCH",4,2,326,"Cijk_Alik_Bljk_HB_MT64x64x16_SN_1LDSB0_APM1_ABV0_ACED0_AF0EM2_AF1EM1_AMAS3_ASE_ASGT_ASLT_ASM_ASAE01_ASCE01_ASEM2_AAC0_BL1_BS1_CLR0_DTLA0_DTLB0_DTVA0_DTVB0_DVO0_ETSP_EPS1_ELFLR0_EMLL0_FSSC10_FL0_GLVWA4_GLVWB4_GRCGA1_GRCGB1_GRPM1_GRVW4_GSU1_GSUASB_GLS0_ISA900_IU1_K1_KLA_LBSPPA0_LBSPPB0_LPA0_LPB0_LDL1_LRVW4_LWPMn1_LDW0_FMA_MIAV0_MDA2_MO40_MMFGLC_MKFGSU256_NTA0_NTB0_NTC0_NTD0_NEPBS0_NLCA1_NLCB1_ONLL1_OPLV0_PK0_PAP0_PGR1_PLR1_PKA0_SIA1_SLW1_SS0_SU32_SUM0_SUS256_SCIUI1_SPO0_SRVW0_SSO0_SVW4_SNLL0_TSGRA0_TSGRB0_TT4_4_TLDS0_UMLDSA0_UMLDSB0_USFGRO0_VAW2_VS1_VW4_VWB4_VFLRP0_WSGRA0_WSGRB0_WS64_WG16_16_1_WGM8",67,16952493354615,16952494625756,0,8192,256,1,1,23040,2,1
"KERNEL_DISPATCH",4,2,76,"void convert_unary<__half, float>(void const*, float*, long, long, long, HIP_vector_type<unsigned int, 3u>, long, long, long)",68,16952494625756,16952494668572,0,0,256,1,1,737280,1,1
"KERNEL_DISPATCH",4,2,51,"void dequantize_block_iq3_s<__half>(void const*, __half*)",69,16952494696424,16952495123101,0,0,32,1,1,3686400,1,1
"KERNEL_DISPATCH",4,2,64,"void convert_unary<float, __half>(void const*, __half*, long, long, long, HIP_vector_type<unsigned int, 3u>, long, long, long)",70,16952495123101,16952495142509,0,0,256,1,1,655360,1,1
"KERNEL_DISPATCH",4,2,76,"void convert_unary<__half, float>(void const*, float*, long, long, long, HIP_vector_type<unsigned int, 3u>, long, long, long)",72,16952496345944,16952496389945,0,0,256,1,1,737280,1,1
"KERNEL_DISPATCH",4,2,326,"Cijk_Alik_Bljk_HB_MT64x64x16_SN_1LDSB0_APM1_ABV0_ACED0_AF0EM2_AF1EM1_AMAS3_ASE_ASGT_ASLT_ASM_ASAE01_ASCE01_ASEM2_AAC0_BL1_BS1_CLR0_DTLA0_DTLB0_DTVA0_DTVB0_DVO0_ETSP_EPS1_ELFLR0_EMLL0_FSSC10_FL0_GLVWA4_GLVWB4_GRCGA1_GRCGB1_GRPM1_GRVW4_GSU1_GSUASB_GLS0_ISA900_IU1_K1_KLA_LBSPPA0_LBSPPB0_LPA0_LPB0_LDL1_LRVW4_LWPMn1_LDW0_FMA_MIAV0_MDA2_MO40_MMFGLC_MKFGSU256_NTA0_NTB0_NTC0_NTD0_NEPBS0_NLCA1_NLCB1_ONLL1_OPLV0_PK0_PAP0_PGR1_PLR1_PKA0_SIA1_SLW1_SS0_SU32_SUM0_SUS256_SCIUI1_SPO0_SRVW0_SSO0_SVW4_SNLL0_TSGRA0_TSGRB0_TT4_4_TLDS0_UMLDSA0_UMLDSB0_USFGRO0_VAW2_VS1_VW4_VWB4_VFLRP0_WSGRA0_WSGRB0_WS64_WG16_16_1_WGM8",71,16952495142509,16952496345944,0,8192,256,1,1,23040,2,1
"KERNEL_DISPATCH",4,2,51,"void dequantize_block_iq3_s<__half>(void const*, __half*)",73,16952496418834,16952496881660,0,0,32,1,1,3686400,1,1
"KERNEL_DISPATCH",4,2,64,"void convert_unary<float, __half>(void const*, __half*, long, long, long, HIP_vector_type<unsigned int, 3u>, long, long, long)",74,16952496881660,16952496901216,0,0,256,1,1,655360,1,1
"KERNEL_DISPATCH",4,2,326,"Cijk_Alik_Bljk_HB_MT64x64x16_SN_1LDSB0_APM1_ABV0_ACED0_AF0EM2_AF1EM1_AMAS3_ASE_ASGT_ASLT_ASM_ASAE01_ASCE01_ASEM2_AAC0_BL1_BS1_CLR0_DTLA0_DTLB0_DTVA0_DTVB0_DVO0_ETSP_EPS1_ELFLR0_EMLL0_FSSC10_FL0_GLVWA4_GLVWB4_GRCGA1_GRCGB1_GRPM1_GRVW4_GSU1_GSUASB_GLS0_ISA900_IU1_K1_KLA_LBSPPA0_LBSPPB0_LPA0_LPB0_LDL1_LRVW4_LWPMn1_LDW0_FMA_MIAV0_MDA2_MO40_MMFGLC_MKFGSU256_NTA0_NTB0_NTC0_NTD0_NEPBS0_NLCA1_NLCB1_ONLL1_OPLV0_PK0_PAP0_PGR1_PLR1_PKA0_SIA1_SLW1_SS0_SU32_SUM0_SUS256_SCIUI1_SPO0_SRVW0_SSO0_SVW4_SNLL0_TSGRA0_TSGRB0_TT4_4_TLDS0_UMLDSA0_UMLDSB0_USFGRO0_VAW2_VS1_VW4_VWB4_VFLRP0_WSGRA0_WSGRB0_WS64_WG16_16_1_WGM8",75,16952496901216,16952498043020,0,8192,256,1,1,23040,2,1
"KERNEL_DISPATCH",4,2,76,"void convert_unary<__half, float>(void const*, float*, long, long, long, HIP_vector_type<unsigned int, 3u>, long, long, long)",76,16952498043020,16952498086873,0,0,256,1,1,737280,1,1
"KERNEL_DISPATCH",4,2,51,"void dequantize_block_iq3_s<__half>(void const*, __half*)",77,16952498115318,16952498586144,0,0,32,1,1,3686400,1,1
"KERNEL_DISPATCH",4,2,64,"void convert_unary<float, __half>(void const*, __half*, long, long, long, HIP_vector_type<unsigned int, 3u>, long, long, long)",78,16952498586144,16952498612663,0,0,256,1,1,655360,1,1
"KERNEL_DISPATCH",4,2,326,"Cijk_Alik_Bljk_HB_MT64x64x16_SN_1LDSB0_APM1_ABV0_ACED0_AF0EM2_AF1EM1_AMAS3_ASE_ASGT_ASLT_ASM_ASAE01_ASCE01_ASEM2_AAC0_BL1_BS1_CLR0_DTLA0_DTLB0_DTVA0_DTVB0_DVO0_ETSP_EPS1_ELFLR0_EMLL0_FSSC10_FL0_GLVWA4_GLVWB4_GRCGA1_GRCGB1_GRPM1_GRVW4_GSU1_GSUASB_GLS0_ISA900_IU1_K1_KLA_LBSPPA0_LBSPPB0_LPA0_LPB0_LDL1_LRVW4_LWPMn1_LDW0_FMA_MIAV0_MDA2_MO40_MMFGLC_MKFGSU256_NTA0_NTB0_NTC0_NTD0_NEPBS0_NLCA1_NLCB1_ONLL1_OPLV0_PK0_PAP0_PGR1_PLR1_PKA0_SIA1_SLW1_SS0_SU32_SUM0_SUS256_SCIUI1_SPO0_SRVW0_SSO0_SVW4_SNLL0_TSGRA0_TSGRB0_TT4_4_TLDS0_UMLDSA0_UMLDSB0_USFGRO0_VAW2_VS1_VW4_VWB4_VFLRP0_WSGRA0_WSGRB0_WS64_WG16_16_1_WGM8",79,16952498612663,16952499724541,0,8192,256,1,1,23040,2,1
"KERNEL_DISPATCH",4,2,76,"void convert_unary<__half, float>(void const*, float*, long, long, long, HIP_vector_type<unsigned int, 3u>, long, long, long)",80,16952499724541,16952499767949,0,0,256,1,1,737280,1,1
"KERNEL_DISPATCH",4,2,51,"void dequantize_block_iq3_s<__half>(void const*, __half*)",81,16952499795950,16952500266331,0,0,32,1,1,3686400,1,1
"KERNEL_DISPATCH",4,2,64,"void convert_unary<float, __half>(void const*, __half*, long, long, long, HIP_vector_type<unsigned int, 3u>, long, long, long)",82,16952500266331,16952500293739,0,0,256,1,1,655360,1,1
"KERNEL_DISPATCH",4,2,326,"Cijk_Alik_Bljk_HB_MT64x64x16_SN_1LDSB0_APM1_ABV0_ACED0_AF0EM2_AF1EM1_AMAS3_ASE_ASGT_ASLT_ASM_ASAE01_ASCE01_ASEM2_AAC0_BL1_BS1_CLR0_DTLA0_DTLB0_DTVA0_DTVB0_DVO0_ETSP_EPS1_ELFLR0_EMLL0_FSSC10_FL0_GLVWA4_GLVWB4_GRCGA1_GRCGB1_GRPM1_GRVW4_GSU1_GSUASB_GLS0_ISA900_IU1_K1_KLA_LBSPPA0_LBSPPB0_LPA0_LPB0_LDL1_LRVW4_LWPMn1_LDW0_FMA_MIAV0_MDA2_MO40_MMFGLC_MKFGSU256_NTA0_NTB0_NTC0_NTD0_NEPBS0_NLCA1_NLCB1_ONLL1_OPLV0_PK0_PAP0_PGR1_PLR1_PKA0_SIA1_SLW1_SS0_SU32_SUM0_SUS256_SCIUI1_SPO0_SRVW0_SSO0_SVW4_SNLL0_TSGRA0_TSGRB0_TT4_4_TLDS0_UMLDSA0_UMLDSB0_USFGRO0_VAW2_VS1_VW4_VWB4_VFLRP0_WSGRA0_WSGRB0_WS64_WG16_16_1_WGM8",83,16952500293739,16952502138374,0,8192,256,1,1,23040,2,1
"KERNEL_DISPATCH",4,2,76,"void convert_unary<__half, float>(void const*, float*, long, long, long, HIP_vector_type<unsigned int, 3u>, long, long, long)",84,16952502138374,16952502181783,0,0,256,1,1,737280,1,1
"KERNEL_DISPATCH",4,2,51,"void dequantize_block_iq3_s<__half>(void const*, __half*)",85,16952502210228,16952502680609,0,0,32,1,1,3686400,1,1
"KERNEL_DISPATCH",4,2,64,"void convert_unary<float, __half>(void const*, __half*, long, long, long, HIP_vector_type<unsigned int, 3u>, long, long, long)",86,16952502680609,16952502707869,0,0,256,1,1,655360,1,1
"KERNEL_DISPATCH",4,2,326,"Cijk_Alik_Bljk_HB_MT64x64x16_SN_1LDSB0_APM1_ABV0_ACED0_AF0EM2_AF1EM1_AMAS3_ASE_ASGT_ASLT_ASM_ASAE01_ASCE01_ASEM2_AAC0_BL1_BS1_CLR0_DTLA0_DTLB0_DTVA0_DTVB0_DVO0_ETSP_EPS1_ELFLR0_EMLL0_FSSC10_FL0_GLVWA4_GLVWB4_GRCGA1_GRCGB1_GRPM1_GRVW4_GSU1_GSUASB_GLS0_ISA900_IU1_K1_KLA_LBSPPA0_LBSPPB0_LPA0_LPB0_LDL1_LRVW4_LWPMn1_LDW0_FMA_MIAV0_MDA2_MO40_MMFGLC_MKFGSU256_NTA0_NTB0_NTC0_NTD0_NEPBS0_NLCA1_NLCB1_ONLL1_OPLV0_PK0_PAP0_PGR1_PLR1_PKA0_SIA1_SLW1_SS0_SU32_SUM0_SUS256_SCIUI1_SPO0_SRVW0_SSO0_SVW4_SNLL0_TSGRA0_TSGRB0_TT4_4_TLDS0_UMLDSA0_UMLDSB0_USFGRO0_VAW2_VS1_VW4_VWB4_VFLRP0_WSGRA0_WSGRB0_WS64_WG16_16_1_WGM8",87,16952502707869,16952503811005,0,8192,256,1,1,23040,2,1
"KERNEL_DISPATCH",4,2,76,"void convert_unary<__half, float>(void const*, float*, long, long, long, HIP_vector_type<unsigned int, 3u>, long, long, long)",88,16952503811005,16952503852932,0,0,256,1,1,737280,1,1
"KERNEL_DISPATCH",4,2,51,"void dequantize_block_iq3_s<__half>(void const*, __half*)",89,16952503880785,16952504351611,0,0,32,1,1,3686400,1,1
"KERNEL_DISPATCH",4,2,64,"void convert_unary<float, __half>(void const*, __half*, long, long, long, HIP_vector_type<unsigned int, 3u>, long, long, long)",90,16952504351611,16952504377537,0,0,256,1,1,655360,1,1
"KERNEL_DISPATCH",4,2,326,"Cijk_Alik_Bljk_HB_MT64x64x16_SN_1LDSB0_APM1_ABV0_ACED0_AF0EM2_AF1EM1_AMAS3_ASE_ASGT_ASLT_ASM_ASAE01_ASCE01_ASEM2_AAC0_BL1_BS1_CLR0_DTLA0_DTLB0_DTVA0_DTVB0_DVO0_ETSP_EPS1_ELFLR0_EMLL0_FSSC10_FL0_GLVWA4_GLVWB4_GRCGA1_GRCGB1_GRPM1_GRVW4_GSU1_GSUASB_GLS0_ISA900_IU1_K1_KLA_LBSPPA0_LBSPPB0_LPA0_LPB0_LDL1_LRVW4_LWPMn1_LDW0_FMA_MIAV0_MDA2_MO40_MMFGLC_MKFGSU256_NTA0_NTB0_NTC0_NTD0_NEPBS0_NLCA1_NLCB1_ONLL1_OPLV0_PK0_PAP0_PGR1_PLR1_PKA0_SIA1_SLW1_SS0_SU32_SUM0_SUS256_SCIUI1_SPO0_SRVW0_SSO0_SVW4_SNLL0_TSGRA0_TSGRB0_TT4_4_TLDS0_UMLDSA0_UMLDSB0_USFGRO0_VAW2_VS1_VW4_VWB4_VFLRP0_WSGRA0_WSGRB0_WS64_WG16_16_1_WGM8",91,16952504377537,16952505604232,0,8192,256,1,1,23040,2,1
"KERNEL_DISPATCH",4,2,76,"void convert_unary<__half, float>(void const*, float*, long, long, long, HIP_vector_type<unsigned int, 3u>, long, long, long)",92,16952505604232,16952505647048,0,0,256,1,1,737280,1,1
"KERNEL_DISPATCH",4,2,51,"void dequantize_block_iq3_s<__half>(void const*, __half*)",93,16952505675493,16952506096688,0,0,32,1,1,3686400,1,1
"KERNEL_DISPATCH",4,2,64,"void convert_unary<float, __half>(void const*, __half*, long, long, long, HIP_vector_type<unsigned int, 3u>, long, long, long)",94,16952506096688,16952506116540,0,0,256,1,1,655360,1,1
"KERNEL_DISPATCH",4,2,76,"void convert_unary<__half, float>(void const*, float*, long, long, long, HIP_vector_type<unsigned int, 3u>, long, long, long)",96,16952507268366,16952507311034,0,0,256,1,1,737280,1,1
"KERNEL_DISPATCH",4,2,326,"Cijk_Alik_Bljk_HB_MT64x64x16_SN_1LDSB0_APM1_ABV0_ACED0_AF0EM2_AF1EM1_AMAS3_ASE_ASGT_ASLT_ASM_ASAE01_ASCE01_ASEM2_AAC0_BL1_BS1_CLR0_DTLA0_DTLB0_DTVA0_DTVB0_DVO0_ETSP_EPS1_ELFLR0_EMLL0_FSSC10_FL0_GLVWA4_GLVWB4_GRCGA1_GRCGB1_GRPM1_GRVW4_GSU1_GSUASB_GLS0_ISA900_IU1_K1_KLA_LBSPPA0_LBSPPB0_LPA0_LPB0_LDL1_LRVW4_LWPMn1_LDW0_FMA_MIAV0_MDA2_MO40_MMFGLC_MKFGSU256_NTA0_NTB0_NTC0_NTD0_NEPBS0_NLCA1_NLCB1_ONLL1_OPLV0_PK0_PAP0_PGR1_PLR1_PKA0_SIA1_SLW1_SS0_SU32_SUM0_SUS256_SCIUI1_SPO0_SRVW0_SSO0_SVW4_SNLL0_TSGRA0_TSGRB0_TT4_4_TLDS0_UMLDSA0_UMLDSB0_USFGRO0_VAW2_VS1_VW4_VWB4_VFLRP0_WSGRA0_WSGRB0_WS64_WG16_16_1_WGM8",95,16952506116488,16952507268366,0,8192,256,1,1,23040,2,1
"KERNEL_DISPATCH",4,2,51,"void dequantize_block_iq3_s<__half>(void const*, __half*)",97,16952507340070,16952507805563,0,0,32,1,1,3686400,1,1
"KERNEL_DISPATCH",4,2,64,"void convert_unary<float, __half>(void const*, __half*, long, long, long, HIP_vector_type<unsigned int, 3u>, long, long, long)",98,16952507805563,16952507839638,0,0,256,1,1,655360,1,1
"KERNEL_DISPATCH",4,2,326,"Cijk_Alik_Bljk_HB_MT64x64x16_SN_1LDSB0_APM1_ABV0_ACED0_AF0EM2_AF1EM1_AMAS3_ASE_ASGT_ASLT_ASM_ASAE01_ASCE01_ASEM2_AAC0_BL1_BS1_CLR0_DTLA0_DTLB0_DTVA0_DTVB0_DVO0_ETSP_EPS1_ELFLR0_EMLL0_FSSC10_FL0_GLVWA4_GLVWB4_GRCGA1_GRCGB1_GRPM1_GRVW4_GSU1_GSUASB_GLS0_ISA900_IU1_K1_KLA_LBSPPA0_LBSPPB0_LPA0_LPB0_LDL1_LRVW4_LWPMn1_LDW0_FMA_MIAV0_MDA2_MO40_MMFGLC_MKFGSU256_NTA0_NTB0_NTC0_NTD0_NEPBS0_NLCA1_NLCB1_ONLL1_OPLV0_PK0_PAP0_PGR1_PLR1_PKA0_SIA1_SLW1_SS0_SU32_SUM0_SUS256_SCIUI1_SPO0_SRVW0_SSO0_SVW4_SNLL0_TSGRA0_TSGRB0_TT4_4_TLDS0_UMLDSA0_UMLDSB0_USFGRO0_VAW2_VS1_VW4_VWB4_VFLRP0_WSGRA0_WSGRB0_WS64_WG16_16_1_WGM8",99,16952507839638,16952508985146,0,8192,256,1,1,23040,2,1
"KERNEL_DISPATCH",4,2,76,"void convert_unary<__half, float>(void const*, float*, long, long, long, HIP_vector_type<unsigned int, 3u>, long, long, long)",100,16952508985146,16952509027813,0,0,256,1,1,737280,1,1
"KERNEL_DISPATCH",4,2,51,"void dequantize_block_iq3_s<__half>(void const*, __half*)",101,16952509055666,16952509526047,0,0,32,1,1,3686400,1,1
"KERNEL_DISPATCH",4,2,64,"void convert_unary<float, __half>(void const*, __half*, long, long, long, HIP_vector_type<unsigned int, 3u>, long, long, long)",102,16952509526047,16952509552714,0,0,256,1,1,655360,1,1
"KERNEL_DISPATCH",4,2,326,"Cijk_Alik_Bljk_HB_MT64x64x16_SN_1LDSB0_APM1_ABV0_ACED0_AF0EM2_AF1EM1_AMAS3_ASE_ASGT_ASLT_ASM_ASAE01_ASCE01_ASEM2_AAC0_BL1_BS1_CLR0_DTLA0_DTLB0_DTVA0_DTVB0_DVO0_ETSP_EPS1_ELFLR0_EMLL0_FSSC10_FL0_GLVWA4_GLVWB4_GRCGA1_GRCGB1_GRPM1_GRVW4_GSU1_GSUASB_GLS0_ISA900_IU1_K1_KLA_LBSPPA0_LBSPPB0_LPA0_LPB0_LDL1_LRVW4_LWPMn1_LDW0_FMA_MIAV0_MDA2_MO40_MMFGLC_MKFGSU256_NTA0_NTB0_NTC0_NTD0_NEPBS0_NLCA1_NLCB1_ONLL1_OPLV0_PK0_PAP0_PGR1_PLR1_PKA0_SIA1_SLW1_SS0_SU32_SUM0_SUS256_SCIUI1_SPO0_SRVW0_SSO0_SVW4_SNLL0_TSGRA0_TSGRB0_TT4_4_TLDS0_UMLDSA0_UMLDSB0_USFGRO0_VAW2_VS1_VW4_VWB4_VFLRP0_WSGRA0_WSGRB0_WS64_WG16_16_1_WGM8",103,16952509552714,16952510671555,0,8192,256,1,1,23040,2,1
"KERNEL_DISPATCH",4,2,76,"void convert_unary<__half, float>(void const*, float*, long, long, long, HIP_vector_type<unsigned int, 3u>, long, long, long)",104,16952510671555,16952510713778,0,0,256,1,1,737280,1,1
"KERNEL_DISPATCH",4,2,51,"void dequantize_block_iq3_s<__half>(void const*, __half*)",105,16952510738371,16952511147714,0,0,32,1,1,3686400,1,1
"KERNEL_DISPATCH",4,2,64,"void convert_unary<float, __half>(void const*, __half*, long, long, long, HIP_vector_type<unsigned int, 3u>, long, long, long)",106,16952511147714,16952511167418,0,0,256,1,1,655360,1,1
"KERNEL_DISPATCH",4,2,326,"Cijk_Alik_Bljk_HB_MT64x64x16_SN_1LDSB0_APM1_ABV0_ACED0_AF0EM2_AF1EM1_AMAS3_ASE_ASGT_ASLT_ASM_ASAE01_ASCE01_ASEM2_AAC0_BL1_BS1_CLR0_DTLA0_DTLB0_DTVA0_DTVB0_DVO0_ETSP_EPS1_ELFLR0_EMLL0_FSSC10_FL0_GLVWA4_GLVWB4_GRCGA1_GRCGB1_GRPM1_GRVW4_GSU1_GSUASB_GLS0_ISA900_IU1_K1_KLA_LBSPPA0_LBSPPB0_LPA0_LPB0_LDL1_LRVW4_LWPMn1_LDW0_FMA_MIAV0_MDA2_MO40_MMFGLC_MKFGSU256_NTA0_NTB0_NTC0_NTD0_NEPBS0_NLCA1_NLCB1_ONLL1_OPLV0_PK0_PAP0_PGR1_PLR1_PKA0_SIA1_SLW1_SS0_SU32_SUM0_SUS256_SCIUI1_SPO0_SRVW0_SSO0_SVW4_SNLL0_TSGRA0_TSGRB0_TT4_4_TLDS0_UMLDSA0_UMLDSB0_USFGRO0_VAW2_VS1_VW4_VWB4_VFLRP0_WSGRA0_WSGRB0_WS64_WG16_16_1_WGM8",107,16952511167418,16952512338260,0,8192,256,1,1,23040,2,1
"KERNEL_DISPATCH",4,2,76,"void convert_unary<__half, float>(void const*, float*, long, long, long, HIP_vector_type<unsigned int, 3u>, long, long, long)",108,16952512338260,16952512380928,0,0,256,1,1,737280,1,1
"KERNEL_DISPATCH",4,2,51,"void dequantize_block_iq3_s<__half>(void const*, __half*)",109,16952512408928,16952512873828,0,0,32,1,1,3686400,1,1
"KERNEL_DISPATCH",4,2,64,"void convert_unary<float, __half>(void const*, __half*, long, long, long, HIP_vector_type<unsigned int, 3u>, long, long, long)",110,16952512873828,16952512893680,0,0,256,1,1,655360,1,1
"KERNEL_DISPATCH",4,2,326,"Cijk_Alik_Bljk_HB_MT64x64x16_SN_1LDSB0_APM1_ABV0_ACED0_AF0EM2_AF1EM1_AMAS3_ASE_ASGT_ASLT_ASM_ASAE01_ASCE01_ASEM2_AAC0_BL1_BS1_CLR0_DTLA0_DTLB0_DTVA0_DTVB0_DVO0_ETSP_EPS1_ELFLR0_EMLL0_FSSC10_FL0_GLVWA4_GLVWB4_GRCGA1_GRCGB1_GRPM1_GRVW4_GSU1_GSUASB_GLS0_ISA900_IU1_K1_KLA_LBSPPA0_LBSPPB0_LPA0_LPB0_LDL1_LRVW4_LWPMn1_LDW0_FMA_MIAV0_MDA2_MO40_MMFGLC_MKFGSU256_NTA0_NTB0_NTC0_NTD0_NEPBS0_NLCA1_NLCB1_ONLL1_OPLV0_PK0_PAP0_PGR1_PLR1_PKA0_SIA1_SLW1_SS0_SU32_SUM0_SUS256_SCIUI1_SPO0_SRVW0_SSO0_SVW4_SNLL0_TSGRA0_TSGRB0_TT4_4_TLDS0_UMLDSA0_UMLDSB0_USFGRO0_VAW2_VS1_VW4_VWB4_VFLRP0_WSGRA0_WSGRB0_WS64_WG16_16_1_WGM8",111,16952512893680,16952514045559,0,8192,256,1,1,23040,2,1
"KERNEL_DISPATCH",4,2,76,"void convert_unary<__half, float>(void const*, float*, long, long, long, HIP_vector_type<unsigned int, 3u>, long, long, long)",112,16952514045559,16952514088078,0,0,256,1,1,737280,1,1
"KERNEL_DISPATCH",4,2,51,"void dequantize_block_iq3_s<__half>(void const*, __half*)",113,16952514115931,16952514586460,0,0,32,1,1,3686400,1,1
"KERNEL_DISPATCH",4,2,64,"void convert_unary<float, __half>(void const*, __half*, long, long, long, HIP_vector_type<unsigned int, 3u>, long, long, long)",114,16952514586460,16952514612239,0,0,256,1,1,655360,1,1
"KERNEL_DISPATCH",4,2,326,"Cijk_Alik_Bljk_HB_MT64x64x16_SN_1LDSB0_APM1_ABV0_ACED0_AF0EM2_AF1EM1_AMAS3_ASE_ASGT_ASLT_ASM_ASAE01_ASCE01_ASEM2_AAC0_BL1_BS1_CLR0_DTLA0_DTLB0_DTVA0_DTVB0_DVO0_ETSP_EPS1_ELFLR0_EMLL0_FSSC10_FL0_GLVWA4_GLVWB4_GRCGA1_GRCGB1_GRPM1_GRVW4_GSU1_GSUASB_GLS0_ISA900_IU1_K1_KLA_LBSPPA0_LBSPPB0_LPA0_LPB0_LDL1_LRVW4_LWPMn1_LDW0_FMA_MIAV0_MDA2_MO40_MMFGLC_MKFGSU256_NTA0_NTB0_NTC0_NTD0_NEPBS0_NLCA1_NLCB1_ONLL1_OPLV0_PK0_PAP0_PGR1_PLR1_PKA0_SIA1_SLW1_SS0_SU32_SUM0_SUS256_SCIUI1_SPO0_SRVW0_SSO0_SVW4_SNLL0_TSGRA0_TSGRB0_TT4_4_TLDS0_UMLDSA0_UMLDSB0_USFGRO0_VAW2_VS1_VW4_VWB4_VFLRP0_WSGRA0_WSGRB0_WS64_WG16_16_1_WGM8",115,16952514612239,16952515768265,0,8192,256,1,1,23040,2,1
"KERNEL_DISPATCH",4,2,76,"void convert_unary<__half, float>(void const*, float*, long, long, long, HIP_vector_type<unsigned int, 3u>, long, long, long)",116,16952515768265,16952515811526,0,0,256,1,1,737280,1,1
"KERNEL_DISPATCH",4,2,51,"void dequantize_block_iq3_s<__half>(void const*, __half*)",117,16952515841156,16952516311537,0,0,32,1,1,3686400,1,1
"KERNEL_DISPATCH",4,2,64,"void convert_unary<float, __half>(void const*, __half*, long, long, long, HIP_vector_type<unsigned int, 3u>, long, long, long)",118,16952516311537,16952516338204,0,0,256,1,1,655360,1,1
"KERNEL_DISPATCH",4,2,326,"Cijk_Alik_Bljk_HB_MT64x64x16_SN_1LDSB0_APM1_ABV0_ACED0_AF0EM2_AF1EM1_AMAS3_ASE_ASGT_ASLT_ASM_ASAE01_ASCE01_ASEM2_AAC0_BL1_BS1_CLR0_DTLA0_DTLB0_DTVA0_DTVB0_DVO0_ETSP_EPS1_ELFLR0_EMLL0_FSSC10_FL0_GLVWA4_GLVWB4_GRCGA1_GRCGB1_GRPM1_GRVW4_GSU1_GSUASB_GLS0_ISA900_IU1_K1_KLA_LBSPPA0_LBSPPB0_LPA0_LPB0_LDL1_LRVW4_LWPMn1_LDW0_FMA_MIAV0_MDA2_MO40_MMFGLC_MKFGSU256_NTA0_NTB0_NTC0_NTD0_NEPBS0_NLCA1_NLCB1_ONLL1_OPLV0_PK0_PAP0_PGR1_PLR1_PKA0_SIA1_SLW1_SS0_SU32_SUM0_SUS256_SCIUI1_SPO0_SRVW0_SSO0_SVW4_SNLL0_TSGRA0_TSGRB0_TT4_4_TLDS0_UMLDSA0_UMLDSB0_USFGRO0_VAW2_VS1_VW4_VWB4_VFLRP0_WSGRA0_WSGRB0_WS64_WG16_16_1_WGM8",119,16952516338204,16952517519269,0,8192,256,1,1,23040,2,1
"KERNEL_DISPATCH",4,2,76,"void convert_unary<__half, float>(void const*, float*, long, long, long, HIP_vector_type<unsigned int, 3u>, long, long, long)",120,16952517519269,16952517563566,0,0,256,1,1,737280,1,1
"KERNEL_DISPATCH",4,2,51,"void dequantize_block_iq3_s<__half>(void const*, __half*)",121,16952517593048,16952518024910,0,0,32,1,1,3686400,1,1
"KERNEL_DISPATCH",4,2,64,"void convert_unary<float, __half>(void const*, __half*, long, long, long, HIP_vector_type<unsigned int, 3u>, long, long, long)",122,16952518024910,16952518044466,0,0,256,1,1,655360,1,1
"KERNEL_DISPATCH",4,2,326,"Cijk_Alik_Bljk_HB_MT64x64x16_SN_1LDSB0_APM1_ABV0_ACED0_AF0EM2_AF1EM1_AMAS3_ASE_ASGT_ASLT_ASM_ASAE01_ASCE01_ASEM2_AAC0_BL1_BS1_CLR0_DTLA0_DTLB0_DTVA0_DTVB0_DVO0_ETSP_EPS1_ELFLR0_EMLL0_FSSC10_FL0_GLVWA4_GLVWB4_GRCGA1_GRCGB1_GRPM1_GRVW4_GSU1_GSUASB_GLS0_ISA900_IU1_K1_KLA_LBSPPA0_LBSPPB0_LPA0_LPB0_LDL1_LRVW4_LWPMn1_LDW0_FMA_MIAV0_MDA2_MO40_MMFGLC_MKFGSU256_NTA0_NTB0_NTC0_NTD0_NEPBS0_NLCA1_NLCB1_ONLL1_OPLV0_PK0_PAP0_PGR1_PLR1_PKA0_SIA1_SLW1_SS0_SU32_SUM0_SUS256_SCIUI1_SPO0_SRVW0_SSO0_SVW4_SNLL0_TSGRA0_TSGRB0_TT4_4_TLDS0_UMLDSA0_UMLDSB0_USFGRO0_VAW2_VS1_VW4_VWB4_VFLRP0_WSGRA0_WSGRB0_WS64_WG16_16_1_WGM8",123,16952518044466,16952519204493,0,8192,256,1,1,23040,2,1
"KERNEL_DISPATCH",4,2,76,"void convert_unary<__half, float>(void const*, float*, long, long, long, HIP_vector_type<unsigned int, 3u>, long, long, long)",124,16952519204493,16952519246568,0,0,256,1,1,737280,1,1
"KERNEL_DISPATCH",4,2,51,"void dequantize_block_iq3_s<__half>(void const*, __half*)",125,16952519274420,16952519744802,0,0,32,1,1,3686400,1,1
"KERNEL_DISPATCH",4,2,64,"void convert_unary<float, __half>(void const*, __half*, long, long, long, HIP_vector_type<unsigned int, 3u>, long, long, long)",126,16952519744802,16952519771173,0,0,256,1,1,655360,1,1
"KERNEL_DISPATCH",4,2,326,"Cijk_Alik_Bljk_HB_MT64x64x16_SN_1LDSB0_APM1_ABV0_ACED0_AF0EM2_AF1EM1_AMAS3_ASE_ASGT_ASLT_ASM_ASAE01_ASCE01_ASEM2_AAC0_BL1_BS1_CLR0_DTLA0_DTLB0_DTVA0_DTVB0_DVO0_ETSP_EPS1_ELFLR0_EMLL0_FSSC10_FL0_GLVWA4_GLVWB4_GRCGA1_GRCGB1_GRPM1_GRVW4_GSU1_GSUASB_GLS0_ISA900_IU1_K1_KLA_LBSPPA0_LBSPPB0_LPA0_LPB0_LDL1_LRVW4_LWPMn1_LDW0_FMA_MIAV0_MDA2_MO40_MMFGLC_MKFGSU256_NTA0_NTB0_NTC0_NTD0_NEPBS0_NLCA1_NLCB1_ONLL1_OPLV0_PK0_PAP0_PGR1_PLR1_PKA0_SIA1_SLW1_SS0_SU32_SUM0_SUS256_SCIUI1_SPO0_SRVW0_SSO0_SVW4_SNLL0_TSGRA0_TSGRB0_TT4_4_TLDS0_UMLDSA0_UMLDSB0_USFGRO0_VAW2_VS1_VW4_VWB4_VFLRP0_WSGRA0_WSGRB0_WS64_WG16_16_1_WGM8",127,16952519771173,16952520909421,0,8192,256,1,1,23040,2,1
"KERNEL_DISPATCH",4,2,76,"void convert_unary<__half, float>(void const*, float*, long, long, long, HIP_vector_type<unsigned int, 3u>, long, long, long)",128,16952520909421,16952520952089,0,0,256,1,1,737280,1,1
"KERNEL_DISPATCH",4,2,51,"void dequantize_block_iq3_s<__half>(void const*, __half*)",129,16952520979941,16952521450174,0,0,32,1,1,3686400,1,1
"KERNEL_DISPATCH",4,2,64,"void convert_unary<float, __half>(void const*, __half*, long, long, long, HIP_vector_type<unsigned int, 3u>, long, long, long)",130,16952521450174,16952521476694,0,0,256,1,1,655360,1,1
"KERNEL_DISPATCH",4,2,76,"void convert_unary<__half, float>(void const*, float*, long, long, long, HIP_vector_type<unsigned int, 3u>, long, long, long)",132,16952522582793,16952522625016,0,0,256,1,1,737280,1,1
"KERNEL_DISPATCH",4,2,326,"Cijk_Alik_Bljk_HB_MT64x64x16_SN_1LDSB0_APM1_ABV0_ACED0_AF0EM2_AF1EM1_AMAS3_ASE_ASGT_ASLT_ASM_ASAE01_ASCE01_ASEM2_AAC0_BL1_BS1_CLR0_DTLA0_DTLB0_DTVA0_DTVB0_DVO0_ETSP_EPS1_ELFLR0_EMLL0_FSSC10_FL0_GLVWA4_GLVWB4_GRCGA1_GRCGB1_GRPM1_GRVW4_GSU1_GSUASB_GLS0_ISA900_IU1_K1_KLA_LBSPPA0_LBSPPB0_LPA0_LPB0_LDL1_LRVW4_LWPMn1_LDW0_FMA_MIAV0_MDA2_MO40_MMFGLC_MKFGSU256_NTA0_NTB0_NTC0_NTD0_NEPBS0_NLCA1_NLCB1_ONLL1_OPLV0_PK0_PAP0_PGR1_PLR1_PKA0_SIA1_SLW1_SS0_SU32_SUM0_SUS256_SCIUI1_SPO0_SRVW0_SSO0_SVW4_SNLL0_TSGRA0_TSGRB0_TT4_4_TLDS0_UMLDSA0_UMLDSB0_USFGRO0_VAW2_VS1_VW4_VWB4_VFLRP0_WSGRA0_WSGRB0_WS64_WG16_16_1_WGM8",131,16952521476694,16952522582793,0,8192,256,1,1,23040,2,1
"KERNEL_DISPATCH",4,2,51,"void dequantize_block_iq3_s<__half>(void const*, __half*)",133,16952522648869,16952523030655,0,0,32,1,1,3686400,1,1
"KERNEL_DISPATCH",4,2,64,"void convert_unary<float, __half>(void const*, __half*, long, long, long, HIP_vector_type<unsigned int, 3u>, long, long, long)",134,16952523030655,16952523048434,0,0,256,1,1,655360,1,1
"KERNEL_DISPATCH",4,2,76,"void convert_unary<__half, float>(void const*, float*, long, long, long, HIP_vector_type<unsigned int, 3u>, long, long, long)",136,16952524196460,16952524239276,0,0,256,1,1,737280,1,1
"KERNEL_DISPATCH",4,2,326,"Cijk_Alik_Bljk_HB_MT64x64x16_SN_1LDSB0_APM1_ABV0_ACED0_AF0EM2_AF1EM1_AMAS3_ASE_ASGT_ASLT_ASM_ASAE01_ASCE01_ASEM2_AAC0_BL1_BS1_CLR0_DTLA0_DTLB0_DTVA0_DTVB0_DVO0_ETSP_EPS1_ELFLR0_EMLL0_FSSC10_FL0_GLVWA4_GLVWB4_GRCGA1_GRCGB1_GRPM1_GRVW4_GSU1_GSUASB_GLS0_ISA900_IU1_K1_KLA_LBSPPA0_LBSPPB0_LPA0_LPB0_LDL1_LRVW4_LWPMn1_LDW0_FMA_MIAV0_MDA2_MO40_MMFGLC_MKFGSU256_NTA0_NTB0_NTC0_NTD0_NEPBS0_NLCA1_NLCB1_ONLL1_OPLV0_PK0_PAP0_PGR1_PLR1_PKA0_SIA1_SLW1_SS0_SU32_SUM0_SUS256_SCIUI1_SPO0_SRVW0_SSO0_SVW4_SNLL0_TSGRA0_TSGRB0_TT4_4_TLDS0_UMLDSA0_UMLDSB0_USFGRO0_VAW2_VS1_VW4_VWB4_VFLRP0_WSGRA0_WSGRB0_WS64_WG16_16_1_WGM8",135,16952523048434,16952524196460,0,8192,256,1,1,23040,2,1
"KERNEL_DISPATCH",4,2,51,"void dequantize_block_iq3_s<__half>(void const*, __half*)",137,16952524263721,16952524673212,0,0,32,1,1,3686400,1,1
"KERNEL_DISPATCH",4,2,64,"void convert_unary<float, __half>(void const*, __half*, long, long, long, HIP_vector_type<unsigned int, 3u>, long, long, long)",138,16952524673212,16952524692620,0,0,256,1,1,655360,1,1
"KERNEL_DISPATCH",4,2,76,"void convert_unary<__half, float>(void const*, float*, long, long, long, HIP_vector_type<unsigned int, 3u>, long, long, long)",140,16952525843609,16952525886277,0,0,256,1,1,737280,1,1
"KERNEL_DISPATCH",4,2,326,"Cijk_Alik_Bljk_HB_MT64x64x16_SN_1LDSB0_APM1_ABV0_ACED0_AF0EM2_AF1EM1_AMAS3_ASE_ASGT_ASLT_ASM_ASAE01_ASCE01_ASEM2_AAC0_BL1_BS1_CLR0_DTLA0_DTLB0_DTVA0_DTVB0_DVO0_ETSP_EPS1_ELFLR0_EMLL0_FSSC10_FL0_GLVWA4_GLVWB4_GRCGA1_GRCGB1_GRPM1_GRVW4_GSU1_GSUASB_GLS0_ISA900_IU1_K1_KLA_LBSPPA0_LBSPPB0_LPA0_LPB0_LDL1_LRVW4_LWPMn1_LDW0_FMA_MIAV0_MDA2_MO40_MMFGLC_MKFGSU256_NTA0_NTB0_NTC0_NTD0_NEPBS0_NLCA1_NLCB1_ONLL1_OPLV0_PK0_PAP0_PGR1_PLR1_PKA0_SIA1_SLW1_SS0_SU32_SUM0_SUS256_SCIUI1_SPO0_SRVW0_SSO0_SVW4_SNLL0_TSGRA0_TSGRB0_TT4_4_TLDS0_UMLDSA0_UMLDSB0_USFGRO0_VAW2_VS1_VW4_VWB4_VFLRP0_WSGRA0_WSGRB0_WS64_WG16_16_1_WGM8",139,16952524692620,16952525843609,0,8192,256,1,1,23040,2,1
"KERNEL_DISPATCH",4,2,51,"void dequantize_block_iq3_s<__half>(void const*, __half*)",141,16952525913981,16952526384214,0,0,32,1,1,3686400,1,1
"KERNEL_DISPATCH",4,2,64,"void convert_unary<float, __half>(void const*, __half*, long, long, long, HIP_vector_type<unsigned int, 3u>, long, long, long)",142,16952526384214,16952526410734,0,0,256,1,1,655360,1,1
"KERNEL_DISPATCH",4,2,326,"Cijk_Alik_Bljk_HB_MT64x64x16_SN_1LDSB0_APM1_ABV0_ACED0_AF0EM2_AF1EM1_AMAS3_ASE_ASGT_ASLT_ASM_ASAE01_ASCE01_ASEM2_AAC0_BL1_BS1_CLR0_DTLA0_DTLB0_DTVA0_DTVB0_DVO0_ETSP_EPS1_ELFLR0_EMLL0_FSSC10_FL0_GLVWA4_GLVWB4_GRCGA1_GRCGB1_GRPM1_GRVW4_GSU1_GSUASB_GLS0_ISA900_IU1_K1_KLA_LBSPPA0_LBSPPB0_LPA0_LPB0_LDL1_LRVW4_LWPMn1_LDW0_FMA_MIAV0_MDA2_MO40_MMFGLC_MKFGSU256_NTA0_NTB0_NTC0_NTD0_NEPBS0_NLCA1_NLCB1_ONLL1_OPLV0_PK0_PAP0_PGR1_PLR1_PKA0_SIA1_SLW1_SS0_SU32_SUM0_SUS256_SCIUI1_SPO0_SRVW0_SSO0_SVW4_SNLL0_TSGRA0_TSGRB0_TT4_4_TLDS0_UMLDSA0_UMLDSB0_USFGRO0_VAW2_VS1_VW4_VWB4_VFLRP0_WSGRA0_WSGRB0_WS64_WG16_16_1_WGM8",143,16952526410734,16952527614021,0,8192,256,1,1,23040,2,1
"KERNEL_DISPATCH",4,2,76,"void convert_unary<__half, float>(void const*, float*, long, long, long, HIP_vector_type<unsigned int, 3u>, long, long, long)",144,16952527614021,16952527656836,0,0,256,1,1,737280,1,1
"KERNEL_DISPATCH",4,2,51,"void dequantize_block_iq3_s<__half>(void const*, __half*)",145,16952527685133,16952528106032,0,0,32,1,1,3686400,1,1
"KERNEL_DISPATCH",4,2,64,"void convert_unary<float, __half>(void const*, __half*, long, long, long, HIP_vector_type<unsigned int, 3u>, long, long, long)",146,16952528106032,16952528125440,0,0,256,1,1,655360,1,1
"KERNEL_DISPATCH",4,2,326,"Cijk_Alik_Bljk_HB_MT64x64x16_SN_1LDSB0_APM1_ABV0_ACED0_AF0EM2_AF1EM1_AMAS3_ASE_ASGT_ASLT_ASM_ASAE01_ASCE01_ASEM2_AAC0_BL1_BS1_CLR0_DTLA0_DTLB0_DTVA0_DTVB0_DVO0_ETSP_EPS1_ELFLR0_EMLL0_FSSC10_FL0_GLVWA4_GLVWB4_GRCGA1_GRCGB1_GRPM1_GRVW4_GSU1_GSUASB_GLS0_ISA900_IU1_K1_KLA_LBSPPA0_LBSPPB0_LPA0_LPB0_LDL1_LRVW4_LWPMn1_LDW0_FMA_MIAV0_MDA2_MO40_MMFGLC_MKFGSU256_NTA0_NTB0_NTC0_NTD0_NEPBS0_NLCA1_NLCB1_ONLL1_OPLV0_PK0_PAP0_PGR1_PLR1_PKA0_SIA1_SLW1_SS0_SU32_SUM0_SUS256_SCIUI1_SPO0_SRVW0_SSO0_SVW4_SNLL0_TSGRA0_TSGRB0_TT4_4_TLDS0_UMLDSA0_UMLDSB0_USFGRO0_VAW2_VS1_VW4_VWB4_VFLRP0_WSGRA0_WSGRB0_WS64_WG16_16_1_WGM8",147,16952528125440,16952529325023,0,8192,256,1,1,23040,2,1
"KERNEL_DISPATCH",4,2,76,"void convert_unary<__half, float>(void const*, float*, long, long, long, HIP_vector_type<unsigned int, 3u>, long, long, long)",148,16952529325023,16952529367543,0,0,256,1,1,737280,1,1
"KERNEL_DISPATCH",4,2,51,"void dequantize_block_iq3_s<__half>(void const*, __half*)",149,16952529395543,16952529861628,0,0,32,1,1,3686400,1,1
"KERNEL_DISPATCH",4,2,64,"void convert_unary<float, __half>(void const*, __half*, long, long, long, HIP_vector_type<unsigned int, 3u>, long, long, long)",150,16952529861628,16952529881184,0,0,256,1,1,655360,1,1
"KERNEL_DISPATCH",4,2,326,"Cijk_Alik_Bljk_HB_MT64x64x16_SN_1LDSB0_APM1_ABV0_ACED0_AF0EM2_AF1EM1_AMAS3_ASE_ASGT_ASLT_ASM_ASAE01_ASCE01_ASEM2_AAC0_BL1_BS1_CLR0_DTLA0_DTLB0_DTVA0_DTVB0_DVO0_ETSP_EPS1_ELFLR0_EMLL0_FSSC10_FL0_GLVWA4_GLVWB4_GRCGA1_GRCGB1_GRPM1_GRVW4_GSU1_GSUASB_GLS0_ISA900_IU1_K1_KLA_LBSPPA0_LBSPPB0_LPA0_LPB0_LDL1_LRVW4_LWPMn1_LDW0_FMA_MIAV0_MDA2_MO40_MMFGLC_MKFGSU256_NTA0_NTB0_NTC0_NTD0_NEPBS0_NLCA1_NLCB1_ONLL1_OPLV0_PK0_PAP0_PGR1_PLR1_PKA0_SIA1_SLW1_SS0_SU32_SUM0_SUS256_SCIUI1_SPO0_SRVW0_SSO0_SVW4_SNLL0_TSGRA0_TSGRB0_TT4_4_TLDS0_UMLDSA0_UMLDSB0_USFGRO0_VAW2_VS1_VW4_VWB4_VFLRP0_WSGRA0_WSGRB0_WS64_WG16_16_1_WGM8",151,16952529881184,16952531008173,0,8192,256,1,1,23040,2,1
"KERNEL_DISPATCH",4,2,76,"void convert_unary<__half, float>(void const*, float*, long, long, long, HIP_vector_type<unsigned int, 3u>, long, long, long)",152,16952531008173,16952531051433,0,0,256,1,1,737280,1,1
"KERNEL_DISPATCH",4,2,51,"void dequantize_block_iq3_s<__half>(void const*, __half*)",153,16952531079434,16952531550408,0,0,32,1,1,3686400,1,1
"KERNEL_DISPATCH",4,2,64,"void convert_unary<float, __half>(void const*, __half*, long, long, long, HIP_vector_type<unsigned int, 3u>, long, long, long)",154,16952531550408,16952531577668,0,0,256,1,1,655360,1,1
"KERNEL_DISPATCH",4,2,326,"Cijk_Alik_Bljk_HB_MT64x64x16_SN_1LDSB0_APM1_ABV0_ACED0_AF0EM2_AF1EM1_AMAS3_ASE_ASGT_ASLT_ASM_ASAE01_ASCE01_ASEM2_AAC0_BL1_BS1_CLR0_DTLA0_DTLB0_DTVA0_DTVB0_DVO0_ETSP_EPS1_ELFLR0_EMLL0_FSSC10_FL0_GLVWA4_GLVWB4_GRCGA1_GRCGB1_GRPM1_GRVW4_GSU1_GSUASB_GLS0_ISA900_IU1_K1_KLA_LBSPPA0_LBSPPB0_LPA0_LPB0_LDL1_LRVW4_LWPMn1_LDW0_FMA_MIAV0_MDA2_MO40_MMFGLC_MKFGSU256_NTA0_NTB0_NTC0_NTD0_NEPBS0_NLCA1_NLCB1_ONLL1_OPLV0_PK0_PAP0_PGR1_PLR1_PKA0_SIA1_SLW1_SS0_SU32_SUM0_SUS256_SCIUI1_SPO0_SRVW0_SSO0_SVW4_SNLL0_TSGRA0_TSGRB0_TT4_4_TLDS0_UMLDSA0_UMLDSB0_USFGRO0_VAW2_VS1_VW4_VWB4_VFLRP0_WSGRA0_WSGRB0_WS64_WG16_16_1_WGM8",155,16952531577668,16952532672656,0,8192,256,1,1,23040,2,1
"KERNEL_DISPATCH",4,2,76,"void convert_unary<__half, float>(void const*, float*, long, long, long, HIP_vector_type<unsigned int, 3u>, long, long, long)",156,16952532672656,16952532715176,0,0,256,1,1,737280,1,1
"KERNEL_DISPATCH",4,2,51,"void dequantize_block_iq3_s<__half>(void const*, __half*)",157,16952532747473,16952533217854,0,0,32,1,1,3686400,1,1
"KERNEL_DISPATCH",4,2,64,"void convert_unary<float, __half>(void const*, __half*, long, long, long, HIP_vector_type<unsigned int, 3u>, long, long, long)",158,16952533217854,16952533244077,0,0,256,1,1,655360,1,1
"KERNEL_DISPATCH",4,2,76,"void convert_unary<__half, float>(void const*, float*, long, long, long, HIP_vector_type<unsigned int, 3u>, long, long, long)",160,16952535072563,16952535114639,0,0,256,1,1,737280,1,1
"KERNEL_DISPATCH",4,2,326,"Cijk_Alik_Bljk_HB_MT64x64x16_SN_1LDSB0_APM1_ABV0_ACED0_AF0EM2_AF1EM1_AMAS3_ASE_ASGT_ASLT_ASM_ASAE01_ASCE01_ASEM2_AAC0_BL1_BS1_CLR0_DTLA0_DTLB0_DTVA0_DTVB0_DVO0_ETSP_EPS1_ELFLR0_EMLL0_FSSC10_FL0_GLVWA4_GLVWB4_GRCGA1_GRCGB1_GRPM1_GRVW4_GSU1_GSUASB_GLS0_ISA900_IU1_K1_KLA_LBSPPA0_LBSPPB0_LPA0_LPB0_LDL1_LRVW4_LWPMn1_LDW0_FMA_MIAV0_MDA2_MO40_MMFGLC_MKFGSU256_NTA0_NTB0_NTC0_NTD0_NEPBS0_NLCA1_NLCB1_ONLL1_OPLV0_PK0_PAP0_PGR1_PLR1_PKA0_SIA1_SLW1_SS0_SU32_SUM0_SUS256_SCIUI1_SPO0_SRVW0_SSO0_SVW4_SNLL0_TSGRA0_TSGRB0_TT4_4_TLDS0_UMLDSA0_UMLDSB0_USFGRO0_VAW2_VS1_VW4_VWB4_VFLRP0_WSGRA0_WSGRB0_WS64_WG16_16_1_WGM8",159,16952533244077,16952535072563,0,8192,256,1,1,23040,2,1
"KERNEL_DISPATCH",4,2,51,"void dequantize_block_iq3_s<__half>(void const*, __half*)",161,16952535143380,16952535613909,0,0,32,1,1,3686400,1,1
"KERNEL_DISPATCH",4,2,64,"void convert_unary<float, __half>(void const*, __half*, long, long, long, HIP_vector_type<unsigned int, 3u>, long, long, long)",162,16952535613909,16952535640873,0,0,256,1,1,655360,1,1
"KERNEL_DISPATCH",4,2,326,"Cijk_Alik_Bljk_HB_MT64x64x16_SN_1LDSB0_APM1_ABV0_ACED0_AF0EM2_AF1EM1_AMAS3_ASE_ASGT_ASLT_ASM_ASAE01_ASCE01_ASEM2_AAC0_BL1_BS1_CLR0_DTLA0_DTLB0_DTVA0_DTVB0_DVO0_ETSP_EPS1_ELFLR0_EMLL0_FSSC10_FL0_GLVWA4_GLVWB4_GRCGA1_GRCGB1_GRPM1_GRVW4_GSU1_GSUASB_GLS0_ISA900_IU1_K1_KLA_LBSPPA0_LBSPPB0_LPA0_LPB0_LDL1_LRVW4_LWPMn1_LDW0_FMA_MIAV0_MDA2_MO40_MMFGLC_MKFGSU256_NTA0_NTB0_NTC0_NTD0_NEPBS0_NLCA1_NLCB1_ONLL1_OPLV0_PK0_PAP0_PGR1_PLR1_PKA0_SIA1_SLW1_SS0_SU32_SUM0_SUS256_SCIUI1_SPO0_SRVW0_SSO0_SVW4_SNLL0_TSGRA0_TSGRB0_TT4_4_TLDS0_UMLDSA0_UMLDSB0_USFGRO0_VAW2_VS1_VW4_VWB4_VFLRP0_WSGRA0_WSGRB0_WS64_WG16_16_1_WGM8",163,16952535640873,16952536772306,0,8192,256,1,1,23040,2,1
"KERNEL_DISPATCH",4,2,76,"void convert_unary<__half, float>(void const*, float*, long, long, long, HIP_vector_type<unsigned int, 3u>, long, long, long)",164,16952536772306,16952536815419,0,0,256,1,1,737280,1,1
"KERNEL_DISPATCH",4,2,51,"void dequantize_block_iq3_s<__half>(void const*, __half*)",165,16952536843567,16952537314393,0,0,32,1,1,3686400,1,1
"KERNEL_DISPATCH",4,2,64,"void convert_unary<float, __half>(void const*, __half*, long, long, long, HIP_vector_type<unsigned int, 3u>, long, long, long)",166,16952537314393,16952537341208,0,0,256,1,1,655360,1,1
"KERNEL_DISPATCH",4,2,326,"Cijk_Alik_Bljk_HB_MT64x64x16_SN_1LDSB0_APM1_ABV0_ACED0_AF0EM2_AF1EM1_AMAS3_ASE_ASGT_ASLT_ASM_ASAE01_ASCE01_ASEM2_AAC0_BL1_BS1_CLR0_DTLA0_DTLB0_DTVA0_DTVB0_DVO0_ETSP_EPS1_ELFLR0_EMLL0_FSSC10_FL0_GLVWA4_GLVWB4_GRCGA1_GRCGB1_GRPM1_GRVW4_GSU1_GSUASB_GLS0_ISA900_IU1_K1_KLA_LBSPPA0_LBSPPB0_LPA0_LPB0_LDL1_LRVW4_LWPMn1_LDW0_FMA_MIAV0_MDA2_MO40_MMFGLC_MKFGSU256_NTA0_NTB0_NTC0_NTD0_NEPBS0_NLCA1_NLCB1_ONLL1_OPLV0_PK0_PAP0_PGR1_PLR1_PKA0_SIA1_SLW1_SS0_SU32_SUM0_SUS256_SCIUI1_SPO0_SRVW0_SSO0_SVW4_SNLL0_TSGRA0_TSGRB0_TT4_4_TLDS0_UMLDSA0_UMLDSB0_USFGRO0_VAW2_VS1_VW4_VWB4_VFLRP0_WSGRA0_WSGRB0_WS64_WG16_16_1_WGM8",167,16952537341208,16952538567311,0,8192,256,1,1,23040,2,1
"KERNEL_DISPATCH",4,2,76,"void convert_unary<__half, float>(void const*, float*, long, long, long, HIP_vector_type<unsigned int, 3u>, long, long, long)",168,16952538567311,16952538610719,0,0,256,1,1,737280,1,1
"KERNEL_DISPATCH",4,2,51,"void dequantize_block_iq3_s<__half>(void const*, __half*)",169,16952538639609,16952539065100,0,0,32,1,1,3686400,1,1
"KERNEL_DISPATCH",4,2,64,"void convert_unary<float, __half>(void const*, __half*, long, long, long, HIP_vector_type<unsigned int, 3u>, long, long, long)",170,16952539065100,16952539084804,0,0,256,1,1,655360,1,1
"KERNEL_DISPATCH",4,2,326,"Cijk_Alik_Bljk_HB_MT64x64x16_SN_1LDSB0_APM1_ABV0_ACED0_AF0EM2_AF1EM1_AMAS3_ASE_ASGT_ASLT_ASM_ASAE01_ASCE01_ASEM2_AAC0_BL1_BS1_CLR0_DTLA0_DTLB0_DTVA0_DTVB0_DVO0_ETSP_EPS1_ELFLR0_EMLL0_FSSC10_FL0_GLVWA4_GLVWB4_GRCGA1_GRCGB1_GRPM1_GRVW4_GSU1_GSUASB_GLS0_ISA900_IU1_K1_KLA_LBSPPA0_LBSPPB0_LPA0_LPB0_LDL1_LRVW4_LWPMn1_LDW0_FMA_MIAV0_MDA2_MO40_MMFGLC_MKFGSU256_NTA0_NTB0_NTC0_NTD0_NEPBS0_NLCA1_NLCB1_ONLL1_OPLV0_PK0_PAP0_PGR1_PLR1_PKA0_SIA1_SLW1_SS0_SU32_SUM0_SUS256_SCIUI1_SPO0_SRVW0_SSO0_SVW4_SNLL0_TSGRA0_TSGRB0_TT4_4_TLDS0_UMLDSA0_UMLDSB0_USFGRO0_VAW2_VS1_VW4_VWB4_VFLRP0_WSGRA0_WSGRB0_WS64_WG16_16_1_WGM8",171,16952539084804,16952540206608,0,8192,256,1,1,23040,2,1
"KERNEL_DISPATCH",4,2,76,"void convert_unary<__half, float>(void const*, float*, long, long, long, HIP_vector_type<unsigned int, 3u>, long, long, long)",172,16952540206608,16952540248683,0,0,256,1,1,737280,1,1
"KERNEL_DISPATCH",4,2,51,"void dequantize_block_iq3_s<__half>(void const*, __half*)",173,16952540276832,16952540747361,0,0,32,1,1,3686400,1,1
"KERNEL_DISPATCH",4,2,64,"void convert_unary<float, __half>(void const*, __half*, long, long, long, HIP_vector_type<unsigned int, 3u>, long, long, long)",174,16952540747361,16952540773880,0,0,256,1,1,655360,1,1
"KERNEL_DISPATCH",4,2,326,"Cijk_Alik_Bljk_HB_MT64x64x16_SN_1LDSB0_APM1_ABV0_ACED0_AF0EM2_AF1EM1_AMAS3_ASE_ASGT_ASLT_ASM_ASAE01_ASCE01_ASEM2_AAC0_BL1_BS1_CLR0_DTLA0_DTLB0_DTVA0_DTVB0_DVO0_ETSP_EPS1_ELFLR0_EMLL0_FSSC10_FL0_GLVWA4_GLVWB4_GRCGA1_GRCGB1_GRPM1_GRVW4_GSU1_GSUASB_GLS0_ISA900_IU1_K1_KLA_LBSPPA0_LBSPPB0_LPA0_LPB0_LDL1_LRVW4_LWPMn1_LDW0_FMA_MIAV0_MDA2_MO40_MMFGLC_MKFGSU256_NTA0_NTB0_NTC0_NTD0_NEPBS0_NLCA1_NLCB1_ONLL1_OPLV0_PK0_PAP0_PGR1_PLR1_PKA0_SIA1_SLW1_SS0_SU32_SUM0_SUS256_SCIUI1_SPO0_SRVW0_SSO0_SVW4_SNLL0_TSGRA0_TSGRB0_TT4_4_TLDS0_UMLDSA0_UMLDSB0_USFGRO0_VAW2_VS1_VW4_VWB4_VFLRP0_WSGRA0_WSGRB0_WS64_WG16_16_1_WGM8",175,16952540773880,16952541878054,0,8192,256,1,1,23040,2,1
"KERNEL_DISPATCH",4,2,76,"void convert_unary<__half, float>(void const*, float*, long, long, long, HIP_vector_type<unsigned int, 3u>, long, long, long)",176,16952541878054,16952541921907,0,0,256,1,1,737280,1,1
"KERNEL_DISPATCH",4,2,51,"void dequantize_block_iq3_s<__half>(void const*, __half*)",177,16952541949908,16952542420141,0,0,32,1,1,3686400,1,1
"KERNEL_DISPATCH",4,2,64,"void convert_unary<float, __half>(void const*, __half*, long, long, long, HIP_vector_type<unsigned int, 3u>, long, long, long)",178,16952542420141,16952542446956,0,0,256,1,1,655360,1,1
"KERNEL_DISPATCH",4,2,326,"Cijk_Alik_Bljk_HB_MT64x64x16_SN_1LDSB0_APM1_ABV0_ACED0_AF0EM2_AF1EM1_AMAS3_ASE_ASGT_ASLT_ASM_ASAE01_ASCE01_ASEM2_AAC0_BL1_BS1_CLR0_DTLA0_DTLB0_DTVA0_DTVB0_DVO0_ETSP_EPS1_ELFLR0_EMLL0_FSSC10_FL0_GLVWA4_GLVWB4_GRCGA1_GRCGB1_GRPM1_GRVW4_GSU1_GSUASB_GLS0_ISA900_IU1_K1_KLA_LBSPPA0_LBSPPB0_LPA0_LPB0_LDL1_LRVW4_LWPMn1_LDW0_FMA_MIAV0_MDA2_MO40_MMFGLC_MKFGSU256_NTA0_NTB0_NTC0_NTD0_NEPBS0_NLCA1_NLCB1_ONLL1_OPLV0_PK0_PAP0_PGR1_PLR1_PKA0_SIA1_SLW1_SS0_SU32_SUM0_SUS256_SCIUI1_SPO0_SRVW0_SSO0_SVW4_SNLL0_TSGRA0_TSGRB0_TT4_4_TLDS0_UMLDSA0_UMLDSB0_USFGRO0_VAW2_VS1_VW4_VWB4_VFLRP0_WSGRA0_WSGRB0_WS64_WG16_16_1_WGM8",179,16952542446956,16952543597649,0,8192,256,1,1,23040,2,1
"KERNEL_DISPATCH",4,2,76,"void convert_unary<__half, float>(void const*, float*, long, long, long, HIP_vector_type<unsigned int, 3u>, long, long, long)",180,16952543597649,16952543640613,0,0,256,1,1,737280,1,1
"KERNEL_DISPATCH",4,2,51,"void dequantize_block_iq3_s<__half>(void const*, __half*)",181,16952543664466,16952544044623,0,0,32,1,1,3686400,1,1
"KERNEL_DISPATCH",4,2,64,"void convert_unary<float, __half>(void const*, __half*, long, long, long, HIP_vector_type<unsigned int, 3u>, long, long, long)",182,16952544044623,16952544062105,0,0,256,1,1,655360,1,1
"KERNEL_DISPATCH",4,2,326,"Cijk_Alik_Bljk_HB_MT64x64x16_SN_1LDSB0_APM1_ABV0_ACED0_AF0EM2_AF1EM1_AMAS3_ASE_ASGT_ASLT_ASM_ASAE01_ASCE01_ASEM2_AAC0_BL1_BS1_CLR0_DTLA0_DTLB0_DTVA0_DTVB0_DVO0_ETSP_EPS1_ELFLR0_EMLL0_FSSC10_FL0_GLVWA4_GLVWB4_GRCGA1_GRCGB1_GRPM1_GRVW4_GSU1_GSUASB_GLS0_ISA900_IU1_K1_KLA_LBSPPA0_LBSPPB0_LPA0_LPB0_LDL1_LRVW4_LWPMn1_LDW0_FMA_MIAV0_MDA2_MO40_MMFGLC_MKFGSU256_NTA0_NTB0_NTC0_NTD0_NEPBS0_NLCA1_NLCB1_ONLL1_OPLV0_PK0_PAP0_PGR1_PLR1_PKA0_SIA1_SLW1_SS0_SU32_SUM0_SUS256_SCIUI1_SPO0_SRVW0_SSO0_SVW4_SNLL0_TSGRA0_TSGRB0_TT4_4_TLDS0_UMLDSA0_UMLDSB0_USFGRO0_VAW2_VS1_VW4_VWB4_VFLRP0_WSGRA0_WSGRB0_WS64_WG16_16_1_WGM8",183,16952544062105,16952545278133,0,8192,256,1,1,23040,2,1
"KERNEL_DISPATCH",4,2,76,"void convert_unary<__half, float>(void const*, float*, long, long, long, HIP_vector_type<unsigned int, 3u>, long, long, long)",184,16952545278133,16952545320208,0,0,256,1,1,737280,1,1
"KERNEL_DISPATCH",4,2,51,"void dequantize_block_iq3_s<__half>(void const*, __half*)",185,16952545344208,16952545753847,0,0,32,1,1,3686400,1,1
"KERNEL_DISPATCH",4,2,64,"void convert_unary<float, __half>(void const*, __half*, long, long, long, HIP_vector_type<unsigned int, 3u>, long, long, long)",186,16952545753847,16952545773552,0,0,256,1,1,655360,1,1
"KERNEL_DISPATCH",4,2,326,"Cijk_Alik_Bljk_HB_MT64x64x16_SN_1LDSB0_APM1_ABV0_ACED0_AF0EM2_AF1EM1_AMAS3_ASE_ASGT_ASLT_ASM_ASAE01_ASCE01_ASEM2_AAC0_BL1_BS1_CLR0_DTLA0_DTLB0_DTVA0_DTVB0_DVO0_ETSP_EPS1_ELFLR0_EMLL0_FSSC10_FL0_GLVWA4_GLVWB4_GRCGA1_GRCGB1_GRPM1_GRVW4_GSU1_GSUASB_GLS0_ISA900_IU1_K1_KLA_LBSPPA0_LBSPPB0_LPA0_LPB0_LDL1_LRVW4_LWPMn1_LDW0_FMA_MIAV0_MDA2_MO40_MMFGLC_MKFGSU256_NTA0_NTB0_NTC0_NTD0_NEPBS0_NLCA1_NLCB1_ONLL1_OPLV0_PK0_PAP0_PGR1_PLR1_PKA0_SIA1_SLW1_SS0_SU32_SUM0_SUS256_SCIUI1_SPO0_SRVW0_SSO0_SVW4_SNLL0_TSGRA0_TSGRB0_TT4_4_TLDS0_UMLDSA0_UMLDSB0_USFGRO0_VAW2_VS1_VW4_VWB4_VFLRP0_WSGRA0_WSGRB0_WS64_WG16_16_1_WGM8",187,16952545773552,16952546940690,0,8192,256,1,1,23040,2,1
"KERNEL_DISPATCH",4,2,76,"void convert_unary<__half, float>(void const*, float*, long, long, long, HIP_vector_type<unsigned int, 3u>, long, long, long)",188,16952546940690,16952546982913,0,0,256,1,1,737280,1,1
"KERNEL_DISPATCH",4,2,51,"void dequantize_block_iq3_s<__half>(void const*, __half*)",189,16952547008395,16952547418034,0,0,32,1,1,3686400,1,1
"KERNEL_DISPATCH",4,2,64,"void convert_unary<float, __half>(void const*, __half*, long, long, long, HIP_vector_type<unsigned int, 3u>, long, long, long)",190,16952547418034,16952547437738,0,0,256,1,1,655360,1,1
"KERNEL_DISPATCH",4,2,326,"Cijk_Alik_Bljk_HB_MT64x64x16_SN_1LDSB0_APM1_ABV0_ACED0_AF0EM2_AF1EM1_AMAS3_ASE_ASGT_ASLT_ASM_ASAE01_ASCE01_ASEM2_AAC0_BL1_BS1_CLR0_DTLA0_DTLB0_DTVA0_DTVB0_DVO0_ETSP_EPS1_ELFLR0_EMLL0_FSSC10_FL0_GLVWA4_GLVWB4_GRCGA1_GRCGB1_GRPM1_GRVW4_GSU1_GSUASB_GLS0_ISA900_IU1_K1_KLA_LBSPPA0_LBSPPB0_LPA0_LPB0_LDL1_LRVW4_LWPMn1_LDW0_FMA_MIAV0_MDA2_MO40_MMFGLC_MKFGSU256_NTA0_NTB0_NTC0_NTD0_NEPBS0_NLCA1_NLCB1_ONLL1_OPLV0_PK0_PAP0_PGR1_PLR1_PKA0_SIA1_SLW1_SS0_SU32_SUM0_SUS256_SCIUI1_SPO0_SRVW0_SSO0_SVW4_SNLL0_TSGRA0_TSGRB0_TT4_4_TLDS0_UMLDSA0_UMLDSB0_USFGRO0_VAW2_VS1_VW4_VWB4_VFLRP0_WSGRA0_WSGRB0_WS64_WG16_16_1_WGM8",191,16952547437738,16952548660729,0,8192,256,1,1,23040,2,1
"KERNEL_DISPATCH",4,2,76,"void convert_unary<__half, float>(void const*, float*, long, long, long, HIP_vector_type<unsigned int, 3u>, long, long, long)",192,16952548660729,16952548703545,0,0,256,1,1,737280,1,1
"KERNEL_DISPATCH",4,2,51,"void dequantize_block_iq3_s<__half>(void const*, __half*)",193,16952548733176,16952549155259,0,0,32,1,1,3686400,1,1
"KERNEL_DISPATCH",4,2,64,"void convert_unary<float, __half>(void const*, __half*, long, long, long, HIP_vector_type<unsigned int, 3u>, long, long, long)",194,16952549155259,16952549174667,0,0,256,1,1,655360,1,1
"KERNEL_DISPATCH",4,2,326,"Cijk_Alik_Bljk_HB_MT64x64x16_SN_1LDSB0_APM1_ABV0_ACED0_AF0EM2_AF1EM1_AMAS3_ASE_ASGT_ASLT_ASM_ASAE01_ASCE01_ASEM2_AAC0_BL1_BS1_CLR0_DTLA0_DTLB0_DTVA0_DTVB0_DVO0_ETSP_EPS1_ELFLR0_EMLL0_FSSC10_FL0_GLVWA4_GLVWB4_GRCGA1_GRCGB1_GRPM1_GRVW4_GSU1_GSUASB_GLS0_ISA900_IU1_K1_KLA_LBSPPA0_LBSPPB0_LPA0_LPB0_LDL1_LRVW4_LWPMn1_LDW0_FMA_MIAV0_MDA2_MO40_MMFGLC_MKFGSU256_NTA0_NTB0_NTC0_NTD0_NEPBS0_NLCA1_NLCB1_ONLL1_OPLV0_PK0_PAP0_PGR1_PLR1_PKA0_SIA1_SLW1_SS0_SU32_SUM0_SUS256_SCIUI1_SPO0_SRVW0_SSO0_SVW4_SNLL0_TSGRA0_TSGRB0_TT4_4_TLDS0_UMLDSA0_UMLDSB0_USFGRO0_VAW2_VS1_VW4_VWB4_VFLRP0_WSGRA0_WSGRB0_WS64_WG16_16_1_WGM8",195,16952549174667,16952550340028,0,8192,256,1,1,23040,2,1
"KERNEL_DISPATCH",4,2,76,"void convert_unary<__half, float>(void const*, float*, long, long, long, HIP_vector_type<unsigned int, 3u>, long, long, long)",196,16952550340028,16952550381954,0,0,256,1,1,737280,1,1
"KERNEL_DISPATCH",4,2,51,"void dequantize_block_iq3_s<__half>(void const*, __half*)",197,16952550411140,16952550875892,0,0,32,1,1,3686400,1,1
"KERNEL_DISPATCH",4,2,64,"void convert_unary<float, __half>(void const*, __half*, long, long, long, HIP_vector_type<unsigned int, 3u>, long, long, long)",198,16952550875892,16952550895448,0,0,256,1,1,655360,1,1
"KERNEL_DISPATCH",4,2,326,"Cijk_Alik_Bljk_HB_MT64x64x16_SN_1LDSB0_APM1_ABV0_ACED0_AF0EM2_AF1EM1_AMAS3_ASE_ASGT_ASLT_ASM_ASAE01_ASCE01_ASEM2_AAC0_BL1_BS1_CLR0_DTLA0_DTLB0_DTVA0_DTVB0_DVO0_ETSP_EPS1_ELFLR0_EMLL0_FSSC10_FL0_GLVWA4_GLVWB4_GRCGA1_GRCGB1_GRPM1_GRVW4_GSU1_GSUASB_GLS0_ISA900_IU1_K1_KLA_LBSPPA0_LBSPPB0_LPA0_LPB0_LDL1_LRVW4_LWPMn1_LDW0_FMA_MIAV0_MDA2_MO40_MMFGLC_MKFGSU256_NTA0_NTB0_NTC0_NTD0_NEPBS0_NLCA1_NLCB1_ONLL1_OPLV0_PK0_PAP0_PGR1_PLR1_PKA0_SIA1_SLW1_SS0_SU32_SUM0_SUS256_SCIUI1_SPO0_SRVW0_SSO0_SVW4_SNLL0_TSGRA0_TSGRB0_TT4_4_TLDS0_UMLDSA0_UMLDSB0_USFGRO0_VAW2_VS1_VW4_VWB4_VFLRP0_WSGRA0_WSGRB0_WS64_WG16_16_1_WGM8",199,16952550895448,16952552037993,0,8192,256,1,1,23040,2,1
"KERNEL_DISPATCH",4,2,76,"void convert_unary<__half, float>(void const*, float*, long, long, long, HIP_vector_type<unsigned int, 3u>, long, long, long)",200,16952552037993,16952552080660,0,0,256,1,1,737280,1,1
"KERNEL_DISPATCH",4,2,51,"void dequantize_block_iq3_s<__half>(void const*, __half*)",201,16952552108217,16952552578450,0,0,32,1,1,3686400,1,1
"KERNEL_DISPATCH",4,2,64,"void convert_unary<float, __half>(void const*, __half*, long, long, long, HIP_vector_type<unsigned int, 3u>, long, long, long)",202,16952552578450,16952552605117,0,0,256,1,1,655360,1,1
"KERNEL_DISPATCH",4,2,76,"void convert_unary<__half, float>(void const*, float*, long, long, long, HIP_vector_type<unsigned int, 3u>, long, long, long)",204,16952553727513,16952553769736,0,0,256,1,1,737280,1,1
"KERNEL_DISPATCH",4,2,326,"Cijk_Alik_Bljk_HB_MT64x64x16_SN_1LDSB0_APM1_ABV0_ACED0_AF0EM2_AF1EM1_AMAS3_ASE_ASGT_ASLT_ASM_ASAE01_ASCE01_ASEM2_AAC0_BL1_BS1_CLR0_DTLA0_DTLB0_DTVA0_DTVB0_DVO0_ETSP_EPS1_ELFLR0_EMLL0_FSSC10_FL0_GLVWA4_GLVWB4_GRCGA1_GRCGB1_GRPM1_GRVW4_GSU1_GSUASB_GLS0_ISA900_IU1_K1_KLA_LBSPPA0_LBSPPB0_LPA0_LPB0_LDL1_LRVW4_LWPMn1_LDW0_FMA_MIAV0_MDA2_MO40_MMFGLC_MKFGSU256_NTA0_NTB0_NTC0_NTD0_NEPBS0_NLCA1_NLCB1_ONLL1_OPLV0_PK0_PAP0_PGR1_PLR1_PKA0_SIA1_SLW1_SS0_SU32_SUM0_SUS256_SCIUI1_SPO0_SRVW0_SSO0_SVW4_SNLL0_TSGRA0_TSGRB0_TT4_4_TLDS0_UMLDSA0_UMLDSB0_USFGRO0_VAW2_VS1_VW4_VWB4_VFLRP0_WSGRA0_WSGRB0_WS64_WG16_16_1_WGM8",203,16952552605117,16952553727513,0,8192,256,1,1,23040,2,1
"KERNEL_DISPATCH",4,2,51,"void dequantize_block_iq3_s<__half>(void const*, __half*)",205,16952553794478,16952554203969,0,0,32,1,1,3686400,1,1
"KERNEL_DISPATCH",4,2,64,"void convert_unary<float, __half>(void const*, __half*, long, long, long, HIP_vector_type<unsigned int, 3u>, long, long, long)",206,16952554203969,16952554223673,0,0,256,1,1,655360,1,1
"KERNEL_DISPATCH",4,2,326,"Cijk_Alik_Bljk_HB_MT64x64x16_SN_1LDSB0_APM1_ABV0_ACED0_AF0EM2_AF1EM1_AMAS3_ASE_ASGT_ASLT_ASM_ASAE01_ASCE01_ASEM2_AAC0_BL1_BS1_CLR0_DTLA0_DTLB0_DTVA0_DTVB0_DVO0_ETSP_EPS1_ELFLR0_EMLL0_FSSC10_FL0_GLVWA4_GLVWB4_GRCGA1_GRCGB1_GRPM1_GRVW4_GSU1_GSUASB_GLS0_ISA900_IU1_K1_KLA_LBSPPA0_LBSPPB0_LPA0_LPB0_LDL1_LRVW4_LWPMn1_LDW0_FMA_MIAV0_MDA2_MO40_MMFGLC_MKFGSU256_NTA0_NTB0_NTC0_NTD0_NEPBS0_NLCA1_NLCB1_ONLL1_OPLV0_PK0_PAP0_PGR1_PLR1_PKA0_SIA1_SLW1_SS0_SU32_SUM0_SUS256_SCIUI1_SPO0_SRVW0_SSO0_SVW4_SNLL0_TSGRA0_TSGRB0_TT4_4_TLDS0_UMLDSA0_UMLDSB0_USFGRO0_VAW2_VS1_VW4_VWB4_VFLRP0_WSGRA0_WSGRB0_WS64_WG16_16_1_WGM8",207,16952554223673,16952555451849,0,8192,256,1,1,23040,2,1
"KERNEL_DISPATCH",4,2,76,"void convert_unary<__half, float>(void const*, float*, long, long, long, HIP_vector_type<unsigned int, 3u>, long, long, long)",208,16952555451849,16952555494517,0,0,256,1,1,737280,1,1
"KERNEL_DISPATCH",4,2,51,"void dequantize_block_iq3_s<__half>(void const*, __half*)",209,16952555522814,16952555972750,0,0,32,1,1,3686400,1,1
"KERNEL_DISPATCH",4,2,64,"void convert_unary<float, __half>(void const*, __half*, long, long, long, HIP_vector_type<unsigned int, 3u>, long, long, long)",210,16952555972750,16952555992454,0,0,256,1,1,655360,1,1
"KERNEL_DISPATCH",4,2,326,"Cijk_Alik_Bljk_HB_MT64x64x16_SN_1LDSB0_APM1_ABV0_ACED0_AF0EM2_AF1EM1_AMAS3_ASE_ASGT_ASLT_ASM_ASAE01_ASCE01_ASEM2_AAC0_BL1_BS1_CLR0_DTLA0_DTLB0_DTVA0_DTVB0_DVO0_ETSP_EPS1_ELFLR0_EMLL0_FSSC10_FL0_GLVWA4_GLVWB4_GRCGA1_GRCGB1_GRPM1_GRVW4_GSU1_GSUASB_GLS0_ISA900_IU1_K1_KLA_LBSPPA0_LBSPPB0_LPA0_LPB0_LDL1_LRVW4_LWPMn1_LDW0_FMA_MIAV0_MDA2_MO40_MMFGLC_MKFGSU256_NTA0_NTB0_NTC0_NTD0_NEPBS0_NLCA1_NLCB1_ONLL1_OPLV0_PK0_PAP0_PGR1_PLR1_PKA0_SIA1_SLW1_SS0_SU32_SUM0_SUS256_SCIUI1_SPO0_SRVW0_SSO0_SVW4_SNLL0_TSGRA0_TSGRB0_TT4_4_TLDS0_UMLDSA0_UMLDSB0_USFGRO0_VAW2_VS1_VW4_VWB4_VFLRP0_WSGRA0_WSGRB0_WS64_WG16_16_1_WGM8",211,16952555992454,16952557162407,0,8192,256,1,1,23040,2,1
"KERNEL_DISPATCH",4,2,76,"void convert_unary<__half, float>(void const*, float*, long, long, long, HIP_vector_type<unsigned int, 3u>, long, long, long)",212,16952557162407,16952557205668,0,0,256,1,1,737280,1,1
"KERNEL_DISPATCH",4,2,51,"void dequantize_block_iq3_s<__half>(void const*, __half*)",213,16952557234261,16952557705235,0,0,32,1,1,3686400,1,1
"KERNEL_DISPATCH",4,2,64,"void convert_unary<float, __half>(void const*, __half*, long, long, long, HIP_vector_type<unsigned int, 3u>, long, long, long)",214,16952557705235,16952557731161,0,0,256,1,1,655360,1,1
"KERNEL_DISPATCH",4,2,326,"Cijk_Alik_Bljk_HB_MT64x64x16_SN_1LDSB0_APM1_ABV0_ACED0_AF0EM2_AF1EM1_AMAS3_ASE_ASGT_ASLT_ASM_ASAE01_ASCE01_ASEM2_AAC0_BL1_BS1_CLR0_DTLA0_DTLB0_DTVA0_DTVB0_DVO0_ETSP_EPS1_ELFLR0_EMLL0_FSSC10_FL0_GLVWA4_GLVWB4_GRCGA1_GRCGB1_GRPM1_GRVW4_GSU1_GSUASB_GLS0_ISA900_IU1_K1_KLA_LBSPPA0_LBSPPB0_LPA0_LPB0_LDL1_LRVW4_LWPMn1_LDW0_FMA_MIAV0_MDA2_MO40_MMFGLC_MKFGSU256_NTA0_NTB0_NTC0_NTD0_NEPBS0_NLCA1_NLCB1_ONLL1_OPLV0_PK0_PAP0_PGR1_PLR1_PKA0_SIA1_SLW1_SS0_SU32_SUM0_SUS256_SCIUI1_SPO0_SRVW0_SSO0_SVW4_SNLL0_TSGRA0_TSGRB0_TT4_4_TLDS0_UMLDSA0_UMLDSB0_USFGRO0_VAW2_VS1_VW4_VWB4_VFLRP0_WSGRA0_WSGRB0_WS64_WG16_16_1_WGM8",215,16952557731161,16952558819335,0,8192,256,1,1,23040,2,1
"KERNEL_DISPATCH",4,2,76,"void convert_unary<__half, float>(void const*, float*, long, long, long, HIP_vector_type<unsigned int, 3u>, long, long, long)",216,16952558819335,16952558862595,0,0,256,1,1,737280,1,1
"KERNEL_DISPATCH",4,2,51,"void dequantize_block_iq3_s<__half>(void const*, __half*)",217,16952558890447,16952559360829,0,0,32,1,1,3686400,1,1
"KERNEL_DISPATCH",4,2,64,"void convert_unary<float, __half>(void const*, __half*, long, long, long, HIP_vector_type<unsigned int, 3u>, long, long, long)",218,16952559360829,16952559387792,0,0,256,1,1,655360,1,1
"KERNEL_DISPATCH",4,2,326,"Cijk_Alik_Bljk_HB_MT64x64x16_SN_1LDSB0_APM1_ABV0_ACED0_AF0EM2_AF1EM1_AMAS3_ASE_ASGT_ASLT_ASM_ASAE01_ASCE01_ASEM2_AAC0_BL1_BS1_CLR0_DTLA0_DTLB0_DTVA0_DTVB0_DVO0_ETSP_EPS1_ELFLR0_EMLL0_FSSC10_FL0_GLVWA4_GLVWB4_GRCGA1_GRCGB1_GRPM1_GRVW4_GSU1_GSUASB_GLS0_ISA900_IU1_K1_KLA_LBSPPA0_LBSPPB0_LPA0_LPB0_LDL1_LRVW4_LWPMn1_LDW0_FMA_MIAV0_MDA2_MO40_MMFGLC_MKFGSU256_NTA0_NTB0_NTC0_NTD0_NEPBS0_NLCA1_NLCB1_ONLL1_OPLV0_PK0_PAP0_PGR1_PLR1_PKA0_SIA1_SLW1_SS0_SU32_SUM0_SUS256_SCIUI1_SPO0_SRVW0_SSO0_SVW4_SNLL0_TSGRA0_TSGRB0_TT4_4_TLDS0_UMLDSA0_UMLDSB0_USFGRO0_VAW2_VS1_VW4_VWB4_VFLRP0_WSGRA0_WSGRB0_WS64_WG16_16_1_WGM8",219,16952559387792,16952560619228,0,8192,256,1,1,23040,2,1
"KERNEL_DISPATCH",4,2,76,"void convert_unary<__half, float>(void const*, float*, long, long, long, HIP_vector_type<unsigned int, 3u>, long, long, long)",220,16952560619228,16952560662637,0,0,256,1,1,737280,1,1
"KERNEL_DISPATCH",4,2,51,"void dequantize_block_iq3_s<__half>(void const*, __half*)",221,16952560691526,16952561110943,0,0,32,1,1,3686400,1,1
"KERNEL_DISPATCH",4,2,64,"void convert_unary<float, __half>(void const*, __half*, long, long, long, HIP_vector_type<unsigned int, 3u>, long, long, long)",222,16952561110943,16952561130647,0,0,256,1,1,655360,1,1
"KERNEL_DISPATCH",4,2,326,"Cijk_Alik_Bljk_HB_MT64x64x16_SN_1LDSB0_APM1_ABV0_ACED0_AF0EM2_AF1EM1_AMAS3_ASE_ASGT_ASLT_ASM_ASAE01_ASCE01_ASEM2_AAC0_BL1_BS1_CLR0_DTLA0_DTLB0_DTVA0_DTVB0_DVO0_ETSP_EPS1_ELFLR0_EMLL0_FSSC10_FL0_GLVWA4_GLVWB4_GRCGA1_GRCGB1_GRPM1_GRVW4_GSU1_GSUASB_GLS0_ISA900_IU1_K1_KLA_LBSPPA0_LBSPPB0_LPA0_LPB0_LDL1_LRVW4_LWPMn1_LDW0_FMA_MIAV0_MDA2_MO40_MMFGLC_MKFGSU256_NTA0_NTB0_NTC0_NTD0_NEPBS0_NLCA1_NLCB1_ONLL1_OPLV0_PK0_PAP0_PGR1_PLR1_PKA0_SIA1_SLW1_SS0_SU32_SUM0_SUS256_SCIUI1_SPO0_SRVW0_SSO0_SVW4_SNLL0_TSGRA0_TSGRB0_TT4_4_TLDS0_UMLDSA0_UMLDSB0_USFGRO0_VAW2_VS1_VW4_VWB4_VFLRP0_WSGRA0_WSGRB0_WS64_WG16_16_1_WGM8",223,16952561130647,16952562350083,0,8192,256,1,1,23040,2,1
"KERNEL_DISPATCH",4,2,76,"void convert_unary<__half, float>(void const*, float*, long, long, long, HIP_vector_type<unsigned int, 3u>, long, long, long)",224,16952562350083,16952562393343,0,0,256,1,1,737280,1,1
"KERNEL_DISPATCH",4,2,51,"void dequantize_block_iq3_s<__half>(void const*, __half*)",225,16952562421640,16952562884762,0,0,32,1,1,3686400,1,1
"KERNEL_DISPATCH",4,2,64,"void convert_unary<float, __half>(void const*, __half*, long, long, long, HIP_vector_type<unsigned int, 3u>, long, long, long)",226,16952562884762,16952562904911,0,0,256,1,1,655360,1,1
"KERNEL_DISPATCH",4,2,326,"Cijk_Alik_Bljk_HB_MT64x64x16_SN_1LDSB0_APM1_ABV0_ACED0_AF0EM2_AF1EM1_AMAS3_ASE_ASGT_ASLT_ASM_ASAE01_ASCE01_ASEM2_AAC0_BL1_BS1_CLR0_DTLA0_DTLB0_DTVA0_DTVB0_DVO0_ETSP_EPS1_ELFLR0_EMLL0_FSSC10_FL0_GLVWA4_GLVWB4_GRCGA1_GRCGB1_GRPM1_GRVW4_GSU1_GSUASB_GLS0_ISA900_IU1_K1_KLA_LBSPPA0_LBSPPB0_LPA0_LPB0_LDL1_LRVW4_LWPMn1_LDW0_FMA_MIAV0_MDA2_MO40_MMFGLC_MKFGSU256_NTA0_NTB0_NTC0_NTD0_NEPBS0_NLCA1_NLCB1_ONLL1_OPLV0_PK0_PAP0_PGR1_PLR1_PKA0_SIA1_SLW1_SS0_SU32_SUM0_SUS256_SCIUI1_SPO0_SRVW0_SSO0_SVW4_SNLL0_TSGRA0_TSGRB0_TT4_4_TLDS0_UMLDSA0_UMLDSB0_USFGRO0_VAW2_VS1_VW4_VWB4_VFLRP0_WSGRA0_WSGRB0_WS64_WG16_16_1_WGM8",227,16952562904911,16952564048048,0,8192,256,1,1,23040,2,1
"KERNEL_DISPATCH",4,2,76,"void convert_unary<__half, float>(void const*, float*, long, long, long, HIP_vector_type<unsigned int, 3u>, long, long, long)",228,16952564048048,16952564090568,0,0,256,1,1,737280,1,1
"KERNEL_DISPATCH",4,2,51,"void dequantize_block_iq3_s<__half>(void const*, __half*)",229,16952564118568,16952564588801,0,0,32,1,1,3686400,1,1
"KERNEL_DISPATCH",4,2,64,"void convert_unary<float, __half>(void const*, __half*, long, long, long, HIP_vector_type<unsigned int, 3u>, long, long, long)",230,16952564588801,16952564615024,0,0,256,1,1,655360,1,1
"KERNEL_DISPATCH",4,2,326,"Cijk_Alik_Bljk_HB_MT64x64x16_SN_1LDSB0_APM1_ABV0_ACED0_AF0EM2_AF1EM1_AMAS3_ASE_ASGT_ASLT_ASM_ASAE01_ASCE01_ASEM2_AAC0_BL1_BS1_CLR0_DTLA0_DTLB0_DTVA0_DTVB0_DVO0_ETSP_EPS1_ELFLR0_EMLL0_FSSC10_FL0_GLVWA4_GLVWB4_GRCGA1_GRCGB1_GRPM1_GRVW4_GSU1_GSUASB_GLS0_ISA900_IU1_K1_KLA_LBSPPA0_LBSPPB0_LPA0_LPB0_LDL1_LRVW4_LWPMn1_LDW0_FMA_MIAV0_MDA2_MO40_MMFGLC_MKFGSU256_NTA0_NTB0_NTC0_NTD0_NEPBS0_NLCA1_NLCB1_ONLL1_OPLV0_PK0_PAP0_PGR1_PLR1_PKA0_SIA1_SLW1_SS0_SU32_SUM0_SUS256_SCIUI1_SPO0_SRVW0_SSO0_SVW4_SNLL0_TSGRA0_TSGRB0_TT4_4_TLDS0_UMLDSA0_UMLDSB0_USFGRO0_VAW2_VS1_VW4_VWB4_VFLRP0_WSGRA0_WSGRB0_WS64_WG16_16_1_WGM8",231,16952564615024,16952565712383,0,8192,256,1,1,23040,2,1
"KERNEL_DISPATCH",4,2,76,"void convert_unary<__half, float>(void const*, float*, long, long, long, HIP_vector_type<unsigned int, 3u>, long, long, long)",232,16952565712383,16952565754902,0,0,256,1,1,737280,1,1
"KERNEL_DISPATCH",4,2,51,"void dequantize_block_iq3_s<__half>(void const*, __half*)",233,16952565782607,16952566253284,0,0,32,1,1,3686400,1,1
"KERNEL_DISPATCH",4,2,64,"void convert_unary<float, __half>(void const*, __half*, long, long, long, HIP_vector_type<unsigned int, 3u>, long, long, long)",234,16952566253284,16952566279952,0,0,256,1,1,655360,1,1
"KERNEL_DISPATCH",4,2,326,"Cijk_Alik_Bljk_HB_MT64x64x16_SN_1LDSB0_APM1_ABV0_ACED0_AF0EM2_AF1EM1_AMAS3_ASE_ASGT_ASLT_ASM_ASAE01_ASCE01_ASEM2_AAC0_BL1_BS1_CLR0_DTLA0_DTLB0_DTVA0_DTVB0_DVO0_ETSP_EPS1_ELFLR0_EMLL0_FSSC10_FL0_GLVWA4_GLVWB4_GRCGA1_GRCGB1_GRPM1_GRVW4_GSU1_GSUASB_GLS0_ISA900_IU1_K1_KLA_LBSPPA0_LBSPPB0_LPA0_LPB0_LDL1_LRVW4_LWPMn1_LDW0_FMA_MIAV0_MDA2_MO40_MMFGLC_MKFGSU256_NTA0_NTB0_NTC0_NTD0_NEPBS0_NLCA1_NLCB1_ONLL1_OPLV0_PK0_PAP0_PGR1_PLR1_PKA0_SIA1_SLW1_SS0_SU32_SUM0_SUS256_SCIUI1_SPO0_SRVW0_SSO0_SVW4_SNLL0_TSGRA0_TSGRB0_TT4_4_TLDS0_UMLDSA0_UMLDSB0_USFGRO0_VAW2_VS1_VW4_VWB4_VFLRP0_WSGRA0_WSGRB0_WS64_WG16_16_1_WGM8",235,16952566279952,16952567939990,0,8192,256,1,1,23040,2,1
"KERNEL_DISPATCH",4,2,76,"void convert_unary<__half, float>(void const*, float*, long, long, long, HIP_vector_type<unsigned int, 3u>, long, long, long)",236,16952567939990,16952567982806,0,0,256,1,1,737280,1,1
"KERNEL_DISPATCH",4,2,51,"void dequantize_block_iq3_s<__half>(void const*, __half*)",237,16952568011251,16952568481484,0,0,32,1,1,3686400,1,1
"KERNEL_DISPATCH",4,2,64,"void convert_unary<float, __half>(void const*, __half*, long, long, long, HIP_vector_type<unsigned int, 3u>, long, long, long)",238,16952568481484,16952568508892,0,0,256,1,1,655360,1,1
"KERNEL_DISPATCH",4,2,326,"Cijk_Alik_Bljk_HB_MT64x64x16_SN_1LDSB0_APM1_ABV0_ACED0_AF0EM2_AF1EM1_AMAS3_ASE_ASGT_ASLT_ASM_ASAE01_ASCE01_ASEM2_AAC0_BL1_BS1_CLR0_DTLA0_DTLB0_DTVA0_DTVB0_DVO0_ETSP_EPS1_ELFLR0_EMLL0_FSSC10_FL0_GLVWA4_GLVWB4_GRCGA1_GRCGB1_GRPM1_GRVW4_GSU1_GSUASB_GLS0_ISA900_IU1_K1_KLA_LBSPPA0_LBSPPB0_LPA0_LPB0_LDL1_LRVW4_LWPMn1_LDW0_FMA_MIAV0_MDA2_MO40_MMFGLC_MKFGSU256_NTA0_NTB0_NTC0_NTD0_NEPBS0_NLCA1_NLCB1_ONLL1_OPLV0_PK0_PAP0_PGR1_PLR1_PKA0_SIA1_SLW1_SS0_SU32_SUM0_SUS256_SCIUI1_SPO0_SRVW0_SSO0_SVW4_SNLL0_TSGRA0_TSGRB0_TT4_4_TLDS0_UMLDSA0_UMLDSB0_USFGRO0_VAW2_VS1_VW4_VWB4_VFLRP0_WSGRA0_WSGRB0_WS64_WG16_16_1_WGM8",239,16952568508892,16952569590547,0,8192,256,1,1,23040,2,1
"KERNEL_DISPATCH",4,2,76,"void convert_unary<__half, float>(void const*, float*, long, long, long, HIP_vector_type<unsigned int, 3u>, long, long, long)",240,16952569590547,16952569632770,0,0,256,1,1,737280,1,1
"KERNEL_DISPATCH",4,2,51,"void dequantize_block_iq3_s<__half>(void const*, __half*)",241,16952569656900,16952570037946,0,0,32,1,1,3686400,1,1
"KERNEL_DISPATCH",4,2,64,"void convert_unary<float, __half>(void const*, __half*, long, long, long, HIP_vector_type<unsigned int, 3u>, long, long, long)",242,16952570037946,16952570055575,0,0,256,1,1,655360,1,1
"KERNEL_DISPATCH",4,2,326,"Cijk_Alik_Bljk_HB_MT64x64x16_SN_1LDSB0_APM1_ABV0_ACED0_AF0EM2_AF1EM1_AMAS3_ASE_ASGT_ASLT_ASM_ASAE01_ASCE01_ASEM2_AAC0_BL1_BS1_CLR0_DTLA0_DTLB0_DTVA0_DTVB0_DVO0_ETSP_EPS1_ELFLR0_EMLL0_FSSC10_FL0_GLVWA4_GLVWB4_GRCGA1_GRCGB1_GRPM1_GRVW4_GSU1_GSUASB_GLS0_ISA900_IU1_K1_KLA_LBSPPA0_LBSPPB0_LPA0_LPB0_LDL1_LRVW4_LWPMn1_LDW0_FMA_MIAV0_MDA2_MO40_MMFGLC_MKFGSU256_NTA0_NTB0_NTC0_NTD0_NEPBS0_NLCA1_NLCB1_ONLL1_OPLV0_PK0_PAP0_PGR1_PLR1_PKA0_SIA1_SLW1_SS0_SU32_SUM0_SUS256_SCIUI1_SPO0_SRVW0_SSO0_SVW4_SNLL0_TSGRA0_TSGRB0_TT4_4_TLDS0_UMLDSA0_UMLDSB0_USFGRO0_VAW2_VS1_VW4_VWB4_VFLRP0_WSGRA0_WSGRB0_WS64_WG16_16_1_WGM8",243,16952570055575,16952571256047,0,8192,256,1,1,23040,2,1
"KERNEL_DISPATCH",4,2,76,"void convert_unary<__half, float>(void const*, float*, long, long, long, HIP_vector_type<unsigned int, 3u>, long, long, long)",244,16952571256047,16952571298715,0,0,256,1,1,737280,1,1
"KERNEL_DISPATCH",4,2,51,"void dequantize_block_iq3_s<__half>(void const*, __half*)",245,16952571321974,16952571731613,0,0,32,1,1,3686400,1,1
"KERNEL_DISPATCH",4,2,64,"void convert_unary<float, __half>(void const*, __half*, long, long, long, HIP_vector_type<unsigned int, 3u>, long, long, long)",246,16952571731613,16952571751466,0,0,256,1,1,655360,1,1
"KERNEL_DISPATCH",4,2,76,"void convert_unary<__half, float>(void const*, float*, long, long, long, HIP_vector_type<unsigned int, 3u>, long, long, long)",248,16952572822898,16952572865417,0,0,256,1,1,737280,1,1
"KERNEL_DISPATCH",4,2,326,"Cijk_Alik_Bljk_HB_MT64x64x16_SN_1LDSB0_APM1_ABV0_ACED0_AF0EM2_AF1EM1_AMAS3_ASE_ASGT_ASLT_ASM_ASAE01_ASCE01_ASEM2_AAC0_BL1_BS1_CLR0_DTLA0_DTLB0_DTVA0_DTVB0_DVO0_ETSP_EPS1_ELFLR0_EMLL0_FSSC10_FL0_GLVWA4_GLVWB4_GRCGA1_GRCGB1_GRPM1_GRVW4_GSU1_GSUASB_GLS0_ISA900_IU1_K1_KLA_LBSPPA0_LBSPPB0_LPA0_LPB0_LDL1_LRVW4_LWPMn1_LDW0_FMA_MIAV0_MDA2_MO40_MMFGLC_MKFGSU256_NTA0_NTB0_NTC0_NTD0_NEPBS0_NLCA1_NLCB1_ONLL1_OPLV0_PK0_PAP0_PGR1_PLR1_PKA0_SIA1_SLW1_SS0_SU32_SUM0_SUS256_SCIUI1_SPO0_SRVW0_SSO0_SVW4_SNLL0_TSGRA0_TSGRB0_TT4_4_TLDS0_UMLDSA0_UMLDSB0_USFGRO0_VAW2_VS1_VW4_VWB4_VFLRP0_WSGRA0_WSGRB0_WS64_WG16_16_1_WGM8",247,16952571751466,16952572822898,0,8192,256,1,1,23040,2,1
"KERNEL_DISPATCH",4,2,51,"void dequantize_block_iq3_s<__half>(void const*, __half*)",249,16952572894159,16952573365133,0,0,32,1,1,3686400,1,1
"KERNEL_DISPATCH",4,2,64,"void convert_unary<float, __half>(void const*, __half*, long, long, long, HIP_vector_type<unsigned int, 3u>, long, long, long)",250,16952573365133,16952573391504,0,0,256,1,1,655360,1,1
"KERNEL_DISPATCH",4,2,326,"Cijk_Alik_Bljk_HB_MT64x64x16_SN_1LDSB0_APM1_ABV0_ACED0_AF0EM2_AF1EM1_AMAS3_ASE_ASGT_ASLT_ASM_ASAE01_ASCE01_ASEM2_AAC0_BL1_BS1_CLR0_DTLA0_DTLB0_DTVA0_DTVB0_DVO0_ETSP_EPS1_ELFLR0_EMLL0_FSSC10_FL0_GLVWA4_GLVWB4_GRCGA1_GRCGB1_GRPM1_GRVW4_GSU1_GSUASB_GLS0_ISA900_IU1_K1_KLA_LBSPPA0_LBSPPB0_LPA0_LPB0_LDL1_LRVW4_LWPMn1_LDW0_FMA_MIAV0_MDA2_MO40_MMFGLC_MKFGSU256_NTA0_NTB0_NTC0_NTD0_NEPBS0_NLCA1_NLCB1_ONLL1_OPLV0_PK0_PAP0_PGR1_PLR1_PKA0_SIA1_SLW1_SS0_SU32_SUM0_SUS256_SCIUI1_SPO0_SRVW0_SSO0_SVW4_SNLL0_TSGRA0_TSGRB0_TT4_4_TLDS0_UMLDSA0_UMLDSB0_USFGRO0_VAW2_VS1_VW4_VWB4_VFLRP0_WSGRA0_WSGRB0_WS64_WG16_16_1_WGM8",251,16952573391504,16952574583679,0,8192,256,1,1,23040,2,1
"KERNEL_DISPATCH",4,2,76,"void convert_unary<__half, float>(void const*, float*, long, long, long, HIP_vector_type<unsigned int, 3u>, long, long, long)",252,16952574583679,16952574626347,0,0,256,1,1,737280,1,1
"KERNEL_DISPATCH",4,2,51,"void dequantize_block_iq3_s<__half>(void const*, __half*)",253,16959250310621,16959250659222,0,0,32,1,1,3686400,1,1
"KERNEL_DISPATCH",4,2,64,"void convert_unary<float, __half>(void const*, __half*, long, long, long, HIP_vector_type<unsigned int, 3u>, long, long, long)",254,16959250659222,16959250677147,0,0,256,1,1,655360,1,1
"KERNEL_DISPATCH",4,2,76,"void convert_unary<__half, float>(void const*, float*, long, long, long, HIP_vector_type<unsigned int, 3u>, long, long, long)",256,16959251905176,16959251946214,0,0,256,1,1,737280,1,1
"KERNEL_DISPATCH",4,2,326,"Cijk_Alik_Bljk_HB_MT64x64x16_SN_1LDSB0_APM1_ABV0_ACED0_AF0EM2_AF1EM1_AMAS3_ASE_ASGT_ASLT_ASM_ASAE01_ASCE01_ASEM2_AAC0_BL1_BS1_CLR0_DTLA0_DTLB0_DTVA0_DTVB0_DVO0_ETSP_EPS1_ELFLR0_EMLL0_FSSC10_FL0_GLVWA4_GLVWB4_GRCGA1_GRCGB1_GRPM1_GRVW4_GSU1_GSUASB_GLS0_ISA900_IU1_K1_KLA_LBSPPA0_LBSPPB0_LPA0_LPB0_LDL1_LRVW4_LWPMn1_LDW0_FMA_MIAV0_MDA2_MO40_MMFGLC_MKFGSU256_NTA0_NTB0_NTC0_NTD0_NEPBS0_NLCA1_NLCB1_ONLL1_OPLV0_PK0_PAP0_PGR1_PLR1_PKA0_SIA1_SLW1_SS0_SU32_SUM0_SUS256_SCIUI1_SPO0_SRVW0_SSO0_SVW4_SNLL0_TSGRA0_TSGRB0_TT4_4_TLDS0_UMLDSA0_UMLDSB0_USFGRO0_VAW2_VS1_VW4_VWB4_VFLRP0_WSGRA0_WSGRB0_WS64_WG16_16_1_WGM8",255,16959250677147,16959251905176,0,8192,256,1,1,23040,2,1
"KERNEL_DISPATCH",4,2,51,"void dequantize_block_iq3_s<__half>(void const*, __half*)",257,16959251968585,16959252313630,0,0,32,1,1,3686400,1,1
"KERNEL_DISPATCH",4,2,64,"void convert_unary<float, __half>(void const*, __half*, long, long, long, HIP_vector_type<unsigned int, 3u>, long, long, long)",258,16959252313630,16959252330520,0,0,256,1,1,655360,1,1
"KERNEL_DISPATCH",4,2,76,"void convert_unary<__half, float>(void const*, float*, long, long, long, HIP_vector_type<unsigned int, 3u>, long, long, long)",260,16959253500325,16959253542549,0,0,256,1,1,737280,1,1
"KERNEL_DISPATCH",4,2,326,"Cijk_Alik_Bljk_HB_MT64x64x16_SN_1LDSB0_APM1_ABV0_ACED0_AF0EM2_AF1EM1_AMAS3_ASE_ASGT_ASLT_ASM_ASAE01_ASCE01_ASEM2_AAC0_BL1_BS1_CLR0_DTLA0_DTLB0_DTVA0_DTVB0_DVO0_ETSP_EPS1_ELFLR0_EMLL0_FSSC10_FL0_GLVWA4_GLVWB4_GRCGA1_GRCGB1_GRPM1_GRVW4_GSU1_GSUASB_GLS0_ISA900_IU1_K1_KLA_LBSPPA0_LBSPPB0_LPA0_LPB0_LDL1_LRVW4_LWPMn1_LDW0_FMA_MIAV0_MDA2_MO40_MMFGLC_MKFGSU256_NTA0_NTB0_NTC0_NTD0_NEPBS0_NLCA1_NLCB1_ONLL1_OPLV0_PK0_PAP0_PGR1_PLR1_PKA0_SIA1_SLW1_SS0_SU32_SUM0_SUS256_SCIUI1_SPO0_SRVW0_SSO0_SVW4_SNLL0_TSGRA0_TSGRB0_TT4_4_TLDS0_UMLDSA0_UMLDSB0_USFGRO0_VAW2_VS1_VW4_VWB4_VFLRP0_WSGRA0_WSGRB0_WS64_WG16_16_1_WGM8",259,16959252330520,16959253500325,0,8192,256,1,1,23040,2,1
"KERNEL_DISPATCH",4,2,51,"void dequantize_block_iq3_s<__half>(void const*, __half*)",261,16959253564031,16959253909372,0,0,32,1,1,3686400,1,1
"KERNEL_DISPATCH",4,2,64,"void convert_unary<float, __half>(void const*, __half*, long, long, long, HIP_vector_type<unsigned int, 3u>, long, long, long)",262,16959253909372,16959253926261,0,0,256,1,1,655360,1,1
"KERNEL_DISPATCH",4,2,76,"void convert_unary<__half, float>(void const*, float*, long, long, long, HIP_vector_type<unsigned int, 3u>, long, long, long)",264,16959255100956,16959255143772,0,0,256,1,1,737280,1,1
"KERNEL_DISPATCH",4,2,326,"Cijk_Alik_Bljk_HB_MT64x64x16_SN_1LDSB0_APM1_ABV0_ACED0_AF0EM2_AF1EM1_AMAS3_ASE_ASGT_ASLT_ASM_ASAE01_ASCE01_ASEM2_AAC0_BL1_BS1_CLR0_DTLA0_DTLB0_DTVA0_DTVB0_DVO0_ETSP_EPS1_ELFLR0_EMLL0_FSSC10_FL0_GLVWA4_GLVWB4_GRCGA1_GRCGB1_GRPM1_GRVW4_GSU1_GSUASB_GLS0_ISA900_IU1_K1_KLA_LBSPPA0_LBSPPB0_LPA0_LPB0_LDL1_LRVW4_LWPMn1_LDW0_FMA_MIAV0_MDA2_MO40_MMFGLC_MKFGSU256_NTA0_NTB0_NTC0_NTD0_NEPBS0_NLCA1_NLCB1_ONLL1_OPLV0_PK0_PAP0_PGR1_PLR1_PKA0_SIA1_SLW1_SS0_SU32_SUM0_SUS256_SCIUI1_SPO0_SRVW0_SSO0_SVW4_SNLL0_TSGRA0_TSGRB0_TT4_4_TLDS0_UMLDSA0_UMLDSB0_USFGRO0_VAW2_VS1_VW4_VWB4_VFLRP0_WSGRA0_WSGRB0_WS64_WG16_16_1_WGM8",263,16959253926261,16959255100956,0,8192,256,1,1,23040,2,1
"KERNEL_DISPATCH",4,2,51,"void dequantize_block_iq3_s<__half>(void const*, __half*)",265,16959255177402,16959255587190,0,0,32,1,1,3686400,1,1
"KERNEL_DISPATCH",4,2,64,"void convert_unary<float, __half>(void const*, __half*, long, long, long, HIP_vector_type<unsigned int, 3u>, long, long, long)",266,16959255587190,16959255606746,0,0,256,1,1,655360,1,1
"KERNEL_DISPATCH",4,2,76,"void convert_unary<__half, float>(void const*, float*, long, long, long, HIP_vector_type<unsigned int, 3u>, long, long, long)",268,16959256833590,16959256876109,0,0,256,1,1,737280,1,1
"KERNEL_DISPATCH",4,2,326,"Cijk_Alik_Bljk_HB_MT64x64x16_SN_1LDSB0_APM1_ABV0_ACED0_AF0EM2_AF1EM1_AMAS3_ASE_ASGT_ASLT_ASM_ASAE01_ASCE01_ASEM2_AAC0_BL1_BS1_CLR0_DTLA0_DTLB0_DTVA0_DTVB0_DVO0_ETSP_EPS1_ELFLR0_EMLL0_FSSC10_FL0_GLVWA4_GLVWB4_GRCGA1_GRCGB1_GRPM1_GRVW4_GSU1_GSUASB_GLS0_ISA900_IU1_K1_KLA_LBSPPA0_LBSPPB0_LPA0_LPB0_LDL1_LRVW4_LWPMn1_LDW0_FMA_MIAV0_MDA2_MO40_MMFGLC_MKFGSU256_NTA0_NTB0_NTC0_NTD0_NEPBS0_NLCA1_NLCB1_ONLL1_OPLV0_PK0_PAP0_PGR1_PLR1_PKA0_SIA1_SLW1_SS0_SU32_SUM0_SUS256_SCIUI1_SPO0_SRVW0_SSO0_SVW4_SNLL0_TSGRA0_TSGRB0_TT4_4_TLDS0_UMLDSA0_UMLDSB0_USFGRO0_VAW2_VS1_VW4_VWB4_VFLRP0_WSGRA0_WSGRB0_WS64_WG16_16_1_WGM8",267,16959255606746,16959256833590,0,8192,256,1,1,23040,2,1
"KERNEL_DISPATCH",4,2,51,"void dequantize_block_iq3_s<__half>(void const*, __half*)",269,16959256905592,16959257359676,0,0,32,1,1,3686400,1,1
"KERNEL_DISPATCH",4,2,64,"void convert_unary<float, __half>(void const*, __half*, long, long, long, HIP_vector_type<unsigned int, 3u>, long, long, long)",270,16959257359676,16959257379232,0,0,256,1,1,655360,1,1
"KERNEL_DISPATCH",4,2,76,"void convert_unary<__half, float>(void const*, float*, long, long, long, HIP_vector_type<unsigned int, 3u>, long, long, long)",272,16959258560298,16959258602965,0,0,256,1,1,737280,1,1
"KERNEL_DISPATCH",4,2,326,"Cijk_Alik_Bljk_HB_MT64x64x16_SN_1LDSB0_APM1_ABV0_ACED0_AF0EM2_AF1EM1_AMAS3_ASE_ASGT_ASLT_ASM_ASAE01_ASCE01_ASEM2_AAC0_BL1_BS1_CLR0_DTLA0_DTLB0_DTVA0_DTVB0_DVO0_ETSP_EPS1_ELFLR0_EMLL0_FSSC10_FL0_GLVWA4_GLVWB4_GRCGA1_GRCGB1_GRPM1_GRVW4_GSU1_GSUASB_GLS0_ISA900_IU1_K1_KLA_LBSPPA0_LBSPPB0_LPA0_LPB0_LDL1_LRVW4_LWPMn1_LDW0_FMA_MIAV0_MDA2_MO40_MMFGLC_MKFGSU256_NTA0_NTB0_NTC0_NTD0_NEPBS0_NLCA1_NLCB1_ONLL1_OPLV0_PK0_PAP0_PGR1_PLR1_PKA0_SIA1_SLW1_SS0_SU32_SUM0_SUS256_SCIUI1_SPO0_SRVW0_SSO0_SVW4_SNLL0_TSGRA0_TSGRB0_TT4_4_TLDS0_UMLDSA0_UMLDSB0_USFGRO0_VAW2_VS1_VW4_VWB4_VFLRP0_WSGRA0_WSGRB0_WS64_WG16_16_1_WGM8",271,16959257379232,16959258560298,0,8192,256,1,1,23040,2,1
"KERNEL_DISPATCH",4,2,51,"void dequantize_block_iq3_s<__half>(void const*, __half*)",273,16959258632151,16959259102681,0,0,32,1,1,3686400,1,1
"KERNEL_DISPATCH",4,2,64,"void convert_unary<float, __half>(void const*, __half*, long, long, long, HIP_vector_type<unsigned int, 3u>, long, long, long)",274,16959259102681,16959259129200,0,0,256,1,1,655360,1,1
"KERNEL_DISPATCH",4,2,76,"void convert_unary<__half, float>(void const*, float*, long, long, long, HIP_vector_type<unsigned int, 3u>, long, long, long)",276,16959260311154,16959260354414,0,0,256,1,1,737280,1,1
"KERNEL_DISPATCH",4,2,326,"Cijk_Alik_Bljk_HB_MT64x64x16_SN_1LDSB0_APM1_ABV0_ACED0_AF0EM2_AF1EM1_AMAS3_ASE_ASGT_ASLT_ASM_ASAE01_ASCE01_ASEM2_AAC0_BL1_BS1_CLR0_DTLA0_DTLB0_DTVA0_DTVB0_DVO0_ETSP_EPS1_ELFLR0_EMLL0_FSSC10_FL0_GLVWA4_GLVWB4_GRCGA1_GRCGB1_GRPM1_GRVW4_GSU1_GSUASB_GLS0_ISA900_IU1_K1_KLA_LBSPPA0_LBSPPB0_LPA0_LPB0_LDL1_LRVW4_LWPMn1_LDW0_FMA_MIAV0_MDA2_MO40_MMFGLC_MKFGSU256_NTA0_NTB0_NTC0_NTD0_NEPBS0_NLCA1_NLCB1_ONLL1_OPLV0_PK0_PAP0_PGR1_PLR1_PKA0_SIA1_SLW1_SS0_SU32_SUM0_SUS256_SCIUI1_SPO0_SRVW0_SSO0_SVW4_SNLL0_TSGRA0_TSGRB0_TT4_4_TLDS0_UMLDSA0_UMLDSB0_USFGRO0_VAW2_VS1_VW4_VWB4_VFLRP0_WSGRA0_WSGRB0_WS64_WG16_16_1_WGM8",275,16959259129200,16959260311154,0,8192,256,1,1,23040,2,1
"KERNEL_DISPATCH",4,2,51,"void dequantize_block_iq3_s<__half>(void const*, __half*)",277,16959260384193,16959260854574,0,0,32,1,1,3686400,1,1
"KERNEL_DISPATCH",4,2,64,"void convert_unary<float, __half>(void const*, __half*, long, long, long, HIP_vector_type<unsigned int, 3u>, long, long, long)",278,16959260854574,16959260881982,0,0,256,1,1,655360,1,1
"KERNEL_DISPATCH",4,2,76,"void convert_unary<__half, float>(void const*, float*, long, long, long, HIP_vector_type<unsigned int, 3u>, long, long, long)",280,16959262011343,16959262052825,0,0,256,1,1,737280,1,1
"KERNEL_DISPATCH",4,2,326,"Cijk_Alik_Bljk_HB_MT64x64x16_SN_1LDSB0_APM1_ABV0_ACED0_AF0EM2_AF1EM1_AMAS3_ASE_ASGT_ASLT_ASM_ASAE01_ASCE01_ASEM2_AAC0_BL1_BS1_CLR0_DTLA0_DTLB0_DTVA0_DTVB0_DVO0_ETSP_EPS1_ELFLR0_EMLL0_FSSC10_FL0_GLVWA4_GLVWB4_GRCGA1_GRCGB1_GRPM1_GRVW4_GSU1_GSUASB_GLS0_ISA900_IU1_K1_KLA_LBSPPA0_LBSPPB0_LPA0_LPB0_LDL1_LRVW4_LWPMn1_LDW0_FMA_MIAV0_MDA2_MO40_MMFGLC_MKFGSU256_NTA0_NTB0_NTC0_NTD0_NEPBS0_NLCA1_NLCB1_ONLL1_OPLV0_PK0_PAP0_PGR1_PLR1_PKA0_SIA1_SLW1_SS0_SU32_SUM0_SUS256_SCIUI1_SPO0_SRVW0_SSO0_SVW4_SNLL0_TSGRA0_TSGRB0_TT4_4_TLDS0_UMLDSA0_UMLDSB0_USFGRO0_VAW2_VS1_VW4_VWB4_VFLRP0_WSGRA0_WSGRB0_WS64_WG16_16_1_WGM8",279,16959260881982,16959262011343,0,8192,256,1,1,23040,2,1
"KERNEL_DISPATCH",4,2,51,"void dequantize_block_iq3_s<__half>(void const*, __half*)",281,16959262078159,16959262458020,0,0,32,1,1,3686400,1,1
"KERNEL_DISPATCH",4,2,64,"void convert_unary<float, __half>(void const*, __half*, long, long, long, HIP_vector_type<unsigned int, 3u>, long, long, long)",282,16959262458020,16959262475650,0,0,256,1,1,655360,1,1
"KERNEL_DISPATCH",4,2,76,"void convert_unary<__half, float>(void const*, float*, long, long, long, HIP_vector_type<unsigned int, 3u>, long, long, long)",284,16959263638641,16959263680716,0,0,256,1,1,737280,1,1
"KERNEL_DISPATCH",4,2,326,"Cijk_Alik_Bljk_HB_MT64x64x16_SN_1LDSB0_APM1_ABV0_ACED0_AF0EM2_AF1EM1_AMAS3_ASE_ASGT_ASLT_ASM_ASAE01_ASCE01_ASEM2_AAC0_BL1_BS1_CLR0_DTLA0_DTLB0_DTVA0_DTVB0_DVO0_ETSP_EPS1_ELFLR0_EMLL0_FSSC10_FL0_GLVWA4_GLVWB4_GRCGA1_GRCGB1_GRPM1_GRVW4_GSU1_GSUASB_GLS0_ISA900_IU1_K1_KLA_LBSPPA0_LBSPPB0_LPA0_LPB0_LDL1_LRVW4_LWPMn1_LDW0_FMA_MIAV0_MDA2_MO40_MMFGLC_MKFGSU256_NTA0_NTB0_NTC0_NTD0_NEPBS0_NLCA1_NLCB1_ONLL1_OPLV0_PK0_PAP0_PGR1_PLR1_PKA0_SIA1_SLW1_SS0_SU32_SUM0_SUS256_SCIUI1_SPO0_SRVW0_SSO0_SVW4_SNLL0_TSGRA0_TSGRB0_TT4_4_TLDS0_UMLDSA0_UMLDSB0_USFGRO0_VAW2_VS1_VW4_VWB4_VFLRP0_WSGRA0_WSGRB0_WS64_WG16_16_1_WGM8",283,16959262475650,16959263638641,0,8192,256,1,1,23040,2,1
"KERNEL_DISPATCH",4,2,51,"void dequantize_block_iq3_s<__half>(void const*, __half*)",285,16959263705457,16959264114948,0,0,32,1,1,3686400,1,1
"KERNEL_DISPATCH",4,2,64,"void convert_unary<float, __half>(void const*, __half*, long, long, long, HIP_vector_type<unsigned int, 3u>, long, long, long)",286,16959264114948,16959264134652,0,0,256,1,1,655360,1,1
"KERNEL_DISPATCH",4,2,76,"void convert_unary<__half, float>(void const*, float*, long, long, long, HIP_vector_type<unsigned int, 3u>, long, long, long)",288,16959265322977,16959265365200,0,0,256,1,1,737280,1,1
"KERNEL_DISPATCH",4,2,326,"Cijk_Alik_Bljk_HB_MT64x64x16_SN_1LDSB0_APM1_ABV0_ACED0_AF0EM2_AF1EM1_AMAS3_ASE_ASGT_ASLT_ASM_ASAE01_ASCE01_ASEM2_AAC0_BL1_BS1_CLR0_DTLA0_DTLB0_DTVA0_DTVB0_DVO0_ETSP_EPS1_ELFLR0_EMLL0_FSSC10_FL0_GLVWA4_GLVWB4_GRCGA1_GRCGB1_GRPM1_GRVW4_GSU1_GSUASB_GLS0_ISA900_IU1_K1_KLA_LBSPPA0_LBSPPB0_LPA0_LPB0_LDL1_LRVW4_LWPMn1_LDW0_FMA_MIAV0_MDA2_MO40_MMFGLC_MKFGSU256_NTA0_NTB0_NTC0_NTD0_NEPBS0_NLCA1_NLCB1_ONLL1_OPLV0_PK0_PAP0_PGR1_PLR1_PKA0_SIA1_SLW1_SS0_SU32_SUM0_SUS256_SCIUI1_SPO0_SRVW0_SSO0_SVW4_SNLL0_TSGRA0_TSGRB0_TT4_4_TLDS0_UMLDSA0_UMLDSB0_USFGRO0_VAW2_VS1_VW4_VWB4_VFLRP0_WSGRA0_WSGRB0_WS64_WG16_16_1_WGM8",287,16959264134652,16959265322977,0,8192,256,1,1,23040,2,1
"KERNEL_DISPATCH",4,2,51,"void dequantize_block_iq3_s<__half>(void const*, __half*)",289,16959265388756,16959265798247,0,0,32,1,1,3686400,1,1
"KERNEL_DISPATCH",4,2,64,"void convert_unary<float, __half>(void const*, __half*, long, long, long, HIP_vector_type<unsigned int, 3u>, long, long, long)",290,16959265798247,16959265817803,0,0,256,1,1,655360,1,1
"KERNEL_DISPATCH",4,2,76,"void convert_unary<__half, float>(void const*, float*, long, long, long, HIP_vector_type<unsigned int, 3u>, long, long, long)",292,16959267011461,16959267054870,0,0,256,1,1,737280,1,1
"KERNEL_DISPATCH",4,2,326,"Cijk_Alik_Bljk_HB_MT64x64x16_SN_1LDSB0_APM1_ABV0_ACED0_AF0EM2_AF1EM1_AMAS3_ASE_ASGT_ASLT_ASM_ASAE01_ASCE01_ASEM2_AAC0_BL1_BS1_CLR0_DTLA0_DTLB0_DTVA0_DTVB0_DVO0_ETSP_EPS1_ELFLR0_EMLL0_FSSC10_FL0_GLVWA4_GLVWB4_GRCGA1_GRCGB1_GRPM1_GRVW4_GSU1_GSUASB_GLS0_ISA900_IU1_K1_KLA_LBSPPA0_LBSPPB0_LPA0_LPB0_LDL1_LRVW4_LWPMn1_LDW0_FMA_MIAV0_MDA2_MO40_MMFGLC_MKFGSU256_NTA0_NTB0_NTC0_NTD0_NEPBS0_NLCA1_NLCB1_ONLL1_OPLV0_PK0_PAP0_PGR1_PLR1_PKA0_SIA1_SLW1_SS0_SU32_SUM0_SUS256_SCIUI1_SPO0_SRVW0_SSO0_SVW4_SNLL0_TSGRA0_TSGRB0_TT4_4_TLDS0_UMLDSA0_UMLDSB0_USFGRO0_VAW2_VS1_VW4_VWB4_VFLRP0_WSGRA0_WSGRB0_WS64_WG16_16_1_WGM8",291,16959265817803,16959267011461,0,8192,256,1,1,23040,2,1
"KERNEL_DISPATCH",4,2,51,"void dequantize_block_iq3_s<__half>(void const*, __half*)",293,16959267083611,16959267514881,0,0,32,1,1,3686400,1,1
"KERNEL_DISPATCH",4,2,64,"void convert_unary<float, __half>(void const*, __half*, long, long, long, HIP_vector_type<unsigned int, 3u>, long, long, long)",294,16959267514881,16959267534437,0,0,256,1,1,655360,1,1
"KERNEL_DISPATCH",4,2,326,"Cijk_Alik_Bljk_HB_MT64x64x16_SN_1LDSB0_APM1_ABV0_ACED0_AF0EM2_AF1EM1_AMAS3_ASE_ASGT_ASLT_ASM_ASAE01_ASCE01_ASEM2_AAC0_BL1_BS1_CLR0_DTLA0_DTLB0_DTVA0_DTVB0_DVO0_ETSP_EPS1_ELFLR0_EMLL0_FSSC10_FL0_GLVWA4_GLVWB4_GRCGA1_GRCGB1_GRPM1_GRVW4_GSU1_GSUASB_GLS0_ISA900_IU1_K1_KLA_LBSPPA0_LBSPPB0_LPA0_LPB0_LDL1_LRVW4_LWPMn1_LDW0_FMA_MIAV0_MDA2_MO40_MMFGLC_MKFGSU256_NTA0_NTB0_NTC0_NTD0_NEPBS0_NLCA1_NLCB1_ONLL1_OPLV0_PK0_PAP0_PGR1_PLR1_PKA0_SIA1_SLW1_SS0_SU32_SUM0_SUS256_SCIUI1_SPO0_SRVW0_SSO0_SVW4_SNLL0_TSGRA0_TSGRB0_TT4_4_TLDS0_UMLDSA0_UMLDSB0_USFGRO0_VAW2_VS1_VW4_VWB4_VFLRP0_WSGRA0_WSGRB0_WS64_WG16_16_1_WGM8",295,16959267534437,16959268740688,0,8192,256,1,1,23040,2,1
"KERNEL_DISPATCH",4,2,76,"void convert_unary<__half, float>(void const*, float*, long, long, long, HIP_vector_type<unsigned int, 3u>, long, long, long)",296,16959268740688,16959268782615,0,0,256,1,1,737280,1,1
"KERNEL_DISPATCH",4,2,51,"void dequantize_block_iq3_s<__half>(void const*, __half*)",297,16959268810467,16959269277145,0,0,32,1,1,3686400,1,1
"KERNEL_DISPATCH",4,2,64,"void convert_unary<float, __half>(void const*, __half*, long, long, long, HIP_vector_type<unsigned int, 3u>, long, long, long)",298,16959269277145,16959269296849,0,0,256,1,1,655360,1,1
"KERNEL_DISPATCH",4,2,326,"Cijk_Alik_Bljk_HB_MT64x64x16_SN_1LDSB0_APM1_ABV0_ACED0_AF0EM2_AF1EM1_AMAS3_ASE_ASGT_ASLT_ASM_ASAE01_ASCE01_ASEM2_AAC0_BL1_BS1_CLR0_DTLA0_DTLB0_DTVA0_DTVB0_DVO0_ETSP_EPS1_ELFLR0_EMLL0_FSSC10_FL0_GLVWA4_GLVWB4_GRCGA1_GRCGB1_GRPM1_GRVW4_GSU1_GSUASB_GLS0_ISA900_IU1_K1_KLA_LBSPPA0_LBSPPB0_LPA0_LPB0_LDL1_LRVW4_LWPMn1_LDW0_FMA_MIAV0_MDA2_MO40_MMFGLC_MKFGSU256_NTA0_NTB0_NTC0_NTD0_NEPBS0_NLCA1_NLCB1_ONLL1_OPLV0_PK0_PAP0_PGR1_PLR1_PKA0_SIA1_SLW1_SS0_SU32_SUM0_SUS256_SCIUI1_SPO0_SRVW0_SSO0_SVW4_SNLL0_TSGRA0_TSGRB0_TT4_4_TLDS0_UMLDSA0_UMLDSB0_USFGRO0_VAW2_VS1_VW4_VWB4_VFLRP0_WSGRA0_WSGRB0_WS64_WG16_16_1_WGM8",299,16959269296849,16959270435543,0,8192,256,1,1,23040,2,1
"KERNEL_DISPATCH",4,2,76,"void convert_unary<__half, float>(void const*, float*, long, long, long, HIP_vector_type<unsigned int, 3u>, long, long, long)",300,16959270435543,16959270478211,0,0,256,1,1,737280,1,1
"KERNEL_DISPATCH",4,2,51,"void dequantize_block_iq3_s<__half>(void const*, __half*)",301,16959270506211,16959270976593,0,0,32,1,1,3686400,1,1
"KERNEL_DISPATCH",4,2,64,"void convert_unary<float, __half>(void const*, __half*, long, long, long, HIP_vector_type<unsigned int, 3u>, long, long, long)",302,16959270976593,16959271003260,0,0,256,1,1,655360,1,1
"KERNEL_DISPATCH",4,2,326,"Cijk_Alik_Bljk_HB_MT64x64x16_SN_1LDSB0_APM1_ABV0_ACED0_AF0EM2_AF1EM1_AMAS3_ASE_ASGT_ASLT_ASM_ASAE01_ASCE01_ASEM2_AAC0_BL1_BS1_CLR0_DTLA0_DTLB0_DTVA0_DTVB0_DVO0_ETSP_EPS1_ELFLR0_EMLL0_FSSC10_FL0_GLVWA4_GLVWB4_GRCGA1_GRCGB1_GRPM1_GRVW4_GSU1_GSUASB_GLS0_ISA900_IU1_K1_KLA_LBSPPA0_LBSPPB0_LPA0_LPB0_LDL1_LRVW4_LWPMn1_LDW0_FMA_MIAV0_MDA2_MO40_MMFGLC_MKFGSU256_NTA0_NTB0_NTC0_NTD0_NEPBS0_NLCA1_NLCB1_ONLL1_OPLV0_PK0_PAP0_PGR1_PLR1_PKA0_SIA1_SLW1_SS0_SU32_SUM0_SUS256_SCIUI1_SPO0_SRVW0_SSO0_SVW4_SNLL0_TSGRA0_TSGRB0_TT4_4_TLDS0_UMLDSA0_UMLDSB0_USFGRO0_VAW2_VS1_VW4_VWB4_VFLRP0_WSGRA0_WSGRB0_WS64_WG16_16_1_WGM8",303,16959271003260,16959272116324,0,8192,256,1,1,23040,2,1
"KERNEL_DISPATCH",4,2,76,"void convert_unary<__half, float>(void const*, float*, long, long, long, HIP_vector_type<unsigned int, 3u>, long, long, long)",304,16959272116324,16959272158843,0,0,256,1,1,737280,1,1
"KERNEL_DISPATCH",4,2,51,"void dequantize_block_iq3_s<__half>(void const*, __half*)",305,16959272186844,16959272657522,0,0,32,1,1,3686400,1,1
"KERNEL_DISPATCH",4,2,64,"void convert_unary<float, __half>(void const*, __half*, long, long, long, HIP_vector_type<unsigned int, 3u>, long, long, long)",306,16959272657522,16959272683448,0,0,256,1,1,655360,1,1
"KERNEL_DISPATCH",4,2,76,"void convert_unary<__half, float>(void const*, float*, long, long, long, HIP_vector_type<unsigned int, 3u>, long, long, long)",308,16959274328524,16959274371340,0,0,256,1,1,737280,1,1
"KERNEL_DISPATCH",4,2,326,"Cijk_Alik_Bljk_HB_MT64x64x16_SN_1LDSB0_APM1_ABV0_ACED0_AF0EM2_AF1EM1_AMAS3_ASE_ASGT_ASLT_ASM_ASAE01_ASCE01_ASEM2_AAC0_BL1_BS1_CLR0_DTLA0_DTLB0_DTVA0_DTVB0_DVO0_ETSP_EPS1_ELFLR0_EMLL0_FSSC10_FL0_GLVWA4_GLVWB4_GRCGA1_GRCGB1_GRPM1_GRVW4_GSU1_GSUASB_GLS0_ISA900_IU1_K1_KLA_LBSPPA0_LBSPPB0_LPA0_LPB0_LDL1_LRVW4_LWPMn1_LDW0_FMA_MIAV0_MDA2_MO40_MMFGLC_MKFGSU256_NTA0_NTB0_NTC0_NTD0_NEPBS0_NLCA1_NLCB1_ONLL1_OPLV0_PK0_PAP0_PGR1_PLR1_PKA0_SIA1_SLW1_SS0_SU32_SUM0_SUS256_SCIUI1_SPO0_SRVW0_SSO0_SVW4_SNLL0_TSGRA0_TSGRB0_TT4_4_TLDS0_UMLDSA0_UMLDSB0_USFGRO0_VAW2_VS1_VW4_VWB4_VFLRP0_WSGRA0_WSGRB0_WS64_WG16_16_1_WGM8",307,16959272683448,16959274328524,0,8192,256,1,1,23040,2,1
"KERNEL_DISPATCH",4,2,51,"void dequantize_block_iq3_s<__half>(void const*, __half*)",309,16959274401563,16959274871648,0,0,32,1,1,3686400,1,1
"KERNEL_DISPATCH",4,2,64,"void convert_unary<float, __half>(void const*, __half*, long, long, long, HIP_vector_type<unsigned int, 3u>, long, long, long)",310,16959274871648,16959274899649,0,0,256,1,1,655360,1,1
"KERNEL_DISPATCH",4,2,326,"Cijk_Alik_Bljk_HB_MT64x64x16_SN_1LDSB0_APM1_ABV0_ACED0_AF0EM2_AF1EM1_AMAS3_ASE_ASGT_ASLT_ASM_ASAE01_ASCE01_ASEM2_AAC0_BL1_BS1_CLR0_DTLA0_DTLB0_DTVA0_DTVB0_DVO0_ETSP_EPS1_ELFLR0_EMLL0_FSSC10_FL0_GLVWA4_GLVWB4_GRCGA1_GRCGB1_GRPM1_GRVW4_GSU1_GSUASB_GLS0_ISA900_IU1_K1_KLA_LBSPPA0_LBSPPB0_LPA0_LPB0_LDL1_LRVW4_LWPMn1_LDW0_FMA_MIAV0_MDA2_MO40_MMFGLC_MKFGSU256_NTA0_NTB0_NTC0_NTD0_NEPBS0_NLCA1_NLCB1_ONLL1_OPLV0_PK0_PAP0_PGR1_PLR1_PKA0_SIA1_SLW1_SS0_SU32_SUM0_SUS256_SCIUI1_SPO0_SRVW0_SSO0_SVW4_SNLL0_TSGRA0_TSGRB0_TT4_4_TLDS0_UMLDSA0_UMLDSB0_USFGRO0_VAW2_VS1_VW4_VWB4_VFLRP0_WSGRA0_WSGRB0_WS64_WG16_16_1_WGM8",311,16959274899649,16959275999971,0,8192,256,1,1,23040,2,1
"KERNEL_DISPATCH",4,2,76,"void convert_unary<__half, float>(void const*, float*, long, long, long, HIP_vector_type<unsigned int, 3u>, long, long, long)",312,16959275999971,16959276042787,0,0,256,1,1,737280,1,1
"KERNEL_DISPATCH",4,2,51,"void dequantize_block_iq3_s<__half>(void const*, __half*)",313,16959276066788,16959276448427,0,0,32,1,1,3686400,1,1
"KERNEL_DISPATCH",4,2,64,"void convert_unary<float, __half>(void const*, __half*, long, long, long, HIP_vector_type<unsigned int, 3u>, long, long, long)",314,16959276448427,16959276465760,0,0,256,1,1,655360,1,1
"KERNEL_DISPATCH",4,2,326,"Cijk_Alik_Bljk_HB_MT64x64x16_SN_1LDSB0_APM1_ABV0_ACED0_AF0EM2_AF1EM1_AMAS3_ASE_ASGT_ASLT_ASM_ASAE01_ASCE01_ASEM2_AAC0_BL1_BS1_CLR0_DTLA0_DTLB0_DTVA0_DTVB0_DVO0_ETSP_EPS1_ELFLR0_EMLL0_FSSC10_FL0_GLVWA4_GLVWB4_GRCGA1_GRCGB1_GRPM1_GRVW4_GSU1_GSUASB_GLS0_ISA900_IU1_K1_KLA_LBSPPA0_LBSPPB0_LPA0_LPB0_LDL1_LRVW4_LWPMn1_LDW0_FMA_MIAV0_MDA2_MO40_MMFGLC_MKFGSU256_NTA0_NTB0_NTC0_NTD0_NEPBS0_NLCA1_NLCB1_ONLL1_OPLV0_PK0_PAP0_PGR1_PLR1_PKA0_SIA1_SLW1_SS0_SU32_SUM0_SUS256_SCIUI1_SPO0_SRVW0_SSO0_SVW4_SNLL0_TSGRA0_TSGRB0_TT4_4_TLDS0_UMLDSA0_UMLDSB0_USFGRO0_VAW2_VS1_VW4_VWB4_VFLRP0_WSGRA0_WSGRB0_WS64_WG16_16_1_WGM8",315,16959276465760,16959277604010,0,8192,256,1,1,23040,2,1
"KERNEL_DISPATCH",4,2,76,"void convert_unary<__half, float>(void const*, float*, long, long, long, HIP_vector_type<unsigned int, 3u>, long, long, long)",316,16959277604010,16959277646974,0,0,256,1,1,737280,1,1
"KERNEL_DISPATCH",4,2,51,"void dequantize_block_iq3_s<__half>(void const*, __half*)",317,16959277670382,16959278079725,0,0,32,1,1,3686400,1,1
"KERNEL_DISPATCH",4,2,64,"void convert_unary<float, __half>(void const*, __half*, long, long, long, HIP_vector_type<unsigned int, 3u>, long, long, long)",318,16959278079725,16959278099133,0,0,256,1,1,655360,1,1
"KERNEL_DISPATCH",4,2,326,"Cijk_Alik_Bljk_HB_MT64x64x16_SN_1LDSB0_APM1_ABV0_ACED0_AF0EM2_AF1EM1_AMAS3_ASE_ASGT_ASLT_ASM_ASAE01_ASCE01_ASEM2_AAC0_BL1_BS1_CLR0_DTLA0_DTLB0_DTVA0_DTVB0_DVO0_ETSP_EPS1_ELFLR0_EMLL0_FSSC10_FL0_GLVWA4_GLVWB4_GRCGA1_GRCGB1_GRPM1_GRVW4_GSU1_GSUASB_GLS0_ISA900_IU1_K1_KLA_LBSPPA0_LBSPPB0_LPA0_LPB0_LDL1_LRVW4_LWPMn1_LDW0_FMA_MIAV0_MDA2_MO40_MMFGLC_MKFGSU256_NTA0_NTB0_NTC0_NTD0_NEPBS0_NLCA1_NLCB1_ONLL1_OPLV0_PK0_PAP0_PGR1_PLR1_PKA0_SIA1_SLW1_SS0_SU32_SUM0_SUS256_SCIUI1_SPO0_SRVW0_SSO0_SVW4_SNLL0_TSGRA0_TSGRB0_TT4_4_TLDS0_UMLDSA0_UMLDSB0_USFGRO0_VAW2_VS1_VW4_VWB4_VFLRP0_WSGRA0_WSGRB0_WS64_WG16_16_1_WGM8",319,16959278099133,16959279188047,0,8192,256,1,1,23040,2,1
"KERNEL_DISPATCH",4,2,76,"void convert_unary<__half, float>(void const*, float*, long, long, long, HIP_vector_type<unsigned int, 3u>, long, long, long)",320,16959279188047,16959279230863,0,0,256,1,1,737280,1,1
"KERNEL_DISPATCH",4,2,51,"void dequantize_block_iq3_s<__half>(void const*, __half*)",321,16959279258568,16959279728949,0,0,32,1,1,3686400,1,1
"KERNEL_DISPATCH",4,2,64,"void convert_unary<float, __half>(void const*, __half*, long, long, long, HIP_vector_type<unsigned int, 3u>, long, long, long)",322,16959279728949,16959279755172,0,0,256,1,1,655360,1,1
"KERNEL_DISPATCH",4,2,326,"Cijk_Alik_Bljk_HB_MT64x64x16_SN_1LDSB0_APM1_ABV0_ACED0_AF0EM2_AF1EM1_AMAS3_ASE_ASGT_ASLT_ASM_ASAE01_ASCE01_ASEM2_AAC0_BL1_BS1_CLR0_DTLA0_DTLB0_DTVA0_DTVB0_DVO0_ETSP_EPS1_ELFLR0_EMLL0_FSSC10_FL0_GLVWA4_GLVWB4_GRCGA1_GRCGB1_GRPM1_GRVW4_GSU1_GSUASB_GLS0_ISA900_IU1_K1_KLA_LBSPPA0_LBSPPB0_LPA0_LPB0_LDL1_LRVW4_LWPMn1_LDW0_FMA_MIAV0_MDA2_MO40_MMFGLC_MKFGSU256_NTA0_NTB0_NTC0_NTD0_NEPBS0_NLCA1_NLCB1_ONLL1_OPLV0_PK0_PAP0_PGR1_PLR1_PKA0_SIA1_SLW1_SS0_SU32_SUM0_SUS256_SCIUI1_SPO0_SRVW0_SSO0_SVW4_SNLL0_TSGRA0_TSGRB0_TT4_4_TLDS0_UMLDSA0_UMLDSB0_USFGRO0_VAW2_VS1_VW4_VWB4_VFLRP0_WSGRA0_WSGRB0_WS64_WG16_16_1_WGM8",323,16959279755172,16959281394470,0,8192,256,1,1,23040,2,1
"KERNEL_DISPATCH",4,2,76,"void convert_unary<__half, float>(void const*, float*, long, long, long, HIP_vector_type<unsigned int, 3u>, long, long, long)",324,16959281394470,16959281437730,0,0,256,1,1,737280,1,1
"KERNEL_DISPATCH",4,2,51,"void dequantize_block_iq3_s<__half>(void const*, __half*)",325,16959281466027,16959281936409,0,0,32,1,1,3686400,1,1
"KERNEL_DISPATCH",4,2,64,"void convert_unary<float, __half>(void const*, __half*, long, long, long, HIP_vector_type<unsigned int, 3u>, long, long, long)",326,16959281936409,16959281963817,0,0,256,1,1,655360,1,1
"KERNEL_DISPATCH",4,2,326,"Cijk_Alik_Bljk_HB_MT64x64x16_SN_1LDSB0_APM1_ABV0_ACED0_AF0EM2_AF1EM1_AMAS3_ASE_ASGT_ASLT_ASM_ASAE01_ASCE01_ASEM2_AAC0_BL1_BS1_CLR0_DTLA0_DTLB0_DTVA0_DTVB0_DVO0_ETSP_EPS1_ELFLR0_EMLL0_FSSC10_FL0_GLVWA4_GLVWB4_GRCGA1_GRCGB1_GRPM1_GRVW4_GSU1_GSUASB_GLS0_ISA900_IU1_K1_KLA_LBSPPA0_LBSPPB0_LPA0_LPB0_LDL1_LRVW4_LWPMn1_LDW0_FMA_MIAV0_MDA2_MO40_MMFGLC_MKFGSU256_NTA0_NTB0_NTC0_NTD0_NEPBS0_NLCA1_NLCB1_ONLL1_OPLV0_PK0_PAP0_PGR1_PLR1_PKA0_SIA1_SLW1_SS0_SU32_SUM0_SUS256_SCIUI1_SPO0_SRVW0_SSO0_SVW4_SNLL0_TSGRA0_TSGRB0_TT4_4_TLDS0_UMLDSA0_UMLDSB0_USFGRO0_VAW2_VS1_VW4_VWB4_VFLRP0_WSGRA0_WSGRB0_WS64_WG16_16_1_WGM8",327,16959281963817,16959283064436,0,8192,256,1,1,23040,2,1
"KERNEL_DISPATCH",4,2,76,"void convert_unary<__half, float>(void const*, float*, long, long, long, HIP_vector_type<unsigned int, 3u>, long, long, long)",328,16959283064436,16959283107400,0,0,256,1,1,737280,1,1
"KERNEL_DISPATCH",4,2,64,"void convert_unary<float, __half>(void const*, __half*, long, long, long, HIP_vector_type<unsigned int, 3u>, long, long, long)",330,16959283541632,16959283561336,0,0,256,1,1,655360,1,1
"KERNEL_DISPATCH",4,2,51,"void dequantize_block_iq3_s<__half>(void const*, __half*)",329,16959283131548,16959283541632,0,0,32,1,1,3686400,1,1
"KERNEL_DISPATCH",4,2,76,"void convert_unary<__half, float>(void const*, float*, long, long, long, HIP_vector_type<unsigned int, 3u>, long, long, long)",332,16959284760772,16959284804033,0,0,256,1,1,737280,1,1
"KERNEL_DISPATCH",4,2,326,"Cijk_Alik_Bljk_HB_MT64x64x16_SN_1LDSB0_APM1_ABV0_ACED0_AF0EM2_AF1EM1_AMAS3_ASE_ASGT_ASLT_ASM_ASAE01_ASCE01_ASEM2_AAC0_BL1_BS1_CLR0_DTLA0_DTLB0_DTVA0_DTVB0_DVO0_ETSP_EPS1_ELFLR0_EMLL0_FSSC10_FL0_GLVWA4_GLVWB4_GRCGA1_GRCGB1_GRPM1_GRVW4_GSU1_GSUASB_GLS0_ISA900_IU1_K1_KLA_LBSPPA0_LBSPPB0_LPA0_LPB0_LDL1_LRVW4_LWPMn1_LDW0_FMA_MIAV0_MDA2_MO40_MMFGLC_MKFGSU256_NTA0_NTB0_NTC0_NTD0_NEPBS0_NLCA1_NLCB1_ONLL1_OPLV0_PK0_PAP0_PGR1_PLR1_PKA0_SIA1_SLW1_SS0_SU32_SUM0_SUS256_SCIUI1_SPO0_SRVW0_SSO0_SVW4_SNLL0_TSGRA0_TSGRB0_TT4_4_TLDS0_UMLDSA0_UMLDSB0_USFGRO0_VAW2_VS1_VW4_VWB4_VFLRP0_WSGRA0_WSGRB0_WS64_WG16_16_1_WGM8",331,16959283561336,16959284760772,0,8192,256,1,1,23040,2,1
"KERNEL_DISPATCH",4,2,51,"void dequantize_block_iq3_s<__half>(void const*, __half*)",333,16959284832478,16959285295748,0,0,32,1,1,3686400,1,1
"KERNEL_DISPATCH",4,2,64,"void convert_unary<float, __half>(void const*, __half*, long, long, long, HIP_vector_type<unsigned int, 3u>, long, long, long)",334,16959285295748,16959285315600,0,0,256,1,1,655360,1,1
"KERNEL_DISPATCH",4,2,76,"void convert_unary<__half, float>(void const*, float*, long, long, long, HIP_vector_type<unsigned int, 3u>, long, long, long)",336,16959286462591,16959286504518,0,0,256,1,1,737280,1,1
"KERNEL_DISPATCH",4,2,326,"Cijk_Alik_Bljk_HB_MT64x64x16_SN_1LDSB0_APM1_ABV0_ACED0_AF0EM2_AF1EM1_AMAS3_ASE_ASGT_ASLT_ASM_ASAE01_ASCE01_ASEM2_AAC0_BL1_BS1_CLR0_DTLA0_DTLB0_DTVA0_DTVB0_DVO0_ETSP_EPS1_ELFLR0_EMLL0_FSSC10_FL0_GLVWA4_GLVWB4_GRCGA1_GRCGB1_GRPM1_GRVW4_GSU1_GSUASB_GLS0_ISA900_IU1_K1_KLA_LBSPPA0_LBSPPB0_LPA0_LPB0_LDL1_LRVW4_LWPMn1_LDW0_FMA_MIAV0_MDA2_MO40_MMFGLC_MKFGSU256_NTA0_NTB0_NTC0_NTD0_NEPBS0_NLCA1_NLCB1_ONLL1_OPLV0_PK0_PAP0_PGR1_PLR1_PKA0_SIA1_SLW1_SS0_SU32_SUM0_SUS256_SCIUI1_SPO0_SRVW0_SSO0_SVW4_SNLL0_TSGRA0_TSGRB0_TT4_4_TLDS0_UMLDSA0_UMLDSB0_USFGRO0_VAW2_VS1_VW4_VWB4_VFLRP0_WSGRA0_WSGRB0_WS64_WG16_16_1_WGM8",335,16959285315600,16959286462591,0,8192,256,1,1,23040,2,1
"KERNEL_DISPATCH",4,2,51,"void dequantize_block_iq3_s<__half>(void const*, __half*)",337,16959286532815,16959287003641,0,0,32,1,1,3686400,1,1
"KERNEL_DISPATCH",4,2,64,"void convert_unary<float, __half>(void const*, __half*, long, long, long, HIP_vector_type<unsigned int, 3u>, long, long, long)",338,16959287003641,16959287030308,0,0,256,1,1,655360,1,1
"KERNEL_DISPATCH",4,2,326,"Cijk_Alik_Bljk_HB_MT64x64x16_SN_1LDSB0_APM1_ABV0_ACED0_AF0EM2_AF1EM1_AMAS3_ASE_ASGT_ASLT_ASM_ASAE01_ASCE01_ASEM2_AAC0_BL1_BS1_CLR0_DTLA0_DTLB0_DTVA0_DTVB0_DVO0_ETSP_EPS1_ELFLR0_EMLL0_FSSC10_FL0_GLVWA4_GLVWB4_GRCGA1_GRCGB1_GRPM1_GRVW4_GSU1_GSUASB_GLS0_ISA900_IU1_K1_KLA_LBSPPA0_LBSPPB0_LPA0_LPB0_LDL1_LRVW4_LWPMn1_LDW0_FMA_MIAV0_MDA2_MO40_MMFGLC_MKFGSU256_NTA0_NTB0_NTC0_NTD0_NEPBS0_NLCA1_NLCB1_ONLL1_OPLV0_PK0_PAP0_PGR1_PLR1_PKA0_SIA1_SLW1_SS0_SU32_SUM0_SUS256_SCIUI1_SPO0_SRVW0_SSO0_SVW4_SNLL0_TSGRA0_TSGRB0_TT4_4_TLDS0_UMLDSA0_UMLDSB0_USFGRO0_VAW2_VS1_VW4_VWB4_VFLRP0_WSGRA0_WSGRB0_WS64_WG16_16_1_WGM8",339,16959287030308,16959288143964,0,8192,256,1,1,23040,2,1
"KERNEL_DISPATCH",4,2,76,"void convert_unary<__half, float>(void const*, float*, long, long, long, HIP_vector_type<unsigned int, 3u>, long, long, long)",340,16959288143964,16959288185891,0,0,256,1,1,737280,1,1
"KERNEL_DISPATCH",4,2,51,"void dequantize_block_iq3_s<__half>(void const*, __half*)",341,16959288213743,16959288683977,0,0,32,1,1,3686400,1,1
"KERNEL_DISPATCH",4,2,64,"void convert_unary<float, __half>(void const*, __half*, long, long, long, HIP_vector_type<unsigned int, 3u>, long, long, long)",342,16959288683977,16959288710644,0,0,256,1,1,655360,1,1
"KERNEL_DISPATCH",4,2,76,"void convert_unary<__half, float>(void const*, float*, long, long, long, HIP_vector_type<unsigned int, 3u>, long, long, long)",344,16959290430981,16959290473797,0,0,256,1,1,737280,1,1
"KERNEL_DISPATCH",4,2,326,"Cijk_Alik_Bljk_HB_MT64x64x16_SN_1LDSB0_APM1_ABV0_ACED0_AF0EM2_AF1EM1_AMAS3_ASE_ASGT_ASLT_ASM_ASAE01_ASCE01_ASEM2_AAC0_BL1_BS1_CLR0_DTLA0_DTLB0_DTVA0_DTVB0_DVO0_ETSP_EPS1_ELFLR0_EMLL0_FSSC10_FL0_GLVWA4_GLVWB4_GRCGA1_GRCGB1_GRPM1_GRVW4_GSU1_GSUASB_GLS0_ISA900_IU1_K1_KLA_LBSPPA0_LBSPPB0_LPA0_LPB0_LDL1_LRVW4_LWPMn1_LDW0_FMA_MIAV0_MDA2_MO40_MMFGLC_MKFGSU256_NTA0_NTB0_NTC0_NTD0_NEPBS0_NLCA1_NLCB1_ONLL1_OPLV0_PK0_PAP0_PGR1_PLR1_PKA0_SIA1_SLW1_SS0_SU32_SUM0_SUS256_SCIUI1_SPO0_SRVW0_SSO0_SVW4_SNLL0_TSGRA0_TSGRB0_TT4_4_TLDS0_UMLDSA0_UMLDSB0_USFGRO0_VAW2_VS1_VW4_VWB4_VFLRP0_WSGRA0_WSGRB0_WS64_WG16_16_1_WGM8",343,16959288710644,16959290430981,0,8192,256,1,1,23040,2,1
"KERNEL_DISPATCH",4,2,51,"void dequantize_block_iq3_s<__half>(void const*, __half*)",345,16959290503576,16959290973661,0,0,32,1,1,3686400,1,1
"KERNEL_DISPATCH",4,2,64,"void convert_unary<float, __half>(void const*, __half*, long, long, long, HIP_vector_type<unsigned int, 3u>, long, long, long)",346,16959290973661,16959291000328,0,0,256,1,1,655360,1,1
"KERNEL_DISPATCH",4,2,326,"Cijk_Alik_Bljk_HB_MT64x64x16_SN_1LDSB0_APM1_ABV0_ACED0_AF0EM2_AF1EM1_AMAS3_ASE_ASGT_ASLT_ASM_ASAE01_ASCE01_ASEM2_AAC0_BL1_BS1_CLR0_DTLA0_DTLB0_DTVA0_DTVB0_DVO0_ETSP_EPS1_ELFLR0_EMLL0_FSSC10_FL0_GLVWA4_GLVWB4_GRCGA1_GRCGB1_GRPM1_GRVW4_GSU1_GSUASB_GLS0_ISA900_IU1_K1_KLA_LBSPPA0_LBSPPB0_LPA0_LPB0_LDL1_LRVW4_LWPMn1_LDW0_FMA_MIAV0_MDA2_MO40_MMFGLC_MKFGSU256_NTA0_NTB0_NTC0_NTD0_NEPBS0_NLCA1_NLCB1_ONLL1_OPLV0_PK0_PAP0_PGR1_PLR1_PKA0_SIA1_SLW1_SS0_SU32_SUM0_SUS256_SCIUI1_SPO0_SRVW0_SSO0_SVW4_SNLL0_TSGRA0_TSGRB0_TT4_4_TLDS0_UMLDSA0_UMLDSB0_USFGRO0_VAW2_VS1_VW4_VWB4_VFLRP0_WSGRA0_WSGRB0_WS64_WG16_16_1_WGM8",347,16959291000328,16959292072206,0,8192,256,1,1,23040,2,1
"KERNEL_DISPATCH",4,2,76,"void convert_unary<__half, float>(void const*, float*, long, long, long, HIP_vector_type<unsigned int, 3u>, long, long, long)",348,16959292072206,16959292115021,0,0,256,1,1,737280,1,1
"KERNEL_DISPATCH",4,2,51,"void dequantize_block_iq3_s<__half>(void const*, __half*)",349,16959292139022,16959292548661,0,0,32,1,1,3686400,1,1
"KERNEL_DISPATCH",4,2,64,"void convert_unary<float, __half>(void const*, __half*, long, long, long, HIP_vector_type<unsigned int, 3u>, long, long, long)",350,16959292548661,16959292568217,0,0,256,1,1,655360,1,1
"KERNEL_DISPATCH",4,2,326,"Cijk_Alik_Bljk_HB_MT64x64x16_SN_1LDSB0_APM1_ABV0_ACED0_AF0EM2_AF1EM1_AMAS3_ASE_ASGT_ASLT_ASM_ASAE01_ASCE01_ASEM2_AAC0_BL1_BS1_CLR0_DTLA0_DTLB0_DTVA0_DTVB0_DVO0_ETSP_EPS1_ELFLR0_EMLL0_FSSC10_FL0_GLVWA4_GLVWB4_GRCGA1_GRCGB1_GRPM1_GRVW4_GSU1_GSUASB_GLS0_ISA900_IU1_K1_KLA_LBSPPA0_LBSPPB0_LPA0_LPB0_LDL1_LRVW4_LWPMn1_LDW0_FMA_MIAV0_MDA2_MO40_MMFGLC_MKFGSU256_NTA0_NTB0_NTC0_NTD0_NEPBS0_NLCA1_NLCB1_ONLL1_OPLV0_PK0_PAP0_PGR1_PLR1_PKA0_SIA1_SLW1_SS0_SU32_SUM0_SUS256_SCIUI1_SPO0_SRVW0_SSO0_SVW4_SNLL0_TSGRA0_TSGRB0_TT4_4_TLDS0_UMLDSA0_UMLDSB0_USFGRO0_VAW2_VS1_VW4_VWB4_VFLRP0_WSGRA0_WSGRB0_WS64_WG16_16_1_WGM8",351,16959292568217,16959293763357,0,8192,256,1,1,23040,2,1
"KERNEL_DISPATCH",4,2,76,"void convert_unary<__half, float>(void const*, float*, long, long, long, HIP_vector_type<unsigned int, 3u>, long, long, long)",352,16959293763357,16959293806025,0,0,256,1,1,737280,1,1
"KERNEL_DISPATCH",4,2,51,"void dequantize_block_iq3_s<__half>(void const*, __half*)",353,16959293833877,16959294297295,0,0,32,1,1,3686400,1,1
"KERNEL_DISPATCH",4,2,64,"void convert_unary<float, __half>(void const*, __half*, long, long, long, HIP_vector_type<unsigned int, 3u>, long, long, long)",354,16959294297295,16959294317000,0,0,256,1,1,655360,1,1
"KERNEL_DISPATCH",4,2,326,"Cijk_Alik_Bljk_HB_MT64x64x16_SN_1LDSB0_APM1_ABV0_ACED0_AF0EM2_AF1EM1_AMAS3_ASE_ASGT_ASLT_ASM_ASAE01_ASCE01_ASEM2_AAC0_BL1_BS1_CLR0_DTLA0_DTLB0_DTVA0_DTVB0_DVO0_ETSP_EPS1_ELFLR0_EMLL0_FSSC10_FL0_GLVWA4_GLVWB4_GRCGA1_GRCGB1_GRPM1_GRVW4_GSU1_GSUASB_GLS0_ISA900_IU1_K1_KLA_LBSPPA0_LBSPPB0_LPA0_LPB0_LDL1_LRVW4_LWPMn1_LDW0_FMA_MIAV0_MDA2_MO40_MMFGLC_MKFGSU256_NTA0_NTB0_NTC0_NTD0_NEPBS0_NLCA1_NLCB1_ONLL1_OPLV0_PK0_PAP0_PGR1_PLR1_PKA0_SIA1_SLW1_SS0_SU32_SUM0_SUS256_SCIUI1_SPO0_SRVW0_SSO0_SVW4_SNLL0_TSGRA0_TSGRB0_TT4_4_TLDS0_UMLDSA0_UMLDSB0_USFGRO0_VAW2_VS1_VW4_VWB4_VFLRP0_WSGRA0_WSGRB0_WS64_WG16_16_1_WGM8",355,16959294317000,16959295463397,0,8192,256,1,1,23040,2,1
"KERNEL_DISPATCH",4,2,76,"void convert_unary<__half, float>(void const*, float*, long, long, long, HIP_vector_type<unsigned int, 3u>, long, long, long)",356,16959295463397,16959295506065,0,0,256,1,1,737280,1,1
"KERNEL_DISPATCH",4,2,51,"void dequantize_block_iq3_s<__half>(void const*, __half*)",357,16959295537621,16959296008003,0,0,32,1,1,3686400,1,1
"KERNEL_DISPATCH",4,2,64,"void convert_unary<float, __half>(void const*, __half*, long, long, long, HIP_vector_type<unsigned int, 3u>, long, long, long)",358,16959296008003,16959296034670,0,0,256,1,1,655360,1,1
"KERNEL_DISPATCH",4,2,76,"void convert_unary<__half, float>(void const*, float*, long, long, long, HIP_vector_type<unsigned int, 3u>, long, long, long)",360,16959297145956,16959297189809,0,0,256,1,1,737280,1,1
"KERNEL_DISPATCH",4,2,326,"Cijk_Alik_Bljk_HB_MT64x64x16_SN_1LDSB0_APM1_ABV0_ACED0_AF0EM2_AF1EM1_AMAS3_ASE_ASGT_ASLT_ASM_ASAE01_ASCE01_ASEM2_AAC0_BL1_BS1_CLR0_DTLA0_DTLB0_DTVA0_DTVB0_DVO0_ETSP_EPS1_ELFLR0_EMLL0_FSSC10_FL0_GLVWA4_GLVWB4_GRCGA1_GRCGB1_GRPM1_GRVW4_GSU1_GSUASB_GLS0_ISA900_IU1_K1_KLA_LBSPPA0_LBSPPB0_LPA0_LPB0_LDL1_LRVW4_LWPMn1_LDW0_FMA_MIAV0_MDA2_MO40_MMFGLC_MKFGSU256_NTA0_NTB0_NTC0_NTD0_NEPBS0_NLCA1_NLCB1_ONLL1_OPLV0_PK0_PAP0_PGR1_PLR1_PKA0_SIA1_SLW1_SS0_SU32_SUM0_SUS256_SCIUI1_SPO0_SRVW0_SSO0_SVW4_SNLL0_TSGRA0_TSGRB0_TT4_4_TLDS0_UMLDSA0_UMLDSB0_USFGRO0_VAW2_VS1_VW4_VWB4_VFLRP0_WSGRA0_WSGRB0_WS64_WG16_16_1_WGM8",359,16959296034670,16959297145956,0,8192,256,1,1,23040,2,1
"KERNEL_DISPATCH",4,2,51,"void dequantize_block_iq3_s<__half>(void const*, __half*)",361,16959297218254,16959297688487,0,0,32,1,1,3686400,1,1
"KERNEL_DISPATCH",4,2,64,"void convert_unary<float, __half>(void const*, __half*, long, long, long, HIP_vector_type<unsigned int, 3u>, long, long, long)",362,16959297688487,16959297714562,0,0,256,1,1,655360,1,1
"KERNEL_DISPATCH",4,2,76,"void convert_unary<__half, float>(void const*, float*, long, long, long, HIP_vector_type<unsigned int, 3u>, long, long, long)",364,16959299503493,16959299546902,0,0,256,1,1,737280,1,1
"KERNEL_DISPATCH",4,2,326,"Cijk_Alik_Bljk_HB_MT64x64x16_SN_1LDSB0_APM1_ABV0_ACED0_AF0EM2_AF1EM1_AMAS3_ASE_ASGT_ASLT_ASM_ASAE01_ASCE01_ASEM2_AAC0_BL1_BS1_CLR0_DTLA0_DTLB0_DTVA0_DTVB0_DVO0_ETSP_EPS1_ELFLR0_EMLL0_FSSC10_FL0_GLVWA4_GLVWB4_GRCGA1_GRCGB1_GRPM1_GRVW4_GSU1_GSUASB_GLS0_ISA900_IU1_K1_KLA_LBSPPA0_LBSPPB0_LPA0_LPB0_LDL1_LRVW4_LWPMn1_LDW0_FMA_MIAV0_MDA2_MO40_MMFGLC_MKFGSU256_NTA0_NTB0_NTC0_NTD0_NEPBS0_NLCA1_NLCB1_ONLL1_OPLV0_PK0_PAP0_PGR1_PLR1_PKA0_SIA1_SLW1_SS0_SU32_SUM0_SUS256_SCIUI1_SPO0_SRVW0_SSO0_SVW4_SNLL0_TSGRA0_TSGRB0_TT4_4_TLDS0_UMLDSA0_UMLDSB0_USFGRO0_VAW2_VS1_VW4_VWB4_VFLRP0_WSGRA0_WSGRB0_WS64_WG16_16_1_WGM8",363,16959297714562,16959299503493,0,8192,256,1,1,23040,2,1
"KERNEL_DISPATCH",4,2,51,"void dequantize_block_iq3_s<__half>(void const*, __half*)",365,16959299575643,16959300046025,0,0,32,1,1,3686400,1,1
"KERNEL_DISPATCH",4,2,64,"void convert_unary<float, __half>(void const*, __half*, long, long, long, HIP_vector_type<unsigned int, 3u>, long, long, long)",366,16959300046025,16959300072544,0,0,256,1,1,655360,1,1
"KERNEL_DISPATCH",4,2,326,"Cijk_Alik_Bljk_HB_MT64x64x16_SN_1LDSB0_APM1_ABV0_ACED0_AF0EM2_AF1EM1_AMAS3_ASE_ASGT_ASLT_ASM_ASAE01_ASCE01_ASEM2_AAC0_BL1_BS1_CLR0_DTLA0_DTLB0_DTVA0_DTVB0_DVO0_ETSP_EPS1_ELFLR0_EMLL0_FSSC10_FL0_GLVWA4_GLVWB4_GRCGA1_GRCGB1_GRPM1_GRVW4_GSU1_GSUASB_GLS0_ISA900_IU1_K1_KLA_LBSPPA0_LBSPPB0_LPA0_LPB0_LDL1_LRVW4_LWPMn1_LDW0_FMA_MIAV0_MDA2_MO40_MMFGLC_MKFGSU256_NTA0_NTB0_NTC0_NTD0_NEPBS0_NLCA1_NLCB1_ONLL1_OPLV0_PK0_PAP0_PGR1_PLR1_PKA0_SIA1_SLW1_SS0_SU32_SUM0_SUS256_SCIUI1_SPO0_SRVW0_SSO0_SVW4_SNLL0_TSGRA0_TSGRB0_TT4_4_TLDS0_UMLDSA0_UMLDSB0_USFGRO0_VAW2_VS1_VW4_VWB4_VFLRP0_WSGRA0_WSGRB0_WS64_WG16_16_1_WGM8",367,16959300072544,16959301237757,0,8192,256,1,1,23040,2,1
"KERNEL_DISPATCH",4,2,76,"void convert_unary<__half, float>(void const*, float*, long, long, long, HIP_vector_type<unsigned int, 3u>, long, long, long)",368,16959301237757,16959301280869,0,0,256,1,1,737280,1,1
"KERNEL_DISPATCH",4,2,51,"void dequantize_block_iq3_s<__half>(void const*, __half*)",369,16959301308721,16959301778955,0,0,32,1,1,3686400,1,1
"KERNEL_DISPATCH",4,2,64,"void convert_unary<float, __half>(void const*, __half*, long, long, long, HIP_vector_type<unsigned int, 3u>, long, long, long)",370,16959301778955,16959301805178,0,0,256,1,1,655360,1,1
"KERNEL_DISPATCH",4,2,326,"Cijk_Alik_Bljk_HB_MT64x64x16_SN_1LDSB0_APM1_ABV0_ACED0_AF0EM2_AF1EM1_AMAS3_ASE_ASGT_ASLT_ASM_ASAE01_ASCE01_ASEM2_AAC0_BL1_BS1_CLR0_DTLA0_DTLB0_DTVA0_DTVB0_DVO0_ETSP_EPS1_ELFLR0_EMLL0_FSSC10_FL0_GLVWA4_GLVWB4_GRCGA1_GRCGB1_GRPM1_GRVW4_GSU1_GSUASB_GLS0_ISA900_IU1_K1_KLA_LBSPPA0_LBSPPB0_LPA0_LPB0_LDL1_LRVW4_LWPMn1_LDW0_FMA_MIAV0_MDA2_MO40_MMFGLC_MKFGSU256_NTA0_NTB0_NTC0_NTD0_NEPBS0_NLCA1_NLCB1_ONLL1_OPLV0_PK0_PAP0_PGR1_PLR1_PKA0_SIA1_SLW1_SS0_SU32_SUM0_SUS256_SCIUI1_SPO0_SRVW0_SSO0_SVW4_SNLL0_TSGRA0_TSGRB0_TT4_4_TLDS0_UMLDSA0_UMLDSB0_USFGRO0_VAW2_VS1_VW4_VWB4_VFLRP0_WSGRA0_WSGRB0_WS64_WG16_16_1_WGM8",371,16959301805178,16959303005799,0,8192,256,1,1,23040,2,1
"KERNEL_DISPATCH",4,2,76,"void convert_unary<__half, float>(void const*, float*, long, long, long, HIP_vector_type<unsigned int, 3u>, long, long, long)",372,16959303005799,16959303049059,0,0,256,1,1,737280,1,1
"KERNEL_DISPATCH",4,2,51,"void dequantize_block_iq3_s<__half>(void const*, __half*)",373,16959303077504,16959303500922,0,0,32,1,1,3686400,1,1
"KERNEL_DISPATCH",4,2,64,"void convert_unary<float, __half>(void const*, __half*, long, long, long, HIP_vector_type<unsigned int, 3u>, long, long, long)",374,16959303500922,16959303520330,0,0,256,1,1,655360,1,1
"KERNEL_DISPATCH",4,2,326,"Cijk_Alik_Bljk_HB_MT64x64x16_SN_1LDSB0_APM1_ABV0_ACED0_AF0EM2_AF1EM1_AMAS3_ASE_ASGT_ASLT_ASM_ASAE01_ASCE01_ASEM2_AAC0_BL1_BS1_CLR0_DTLA0_DTLB0_DTVA0_DTVB0_DVO0_ETSP_EPS1_ELFLR0_EMLL0_FSSC10_FL0_GLVWA4_GLVWB4_GRCGA1_GRCGB1_GRPM1_GRVW4_GSU1_GSUASB_GLS0_ISA900_IU1_K1_KLA_LBSPPA0_LBSPPB0_LPA0_LPB0_LDL1_LRVW4_LWPMn1_LDW0_FMA_MIAV0_MDA2_MO40_MMFGLC_MKFGSU256_NTA0_NTB0_NTC0_NTD0_NEPBS0_NLCA1_NLCB1_ONLL1_OPLV0_PK0_PAP0_PGR1_PLR1_PKA0_SIA1_SLW1_SS0_SU32_SUM0_SUS256_SCIUI1_SPO0_SRVW0_SSO0_SVW4_SNLL0_TSGRA0_TSGRB0_TT4_4_TLDS0_UMLDSA0_UMLDSB0_USFGRO0_VAW2_VS1_VW4_VWB4_VFLRP0_WSGRA0_WSGRB0_WS64_WG16_16_1_WGM8",375,16959303520330,16959304717988,0,8192,256,1,1,23040,2,1
"KERNEL_DISPATCH",4,2,76,"void convert_unary<__half, float>(void const*, float*, long, long, long, HIP_vector_type<unsigned int, 3u>, long, long, long)",376,16959304717988,16959304760655,0,0,256,1,1,737280,1,1
"KERNEL_DISPATCH",4,2,51,"void dequantize_block_iq3_s<__half>(void const*, __half*)",377,16959304790286,16959305259186,0,0,32,1,1,3686400,1,1
"KERNEL_DISPATCH",4,2,64,"void convert_unary<float, __half>(void const*, __half*, long, long, long, HIP_vector_type<unsigned int, 3u>, long, long, long)",378,16959305259186,16959305279038,0,0,256,1,1,655360,1,1
"KERNEL_DISPATCH",4,2,76,"void convert_unary<__half, float>(void const*, float*, long, long, long, HIP_vector_type<unsigned int, 3u>, long, long, long)",380,16959306404546,16959306446473,0,0,256,1,1,737280,1,1
"KERNEL_DISPATCH",4,2,326,"Cijk_Alik_Bljk_HB_MT64x64x16_SN_1LDSB0_APM1_ABV0_ACED0_AF0EM2_AF1EM1_AMAS3_ASE_ASGT_ASLT_ASM_ASAE01_ASCE01_ASEM2_AAC0_BL1_BS1_CLR0_DTLA0_DTLB0_DTVA0_DTVB0_DVO0_ETSP_EPS1_ELFLR0_EMLL0_FSSC10_FL0_GLVWA4_GLVWB4_GRCGA1_GRCGB1_GRPM1_GRVW4_GSU1_GSUASB_GLS0_ISA900_IU1_K1_KLA_LBSPPA0_LBSPPB0_LPA0_LPB0_LDL1_LRVW4_LWPMn1_LDW0_FMA_MIAV0_MDA2_MO40_MMFGLC_MKFGSU256_NTA0_NTB0_NTC0_NTD0_NEPBS0_NLCA1_NLCB1_ONLL1_OPLV0_PK0_PAP0_PGR1_PLR1_PKA0_SIA1_SLW1_SS0_SU32_SUM0_SUS256_SCIUI1_SPO0_SRVW0_SSO0_SVW4_SNLL0_TSGRA0_TSGRB0_TT4_4_TLDS0_UMLDSA0_UMLDSB0_USFGRO0_VAW2_VS1_VW4_VWB4_VFLRP0_WSGRA0_WSGRB0_WS64_WG16_16_1_WGM8",379,16959305279038,16959306404546,0,8192,256,1,1,23040,2,1
"KERNEL_DISPATCH",4,2,51,"void dequantize_block_iq3_s<__half>(void const*, __half*)",381,16959306475363,16959306946041,0,0,32,1,1,3686400,1,1
"KERNEL_DISPATCH",4,2,64,"void convert_unary<float, __half>(void const*, __half*, long, long, long, HIP_vector_type<unsigned int, 3u>, long, long, long)",382,16959306946041,16959306972264,0,0,256,1,1,655360,1,1
"KERNEL_DISPATCH",4,2,326,"Cijk_Alik_Bljk_HB_MT64x64x16_SN_1LDSB0_APM1_ABV0_ACED0_AF0EM2_AF1EM1_AMAS3_ASE_ASGT_ASLT_ASM_ASAE01_ASCE01_ASEM2_AAC0_BL1_BS1_CLR0_DTLA0_DTLB0_DTVA0_DTVB0_DVO0_ETSP_EPS1_ELFLR0_EMLL0_FSSC10_FL0_GLVWA4_GLVWB4_GRCGA1_GRCGB1_GRPM1_GRVW4_GSU1_GSUASB_GLS0_ISA900_IU1_K1_KLA_LBSPPA0_LBSPPB0_LPA0_LPB0_LDL1_LRVW4_LWPMn1_LDW0_FMA_MIAV0_MDA2_MO40_MMFGLC_MKFGSU256_NTA0_NTB0_NTC0_NTD0_NEPBS0_NLCA1_NLCB1_ONLL1_OPLV0_PK0_PAP0_PGR1_PLR1_PKA0_SIA1_SLW1_SS0_SU32_SUM0_SUS256_SCIUI1_SPO0_SRVW0_SSO0_SVW4_SNLL0_TSGRA0_TSGRB0_TT4_4_TLDS0_UMLDSA0_UMLDSB0_USFGRO0_VAW2_VS1_VW4_VWB4_VFLRP0_WSGRA0_WSGRB0_WS64_WG16_16_1_WGM8",383,16959306972264,16959308078068,0,8192,256,1,1,23040,2,1
"KERNEL_DISPATCH",4,2,76,"void convert_unary<__half, float>(void const*, float*, long, long, long, HIP_vector_type<unsigned int, 3u>, long, long, long)",384,16959308078068,16959308120735,0,0,256,1,1,737280,1,1
"KERNEL_DISPATCH",4,2,51,"void dequantize_block_iq3_s<__half>(void const*, __half*)",385,16959308145477,16959308520597,0,0,32,1,1,3686400,1,1
"KERNEL_DISPATCH",4,2,64,"void convert_unary<float, __half>(void const*, __half*, long, long, long, HIP_vector_type<unsigned int, 3u>, long, long, long)",386,16959308520597,16959308538079,0,0,256,1,1,655360,1,1
"KERNEL_DISPATCH",4,2,326,"Cijk_Alik_Bljk_HB_MT64x64x16_SN_1LDSB0_APM1_ABV0_ACED0_AF0EM2_AF1EM1_AMAS3_ASE_ASGT_ASLT_ASM_ASAE01_ASCE01_ASEM2_AAC0_BL1_BS1_CLR0_DTLA0_DTLB0_DTVA0_DTVB0_DVO0_ETSP_EPS1_ELFLR0_EMLL0_FSSC10_FL0_GLVWA4_GLVWB4_GRCGA1_GRCGB1_GRPM1_GRVW4_GSU1_GSUASB_GLS0_ISA900_IU1_K1_KLA_LBSPPA0_LBSPPB0_LPA0_LPB0_LDL1_LRVW4_LWPMn1_LDW0_FMA_MIAV0_MDA2_MO40_MMFGLC_MKFGSU256_NTA0_NTB0_NTC0_NTD0_NEPBS0_NLCA1_NLCB1_ONLL1_OPLV0_PK0_PAP0_PGR1_PLR1_PKA0_SIA1_SLW1_SS0_SU32_SUM0_SUS256_SCIUI1_SPO0_SRVW0_SSO0_SVW4_SNLL0_TSGRA0_TSGRB0_TT4_4_TLDS0_UMLDSA0_UMLDSB0_USFGRO0_VAW2_VS1_VW4_VWB4_VFLRP0_WSGRA0_WSGRB0_WS64_WG16_16_1_WGM8",387,16959308538079,16959309714255,0,8192,256,1,1,23040,2,1
"KERNEL_DISPATCH",4,2,76,"void convert_unary<__half, float>(void const*, float*, long, long, long, HIP_vector_type<unsigned int, 3u>, long, long, long)",388,16959309714255,16959309757071,0,0,256,1,1,737280,1,1
"KERNEL_DISPATCH",4,2,51,"void dequantize_block_iq3_s<__half>(void const*, __half*)",389,16959309780923,16959310190562,0,0,32,1,1,3686400,1,1
"KERNEL_DISPATCH",4,2,64,"void convert_unary<float, __half>(void const*, __half*, long, long, long, HIP_vector_type<unsigned int, 3u>, long, long, long)",390,16959310190562,16959310209378,0,0,256,1,1,655360,1,1
"KERNEL_DISPATCH",4,2,326,"Cijk_Alik_Bljk_HB_MT64x64x16_SN_1LDSB0_APM1_ABV0_ACED0_AF0EM2_AF1EM1_AMAS3_ASE_ASGT_ASLT_ASM_ASAE01_ASCE01_ASEM2_AAC0_BL1_BS1_CLR0_DTLA0_DTLB0_DTVA0_DTVB0_DVO0_ETSP_EPS1_ELFLR0_EMLL0_FSSC10_FL0_GLVWA4_GLVWB4_GRCGA1_GRCGB1_GRPM1_GRVW4_GSU1_GSUASB_GLS0_ISA900_IU1_K1_KLA_LBSPPA0_LBSPPB0_LPA0_LPB0_LDL1_LRVW4_LWPMn1_LDW0_FMA_MIAV0_MDA2_MO40_MMFGLC_MKFGSU256_NTA0_NTB0_NTC0_NTD0_NEPBS0_NLCA1_NLCB1_ONLL1_OPLV0_PK0_PAP0_PGR1_PLR1_PKA0_SIA1_SLW1_SS0_SU32_SUM0_SUS256_SCIUI1_SPO0_SRVW0_SSO0_SVW4_SNLL0_TSGRA0_TSGRB0_TT4_4_TLDS0_UMLDSA0_UMLDSB0_USFGRO0_VAW2_VS1_VW4_VWB4_VFLRP0_WSGRA0_WSGRB0_WS64_WG16_16_1_WGM8",391,16959310209378,16959311361553,0,8192,256,1,1,23040,2,1
"KERNEL_DISPATCH",4,2,76,"void convert_unary<__half, float>(void const*, float*, long, long, long, HIP_vector_type<unsigned int, 3u>, long, long, long)",392,16959311361553,16959311403628,0,0,256,1,1,737280,1,1
"KERNEL_DISPATCH",4,2,51,"void dequantize_block_iq3_s<__half>(void const*, __half*)",393,16959311428518,16959311838601,0,0,32,1,1,3686400,1,1
"KERNEL_DISPATCH",4,2,64,"void convert_unary<float, __half>(void const*, __half*, long, long, long, HIP_vector_type<unsigned int, 3u>, long, long, long)",394,16959311838601,16959311858454,0,0,256,1,1,655360,1,1
"KERNEL_DISPATCH",4,2,326,"Cijk_Alik_Bljk_HB_MT64x64x16_SN_1LDSB0_APM1_ABV0_ACED0_AF0EM2_AF1EM1_AMAS3_ASE_ASGT_ASLT_ASM_ASAE01_ASCE01_ASEM2_AAC0_BL1_BS1_CLR0_DTLA0_DTLB0_DTVA0_DTVB0_DVO0_ETSP_EPS1_ELFLR0_EMLL0_FSSC10_FL0_GLVWA4_GLVWB4_GRCGA1_GRCGB1_GRPM1_GRVW4_GSU1_GSUASB_GLS0_ISA900_IU1_K1_KLA_LBSPPA0_LBSPPB0_LPA0_LPB0_LDL1_LRVW4_LWPMn1_LDW0_FMA_MIAV0_MDA2_MO40_MMFGLC_MKFGSU256_NTA0_NTB0_NTC0_NTD0_NEPBS0_NLCA1_NLCB1_ONLL1_OPLV0_PK0_PAP0_PGR1_PLR1_PKA0_SIA1_SLW1_SS0_SU32_SUM0_SUS256_SCIUI1_SPO0_SRVW0_SSO0_SVW4_SNLL0_TSGRA0_TSGRB0_TT4_4_TLDS0_UMLDSA0_UMLDSB0_USFGRO0_VAW2_VS1_VW4_VWB4_VFLRP0_WSGRA0_WSGRB0_WS64_WG16_16_1_WGM8",395,16959311858454,16959312944257,0,8192,256,1,1,23040,2,1
"KERNEL_DISPATCH",4,2,76,"void convert_unary<__half, float>(void const*, float*, long, long, long, HIP_vector_type<unsigned int, 3u>, long, long, long)",396,16959312944257,16959312986481,0,0,256,1,1,737280,1,1
"KERNEL_DISPATCH",4,2,51,"void dequantize_block_iq3_s<__half>(void const*, __half*)",397,16959313010651,16959313398364,0,0,32,1,1,3686400,1,1
"KERNEL_DISPATCH",4,2,64,"void convert_unary<float, __half>(void const*, __half*, long, long, long, HIP_vector_type<unsigned int, 3u>, long, long, long)",398,16959313398364,16959313416290,0,0,256,1,1,655360,1,1
"KERNEL_DISPATCH",4,2,326,"Cijk_Alik_Bljk_HB_MT64x64x16_SN_1LDSB0_APM1_ABV0_ACED0_AF0EM2_AF1EM1_AMAS3_ASE_ASGT_ASLT_ASM_ASAE01_ASCE01_ASEM2_AAC0_BL1_BS1_CLR0_DTLA0_DTLB0_DTVA0_DTVB0_DVO0_ETSP_EPS1_ELFLR0_EMLL0_FSSC10_FL0_GLVWA4_GLVWB4_GRCGA1_GRCGB1_GRPM1_GRVW4_GSU1_GSUASB_GLS0_ISA900_IU1_K1_KLA_LBSPPA0_LBSPPB0_LPA0_LPB0_LDL1_LRVW4_LWPMn1_LDW0_FMA_MIAV0_MDA2_MO40_MMFGLC_MKFGSU256_NTA0_NTB0_NTC0_NTD0_NEPBS0_NLCA1_NLCB1_ONLL1_OPLV0_PK0_PAP0_PGR1_PLR1_PKA0_SIA1_SLW1_SS0_SU32_SUM0_SUS256_SCIUI1_SPO0_SRVW0_SSO0_SVW4_SNLL0_TSGRA0_TSGRB0_TT4_4_TLDS0_UMLDSA0_UMLDSB0_USFGRO0_VAW2_VS1_VW4_VWB4_VFLRP0_WSGRA0_WSGRB0_WS64_WG16_16_1_WGM8",399,16959313416290,16959314561502,0,8192,256,1,1,23040,2,1
"KERNEL_DISPATCH",4,2,76,"void convert_unary<__half, float>(void const*, float*, long, long, long, HIP_vector_type<unsigned int, 3u>, long, long, long)",400,16959314561502,16959314603725,0,0,256,1,1,737280,1,1
"KERNEL_DISPATCH",4,2,51,"void dequantize_block_iq3_s<__half>(void const*, __half*)",401,16959314628467,16959315037810,0,0,32,1,1,3686400,1,1
"KERNEL_DISPATCH",4,2,64,"void convert_unary<float, __half>(void const*, __half*, long, long, long, HIP_vector_type<unsigned int, 3u>, long, long, long)",402,16959315037810,16959315057514,0,0,256,1,1,655360,1,1
"KERNEL_DISPATCH",4,2,326,"Cijk_Alik_Bljk_HB_MT64x64x16_SN_1LDSB0_APM1_ABV0_ACED0_AF0EM2_AF1EM1_AMAS3_ASE_ASGT_ASLT_ASM_ASAE01_ASCE01_ASEM2_AAC0_BL1_BS1_CLR0_DTLA0_DTLB0_DTVA0_DTVB0_DVO0_ETSP_EPS1_ELFLR0_EMLL0_FSSC10_FL0_GLVWA4_GLVWB4_GRCGA1_GRCGB1_GRPM1_GRVW4_GSU1_GSUASB_GLS0_ISA900_IU1_K1_KLA_LBSPPA0_LBSPPB0_LPA0_LPB0_LDL1_LRVW4_LWPMn1_LDW0_FMA_MIAV0_MDA2_MO40_MMFGLC_MKFGSU256_NTA0_NTB0_NTC0_NTD0_NEPBS0_NLCA1_NLCB1_ONLL1_OPLV0_PK0_PAP0_PGR1_PLR1_PKA0_SIA1_SLW1_SS0_SU32_SUM0_SUS256_SCIUI1_SPO0_SRVW0_SSO0_SVW4_SNLL0_TSGRA0_TSGRB0_TT4_4_TLDS0_UMLDSA0_UMLDSB0_USFGRO0_VAW2_VS1_VW4_VWB4_VFLRP0_WSGRA0_WSGRB0_WS64_WG16_16_1_WGM8",403,16959315057514,16959316120206,0,8192,256,1,1,23040,2,1
"KERNEL_DISPATCH",4,2,76,"void convert_unary<__half, float>(void const*, float*, long, long, long, HIP_vector_type<unsigned int, 3u>, long, long, long)",404,16959316120206,16959316163762,0,0,256,1,1,737280,1,1
"KERNEL_DISPATCH",4,2,51,"void dequantize_block_iq3_s<__half>(void const*, __half*)",405,16959316192208,16959316662885,0,0,32,1,1,3686400,1,1
"KERNEL_DISPATCH",4,2,64,"void convert_unary<float, __half>(void const*, __half*, long, long, long, HIP_vector_type<unsigned int, 3u>, long, long, long)",406,16959316662885,16959316688367,0,0,256,1,1,655360,1,1
"KERNEL_DISPATCH",4,2,76,"void convert_unary<__half, float>(void const*, float*, long, long, long, HIP_vector_type<unsigned int, 3u>, long, long, long)",408,16959318553745,16959318596561,0,0,256,1,1,737280,1,1
"KERNEL_DISPATCH",4,2,326,"Cijk_Alik_Bljk_HB_MT64x64x16_SN_1LDSB0_APM1_ABV0_ACED0_AF0EM2_AF1EM1_AMAS3_ASE_ASGT_ASLT_ASM_ASAE01_ASCE01_ASEM2_AAC0_BL1_BS1_CLR0_DTLA0_DTLB0_DTVA0_DTVB0_DVO0_ETSP_EPS1_ELFLR0_EMLL0_FSSC10_FL0_GLVWA4_GLVWB4_GRCGA1_GRCGB1_GRPM1_GRVW4_GSU1_GSUASB_GLS0_ISA900_IU1_K1_KLA_LBSPPA0_LBSPPB0_LPA0_LPB0_LDL1_LRVW4_LWPMn1_LDW0_FMA_MIAV0_MDA2_MO40_MMFGLC_MKFGSU256_NTA0_NTB0_NTC0_NTD0_NEPBS0_NLCA1_NLCB1_ONLL1_OPLV0_PK0_PAP0_PGR1_PLR1_PKA0_SIA1_SLW1_SS0_SU32_SUM0_SUS256_SCIUI1_SPO0_SRVW0_SSO0_SVW4_SNLL0_TSGRA0_TSGRB0_TT4_4_TLDS0_UMLDSA0_UMLDSB0_USFGRO0_VAW2_VS1_VW4_VWB4_VFLRP0_WSGRA0_WSGRB0_WS64_WG16_16_1_WGM8",407,16959316688367,16959318553745,0,8192,256,1,1,23040,2,1
"KERNEL_DISPATCH",4,2,51,"void dequantize_block_iq3_s<__half>(void const*, __half*)",409,16959318626932,16959319097017,0,0,32,1,1,3686400,1,1
"KERNEL_DISPATCH",4,2,64,"void convert_unary<float, __half>(void const*, __half*, long, long, long, HIP_vector_type<unsigned int, 3u>, long, long, long)",410,16959319097017,16959319124129,0,0,256,1,1,655360,1,1
"KERNEL_DISPATCH",4,2,326,"Cijk_Alik_Bljk_HB_MT64x64x16_SN_1LDSB0_APM1_ABV0_ACED0_AF0EM2_AF1EM1_AMAS3_ASE_ASGT_ASLT_ASM_ASAE01_ASCE01_ASEM2_AAC0_BL1_BS1_CLR0_DTLA0_DTLB0_DTVA0_DTVB0_DVO0_ETSP_EPS1_ELFLR0_EMLL0_FSSC10_FL0_GLVWA4_GLVWB4_GRCGA1_GRCGB1_GRPM1_GRVW4_GSU1_GSUASB_GLS0_ISA900_IU1_K1_KLA_LBSPPA0_LBSPPB0_LPA0_LPB0_LDL1_LRVW4_LWPMn1_LDW0_FMA_MIAV0_MDA2_MO40_MMFGLC_MKFGSU256_NTA0_NTB0_NTC0_NTD0_NEPBS0_NLCA1_NLCB1_ONLL1_OPLV0_PK0_PAP0_PGR1_PLR1_PKA0_SIA1_SLW1_SS0_SU32_SUM0_SUS256_SCIUI1_SPO0_SRVW0_SSO0_SVW4_SNLL0_TSGRA0_TSGRB0_TT4_4_TLDS0_UMLDSA0_UMLDSB0_USFGRO0_VAW2_VS1_VW4_VWB4_VFLRP0_WSGRA0_WSGRB0_WS64_WG16_16_1_WGM8",411,16959319124129,16959320279564,0,8192,256,1,1,23040,2,1
"KERNEL_DISPATCH",4,2,76,"void convert_unary<__half, float>(void const*, float*, long, long, long, HIP_vector_type<unsigned int, 3u>, long, long, long)",412,16959320279564,16959320322824,0,0,256,1,1,737280,1,1
"KERNEL_DISPATCH",4,2,51,"void dequantize_block_iq3_s<__half>(void const*, __half*)",413,16959320350973,16959320821355,0,0,32,1,1,3686400,1,1
"KERNEL_DISPATCH",4,2,64,"void convert_unary<float, __half>(void const*, __half*, long, long, long, HIP_vector_type<unsigned int, 3u>, long, long, long)",414,16959320821355,16959320847874,0,0,256,1,1,655360,1,1
"KERNEL_DISPATCH",4,2,326,"Cijk_Alik_Bljk_HB_MT64x64x16_SN_1LDSB0_APM1_ABV0_ACED0_AF0EM2_AF1EM1_AMAS3_ASE_ASGT_ASLT_ASM_ASAE01_ASCE01_ASEM2_AAC0_BL1_BS1_CLR0_DTLA0_DTLB0_DTVA0_DTVB0_DVO0_ETSP_EPS1_ELFLR0_EMLL0_FSSC10_FL0_GLVWA4_GLVWB4_GRCGA1_GRCGB1_GRPM1_GRVW4_GSU1_GSUASB_GLS0_ISA900_IU1_K1_KLA_LBSPPA0_LBSPPB0_LPA0_LPB0_LDL1_LRVW4_LWPMn1_LDW0_FMA_MIAV0_MDA2_MO40_MMFGLC_MKFGSU256_NTA0_NTB0_NTC0_NTD0_NEPBS0_NLCA1_NLCB1_ONLL1_OPLV0_PK0_PAP0_PGR1_PLR1_PKA0_SIA1_SLW1_SS0_SU32_SUM0_SUS256_SCIUI1_SPO0_SRVW0_SSO0_SVW4_SNLL0_TSGRA0_TSGRB0_TT4_4_TLDS0_UMLDSA0_UMLDSB0_USFGRO0_VAW2_VS1_VW4_VWB4_VFLRP0_WSGRA0_WSGRB0_WS64_WG16_16_1_WGM8",415,16959320847874,16959321930566,0,8192,256,1,1,23040,2,1
"KERNEL_DISPATCH",4,2,76,"void convert_unary<__half, float>(void const*, float*, long, long, long, HIP_vector_type<unsigned int, 3u>, long, long, long)",416,16959321930566,16959321972789,0,0,256,1,1,737280,1,1
"KERNEL_DISPATCH",4,2,51,"void dequantize_block_iq3_s<__half>(void const*, __half*)",417,16959321996938,16959322386577,0,0,32,1,1,3686400,1,1
"KERNEL_DISPATCH",4,2,64,"void convert_unary<float, __half>(void const*, __half*, long, long, long, HIP_vector_type<unsigned int, 3u>, long, long, long)",418,16959322386577,16959322404800,0,0,256,1,1,655360,1,1
"KERNEL_DISPATCH",4,2,76,"void convert_unary<__half, float>(void const*, float*, long, long, long, HIP_vector_type<unsigned int, 3u>, long, long, long)",420,16959323571050,16959323613273,0,0,256,1,1,737280,1,1
"KERNEL_DISPATCH",4,2,326,"Cijk_Alik_Bljk_HB_MT64x64x16_SN_1LDSB0_APM1_ABV0_ACED0_AF0EM2_AF1EM1_AMAS3_ASE_ASGT_ASLT_ASM_ASAE01_ASCE01_ASEM2_AAC0_BL1_BS1_CLR0_DTLA0_DTLB0_DTVA0_DTVB0_DVO0_ETSP_EPS1_ELFLR0_EMLL0_FSSC10_FL0_GLVWA4_GLVWB4_GRCGA1_GRCGB1_GRPM1_GRVW4_GSU1_GSUASB_GLS0_ISA900_IU1_K1_KLA_LBSPPA0_LBSPPB0_LPA0_LPB0_LDL1_LRVW4_LWPMn1_LDW0_FMA_MIAV0_MDA2_MO40_MMFGLC_MKFGSU256_NTA0_NTB0_NTC0_NTD0_NEPBS0_NLCA1_NLCB1_ONLL1_OPLV0_PK0_PAP0_PGR1_PLR1_PKA0_SIA1_SLW1_SS0_SU32_SUM0_SUS256_SCIUI1_SPO0_SRVW0_SSO0_SVW4_SNLL0_TSGRA0_TSGRB0_TT4_4_TLDS0_UMLDSA0_UMLDSB0_USFGRO0_VAW2_VS1_VW4_VWB4_VFLRP0_WSGRA0_WSGRB0_WS64_WG16_16_1_WGM8",419,16959322404800,16959323571050,0,8192,256,1,1,23040,2,1
"KERNEL_DISPATCH",4,2,51,"void dequantize_block_iq3_s<__half>(void const*, __half*)",421,16959323637274,16959324046913,0,0,32,1,1,3686400,1,1
"KERNEL_DISPATCH",4,2,64,"void convert_unary<float, __half>(void const*, __half*, long, long, long, HIP_vector_type<unsigned int, 3u>, long, long, long)",422,16959324046913,16959324066617,0,0,256,1,1,655360,1,1
"KERNEL_DISPATCH",4,2,326,"Cijk_Alik_Bljk_HB_MT64x64x16_SN_1LDSB0_APM1_ABV0_ACED0_AF0EM2_AF1EM1_AMAS3_ASE_ASGT_ASLT_ASM_ASAE01_ASCE01_ASEM2_AAC0_BL1_BS1_CLR0_DTLA0_DTLB0_DTVA0_DTVB0_DVO0_ETSP_EPS1_ELFLR0_EMLL0_FSSC10_FL0_GLVWA4_GLVWB4_GRCGA1_GRCGB1_GRPM1_GRVW4_GSU1_GSUASB_GLS0_ISA900_IU1_K1_KLA_LBSPPA0_LBSPPB0_LPA0_LPB0_LDL1_LRVW4_LWPMn1_LDW0_FMA_MIAV0_MDA2_MO40_MMFGLC_MKFGSU256_NTA0_NTB0_NTC0_NTD0_NEPBS0_NLCA1_NLCB1_ONLL1_OPLV0_PK0_PAP0_PGR1_PLR1_PKA0_SIA1_SLW1_SS0_SU32_SUM0_SUS256_SCIUI1_SPO0_SRVW0_SSO0_SVW4_SNLL0_TSGRA0_TSGRB0_TT4_4_TLDS0_UMLDSA0_UMLDSB0_USFGRO0_VAW2_VS1_VW4_VWB4_VFLRP0_WSGRA0_WSGRB0_WS64_WG16_16_1_WGM8",423,16959324066617,16959325099827,0,8192,256,1,1,23040,2,1
"KERNEL_DISPATCH",4,2,76,"void convert_unary<__half, float>(void const*, float*, long, long, long, HIP_vector_type<unsigned int, 3u>, long, long, long)",424,16959325099827,16959325122790,0,0,256,1,1,737280,1,1
"KERNEL_DISPATCH",4,2,51,"void dequantize_block_iq3_s<__half>(void const*, __half*)",425,16959325149458,16959325624876,0,0,32,1,1,3686400,1,1
"KERNEL_DISPATCH",4,2,64,"void convert_unary<float, __half>(void const*, __half*, long, long, long, HIP_vector_type<unsigned int, 3u>, long, long, long)",426,16959325624876,16959325651840,0,0,256,1,1,655360,1,1
"KERNEL_DISPATCH",4,2,326,"Cijk_Alik_Bljk_HB_MT64x64x16_SN_1LDSB0_APM1_ABV0_ACED0_AF0EM2_AF1EM1_AMAS3_ASE_ASGT_ASLT_ASM_ASAE01_ASCE01_ASEM2_AAC0_BL1_BS1_CLR0_DTLA0_DTLB0_DTVA0_DTVB0_DVO0_ETSP_EPS1_ELFLR0_EMLL0_FSSC10_FL0_GLVWA4_GLVWB4_GRCGA1_GRCGB1_GRPM1_GRVW4_GSU1_GSUASB_GLS0_ISA900_IU1_K1_KLA_LBSPPA0_LBSPPB0_LPA0_LPB0_LDL1_LRVW4_LWPMn1_LDW0_FMA_MIAV0_MDA2_MO40_MMFGLC_MKFGSU256_NTA0_NTB0_NTC0_NTD0_NEPBS0_NLCA1_NLCB1_ONLL1_OPLV0_PK0_PAP0_PGR1_PLR1_PKA0_SIA1_SLW1_SS0_SU32_SUM0_SUS256_SCIUI1_SPO0_SRVW0_SSO0_SVW4_SNLL0_TSGRA0_TSGRB0_TT4_4_TLDS0_UMLDSA0_UMLDSB0_USFGRO0_VAW2_VS1_VW4_VWB4_VFLRP0_WSGRA0_WSGRB0_WS64_WG16_16_1_WGM8",427,16959325651840,16959327327287,0,8192,256,1,1,23040,2,1
"KERNEL_DISPATCH",4,2,76,"void convert_unary<__half, float>(void const*, float*, long, long, long, HIP_vector_type<unsigned int, 3u>, long, long, long)",428,16959327327287,16959327370548,0,0,256,1,1,737280,1,1
"KERNEL_DISPATCH",4,2,51,"void dequantize_block_iq3_s<__half>(void const*, __half*)",429,16959327399585,16959327870115,0,0,32,1,1,3686400,1,1
"KERNEL_DISPATCH",4,2,64,"void convert_unary<float, __half>(void const*, __half*, long, long, long, HIP_vector_type<unsigned int, 3u>, long, long, long)",430,16959327870115,16959327896930,0,0,256,1,1,655360,1,1
"KERNEL_DISPATCH",4,2,76,"void convert_unary<__half, float>(void const*, float*, long, long, long, HIP_vector_type<unsigned int, 3u>, long, long, long)",432,16959329021698,16959329065403,0,0,256,1,1,737280,1,1
"KERNEL_DISPATCH",4,2,326,"Cijk_Alik_Bljk_HB_MT64x64x16_SN_1LDSB0_APM1_ABV0_ACED0_AF0EM2_AF1EM1_AMAS3_ASE_ASGT_ASLT_ASM_ASAE01_ASCE01_ASEM2_AAC0_BL1_BS1_CLR0_DTLA0_DTLB0_DTVA0_DTVB0_DVO0_ETSP_EPS1_ELFLR0_EMLL0_FSSC10_FL0_GLVWA4_GLVWB4_GRCGA1_GRCGB1_GRPM1_GRVW4_GSU1_GSUASB_GLS0_ISA900_IU1_K1_KLA_LBSPPA0_LBSPPB0_LPA0_LPB0_LDL1_LRVW4_LWPMn1_LDW0_FMA_MIAV0_MDA2_MO40_MMFGLC_MKFGSU256_NTA0_NTB0_NTC0_NTD0_NEPBS0_NLCA1_NLCB1_ONLL1_OPLV0_PK0_PAP0_PGR1_PLR1_PKA0_SIA1_SLW1_SS0_SU32_SUM0_SUS256_SCIUI1_SPO0_SRVW0_SSO0_SVW4_SNLL0_TSGRA0_TSGRB0_TT4_4_TLDS0_UMLDSA0_UMLDSB0_USFGRO0_VAW2_VS1_VW4_VWB4_VFLRP0_WSGRA0_WSGRB0_WS64_WG16_16_1_WGM8",431,16959327896930,16959329021698,0,8192,256,1,1,23040,2,1
"KERNEL_DISPATCH",4,2,51,"void dequantize_block_iq3_s<__half>(void const*, __half*)",433,16959329090440,16959329469857,0,0,32,1,1,3686400,1,1
"KERNEL_DISPATCH",4,2,64,"void convert_unary<float, __half>(void const*, __half*, long, long, long, HIP_vector_type<unsigned int, 3u>, long, long, long)",434,16959329469857,16959329487339,0,0,256,1,1,655360,1,1
"KERNEL_DISPATCH",4,2,76,"void convert_unary<__half, float>(void const*, float*, long, long, long, HIP_vector_type<unsigned int, 3u>, long, long, long)",436,16959330647663,16959330690330,0,0,256,1,1,737280,1,1
"KERNEL_DISPATCH",4,2,326,"Cijk_Alik_Bljk_HB_MT64x64x16_SN_1LDSB0_APM1_ABV0_ACED0_AF0EM2_AF1EM1_AMAS3_ASE_ASGT_ASLT_ASM_ASAE01_ASCE01_ASEM2_AAC0_BL1_BS1_CLR0_DTLA0_DTLB0_DTVA0_DTVB0_DVO0_ETSP_EPS1_ELFLR0_EMLL0_FSSC10_FL0_GLVWA4_GLVWB4_GRCGA1_GRCGB1_GRPM1_GRVW4_GSU1_GSUASB_GLS0_ISA900_IU1_K1_KLA_LBSPPA0_LBSPPB0_LPA0_LPB0_LDL1_LRVW4_LWPMn1_LDW0_FMA_MIAV0_MDA2_MO40_MMFGLC_MKFGSU256_NTA0_NTB0_NTC0_NTD0_NEPBS0_NLCA1_NLCB1_ONLL1_OPLV0_PK0_PAP0_PGR1_PLR1_PKA0_SIA1_SLW1_SS0_SU32_SUM0_SUS256_SCIUI1_SPO0_SRVW0_SSO0_SVW4_SNLL0_TSGRA0_TSGRB0_TT4_4_TLDS0_UMLDSA0_UMLDSB0_USFGRO0_VAW2_VS1_VW4_VWB4_VFLRP0_WSGRA0_WSGRB0_WS64_WG16_16_1_WGM8",435,16959329487339,16959330647663,0,8192,256,1,1,23040,2,1
"KERNEL_DISPATCH",4,2,51,"void dequantize_block_iq3_s<__half>(void const*, __half*)",437,16959330715664,16959331125007,0,0,32,1,1,3686400,1,1
"KERNEL_DISPATCH",4,2,64,"void convert_unary<float, __half>(void const*, __half*, long, long, long, HIP_vector_type<unsigned int, 3u>, long, long, long)",438,16959331125007,16959331144563,0,0,256,1,1,655360,1,1
"KERNEL_DISPATCH",4,2,76,"void convert_unary<__half, float>(void const*, float*, long, long, long, HIP_vector_type<unsigned int, 3u>, long, long, long)",440,16959332246515,16959332289628,0,0,256,1,1,737280,1,1
"KERNEL_DISPATCH",4,2,326,"Cijk_Alik_Bljk_HB_MT64x64x16_SN_1LDSB0_APM1_ABV0_ACED0_AF0EM2_AF1EM1_AMAS3_ASE_ASGT_ASLT_ASM_ASAE01_ASCE01_ASEM2_AAC0_BL1_BS1_CLR0_DTLA0_DTLB0_DTVA0_DTVB0_DVO0_ETSP_EPS1_ELFLR0_EMLL0_FSSC10_FL0_GLVWA4_GLVWB4_GRCGA1_GRCGB1_GRPM1_GRVW4_GSU1_GSUASB_GLS0_ISA900_IU1_K1_KLA_LBSPPA0_LBSPPB0_LPA0_LPB0_LDL1_LRVW4_LWPMn1_LDW0_FMA_MIAV0_MDA2_MO40_MMFGLC_MKFGSU256_NTA0_NTB0_NTC0_NTD0_NEPBS0_NLCA1_NLCB1_ONLL1_OPLV0_PK0_PAP0_PGR1_PLR1_PKA0_SIA1_SLW1_SS0_SU32_SUM0_SUS256_SCIUI1_SPO0_SRVW0_SSO0_SVW4_SNLL0_TSGRA0_TSGRB0_TT4_4_TLDS0_UMLDSA0_UMLDSB0_USFGRO0_VAW2_VS1_VW4_VWB4_VFLRP0_WSGRA0_WSGRB0_WS64_WG16_16_1_WGM8",439,16959331144563,16959332246515,0,8192,256,1,1,23040,2,1
"KERNEL_DISPATCH",4,2,51,"void dequantize_block_iq3_s<__half>(void const*, __half*)",441,16959332318369,16959332789047,0,0,32,1,1,3686400,1,1
"KERNEL_DISPATCH",4,2,64,"void convert_unary<float, __half>(void const*, __half*, long, long, long, HIP_vector_type<unsigned int, 3u>, long, long, long)",442,16959332789047,16959332815862,0,0,256,1,1,655360,1,1
"KERNEL_DISPATCH",4,2,76,"void convert_unary<__half, float>(void const*, float*, long, long, long, HIP_vector_type<unsigned int, 3u>, long, long, long)",444,16959334017965,16959334061373,0,0,256,1,1,737280,1,1
"KERNEL_DISPATCH",4,2,326,"Cijk_Alik_Bljk_HB_MT64x64x16_SN_1LDSB0_APM1_ABV0_ACED0_AF0EM2_AF1EM1_AMAS3_ASE_ASGT_ASLT_ASM_ASAE01_ASCE01_ASEM2_AAC0_BL1_BS1_CLR0_DTLA0_DTLB0_DTVA0_DTVB0_DVO0_ETSP_EPS1_ELFLR0_EMLL0_FSSC10_FL0_GLVWA4_GLVWB4_GRCGA1_GRCGB1_GRPM1_GRVW4_GSU1_GSUASB_GLS0_ISA900_IU1_K1_KLA_LBSPPA0_LBSPPB0_LPA0_LPB0_LDL1_LRVW4_LWPMn1_LDW0_FMA_MIAV0_MDA2_MO40_MMFGLC_MKFGSU256_NTA0_NTB0_NTC0_NTD0_NEPBS0_NLCA1_NLCB1_ONLL1_OPLV0_PK0_PAP0_PGR1_PLR1_PKA0_SIA1_SLW1_SS0_SU32_SUM0_SUS256_SCIUI1_SPO0_SRVW0_SSO0_SVW4_SNLL0_TSGRA0_TSGRB0_TT4_4_TLDS0_UMLDSA0_UMLDSB0_USFGRO0_VAW2_VS1_VW4_VWB4_VFLRP0_WSGRA0_WSGRB0_WS64_WG16_16_1_WGM8",443,16959332815862,16959334017965,0,8192,256,1,1,23040,2,1
"KERNEL_DISPATCH",4,2,51,"void dequantize_block_iq3_s<__half>(void const*, __half*)",445,16959334089967,16959334511754,0,0,32,1,1,3686400,1,1
"KERNEL_DISPATCH",4,2,64,"void convert_unary<float, __half>(void const*, __half*, long, long, long, HIP_vector_type<unsigned int, 3u>, long, long, long)",446,16959334511754,16959334531311,0,0,256,1,1,655360,1,1
"KERNEL_DISPATCH",4,2,76,"void convert_unary<__half, float>(void const*, float*, long, long, long, HIP_vector_type<unsigned int, 3u>, long, long, long)",448,16959335716524,16959335759192,0,0,256,1,1,737280,1,1
"KERNEL_DISPATCH",4,2,326,"Cijk_Alik_Bljk_HB_MT64x64x16_SN_1LDSB0_APM1_ABV0_ACED0_AF0EM2_AF1EM1_AMAS3_ASE_ASGT_ASLT_ASM_ASAE01_ASCE01_ASEM2_AAC0_BL1_BS1_CLR0_DTLA0_DTLB0_DTVA0_DTVB0_DVO0_ETSP_EPS1_ELFLR0_EMLL0_FSSC10_FL0_GLVWA4_GLVWB4_GRCGA1_GRCGB1_GRPM1_GRVW4_GSU1_GSUASB_GLS0_ISA900_IU1_K1_KLA_LBSPPA0_LBSPPB0_LPA0_LPB0_LDL1_LRVW4_LWPMn1_LDW0_FMA_MIAV0_MDA2_MO40_MMFGLC_MKFGSU256_NTA0_NTB0_NTC0_NTD0_NEPBS0_NLCA1_NLCB1_ONLL1_OPLV0_PK0_PAP0_PGR1_PLR1_PKA0_SIA1_SLW1_SS0_SU32_SUM0_SUS256_SCIUI1_SPO0_SRVW0_SSO0_SVW4_SNLL0_TSGRA0_TSGRB0_TT4_4_TLDS0_UMLDSA0_UMLDSB0_USFGRO0_VAW2_VS1_VW4_VWB4_VFLRP0_WSGRA0_WSGRB0_WS64_WG16_16_1_WGM8",447,16959334531311,16959335716524,0,8192,256,1,1,23040,2,1
"KERNEL_DISPATCH",4,2,51,"void dequantize_block_iq3_s<__half>(void const*, __half*)",449,16959335787785,16959336258315,0,0,32,1,1,3686400,1,1
"KERNEL_DISPATCH",4,2,64,"void convert_unary<float, __half>(void const*, __half*, long, long, long, HIP_vector_type<unsigned int, 3u>, long, long, long)",450,16959336258315,16959336277871,0,0,256,1,1,655360,1,1
"KERNEL_DISPATCH",4,2,76,"void convert_unary<__half, float>(void const*, float*, long, long, long, HIP_vector_type<unsigned int, 3u>, long, long, long)",452,16959337429305,16959337473158,0,0,256,1,1,737280,1,1
"KERNEL_DISPATCH",4,2,326,"Cijk_Alik_Bljk_HB_MT64x64x16_SN_1LDSB0_APM1_ABV0_ACED0_AF0EM2_AF1EM1_AMAS3_ASE_ASGT_ASLT_ASM_ASAE01_ASCE01_ASEM2_AAC0_BL1_BS1_CLR0_DTLA0_DTLB0_DTVA0_DTVB0_DVO0_ETSP_EPS1_ELFLR0_EMLL0_FSSC10_FL0_GLVWA4_GLVWB4_GRCGA1_GRCGB1_GRPM1_GRVW4_GSU1_GSUASB_GLS0_ISA900_IU1_K1_KLA_LBSPPA0_LBSPPB0_LPA0_LPB0_LDL1_LRVW4_LWPMn1_LDW0_FMA_MIAV0_MDA2_MO40_MMFGLC_MKFGSU256_NTA0_NTB0_NTC0_NTD0_NEPBS0_NLCA1_NLCB1_ONLL1_OPLV0_PK0_PAP0_PGR1_PLR1_PKA0_SIA1_SLW1_SS0_SU32_SUM0_SUS256_SCIUI1_SPO0_SRVW0_SSO0_SVW4_SNLL0_TSGRA0_TSGRB0_TT4_4_TLDS0_UMLDSA0_UMLDSB0_USFGRO0_VAW2_VS1_VW4_VWB4_VFLRP0_WSGRA0_WSGRB0_WS64_WG16_16_1_WGM8",451,16959336277871,16959337429305,0,8192,256,1,1,23040,2,1
"KERNEL_DISPATCH",4,2,51,"void dequantize_block_iq3_s<__half>(void const*, __half*)",453,16959337501307,16959337971837,0,0,32,1,1,3686400,1,1
"KERNEL_DISPATCH",4,2,64,"void convert_unary<float, __half>(void const*, __half*, long, long, long, HIP_vector_type<unsigned int, 3u>, long, long, long)",454,16959337971837,16959337998504,0,0,256,1,1,655360,1,1
"KERNEL_DISPATCH",4,2,76,"void convert_unary<__half, float>(void const*, float*, long, long, long, HIP_vector_type<unsigned int, 3u>, long, long, long)",456,16959339078085,16959339120309,0,0,256,1,1,737280,1,1
"KERNEL_DISPATCH",4,2,326,"Cijk_Alik_Bljk_HB_MT64x64x16_SN_1LDSB0_APM1_ABV0_ACED0_AF0EM2_AF1EM1_AMAS3_ASE_ASGT_ASLT_ASM_ASAE01_ASCE01_ASEM2_AAC0_BL1_BS1_CLR0_DTLA0_DTLB0_DTVA0_DTVB0_DVO0_ETSP_EPS1_ELFLR0_EMLL0_FSSC10_FL0_GLVWA4_GLVWB4_GRCGA1_GRCGB1_GRPM1_GRVW4_GSU1_GSUASB_GLS0_ISA900_IU1_K1_KLA_LBSPPA0_LBSPPB0_LPA0_LPB0_LDL1_LRVW4_LWPMn1_LDW0_FMA_MIAV0_MDA2_MO40_MMFGLC_MKFGSU256_NTA0_NTB0_NTC0_NTD0_NEPBS0_NLCA1_NLCB1_ONLL1_OPLV0_PK0_PAP0_PGR1_PLR1_PKA0_SIA1_SLW1_SS0_SU32_SUM0_SUS256_SCIUI1_SPO0_SRVW0_SSO0_SVW4_SNLL0_TSGRA0_TSGRB0_TT4_4_TLDS0_UMLDSA0_UMLDSB0_USFGRO0_VAW2_VS1_VW4_VWB4_VFLRP0_WSGRA0_WSGRB0_WS64_WG16_16_1_WGM8",455,16959337998504,16959339078085,0,8192,256,1,1,23040,2,1
"KERNEL_DISPATCH",4,2,51,"void dequantize_block_iq3_s<__half>(void const*, __half*)",457,16959339144605,16959339554541,0,0,32,1,1,3686400,1,1
"KERNEL_DISPATCH",4,2,64,"void convert_unary<float, __half>(void const*, __half*, long, long, long, HIP_vector_type<unsigned int, 3u>, long, long, long)",458,16959339554541,16959339574245,0,0,256,1,1,655360,1,1
"KERNEL_DISPATCH",4,2,76,"void convert_unary<__half, float>(void const*, float*, long, long, long, HIP_vector_type<unsigned int, 3u>, long, long, long)",460,16959340812349,16959340856350,0,0,256,1,1,737280,1,1
"KERNEL_DISPATCH",4,2,326,"Cijk_Alik_Bljk_HB_MT64x64x16_SN_1LDSB0_APM1_ABV0_ACED0_AF0EM2_AF1EM1_AMAS3_ASE_ASGT_ASLT_ASM_ASAE01_ASCE01_ASEM2_AAC0_BL1_BS1_CLR0_DTLA0_DTLB0_DTVA0_DTVB0_DVO0_ETSP_EPS1_ELFLR0_EMLL0_FSSC10_FL0_GLVWA4_GLVWB4_GRCGA1_GRCGB1_GRPM1_GRVW4_GSU1_GSUASB_GLS0_ISA900_IU1_K1_KLA_LBSPPA0_LBSPPB0_LPA0_LPB0_LDL1_LRVW4_LWPMn1_LDW0_FMA_MIAV0_MDA2_MO40_MMFGLC_MKFGSU256_NTA0_NTB0_NTC0_NTD0_NEPBS0_NLCA1_NLCB1_ONLL1_OPLV0_PK0_PAP0_PGR1_PLR1_PKA0_SIA1_SLW1_SS0_SU32_SUM0_SUS256_SCIUI1_SPO0_SRVW0_SSO0_SVW4_SNLL0_TSGRA0_TSGRB0_TT4_4_TLDS0_UMLDSA0_UMLDSB0_USFGRO0_VAW2_VS1_VW4_VWB4_VFLRP0_WSGRA0_WSGRB0_WS64_WG16_16_1_WGM8",459,16959339574245,16959340812349,0,8192,256,1,1,23040,2,1
"KERNEL_DISPATCH",4,2,51,"void dequantize_block_iq3_s<__half>(void const*, __half*)",461,16959340885388,16959341342436,0,0,32,1,1,3686400,1,1
"KERNEL_DISPATCH",4,2,64,"void convert_unary<float, __half>(void const*, __half*, long, long, long, HIP_vector_type<unsigned int, 3u>, long, long, long)",462,16959341342436,16959341361843,0,0,256,1,1,655360,1,1
"KERNEL_DISPATCH",4,2,76,"void convert_unary<__half, float>(void const*, float*, long, long, long, HIP_vector_type<unsigned int, 3u>, long, long, long)",464,16959342552390,16959342594465,0,0,256,1,1,737280,1,1
"KERNEL_DISPATCH",4,2,326,"Cijk_Alik_Bljk_HB_MT64x64x16_SN_1LDSB0_APM1_ABV0_ACED0_AF0EM2_AF1EM1_AMAS3_ASE_ASGT_ASLT_ASM_ASAE01_ASCE01_ASEM2_AAC0_BL1_BS1_CLR0_DTLA0_DTLB0_DTVA0_DTVB0_DVO0_ETSP_EPS1_ELFLR0_EMLL0_FSSC10_FL0_GLVWA4_GLVWB4_GRCGA1_GRCGB1_GRPM1_GRVW4_GSU1_GSUASB_GLS0_ISA900_IU1_K1_KLA_LBSPPA0_LBSPPB0_LPA0_LPB0_LDL1_LRVW4_LWPMn1_LDW0_FMA_MIAV0_MDA2_MO40_MMFGLC_MKFGSU256_NTA0_NTB0_NTC0_NTD0_NEPBS0_NLCA1_NLCB1_ONLL1_OPLV0_PK0_PAP0_PGR1_PLR1_PKA0_SIA1_SLW1_SS0_SU32_SUM0_SUS256_SCIUI1_SPO0_SRVW0_SSO0_SVW4_SNLL0_TSGRA0_TSGRB0_TT4_4_TLDS0_UMLDSA0_UMLDSB0_USFGRO0_VAW2_VS1_VW4_VWB4_VFLRP0_WSGRA0_WSGRB0_WS64_WG16_16_1_WGM8",463,16959341361843,16959342552390,0,8192,256,1,1,23040,2,1
"KERNEL_DISPATCH",4,2,51,"void dequantize_block_iq3_s<__half>(void const*, __half*)",465,16959342621725,16959343092107,0,0,32,1,1,3686400,1,1
"KERNEL_DISPATCH",4,2,64,"void convert_unary<float, __half>(void const*, __half*, long, long, long, HIP_vector_type<unsigned int, 3u>, long, long, long)",466,16959343092107,16959343119367,0,0,256,1,1,655360,1,1
"KERNEL_DISPATCH",4,2,326,"Cijk_Alik_Bljk_HB_MT64x64x16_SN_1LDSB0_APM1_ABV0_ACED0_AF0EM2_AF1EM1_AMAS3_ASE_ASGT_ASLT_ASM_ASAE01_ASCE01_ASEM2_AAC0_BL1_BS1_CLR0_DTLA0_DTLB0_DTVA0_DTVB0_DVO0_ETSP_EPS1_ELFLR0_EMLL0_FSSC10_FL0_GLVWA4_GLVWB4_GRCGA1_GRCGB1_GRPM1_GRVW4_GSU1_GSUASB_GLS0_ISA900_IU1_K1_KLA_LBSPPA0_LBSPPB0_LPA0_LPB0_LDL1_LRVW4_LWPMn1_LDW0_FMA_MIAV0_MDA2_MO40_MMFGLC_MKFGSU256_NTA0_NTB0_NTC0_NTD0_NEPBS0_NLCA1_NLCB1_ONLL1_OPLV0_PK0_PAP0_PGR1_PLR1_PKA0_SIA1_SLW1_SS0_SU32_SUM0_SUS256_SCIUI1_SPO0_SRVW0_SSO0_SVW4_SNLL0_TSGRA0_TSGRB0_TT4_4_TLDS0_UMLDSA0_UMLDSB0_USFGRO0_VAW2_VS1_VW4_VWB4_VFLRP0_WSGRA0_WSGRB0_WS64_WG16_16_1_WGM8",467,16959343119367,16959344241616,0,8192,256,1,1,23040,2,1
"KERNEL_DISPATCH",4,2,76,"void convert_unary<__half, float>(void const*, float*, long, long, long, HIP_vector_type<unsigned int, 3u>, long, long, long)",468,16959344241616,16959344284283,0,0,256,1,1,737280,1,1
"KERNEL_DISPATCH",4,2,51,"void dequantize_block_iq3_s<__half>(void const*, __half*)",469,16959344312728,16959344783406,0,0,32,1,1,3686400,1,1
"KERNEL_DISPATCH",4,2,64,"void convert_unary<float, __half>(void const*, __half*, long, long, long, HIP_vector_type<unsigned int, 3u>, long, long, long)",470,16959344783406,16959344809777,0,0,256,1,1,655360,1,1
"KERNEL_DISPATCH",4,2,76,"void convert_unary<__half, float>(void const*, float*, long, long, long, HIP_vector_type<unsigned int, 3u>, long, long, long)",472,16959346051585,16959346093660,0,0,256,1,1,737280,1,1
"KERNEL_DISPATCH",4,2,326,"Cijk_Alik_Bljk_HB_MT64x64x16_SN_1LDSB0_APM1_ABV0_ACED0_AF0EM2_AF1EM1_AMAS3_ASE_ASGT_ASLT_ASM_ASAE01_ASCE01_ASEM2_AAC0_BL1_BS1_CLR0_DTLA0_DTLB0_DTVA0_DTVB0_DVO0_ETSP_EPS1_ELFLR0_EMLL0_FSSC10_FL0_GLVWA4_GLVWB4_GRCGA1_GRCGB1_GRPM1_GRVW4_GSU1_GSUASB_GLS0_ISA900_IU1_K1_KLA_LBSPPA0_LBSPPB0_LPA0_LPB0_LDL1_LRVW4_LWPMn1_LDW0_FMA_MIAV0_MDA2_MO40_MMFGLC_MKFGSU256_NTA0_NTB0_NTC0_NTD0_NEPBS0_NLCA1_NLCB1_ONLL1_OPLV0_PK0_PAP0_PGR1_PLR1_PKA0_SIA1_SLW1_SS0_SU32_SUM0_SUS256_SCIUI1_SPO0_SRVW0_SSO0_SVW4_SNLL0_TSGRA0_TSGRB0_TT4_4_TLDS0_UMLDSA0_UMLDSB0_USFGRO0_VAW2_VS1_VW4_VWB4_VFLRP0_WSGRA0_WSGRB0_WS64_WG16_16_1_WGM8",471,16959344809777,16959346051585,0,8192,256,1,1,23040,2,1
"KERNEL_DISPATCH",4,2,51,"void dequantize_block_iq3_s<__half>(void const*, __half*)",473,16959346122401,16959346540930,0,0,32,1,1,3686400,1,1
"KERNEL_DISPATCH",4,2,64,"void convert_unary<float, __half>(void const*, __half*, long, long, long, HIP_vector_type<unsigned int, 3u>, long, long, long)",474,16959346540930,16959346560930,0,0,256,1,1,655360,1,1
"KERNEL_DISPATCH",4,2,76,"void convert_unary<__half, float>(void const*, float*, long, long, long, HIP_vector_type<unsigned int, 3u>, long, long, long)",476,16959347699624,16959347742291,0,0,256,1,1,737280,1,1
"KERNEL_DISPATCH",4,2,326,"Cijk_Alik_Bljk_HB_MT64x64x16_SN_1LDSB0_APM1_ABV0_ACED0_AF0EM2_AF1EM1_AMAS3_ASE_ASGT_ASLT_ASM_ASAE01_ASCE01_ASEM2_AAC0_BL1_BS1_CLR0_DTLA0_DTLB0_DTVA0_DTVB0_DVO0_ETSP_EPS1_ELFLR0_EMLL0_FSSC10_FL0_GLVWA4_GLVWB4_GRCGA1_GRCGB1_GRPM1_GRVW4_GSU1_GSUASB_GLS0_ISA900_IU1_K1_KLA_LBSPPA0_LBSPPB0_LPA0_LPB0_LDL1_LRVW4_LWPMn1_LDW0_FMA_MIAV0_MDA2_MO40_MMFGLC_MKFGSU256_NTA0_NTB0_NTC0_NTD0_NEPBS0_NLCA1_NLCB1_ONLL1_OPLV0_PK0_PAP0_PGR1_PLR1_PKA0_SIA1_SLW1_SS0_SU32_SUM0_SUS256_SCIUI1_SPO0_SRVW0_SSO0_SVW4_SNLL0_TSGRA0_TSGRB0_TT4_4_TLDS0_UMLDSA0_UMLDSB0_USFGRO0_VAW2_VS1_VW4_VWB4_VFLRP0_WSGRA0_WSGRB0_WS64_WG16_16_1_WGM8",475,16959346560930,16959347699624,0,8192,256,1,1,23040,2,1
"KERNEL_DISPATCH",4,2,51,"void dequantize_block_iq3_s<__half>(void const*, __half*)",477,16959347770737,16959348234748,0,0,32,1,1,3686400,1,1
"KERNEL_DISPATCH",4,2,64,"void convert_unary<float, __half>(void const*, __half*, long, long, long, HIP_vector_type<unsigned int, 3u>, long, long, long)",478,16959348234748,16959348266600,0,0,256,1,1,655360,1,1
"KERNEL_DISPATCH",4,2,76,"void convert_unary<__half, float>(void const*, float*, long, long, long, HIP_vector_type<unsigned int, 3u>, long, long, long)",480,16959349388108,16959349432554,0,0,256,1,1,737280,1,1
"KERNEL_DISPATCH",4,2,326,"Cijk_Alik_Bljk_HB_MT64x64x16_SN_1LDSB0_APM1_ABV0_ACED0_AF0EM2_AF1EM1_AMAS3_ASE_ASGT_ASLT_ASM_ASAE01_ASCE01_ASEM2_AAC0_BL1_BS1_CLR0_DTLA0_DTLB0_DTVA0_DTVB0_DVO0_ETSP_EPS1_ELFLR0_EMLL0_FSSC10_FL0_GLVWA4_GLVWB4_GRCGA1_GRCGB1_GRPM1_GRVW4_GSU1_GSUASB_GLS0_ISA900_IU1_K1_KLA_LBSPPA0_LBSPPB0_LPA0_LPB0_LDL1_LRVW4_LWPMn1_LDW0_FMA_MIAV0_MDA2_MO40_MMFGLC_MKFGSU256_NTA0_NTB0_NTC0_NTD0_NEPBS0_NLCA1_NLCB1_ONLL1_OPLV0_PK0_PAP0_PGR1_PLR1_PKA0_SIA1_SLW1_SS0_SU32_SUM0_SUS256_SCIUI1_SPO0_SRVW0_SSO0_SVW4_SNLL0_TSGRA0_TSGRB0_TT4_4_TLDS0_UMLDSA0_UMLDSB0_USFGRO0_VAW2_VS1_VW4_VWB4_VFLRP0_WSGRA0_WSGRB0_WS64_WG16_16_1_WGM8",479,16959348266600,16959349388108,0,8192,256,1,1,23040,2,1
"KERNEL_DISPATCH",4,2,51,"void dequantize_block_iq3_s<__half>(void const*, __half*)",481,16959349461444,16959349931529,0,0,32,1,1,3686400,1,1
"KERNEL_DISPATCH",4,2,64,"void convert_unary<float, __half>(void const*, __half*, long, long, long, HIP_vector_type<unsigned int, 3u>, long, long, long)",482,16959349931529,16959349959381,0,0,256,1,1,655360,1,1
"KERNEL_DISPATCH",4,2,76,"void convert_unary<__half, float>(void const*, float*, long, long, long, HIP_vector_type<unsigned int, 3u>, long, long, long)",484,16959351042370,16959351084593,0,0,256,1,1,737280,1,1
"KERNEL_DISPATCH",4,2,326,"Cijk_Alik_Bljk_HB_MT64x64x16_SN_1LDSB0_APM1_ABV0_ACED0_AF0EM2_AF1EM1_AMAS3_ASE_ASGT_ASLT_ASM_ASAE01_ASCE01_ASEM2_AAC0_BL1_BS1_CLR0_DTLA0_DTLB0_DTVA0_DTVB0_DVO0_ETSP_EPS1_ELFLR0_EMLL0_FSSC10_FL0_GLVWA4_GLVWB4_GRCGA1_GRCGB1_GRPM1_GRVW4_GSU1_GSUASB_GLS0_ISA900_IU1_K1_KLA_LBSPPA0_LBSPPB0_LPA0_LPB0_LDL1_LRVW4_LWPMn1_LDW0_FMA_MIAV0_MDA2_MO40_MMFGLC_MKFGSU256_NTA0_NTB0_NTC0_NTD0_NEPBS0_NLCA1_NLCB1_ONLL1_OPLV0_PK0_PAP0_PGR1_PLR1_PKA0_SIA1_SLW1_SS0_SU32_SUM0_SUS256_SCIUI1_SPO0_SRVW0_SSO0_SVW4_SNLL0_TSGRA0_TSGRB0_TT4_4_TLDS0_UMLDSA0_UMLDSB0_USFGRO0_VAW2_VS1_VW4_VWB4_VFLRP0_WSGRA0_WSGRB0_WS64_WG16_16_1_WGM8",483,16959349959381,16959351042370,0,8192,256,1,1,23040,2,1
"KERNEL_DISPATCH",4,2,51,"void dequantize_block_iq3_s<__half>(void const*, __half*)",485,16959351109483,16959351487121,0,0,32,1,1,3686400,1,1
"KERNEL_DISPATCH",4,2,64,"void convert_unary<float, __half>(void const*, __half*, long, long, long, HIP_vector_type<unsigned int, 3u>, long, long, long)",486,16959351487121,16959351504603,0,0,256,1,1,655360,1,1
"KERNEL_DISPATCH",4,2,76,"void convert_unary<__half, float>(void const*, float*, long, long, long, HIP_vector_type<unsigned int, 3u>, long, long, long)",488,16959352712780,16959352756189,0,0,256,1,1,737280,1,1
"KERNEL_DISPATCH",4,2,326,"Cijk_Alik_Bljk_HB_MT64x64x16_SN_1LDSB0_APM1_ABV0_ACED0_AF0EM2_AF1EM1_AMAS3_ASE_ASGT_ASLT_ASM_ASAE01_ASCE01_ASEM2_AAC0_BL1_BS1_CLR0_DTLA0_DTLB0_DTVA0_DTVB0_DVO0_ETSP_EPS1_ELFLR0_EMLL0_FSSC10_FL0_GLVWA4_GLVWB4_GRCGA1_GRCGB1_GRPM1_GRVW4_GSU1_GSUASB_GLS0_ISA900_IU1_K1_KLA_LBSPPA0_LBSPPB0_LPA0_LPB0_LDL1_LRVW4_LWPMn1_LDW0_FMA_MIAV0_MDA2_MO40_MMFGLC_MKFGSU256_NTA0_NTB0_NTC0_NTD0_NEPBS0_NLCA1_NLCB1_ONLL1_OPLV0_PK0_PAP0_PGR1_PLR1_PKA0_SIA1_SLW1_SS0_SU32_SUM0_SUS256_SCIUI1_SPO0_SRVW0_SSO0_SVW4_SNLL0_TSGRA0_TSGRB0_TT4_4_TLDS0_UMLDSA0_UMLDSB0_USFGRO0_VAW2_VS1_VW4_VWB4_VFLRP0_WSGRA0_WSGRB0_WS64_WG16_16_1_WGM8",487,16959351504603,16959352712780,0,8192,256,1,1,23040,2,1
"KERNEL_DISPATCH",4,2,51,"void dequantize_block_iq3_s<__half>(void const*, __half*)",489,16959352780337,16959353189532,0,0,32,1,1,3686400,1,1
"KERNEL_DISPATCH",4,2,64,"void convert_unary<float, __half>(void const*, __half*, long, long, long, HIP_vector_type<unsigned int, 3u>, long, long, long)",490,16959353189532,16959353208496,0,0,256,1,1,655360,1,1
"KERNEL_DISPATCH",4,2,76,"void convert_unary<__half, float>(void const*, float*, long, long, long, HIP_vector_type<unsigned int, 3u>, long, long, long)",492,16959354391931,16959354434599,0,0,256,1,1,737280,1,1
"KERNEL_DISPATCH",4,2,326,"Cijk_Alik_Bljk_HB_MT64x64x16_SN_1LDSB0_APM1_ABV0_ACED0_AF0EM2_AF1EM1_AMAS3_ASE_ASGT_ASLT_ASM_ASAE01_ASCE01_ASEM2_AAC0_BL1_BS1_CLR0_DTLA0_DTLB0_DTVA0_DTVB0_DVO0_ETSP_EPS1_ELFLR0_EMLL0_FSSC10_FL0_GLVWA4_GLVWB4_GRCGA1_GRCGB1_GRPM1_GRVW4_GSU1_GSUASB_GLS0_ISA900_IU1_K1_KLA_LBSPPA0_LBSPPB0_LPA0_LPB0_LDL1_LRVW4_LWPMn1_LDW0_FMA_MIAV0_MDA2_MO40_MMFGLC_MKFGSU256_NTA0_NTB0_NTC0_NTD0_NEPBS0_NLCA1_NLCB1_ONLL1_OPLV0_PK0_PAP0_PGR1_PLR1_PKA0_SIA1_SLW1_SS0_SU32_SUM0_SUS256_SCIUI1_SPO0_SRVW0_SSO0_SVW4_SNLL0_TSGRA0_TSGRB0_TT4_4_TLDS0_UMLDSA0_UMLDSB0_USFGRO0_VAW2_VS1_VW4_VWB4_VFLRP0_WSGRA0_WSGRB0_WS64_WG16_16_1_WGM8",491,16959353208496,16959354391931,0,8192,256,1,1,23040,2,1
"KERNEL_DISPATCH",4,2,51,"void dequantize_block_iq3_s<__half>(void const*, __half*)",493,16959354458748,16959354869720,0,0,32,1,1,3686400,1,1
"KERNEL_DISPATCH",4,2,64,"void convert_unary<float, __half>(void const*, __half*, long, long, long, HIP_vector_type<unsigned int, 3u>, long, long, long)",494,16959354869720,16959354889424,0,0,256,1,1,655360,1,1
"KERNEL_DISPATCH",4,2,76,"void convert_unary<__half, float>(void const*, float*, long, long, long, HIP_vector_type<unsigned int, 3u>, long, long, long)",496,16959355961006,16959356003821,0,0,256,1,1,737280,1,1
"KERNEL_DISPATCH",4,2,326,"Cijk_Alik_Bljk_HB_MT64x64x16_SN_1LDSB0_APM1_ABV0_ACED0_AF0EM2_AF1EM1_AMAS3_ASE_ASGT_ASLT_ASM_ASAE01_ASCE01_ASEM2_AAC0_BL1_BS1_CLR0_DTLA0_DTLB0_DTVA0_DTVB0_DVO0_ETSP_EPS1_ELFLR0_EMLL0_FSSC10_FL0_GLVWA4_GLVWB4_GRCGA1_GRCGB1_GRPM1_GRVW4_GSU1_GSUASB_GLS0_ISA900_IU1_K1_KLA_LBSPPA0_LBSPPB0_LPA0_LPB0_LDL1_LRVW4_LWPMn1_LDW0_FMA_MIAV0_MDA2_MO40_MMFGLC_MKFGSU256_NTA0_NTB0_NTC0_NTD0_NEPBS0_NLCA1_NLCB1_ONLL1_OPLV0_PK0_PAP0_PGR1_PLR1_PKA0_SIA1_SLW1_SS0_SU32_SUM0_SUS256_SCIUI1_SPO0_SRVW0_SSO0_SVW4_SNLL0_TSGRA0_TSGRB0_TT4_4_TLDS0_UMLDSA0_UMLDSB0_USFGRO0_VAW2_VS1_VW4_VWB4_VFLRP0_WSGRA0_WSGRB0_WS64_WG16_16_1_WGM8",495,16959354889424,16959355961006,0,8192,256,1,1,23040,2,1
"KERNEL_DISPATCH",4,2,51,"void dequantize_block_iq3_s<__half>(void const*, __half*)",497,16959356028415,16959356414053,0,0,32,1,1,3686400,1,1
"KERNEL_DISPATCH",4,2,64,"void convert_unary<float, __half>(void const*, __half*, long, long, long, HIP_vector_type<unsigned int, 3u>, long, long, long)",498,16959356414053,16959356431832,0,0,256,1,1,655360,1,1
"KERNEL_DISPATCH",4,2,76,"void convert_unary<__half, float>(void const*, float*, long, long, long, HIP_vector_type<unsigned int, 3u>, long, long, long)",500,16959357600896,16959357643120,0,0,256,1,1,737280,1,1
"KERNEL_DISPATCH",4,2,326,"Cijk_Alik_Bljk_HB_MT64x64x16_SN_1LDSB0_APM1_ABV0_ACED0_AF0EM2_AF1EM1_AMAS3_ASE_ASGT_ASLT_ASM_ASAE01_ASCE01_ASEM2_AAC0_BL1_BS1_CLR0_DTLA0_DTLB0_DTVA0_DTVB0_DVO0_ETSP_EPS1_ELFLR0_EMLL0_FSSC10_FL0_GLVWA4_GLVWB4_GRCGA1_GRCGB1_GRPM1_GRVW4_GSU1_GSUASB_GLS0_ISA900_IU1_K1_KLA_LBSPPA0_LBSPPB0_LPA0_LPB0_LDL1_LRVW4_LWPMn1_LDW0_FMA_MIAV0_MDA2_MO40_MMFGLC_MKFGSU256_NTA0_NTB0_NTC0_NTD0_NEPBS0_NLCA1_NLCB1_ONLL1_OPLV0_PK0_PAP0_PGR1_PLR1_PKA0_SIA1_SLW1_SS0_SU32_SUM0_SUS256_SCIUI1_SPO0_SRVW0_SSO0_SVW4_SNLL0_TSGRA0_TSGRB0_TT4_4_TLDS0_UMLDSA0_UMLDSB0_USFGRO0_VAW2_VS1_VW4_VWB4_VFLRP0_WSGRA0_WSGRB0_WS64_WG16_16_1_WGM8",499,16959356431832,16959357600896,0,8192,256,1,1,23040,2,1
"KERNEL_DISPATCH",4,2,51,"void dequantize_block_iq3_s<__half>(void const*, __half*)",501,16959357667861,16959358077500,0,0,32,1,1,3686400,1,1
"KERNEL_DISPATCH",4,2,64,"void convert_unary<float, __half>(void const*, __half*, long, long, long, HIP_vector_type<unsigned int, 3u>, long, long, long)",502,16959358077500,16959358097056,0,0,256,1,1,655360,1,1
"KERNEL_DISPATCH",4,2,76,"void convert_unary<__half, float>(void const*, float*, long, long, long, HIP_vector_type<unsigned int, 3u>, long, long, long)",504,16959359173230,16959359215898,0,0,256,1,1,737280,1,1
"KERNEL_DISPATCH",4,2,326,"Cijk_Alik_Bljk_HB_MT64x64x16_SN_1LDSB0_APM1_ABV0_ACED0_AF0EM2_AF1EM1_AMAS3_ASE_ASGT_ASLT_ASM_ASAE01_ASCE01_ASEM2_AAC0_BL1_BS1_CLR0_DTLA0_DTLB0_DTVA0_DTVB0_DVO0_ETSP_EPS1_ELFLR0_EMLL0_FSSC10_FL0_GLVWA4_GLVWB4_GRCGA1_GRCGB1_GRPM1_GRVW4_GSU1_GSUASB_GLS0_ISA900_IU1_K1_KLA_LBSPPA0_LBSPPB0_LPA0_LPB0_LDL1_LRVW4_LWPMn1_LDW0_FMA_MIAV0_MDA2_MO40_MMFGLC_MKFGSU256_NTA0_NTB0_NTC0_NTD0_NEPBS0_NLCA1_NLCB1_ONLL1_OPLV0_PK0_PAP0_PGR1_PLR1_PKA0_SIA1_SLW1_SS0_SU32_SUM0_SUS256_SCIUI1_SPO0_SRVW0_SSO0_SVW4_SNLL0_TSGRA0_TSGRB0_TT4_4_TLDS0_UMLDSA0_UMLDSB0_USFGRO0_VAW2_VS1_VW4_VWB4_VFLRP0_WSGRA0_WSGRB0_WS64_WG16_16_1_WGM8",503,16959358097056,16959359173230,0,8192,256,1,1,23040,2,1
"KERNEL_DISPATCH",4,2,51,"void dequantize_block_iq3_s<__half>(void const*, __half*)",505,16965881681394,16965882690751,0,0,32,1,1,3620864,1,1
"KERNEL_DISPATCH",4,2,64,"void convert_unary<float, __half>(void const*, __half*, long, long, long, HIP_vector_type<unsigned int, 3u>, long, long, long)",506,16965882690751,16965882799494,0,0,256,1,1,2228224,1,1
"KERNEL_DISPATCH",4,2,76,"void convert_unary<__half, float>(void const*, float*, long, long, long, HIP_vector_type<unsigned int, 3u>, long, long, long)",508,16965884535091,16965884580425,0,0,256,1,1,212992,1,1
"KERNEL_DISPATCH",4,2,321,"Cijk_Alik_Bljk_HB_MT32x32x32_SN_1LDSB0_APM1_ABV0_ACED0_AF0EM2_AF1EM1_AMAS3_ASE_ASGT_ASLT_ASM_ASAE01_ASCE01_ASEM2_AAC0_BL1_BS1_CLR0_DTLA0_DTLB0_DTVA0_DTVB0_DVO0_ETSP_EPS1_ELFLR0_EMLL0_FSSC10_FL0_GLVWA4_GLVWB4_GRCGA1_GRCGB1_GRPM1_GRVW4_GSU1_GSUASB_GLS0_ISA900_IU1_K1_KLA_LBSPPA0_LBSPPB0_LPA0_LPB0_LDL1_LRVW4_LWPMn1_LDW0_FMA_MIAV0_MDA2_MO40_MMFGLC_MKFGSU256_NTA0_NTB0_NTC0_NTD0_NEPBS0_NLCA1_NLCB1_ONLL1_OPLV0_PK0_PAP0_PGR1_PLR1_PKA0_SIA1_SLW1_SS0_SU32_SUM0_SUS256_SCIUI1_SPO0_SRVW0_SSO0_SVW4_SNLL0_TSGRA0_TSGRB0_TT4_4_TLDS0_UMLDSA0_UMLDSB0_USFGRO0_VAW2_VS1_VW4_VWB4_VFLRP0_WSGRA0_WSGRB0_WS64_WG8_8_1_WGM8",507,16965882799494,16965884535091,0,8192,64,1,1,3328,4,1
"KERNEL_DISPATCH",4,2,51,"void dequantize_block_iq3_s<__half>(void const*, __half*)",509,16965884662946,16965885002806,0,0,32,1,1,3620864,1,1
"KERNEL_DISPATCH",4,2,64,"void convert_unary<float, __half>(void const*, __half*, long, long, long, HIP_vector_type<unsigned int, 3u>, long, long, long)",510,16965885002806,16965885052437,0,0,256,1,1,2228224,1,1
"KERNEL_DISPATCH",4,2,76,"void convert_unary<__half, float>(void const*, float*, long, long, long, HIP_vector_type<unsigned int, 3u>, long, long, long)",512,16965886836183,16965886878406,0,0,256,1,1,212992,1,1
"KERNEL_DISPATCH",4,2,321,"Cijk_Alik_Bljk_HB_MT32x32x32_SN_1LDSB0_APM1_ABV0_ACED0_AF0EM2_AF1EM1_AMAS3_ASE_ASGT_ASLT_ASM_ASAE01_ASCE01_ASEM2_AAC0_BL1_BS1_CLR0_DTLA0_DTLB0_DTVA0_DTVB0_DVO0_ETSP_EPS1_ELFLR0_EMLL0_FSSC10_FL0_GLVWA4_GLVWB4_GRCGA1_GRCGB1_GRPM1_GRVW4_GSU1_GSUASB_GLS0_ISA900_IU1_K1_KLA_LBSPPA0_LBSPPB0_LPA0_LPB0_LDL1_LRVW4_LWPMn1_LDW0_FMA_MIAV0_MDA2_MO40_MMFGLC_MKFGSU256_NTA0_NTB0_NTC0_NTD0_NEPBS0_NLCA1_NLCB1_ONLL1_OPLV0_PK0_PAP0_PGR1_PLR1_PKA0_SIA1_SLW1_SS0_SU32_SUM0_SUS256_SCIUI1_SPO0_SRVW0_SSO0_SVW4_SNLL0_TSGRA0_TSGRB0_TT4_4_TLDS0_UMLDSA0_UMLDSB0_USFGRO0_VAW2_VS1_VW4_VWB4_VFLRP0_WSGRA0_WSGRB0_WS64_WG8_8_1_WGM8",511,16965885052437,16965886836183,0,8192,64,1,1,3328,4,1
"KERNEL_DISPATCH",4,2,51,"void dequantize_block_iq3_s<__half>(void const*, __half*)",513,16965886901962,16965887304342,0,0,32,1,1,3620864,1,1
"KERNEL_DISPATCH",4,2,64,"void convert_unary<float, __half>(void const*, __half*, long, long, long, HIP_vector_type<unsigned int, 3u>, long, long, long)",514,16965887304342,16965887361973,0,0,256,1,1,2228224,1,1
"KERNEL_DISPATCH",4,2,76,"void convert_unary<__half, float>(void const*, float*, long, long, long, HIP_vector_type<unsigned int, 3u>, long, long, long)",516,16965889251945,16965889293872,0,0,256,1,1,212992,1,1
"KERNEL_DISPATCH",4,2,321,"Cijk_Alik_Bljk_HB_MT32x32x32_SN_1LDSB0_APM1_ABV0_ACED0_AF0EM2_AF1EM1_AMAS3_ASE_ASGT_ASLT_ASM_ASAE01_ASCE01_ASEM2_AAC0_BL1_BS1_CLR0_DTLA0_DTLB0_DTVA0_DTVB0_DVO0_ETSP_EPS1_ELFLR0_EMLL0_FSSC10_FL0_GLVWA4_GLVWB4_GRCGA1_GRCGB1_GRPM1_GRVW4_GSU1_GSUASB_GLS0_ISA900_IU1_K1_KLA_LBSPPA0_LBSPPB0_LPA0_LPB0_LDL1_LRVW4_LWPMn1_LDW0_FMA_MIAV0_MDA2_MO40_MMFGLC_MKFGSU256_NTA0_NTB0_NTC0_NTD0_NEPBS0_NLCA1_NLCB1_ONLL1_OPLV0_PK0_PAP0_PGR1_PLR1_PKA0_SIA1_SLW1_SS0_SU32_SUM0_SUS256_SCIUI1_SPO0_SRVW0_SSO0_SVW4_SNLL0_TSGRA0_TSGRB0_TT4_4_TLDS0_UMLDSA0_UMLDSB0_USFGRO0_VAW2_VS1_VW4_VWB4_VFLRP0_WSGRA0_WSGRB0_WS64_WG8_8_1_WGM8",515,16965887361973,16965889251945,0,8192,64,1,1,3328,4,1
"KERNEL_DISPATCH",4,2,51,"void dequantize_block_iq3_s<__half>(void const*, __half*)",517,16965889315206,16965889667362,0,0,32,1,1,3620864,1,1
"KERNEL_DISPATCH",4,2,64,"void convert_unary<float, __half>(void const*, __half*, long, long, long, HIP_vector_type<unsigned int, 3u>, long, long, long)",518,16965889667362,16965889717586,0,0,256,1,1,2228224,1,1
"KERNEL_DISPATCH",4,2,321,"Cijk_Alik_Bljk_HB_MT32x32x32_SN_1LDSB0_APM1_ABV0_ACED0_AF0EM2_AF1EM1_AMAS3_ASE_ASGT_ASLT_ASM_ASAE01_ASCE01_ASEM2_AAC0_BL1_BS1_CLR0_DTLA0_DTLB0_DTVA0_DTVB0_DVO0_ETSP_EPS1_ELFLR0_EMLL0_FSSC10_FL0_GLVWA4_GLVWB4_GRCGA1_GRCGB1_GRPM1_GRVW4_GSU1_GSUASB_GLS0_ISA900_IU1_K1_KLA_LBSPPA0_LBSPPB0_LPA0_LPB0_LDL1_LRVW4_LWPMn1_LDW0_FMA_MIAV0_MDA2_MO40_MMFGLC_MKFGSU256_NTA0_NTB0_NTC0_NTD0_NEPBS0_NLCA1_NLCB1_ONLL1_OPLV0_PK0_PAP0_PGR1_PLR1_PKA0_SIA1_SLW1_SS0_SU32_SUM0_SUS256_SCIUI1_SPO0_SRVW0_SSO0_SVW4_SNLL0_TSGRA0_TSGRB0_TT4_4_TLDS0_UMLDSA0_UMLDSB0_USFGRO0_VAW2_VS1_VW4_VWB4_VFLRP0_WSGRA0_WSGRB0_WS64_WG8_8_1_WGM8",519,16965889717586,16965891431108,0,8192,64,1,1,3328,4,1
"KERNEL_DISPATCH",4,2,76,"void convert_unary<__half, float>(void const*, float*, long, long, long, HIP_vector_type<unsigned int, 3u>, long, long, long)",520,16965891431108,16965891473035,0,0,256,1,1,212992,1,1
"KERNEL_DISPATCH",4,2,51,"void dequantize_block_iq3_s<__half>(void const*, __half*)",521,16965891495406,16965891837044,0,0,32,1,1,3620864,1,1
"KERNEL_DISPATCH",4,2,64,"void convert_unary<float, __half>(void const*, __half*, long, long, long, HIP_vector_type<unsigned int, 3u>, long, long, long)",522,16965891837044,16965891887119,0,0,256,1,1,2228224,1,1
"KERNEL_DISPATCH",4,2,321,"Cijk_Alik_Bljk_HB_MT32x32x32_SN_1LDSB0_APM1_ABV0_ACED0_AF0EM2_AF1EM1_AMAS3_ASE_ASGT_ASLT_ASM_ASAE01_ASCE01_ASEM2_AAC0_BL1_BS1_CLR0_DTLA0_DTLB0_DTVA0_DTVB0_DVO0_ETSP_EPS1_ELFLR0_EMLL0_FSSC10_FL0_GLVWA4_GLVWB4_GRCGA1_GRCGB1_GRPM1_GRVW4_GSU1_GSUASB_GLS0_ISA900_IU1_K1_KLA_LBSPPA0_LBSPPB0_LPA0_LPB0_LDL1_LRVW4_LWPMn1_LDW0_FMA_MIAV0_MDA2_MO40_MMFGLC_MKFGSU256_NTA0_NTB0_NTC0_NTD0_NEPBS0_NLCA1_NLCB1_ONLL1_OPLV0_PK0_PAP0_PGR1_PLR1_PKA0_SIA1_SLW1_SS0_SU32_SUM0_SUS256_SCIUI1_SPO0_SRVW0_SSO0_SVW4_SNLL0_TSGRA0_TSGRB0_TT4_4_TLDS0_UMLDSA0_UMLDSB0_USFGRO0_VAW2_VS1_VW4_VWB4_VFLRP0_WSGRA0_WSGRB0_WS64_WG8_8_1_WGM8",523,16965891887119,16965893639902,0,8192,64,1,1,3328,4,1
"KERNEL_DISPATCH",4,2,76,"void convert_unary<__half, float>(void const*, float*, long, long, long, HIP_vector_type<unsigned int, 3u>, long, long, long)",524,16965893639902,16965893681977,0,0,256,1,1,212992,1,1
"KERNEL_DISPATCH",4,2,51,"void dequantize_block_iq3_s<__half>(void const*, __half*)",525,16965893704792,16965894107024,0,0,32,1,1,3620864,1,1
"KERNEL_DISPATCH",4,2,64,"void convert_unary<float, __half>(void const*, __half*, long, long, long, HIP_vector_type<unsigned int, 3u>, long, long, long)",526,16965894107024,16965894165100,0,0,256,1,1,2228224,1,1
"KERNEL_DISPATCH",4,2,76,"void convert_unary<__half, float>(void const*, float*, long, long, long, HIP_vector_type<unsigned int, 3u>, long, long, long)",528,16965896275373,16965896318337,0,0,256,1,1,212992,1,1
"KERNEL_DISPATCH",4,2,321,"Cijk_Alik_Bljk_HB_MT32x32x32_SN_1LDSB0_APM1_ABV0_ACED0_AF0EM2_AF1EM1_AMAS3_ASE_ASGT_ASLT_ASM_ASAE01_ASCE01_ASEM2_AAC0_BL1_BS1_CLR0_DTLA0_DTLB0_DTVA0_DTVB0_DVO0_ETSP_EPS1_ELFLR0_EMLL0_FSSC10_FL0_GLVWA4_GLVWB4_GRCGA1_GRCGB1_GRPM1_GRVW4_GSU1_GSUASB_GLS0_ISA900_IU1_K1_KLA_LBSPPA0_LBSPPB0_LPA0_LPB0_LDL1_LRVW4_LWPMn1_LDW0_FMA_MIAV0_MDA2_MO40_MMFGLC_MKFGSU256_NTA0_NTB0_NTC0_NTD0_NEPBS0_NLCA1_NLCB1_ONLL1_OPLV0_PK0_PAP0_PGR1_PLR1_PKA0_SIA1_SLW1_SS0_SU32_SUM0_SUS256_SCIUI1_SPO0_SRVW0_SSO0_SVW4_SNLL0_TSGRA0_TSGRB0_TT4_4_TLDS0_UMLDSA0_UMLDSB0_USFGRO0_VAW2_VS1_VW4_VWB4_VFLRP0_WSGRA0_WSGRB0_WS64_WG8_8_1_WGM8",527,16965894165100,16965896275373,0,8192,64,1,1,3328,4,1
"KERNEL_DISPATCH",4,2,51,"void dequantize_block_iq3_s<__half>(void const*, __half*)",529,16965896341004,16965896729161,0,0,32,1,1,3620864,1,1
"KERNEL_DISPATCH",4,2,64,"void convert_unary<float, __half>(void const*, __half*, long, long, long, HIP_vector_type<unsigned int, 3u>, long, long, long)",530,16965896729161,16965896781459,0,0,256,1,1,2228224,1,1
"KERNEL_DISPATCH",4,2,321,"Cijk_Alik_Bljk_HB_MT32x32x32_SN_1LDSB0_APM1_ABV0_ACED0_AF0EM2_AF1EM1_AMAS3_ASE_ASGT_ASLT_ASM_ASAE01_ASCE01_ASEM2_AAC0_BL1_BS1_CLR0_DTLA0_DTLB0_DTVA0_DTVB0_DVO0_ETSP_EPS1_ELFLR0_EMLL0_FSSC10_FL0_GLVWA4_GLVWB4_GRCGA1_GRCGB1_GRPM1_GRVW4_GSU1_GSUASB_GLS0_ISA900_IU1_K1_KLA_LBSPPA0_LBSPPB0_LPA0_LPB0_LDL1_LRVW4_LWPMn1_LDW0_FMA_MIAV0_MDA2_MO40_MMFGLC_MKFGSU256_NTA0_NTB0_NTC0_NTD0_NEPBS0_NLCA1_NLCB1_ONLL1_OPLV0_PK0_PAP0_PGR1_PLR1_PKA0_SIA1_SLW1_SS0_SU32_SUM0_SUS256_SCIUI1_SPO0_SRVW0_SSO0_SVW4_SNLL0_TSGRA0_TSGRB0_TT4_4_TLDS0_UMLDSA0_UMLDSB0_USFGRO0_VAW2_VS1_VW4_VWB4_VFLRP0_WSGRA0_WSGRB0_WS64_WG8_8_1_WGM8",531,16965896781459,16965898672171,0,8192,64,1,1,3328,4,1
"KERNEL_DISPATCH",4,2,76,"void convert_unary<__half, float>(void const*, float*, long, long, long, HIP_vector_type<unsigned int, 3u>, long, long, long)",532,16965898672171,16965898713802,0,0,256,1,1,212992,1,1
"KERNEL_DISPATCH",4,2,51,"void dequantize_block_iq3_s<__half>(void const*, __half*)",533,16965898737061,16965899139145,0,0,32,1,1,3620864,1,1
"KERNEL_DISPATCH",4,2,64,"void convert_unary<float, __half>(void const*, __half*, long, long, long, HIP_vector_type<unsigned int, 3u>, long, long, long)",534,16965899139145,16965899197073,0,0,256,1,1,2228224,1,1
"KERNEL_DISPATCH",4,2,76,"void convert_unary<__half, float>(void const*, float*, long, long, long, HIP_vector_type<unsigned int, 3u>, long, long, long)",536,16965901160823,16965901203047,0,0,256,1,1,212992,1,1
"KERNEL_DISPATCH",4,2,321,"Cijk_Alik_Bljk_HB_MT32x32x32_SN_1LDSB0_APM1_ABV0_ACED0_AF0EM2_AF1EM1_AMAS3_ASE_ASGT_ASLT_ASM_ASAE01_ASCE01_ASEM2_AAC0_BL1_BS1_CLR0_DTLA0_DTLB0_DTVA0_DTVB0_DVO0_ETSP_EPS1_ELFLR0_EMLL0_FSSC10_FL0_GLVWA4_GLVWB4_GRCGA1_GRCGB1_GRPM1_GRVW4_GSU1_GSUASB_GLS0_ISA900_IU1_K1_KLA_LBSPPA0_LBSPPB0_LPA0_LPB0_LDL1_LRVW4_LWPMn1_LDW0_FMA_MIAV0_MDA2_MO40_MMFGLC_MKFGSU256_NTA0_NTB0_NTC0_NTD0_NEPBS0_NLCA1_NLCB1_ONLL1_OPLV0_PK0_PAP0_PGR1_PLR1_PKA0_SIA1_SLW1_SS0_SU32_SUM0_SUS256_SCIUI1_SPO0_SRVW0_SSO0_SVW4_SNLL0_TSGRA0_TSGRB0_TT4_4_TLDS0_UMLDSA0_UMLDSB0_USFGRO0_VAW2_VS1_VW4_VWB4_VFLRP0_WSGRA0_WSGRB0_WS64_WG8_8_1_WGM8",535,16965899197073,16965901160823,0,8192,64,1,1,3328,4,1
"KERNEL_DISPATCH",4,2,51,"void dequantize_block_iq3_s<__half>(void const*, __half*)",537,16965901225862,16965901627353,0,0,32,1,1,3620864,1,1
"KERNEL_DISPATCH",4,2,64,"void convert_unary<float, __half>(void const*, __half*, long, long, long, HIP_vector_type<unsigned int, 3u>, long, long, long)",538,16965901627353,16965901679651,0,0,256,1,1,2228224,1,1
"KERNEL_DISPATCH",4,2,76,"void convert_unary<__half, float>(void const*, float*, long, long, long, HIP_vector_type<unsigned int, 3u>, long, long, long)",540,16965903562955,16965903605771,0,0,256,1,1,212992,1,1
"KERNEL_DISPATCH",4,2,321,"Cijk_Alik_Bljk_HB_MT32x32x32_SN_1LDSB0_APM1_ABV0_ACED0_AF0EM2_AF1EM1_AMAS3_ASE_ASGT_ASLT_ASM_ASAE01_ASCE01_ASEM2_AAC0_BL1_BS1_CLR0_DTLA0_DTLB0_DTVA0_DTVB0_DVO0_ETSP_EPS1_ELFLR0_EMLL0_FSSC10_FL0_GLVWA4_GLVWB4_GRCGA1_GRCGB1_GRPM1_GRVW4_GSU1_GSUASB_GLS0_ISA900_IU1_K1_KLA_LBSPPA0_LBSPPB0_LPA0_LPB0_LDL1_LRVW4_LWPMn1_LDW0_FMA_MIAV0_MDA2_MO40_MMFGLC_MKFGSU256_NTA0_NTB0_NTC0_NTD0_NEPBS0_NLCA1_NLCB1_ONLL1_OPLV0_PK0_PAP0_PGR1_PLR1_PKA0_SIA1_SLW1_SS0_SU32_SUM0_SUS256_SCIUI1_SPO0_SRVW0_SSO0_SVW4_SNLL0_TSGRA0_TSGRB0_TT4_4_TLDS0_UMLDSA0_UMLDSB0_USFGRO0_VAW2_VS1_VW4_VWB4_VFLRP0_WSGRA0_WSGRB0_WS64_WG8_8_1_WGM8",539,16965901679651,16965903562955,0,8192,64,1,1,3328,4,1
"KERNEL_DISPATCH",4,2,51,"void dequantize_block_iq3_s<__half>(void const*, __half*)",541,16965903627697,16965904030522,0,0,32,1,1,3620864,1,1
"KERNEL_DISPATCH",4,2,64,"void convert_unary<float, __half>(void const*, __half*, long, long, long, HIP_vector_type<unsigned int, 3u>, long, long, long)",542,16965904030522,16965904088301,0,0,256,1,1,2228224,1,1
"KERNEL_DISPATCH",4,2,321,"Cijk_Alik_Bljk_HB_MT32x32x32_SN_1LDSB0_APM1_ABV0_ACED0_AF0EM2_AF1EM1_AMAS3_ASE_ASGT_ASLT_ASM_ASAE01_ASCE01_ASEM2_AAC0_BL1_BS1_CLR0_DTLA0_DTLB0_DTVA0_DTVB0_DVO0_ETSP_EPS1_ELFLR0_EMLL0_FSSC10_FL0_GLVWA4_GLVWB4_GRCGA1_GRCGB1_GRPM1_GRVW4_GSU1_GSUASB_GLS0_ISA900_IU1_K1_KLA_LBSPPA0_LBSPPB0_LPA0_LPB0_LDL1_LRVW4_LWPMn1_LDW0_FMA_MIAV0_MDA2_MO40_MMFGLC_MKFGSU256_NTA0_NTB0_NTC0_NTD0_NEPBS0_NLCA1_NLCB1_ONLL1_OPLV0_PK0_PAP0_PGR1_PLR1_PKA0_SIA1_SLW1_SS0_SU32_SUM0_SUS256_SCIUI1_SPO0_SRVW0_SSO0_SVW4_SNLL0_TSGRA0_TSGRB0_TT4_4_TLDS0_UMLDSA0_UMLDSB0_USFGRO0_VAW2_VS1_VW4_VWB4_VFLRP0_WSGRA0_WSGRB0_WS64_WG8_8_1_WGM8",543,16965904088301,16965905961235,0,8192,64,1,1,3328,4,1
"KERNEL_DISPATCH",4,2,76,"void convert_unary<__half, float>(void const*, float*, long, long, long, HIP_vector_type<unsigned int, 3u>, long, long, long)",544,16965905961235,16965906003310,0,0,256,1,1,212992,1,1
"KERNEL_DISPATCH",4,2,51,"void dequantize_block_iq3_s<__half>(void const*, __half*)",545,16965906025977,16965906428061,0,0,32,1,1,3620864,1,1
"KERNEL_DISPATCH",4,2,64,"void convert_unary<float, __half>(void const*, __half*, long, long, long, HIP_vector_type<unsigned int, 3u>, long, long, long)",546,16965906428061,16965906486136,0,0,256,1,1,2228224,1,1
"KERNEL_DISPATCH",4,2,76,"void convert_unary<__half, float>(void const*, float*, long, long, long, HIP_vector_type<unsigned int, 3u>, long, long, long)",548,16965908442776,16965908485592,0,0,256,1,1,212992,1,1
"KERNEL_DISPATCH",4,2,321,"Cijk_Alik_Bljk_HB_MT32x32x32_SN_1LDSB0_APM1_ABV0_ACED0_AF0EM2_AF1EM1_AMAS3_ASE_ASGT_ASLT_ASM_ASAE01_ASCE01_ASEM2_AAC0_BL1_BS1_CLR0_DTLA0_DTLB0_DTVA0_DTVB0_DVO0_ETSP_EPS1_ELFLR0_EMLL0_FSSC10_FL0_GLVWA4_GLVWB4_GRCGA1_GRCGB1_GRPM1_GRVW4_GSU1_GSUASB_GLS0_ISA900_IU1_K1_KLA_LBSPPA0_LBSPPB0_LPA0_LPB0_LDL1_LRVW4_LWPMn1_LDW0_FMA_MIAV0_MDA2_MO40_MMFGLC_MKFGSU256_NTA0_NTB0_NTC0_NTD0_NEPBS0_NLCA1_NLCB1_ONLL1_OPLV0_PK0_PAP0_PGR1_PLR1_PKA0_SIA1_SLW1_SS0_SU32_SUM0_SUS256_SCIUI1_SPO0_SRVW0_SSO0_SVW4_SNLL0_TSGRA0_TSGRB0_TT4_4_TLDS0_UMLDSA0_UMLDSB0_USFGRO0_VAW2_VS1_VW4_VWB4_VFLRP0_WSGRA0_WSGRB0_WS64_WG8_8_1_WGM8",547,16965906486136,16965908442776,0,8192,64,1,1,3328,4,1
"KERNEL_DISPATCH",4,2,51,"void dequantize_block_iq3_s<__half>(void const*, __half*)",549,16965908510185,16965908881750,0,0,32,1,1,3620864,1,1
"KERNEL_DISPATCH",4,2,64,"void convert_unary<float, __half>(void const*, __half*, long, long, long, HIP_vector_type<unsigned int, 3u>, long, long, long)",550,16965908881750,16965908933899,0,0,256,1,1,2228224,1,1
"KERNEL_DISPATCH",4,2,76,"void convert_unary<__half, float>(void const*, float*, long, long, long, HIP_vector_type<unsigned int, 3u>, long, long, long)",552,16965910881649,16965910924910,0,0,256,1,1,212992,1,1
"KERNEL_DISPATCH",4,2,321,"Cijk_Alik_Bljk_HB_MT32x32x32_SN_1LDSB0_APM1_ABV0_ACED0_AF0EM2_AF1EM1_AMAS3_ASE_ASGT_ASLT_ASM_ASAE01_ASCE01_ASEM2_AAC0_BL1_BS1_CLR0_DTLA0_DTLB0_DTVA0_DTVB0_DVO0_ETSP_EPS1_ELFLR0_EMLL0_FSSC10_FL0_GLVWA4_GLVWB4_GRCGA1_GRCGB1_GRPM1_GRVW4_GSU1_GSUASB_GLS0_ISA900_IU1_K1_KLA_LBSPPA0_LBSPPB0_LPA0_LPB0_LDL1_LRVW4_LWPMn1_LDW0_FMA_MIAV0_MDA2_MO40_MMFGLC_MKFGSU256_NTA0_NTB0_NTC0_NTD0_NEPBS0_NLCA1_NLCB1_ONLL1_OPLV0_PK0_PAP0_PGR1_PLR1_PKA0_SIA1_SLW1_SS0_SU32_SUM0_SUS256_SCIUI1_SPO0_SRVW0_SSO0_SVW4_SNLL0_TSGRA0_TSGRB0_TT4_4_TLDS0_UMLDSA0_UMLDSB0_USFGRO0_VAW2_VS1_VW4_VWB4_VFLRP0_WSGRA0_WSGRB0_WS64_WG8_8_1_WGM8",551,16965908933899,16965910881649,0,8192,64,1,1,3328,4,1
"KERNEL_DISPATCH",4,2,51,"void dequantize_block_iq3_s<__half>(void const*, __half*)",553,16965910952170,16965911414107,0,0,32,1,1,3620864,1,1
"KERNEL_DISPATCH",4,2,64,"void convert_unary<float, __half>(void const*, __half*, long, long, long, HIP_vector_type<unsigned int, 3u>, long, long, long)",554,16965911414107,16965911491442,0,0,256,1,1,2228224,1,1
"KERNEL_DISPATCH",4,2,321,"Cijk_Alik_Bljk_HB_MT32x32x32_SN_1LDSB0_APM1_ABV0_ACED0_AF0EM2_AF1EM1_AMAS3_ASE_ASGT_ASLT_ASM_ASAE01_ASCE01_ASEM2_AAC0_BL1_BS1_CLR0_DTLA0_DTLB0_DTVA0_DTVB0_DVO0_ETSP_EPS1_ELFLR0_EMLL0_FSSC10_FL0_GLVWA4_GLVWB4_GRCGA1_GRCGB1_GRPM1_GRVW4_GSU1_GSUASB_GLS0_ISA900_IU1_K1_KLA_LBSPPA0_LBSPPB0_LPA0_LPB0_LDL1_LRVW4_LWPMn1_LDW0_FMA_MIAV0_MDA2_MO40_MMFGLC_MKFGSU256_NTA0_NTB0_NTC0_NTD0_NEPBS0_NLCA1_NLCB1_ONLL1_OPLV0_PK0_PAP0_PGR1_PLR1_PKA0_SIA1_SLW1_SS0_SU32_SUM0_SUS256_SCIUI1_SPO0_SRVW0_SSO0_SVW4_SNLL0_TSGRA0_TSGRB0_TT4_4_TLDS0_UMLDSA0_UMLDSB0_USFGRO0_VAW2_VS1_VW4_VWB4_VFLRP0_WSGRA0_WSGRB0_WS64_WG8_8_1_WGM8",555,16965911491442,16965913478749,0,8192,64,1,1,3328,4,1
"KERNEL_DISPATCH",4,2,76,"void convert_unary<__half, float>(void const*, float*, long, long, long, HIP_vector_type<unsigned int, 3u>, long, long, long)",556,16965913478749,16965913522305,0,0,256,1,1,212992,1,1
"KERNEL_DISPATCH",4,2,51,"void dequantize_block_iq3_s<__half>(void const*, __half*)",557,16965913544824,16965913913870,0,0,32,1,1,3620864,1,1
"KERNEL_DISPATCH",4,2,64,"void convert_unary<float, __half>(void const*, __half*, long, long, long, HIP_vector_type<unsigned int, 3u>, long, long, long)",558,16965913913870,16965913966020,0,0,256,1,1,2228224,1,1
"KERNEL_DISPATCH",4,2,321,"Cijk_Alik_Bljk_HB_MT32x32x32_SN_1LDSB0_APM1_ABV0_ACED0_AF0EM2_AF1EM1_AMAS3_ASE_ASGT_ASLT_ASM_ASAE01_ASCE01_ASEM2_AAC0_BL1_BS1_CLR0_DTLA0_DTLB0_DTVA0_DTVB0_DVO0_ETSP_EPS1_ELFLR0_EMLL0_FSSC10_FL0_GLVWA4_GLVWB4_GRCGA1_GRCGB1_GRPM1_GRVW4_GSU1_GSUASB_GLS0_ISA900_IU1_K1_KLA_LBSPPA0_LBSPPB0_LPA0_LPB0_LDL1_LRVW4_LWPMn1_LDW0_FMA_MIAV0_MDA2_MO40_MMFGLC_MKFGSU256_NTA0_NTB0_NTC0_NTD0_NEPBS0_NLCA1_NLCB1_ONLL1_OPLV0_PK0_PAP0_PGR1_PLR1_PKA0_SIA1_SLW1_SS0_SU32_SUM0_SUS256_SCIUI1_SPO0_SRVW0_SSO0_SVW4_SNLL0_TSGRA0_TSGRB0_TT4_4_TLDS0_UMLDSA0_UMLDSB0_USFGRO0_VAW2_VS1_VW4_VWB4_VFLRP0_WSGRA0_WSGRB0_WS64_WG8_8_1_WGM8",559,16965913966020,16965915923400,0,8192,64,1,1,3328,4,1
"KERNEL_DISPATCH",4,2,76,"void convert_unary<__half, float>(void const*, float*, long, long, long, HIP_vector_type<unsigned int, 3u>, long, long, long)",560,16965915923400,16965915965327,0,0,256,1,1,212992,1,1
"KERNEL_DISPATCH",4,2,51,"void dequantize_block_iq3_s<__half>(void const*, __half*)",561,16965915990957,16965916453339,0,0,32,1,1,3620864,1,1
"KERNEL_DISPATCH",4,2,64,"void convert_unary<float, __half>(void const*, __half*, long, long, long, HIP_vector_type<unsigned int, 3u>, long, long, long)",562,16965916453339,16965916530081,0,0,256,1,1,2228224,1,1
"KERNEL_DISPATCH",4,2,321,"Cijk_Alik_Bljk_HB_MT32x32x32_SN_1LDSB0_APM1_ABV0_ACED0_AF0EM2_AF1EM1_AMAS3_ASE_ASGT_ASLT_ASM_ASAE01_ASCE01_ASEM2_AAC0_BL1_BS1_CLR0_DTLA0_DTLB0_DTVA0_DTVB0_DVO0_ETSP_EPS1_ELFLR0_EMLL0_FSSC10_FL0_GLVWA4_GLVWB4_GRCGA1_GRCGB1_GRPM1_GRVW4_GSU1_GSUASB_GLS0_ISA900_IU1_K1_KLA_LBSPPA0_LBSPPB0_LPA0_LPB0_LDL1_LRVW4_LWPMn1_LDW0_FMA_MIAV0_MDA2_MO40_MMFGLC_MKFGSU256_NTA0_NTB0_NTC0_NTD0_NEPBS0_NLCA1_NLCB1_ONLL1_OPLV0_PK0_PAP0_PGR1_PLR1_PKA0_SIA1_SLW1_SS0_SU32_SUM0_SUS256_SCIUI1_SPO0_SRVW0_SSO0_SVW4_SNLL0_TSGRA0_TSGRB0_TT4_4_TLDS0_UMLDSA0_UMLDSB0_USFGRO0_VAW2_VS1_VW4_VWB4_VFLRP0_WSGRA0_WSGRB0_WS64_WG8_8_1_WGM8",563,16965916530081,16965918516499,0,8192,64,1,1,3328,4,1
"KERNEL_DISPATCH",4,2,76,"void convert_unary<__half, float>(void const*, float*, long, long, long, HIP_vector_type<unsigned int, 3u>, long, long, long)",564,16965918516499,16965918559167,0,0,256,1,1,212992,1,1
"KERNEL_DISPATCH",4,2,51,"void dequantize_block_iq3_s<__half>(void const*, __half*)",565,16965918580501,16965918947917,0,0,32,1,1,3620864,1,1
"KERNEL_DISPATCH",4,2,64,"void convert_unary<float, __half>(void const*, __half*, long, long, long, HIP_vector_type<unsigned int, 3u>, long, long, long)",566,16965918947917,16965919000363,0,0,256,1,1,2228224,1,1
"KERNEL_DISPATCH",4,2,321,"Cijk_Alik_Bljk_HB_MT32x32x32_SN_1LDSB0_APM1_ABV0_ACED0_AF0EM2_AF1EM1_AMAS3_ASE_ASGT_ASLT_ASM_ASAE01_ASCE01_ASEM2_AAC0_BL1_BS1_CLR0_DTLA0_DTLB0_DTVA0_DTVB0_DVO0_ETSP_EPS1_ELFLR0_EMLL0_FSSC10_FL0_GLVWA4_GLVWB4_GRCGA1_GRCGB1_GRPM1_GRVW4_GSU1_GSUASB_GLS0_ISA900_IU1_K1_KLA_LBSPPA0_LBSPPB0_LPA0_LPB0_LDL1_LRVW4_LWPMn1_LDW0_FMA_MIAV0_MDA2_MO40_MMFGLC_MKFGSU256_NTA0_NTB0_NTC0_NTD0_NEPBS0_NLCA1_NLCB1_ONLL1_OPLV0_PK0_PAP0_PGR1_PLR1_PKA0_SIA1_SLW1_SS0_SU32_SUM0_SUS256_SCIUI1_SPO0_SRVW0_SSO0_SVW4_SNLL0_TSGRA0_TSGRB0_TT4_4_TLDS0_UMLDSA0_UMLDSB0_USFGRO0_VAW2_VS1_VW4_VWB4_VFLRP0_WSGRA0_WSGRB0_WS64_WG8_8_1_WGM8",567,16965919000363,16965920968706,0,8192,64,1,1,3328,4,1
"KERNEL_DISPATCH",4,2,76,"void convert_unary<__half, float>(void const*, float*, long, long, long, HIP_vector_type<unsigned int, 3u>, long, long, long)",568,16965920968706,16965921010633,0,0,256,1,1,212992,1,1
"KERNEL_DISPATCH",4,2,51,"void dequantize_block_iq3_s<__half>(void const*, __half*)",569,16965921035671,16965921497608,0,0,32,1,1,3620864,1,1
"KERNEL_DISPATCH",4,2,64,"void convert_unary<float, __half>(void const*, __half*, long, long, long, HIP_vector_type<unsigned int, 3u>, long, long, long)",570,16965921497608,16965921573314,0,0,256,1,1,2228224,1,1
"KERNEL_DISPATCH",4,2,321,"Cijk_Alik_Bljk_HB_MT32x32x32_SN_1LDSB0_APM1_ABV0_ACED0_AF0EM2_AF1EM1_AMAS3_ASE_ASGT_ASLT_ASM_ASAE01_ASCE01_ASEM2_AAC0_BL1_BS1_CLR0_DTLA0_DTLB0_DTVA0_DTVB0_DVO0_ETSP_EPS1_ELFLR0_EMLL0_FSSC10_FL0_GLVWA4_GLVWB4_GRCGA1_GRCGB1_GRPM1_GRVW4_GSU1_GSUASB_GLS0_ISA900_IU1_K1_KLA_LBSPPA0_LBSPPB0_LPA0_LPB0_LDL1_LRVW4_LWPMn1_LDW0_FMA_MIAV0_MDA2_MO40_MMFGLC_MKFGSU256_NTA0_NTB0_NTC0_NTD0_NEPBS0_NLCA1_NLCB1_ONLL1_OPLV0_PK0_PAP0_PGR1_PLR1_PKA0_SIA1_SLW1_SS0_SU32_SUM0_SUS256_SCIUI1_SPO0_SRVW0_SSO0_SVW4_SNLL0_TSGRA0_TSGRB0_TT4_4_TLDS0_UMLDSA0_UMLDSB0_USFGRO0_VAW2_VS1_VW4_VWB4_VFLRP0_WSGRA0_WSGRB0_WS64_WG8_8_1_WGM8",571,16965921573314,16965923539435,0,8192,64,1,1,3328,4,1
"KERNEL_DISPATCH",4,2,76,"void convert_unary<__half, float>(void const*, float*, long, long, long, HIP_vector_type<unsigned int, 3u>, long, long, long)",572,16965923539435,16965923581362,0,0,256,1,1,212992,1,1
"KERNEL_DISPATCH",4,2,51,"void dequantize_block_iq3_s<__half>(void const*, __half*)",573,16965923608918,16965923969816,0,0,32,1,1,3620864,1,1
"KERNEL_DISPATCH",4,2,64,"void convert_unary<float, __half>(void const*, __half*, long, long, long, HIP_vector_type<unsigned int, 3u>, long, long, long)",574,16965923969816,16965924022113,0,0,256,1,1,2228224,1,1
"KERNEL_DISPATCH",4,2,76,"void convert_unary<__half, float>(void const*, float*, long, long, long, HIP_vector_type<unsigned int, 3u>, long, long, long)",576,16965926004087,16965926046606,0,0,256,1,1,212992,1,1
"KERNEL_DISPATCH",4,2,321,"Cijk_Alik_Bljk_HB_MT32x32x32_SN_1LDSB0_APM1_ABV0_ACED0_AF0EM2_AF1EM1_AMAS3_ASE_ASGT_ASLT_ASM_ASAE01_ASCE01_ASEM2_AAC0_BL1_BS1_CLR0_DTLA0_DTLB0_DTVA0_DTVB0_DVO0_ETSP_EPS1_ELFLR0_EMLL0_FSSC10_FL0_GLVWA4_GLVWB4_GRCGA1_GRCGB1_GRPM1_GRVW4_GSU1_GSUASB_GLS0_ISA900_IU1_K1_KLA_LBSPPA0_LBSPPB0_LPA0_LPB0_LDL1_LRVW4_LWPMn1_LDW0_FMA_MIAV0_MDA2_MO40_MMFGLC_MKFGSU256_NTA0_NTB0_NTC0_NTD0_NEPBS0_NLCA1_NLCB1_ONLL1_OPLV0_PK0_PAP0_PGR1_PLR1_PKA0_SIA1_SLW1_SS0_SU32_SUM0_SUS256_SCIUI1_SPO0_SRVW0_SSO0_SVW4_SNLL0_TSGRA0_TSGRB0_TT4_4_TLDS0_UMLDSA0_UMLDSB0_USFGRO0_VAW2_VS1_VW4_VWB4_VFLRP0_WSGRA0_WSGRB0_WS64_WG8_8_1_WGM8",575,16965924022113,16965926004087,0,8192,64,1,1,3328,4,1
"KERNEL_DISPATCH",4,2,51,"void dequantize_block_iq3_s<__half>(void const*, __half*)",577,16965926071199,16965926532988,0,0,32,1,1,3620864,1,1
"KERNEL_DISPATCH",4,2,64,"void convert_unary<float, __half>(void const*, __half*, long, long, long, HIP_vector_type<unsigned int, 3u>, long, long, long)",578,16965926532988,16965926608990,0,0,256,1,1,2228224,1,1
"KERNEL_DISPATCH",4,2,76,"void convert_unary<__half, float>(void const*, float*, long, long, long, HIP_vector_type<unsigned int, 3u>, long, long, long)",580,16965928575556,16965928617483,0,0,256,1,1,212992,1,1
"KERNEL_DISPATCH",4,2,321,"Cijk_Alik_Bljk_HB_MT32x32x32_SN_1LDSB0_APM1_ABV0_ACED0_AF0EM2_AF1EM1_AMAS3_ASE_ASGT_ASLT_ASM_ASAE01_ASCE01_ASEM2_AAC0_BL1_BS1_CLR0_DTLA0_DTLB0_DTVA0_DTVB0_DVO0_ETSP_EPS1_ELFLR0_EMLL0_FSSC10_FL0_GLVWA4_GLVWB4_GRCGA1_GRCGB1_GRPM1_GRVW4_GSU1_GSUASB_GLS0_ISA900_IU1_K1_KLA_LBSPPA0_LBSPPB0_LPA0_LPB0_LDL1_LRVW4_LWPMn1_LDW0_FMA_MIAV0_MDA2_MO40_MMFGLC_MKFGSU256_NTA0_NTB0_NTC0_NTD0_NEPBS0_NLCA1_NLCB1_ONLL1_OPLV0_PK0_PAP0_PGR1_PLR1_PKA0_SIA1_SLW1_SS0_SU32_SUM0_SUS256_SCIUI1_SPO0_SRVW0_SSO0_SVW4_SNLL0_TSGRA0_TSGRB0_TT4_4_TLDS0_UMLDSA0_UMLDSB0_USFGRO0_VAW2_VS1_VW4_VWB4_VFLRP0_WSGRA0_WSGRB0_WS64_WG8_8_1_WGM8",579,16965926608990,16965928575556,0,8192,64,1,1,3328,4,1
"KERNEL_DISPATCH",4,2,51,"void dequantize_block_iq3_s<__half>(void const*, __half*)",581,16965928637928,16965928998381,0,0,32,1,1,3620864,1,1
"KERNEL_DISPATCH",4,2,64,"void convert_unary<float, __half>(void const*, __half*, long, long, long, HIP_vector_type<unsigned int, 3u>, long, long, long)",582,16965928998381,16965929050678,0,0,256,1,1,2228224,1,1
"KERNEL_DISPATCH",4,2,76,"void convert_unary<__half, float>(void const*, float*, long, long, long, HIP_vector_type<unsigned int, 3u>, long, long, long)",584,16965931037393,16965931079468,0,0,256,1,1,212992,1,1
"KERNEL_DISPATCH",4,2,321,"Cijk_Alik_Bljk_HB_MT32x32x32_SN_1LDSB0_APM1_ABV0_ACED0_AF0EM2_AF1EM1_AMAS3_ASE_ASGT_ASLT_ASM_ASAE01_ASCE01_ASEM2_AAC0_BL1_BS1_CLR0_DTLA0_DTLB0_DTVA0_DTVB0_DVO0_ETSP_EPS1_ELFLR0_EMLL0_FSSC10_FL0_GLVWA4_GLVWB4_GRCGA1_GRCGB1_GRPM1_GRVW4_GSU1_GSUASB_GLS0_ISA900_IU1_K1_KLA_LBSPPA0_LBSPPB0_LPA0_LPB0_LDL1_LRVW4_LWPMn1_LDW0_FMA_MIAV0_MDA2_MO40_MMFGLC_MKFGSU256_NTA0_NTB0_NTC0_NTD0_NEPBS0_NLCA1_NLCB1_ONLL1_OPLV0_PK0_PAP0_PGR1_PLR1_PKA0_SIA1_SLW1_SS0_SU32_SUM0_SUS256_SCIUI1_SPO0_SRVW0_SSO0_SVW4_SNLL0_TSGRA0_TSGRB0_TT4_4_TLDS0_UMLDSA0_UMLDSB0_USFGRO0_VAW2_VS1_VW4_VWB4_VFLRP0_WSGRA0_WSGRB0_WS64_WG8_8_1_WGM8",583,16965929050678,16965931037393,0,8192,64,1,1,3328,4,1
"KERNEL_DISPATCH",4,2,51,"void dequantize_block_iq3_s<__half>(void const*, __half*)",585,16965931103913,16965931565702,0,0,32,1,1,3620864,1,1
"KERNEL_DISPATCH",4,2,64,"void convert_unary<float, __half>(void const*, __half*, long, long, long, HIP_vector_type<unsigned int, 3u>, long, long, long)",586,16965931565702,16965931642148,0,0,256,1,1,2228224,1,1
"KERNEL_DISPATCH",4,2,76,"void convert_unary<__half, float>(void const*, float*, long, long, long, HIP_vector_type<unsigned int, 3u>, long, long, long)",588,16965933633603,16965933677160,0,0,256,1,1,212992,1,1
"KERNEL_DISPATCH",4,2,321,"Cijk_Alik_Bljk_HB_MT32x32x32_SN_1LDSB0_APM1_ABV0_ACED0_AF0EM2_AF1EM1_AMAS3_ASE_ASGT_ASLT_ASM_ASAE01_ASCE01_ASEM2_AAC0_BL1_BS1_CLR0_DTLA0_DTLB0_DTVA0_DTVB0_DVO0_ETSP_EPS1_ELFLR0_EMLL0_FSSC10_FL0_GLVWA4_GLVWB4_GRCGA1_GRCGB1_GRPM1_GRVW4_GSU1_GSUASB_GLS0_ISA900_IU1_K1_KLA_LBSPPA0_LBSPPB0_LPA0_LPB0_LDL1_LRVW4_LWPMn1_LDW0_FMA_MIAV0_MDA2_MO40_MMFGLC_MKFGSU256_NTA0_NTB0_NTC0_NTD0_NEPBS0_NLCA1_NLCB1_ONLL1_OPLV0_PK0_PAP0_PGR1_PLR1_PKA0_SIA1_SLW1_SS0_SU32_SUM0_SUS256_SCIUI1_SPO0_SRVW0_SSO0_SVW4_SNLL0_TSGRA0_TSGRB0_TT4_4_TLDS0_UMLDSA0_UMLDSB0_USFGRO0_VAW2_VS1_VW4_VWB4_VFLRP0_WSGRA0_WSGRB0_WS64_WG8_8_1_WGM8",587,16965931642148,16965933633603,0,8192,64,1,1,3328,4,1
"KERNEL_DISPATCH",4,2,51,"void dequantize_block_iq3_s<__half>(void const*, __half*)",589,16965933699531,16965934102207,0,0,32,1,1,3620864,1,1
"KERNEL_DISPATCH",4,2,64,"void convert_unary<float, __half>(void const*, __half*, long, long, long, HIP_vector_type<unsigned int, 3u>, long, long, long)",590,16965934102207,16965934160431,0,0,256,1,1,2228224,1,1
"KERNEL_DISPATCH",4,2,76,"void convert_unary<__half, float>(void const*, float*, long, long, long, HIP_vector_type<unsigned int, 3u>, long, long, long)",592,16965936125811,16965936168775,0,0,256,1,1,212992,1,1
"KERNEL_DISPATCH",4,2,321,"Cijk_Alik_Bljk_HB_MT32x32x32_SN_1LDSB0_APM1_ABV0_ACED0_AF0EM2_AF1EM1_AMAS3_ASE_ASGT_ASLT_ASM_ASAE01_ASCE01_ASEM2_AAC0_BL1_BS1_CLR0_DTLA0_DTLB0_DTVA0_DTVB0_DVO0_ETSP_EPS1_ELFLR0_EMLL0_FSSC10_FL0_GLVWA4_GLVWB4_GRCGA1_GRCGB1_GRPM1_GRVW4_GSU1_GSUASB_GLS0_ISA900_IU1_K1_KLA_LBSPPA0_LBSPPB0_LPA0_LPB0_LDL1_LRVW4_LWPMn1_LDW0_FMA_MIAV0_MDA2_MO40_MMFGLC_MKFGSU256_NTA0_NTB0_NTC0_NTD0_NEPBS0_NLCA1_NLCB1_ONLL1_OPLV0_PK0_PAP0_PGR1_PLR1_PKA0_SIA1_SLW1_SS0_SU32_SUM0_SUS256_SCIUI1_SPO0_SRVW0_SSO0_SVW4_SNLL0_TSGRA0_TSGRB0_TT4_4_TLDS0_UMLDSA0_UMLDSB0_USFGRO0_VAW2_VS1_VW4_VWB4_VFLRP0_WSGRA0_WSGRB0_WS64_WG8_8_1_WGM8",591,16965934160431,16965936125811,0,8192,64,1,1,3328,4,1
"KERNEL_DISPATCH",4,2,51,"void dequantize_block_iq3_s<__half>(void const*, __half*)",593,16965936190702,16965936587600,0,0,32,1,1,3620864,1,1
"KERNEL_DISPATCH",4,2,64,"void convert_unary<float, __half>(void const*, __half*, long, long, long, HIP_vector_type<unsigned int, 3u>, long, long, long)",594,16965936587600,16965936650120,0,0,256,1,1,2228224,1,1
"KERNEL_DISPATCH",4,2,76,"void convert_unary<__half, float>(void const*, float*, long, long, long, HIP_vector_type<unsigned int, 3u>, long, long, long)",596,16965938522017,16965938564388,0,0,256,1,1,212992,1,1
"KERNEL_DISPATCH",4,2,321,"Cijk_Alik_Bljk_HB_MT32x32x32_SN_1LDSB0_APM1_ABV0_ACED0_AF0EM2_AF1EM1_AMAS3_ASE_ASGT_ASLT_ASM_ASAE01_ASCE01_ASEM2_AAC0_BL1_BS1_CLR0_DTLA0_DTLB0_DTVA0_DTVB0_DVO0_ETSP_EPS1_ELFLR0_EMLL0_FSSC10_FL0_GLVWA4_GLVWB4_GRCGA1_GRCGB1_GRPM1_GRVW4_GSU1_GSUASB_GLS0_ISA900_IU1_K1_KLA_LBSPPA0_LBSPPB0_LPA0_LPB0_LDL1_LRVW4_LWPMn1_LDW0_FMA_MIAV0_MDA2_MO40_MMFGLC_MKFGSU256_NTA0_NTB0_NTC0_NTD0_NEPBS0_NLCA1_NLCB1_ONLL1_OPLV0_PK0_PAP0_PGR1_PLR1_PKA0_SIA1_SLW1_SS0_SU32_SUM0_SUS256_SCIUI1_SPO0_SRVW0_SSO0_SVW4_SNLL0_TSGRA0_TSGRB0_TT4_4_TLDS0_UMLDSA0_UMLDSB0_USFGRO0_VAW2_VS1_VW4_VWB4_VFLRP0_WSGRA0_WSGRB0_WS64_WG8_8_1_WGM8",595,16965936650120,16965938522017,0,8192,64,1,1,3328,4,1
"KERNEL_DISPATCH",4,2,51,"void dequantize_block_iq3_s<__half>(void const*, __half*)",597,16965938587352,16965938957879,0,0,32,1,1,3620864,1,1
"KERNEL_DISPATCH",4,2,64,"void convert_unary<float, __half>(void const*, __half*, long, long, long, HIP_vector_type<unsigned int, 3u>, long, long, long)",598,16965938957879,16965939010325,0,0,256,1,1,2228224,1,1
"KERNEL_DISPATCH",4,2,76,"void convert_unary<__half, float>(void const*, float*, long, long, long, HIP_vector_type<unsigned int, 3u>, long, long, long)",600,16965940985780,16965941027707,0,0,256,1,1,212992,1,1
"KERNEL_DISPATCH",4,2,321,"Cijk_Alik_Bljk_HB_MT32x32x32_SN_1LDSB0_APM1_ABV0_ACED0_AF0EM2_AF1EM1_AMAS3_ASE_ASGT_ASLT_ASM_ASAE01_ASCE01_ASEM2_AAC0_BL1_BS1_CLR0_DTLA0_DTLB0_DTVA0_DTVB0_DVO0_ETSP_EPS1_ELFLR0_EMLL0_FSSC10_FL0_GLVWA4_GLVWB4_GRCGA1_GRCGB1_GRPM1_GRVW4_GSU1_GSUASB_GLS0_ISA900_IU1_K1_KLA_LBSPPA0_LBSPPB0_LPA0_LPB0_LDL1_LRVW4_LWPMn1_LDW0_FMA_MIAV0_MDA2_MO40_MMFGLC_MKFGSU256_NTA0_NTB0_NTC0_NTD0_NEPBS0_NLCA1_NLCB1_ONLL1_OPLV0_PK0_PAP0_PGR1_PLR1_PKA0_SIA1_SLW1_SS0_SU32_SUM0_SUS256_SCIUI1_SPO0_SRVW0_SSO0_SVW4_SNLL0_TSGRA0_TSGRB0_TT4_4_TLDS0_UMLDSA0_UMLDSB0_USFGRO0_VAW2_VS1_VW4_VWB4_VFLRP0_WSGRA0_WSGRB0_WS64_WG8_8_1_WGM8",599,16965939010325,16965940985780,0,8192,64,1,1,3328,4,1
"KERNEL_DISPATCH",4,2,51,"void dequantize_block_iq3_s<__half>(void const*, __half*)",601,16965941054374,16965941516163,0,0,32,1,1,3620864,1,1
"KERNEL_DISPATCH",4,2,64,"void convert_unary<float, __half>(void const*, __half*, long, long, long, HIP_vector_type<unsigned int, 3u>, long, long, long)",602,16965941516163,16965941592165,0,0,256,1,1,2228224,1,1
"KERNEL_DISPATCH",4,2,321,"Cijk_Alik_Bljk_HB_MT32x32x32_SN_1LDSB0_APM1_ABV0_ACED0_AF0EM2_AF1EM1_AMAS3_ASE_ASGT_ASLT_ASM_ASAE01_ASCE01_ASEM2_AAC0_BL1_BS1_CLR0_DTLA0_DTLB0_DTVA0_DTVB0_DVO0_ETSP_EPS1_ELFLR0_EMLL0_FSSC10_FL0_GLVWA4_GLVWB4_GRCGA1_GRCGB1_GRPM1_GRVW4_GSU1_GSUASB_GLS0_ISA900_IU1_K1_KLA_LBSPPA0_LBSPPB0_LPA0_LPB0_LDL1_LRVW4_LWPMn1_LDW0_FMA_MIAV0_MDA2_MO40_MMFGLC_MKFGSU256_NTA0_NTB0_NTC0_NTD0_NEPBS0_NLCA1_NLCB1_ONLL1_OPLV0_PK0_PAP0_PGR1_PLR1_PKA0_SIA1_SLW1_SS0_SU32_SUM0_SUS256_SCIUI1_SPO0_SRVW0_SSO0_SVW4_SNLL0_TSGRA0_TSGRB0_TT4_4_TLDS0_UMLDSA0_UMLDSB0_USFGRO0_VAW2_VS1_VW4_VWB4_VFLRP0_WSGRA0_WSGRB0_WS64_WG8_8_1_WGM8",603,16965941592165,16965943558582,0,8192,64,1,1,3328,4,1
"KERNEL_DISPATCH",4,2,76,"void convert_unary<__half, float>(void const*, float*, long, long, long, HIP_vector_type<unsigned int, 3u>, long, long, long)",604,16965943558582,16965943601102,0,0,256,1,1,212992,1,1
"KERNEL_DISPATCH",4,2,51,"void dequantize_block_iq3_s<__half>(void const*, __half*)",605,16965943624658,16965943985259,0,0,32,1,1,3620864,1,1
"KERNEL_DISPATCH",4,2,64,"void convert_unary<float, __half>(void const*, __half*, long, long, long, HIP_vector_type<unsigned int, 3u>, long, long, long)",606,16965943985259,16965944037705,0,0,256,1,1,2228224,1,1
"KERNEL_DISPATCH",4,2,76,"void convert_unary<__half, float>(void const*, float*, long, long, long, HIP_vector_type<unsigned int, 3u>, long, long, long)",608,16965946025067,16965946067587,0,0,256,1,1,212992,1,1
"KERNEL_DISPATCH",4,2,321,"Cijk_Alik_Bljk_HB_MT32x32x32_SN_1LDSB0_APM1_ABV0_ACED0_AF0EM2_AF1EM1_AMAS3_ASE_ASGT_ASLT_ASM_ASAE01_ASCE01_ASEM2_AAC0_BL1_BS1_CLR0_DTLA0_DTLB0_DTVA0_DTVB0_DVO0_ETSP_EPS1_ELFLR0_EMLL0_FSSC10_FL0_GLVWA4_GLVWB4_GRCGA1_GRCGB1_GRPM1_GRVW4_GSU1_GSUASB_GLS0_ISA900_IU1_K1_KLA_LBSPPA0_LBSPPB0_LPA0_LPB0_LDL1_LRVW4_LWPMn1_LDW0_FMA_MIAV0_MDA2_MO40_MMFGLC_MKFGSU256_NTA0_NTB0_NTC0_NTD0_NEPBS0_NLCA1_NLCB1_ONLL1_OPLV0_PK0_PAP0_PGR1_PLR1_PKA0_SIA1_SLW1_SS0_SU32_SUM0_SUS256_SCIUI1_SPO0_SRVW0_SSO0_SVW4_SNLL0_TSGRA0_TSGRB0_TT4_4_TLDS0_UMLDSA0_UMLDSB0_USFGRO0_VAW2_VS1_VW4_VWB4_VFLRP0_WSGRA0_WSGRB0_WS64_WG8_8_1_WGM8",607,16965944037760,16965946025067,0,8192,64,1,1,3328,4,1
"KERNEL_DISPATCH",4,2,51,"void dequantize_block_iq3_s<__half>(void const*, __half*)",609,16965946093068,16965946554857,0,0,32,1,1,3620864,1,1
"KERNEL_DISPATCH",4,2,64,"void convert_unary<float, __half>(void const*, __half*, long, long, long, HIP_vector_type<unsigned int, 3u>, long, long, long)",610,16965946554857,16965946629821,0,0,256,1,1,2228224,1,1
"KERNEL_DISPATCH",4,2,321,"Cijk_Alik_Bljk_HB_MT32x32x32_SN_1LDSB0_APM1_ABV0_ACED0_AF0EM2_AF1EM1_AMAS3_ASE_ASGT_ASLT_ASM_ASAE01_ASCE01_ASEM2_AAC0_BL1_BS1_CLR0_DTLA0_DTLB0_DTVA0_DTVB0_DVO0_ETSP_EPS1_ELFLR0_EMLL0_FSSC10_FL0_GLVWA4_GLVWB4_GRCGA1_GRCGB1_GRPM1_GRVW4_GSU1_GSUASB_GLS0_ISA900_IU1_K1_KLA_LBSPPA0_LBSPPB0_LPA0_LPB0_LDL1_LRVW4_LWPMn1_LDW0_FMA_MIAV0_MDA2_MO40_MMFGLC_MKFGSU256_NTA0_NTB0_NTC0_NTD0_NEPBS0_NLCA1_NLCB1_ONLL1_OPLV0_PK0_PAP0_PGR1_PLR1_PKA0_SIA1_SLW1_SS0_SU32_SUM0_SUS256_SCIUI1_SPO0_SRVW0_SSO0_SVW4_SNLL0_TSGRA0_TSGRB0_TT4_4_TLDS0_UMLDSA0_UMLDSB0_USFGRO0_VAW2_VS1_VW4_VWB4_VFLRP0_WSGRA0_WSGRB0_WS64_WG8_8_1_WGM8",611,16965946629821,16965948599054,0,8192,64,1,1,3328,4,1
"KERNEL_DISPATCH",4,2,76,"void convert_unary<__half, float>(void const*, float*, long, long, long, HIP_vector_type<unsigned int, 3u>, long, long, long)",612,16965948599054,16965948641573,0,0,256,1,1,212992,1,1
"KERNEL_DISPATCH",4,2,51,"void dequantize_block_iq3_s<__half>(void const*, __half*)",613,16965948663055,16965949023805,0,0,32,1,1,3620864,1,1
"KERNEL_DISPATCH",4,2,64,"void convert_unary<float, __half>(void const*, __half*, long, long, long, HIP_vector_type<unsigned int, 3u>, long, long, long)",614,16965949023805,16965949076547,0,0,256,1,1,2228224,1,1
"KERNEL_DISPATCH",4,2,321,"Cijk_Alik_Bljk_HB_MT32x32x32_SN_1LDSB0_APM1_ABV0_ACED0_AF0EM2_AF1EM1_AMAS3_ASE_ASGT_ASLT_ASM_ASAE01_ASCE01_ASEM2_AAC0_BL1_BS1_CLR0_DTLA0_DTLB0_DTVA0_DTVB0_DVO0_ETSP_EPS1_ELFLR0_EMLL0_FSSC10_FL0_GLVWA4_GLVWB4_GRCGA1_GRCGB1_GRPM1_GRVW4_GSU1_GSUASB_GLS0_ISA900_IU1_K1_KLA_LBSPPA0_LBSPPB0_LPA0_LPB0_LDL1_LRVW4_LWPMn1_LDW0_FMA_MIAV0_MDA2_MO40_MMFGLC_MKFGSU256_NTA0_NTB0_NTC0_NTD0_NEPBS0_NLCA1_NLCB1_ONLL1_OPLV0_PK0_PAP0_PGR1_PLR1_PKA0_SIA1_SLW1_SS0_SU32_SUM0_SUS256_SCIUI1_SPO0_SRVW0_SSO0_SVW4_SNLL0_TSGRA0_TSGRB0_TT4_4_TLDS0_UMLDSA0_UMLDSB0_USFGRO0_VAW2_VS1_VW4_VWB4_VFLRP0_WSGRA0_WSGRB0_WS64_WG8_8_1_WGM8",615,16965949076547,16965951065484,0,8192,64,1,1,3328,4,1
"KERNEL_DISPATCH",4,2,76,"void convert_unary<__half, float>(void const*, float*, long, long, long, HIP_vector_type<unsigned int, 3u>, long, long, long)",616,16965951065484,16965951108003,0,0,256,1,1,212992,1,1
"KERNEL_DISPATCH",4,2,51,"void dequantize_block_iq3_s<__half>(void const*, __half*)",617,16965951133189,16965951595422,0,0,32,1,1,3620864,1,1
"KERNEL_DISPATCH",4,2,64,"void convert_unary<float, __half>(void const*, __half*, long, long, long, HIP_vector_type<unsigned int, 3u>, long, long, long)",618,16965951595422,16965951676609,0,0,256,1,1,2228224,1,1
"KERNEL_DISPATCH",4,2,321,"Cijk_Alik_Bljk_HB_MT32x32x32_SN_1LDSB0_APM1_ABV0_ACED0_AF0EM2_AF1EM1_AMAS3_ASE_ASGT_ASLT_ASM_ASAE01_ASCE01_ASEM2_AAC0_BL1_BS1_CLR0_DTLA0_DTLB0_DTVA0_DTVB0_DVO0_ETSP_EPS1_ELFLR0_EMLL0_FSSC10_FL0_GLVWA4_GLVWB4_GRCGA1_GRCGB1_GRPM1_GRVW4_GSU1_GSUASB_GLS0_ISA900_IU1_K1_KLA_LBSPPA0_LBSPPB0_LPA0_LPB0_LDL1_LRVW4_LWPMn1_LDW0_FMA_MIAV0_MDA2_MO40_MMFGLC_MKFGSU256_NTA0_NTB0_NTC0_NTD0_NEPBS0_NLCA1_NLCB1_ONLL1_OPLV0_PK0_PAP0_PGR1_PLR1_PKA0_SIA1_SLW1_SS0_SU32_SUM0_SUS256_SCIUI1_SPO0_SRVW0_SSO0_SVW4_SNLL0_TSGRA0_TSGRB0_TT4_4_TLDS0_UMLDSA0_UMLDSB0_USFGRO0_VAW2_VS1_VW4_VWB4_VFLRP0_WSGRA0_WSGRB0_WS64_WG8_8_1_WGM8",619,16965951676609,16965953642434,0,8192,64,1,1,3328,4,1
"KERNEL_DISPATCH",4,2,76,"void convert_unary<__half, float>(void const*, float*, long, long, long, HIP_vector_type<unsigned int, 3u>, long, long, long)",620,16965953642434,16965953685102,0,0,256,1,1,212992,1,1
"KERNEL_DISPATCH",4,2,51,"void dequantize_block_iq3_s<__half>(void const*, __half*)",621,16965953707473,16965954109408,0,0,32,1,1,3620864,1,1
"KERNEL_DISPATCH",4,2,64,"void convert_unary<float, __half>(void const*, __half*, long, long, long, HIP_vector_type<unsigned int, 3u>, long, long, long)",622,16965954109408,16965954167484,0,0,256,1,1,2228224,1,1
"KERNEL_DISPATCH",4,2,76,"void convert_unary<__half, float>(void const*, float*, long, long, long, HIP_vector_type<unsigned int, 3u>, long, long, long)",624,16965956132420,16965956174643,0,0,256,1,1,212992,1,1
"KERNEL_DISPATCH",4,2,321,"Cijk_Alik_Bljk_HB_MT32x32x32_SN_1LDSB0_APM1_ABV0_ACED0_AF0EM2_AF1EM1_AMAS3_ASE_ASGT_ASLT_ASM_ASAE01_ASCE01_ASEM2_AAC0_BL1_BS1_CLR0_DTLA0_DTLB0_DTVA0_DTVB0_DVO0_ETSP_EPS1_ELFLR0_EMLL0_FSSC10_FL0_GLVWA4_GLVWB4_GRCGA1_GRCGB1_GRPM1_GRVW4_GSU1_GSUASB_GLS0_ISA900_IU1_K1_KLA_LBSPPA0_LBSPPB0_LPA0_LPB0_LDL1_LRVW4_LWPMn1_LDW0_FMA_MIAV0_MDA2_MO40_MMFGLC_MKFGSU256_NTA0_NTB0_NTC0_NTD0_NEPBS0_NLCA1_NLCB1_ONLL1_OPLV0_PK0_PAP0_PGR1_PLR1_PKA0_SIA1_SLW1_SS0_SU32_SUM0_SUS256_SCIUI1_SPO0_SRVW0_SSO0_SVW4_SNLL0_TSGRA0_TSGRB0_TT4_4_TLDS0_UMLDSA0_UMLDSB0_USFGRO0_VAW2_VS1_VW4_VWB4_VFLRP0_WSGRA0_WSGRB0_WS64_WG8_8_1_WGM8",623,16965954167484,16965956132420,0,8192,64,1,1,3328,4,1
"KERNEL_DISPATCH",4,2,51,"void dequantize_block_iq3_s<__half>(void const*, __half*)",625,16965956198051,16965956602505,0,0,32,1,1,3620864,1,1
"KERNEL_DISPATCH",4,2,64,"void convert_unary<float, __half>(void const*, __half*, long, long, long, HIP_vector_type<unsigned int, 3u>, long, long, long)",626,16965956602505,16965956655099,0,0,256,1,1,2228224,1,1
"KERNEL_DISPATCH",4,2,76,"void convert_unary<__half, float>(void const*, float*, long, long, long, HIP_vector_type<unsigned int, 3u>, long, long, long)",628,16965958538107,16965958579738,0,0,256,1,1,212992,1,1
"KERNEL_DISPATCH",4,2,321,"Cijk_Alik_Bljk_HB_MT32x32x32_SN_1LDSB0_APM1_ABV0_ACED0_AF0EM2_AF1EM1_AMAS3_ASE_ASGT_ASLT_ASM_ASAE01_ASCE01_ASEM2_AAC0_BL1_BS1_CLR0_DTLA0_DTLB0_DTVA0_DTVB0_DVO0_ETSP_EPS1_ELFLR0_EMLL0_FSSC10_FL0_GLVWA4_GLVWB4_GRCGA1_GRCGB1_GRPM1_GRVW4_GSU1_GSUASB_GLS0_ISA900_IU1_K1_KLA_LBSPPA0_LBSPPB0_LPA0_LPB0_LDL1_LRVW4_LWPMn1_LDW0_FMA_MIAV0_MDA2_MO40_MMFGLC_MKFGSU256_NTA0_NTB0_NTC0_NTD0_NEPBS0_NLCA1_NLCB1_ONLL1_OPLV0_PK0_PAP0_PGR1_PLR1_PKA0_SIA1_SLW1_SS0_SU32_SUM0_SUS256_SCIUI1_SPO0_SRVW0_SSO0_SVW4_SNLL0_TSGRA0_TSGRB0_TT4_4_TLDS0_UMLDSA0_UMLDSB0_USFGRO0_VAW2_VS1_VW4_VWB4_VFLRP0_WSGRA0_WSGRB0_WS64_WG8_8_1_WGM8",627,16965956655099,16965958538107,0,8192,64,1,1,3328,4,1
"KERNEL_DISPATCH",4,2,51,"void dequantize_block_iq3_s<__half>(void const*, __half*)",629,16965958602257,16965958971007,0,0,32,1,1,3620864,1,1
"KERNEL_DISPATCH",4,2,64,"void convert_unary<float, __half>(void const*, __half*, long, long, long, HIP_vector_type<unsigned int, 3u>, long, long, long)",630,16965958971007,16965959023304,0,0,256,1,1,2228224,1,1
"KERNEL_DISPATCH",4,2,321,"Cijk_Alik_Bljk_HB_MT32x32x32_SN_1LDSB0_APM1_ABV0_ACED0_AF0EM2_AF1EM1_AMAS3_ASE_ASGT_ASLT_ASM_ASAE01_ASCE01_ASEM2_AAC0_BL1_BS1_CLR0_DTLA0_DTLB0_DTVA0_DTVB0_DVO0_ETSP_EPS1_ELFLR0_EMLL0_FSSC10_FL0_GLVWA4_GLVWB4_GRCGA1_GRCGB1_GRPM1_GRVW4_GSU1_GSUASB_GLS0_ISA900_IU1_K1_KLA_LBSPPA0_LBSPPB0_LPA0_LPB0_LDL1_LRVW4_LWPMn1_LDW0_FMA_MIAV0_MDA2_MO40_MMFGLC_MKFGSU256_NTA0_NTB0_NTC0_NTD0_NEPBS0_NLCA1_NLCB1_ONLL1_OPLV0_PK0_PAP0_PGR1_PLR1_PKA0_SIA1_SLW1_SS0_SU32_SUM0_SUS256_SCIUI1_SPO0_SRVW0_SSO0_SVW4_SNLL0_TSGRA0_TSGRB0_TT4_4_TLDS0_UMLDSA0_UMLDSB0_USFGRO0_VAW2_VS1_VW4_VWB4_VFLRP0_WSGRA0_WSGRB0_WS64_WG8_8_1_WGM8",631,16965959023304,16965961002463,0,8192,64,1,1,3328,4,1
"KERNEL_DISPATCH",4,2,76,"void convert_unary<__half, float>(void const*, float*, long, long, long, HIP_vector_type<unsigned int, 3u>, long, long, long)",632,16965961002463,16965961044538,0,0,256,1,1,212992,1,1
"KERNEL_DISPATCH",4,2,51,"void dequantize_block_iq3_s<__half>(void const*, __half*)",633,16965961069428,16965961531661,0,0,32,1,1,3620864,1,1
"KERNEL_DISPATCH",4,2,64,"void convert_unary<float, __half>(void const*, __half*, long, long, long, HIP_vector_type<unsigned int, 3u>, long, long, long)",634,16965961531661,16965961606922,0,0,256,1,1,2228224,1,1
"KERNEL_DISPATCH",4,2,321,"Cijk_Alik_Bljk_HB_MT32x32x32_SN_1LDSB0_APM1_ABV0_ACED0_AF0EM2_AF1EM1_AMAS3_ASE_ASGT_ASLT_ASM_ASAE01_ASCE01_ASEM2_AAC0_BL1_BS1_CLR0_DTLA0_DTLB0_DTVA0_DTVB0_DVO0_ETSP_EPS1_ELFLR0_EMLL0_FSSC10_FL0_GLVWA4_GLVWB4_GRCGA1_GRCGB1_GRPM1_GRVW4_GSU1_GSUASB_GLS0_ISA900_IU1_K1_KLA_LBSPPA0_LBSPPB0_LPA0_LPB0_LDL1_LRVW4_LWPMn1_LDW0_FMA_MIAV0_MDA2_MO40_MMFGLC_MKFGSU256_NTA0_NTB0_NTC0_NTD0_NEPBS0_NLCA1_NLCB1_ONLL1_OPLV0_PK0_PAP0_PGR1_PLR1_PKA0_SIA1_SLW1_SS0_SU32_SUM0_SUS256_SCIUI1_SPO0_SRVW0_SSO0_SVW4_SNLL0_TSGRA0_TSGRB0_TT4_4_TLDS0_UMLDSA0_UMLDSB0_USFGRO0_VAW2_VS1_VW4_VWB4_VFLRP0_WSGRA0_WSGRB0_WS64_WG8_8_1_WGM8",635,16965961606922,16965963580599,0,8192,64,1,1,3328,4,1
"KERNEL_DISPATCH",4,2,76,"void convert_unary<__half, float>(void const*, float*, long, long, long, HIP_vector_type<unsigned int, 3u>, long, long, long)",636,16965963580599,16965963622378,0,0,256,1,1,212992,1,1
"KERNEL_DISPATCH",4,2,51,"void dequantize_block_iq3_s<__half>(void const*, __half*)",637,16965963642971,16965964003720,0,0,32,1,1,3620864,1,1
"KERNEL_DISPATCH",4,2,64,"void convert_unary<float, __half>(void const*, __half*, long, long, long, HIP_vector_type<unsigned int, 3u>, long, long, long)",638,16965964003720,16965964055870,0,0,256,1,1,2228224,1,1
"KERNEL_DISPATCH",4,2,321,"Cijk_Alik_Bljk_HB_MT32x32x32_SN_1LDSB0_APM1_ABV0_ACED0_AF0EM2_AF1EM1_AMAS3_ASE_ASGT_ASLT_ASM_ASAE01_ASCE01_ASEM2_AAC0_BL1_BS1_CLR0_DTLA0_DTLB0_DTVA0_DTVB0_DVO0_ETSP_EPS1_ELFLR0_EMLL0_FSSC10_FL0_GLVWA4_GLVWB4_GRCGA1_GRCGB1_GRPM1_GRVW4_GSU1_GSUASB_GLS0_ISA900_IU1_K1_KLA_LBSPPA0_LBSPPB0_LPA0_LPB0_LDL1_LRVW4_LWPMn1_LDW0_FMA_MIAV0_MDA2_MO40_MMFGLC_MKFGSU256_NTA0_NTB0_NTC0_NTD0_NEPBS0_NLCA1_NLCB1_ONLL1_OPLV0_PK0_PAP0_PGR1_PLR1_PKA0_SIA1_SLW1_SS0_SU32_SUM0_SUS256_SCIUI1_SPO0_SRVW0_SSO0_SVW4_SNLL0_TSGRA0_TSGRB0_TT4_4_TLDS0_UMLDSA0_UMLDSB0_USFGRO0_VAW2_VS1_VW4_VWB4_VFLRP0_WSGRA0_WSGRB0_WS64_WG8_8_1_WGM8",639,16965964055870,16965966046140,0,8192,64,1,1,3328,4,1
"KERNEL_DISPATCH",4,2,76,"void convert_unary<__half, float>(void const*, float*, long, long, long, HIP_vector_type<unsigned int, 3u>, long, long, long)",640,16965966046140,16965966088807,0,0,256,1,1,212992,1,1
"KERNEL_DISPATCH",4,2,51,"void dequantize_block_iq3_s<__half>(void const*, __half*)",641,16965966113104,16965966575338,0,0,32,1,1,3620864,1,1
"KERNEL_DISPATCH",4,2,64,"void convert_unary<float, __half>(void const*, __half*, long, long, long, HIP_vector_type<unsigned int, 3u>, long, long, long)",642,16965966575338,16965966661858,0,0,256,1,1,2228224,1,1
"KERNEL_DISPATCH",4,2,76,"void convert_unary<__half, float>(void const*, float*, long, long, long, HIP_vector_type<unsigned int, 3u>, long, long, long)",644,16965968629313,16965968672129,0,0,256,1,1,212992,1,1
"KERNEL_DISPATCH",4,2,321,"Cijk_Alik_Bljk_HB_MT32x32x32_SN_1LDSB0_APM1_ABV0_ACED0_AF0EM2_AF1EM1_AMAS3_ASE_ASGT_ASLT_ASM_ASAE01_ASCE01_ASEM2_AAC0_BL1_BS1_CLR0_DTLA0_DTLB0_DTVA0_DTVB0_DVO0_ETSP_EPS1_ELFLR0_EMLL0_FSSC10_FL0_GLVWA4_GLVWB4_GRCGA1_GRCGB1_GRPM1_GRVW4_GSU1_GSUASB_GLS0_ISA900_IU1_K1_KLA_LBSPPA0_LBSPPB0_LPA0_LPB0_LDL1_LRVW4_LWPMn1_LDW0_FMA_MIAV0_MDA2_MO40_MMFGLC_MKFGSU256_NTA0_NTB0_NTC0_NTD0_NEPBS0_NLCA1_NLCB1_ONLL1_OPLV0_PK0_PAP0_PGR1_PLR1_PKA0_SIA1_SLW1_SS0_SU32_SUM0_SUS256_SCIUI1_SPO0_SRVW0_SSO0_SVW4_SNLL0_TSGRA0_TSGRB0_TT4_4_TLDS0_UMLDSA0_UMLDSB0_USFGRO0_VAW2_VS1_VW4_VWB4_VFLRP0_WSGRA0_WSGRB0_WS64_WG8_8_1_WGM8",643,16965966661858,16965968629313,0,8192,64,1,1,3328,4,1
"KERNEL_DISPATCH",4,2,51,"void dequantize_block_iq3_s<__half>(void const*, __half*)",645,16965968695388,16965969097620,0,0,32,1,1,3620864,1,1
"KERNEL_DISPATCH",4,2,64,"void convert_unary<float, __half>(void const*, __half*, long, long, long, HIP_vector_type<unsigned int, 3u>, long, long, long)",646,16965969097620,16965969155696,0,0,256,1,1,2228224,1,1
"KERNEL_DISPATCH",4,2,321,"Cijk_Alik_Bljk_HB_MT32x32x32_SN_1LDSB0_APM1_ABV0_ACED0_AF0EM2_AF1EM1_AMAS3_ASE_ASGT_ASLT_ASM_ASAE01_ASCE01_ASEM2_AAC0_BL1_BS1_CLR0_DTLA0_DTLB0_DTVA0_DTVB0_DVO0_ETSP_EPS1_ELFLR0_EMLL0_FSSC10_FL0_GLVWA4_GLVWB4_GRCGA1_GRCGB1_GRPM1_GRVW4_GSU1_GSUASB_GLS0_ISA900_IU1_K1_KLA_LBSPPA0_LBSPPB0_LPA0_LPB0_LDL1_LRVW4_LWPMn1_LDW0_FMA_MIAV0_MDA2_MO40_MMFGLC_MKFGSU256_NTA0_NTB0_NTC0_NTD0_NEPBS0_NLCA1_NLCB1_ONLL1_OPLV0_PK0_PAP0_PGR1_PLR1_PKA0_SIA1_SLW1_SS0_SU32_SUM0_SUS256_SCIUI1_SPO0_SRVW0_SSO0_SVW4_SNLL0_TSGRA0_TSGRB0_TT4_4_TLDS0_UMLDSA0_UMLDSB0_USFGRO0_VAW2_VS1_VW4_VWB4_VFLRP0_WSGRA0_WSGRB0_WS64_WG8_8_1_WGM8",647,16965969155696,16965971119002,0,8192,64,1,1,3328,4,1
"KERNEL_DISPATCH",4,2,76,"void convert_unary<__half, float>(void const*, float*, long, long, long, HIP_vector_type<unsigned int, 3u>, long, long, long)",648,16965971119002,16965971160633,0,0,256,1,1,212992,1,1
"KERNEL_DISPATCH",4,2,51,"void dequantize_block_iq3_s<__half>(void const*, __half*)",649,16965971183300,16965971581532,0,0,32,1,1,3620864,1,1
"KERNEL_DISPATCH",4,2,64,"void convert_unary<float, __half>(void const*, __half*, long, long, long, HIP_vector_type<unsigned int, 3u>, long, long, long)",650,16965971581532,16965971646126,0,0,256,1,1,2228224,1,1
"KERNEL_DISPATCH",4,2,76,"void convert_unary<__half, float>(void const*, float*, long, long, long, HIP_vector_type<unsigned int, 3u>, long, long, long)",652,16965973521282,16965973562913,0,0,256,1,1,212992,1,1
"KERNEL_DISPATCH",4,2,321,"Cijk_Alik_Bljk_HB_MT32x32x32_SN_1LDSB0_APM1_ABV0_ACED0_AF0EM2_AF1EM1_AMAS3_ASE_ASGT_ASLT_ASM_ASAE01_ASCE01_ASEM2_AAC0_BL1_BS1_CLR0_DTLA0_DTLB0_DTVA0_DTVB0_DVO0_ETSP_EPS1_ELFLR0_EMLL0_FSSC10_FL0_GLVWA4_GLVWB4_GRCGA1_GRCGB1_GRPM1_GRVW4_GSU1_GSUASB_GLS0_ISA900_IU1_K1_KLA_LBSPPA0_LBSPPB0_LPA0_LPB0_LDL1_LRVW4_LWPMn1_LDW0_FMA_MIAV0_MDA2_MO40_MMFGLC_MKFGSU256_NTA0_NTB0_NTC0_NTD0_NEPBS0_NLCA1_NLCB1_ONLL1_OPLV0_PK0_PAP0_PGR1_PLR1_PKA0_SIA1_SLW1_SS0_SU32_SUM0_SUS256_SCIUI1_SPO0_SRVW0_SSO0_SVW4_SNLL0_TSGRA0_TSGRB0_TT4_4_TLDS0_UMLDSA0_UMLDSB0_USFGRO0_VAW2_VS1_VW4_VWB4_VFLRP0_WSGRA0_WSGRB0_WS64_WG8_8_1_WGM8",651,16965971646126,16965973521282,0,8192,64,1,1,3328,4,1
"KERNEL_DISPATCH",4,2,51,"void dequantize_block_iq3_s<__half>(void const*, __half*)",653,16965973585876,16965973956700,0,0,32,1,1,3620864,1,1
"KERNEL_DISPATCH",4,2,64,"void convert_unary<float, __half>(void const*, __half*, long, long, long, HIP_vector_type<unsigned int, 3u>, long, long, long)",654,16965973956700,16965974009146,0,0,256,1,1,2228224,1,1
"KERNEL_DISPATCH",4,2,76,"void convert_unary<__half, float>(void const*, float*, long, long, long, HIP_vector_type<unsigned int, 3u>, long, long, long)",656,16965975990527,16965976032602,0,0,256,1,1,212992,1,1
"KERNEL_DISPATCH",4,2,321,"Cijk_Alik_Bljk_HB_MT32x32x32_SN_1LDSB0_APM1_ABV0_ACED0_AF0EM2_AF1EM1_AMAS3_ASE_ASGT_ASLT_ASM_ASAE01_ASCE01_ASEM2_AAC0_BL1_BS1_CLR0_DTLA0_DTLB0_DTVA0_DTVB0_DVO0_ETSP_EPS1_ELFLR0_EMLL0_FSSC10_FL0_GLVWA4_GLVWB4_GRCGA1_GRCGB1_GRPM1_GRVW4_GSU1_GSUASB_GLS0_ISA900_IU1_K1_KLA_LBSPPA0_LBSPPB0_LPA0_LPB0_LDL1_LRVW4_LWPMn1_LDW0_FMA_MIAV0_MDA2_MO40_MMFGLC_MKFGSU256_NTA0_NTB0_NTC0_NTD0_NEPBS0_NLCA1_NLCB1_ONLL1_OPLV0_PK0_PAP0_PGR1_PLR1_PKA0_SIA1_SLW1_SS0_SU32_SUM0_SUS256_SCIUI1_SPO0_SRVW0_SSO0_SVW4_SNLL0_TSGRA0_TSGRB0_TT4_4_TLDS0_UMLDSA0_UMLDSB0_USFGRO0_VAW2_VS1_VW4_VWB4_VFLRP0_WSGRA0_WSGRB0_WS64_WG8_8_1_WGM8",655,16965974009146,16965975990527,0,8192,64,1,1,3328,4,1
"KERNEL_DISPATCH",4,2,51,"void dequantize_block_iq3_s<__half>(void const*, __half*)",657,16965976059417,16965976521799,0,0,32,1,1,3620864,1,1
"KERNEL_DISPATCH",4,2,64,"void convert_unary<float, __half>(void const*, __half*, long, long, long, HIP_vector_type<unsigned int, 3u>, long, long, long)",658,16965976521799,16965976598838,0,0,256,1,1,2228224,1,1
"KERNEL_DISPATCH",4,2,321,"Cijk_Alik_Bljk_HB_MT32x32x32_SN_1LDSB0_APM1_ABV0_ACED0_AF0EM2_AF1EM1_AMAS3_ASE_ASGT_ASLT_ASM_ASAE01_ASCE01_ASEM2_AAC0_BL1_BS1_CLR0_DTLA0_DTLB0_DTVA0_DTVB0_DVO0_ETSP_EPS1_ELFLR0_EMLL0_FSSC10_FL0_GLVWA4_GLVWB4_GRCGA1_GRCGB1_GRPM1_GRVW4_GSU1_GSUASB_GLS0_ISA900_IU1_K1_KLA_LBSPPA0_LBSPPB0_LPA0_LPB0_LDL1_LRVW4_LWPMn1_LDW0_FMA_MIAV0_MDA2_MO40_MMFGLC_MKFGSU256_NTA0_NTB0_NTC0_NTD0_NEPBS0_NLCA1_NLCB1_ONLL1_OPLV0_PK0_PAP0_PGR1_PLR1_PKA0_SIA1_SLW1_SS0_SU32_SUM0_SUS256_SCIUI1_SPO0_SRVW0_SSO0_SVW4_SNLL0_TSGRA0_TSGRB0_TT4_4_TLDS0_UMLDSA0_UMLDSB0_USFGRO0_VAW2_VS1_VW4_VWB4_VFLRP0_WSGRA0_WSGRB0_WS64_WG8_8_1_WGM8",659,16965976598838,16965978570885,0,8192,64,1,1,3328,4,1
"KERNEL_DISPATCH",4,2,76,"void convert_unary<__half, float>(void const*, float*, long, long, long, HIP_vector_type<unsigned int, 3u>, long, long, long)",660,16965978570885,16965978613997,0,0,256,1,1,212992,1,1
"KERNEL_DISPATCH",4,2,51,"void dequantize_block_iq3_s<__half>(void const*, __half*)",661,16965978635627,16965978996525,0,0,32,1,1,3620864,1,1
"KERNEL_DISPATCH",4,2,64,"void convert_unary<float, __half>(void const*, __half*, long, long, long, HIP_vector_type<unsigned int, 3u>, long, long, long)",662,16965978996525,16965979048378,0,0,256,1,1,2228224,1,1
"KERNEL_DISPATCH",4,2,321,"Cijk_Alik_Bljk_HB_MT32x32x32_SN_1LDSB0_APM1_ABV0_ACED0_AF0EM2_AF1EM1_AMAS3_ASE_ASGT_ASLT_ASM_ASAE01_ASCE01_ASEM2_AAC0_BL1_BS1_CLR0_DTLA0_DTLB0_DTVA0_DTVB0_DVO0_ETSP_EPS1_ELFLR0_EMLL0_FSSC10_FL0_GLVWA4_GLVWB4_GRCGA1_GRCGB1_GRPM1_GRVW4_GSU1_GSUASB_GLS0_ISA900_IU1_K1_KLA_LBSPPA0_LBSPPB0_LPA0_LPB0_LDL1_LRVW4_LWPMn1_LDW0_FMA_MIAV0_MDA2_MO40_MMFGLC_MKFGSU256_NTA0_NTB0_NTC0_NTD0_NEPBS0_NLCA1_NLCB1_ONLL1_OPLV0_PK0_PAP0_PGR1_PLR1_PKA0_SIA1_SLW1_SS0_SU32_SUM0_SUS256_SCIUI1_SPO0_SRVW0_SSO0_SVW4_SNLL0_TSGRA0_TSGRB0_TT4_4_TLDS0_UMLDSA0_UMLDSB0_USFGRO0_VAW2_VS1_VW4_VWB4_VFLRP0_WSGRA0_WSGRB0_WS64_WG8_8_1_WGM8",663,16965979048378,16965981026203,0,8192,64,1,1,3328,4,1
"KERNEL_DISPATCH",4,2,76,"void convert_unary<__half, float>(void const*, float*, long, long, long, HIP_vector_type<unsigned int, 3u>, long, long, long)",664,16965981026203,16965981068278,0,0,256,1,1,212992,1,1
"KERNEL_DISPATCH",4,2,51,"void dequantize_block_iq3_s<__half>(void const*, __half*)",665,16965981093020,16965981554512,0,0,32,1,1,3620864,1,1
"KERNEL_DISPATCH",4,2,64,"void convert_unary<float, __half>(void const*, __half*, long, long, long, HIP_vector_type<unsigned int, 3u>, long, long, long)",666,16965981554512,16965981630514,0,0,256,1,1,2228224,1,1
"KERNEL_DISPATCH",4,2,321,"Cijk_Alik_Bljk_HB_MT32x32x32_SN_1LDSB0_APM1_ABV0_ACED0_AF0EM2_AF1EM1_AMAS3_ASE_ASGT_ASLT_ASM_ASAE01_ASCE01_ASEM2_AAC0_BL1_BS1_CLR0_DTLA0_DTLB0_DTVA0_DTVB0_DVO0_ETSP_EPS1_ELFLR0_EMLL0_FSSC10_FL0_GLVWA4_GLVWB4_GRCGA1_GRCGB1_GRPM1_GRVW4_GSU1_GSUASB_GLS0_ISA900_IU1_K1_KLA_LBSPPA0_LBSPPB0_LPA0_LPB0_LDL1_LRVW4_LWPMn1_LDW0_FMA_MIAV0_MDA2_MO40_MMFGLC_MKFGSU256_NTA0_NTB0_NTC0_NTD0_NEPBS0_NLCA1_NLCB1_ONLL1_OPLV0_PK0_PAP0_PGR1_PLR1_PKA0_SIA1_SLW1_SS0_SU32_SUM0_SUS256_SCIUI1_SPO0_SRVW0_SSO0_SVW4_SNLL0_TSGRA0_TSGRB0_TT4_4_TLDS0_UMLDSA0_UMLDSB0_USFGRO0_VAW2_VS1_VW4_VWB4_VFLRP0_WSGRA0_WSGRB0_WS64_WG8_8_1_WGM8",667,16965981630514,16965983603450,0,8192,64,1,1,3328,4,1
"KERNEL_DISPATCH",4,2,76,"void convert_unary<__half, float>(void const*, float*, long, long, long, HIP_vector_type<unsigned int, 3u>, long, long, long)",668,16965983603450,16965983645970,0,0,256,1,1,212992,1,1
"KERNEL_DISPATCH",4,2,51,"void dequantize_block_iq3_s<__half>(void const*, __half*)",669,16965983666563,16965984027460,0,0,32,1,1,3620864,1,1
"KERNEL_DISPATCH",4,2,64,"void convert_unary<float, __half>(void const*, __half*, long, long, long, HIP_vector_type<unsigned int, 3u>, long, long, long)",670,16965984027460,16965984080054,0,0,256,1,1,2228224,1,1
"KERNEL_DISPATCH",4,2,321,"Cijk_Alik_Bljk_HB_MT32x32x32_SN_1LDSB0_APM1_ABV0_ACED0_AF0EM2_AF1EM1_AMAS3_ASE_ASGT_ASLT_ASM_ASAE01_ASCE01_ASEM2_AAC0_BL1_BS1_CLR0_DTLA0_DTLB0_DTVA0_DTVB0_DVO0_ETSP_EPS1_ELFLR0_EMLL0_FSSC10_FL0_GLVWA4_GLVWB4_GRCGA1_GRCGB1_GRPM1_GRVW4_GSU1_GSUASB_GLS0_ISA900_IU1_K1_KLA_LBSPPA0_LBSPPB0_LPA0_LPB0_LDL1_LRVW4_LWPMn1_LDW0_FMA_MIAV0_MDA2_MO40_MMFGLC_MKFGSU256_NTA0_NTB0_NTC0_NTD0_NEPBS0_NLCA1_NLCB1_ONLL1_OPLV0_PK0_PAP0_PGR1_PLR1_PKA0_SIA1_SLW1_SS0_SU32_SUM0_SUS256_SCIUI1_SPO0_SRVW0_SSO0_SVW4_SNLL0_TSGRA0_TSGRB0_TT4_4_TLDS0_UMLDSA0_UMLDSB0_USFGRO0_VAW2_VS1_VW4_VWB4_VFLRP0_WSGRA0_WSGRB0_WS64_WG8_8_1_WGM8",671,16965984080054,16965986066917,0,8192,64,1,1,3328,4,1
"KERNEL_DISPATCH",4,2,76,"void convert_unary<__half, float>(void const*, float*, long, long, long, HIP_vector_type<unsigned int, 3u>, long, long, long)",672,16965986066917,16965986109584,0,0,256,1,1,212992,1,1
"KERNEL_DISPATCH",4,2,51,"void dequantize_block_iq3_s<__half>(void const*, __half*)",673,16965986134622,16965986597004,0,0,32,1,1,3620864,1,1
"KERNEL_DISPATCH",4,2,64,"void convert_unary<float, __half>(void const*, __half*, long, long, long, HIP_vector_type<unsigned int, 3u>, long, long, long)",674,16965986597004,16965986678339,0,0,256,1,1,2228224,1,1
"KERNEL_DISPATCH",4,2,321,"Cijk_Alik_Bljk_HB_MT32x32x32_SN_1LDSB0_APM1_ABV0_ACED0_AF0EM2_AF1EM1_AMAS3_ASE_ASGT_ASLT_ASM_ASAE01_ASCE01_ASEM2_AAC0_BL1_BS1_CLR0_DTLA0_DTLB0_DTVA0_DTVB0_DVO0_ETSP_EPS1_ELFLR0_EMLL0_FSSC10_FL0_GLVWA4_GLVWB4_GRCGA1_GRCGB1_GRPM1_GRVW4_GSU1_GSUASB_GLS0_ISA900_IU1_K1_KLA_LBSPPA0_LBSPPB0_LPA0_LPB0_LDL1_LRVW4_LWPMn1_LDW0_FMA_MIAV0_MDA2_MO40_MMFGLC_MKFGSU256_NTA0_NTB0_NTC0_NTD0_NEPBS0_NLCA1_NLCB1_ONLL1_OPLV0_PK0_PAP0_PGR1_PLR1_PKA0_SIA1_SLW1_SS0_SU32_SUM0_SUS256_SCIUI1_SPO0_SRVW0_SSO0_SVW4_SNLL0_TSGRA0_TSGRB0_TT4_4_TLDS0_UMLDSA0_UMLDSB0_USFGRO0_VAW2_VS1_VW4_VWB4_VFLRP0_WSGRA0_WSGRB0_WS64_WG8_8_1_WGM8",675,16965986678339,16965988655572,0,8192,64,1,1,3328,4,1
"KERNEL_DISPATCH",4,2,76,"void convert_unary<__half, float>(void const*, float*, long, long, long, HIP_vector_type<unsigned int, 3u>, long, long, long)",676,16965988655572,16965988699128,0,0,256,1,1,212992,1,1
"KERNEL_DISPATCH",4,2,51,"void dequantize_block_iq3_s<__half>(void const*, __half*)",677,16965988721647,16965989124620,0,0,32,1,1,3620864,1,1
"KERNEL_DISPATCH",4,2,64,"void convert_unary<float, __half>(void const*, __half*, long, long, long, HIP_vector_type<unsigned int, 3u>, long, long, long)",678,16965989124620,16965989182695,0,0,256,1,1,2228224,1,1
"KERNEL_DISPATCH",4,2,321,"Cijk_Alik_Bljk_HB_MT32x32x32_SN_1LDSB0_APM1_ABV0_ACED0_AF0EM2_AF1EM1_AMAS3_ASE_ASGT_ASLT_ASM_ASAE01_ASCE01_ASEM2_AAC0_BL1_BS1_CLR0_DTLA0_DTLB0_DTVA0_DTVB0_DVO0_ETSP_EPS1_ELFLR0_EMLL0_FSSC10_FL0_GLVWA4_GLVWB4_GRCGA1_GRCGB1_GRPM1_GRVW4_GSU1_GSUASB_GLS0_ISA900_IU1_K1_KLA_LBSPPA0_LBSPPB0_LPA0_LPB0_LDL1_LRVW4_LWPMn1_LDW0_FMA_MIAV0_MDA2_MO40_MMFGLC_MKFGSU256_NTA0_NTB0_NTC0_NTD0_NEPBS0_NLCA1_NLCB1_ONLL1_OPLV0_PK0_PAP0_PGR1_PLR1_PKA0_SIA1_SLW1_SS0_SU32_SUM0_SUS256_SCIUI1_SPO0_SRVW0_SSO0_SVW4_SNLL0_TSGRA0_TSGRB0_TT4_4_TLDS0_UMLDSA0_UMLDSB0_USFGRO0_VAW2_VS1_VW4_VWB4_VFLRP0_WSGRA0_WSGRB0_WS64_WG8_8_1_WGM8",679,16965989182695,16965991147631,0,8192,64,1,1,3328,4,1
"KERNEL_DISPATCH",4,2,76,"void convert_unary<__half, float>(void const*, float*, long, long, long, HIP_vector_type<unsigned int, 3u>, long, long, long)",680,16965991147631,16965991189262,0,0,256,1,1,212992,1,1
"KERNEL_DISPATCH",4,2,51,"void dequantize_block_iq3_s<__half>(void const*, __half*)",681,16965991212077,16965991615346,0,0,32,1,1,3620864,1,1
"KERNEL_DISPATCH",4,2,64,"void convert_unary<float, __half>(void const*, __half*, long, long, long, HIP_vector_type<unsigned int, 3u>, long, long, long)",682,16965991615346,16965991667496,0,0,256,1,1,2228224,1,1
"KERNEL_DISPATCH",4,2,321,"Cijk_Alik_Bljk_HB_MT32x32x32_SN_1LDSB0_APM1_ABV0_ACED0_AF0EM2_AF1EM1_AMAS3_ASE_ASGT_ASLT_ASM_ASAE01_ASCE01_ASEM2_AAC0_BL1_BS1_CLR0_DTLA0_DTLB0_DTVA0_DTVB0_DVO0_ETSP_EPS1_ELFLR0_EMLL0_FSSC10_FL0_GLVWA4_GLVWB4_GRCGA1_GRCGB1_GRPM1_GRVW4_GSU1_GSUASB_GLS0_ISA900_IU1_K1_KLA_LBSPPA0_LBSPPB0_LPA0_LPB0_LDL1_LRVW4_LWPMn1_LDW0_FMA_MIAV0_MDA2_MO40_MMFGLC_MKFGSU256_NTA0_NTB0_NTC0_NTD0_NEPBS0_NLCA1_NLCB1_ONLL1_OPLV0_PK0_PAP0_PGR1_PLR1_PKA0_SIA1_SLW1_SS0_SU32_SUM0_SUS256_SCIUI1_SPO0_SRVW0_SSO0_SVW4_SNLL0_TSGRA0_TSGRB0_TT4_4_TLDS0_UMLDSA0_UMLDSB0_USFGRO0_VAW2_VS1_VW4_VWB4_VFLRP0_WSGRA0_WSGRB0_WS64_WG8_8_1_WGM8",683,16965991667496,16965993536874,0,8192,64,1,1,3328,4,1
"KERNEL_DISPATCH",4,2,76,"void convert_unary<__half, float>(void const*, float*, long, long, long, HIP_vector_type<unsigned int, 3u>, long, long, long)",684,16965993536874,16965993580282,0,0,256,1,1,212992,1,1
"KERNEL_DISPATCH",4,2,51,"void dequantize_block_iq3_s<__half>(void const*, __half*)",685,16965993602505,16965993971107,0,0,32,1,1,3620864,1,1
"KERNEL_DISPATCH",4,2,64,"void convert_unary<float, __half>(void const*, __half*, long, long, long, HIP_vector_type<unsigned int, 3u>, long, long, long)",686,16965993971107,16965994023256,0,0,256,1,1,2228224,1,1
"KERNEL_DISPATCH",4,2,76,"void convert_unary<__half, float>(void const*, float*, long, long, long, HIP_vector_type<unsigned int, 3u>, long, long, long)",688,16965995999452,16965996042119,0,0,256,1,1,212992,1,1
"KERNEL_DISPATCH",4,2,321,"Cijk_Alik_Bljk_HB_MT32x32x32_SN_1LDSB0_APM1_ABV0_ACED0_AF0EM2_AF1EM1_AMAS3_ASE_ASGT_ASLT_ASM_ASAE01_ASCE01_ASEM2_AAC0_BL1_BS1_CLR0_DTLA0_DTLB0_DTVA0_DTVB0_DVO0_ETSP_EPS1_ELFLR0_EMLL0_FSSC10_FL0_GLVWA4_GLVWB4_GRCGA1_GRCGB1_GRPM1_GRVW4_GSU1_GSUASB_GLS0_ISA900_IU1_K1_KLA_LBSPPA0_LBSPPB0_LPA0_LPB0_LDL1_LRVW4_LWPMn1_LDW0_FMA_MIAV0_MDA2_MO40_MMFGLC_MKFGSU256_NTA0_NTB0_NTC0_NTD0_NEPBS0_NLCA1_NLCB1_ONLL1_OPLV0_PK0_PAP0_PGR1_PLR1_PKA0_SIA1_SLW1_SS0_SU32_SUM0_SUS256_SCIUI1_SPO0_SRVW0_SSO0_SVW4_SNLL0_TSGRA0_TSGRB0_TT4_4_TLDS0_UMLDSA0_UMLDSB0_USFGRO0_VAW2_VS1_VW4_VWB4_VFLRP0_WSGRA0_WSGRB0_WS64_WG8_8_1_WGM8",687,16965994023256,16965995999452,0,8192,64,1,1,3328,4,1
"KERNEL_DISPATCH",4,2,51,"void dequantize_block_iq3_s<__half>(void const*, __half*)",689,16965996067898,16965996529835,0,0,32,1,1,3620864,1,1
"KERNEL_DISPATCH",4,2,64,"void convert_unary<float, __half>(void const*, __half*, long, long, long, HIP_vector_type<unsigned int, 3u>, long, long, long)",690,16965996529835,16965996605837,0,0,256,1,1,2228224,1,1
"KERNEL_DISPATCH",4,2,321,"Cijk_Alik_Bljk_HB_MT32x32x32_SN_1LDSB0_APM1_ABV0_ACED0_AF0EM2_AF1EM1_AMAS3_ASE_ASGT_ASLT_ASM_ASAE01_ASCE01_ASEM2_AAC0_BL1_BS1_CLR0_DTLA0_DTLB0_DTVA0_DTVB0_DVO0_ETSP_EPS1_ELFLR0_EMLL0_FSSC10_FL0_GLVWA4_GLVWB4_GRCGA1_GRCGB1_GRPM1_GRVW4_GSU1_GSUASB_GLS0_ISA900_IU1_K1_KLA_LBSPPA0_LBSPPB0_LPA0_LPB0_LDL1_LRVW4_LWPMn1_LDW0_FMA_MIAV0_MDA2_MO40_MMFGLC_MKFGSU256_NTA0_NTB0_NTC0_NTD0_NEPBS0_NLCA1_NLCB1_ONLL1_OPLV0_PK0_PAP0_PGR1_PLR1_PKA0_SIA1_SLW1_SS0_SU32_SUM0_SUS256_SCIUI1_SPO0_SRVW0_SSO0_SVW4_SNLL0_TSGRA0_TSGRB0_TT4_4_TLDS0_UMLDSA0_UMLDSB0_USFGRO0_VAW2_VS1_VW4_VWB4_VFLRP0_WSGRA0_WSGRB0_WS64_WG8_8_1_WGM8",691,16965996605837,16965998575365,0,8192,64,1,1,3328,4,1
"KERNEL_DISPATCH",4,2,76,"void convert_unary<__half, float>(void const*, float*, long, long, long, HIP_vector_type<unsigned int, 3u>, long, long, long)",692,16965998575365,16965998617292,0,0,256,1,1,212992,1,1
"KERNEL_DISPATCH",4,2,51,"void dequantize_block_iq3_s<__half>(void const*, __half*)",693,16965998638034,16965998998931,0,0,32,1,1,3620864,1,1
"KERNEL_DISPATCH",4,2,64,"void convert_unary<float, __half>(void const*, __half*, long, long, long, HIP_vector_type<unsigned int, 3u>, long, long, long)",694,16965998998931,16965999050932,0,0,256,1,1,2228224,1,1
"KERNEL_DISPATCH",4,2,321,"Cijk_Alik_Bljk_HB_MT32x32x32_SN_1LDSB0_APM1_ABV0_ACED0_AF0EM2_AF1EM1_AMAS3_ASE_ASGT_ASLT_ASM_ASAE01_ASCE01_ASEM2_AAC0_BL1_BS1_CLR0_DTLA0_DTLB0_DTVA0_DTVB0_DVO0_ETSP_EPS1_ELFLR0_EMLL0_FSSC10_FL0_GLVWA4_GLVWB4_GRCGA1_GRCGB1_GRPM1_GRVW4_GSU1_GSUASB_GLS0_ISA900_IU1_K1_KLA_LBSPPA0_LBSPPB0_LPA0_LPB0_LDL1_LRVW4_LWPMn1_LDW0_FMA_MIAV0_MDA2_MO40_MMFGLC_MKFGSU256_NTA0_NTB0_NTC0_NTD0_NEPBS0_NLCA1_NLCB1_ONLL1_OPLV0_PK0_PAP0_PGR1_PLR1_PKA0_SIA1_SLW1_SS0_SU32_SUM0_SUS256_SCIUI1_SPO0_SRVW0_SSO0_SVW4_SNLL0_TSGRA0_TSGRB0_TT4_4_TLDS0_UMLDSA0_UMLDSB0_USFGRO0_VAW2_VS1_VW4_VWB4_VFLRP0_WSGRA0_WSGRB0_WS64_WG8_8_1_WGM8",695,16965999050932,16966001033647,0,8192,64,1,1,3328,4,1
"KERNEL_DISPATCH",4,2,76,"void convert_unary<__half, float>(void const*, float*, long, long, long, HIP_vector_type<unsigned int, 3u>, long, long, long)",696,16966001033647,16966001076907,0,0,256,1,1,212992,1,1
"KERNEL_DISPATCH",4,2,51,"void dequantize_block_iq3_s<__half>(void const*, __half*)",697,16966001101945,16966001564178,0,0,32,1,1,3620864,1,1
"KERNEL_DISPATCH",4,2,64,"void convert_unary<float, __half>(void const*, __half*, long, long, long, HIP_vector_type<unsigned int, 3u>, long, long, long)",698,16966001564178,16966001638995,0,0,256,1,1,2228224,1,1
"KERNEL_DISPATCH",4,2,321,"Cijk_Alik_Bljk_HB_MT32x32x32_SN_1LDSB0_APM1_ABV0_ACED0_AF0EM2_AF1EM1_AMAS3_ASE_ASGT_ASLT_ASM_ASAE01_ASCE01_ASEM2_AAC0_BL1_BS1_CLR0_DTLA0_DTLB0_DTVA0_DTVB0_DVO0_ETSP_EPS1_ELFLR0_EMLL0_FSSC10_FL0_GLVWA4_GLVWB4_GRCGA1_GRCGB1_GRPM1_GRVW4_GSU1_GSUASB_GLS0_ISA900_IU1_K1_KLA_LBSPPA0_LBSPPB0_LPA0_LPB0_LDL1_LRVW4_LWPMn1_LDW0_FMA_MIAV0_MDA2_MO40_MMFGLC_MKFGSU256_NTA0_NTB0_NTC0_NTD0_NEPBS0_NLCA1_NLCB1_ONLL1_OPLV0_PK0_PAP0_PGR1_PLR1_PKA0_SIA1_SLW1_SS0_SU32_SUM0_SUS256_SCIUI1_SPO0_SRVW0_SSO0_SVW4_SNLL0_TSGRA0_TSGRB0_TT4_4_TLDS0_UMLDSA0_UMLDSB0_USFGRO0_VAW2_VS1_VW4_VWB4_VFLRP0_WSGRA0_WSGRB0_WS64_WG8_8_1_WGM8",699,16966001638995,16966003616079,0,8192,64,1,1,3328,4,1
"KERNEL_DISPATCH",4,2,76,"void convert_unary<__half, float>(void const*, float*, long, long, long, HIP_vector_type<unsigned int, 3u>, long, long, long)",700,16966003616079,16966003657265,0,0,256,1,1,212992,1,1
"KERNEL_DISPATCH",4,2,51,"void dequantize_block_iq3_s<__half>(void const*, __half*)",701,16966003678155,16966004038608,0,0,32,1,1,3620864,1,1
"KERNEL_DISPATCH",4,2,64,"void convert_unary<float, __half>(void const*, __half*, long, long, long, HIP_vector_type<unsigned int, 3u>, long, long, long)",702,16966004038608,16966004090905,0,0,256,1,1,2228224,1,1
"KERNEL_DISPATCH",4,2,321,"Cijk_Alik_Bljk_HB_MT32x32x32_SN_1LDSB0_APM1_ABV0_ACED0_AF0EM2_AF1EM1_AMAS3_ASE_ASGT_ASLT_ASM_ASAE01_ASCE01_ASEM2_AAC0_BL1_BS1_CLR0_DTLA0_DTLB0_DTVA0_DTVB0_DVO0_ETSP_EPS1_ELFLR0_EMLL0_FSSC10_FL0_GLVWA4_GLVWB4_GRCGA1_GRCGB1_GRPM1_GRVW4_GSU1_GSUASB_GLS0_ISA900_IU1_K1_KLA_LBSPPA0_LBSPPB0_LPA0_LPB0_LDL1_LRVW4_LWPMn1_LDW0_FMA_MIAV0_MDA2_MO40_MMFGLC_MKFGSU256_NTA0_NTB0_NTC0_NTD0_NEPBS0_NLCA1_NLCB1_ONLL1_OPLV0_PK0_PAP0_PGR1_PLR1_PKA0_SIA1_SLW1_SS0_SU32_SUM0_SUS256_SCIUI1_SPO0_SRVW0_SSO0_SVW4_SNLL0_TSGRA0_TSGRB0_TT4_4_TLDS0_UMLDSA0_UMLDSB0_USFGRO0_VAW2_VS1_VW4_VWB4_VFLRP0_WSGRA0_WSGRB0_WS64_WG8_8_1_WGM8",703,16966004090905,16966006085768,0,8192,64,1,1,3328,4,1
"KERNEL_DISPATCH",4,2,76,"void convert_unary<__half, float>(void const*, float*, long, long, long, HIP_vector_type<unsigned int, 3u>, long, long, long)",704,16966006085768,16966006127843,0,0,256,1,1,212992,1,1
"KERNEL_DISPATCH",4,2,51,"void dequantize_block_iq3_s<__half>(void const*, __half*)",705,16966006152733,16966006613336,0,0,32,1,1,3620864,1,1
"KERNEL_DISPATCH",4,2,64,"void convert_unary<float, __half>(void const*, __half*, long, long, long, HIP_vector_type<unsigned int, 3u>, long, long, long)",706,16966006613336,16966006693931,0,0,256,1,1,2228224,1,1
"KERNEL_DISPATCH",4,2,76,"void convert_unary<__half, float>(void const*, float*, long, long, long, HIP_vector_type<unsigned int, 3u>, long, long, long)",708,16966008655886,16966008697517,0,0,256,1,1,212992,1,1
"KERNEL_DISPATCH",4,2,321,"Cijk_Alik_Bljk_HB_MT32x32x32_SN_1LDSB0_APM1_ABV0_ACED0_AF0EM2_AF1EM1_AMAS3_ASE_ASGT_ASLT_ASM_ASAE01_ASCE01_ASEM2_AAC0_BL1_BS1_CLR0_DTLA0_DTLB0_DTVA0_DTVB0_DVO0_ETSP_EPS1_ELFLR0_EMLL0_FSSC10_FL0_GLVWA4_GLVWB4_GRCGA1_GRCGB1_GRPM1_GRVW4_GSU1_GSUASB_GLS0_ISA900_IU1_K1_KLA_LBSPPA0_LBSPPB0_LPA0_LPB0_LDL1_LRVW4_LWPMn1_LDW0_FMA_MIAV0_MDA2_MO40_MMFGLC_MKFGSU256_NTA0_NTB0_NTC0_NTD0_NEPBS0_NLCA1_NLCB1_ONLL1_OPLV0_PK0_PAP0_PGR1_PLR1_PKA0_SIA1_SLW1_SS0_SU32_SUM0_SUS256_SCIUI1_SPO0_SRVW0_SSO0_SVW4_SNLL0_TSGRA0_TSGRB0_TT4_4_TLDS0_UMLDSA0_UMLDSB0_USFGRO0_VAW2_VS1_VW4_VWB4_VFLRP0_WSGRA0_WSGRB0_WS64_WG8_8_1_WGM8",707,16966006693913,16966008655886,0,8192,64,1,1,3328,4,1
"KERNEL_DISPATCH",4,2,51,"void dequantize_block_iq3_s<__half>(void const*, __half*)",709,16966008721664,16966009124637,0,0,32,1,1,3620864,1,1
"KERNEL_DISPATCH",4,2,64,"void convert_unary<float, __half>(void const*, __half*, long, long, long, HIP_vector_type<unsigned int, 3u>, long, long, long)",710,16966009124637,16966009182564,0,0,256,1,1,2228224,1,1
"KERNEL_DISPATCH",4,2,321,"Cijk_Alik_Bljk_HB_MT32x32x32_SN_1LDSB0_APM1_ABV0_ACED0_AF0EM2_AF1EM1_AMAS3_ASE_ASGT_ASLT_ASM_ASAE01_ASCE01_ASEM2_AAC0_BL1_BS1_CLR0_DTLA0_DTLB0_DTVA0_DTVB0_DVO0_ETSP_EPS1_ELFLR0_EMLL0_FSSC10_FL0_GLVWA4_GLVWB4_GRCGA1_GRCGB1_GRPM1_GRVW4_GSU1_GSUASB_GLS0_ISA900_IU1_K1_KLA_LBSPPA0_LBSPPB0_LPA0_LPB0_LDL1_LRVW4_LWPMn1_LDW0_FMA_MIAV0_MDA2_MO40_MMFGLC_MKFGSU256_NTA0_NTB0_NTC0_NTD0_NEPBS0_NLCA1_NLCB1_ONLL1_OPLV0_PK0_PAP0_PGR1_PLR1_PKA0_SIA1_SLW1_SS0_SU32_SUM0_SUS256_SCIUI1_SPO0_SRVW0_SSO0_SVW4_SNLL0_TSGRA0_TSGRB0_TT4_4_TLDS0_UMLDSA0_UMLDSB0_USFGRO0_VAW2_VS1_VW4_VWB4_VFLRP0_WSGRA0_WSGRB0_WS64_WG8_8_1_WGM8",711,16966009182564,16966011149426,0,8192,64,1,1,3328,4,1
"KERNEL_DISPATCH",4,2,76,"void convert_unary<__half, float>(void const*, float*, long, long, long, HIP_vector_type<unsigned int, 3u>, long, long, long)",712,16966011149426,16966011191649,0,0,256,1,1,212992,1,1
"KERNEL_DISPATCH",4,2,51,"void dequantize_block_iq3_s<__half>(void const*, __half*)",713,16966011215650,16966011618475,0,0,32,1,1,3620864,1,1
"KERNEL_DISPATCH",4,2,64,"void convert_unary<float, __half>(void const*, __half*, long, long, long, HIP_vector_type<unsigned int, 3u>, long, long, long)",714,16966011618475,16966011671068,0,0,256,1,1,2228224,1,1
"KERNEL_DISPATCH",4,2,321,"Cijk_Alik_Bljk_HB_MT32x32x32_SN_1LDSB0_APM1_ABV0_ACED0_AF0EM2_AF1EM1_AMAS3_ASE_ASGT_ASLT_ASM_ASAE01_ASCE01_ASEM2_AAC0_BL1_BS1_CLR0_DTLA0_DTLB0_DTVA0_DTVB0_DVO0_ETSP_EPS1_ELFLR0_EMLL0_FSSC10_FL0_GLVWA4_GLVWB4_GRCGA1_GRCGB1_GRPM1_GRVW4_GSU1_GSUASB_GLS0_ISA900_IU1_K1_KLA_LBSPPA0_LBSPPB0_LPA0_LPB0_LDL1_LRVW4_LWPMn1_LDW0_FMA_MIAV0_MDA2_MO40_MMFGLC_MKFGSU256_NTA0_NTB0_NTC0_NTD0_NEPBS0_NLCA1_NLCB1_ONLL1_OPLV0_PK0_PAP0_PGR1_PLR1_PKA0_SIA1_SLW1_SS0_SU32_SUM0_SUS256_SCIUI1_SPO0_SRVW0_SSO0_SVW4_SNLL0_TSGRA0_TSGRB0_TT4_4_TLDS0_UMLDSA0_UMLDSB0_USFGRO0_VAW2_VS1_VW4_VWB4_VFLRP0_WSGRA0_WSGRB0_WS64_WG8_8_1_WGM8",715,16966011671068,16966013546521,0,8192,64,1,1,3328,4,1
"KERNEL_DISPATCH",4,2,76,"void convert_unary<__half, float>(void const*, float*, long, long, long, HIP_vector_type<unsigned int, 3u>, long, long, long)",716,16966013546521,16966013589485,0,0,256,1,1,212992,1,1
"KERNEL_DISPATCH",4,2,51,"void dequantize_block_iq3_s<__half>(void const*, __half*)",717,16966013612004,16966014014977,0,0,32,1,1,3620864,1,1
"KERNEL_DISPATCH",4,2,64,"void convert_unary<float, __half>(void const*, __half*, long, long, long, HIP_vector_type<unsigned int, 3u>, long, long, long)",718,16966014014977,16966014072904,0,0,256,1,1,2228224,1,1
"KERNEL_DISPATCH",4,2,321,"Cijk_Alik_Bljk_HB_MT32x32x32_SN_1LDSB0_APM1_ABV0_ACED0_AF0EM2_AF1EM1_AMAS3_ASE_ASGT_ASLT_ASM_ASAE01_ASCE01_ASEM2_AAC0_BL1_BS1_CLR0_DTLA0_DTLB0_DTVA0_DTVB0_DVO0_ETSP_EPS1_ELFLR0_EMLL0_FSSC10_FL0_GLVWA4_GLVWB4_GRCGA1_GRCGB1_GRPM1_GRVW4_GSU1_GSUASB_GLS0_ISA900_IU1_K1_KLA_LBSPPA0_LBSPPB0_LPA0_LPB0_LDL1_LRVW4_LWPMn1_LDW0_FMA_MIAV0_MDA2_MO40_MMFGLC_MKFGSU256_NTA0_NTB0_NTC0_NTD0_NEPBS0_NLCA1_NLCB1_ONLL1_OPLV0_PK0_PAP0_PGR1_PLR1_PKA0_SIA1_SLW1_SS0_SU32_SUM0_SUS256_SCIUI1_SPO0_SRVW0_SSO0_SVW4_SNLL0_TSGRA0_TSGRB0_TT4_4_TLDS0_UMLDSA0_UMLDSB0_USFGRO0_VAW2_VS1_VW4_VWB4_VFLRP0_WSGRA0_WSGRB0_WS64_WG8_8_1_WGM8",719,16966014072904,16966016032062,0,8192,64,1,1,3328,4,1
"KERNEL_DISPATCH",4,2,76,"void convert_unary<__half, float>(void const*, float*, long, long, long, HIP_vector_type<unsigned int, 3u>, long, long, long)",720,16966016032062,16966016074285,0,0,256,1,1,212992,1,1
"KERNEL_DISPATCH",4,2,51,"void dequantize_block_iq3_s<__half>(void const*, __half*)",721,16966016096804,16966016499036,0,0,32,1,1,3620864,1,1
"KERNEL_DISPATCH",4,2,64,"void convert_unary<float, __half>(void const*, __half*, long, long, long, HIP_vector_type<unsigned int, 3u>, long, long, long)",722,16966016499036,16966016556223,0,0,256,1,1,2228224,1,1
"KERNEL_DISPATCH",4,2,321,"Cijk_Alik_Bljk_HB_MT32x32x32_SN_1LDSB0_APM1_ABV0_ACED0_AF0EM2_AF1EM1_AMAS3_ASE_ASGT_ASLT_ASM_ASAE01_ASCE01_ASEM2_AAC0_BL1_BS1_CLR0_DTLA0_DTLB0_DTVA0_DTVB0_DVO0_ETSP_EPS1_ELFLR0_EMLL0_FSSC10_FL0_GLVWA4_GLVWB4_GRCGA1_GRCGB1_GRPM1_GRVW4_GSU1_GSUASB_GLS0_ISA900_IU1_K1_KLA_LBSPPA0_LBSPPB0_LPA0_LPB0_LDL1_LRVW4_LWPMn1_LDW0_FMA_MIAV0_MDA2_MO40_MMFGLC_MKFGSU256_NTA0_NTB0_NTC0_NTD0_NEPBS0_NLCA1_NLCB1_ONLL1_OPLV0_PK0_PAP0_PGR1_PLR1_PKA0_SIA1_SLW1_SS0_SU32_SUM0_SUS256_SCIUI1_SPO0_SRVW0_SSO0_SVW4_SNLL0_TSGRA0_TSGRB0_TT4_4_TLDS0_UMLDSA0_UMLDSB0_USFGRO0_VAW2_VS1_VW4_VWB4_VFLRP0_WSGRA0_WSGRB0_WS64_WG8_8_1_WGM8",723,16966016556223,16966018424119,0,8192,64,1,1,3328,4,1
"KERNEL_DISPATCH",4,2,76,"void convert_unary<__half, float>(void const*, float*, long, long, long, HIP_vector_type<unsigned int, 3u>, long, long, long)",724,16966018424119,16966018466935,0,0,256,1,1,212992,1,1
"KERNEL_DISPATCH",4,2,51,"void dequantize_block_iq3_s<__half>(void const*, __half*)",725,16966018489306,16966018870056,0,0,32,1,1,3620864,1,1
"KERNEL_DISPATCH",4,2,64,"void convert_unary<float, __half>(void const*, __half*, long, long, long, HIP_vector_type<unsigned int, 3u>, long, long, long)",726,16966018870056,16966018922502,0,0,256,1,1,2228224,1,1
"KERNEL_DISPATCH",4,2,321,"Cijk_Alik_Bljk_HB_MT32x32x32_SN_1LDSB0_APM1_ABV0_ACED0_AF0EM2_AF1EM1_AMAS3_ASE_ASGT_ASLT_ASM_ASAE01_ASCE01_ASEM2_AAC0_BL1_BS1_CLR0_DTLA0_DTLB0_DTVA0_DTVB0_DVO0_ETSP_EPS1_ELFLR0_EMLL0_FSSC10_FL0_GLVWA4_GLVWB4_GRCGA1_GRCGB1_GRPM1_GRVW4_GSU1_GSUASB_GLS0_ISA900_IU1_K1_KLA_LBSPPA0_LBSPPB0_LPA0_LPB0_LDL1_LRVW4_LWPMn1_LDW0_FMA_MIAV0_MDA2_MO40_MMFGLC_MKFGSU256_NTA0_NTB0_NTC0_NTD0_NEPBS0_NLCA1_NLCB1_ONLL1_OPLV0_PK0_PAP0_PGR1_PLR1_PKA0_SIA1_SLW1_SS0_SU32_SUM0_SUS256_SCIUI1_SPO0_SRVW0_SSO0_SVW4_SNLL0_TSGRA0_TSGRB0_TT4_4_TLDS0_UMLDSA0_UMLDSB0_USFGRO0_VAW2_VS1_VW4_VWB4_VFLRP0_WSGRA0_WSGRB0_WS64_WG8_8_1_WGM8",727,16966018922502,16966020864474,0,8192,64,1,1,3328,4,1
"KERNEL_DISPATCH",4,2,76,"void convert_unary<__half, float>(void const*, float*, long, long, long, HIP_vector_type<unsigned int, 3u>, long, long, long)",728,16966020864474,16966020907735,0,0,256,1,1,212992,1,1
"KERNEL_DISPATCH",4,2,51,"void dequantize_block_iq3_s<__half>(void const*, __half*)",729,16966020932180,16966021394265,0,0,32,1,1,3620864,1,1
"KERNEL_DISPATCH",4,2,64,"void convert_unary<float, __half>(void const*, __half*, long, long, long, HIP_vector_type<unsigned int, 3u>, long, long, long)",730,16966021394265,16966021468489,0,0,256,1,1,2228224,1,1
"KERNEL_DISPATCH",4,2,76,"void convert_unary<__half, float>(void const*, float*, long, long, long, HIP_vector_type<unsigned int, 3u>, long, long, long)",732,16966023458463,16966023500686,0,0,256,1,1,212992,1,1
"KERNEL_DISPATCH",4,2,321,"Cijk_Alik_Bljk_HB_MT32x32x32_SN_1LDSB0_APM1_ABV0_ACED0_AF0EM2_AF1EM1_AMAS3_ASE_ASGT_ASLT_ASM_ASAE01_ASCE01_ASEM2_AAC0_BL1_BS1_CLR0_DTLA0_DTLB0_DTVA0_DTVB0_DVO0_ETSP_EPS1_ELFLR0_EMLL0_FSSC10_FL0_GLVWA4_GLVWB4_GRCGA1_GRCGB1_GRPM1_GRVW4_GSU1_GSUASB_GLS0_ISA900_IU1_K1_KLA_LBSPPA0_LBSPPB0_LPA0_LPB0_LDL1_LRVW4_LWPMn1_LDW0_FMA_MIAV0_MDA2_MO40_MMFGLC_MKFGSU256_NTA0_NTB0_NTC0_NTD0_NEPBS0_NLCA1_NLCB1_ONLL1_OPLV0_PK0_PAP0_PGR1_PLR1_PKA0_SIA1_SLW1_SS0_SU32_SUM0_SUS256_SCIUI1_SPO0_SRVW0_SSO0_SVW4_SNLL0_TSGRA0_TSGRB0_TT4_4_TLDS0_UMLDSA0_UMLDSB0_USFGRO0_VAW2_VS1_VW4_VWB4_VFLRP0_WSGRA0_WSGRB0_WS64_WG8_8_1_WGM8",731,16966021468489,16966023458463,0,8192,64,1,1,3328,4,1
"KERNEL_DISPATCH",4,2,51,"void dequantize_block_iq3_s<__half>(void const*, __half*)",733,16966023523946,16966023895066,0,0,32,1,1,3620864,1,1
"KERNEL_DISPATCH",4,2,64,"void convert_unary<float, __half>(void const*, __half*, long, long, long, HIP_vector_type<unsigned int, 3u>, long, long, long)",734,16966023895066,16966023947808,0,0,256,1,1,2228224,1,1
"KERNEL_DISPATCH",4,2,321,"Cijk_Alik_Bljk_HB_MT32x32x32_SN_1LDSB0_APM1_ABV0_ACED0_AF0EM2_AF1EM1_AMAS3_ASE_ASGT_ASLT_ASM_ASAE01_ASCE01_ASEM2_AAC0_BL1_BS1_CLR0_DTLA0_DTLB0_DTVA0_DTVB0_DVO0_ETSP_EPS1_ELFLR0_EMLL0_FSSC10_FL0_GLVWA4_GLVWB4_GRCGA1_GRCGB1_GRPM1_GRVW4_GSU1_GSUASB_GLS0_ISA900_IU1_K1_KLA_LBSPPA0_LBSPPB0_LPA0_LPB0_LDL1_LRVW4_LWPMn1_LDW0_FMA_MIAV0_MDA2_MO40_MMFGLC_MKFGSU256_NTA0_NTB0_NTC0_NTD0_NEPBS0_NLCA1_NLCB1_ONLL1_OPLV0_PK0_PAP0_PGR1_PLR1_PKA0_SIA1_SLW1_SS0_SU32_SUM0_SUS256_SCIUI1_SPO0_SRVW0_SSO0_SVW4_SNLL0_TSGRA0_TSGRB0_TT4_4_TLDS0_UMLDSA0_UMLDSB0_USFGRO0_VAW2_VS1_VW4_VWB4_VFLRP0_WSGRA0_WSGRB0_WS64_WG8_8_1_WGM8",735,16966023947808,16966025903707,0,8192,64,1,1,3328,4,1
"KERNEL_DISPATCH",4,2,76,"void convert_unary<__half, float>(void const*, float*, long, long, long, HIP_vector_type<unsigned int, 3u>, long, long, long)",736,16966025903707,16966025946374,0,0,256,1,1,212992,1,1
"KERNEL_DISPATCH",4,2,51,"void dequantize_block_iq3_s<__half>(void const*, __half*)",737,16966025971560,16966026433645,0,0,32,1,1,3620864,1,1
"KERNEL_DISPATCH",4,2,64,"void convert_unary<float, __half>(void const*, __half*, long, long, long, HIP_vector_type<unsigned int, 3u>, long, long, long)",738,16966026433645,16966026508610,0,0,256,1,1,2228224,1,1
"KERNEL_DISPATCH",4,2,321,"Cijk_Alik_Bljk_HB_MT32x32x32_SN_1LDSB0_APM1_ABV0_ACED0_AF0EM2_AF1EM1_AMAS3_ASE_ASGT_ASLT_ASM_ASAE01_ASCE01_ASEM2_AAC0_BL1_BS1_CLR0_DTLA0_DTLB0_DTVA0_DTVB0_DVO0_ETSP_EPS1_ELFLR0_EMLL0_FSSC10_FL0_GLVWA4_GLVWB4_GRCGA1_GRCGB1_GRPM1_GRVW4_GSU1_GSUASB_GLS0_ISA900_IU1_K1_KLA_LBSPPA0_LBSPPB0_LPA0_LPB0_LDL1_LRVW4_LWPMn1_LDW0_FMA_MIAV0_MDA2_MO40_MMFGLC_MKFGSU256_NTA0_NTB0_NTC0_NTD0_NEPBS0_NLCA1_NLCB1_ONLL1_OPLV0_PK0_PAP0_PGR1_PLR1_PKA0_SIA1_SLW1_SS0_SU32_SUM0_SUS256_SCIUI1_SPO0_SRVW0_SSO0_SVW4_SNLL0_TSGRA0_TSGRB0_TT4_4_TLDS0_UMLDSA0_UMLDSB0_USFGRO0_VAW2_VS1_VW4_VWB4_VFLRP0_WSGRA0_WSGRB0_WS64_WG8_8_1_WGM8",739,16966026508610,16966028501547,0,8192,64,1,1,3328,4,1
"KERNEL_DISPATCH",4,2,76,"void convert_unary<__half, float>(void const*, float*, long, long, long, HIP_vector_type<unsigned int, 3u>, long, long, long)",740,16966028501547,16966028543770,0,0,256,1,1,212992,1,1
"KERNEL_DISPATCH",4,2,51,"void dequantize_block_iq3_s<__half>(void const*, __half*)",741,16966028564956,16966028934594,0,0,32,1,1,3620864,1,1
"KERNEL_DISPATCH",4,2,64,"void convert_unary<float, __half>(void const*, __half*, long, long, long, HIP_vector_type<unsigned int, 3u>, long, long, long)",742,16966028934594,16966028986744,0,0,256,1,1,2228224,1,1
"KERNEL_DISPATCH",4,2,321,"Cijk_Alik_Bljk_HB_MT32x32x32_SN_1LDSB0_APM1_ABV0_ACED0_AF0EM2_AF1EM1_AMAS3_ASE_ASGT_ASLT_ASM_ASAE01_ASCE01_ASEM2_AAC0_BL1_BS1_CLR0_DTLA0_DTLB0_DTVA0_DTVB0_DVO0_ETSP_EPS1_ELFLR0_EMLL0_FSSC10_FL0_GLVWA4_GLVWB4_GRCGA1_GRCGB1_GRPM1_GRVW4_GSU1_GSUASB_GLS0_ISA900_IU1_K1_KLA_LBSPPA0_LBSPPB0_LPA0_LPB0_LDL1_LRVW4_LWPMn1_LDW0_FMA_MIAV0_MDA2_MO40_MMFGLC_MKFGSU256_NTA0_NTB0_NTC0_NTD0_NEPBS0_NLCA1_NLCB1_ONLL1_OPLV0_PK0_PAP0_PGR1_PLR1_PKA0_SIA1_SLW1_SS0_SU32_SUM0_SUS256_SCIUI1_SPO0_SRVW0_SSO0_SVW4_SNLL0_TSGRA0_TSGRB0_TT4_4_TLDS0_UMLDSA0_UMLDSB0_USFGRO0_VAW2_VS1_VW4_VWB4_VFLRP0_WSGRA0_WSGRB0_WS64_WG8_8_1_WGM8",743,16966028986744,16966030954050,0,8192,64,1,1,3328,4,1
"KERNEL_DISPATCH",4,2,76,"void convert_unary<__half, float>(void const*, float*, long, long, long, HIP_vector_type<unsigned int, 3u>, long, long, long)",744,16966030954050,16966030996570,0,0,256,1,1,212992,1,1
"KERNEL_DISPATCH",4,2,51,"void dequantize_block_iq3_s<__half>(void const*, __half*)",745,16966031021311,16966031483841,0,0,32,1,1,3620864,1,1
"KERNEL_DISPATCH",4,2,64,"void convert_unary<float, __half>(void const*, __half*, long, long, long, HIP_vector_type<unsigned int, 3u>, long, long, long)",746,16966031483841,16966031559102,0,0,256,1,1,2228224,1,1
"KERNEL_DISPATCH",4,2,321,"Cijk_Alik_Bljk_HB_MT32x32x32_SN_1LDSB0_APM1_ABV0_ACED0_AF0EM2_AF1EM1_AMAS3_ASE_ASGT_ASLT_ASM_ASAE01_ASCE01_ASEM2_AAC0_BL1_BS1_CLR0_DTLA0_DTLB0_DTVA0_DTVB0_DVO0_ETSP_EPS1_ELFLR0_EMLL0_FSSC10_FL0_GLVWA4_GLVWB4_GRCGA1_GRCGB1_GRPM1_GRVW4_GSU1_GSUASB_GLS0_ISA900_IU1_K1_KLA_LBSPPA0_LBSPPB0_LPA0_LPB0_LDL1_LRVW4_LWPMn1_LDW0_FMA_MIAV0_MDA2_MO40_MMFGLC_MKFGSU256_NTA0_NTB0_NTC0_NTD0_NEPBS0_NLCA1_NLCB1_ONLL1_OPLV0_PK0_PAP0_PGR1_PLR1_PKA0_SIA1_SLW1_SS0_SU32_SUM0_SUS256_SCIUI1_SPO0_SRVW0_SSO0_SVW4_SNLL0_TSGRA0_TSGRB0_TT4_4_TLDS0_UMLDSA0_UMLDSB0_USFGRO0_VAW2_VS1_VW4_VWB4_VFLRP0_WSGRA0_WSGRB0_WS64_WG8_8_1_WGM8",747,16966031559102,16966033569965,0,8192,64,1,1,3328,4,1
"KERNEL_DISPATCH",4,2,76,"void convert_unary<__half, float>(void const*, float*, long, long, long, HIP_vector_type<unsigned int, 3u>, long, long, long)",748,16966033569965,16966033612632,0,0,256,1,1,212992,1,1
"KERNEL_DISPATCH",4,2,51,"void dequantize_block_iq3_s<__half>(void const*, __half*)",749,16966033633374,16966033994716,0,0,32,1,1,3620864,1,1
"KERNEL_DISPATCH",4,2,64,"void convert_unary<float, __half>(void const*, __half*, long, long, long, HIP_vector_type<unsigned int, 3u>, long, long, long)",750,16966033994716,16966034046865,0,0,256,1,1,2228224,1,1
"KERNEL_DISPATCH",4,2,321,"Cijk_Alik_Bljk_HB_MT32x32x32_SN_1LDSB0_APM1_ABV0_ACED0_AF0EM2_AF1EM1_AMAS3_ASE_ASGT_ASLT_ASM_ASAE01_ASCE01_ASEM2_AAC0_BL1_BS1_CLR0_DTLA0_DTLB0_DTVA0_DTVB0_DVO0_ETSP_EPS1_ELFLR0_EMLL0_FSSC10_FL0_GLVWA4_GLVWB4_GRCGA1_GRCGB1_GRPM1_GRVW4_GSU1_GSUASB_GLS0_ISA900_IU1_K1_KLA_LBSPPA0_LBSPPB0_LPA0_LPB0_LDL1_LRVW4_LWPMn1_LDW0_FMA_MIAV0_MDA2_MO40_MMFGLC_MKFGSU256_NTA0_NTB0_NTC0_NTD0_NEPBS0_NLCA1_NLCB1_ONLL1_OPLV0_PK0_PAP0_PGR1_PLR1_PKA0_SIA1_SLW1_SS0_SU32_SUM0_SUS256_SCIUI1_SPO0_SRVW0_SSO0_SVW4_SNLL0_TSGRA0_TSGRB0_TT4_4_TLDS0_UMLDSA0_UMLDSB0_USFGRO0_VAW2_VS1_VW4_VWB4_VFLRP0_WSGRA0_WSGRB0_WS64_WG8_8_1_WGM8",751,16966034046865,16966036034765,0,8192,64,1,1,3328,4,1
"KERNEL_DISPATCH",4,2,76,"void convert_unary<__half, float>(void const*, float*, long, long, long, HIP_vector_type<unsigned int, 3u>, long, long, long)",752,16966036034765,16966036078173,0,0,256,1,1,212992,1,1
"KERNEL_DISPATCH",4,2,51,"void dequantize_block_iq3_s<__half>(void const*, __half*)",753,16966036103063,16966036565148,0,0,32,1,1,3620864,1,1
"KERNEL_DISPATCH",4,2,64,"void convert_unary<float, __half>(void const*, __half*, long, long, long, HIP_vector_type<unsigned int, 3u>, long, long, long)",754,16966036565148,16966036639372,0,0,256,1,1,2228224,1,1
"KERNEL_DISPATCH",4,2,76,"void convert_unary<__half, float>(void const*, float*, long, long, long, HIP_vector_type<unsigned int, 3u>, long, long, long)",756,16966038615419,16966038657198,0,0,256,1,1,212992,1,1
"KERNEL_DISPATCH",4,2,321,"Cijk_Alik_Bljk_HB_MT32x32x32_SN_1LDSB0_APM1_ABV0_ACED0_AF0EM2_AF1EM1_AMAS3_ASE_ASGT_ASLT_ASM_ASAE01_ASCE01_ASEM2_AAC0_BL1_BS1_CLR0_DTLA0_DTLB0_DTVA0_DTVB0_DVO0_ETSP_EPS1_ELFLR0_EMLL0_FSSC10_FL0_GLVWA4_GLVWB4_GRCGA1_GRCGB1_GRPM1_GRVW4_GSU1_GSUASB_GLS0_ISA900_IU1_K1_KLA_LBSPPA0_LBSPPB0_LPA0_LPB0_LDL1_LRVW4_LWPMn1_LDW0_FMA_MIAV0_MDA2_MO40_MMFGLC_MKFGSU256_NTA0_NTB0_NTC0_NTD0_NEPBS0_NLCA1_NLCB1_ONLL1_OPLV0_PK0_PAP0_PGR1_PLR1_PKA0_SIA1_SLW1_SS0_SU32_SUM0_SUS256_SCIUI1_SPO0_SRVW0_SSO0_SVW4_SNLL0_TSGRA0_TSGRB0_TT4_4_TLDS0_UMLDSA0_UMLDSB0_USFGRO0_VAW2_VS1_VW4_VWB4_VFLRP0_WSGRA0_WSGRB0_WS64_WG8_8_1_WGM8",755,16966036639372,16966038615419,0,8192,64,1,1,3328,4,1
"KERNEL_DISPATCH",4,2,51,"void dequantize_block_iq3_s<__half>(void const*, __half*)",757,16969883289952,16969883493661,0,0,32,1,1,2129920,1,1
"KERNEL_DISPATCH",4,2,64,"void convert_unary<float, __half>(void const*, __half*, long, long, long, HIP_vector_type<unsigned int, 3u>, long, long, long)",758,16969883493661,16969883513660,0,0,256,1,1,655360,1,1
"KERNEL_DISPATCH",4,2,321,"Cijk_Alik_Bljk_HB_MT32x32x32_SN_1LDSB0_APM1_ABV0_ACED0_AF0EM2_AF1EM1_AMAS3_ASE_ASGT_ASLT_ASM_ASAE01_ASCE01_ASEM2_AAC0_BL1_BS1_CLR0_DTLA0_DTLB0_DTVA0_DTVB0_DVO0_ETSP_EPS1_ELFLR0_EMLL0_FSSC10_FL0_GLVWA4_GLVWB4_GRCGA1_GRCGB1_GRPM1_GRVW4_GSU1_GSUASB_GLS0_ISA900_IU1_K1_KLA_LBSPPA0_LBSPPB0_LPA0_LPB0_LDL1_LRVW4_LWPMn1_LDW0_FMA_MIAV0_MDA2_MO40_MMFGLC_MKFGSU256_NTA0_NTB0_NTC0_NTD0_NEPBS0_NLCA1_NLCB1_ONLL1_OPLV0_PK0_PAP0_PGR1_PLR1_PKA0_SIA1_SLW1_SS0_SU32_SUM0_SUS256_SCIUI1_SPO0_SRVW0_SSO0_SVW4_SNLL0_TSGRA0_TSGRB0_TT4_4_TLDS0_UMLDSA0_UMLDSB0_USFGRO0_VAW2_VS1_VW4_VWB4_VFLRP0_WSGRA0_WSGRB0_WS64_WG8_8_1_WGM8",759,16969883513660,16969884488647,0,8192,64,1,1,6656,4,1
"KERNEL_DISPATCH",4,2,76,"void convert_unary<__half, float>(void const*, float*, long, long, long, HIP_vector_type<unsigned int, 3u>, long, long, long)",760,16969884488647,16969884500499,0,0,256,1,1,425984,1,1
"KERNEL_DISPATCH",4,2,51,"void dequantize_block_iq3_s<__half>(void const*, __half*)",761,16969884556500,16969884756950,0,0,32,1,1,2129920,1,1
"KERNEL_DISPATCH",4,2,64,"void convert_unary<float, __half>(void const*, __half*, long, long, long, HIP_vector_type<unsigned int, 3u>, long, long, long)",762,16969884756950,16969884773543,0,0,256,1,1,655360,1,1
"KERNEL_DISPATCH",4,2,321,"Cijk_Alik_Bljk_HB_MT32x32x32_SN_1LDSB0_APM1_ABV0_ACED0_AF0EM2_AF1EM1_AMAS3_ASE_ASGT_ASLT_ASM_ASAE01_ASCE01_ASEM2_AAC0_BL1_BS1_CLR0_DTLA0_DTLB0_DTVA0_DTVB0_DVO0_ETSP_EPS1_ELFLR0_EMLL0_FSSC10_FL0_GLVWA4_GLVWB4_GRCGA1_GRCGB1_GRPM1_GRVW4_GSU1_GSUASB_GLS0_ISA900_IU1_K1_KLA_LBSPPA0_LBSPPB0_LPA0_LPB0_LDL1_LRVW4_LWPMn1_LDW0_FMA_MIAV0_MDA2_MO40_MMFGLC_MKFGSU256_NTA0_NTB0_NTC0_NTD0_NEPBS0_NLCA1_NLCB1_ONLL1_OPLV0_PK0_PAP0_PGR1_PLR1_PKA0_SIA1_SLW1_SS0_SU32_SUM0_SUS256_SCIUI1_SPO0_SRVW0_SSO0_SVW4_SNLL0_TSGRA0_TSGRB0_TT4_4_TLDS0_UMLDSA0_UMLDSB0_USFGRO0_VAW2_VS1_VW4_VWB4_VFLRP0_WSGRA0_WSGRB0_WS64_WG8_8_1_WGM8",763,16969884773543,16969885741566,0,8192,64,1,1,6656,4,1
"KERNEL_DISPATCH",4,2,76,"void convert_unary<__half, float>(void const*, float*, long, long, long, HIP_vector_type<unsigned int, 3u>, long, long, long)",764,16969885741566,16969885752233,0,0,256,1,1,425984,1,1
"KERNEL_DISPATCH",4,2,51,"void dequantize_block_iq3_s<__half>(void const*, __half*)",765,16969885774604,16969885975053,0,0,32,1,1,2129920,1,1
"KERNEL_DISPATCH",4,2,64,"void convert_unary<float, __half>(void const*, __half*, long, long, long, HIP_vector_type<unsigned int, 3u>, long, long, long)",766,16969885975053,16969885991794,0,0,256,1,1,655360,1,1
"KERNEL_DISPATCH",4,2,321,"Cijk_Alik_Bljk_HB_MT32x32x32_SN_1LDSB0_APM1_ABV0_ACED0_AF0EM2_AF1EM1_AMAS3_ASE_ASGT_ASLT_ASM_ASAE01_ASCE01_ASEM2_AAC0_BL1_BS1_CLR0_DTLA0_DTLB0_DTVA0_DTVB0_DVO0_ETSP_EPS1_ELFLR0_EMLL0_FSSC10_FL0_GLVWA4_GLVWB4_GRCGA1_GRCGB1_GRPM1_GRVW4_GSU1_GSUASB_GLS0_ISA900_IU1_K1_KLA_LBSPPA0_LBSPPB0_LPA0_LPB0_LDL1_LRVW4_LWPMn1_LDW0_FMA_MIAV0_MDA2_MO40_MMFGLC_MKFGSU256_NTA0_NTB0_NTC0_NTD0_NEPBS0_NLCA1_NLCB1_ONLL1_OPLV0_PK0_PAP0_PGR1_PLR1_PKA0_SIA1_SLW1_SS0_SU32_SUM0_SUS256_SCIUI1_SPO0_SRVW0_SSO0_SVW4_SNLL0_TSGRA0_TSGRB0_TT4_4_TLDS0_UMLDSA0_UMLDSB0_USFGRO0_VAW2_VS1_VW4_VWB4_VFLRP0_WSGRA0_WSGRB0_WS64_WG8_8_1_WGM8",767,16969885991794,16969886974188,0,8192,64,1,1,6656,4,1
"KERNEL_DISPATCH",4,2,76,"void convert_unary<__half, float>(void const*, float*, long, long, long, HIP_vector_type<unsigned int, 3u>, long, long, long)",768,16969886974188,16969886985744,0,0,256,1,1,425984,1,1
"KERNEL_DISPATCH",4,2,51,"void dequantize_block_iq3_s<__half>(void const*, __half*)",769,16969887008559,16969887221898,0,0,32,1,1,2129920,1,1
"KERNEL_DISPATCH",4,2,64,"void convert_unary<float, __half>(void const*, __half*, long, long, long, HIP_vector_type<unsigned int, 3u>, long, long, long)",770,16969887221898,16969887239676,0,0,256,1,1,655360,1,1
"KERNEL_DISPATCH",4,2,76,"void convert_unary<__half, float>(void const*, float*, long, long, long, HIP_vector_type<unsigned int, 3u>, long, long, long)",772,16969888248145,16969888260738,0,0,256,1,1,425984,1,1
"KERNEL_DISPATCH",4,2,321,"Cijk_Alik_Bljk_HB_MT32x32x32_SN_1LDSB0_APM1_ABV0_ACED0_AF0EM2_AF1EM1_AMAS3_ASE_ASGT_ASLT_ASM_ASAE01_ASCE01_ASEM2_AAC0_BL1_BS1_CLR0_DTLA0_DTLB0_DTVA0_DTVB0_DVO0_ETSP_EPS1_ELFLR0_EMLL0_FSSC10_FL0_GLVWA4_GLVWB4_GRCGA1_GRCGB1_GRPM1_GRVW4_GSU1_GSUASB_GLS0_ISA900_IU1_K1_KLA_LBSPPA0_LBSPPB0_LPA0_LPB0_LDL1_LRVW4_LWPMn1_LDW0_FMA_MIAV0_MDA2_MO40_MMFGLC_MKFGSU256_NTA0_NTB0_NTC0_NTD0_NEPBS0_NLCA1_NLCB1_ONLL1_OPLV0_PK0_PAP0_PGR1_PLR1_PKA0_SIA1_SLW1_SS0_SU32_SUM0_SUS256_SCIUI1_SPO0_SRVW0_SSO0_SVW4_SNLL0_TSGRA0_TSGRB0_TT4_4_TLDS0_UMLDSA0_UMLDSB0_USFGRO0_VAW2_VS1_VW4_VWB4_VFLRP0_WSGRA0_WSGRB0_WS64_WG8_8_1_WGM8",771,16969887239676,16969888248145,0,8192,64,1,1,6656,4,1
"KERNEL_DISPATCH",4,2,51,"void dequantize_block_iq3_s<__half>(void const*, __half*)",773,16969888283553,16969888521188,0,0,32,1,1,2129920,1,1
"KERNEL_DISPATCH",4,2,64,"void convert_unary<float, __half>(void const*, __half*, long, long, long, HIP_vector_type<unsigned int, 3u>, long, long, long)",774,16969888521188,16969888540893,0,0,256,1,1,655360,1,1
"KERNEL_DISPATCH",4,2,321,"Cijk_Alik_Bljk_HB_MT32x32x32_SN_1LDSB0_APM1_ABV0_ACED0_AF0EM2_AF1EM1_AMAS3_ASE_ASGT_ASLT_ASM_ASAE01_ASCE01_ASEM2_AAC0_BL1_BS1_CLR0_DTLA0_DTLB0_DTVA0_DTVB0_DVO0_ETSP_EPS1_ELFLR0_EMLL0_FSSC10_FL0_GLVWA4_GLVWB4_GRCGA1_GRCGB1_GRPM1_GRVW4_GSU1_GSUASB_GLS0_ISA900_IU1_K1_KLA_LBSPPA0_LBSPPB0_LPA0_LPB0_LDL1_LRVW4_LWPMn1_LDW0_FMA_MIAV0_MDA2_MO40_MMFGLC_MKFGSU256_NTA0_NTB0_NTC0_NTD0_NEPBS0_NLCA1_NLCB1_ONLL1_OPLV0_PK0_PAP0_PGR1_PLR1_PKA0_SIA1_SLW1_SS0_SU32_SUM0_SUS256_SCIUI1_SPO0_SRVW0_SSO0_SVW4_SNLL0_TSGRA0_TSGRB0_TT4_4_TLDS0_UMLDSA0_UMLDSB0_USFGRO0_VAW2_VS1_VW4_VWB4_VFLRP0_WSGRA0_WSGRB0_WS64_WG8_8_1_WGM8",775,16969888540893,16969889599733,0,8192,64,1,1,6656,4,1
"KERNEL_DISPATCH",4,2,76,"void convert_unary<__half, float>(void const*, float*, long, long, long, HIP_vector_type<unsigned int, 3u>, long, long, long)",776,16969889599733,16969889642104,0,0,256,1,1,425984,1,1
"KERNEL_DISPATCH",4,2,51,"void dequantize_block_iq3_s<__half>(void const*, __half*)",777,16969889665957,16969889899148,0,0,32,1,1,2129920,1,1
"KERNEL_DISPATCH",4,2,64,"void convert_unary<float, __half>(void const*, __half*, long, long, long, HIP_vector_type<unsigned int, 3u>, long, long, long)",778,16969889899148,16969889916778,0,0,256,1,1,655360,1,1
"KERNEL_DISPATCH",4,2,321,"Cijk_Alik_Bljk_HB_MT32x32x32_SN_1LDSB0_APM1_ABV0_ACED0_AF0EM2_AF1EM1_AMAS3_ASE_ASGT_ASLT_ASM_ASAE01_ASCE01_ASEM2_AAC0_BL1_BS1_CLR0_DTLA0_DTLB0_DTVA0_DTVB0_DVO0_ETSP_EPS1_ELFLR0_EMLL0_FSSC10_FL0_GLVWA4_GLVWB4_GRCGA1_GRCGB1_GRPM1_GRVW4_GSU1_GSUASB_GLS0_ISA900_IU1_K1_KLA_LBSPPA0_LBSPPB0_LPA0_LPB0_LDL1_LRVW4_LWPMn1_LDW0_FMA_MIAV0_MDA2_MO40_MMFGLC_MKFGSU256_NTA0_NTB0_NTC0_NTD0_NEPBS0_NLCA1_NLCB1_ONLL1_OPLV0_PK0_PAP0_PGR1_PLR1_PKA0_SIA1_SLW1_SS0_SU32_SUM0_SUS256_SCIUI1_SPO0_SRVW0_SSO0_SVW4_SNLL0_TSGRA0_TSGRB0_TT4_4_TLDS0_UMLDSA0_UMLDSB0_USFGRO0_VAW2_VS1_VW4_VWB4_VFLRP0_WSGRA0_WSGRB0_WS64_WG8_8_1_WGM8",779,16969889916778,16969890969099,0,8192,64,1,1,6656,4,1
"KERNEL_DISPATCH",4,2,76,"void convert_unary<__half, float>(void const*, float*, long, long, long, HIP_vector_type<unsigned int, 3u>, long, long, long)",780,16969890969099,16969891015767,0,0,256,1,1,425984,1,1
"KERNEL_DISPATCH",4,2,51,"void dequantize_block_iq3_s<__half>(void const*, __half*)",781,16969891039768,16969891277848,0,0,32,1,1,2129920,1,1
"KERNEL_DISPATCH",4,2,64,"void convert_unary<float, __half>(void const*, __half*, long, long, long, HIP_vector_type<unsigned int, 3u>, long, long, long)",782,16969891277848,16969891297255,0,0,256,1,1,655360,1,1
"KERNEL_DISPATCH",4,2,321,"Cijk_Alik_Bljk_HB_MT32x32x32_SN_1LDSB0_APM1_ABV0_ACED0_AF0EM2_AF1EM1_AMAS3_ASE_ASGT_ASLT_ASM_ASAE01_ASCE01_ASEM2_AAC0_BL1_BS1_CLR0_DTLA0_DTLB0_DTVA0_DTVB0_DVO0_ETSP_EPS1_ELFLR0_EMLL0_FSSC10_FL0_GLVWA4_GLVWB4_GRCGA1_GRCGB1_GRPM1_GRVW4_GSU1_GSUASB_GLS0_ISA900_IU1_K1_KLA_LBSPPA0_LBSPPB0_LPA0_LPB0_LDL1_LRVW4_LWPMn1_LDW0_FMA_MIAV0_MDA2_MO40_MMFGLC_MKFGSU256_NTA0_NTB0_NTC0_NTD0_NEPBS0_NLCA1_NLCB1_ONLL1_OPLV0_PK0_PAP0_PGR1_PLR1_PKA0_SIA1_SLW1_SS0_SU32_SUM0_SUS256_SCIUI1_SPO0_SRVW0_SSO0_SVW4_SNLL0_TSGRA0_TSGRB0_TT4_4_TLDS0_UMLDSA0_UMLDSB0_USFGRO0_VAW2_VS1_VW4_VWB4_VFLRP0_WSGRA0_WSGRB0_WS64_WG8_8_1_WGM8",783,16969891297255,16969892442024,0,8192,64,1,1,6656,4,1
"KERNEL_DISPATCH",4,2,76,"void convert_unary<__half, float>(void const*, float*, long, long, long, HIP_vector_type<unsigned int, 3u>, long, long, long)",784,16969892442024,16969892485284,0,0,256,1,1,425984,1,1
"KERNEL_DISPATCH",4,2,51,"void dequantize_block_iq3_s<__half>(void const*, __half*)",785,16969892512840,16969892786180,0,0,32,1,1,2129920,1,1
"KERNEL_DISPATCH",4,2,64,"void convert_unary<float, __half>(void const*, __half*, long, long, long, HIP_vector_type<unsigned int, 3u>, long, long, long)",786,16969892786180,16969892813885,0,0,256,1,1,655360,1,1
"KERNEL_DISPATCH",4,2,321,"Cijk_Alik_Bljk_HB_MT32x32x32_SN_1LDSB0_APM1_ABV0_ACED0_AF0EM2_AF1EM1_AMAS3_ASE_ASGT_ASLT_ASM_ASAE01_ASCE01_ASEM2_AAC0_BL1_BS1_CLR0_DTLA0_DTLB0_DTVA0_DTVB0_DVO0_ETSP_EPS1_ELFLR0_EMLL0_FSSC10_FL0_GLVWA4_GLVWB4_GRCGA1_GRCGB1_GRPM1_GRVW4_GSU1_GSUASB_GLS0_ISA900_IU1_K1_KLA_LBSPPA0_LBSPPB0_LPA0_LPB0_LDL1_LRVW4_LWPMn1_LDW0_FMA_MIAV0_MDA2_MO40_MMFGLC_MKFGSU256_NTA0_NTB0_NTC0_NTD0_NEPBS0_NLCA1_NLCB1_ONLL1_OPLV0_PK0_PAP0_PGR1_PLR1_PKA0_SIA1_SLW1_SS0_SU32_SUM0_SUS256_SCIUI1_SPO0_SRVW0_SSO0_SVW4_SNLL0_TSGRA0_TSGRB0_TT4_4_TLDS0_UMLDSA0_UMLDSB0_USFGRO0_VAW2_VS1_VW4_VWB4_VFLRP0_WSGRA0_WSGRB0_WS64_WG8_8_1_WGM8",787,16969892813885,16969893882207,0,8192,64,1,1,6656,4,1
"KERNEL_DISPATCH",4,2,76,"void convert_unary<__half, float>(void const*, float*, long, long, long, HIP_vector_type<unsigned int, 3u>, long, long, long)",788,16969893882207,16969893923689,0,0,256,1,1,425984,1,1
"KERNEL_DISPATCH",4,2,51,"void dequantize_block_iq3_s<__half>(void const*, __half*)",789,16969893947245,16969894185918,0,0,32,1,1,2129920,1,1
"KERNEL_DISPATCH",4,2,64,"void convert_unary<float, __half>(void const*, __half*, long, long, long, HIP_vector_type<unsigned int, 3u>, long, long, long)",790,16969894185918,16969894205622,0,0,256,1,1,655360,1,1
"KERNEL_DISPATCH",4,2,321,"Cijk_Alik_Bljk_HB_MT32x32x32_SN_1LDSB0_APM1_ABV0_ACED0_AF0EM2_AF1EM1_AMAS3_ASE_ASGT_ASLT_ASM_ASAE01_ASCE01_ASEM2_AAC0_BL1_BS1_CLR0_DTLA0_DTLB0_DTVA0_DTVB0_DVO0_ETSP_EPS1_ELFLR0_EMLL0_FSSC10_FL0_GLVWA4_GLVWB4_GRCGA1_GRCGB1_GRPM1_GRVW4_GSU1_GSUASB_GLS0_ISA900_IU1_K1_KLA_LBSPPA0_LBSPPB0_LPA0_LPB0_LDL1_LRVW4_LWPMn1_LDW0_FMA_MIAV0_MDA2_MO40_MMFGLC_MKFGSU256_NTA0_NTB0_NTC0_NTD0_NEPBS0_NLCA1_NLCB1_ONLL1_OPLV0_PK0_PAP0_PGR1_PLR1_PKA0_SIA1_SLW1_SS0_SU32_SUM0_SUS256_SCIUI1_SPO0_SRVW0_SSO0_SVW4_SNLL0_TSGRA0_TSGRB0_TT4_4_TLDS0_UMLDSA0_UMLDSB0_USFGRO0_VAW2_VS1_VW4_VWB4_VFLRP0_WSGRA0_WSGRB0_WS64_WG8_8_1_WGM8",791,16969894205622,16969895262388,0,8192,64,1,1,6656,4,1
"KERNEL_DISPATCH",4,2,76,"void convert_unary<__half, float>(void const*, float*, long, long, long, HIP_vector_type<unsigned int, 3u>, long, long, long)",792,16969895262388,16969895305204,0,0,256,1,1,425984,1,1
"KERNEL_DISPATCH",4,2,51,"void dequantize_block_iq3_s<__half>(void const*, __half*)",793,16969895329353,16969895567136,0,0,32,1,1,2129920,1,1
"KERNEL_DISPATCH",4,2,64,"void convert_unary<float, __half>(void const*, __half*, long, long, long, HIP_vector_type<unsigned int, 3u>, long, long, long)",794,16969895567136,16969895586840,0,0,256,1,1,655360,1,1
"KERNEL_DISPATCH",4,2,321,"Cijk_Alik_Bljk_HB_MT32x32x32_SN_1LDSB0_APM1_ABV0_ACED0_AF0EM2_AF1EM1_AMAS3_ASE_ASGT_ASLT_ASM_ASAE01_ASCE01_ASEM2_AAC0_BL1_BS1_CLR0_DTLA0_DTLB0_DTVA0_DTVB0_DVO0_ETSP_EPS1_ELFLR0_EMLL0_FSSC10_FL0_GLVWA4_GLVWB4_GRCGA1_GRCGB1_GRPM1_GRVW4_GSU1_GSUASB_GLS0_ISA900_IU1_K1_KLA_LBSPPA0_LBSPPB0_LPA0_LPB0_LDL1_LRVW4_LWPMn1_LDW0_FMA_MIAV0_MDA2_MO40_MMFGLC_MKFGSU256_NTA0_NTB0_NTC0_NTD0_NEPBS0_NLCA1_NLCB1_ONLL1_OPLV0_PK0_PAP0_PGR1_PLR1_PKA0_SIA1_SLW1_SS0_SU32_SUM0_SUS256_SCIUI1_SPO0_SRVW0_SSO0_SVW4_SNLL0_TSGRA0_TSGRB0_TT4_4_TLDS0_UMLDSA0_UMLDSB0_USFGRO0_VAW2_VS1_VW4_VWB4_VFLRP0_WSGRA0_WSGRB0_WS64_WG8_8_1_WGM8",795,16969895586840,16969896563753,0,8192,64,1,1,6656,4,1
"KERNEL_DISPATCH",4,2,76,"void convert_unary<__half, float>(void const*, float*, long, long, long, HIP_vector_type<unsigned int, 3u>, long, long, long)",796,16969896563753,16969896575160,0,0,256,1,1,425984,1,1
"KERNEL_DISPATCH",4,2,51,"void dequantize_block_iq3_s<__half>(void const*, __half*)",797,16969896596494,16969896807907,0,0,32,1,1,2129920,1,1
"KERNEL_DISPATCH",4,2,64,"void convert_unary<float, __half>(void const*, __half*, long, long, long, HIP_vector_type<unsigned int, 3u>, long, long, long)",798,16969896807907,16969896825092,0,0,256,1,1,655360,1,1
"KERNEL_DISPATCH",4,2,321,"Cijk_Alik_Bljk_HB_MT32x32x32_SN_1LDSB0_APM1_ABV0_ACED0_AF0EM2_AF1EM1_AMAS3_ASE_ASGT_ASLT_ASM_ASAE01_ASCE01_ASEM2_AAC0_BL1_BS1_CLR0_DTLA0_DTLB0_DTVA0_DTVB0_DVO0_ETSP_EPS1_ELFLR0_EMLL0_FSSC10_FL0_GLVWA4_GLVWB4_GRCGA1_GRCGB1_GRPM1_GRVW4_GSU1_GSUASB_GLS0_ISA900_IU1_K1_KLA_LBSPPA0_LBSPPB0_LPA0_LPB0_LDL1_LRVW4_LWPMn1_LDW0_FMA_MIAV0_MDA2_MO40_MMFGLC_MKFGSU256_NTA0_NTB0_NTC0_NTD0_NEPBS0_NLCA1_NLCB1_ONLL1_OPLV0_PK0_PAP0_PGR1_PLR1_PKA0_SIA1_SLW1_SS0_SU32_SUM0_SUS256_SCIUI1_SPO0_SRVW0_SSO0_SVW4_SNLL0_TSGRA0_TSGRB0_TT4_4_TLDS0_UMLDSA0_UMLDSB0_USFGRO0_VAW2_VS1_VW4_VWB4_VFLRP0_WSGRA0_WSGRB0_WS64_WG8_8_1_WGM8",799,16969896825092,16969897798153,0,8192,64,1,1,6656,4,1
"KERNEL_DISPATCH",4,2,76,"void convert_unary<__half, float>(void const*, float*, long, long, long, HIP_vector_type<unsigned int, 3u>, long, long, long)",800,16969897798153,16969897809709,0,0,256,1,1,425984,1,1
"KERNEL_DISPATCH",4,2,51,"void dequantize_block_iq3_s<__half>(void const*, __half*)",801,16969897831339,16969898044677,0,0,32,1,1,2129920,1,1
"KERNEL_DISPATCH",4,2,64,"void convert_unary<float, __half>(void const*, __half*, long, long, long, HIP_vector_type<unsigned int, 3u>, long, long, long)",802,16969898044677,16969898062307,0,0,256,1,1,655360,1,1
"KERNEL_DISPATCH",4,2,321,"Cijk_Alik_Bljk_HB_MT32x32x32_SN_1LDSB0_APM1_ABV0_ACED0_AF0EM2_AF1EM1_AMAS3_ASE_ASGT_ASLT_ASM_ASAE01_ASCE01_ASEM2_AAC0_BL1_BS1_CLR0_DTLA0_DTLB0_DTVA0_DTVB0_DVO0_ETSP_EPS1_ELFLR0_EMLL0_FSSC10_FL0_GLVWA4_GLVWB4_GRCGA1_GRCGB1_GRPM1_GRVW4_GSU1_GSUASB_GLS0_ISA900_IU1_K1_KLA_LBSPPA0_LBSPPB0_LPA0_LPB0_LDL1_LRVW4_LWPMn1_LDW0_FMA_MIAV0_MDA2_MO40_MMFGLC_MKFGSU256_NTA0_NTB0_NTC0_NTD0_NEPBS0_NLCA1_NLCB1_ONLL1_OPLV0_PK0_PAP0_PGR1_PLR1_PKA0_SIA1_SLW1_SS0_SU32_SUM0_SUS256_SCIUI1_SPO0_SRVW0_SSO0_SVW4_SNLL0_TSGRA0_TSGRB0_TT4_4_TLDS0_UMLDSA0_UMLDSB0_USFGRO0_VAW2_VS1_VW4_VWB4_VFLRP0_WSGRA0_WSGRB0_WS64_WG8_8_1_WGM8",803,16969898062307,16969899051368,0,8192,64,1,1,6656,4,1
"KERNEL_DISPATCH",4,2,76,"void convert_unary<__half, float>(void const*, float*, long, long, long, HIP_vector_type<unsigned int, 3u>, long, long, long)",804,16969899051368,16969899063961,0,0,256,1,1,425984,1,1
"KERNEL_DISPATCH",4,2,51,"void dequantize_block_iq3_s<__half>(void const*, __half*)",805,16969899087073,16969899325301,0,0,32,1,1,2129920,1,1
"KERNEL_DISPATCH",4,2,64,"void convert_unary<float, __half>(void const*, __half*, long, long, long, HIP_vector_type<unsigned int, 3u>, long, long, long)",806,16969899325301,16969899344857,0,0,256,1,1,655360,1,1
"KERNEL_DISPATCH",4,2,321,"Cijk_Alik_Bljk_HB_MT32x32x32_SN_1LDSB0_APM1_ABV0_ACED0_AF0EM2_AF1EM1_AMAS3_ASE_ASGT_ASLT_ASM_ASAE01_ASCE01_ASEM2_AAC0_BL1_BS1_CLR0_DTLA0_DTLB0_DTVA0_DTVB0_DVO0_ETSP_EPS1_ELFLR0_EMLL0_FSSC10_FL0_GLVWA4_GLVWB4_GRCGA1_GRCGB1_GRPM1_GRVW4_GSU1_GSUASB_GLS0_ISA900_IU1_K1_KLA_LBSPPA0_LBSPPB0_LPA0_LPB0_LDL1_LRVW4_LWPMn1_LDW0_FMA_MIAV0_MDA2_MO40_MMFGLC_MKFGSU256_NTA0_NTB0_NTC0_NTD0_NEPBS0_NLCA1_NLCB1_ONLL1_OPLV0_PK0_PAP0_PGR1_PLR1_PKA0_SIA1_SLW1_SS0_SU32_SUM0_SUS256_SCIUI1_SPO0_SRVW0_SSO0_SVW4_SNLL0_TSGRA0_TSGRB0_TT4_4_TLDS0_UMLDSA0_UMLDSB0_USFGRO0_VAW2_VS1_VW4_VWB4_VFLRP0_WSGRA0_WSGRB0_WS64_WG8_8_1_WGM8",807,16969899344857,16969900497181,0,8192,64,1,1,6656,4,1
"KERNEL_DISPATCH",4,2,76,"void convert_unary<__half, float>(void const*, float*, long, long, long, HIP_vector_type<unsigned int, 3u>, long, long, long)",808,16969900497181,16969900540293,0,0,256,1,1,425984,1,1
"KERNEL_DISPATCH",4,2,51,"void dequantize_block_iq3_s<__half>(void const*, __half*)",809,16969900567701,16969900840448,0,0,32,1,1,2129920,1,1
"KERNEL_DISPATCH",4,2,64,"void convert_unary<float, __half>(void const*, __half*, long, long, long, HIP_vector_type<unsigned int, 3u>, long, long, long)",810,16969900840448,16969900867560,0,0,256,1,1,655360,1,1
"KERNEL_DISPATCH",4,2,321,"Cijk_Alik_Bljk_HB_MT32x32x32_SN_1LDSB0_APM1_ABV0_ACED0_AF0EM2_AF1EM1_AMAS3_ASE_ASGT_ASLT_ASM_ASAE01_ASCE01_ASEM2_AAC0_BL1_BS1_CLR0_DTLA0_DTLB0_DTVA0_DTVB0_DVO0_ETSP_EPS1_ELFLR0_EMLL0_FSSC10_FL0_GLVWA4_GLVWB4_GRCGA1_GRCGB1_GRPM1_GRVW4_GSU1_GSUASB_GLS0_ISA900_IU1_K1_KLA_LBSPPA0_LBSPPB0_LPA0_LPB0_LDL1_LRVW4_LWPMn1_LDW0_FMA_MIAV0_MDA2_MO40_MMFGLC_MKFGSU256_NTA0_NTB0_NTC0_NTD0_NEPBS0_NLCA1_NLCB1_ONLL1_OPLV0_PK0_PAP0_PGR1_PLR1_PKA0_SIA1_SLW1_SS0_SU32_SUM0_SUS256_SCIUI1_SPO0_SRVW0_SSO0_SVW4_SNLL0_TSGRA0_TSGRB0_TT4_4_TLDS0_UMLDSA0_UMLDSB0_USFGRO0_VAW2_VS1_VW4_VWB4_VFLRP0_WSGRA0_WSGRB0_WS64_WG8_8_1_WGM8",811,16969900867560,16969901930104,0,8192,64,1,1,6656,4,1
"KERNEL_DISPATCH",4,2,76,"void convert_unary<__half, float>(void const*, float*, long, long, long, HIP_vector_type<unsigned int, 3u>, long, long, long)",812,16969901930104,16969901972920,0,0,256,1,1,425984,1,1
"KERNEL_DISPATCH",4,2,51,"void dequantize_block_iq3_s<__half>(void const*, __half*)",813,16969901996476,16969902234260,0,0,32,1,1,2129920,1,1
"KERNEL_DISPATCH",4,2,64,"void convert_unary<float, __half>(void const*, __half*, long, long, long, HIP_vector_type<unsigned int, 3u>, long, long, long)",814,16969902234260,16969902253668,0,0,256,1,1,655360,1,1
"KERNEL_DISPATCH",4,2,321,"Cijk_Alik_Bljk_HB_MT32x32x32_SN_1LDSB0_APM1_ABV0_ACED0_AF0EM2_AF1EM1_AMAS3_ASE_ASGT_ASLT_ASM_ASAE01_ASCE01_ASEM2_AAC0_BL1_BS1_CLR0_DTLA0_DTLB0_DTVA0_DTVB0_DVO0_ETSP_EPS1_ELFLR0_EMLL0_FSSC10_FL0_GLVWA4_GLVWB4_GRCGA1_GRCGB1_GRPM1_GRVW4_GSU1_GSUASB_GLS0_ISA900_IU1_K1_KLA_LBSPPA0_LBSPPB0_LPA0_LPB0_LDL1_LRVW4_LWPMn1_LDW0_FMA_MIAV0_MDA2_MO40_MMFGLC_MKFGSU256_NTA0_NTB0_NTC0_NTD0_NEPBS0_NLCA1_NLCB1_ONLL1_OPLV0_PK0_PAP0_PGR1_PLR1_PKA0_SIA1_SLW1_SS0_SU32_SUM0_SUS256_SCIUI1_SPO0_SRVW0_SSO0_SVW4_SNLL0_TSGRA0_TSGRB0_TT4_4_TLDS0_UMLDSA0_UMLDSB0_USFGRO0_VAW2_VS1_VW4_VWB4_VFLRP0_WSGRA0_WSGRB0_WS64_WG8_8_1_WGM8",815,16969902253668,16969903310286,0,8192,64,1,1,6656,4,1
"KERNEL_DISPATCH",4,2,76,"void convert_unary<__half, float>(void const*, float*, long, long, long, HIP_vector_type<unsigned int, 3u>, long, long, long)",816,16969903310286,16969903352509,0,0,256,1,1,425984,1,1
"KERNEL_DISPATCH",4,2,51,"void dequantize_block_iq3_s<__half>(void const*, __half*)",817,16969903375917,16969903613700,0,0,32,1,1,2129920,1,1
"KERNEL_DISPATCH",4,2,64,"void convert_unary<float, __half>(void const*, __half*, long, long, long, HIP_vector_type<unsigned int, 3u>, long, long, long)",818,16969903613700,16969903633256,0,0,256,1,1,655360,1,1
"KERNEL_DISPATCH",4,2,76,"void convert_unary<__half, float>(void const*, float*, long, long, long, HIP_vector_type<unsigned int, 3u>, long, long, long)",820,16969904603354,16969904614910,0,0,256,1,1,425984,1,1
"KERNEL_DISPATCH",4,2,321,"Cijk_Alik_Bljk_HB_MT32x32x32_SN_1LDSB0_APM1_ABV0_ACED0_AF0EM2_AF1EM1_AMAS3_ASE_ASGT_ASLT_ASM_ASAE01_ASCE01_ASEM2_AAC0_BL1_BS1_CLR0_DTLA0_DTLB0_DTVA0_DTVB0_DVO0_ETSP_EPS1_ELFLR0_EMLL0_FSSC10_FL0_GLVWA4_GLVWB4_GRCGA1_GRCGB1_GRPM1_GRVW4_GSU1_GSUASB_GLS0_ISA900_IU1_K1_KLA_LBSPPA0_LBSPPB0_LPA0_LPB0_LDL1_LRVW4_LWPMn1_LDW0_FMA_MIAV0_MDA2_MO40_MMFGLC_MKFGSU256_NTA0_NTB0_NTC0_NTD0_NEPBS0_NLCA1_NLCB1_ONLL1_OPLV0_PK0_PAP0_PGR1_PLR1_PKA0_SIA1_SLW1_SS0_SU32_SUM0_SUS256_SCIUI1_SPO0_SRVW0_SSO0_SVW4_SNLL0_TSGRA0_TSGRB0_TT4_4_TLDS0_UMLDSA0_UMLDSB0_USFGRO0_VAW2_VS1_VW4_VWB4_VFLRP0_WSGRA0_WSGRB0_WS64_WG8_8_1_WGM8",819,16969903633256,16969904603354,0,8192,64,1,1,6656,4,1
"KERNEL_DISPATCH",4,2,51,"void dequantize_block_iq3_s<__half>(void const*, __half*)",821,16969904636984,16969904846026,0,0,32,1,1,2129920,1,1
"KERNEL_DISPATCH",4,2,64,"void convert_unary<float, __half>(void const*, __half*, long, long, long, HIP_vector_type<unsigned int, 3u>, long, long, long)",822,16969904846026,16969904862767,0,0,256,1,1,655360,1,1
"KERNEL_DISPATCH",4,2,321,"Cijk_Alik_Bljk_HB_MT32x32x32_SN_1LDSB0_APM1_ABV0_ACED0_AF0EM2_AF1EM1_AMAS3_ASE_ASGT_ASLT_ASM_ASAE01_ASCE01_ASEM2_AAC0_BL1_BS1_CLR0_DTLA0_DTLB0_DTVA0_DTVB0_DVO0_ETSP_EPS1_ELFLR0_EMLL0_FSSC10_FL0_GLVWA4_GLVWB4_GRCGA1_GRCGB1_GRPM1_GRVW4_GSU1_GSUASB_GLS0_ISA900_IU1_K1_KLA_LBSPPA0_LBSPPB0_LPA0_LPB0_LDL1_LRVW4_LWPMn1_LDW0_FMA_MIAV0_MDA2_MO40_MMFGLC_MKFGSU256_NTA0_NTB0_NTC0_NTD0_NEPBS0_NLCA1_NLCB1_ONLL1_OPLV0_PK0_PAP0_PGR1_PLR1_PKA0_SIA1_SLW1_SS0_SU32_SUM0_SUS256_SCIUI1_SPO0_SRVW0_SSO0_SVW4_SNLL0_TSGRA0_TSGRB0_TT4_4_TLDS0_UMLDSA0_UMLDSB0_USFGRO0_VAW2_VS1_VW4_VWB4_VFLRP0_WSGRA0_WSGRB0_WS64_WG8_8_1_WGM8",823,16969904862767,16969905836272,0,8192,64,1,1,6656,4,1
"KERNEL_DISPATCH",4,2,76,"void convert_unary<__half, float>(void const*, float*, long, long, long, HIP_vector_type<unsigned int, 3u>, long, long, long)",824,16969905836272,16969905847976,0,0,256,1,1,425984,1,1
"KERNEL_DISPATCH",4,2,51,"void dequantize_block_iq3_s<__half>(void const*, __half*)",825,16969905870051,16969906083241,0,0,32,1,1,2129920,1,1
"KERNEL_DISPATCH",4,2,64,"void convert_unary<float, __half>(void const*, __half*, long, long, long, HIP_vector_type<unsigned int, 3u>, long, long, long)",826,16969906083241,16969906100871,0,0,256,1,1,655360,1,1
"KERNEL_DISPATCH",4,2,321,"Cijk_Alik_Bljk_HB_MT32x32x32_SN_1LDSB0_APM1_ABV0_ACED0_AF0EM2_AF1EM1_AMAS3_ASE_ASGT_ASLT_ASM_ASAE01_ASCE01_ASEM2_AAC0_BL1_BS1_CLR0_DTLA0_DTLB0_DTVA0_DTVB0_DVO0_ETSP_EPS1_ELFLR0_EMLL0_FSSC10_FL0_GLVWA4_GLVWB4_GRCGA1_GRCGB1_GRPM1_GRVW4_GSU1_GSUASB_GLS0_ISA900_IU1_K1_KLA_LBSPPA0_LBSPPB0_LPA0_LPB0_LDL1_LRVW4_LWPMn1_LDW0_FMA_MIAV0_MDA2_MO40_MMFGLC_MKFGSU256_NTA0_NTB0_NTC0_NTD0_NEPBS0_NLCA1_NLCB1_ONLL1_OPLV0_PK0_PAP0_PGR1_PLR1_PKA0_SIA1_SLW1_SS0_SU32_SUM0_SUS256_SCIUI1_SPO0_SRVW0_SSO0_SVW4_SNLL0_TSGRA0_TSGRB0_TT4_4_TLDS0_UMLDSA0_UMLDSB0_USFGRO0_VAW2_VS1_VW4_VWB4_VFLRP0_WSGRA0_WSGRB0_WS64_WG8_8_1_WGM8",827,16969906100871,16969907096451,0,8192,64,1,1,6656,4,1
"KERNEL_DISPATCH",4,2,76,"void convert_unary<__half, float>(void const*, float*, long, long, long, HIP_vector_type<unsigned int, 3u>, long, long, long)",828,16969907096451,16969907109044,0,0,256,1,1,425984,1,1
"KERNEL_DISPATCH",4,2,51,"void dequantize_block_iq3_s<__half>(void const*, __half*)",829,16969907131859,16969907369791,0,0,32,1,1,2129920,1,1
"KERNEL_DISPATCH",4,2,64,"void convert_unary<float, __half>(void const*, __half*, long, long, long, HIP_vector_type<unsigned int, 3u>, long, long, long)",830,16969907369791,16969907389939,0,0,256,1,1,655360,1,1
"KERNEL_DISPATCH",4,2,321,"Cijk_Alik_Bljk_HB_MT32x32x32_SN_1LDSB0_APM1_ABV0_ACED0_AF0EM2_AF1EM1_AMAS3_ASE_ASGT_ASLT_ASM_ASAE01_ASCE01_ASEM2_AAC0_BL1_BS1_CLR0_DTLA0_DTLB0_DTVA0_DTVB0_DVO0_ETSP_EPS1_ELFLR0_EMLL0_FSSC10_FL0_GLVWA4_GLVWB4_GRCGA1_GRCGB1_GRPM1_GRVW4_GSU1_GSUASB_GLS0_ISA900_IU1_K1_KLA_LBSPPA0_LBSPPB0_LPA0_LPB0_LDL1_LRVW4_LWPMn1_LDW0_FMA_MIAV0_MDA2_MO40_MMFGLC_MKFGSU256_NTA0_NTB0_NTC0_NTD0_NEPBS0_NLCA1_NLCB1_ONLL1_OPLV0_PK0_PAP0_PGR1_PLR1_PKA0_SIA1_SLW1_SS0_SU32_SUM0_SUS256_SCIUI1_SPO0_SRVW0_SSO0_SVW4_SNLL0_TSGRA0_TSGRB0_TT4_4_TLDS0_UMLDSA0_UMLDSB0_USFGRO0_VAW2_VS1_VW4_VWB4_VFLRP0_WSGRA0_WSGRB0_WS64_WG8_8_1_WGM8",831,16969907389939,16969908543152,0,8192,64,1,1,6656,4,1
"KERNEL_DISPATCH",4,2,76,"void convert_unary<__half, float>(void const*, float*, long, long, long, HIP_vector_type<unsigned int, 3u>, long, long, long)",832,16969908543152,16969908585968,0,0,256,1,1,425984,1,1
"KERNEL_DISPATCH",4,2,51,"void dequantize_block_iq3_s<__half>(void const*, __half*)",833,16969908613080,16969908880494,0,0,32,1,1,2129920,1,1
"KERNEL_DISPATCH",4,2,64,"void convert_unary<float, __half>(void const*, __half*, long, long, long, HIP_vector_type<unsigned int, 3u>, long, long, long)",834,16969908880494,16969908913532,0,0,256,1,1,655360,1,1
"KERNEL_DISPATCH",4,2,321,"Cijk_Alik_Bljk_HB_MT32x32x32_SN_1LDSB0_APM1_ABV0_ACED0_AF0EM2_AF1EM1_AMAS3_ASE_ASGT_ASLT_ASM_ASAE01_ASCE01_ASEM2_AAC0_BL1_BS1_CLR0_DTLA0_DTLB0_DTVA0_DTVB0_DVO0_ETSP_EPS1_ELFLR0_EMLL0_FSSC10_FL0_GLVWA4_GLVWB4_GRCGA1_GRCGB1_GRPM1_GRVW4_GSU1_GSUASB_GLS0_ISA900_IU1_K1_KLA_LBSPPA0_LBSPPB0_LPA0_LPB0_LDL1_LRVW4_LWPMn1_LDW0_FMA_MIAV0_MDA2_MO40_MMFGLC_MKFGSU256_NTA0_NTB0_NTC0_NTD0_NEPBS0_NLCA1_NLCB1_ONLL1_OPLV0_PK0_PAP0_PGR1_PLR1_PKA0_SIA1_SLW1_SS0_SU32_SUM0_SUS256_SCIUI1_SPO0_SRVW0_SSO0_SVW4_SNLL0_TSGRA0_TSGRB0_TT4_4_TLDS0_UMLDSA0_UMLDSB0_USFGRO0_VAW2_VS1_VW4_VWB4_VFLRP0_WSGRA0_WSGRB0_WS64_WG8_8_1_WGM8",835,16969908913532,16969909970446,0,8192,64,1,1,6656,4,1
"KERNEL_DISPATCH",4,2,76,"void convert_unary<__half, float>(void const*, float*, long, long, long, HIP_vector_type<unsigned int, 3u>, long, long, long)",836,16969909970446,16969910012077,0,0,256,1,1,425984,1,1
"KERNEL_DISPATCH",4,2,51,"void dequantize_block_iq3_s<__half>(void const*, __half*)",837,16969910035040,16969910272824,0,0,32,1,1,2129920,1,1
"KERNEL_DISPATCH",4,2,64,"void convert_unary<float, __half>(void const*, __half*, long, long, long, HIP_vector_type<unsigned int, 3u>, long, long, long)",838,16969910272824,16969910292528,0,0,256,1,1,655360,1,1
"KERNEL_DISPATCH",4,2,76,"void convert_unary<__half, float>(void const*, float*, long, long, long, HIP_vector_type<unsigned int, 3u>, long, long, long)",840,16969911443815,16969911485742,0,0,256,1,1,425984,1,1
"KERNEL_DISPATCH",4,2,321,"Cijk_Alik_Bljk_HB_MT32x32x32_SN_1LDSB0_APM1_ABV0_ACED0_AF0EM2_AF1EM1_AMAS3_ASE_ASGT_ASLT_ASM_ASAE01_ASCE01_ASEM2_AAC0_BL1_BS1_CLR0_DTLA0_DTLB0_DTVA0_DTVB0_DVO0_ETSP_EPS1_ELFLR0_EMLL0_FSSC10_FL0_GLVWA4_GLVWB4_GRCGA1_GRCGB1_GRPM1_GRVW4_GSU1_GSUASB_GLS0_ISA900_IU1_K1_KLA_LBSPPA0_LBSPPB0_LPA0_LPB0_LDL1_LRVW4_LWPMn1_LDW0_FMA_MIAV0_MDA2_MO40_MMFGLC_MKFGSU256_NTA0_NTB0_NTC0_NTD0_NEPBS0_NLCA1_NLCB1_ONLL1_OPLV0_PK0_PAP0_PGR1_PLR1_PKA0_SIA1_SLW1_SS0_SU32_SUM0_SUS256_SCIUI1_SPO0_SRVW0_SSO0_SVW4_SNLL0_TSGRA0_TSGRB0_TT4_4_TLDS0_UMLDSA0_UMLDSB0_USFGRO0_VAW2_VS1_VW4_VWB4_VFLRP0_WSGRA0_WSGRB0_WS64_WG8_8_1_WGM8",839,16969910292528,16969911443815,0,8192,64,1,1,6656,4,1
"KERNEL_DISPATCH",4,2,51,"void dequantize_block_iq3_s<__half>(void const*, __half*)",841,16969911513002,16969911786194,0,0,32,1,1,2129920,1,1
"KERNEL_DISPATCH",4,2,64,"void convert_unary<float, __half>(void const*, __half*, long, long, long, HIP_vector_type<unsigned int, 3u>, long, long, long)",842,16969911786194,16969911814046,0,0,256,1,1,655360,1,1
"KERNEL_DISPATCH",4,2,321,"Cijk_Alik_Bljk_HB_MT32x32x32_SN_1LDSB0_APM1_ABV0_ACED0_AF0EM2_AF1EM1_AMAS3_ASE_ASGT_ASLT_ASM_ASAE01_ASCE01_ASEM2_AAC0_BL1_BS1_CLR0_DTLA0_DTLB0_DTVA0_DTVB0_DVO0_ETSP_EPS1_ELFLR0_EMLL0_FSSC10_FL0_GLVWA4_GLVWB4_GRCGA1_GRCGB1_GRPM1_GRVW4_GSU1_GSUASB_GLS0_ISA900_IU1_K1_KLA_LBSPPA0_LBSPPB0_LPA0_LPB0_LDL1_LRVW4_LWPMn1_LDW0_FMA_MIAV0_MDA2_MO40_MMFGLC_MKFGSU256_NTA0_NTB0_NTC0_NTD0_NEPBS0_NLCA1_NLCB1_ONLL1_OPLV0_PK0_PAP0_PGR1_PLR1_PKA0_SIA1_SLW1_SS0_SU32_SUM0_SUS256_SCIUI1_SPO0_SRVW0_SSO0_SVW4_SNLL0_TSGRA0_TSGRB0_TT4_4_TLDS0_UMLDSA0_UMLDSB0_USFGRO0_VAW2_VS1_VW4_VWB4_VFLRP0_WSGRA0_WSGRB0_WS64_WG8_8_1_WGM8",843,16969911814046,16969912882961,0,8192,64,1,1,6656,4,1
"KERNEL_DISPATCH",4,2,76,"void convert_unary<__half, float>(void const*, float*, long, long, long, HIP_vector_type<unsigned int, 3u>, long, long, long)",844,16969912882961,16969912925777,0,0,256,1,1,425984,1,1
"KERNEL_DISPATCH",4,2,51,"void dequantize_block_iq3_s<__half>(void const*, __half*)",845,16969912948888,16969913186672,0,0,32,1,1,2129920,1,1
"KERNEL_DISPATCH",4,2,64,"void convert_unary<float, __half>(void const*, __half*, long, long, long, HIP_vector_type<unsigned int, 3u>, long, long, long)",846,16969913186672,16969913206228,0,0,256,1,1,655360,1,1
"KERNEL_DISPATCH",4,2,76,"void convert_unary<__half, float>(void const*, float*, long, long, long, HIP_vector_type<unsigned int, 3u>, long, long, long)",848,16969914342107,16969914384775,0,0,256,1,1,425984,1,1
"KERNEL_DISPATCH",4,2,321,"Cijk_Alik_Bljk_HB_MT32x32x32_SN_1LDSB0_APM1_ABV0_ACED0_AF0EM2_AF1EM1_AMAS3_ASE_ASGT_ASLT_ASM_ASAE01_ASCE01_ASEM2_AAC0_BL1_BS1_CLR0_DTLA0_DTLB0_DTVA0_DTVB0_DVO0_ETSP_EPS1_ELFLR0_EMLL0_FSSC10_FL0_GLVWA4_GLVWB4_GRCGA1_GRCGB1_GRPM1_GRVW4_GSU1_GSUASB_GLS0_ISA900_IU1_K1_KLA_LBSPPA0_LBSPPB0_LPA0_LPB0_LDL1_LRVW4_LWPMn1_LDW0_FMA_MIAV0_MDA2_MO40_MMFGLC_MKFGSU256_NTA0_NTB0_NTC0_NTD0_NEPBS0_NLCA1_NLCB1_ONLL1_OPLV0_PK0_PAP0_PGR1_PLR1_PKA0_SIA1_SLW1_SS0_SU32_SUM0_SUS256_SCIUI1_SPO0_SRVW0_SSO0_SVW4_SNLL0_TSGRA0_TSGRB0_TT4_4_TLDS0_UMLDSA0_UMLDSB0_USFGRO0_VAW2_VS1_VW4_VWB4_VFLRP0_WSGRA0_WSGRB0_WS64_WG8_8_1_WGM8",847,16969913206228,16969914342107,0,8192,64,1,1,6656,4,1
"KERNEL_DISPATCH",4,2,51,"void dequantize_block_iq3_s<__half>(void const*, __half*)",849,16969914412775,16969914686560,0,0,32,1,1,2129920,1,1
"KERNEL_DISPATCH",4,2,64,"void convert_unary<float, __half>(void const*, __half*, long, long, long, HIP_vector_type<unsigned int, 3u>, long, long, long)",850,16969914686560,16969914714412,0,0,256,1,1,655360,1,1
"KERNEL_DISPATCH",4,2,76,"void convert_unary<__half, float>(void const*, float*, long, long, long, HIP_vector_type<unsigned int, 3u>, long, long, long)",852,16969915796512,16969915837995,0,0,256,1,1,425984,1,1
"KERNEL_DISPATCH",4,2,321,"Cijk_Alik_Bljk_HB_MT32x32x32_SN_1LDSB0_APM1_ABV0_ACED0_AF0EM2_AF1EM1_AMAS3_ASE_ASGT_ASLT_ASM_ASAE01_ASCE01_ASEM2_AAC0_BL1_BS1_CLR0_DTLA0_DTLB0_DTVA0_DTVB0_DVO0_ETSP_EPS1_ELFLR0_EMLL0_FSSC10_FL0_GLVWA4_GLVWB4_GRCGA1_GRCGB1_GRPM1_GRVW4_GSU1_GSUASB_GLS0_ISA900_IU1_K1_KLA_LBSPPA0_LBSPPB0_LPA0_LPB0_LDL1_LRVW4_LWPMn1_LDW0_FMA_MIAV0_MDA2_MO40_MMFGLC_MKFGSU256_NTA0_NTB0_NTC0_NTD0_NEPBS0_NLCA1_NLCB1_ONLL1_OPLV0_PK0_PAP0_PGR1_PLR1_PKA0_SIA1_SLW1_SS0_SU32_SUM0_SUS256_SCIUI1_SPO0_SRVW0_SSO0_SVW4_SNLL0_TSGRA0_TSGRB0_TT4_4_TLDS0_UMLDSA0_UMLDSB0_USFGRO0_VAW2_VS1_VW4_VWB4_VFLRP0_WSGRA0_WSGRB0_WS64_WG8_8_1_WGM8",851,16969914714412,16969915796512,0,8192,64,1,1,6656,4,1
"KERNEL_DISPATCH",4,2,51,"void dequantize_block_iq3_s<__half>(void const*, __half*)",853,16969915863625,16969916101853,0,0,32,1,1,2129920,1,1
"KERNEL_DISPATCH",4,2,64,"void convert_unary<float, __half>(void const*, __half*, long, long, long, HIP_vector_type<unsigned int, 3u>, long, long, long)",854,16969916101853,16969916121409,0,0,256,1,1,655360,1,1
"KERNEL_DISPATCH",4,2,76,"void convert_unary<__half, float>(void const*, float*, long, long, long, HIP_vector_type<unsigned int, 3u>, long, long, long)",856,16969917179064,16969917221139,0,0,256,1,1,425984,1,1
"KERNEL_DISPATCH",4,2,321,"Cijk_Alik_Bljk_HB_MT32x32x32_SN_1LDSB0_APM1_ABV0_ACED0_AF0EM2_AF1EM1_AMAS3_ASE_ASGT_ASLT_ASM_ASAE01_ASCE01_ASEM2_AAC0_BL1_BS1_CLR0_DTLA0_DTLB0_DTVA0_DTVB0_DVO0_ETSP_EPS1_ELFLR0_EMLL0_FSSC10_FL0_GLVWA4_GLVWB4_GRCGA1_GRCGB1_GRPM1_GRVW4_GSU1_GSUASB_GLS0_ISA900_IU1_K1_KLA_LBSPPA0_LBSPPB0_LPA0_LPB0_LDL1_LRVW4_LWPMn1_LDW0_FMA_MIAV0_MDA2_MO40_MMFGLC_MKFGSU256_NTA0_NTB0_NTC0_NTD0_NEPBS0_NLCA1_NLCB1_ONLL1_OPLV0_PK0_PAP0_PGR1_PLR1_PKA0_SIA1_SLW1_SS0_SU32_SUM0_SUS256_SCIUI1_SPO0_SRVW0_SSO0_SVW4_SNLL0_TSGRA0_TSGRB0_TT4_4_TLDS0_UMLDSA0_UMLDSB0_USFGRO0_VAW2_VS1_VW4_VWB4_VFLRP0_WSGRA0_WSGRB0_WS64_WG8_8_1_WGM8",855,16969916121409,16969917179064,0,8192,64,1,1,6656,4,1
"KERNEL_DISPATCH",4,2,51,"void dequantize_block_iq3_s<__half>(void const*, __half*)",857,16969917247066,16969917484849,0,0,32,1,1,2129920,1,1
"KERNEL_DISPATCH",4,2,64,"void convert_unary<float, __half>(void const*, __half*, long, long, long, HIP_vector_type<unsigned int, 3u>, long, long, long)",858,16969917484849,16969917504702,0,0,256,1,1,655360,1,1
"KERNEL_DISPATCH",4,2,76,"void convert_unary<__half, float>(void const*, float*, long, long, long, HIP_vector_type<unsigned int, 3u>, long, long, long)",860,16969918561616,16969918603839,0,0,256,1,1,425984,1,1
"KERNEL_DISPATCH",4,2,321,"Cijk_Alik_Bljk_HB_MT32x32x32_SN_1LDSB0_APM1_ABV0_ACED0_AF0EM2_AF1EM1_AMAS3_ASE_ASGT_ASLT_ASM_ASAE01_ASCE01_ASEM2_AAC0_BL1_BS1_CLR0_DTLA0_DTLB0_DTVA0_DTVB0_DVO0_ETSP_EPS1_ELFLR0_EMLL0_FSSC10_FL0_GLVWA4_GLVWB4_GRCGA1_GRCGB1_GRPM1_GRVW4_GSU1_GSUASB_GLS0_ISA900_IU1_K1_KLA_LBSPPA0_LBSPPB0_LPA0_LPB0_LDL1_LRVW4_LWPMn1_LDW0_FMA_MIAV0_MDA2_MO40_MMFGLC_MKFGSU256_NTA0_NTB0_NTC0_NTD0_NEPBS0_NLCA1_NLCB1_ONLL1_OPLV0_PK0_PAP0_PGR1_PLR1_PKA0_SIA1_SLW1_SS0_SU32_SUM0_SUS256_SCIUI1_SPO0_SRVW0_SSO0_SVW4_SNLL0_TSGRA0_TSGRB0_TT4_4_TLDS0_UMLDSA0_UMLDSB0_USFGRO0_VAW2_VS1_VW4_VWB4_VFLRP0_WSGRA0_WSGRB0_WS64_WG8_8_1_WGM8",859,16969917504702,16969918561616,0,8192,64,1,1,6656,4,1
"KERNEL_DISPATCH",4,2,51,"void dequantize_block_iq3_s<__half>(void const*, __half*)",861,16969918627395,16969918864734,0,0,32,1,1,2129920,1,1
"KERNEL_DISPATCH",4,2,64,"void convert_unary<float, __half>(void const*, __half*, long, long, long, HIP_vector_type<unsigned int, 3u>, long, long, long)",862,16969918864734,16969918882364,0,0,256,1,1,655360,1,1
"KERNEL_DISPATCH",4,2,76,"void convert_unary<__half, float>(void const*, float*, long, long, long, HIP_vector_type<unsigned int, 3u>, long, long, long)",864,16969919851425,16969919864018,0,0,256,1,1,425984,1,1
"KERNEL_DISPATCH",4,2,321,"Cijk_Alik_Bljk_HB_MT32x32x32_SN_1LDSB0_APM1_ABV0_ACED0_AF0EM2_AF1EM1_AMAS3_ASE_ASGT_ASLT_ASM_ASAE01_ASCE01_ASEM2_AAC0_BL1_BS1_CLR0_DTLA0_DTLB0_DTVA0_DTVB0_DVO0_ETSP_EPS1_ELFLR0_EMLL0_FSSC10_FL0_GLVWA4_GLVWB4_GRCGA1_GRCGB1_GRPM1_GRVW4_GSU1_GSUASB_GLS0_ISA900_IU1_K1_KLA_LBSPPA0_LBSPPB0_LPA0_LPB0_LDL1_LRVW4_LWPMn1_LDW0_FMA_MIAV0_MDA2_MO40_MMFGLC_MKFGSU256_NTA0_NTB0_NTC0_NTD0_NEPBS0_NLCA1_NLCB1_ONLL1_OPLV0_PK0_PAP0_PGR1_PLR1_PKA0_SIA1_SLW1_SS0_SU32_SUM0_SUS256_SCIUI1_SPO0_SRVW0_SSO0_SVW4_SNLL0_TSGRA0_TSGRB0_TT4_4_TLDS0_UMLDSA0_UMLDSB0_USFGRO0_VAW2_VS1_VW4_VWB4_VFLRP0_WSGRA0_WSGRB0_WS64_WG8_8_1_WGM8",863,16969918882364,16969919851425,0,8192,64,1,1,6656,4,1
"KERNEL_DISPATCH",4,2,51,"void dequantize_block_iq3_s<__half>(void const*, __half*)",865,16969919887129,16969920126098,0,0,32,1,1,2129920,1,1
"KERNEL_DISPATCH",4,2,64,"void convert_unary<float, __half>(void const*, __half*, long, long, long, HIP_vector_type<unsigned int, 3u>, long, long, long)",866,16969920126098,16969920145802,0,0,256,1,1,655360,1,1
"KERNEL_DISPATCH",4,2,76,"void convert_unary<__half, float>(void const*, float*, long, long, long, HIP_vector_type<unsigned int, 3u>, long, long, long)",868,16969921267755,16969921310571,0,0,256,1,1,425984,1,1
"KERNEL_DISPATCH",4,2,321,"Cijk_Alik_Bljk_HB_MT32x32x32_SN_1LDSB0_APM1_ABV0_ACED0_AF0EM2_AF1EM1_AMAS3_ASE_ASGT_ASLT_ASM_ASAE01_ASCE01_ASEM2_AAC0_BL1_BS1_CLR0_DTLA0_DTLB0_DTVA0_DTVB0_DVO0_ETSP_EPS1_ELFLR0_EMLL0_FSSC10_FL0_GLVWA4_GLVWB4_GRCGA1_GRCGB1_GRPM1_GRVW4_GSU1_GSUASB_GLS0_ISA900_IU1_K1_KLA_LBSPPA0_LBSPPB0_LPA0_LPB0_LDL1_LRVW4_LWPMn1_LDW0_FMA_MIAV0_MDA2_MO40_MMFGLC_MKFGSU256_NTA0_NTB0_NTC0_NTD0_NEPBS0_NLCA1_NLCB1_ONLL1_OPLV0_PK0_PAP0_PGR1_PLR1_PKA0_SIA1_SLW1_SS0_SU32_SUM0_SUS256_SCIUI1_SPO0_SRVW0_SSO0_SVW4_SNLL0_TSGRA0_TSGRB0_TT4_4_TLDS0_UMLDSA0_UMLDSB0_USFGRO0_VAW2_VS1_VW4_VWB4_VFLRP0_WSGRA0_WSGRB0_WS64_WG8_8_1_WGM8",867,16969920145802,16969921267755,0,8192,64,1,1,6656,4,1
"KERNEL_DISPATCH",4,2,51,"void dequantize_block_iq3_s<__half>(void const*, __half*)",869,16969921337831,16969921611171,0,0,32,1,1,2129920,1,1
"KERNEL_DISPATCH",4,2,64,"void convert_unary<float, __half>(void const*, __half*, long, long, long, HIP_vector_type<unsigned int, 3u>, long, long, long)",870,16969921611171,16969921637542,0,0,256,1,1,655360,1,1
"KERNEL_DISPATCH",4,2,76,"void convert_unary<__half, float>(void const*, float*, long, long, long, HIP_vector_type<unsigned int, 3u>, long, long, long)",872,16969922727494,16969922769717,0,0,256,1,1,425984,1,1
"KERNEL_DISPATCH",4,2,321,"Cijk_Alik_Bljk_HB_MT32x32x32_SN_1LDSB0_APM1_ABV0_ACED0_AF0EM2_AF1EM1_AMAS3_ASE_ASGT_ASLT_ASM_ASAE01_ASCE01_ASEM2_AAC0_BL1_BS1_CLR0_DTLA0_DTLB0_DTVA0_DTVB0_DVO0_ETSP_EPS1_ELFLR0_EMLL0_FSSC10_FL0_GLVWA4_GLVWB4_GRCGA1_GRCGB1_GRPM1_GRVW4_GSU1_GSUASB_GLS0_ISA900_IU1_K1_KLA_LBSPPA0_LBSPPB0_LPA0_LPB0_LDL1_LRVW4_LWPMn1_LDW0_FMA_MIAV0_MDA2_MO40_MMFGLC_MKFGSU256_NTA0_NTB0_NTC0_NTD0_NEPBS0_NLCA1_NLCB1_ONLL1_OPLV0_PK0_PAP0_PGR1_PLR1_PKA0_SIA1_SLW1_SS0_SU32_SUM0_SUS256_SCIUI1_SPO0_SRVW0_SSO0_SVW4_SNLL0_TSGRA0_TSGRB0_TT4_4_TLDS0_UMLDSA0_UMLDSB0_USFGRO0_VAW2_VS1_VW4_VWB4_VFLRP0_WSGRA0_WSGRB0_WS64_WG8_8_1_WGM8",871,16969921637542,16969922727494,0,8192,64,1,1,6656,4,1
"KERNEL_DISPATCH",4,2,51,"void dequantize_block_iq3_s<__half>(void const*, __half*)",873,16969922793422,16969923014168,0,0,32,1,1,2129920,1,1
"KERNEL_DISPATCH",4,2,64,"void convert_unary<float, __half>(void const*, __half*, long, long, long, HIP_vector_type<unsigned int, 3u>, long, long, long)",874,16969923014168,16969923031946,0,0,256,1,1,655360,1,1
"KERNEL_DISPATCH",4,2,321,"Cijk_Alik_Bljk_HB_MT32x32x32_SN_1LDSB0_APM1_ABV0_ACED0_AF0EM2_AF1EM1_AMAS3_ASE_ASGT_ASLT_ASM_ASAE01_ASCE01_ASEM2_AAC0_BL1_BS1_CLR0_DTLA0_DTLB0_DTVA0_DTVB0_DVO0_ETSP_EPS1_ELFLR0_EMLL0_FSSC10_FL0_GLVWA4_GLVWB4_GRCGA1_GRCGB1_GRPM1_GRVW4_GSU1_GSUASB_GLS0_ISA900_IU1_K1_KLA_LBSPPA0_LBSPPB0_LPA0_LPB0_LDL1_LRVW4_LWPMn1_LDW0_FMA_MIAV0_MDA2_MO40_MMFGLC_MKFGSU256_NTA0_NTB0_NTC0_NTD0_NEPBS0_NLCA1_NLCB1_ONLL1_OPLV0_PK0_PAP0_PGR1_PLR1_PKA0_SIA1_SLW1_SS0_SU32_SUM0_SUS256_SCIUI1_SPO0_SRVW0_SSO0_SVW4_SNLL0_TSGRA0_TSGRB0_TT4_4_TLDS0_UMLDSA0_UMLDSB0_USFGRO0_VAW2_VS1_VW4_VWB4_VFLRP0_WSGRA0_WSGRB0_WS64_WG8_8_1_WGM8",875,16969923031946,16969924017747,0,8192,64,1,1,6656,4,1
"KERNEL_DISPATCH",4,2,76,"void convert_unary<__half, float>(void const*, float*, long, long, long, HIP_vector_type<unsigned int, 3u>, long, long, long)",876,16969924017747,16969924030489,0,0,256,1,1,425984,1,1
"KERNEL_DISPATCH",4,2,51,"void dequantize_block_iq3_s<__half>(void const*, __half*)",877,16969924053304,16969924291384,0,0,32,1,1,2129920,1,1
"KERNEL_DISPATCH",4,2,64,"void convert_unary<float, __half>(void const*, __half*, long, long, long, HIP_vector_type<unsigned int, 3u>, long, long, long)",878,16969924291384,16969924311236,0,0,256,1,1,655360,1,1
"KERNEL_DISPATCH",4,2,321,"Cijk_Alik_Bljk_HB_MT32x32x32_SN_1LDSB0_APM1_ABV0_ACED0_AF0EM2_AF1EM1_AMAS3_ASE_ASGT_ASLT_ASM_ASAE01_ASCE01_ASEM2_AAC0_BL1_BS1_CLR0_DTLA0_DTLB0_DTVA0_DTVB0_DVO0_ETSP_EPS1_ELFLR0_EMLL0_FSSC10_FL0_GLVWA4_GLVWB4_GRCGA1_GRCGB1_GRPM1_GRVW4_GSU1_GSUASB_GLS0_ISA900_IU1_K1_KLA_LBSPPA0_LBSPPB0_LPA0_LPB0_LDL1_LRVW4_LWPMn1_LDW0_FMA_MIAV0_MDA2_MO40_MMFGLC_MKFGSU256_NTA0_NTB0_NTC0_NTD0_NEPBS0_NLCA1_NLCB1_ONLL1_OPLV0_PK0_PAP0_PGR1_PLR1_PKA0_SIA1_SLW1_SS0_SU32_SUM0_SUS256_SCIUI1_SPO0_SRVW0_SSO0_SVW4_SNLL0_TSGRA0_TSGRB0_TT4_4_TLDS0_UMLDSA0_UMLDSB0_USFGRO0_VAW2_VS1_VW4_VWB4_VFLRP0_WSGRA0_WSGRB0_WS64_WG8_8_1_WGM8",879,16969924311236,16969925455856,0,8192,64,1,1,6656,4,1
"KERNEL_DISPATCH",4,2,76,"void convert_unary<__half, float>(void const*, float*, long, long, long, HIP_vector_type<unsigned int, 3u>, long, long, long)",880,16969925455856,16969925498376,0,0,256,1,1,425984,1,1
"KERNEL_DISPATCH",4,2,51,"void dequantize_block_iq3_s<__half>(void const*, __half*)",881,16969925525191,16969925798531,0,0,32,1,1,2129920,1,1
"KERNEL_DISPATCH",4,2,64,"void convert_unary<float, __half>(void const*, __half*, long, long, long, HIP_vector_type<unsigned int, 3u>, long, long, long)",882,16969925798531,16969925825495,0,0,256,1,1,655360,1,1
"KERNEL_DISPATCH",4,2,321,"Cijk_Alik_Bljk_HB_MT32x32x32_SN_1LDSB0_APM1_ABV0_ACED0_AF0EM2_AF1EM1_AMAS3_ASE_ASGT_ASLT_ASM_ASAE01_ASCE01_ASEM2_AAC0_BL1_BS1_CLR0_DTLA0_DTLB0_DTVA0_DTVB0_DVO0_ETSP_EPS1_ELFLR0_EMLL0_FSSC10_FL0_GLVWA4_GLVWB4_GRCGA1_GRCGB1_GRPM1_GRVW4_GSU1_GSUASB_GLS0_ISA900_IU1_K1_KLA_LBSPPA0_LBSPPB0_LPA0_LPB0_LDL1_LRVW4_LWPMn1_LDW0_FMA_MIAV0_MDA2_MO40_MMFGLC_MKFGSU256_NTA0_NTB0_NTC0_NTD0_NEPBS0_NLCA1_NLCB1_ONLL1_OPLV0_PK0_PAP0_PGR1_PLR1_PKA0_SIA1_SLW1_SS0_SU32_SUM0_SUS256_SCIUI1_SPO0_SRVW0_SSO0_SVW4_SNLL0_TSGRA0_TSGRB0_TT4_4_TLDS0_UMLDSA0_UMLDSB0_USFGRO0_VAW2_VS1_VW4_VWB4_VFLRP0_WSGRA0_WSGRB0_WS64_WG8_8_1_WGM8",883,16969925825495,16969926892039,0,8192,64,1,1,6656,4,1
"KERNEL_DISPATCH",4,2,76,"void convert_unary<__half, float>(void const*, float*, long, long, long, HIP_vector_type<unsigned int, 3u>, long, long, long)",884,16969926892039,16969926934410,0,0,256,1,1,425984,1,1
"KERNEL_DISPATCH",4,2,51,"void dequantize_block_iq3_s<__half>(void const*, __half*)",885,16969926957670,16969927195454,0,0,32,1,1,2129920,1,1
"KERNEL_DISPATCH",4,2,64,"void convert_unary<float, __half>(void const*, __half*, long, long, long, HIP_vector_type<unsigned int, 3u>, long, long, long)",886,16969927195454,16969927215010,0,0,256,1,1,655360,1,1
"KERNEL_DISPATCH",4,2,321,"Cijk_Alik_Bljk_HB_MT32x32x32_SN_1LDSB0_APM1_ABV0_ACED0_AF0EM2_AF1EM1_AMAS3_ASE_ASGT_ASLT_ASM_ASAE01_ASCE01_ASEM2_AAC0_BL1_BS1_CLR0_DTLA0_DTLB0_DTVA0_DTVB0_DVO0_ETSP_EPS1_ELFLR0_EMLL0_FSSC10_FL0_GLVWA4_GLVWB4_GRCGA1_GRCGB1_GRPM1_GRVW4_GSU1_GSUASB_GLS0_ISA900_IU1_K1_KLA_LBSPPA0_LBSPPB0_LPA0_LPB0_LDL1_LRVW4_LWPMn1_LDW0_FMA_MIAV0_MDA2_MO40_MMFGLC_MKFGSU256_NTA0_NTB0_NTC0_NTD0_NEPBS0_NLCA1_NLCB1_ONLL1_OPLV0_PK0_PAP0_PGR1_PLR1_PKA0_SIA1_SLW1_SS0_SU32_SUM0_SUS256_SCIUI1_SPO0_SRVW0_SSO0_SVW4_SNLL0_TSGRA0_TSGRB0_TT4_4_TLDS0_UMLDSA0_UMLDSB0_USFGRO0_VAW2_VS1_VW4_VWB4_VFLRP0_WSGRA0_WSGRB0_WS64_WG8_8_1_WGM8",887,16969927215010,16969928354593,0,8192,64,1,1,6656,4,1
"KERNEL_DISPATCH",4,2,76,"void convert_unary<__half, float>(void const*, float*, long, long, long, HIP_vector_type<unsigned int, 3u>, long, long, long)",888,16969928354593,16969928398594,0,0,256,1,1,425984,1,1
"KERNEL_DISPATCH",4,2,51,"void dequantize_block_iq3_s<__half>(void const*, __half*)",889,16969928425706,16969928699045,0,0,32,1,1,2129920,1,1
"KERNEL_DISPATCH",4,2,64,"void convert_unary<float, __half>(void const*, __half*, long, long, long, HIP_vector_type<unsigned int, 3u>, long, long, long)",890,16969928699045,16969928726750,0,0,256,1,1,655360,1,1
"KERNEL_DISPATCH",4,2,321,"Cijk_Alik_Bljk_HB_MT32x32x32_SN_1LDSB0_APM1_ABV0_ACED0_AF0EM2_AF1EM1_AMAS3_ASE_ASGT_ASLT_ASM_ASAE01_ASCE01_ASEM2_AAC0_BL1_BS1_CLR0_DTLA0_DTLB0_DTVA0_DTVB0_DVO0_ETSP_EPS1_ELFLR0_EMLL0_FSSC10_FL0_GLVWA4_GLVWB4_GRCGA1_GRCGB1_GRPM1_GRVW4_GSU1_GSUASB_GLS0_ISA900_IU1_K1_KLA_LBSPPA0_LBSPPB0_LPA0_LPB0_LDL1_LRVW4_LWPMn1_LDW0_FMA_MIAV0_MDA2_MO40_MMFGLC_MKFGSU256_NTA0_NTB0_NTC0_NTD0_NEPBS0_NLCA1_NLCB1_ONLL1_OPLV0_PK0_PAP0_PGR1_PLR1_PKA0_SIA1_SLW1_SS0_SU32_SUM0_SUS256_SCIUI1_SPO0_SRVW0_SSO0_SVW4_SNLL0_TSGRA0_TSGRB0_TT4_4_TLDS0_UMLDSA0_UMLDSB0_USFGRO0_VAW2_VS1_VW4_VWB4_VFLRP0_WSGRA0_WSGRB0_WS64_WG8_8_1_WGM8",891,16969928726750,16969929803665,0,8192,64,1,1,6656,4,1
"KERNEL_DISPATCH",4,2,76,"void convert_unary<__half, float>(void const*, float*, long, long, long, HIP_vector_type<unsigned int, 3u>, long, long, long)",892,16969929803665,16969929845295,0,0,256,1,1,425984,1,1
"KERNEL_DISPATCH",4,2,51,"void dequantize_block_iq3_s<__half>(void const*, __half*)",893,16969929868703,16969930106487,0,0,32,1,1,2129920,1,1
"KERNEL_DISPATCH",4,2,64,"void convert_unary<float, __half>(void const*, __half*, long, long, long, HIP_vector_type<unsigned int, 3u>, long, long, long)",894,16969930106487,16969930126339,0,0,256,1,1,655360,1,1
"KERNEL_DISPATCH",4,2,321,"Cijk_Alik_Bljk_HB_MT32x32x32_SN_1LDSB0_APM1_ABV0_ACED0_AF0EM2_AF1EM1_AMAS3_ASE_ASGT_ASLT_ASM_ASAE01_ASCE01_ASEM2_AAC0_BL1_BS1_CLR0_DTLA0_DTLB0_DTVA0_DTVB0_DVO0_ETSP_EPS1_ELFLR0_EMLL0_FSSC10_FL0_GLVWA4_GLVWB4_GRCGA1_GRCGB1_GRPM1_GRVW4_GSU1_GSUASB_GLS0_ISA900_IU1_K1_KLA_LBSPPA0_LBSPPB0_LPA0_LPB0_LDL1_LRVW4_LWPMn1_LDW0_FMA_MIAV0_MDA2_MO40_MMFGLC_MKFGSU256_NTA0_NTB0_NTC0_NTD0_NEPBS0_NLCA1_NLCB1_ONLL1_OPLV0_PK0_PAP0_PGR1_PLR1_PKA0_SIA1_SLW1_SS0_SU32_SUM0_SUS256_SCIUI1_SPO0_SRVW0_SSO0_SVW4_SNLL0_TSGRA0_TSGRB0_TT4_4_TLDS0_UMLDSA0_UMLDSB0_USFGRO0_VAW2_VS1_VW4_VWB4_VFLRP0_WSGRA0_WSGRB0_WS64_WG8_8_1_WGM8",895,16969930126339,16969931183994,0,8192,64,1,1,6656,4,1
"KERNEL_DISPATCH",4,2,76,"void convert_unary<__half, float>(void const*, float*, long, long, long, HIP_vector_type<unsigned int, 3u>, long, long, long)",896,16969931183994,16969931226810,0,0,256,1,1,425984,1,1
"KERNEL_DISPATCH",4,2,51,"void dequantize_block_iq3_s<__half>(void const*, __half*)",897,16969931249922,16969931488150,0,0,32,1,1,2129920,1,1
"KERNEL_DISPATCH",4,2,64,"void convert_unary<float, __half>(void const*, __half*, long, long, long, HIP_vector_type<unsigned int, 3u>, long, long, long)",898,16969931488150,16969931508002,0,0,256,1,1,655360,1,1
"KERNEL_DISPATCH",4,2,321,"Cijk_Alik_Bljk_HB_MT32x32x32_SN_1LDSB0_APM1_ABV0_ACED0_AF0EM2_AF1EM1_AMAS3_ASE_ASGT_ASLT_ASM_ASAE01_ASCE01_ASEM2_AAC0_BL1_BS1_CLR0_DTLA0_DTLB0_DTVA0_DTVB0_DVO0_ETSP_EPS1_ELFLR0_EMLL0_FSSC10_FL0_GLVWA4_GLVWB4_GRCGA1_GRCGB1_GRPM1_GRVW4_GSU1_GSUASB_GLS0_ISA900_IU1_K1_KLA_LBSPPA0_LBSPPB0_LPA0_LPB0_LDL1_LRVW4_LWPMn1_LDW0_FMA_MIAV0_MDA2_MO40_MMFGLC_MKFGSU256_NTA0_NTB0_NTC0_NTD0_NEPBS0_NLCA1_NLCB1_ONLL1_OPLV0_PK0_PAP0_PGR1_PLR1_PKA0_SIA1_SLW1_SS0_SU32_SUM0_SUS256_SCIUI1_SPO0_SRVW0_SSO0_SVW4_SNLL0_TSGRA0_TSGRB0_TT4_4_TLDS0_UMLDSA0_UMLDSB0_USFGRO0_VAW2_VS1_VW4_VWB4_VFLRP0_WSGRA0_WSGRB0_WS64_WG8_8_1_WGM8",899,16969931508002,16969932563139,0,8192,64,1,1,6656,4,1
"KERNEL_DISPATCH",4,2,76,"void convert_unary<__half, float>(void const*, float*, long, long, long, HIP_vector_type<unsigned int, 3u>, long, long, long)",900,16969932563139,16969932606991,0,0,256,1,1,425984,1,1
"KERNEL_DISPATCH",4,2,51,"void dequantize_block_iq3_s<__half>(void const*, __half*)",901,16969932630103,16969932867739,0,0,32,1,1,2129920,1,1
"KERNEL_DISPATCH",4,2,64,"void convert_unary<float, __half>(void const*, __half*, long, long, long, HIP_vector_type<unsigned int, 3u>, long, long, long)",902,16969932867739,16969932885517,0,0,256,1,1,655360,1,1
"KERNEL_DISPATCH",4,2,321,"Cijk_Alik_Bljk_HB_MT32x32x32_SN_1LDSB0_APM1_ABV0_ACED0_AF0EM2_AF1EM1_AMAS3_ASE_ASGT_ASLT_ASM_ASAE01_ASCE01_ASEM2_AAC0_BL1_BS1_CLR0_DTLA0_DTLB0_DTVA0_DTVB0_DVO0_ETSP_EPS1_ELFLR0_EMLL0_FSSC10_FL0_GLVWA4_GLVWB4_GRCGA1_GRCGB1_GRPM1_GRVW4_GSU1_GSUASB_GLS0_ISA900_IU1_K1_KLA_LBSPPA0_LBSPPB0_LPA0_LPB0_LDL1_LRVW4_LWPMn1_LDW0_FMA_MIAV0_MDA2_MO40_MMFGLC_MKFGSU256_NTA0_NTB0_NTC0_NTD0_NEPBS0_NLCA1_NLCB1_ONLL1_OPLV0_PK0_PAP0_PGR1_PLR1_PKA0_SIA1_SLW1_SS0_SU32_SUM0_SUS256_SCIUI1_SPO0_SRVW0_SSO0_SVW4_SNLL0_TSGRA0_TSGRB0_TT4_4_TLDS0_UMLDSA0_UMLDSB0_USFGRO0_VAW2_VS1_VW4_VWB4_VFLRP0_WSGRA0_WSGRB0_WS64_WG8_8_1_WGM8",903,16969932885517,16969933852503,0,8192,64,1,1,6656,4,1
"KERNEL_DISPATCH",4,2,76,"void convert_unary<__half, float>(void const*, float*, long, long, long, HIP_vector_type<unsigned int, 3u>, long, long, long)",904,16969933852503,16969933865244,0,0,256,1,1,425984,1,1
"KERNEL_DISPATCH",4,2,51,"void dequantize_block_iq3_s<__half>(void const*, __half*)",905,16969933887615,16969934125547,0,0,32,1,1,2129920,1,1
"KERNEL_DISPATCH",4,2,64,"void convert_unary<float, __half>(void const*, __half*, long, long, long, HIP_vector_type<unsigned int, 3u>, long, long, long)",906,16969934125547,16969934145103,0,0,256,1,1,655360,1,1
"KERNEL_DISPATCH",4,2,76,"void convert_unary<__half, float>(void const*, float*, long, long, long, HIP_vector_type<unsigned int, 3u>, long, long, long)",908,16969935266759,16969935309427,0,0,256,1,1,425984,1,1
"KERNEL_DISPATCH",4,2,321,"Cijk_Alik_Bljk_HB_MT32x32x32_SN_1LDSB0_APM1_ABV0_ACED0_AF0EM2_AF1EM1_AMAS3_ASE_ASGT_ASLT_ASM_ASAE01_ASCE01_ASEM2_AAC0_BL1_BS1_CLR0_DTLA0_DTLB0_DTVA0_DTVB0_DVO0_ETSP_EPS1_ELFLR0_EMLL0_FSSC10_FL0_GLVWA4_GLVWB4_GRCGA1_GRCGB1_GRPM1_GRVW4_GSU1_GSUASB_GLS0_ISA900_IU1_K1_KLA_LBSPPA0_LBSPPB0_LPA0_LPB0_LDL1_LRVW4_LWPMn1_LDW0_FMA_MIAV0_MDA2_MO40_MMFGLC_MKFGSU256_NTA0_NTB0_NTC0_NTD0_NEPBS0_NLCA1_NLCB1_ONLL1_OPLV0_PK0_PAP0_PGR1_PLR1_PKA0_SIA1_SLW1_SS0_SU32_SUM0_SUS256_SCIUI1_SPO0_SRVW0_SSO0_SVW4_SNLL0_TSGRA0_TSGRB0_TT4_4_TLDS0_UMLDSA0_UMLDSB0_USFGRO0_VAW2_VS1_VW4_VWB4_VFLRP0_WSGRA0_WSGRB0_WS64_WG8_8_1_WGM8",907,16969934145103,16969935266759,0,8192,64,1,1,6656,4,1
"KERNEL_DISPATCH",4,2,51,"void dequantize_block_iq3_s<__half>(void const*, __half*)",909,16969935337279,16969935610471,0,0,32,1,1,2129920,1,1
"KERNEL_DISPATCH",4,2,64,"void convert_unary<float, __half>(void const*, __half*, long, long, long, HIP_vector_type<unsigned int, 3u>, long, long, long)",910,16969935610471,16969935638176,0,0,256,1,1,655360,1,1
"KERNEL_DISPATCH",4,2,321,"Cijk_Alik_Bljk_HB_MT32x32x32_SN_1LDSB0_APM1_ABV0_ACED0_AF0EM2_AF1EM1_AMAS3_ASE_ASGT_ASLT_ASM_ASAE01_ASCE01_ASEM2_AAC0_BL1_BS1_CLR0_DTLA0_DTLB0_DTVA0_DTVB0_DVO0_ETSP_EPS1_ELFLR0_EMLL0_FSSC10_FL0_GLVWA4_GLVWB4_GRCGA1_GRCGB1_GRPM1_GRVW4_GSU1_GSUASB_GLS0_ISA900_IU1_K1_KLA_LBSPPA0_LBSPPB0_LPA0_LPB0_LDL1_LRVW4_LWPMn1_LDW0_FMA_MIAV0_MDA2_MO40_MMFGLC_MKFGSU256_NTA0_NTB0_NTC0_NTD0_NEPBS0_NLCA1_NLCB1_ONLL1_OPLV0_PK0_PAP0_PGR1_PLR1_PKA0_SIA1_SLW1_SS0_SU32_SUM0_SUS256_SCIUI1_SPO0_SRVW0_SSO0_SVW4_SNLL0_TSGRA0_TSGRB0_TT4_4_TLDS0_UMLDSA0_UMLDSB0_USFGRO0_VAW2_VS1_VW4_VWB4_VFLRP0_WSGRA0_WSGRB0_WS64_WG8_8_1_WGM8",911,16969935638176,16969936727832,0,8192,64,1,1,6656,4,1
"KERNEL_DISPATCH",4,2,76,"void convert_unary<__half, float>(void const*, float*, long, long, long, HIP_vector_type<unsigned int, 3u>, long, long, long)",912,16969936727832,16969936770055,0,0,256,1,1,425984,1,1
"KERNEL_DISPATCH",4,2,51,"void dequantize_block_iq3_s<__half>(void const*, __half*)",913,16969936793759,16969937031839,0,0,32,1,1,2129920,1,1
"KERNEL_DISPATCH",4,2,64,"void convert_unary<float, __half>(void const*, __half*, long, long, long, HIP_vector_type<unsigned int, 3u>, long, long, long)",914,16969937031839,16969937051691,0,0,256,1,1,655360,1,1
"KERNEL_DISPATCH",4,2,321,"Cijk_Alik_Bljk_HB_MT32x32x32_SN_1LDSB0_APM1_ABV0_ACED0_AF0EM2_AF1EM1_AMAS3_ASE_ASGT_ASLT_ASM_ASAE01_ASCE01_ASEM2_AAC0_BL1_BS1_CLR0_DTLA0_DTLB0_DTVA0_DTVB0_DVO0_ETSP_EPS1_ELFLR0_EMLL0_FSSC10_FL0_GLVWA4_GLVWB4_GRCGA1_GRCGB1_GRPM1_GRVW4_GSU1_GSUASB_GLS0_ISA900_IU1_K1_KLA_LBSPPA0_LBSPPB0_LPA0_LPB0_LDL1_LRVW4_LWPMn1_LDW0_FMA_MIAV0_MDA2_MO40_MMFGLC_MKFGSU256_NTA0_NTB0_NTC0_NTD0_NEPBS0_NLCA1_NLCB1_ONLL1_OPLV0_PK0_PAP0_PGR1_PLR1_PKA0_SIA1_SLW1_SS0_SU32_SUM0_SUS256_SCIUI1_SPO0_SRVW0_SSO0_SVW4_SNLL0_TSGRA0_TSGRB0_TT4_4_TLDS0_UMLDSA0_UMLDSB0_USFGRO0_VAW2_VS1_VW4_VWB4_VFLRP0_WSGRA0_WSGRB0_WS64_WG8_8_1_WGM8",915,16969937051691,16969938105198,0,8192,64,1,1,6656,4,1
"KERNEL_DISPATCH",4,2,76,"void convert_unary<__half, float>(void const*, float*, long, long, long, HIP_vector_type<unsigned int, 3u>, long, long, long)",916,16969938105198,16969938151866,0,0,256,1,1,425984,1,1
"KERNEL_DISPATCH",4,2,51,"void dequantize_block_iq3_s<__half>(void const*, __half*)",917,16969938175126,16969938412909,0,0,32,1,1,2129920,1,1
"KERNEL_DISPATCH",4,2,64,"void convert_unary<float, __half>(void const*, __half*, long, long, long, HIP_vector_type<unsigned int, 3u>, long, long, long)",918,16969938412909,16969938432465,0,0,256,1,1,655360,1,1
"KERNEL_DISPATCH",4,2,321,"Cijk_Alik_Bljk_HB_MT32x32x32_SN_1LDSB0_APM1_ABV0_ACED0_AF0EM2_AF1EM1_AMAS3_ASE_ASGT_ASLT_ASM_ASAE01_ASCE01_ASEM2_AAC0_BL1_BS1_CLR0_DTLA0_DTLB0_DTVA0_DTVB0_DVO0_ETSP_EPS1_ELFLR0_EMLL0_FSSC10_FL0_GLVWA4_GLVWB4_GRCGA1_GRCGB1_GRPM1_GRVW4_GSU1_GSUASB_GLS0_ISA900_IU1_K1_KLA_LBSPPA0_LBSPPB0_LPA0_LPB0_LDL1_LRVW4_LWPMn1_LDW0_FMA_MIAV0_MDA2_MO40_MMFGLC_MKFGSU256_NTA0_NTB0_NTC0_NTD0_NEPBS0_NLCA1_NLCB1_ONLL1_OPLV0_PK0_PAP0_PGR1_PLR1_PKA0_SIA1_SLW1_SS0_SU32_SUM0_SUS256_SCIUI1_SPO0_SRVW0_SSO0_SVW4_SNLL0_TSGRA0_TSGRB0_TT4_4_TLDS0_UMLDSA0_UMLDSB0_USFGRO0_VAW2_VS1_VW4_VWB4_VFLRP0_WSGRA0_WSGRB0_WS64_WG8_8_1_WGM8",919,16969938432465,16969939491602,0,8192,64,1,1,6656,4,1
"KERNEL_DISPATCH",4,2,76,"void convert_unary<__half, float>(void const*, float*, long, long, long, HIP_vector_type<unsigned int, 3u>, long, long, long)",920,16969939491602,16969939533825,0,0,256,1,1,425984,1,1
"KERNEL_DISPATCH",4,2,51,"void dequantize_block_iq3_s<__half>(void const*, __half*)",921,16969939557677,16969939794720,0,0,32,1,1,2129920,1,1
"KERNEL_DISPATCH",4,2,64,"void convert_unary<float, __half>(void const*, __half*, long, long, long, HIP_vector_type<unsigned int, 3u>, long, long, long)",922,16969939794720,16969939812795,0,0,256,1,1,655360,1,1
"KERNEL_DISPATCH",4,2,321,"Cijk_Alik_Bljk_HB_MT32x32x32_SN_1LDSB0_APM1_ABV0_ACED0_AF0EM2_AF1EM1_AMAS3_ASE_ASGT_ASLT_ASM_ASAE01_ASCE01_ASEM2_AAC0_BL1_BS1_CLR0_DTLA0_DTLB0_DTVA0_DTVB0_DVO0_ETSP_EPS1_ELFLR0_EMLL0_FSSC10_FL0_GLVWA4_GLVWB4_GRCGA1_GRCGB1_GRPM1_GRVW4_GSU1_GSUASB_GLS0_ISA900_IU1_K1_KLA_LBSPPA0_LBSPPB0_LPA0_LPB0_LDL1_LRVW4_LWPMn1_LDW0_FMA_MIAV0_MDA2_MO40_MMFGLC_MKFGSU256_NTA0_NTB0_NTC0_NTD0_NEPBS0_NLCA1_NLCB1_ONLL1_OPLV0_PK0_PAP0_PGR1_PLR1_PKA0_SIA1_SLW1_SS0_SU32_SUM0_SUS256_SCIUI1_SPO0_SRVW0_SSO0_SVW4_SNLL0_TSGRA0_TSGRB0_TT4_4_TLDS0_UMLDSA0_UMLDSB0_USFGRO0_VAW2_VS1_VW4_VWB4_VFLRP0_WSGRA0_WSGRB0_WS64_WG8_8_1_WGM8",923,16969939812795,16969940775929,0,8192,64,1,1,6656,4,1
"KERNEL_DISPATCH",4,2,76,"void convert_unary<__half, float>(void const*, float*, long, long, long, HIP_vector_type<unsigned int, 3u>, long, long, long)",924,16969940775929,16969940788374,0,0,256,1,1,425984,1,1
"KERNEL_DISPATCH",4,2,51,"void dequantize_block_iq3_s<__half>(void const*, __half*)",925,16969940818745,16969941056528,0,0,32,1,1,2129920,1,1
"KERNEL_DISPATCH",4,2,64,"void convert_unary<float, __half>(void const*, __half*, long, long, long, HIP_vector_type<unsigned int, 3u>, long, long, long)",926,16969941056528,16969941076381,0,0,256,1,1,655360,1,1
"KERNEL_DISPATCH",4,2,321,"Cijk_Alik_Bljk_HB_MT32x32x32_SN_1LDSB0_APM1_ABV0_ACED0_AF0EM2_AF1EM1_AMAS3_ASE_ASGT_ASLT_ASM_ASAE01_ASCE01_ASEM2_AAC0_BL1_BS1_CLR0_DTLA0_DTLB0_DTVA0_DTVB0_DVO0_ETSP_EPS1_ELFLR0_EMLL0_FSSC10_FL0_GLVWA4_GLVWB4_GRCGA1_GRCGB1_GRPM1_GRVW4_GSU1_GSUASB_GLS0_ISA900_IU1_K1_KLA_LBSPPA0_LBSPPB0_LPA0_LPB0_LDL1_LRVW4_LWPMn1_LDW0_FMA_MIAV0_MDA2_MO40_MMFGLC_MKFGSU256_NTA0_NTB0_NTC0_NTD0_NEPBS0_NLCA1_NLCB1_ONLL1_OPLV0_PK0_PAP0_PGR1_PLR1_PKA0_SIA1_SLW1_SS0_SU32_SUM0_SUS256_SCIUI1_SPO0_SRVW0_SSO0_SVW4_SNLL0_TSGRA0_TSGRB0_TT4_4_TLDS0_UMLDSA0_UMLDSB0_USFGRO0_VAW2_VS1_VW4_VWB4_VFLRP0_WSGRA0_WSGRB0_WS64_WG8_8_1_WGM8",927,16969941076381,16969942185593,0,8192,64,1,1,6656,4,1
"KERNEL_DISPATCH",4,2,76,"void convert_unary<__half, float>(void const*, float*, long, long, long, HIP_vector_type<unsigned int, 3u>, long, long, long)",928,16969942185593,16969942228260,0,0,256,1,1,425984,1,1
"KERNEL_DISPATCH",4,2,51,"void dequantize_block_iq3_s<__half>(void const*, __half*)",929,16969942255668,16969942529008,0,0,32,1,1,2129920,1,1
"KERNEL_DISPATCH",4,2,64,"void convert_unary<float, __half>(void const*, __half*, long, long, long, HIP_vector_type<unsigned int, 3u>, long, long, long)",930,16969942529008,16969942556268,0,0,256,1,1,655360,1,1
"KERNEL_DISPATCH",4,2,321,"Cijk_Alik_Bljk_HB_MT32x32x32_SN_1LDSB0_APM1_ABV0_ACED0_AF0EM2_AF1EM1_AMAS3_ASE_ASGT_ASLT_ASM_ASAE01_ASCE01_ASEM2_AAC0_BL1_BS1_CLR0_DTLA0_DTLB0_DTVA0_DTVB0_DVO0_ETSP_EPS1_ELFLR0_EMLL0_FSSC10_FL0_GLVWA4_GLVWB4_GRCGA1_GRCGB1_GRPM1_GRVW4_GSU1_GSUASB_GLS0_ISA900_IU1_K1_KLA_LBSPPA0_LBSPPB0_LPA0_LPB0_LDL1_LRVW4_LWPMn1_LDW0_FMA_MIAV0_MDA2_MO40_MMFGLC_MKFGSU256_NTA0_NTB0_NTC0_NTD0_NEPBS0_NLCA1_NLCB1_ONLL1_OPLV0_PK0_PAP0_PGR1_PLR1_PKA0_SIA1_SLW1_SS0_SU32_SUM0_SUS256_SCIUI1_SPO0_SRVW0_SSO0_SVW4_SNLL0_TSGRA0_TSGRB0_TT4_4_TLDS0_UMLDSA0_UMLDSB0_USFGRO0_VAW2_VS1_VW4_VWB4_VFLRP0_WSGRA0_WSGRB0_WS64_WG8_8_1_WGM8",931,16969942556268,16969943655702,0,8192,64,1,1,6656,4,1
"KERNEL_DISPATCH",4,2,76,"void convert_unary<__half, float>(void const*, float*, long, long, long, HIP_vector_type<unsigned int, 3u>, long, long, long)",932,16969943655702,16969943698518,0,0,256,1,1,425984,1,1
"KERNEL_DISPATCH",4,2,51,"void dequantize_block_iq3_s<__half>(void const*, __half*)",933,16969943722074,16969943950228,0,0,32,1,1,2129920,1,1
"KERNEL_DISPATCH",4,2,64,"void convert_unary<float, __half>(void const*, __half*, long, long, long, HIP_vector_type<unsigned int, 3u>, long, long, long)",934,16969943950228,16969943967858,0,0,256,1,1,655360,1,1
"KERNEL_DISPATCH",4,2,321,"Cijk_Alik_Bljk_HB_MT32x32x32_SN_1LDSB0_APM1_ABV0_ACED0_AF0EM2_AF1EM1_AMAS3_ASE_ASGT_ASLT_ASM_ASAE01_ASCE01_ASEM2_AAC0_BL1_BS1_CLR0_DTLA0_DTLB0_DTVA0_DTVB0_DVO0_ETSP_EPS1_ELFLR0_EMLL0_FSSC10_FL0_GLVWA4_GLVWB4_GRCGA1_GRCGB1_GRPM1_GRVW4_GSU1_GSUASB_GLS0_ISA900_IU1_K1_KLA_LBSPPA0_LBSPPB0_LPA0_LPB0_LDL1_LRVW4_LWPMn1_LDW0_FMA_MIAV0_MDA2_MO40_MMFGLC_MKFGSU256_NTA0_NTB0_NTC0_NTD0_NEPBS0_NLCA1_NLCB1_ONLL1_OPLV0_PK0_PAP0_PGR1_PLR1_PKA0_SIA1_SLW1_SS0_SU32_SUM0_SUS256_SCIUI1_SPO0_SRVW0_SSO0_SVW4_SNLL0_TSGRA0_TSGRB0_TT4_4_TLDS0_UMLDSA0_UMLDSB0_USFGRO0_VAW2_VS1_VW4_VWB4_VFLRP0_WSGRA0_WSGRB0_WS64_WG8_8_1_WGM8",935,16969943967858,16969944943437,0,8192,64,1,1,6656,4,1
"KERNEL_DISPATCH",4,2,76,"void convert_unary<__half, float>(void const*, float*, long, long, long, HIP_vector_type<unsigned int, 3u>, long, long, long)",936,16969944943437,16969944956178,0,0,256,1,1,425984,1,1
"KERNEL_DISPATCH",4,2,51,"void dequantize_block_iq3_s<__half>(void const*, __half*)",937,16969944979734,16969945217814,0,0,32,1,1,2129920,1,1
"KERNEL_DISPATCH",4,2,64,"void convert_unary<float, __half>(void const*, __half*, long, long, long, HIP_vector_type<unsigned int, 3u>, long, long, long)",938,16969945217814,16969945237518,0,0,256,1,1,655360,1,1
"KERNEL_DISPATCH",4,2,321,"Cijk_Alik_Bljk_HB_MT32x32x32_SN_1LDSB0_APM1_ABV0_ACED0_AF0EM2_AF1EM1_AMAS3_ASE_ASGT_ASLT_ASM_ASAE01_ASCE01_ASEM2_AAC0_BL1_BS1_CLR0_DTLA0_DTLB0_DTVA0_DTVB0_DVO0_ETSP_EPS1_ELFLR0_EMLL0_FSSC10_FL0_GLVWA4_GLVWB4_GRCGA1_GRCGB1_GRPM1_GRVW4_GSU1_GSUASB_GLS0_ISA900_IU1_K1_KLA_LBSPPA0_LBSPPB0_LPA0_LPB0_LDL1_LRVW4_LWPMn1_LDW0_FMA_MIAV0_MDA2_MO40_MMFGLC_MKFGSU256_NTA0_NTB0_NTC0_NTD0_NEPBS0_NLCA1_NLCB1_ONLL1_OPLV0_PK0_PAP0_PGR1_PLR1_PKA0_SIA1_SLW1_SS0_SU32_SUM0_SUS256_SCIUI1_SPO0_SRVW0_SSO0_SVW4_SNLL0_TSGRA0_TSGRB0_TT4_4_TLDS0_UMLDSA0_UMLDSB0_USFGRO0_VAW2_VS1_VW4_VWB4_VFLRP0_WSGRA0_WSGRB0_WS64_WG8_8_1_WGM8",939,16969945237691,16969946369866,0,8192,64,1,1,6656,4,1
"KERNEL_DISPATCH",4,2,76,"void convert_unary<__half, float>(void const*, float*, long, long, long, HIP_vector_type<unsigned int, 3u>, long, long, long)",940,16969946369866,16969946411942,0,0,256,1,1,425984,1,1
"KERNEL_DISPATCH",4,2,51,"void dequantize_block_iq3_s<__half>(void const*, __half*)",941,16969946439200,16969946712985,0,0,32,1,1,2129920,1,1
"KERNEL_DISPATCH",4,2,64,"void convert_unary<float, __half>(void const*, __half*, long, long, long, HIP_vector_type<unsigned int, 3u>, long, long, long)",942,16969946712985,16969946740985,0,0,256,1,1,655360,1,1
"KERNEL_DISPATCH",4,2,76,"void convert_unary<__half, float>(void const*, float*, long, long, long, HIP_vector_type<unsigned int, 3u>, long, long, long)",944,16969947817011,16969947859235,0,0,256,1,1,425984,1,1
"KERNEL_DISPATCH",4,2,321,"Cijk_Alik_Bljk_HB_MT32x32x32_SN_1LDSB0_APM1_ABV0_ACED0_AF0EM2_AF1EM1_AMAS3_ASE_ASGT_ASLT_ASM_ASAE01_ASCE01_ASEM2_AAC0_BL1_BS1_CLR0_DTLA0_DTLB0_DTVA0_DTVB0_DVO0_ETSP_EPS1_ELFLR0_EMLL0_FSSC10_FL0_GLVWA4_GLVWB4_GRCGA1_GRCGB1_GRPM1_GRVW4_GSU1_GSUASB_GLS0_ISA900_IU1_K1_KLA_LBSPPA0_LBSPPB0_LPA0_LPB0_LDL1_LRVW4_LWPMn1_LDW0_FMA_MIAV0_MDA2_MO40_MMFGLC_MKFGSU256_NTA0_NTB0_NTC0_NTD0_NEPBS0_NLCA1_NLCB1_ONLL1_OPLV0_PK0_PAP0_PGR1_PLR1_PKA0_SIA1_SLW1_SS0_SU32_SUM0_SUS256_SCIUI1_SPO0_SRVW0_SSO0_SVW4_SNLL0_TSGRA0_TSGRB0_TT4_4_TLDS0_UMLDSA0_UMLDSB0_USFGRO0_VAW2_VS1_VW4_VWB4_VFLRP0_WSGRA0_WSGRB0_WS64_WG8_8_1_WGM8",943,16969946740985,16969947817011,0,8192,64,1,1,6656,4,1
"KERNEL_DISPATCH",4,2,51,"void dequantize_block_iq3_s<__half>(void const*, __half*)",945,16969947883087,16969948121167,0,0,32,1,1,2129920,1,1
"KERNEL_DISPATCH",4,2,64,"void convert_unary<float, __half>(void const*, __half*, long, long, long, HIP_vector_type<unsigned int, 3u>, long, long, long)",946,16969948121167,16969948141019,0,0,256,1,1,655360,1,1
"KERNEL_DISPATCH",4,2,321,"Cijk_Alik_Bljk_HB_MT32x32x32_SN_1LDSB0_APM1_ABV0_ACED0_AF0EM2_AF1EM1_AMAS3_ASE_ASGT_ASLT_ASM_ASAE01_ASCE01_ASEM2_AAC0_BL1_BS1_CLR0_DTLA0_DTLB0_DTVA0_DTVB0_DVO0_ETSP_EPS1_ELFLR0_EMLL0_FSSC10_FL0_GLVWA4_GLVWB4_GRCGA1_GRCGB1_GRPM1_GRVW4_GSU1_GSUASB_GLS0_ISA900_IU1_K1_KLA_LBSPPA0_LBSPPB0_LPA0_LPB0_LDL1_LRVW4_LWPMn1_LDW0_FMA_MIAV0_MDA2_MO40_MMFGLC_MKFGSU256_NTA0_NTB0_NTC0_NTD0_NEPBS0_NLCA1_NLCB1_ONLL1_OPLV0_PK0_PAP0_PGR1_PLR1_PKA0_SIA1_SLW1_SS0_SU32_SUM0_SUS256_SCIUI1_SPO0_SRVW0_SSO0_SVW4_SNLL0_TSGRA0_TSGRB0_TT4_4_TLDS0_UMLDSA0_UMLDSB0_USFGRO0_VAW2_VS1_VW4_VWB4_VFLRP0_WSGRA0_WSGRB0_WS64_WG8_8_1_WGM8",947,16969948141019,16969949270528,0,8192,64,1,1,6656,4,1
"KERNEL_DISPATCH",4,2,76,"void convert_unary<__half, float>(void const*, float*, long, long, long, HIP_vector_type<unsigned int, 3u>, long, long, long)",948,16969949270528,16969949313788,0,0,256,1,1,425984,1,1
"KERNEL_DISPATCH",4,2,51,"void dequantize_block_iq3_s<__half>(void const*, __half*)",949,16969949343419,16969949616758,0,0,32,1,1,2129920,1,1
"KERNEL_DISPATCH",4,2,64,"void convert_unary<float, __half>(void const*, __half*, long, long, long, HIP_vector_type<unsigned int, 3u>, long, long, long)",950,16969949616758,16969949644315,0,0,256,1,1,655360,1,1
"KERNEL_DISPATCH",4,2,321,"Cijk_Alik_Bljk_HB_MT32x32x32_SN_1LDSB0_APM1_ABV0_ACED0_AF0EM2_AF1EM1_AMAS3_ASE_ASGT_ASLT_ASM_ASAE01_ASCE01_ASEM2_AAC0_BL1_BS1_CLR0_DTLA0_DTLB0_DTVA0_DTVB0_DVO0_ETSP_EPS1_ELFLR0_EMLL0_FSSC10_FL0_GLVWA4_GLVWB4_GRCGA1_GRCGB1_GRPM1_GRVW4_GSU1_GSUASB_GLS0_ISA900_IU1_K1_KLA_LBSPPA0_LBSPPB0_LPA0_LPB0_LDL1_LRVW4_LWPMn1_LDW0_FMA_MIAV0_MDA2_MO40_MMFGLC_MKFGSU256_NTA0_NTB0_NTC0_NTD0_NEPBS0_NLCA1_NLCB1_ONLL1_OPLV0_PK0_PAP0_PGR1_PLR1_PKA0_SIA1_SLW1_SS0_SU32_SUM0_SUS256_SCIUI1_SPO0_SRVW0_SSO0_SVW4_SNLL0_TSGRA0_TSGRB0_TT4_4_TLDS0_UMLDSA0_UMLDSB0_USFGRO0_VAW2_VS1_VW4_VWB4_VFLRP0_WSGRA0_WSGRB0_WS64_WG8_8_1_WGM8",951,16969949644315,16969950732045,0,8192,64,1,1,6656,4,1
"KERNEL_DISPATCH",4,2,76,"void convert_unary<__half, float>(void const*, float*, long, long, long, HIP_vector_type<unsigned int, 3u>, long, long, long)",952,16969950732045,16969950774860,0,0,256,1,1,425984,1,1
"KERNEL_DISPATCH",4,2,51,"void dequantize_block_iq3_s<__half>(void const*, __half*)",953,16969950800046,16969951021089,0,0,32,1,1,2129920,1,1
"KERNEL_DISPATCH",4,2,64,"void convert_unary<float, __half>(void const*, __half*, long, long, long, HIP_vector_type<unsigned int, 3u>, long, long, long)",954,16969951021089,16969951038719,0,0,256,1,1,655360,1,1
"KERNEL_DISPATCH",4,2,321,"Cijk_Alik_Bljk_HB_MT32x32x32_SN_1LDSB0_APM1_ABV0_ACED0_AF0EM2_AF1EM1_AMAS3_ASE_ASGT_ASLT_ASM_ASAE01_ASCE01_ASEM2_AAC0_BL1_BS1_CLR0_DTLA0_DTLB0_DTVA0_DTVB0_DVO0_ETSP_EPS1_ELFLR0_EMLL0_FSSC10_FL0_GLVWA4_GLVWB4_GRCGA1_GRCGB1_GRPM1_GRVW4_GSU1_GSUASB_GLS0_ISA900_IU1_K1_KLA_LBSPPA0_LBSPPB0_LPA0_LPB0_LDL1_LRVW4_LWPMn1_LDW0_FMA_MIAV0_MDA2_MO40_MMFGLC_MKFGSU256_NTA0_NTB0_NTC0_NTD0_NEPBS0_NLCA1_NLCB1_ONLL1_OPLV0_PK0_PAP0_PGR1_PLR1_PKA0_SIA1_SLW1_SS0_SU32_SUM0_SUS256_SCIUI1_SPO0_SRVW0_SSO0_SVW4_SNLL0_TSGRA0_TSGRB0_TT4_4_TLDS0_UMLDSA0_UMLDSB0_USFGRO0_VAW2_VS1_VW4_VWB4_VFLRP0_WSGRA0_WSGRB0_WS64_WG8_8_1_WGM8",955,16969951038719,16969952024076,0,8192,64,1,1,6656,4,1
"KERNEL_DISPATCH",4,2,76,"void convert_unary<__half, float>(void const*, float*, long, long, long, HIP_vector_type<unsigned int, 3u>, long, long, long)",956,16969952024076,16969952036817,0,0,256,1,1,425984,1,1
"KERNEL_DISPATCH",4,2,51,"void dequantize_block_iq3_s<__half>(void const*, __half*)",957,16969952059928,16969952298008,0,0,32,1,1,2129920,1,1
"KERNEL_DISPATCH",4,2,64,"void convert_unary<float, __half>(void const*, __half*, long, long, long, HIP_vector_type<unsigned int, 3u>, long, long, long)",958,16969952298008,16969952318009,0,0,256,1,1,655360,1,1
"KERNEL_DISPATCH",4,2,321,"Cijk_Alik_Bljk_HB_MT32x32x32_SN_1LDSB0_APM1_ABV0_ACED0_AF0EM2_AF1EM1_AMAS3_ASE_ASGT_ASLT_ASM_ASAE01_ASCE01_ASEM2_AAC0_BL1_BS1_CLR0_DTLA0_DTLB0_DTVA0_DTVB0_DVO0_ETSP_EPS1_ELFLR0_EMLL0_FSSC10_FL0_GLVWA4_GLVWB4_GRCGA1_GRCGB1_GRPM1_GRVW4_GSU1_GSUASB_GLS0_ISA900_IU1_K1_KLA_LBSPPA0_LBSPPB0_LPA0_LPB0_LDL1_LRVW4_LWPMn1_LDW0_FMA_MIAV0_MDA2_MO40_MMFGLC_MKFGSU256_NTA0_NTB0_NTC0_NTD0_NEPBS0_NLCA1_NLCB1_ONLL1_OPLV0_PK0_PAP0_PGR1_PLR1_PKA0_SIA1_SLW1_SS0_SU32_SUM0_SUS256_SCIUI1_SPO0_SRVW0_SSO0_SVW4_SNLL0_TSGRA0_TSGRB0_TT4_4_TLDS0_UMLDSA0_UMLDSB0_USFGRO0_VAW2_VS1_VW4_VWB4_VFLRP0_WSGRA0_WSGRB0_WS64_WG8_8_1_WGM8",959,16969952318009,16969953465148,0,8192,64,1,1,6656,4,1
"KERNEL_DISPATCH",4,2,76,"void convert_unary<__half, float>(void const*, float*, long, long, long, HIP_vector_type<unsigned int, 3u>, long, long, long)",960,16969953465148,16969953507223,0,0,256,1,1,425984,1,1
"KERNEL_DISPATCH",4,2,51,"void dequantize_block_iq3_s<__half>(void const*, __half*)",961,16969953534631,16969953808711,0,0,32,1,1,2129920,1,1
"KERNEL_DISPATCH",4,2,64,"void convert_unary<float, __half>(void const*, __half*, long, long, long, HIP_vector_type<unsigned int, 3u>, long, long, long)",962,16969953808711,16969953835971,0,0,256,1,1,655360,1,1
"KERNEL_DISPATCH",4,2,321,"Cijk_Alik_Bljk_HB_MT32x32x32_SN_1LDSB0_APM1_ABV0_ACED0_AF0EM2_AF1EM1_AMAS3_ASE_ASGT_ASLT_ASM_ASAE01_ASCE01_ASEM2_AAC0_BL1_BS1_CLR0_DTLA0_DTLB0_DTVA0_DTVB0_DVO0_ETSP_EPS1_ELFLR0_EMLL0_FSSC10_FL0_GLVWA4_GLVWB4_GRCGA1_GRCGB1_GRPM1_GRVW4_GSU1_GSUASB_GLS0_ISA900_IU1_K1_KLA_LBSPPA0_LBSPPB0_LPA0_LPB0_LDL1_LRVW4_LWPMn1_LDW0_FMA_MIAV0_MDA2_MO40_MMFGLC_MKFGSU256_NTA0_NTB0_NTC0_NTD0_NEPBS0_NLCA1_NLCB1_ONLL1_OPLV0_PK0_PAP0_PGR1_PLR1_PKA0_SIA1_SLW1_SS0_SU32_SUM0_SUS256_SCIUI1_SPO0_SRVW0_SSO0_SVW4_SNLL0_TSGRA0_TSGRB0_TT4_4_TLDS0_UMLDSA0_UMLDSB0_USFGRO0_VAW2_VS1_VW4_VWB4_VFLRP0_WSGRA0_WSGRB0_WS64_WG8_8_1_WGM8",963,16969953835971,16969954902219,0,8192,64,1,1,6656,4,1
"KERNEL_DISPATCH",4,2,76,"void convert_unary<__half, float>(void const*, float*, long, long, long, HIP_vector_type<unsigned int, 3u>, long, long, long)",964,16969954902219,16969954945035,0,0,256,1,1,425984,1,1
"KERNEL_DISPATCH",4,2,51,"void dequantize_block_iq3_s<__half>(void const*, __half*)",965,16969954968739,16969955206523,0,0,32,1,1,2129920,1,1
"KERNEL_DISPATCH",4,2,64,"void convert_unary<float, __half>(void const*, __half*, long, long, long, HIP_vector_type<unsigned int, 3u>, long, long, long)",966,16969955206523,16969955226227,0,0,256,1,1,655360,1,1
"KERNEL_DISPATCH",4,2,321,"Cijk_Alik_Bljk_HB_MT32x32x32_SN_1LDSB0_APM1_ABV0_ACED0_AF0EM2_AF1EM1_AMAS3_ASE_ASGT_ASLT_ASM_ASAE01_ASCE01_ASEM2_AAC0_BL1_BS1_CLR0_DTLA0_DTLB0_DTVA0_DTVB0_DVO0_ETSP_EPS1_ELFLR0_EMLL0_FSSC10_FL0_GLVWA4_GLVWB4_GRCGA1_GRCGB1_GRPM1_GRVW4_GSU1_GSUASB_GLS0_ISA900_IU1_K1_KLA_LBSPPA0_LBSPPB0_LPA0_LPB0_LDL1_LRVW4_LWPMn1_LDW0_FMA_MIAV0_MDA2_MO40_MMFGLC_MKFGSU256_NTA0_NTB0_NTC0_NTD0_NEPBS0_NLCA1_NLCB1_ONLL1_OPLV0_PK0_PAP0_PGR1_PLR1_PKA0_SIA1_SLW1_SS0_SU32_SUM0_SUS256_SCIUI1_SPO0_SRVW0_SSO0_SVW4_SNLL0_TSGRA0_TSGRB0_TT4_4_TLDS0_UMLDSA0_UMLDSB0_USFGRO0_VAW2_VS1_VW4_VWB4_VFLRP0_WSGRA0_WSGRB0_WS64_WG8_8_1_WGM8",967,16969955226227,16969956468183,0,8192,64,1,1,6656,4,1
"KERNEL_DISPATCH",4,2,76,"void convert_unary<__half, float>(void const*, float*, long, long, long, HIP_vector_type<unsigned int, 3u>, long, long, long)",968,16969956468183,16969956510702,0,0,256,1,1,425984,1,1
"KERNEL_DISPATCH",4,2,51,"void dequantize_block_iq3_s<__half>(void const*, __half*)",969,16969956538407,16969956812487,0,0,32,1,1,2129920,1,1
"KERNEL_DISPATCH",4,2,64,"void convert_unary<float, __half>(void const*, __half*, long, long, long, HIP_vector_type<unsigned int, 3u>, long, long, long)",970,16969956812487,16969956839599,0,0,256,1,1,655360,1,1
"KERNEL_DISPATCH",4,2,321,"Cijk_Alik_Bljk_HB_MT32x32x32_SN_1LDSB0_APM1_ABV0_ACED0_AF0EM2_AF1EM1_AMAS3_ASE_ASGT_ASLT_ASM_ASAE01_ASCE01_ASEM2_AAC0_BL1_BS1_CLR0_DTLA0_DTLB0_DTVA0_DTVB0_DVO0_ETSP_EPS1_ELFLR0_EMLL0_FSSC10_FL0_GLVWA4_GLVWB4_GRCGA1_GRCGB1_GRPM1_GRVW4_GSU1_GSUASB_GLS0_ISA900_IU1_K1_KLA_LBSPPA0_LBSPPB0_LPA0_LPB0_LDL1_LRVW4_LWPMn1_LDW0_FMA_MIAV0_MDA2_MO40_MMFGLC_MKFGSU256_NTA0_NTB0_NTC0_NTD0_NEPBS0_NLCA1_NLCB1_ONLL1_OPLV0_PK0_PAP0_PGR1_PLR1_PKA0_SIA1_SLW1_SS0_SU32_SUM0_SUS256_SCIUI1_SPO0_SRVW0_SSO0_SVW4_SNLL0_TSGRA0_TSGRB0_TT4_4_TLDS0_UMLDSA0_UMLDSB0_USFGRO0_VAW2_VS1_VW4_VWB4_VFLRP0_WSGRA0_WSGRB0_WS64_WG8_8_1_WGM8",971,16969956839599,16969957902292,0,8192,64,1,1,6656,4,1
"KERNEL_DISPATCH",4,2,76,"void convert_unary<__half, float>(void const*, float*, long, long, long, HIP_vector_type<unsigned int, 3u>, long, long, long)",972,16969957902292,16969957945107,0,0,256,1,1,425984,1,1
"KERNEL_DISPATCH",4,2,51,"void dequantize_block_iq3_s<__half>(void const*, __half*)",973,16969957968515,16969958206447,0,0,32,1,1,2129920,1,1
"KERNEL_DISPATCH",4,2,64,"void convert_unary<float, __half>(void const*, __half*, long, long, long, HIP_vector_type<unsigned int, 3u>, long, long, long)",974,16969958206447,16969958226151,0,0,256,1,1,655360,1,1
"KERNEL_DISPATCH",4,2,321,"Cijk_Alik_Bljk_HB_MT32x32x32_SN_1LDSB0_APM1_ABV0_ACED0_AF0EM2_AF1EM1_AMAS3_ASE_ASGT_ASLT_ASM_ASAE01_ASCE01_ASEM2_AAC0_BL1_BS1_CLR0_DTLA0_DTLB0_DTVA0_DTVB0_DVO0_ETSP_EPS1_ELFLR0_EMLL0_FSSC10_FL0_GLVWA4_GLVWB4_GRCGA1_GRCGB1_GRPM1_GRVW4_GSU1_GSUASB_GLS0_ISA900_IU1_K1_KLA_LBSPPA0_LBSPPB0_LPA0_LPB0_LDL1_LRVW4_LWPMn1_LDW0_FMA_MIAV0_MDA2_MO40_MMFGLC_MKFGSU256_NTA0_NTB0_NTC0_NTD0_NEPBS0_NLCA1_NLCB1_ONLL1_OPLV0_PK0_PAP0_PGR1_PLR1_PKA0_SIA1_SLW1_SS0_SU32_SUM0_SUS256_SCIUI1_SPO0_SRVW0_SSO0_SVW4_SNLL0_TSGRA0_TSGRB0_TT4_4_TLDS0_UMLDSA0_UMLDSB0_USFGRO0_VAW2_VS1_VW4_VWB4_VFLRP0_WSGRA0_WSGRB0_WS64_WG8_8_1_WGM8",975,16969958226151,16969959367068,0,8192,64,1,1,6656,4,1
"KERNEL_DISPATCH",4,2,76,"void convert_unary<__half, float>(void const*, float*, long, long, long, HIP_vector_type<unsigned int, 3u>, long, long, long)",976,16969959367068,16969959409883,0,0,256,1,1,425984,1,1
"KERNEL_DISPATCH",4,2,51,"void dequantize_block_iq3_s<__half>(void const*, __half*)",977,16969959437291,16969959710631,0,0,32,1,1,2129920,1,1
"KERNEL_DISPATCH",4,2,64,"void convert_unary<float, __half>(void const*, __half*, long, long, long, HIP_vector_type<unsigned int, 3u>, long, long, long)",978,16969959710631,16969959737595,0,0,256,1,1,655360,1,1
"KERNEL_DISPATCH",4,2,321,"Cijk_Alik_Bljk_HB_MT32x32x32_SN_1LDSB0_APM1_ABV0_ACED0_AF0EM2_AF1EM1_AMAS3_ASE_ASGT_ASLT_ASM_ASAE01_ASCE01_ASEM2_AAC0_BL1_BS1_CLR0_DTLA0_DTLB0_DTVA0_DTVB0_DVO0_ETSP_EPS1_ELFLR0_EMLL0_FSSC10_FL0_GLVWA4_GLVWB4_GRCGA1_GRCGB1_GRPM1_GRVW4_GSU1_GSUASB_GLS0_ISA900_IU1_K1_KLA_LBSPPA0_LBSPPB0_LPA0_LPB0_LDL1_LRVW4_LWPMn1_LDW0_FMA_MIAV0_MDA2_MO40_MMFGLC_MKFGSU256_NTA0_NTB0_NTC0_NTD0_NEPBS0_NLCA1_NLCB1_ONLL1_OPLV0_PK0_PAP0_PGR1_PLR1_PKA0_SIA1_SLW1_SS0_SU32_SUM0_SUS256_SCIUI1_SPO0_SRVW0_SSO0_SVW4_SNLL0_TSGRA0_TSGRB0_TT4_4_TLDS0_UMLDSA0_UMLDSB0_USFGRO0_VAW2_VS1_VW4_VWB4_VFLRP0_WSGRA0_WSGRB0_WS64_WG8_8_1_WGM8",979,16969959737595,16969960814658,0,8192,64,1,1,6656,4,1
"KERNEL_DISPATCH",4,2,76,"void convert_unary<__half, float>(void const*, float*, long, long, long, HIP_vector_type<unsigned int, 3u>, long, long, long)",980,16969960814658,16969960856881,0,0,256,1,1,425984,1,1
"KERNEL_DISPATCH",4,2,51,"void dequantize_block_iq3_s<__half>(void const*, __half*)",981,16969960880586,16969961118369,0,0,32,1,1,2129920,1,1
"KERNEL_DISPATCH",4,2,64,"void convert_unary<float, __half>(void const*, __half*, long, long, long, HIP_vector_type<unsigned int, 3u>, long, long, long)",982,16969961118369,16969961138073,0,0,256,1,1,655360,1,1
"KERNEL_DISPATCH",4,2,76,"void convert_unary<__half, float>(void const*, float*, long, long, long, HIP_vector_type<unsigned int, 3u>, long, long, long)",984,16969962192913,16969962238544,0,0,256,1,1,425984,1,1
"KERNEL_DISPATCH",4,2,321,"Cijk_Alik_Bljk_HB_MT32x32x32_SN_1LDSB0_APM1_ABV0_ACED0_AF0EM2_AF1EM1_AMAS3_ASE_ASGT_ASLT_ASM_ASAE01_ASCE01_ASEM2_AAC0_BL1_BS1_CLR0_DTLA0_DTLB0_DTVA0_DTVB0_DVO0_ETSP_EPS1_ELFLR0_EMLL0_FSSC10_FL0_GLVWA4_GLVWB4_GRCGA1_GRCGB1_GRPM1_GRVW4_GSU1_GSUASB_GLS0_ISA900_IU1_K1_KLA_LBSPPA0_LBSPPB0_LPA0_LPB0_LDL1_LRVW4_LWPMn1_LDW0_FMA_MIAV0_MDA2_MO40_MMFGLC_MKFGSU256_NTA0_NTB0_NTC0_NTD0_NEPBS0_NLCA1_NLCB1_ONLL1_OPLV0_PK0_PAP0_PGR1_PLR1_PKA0_SIA1_SLW1_SS0_SU32_SUM0_SUS256_SCIUI1_SPO0_SRVW0_SSO0_SVW4_SNLL0_TSGRA0_TSGRB0_TT4_4_TLDS0_UMLDSA0_UMLDSB0_USFGRO0_VAW2_VS1_VW4_VWB4_VFLRP0_WSGRA0_WSGRB0_WS64_WG8_8_1_WGM8",983,16969961138073,16969962192913,0,8192,64,1,1,6656,4,1
"KERNEL_DISPATCH",4,2,51,"void dequantize_block_iq3_s<__half>(void const*, __half*)",985,16969962262397,16969962500476,0,0,32,1,1,2129920,1,1
"KERNEL_DISPATCH",4,2,64,"void convert_unary<float, __half>(void const*, __half*, long, long, long, HIP_vector_type<unsigned int, 3u>, long, long, long)",986,16969962500476,16969962520181,0,0,256,1,1,655360,1,1
"KERNEL_DISPATCH",4,2,321,"Cijk_Alik_Bljk_HB_MT32x32x32_SN_1LDSB0_APM1_ABV0_ACED0_AF0EM2_AF1EM1_AMAS3_ASE_ASGT_ASLT_ASM_ASAE01_ASCE01_ASEM2_AAC0_BL1_BS1_CLR0_DTLA0_DTLB0_DTVA0_DTVB0_DVO0_ETSP_EPS1_ELFLR0_EMLL0_FSSC10_FL0_GLVWA4_GLVWB4_GRCGA1_GRCGB1_GRPM1_GRVW4_GSU1_GSUASB_GLS0_ISA900_IU1_K1_KLA_LBSPPA0_LBSPPB0_LPA0_LPB0_LDL1_LRVW4_LWPMn1_LDW0_FMA_MIAV0_MDA2_MO40_MMFGLC_MKFGSU256_NTA0_NTB0_NTC0_NTD0_NEPBS0_NLCA1_NLCB1_ONLL1_OPLV0_PK0_PAP0_PGR1_PLR1_PKA0_SIA1_SLW1_SS0_SU32_SUM0_SUS256_SCIUI1_SPO0_SRVW0_SSO0_SVW4_SNLL0_TSGRA0_TSGRB0_TT4_4_TLDS0_UMLDSA0_UMLDSB0_USFGRO0_VAW2_VS1_VW4_VWB4_VFLRP0_WSGRA0_WSGRB0_WS64_WG8_8_1_WGM8",987,16969962520181,16969963575910,0,8192,64,1,1,6656,4,1
"KERNEL_DISPATCH",4,2,76,"void convert_unary<__half, float>(void const*, float*, long, long, long, HIP_vector_type<unsigned int, 3u>, long, long, long)",988,16969963575910,16969963618874,0,0,256,1,1,425984,1,1
"KERNEL_DISPATCH",4,2,51,"void dequantize_block_iq3_s<__half>(void const*, __half*)",989,16969963642134,16969963878584,0,0,32,1,1,2129920,1,1
"KERNEL_DISPATCH",4,2,64,"void convert_unary<float, __half>(void const*, __half*, long, long, long, HIP_vector_type<unsigned int, 3u>, long, long, long)",990,16969963878584,16969963896806,0,0,256,1,1,655360,1,1
"KERNEL_DISPATCH",4,2,321,"Cijk_Alik_Bljk_HB_MT32x32x32_SN_1LDSB0_APM1_ABV0_ACED0_AF0EM2_AF1EM1_AMAS3_ASE_ASGT_ASLT_ASM_ASAE01_ASCE01_ASEM2_AAC0_BL1_BS1_CLR0_DTLA0_DTLB0_DTVA0_DTVB0_DVO0_ETSP_EPS1_ELFLR0_EMLL0_FSSC10_FL0_GLVWA4_GLVWB4_GRCGA1_GRCGB1_GRPM1_GRVW4_GSU1_GSUASB_GLS0_ISA900_IU1_K1_KLA_LBSPPA0_LBSPPB0_LPA0_LPB0_LDL1_LRVW4_LWPMn1_LDW0_FMA_MIAV0_MDA2_MO40_MMFGLC_MKFGSU256_NTA0_NTB0_NTC0_NTD0_NEPBS0_NLCA1_NLCB1_ONLL1_OPLV0_PK0_PAP0_PGR1_PLR1_PKA0_SIA1_SLW1_SS0_SU32_SUM0_SUS256_SCIUI1_SPO0_SRVW0_SSO0_SVW4_SNLL0_TSGRA0_TSGRB0_TT4_4_TLDS0_UMLDSA0_UMLDSB0_USFGRO0_VAW2_VS1_VW4_VWB4_VFLRP0_WSGRA0_WSGRB0_WS64_WG8_8_1_WGM8",991,16969963896806,16969964865422,0,8192,64,1,1,6656,4,1
"KERNEL_DISPATCH",4,2,76,"void convert_unary<__half, float>(void const*, float*, long, long, long, HIP_vector_type<unsigned int, 3u>, long, long, long)",992,16969964865422,16969964878163,0,0,256,1,1,425984,1,1
"KERNEL_DISPATCH",4,2,51,"void dequantize_block_iq3_s<__half>(void const*, __half*)",993,16969964900682,16969965138762,0,0,32,1,1,2129920,1,1
"KERNEL_DISPATCH",4,2,64,"void convert_unary<float, __half>(void const*, __half*, long, long, long, HIP_vector_type<unsigned int, 3u>, long, long, long)",994,16969965138762,16969965158318,0,0,256,1,1,655360,1,1
"KERNEL_DISPATCH",4,2,76,"void convert_unary<__half, float>(void const*, float*, long, long, long, HIP_vector_type<unsigned int, 3u>, long, long, long)",996,16969966284271,16969966327532,0,0,256,1,1,425984,1,1
"KERNEL_DISPATCH",4,2,321,"Cijk_Alik_Bljk_HB_MT32x32x32_SN_1LDSB0_APM1_ABV0_ACED0_AF0EM2_AF1EM1_AMAS3_ASE_ASGT_ASLT_ASM_ASAE01_ASCE01_ASEM2_AAC0_BL1_BS1_CLR0_DTLA0_DTLB0_DTVA0_DTVB0_DVO0_ETSP_EPS1_ELFLR0_EMLL0_FSSC10_FL0_GLVWA4_GLVWB4_GRCGA1_GRCGB1_GRPM1_GRVW4_GSU1_GSUASB_GLS0_ISA900_IU1_K1_KLA_LBSPPA0_LBSPPB0_LPA0_LPB0_LDL1_LRVW4_LWPMn1_LDW0_FMA_MIAV0_MDA2_MO40_MMFGLC_MKFGSU256_NTA0_NTB0_NTC0_NTD0_NEPBS0_NLCA1_NLCB1_ONLL1_OPLV0_PK0_PAP0_PGR1_PLR1_PKA0_SIA1_SLW1_SS0_SU32_SUM0_SUS256_SCIUI1_SPO0_SRVW0_SSO0_SVW4_SNLL0_TSGRA0_TSGRB0_TT4_4_TLDS0_UMLDSA0_UMLDSB0_USFGRO0_VAW2_VS1_VW4_VWB4_VFLRP0_WSGRA0_WSGRB0_WS64_WG8_8_1_WGM8",995,16969965158318,16969966284271,0,8192,64,1,1,6656,4,1
"KERNEL_DISPATCH",4,2,51,"void dequantize_block_iq3_s<__half>(void const*, __half*)",997,16969966355088,16969966628131,0,0,32,1,1,2129920,1,1
"KERNEL_DISPATCH",4,2,64,"void convert_unary<float, __half>(void const*, __half*, long, long, long, HIP_vector_type<unsigned int, 3u>, long, long, long)",998,16969966628131,16969966655688,0,0,256,1,1,655360,1,1
"KERNEL_DISPATCH",4,2,321,"Cijk_Alik_Bljk_HB_MT32x32x32_SN_1LDSB0_APM1_ABV0_ACED0_AF0EM2_AF1EM1_AMAS3_ASE_ASGT_ASLT_ASM_ASAE01_ASCE01_ASEM2_AAC0_BL1_BS1_CLR0_DTLA0_DTLB0_DTVA0_DTVB0_DVO0_ETSP_EPS1_ELFLR0_EMLL0_FSSC10_FL0_GLVWA4_GLVWB4_GRCGA1_GRCGB1_GRPM1_GRVW4_GSU1_GSUASB_GLS0_ISA900_IU1_K1_KLA_LBSPPA0_LBSPPB0_LPA0_LPB0_LDL1_LRVW4_LWPMn1_LDW0_FMA_MIAV0_MDA2_MO40_MMFGLC_MKFGSU256_NTA0_NTB0_NTC0_NTD0_NEPBS0_NLCA1_NLCB1_ONLL1_OPLV0_PK0_PAP0_PGR1_PLR1_PKA0_SIA1_SLW1_SS0_SU32_SUM0_SUS256_SCIUI1_SPO0_SRVW0_SSO0_SVW4_SNLL0_TSGRA0_TSGRB0_TT4_4_TLDS0_UMLDSA0_UMLDSB0_USFGRO0_VAW2_VS1_VW4_VWB4_VFLRP0_WSGRA0_WSGRB0_WS64_WG8_8_1_WGM8",999,16969966655688,16969967741195,0,8192,64,1,1,6656,4,1
"KERNEL_DISPATCH",4,2,76,"void convert_unary<__half, float>(void const*, float*, long, long, long, HIP_vector_type<unsigned int, 3u>, long, long, long)",1000,16969967741195,16969967784159,0,0,256,1,1,425984,1,1
"KERNEL_DISPATCH",4,2,51,"void dequantize_block_iq3_s<__half>(void const*, __half*)",1001,16969967807123,16969968045351,0,0,32,1,1,2129920,1,1
"KERNEL_DISPATCH",4,2,64,"void convert_unary<float, __half>(void const*, __half*, long, long, long, HIP_vector_type<unsigned int, 3u>, long, long, long)",1002,16969968045351,16969968064907,0,0,256,1,1,655360,1,1
"KERNEL_DISPATCH",4,2,321,"Cijk_Alik_Bljk_HB_MT32x32x32_SN_1LDSB0_APM1_ABV0_ACED0_AF0EM2_AF1EM1_AMAS3_ASE_ASGT_ASLT_ASM_ASAE01_ASCE01_ASEM2_AAC0_BL1_BS1_CLR0_DTLA0_DTLB0_DTVA0_DTVB0_DVO0_ETSP_EPS1_ELFLR0_EMLL0_FSSC10_FL0_GLVWA4_GLVWB4_GRCGA1_GRCGB1_GRPM1_GRVW4_GSU1_GSUASB_GLS0_ISA900_IU1_K1_KLA_LBSPPA0_LBSPPB0_LPA0_LPB0_LDL1_LRVW4_LWPMn1_LDW0_FMA_MIAV0_MDA2_MO40_MMFGLC_MKFGSU256_NTA0_NTB0_NTC0_NTD0_NEPBS0_NLCA1_NLCB1_ONLL1_OPLV0_PK0_PAP0_PGR1_PLR1_PKA0_SIA1_SLW1_SS0_SU32_SUM0_SUS256_SCIUI1_SPO0_SRVW0_SSO0_SVW4_SNLL0_TSGRA0_TSGRB0_TT4_4_TLDS0_UMLDSA0_UMLDSB0_USFGRO0_VAW2_VS1_VW4_VWB4_VFLRP0_WSGRA0_WSGRB0_WS64_WG8_8_1_WGM8",1003,16969968064907,16969969120932,0,8192,64,1,1,6656,4,1
"KERNEL_DISPATCH",4,2,76,"void convert_unary<__half, float>(void const*, float*, long, long, long, HIP_vector_type<unsigned int, 3u>, long, long, long)",1004,16969969120932,16969969165082,0,0,256,1,1,425984,1,1
"KERNEL_DISPATCH",4,2,51,"void dequantize_block_iq3_s<__half>(void const*, __half*)",1005,16969969188341,16969969426273,0,0,32,1,1,2129920,1,1
"KERNEL_DISPATCH",4,2,64,"void convert_unary<float, __half>(void const*, __half*, long, long, long, HIP_vector_type<unsigned int, 3u>, long, long, long)",1006,16969969426273,16969969445829,0,0,256,1,1,655360,1,1
"KERNEL_DISPATCH",4,2,321,"Cijk_Alik_Bljk_HB_MT32x32x32_SN_1LDSB0_APM1_ABV0_ACED0_AF0EM2_AF1EM1_AMAS3_ASE_ASGT_ASLT_ASM_ASAE01_ASCE01_ASEM2_AAC0_BL1_BS1_CLR0_DTLA0_DTLB0_DTVA0_DTVB0_DVO0_ETSP_EPS1_ELFLR0_EMLL0_FSSC10_FL0_GLVWA4_GLVWB4_GRCGA1_GRCGB1_GRPM1_GRVW4_GSU1_GSUASB_GLS0_ISA900_IU1_K1_KLA_LBSPPA0_LBSPPB0_LPA0_LPB0_LDL1_LRVW4_LWPMn1_LDW0_FMA_MIAV0_MDA2_MO40_MMFGLC_MKFGSU256_NTA0_NTB0_NTC0_NTD0_NEPBS0_NLCA1_NLCB1_ONLL1_OPLV0_PK0_PAP0_PGR1_PLR1_PKA0_SIA1_SLW1_SS0_SU32_SUM0_SUS256_SCIUI1_SPO0_SRVW0_SSO0_SVW4_SNLL0_TSGRA0_TSGRB0_TT4_4_TLDS0_UMLDSA0_UMLDSB0_USFGRO0_VAW2_VS1_VW4_VWB4_VFLRP0_WSGRA0_WSGRB0_WS64_WG8_8_1_WGM8",1007,16969969445829,16969970505262,0,8192,64,1,1,6656,4,1
"KERNEL_DISPATCH",4,2,76,"void convert_unary<__half, float>(void const*, float*, long, long, long, HIP_vector_type<unsigned int, 3u>, long, long, long)",1008,16969970505262,16969970547485,0,0,256,1,1,425984,1,1
"KERNEL_DISPATCH",4,2,51,"void dequantize_block_iq3_s<__half>(void const*, __half*)",1009,16972273038368,16972273582381,0,0,32,1,1,1277952,1,1
"KERNEL_DISPATCH",4,2,64,"void convert_unary<float, __half>(void const*, __half*, long, long, long, HIP_vector_type<unsigned int, 3u>, long, long, long)",1010,16972273582381,16972273664752,0,0,256,1,1,786432,1,1
"KERNEL_DISPATCH",4,2,76,"void convert_unary<__half, float>(void const*, float*, long, long, long, HIP_vector_type<unsigned int, 3u>, long, long, long)",1012,16972274500180,16972274507587,0,0,256,1,1,212992,1,1
"KERNEL_DISPATCH",4,2,320,"Cijk_Alik_Bljk_HB_MT32x32x24_SN_1LDSB0_APM1_ABV0_ACED0_AF0EM2_AF1EM1_AMAS3_ASE_ASGT_ASLT_ASM_ASAE01_ASCE01_ASEM2_AAC0_BL1_BS1_CLR0_DTLA0_DTLB0_DTVA0_DTVB0_DVO0_ETSP_EPS1_ELFLR0_EMLL0_FSSC10_FL0_GLVWA4_GLVWB4_GRCGA1_GRCGB1_GRPM1_GRVW4_GSU1_GSUASB_GLS0_ISA900_IU1_K1_KLA_LBSPPA0_LBSPPB0_LPA0_LPB0_LDL1_LRVW4_LWPMn1_LDW0_FMA_MIAV0_MDA2_MO40_MMFGLC_MKFGSU256_NTA0_NTB0_NTC0_NTD0_NEPBS0_NLCA3_NLCB3_ONLL1_OPLV0_PK0_PAP0_PGR1_PLR1_PKA0_SIA1_SLW1_SS0_SU32_SUM0_SUS256_SCIUI1_SPO0_SRVW0_SSO0_SVW4_SNLL0_TSGRA0_TSGRB0_TT4_4_TLDS0_UMLDSA0_UMLDSB0_USFGRO0_VAW2_VS1_VW4_VWB4_VFLRP0_WSGRA0_WSGRB0_WS64_WG8_8_1_WGM8",1011,16972273664752,16972274500180,0,7168,64,1,1,3328,4,1
"KERNEL_DISPATCH",4,2,51,"void dequantize_block_iq3_s<__half>(void const*, __half*)",1013,16972274557811,16972274679295,0,0,32,1,1,1277952,1,1
"KERNEL_DISPATCH",4,2,64,"void convert_unary<float, __half>(void const*, __half*, long, long, long, HIP_vector_type<unsigned int, 3u>, long, long, long)",1014,16972274679295,16972274698851,0,0,256,1,1,786432,1,1
"KERNEL_DISPATCH",4,2,76,"void convert_unary<__half, float>(void const*, float*, long, long, long, HIP_vector_type<unsigned int, 3u>, long, long, long)",1016,16972275402572,16972275409239,0,0,256,1,1,212992,1,1
"KERNEL_DISPATCH",4,2,320,"Cijk_Alik_Bljk_HB_MT32x32x24_SN_1LDSB0_APM1_ABV0_ACED0_AF0EM2_AF1EM1_AMAS3_ASE_ASGT_ASLT_ASM_ASAE01_ASCE01_ASEM2_AAC0_BL1_BS1_CLR0_DTLA0_DTLB0_DTVA0_DTVB0_DVO0_ETSP_EPS1_ELFLR0_EMLL0_FSSC10_FL0_GLVWA4_GLVWB4_GRCGA1_GRCGB1_GRPM1_GRVW4_GSU1_GSUASB_GLS0_ISA900_IU1_K1_KLA_LBSPPA0_LBSPPB0_LPA0_LPB0_LDL1_LRVW4_LWPMn1_LDW0_FMA_MIAV0_MDA2_MO40_MMFGLC_MKFGSU256_NTA0_NTB0_NTC0_NTD0_NEPBS0_NLCA3_NLCB3_ONLL1_OPLV0_PK0_PAP0_PGR1_PLR1_PKA0_SIA1_SLW1_SS0_SU32_SUM0_SUS256_SCIUI1_SPO0_SRVW0_SSO0_SVW4_SNLL0_TSGRA0_TSGRB0_TT4_4_TLDS0_UMLDSA0_UMLDSB0_USFGRO0_VAW2_VS1_VW4_VWB4_VFLRP0_WSGRA0_WSGRB0_WS64_WG8_8_1_WGM8",1015,16972274698851,16972275402572,0,7168,64,1,1,3328,4,1
"KERNEL_DISPATCH",4,2,51,"void dequantize_block_iq3_s<__half>(void const*, __half*)",1017,16972275429684,16972275551020,0,0,32,1,1,1277952,1,1
"KERNEL_DISPATCH",4,2,64,"void convert_unary<float, __half>(void const*, __half*, long, long, long, HIP_vector_type<unsigned int, 3u>, long, long, long)",1018,16972275551020,16972275571169,0,0,256,1,1,786432,1,1
"KERNEL_DISPATCH",4,2,320,"Cijk_Alik_Bljk_HB_MT32x32x24_SN_1LDSB0_APM1_ABV0_ACED0_AF0EM2_AF1EM1_AMAS3_ASE_ASGT_ASLT_ASM_ASAE01_ASCE01_ASEM2_AAC0_BL1_BS1_CLR0_DTLA0_DTLB0_DTVA0_DTVB0_DVO0_ETSP_EPS1_ELFLR0_EMLL0_FSSC10_FL0_GLVWA4_GLVWB4_GRCGA1_GRCGB1_GRPM1_GRVW4_GSU1_GSUASB_GLS0_ISA900_IU1_K1_KLA_LBSPPA0_LBSPPB0_LPA0_LPB0_LDL1_LRVW4_LWPMn1_LDW0_FMA_MIAV0_MDA2_MO40_MMFGLC_MKFGSU256_NTA0_NTB0_NTC0_NTD0_NEPBS0_NLCA3_NLCB3_ONLL1_OPLV0_PK0_PAP0_PGR1_PLR1_PKA0_SIA1_SLW1_SS0_SU32_SUM0_SUS256_SCIUI1_SPO0_SRVW0_SSO0_SVW4_SNLL0_TSGRA0_TSGRB0_TT4_4_TLDS0_UMLDSA0_UMLDSB0_USFGRO0_VAW2_VS1_VW4_VWB4_VFLRP0_WSGRA0_WSGRB0_WS64_WG8_8_1_WGM8",1019,16972275571169,16972276182295,0,7168,64,1,1,3328,4,1
"KERNEL_DISPATCH",4,2,76,"void convert_unary<__half, float>(void const*, float*, long, long, long, HIP_vector_type<unsigned int, 3u>, long, long, long)",1020,16972276182295,16972276188813,0,0,256,1,1,212992,1,1
"KERNEL_DISPATCH",4,2,51,"void dequantize_block_iq3_s<__half>(void const*, __half*)",1021,16972276208814,16972276330150,0,0,32,1,1,1277952,1,1
"KERNEL_DISPATCH",4,2,64,"void convert_unary<float, __half>(void const*, __half*, long, long, long, HIP_vector_type<unsigned int, 3u>, long, long, long)",1022,16972276330150,16972276349706,0,0,256,1,1,786432,1,1
"KERNEL_DISPATCH",4,2,320,"Cijk_Alik_Bljk_HB_MT32x32x24_SN_1LDSB0_APM1_ABV0_ACED0_AF0EM2_AF1EM1_AMAS3_ASE_ASGT_ASLT_ASM_ASAE01_ASCE01_ASEM2_AAC0_BL1_BS1_CLR0_DTLA0_DTLB0_DTVA0_DTVB0_DVO0_ETSP_EPS1_ELFLR0_EMLL0_FSSC10_FL0_GLVWA4_GLVWB4_GRCGA1_GRCGB1_GRPM1_GRVW4_GSU1_GSUASB_GLS0_ISA900_IU1_K1_KLA_LBSPPA0_LBSPPB0_LPA0_LPB0_LDL1_LRVW4_LWPMn1_LDW0_FMA_MIAV0_MDA2_MO40_MMFGLC_MKFGSU256_NTA0_NTB0_NTC0_NTD0_NEPBS0_NLCA3_NLCB3_ONLL1_OPLV0_PK0_PAP0_PGR1_PLR1_PKA0_SIA1_SLW1_SS0_SU32_SUM0_SUS256_SCIUI1_SPO0_SRVW0_SSO0_SVW4_SNLL0_TSGRA0_TSGRB0_TT4_4_TLDS0_UMLDSA0_UMLDSB0_USFGRO0_VAW2_VS1_VW4_VWB4_VFLRP0_WSGRA0_WSGRB0_WS64_WG8_8_1_WGM8",1023,16972276349706,16972277106465,0,7168,64,1,1,3328,4,1
"KERNEL_DISPATCH",4,2,76,"void convert_unary<__half, float>(void const*, float*, long, long, long, HIP_vector_type<unsigned int, 3u>, long, long, long)",1024,16972277106465,16972277113428,0,0,256,1,1,212992,1,1
"KERNEL_DISPATCH",4,2,51,"void dequantize_block_iq3_s<__half>(void const*, __half*)",1025,16972277134021,16972277263358,0,0,32,1,1,1277952,1,1
"KERNEL_DISPATCH",4,2,64,"void convert_unary<float, __half>(void const*, __half*, long, long, long, HIP_vector_type<unsigned int, 3u>, long, long, long)",1026,16972277263358,16972277284247,0,0,256,1,1,786432,1,1
"KERNEL_DISPATCH",4,2,320,"Cijk_Alik_Bljk_HB_MT32x32x24_SN_1LDSB0_APM1_ABV0_ACED0_AF0EM2_AF1EM1_AMAS3_ASE_ASGT_ASLT_ASM_ASAE01_ASCE01_ASEM2_AAC0_BL1_BS1_CLR0_DTLA0_DTLB0_DTVA0_DTVB0_DVO0_ETSP_EPS1_ELFLR0_EMLL0_FSSC10_FL0_GLVWA4_GLVWB4_GRCGA1_GRCGB1_GRPM1_GRVW4_GSU1_GSUASB_GLS0_ISA900_IU1_K1_KLA_LBSPPA0_LBSPPB0_LPA0_LPB0_LDL1_LRVW4_LWPMn1_LDW0_FMA_MIAV0_MDA2_MO40_MMFGLC_MKFGSU256_NTA0_NTB0_NTC0_NTD0_NEPBS0_NLCA3_NLCB3_ONLL1_OPLV0_PK0_PAP0_PGR1_PLR1_PKA0_SIA1_SLW1_SS0_SU32_SUM0_SUS256_SCIUI1_SPO0_SRVW0_SSO0_SVW4_SNLL0_TSGRA0_TSGRB0_TT4_4_TLDS0_UMLDSA0_UMLDSB0_USFGRO0_VAW2_VS1_VW4_VWB4_VFLRP0_WSGRA0_WSGRB0_WS64_WG8_8_1_WGM8",1027,16972277284247,16972277845594,0,7168,64,1,1,3328,4,1
"KERNEL_DISPATCH",4,2,76,"void convert_unary<__half, float>(void const*, float*, long, long, long, HIP_vector_type<unsigned int, 3u>, long, long, long)",1028,16972277845594,16972277852409,0,0,256,1,1,212992,1,1
"KERNEL_DISPATCH",4,2,51,"void dequantize_block_iq3_s<__half>(void const*, __half*)",1029,16972277873002,16972278021302,0,0,32,1,1,1277952,1,1
"KERNEL_DISPATCH",4,2,64,"void convert_unary<float, __half>(void const*, __half*, long, long, long, HIP_vector_type<unsigned int, 3u>, long, long, long)",1030,16972278021302,16972278043969,0,0,256,1,1,786432,1,1
"KERNEL_DISPATCH",4,2,320,"Cijk_Alik_Bljk_HB_MT32x32x24_SN_1LDSB0_APM1_ABV0_ACED0_AF0EM2_AF1EM1_AMAS3_ASE_ASGT_ASLT_ASM_ASAE01_ASCE01_ASEM2_AAC0_BL1_BS1_CLR0_DTLA0_DTLB0_DTVA0_DTVB0_DVO0_ETSP_EPS1_ELFLR0_EMLL0_FSSC10_FL0_GLVWA4_GLVWB4_GRCGA1_GRCGB1_GRPM1_GRVW4_GSU1_GSUASB_GLS0_ISA900_IU1_K1_KLA_LBSPPA0_LBSPPB0_LPA0_LPB0_LDL1_LRVW4_LWPMn1_LDW0_FMA_MIAV0_MDA2_MO40_MMFGLC_MKFGSU256_NTA0_NTB0_NTC0_NTD0_NEPBS0_NLCA3_NLCB3_ONLL1_OPLV0_PK0_PAP0_PGR1_PLR1_PKA0_SIA1_SLW1_SS0_SU32_SUM0_SUS256_SCIUI1_SPO0_SRVW0_SSO0_SVW4_SNLL0_TSGRA0_TSGRB0_TT4_4_TLDS0_UMLDSA0_UMLDSB0_USFGRO0_VAW2_VS1_VW4_VWB4_VFLRP0_WSGRA0_WSGRB0_WS64_WG8_8_1_WGM8",1031,16972278043969,16972278819988,0,7168,64,1,1,3328,4,1
"KERNEL_DISPATCH",4,2,76,"void convert_unary<__half, float>(void const*, float*, long, long, long, HIP_vector_type<unsigned int, 3u>, long, long, long)",1032,16972278819988,16972278827692,0,0,256,1,1,212992,1,1
"KERNEL_DISPATCH",4,2,51,"void dequantize_block_iq3_s<__half>(void const*, __half*)",1033,16972278849618,16972278993474,0,0,32,1,1,1277952,1,1
"KERNEL_DISPATCH",4,2,64,"void convert_unary<float, __half>(void const*, __half*, long, long, long, HIP_vector_type<unsigned int, 3u>, long, long, long)",1034,16972278993474,16972279016289,0,0,256,1,1,786432,1,1
"KERNEL_DISPATCH",4,2,320,"Cijk_Alik_Bljk_HB_MT32x32x24_SN_1LDSB0_APM1_ABV0_ACED0_AF0EM2_AF1EM1_AMAS3_ASE_ASGT_ASLT_ASM_ASAE01_ASCE01_ASEM2_AAC0_BL1_BS1_CLR0_DTLA0_DTLB0_DTVA0_DTVB0_DVO0_ETSP_EPS1_ELFLR0_EMLL0_FSSC10_FL0_GLVWA4_GLVWB4_GRCGA1_GRCGB1_GRPM1_GRVW4_GSU1_GSUASB_GLS0_ISA900_IU1_K1_KLA_LBSPPA0_LBSPPB0_LPA0_LPB0_LDL1_LRVW4_LWPMn1_LDW0_FMA_MIAV0_MDA2_MO40_MMFGLC_MKFGSU256_NTA0_NTB0_NTC0_NTD0_NEPBS0_NLCA3_NLCB3_ONLL1_OPLV0_PK0_PAP0_PGR1_PLR1_PKA0_SIA1_SLW1_SS0_SU32_SUM0_SUS256_SCIUI1_SPO0_SRVW0_SSO0_SVW4_SNLL0_TSGRA0_TSGRB0_TT4_4_TLDS0_UMLDSA0_UMLDSB0_USFGRO0_VAW2_VS1_VW4_VWB4_VFLRP0_WSGRA0_WSGRB0_WS64_WG8_8_1_WGM8",1035,16972279016289,16972279728010,0,7168,64,1,1,3328,4,1
"KERNEL_DISPATCH",4,2,76,"void convert_unary<__half, float>(void const*, float*, long, long, long, HIP_vector_type<unsigned int, 3u>, long, long, long)",1036,16972279728010,16972279735417,0,0,256,1,1,212992,1,1
"KERNEL_DISPATCH",4,2,51,"void dequantize_block_iq3_s<__half>(void const*, __half*)",1037,16972279757196,16972279901051,0,0,32,1,1,1277952,1,1
"KERNEL_DISPATCH",4,2,64,"void convert_unary<float, __half>(void const*, __half*, long, long, long, HIP_vector_type<unsigned int, 3u>, long, long, long)",1038,16972279901051,16972279923866,0,0,256,1,1,786432,1,1
"KERNEL_DISPATCH",4,2,320,"Cijk_Alik_Bljk_HB_MT32x32x24_SN_1LDSB0_APM1_ABV0_ACED0_AF0EM2_AF1EM1_AMAS3_ASE_ASGT_ASLT_ASM_ASAE01_ASCE01_ASEM2_AAC0_BL1_BS1_CLR0_DTLA0_DTLB0_DTVA0_DTVB0_DVO0_ETSP_EPS1_ELFLR0_EMLL0_FSSC10_FL0_GLVWA4_GLVWB4_GRCGA1_GRCGB1_GRPM1_GRVW4_GSU1_GSUASB_GLS0_ISA900_IU1_K1_KLA_LBSPPA0_LBSPPB0_LPA0_LPB0_LDL1_LRVW4_LWPMn1_LDW0_FMA_MIAV0_MDA2_MO40_MMFGLC_MKFGSU256_NTA0_NTB0_NTC0_NTD0_NEPBS0_NLCA3_NLCB3_ONLL1_OPLV0_PK0_PAP0_PGR1_PLR1_PKA0_SIA1_SLW1_SS0_SU32_SUM0_SUS256_SCIUI1_SPO0_SRVW0_SSO0_SVW4_SNLL0_TSGRA0_TSGRB0_TT4_4_TLDS0_UMLDSA0_UMLDSB0_USFGRO0_VAW2_VS1_VW4_VWB4_VFLRP0_WSGRA0_WSGRB0_WS64_WG8_8_1_WGM8",1039,16972279923866,16972280589068,0,7168,64,1,1,3328,4,1
"KERNEL_DISPATCH",4,2,76,"void convert_unary<__half, float>(void const*, float*, long, long, long, HIP_vector_type<unsigned int, 3u>, long, long, long)",1040,16972280589068,16972280596179,0,0,256,1,1,212992,1,1
"KERNEL_DISPATCH",4,2,51,"void dequantize_block_iq3_s<__half>(void const*, __half*)",1041,16972280618254,16972280747738,0,0,32,1,1,1277952,1,1
"KERNEL_DISPATCH",4,2,64,"void convert_unary<float, __half>(void const*, __half*, long, long, long, HIP_vector_type<unsigned int, 3u>, long, long, long)",1042,16972280747738,16972280768479,0,0,256,1,1,786432,1,1
"KERNEL_DISPATCH",4,2,320,"Cijk_Alik_Bljk_HB_MT32x32x24_SN_1LDSB0_APM1_ABV0_ACED0_AF0EM2_AF1EM1_AMAS3_ASE_ASGT_ASLT_ASM_ASAE01_ASCE01_ASEM2_AAC0_BL1_BS1_CLR0_DTLA0_DTLB0_DTVA0_DTVB0_DVO0_ETSP_EPS1_ELFLR0_EMLL0_FSSC10_FL0_GLVWA4_GLVWB4_GRCGA1_GRCGB1_GRPM1_GRVW4_GSU1_GSUASB_GLS0_ISA900_IU1_K1_KLA_LBSPPA0_LBSPPB0_LPA0_LPB0_LDL1_LRVW4_LWPMn1_LDW0_FMA_MIAV0_MDA2_MO40_MMFGLC_MKFGSU256_NTA0_NTB0_NTC0_NTD0_NEPBS0_NLCA3_NLCB3_ONLL1_OPLV0_PK0_PAP0_PGR1_PLR1_PKA0_SIA1_SLW1_SS0_SU32_SUM0_SUS256_SCIUI1_SPO0_SRVW0_SSO0_SVW4_SNLL0_TSGRA0_TSGRB0_TT4_4_TLDS0_UMLDSA0_UMLDSB0_USFGRO0_VAW2_VS1_VW4_VWB4_VFLRP0_WSGRA0_WSGRB0_WS64_WG8_8_1_WGM8",1043,16972280768479,16972281414421,0,7168,64,1,1,3328,4,1
"KERNEL_DISPATCH",4,2,76,"void convert_unary<__half, float>(void const*, float*, long, long, long, HIP_vector_type<unsigned int, 3u>, long, long, long)",1044,16972281414421,16972281421088,0,0,256,1,1,212992,1,1
"KERNEL_DISPATCH",4,2,51,"void dequantize_block_iq3_s<__half>(void const*, __half*)",1045,16972281441088,16972281562721,0,0,32,1,1,1277952,1,1
"KERNEL_DISPATCH",4,2,64,"void convert_unary<float, __half>(void const*, __half*, long, long, long, HIP_vector_type<unsigned int, 3u>, long, long, long)",1046,16972281562721,16972281582425,0,0,256,1,1,786432,1,1
"KERNEL_DISPATCH",4,2,320,"Cijk_Alik_Bljk_HB_MT32x32x24_SN_1LDSB0_APM1_ABV0_ACED0_AF0EM2_AF1EM1_AMAS3_ASE_ASGT_ASLT_ASM_ASAE01_ASCE01_ASEM2_AAC0_BL1_BS1_CLR0_DTLA0_DTLB0_DTVA0_DTVB0_DVO0_ETSP_EPS1_ELFLR0_EMLL0_FSSC10_FL0_GLVWA4_GLVWB4_GRCGA1_GRCGB1_GRPM1_GRVW4_GSU1_GSUASB_GLS0_ISA900_IU1_K1_KLA_LBSPPA0_LBSPPB0_LPA0_LPB0_LDL1_LRVW4_LWPMn1_LDW0_FMA_MIAV0_MDA2_MO40_MMFGLC_MKFGSU256_NTA0_NTB0_NTC0_NTD0_NEPBS0_NLCA3_NLCB3_ONLL1_OPLV0_PK0_PAP0_PGR1_PLR1_PKA0_SIA1_SLW1_SS0_SU32_SUM0_SUS256_SCIUI1_SPO0_SRVW0_SSO0_SVW4_SNLL0_TSGRA0_TSGRB0_TT4_4_TLDS0_UMLDSA0_UMLDSB0_USFGRO0_VAW2_VS1_VW4_VWB4_VFLRP0_WSGRA0_WSGRB0_WS64_WG8_8_1_WGM8",1047,16972281582425,16972282252515,0,7168,64,1,1,3328,4,1
"KERNEL_DISPATCH",4,2,76,"void convert_unary<__half, float>(void const*, float*, long, long, long, HIP_vector_type<unsigned int, 3u>, long, long, long)",1048,16972282252515,16972282259627,0,0,256,1,1,212992,1,1
"KERNEL_DISPATCH",4,2,51,"void dequantize_block_iq3_s<__half>(void const*, __half*)",1049,16972282280664,16972282409852,0,0,32,1,1,1277952,1,1
"KERNEL_DISPATCH",4,2,64,"void convert_unary<float, __half>(void const*, __half*, long, long, long, HIP_vector_type<unsigned int, 3u>, long, long, long)",1050,16972282409852,16972282430297,0,0,256,1,1,786432,1,1
"KERNEL_DISPATCH",4,2,320,"Cijk_Alik_Bljk_HB_MT32x32x24_SN_1LDSB0_APM1_ABV0_ACED0_AF0EM2_AF1EM1_AMAS3_ASE_ASGT_ASLT_ASM_ASAE01_ASCE01_ASEM2_AAC0_BL1_BS1_CLR0_DTLA0_DTLB0_DTVA0_DTVB0_DVO0_ETSP_EPS1_ELFLR0_EMLL0_FSSC10_FL0_GLVWA4_GLVWB4_GRCGA1_GRCGB1_GRPM1_GRVW4_GSU1_GSUASB_GLS0_ISA900_IU1_K1_KLA_LBSPPA0_LBSPPB0_LPA0_LPB0_LDL1_LRVW4_LWPMn1_LDW0_FMA_MIAV0_MDA2_MO40_MMFGLC_MKFGSU256_NTA0_NTB0_NTC0_NTD0_NEPBS0_NLCA3_NLCB3_ONLL1_OPLV0_PK0_PAP0_PGR1_PLR1_PKA0_SIA1_SLW1_SS0_SU32_SUM0_SUS256_SCIUI1_SPO0_SRVW0_SSO0_SVW4_SNLL0_TSGRA0_TSGRB0_TT4_4_TLDS0_UMLDSA0_UMLDSB0_USFGRO0_VAW2_VS1_VW4_VWB4_VFLRP0_WSGRA0_WSGRB0_WS64_WG8_8_1_WGM8",1051,16972282430297,16972283251058,0,7168,64,1,1,3328,4,1
"KERNEL_DISPATCH",4,2,76,"void convert_unary<__half, float>(void const*, float*, long, long, long, HIP_vector_type<unsigned int, 3u>, long, long, long)",1052,16972283251058,16972283258614,0,0,256,1,1,212992,1,1
"KERNEL_DISPATCH",4,2,51,"void dequantize_block_iq3_s<__half>(void const*, __half*)",1053,16972283280392,16972283424247,0,0,32,1,1,1277952,1,1
"KERNEL_DISPATCH",4,2,64,"void convert_unary<float, __half>(void const*, __half*, long, long, long, HIP_vector_type<unsigned int, 3u>, long, long, long)",1054,16972283424247,16972283447211,0,0,256,1,1,786432,1,1
"KERNEL_DISPATCH",4,2,320,"Cijk_Alik_Bljk_HB_MT32x32x24_SN_1LDSB0_APM1_ABV0_ACED0_AF0EM2_AF1EM1_AMAS3_ASE_ASGT_ASLT_ASM_ASAE01_ASCE01_ASEM2_AAC0_BL1_BS1_CLR0_DTLA0_DTLB0_DTVA0_DTVB0_DVO0_ETSP_EPS1_ELFLR0_EMLL0_FSSC10_FL0_GLVWA4_GLVWB4_GRCGA1_GRCGB1_GRPM1_GRVW4_GSU1_GSUASB_GLS0_ISA900_IU1_K1_KLA_LBSPPA0_LBSPPB0_LPA0_LPB0_LDL1_LRVW4_LWPMn1_LDW0_FMA_MIAV0_MDA2_MO40_MMFGLC_MKFGSU256_NTA0_NTB0_NTC0_NTD0_NEPBS0_NLCA3_NLCB3_ONLL1_OPLV0_PK0_PAP0_PGR1_PLR1_PKA0_SIA1_SLW1_SS0_SU32_SUM0_SUS256_SCIUI1_SPO0_SRVW0_SSO0_SVW4_SNLL0_TSGRA0_TSGRB0_TT4_4_TLDS0_UMLDSA0_UMLDSB0_USFGRO0_VAW2_VS1_VW4_VWB4_VFLRP0_WSGRA0_WSGRB0_WS64_WG8_8_1_WGM8",1055,16972283447211,16972284196414,0,7168,64,1,1,3328,4,1
"KERNEL_DISPATCH",4,2,76,"void convert_unary<__half, float>(void const*, float*, long, long, long, HIP_vector_type<unsigned int, 3u>, long, long, long)",1056,16972284196414,16972284205155,0,0,256,1,1,212992,1,1
"KERNEL_DISPATCH",4,2,51,"void dequantize_block_iq3_s<__half>(void const*, __half*)",1057,16972284231082,16972284396271,0,0,32,1,1,1277952,1,1
"KERNEL_DISPATCH",4,2,64,"void convert_unary<float, __half>(void const*, __half*, long, long, long, HIP_vector_type<unsigned int, 3u>, long, long, long)",1058,16972284396271,16972284427975,0,0,256,1,1,786432,1,1
"KERNEL_DISPATCH",4,2,320,"Cijk_Alik_Bljk_HB_MT32x32x24_SN_1LDSB0_APM1_ABV0_ACED0_AF0EM2_AF1EM1_AMAS3_ASE_ASGT_ASLT_ASM_ASAE01_ASCE01_ASEM2_AAC0_BL1_BS1_CLR0_DTLA0_DTLB0_DTVA0_DTVB0_DVO0_ETSP_EPS1_ELFLR0_EMLL0_FSSC10_FL0_GLVWA4_GLVWB4_GRCGA1_GRCGB1_GRPM1_GRVW4_GSU1_GSUASB_GLS0_ISA900_IU1_K1_KLA_LBSPPA0_LBSPPB0_LPA0_LPB0_LDL1_LRVW4_LWPMn1_LDW0_FMA_MIAV0_MDA2_MO40_MMFGLC_MKFGSU256_NTA0_NTB0_NTC0_NTD0_NEPBS0_NLCA3_NLCB3_ONLL1_OPLV0_PK0_PAP0_PGR1_PLR1_PKA0_SIA1_SLW1_SS0_SU32_SUM0_SUS256_SCIUI1_SPO0_SRVW0_SSO0_SVW4_SNLL0_TSGRA0_TSGRB0_TT4_4_TLDS0_UMLDSA0_UMLDSB0_USFGRO0_VAW2_VS1_VW4_VWB4_VFLRP0_WSGRA0_WSGRB0_WS64_WG8_8_1_WGM8",1059,16972284427975,16972285275996,0,7168,64,1,1,3328,4,1
"KERNEL_DISPATCH",4,2,76,"void convert_unary<__half, float>(void const*, float*, long, long, long, HIP_vector_type<unsigned int, 3u>, long, long, long)",1060,16972285275996,16972285283551,0,0,256,1,1,212992,1,1
"KERNEL_DISPATCH",4,2,51,"void dequantize_block_iq3_s<__half>(void const*, __half*)",1061,16972285306219,16972285450074,0,0,32,1,1,1277952,1,1
"KERNEL_DISPATCH",4,2,64,"void convert_unary<float, __half>(void const*, __half*, long, long, long, HIP_vector_type<unsigned int, 3u>, long, long, long)",1062,16972285450074,16972285473482,0,0,256,1,1,786432,1,1
"KERNEL_DISPATCH",4,2,320,"Cijk_Alik_Bljk_HB_MT32x32x24_SN_1LDSB0_APM1_ABV0_ACED0_AF0EM2_AF1EM1_AMAS3_ASE_ASGT_ASLT_ASM_ASAE01_ASCE01_ASEM2_AAC0_BL1_BS1_CLR0_DTLA0_DTLB0_DTVA0_DTVB0_DVO0_ETSP_EPS1_ELFLR0_EMLL0_FSSC10_FL0_GLVWA4_GLVWB4_GRCGA1_GRCGB1_GRPM1_GRVW4_GSU1_GSUASB_GLS0_ISA900_IU1_K1_KLA_LBSPPA0_LBSPPB0_LPA0_LPB0_LDL1_LRVW4_LWPMn1_LDW0_FMA_MIAV0_MDA2_MO40_MMFGLC_MKFGSU256_NTA0_NTB0_NTC0_NTD0_NEPBS0_NLCA3_NLCB3_ONLL1_OPLV0_PK0_PAP0_PGR1_PLR1_PKA0_SIA1_SLW1_SS0_SU32_SUM0_SUS256_SCIUI1_SPO0_SRVW0_SSO0_SVW4_SNLL0_TSGRA0_TSGRB0_TT4_4_TLDS0_UMLDSA0_UMLDSB0_USFGRO0_VAW2_VS1_VW4_VWB4_VFLRP0_WSGRA0_WSGRB0_WS64_WG8_8_1_WGM8",1063,16972285473482,16972286130979,0,7168,64,1,1,3328,4,1
"KERNEL_DISPATCH",4,2,76,"void convert_unary<__half, float>(void const*, float*, long, long, long, HIP_vector_type<unsigned int, 3u>, long, long, long)",1064,16972286130979,16972286138535,0,0,256,1,1,212992,1,1
"KERNEL_DISPATCH",4,2,51,"void dequantize_block_iq3_s<__half>(void const*, __half*)",1065,16972286160758,16972286304613,0,0,32,1,1,1277952,1,1
"KERNEL_DISPATCH",4,2,64,"void convert_unary<float, __half>(void const*, __half*, long, long, long, HIP_vector_type<unsigned int, 3u>, long, long, long)",1066,16972286304613,16972286327280,0,0,256,1,1,786432,1,1
"KERNEL_DISPATCH",4,2,320,"Cijk_Alik_Bljk_HB_MT32x32x24_SN_1LDSB0_APM1_ABV0_ACED0_AF0EM2_AF1EM1_AMAS3_ASE_ASGT_ASLT_ASM_ASAE01_ASCE01_ASEM2_AAC0_BL1_BS1_CLR0_DTLA0_DTLB0_DTVA0_DTVB0_DVO0_ETSP_EPS1_ELFLR0_EMLL0_FSSC10_FL0_GLVWA4_GLVWB4_GRCGA1_GRCGB1_GRPM1_GRVW4_GSU1_GSUASB_GLS0_ISA900_IU1_K1_KLA_LBSPPA0_LBSPPB0_LPA0_LPB0_LDL1_LRVW4_LWPMn1_LDW0_FMA_MIAV0_MDA2_MO40_MMFGLC_MKFGSU256_NTA0_NTB0_NTC0_NTD0_NEPBS0_NLCA3_NLCB3_ONLL1_OPLV0_PK0_PAP0_PGR1_PLR1_PKA0_SIA1_SLW1_SS0_SU32_SUM0_SUS256_SCIUI1_SPO0_SRVW0_SSO0_SVW4_SNLL0_TSGRA0_TSGRB0_TT4_4_TLDS0_UMLDSA0_UMLDSB0_USFGRO0_VAW2_VS1_VW4_VWB4_VFLRP0_WSGRA0_WSGRB0_WS64_WG8_8_1_WGM8",1067,16972286327280,16972287044927,0,7168,64,1,1,3328,4,1
"KERNEL_DISPATCH",4,2,76,"void convert_unary<__half, float>(void const*, float*, long, long, long, HIP_vector_type<unsigned int, 3u>, long, long, long)",1068,16972287044927,16972287052631,0,0,256,1,1,212992,1,1
"KERNEL_DISPATCH",4,2,51,"void dequantize_block_iq3_s<__half>(void const*, __half*)",1069,16972287076187,16972287220043,0,0,32,1,1,1277952,1,1
"KERNEL_DISPATCH",4,2,64,"void convert_unary<float, __half>(void const*, __half*, long, long, long, HIP_vector_type<unsigned int, 3u>, long, long, long)",1070,16972287220043,16972287243154,0,0,256,1,1,786432,1,1
"KERNEL_DISPATCH",4,2,76,"void convert_unary<__half, float>(void const*, float*, long, long, long, HIP_vector_type<unsigned int, 3u>, long, long, long)",1072,16972287994283,16972288001395,0,0,256,1,1,212992,1,1
"KERNEL_DISPATCH",4,2,320,"Cijk_Alik_Bljk_HB_MT32x32x24_SN_1LDSB0_APM1_ABV0_ACED0_AF0EM2_AF1EM1_AMAS3_ASE_ASGT_ASLT_ASM_ASAE01_ASCE01_ASEM2_AAC0_BL1_BS1_CLR0_DTLA0_DTLB0_DTVA0_DTVB0_DVO0_ETSP_EPS1_ELFLR0_EMLL0_FSSC10_FL0_GLVWA4_GLVWB4_GRCGA1_GRCGB1_GRPM1_GRVW4_GSU1_GSUASB_GLS0_ISA900_IU1_K1_KLA_LBSPPA0_LBSPPB0_LPA0_LPB0_LDL1_LRVW4_LWPMn1_LDW0_FMA_MIAV0_MDA2_MO40_MMFGLC_MKFGSU256_NTA0_NTB0_NTC0_NTD0_NEPBS0_NLCA3_NLCB3_ONLL1_OPLV0_PK0_PAP0_PGR1_PLR1_PKA0_SIA1_SLW1_SS0_SU32_SUM0_SUS256_SCIUI1_SPO0_SRVW0_SSO0_SVW4_SNLL0_TSGRA0_TSGRB0_TT4_4_TLDS0_UMLDSA0_UMLDSB0_USFGRO0_VAW2_VS1_VW4_VWB4_VFLRP0_WSGRA0_WSGRB0_WS64_WG8_8_1_WGM8",1071,16972287243154,16972287994283,0,7168,64,1,1,3328,4,1
"KERNEL_DISPATCH",4,2,51,"void dequantize_block_iq3_s<__half>(void const*, __half*)",1073,16972288023469,16972288152510,0,0,32,1,1,1277952,1,1
"KERNEL_DISPATCH",4,2,64,"void convert_unary<float, __half>(void const*, __half*, long, long, long, HIP_vector_type<unsigned int, 3u>, long, long, long)",1074,16972288152510,16972288172806,0,0,256,1,1,786432,1,1
"KERNEL_DISPATCH",4,2,320,"Cijk_Alik_Bljk_HB_MT32x32x24_SN_1LDSB0_APM1_ABV0_ACED0_AF0EM2_AF1EM1_AMAS3_ASE_ASGT_ASLT_ASM_ASAE01_ASCE01_ASEM2_AAC0_BL1_BS1_CLR0_DTLA0_DTLB0_DTVA0_DTVB0_DVO0_ETSP_EPS1_ELFLR0_EMLL0_FSSC10_FL0_GLVWA4_GLVWB4_GRCGA1_GRCGB1_GRPM1_GRVW4_GSU1_GSUASB_GLS0_ISA900_IU1_K1_KLA_LBSPPA0_LBSPPB0_LPA0_LPB0_LDL1_LRVW4_LWPMn1_LDW0_FMA_MIAV0_MDA2_MO40_MMFGLC_MKFGSU256_NTA0_NTB0_NTC0_NTD0_NEPBS0_NLCA3_NLCB3_ONLL1_OPLV0_PK0_PAP0_PGR1_PLR1_PKA0_SIA1_SLW1_SS0_SU32_SUM0_SUS256_SCIUI1_SPO0_SRVW0_SSO0_SVW4_SNLL0_TSGRA0_TSGRB0_TT4_4_TLDS0_UMLDSA0_UMLDSB0_USFGRO0_VAW2_VS1_VW4_VWB4_VFLRP0_WSGRA0_WSGRB0_WS64_WG8_8_1_WGM8",1075,16972288172806,16972288937417,0,7168,64,1,1,3328,4,1
"KERNEL_DISPATCH",4,2,76,"void convert_unary<__half, float>(void const*, float*, long, long, long, HIP_vector_type<unsigned int, 3u>, long, long, long)",1076,16972288937417,16972288945121,0,0,256,1,1,212992,1,1
"KERNEL_DISPATCH",4,2,51,"void dequantize_block_iq3_s<__half>(void const*, __half*)",1077,16972288976381,16972289120533,0,0,32,1,1,1277952,1,1
"KERNEL_DISPATCH",4,2,64,"void convert_unary<float, __half>(void const*, __half*, long, long, long, HIP_vector_type<unsigned int, 3u>, long, long, long)",1078,16972289120533,16972289143348,0,0,256,1,1,786432,1,1
"KERNEL_DISPATCH",4,2,320,"Cijk_Alik_Bljk_HB_MT32x32x24_SN_1LDSB0_APM1_ABV0_ACED0_AF0EM2_AF1EM1_AMAS3_ASE_ASGT_ASLT_ASM_ASAE01_ASCE01_ASEM2_AAC0_BL1_BS1_CLR0_DTLA0_DTLB0_DTVA0_DTVB0_DVO0_ETSP_EPS1_ELFLR0_EMLL0_FSSC10_FL0_GLVWA4_GLVWB4_GRCGA1_GRCGB1_GRPM1_GRVW4_GSU1_GSUASB_GLS0_ISA900_IU1_K1_KLA_LBSPPA0_LBSPPB0_LPA0_LPB0_LDL1_LRVW4_LWPMn1_LDW0_FMA_MIAV0_MDA2_MO40_MMFGLC_MKFGSU256_NTA0_NTB0_NTC0_NTD0_NEPBS0_NLCA3_NLCB3_ONLL1_OPLV0_PK0_PAP0_PGR1_PLR1_PKA0_SIA1_SLW1_SS0_SU32_SUM0_SUS256_SCIUI1_SPO0_SRVW0_SSO0_SVW4_SNLL0_TSGRA0_TSGRB0_TT4_4_TLDS0_UMLDSA0_UMLDSB0_USFGRO0_VAW2_VS1_VW4_VWB4_VFLRP0_WSGRA0_WSGRB0_WS64_WG8_8_1_WGM8",1079,16972289143348,16972289847513,0,7168,64,1,1,3328,4,1
"KERNEL_DISPATCH",4,2,76,"void convert_unary<__half, float>(void const*, float*, long, long, long, HIP_vector_type<unsigned int, 3u>, long, long, long)",1080,16972289847513,16972289855217,0,0,256,1,1,212992,1,1
"KERNEL_DISPATCH",4,2,51,"void dequantize_block_iq3_s<__half>(void const*, __half*)",1081,16972289877292,16972290037444,0,0,32,1,1,1277952,1,1
"KERNEL_DISPATCH",4,2,64,"void convert_unary<float, __half>(void const*, __half*, long, long, long, HIP_vector_type<unsigned int, 3u>, long, long, long)",1082,16972290037444,16972290067963,0,0,256,1,1,786432,1,1
"KERNEL_DISPATCH",4,2,320,"Cijk_Alik_Bljk_HB_MT32x32x24_SN_1LDSB0_APM1_ABV0_ACED0_AF0EM2_AF1EM1_AMAS3_ASE_ASGT_ASLT_ASM_ASAE01_ASCE01_ASEM2_AAC0_BL1_BS1_CLR0_DTLA0_DTLB0_DTVA0_DTVB0_DVO0_ETSP_EPS1_ELFLR0_EMLL0_FSSC10_FL0_GLVWA4_GLVWB4_GRCGA1_GRCGB1_GRPM1_GRVW4_GSU1_GSUASB_GLS0_ISA900_IU1_K1_KLA_LBSPPA0_LBSPPB0_LPA0_LPB0_LDL1_LRVW4_LWPMn1_LDW0_FMA_MIAV0_MDA2_MO40_MMFGLC_MKFGSU256_NTA0_NTB0_NTC0_NTD0_NEPBS0_NLCA3_NLCB3_ONLL1_OPLV0_PK0_PAP0_PGR1_PLR1_PKA0_SIA1_SLW1_SS0_SU32_SUM0_SUS256_SCIUI1_SPO0_SRVW0_SSO0_SVW4_SNLL0_TSGRA0_TSGRB0_TT4_4_TLDS0_UMLDSA0_UMLDSB0_USFGRO0_VAW2_VS1_VW4_VWB4_VFLRP0_WSGRA0_WSGRB0_WS64_WG8_8_1_WGM8",1083,16972290067963,16972290984874,0,7168,64,1,1,3328,4,1
"KERNEL_DISPATCH",4,2,76,"void convert_unary<__half, float>(void const*, float*, long, long, long, HIP_vector_type<unsigned int, 3u>, long, long, long)",1084,16972290984874,16972290993763,0,0,256,1,1,212992,1,1
"KERNEL_DISPATCH",4,2,51,"void dequantize_block_iq3_s<__half>(void const*, __half*)",1085,16972291018357,16972291170212,0,0,32,1,1,1277952,1,1
"KERNEL_DISPATCH",4,2,64,"void convert_unary<float, __half>(void const*, __half*, long, long, long, HIP_vector_type<unsigned int, 3u>, long, long, long)",1086,16972291170212,16972291193027,0,0,256,1,1,786432,1,1
"KERNEL_DISPATCH",4,2,320,"Cijk_Alik_Bljk_HB_MT32x32x24_SN_1LDSB0_APM1_ABV0_ACED0_AF0EM2_AF1EM1_AMAS3_ASE_ASGT_ASLT_ASM_ASAE01_ASCE01_ASEM2_AAC0_BL1_BS1_CLR0_DTLA0_DTLB0_DTVA0_DTVB0_DVO0_ETSP_EPS1_ELFLR0_EMLL0_FSSC10_FL0_GLVWA4_GLVWB4_GRCGA1_GRCGB1_GRPM1_GRVW4_GSU1_GSUASB_GLS0_ISA900_IU1_K1_KLA_LBSPPA0_LBSPPB0_LPA0_LPB0_LDL1_LRVW4_LWPMn1_LDW0_FMA_MIAV0_MDA2_MO40_MMFGLC_MKFGSU256_NTA0_NTB0_NTC0_NTD0_NEPBS0_NLCA3_NLCB3_ONLL1_OPLV0_PK0_PAP0_PGR1_PLR1_PKA0_SIA1_SLW1_SS0_SU32_SUM0_SUS256_SCIUI1_SPO0_SRVW0_SSO0_SVW4_SNLL0_TSGRA0_TSGRB0_TT4_4_TLDS0_UMLDSA0_UMLDSB0_USFGRO0_VAW2_VS1_VW4_VWB4_VFLRP0_WSGRA0_WSGRB0_WS64_WG8_8_1_WGM8",1087,16972291193027,16972291891118,0,7168,64,1,1,3328,4,1
"KERNEL_DISPATCH",4,2,76,"void convert_unary<__half, float>(void const*, float*, long, long, long, HIP_vector_type<unsigned int, 3u>, long, long, long)",1088,16972291891118,16972291898674,0,0,256,1,1,212992,1,1
"KERNEL_DISPATCH",4,2,51,"void dequantize_block_iq3_s<__half>(void const*, __half*)",1089,16972291921045,16972292064752,0,0,32,1,1,1277952,1,1
"KERNEL_DISPATCH",4,2,64,"void convert_unary<float, __half>(void const*, __half*, long, long, long, HIP_vector_type<unsigned int, 3u>, long, long, long)",1090,16972292064752,16972292087568,0,0,256,1,1,786432,1,1
"KERNEL_DISPATCH",4,2,320,"Cijk_Alik_Bljk_HB_MT32x32x24_SN_1LDSB0_APM1_ABV0_ACED0_AF0EM2_AF1EM1_AMAS3_ASE_ASGT_ASLT_ASM_ASAE01_ASCE01_ASEM2_AAC0_BL1_BS1_CLR0_DTLA0_DTLB0_DTVA0_DTVB0_DVO0_ETSP_EPS1_ELFLR0_EMLL0_FSSC10_FL0_GLVWA4_GLVWB4_GRCGA1_GRCGB1_GRPM1_GRVW4_GSU1_GSUASB_GLS0_ISA900_IU1_K1_KLA_LBSPPA0_LBSPPB0_LPA0_LPB0_LDL1_LRVW4_LWPMn1_LDW0_FMA_MIAV0_MDA2_MO40_MMFGLC_MKFGSU256_NTA0_NTB0_NTC0_NTD0_NEPBS0_NLCA3_NLCB3_ONLL1_OPLV0_PK0_PAP0_PGR1_PLR1_PKA0_SIA1_SLW1_SS0_SU32_SUM0_SUS256_SCIUI1_SPO0_SRVW0_SSO0_SVW4_SNLL0_TSGRA0_TSGRB0_TT4_4_TLDS0_UMLDSA0_UMLDSB0_USFGRO0_VAW2_VS1_VW4_VWB4_VFLRP0_WSGRA0_WSGRB0_WS64_WG8_8_1_WGM8",1091,16972292087568,16972292890402,0,7168,64,1,1,3328,4,1
"KERNEL_DISPATCH",4,2,76,"void convert_unary<__half, float>(void const*, float*, long, long, long, HIP_vector_type<unsigned int, 3u>, long, long, long)",1092,16972292890402,16972292898254,0,0,256,1,1,212992,1,1
"KERNEL_DISPATCH",4,2,51,"void dequantize_block_iq3_s<__half>(void const*, __half*)",1093,16972292920328,16972293059147,0,0,32,1,1,1277952,1,1
"KERNEL_DISPATCH",4,2,64,"void convert_unary<float, __half>(void const*, __half*, long, long, long, HIP_vector_type<unsigned int, 3u>, long, long, long)",1094,16972293059147,16972293079740,0,0,256,1,1,786432,1,1
"KERNEL_DISPATCH",4,2,320,"Cijk_Alik_Bljk_HB_MT32x32x24_SN_1LDSB0_APM1_ABV0_ACED0_AF0EM2_AF1EM1_AMAS3_ASE_ASGT_ASLT_ASM_ASAE01_ASCE01_ASEM2_AAC0_BL1_BS1_CLR0_DTLA0_DTLB0_DTVA0_DTVB0_DVO0_ETSP_EPS1_ELFLR0_EMLL0_FSSC10_FL0_GLVWA4_GLVWB4_GRCGA1_GRCGB1_GRPM1_GRVW4_GSU1_GSUASB_GLS0_ISA900_IU1_K1_KLA_LBSPPA0_LBSPPB0_LPA0_LPB0_LDL1_LRVW4_LWPMn1_LDW0_FMA_MIAV0_MDA2_MO40_MMFGLC_MKFGSU256_NTA0_NTB0_NTC0_NTD0_NEPBS0_NLCA3_NLCB3_ONLL1_OPLV0_PK0_PAP0_PGR1_PLR1_PKA0_SIA1_SLW1_SS0_SU32_SUM0_SUS256_SCIUI1_SPO0_SRVW0_SSO0_SVW4_SNLL0_TSGRA0_TSGRB0_TT4_4_TLDS0_UMLDSA0_UMLDSB0_USFGRO0_VAW2_VS1_VW4_VWB4_VFLRP0_WSGRA0_WSGRB0_WS64_WG8_8_1_WGM8",1095,16972293079740,16972293742422,0,7168,64,1,1,3328,4,1
"KERNEL_DISPATCH",4,2,76,"void convert_unary<__half, float>(void const*, float*, long, long, long, HIP_vector_type<unsigned int, 3u>, long, long, long)",1096,16972293742422,16972293749534,0,0,256,1,1,212992,1,1
"KERNEL_DISPATCH",4,2,51,"void dequantize_block_iq3_s<__half>(void const*, __half*)",1097,16972293770127,16972293899167,0,0,32,1,1,1277952,1,1
"KERNEL_DISPATCH",4,2,64,"void convert_unary<float, __half>(void const*, __half*, long, long, long, HIP_vector_type<unsigned int, 3u>, long, long, long)",1098,16972293899167,16972293919908,0,0,256,1,1,786432,1,1
"KERNEL_DISPATCH",4,2,76,"void convert_unary<__half, float>(void const*, float*, long, long, long, HIP_vector_type<unsigned int, 3u>, long, long, long)",1100,16972294604073,16972294610888,0,0,256,1,1,212992,1,1
"KERNEL_DISPATCH",4,2,320,"Cijk_Alik_Bljk_HB_MT32x32x24_SN_1LDSB0_APM1_ABV0_ACED0_AF0EM2_AF1EM1_AMAS3_ASE_ASGT_ASLT_ASM_ASAE01_ASCE01_ASEM2_AAC0_BL1_BS1_CLR0_DTLA0_DTLB0_DTVA0_DTVB0_DVO0_ETSP_EPS1_ELFLR0_EMLL0_FSSC10_FL0_GLVWA4_GLVWB4_GRCGA1_GRCGB1_GRPM1_GRVW4_GSU1_GSUASB_GLS0_ISA900_IU1_K1_KLA_LBSPPA0_LBSPPB0_LPA0_LPB0_LDL1_LRVW4_LWPMn1_LDW0_FMA_MIAV0_MDA2_MO40_MMFGLC_MKFGSU256_NTA0_NTB0_NTC0_NTD0_NEPBS0_NLCA3_NLCB3_ONLL1_OPLV0_PK0_PAP0_PGR1_PLR1_PKA0_SIA1_SLW1_SS0_SU32_SUM0_SUS256_SCIUI1_SPO0_SRVW0_SSO0_SVW4_SNLL0_TSGRA0_TSGRB0_TT4_4_TLDS0_UMLDSA0_UMLDSB0_USFGRO0_VAW2_VS1_VW4_VWB4_VFLRP0_WSGRA0_WSGRB0_WS64_WG8_8_1_WGM8",1099,16972293919908,16972294604073,0,7168,64,1,1,3328,4,1
"KERNEL_DISPATCH",4,2,51,"void dequantize_block_iq3_s<__half>(void const*, __half*)",1101,16972294632073,16972294761410,0,0,32,1,1,1277952,1,1
"KERNEL_DISPATCH",4,2,64,"void convert_unary<float, __half>(void const*, __half*, long, long, long, HIP_vector_type<unsigned int, 3u>, long, long, long)",1102,16972294761410,16972294781855,0,0,256,1,1,786432,1,1
"KERNEL_DISPATCH",4,2,320,"Cijk_Alik_Bljk_HB_MT32x32x24_SN_1LDSB0_APM1_ABV0_ACED0_AF0EM2_AF1EM1_AMAS3_ASE_ASGT_ASLT_ASM_ASAE01_ASCE01_ASEM2_AAC0_BL1_BS1_CLR0_DTLA0_DTLB0_DTVA0_DTVB0_DVO0_ETSP_EPS1_ELFLR0_EMLL0_FSSC10_FL0_GLVWA4_GLVWB4_GRCGA1_GRCGB1_GRPM1_GRVW4_GSU1_GSUASB_GLS0_ISA900_IU1_K1_KLA_LBSPPA0_LBSPPB0_LPA0_LPB0_LDL1_LRVW4_LWPMn1_LDW0_FMA_MIAV0_MDA2_MO40_MMFGLC_MKFGSU256_NTA0_NTB0_NTC0_NTD0_NEPBS0_NLCA3_NLCB3_ONLL1_OPLV0_PK0_PAP0_PGR1_PLR1_PKA0_SIA1_SLW1_SS0_SU32_SUM0_SUS256_SCIUI1_SPO0_SRVW0_SSO0_SVW4_SNLL0_TSGRA0_TSGRB0_TT4_4_TLDS0_UMLDSA0_UMLDSB0_USFGRO0_VAW2_VS1_VW4_VWB4_VFLRP0_WSGRA0_WSGRB0_WS64_WG8_8_1_WGM8",1103,16972294781855,16972295463353,0,7168,64,1,1,3328,4,1
"KERNEL_DISPATCH",4,2,76,"void convert_unary<__half, float>(void const*, float*, long, long, long, HIP_vector_type<unsigned int, 3u>, long, long, long)",1104,16972295463353,16972295470020,0,0,256,1,1,212992,1,1
"KERNEL_DISPATCH",4,2,51,"void dequantize_block_iq3_s<__half>(void const*, __half*)",1105,16972295489872,16972295611060,0,0,32,1,1,1277952,1,1
"KERNEL_DISPATCH",4,2,64,"void convert_unary<float, __half>(void const*, __half*, long, long, long, HIP_vector_type<unsigned int, 3u>, long, long, long)",1106,16972295611060,16972295631209,0,0,256,1,1,786432,1,1
"KERNEL_DISPATCH",4,2,320,"Cijk_Alik_Bljk_HB_MT32x32x24_SN_1LDSB0_APM1_ABV0_ACED0_AF0EM2_AF1EM1_AMAS3_ASE_ASGT_ASLT_ASM_ASAE01_ASCE01_ASEM2_AAC0_BL1_BS1_CLR0_DTLA0_DTLB0_DTVA0_DTVB0_DVO0_ETSP_EPS1_ELFLR0_EMLL0_FSSC10_FL0_GLVWA4_GLVWB4_GRCGA1_GRCGB1_GRPM1_GRVW4_GSU1_GSUASB_GLS0_ISA900_IU1_K1_KLA_LBSPPA0_LBSPPB0_LPA0_LPB0_LDL1_LRVW4_LWPMn1_LDW0_FMA_MIAV0_MDA2_MO40_MMFGLC_MKFGSU256_NTA0_NTB0_NTC0_NTD0_NEPBS0_NLCA3_NLCB3_ONLL1_OPLV0_PK0_PAP0_PGR1_PLR1_PKA0_SIA1_SLW1_SS0_SU32_SUM0_SUS256_SCIUI1_SPO0_SRVW0_SSO0_SVW4_SNLL0_TSGRA0_TSGRB0_TT4_4_TLDS0_UMLDSA0_UMLDSB0_USFGRO0_VAW2_VS1_VW4_VWB4_VFLRP0_WSGRA0_WSGRB0_WS64_WG8_8_1_WGM8",1107,16972295631209,16972296293002,0,7168,64,1,1,3328,4,1
"KERNEL_DISPATCH",4,2,76,"void convert_unary<__half, float>(void const*, float*, long, long, long, HIP_vector_type<unsigned int, 3u>, long, long, long)",1108,16972296293002,16972296300114,0,0,256,1,1,212992,1,1
"KERNEL_DISPATCH",4,2,51,"void dequantize_block_iq3_s<__half>(void const*, __half*)",1109,16972296320707,16972296449747,0,0,32,1,1,1277952,1,1
"KERNEL_DISPATCH",4,2,64,"void convert_unary<float, __half>(void const*, __half*, long, long, long, HIP_vector_type<unsigned int, 3u>, long, long, long)",1110,16972296449747,16972296470340,0,0,256,1,1,786432,1,1
"KERNEL_DISPATCH",4,2,320,"Cijk_Alik_Bljk_HB_MT32x32x24_SN_1LDSB0_APM1_ABV0_ACED0_AF0EM2_AF1EM1_AMAS3_ASE_ASGT_ASLT_ASM_ASAE01_ASCE01_ASEM2_AAC0_BL1_BS1_CLR0_DTLA0_DTLB0_DTVA0_DTVB0_DVO0_ETSP_EPS1_ELFLR0_EMLL0_FSSC10_FL0_GLVWA4_GLVWB4_GRCGA1_GRCGB1_GRPM1_GRVW4_GSU1_GSUASB_GLS0_ISA900_IU1_K1_KLA_LBSPPA0_LBSPPB0_LPA0_LPB0_LDL1_LRVW4_LWPMn1_LDW0_FMA_MIAV0_MDA2_MO40_MMFGLC_MKFGSU256_NTA0_NTB0_NTC0_NTD0_NEPBS0_NLCA3_NLCB3_ONLL1_OPLV0_PK0_PAP0_PGR1_PLR1_PKA0_SIA1_SLW1_SS0_SU32_SUM0_SUS256_SCIUI1_SPO0_SRVW0_SSO0_SVW4_SNLL0_TSGRA0_TSGRB0_TT4_4_TLDS0_UMLDSA0_UMLDSB0_USFGRO0_VAW2_VS1_VW4_VWB4_VFLRP0_WSGRA0_WSGRB0_WS64_WG8_8_1_WGM8",1111,16972296470340,16972297103392,0,7168,64,1,1,3328,4,1
"KERNEL_DISPATCH",4,2,76,"void convert_unary<__half, float>(void const*, float*, long, long, long, HIP_vector_type<unsigned int, 3u>, long, long, long)",1112,16972297103392,16972297110948,0,0,256,1,1,212992,1,1
"KERNEL_DISPATCH",4,2,51,"void dequantize_block_iq3_s<__half>(void const*, __half*)",1113,16972297132726,16972297276582,0,0,32,1,1,1277952,1,1
"KERNEL_DISPATCH",4,2,64,"void convert_unary<float, __half>(void const*, __half*, long, long, long, HIP_vector_type<unsigned int, 3u>, long, long, long)",1114,16972297276582,16972297299397,0,0,256,1,1,786432,1,1
"KERNEL_DISPATCH",4,2,320,"Cijk_Alik_Bljk_HB_MT32x32x24_SN_1LDSB0_APM1_ABV0_ACED0_AF0EM2_AF1EM1_AMAS3_ASE_ASGT_ASLT_ASM_ASAE01_ASCE01_ASEM2_AAC0_BL1_BS1_CLR0_DTLA0_DTLB0_DTVA0_DTVB0_DVO0_ETSP_EPS1_ELFLR0_EMLL0_FSSC10_FL0_GLVWA4_GLVWB4_GRCGA1_GRCGB1_GRPM1_GRVW4_GSU1_GSUASB_GLS0_ISA900_IU1_K1_KLA_LBSPPA0_LBSPPB0_LPA0_LPB0_LDL1_LRVW4_LWPMn1_LDW0_FMA_MIAV0_MDA2_MO40_MMFGLC_MKFGSU256_NTA0_NTB0_NTC0_NTD0_NEPBS0_NLCA3_NLCB3_ONLL1_OPLV0_PK0_PAP0_PGR1_PLR1_PKA0_SIA1_SLW1_SS0_SU32_SUM0_SUS256_SCIUI1_SPO0_SRVW0_SSO0_SVW4_SNLL0_TSGRA0_TSGRB0_TT4_4_TLDS0_UMLDSA0_UMLDSB0_USFGRO0_VAW2_VS1_VW4_VWB4_VFLRP0_WSGRA0_WSGRB0_WS64_WG8_8_1_WGM8",1115,16972297299397,16972298046971,0,7168,64,1,1,3328,4,1
"KERNEL_DISPATCH",4,2,76,"void convert_unary<__half, float>(void const*, float*, long, long, long, HIP_vector_type<unsigned int, 3u>, long, long, long)",1116,16972298046971,16972298056008,0,0,256,1,1,212992,1,1
"KERNEL_DISPATCH",4,2,51,"void dequantize_block_iq3_s<__half>(void const*, __half*)",1117,16972298080749,16972298245938,0,0,32,1,1,1277952,1,1
"KERNEL_DISPATCH",4,2,64,"void convert_unary<float, __half>(void const*, __half*, long, long, long, HIP_vector_type<unsigned int, 3u>, long, long, long)",1118,16972298245938,16972298277347,0,0,256,1,1,786432,1,1
"KERNEL_DISPATCH",4,2,320,"Cijk_Alik_Bljk_HB_MT32x32x24_SN_1LDSB0_APM1_ABV0_ACED0_AF0EM2_AF1EM1_AMAS3_ASE_ASGT_ASLT_ASM_ASAE01_ASCE01_ASEM2_AAC0_BL1_BS1_CLR0_DTLA0_DTLB0_DTVA0_DTVB0_DVO0_ETSP_EPS1_ELFLR0_EMLL0_FSSC10_FL0_GLVWA4_GLVWB4_GRCGA1_GRCGB1_GRPM1_GRVW4_GSU1_GSUASB_GLS0_ISA900_IU1_K1_KLA_LBSPPA0_LBSPPB0_LPA0_LPB0_LDL1_LRVW4_LWPMn1_LDW0_FMA_MIAV0_MDA2_MO40_MMFGLC_MKFGSU256_NTA0_NTB0_NTC0_NTD0_NEPBS0_NLCA3_NLCB3_ONLL1_OPLV0_PK0_PAP0_PGR1_PLR1_PKA0_SIA1_SLW1_SS0_SU32_SUM0_SUS256_SCIUI1_SPO0_SRVW0_SSO0_SVW4_SNLL0_TSGRA0_TSGRB0_TT4_4_TLDS0_UMLDSA0_UMLDSB0_USFGRO0_VAW2_VS1_VW4_VWB4_VFLRP0_WSGRA0_WSGRB0_WS64_WG8_8_1_WGM8",1119,16972298277347,16972299264926,0,7168,64,1,1,3328,4,1
"KERNEL_DISPATCH",4,2,76,"void convert_unary<__half, float>(void const*, float*, long, long, long, HIP_vector_type<unsigned int, 3u>, long, long, long)",1120,16972299264926,16972299273815,0,0,256,1,1,212992,1,1
"KERNEL_DISPATCH",4,2,51,"void dequantize_block_iq3_s<__half>(void const*, __half*)",1121,16972299299149,16972299465079,0,0,32,1,1,1277952,1,1
"KERNEL_DISPATCH",4,2,64,"void convert_unary<float, __half>(void const*, __half*, long, long, long, HIP_vector_type<unsigned int, 3u>, long, long, long)",1122,16972299465079,16972299496487,0,0,256,1,1,786432,1,1
"KERNEL_DISPATCH",4,2,320,"Cijk_Alik_Bljk_HB_MT32x32x24_SN_1LDSB0_APM1_ABV0_ACED0_AF0EM2_AF1EM1_AMAS3_ASE_ASGT_ASLT_ASM_ASAE01_ASCE01_ASEM2_AAC0_BL1_BS1_CLR0_DTLA0_DTLB0_DTVA0_DTVB0_DVO0_ETSP_EPS1_ELFLR0_EMLL0_FSSC10_FL0_GLVWA4_GLVWB4_GRCGA1_GRCGB1_GRPM1_GRVW4_GSU1_GSUASB_GLS0_ISA900_IU1_K1_KLA_LBSPPA0_LBSPPB0_LPA0_LPB0_LDL1_LRVW4_LWPMn1_LDW0_FMA_MIAV0_MDA2_MO40_MMFGLC_MKFGSU256_NTA0_NTB0_NTC0_NTD0_NEPBS0_NLCA3_NLCB3_ONLL1_OPLV0_PK0_PAP0_PGR1_PLR1_PKA0_SIA1_SLW1_SS0_SU32_SUM0_SUS256_SCIUI1_SPO0_SRVW0_SSO0_SVW4_SNLL0_TSGRA0_TSGRB0_TT4_4_TLDS0_UMLDSA0_UMLDSB0_USFGRO0_VAW2_VS1_VW4_VWB4_VFLRP0_WSGRA0_WSGRB0_WS64_WG8_8_1_WGM8",1123,16972299496487,16972300216208,0,7168,64,1,1,3328,4,1
"KERNEL_DISPATCH",4,2,76,"void convert_unary<__half, float>(void const*, float*, long, long, long, HIP_vector_type<unsigned int, 3u>, long, long, long)",1124,16972300216208,16972300223912,0,0,256,1,1,212992,1,1
"KERNEL_DISPATCH",4,2,51,"void dequantize_block_iq3_s<__half>(void const*, __half*)",1125,16972300245839,16972300389694,0,0,32,1,1,1277952,1,1
"KERNEL_DISPATCH",4,2,64,"void convert_unary<float, __half>(void const*, __half*, long, long, long, HIP_vector_type<unsigned int, 3u>, long, long, long)",1126,16972300389694,16972300412509,0,0,256,1,1,786432,1,1
"KERNEL_DISPATCH",4,2,320,"Cijk_Alik_Bljk_HB_MT32x32x24_SN_1LDSB0_APM1_ABV0_ACED0_AF0EM2_AF1EM1_AMAS3_ASE_ASGT_ASLT_ASM_ASAE01_ASCE01_ASEM2_AAC0_BL1_BS1_CLR0_DTLA0_DTLB0_DTVA0_DTVB0_DVO0_ETSP_EPS1_ELFLR0_EMLL0_FSSC10_FL0_GLVWA4_GLVWB4_GRCGA1_GRCGB1_GRPM1_GRVW4_GSU1_GSUASB_GLS0_ISA900_IU1_K1_KLA_LBSPPA0_LBSPPB0_LPA0_LPB0_LDL1_LRVW4_LWPMn1_LDW0_FMA_MIAV0_MDA2_MO40_MMFGLC_MKFGSU256_NTA0_NTB0_NTC0_NTD0_NEPBS0_NLCA3_NLCB3_ONLL1_OPLV0_PK0_PAP0_PGR1_PLR1_PKA0_SIA1_SLW1_SS0_SU32_SUM0_SUS256_SCIUI1_SPO0_SRVW0_SSO0_SVW4_SNLL0_TSGRA0_TSGRB0_TT4_4_TLDS0_UMLDSA0_UMLDSB0_USFGRO0_VAW2_VS1_VW4_VWB4_VFLRP0_WSGRA0_WSGRB0_WS64_WG8_8_1_WGM8",1127,16972300412509,16972301029117,0,7168,64,1,1,3328,4,1
"KERNEL_DISPATCH",4,2,76,"void convert_unary<__half, float>(void const*, float*, long, long, long, HIP_vector_type<unsigned int, 3u>, long, long, long)",1128,16972301029117,16972301036821,0,0,256,1,1,212992,1,1
"KERNEL_DISPATCH",4,2,51,"void dequantize_block_iq3_s<__half>(void const*, __half*)",1129,16972301059488,16972301203491,0,0,32,1,1,1277952,1,1
"KERNEL_DISPATCH",4,2,64,"void convert_unary<float, __half>(void const*, __half*, long, long, long, HIP_vector_type<unsigned int, 3u>, long, long, long)",1130,16972301203491,16972301226455,0,0,256,1,1,786432,1,1
"KERNEL_DISPATCH",4,2,320,"Cijk_Alik_Bljk_HB_MT32x32x24_SN_1LDSB0_APM1_ABV0_ACED0_AF0EM2_AF1EM1_AMAS3_ASE_ASGT_ASLT_ASM_ASAE01_ASCE01_ASEM2_AAC0_BL1_BS1_CLR0_DTLA0_DTLB0_DTVA0_DTVB0_DVO0_ETSP_EPS1_ELFLR0_EMLL0_FSSC10_FL0_GLVWA4_GLVWB4_GRCGA1_GRCGB1_GRPM1_GRVW4_GSU1_GSUASB_GLS0_ISA900_IU1_K1_KLA_LBSPPA0_LBSPPB0_LPA0_LPB0_LDL1_LRVW4_LWPMn1_LDW0_FMA_MIAV0_MDA2_MO40_MMFGLC_MKFGSU256_NTA0_NTB0_NTC0_NTD0_NEPBS0_NLCA3_NLCB3_ONLL1_OPLV0_PK0_PAP0_PGR1_PLR1_PKA0_SIA1_SLW1_SS0_SU32_SUM0_SUS256_SCIUI1_SPO0_SRVW0_SSO0_SVW4_SNLL0_TSGRA0_TSGRB0_TT4_4_TLDS0_UMLDSA0_UMLDSB0_USFGRO0_VAW2_VS1_VW4_VWB4_VFLRP0_WSGRA0_WSGRB0_WS64_WG8_8_1_WGM8",1131,16972301226455,16972302097439,0,7168,64,1,1,3328,4,1
"KERNEL_DISPATCH",4,2,76,"void convert_unary<__half, float>(void const*, float*, long, long, long, HIP_vector_type<unsigned int, 3u>, long, long, long)",1132,16972302097439,16972302105143,0,0,256,1,1,212992,1,1
"KERNEL_DISPATCH",4,2,51,"void dequantize_block_iq3_s<__half>(void const*, __half*)",1133,16972302127514,16972302271665,0,0,32,1,1,1277952,1,1
"KERNEL_DISPATCH",4,2,64,"void convert_unary<float, __half>(void const*, __half*, long, long, long, HIP_vector_type<unsigned int, 3u>, long, long, long)",1134,16972302271665,16972302294481,0,0,256,1,1,786432,1,1
"KERNEL_DISPATCH",4,2,320,"Cijk_Alik_Bljk_HB_MT32x32x24_SN_1LDSB0_APM1_ABV0_ACED0_AF0EM2_AF1EM1_AMAS3_ASE_ASGT_ASLT_ASM_ASAE01_ASCE01_ASEM2_AAC0_BL1_BS1_CLR0_DTLA0_DTLB0_DTVA0_DTVB0_DVO0_ETSP_EPS1_ELFLR0_EMLL0_FSSC10_FL0_GLVWA4_GLVWB4_GRCGA1_GRCGB1_GRPM1_GRVW4_GSU1_GSUASB_GLS0_ISA900_IU1_K1_KLA_LBSPPA0_LBSPPB0_LPA0_LPB0_LDL1_LRVW4_LWPMn1_LDW0_FMA_MIAV0_MDA2_MO40_MMFGLC_MKFGSU256_NTA0_NTB0_NTC0_NTD0_NEPBS0_NLCA3_NLCB3_ONLL1_OPLV0_PK0_PAP0_PGR1_PLR1_PKA0_SIA1_SLW1_SS0_SU32_SUM0_SUS256_SCIUI1_SPO0_SRVW0_SSO0_SVW4_SNLL0_TSGRA0_TSGRB0_TT4_4_TLDS0_UMLDSA0_UMLDSB0_USFGRO0_VAW2_VS1_VW4_VWB4_VFLRP0_WSGRA0_WSGRB0_WS64_WG8_8_1_WGM8",1135,16972302294481,16972303057906,0,7168,64,1,1,3328,4,1
"KERNEL_DISPATCH",4,2,76,"void convert_unary<__half, float>(void const*, float*, long, long, long, HIP_vector_type<unsigned int, 3u>, long, long, long)",1136,16972303057906,16972303066055,0,0,256,1,1,212992,1,1
"KERNEL_DISPATCH",4,2,51,"void dequantize_block_iq3_s<__half>(void const*, __half*)",1137,16972303088129,16972303232281,0,0,32,1,1,1277952,1,1
"KERNEL_DISPATCH",4,2,64,"void convert_unary<float, __half>(void const*, __half*, long, long, long, HIP_vector_type<unsigned int, 3u>, long, long, long)",1138,16972303232281,16972303254800,0,0,256,1,1,786432,1,1
"KERNEL_DISPATCH",4,2,320,"Cijk_Alik_Bljk_HB_MT32x32x24_SN_1LDSB0_APM1_ABV0_ACED0_AF0EM2_AF1EM1_AMAS3_ASE_ASGT_ASLT_ASM_ASAE01_ASCE01_ASEM2_AAC0_BL1_BS1_CLR0_DTLA0_DTLB0_DTVA0_DTVB0_DVO0_ETSP_EPS1_ELFLR0_EMLL0_FSSC10_FL0_GLVWA4_GLVWB4_GRCGA1_GRCGB1_GRPM1_GRVW4_GSU1_GSUASB_GLS0_ISA900_IU1_K1_KLA_LBSPPA0_LBSPPB0_LPA0_LPB0_LDL1_LRVW4_LWPMn1_LDW0_FMA_MIAV0_MDA2_MO40_MMFGLC_MKFGSU256_NTA0_NTB0_NTC0_NTD0_NEPBS0_NLCA3_NLCB3_ONLL1_OPLV0_PK0_PAP0_PGR1_PLR1_PKA0_SIA1_SLW1_SS0_SU32_SUM0_SUS256_SCIUI1_SPO0_SRVW0_SSO0_SVW4_SNLL0_TSGRA0_TSGRB0_TT4_4_TLDS0_UMLDSA0_UMLDSB0_USFGRO0_VAW2_VS1_VW4_VWB4_VFLRP0_WSGRA0_WSGRB0_WS64_WG8_8_1_WGM8",1139,16972303254800,16972303974818,0,7168,64,1,1,3328,4,1
"KERNEL_DISPATCH",4,2,76,"void convert_unary<__half, float>(void const*, float*, long, long, long, HIP_vector_type<unsigned int, 3u>, long, long, long)",1140,16972303974818,16972303982521,0,0,256,1,1,212992,1,1
"KERNEL_DISPATCH",4,2,51,"void dequantize_block_iq3_s<__half>(void const*, __half*)",1141,16972304004744,16972304148896,0,0,32,1,1,1277952,1,1
"KERNEL_DISPATCH",4,2,64,"void convert_unary<float, __half>(void const*, __half*, long, long, long, HIP_vector_type<unsigned int, 3u>, long, long, long)",1142,16972304148896,16972304171711,0,0,256,1,1,786432,1,1
"KERNEL_DISPATCH",4,2,320,"Cijk_Alik_Bljk_HB_MT32x32x24_SN_1LDSB0_APM1_ABV0_ACED0_AF0EM2_AF1EM1_AMAS3_ASE_ASGT_ASLT_ASM_ASAE01_ASCE01_ASEM2_AAC0_BL1_BS1_CLR0_DTLA0_DTLB0_DTVA0_DTVB0_DVO0_ETSP_EPS1_ELFLR0_EMLL0_FSSC10_FL0_GLVWA4_GLVWB4_GRCGA1_GRCGB1_GRPM1_GRVW4_GSU1_GSUASB_GLS0_ISA900_IU1_K1_KLA_LBSPPA0_LBSPPB0_LPA0_LPB0_LDL1_LRVW4_LWPMn1_LDW0_FMA_MIAV0_MDA2_MO40_MMFGLC_MKFGSU256_NTA0_NTB0_NTC0_NTD0_NEPBS0_NLCA3_NLCB3_ONLL1_OPLV0_PK0_PAP0_PGR1_PLR1_PKA0_SIA1_SLW1_SS0_SU32_SUM0_SUS256_SCIUI1_SPO0_SRVW0_SSO0_SVW4_SNLL0_TSGRA0_TSGRB0_TT4_4_TLDS0_UMLDSA0_UMLDSB0_USFGRO0_VAW2_VS1_VW4_VWB4_VFLRP0_WSGRA0_WSGRB0_WS64_WG8_8_1_WGM8",1143,16972304171711,16972304929507,0,7168,64,1,1,3328,4,1
"KERNEL_DISPATCH",4,2,76,"void convert_unary<__half, float>(void const*, float*, long, long, long, HIP_vector_type<unsigned int, 3u>, long, long, long)",1144,16972304929507,16972304938396,0,0,256,1,1,212992,1,1
"KERNEL_DISPATCH",4,2,51,"void dequantize_block_iq3_s<__half>(void const*, __half*)",1145,16972304967582,16972305133216,0,0,32,1,1,1277952,1,1
"KERNEL_DISPATCH",4,2,64,"void convert_unary<float, __half>(void const*, __half*, long, long, long, HIP_vector_type<unsigned int, 3u>, long, long, long)",1146,16972305133216,16972305164328,0,0,256,1,1,786432,1,1
"KERNEL_DISPATCH",4,2,320,"Cijk_Alik_Bljk_HB_MT32x32x24_SN_1LDSB0_APM1_ABV0_ACED0_AF0EM2_AF1EM1_AMAS3_ASE_ASGT_ASLT_ASM_ASAE01_ASCE01_ASEM2_AAC0_BL1_BS1_CLR0_DTLA0_DTLB0_DTVA0_DTVB0_DVO0_ETSP_EPS1_ELFLR0_EMLL0_FSSC10_FL0_GLVWA4_GLVWB4_GRCGA1_GRCGB1_GRPM1_GRVW4_GSU1_GSUASB_GLS0_ISA900_IU1_K1_KLA_LBSPPA0_LBSPPB0_LPA0_LPB0_LDL1_LRVW4_LWPMn1_LDW0_FMA_MIAV0_MDA2_MO40_MMFGLC_MKFGSU256_NTA0_NTB0_NTC0_NTD0_NEPBS0_NLCA3_NLCB3_ONLL1_OPLV0_PK0_PAP0_PGR1_PLR1_PKA0_SIA1_SLW1_SS0_SU32_SUM0_SUS256_SCIUI1_SPO0_SRVW0_SSO0_SVW4_SNLL0_TSGRA0_TSGRB0_TT4_4_TLDS0_UMLDSA0_UMLDSB0_USFGRO0_VAW2_VS1_VW4_VWB4_VFLRP0_WSGRA0_WSGRB0_WS64_WG8_8_1_WGM8",1147,16972305164328,16972305995459,0,7168,64,1,1,3328,4,1
"KERNEL_DISPATCH",4,2,76,"void convert_unary<__half, float>(void const*, float*, long, long, long, HIP_vector_type<unsigned int, 3u>, long, long, long)",1148,16972305995459,16972306004348,0,0,256,1,1,212992,1,1
"KERNEL_DISPATCH",4,2,51,"void dequantize_block_iq3_s<__half>(void const*, __half*)",1149,16972306030423,16972306196056,0,0,32,1,1,1277952,1,1
"KERNEL_DISPATCH",4,2,64,"void convert_unary<float, __half>(void const*, __half*, long, long, long, HIP_vector_type<unsigned int, 3u>, long, long, long)",1150,16972306196056,16972306226724,0,0,256,1,1,786432,1,1
"KERNEL_DISPATCH",4,2,320,"Cijk_Alik_Bljk_HB_MT32x32x24_SN_1LDSB0_APM1_ABV0_ACED0_AF0EM2_AF1EM1_AMAS3_ASE_ASGT_ASLT_ASM_ASAE01_ASCE01_ASEM2_AAC0_BL1_BS1_CLR0_DTLA0_DTLB0_DTVA0_DTVB0_DVO0_ETSP_EPS1_ELFLR0_EMLL0_FSSC10_FL0_GLVWA4_GLVWB4_GRCGA1_GRCGB1_GRPM1_GRVW4_GSU1_GSUASB_GLS0_ISA900_IU1_K1_KLA_LBSPPA0_LBSPPB0_LPA0_LPB0_LDL1_LRVW4_LWPMn1_LDW0_FMA_MIAV0_MDA2_MO40_MMFGLC_MKFGSU256_NTA0_NTB0_NTC0_NTD0_NEPBS0_NLCA3_NLCB3_ONLL1_OPLV0_PK0_PAP0_PGR1_PLR1_PKA0_SIA1_SLW1_SS0_SU32_SUM0_SUS256_SCIUI1_SPO0_SRVW0_SSO0_SVW4_SNLL0_TSGRA0_TSGRB0_TT4_4_TLDS0_UMLDSA0_UMLDSB0_USFGRO0_VAW2_VS1_VW4_VWB4_VFLRP0_WSGRA0_WSGRB0_WS64_WG8_8_1_WGM8",1151,16972306226724,16972307242600,0,7168,64,1,1,3328,4,1
"KERNEL_DISPATCH",4,2,76,"void convert_unary<__half, float>(void const*, float*, long, long, long, HIP_vector_type<unsigned int, 3u>, long, long, long)",1152,16972307242600,16972307250452,0,0,256,1,1,212992,1,1
"KERNEL_DISPATCH",4,2,51,"void dequantize_block_iq3_s<__half>(void const*, __half*)",1153,16972307272527,16972307416234,0,0,32,1,1,1277952,1,1
"KERNEL_DISPATCH",4,2,64,"void convert_unary<float, __half>(void const*, __half*, long, long, long, HIP_vector_type<unsigned int, 3u>, long, long, long)",1154,16972307416234,16972307439197,0,0,256,1,1,786432,1,1
"KERNEL_DISPATCH",4,2,320,"Cijk_Alik_Bljk_HB_MT32x32x24_SN_1LDSB0_APM1_ABV0_ACED0_AF0EM2_AF1EM1_AMAS3_ASE_ASGT_ASLT_ASM_ASAE01_ASCE01_ASEM2_AAC0_BL1_BS1_CLR0_DTLA0_DTLB0_DTVA0_DTVB0_DVO0_ETSP_EPS1_ELFLR0_EMLL0_FSSC10_FL0_GLVWA4_GLVWB4_GRCGA1_GRCGB1_GRPM1_GRVW4_GSU1_GSUASB_GLS0_ISA900_IU1_K1_KLA_LBSPPA0_LBSPPB0_LPA0_LPB0_LDL1_LRVW4_LWPMn1_LDW0_FMA_MIAV0_MDA2_MO40_MMFGLC_MKFGSU256_NTA0_NTB0_NTC0_NTD0_NEPBS0_NLCA3_NLCB3_ONLL1_OPLV0_PK0_PAP0_PGR1_PLR1_PKA0_SIA1_SLW1_SS0_SU32_SUM0_SUS256_SCIUI1_SPO0_SRVW0_SSO0_SVW4_SNLL0_TSGRA0_TSGRB0_TT4_4_TLDS0_UMLDSA0_UMLDSB0_USFGRO0_VAW2_VS1_VW4_VWB4_VFLRP0_WSGRA0_WSGRB0_WS64_WG8_8_1_WGM8",1155,16972307439197,16972308111954,0,7168,64,1,1,3328,4,1
"KERNEL_DISPATCH",4,2,76,"void convert_unary<__half, float>(void const*, float*, long, long, long, HIP_vector_type<unsigned int, 3u>, long, long, long)",1156,16972308111954,16972308119658,0,0,256,1,1,212992,1,1
"KERNEL_DISPATCH",4,2,51,"void dequantize_block_iq3_s<__half>(void const*, __half*)",1157,16972308148992,16972308292848,0,0,32,1,1,1277952,1,1
"KERNEL_DISPATCH",4,2,64,"void convert_unary<float, __half>(void const*, __half*, long, long, long, HIP_vector_type<unsigned int, 3u>, long, long, long)",1158,16972308292848,16972308315663,0,0,256,1,1,786432,1,1
"KERNEL_DISPATCH",4,2,320,"Cijk_Alik_Bljk_HB_MT32x32x24_SN_1LDSB0_APM1_ABV0_ACED0_AF0EM2_AF1EM1_AMAS3_ASE_ASGT_ASLT_ASM_ASAE01_ASCE01_ASEM2_AAC0_BL1_BS1_CLR0_DTLA0_DTLB0_DTVA0_DTVB0_DVO0_ETSP_EPS1_ELFLR0_EMLL0_FSSC10_FL0_GLVWA4_GLVWB4_GRCGA1_GRCGB1_GRPM1_GRVW4_GSU1_GSUASB_GLS0_ISA900_IU1_K1_KLA_LBSPPA0_LBSPPB0_LPA0_LPB0_LDL1_LRVW4_LWPMn1_LDW0_FMA_MIAV0_MDA2_MO40_MMFGLC_MKFGSU256_NTA0_NTB0_NTC0_NTD0_NEPBS0_NLCA3_NLCB3_ONLL1_OPLV0_PK0_PAP0_PGR1_PLR1_PKA0_SIA1_SLW1_SS0_SU32_SUM0_SUS256_SCIUI1_SPO0_SRVW0_SSO0_SVW4_SNLL0_TSGRA0_TSGRB0_TT4_4_TLDS0_UMLDSA0_UMLDSB0_USFGRO0_VAW2_VS1_VW4_VWB4_VFLRP0_WSGRA0_WSGRB0_WS64_WG8_8_1_WGM8",1159,16972308315663,16972309069904,0,7168,64,1,1,3328,4,1
"KERNEL_DISPATCH",4,2,76,"void convert_unary<__half, float>(void const*, float*, long, long, long, HIP_vector_type<unsigned int, 3u>, long, long, long)",1160,16972309069904,16972309077756,0,0,256,1,1,212992,1,1
"KERNEL_DISPATCH",4,2,51,"void dequantize_block_iq3_s<__half>(void const*, __half*)",1161,16972309100126,16972309244574,0,0,32,1,1,1277952,1,1
"KERNEL_DISPATCH",4,2,64,"void convert_unary<float, __half>(void const*, __half*, long, long, long, HIP_vector_type<unsigned int, 3u>, long, long, long)",1162,16972309244574,16972309267686,0,0,256,1,1,786432,1,1
"KERNEL_DISPATCH",4,2,320,"Cijk_Alik_Bljk_HB_MT32x32x24_SN_1LDSB0_APM1_ABV0_ACED0_AF0EM2_AF1EM1_AMAS3_ASE_ASGT_ASLT_ASM_ASAE01_ASCE01_ASEM2_AAC0_BL1_BS1_CLR0_DTLA0_DTLB0_DTVA0_DTVB0_DVO0_ETSP_EPS1_ELFLR0_EMLL0_FSSC10_FL0_GLVWA4_GLVWB4_GRCGA1_GRCGB1_GRPM1_GRVW4_GSU1_GSUASB_GLS0_ISA900_IU1_K1_KLA_LBSPPA0_LBSPPB0_LPA0_LPB0_LDL1_LRVW4_LWPMn1_LDW0_FMA_MIAV0_MDA2_MO40_MMFGLC_MKFGSU256_NTA0_NTB0_NTC0_NTD0_NEPBS0_NLCA3_NLCB3_ONLL1_OPLV0_PK0_PAP0_PGR1_PLR1_PKA0_SIA1_SLW1_SS0_SU32_SUM0_SUS256_SCIUI1_SPO0_SRVW0_SSO0_SVW4_SNLL0_TSGRA0_TSGRB0_TT4_4_TLDS0_UMLDSA0_UMLDSB0_USFGRO0_VAW2_VS1_VW4_VWB4_VFLRP0_WSGRA0_WSGRB0_WS64_WG8_8_1_WGM8",1163,16972309267686,16972310116744,0,7168,64,1,1,3328,4,1
"KERNEL_DISPATCH",4,2,76,"void convert_unary<__half, float>(void const*, float*, long, long, long, HIP_vector_type<unsigned int, 3u>, long, long, long)",1164,16972310116744,16972310125781,0,0,256,1,1,212992,1,1
"KERNEL_DISPATCH",4,2,51,"void dequantize_block_iq3_s<__half>(void const*, __half*)",1165,16972310150818,16972310316897,0,0,32,1,1,1277952,1,1
"KERNEL_DISPATCH",4,2,64,"void convert_unary<float, __half>(void const*, __half*, long, long, long, HIP_vector_type<unsigned int, 3u>, long, long, long)",1166,16972310316897,16972310348897,0,0,256,1,1,786432,1,1
"KERNEL_DISPATCH",4,2,76,"void convert_unary<__half, float>(void const*, float*, long, long, long, HIP_vector_type<unsigned int, 3u>, long, long, long)",1168,16972311406849,16972311450257,0,0,256,1,1,212992,1,1
"KERNEL_DISPATCH",4,2,320,"Cijk_Alik_Bljk_HB_MT32x32x24_SN_1LDSB0_APM1_ABV0_ACED0_AF0EM2_AF1EM1_AMAS3_ASE_ASGT_ASLT_ASM_ASAE01_ASCE01_ASEM2_AAC0_BL1_BS1_CLR0_DTLA0_DTLB0_DTVA0_DTVB0_DVO0_ETSP_EPS1_ELFLR0_EMLL0_FSSC10_FL0_GLVWA4_GLVWB4_GRCGA1_GRCGB1_GRPM1_GRVW4_GSU1_GSUASB_GLS0_ISA900_IU1_K1_KLA_LBSPPA0_LBSPPB0_LPA0_LPB0_LDL1_LRVW4_LWPMn1_LDW0_FMA_MIAV0_MDA2_MO40_MMFGLC_MKFGSU256_NTA0_NTB0_NTC0_NTD0_NEPBS0_NLCA3_NLCB3_ONLL1_OPLV0_PK0_PAP0_PGR1_PLR1_PKA0_SIA1_SLW1_SS0_SU32_SUM0_SUS256_SCIUI1_SPO0_SRVW0_SSO0_SVW4_SNLL0_TSGRA0_TSGRB0_TT4_4_TLDS0_UMLDSA0_UMLDSB0_USFGRO0_VAW2_VS1_VW4_VWB4_VFLRP0_WSGRA0_WSGRB0_WS64_WG8_8_1_WGM8",1167,16972310348897,16972311406849,0,7168,64,1,1,3328,4,1
"KERNEL_DISPATCH",4,2,51,"void dequantize_block_iq3_s<__half>(void const*, __half*)",1169,16972311475591,16972311641521,0,0,32,1,1,1277952,1,1
"KERNEL_DISPATCH",4,2,64,"void convert_unary<float, __half>(void const*, __half*, long, long, long, HIP_vector_type<unsigned int, 3u>, long, long, long)",1170,16972311641521,16972311672485,0,0,256,1,1,786432,1,1
"KERNEL_DISPATCH",4,2,320,"Cijk_Alik_Bljk_HB_MT32x32x24_SN_1LDSB0_APM1_ABV0_ACED0_AF0EM2_AF1EM1_AMAS3_ASE_ASGT_ASLT_ASM_ASAE01_ASCE01_ASEM2_AAC0_BL1_BS1_CLR0_DTLA0_DTLB0_DTVA0_DTVB0_DVO0_ETSP_EPS1_ELFLR0_EMLL0_FSSC10_FL0_GLVWA4_GLVWB4_GRCGA1_GRCGB1_GRPM1_GRVW4_GSU1_GSUASB_GLS0_ISA900_IU1_K1_KLA_LBSPPA0_LBSPPB0_LPA0_LPB0_LDL1_LRVW4_LWPMn1_LDW0_FMA_MIAV0_MDA2_MO40_MMFGLC_MKFGSU256_NTA0_NTB0_NTC0_NTD0_NEPBS0_NLCA3_NLCB3_ONLL1_OPLV0_PK0_PAP0_PGR1_PLR1_PKA0_SIA1_SLW1_SS0_SU32_SUM0_SUS256_SCIUI1_SPO0_SRVW0_SSO0_SVW4_SNLL0_TSGRA0_TSGRB0_TT4_4_TLDS0_UMLDSA0_UMLDSB0_USFGRO0_VAW2_VS1_VW4_VWB4_VFLRP0_WSGRA0_WSGRB0_WS64_WG8_8_1_WGM8",1171,16972311672485,16972312572951,0,7168,64,1,1,3328,4,1
"KERNEL_DISPATCH",4,2,76,"void convert_unary<__half, float>(void const*, float*, long, long, long, HIP_vector_type<unsigned int, 3u>, long, long, long)",1172,16972312572951,16972312580803,0,0,256,1,1,212992,1,1
"KERNEL_DISPATCH",4,2,51,"void dequantize_block_iq3_s<__half>(void const*, __half*)",1173,16972312603174,16972312747474,0,0,32,1,1,1277952,1,1
"KERNEL_DISPATCH",4,2,64,"void convert_unary<float, __half>(void const*, __half*, long, long, long, HIP_vector_type<unsigned int, 3u>, long, long, long)",1174,16972312747474,16972312770437,0,0,256,1,1,786432,1,1
"KERNEL_DISPATCH",4,2,320,"Cijk_Alik_Bljk_HB_MT32x32x24_SN_1LDSB0_APM1_ABV0_ACED0_AF0EM2_AF1EM1_AMAS3_ASE_ASGT_ASLT_ASM_ASAE01_ASCE01_ASEM2_AAC0_BL1_BS1_CLR0_DTLA0_DTLB0_DTVA0_DTVB0_DVO0_ETSP_EPS1_ELFLR0_EMLL0_FSSC10_FL0_GLVWA4_GLVWB4_GRCGA1_GRCGB1_GRPM1_GRVW4_GSU1_GSUASB_GLS0_ISA900_IU1_K1_KLA_LBSPPA0_LBSPPB0_LPA0_LPB0_LDL1_LRVW4_LWPMn1_LDW0_FMA_MIAV0_MDA2_MO40_MMFGLC_MKFGSU256_NTA0_NTB0_NTC0_NTD0_NEPBS0_NLCA3_NLCB3_ONLL1_OPLV0_PK0_PAP0_PGR1_PLR1_PKA0_SIA1_SLW1_SS0_SU32_SUM0_SUS256_SCIUI1_SPO0_SRVW0_SSO0_SVW4_SNLL0_TSGRA0_TSGRB0_TT4_4_TLDS0_UMLDSA0_UMLDSB0_USFGRO0_VAW2_VS1_VW4_VWB4_VFLRP0_WSGRA0_WSGRB0_WS64_WG8_8_1_WGM8",1175,16972312770437,16972313458454,0,7168,64,1,1,3328,4,1
"KERNEL_DISPATCH",4,2,76,"void convert_unary<__half, float>(void const*, float*, long, long, long, HIP_vector_type<unsigned int, 3u>, long, long, long)",1176,16972313458454,16972313465565,0,0,256,1,1,212992,1,1
"KERNEL_DISPATCH",4,2,51,"void dequantize_block_iq3_s<__half>(void const*, __half*)",1177,16972313486158,16972313615347,0,0,32,1,1,1277952,1,1
"KERNEL_DISPATCH",4,2,64,"void convert_unary<float, __half>(void const*, __half*, long, long, long, HIP_vector_type<unsigned int, 3u>, long, long, long)",1178,16972313615347,16972313636384,0,0,256,1,1,786432,1,1
"KERNEL_DISPATCH",4,2,320,"Cijk_Alik_Bljk_HB_MT32x32x24_SN_1LDSB0_APM1_ABV0_ACED0_AF0EM2_AF1EM1_AMAS3_ASE_ASGT_ASLT_ASM_ASAE01_ASCE01_ASEM2_AAC0_BL1_BS1_CLR0_DTLA0_DTLB0_DTVA0_DTVB0_DVO0_ETSP_EPS1_ELFLR0_EMLL0_FSSC10_FL0_GLVWA4_GLVWB4_GRCGA1_GRCGB1_GRPM1_GRVW4_GSU1_GSUASB_GLS0_ISA900_IU1_K1_KLA_LBSPPA0_LBSPPB0_LPA0_LPB0_LDL1_LRVW4_LWPMn1_LDW0_FMA_MIAV0_MDA2_MO40_MMFGLC_MKFGSU256_NTA0_NTB0_NTC0_NTD0_NEPBS0_NLCA3_NLCB3_ONLL1_OPLV0_PK0_PAP0_PGR1_PLR1_PKA0_SIA1_SLW1_SS0_SU32_SUM0_SUS256_SCIUI1_SPO0_SRVW0_SSO0_SVW4_SNLL0_TSGRA0_TSGRB0_TT4_4_TLDS0_UMLDSA0_UMLDSB0_USFGRO0_VAW2_VS1_VW4_VWB4_VFLRP0_WSGRA0_WSGRB0_WS64_WG8_8_1_WGM8",1179,16972313636384,16972314263510,0,7168,64,1,1,3328,4,1
"KERNEL_DISPATCH",4,2,76,"void convert_unary<__half, float>(void const*, float*, long, long, long, HIP_vector_type<unsigned int, 3u>, long, long, long)",1180,16972314263510,16972314270622,0,0,256,1,1,212992,1,1
"KERNEL_DISPATCH",4,2,51,"void dequantize_block_iq3_s<__half>(void const*, __half*)",1181,16972314291215,16972314420107,0,0,32,1,1,1277952,1,1
"KERNEL_DISPATCH",4,2,64,"void convert_unary<float, __half>(void const*, __half*, long, long, long, HIP_vector_type<unsigned int, 3u>, long, long, long)",1182,16972314420107,16972314440700,0,0,256,1,1,786432,1,1
"KERNEL_DISPATCH",4,2,320,"Cijk_Alik_Bljk_HB_MT32x32x24_SN_1LDSB0_APM1_ABV0_ACED0_AF0EM2_AF1EM1_AMAS3_ASE_ASGT_ASLT_ASM_ASAE01_ASCE01_ASEM2_AAC0_BL1_BS1_CLR0_DTLA0_DTLB0_DTVA0_DTVB0_DVO0_ETSP_EPS1_ELFLR0_EMLL0_FSSC10_FL0_GLVWA4_GLVWB4_GRCGA1_GRCGB1_GRPM1_GRVW4_GSU1_GSUASB_GLS0_ISA900_IU1_K1_KLA_LBSPPA0_LBSPPB0_LPA0_LPB0_LDL1_LRVW4_LWPMn1_LDW0_FMA_MIAV0_MDA2_MO40_MMFGLC_MKFGSU256_NTA0_NTB0_NTC0_NTD0_NEPBS0_NLCA3_NLCB3_ONLL1_OPLV0_PK0_PAP0_PGR1_PLR1_PKA0_SIA1_SLW1_SS0_SU32_SUM0_SUS256_SCIUI1_SPO0_SRVW0_SSO0_SVW4_SNLL0_TSGRA0_TSGRB0_TT4_4_TLDS0_UMLDSA0_UMLDSB0_USFGRO0_VAW2_VS1_VW4_VWB4_VFLRP0_WSGRA0_WSGRB0_WS64_WG8_8_1_WGM8",1183,16972314440700,16972315185755,0,7168,64,1,1,3328,4,1
"KERNEL_DISPATCH",4,2,76,"void convert_unary<__half, float>(void const*, float*, long, long, long, HIP_vector_type<unsigned int, 3u>, long, long, long)",1184,16972315185755,16972315193459,0,0,256,1,1,212992,1,1
"KERNEL_DISPATCH",4,2,51,"void dequantize_block_iq3_s<__half>(void const*, __half*)",1185,16972315215385,16972315359092,0,0,32,1,1,1277952,1,1
"KERNEL_DISPATCH",4,2,64,"void convert_unary<float, __half>(void const*, __half*, long, long, long, HIP_vector_type<unsigned int, 3u>, long, long, long)",1186,16972315359092,16972315381908,0,0,256,1,1,786432,1,1
"KERNEL_DISPATCH",4,2,320,"Cijk_Alik_Bljk_HB_MT32x32x24_SN_1LDSB0_APM1_ABV0_ACED0_AF0EM2_AF1EM1_AMAS3_ASE_ASGT_ASLT_ASM_ASAE01_ASCE01_ASEM2_AAC0_BL1_BS1_CLR0_DTLA0_DTLB0_DTVA0_DTVB0_DVO0_ETSP_EPS1_ELFLR0_EMLL0_FSSC10_FL0_GLVWA4_GLVWB4_GRCGA1_GRCGB1_GRPM1_GRVW4_GSU1_GSUASB_GLS0_ISA900_IU1_K1_KLA_LBSPPA0_LBSPPB0_LPA0_LPB0_LDL1_LRVW4_LWPMn1_LDW0_FMA_MIAV0_MDA2_MO40_MMFGLC_MKFGSU256_NTA0_NTB0_NTC0_NTD0_NEPBS0_NLCA3_NLCB3_ONLL1_OPLV0_PK0_PAP0_PGR1_PLR1_PKA0_SIA1_SLW1_SS0_SU32_SUM0_SUS256_SCIUI1_SPO0_SRVW0_SSO0_SVW4_SNLL0_TSGRA0_TSGRB0_TT4_4_TLDS0_UMLDSA0_UMLDSB0_USFGRO0_VAW2_VS1_VW4_VWB4_VFLRP0_WSGRA0_WSGRB0_WS64_WG8_8_1_WGM8",1187,16972315381908,16972316128889,0,7168,64,1,1,3328,4,1
"KERNEL_DISPATCH",4,2,76,"void convert_unary<__half, float>(void const*, float*, long, long, long, HIP_vector_type<unsigned int, 3u>, long, long, long)",1188,16972316128889,16972316137778,0,0,256,1,1,212992,1,1
"KERNEL_DISPATCH",4,2,51,"void dequantize_block_iq3_s<__half>(void const*, __half*)",1189,16972316162964,16972316328745,0,0,32,1,1,1277952,1,1
"KERNEL_DISPATCH",4,2,64,"void convert_unary<float, __half>(void const*, __half*, long, long, long, HIP_vector_type<unsigned int, 3u>, long, long, long)",1190,16972316328745,16972316359857,0,0,256,1,1,786432,1,1
"KERNEL_DISPATCH",4,2,320,"Cijk_Alik_Bljk_HB_MT32x32x24_SN_1LDSB0_APM1_ABV0_ACED0_AF0EM2_AF1EM1_AMAS3_ASE_ASGT_ASLT_ASM_ASAE01_ASCE01_ASEM2_AAC0_BL1_BS1_CLR0_DTLA0_DTLB0_DTVA0_DTVB0_DVO0_ETSP_EPS1_ELFLR0_EMLL0_FSSC10_FL0_GLVWA4_GLVWB4_GRCGA1_GRCGB1_GRPM1_GRVW4_GSU1_GSUASB_GLS0_ISA900_IU1_K1_KLA_LBSPPA0_LBSPPB0_LPA0_LPB0_LDL1_LRVW4_LWPMn1_LDW0_FMA_MIAV0_MDA2_MO40_MMFGLC_MKFGSU256_NTA0_NTB0_NTC0_NTD0_NEPBS0_NLCA3_NLCB3_ONLL1_OPLV0_PK0_PAP0_PGR1_PLR1_PKA0_SIA1_SLW1_SS0_SU32_SUM0_SUS256_SCIUI1_SPO0_SRVW0_SSO0_SVW4_SNLL0_TSGRA0_TSGRB0_TT4_4_TLDS0_UMLDSA0_UMLDSB0_USFGRO0_VAW2_VS1_VW4_VWB4_VFLRP0_WSGRA0_WSGRB0_WS64_WG8_8_1_WGM8",1191,16972316359857,16972317290843,0,7168,64,1,1,3328,4,1
"KERNEL_DISPATCH",4,2,76,"void convert_unary<__half, float>(void const*, float*, long, long, long, HIP_vector_type<unsigned int, 3u>, long, long, long)",1192,16972317290843,16972317300028,0,0,256,1,1,212992,1,1
"KERNEL_DISPATCH",4,2,51,"void dequantize_block_iq3_s<__half>(void const*, __half*)",1193,16972317325510,16972317491144,0,0,32,1,1,1277952,1,1
"KERNEL_DISPATCH",4,2,64,"void convert_unary<float, __half>(void const*, __half*, long, long, long, HIP_vector_type<unsigned int, 3u>, long, long, long)",1194,16972317491144,16972317522256,0,0,256,1,1,786432,1,1
"KERNEL_DISPATCH",4,2,320,"Cijk_Alik_Bljk_HB_MT32x32x24_SN_1LDSB0_APM1_ABV0_ACED0_AF0EM2_AF1EM1_AMAS3_ASE_ASGT_ASLT_ASM_ASAE01_ASCE01_ASEM2_AAC0_BL1_BS1_CLR0_DTLA0_DTLB0_DTVA0_DTVB0_DVO0_ETSP_EPS1_ELFLR0_EMLL0_FSSC10_FL0_GLVWA4_GLVWB4_GRCGA1_GRCGB1_GRPM1_GRVW4_GSU1_GSUASB_GLS0_ISA900_IU1_K1_KLA_LBSPPA0_LBSPPB0_LPA0_LPB0_LDL1_LRVW4_LWPMn1_LDW0_FMA_MIAV0_MDA2_MO40_MMFGLC_MKFGSU256_NTA0_NTB0_NTC0_NTD0_NEPBS0_NLCA3_NLCB3_ONLL1_OPLV0_PK0_PAP0_PGR1_PLR1_PKA0_SIA1_SLW1_SS0_SU32_SUM0_SUS256_SCIUI1_SPO0_SRVW0_SSO0_SVW4_SNLL0_TSGRA0_TSGRB0_TT4_4_TLDS0_UMLDSA0_UMLDSB0_USFGRO0_VAW2_VS1_VW4_VWB4_VFLRP0_WSGRA0_WSGRB0_WS64_WG8_8_1_WGM8",1195,16972317522256,16972318360350,0,7168,64,1,1,3328,4,1
"KERNEL_DISPATCH",4,2,76,"void convert_unary<__half, float>(void const*, float*, long, long, long, HIP_vector_type<unsigned int, 3u>, long, long, long)",1196,16972318360350,16972318368054,0,0,256,1,1,212992,1,1
"KERNEL_DISPATCH",4,2,51,"void dequantize_block_iq3_s<__half>(void const*, __half*)",1197,16972318390721,16972318534428,0,0,32,1,1,1277952,1,1
"KERNEL_DISPATCH",4,2,64,"void convert_unary<float, __half>(void const*, __half*, long, long, long, HIP_vector_type<unsigned int, 3u>, long, long, long)",1198,16972318534428,16972318557540,0,0,256,1,1,786432,1,1
"KERNEL_DISPATCH",4,2,320,"Cijk_Alik_Bljk_HB_MT32x32x24_SN_1LDSB0_APM1_ABV0_ACED0_AF0EM2_AF1EM1_AMAS3_ASE_ASGT_ASLT_ASM_ASAE01_ASCE01_ASEM2_AAC0_BL1_BS1_CLR0_DTLA0_DTLB0_DTVA0_DTVB0_DVO0_ETSP_EPS1_ELFLR0_EMLL0_FSSC10_FL0_GLVWA4_GLVWB4_GRCGA1_GRCGB1_GRPM1_GRVW4_GSU1_GSUASB_GLS0_ISA900_IU1_K1_KLA_LBSPPA0_LBSPPB0_LPA0_LPB0_LDL1_LRVW4_LWPMn1_LDW0_FMA_MIAV0_MDA2_MO40_MMFGLC_MKFGSU256_NTA0_NTB0_NTC0_NTD0_NEPBS0_NLCA3_NLCB3_ONLL1_OPLV0_PK0_PAP0_PGR1_PLR1_PKA0_SIA1_SLW1_SS0_SU32_SUM0_SUS256_SCIUI1_SPO0_SRVW0_SSO0_SVW4_SNLL0_TSGRA0_TSGRB0_TT4_4_TLDS0_UMLDSA0_UMLDSB0_USFGRO0_VAW2_VS1_VW4_VWB4_VFLRP0_WSGRA0_WSGRB0_WS64_WG8_8_1_WGM8",1199,16972318557540,16972319362004,0,7168,64,1,1,3328,4,1
"KERNEL_DISPATCH",4,2,76,"void convert_unary<__half, float>(void const*, float*, long, long, long, HIP_vector_type<unsigned int, 3u>, long, long, long)",1200,16972319362004,16972319369856,0,0,256,1,1,212992,1,1
"KERNEL_DISPATCH",4,2,51,"void dequantize_block_iq3_s<__half>(void const*, __half*)",1201,16972319391931,16972319535934,0,0,32,1,1,1277952,1,1
"KERNEL_DISPATCH",4,2,64,"void convert_unary<float, __half>(void const*, __half*, long, long, long, HIP_vector_type<unsigned int, 3u>, long, long, long)",1202,16972319535934,16972319559046,0,0,256,1,1,786432,1,1
"KERNEL_DISPATCH",4,2,320,"Cijk_Alik_Bljk_HB_MT32x32x24_SN_1LDSB0_APM1_ABV0_ACED0_AF0EM2_AF1EM1_AMAS3_ASE_ASGT_ASLT_ASM_ASAE01_ASCE01_ASEM2_AAC0_BL1_BS1_CLR0_DTLA0_DTLB0_DTVA0_DTVB0_DVO0_ETSP_EPS1_ELFLR0_EMLL0_FSSC10_FL0_GLVWA4_GLVWB4_GRCGA1_GRCGB1_GRPM1_GRVW4_GSU1_GSUASB_GLS0_ISA900_IU1_K1_KLA_LBSPPA0_LBSPPB0_LPA0_LPB0_LDL1_LRVW4_LWPMn1_LDW0_FMA_MIAV0_MDA2_MO40_MMFGLC_MKFGSU256_NTA0_NTB0_NTC0_NTD0_NEPBS0_NLCA3_NLCB3_ONLL1_OPLV0_PK0_PAP0_PGR1_PLR1_PKA0_SIA1_SLW1_SS0_SU32_SUM0_SUS256_SCIUI1_SPO0_SRVW0_SSO0_SVW4_SNLL0_TSGRA0_TSGRB0_TT4_4_TLDS0_UMLDSA0_UMLDSB0_USFGRO0_VAW2_VS1_VW4_VWB4_VFLRP0_WSGRA0_WSGRB0_WS64_WG8_8_1_WGM8",1203,16972319559046,16972320359509,0,7168,64,1,1,3328,4,1
"KERNEL_DISPATCH",4,2,76,"void convert_unary<__half, float>(void const*, float*, long, long, long, HIP_vector_type<unsigned int, 3u>, long, long, long)",1204,16972320359509,16972320367361,0,0,256,1,1,212992,1,1
"KERNEL_DISPATCH",4,2,51,"void dequantize_block_iq3_s<__half>(void const*, __half*)",1205,16972320390177,16972320534328,0,0,32,1,1,1277952,1,1
"KERNEL_DISPATCH",4,2,64,"void convert_unary<float, __half>(void const*, __half*, long, long, long, HIP_vector_type<unsigned int, 3u>, long, long, long)",1206,16972320534328,16972320556996,0,0,256,1,1,786432,1,1
"KERNEL_DISPATCH",4,2,320,"Cijk_Alik_Bljk_HB_MT32x32x24_SN_1LDSB0_APM1_ABV0_ACED0_AF0EM2_AF1EM1_AMAS3_ASE_ASGT_ASLT_ASM_ASAE01_ASCE01_ASEM2_AAC0_BL1_BS1_CLR0_DTLA0_DTLB0_DTVA0_DTVB0_DVO0_ETSP_EPS1_ELFLR0_EMLL0_FSSC10_FL0_GLVWA4_GLVWB4_GRCGA1_GRCGB1_GRPM1_GRVW4_GSU1_GSUASB_GLS0_ISA900_IU1_K1_KLA_LBSPPA0_LBSPPB0_LPA0_LPB0_LDL1_LRVW4_LWPMn1_LDW0_FMA_MIAV0_MDA2_MO40_MMFGLC_MKFGSU256_NTA0_NTB0_NTC0_NTD0_NEPBS0_NLCA3_NLCB3_ONLL1_OPLV0_PK0_PAP0_PGR1_PLR1_PKA0_SIA1_SLW1_SS0_SU32_SUM0_SUS256_SCIUI1_SPO0_SRVW0_SSO0_SVW4_SNLL0_TSGRA0_TSGRB0_TT4_4_TLDS0_UMLDSA0_UMLDSB0_USFGRO0_VAW2_VS1_VW4_VWB4_VFLRP0_WSGRA0_WSGRB0_WS64_WG8_8_1_WGM8",1207,16972320556996,16972321214345,0,7168,64,1,1,3328,4,1
"KERNEL_DISPATCH",4,2,76,"void convert_unary<__half, float>(void const*, float*, long, long, long, HIP_vector_type<unsigned int, 3u>, long, long, long)",1208,16972321214345,16972321221012,0,0,256,1,1,212992,1,1
"KERNEL_DISPATCH",4,2,51,"void dequantize_block_iq3_s<__half>(void const*, __half*)",1209,16972321242346,16972321371386,0,0,32,1,1,1277952,1,1
"KERNEL_DISPATCH",4,2,64,"void convert_unary<float, __half>(void const*, __half*, long, long, long, HIP_vector_type<unsigned int, 3u>, long, long, long)",1210,16972321371386,16972321391683,0,0,256,1,1,786432,1,1
"KERNEL_DISPATCH",4,2,320,"Cijk_Alik_Bljk_HB_MT32x32x24_SN_1LDSB0_APM1_ABV0_ACED0_AF0EM2_AF1EM1_AMAS3_ASE_ASGT_ASLT_ASM_ASAE01_ASCE01_ASEM2_AAC0_BL1_BS1_CLR0_DTLA0_DTLB0_DTVA0_DTVB0_DVO0_ETSP_EPS1_ELFLR0_EMLL0_FSSC10_FL0_GLVWA4_GLVWB4_GRCGA1_GRCGB1_GRPM1_GRVW4_GSU1_GSUASB_GLS0_ISA900_IU1_K1_KLA_LBSPPA0_LBSPPB0_LPA0_LPB0_LDL1_LRVW4_LWPMn1_LDW0_FMA_MIAV0_MDA2_MO40_MMFGLC_MKFGSU256_NTA0_NTB0_NTC0_NTD0_NEPBS0_NLCA3_NLCB3_ONLL1_OPLV0_PK0_PAP0_PGR1_PLR1_PKA0_SIA1_SLW1_SS0_SU32_SUM0_SUS256_SCIUI1_SPO0_SRVW0_SSO0_SVW4_SNLL0_TSGRA0_TSGRB0_TT4_4_TLDS0_UMLDSA0_UMLDSB0_USFGRO0_VAW2_VS1_VW4_VWB4_VFLRP0_WSGRA0_WSGRB0_WS64_WG8_8_1_WGM8",1211,16972321391683,16972322009772,0,7168,64,1,1,3328,4,1
"KERNEL_DISPATCH",4,2,76,"void convert_unary<__half, float>(void const*, float*, long, long, long, HIP_vector_type<unsigned int, 3u>, long, long, long)",1212,16972322009772,16972322017327,0,0,256,1,1,212992,1,1
"KERNEL_DISPATCH",4,2,51,"void dequantize_block_iq3_s<__half>(void const*, __half*)",1213,16972322040291,16972322183998,0,0,32,1,1,1277952,1,1
"KERNEL_DISPATCH",4,2,64,"void convert_unary<float, __half>(void const*, __half*, long, long, long, HIP_vector_type<unsigned int, 3u>, long, long, long)",1214,16972322183998,16972322206961,0,0,256,1,1,786432,1,1
"KERNEL_DISPATCH",4,2,320,"Cijk_Alik_Bljk_HB_MT32x32x24_SN_1LDSB0_APM1_ABV0_ACED0_AF0EM2_AF1EM1_AMAS3_ASE_ASGT_ASLT_ASM_ASAE01_ASCE01_ASEM2_AAC0_BL1_BS1_CLR0_DTLA0_DTLB0_DTVA0_DTVB0_DVO0_ETSP_EPS1_ELFLR0_EMLL0_FSSC10_FL0_GLVWA4_GLVWB4_GRCGA1_GRCGB1_GRPM1_GRVW4_GSU1_GSUASB_GLS0_ISA900_IU1_K1_KLA_LBSPPA0_LBSPPB0_LPA0_LPB0_LDL1_LRVW4_LWPMn1_LDW0_FMA_MIAV0_MDA2_MO40_MMFGLC_MKFGSU256_NTA0_NTB0_NTC0_NTD0_NEPBS0_NLCA3_NLCB3_ONLL1_OPLV0_PK0_PAP0_PGR1_PLR1_PKA0_SIA1_SLW1_SS0_SU32_SUM0_SUS256_SCIUI1_SPO0_SRVW0_SSO0_SVW4_SNLL0_TSGRA0_TSGRB0_TT4_4_TLDS0_UMLDSA0_UMLDSB0_USFGRO0_VAW2_VS1_VW4_VWB4_VFLRP0_WSGRA0_WSGRB0_WS64_WG8_8_1_WGM8",1215,16972322206961,16972322861792,0,7168,64,1,1,3328,4,1
"KERNEL_DISPATCH",4,2,76,"void convert_unary<__half, float>(void const*, float*, long, long, long, HIP_vector_type<unsigned int, 3u>, long, long, long)",1216,16972322861792,16972322869348,0,0,256,1,1,212992,1,1
"KERNEL_DISPATCH",4,2,51,"void dequantize_block_iq3_s<__half>(void const*, __half*)",1217,16972322893348,16972323055871,0,0,32,1,1,1277952,1,1
"KERNEL_DISPATCH",4,2,64,"void convert_unary<float, __half>(void const*, __half*, long, long, long, HIP_vector_type<unsigned int, 3u>, long, long, long)",1218,16972323055871,16972323087723,0,0,256,1,1,786432,1,1
"KERNEL_DISPATCH",4,2,320,"Cijk_Alik_Bljk_HB_MT32x32x24_SN_1LDSB0_APM1_ABV0_ACED0_AF0EM2_AF1EM1_AMAS3_ASE_ASGT_ASLT_ASM_ASAE01_ASCE01_ASEM2_AAC0_BL1_BS1_CLR0_DTLA0_DTLB0_DTVA0_DTVB0_DVO0_ETSP_EPS1_ELFLR0_EMLL0_FSSC10_FL0_GLVWA4_GLVWB4_GRCGA1_GRCGB1_GRPM1_GRVW4_GSU1_GSUASB_GLS0_ISA900_IU1_K1_KLA_LBSPPA0_LBSPPB0_LPA0_LPB0_LDL1_LRVW4_LWPMn1_LDW0_FMA_MIAV0_MDA2_MO40_MMFGLC_MKFGSU256_NTA0_NTB0_NTC0_NTD0_NEPBS0_NLCA3_NLCB3_ONLL1_OPLV0_PK0_PAP0_PGR1_PLR1_PKA0_SIA1_SLW1_SS0_SU32_SUM0_SUS256_SCIUI1_SPO0_SRVW0_SSO0_SVW4_SNLL0_TSGRA0_TSGRB0_TT4_4_TLDS0_UMLDSA0_UMLDSB0_USFGRO0_VAW2_VS1_VW4_VWB4_VFLRP0_WSGRA0_WSGRB0_WS64_WG8_8_1_WGM8",1219,16972323087723,16972323898558,0,7168,64,1,1,3328,4,1
"KERNEL_DISPATCH",4,2,76,"void convert_unary<__half, float>(void const*, float*, long, long, long, HIP_vector_type<unsigned int, 3u>, long, long, long)",1220,16972323898558,16972323907299,0,0,256,1,1,212992,1,1
"KERNEL_DISPATCH",4,2,51,"void dequantize_block_iq3_s<__half>(void const*, __half*)",1221,16972323932188,16972324098118,0,0,32,1,1,1277952,1,1
"KERNEL_DISPATCH",4,2,64,"void convert_unary<float, __half>(void const*, __half*, long, long, long, HIP_vector_type<unsigned int, 3u>, long, long, long)",1222,16972324098118,16972324128637,0,0,256,1,1,786432,1,1
"KERNEL_DISPATCH",4,2,320,"Cijk_Alik_Bljk_HB_MT32x32x24_SN_1LDSB0_APM1_ABV0_ACED0_AF0EM2_AF1EM1_AMAS3_ASE_ASGT_ASLT_ASM_ASAE01_ASCE01_ASEM2_AAC0_BL1_BS1_CLR0_DTLA0_DTLB0_DTVA0_DTVB0_DVO0_ETSP_EPS1_ELFLR0_EMLL0_FSSC10_FL0_GLVWA4_GLVWB4_GRCGA1_GRCGB1_GRPM1_GRVW4_GSU1_GSUASB_GLS0_ISA900_IU1_K1_KLA_LBSPPA0_LBSPPB0_LPA0_LPB0_LDL1_LRVW4_LWPMn1_LDW0_FMA_MIAV0_MDA2_MO40_MMFGLC_MKFGSU256_NTA0_NTB0_NTC0_NTD0_NEPBS0_NLCA3_NLCB3_ONLL1_OPLV0_PK0_PAP0_PGR1_PLR1_PKA0_SIA1_SLW1_SS0_SU32_SUM0_SUS256_SCIUI1_SPO0_SRVW0_SSO0_SVW4_SNLL0_TSGRA0_TSGRB0_TT4_4_TLDS0_UMLDSA0_UMLDSB0_USFGRO0_VAW2_VS1_VW4_VWB4_VFLRP0_WSGRA0_WSGRB0_WS64_WG8_8_1_WGM8",1223,16972324128637,16972325021696,0,7168,64,1,1,3328,4,1
"KERNEL_DISPATCH",4,2,76,"void convert_unary<__half, float>(void const*, float*, long, long, long, HIP_vector_type<unsigned int, 3u>, long, long, long)",1224,16972325021696,16972325029252,0,0,256,1,1,212992,1,1
"KERNEL_DISPATCH",4,2,51,"void dequantize_block_iq3_s<__half>(void const*, __half*)",1225,16972325051326,16972325195478,0,0,32,1,1,1277952,1,1
"KERNEL_DISPATCH",4,2,64,"void convert_unary<float, __half>(void const*, __half*, long, long, long, HIP_vector_type<unsigned int, 3u>, long, long, long)",1226,16972325195478,16972325279036,0,0,256,1,1,786432,1,1
"KERNEL_DISPATCH",4,2,320,"Cijk_Alik_Bljk_HB_MT32x32x24_SN_1LDSB0_APM1_ABV0_ACED0_AF0EM2_AF1EM1_AMAS3_ASE_ASGT_ASLT_ASM_ASAE01_ASCE01_ASEM2_AAC0_BL1_BS1_CLR0_DTLA0_DTLB0_DTVA0_DTVB0_DVO0_ETSP_EPS1_ELFLR0_EMLL0_FSSC10_FL0_GLVWA4_GLVWB4_GRCGA1_GRCGB1_GRPM1_GRVW4_GSU1_GSUASB_GLS0_ISA900_IU1_K1_KLA_LBSPPA0_LBSPPB0_LPA0_LPB0_LDL1_LRVW4_LWPMn1_LDW0_FMA_MIAV0_MDA2_MO40_MMFGLC_MKFGSU256_NTA0_NTB0_NTC0_NTD0_NEPBS0_NLCA3_NLCB3_ONLL1_OPLV0_PK0_PAP0_PGR1_PLR1_PKA0_SIA1_SLW1_SS0_SU32_SUM0_SUS256_SCIUI1_SPO0_SRVW0_SSO0_SVW4_SNLL0_TSGRA0_TSGRB0_TT4_4_TLDS0_UMLDSA0_UMLDSB0_USFGRO0_VAW2_VS1_VW4_VWB4_VFLRP0_WSGRA0_WSGRB0_WS64_WG8_8_1_WGM8",1227,16972325284369,16972326070314,0,7168,64,1,1,3328,4,1
"KERNEL_DISPATCH",4,2,76,"void convert_unary<__half, float>(void const*, float*, long, long, long, HIP_vector_type<unsigned int, 3u>, long, long, long)",1228,16972326070314,16972326078018,0,0,256,1,1,212992,1,1
"KERNEL_DISPATCH",4,2,51,"void dequantize_block_iq3_s<__half>(void const*, __half*)",1229,16972326100241,16972326244540,0,0,32,1,1,1277952,1,1
"KERNEL_DISPATCH",4,2,64,"void convert_unary<float, __half>(void const*, __half*, long, long, long, HIP_vector_type<unsigned int, 3u>, long, long, long)",1230,16972326244540,16972326267059,0,0,256,1,1,786432,1,1
"KERNEL_DISPATCH",4,2,320,"Cijk_Alik_Bljk_HB_MT32x32x24_SN_1LDSB0_APM1_ABV0_ACED0_AF0EM2_AF1EM1_AMAS3_ASE_ASGT_ASLT_ASM_ASAE01_ASCE01_ASEM2_AAC0_BL1_BS1_CLR0_DTLA0_DTLB0_DTVA0_DTVB0_DVO0_ETSP_EPS1_ELFLR0_EMLL0_FSSC10_FL0_GLVWA4_GLVWB4_GRCGA1_GRCGB1_GRPM1_GRVW4_GSU1_GSUASB_GLS0_ISA900_IU1_K1_KLA_LBSPPA0_LBSPPB0_LPA0_LPB0_LDL1_LRVW4_LWPMn1_LDW0_FMA_MIAV0_MDA2_MO40_MMFGLC_MKFGSU256_NTA0_NTB0_NTC0_NTD0_NEPBS0_NLCA3_NLCB3_ONLL1_OPLV0_PK0_PAP0_PGR1_PLR1_PKA0_SIA1_SLW1_SS0_SU32_SUM0_SUS256_SCIUI1_SPO0_SRVW0_SSO0_SVW4_SNLL0_TSGRA0_TSGRB0_TT4_4_TLDS0_UMLDSA0_UMLDSB0_USFGRO0_VAW2_VS1_VW4_VWB4_VFLRP0_WSGRA0_WSGRB0_WS64_WG8_8_1_WGM8",1231,16972326267059,16972326947965,0,7168,64,1,1,3328,4,1
"KERNEL_DISPATCH",4,2,76,"void convert_unary<__half, float>(void const*, float*, long, long, long, HIP_vector_type<unsigned int, 3u>, long, long, long)",1232,16972326947965,16972326955669,0,0,256,1,1,212992,1,1
"KERNEL_DISPATCH",4,2,51,"void dequantize_block_iq3_s<__half>(void const*, __half*)",1233,16972326977743,16972327121450,0,0,32,1,1,1277952,1,1
"KERNEL_DISPATCH",4,2,64,"void convert_unary<float, __half>(void const*, __half*, long, long, long, HIP_vector_type<unsigned int, 3u>, long, long, long)",1234,16972327121450,16972327144414,0,0,256,1,1,786432,1,1
"KERNEL_DISPATCH",4,2,76,"void convert_unary<__half, float>(void const*, float*, long, long, long, HIP_vector_type<unsigned int, 3u>, long, long, long)",1236,16972327970360,16972327978064,0,0,256,1,1,212992,1,1
"KERNEL_DISPATCH",4,2,320,"Cijk_Alik_Bljk_HB_MT32x32x24_SN_1LDSB0_APM1_ABV0_ACED0_AF0EM2_AF1EM1_AMAS3_ASE_ASGT_ASLT_ASM_ASAE01_ASCE01_ASEM2_AAC0_BL1_BS1_CLR0_DTLA0_DTLB0_DTVA0_DTVB0_DVO0_ETSP_EPS1_ELFLR0_EMLL0_FSSC10_FL0_GLVWA4_GLVWB4_GRCGA1_GRCGB1_GRPM1_GRVW4_GSU1_GSUASB_GLS0_ISA900_IU1_K1_KLA_LBSPPA0_LBSPPB0_LPA0_LPB0_LDL1_LRVW4_LWPMn1_LDW0_FMA_MIAV0_MDA2_MO40_MMFGLC_MKFGSU256_NTA0_NTB0_NTC0_NTD0_NEPBS0_NLCA3_NLCB3_ONLL1_OPLV0_PK0_PAP0_PGR1_PLR1_PKA0_SIA1_SLW1_SS0_SU32_SUM0_SUS256_SCIUI1_SPO0_SRVW0_SSO0_SVW4_SNLL0_TSGRA0_TSGRB0_TT4_4_TLDS0_UMLDSA0_UMLDSB0_USFGRO0_VAW2_VS1_VW4_VWB4_VFLRP0_WSGRA0_WSGRB0_WS64_WG8_8_1_WGM8",1235,16972327144414,16972327970360,0,7168,64,1,1,3328,4,1
"KERNEL_DISPATCH",4,2,51,"void dequantize_block_iq3_s<__half>(void const*, __half*)",1237,16972327999990,16972328143846,0,0,32,1,1,1277952,1,1
"KERNEL_DISPATCH",4,2,64,"void convert_unary<float, __half>(void const*, __half*, long, long, long, HIP_vector_type<unsigned int, 3u>, long, long, long)",1238,16972328143846,16972328166809,0,0,256,1,1,786432,1,1
"KERNEL_DISPATCH",4,2,320,"Cijk_Alik_Bljk_HB_MT32x32x24_SN_1LDSB0_APM1_ABV0_ACED0_AF0EM2_AF1EM1_AMAS3_ASE_ASGT_ASLT_ASM_ASAE01_ASCE01_ASEM2_AAC0_BL1_BS1_CLR0_DTLA0_DTLB0_DTVA0_DTVB0_DVO0_ETSP_EPS1_ELFLR0_EMLL0_FSSC10_FL0_GLVWA4_GLVWB4_GRCGA1_GRCGB1_GRPM1_GRVW4_GSU1_GSUASB_GLS0_ISA900_IU1_K1_KLA_LBSPPA0_LBSPPB0_LPA0_LPB0_LDL1_LRVW4_LWPMn1_LDW0_FMA_MIAV0_MDA2_MO40_MMFGLC_MKFGSU256_NTA0_NTB0_NTC0_NTD0_NEPBS0_NLCA3_NLCB3_ONLL1_OPLV0_PK0_PAP0_PGR1_PLR1_PKA0_SIA1_SLW1_SS0_SU32_SUM0_SUS256_SCIUI1_SPO0_SRVW0_SSO0_SVW4_SNLL0_TSGRA0_TSGRB0_TT4_4_TLDS0_UMLDSA0_UMLDSB0_USFGRO0_VAW2_VS1_VW4_VWB4_VFLRP0_WSGRA0_WSGRB0_WS64_WG8_8_1_WGM8",1239,16972328166809,16972328852011,0,7168,64,1,1,3328,4,1
"KERNEL_DISPATCH",4,2,76,"void convert_unary<__half, float>(void const*, float*, long, long, long, HIP_vector_type<unsigned int, 3u>, long, long, long)",1240,16972328852011,16972328859715,0,0,256,1,1,212992,1,1
"KERNEL_DISPATCH",4,2,51,"void dequantize_block_iq3_s<__half>(void const*, __half*)",1241,16972328882086,16972329026089,0,0,32,1,1,1277952,1,1
"KERNEL_DISPATCH",4,2,64,"void convert_unary<float, __half>(void const*, __half*, long, long, long, HIP_vector_type<unsigned int, 3u>, long, long, long)",1242,16972329026089,16972329049497,0,0,256,1,1,786432,1,1
"KERNEL_DISPATCH",4,2,320,"Cijk_Alik_Bljk_HB_MT32x32x24_SN_1LDSB0_APM1_ABV0_ACED0_AF0EM2_AF1EM1_AMAS3_ASE_ASGT_ASLT_ASM_ASAE01_ASCE01_ASEM2_AAC0_BL1_BS1_CLR0_DTLA0_DTLB0_DTVA0_DTVB0_DVO0_ETSP_EPS1_ELFLR0_EMLL0_FSSC10_FL0_GLVWA4_GLVWB4_GRCGA1_GRCGB1_GRPM1_GRVW4_GSU1_GSUASB_GLS0_ISA900_IU1_K1_KLA_LBSPPA0_LBSPPB0_LPA0_LPB0_LDL1_LRVW4_LWPMn1_LDW0_FMA_MIAV0_MDA2_MO40_MMFGLC_MKFGSU256_NTA0_NTB0_NTC0_NTD0_NEPBS0_NLCA3_NLCB3_ONLL1_OPLV0_PK0_PAP0_PGR1_PLR1_PKA0_SIA1_SLW1_SS0_SU32_SUM0_SUS256_SCIUI1_SPO0_SRVW0_SSO0_SVW4_SNLL0_TSGRA0_TSGRB0_TT4_4_TLDS0_UMLDSA0_UMLDSB0_USFGRO0_VAW2_VS1_VW4_VWB4_VFLRP0_WSGRA0_WSGRB0_WS64_WG8_8_1_WGM8",1243,16972329049497,16972329722254,0,7168,64,1,1,3328,4,1
"KERNEL_DISPATCH",4,2,76,"void convert_unary<__half, float>(void const*, float*, long, long, long, HIP_vector_type<unsigned int, 3u>, long, long, long)",1244,16972329722254,16972329729958,0,0,256,1,1,212992,1,1
"KERNEL_DISPATCH",4,2,51,"void dequantize_block_iq3_s<__half>(void const*, __half*)",1245,16972329751884,16972329895592,0,0,32,1,1,1277952,1,1
"KERNEL_DISPATCH",4,2,64,"void convert_unary<float, __half>(void const*, __half*, long, long, long, HIP_vector_type<unsigned int, 3u>, long, long, long)",1246,16972329895592,16972329918407,0,0,256,1,1,786432,1,1
"KERNEL_DISPATCH",4,2,320,"Cijk_Alik_Bljk_HB_MT32x32x24_SN_1LDSB0_APM1_ABV0_ACED0_AF0EM2_AF1EM1_AMAS3_ASE_ASGT_ASLT_ASM_ASAE01_ASCE01_ASEM2_AAC0_BL1_BS1_CLR0_DTLA0_DTLB0_DTVA0_DTVB0_DVO0_ETSP_EPS1_ELFLR0_EMLL0_FSSC10_FL0_GLVWA4_GLVWB4_GRCGA1_GRCGB1_GRPM1_GRVW4_GSU1_GSUASB_GLS0_ISA900_IU1_K1_KLA_LBSPPA0_LBSPPB0_LPA0_LPB0_LDL1_LRVW4_LWPMn1_LDW0_FMA_MIAV0_MDA2_MO40_MMFGLC_MKFGSU256_NTA0_NTB0_NTC0_NTD0_NEPBS0_NLCA3_NLCB3_ONLL1_OPLV0_PK0_PAP0_PGR1_PLR1_PKA0_SIA1_SLW1_SS0_SU32_SUM0_SUS256_SCIUI1_SPO0_SRVW0_SSO0_SVW4_SNLL0_TSGRA0_TSGRB0_TT4_4_TLDS0_UMLDSA0_UMLDSB0_USFGRO0_VAW2_VS1_VW4_VWB4_VFLRP0_WSGRA0_WSGRB0_WS64_WG8_8_1_WGM8",1247,16972329918407,16972330570274,0,7168,64,1,1,3328,4,1
"KERNEL_DISPATCH",4,2,76,"void convert_unary<__half, float>(void const*, float*, long, long, long, HIP_vector_type<unsigned int, 3u>, long, long, long)",1248,16972330570274,16972330577089,0,0,256,1,1,212992,1,1
"KERNEL_DISPATCH",4,2,51,"void dequantize_block_iq3_s<__half>(void const*, __half*)",1249,16972330597534,16972330726575,0,0,32,1,1,1277952,1,1
"KERNEL_DISPATCH",4,2,64,"void convert_unary<float, __half>(void const*, __half*, long, long, long, HIP_vector_type<unsigned int, 3u>, long, long, long)",1250,16972330726575,16972330747168,0,0,256,1,1,786432,1,1
"KERNEL_DISPATCH",4,2,320,"Cijk_Alik_Bljk_HB_MT32x32x24_SN_1LDSB0_APM1_ABV0_ACED0_AF0EM2_AF1EM1_AMAS3_ASE_ASGT_ASLT_ASM_ASAE01_ASCE01_ASEM2_AAC0_BL1_BS1_CLR0_DTLA0_DTLB0_DTVA0_DTVB0_DVO0_ETSP_EPS1_ELFLR0_EMLL0_FSSC10_FL0_GLVWA4_GLVWB4_GRCGA1_GRCGB1_GRPM1_GRVW4_GSU1_GSUASB_GLS0_ISA900_IU1_K1_KLA_LBSPPA0_LBSPPB0_LPA0_LPB0_LDL1_LRVW4_LWPMn1_LDW0_FMA_MIAV0_MDA2_MO40_MMFGLC_MKFGSU256_NTA0_NTB0_NTC0_NTD0_NEPBS0_NLCA3_NLCB3_ONLL1_OPLV0_PK0_PAP0_PGR1_PLR1_PKA0_SIA1_SLW1_SS0_SU32_SUM0_SUS256_SCIUI1_SPO0_SRVW0_SSO0_SVW4_SNLL0_TSGRA0_TSGRB0_TT4_4_TLDS0_UMLDSA0_UMLDSB0_USFGRO0_VAW2_VS1_VW4_VWB4_VFLRP0_WSGRA0_WSGRB0_WS64_WG8_8_1_WGM8",1251,16972330747168,16972331542594,0,7168,64,1,1,3328,4,1
"KERNEL_DISPATCH",4,2,76,"void convert_unary<__half, float>(void const*, float*, long, long, long, HIP_vector_type<unsigned int, 3u>, long, long, long)",1252,16972331542594,16972331549409,0,0,256,1,1,212992,1,1
"KERNEL_DISPATCH",4,2,51,"void dequantize_block_iq3_s<__half>(void const*, __half*)",1253,16972331569262,16972331690302,0,0,32,1,1,1277952,1,1
"KERNEL_DISPATCH",4,2,64,"void convert_unary<float, __half>(void const*, __half*, long, long, long, HIP_vector_type<unsigned int, 3u>, long, long, long)",1254,16972331690302,16972331710302,0,0,256,1,1,786432,1,1
"KERNEL_DISPATCH",4,2,320,"Cijk_Alik_Bljk_HB_MT32x32x24_SN_1LDSB0_APM1_ABV0_ACED0_AF0EM2_AF1EM1_AMAS3_ASE_ASGT_ASLT_ASM_ASAE01_ASCE01_ASEM2_AAC0_BL1_BS1_CLR0_DTLA0_DTLB0_DTVA0_DTVB0_DVO0_ETSP_EPS1_ELFLR0_EMLL0_FSSC10_FL0_GLVWA4_GLVWB4_GRCGA1_GRCGB1_GRPM1_GRVW4_GSU1_GSUASB_GLS0_ISA900_IU1_K1_KLA_LBSPPA0_LBSPPB0_LPA0_LPB0_LDL1_LRVW4_LWPMn1_LDW0_FMA_MIAV0_MDA2_MO40_MMFGLC_MKFGSU256_NTA0_NTB0_NTC0_NTD0_NEPBS0_NLCA3_NLCB3_ONLL1_OPLV0_PK0_PAP0_PGR1_PLR1_PKA0_SIA1_SLW1_SS0_SU32_SUM0_SUS256_SCIUI1_SPO0_SRVW0_SSO0_SVW4_SNLL0_TSGRA0_TSGRB0_TT4_4_TLDS0_UMLDSA0_UMLDSB0_USFGRO0_VAW2_VS1_VW4_VWB4_VFLRP0_WSGRA0_WSGRB0_WS64_WG8_8_1_WGM8",1255,16972331710302,16972332368836,0,7168,64,1,1,3328,4,1
"KERNEL_DISPATCH",4,2,76,"void convert_unary<__half, float>(void const*, float*, long, long, long, HIP_vector_type<unsigned int, 3u>, long, long, long)",1256,16972332368836,16972332375355,0,0,256,1,1,212992,1,1
"KERNEL_DISPATCH",4,2,51,"void dequantize_block_iq3_s<__half>(void const*, __half*)",1257,16972332394911,16972332516247,0,0,32,1,1,1277952,1,1
"KERNEL_DISPATCH",4,2,64,"void convert_unary<float, __half>(void const*, __half*, long, long, long, HIP_vector_type<unsigned int, 3u>, long, long, long)",1258,16972332516247,16972332535655,0,0,256,1,1,786432,1,1
"KERNEL_DISPATCH",4,2,320,"Cijk_Alik_Bljk_HB_MT32x32x24_SN_1LDSB0_APM1_ABV0_ACED0_AF0EM2_AF1EM1_AMAS3_ASE_ASGT_ASLT_ASM_ASAE01_ASCE01_ASEM2_AAC0_BL1_BS1_CLR0_DTLA0_DTLB0_DTVA0_DTVB0_DVO0_ETSP_EPS1_ELFLR0_EMLL0_FSSC10_FL0_GLVWA4_GLVWB4_GRCGA1_GRCGB1_GRPM1_GRVW4_GSU1_GSUASB_GLS0_ISA900_IU1_K1_KLA_LBSPPA0_LBSPPB0_LPA0_LPB0_LDL1_LRVW4_LWPMn1_LDW0_FMA_MIAV0_MDA2_MO40_MMFGLC_MKFGSU256_NTA0_NTB0_NTC0_NTD0_NEPBS0_NLCA3_NLCB3_ONLL1_OPLV0_PK0_PAP0_PGR1_PLR1_PKA0_SIA1_SLW1_SS0_SU32_SUM0_SUS256_SCIUI1_SPO0_SRVW0_SSO0_SVW4_SNLL0_TSGRA0_TSGRB0_TT4_4_TLDS0_UMLDSA0_UMLDSB0_USFGRO0_VAW2_VS1_VW4_VWB4_VFLRP0_WSGRA0_WSGRB0_WS64_WG8_8_1_WGM8",1259,16972332535655,16972333150633,0,7168,64,1,1,3328,4,1
"KERNEL_DISPATCH",4,2,76,"void convert_unary<__half, float>(void const*, float*, long, long, long, HIP_vector_type<unsigned int, 3u>, long, long, long)",1260,16972333150633,16972333157300,0,0,256,1,1,212992,1,1
"KERNEL_DISPATCH",4,2,51,"void dequantize_block_iq3_s<__half>(void const*, __half*)",1261,16974700636037,16974700763595,0,0,32,1,1,1310720,1,1
"KERNEL_DISPATCH",4,2,64,"void convert_unary<float, __half>(void const*, __half*, long, long, long, HIP_vector_type<unsigned int, 3u>, long, long, long)",1262,16974700763595,16974700783743,0,0,256,1,1,655360,1,1
"KERNEL_DISPATCH",4,2,76,"void convert_unary<__half, float>(void const*, float*, long, long, long, HIP_vector_type<unsigned int, 3u>, long, long, long)",1264,16974701360053,16974701368646,0,0,256,1,1,262144,1,1
"KERNEL_DISPATCH",4,2,320,"Cijk_Alik_Bljk_HB_MT32x32x24_SN_1LDSB0_APM1_ABV0_ACED0_AF0EM2_AF1EM1_AMAS3_ASE_ASGT_ASLT_ASM_ASAE01_ASCE01_ASEM2_AAC0_BL1_BS1_CLR0_DTLA0_DTLB0_DTVA0_DTVB0_DVO0_ETSP_EPS1_ELFLR0_EMLL0_FSSC10_FL0_GLVWA4_GLVWB4_GRCGA1_GRCGB1_GRPM1_GRVW4_GSU1_GSUASB_GLS0_ISA900_IU1_K1_KLA_LBSPPA0_LBSPPB0_LPA0_LPB0_LDL1_LRVW4_LWPMn1_LDW0_FMA_MIAV0_MDA2_MO40_MMFGLC_MKFGSU256_NTA0_NTB0_NTC0_NTD0_NEPBS0_NLCA3_NLCB3_ONLL1_OPLV0_PK0_PAP0_PGR1_PLR1_PKA0_SIA1_SLW1_SS0_SU32_SUM0_SUS256_SCIUI1_SPO0_SRVW0_SSO0_SVW4_SNLL0_TSGRA0_TSGRB0_TT4_4_TLDS0_UMLDSA0_UMLDSB0_USFGRO0_VAW2_VS1_VW4_VWB4_VFLRP0_WSGRA0_WSGRB0_WS64_WG8_8_1_WGM8",1263,16974700783743,16974701360053,0,7168,64,1,1,4096,4,1
"KERNEL_DISPATCH",4,2,51,"void dequantize_block_iq3_s<__half>(void const*, __half*)",1265,16974701424351,16974701548798,0,0,32,1,1,1310720,1,1
"KERNEL_DISPATCH",4,2,64,"void convert_unary<float, __half>(void const*, __half*, long, long, long, HIP_vector_type<unsigned int, 3u>, long, long, long)",1266,16974701548798,16974701565984,0,0,256,1,1,655360,1,1
"KERNEL_DISPATCH",4,2,320,"Cijk_Alik_Bljk_HB_MT32x32x24_SN_1LDSB0_APM1_ABV0_ACED0_AF0EM2_AF1EM1_AMAS3_ASE_ASGT_ASLT_ASM_ASAE01_ASCE01_ASEM2_AAC0_BL1_BS1_CLR0_DTLA0_DTLB0_DTVA0_DTVB0_DVO0_ETSP_EPS1_ELFLR0_EMLL0_FSSC10_FL0_GLVWA4_GLVWB4_GRCGA1_GRCGB1_GRPM1_GRVW4_GSU1_GSUASB_GLS0_ISA900_IU1_K1_KLA_LBSPPA0_LBSPPB0_LPA0_LPB0_LDL1_LRVW4_LWPMn1_LDW0_FMA_MIAV0_MDA2_MO40_MMFGLC_MKFGSU256_NTA0_NTB0_NTC0_NTD0_NEPBS0_NLCA3_NLCB3_ONLL1_OPLV0_PK0_PAP0_PGR1_PLR1_PKA0_SIA1_SLW1_SS0_SU32_SUM0_SUS256_SCIUI1_SPO0_SRVW0_SSO0_SVW4_SNLL0_TSGRA0_TSGRB0_TT4_4_TLDS0_UMLDSA0_UMLDSB0_USFGRO0_VAW2_VS1_VW4_VWB4_VFLRP0_WSGRA0_WSGRB0_WS64_WG8_8_1_WGM8",1267,16974701565984,16974702129109,0,7168,64,1,1,4096,4,1
"KERNEL_DISPATCH",4,2,76,"void convert_unary<__half, float>(void const*, float*, long, long, long, HIP_vector_type<unsigned int, 3u>, long, long, long)",1268,16974702129109,16974702137109,0,0,256,1,1,262144,1,1
"KERNEL_DISPATCH",4,2,51,"void dequantize_block_iq3_s<__half>(void const*, __half*)",1269,16974702159184,16974702291335,0,0,32,1,1,1310720,1,1
"KERNEL_DISPATCH",4,2,64,"void convert_unary<float, __half>(void const*, __half*, long, long, long, HIP_vector_type<unsigned int, 3u>, long, long, long)",1270,16974702291335,16974702308965,0,0,256,1,1,655360,1,1
"KERNEL_DISPATCH",4,2,320,"Cijk_Alik_Bljk_HB_MT32x32x24_SN_1LDSB0_APM1_ABV0_ACED0_AF0EM2_AF1EM1_AMAS3_ASE_ASGT_ASLT_ASM_ASAE01_ASCE01_ASEM2_AAC0_BL1_BS1_CLR0_DTLA0_DTLB0_DTVA0_DTVB0_DVO0_ETSP_EPS1_ELFLR0_EMLL0_FSSC10_FL0_GLVWA4_GLVWB4_GRCGA1_GRCGB1_GRPM1_GRVW4_GSU1_GSUASB_GLS0_ISA900_IU1_K1_KLA_LBSPPA0_LBSPPB0_LPA0_LPB0_LDL1_LRVW4_LWPMn1_LDW0_FMA_MIAV0_MDA2_MO40_MMFGLC_MKFGSU256_NTA0_NTB0_NTC0_NTD0_NEPBS0_NLCA3_NLCB3_ONLL1_OPLV0_PK0_PAP0_PGR1_PLR1_PKA0_SIA1_SLW1_SS0_SU32_SUM0_SUS256_SCIUI1_SPO0_SRVW0_SSO0_SVW4_SNLL0_TSGRA0_TSGRB0_TT4_4_TLDS0_UMLDSA0_UMLDSB0_USFGRO0_VAW2_VS1_VW4_VWB4_VFLRP0_WSGRA0_WSGRB0_WS64_WG8_8_1_WGM8",1271,16974702308965,16974702890016,0,7168,64,1,1,4096,4,1
"KERNEL_DISPATCH",4,2,76,"void convert_unary<__half, float>(void const*, float*, long, long, long, HIP_vector_type<unsigned int, 3u>, long, long, long)",1272,16974702890016,16974702898016,0,0,256,1,1,262144,1,1
"KERNEL_DISPATCH",4,2,51,"void dequantize_block_iq3_s<__half>(void const*, __half*)",1273,16974702919498,16974703051650,0,0,32,1,1,1310720,1,1
"KERNEL_DISPATCH",4,2,64,"void convert_unary<float, __half>(void const*, __half*, long, long, long, HIP_vector_type<unsigned int, 3u>, long, long, long)",1274,16974703051650,16974703069131,0,0,256,1,1,655360,1,1
"KERNEL_DISPATCH",4,2,320,"Cijk_Alik_Bljk_HB_MT32x32x24_SN_1LDSB0_APM1_ABV0_ACED0_AF0EM2_AF1EM1_AMAS3_ASE_ASGT_ASLT_ASM_ASAE01_ASCE01_ASEM2_AAC0_BL1_BS1_CLR0_DTLA0_DTLB0_DTVA0_DTVB0_DVO0_ETSP_EPS1_ELFLR0_EMLL0_FSSC10_FL0_GLVWA4_GLVWB4_GRCGA1_GRCGB1_GRPM1_GRVW4_GSU1_GSUASB_GLS0_ISA900_IU1_K1_KLA_LBSPPA0_LBSPPB0_LPA0_LPB0_LDL1_LRVW4_LWPMn1_LDW0_FMA_MIAV0_MDA2_MO40_MMFGLC_MKFGSU256_NTA0_NTB0_NTC0_NTD0_NEPBS0_NLCA3_NLCB3_ONLL1_OPLV0_PK0_PAP0_PGR1_PLR1_PKA0_SIA1_SLW1_SS0_SU32_SUM0_SUS256_SCIUI1_SPO0_SRVW0_SSO0_SVW4_SNLL0_TSGRA0_TSGRB0_TT4_4_TLDS0_UMLDSA0_UMLDSB0_USFGRO0_VAW2_VS1_VW4_VWB4_VFLRP0_WSGRA0_WSGRB0_WS64_WG8_8_1_WGM8",1275,16974703069131,16974703593144,0,7168,64,1,1,4096,4,1
"KERNEL_DISPATCH",4,2,76,"void convert_unary<__half, float>(void const*, float*, long, long, long, HIP_vector_type<unsigned int, 3u>, long, long, long)",1276,16974703593144,16974703600996,0,0,256,1,1,262144,1,1
"KERNEL_DISPATCH",4,2,51,"void dequantize_block_iq3_s<__half>(void const*, __half*)",1277,16974703622478,16974703754926,0,0,32,1,1,1310720,1,1
"KERNEL_DISPATCH",4,2,64,"void convert_unary<float, __half>(void const*, __half*, long, long, long, HIP_vector_type<unsigned int, 3u>, long, long, long)",1278,16974703754926,16974703772408,0,0,256,1,1,655360,1,1
"KERNEL_DISPATCH",4,2,320,"Cijk_Alik_Bljk_HB_MT32x32x24_SN_1LDSB0_APM1_ABV0_ACED0_AF0EM2_AF1EM1_AMAS3_ASE_ASGT_ASLT_ASM_ASAE01_ASCE01_ASEM2_AAC0_BL1_BS1_CLR0_DTLA0_DTLB0_DTVA0_DTVB0_DVO0_ETSP_EPS1_ELFLR0_EMLL0_FSSC10_FL0_GLVWA4_GLVWB4_GRCGA1_GRCGB1_GRPM1_GRVW4_GSU1_GSUASB_GLS0_ISA900_IU1_K1_KLA_LBSPPA0_LBSPPB0_LPA0_LPB0_LDL1_LRVW4_LWPMn1_LDW0_FMA_MIAV0_MDA2_MO40_MMFGLC_MKFGSU256_NTA0_NTB0_NTC0_NTD0_NEPBS0_NLCA3_NLCB3_ONLL1_OPLV0_PK0_PAP0_PGR1_PLR1_PKA0_SIA1_SLW1_SS0_SU32_SUM0_SUS256_SCIUI1_SPO0_SRVW0_SSO0_SVW4_SNLL0_TSGRA0_TSGRB0_TT4_4_TLDS0_UMLDSA0_UMLDSB0_USFGRO0_VAW2_VS1_VW4_VWB4_VFLRP0_WSGRA0_WSGRB0_WS64_WG8_8_1_WGM8",1279,16974703772408,16974704307384,0,7168,64,1,1,4096,4,1
"KERNEL_DISPATCH",4,2,76,"void convert_unary<__half, float>(void const*, float*, long, long, long, HIP_vector_type<unsigned int, 3u>, long, long, long)",1280,16974704307384,16974704315236,0,0,256,1,1,262144,1,1
"KERNEL_DISPATCH",4,2,51,"void dequantize_block_iq3_s<__half>(void const*, __half*)",1281,16974704336421,16974704468721,0,0,32,1,1,1310720,1,1
"KERNEL_DISPATCH",4,2,64,"void convert_unary<float, __half>(void const*, __half*, long, long, long, HIP_vector_type<unsigned int, 3u>, long, long, long)",1282,16974704468721,16974704486499,0,0,256,1,1,655360,1,1
"KERNEL_DISPATCH",4,2,320,"Cijk_Alik_Bljk_HB_MT32x32x24_SN_1LDSB0_APM1_ABV0_ACED0_AF0EM2_AF1EM1_AMAS3_ASE_ASGT_ASLT_ASM_ASAE01_ASCE01_ASEM2_AAC0_BL1_BS1_CLR0_DTLA0_DTLB0_DTVA0_DTVB0_DVO0_ETSP_EPS1_ELFLR0_EMLL0_FSSC10_FL0_GLVWA4_GLVWB4_GRCGA1_GRCGB1_GRPM1_GRVW4_GSU1_GSUASB_GLS0_ISA900_IU1_K1_KLA_LBSPPA0_LBSPPB0_LPA0_LPB0_LDL1_LRVW4_LWPMn1_LDW0_FMA_MIAV0_MDA2_MO40_MMFGLC_MKFGSU256_NTA0_NTB0_NTC0_NTD0_NEPBS0_NLCA3_NLCB3_ONLL1_OPLV0_PK0_PAP0_PGR1_PLR1_PKA0_SIA1_SLW1_SS0_SU32_SUM0_SUS256_SCIUI1_SPO0_SRVW0_SSO0_SVW4_SNLL0_TSGRA0_TSGRB0_TT4_4_TLDS0_UMLDSA0_UMLDSB0_USFGRO0_VAW2_VS1_VW4_VWB4_VFLRP0_WSGRA0_WSGRB0_WS64_WG8_8_1_WGM8",1283,16974704486499,16974705019697,0,7168,64,1,1,4096,4,1
"KERNEL_DISPATCH",4,2,76,"void convert_unary<__half, float>(void const*, float*, long, long, long, HIP_vector_type<unsigned int, 3u>, long, long, long)",1284,16974705019697,16974705027845,0,0,256,1,1,262144,1,1
"KERNEL_DISPATCH",4,2,51,"void dequantize_block_iq3_s<__half>(void const*, __half*)",1285,16974705049179,16974705204739,0,0,32,1,1,1310720,1,1
"KERNEL_DISPATCH",4,2,64,"void convert_unary<float, __half>(void const*, __half*, long, long, long, HIP_vector_type<unsigned int, 3u>, long, long, long)",1286,16974705204739,16974705224591,0,0,256,1,1,655360,1,1
"KERNEL_DISPATCH",4,2,320,"Cijk_Alik_Bljk_HB_MT32x32x24_SN_1LDSB0_APM1_ABV0_ACED0_AF0EM2_AF1EM1_AMAS3_ASE_ASGT_ASLT_ASM_ASAE01_ASCE01_ASEM2_AAC0_BL1_BS1_CLR0_DTLA0_DTLB0_DTVA0_DTVB0_DVO0_ETSP_EPS1_ELFLR0_EMLL0_FSSC10_FL0_GLVWA4_GLVWB4_GRCGA1_GRCGB1_GRPM1_GRVW4_GSU1_GSUASB_GLS0_ISA900_IU1_K1_KLA_LBSPPA0_LBSPPB0_LPA0_LPB0_LDL1_LRVW4_LWPMn1_LDW0_FMA_MIAV0_MDA2_MO40_MMFGLC_MKFGSU256_NTA0_NTB0_NTC0_NTD0_NEPBS0_NLCA3_NLCB3_ONLL1_OPLV0_PK0_PAP0_PGR1_PLR1_PKA0_SIA1_SLW1_SS0_SU32_SUM0_SUS256_SCIUI1_SPO0_SRVW0_SSO0_SVW4_SNLL0_TSGRA0_TSGRB0_TT4_4_TLDS0_UMLDSA0_UMLDSB0_USFGRO0_VAW2_VS1_VW4_VWB4_VFLRP0_WSGRA0_WSGRB0_WS64_WG8_8_1_WGM8",1287,16974705224591,16974705796605,0,7168,64,1,1,4096,4,1
"KERNEL_DISPATCH",4,2,76,"void convert_unary<__half, float>(void const*, float*, long, long, long, HIP_vector_type<unsigned int, 3u>, long, long, long)",1288,16974705796605,16974705805346,0,0,256,1,1,262144,1,1
"KERNEL_DISPATCH",4,2,51,"void dequantize_block_iq3_s<__half>(void const*, __half*)",1289,16974705828013,16974705975868,0,0,32,1,1,1310720,1,1
"KERNEL_DISPATCH",4,2,64,"void convert_unary<float, __half>(void const*, __half*, long, long, long, HIP_vector_type<unsigned int, 3u>, long, long, long)",1290,16974705975868,16974705996017,0,0,256,1,1,655360,1,1
"KERNEL_DISPATCH",4,2,320,"Cijk_Alik_Bljk_HB_MT32x32x24_SN_1LDSB0_APM1_ABV0_ACED0_AF0EM2_AF1EM1_AMAS3_ASE_ASGT_ASLT_ASM_ASAE01_ASCE01_ASEM2_AAC0_BL1_BS1_CLR0_DTLA0_DTLB0_DTVA0_DTVB0_DVO0_ETSP_EPS1_ELFLR0_EMLL0_FSSC10_FL0_GLVWA4_GLVWB4_GRCGA1_GRCGB1_GRPM1_GRVW4_GSU1_GSUASB_GLS0_ISA900_IU1_K1_KLA_LBSPPA0_LBSPPB0_LPA0_LPB0_LDL1_LRVW4_LWPMn1_LDW0_FMA_MIAV0_MDA2_MO40_MMFGLC_MKFGSU256_NTA0_NTB0_NTC0_NTD0_NEPBS0_NLCA3_NLCB3_ONLL1_OPLV0_PK0_PAP0_PGR1_PLR1_PKA0_SIA1_SLW1_SS0_SU32_SUM0_SUS256_SCIUI1_SPO0_SRVW0_SSO0_SVW4_SNLL0_TSGRA0_TSGRB0_TT4_4_TLDS0_UMLDSA0_UMLDSB0_USFGRO0_VAW2_VS1_VW4_VWB4_VFLRP0_WSGRA0_WSGRB0_WS64_WG8_8_1_WGM8",1291,16974705996017,16974706544771,0,7168,64,1,1,4096,4,1
"KERNEL_DISPATCH",4,2,76,"void convert_unary<__half, float>(void const*, float*, long, long, long, HIP_vector_type<unsigned int, 3u>, long, long, long)",1292,16974706544771,16974706552919,0,0,256,1,1,262144,1,1
"KERNEL_DISPATCH",4,2,51,"void dequantize_block_iq3_s<__half>(void const*, __half*)",1293,16974706574401,16974706706997,0,0,32,1,1,1310720,1,1
"KERNEL_DISPATCH",4,2,64,"void convert_unary<float, __half>(void const*, __half*, long, long, long, HIP_vector_type<unsigned int, 3u>, long, long, long)",1294,16974706706997,16974706724775,0,0,256,1,1,655360,1,1
"KERNEL_DISPATCH",4,2,320,"Cijk_Alik_Bljk_HB_MT32x32x24_SN_1LDSB0_APM1_ABV0_ACED0_AF0EM2_AF1EM1_AMAS3_ASE_ASGT_ASLT_ASM_ASAE01_ASCE01_ASEM2_AAC0_BL1_BS1_CLR0_DTLA0_DTLB0_DTVA0_DTVB0_DVO0_ETSP_EPS1_ELFLR0_EMLL0_FSSC10_FL0_GLVWA4_GLVWB4_GRCGA1_GRCGB1_GRPM1_GRVW4_GSU1_GSUASB_GLS0_ISA900_IU1_K1_KLA_LBSPPA0_LBSPPB0_LPA0_LPB0_LDL1_LRVW4_LWPMn1_LDW0_FMA_MIAV0_MDA2_MO40_MMFGLC_MKFGSU256_NTA0_NTB0_NTC0_NTD0_NEPBS0_NLCA3_NLCB3_ONLL1_OPLV0_PK0_PAP0_PGR1_PLR1_PKA0_SIA1_SLW1_SS0_SU32_SUM0_SUS256_SCIUI1_SPO0_SRVW0_SSO0_SVW4_SNLL0_TSGRA0_TSGRB0_TT4_4_TLDS0_UMLDSA0_UMLDSB0_USFGRO0_VAW2_VS1_VW4_VWB4_VFLRP0_WSGRA0_WSGRB0_WS64_WG8_8_1_WGM8",1295,16974706724775,16974707290567,0,7168,64,1,1,4096,4,1
"KERNEL_DISPATCH",4,2,76,"void convert_unary<__half, float>(void const*, float*, long, long, long, HIP_vector_type<unsigned int, 3u>, long, long, long)",1296,16974707290567,16974707299456,0,0,256,1,1,262144,1,1
"KERNEL_DISPATCH",4,2,51,"void dequantize_block_iq3_s<__half>(void const*, __half*)",1297,16974707322271,16974707469830,0,0,32,1,1,1310720,1,1
"KERNEL_DISPATCH",4,2,64,"void convert_unary<float, __half>(void const*, __half*, long, long, long, HIP_vector_type<unsigned int, 3u>, long, long, long)",1298,16974707469830,16974707489683,0,0,256,1,1,655360,1,1
"KERNEL_DISPATCH",4,2,320,"Cijk_Alik_Bljk_HB_MT32x32x24_SN_1LDSB0_APM1_ABV0_ACED0_AF0EM2_AF1EM1_AMAS3_ASE_ASGT_ASLT_ASM_ASAE01_ASCE01_ASEM2_AAC0_BL1_BS1_CLR0_DTLA0_DTLB0_DTVA0_DTVB0_DVO0_ETSP_EPS1_ELFLR0_EMLL0_FSSC10_FL0_GLVWA4_GLVWB4_GRCGA1_GRCGB1_GRPM1_GRVW4_GSU1_GSUASB_GLS0_ISA900_IU1_K1_KLA_LBSPPA0_LBSPPB0_LPA0_LPB0_LDL1_LRVW4_LWPMn1_LDW0_FMA_MIAV0_MDA2_MO40_MMFGLC_MKFGSU256_NTA0_NTB0_NTC0_NTD0_NEPBS0_NLCA3_NLCB3_ONLL1_OPLV0_PK0_PAP0_PGR1_PLR1_PKA0_SIA1_SLW1_SS0_SU32_SUM0_SUS256_SCIUI1_SPO0_SRVW0_SSO0_SVW4_SNLL0_TSGRA0_TSGRB0_TT4_4_TLDS0_UMLDSA0_UMLDSB0_USFGRO0_VAW2_VS1_VW4_VWB4_VFLRP0_WSGRA0_WSGRB0_WS64_WG8_8_1_WGM8",1299,16974707489683,16974708054733,0,7168,64,1,1,4096,4,1
"KERNEL_DISPATCH",4,2,76,"void convert_unary<__half, float>(void const*, float*, long, long, long, HIP_vector_type<unsigned int, 3u>, long, long, long)",1300,16974708054733,16974708063623,0,0,256,1,1,262144,1,1
"KERNEL_DISPATCH",4,2,51,"void dequantize_block_iq3_s<__half>(void const*, __half*)",1301,16974708086290,16974708259627,0,0,32,1,1,1310720,1,1
"KERNEL_DISPATCH",4,2,64,"void convert_unary<float, __half>(void const*, __half*, long, long, long, HIP_vector_type<unsigned int, 3u>, long, long, long)",1302,16974708259627,16974708286591,0,0,256,1,1,655360,1,1
"KERNEL_DISPATCH",4,2,320,"Cijk_Alik_Bljk_HB_MT32x32x24_SN_1LDSB0_APM1_ABV0_ACED0_AF0EM2_AF1EM1_AMAS3_ASE_ASGT_ASLT_ASM_ASAE01_ASCE01_ASEM2_AAC0_BL1_BS1_CLR0_DTLA0_DTLB0_DTVA0_DTVB0_DVO0_ETSP_EPS1_ELFLR0_EMLL0_FSSC10_FL0_GLVWA4_GLVWB4_GRCGA1_GRCGB1_GRPM1_GRVW4_GSU1_GSUASB_GLS0_ISA900_IU1_K1_KLA_LBSPPA0_LBSPPB0_LPA0_LPB0_LDL1_LRVW4_LWPMn1_LDW0_FMA_MIAV0_MDA2_MO40_MMFGLC_MKFGSU256_NTA0_NTB0_NTC0_NTD0_NEPBS0_NLCA3_NLCB3_ONLL1_OPLV0_PK0_PAP0_PGR1_PLR1_PKA0_SIA1_SLW1_SS0_SU32_SUM0_SUS256_SCIUI1_SPO0_SRVW0_SSO0_SVW4_SNLL0_TSGRA0_TSGRB0_TT4_4_TLDS0_UMLDSA0_UMLDSB0_USFGRO0_VAW2_VS1_VW4_VWB4_VFLRP0_WSGRA0_WSGRB0_WS64_WG8_8_1_WGM8",1303,16974708286591,16974708918606,0,7168,64,1,1,4096,4,1
"KERNEL_DISPATCH",4,2,76,"void convert_unary<__half, float>(void const*, float*, long, long, long, HIP_vector_type<unsigned int, 3u>, long, long, long)",1304,16974708918606,16974708928829,0,0,256,1,1,262144,1,1
"KERNEL_DISPATCH",4,2,51,"void dequantize_block_iq3_s<__half>(void const*, __half*)",1305,16974708956533,16974709126167,0,0,32,1,1,1310720,1,1
"KERNEL_DISPATCH",4,2,64,"void convert_unary<float, __half>(void const*, __half*, long, long, long, HIP_vector_type<unsigned int, 3u>, long, long, long)",1306,16974709126167,16974709154019,0,0,256,1,1,655360,1,1
"KERNEL_DISPATCH",4,2,320,"Cijk_Alik_Bljk_HB_MT32x32x24_SN_1LDSB0_APM1_ABV0_ACED0_AF0EM2_AF1EM1_AMAS3_ASE_ASGT_ASLT_ASM_ASAE01_ASCE01_ASEM2_AAC0_BL1_BS1_CLR0_DTLA0_DTLB0_DTVA0_DTVB0_DVO0_ETSP_EPS1_ELFLR0_EMLL0_FSSC10_FL0_GLVWA4_GLVWB4_GRCGA1_GRCGB1_GRPM1_GRVW4_GSU1_GSUASB_GLS0_ISA900_IU1_K1_KLA_LBSPPA0_LBSPPB0_LPA0_LPB0_LDL1_LRVW4_LWPMn1_LDW0_FMA_MIAV0_MDA2_MO40_MMFGLC_MKFGSU256_NTA0_NTB0_NTC0_NTD0_NEPBS0_NLCA3_NLCB3_ONLL1_OPLV0_PK0_PAP0_PGR1_PLR1_PKA0_SIA1_SLW1_SS0_SU32_SUM0_SUS256_SCIUI1_SPO0_SRVW0_SSO0_SVW4_SNLL0_TSGRA0_TSGRB0_TT4_4_TLDS0_UMLDSA0_UMLDSB0_USFGRO0_VAW2_VS1_VW4_VWB4_VFLRP0_WSGRA0_WSGRB0_WS64_WG8_8_1_WGM8",1307,16974709154019,16974709794183,0,7168,64,1,1,4096,4,1
"KERNEL_DISPATCH",4,2,76,"void convert_unary<__half, float>(void const*, float*, long, long, long, HIP_vector_type<unsigned int, 3u>, long, long, long)",1308,16974709794183,16974709804702,0,0,256,1,1,262144,1,1
"KERNEL_DISPATCH",4,2,51,"void dequantize_block_iq3_s<__half>(void const*, __half*)",1309,16974709831813,16974710001892,0,0,32,1,1,1310720,1,1
"KERNEL_DISPATCH",4,2,64,"void convert_unary<float, __half>(void const*, __half*, long, long, long, HIP_vector_type<unsigned int, 3u>, long, long, long)",1310,16974710001892,16974710028707,0,0,256,1,1,655360,1,1
"KERNEL_DISPATCH",4,2,320,"Cijk_Alik_Bljk_HB_MT32x32x24_SN_1LDSB0_APM1_ABV0_ACED0_AF0EM2_AF1EM1_AMAS3_ASE_ASGT_ASLT_ASM_ASAE01_ASCE01_ASEM2_AAC0_BL1_BS1_CLR0_DTLA0_DTLB0_DTVA0_DTVB0_DVO0_ETSP_EPS1_ELFLR0_EMLL0_FSSC10_FL0_GLVWA4_GLVWB4_GRCGA1_GRCGB1_GRPM1_GRVW4_GSU1_GSUASB_GLS0_ISA900_IU1_K1_KLA_LBSPPA0_LBSPPB0_LPA0_LPB0_LDL1_LRVW4_LWPMn1_LDW0_FMA_MIAV0_MDA2_MO40_MMFGLC_MKFGSU256_NTA0_NTB0_NTC0_NTD0_NEPBS0_NLCA3_NLCB3_ONLL1_OPLV0_PK0_PAP0_PGR1_PLR1_PKA0_SIA1_SLW1_SS0_SU32_SUM0_SUS256_SCIUI1_SPO0_SRVW0_SSO0_SVW4_SNLL0_TSGRA0_TSGRB0_TT4_4_TLDS0_UMLDSA0_UMLDSB0_USFGRO0_VAW2_VS1_VW4_VWB4_VFLRP0_WSGRA0_WSGRB0_WS64_WG8_8_1_WGM8",1311,16974710028707,16974710597462,0,7168,64,1,1,4096,4,1
"KERNEL_DISPATCH",4,2,76,"void convert_unary<__half, float>(void const*, float*, long, long, long, HIP_vector_type<unsigned int, 3u>, long, long, long)",1312,16974710597462,16974710606351,0,0,256,1,1,262144,1,1
"KERNEL_DISPATCH",4,2,51,"void dequantize_block_iq3_s<__half>(void const*, __half*)",1313,16974710629166,16974710776725,0,0,32,1,1,1310720,1,1
"KERNEL_DISPATCH",4,2,64,"void convert_unary<float, __half>(void const*, __half*, long, long, long, HIP_vector_type<unsigned int, 3u>, long, long, long)",1314,16974710776725,16974710796726,0,0,256,1,1,655360,1,1
"KERNEL_DISPATCH",4,2,320,"Cijk_Alik_Bljk_HB_MT32x32x24_SN_1LDSB0_APM1_ABV0_ACED0_AF0EM2_AF1EM1_AMAS3_ASE_ASGT_ASLT_ASM_ASAE01_ASCE01_ASEM2_AAC0_BL1_BS1_CLR0_DTLA0_DTLB0_DTVA0_DTVB0_DVO0_ETSP_EPS1_ELFLR0_EMLL0_FSSC10_FL0_GLVWA4_GLVWB4_GRCGA1_GRCGB1_GRPM1_GRVW4_GSU1_GSUASB_GLS0_ISA900_IU1_K1_KLA_LBSPPA0_LBSPPB0_LPA0_LPB0_LDL1_LRVW4_LWPMn1_LDW0_FMA_MIAV0_MDA2_MO40_MMFGLC_MKFGSU256_NTA0_NTB0_NTC0_NTD0_NEPBS0_NLCA3_NLCB3_ONLL1_OPLV0_PK0_PAP0_PGR1_PLR1_PKA0_SIA1_SLW1_SS0_SU32_SUM0_SUS256_SCIUI1_SPO0_SRVW0_SSO0_SVW4_SNLL0_TSGRA0_TSGRB0_TT4_4_TLDS0_UMLDSA0_UMLDSB0_USFGRO0_VAW2_VS1_VW4_VWB4_VFLRP0_WSGRA0_WSGRB0_WS64_WG8_8_1_WGM8",1315,16974710796726,16974711348443,0,7168,64,1,1,4096,4,1
"KERNEL_DISPATCH",4,2,76,"void convert_unary<__half, float>(void const*, float*, long, long, long, HIP_vector_type<unsigned int, 3u>, long, long, long)",1316,16974711348443,16974711356443,0,0,256,1,1,262144,1,1
"KERNEL_DISPATCH",4,2,51,"void dequantize_block_iq3_s<__half>(void const*, __half*)",1317,16974711377777,16974711510076,0,0,32,1,1,1310720,1,1
"KERNEL_DISPATCH",4,2,64,"void convert_unary<float, __half>(void const*, __half*, long, long, long, HIP_vector_type<unsigned int, 3u>, long, long, long)",1318,16974711510076,16974711527854,0,0,256,1,1,655360,1,1
"KERNEL_DISPATCH",4,2,320,"Cijk_Alik_Bljk_HB_MT32x32x24_SN_1LDSB0_APM1_ABV0_ACED0_AF0EM2_AF1EM1_AMAS3_ASE_ASGT_ASLT_ASM_ASAE01_ASCE01_ASEM2_AAC0_BL1_BS1_CLR0_DTLA0_DTLB0_DTVA0_DTVB0_DVO0_ETSP_EPS1_ELFLR0_EMLL0_FSSC10_FL0_GLVWA4_GLVWB4_GRCGA1_GRCGB1_GRPM1_GRVW4_GSU1_GSUASB_GLS0_ISA900_IU1_K1_KLA_LBSPPA0_LBSPPB0_LPA0_LPB0_LDL1_LRVW4_LWPMn1_LDW0_FMA_MIAV0_MDA2_MO40_MMFGLC_MKFGSU256_NTA0_NTB0_NTC0_NTD0_NEPBS0_NLCA3_NLCB3_ONLL1_OPLV0_PK0_PAP0_PGR1_PLR1_PKA0_SIA1_SLW1_SS0_SU32_SUM0_SUS256_SCIUI1_SPO0_SRVW0_SSO0_SVW4_SNLL0_TSGRA0_TSGRB0_TT4_4_TLDS0_UMLDSA0_UMLDSB0_USFGRO0_VAW2_VS1_VW4_VWB4_VFLRP0_WSGRA0_WSGRB0_WS64_WG8_8_1_WGM8",1319,16974711527854,16974712067423,0,7168,64,1,1,4096,4,1
"KERNEL_DISPATCH",4,2,76,"void convert_unary<__half, float>(void const*, float*, long, long, long, HIP_vector_type<unsigned int, 3u>, long, long, long)",1320,16974712067423,16974712076460,0,0,256,1,1,262144,1,1
"KERNEL_DISPATCH",4,2,51,"void dequantize_block_iq3_s<__half>(void const*, __half*)",1321,16974712098535,16974712252465,0,0,32,1,1,1310720,1,1
"KERNEL_DISPATCH",4,2,64,"void convert_unary<float, __half>(void const*, __half*, long, long, long, HIP_vector_type<unsigned int, 3u>, long, long, long)",1322,16974712252465,16974712272169,0,0,256,1,1,655360,1,1
"KERNEL_DISPATCH",4,2,320,"Cijk_Alik_Bljk_HB_MT32x32x24_SN_1LDSB0_APM1_ABV0_ACED0_AF0EM2_AF1EM1_AMAS3_ASE_ASGT_ASLT_ASM_ASAE01_ASCE01_ASEM2_AAC0_BL1_BS1_CLR0_DTLA0_DTLB0_DTVA0_DTVB0_DVO0_ETSP_EPS1_ELFLR0_EMLL0_FSSC10_FL0_GLVWA4_GLVWB4_GRCGA1_GRCGB1_GRPM1_GRVW4_GSU1_GSUASB_GLS0_ISA900_IU1_K1_KLA_LBSPPA0_LBSPPB0_LPA0_LPB0_LDL1_LRVW4_LWPMn1_LDW0_FMA_MIAV0_MDA2_MO40_MMFGLC_MKFGSU256_NTA0_NTB0_NTC0_NTD0_NEPBS0_NLCA3_NLCB3_ONLL1_OPLV0_PK0_PAP0_PGR1_PLR1_PKA0_SIA1_SLW1_SS0_SU32_SUM0_SUS256_SCIUI1_SPO0_SRVW0_SSO0_SVW4_SNLL0_TSGRA0_TSGRB0_TT4_4_TLDS0_UMLDSA0_UMLDSB0_USFGRO0_VAW2_VS1_VW4_VWB4_VFLRP0_WSGRA0_WSGRB0_WS64_WG8_8_1_WGM8",1323,16974712272169,16974712828627,0,7168,64,1,1,4096,4,1
"KERNEL_DISPATCH",4,2,76,"void convert_unary<__half, float>(void const*, float*, long, long, long, HIP_vector_type<unsigned int, 3u>, long, long, long)",1324,16974712828627,16974712837516,0,0,256,1,1,262144,1,1
"KERNEL_DISPATCH",4,2,51,"void dequantize_block_iq3_s<__half>(void const*, __half*)",1325,16974712860183,16974713008335,0,0,32,1,1,1310720,1,1
"KERNEL_DISPATCH",4,2,64,"void convert_unary<float, __half>(void const*, __half*, long, long, long, HIP_vector_type<unsigned int, 3u>, long, long, long)",1326,16974713008335,16974713028187,0,0,256,1,1,655360,1,1
"KERNEL_DISPATCH",4,2,320,"Cijk_Alik_Bljk_HB_MT32x32x24_SN_1LDSB0_APM1_ABV0_ACED0_AF0EM2_AF1EM1_AMAS3_ASE_ASGT_ASLT_ASM_ASAE01_ASCE01_ASEM2_AAC0_BL1_BS1_CLR0_DTLA0_DTLB0_DTVA0_DTVB0_DVO0_ETSP_EPS1_ELFLR0_EMLL0_FSSC10_FL0_GLVWA4_GLVWB4_GRCGA1_GRCGB1_GRPM1_GRVW4_GSU1_GSUASB_GLS0_ISA900_IU1_K1_KLA_LBSPPA0_LBSPPB0_LPA0_LPB0_LDL1_LRVW4_LWPMn1_LDW0_FMA_MIAV0_MDA2_MO40_MMFGLC_MKFGSU256_NTA0_NTB0_NTC0_NTD0_NEPBS0_NLCA3_NLCB3_ONLL1_OPLV0_PK0_PAP0_PGR1_PLR1_PKA0_SIA1_SLW1_SS0_SU32_SUM0_SUS256_SCIUI1_SPO0_SRVW0_SSO0_SVW4_SNLL0_TSGRA0_TSGRB0_TT4_4_TLDS0_UMLDSA0_UMLDSB0_USFGRO0_VAW2_VS1_VW4_VWB4_VFLRP0_WSGRA0_WSGRB0_WS64_WG8_8_1_WGM8",1327,16974713028187,16974713577682,0,7168,64,1,1,4096,4,1
"KERNEL_DISPATCH",4,2,76,"void convert_unary<__half, float>(void const*, float*, long, long, long, HIP_vector_type<unsigned int, 3u>, long, long, long)",1328,16974713577682,16974713585682,0,0,256,1,1,262144,1,1
"KERNEL_DISPATCH",4,2,51,"void dequantize_block_iq3_s<__half>(void const*, __half*)",1329,16974713606423,16974713738871,0,0,32,1,1,1310720,1,1
"KERNEL_DISPATCH",4,2,64,"void convert_unary<float, __half>(void const*, __half*, long, long, long, HIP_vector_type<unsigned int, 3u>, long, long, long)",1330,16974713738871,16974713756649,0,0,256,1,1,655360,1,1
"KERNEL_DISPATCH",4,2,320,"Cijk_Alik_Bljk_HB_MT32x32x24_SN_1LDSB0_APM1_ABV0_ACED0_AF0EM2_AF1EM1_AMAS3_ASE_ASGT_ASLT_ASM_ASAE01_ASCE01_ASEM2_AAC0_BL1_BS1_CLR0_DTLA0_DTLB0_DTVA0_DTVB0_DVO0_ETSP_EPS1_ELFLR0_EMLL0_FSSC10_FL0_GLVWA4_GLVWB4_GRCGA1_GRCGB1_GRPM1_GRVW4_GSU1_GSUASB_GLS0_ISA900_IU1_K1_KLA_LBSPPA0_LBSPPB0_LPA0_LPB0_LDL1_LRVW4_LWPMn1_LDW0_FMA_MIAV0_MDA2_MO40_MMFGLC_MKFGSU256_NTA0_NTB0_NTC0_NTD0_NEPBS0_NLCA3_NLCB3_ONLL1_OPLV0_PK0_PAP0_PGR1_PLR1_PKA0_SIA1_SLW1_SS0_SU32_SUM0_SUS256_SCIUI1_SPO0_SRVW0_SSO0_SVW4_SNLL0_TSGRA0_TSGRB0_TT4_4_TLDS0_UMLDSA0_UMLDSB0_USFGRO0_VAW2_VS1_VW4_VWB4_VFLRP0_WSGRA0_WSGRB0_WS64_WG8_8_1_WGM8",1331,16974713756649,16974714282884,0,7168,64,1,1,4096,4,1
"KERNEL_DISPATCH",4,2,76,"void convert_unary<__half, float>(void const*, float*, long, long, long, HIP_vector_type<unsigned int, 3u>, long, long, long)",1332,16974714282884,16974714291032,0,0,256,1,1,262144,1,1
"KERNEL_DISPATCH",4,2,51,"void dequantize_block_iq3_s<__half>(void const*, __half*)",1333,16974714312070,16974714444666,0,0,32,1,1,1310720,1,1
"KERNEL_DISPATCH",4,2,64,"void convert_unary<float, __half>(void const*, __half*, long, long, long, HIP_vector_type<unsigned int, 3u>, long, long, long)",1334,16974714444666,16974714462148,0,0,256,1,1,655360,1,1
"KERNEL_DISPATCH",4,2,320,"Cijk_Alik_Bljk_HB_MT32x32x24_SN_1LDSB0_APM1_ABV0_ACED0_AF0EM2_AF1EM1_AMAS3_ASE_ASGT_ASLT_ASM_ASAE01_ASCE01_ASEM2_AAC0_BL1_BS1_CLR0_DTLA0_DTLB0_DTVA0_DTVB0_DVO0_ETSP_EPS1_ELFLR0_EMLL0_FSSC10_FL0_GLVWA4_GLVWB4_GRCGA1_GRCGB1_GRPM1_GRVW4_GSU1_GSUASB_GLS0_ISA900_IU1_K1_KLA_LBSPPA0_LBSPPB0_LPA0_LPB0_LDL1_LRVW4_LWPMn1_LDW0_FMA_MIAV0_MDA2_MO40_MMFGLC_MKFGSU256_NTA0_NTB0_NTC0_NTD0_NEPBS0_NLCA3_NLCB3_ONLL1_OPLV0_PK0_PAP0_PGR1_PLR1_PKA0_SIA1_SLW1_SS0_SU32_SUM0_SUS256_SCIUI1_SPO0_SRVW0_SSO0_SVW4_SNLL0_TSGRA0_TSGRB0_TT4_4_TLDS0_UMLDSA0_UMLDSB0_USFGRO0_VAW2_VS1_VW4_VWB4_VFLRP0_WSGRA0_WSGRB0_WS64_WG8_8_1_WGM8",1335,16974714462148,16974714989271,0,7168,64,1,1,4096,4,1
"KERNEL_DISPATCH",4,2,76,"void convert_unary<__half, float>(void const*, float*, long, long, long, HIP_vector_type<unsigned int, 3u>, long, long, long)",1336,16974714989271,16974714997123,0,0,256,1,1,262144,1,1
"KERNEL_DISPATCH",4,2,51,"void dequantize_block_iq3_s<__half>(void const*, __half*)",1337,16974715018161,16974715169868,0,0,32,1,1,1310720,1,1
"KERNEL_DISPATCH",4,2,64,"void convert_unary<float, __half>(void const*, __half*, long, long, long, HIP_vector_type<unsigned int, 3u>, long, long, long)",1338,16974715169868,16974715189424,0,0,256,1,1,655360,1,1
"KERNEL_DISPATCH",4,2,320,"Cijk_Alik_Bljk_HB_MT32x32x24_SN_1LDSB0_APM1_ABV0_ACED0_AF0EM2_AF1EM1_AMAS3_ASE_ASGT_ASLT_ASM_ASAE01_ASCE01_ASEM2_AAC0_BL1_BS1_CLR0_DTLA0_DTLB0_DTVA0_DTVB0_DVO0_ETSP_EPS1_ELFLR0_EMLL0_FSSC10_FL0_GLVWA4_GLVWB4_GRCGA1_GRCGB1_GRPM1_GRVW4_GSU1_GSUASB_GLS0_ISA900_IU1_K1_KLA_LBSPPA0_LBSPPB0_LPA0_LPB0_LDL1_LRVW4_LWPMn1_LDW0_FMA_MIAV0_MDA2_MO40_MMFGLC_MKFGSU256_NTA0_NTB0_NTC0_NTD0_NEPBS0_NLCA3_NLCB3_ONLL1_OPLV0_PK0_PAP0_PGR1_PLR1_PKA0_SIA1_SLW1_SS0_SU32_SUM0_SUS256_SCIUI1_SPO0_SRVW0_SSO0_SVW4_SNLL0_TSGRA0_TSGRB0_TT4_4_TLDS0_UMLDSA0_UMLDSB0_USFGRO0_VAW2_VS1_VW4_VWB4_VFLRP0_WSGRA0_WSGRB0_WS64_WG8_8_1_WGM8",1339,16974715189424,16974715755364,0,7168,64,1,1,4096,4,1
"KERNEL_DISPATCH",4,2,76,"void convert_unary<__half, float>(void const*, float*, long, long, long, HIP_vector_type<unsigned int, 3u>, long, long, long)",1340,16974715755364,16974715764105,0,0,256,1,1,262144,1,1
"KERNEL_DISPATCH",4,2,51,"void dequantize_block_iq3_s<__half>(void const*, __half*)",1341,16974715786624,16974715934183,0,0,32,1,1,1310720,1,1
"KERNEL_DISPATCH",4,2,64,"void convert_unary<float, __half>(void const*, __half*, long, long, long, HIP_vector_type<unsigned int, 3u>, long, long, long)",1342,16974715934183,16974715954035,0,0,256,1,1,655360,1,1
"KERNEL_DISPATCH",4,2,320,"Cijk_Alik_Bljk_HB_MT32x32x24_SN_1LDSB0_APM1_ABV0_ACED0_AF0EM2_AF1EM1_AMAS3_ASE_ASGT_ASLT_ASM_ASAE01_ASCE01_ASEM2_AAC0_BL1_BS1_CLR0_DTLA0_DTLB0_DTVA0_DTVB0_DVO0_ETSP_EPS1_ELFLR0_EMLL0_FSSC10_FL0_GLVWA4_GLVWB4_GRCGA1_GRCGB1_GRPM1_GRVW4_GSU1_GSUASB_GLS0_ISA900_IU1_K1_KLA_LBSPPA0_LBSPPB0_LPA0_LPB0_LDL1_LRVW4_LWPMn1_LDW0_FMA_MIAV0_MDA2_MO40_MMFGLC_MKFGSU256_NTA0_NTB0_NTC0_NTD0_NEPBS0_NLCA3_NLCB3_ONLL1_OPLV0_PK0_PAP0_PGR1_PLR1_PKA0_SIA1_SLW1_SS0_SU32_SUM0_SUS256_SCIUI1_SPO0_SRVW0_SSO0_SVW4_SNLL0_TSGRA0_TSGRB0_TT4_4_TLDS0_UMLDSA0_UMLDSB0_USFGRO0_VAW2_VS1_VW4_VWB4_VFLRP0_WSGRA0_WSGRB0_WS64_WG8_8_1_WGM8",1343,16974715954035,16974716509308,0,7168,64,1,1,4096,4,1
"KERNEL_DISPATCH",4,2,76,"void convert_unary<__half, float>(void const*, float*, long, long, long, HIP_vector_type<unsigned int, 3u>, long, long, long)",1344,16974716509308,16974716517308,0,0,256,1,1,262144,1,1
"KERNEL_DISPATCH",4,2,51,"void dequantize_block_iq3_s<__half>(void const*, __half*)",1345,16974716538050,16974716670349,0,0,32,1,1,1310720,1,1
"KERNEL_DISPATCH",4,2,64,"void convert_unary<float, __half>(void const*, __half*, long, long, long, HIP_vector_type<unsigned int, 3u>, long, long, long)",1346,16974716670349,16974716687979,0,0,256,1,1,655360,1,1
"KERNEL_DISPATCH",4,2,320,"Cijk_Alik_Bljk_HB_MT32x32x24_SN_1LDSB0_APM1_ABV0_ACED0_AF0EM2_AF1EM1_AMAS3_ASE_ASGT_ASLT_ASM_ASAE01_ASCE01_ASEM2_AAC0_BL1_BS1_CLR0_DTLA0_DTLB0_DTVA0_DTVB0_DVO0_ETSP_EPS1_ELFLR0_EMLL0_FSSC10_FL0_GLVWA4_GLVWB4_GRCGA1_GRCGB1_GRPM1_GRVW4_GSU1_GSUASB_GLS0_ISA900_IU1_K1_KLA_LBSPPA0_LBSPPB0_LPA0_LPB0_LDL1_LRVW4_LWPMn1_LDW0_FMA_MIAV0_MDA2_MO40_MMFGLC_MKFGSU256_NTA0_NTB0_NTC0_NTD0_NEPBS0_NLCA3_NLCB3_ONLL1_OPLV0_PK0_PAP0_PGR1_PLR1_PKA0_SIA1_SLW1_SS0_SU32_SUM0_SUS256_SCIUI1_SPO0_SRVW0_SSO0_SVW4_SNLL0_TSGRA0_TSGRB0_TT4_4_TLDS0_UMLDSA0_UMLDSB0_USFGRO0_VAW2_VS1_VW4_VWB4_VFLRP0_WSGRA0_WSGRB0_WS64_WG8_8_1_WGM8",1347,16974716687979,16974717267252,0,7168,64,1,1,4096,4,1
"KERNEL_DISPATCH",4,2,76,"void convert_unary<__half, float>(void const*, float*, long, long, long, HIP_vector_type<unsigned int, 3u>, long, long, long)",1348,16974717267252,16974717276141,0,0,256,1,1,262144,1,1
"KERNEL_DISPATCH",4,2,51,"void dequantize_block_iq3_s<__half>(void const*, __half*)",1349,16974717298809,16974717446516,0,0,32,1,1,1310720,1,1
"KERNEL_DISPATCH",4,2,64,"void convert_unary<float, __half>(void const*, __half*, long, long, long, HIP_vector_type<unsigned int, 3u>, long, long, long)",1350,16974717446516,16974717466072,0,0,256,1,1,655360,1,1
"KERNEL_DISPATCH",4,2,320,"Cijk_Alik_Bljk_HB_MT32x32x24_SN_1LDSB0_APM1_ABV0_ACED0_AF0EM2_AF1EM1_AMAS3_ASE_ASGT_ASLT_ASM_ASAE01_ASCE01_ASEM2_AAC0_BL1_BS1_CLR0_DTLA0_DTLB0_DTVA0_DTVB0_DVO0_ETSP_EPS1_ELFLR0_EMLL0_FSSC10_FL0_GLVWA4_GLVWB4_GRCGA1_GRCGB1_GRPM1_GRVW4_GSU1_GSUASB_GLS0_ISA900_IU1_K1_KLA_LBSPPA0_LBSPPB0_LPA0_LPB0_LDL1_LRVW4_LWPMn1_LDW0_FMA_MIAV0_MDA2_MO40_MMFGLC_MKFGSU256_NTA0_NTB0_NTC0_NTD0_NEPBS0_NLCA3_NLCB3_ONLL1_OPLV0_PK0_PAP0_PGR1_PLR1_PKA0_SIA1_SLW1_SS0_SU32_SUM0_SUS256_SCIUI1_SPO0_SRVW0_SSO0_SVW4_SNLL0_TSGRA0_TSGRB0_TT4_4_TLDS0_UMLDSA0_UMLDSB0_USFGRO0_VAW2_VS1_VW4_VWB4_VFLRP0_WSGRA0_WSGRB0_WS64_WG8_8_1_WGM8",1351,16974717466072,16974718036604,0,7168,64,1,1,4096,4,1
"KERNEL_DISPATCH",4,2,76,"void convert_unary<__half, float>(void const*, float*, long, long, long, HIP_vector_type<unsigned int, 3u>, long, long, long)",1352,16974718036604,16974718045345,0,0,256,1,1,262144,1,1
"KERNEL_DISPATCH",4,2,51,"void dequantize_block_iq3_s<__half>(void const*, __half*)",1353,16974718068161,16974718238387,0,0,32,1,1,1310720,1,1
"KERNEL_DISPATCH",4,2,64,"void convert_unary<float, __half>(void const*, __half*, long, long, long, HIP_vector_type<unsigned int, 3u>, long, long, long)",1354,16974718238387,16974718265795,0,0,256,1,1,655360,1,1
"KERNEL_DISPATCH",4,2,320,"Cijk_Alik_Bljk_HB_MT32x32x24_SN_1LDSB0_APM1_ABV0_ACED0_AF0EM2_AF1EM1_AMAS3_ASE_ASGT_ASLT_ASM_ASAE01_ASCE01_ASEM2_AAC0_BL1_BS1_CLR0_DTLA0_DTLB0_DTVA0_DTVB0_DVO0_ETSP_EPS1_ELFLR0_EMLL0_FSSC10_FL0_GLVWA4_GLVWB4_GRCGA1_GRCGB1_GRPM1_GRVW4_GSU1_GSUASB_GLS0_ISA900_IU1_K1_KLA_LBSPPA0_LBSPPB0_LPA0_LPB0_LDL1_LRVW4_LWPMn1_LDW0_FMA_MIAV0_MDA2_MO40_MMFGLC_MKFGSU256_NTA0_NTB0_NTC0_NTD0_NEPBS0_NLCA3_NLCB3_ONLL1_OPLV0_PK0_PAP0_PGR1_PLR1_PKA0_SIA1_SLW1_SS0_SU32_SUM0_SUS256_SCIUI1_SPO0_SRVW0_SSO0_SVW4_SNLL0_TSGRA0_TSGRB0_TT4_4_TLDS0_UMLDSA0_UMLDSB0_USFGRO0_VAW2_VS1_VW4_VWB4_VFLRP0_WSGRA0_WSGRB0_WS64_WG8_8_1_WGM8",1355,16974718265795,16974718920922,0,7168,64,1,1,4096,4,1
"KERNEL_DISPATCH",4,2,76,"void convert_unary<__half, float>(void const*, float*, long, long, long, HIP_vector_type<unsigned int, 3u>, long, long, long)",1356,16974718920922,16974718931293,0,0,256,1,1,262144,1,1
"KERNEL_DISPATCH",4,2,51,"void dequantize_block_iq3_s<__half>(void const*, __half*)",1357,16974718958404,16974719128483,0,0,32,1,1,1310720,1,1
"KERNEL_DISPATCH",4,2,64,"void convert_unary<float, __half>(void const*, __half*, long, long, long, HIP_vector_type<unsigned int, 3u>, long, long, long)",1358,16974719128483,16974719155002,0,0,256,1,1,655360,1,1
"KERNEL_DISPATCH",4,2,320,"Cijk_Alik_Bljk_HB_MT32x32x24_SN_1LDSB0_APM1_ABV0_ACED0_AF0EM2_AF1EM1_AMAS3_ASE_ASGT_ASLT_ASM_ASAE01_ASCE01_ASEM2_AAC0_BL1_BS1_CLR0_DTLA0_DTLB0_DTVA0_DTVB0_DVO0_ETSP_EPS1_ELFLR0_EMLL0_FSSC10_FL0_GLVWA4_GLVWB4_GRCGA1_GRCGB1_GRPM1_GRVW4_GSU1_GSUASB_GLS0_ISA900_IU1_K1_KLA_LBSPPA0_LBSPPB0_LPA0_LPB0_LDL1_LRVW4_LWPMn1_LDW0_FMA_MIAV0_MDA2_MO40_MMFGLC_MKFGSU256_NTA0_NTB0_NTC0_NTD0_NEPBS0_NLCA3_NLCB3_ONLL1_OPLV0_PK0_PAP0_PGR1_PLR1_PKA0_SIA1_SLW1_SS0_SU32_SUM0_SUS256_SCIUI1_SPO0_SRVW0_SSO0_SVW4_SNLL0_TSGRA0_TSGRB0_TT4_4_TLDS0_UMLDSA0_UMLDSB0_USFGRO0_VAW2_VS1_VW4_VWB4_VFLRP0_WSGRA0_WSGRB0_WS64_WG8_8_1_WGM8",1359,16974719155002,16974719805092,0,7168,64,1,1,4096,4,1
"KERNEL_DISPATCH",4,2,76,"void convert_unary<__half, float>(void const*, float*, long, long, long, HIP_vector_type<unsigned int, 3u>, long, long, long)",1360,16974719805092,16974719815314,0,0,256,1,1,262144,1,1
"KERNEL_DISPATCH",4,2,51,"void dequantize_block_iq3_s<__half>(void const*, __half*)",1361,16974719842722,16974720012948,0,0,32,1,1,1310720,1,1
"KERNEL_DISPATCH",4,2,64,"void convert_unary<float, __half>(void const*, __half*, long, long, long, HIP_vector_type<unsigned int, 3u>, long, long, long)",1362,16974720012948,16974720039468,0,0,256,1,1,655360,1,1
"KERNEL_DISPATCH",4,2,320,"Cijk_Alik_Bljk_HB_MT32x32x24_SN_1LDSB0_APM1_ABV0_ACED0_AF0EM2_AF1EM1_AMAS3_ASE_ASGT_ASLT_ASM_ASAE01_ASCE01_ASEM2_AAC0_BL1_BS1_CLR0_DTLA0_DTLB0_DTVA0_DTVB0_DVO0_ETSP_EPS1_ELFLR0_EMLL0_FSSC10_FL0_GLVWA4_GLVWB4_GRCGA1_GRCGB1_GRPM1_GRVW4_GSU1_GSUASB_GLS0_ISA900_IU1_K1_KLA_LBSPPA0_LBSPPB0_LPA0_LPB0_LDL1_LRVW4_LWPMn1_LDW0_FMA_MIAV0_MDA2_MO40_MMFGLC_MKFGSU256_NTA0_NTB0_NTC0_NTD0_NEPBS0_NLCA3_NLCB3_ONLL1_OPLV0_PK0_PAP0_PGR1_PLR1_PKA0_SIA1_SLW1_SS0_SU32_SUM0_SUS256_SCIUI1_SPO0_SRVW0_SSO0_SVW4_SNLL0_TSGRA0_TSGRB0_TT4_4_TLDS0_UMLDSA0_UMLDSB0_USFGRO0_VAW2_VS1_VW4_VWB4_VFLRP0_WSGRA0_WSGRB0_WS64_WG8_8_1_WGM8",1363,16974720039468,16974720609852,0,7168,64,1,1,4096,4,1
"KERNEL_DISPATCH",4,2,76,"void convert_unary<__half, float>(void const*, float*, long, long, long, HIP_vector_type<unsigned int, 3u>, long, long, long)",1364,16974720609852,16974720618741,0,0,256,1,1,262144,1,1
"KERNEL_DISPATCH",4,2,51,"void dequantize_block_iq3_s<__half>(void const*, __half*)",1365,16974720641852,16974720789560,0,0,32,1,1,1310720,1,1
"KERNEL_DISPATCH",4,2,64,"void convert_unary<float, __half>(void const*, __half*, long, long, long, HIP_vector_type<unsigned int, 3u>, long, long, long)",1366,16974720789560,16974720809264,0,0,256,1,1,655360,1,1
"KERNEL_DISPATCH",4,2,320,"Cijk_Alik_Bljk_HB_MT32x32x24_SN_1LDSB0_APM1_ABV0_ACED0_AF0EM2_AF1EM1_AMAS3_ASE_ASGT_ASLT_ASM_ASAE01_ASCE01_ASEM2_AAC0_BL1_BS1_CLR0_DTLA0_DTLB0_DTVA0_DTVB0_DVO0_ETSP_EPS1_ELFLR0_EMLL0_FSSC10_FL0_GLVWA4_GLVWB4_GRCGA1_GRCGB1_GRPM1_GRVW4_GSU1_GSUASB_GLS0_ISA900_IU1_K1_KLA_LBSPPA0_LBSPPB0_LPA0_LPB0_LDL1_LRVW4_LWPMn1_LDW0_FMA_MIAV0_MDA2_MO40_MMFGLC_MKFGSU256_NTA0_NTB0_NTC0_NTD0_NEPBS0_NLCA3_NLCB3_ONLL1_OPLV0_PK0_PAP0_PGR1_PLR1_PKA0_SIA1_SLW1_SS0_SU32_SUM0_SUS256_SCIUI1_SPO0_SRVW0_SSO0_SVW4_SNLL0_TSGRA0_TSGRB0_TT4_4_TLDS0_UMLDSA0_UMLDSB0_USFGRO0_VAW2_VS1_VW4_VWB4_VFLRP0_WSGRA0_WSGRB0_WS64_WG8_8_1_WGM8",1367,16974720809264,16974721360981,0,7168,64,1,1,4096,4,1
"KERNEL_DISPATCH",4,2,76,"void convert_unary<__half, float>(void const*, float*, long, long, long, HIP_vector_type<unsigned int, 3u>, long, long, long)",1368,16974721360981,16974721368833,0,0,256,1,1,262144,1,1
"KERNEL_DISPATCH",4,2,51,"void dequantize_block_iq3_s<__half>(void const*, __half*)",1369,16974721390019,16974721522466,0,0,32,1,1,1310720,1,1
"KERNEL_DISPATCH",4,2,64,"void convert_unary<float, __half>(void const*, __half*, long, long, long, HIP_vector_type<unsigned int, 3u>, long, long, long)",1370,16974721522466,16974721539948,0,0,256,1,1,655360,1,1
"KERNEL_DISPATCH",4,2,320,"Cijk_Alik_Bljk_HB_MT32x32x24_SN_1LDSB0_APM1_ABV0_ACED0_AF0EM2_AF1EM1_AMAS3_ASE_ASGT_ASLT_ASM_ASAE01_ASCE01_ASEM2_AAC0_BL1_BS1_CLR0_DTLA0_DTLB0_DTVA0_DTVB0_DVO0_ETSP_EPS1_ELFLR0_EMLL0_FSSC10_FL0_GLVWA4_GLVWB4_GRCGA1_GRCGB1_GRPM1_GRVW4_GSU1_GSUASB_GLS0_ISA900_IU1_K1_KLA_LBSPPA0_LBSPPB0_LPA0_LPB0_LDL1_LRVW4_LWPMn1_LDW0_FMA_MIAV0_MDA2_MO40_MMFGLC_MKFGSU256_NTA0_NTB0_NTC0_NTD0_NEPBS0_NLCA3_NLCB3_ONLL1_OPLV0_PK0_PAP0_PGR1_PLR1_PKA0_SIA1_SLW1_SS0_SU32_SUM0_SUS256_SCIUI1_SPO0_SRVW0_SSO0_SVW4_SNLL0_TSGRA0_TSGRB0_TT4_4_TLDS0_UMLDSA0_UMLDSB0_USFGRO0_VAW2_VS1_VW4_VWB4_VFLRP0_WSGRA0_WSGRB0_WS64_WG8_8_1_WGM8",1371,16974721539948,16974722083221,0,7168,64,1,1,4096,4,1
"KERNEL_DISPATCH",4,2,76,"void convert_unary<__half, float>(void const*, float*, long, long, long, HIP_vector_type<unsigned int, 3u>, long, long, long)",1372,16974722083221,16974722091962,0,0,256,1,1,262144,1,1
"KERNEL_DISPATCH",4,2,51,"void dequantize_block_iq3_s<__half>(void const*, __half*)",1373,16974722124999,16974722273151,0,0,32,1,1,1310720,1,1
"KERNEL_DISPATCH",4,2,64,"void convert_unary<float, __half>(void const*, __half*, long, long, long, HIP_vector_type<unsigned int, 3u>, long, long, long)",1374,16974722273151,16974722293152,0,0,256,1,1,655360,1,1
"KERNEL_DISPATCH",4,2,320,"Cijk_Alik_Bljk_HB_MT32x32x24_SN_1LDSB0_APM1_ABV0_ACED0_AF0EM2_AF1EM1_AMAS3_ASE_ASGT_ASLT_ASM_ASAE01_ASCE01_ASEM2_AAC0_BL1_BS1_CLR0_DTLA0_DTLB0_DTVA0_DTVB0_DVO0_ETSP_EPS1_ELFLR0_EMLL0_FSSC10_FL0_GLVWA4_GLVWB4_GRCGA1_GRCGB1_GRPM1_GRVW4_GSU1_GSUASB_GLS0_ISA900_IU1_K1_KLA_LBSPPA0_LBSPPB0_LPA0_LPB0_LDL1_LRVW4_LWPMn1_LDW0_FMA_MIAV0_MDA2_MO40_MMFGLC_MKFGSU256_NTA0_NTB0_NTC0_NTD0_NEPBS0_NLCA3_NLCB3_ONLL1_OPLV0_PK0_PAP0_PGR1_PLR1_PKA0_SIA1_SLW1_SS0_SU32_SUM0_SUS256_SCIUI1_SPO0_SRVW0_SSO0_SVW4_SNLL0_TSGRA0_TSGRB0_TT4_4_TLDS0_UMLDSA0_UMLDSB0_USFGRO0_VAW2_VS1_VW4_VWB4_VFLRP0_WSGRA0_WSGRB0_WS64_WG8_8_1_WGM8",1375,16974722293152,16974722906796,0,7168,64,1,1,4096,4,1
"KERNEL_DISPATCH",4,2,76,"void convert_unary<__half, float>(void const*, float*, long, long, long, HIP_vector_type<unsigned int, 3u>, long, long, long)",1376,16974722906796,16974722915685,0,0,256,1,1,262144,1,1
"KERNEL_DISPATCH",4,2,51,"void dequantize_block_iq3_s<__half>(void const*, __half*)",1377,16974722938501,16974723086060,0,0,32,1,1,1310720,1,1
"KERNEL_DISPATCH",4,2,64,"void convert_unary<float, __half>(void const*, __half*, long, long, long, HIP_vector_type<unsigned int, 3u>, long, long, long)",1378,16974723086060,16974723105764,0,0,256,1,1,655360,1,1
"KERNEL_DISPATCH",4,2,320,"Cijk_Alik_Bljk_HB_MT32x32x24_SN_1LDSB0_APM1_ABV0_ACED0_AF0EM2_AF1EM1_AMAS3_ASE_ASGT_ASLT_ASM_ASAE01_ASCE01_ASEM2_AAC0_BL1_BS1_CLR0_DTLA0_DTLB0_DTVA0_DTVB0_DVO0_ETSP_EPS1_ELFLR0_EMLL0_FSSC10_FL0_GLVWA4_GLVWB4_GRCGA1_GRCGB1_GRPM1_GRVW4_GSU1_GSUASB_GLS0_ISA900_IU1_K1_KLA_LBSPPA0_LBSPPB0_LPA0_LPB0_LDL1_LRVW4_LWPMn1_LDW0_FMA_MIAV0_MDA2_MO40_MMFGLC_MKFGSU256_NTA0_NTB0_NTC0_NTD0_NEPBS0_NLCA3_NLCB3_ONLL1_OPLV0_PK0_PAP0_PGR1_PLR1_PKA0_SIA1_SLW1_SS0_SU32_SUM0_SUS256_SCIUI1_SPO0_SRVW0_SSO0_SVW4_SNLL0_TSGRA0_TSGRB0_TT4_4_TLDS0_UMLDSA0_UMLDSB0_USFGRO0_VAW2_VS1_VW4_VWB4_VFLRP0_WSGRA0_WSGRB0_WS64_WG8_8_1_WGM8",1379,16974723105764,16974723734520,0,7168,64,1,1,4096,4,1
"KERNEL_DISPATCH",4,2,76,"void convert_unary<__half, float>(void const*, float*, long, long, long, HIP_vector_type<unsigned int, 3u>, long, long, long)",1380,16974723734520,16974723744742,0,0,256,1,1,262144,1,1
"KERNEL_DISPATCH",4,2,51,"void dequantize_block_iq3_s<__half>(void const*, __half*)",1381,16974723772150,16974723941784,0,0,32,1,1,1310720,1,1
"KERNEL_DISPATCH",4,2,64,"void convert_unary<float, __half>(void const*, __half*, long, long, long, HIP_vector_type<unsigned int, 3u>, long, long, long)",1382,16974723941784,16974723968600,0,0,256,1,1,655360,1,1
"KERNEL_DISPATCH",4,2,320,"Cijk_Alik_Bljk_HB_MT32x32x24_SN_1LDSB0_APM1_ABV0_ACED0_AF0EM2_AF1EM1_AMAS3_ASE_ASGT_ASLT_ASM_ASAE01_ASCE01_ASEM2_AAC0_BL1_BS1_CLR0_DTLA0_DTLB0_DTVA0_DTVB0_DVO0_ETSP_EPS1_ELFLR0_EMLL0_FSSC10_FL0_GLVWA4_GLVWB4_GRCGA1_GRCGB1_GRPM1_GRVW4_GSU1_GSUASB_GLS0_ISA900_IU1_K1_KLA_LBSPPA0_LBSPPB0_LPA0_LPB0_LDL1_LRVW4_LWPMn1_LDW0_FMA_MIAV0_MDA2_MO40_MMFGLC_MKFGSU256_NTA0_NTB0_NTC0_NTD0_NEPBS0_NLCA3_NLCB3_ONLL1_OPLV0_PK0_PAP0_PGR1_PLR1_PKA0_SIA1_SLW1_SS0_SU32_SUM0_SUS256_SCIUI1_SPO0_SRVW0_SSO0_SVW4_SNLL0_TSGRA0_TSGRB0_TT4_4_TLDS0_UMLDSA0_UMLDSB0_USFGRO0_VAW2_VS1_VW4_VWB4_VFLRP0_WSGRA0_WSGRB0_WS64_WG8_8_1_WGM8",1383,16974723968600,16974724553058,0,7168,64,1,1,4096,4,1
"KERNEL_DISPATCH",4,2,76,"void convert_unary<__half, float>(void const*, float*, long, long, long, HIP_vector_type<unsigned int, 3u>, long, long, long)",1384,16974724553058,16974724561799,0,0,256,1,1,262144,1,1
"KERNEL_DISPATCH",4,2,51,"void dequantize_block_iq3_s<__half>(void const*, __half*)",1385,16974724585651,16974724733507,0,0,32,1,1,1310720,1,1
"KERNEL_DISPATCH",4,2,64,"void convert_unary<float, __half>(void const*, __half*, long, long, long, HIP_vector_type<unsigned int, 3u>, long, long, long)",1386,16974724733507,16974724753359,0,0,256,1,1,655360,1,1
"KERNEL_DISPATCH",4,2,320,"Cijk_Alik_Bljk_HB_MT32x32x24_SN_1LDSB0_APM1_ABV0_ACED0_AF0EM2_AF1EM1_AMAS3_ASE_ASGT_ASLT_ASM_ASAE01_ASCE01_ASEM2_AAC0_BL1_BS1_CLR0_DTLA0_DTLB0_DTVA0_DTVB0_DVO0_ETSP_EPS1_ELFLR0_EMLL0_FSSC10_FL0_GLVWA4_GLVWB4_GRCGA1_GRCGB1_GRPM1_GRVW4_GSU1_GSUASB_GLS0_ISA900_IU1_K1_KLA_LBSPPA0_LBSPPB0_LPA0_LPB0_LDL1_LRVW4_LWPMn1_LDW0_FMA_MIAV0_MDA2_MO40_MMFGLC_MKFGSU256_NTA0_NTB0_NTC0_NTD0_NEPBS0_NLCA3_NLCB3_ONLL1_OPLV0_PK0_PAP0_PGR1_PLR1_PKA0_SIA1_SLW1_SS0_SU32_SUM0_SUS256_SCIUI1_SPO0_SRVW0_SSO0_SVW4_SNLL0_TSGRA0_TSGRB0_TT4_4_TLDS0_UMLDSA0_UMLDSB0_USFGRO0_VAW2_VS1_VW4_VWB4_VFLRP0_WSGRA0_WSGRB0_WS64_WG8_8_1_WGM8",1387,16974724753359,16974725314410,0,7168,64,1,1,4096,4,1
"KERNEL_DISPATCH",4,2,76,"void convert_unary<__half, float>(void const*, float*, long, long, long, HIP_vector_type<unsigned int, 3u>, long, long, long)",1388,16974725314410,16974725322262,0,0,256,1,1,262144,1,1
"KERNEL_DISPATCH",4,2,51,"void dequantize_block_iq3_s<__half>(void const*, __half*)",1389,16974725344188,16974725476488,0,0,32,1,1,1310720,1,1
"KERNEL_DISPATCH",4,2,64,"void convert_unary<float, __half>(void const*, __half*, long, long, long, HIP_vector_type<unsigned int, 3u>, long, long, long)",1390,16974725476488,16974725494266,0,0,256,1,1,655360,1,1
"KERNEL_DISPATCH",4,2,76,"void convert_unary<__half, float>(void const*, float*, long, long, long, HIP_vector_type<unsigned int, 3u>, long, long, long)",1392,16974726034575,16974726042576,0,0,256,1,1,262144,1,1
"KERNEL_DISPATCH",4,2,320,"Cijk_Alik_Bljk_HB_MT32x32x24_SN_1LDSB0_APM1_ABV0_ACED0_AF0EM2_AF1EM1_AMAS3_ASE_ASGT_ASLT_ASM_ASAE01_ASCE01_ASEM2_AAC0_BL1_BS1_CLR0_DTLA0_DTLB0_DTVA0_DTVB0_DVO0_ETSP_EPS1_ELFLR0_EMLL0_FSSC10_FL0_GLVWA4_GLVWB4_GRCGA1_GRCGB1_GRPM1_GRVW4_GSU1_GSUASB_GLS0_ISA900_IU1_K1_KLA_LBSPPA0_LBSPPB0_LPA0_LPB0_LDL1_LRVW4_LWPMn1_LDW0_FMA_MIAV0_MDA2_MO40_MMFGLC_MKFGSU256_NTA0_NTB0_NTC0_NTD0_NEPBS0_NLCA3_NLCB3_ONLL1_OPLV0_PK0_PAP0_PGR1_PLR1_PKA0_SIA1_SLW1_SS0_SU32_SUM0_SUS256_SCIUI1_SPO0_SRVW0_SSO0_SVW4_SNLL0_TSGRA0_TSGRB0_TT4_4_TLDS0_UMLDSA0_UMLDSB0_USFGRO0_VAW2_VS1_VW4_VWB4_VFLRP0_WSGRA0_WSGRB0_WS64_WG8_8_1_WGM8",1391,16974725494266,16974726034575,0,7168,64,1,1,4096,4,1
"KERNEL_DISPATCH",4,2,51,"void dequantize_block_iq3_s<__half>(void const*, __half*)",1393,16974726066576,16974726222284,0,0,32,1,1,1310720,1,1
"KERNEL_DISPATCH",4,2,64,"void convert_unary<float, __half>(void const*, __half*, long, long, long, HIP_vector_type<unsigned int, 3u>, long, long, long)",1394,16974726222284,16974726242284,0,0,256,1,1,655360,1,1
"KERNEL_DISPATCH",4,2,320,"Cijk_Alik_Bljk_HB_MT32x32x24_SN_1LDSB0_APM1_ABV0_ACED0_AF0EM2_AF1EM1_AMAS3_ASE_ASGT_ASLT_ASM_ASAE01_ASCE01_ASEM2_AAC0_BL1_BS1_CLR0_DTLA0_DTLB0_DTVA0_DTVB0_DVO0_ETSP_EPS1_ELFLR0_EMLL0_FSSC10_FL0_GLVWA4_GLVWB4_GRCGA1_GRCGB1_GRPM1_GRVW4_GSU1_GSUASB_GLS0_ISA900_IU1_K1_KLA_LBSPPA0_LBSPPB0_LPA0_LPB0_LDL1_LRVW4_LWPMn1_LDW0_FMA_MIAV0_MDA2_MO40_MMFGLC_MKFGSU256_NTA0_NTB0_NTC0_NTD0_NEPBS0_NLCA3_NLCB3_ONLL1_OPLV0_PK0_PAP0_PGR1_PLR1_PKA0_SIA1_SLW1_SS0_SU32_SUM0_SUS256_SCIUI1_SPO0_SRVW0_SSO0_SVW4_SNLL0_TSGRA0_TSGRB0_TT4_4_TLDS0_UMLDSA0_UMLDSB0_USFGRO0_VAW2_VS1_VW4_VWB4_VFLRP0_WSGRA0_WSGRB0_WS64_WG8_8_1_WGM8",1395,16974726242284,16974726799335,0,7168,64,1,1,4096,4,1
"KERNEL_DISPATCH",4,2,76,"void convert_unary<__half, float>(void const*, float*, long, long, long, HIP_vector_type<unsigned int, 3u>, long, long, long)",1396,16974726799335,16974726808372,0,0,256,1,1,262144,1,1
"KERNEL_DISPATCH",4,2,51,"void dequantize_block_iq3_s<__half>(void const*, __half*)",1397,16974726831632,16974726978895,0,0,32,1,1,1310720,1,1
"KERNEL_DISPATCH",4,2,64,"void convert_unary<float, __half>(void const*, __half*, long, long, long, HIP_vector_type<unsigned int, 3u>, long, long, long)",1398,16974726978895,16974726998451,0,0,256,1,1,655360,1,1
"KERNEL_DISPATCH",4,2,320,"Cijk_Alik_Bljk_HB_MT32x32x24_SN_1LDSB0_APM1_ABV0_ACED0_AF0EM2_AF1EM1_AMAS3_ASE_ASGT_ASLT_ASM_ASAE01_ASCE01_ASEM2_AAC0_BL1_BS1_CLR0_DTLA0_DTLB0_DTVA0_DTVB0_DVO0_ETSP_EPS1_ELFLR0_EMLL0_FSSC10_FL0_GLVWA4_GLVWB4_GRCGA1_GRCGB1_GRPM1_GRVW4_GSU1_GSUASB_GLS0_ISA900_IU1_K1_KLA_LBSPPA0_LBSPPB0_LPA0_LPB0_LDL1_LRVW4_LWPMn1_LDW0_FMA_MIAV0_MDA2_MO40_MMFGLC_MKFGSU256_NTA0_NTB0_NTC0_NTD0_NEPBS0_NLCA3_NLCB3_ONLL1_OPLV0_PK0_PAP0_PGR1_PLR1_PKA0_SIA1_SLW1_SS0_SU32_SUM0_SUS256_SCIUI1_SPO0_SRVW0_SSO0_SVW4_SNLL0_TSGRA0_TSGRB0_TT4_4_TLDS0_UMLDSA0_UMLDSB0_USFGRO0_VAW2_VS1_VW4_VWB4_VFLRP0_WSGRA0_WSGRB0_WS64_WG8_8_1_WGM8",1399,16974726998451,16974727546760,0,7168,64,1,1,4096,4,1
"KERNEL_DISPATCH",4,2,76,"void convert_unary<__half, float>(void const*, float*, long, long, long, HIP_vector_type<unsigned int, 3u>, long, long, long)",1400,16974727546760,16974727555649,0,0,256,1,1,262144,1,1
"KERNEL_DISPATCH",4,2,51,"void dequantize_block_iq3_s<__half>(void const*, __half*)",1401,16974727578613,16974727726468,0,0,32,1,1,1310720,1,1
"KERNEL_DISPATCH",4,2,64,"void convert_unary<float, __half>(void const*, __half*, long, long, long, HIP_vector_type<unsigned int, 3u>, long, long, long)",1402,16974727726468,16974727746172,0,0,256,1,1,655360,1,1
"KERNEL_DISPATCH",4,2,76,"void convert_unary<__half, float>(void const*, float*, long, long, long, HIP_vector_type<unsigned int, 3u>, long, long, long)",1404,16974728306630,16974728314779,0,0,256,1,1,262144,1,1
"KERNEL_DISPATCH",4,2,320,"Cijk_Alik_Bljk_HB_MT32x32x24_SN_1LDSB0_APM1_ABV0_ACED0_AF0EM2_AF1EM1_AMAS3_ASE_ASGT_ASLT_ASM_ASAE01_ASCE01_ASEM2_AAC0_BL1_BS1_CLR0_DTLA0_DTLB0_DTVA0_DTVB0_DVO0_ETSP_EPS1_ELFLR0_EMLL0_FSSC10_FL0_GLVWA4_GLVWB4_GRCGA1_GRCGB1_GRPM1_GRVW4_GSU1_GSUASB_GLS0_ISA900_IU1_K1_KLA_LBSPPA0_LBSPPB0_LPA0_LPB0_LDL1_LRVW4_LWPMn1_LDW0_FMA_MIAV0_MDA2_MO40_MMFGLC_MKFGSU256_NTA0_NTB0_NTC0_NTD0_NEPBS0_NLCA3_NLCB3_ONLL1_OPLV0_PK0_PAP0_PGR1_PLR1_PKA0_SIA1_SLW1_SS0_SU32_SUM0_SUS256_SCIUI1_SPO0_SRVW0_SSO0_SVW4_SNLL0_TSGRA0_TSGRB0_TT4_4_TLDS0_UMLDSA0_UMLDSB0_USFGRO0_VAW2_VS1_VW4_VWB4_VFLRP0_WSGRA0_WSGRB0_WS64_WG8_8_1_WGM8",1403,16974727746172,16974728306630,0,7168,64,1,1,4096,4,1
"KERNEL_DISPATCH",4,2,51,"void dequantize_block_iq3_s<__half>(void const*, __half*)",1405,16974728335964,16974728468412,0,0,32,1,1,1310720,1,1
"KERNEL_DISPATCH",4,2,64,"void convert_unary<float, __half>(void const*, __half*, long, long, long, HIP_vector_type<unsigned int, 3u>, long, long, long)",1406,16974728468412,16974728486635,0,0,256,1,1,655360,1,1
"KERNEL_DISPATCH",4,2,320,"Cijk_Alik_Bljk_HB_MT32x32x24_SN_1LDSB0_APM1_ABV0_ACED0_AF0EM2_AF1EM1_AMAS3_ASE_ASGT_ASLT_ASM_ASAE01_ASCE01_ASEM2_AAC0_BL1_BS1_CLR0_DTLA0_DTLB0_DTVA0_DTVB0_DVO0_ETSP_EPS1_ELFLR0_EMLL0_FSSC10_FL0_GLVWA4_GLVWB4_GRCGA1_GRCGB1_GRPM1_GRVW4_GSU1_GSUASB_GLS0_ISA900_IU1_K1_KLA_LBSPPA0_LBSPPB0_LPA0_LPB0_LDL1_LRVW4_LWPMn1_LDW0_FMA_MIAV0_MDA2_MO40_MMFGLC_MKFGSU256_NTA0_NTB0_NTC0_NTD0_NEPBS0_NLCA3_NLCB3_ONLL1_OPLV0_PK0_PAP0_PGR1_PLR1_PKA0_SIA1_SLW1_SS0_SU32_SUM0_SUS256_SCIUI1_SPO0_SRVW0_SSO0_SVW4_SNLL0_TSGRA0_TSGRB0_TT4_4_TLDS0_UMLDSA0_UMLDSB0_USFGRO0_VAW2_VS1_VW4_VWB4_VFLRP0_WSGRA0_WSGRB0_WS64_WG8_8_1_WGM8",1407,16974728486635,16974729016425,0,7168,64,1,1,4096,4,1
"KERNEL_DISPATCH",4,2,76,"void convert_unary<__half, float>(void const*, float*, long, long, long, HIP_vector_type<unsigned int, 3u>, long, long, long)",1408,16974729016425,16974729024425,0,0,256,1,1,262144,1,1
"KERNEL_DISPATCH",4,2,51,"void dequantize_block_iq3_s<__half>(void const*, __half*)",1409,16974729045907,16974729201467,0,0,32,1,1,1310720,1,1
"KERNEL_DISPATCH",4,2,64,"void convert_unary<float, __half>(void const*, __half*, long, long, long, HIP_vector_type<unsigned int, 3u>, long, long, long)",1410,16974729201467,16974729221171,0,0,256,1,1,655360,1,1
"KERNEL_DISPATCH",4,2,320,"Cijk_Alik_Bljk_HB_MT32x32x24_SN_1LDSB0_APM1_ABV0_ACED0_AF0EM2_AF1EM1_AMAS3_ASE_ASGT_ASLT_ASM_ASAE01_ASCE01_ASEM2_AAC0_BL1_BS1_CLR0_DTLA0_DTLB0_DTVA0_DTVB0_DVO0_ETSP_EPS1_ELFLR0_EMLL0_FSSC10_FL0_GLVWA4_GLVWB4_GRCGA1_GRCGB1_GRPM1_GRVW4_GSU1_GSUASB_GLS0_ISA900_IU1_K1_KLA_LBSPPA0_LBSPPB0_LPA0_LPB0_LDL1_LRVW4_LWPMn1_LDW0_FMA_MIAV0_MDA2_MO40_MMFGLC_MKFGSU256_NTA0_NTB0_NTC0_NTD0_NEPBS0_NLCA3_NLCB3_ONLL1_OPLV0_PK0_PAP0_PGR1_PLR1_PKA0_SIA1_SLW1_SS0_SU32_SUM0_SUS256_SCIUI1_SPO0_SRVW0_SSO0_SVW4_SNLL0_TSGRA0_TSGRB0_TT4_4_TLDS0_UMLDSA0_UMLDSB0_USFGRO0_VAW2_VS1_VW4_VWB4_VFLRP0_WSGRA0_WSGRB0_WS64_WG8_8_1_WGM8",1411,16974729221171,16974729771703,0,7168,64,1,1,4096,4,1
"KERNEL_DISPATCH",4,2,76,"void convert_unary<__half, float>(void const*, float*, long, long, long, HIP_vector_type<unsigned int, 3u>, long, long, long)",1412,16974729771703,16974729780592,0,0,256,1,1,262144,1,1
"KERNEL_DISPATCH",4,2,51,"void dequantize_block_iq3_s<__half>(void const*, __half*)",1413,16974729802815,16974729950966,0,0,32,1,1,1310720,1,1
"KERNEL_DISPATCH",4,2,64,"void convert_unary<float, __half>(void const*, __half*, long, long, long, HIP_vector_type<unsigned int, 3u>, long, long, long)",1414,16974729950966,16974729971263,0,0,256,1,1,655360,1,1
"KERNEL_DISPATCH",4,2,320,"Cijk_Alik_Bljk_HB_MT32x32x24_SN_1LDSB0_APM1_ABV0_ACED0_AF0EM2_AF1EM1_AMAS3_ASE_ASGT_ASLT_ASM_ASAE01_ASCE01_ASEM2_AAC0_BL1_BS1_CLR0_DTLA0_DTLB0_DTVA0_DTVB0_DVO0_ETSP_EPS1_ELFLR0_EMLL0_FSSC10_FL0_GLVWA4_GLVWB4_GRCGA1_GRCGB1_GRPM1_GRVW4_GSU1_GSUASB_GLS0_ISA900_IU1_K1_KLA_LBSPPA0_LBSPPB0_LPA0_LPB0_LDL1_LRVW4_LWPMn1_LDW0_FMA_MIAV0_MDA2_MO40_MMFGLC_MKFGSU256_NTA0_NTB0_NTC0_NTD0_NEPBS0_NLCA3_NLCB3_ONLL1_OPLV0_PK0_PAP0_PGR1_PLR1_PKA0_SIA1_SLW1_SS0_SU32_SUM0_SUS256_SCIUI1_SPO0_SRVW0_SSO0_SVW4_SNLL0_TSGRA0_TSGRB0_TT4_4_TLDS0_UMLDSA0_UMLDSB0_USFGRO0_VAW2_VS1_VW4_VWB4_VFLRP0_WSGRA0_WSGRB0_WS64_WG8_8_1_WGM8",1415,16974729971263,16974730519869,0,7168,64,1,1,4096,4,1
"KERNEL_DISPATCH",4,2,76,"void convert_unary<__half, float>(void const*, float*, long, long, long, HIP_vector_type<unsigned int, 3u>, long, long, long)",1416,16974730519869,16974730527721,0,0,256,1,1,262144,1,1
"KERNEL_DISPATCH",4,2,51,"void dequantize_block_iq3_s<__half>(void const*, __half*)",1417,16974730548610,16974730680910,0,0,32,1,1,1310720,1,1
"KERNEL_DISPATCH",4,2,64,"void convert_unary<float, __half>(void const*, __half*, long, long, long, HIP_vector_type<unsigned int, 3u>, long, long, long)",1418,16974730680910,16974730698392,0,0,256,1,1,655360,1,1
"KERNEL_DISPATCH",4,2,320,"Cijk_Alik_Bljk_HB_MT32x32x24_SN_1LDSB0_APM1_ABV0_ACED0_AF0EM2_AF1EM1_AMAS3_ASE_ASGT_ASLT_ASM_ASAE01_ASCE01_ASEM2_AAC0_BL1_BS1_CLR0_DTLA0_DTLB0_DTVA0_DTVB0_DVO0_ETSP_EPS1_ELFLR0_EMLL0_FSSC10_FL0_GLVWA4_GLVWB4_GRCGA1_GRCGB1_GRPM1_GRVW4_GSU1_GSUASB_GLS0_ISA900_IU1_K1_KLA_LBSPPA0_LBSPPB0_LPA0_LPB0_LDL1_LRVW4_LWPMn1_LDW0_FMA_MIAV0_MDA2_MO40_MMFGLC_MKFGSU256_NTA0_NTB0_NTC0_NTD0_NEPBS0_NLCA3_NLCB3_ONLL1_OPLV0_PK0_PAP0_PGR1_PLR1_PKA0_SIA1_SLW1_SS0_SU32_SUM0_SUS256_SCIUI1_SPO0_SRVW0_SSO0_SVW4_SNLL0_TSGRA0_TSGRB0_TT4_4_TLDS0_UMLDSA0_UMLDSB0_USFGRO0_VAW2_VS1_VW4_VWB4_VFLRP0_WSGRA0_WSGRB0_WS64_WG8_8_1_WGM8",1419,16974730698392,16974731277813,0,7168,64,1,1,4096,4,1
"KERNEL_DISPATCH",4,2,76,"void convert_unary<__half, float>(void const*, float*, long, long, long, HIP_vector_type<unsigned int, 3u>, long, long, long)",1420,16974731277813,16974731286999,0,0,256,1,1,262144,1,1
"KERNEL_DISPATCH",4,2,51,"void dequantize_block_iq3_s<__half>(void const*, __half*)",1421,16974731309221,16974731456632,0,0,32,1,1,1310720,1,1
"KERNEL_DISPATCH",4,2,64,"void convert_unary<float, __half>(void const*, __half*, long, long, long, HIP_vector_type<unsigned int, 3u>, long, long, long)",1422,16974731456632,16974731476337,0,0,256,1,1,655360,1,1
"KERNEL_DISPATCH",4,2,320,"Cijk_Alik_Bljk_HB_MT32x32x24_SN_1LDSB0_APM1_ABV0_ACED0_AF0EM2_AF1EM1_AMAS3_ASE_ASGT_ASLT_ASM_ASAE01_ASCE01_ASEM2_AAC0_BL1_BS1_CLR0_DTLA0_DTLB0_DTVA0_DTVB0_DVO0_ETSP_EPS1_ELFLR0_EMLL0_FSSC10_FL0_GLVWA4_GLVWB4_GRCGA1_GRCGB1_GRPM1_GRVW4_GSU1_GSUASB_GLS0_ISA900_IU1_K1_KLA_LBSPPA0_LBSPPB0_LPA0_LPB0_LDL1_LRVW4_LWPMn1_LDW0_FMA_MIAV0_MDA2_MO40_MMFGLC_MKFGSU256_NTA0_NTB0_NTC0_NTD0_NEPBS0_NLCA3_NLCB3_ONLL1_OPLV0_PK0_PAP0_PGR1_PLR1_PKA0_SIA1_SLW1_SS0_SU32_SUM0_SUS256_SCIUI1_SPO0_SRVW0_SSO0_SVW4_SNLL0_TSGRA0_TSGRB0_TT4_4_TLDS0_UMLDSA0_UMLDSB0_USFGRO0_VAW2_VS1_VW4_VWB4_VFLRP0_WSGRA0_WSGRB0_WS64_WG8_8_1_WGM8",1423,16974731476337,16974732051313,0,7168,64,1,1,4096,4,1
"KERNEL_DISPATCH",4,2,76,"void convert_unary<__half, float>(void const*, float*, long, long, long, HIP_vector_type<unsigned int, 3u>, long, long, long)",1424,16974732051313,16974732060351,0,0,256,1,1,262144,1,1
"KERNEL_DISPATCH",4,2,51,"void dequantize_block_iq3_s<__half>(void const*, __half*)",1425,16974732083314,16974732256355,0,0,32,1,1,1310720,1,1
"KERNEL_DISPATCH",4,2,64,"void convert_unary<float, __half>(void const*, __half*, long, long, long, HIP_vector_type<unsigned int, 3u>, long, long, long)",1426,16974732256355,16974732283023,0,0,256,1,1,655360,1,1
"KERNEL_DISPATCH",4,2,320,"Cijk_Alik_Bljk_HB_MT32x32x24_SN_1LDSB0_APM1_ABV0_ACED0_AF0EM2_AF1EM1_AMAS3_ASE_ASGT_ASLT_ASM_ASAE01_ASCE01_ASEM2_AAC0_BL1_BS1_CLR0_DTLA0_DTLB0_DTVA0_DTVB0_DVO0_ETSP_EPS1_ELFLR0_EMLL0_FSSC10_FL0_GLVWA4_GLVWB4_GRCGA1_GRCGB1_GRPM1_GRVW4_GSU1_GSUASB_GLS0_ISA900_IU1_K1_KLA_LBSPPA0_LBSPPB0_LPA0_LPB0_LDL1_LRVW4_LWPMn1_LDW0_FMA_MIAV0_MDA2_MO40_MMFGLC_MKFGSU256_NTA0_NTB0_NTC0_NTD0_NEPBS0_NLCA3_NLCB3_ONLL1_OPLV0_PK0_PAP0_PGR1_PLR1_PKA0_SIA1_SLW1_SS0_SU32_SUM0_SUS256_SCIUI1_SPO0_SRVW0_SSO0_SVW4_SNLL0_TSGRA0_TSGRB0_TT4_4_TLDS0_UMLDSA0_UMLDSB0_USFGRO0_VAW2_VS1_VW4_VWB4_VFLRP0_WSGRA0_WSGRB0_WS64_WG8_8_1_WGM8",1427,16974732283023,16974732948076,0,7168,64,1,1,4096,4,1
"KERNEL_DISPATCH",4,2,76,"void convert_unary<__half, float>(void const*, float*, long, long, long, HIP_vector_type<unsigned int, 3u>, long, long, long)",1428,16974732948076,16974732958298,0,0,256,1,1,262144,1,1
"KERNEL_DISPATCH",4,2,51,"void dequantize_block_iq3_s<__half>(void const*, __half*)",1429,16974732985262,16974733154896,0,0,32,1,1,1310720,1,1
"KERNEL_DISPATCH",4,2,64,"void convert_unary<float, __half>(void const*, __half*, long, long, long, HIP_vector_type<unsigned int, 3u>, long, long, long)",1430,16974733154896,16974733182748,0,0,256,1,1,655360,1,1
"KERNEL_DISPATCH",4,2,320,"Cijk_Alik_Bljk_HB_MT32x32x24_SN_1LDSB0_APM1_ABV0_ACED0_AF0EM2_AF1EM1_AMAS3_ASE_ASGT_ASLT_ASM_ASAE01_ASCE01_ASEM2_AAC0_BL1_BS1_CLR0_DTLA0_DTLB0_DTVA0_DTVB0_DVO0_ETSP_EPS1_ELFLR0_EMLL0_FSSC10_FL0_GLVWA4_GLVWB4_GRCGA1_GRCGB1_GRPM1_GRVW4_GSU1_GSUASB_GLS0_ISA900_IU1_K1_KLA_LBSPPA0_LBSPPB0_LPA0_LPB0_LDL1_LRVW4_LWPMn1_LDW0_FMA_MIAV0_MDA2_MO40_MMFGLC_MKFGSU256_NTA0_NTB0_NTC0_NTD0_NEPBS0_NLCA3_NLCB3_ONLL1_OPLV0_PK0_PAP0_PGR1_PLR1_PKA0_SIA1_SLW1_SS0_SU32_SUM0_SUS256_SCIUI1_SPO0_SRVW0_SSO0_SVW4_SNLL0_TSGRA0_TSGRB0_TT4_4_TLDS0_UMLDSA0_UMLDSB0_USFGRO0_VAW2_VS1_VW4_VWB4_VFLRP0_WSGRA0_WSGRB0_WS64_WG8_8_1_WGM8",1431,16974733182748,16974733927803,0,7168,64,1,1,4096,4,1
"KERNEL_DISPATCH",4,2,76,"void convert_unary<__half, float>(void const*, float*, long, long, long, HIP_vector_type<unsigned int, 3u>, long, long, long)",1432,16974733927803,16974733938026,0,0,256,1,1,262144,1,1
"KERNEL_DISPATCH",4,2,51,"void dequantize_block_iq3_s<__half>(void const*, __half*)",1433,16974733964693,16974734136845,0,0,32,1,1,1310720,1,1
"KERNEL_DISPATCH",4,2,64,"void convert_unary<float, __half>(void const*, __half*, long, long, long, HIP_vector_type<unsigned int, 3u>, long, long, long)",1434,16974734136845,16974734157142,0,0,256,1,1,655360,1,1
"KERNEL_DISPATCH",4,2,320,"Cijk_Alik_Bljk_HB_MT32x32x24_SN_1LDSB0_APM1_ABV0_ACED0_AF0EM2_AF1EM1_AMAS3_ASE_ASGT_ASLT_ASM_ASAE01_ASCE01_ASEM2_AAC0_BL1_BS1_CLR0_DTLA0_DTLB0_DTVA0_DTVB0_DVO0_ETSP_EPS1_ELFLR0_EMLL0_FSSC10_FL0_GLVWA4_GLVWB4_GRCGA1_GRCGB1_GRPM1_GRVW4_GSU1_GSUASB_GLS0_ISA900_IU1_K1_KLA_LBSPPA0_LBSPPB0_LPA0_LPB0_LDL1_LRVW4_LWPMn1_LDW0_FMA_MIAV0_MDA2_MO40_MMFGLC_MKFGSU256_NTA0_NTB0_NTC0_NTD0_NEPBS0_NLCA3_NLCB3_ONLL1_OPLV0_PK0_PAP0_PGR1_PLR1_PKA0_SIA1_SLW1_SS0_SU32_SUM0_SUS256_SCIUI1_SPO0_SRVW0_SSO0_SVW4_SNLL0_TSGRA0_TSGRB0_TT4_4_TLDS0_UMLDSA0_UMLDSB0_USFGRO0_VAW2_VS1_VW4_VWB4_VFLRP0_WSGRA0_WSGRB0_WS64_WG8_8_1_WGM8",1435,16974734157142,16974734705155,0,7168,64,1,1,4096,4,1
"KERNEL_DISPATCH",4,2,76,"void convert_unary<__half, float>(void const*, float*, long, long, long, HIP_vector_type<unsigned int, 3u>, long, long, long)",1436,16974734705155,16974734713896,0,0,256,1,1,262144,1,1
"KERNEL_DISPATCH",4,2,51,"void dequantize_block_iq3_s<__half>(void const*, __half*)",1437,16974734737601,16974734885456,0,0,32,1,1,1310720,1,1
"KERNEL_DISPATCH",4,2,64,"void convert_unary<float, __half>(void const*, __half*, long, long, long, HIP_vector_type<unsigned int, 3u>, long, long, long)",1438,16974734885456,16974734905012,0,0,256,1,1,655360,1,1
"KERNEL_DISPATCH",4,2,320,"Cijk_Alik_Bljk_HB_MT32x32x24_SN_1LDSB0_APM1_ABV0_ACED0_AF0EM2_AF1EM1_AMAS3_ASE_ASGT_ASLT_ASM_ASAE01_ASCE01_ASEM2_AAC0_BL1_BS1_CLR0_DTLA0_DTLB0_DTVA0_DTVB0_DVO0_ETSP_EPS1_ELFLR0_EMLL0_FSSC10_FL0_GLVWA4_GLVWB4_GRCGA1_GRCGB1_GRPM1_GRVW4_GSU1_GSUASB_GLS0_ISA900_IU1_K1_KLA_LBSPPA0_LBSPPB0_LPA0_LPB0_LDL1_LRVW4_LWPMn1_LDW0_FMA_MIAV0_MDA2_MO40_MMFGLC_MKFGSU256_NTA0_NTB0_NTC0_NTD0_NEPBS0_NLCA3_NLCB3_ONLL1_OPLV0_PK0_PAP0_PGR1_PLR1_PKA0_SIA1_SLW1_SS0_SU32_SUM0_SUS256_SCIUI1_SPO0_SRVW0_SSO0_SVW4_SNLL0_TSGRA0_TSGRB0_TT4_4_TLDS0_UMLDSA0_UMLDSB0_USFGRO0_VAW2_VS1_VW4_VWB4_VFLRP0_WSGRA0_WSGRB0_WS64_WG8_8_1_WGM8",1439,16974734905012,16974735453766,0,7168,64,1,1,4096,4,1
"KERNEL_DISPATCH",4,2,76,"void convert_unary<__half, float>(void const*, float*, long, long, long, HIP_vector_type<unsigned int, 3u>, long, long, long)",1440,16974735453766,16974735461766,0,0,256,1,1,262144,1,1
"KERNEL_DISPATCH",4,2,51,"void dequantize_block_iq3_s<__half>(void const*, __half*)",1441,16974735482804,16974735615251,0,0,32,1,1,1310720,1,1
"KERNEL_DISPATCH",4,2,64,"void convert_unary<float, __half>(void const*, __half*, long, long, long, HIP_vector_type<unsigned int, 3u>, long, long, long)",1442,16974735615251,16974735632733,0,0,256,1,1,655360,1,1
"KERNEL_DISPATCH",4,2,320,"Cijk_Alik_Bljk_HB_MT32x32x24_SN_1LDSB0_APM1_ABV0_ACED0_AF0EM2_AF1EM1_AMAS3_ASE_ASGT_ASLT_ASM_ASAE01_ASCE01_ASEM2_AAC0_BL1_BS1_CLR0_DTLA0_DTLB0_DTVA0_DTVB0_DVO0_ETSP_EPS1_ELFLR0_EMLL0_FSSC10_FL0_GLVWA4_GLVWB4_GRCGA1_GRCGB1_GRPM1_GRVW4_GSU1_GSUASB_GLS0_ISA900_IU1_K1_KLA_LBSPPA0_LBSPPB0_LPA0_LPB0_LDL1_LRVW4_LWPMn1_LDW0_FMA_MIAV0_MDA2_MO40_MMFGLC_MKFGSU256_NTA0_NTB0_NTC0_NTD0_NEPBS0_NLCA3_NLCB3_ONLL1_OPLV0_PK0_PAP0_PGR1_PLR1_PKA0_SIA1_SLW1_SS0_SU32_SUM0_SUS256_SCIUI1_SPO0_SRVW0_SSO0_SVW4_SNLL0_TSGRA0_TSGRB0_TT4_4_TLDS0_UMLDSA0_UMLDSB0_USFGRO0_VAW2_VS1_VW4_VWB4_VFLRP0_WSGRA0_WSGRB0_WS64_WG8_8_1_WGM8",1443,16974735632733,16974736200154,0,7168,64,1,1,4096,4,1
"KERNEL_DISPATCH",4,2,76,"void convert_unary<__half, float>(void const*, float*, long, long, long, HIP_vector_type<unsigned int, 3u>, long, long, long)",1444,16974736200154,16974736209044,0,0,256,1,1,262144,1,1
"KERNEL_DISPATCH",4,2,51,"void dequantize_block_iq3_s<__half>(void const*, __half*)",1445,16974736232007,16974736380603,0,0,32,1,1,1310720,1,1
"KERNEL_DISPATCH",4,2,64,"void convert_unary<float, __half>(void const*, __half*, long, long, long, HIP_vector_type<unsigned int, 3u>, long, long, long)",1446,16974736380603,16974736400604,0,0,256,1,1,655360,1,1
"KERNEL_DISPATCH",4,2,320,"Cijk_Alik_Bljk_HB_MT32x32x24_SN_1LDSB0_APM1_ABV0_ACED0_AF0EM2_AF1EM1_AMAS3_ASE_ASGT_ASLT_ASM_ASAE01_ASCE01_ASEM2_AAC0_BL1_BS1_CLR0_DTLA0_DTLB0_DTVA0_DTVB0_DVO0_ETSP_EPS1_ELFLR0_EMLL0_FSSC10_FL0_GLVWA4_GLVWB4_GRCGA1_GRCGB1_GRPM1_GRVW4_GSU1_GSUASB_GLS0_ISA900_IU1_K1_KLA_LBSPPA0_LBSPPB0_LPA0_LPB0_LDL1_LRVW4_LWPMn1_LDW0_FMA_MIAV0_MDA2_MO40_MMFGLC_MKFGSU256_NTA0_NTB0_NTC0_NTD0_NEPBS0_NLCA3_NLCB3_ONLL1_OPLV0_PK0_PAP0_PGR1_PLR1_PKA0_SIA1_SLW1_SS0_SU32_SUM0_SUS256_SCIUI1_SPO0_SRVW0_SSO0_SVW4_SNLL0_TSGRA0_TSGRB0_TT4_4_TLDS0_UMLDSA0_UMLDSB0_USFGRO0_VAW2_VS1_VW4_VWB4_VFLRP0_WSGRA0_WSGRB0_WS64_WG8_8_1_WGM8",1447,16974736400604,16974736960469,0,7168,64,1,1,4096,4,1
"KERNEL_DISPATCH",4,2,76,"void convert_unary<__half, float>(void const*, float*, long, long, long, HIP_vector_type<unsigned int, 3u>, long, long, long)",1448,16974736960469,16974736969506,0,0,256,1,1,262144,1,1
"KERNEL_DISPATCH",4,2,51,"void dequantize_block_iq3_s<__half>(void const*, __half*)",1449,16974736991729,16974737142844,0,0,32,1,1,1310720,1,1
"KERNEL_DISPATCH",4,2,64,"void convert_unary<float, __half>(void const*, __half*, long, long, long, HIP_vector_type<unsigned int, 3u>, long, long, long)",1450,16974737142844,16974737164622,0,0,256,1,1,655360,1,1
"KERNEL_DISPATCH",4,2,320,"Cijk_Alik_Bljk_HB_MT32x32x24_SN_1LDSB0_APM1_ABV0_ACED0_AF0EM2_AF1EM1_AMAS3_ASE_ASGT_ASLT_ASM_ASAE01_ASCE01_ASEM2_AAC0_BL1_BS1_CLR0_DTLA0_DTLB0_DTVA0_DTVB0_DVO0_ETSP_EPS1_ELFLR0_EMLL0_FSSC10_FL0_GLVWA4_GLVWB4_GRCGA1_GRCGB1_GRPM1_GRVW4_GSU1_GSUASB_GLS0_ISA900_IU1_K1_KLA_LBSPPA0_LBSPPB0_LPA0_LPB0_LDL1_LRVW4_LWPMn1_LDW0_FMA_MIAV0_MDA2_MO40_MMFGLC_MKFGSU256_NTA0_NTB0_NTC0_NTD0_NEPBS0_NLCA3_NLCB3_ONLL1_OPLV0_PK0_PAP0_PGR1_PLR1_PKA0_SIA1_SLW1_SS0_SU32_SUM0_SUS256_SCIUI1_SPO0_SRVW0_SSO0_SVW4_SNLL0_TSGRA0_TSGRB0_TT4_4_TLDS0_UMLDSA0_UMLDSB0_USFGRO0_VAW2_VS1_VW4_VWB4_VFLRP0_WSGRA0_WSGRB0_WS64_WG8_8_1_WGM8",1451,16974737164622,16974737824342,0,7168,64,1,1,4096,4,1
"KERNEL_DISPATCH",4,2,76,"void convert_unary<__half, float>(void const*, float*, long, long, long, HIP_vector_type<unsigned int, 3u>, long, long, long)",1452,16974737824342,16974737834564,0,0,256,1,1,262144,1,1
"KERNEL_DISPATCH",4,2,51,"void dequantize_block_iq3_s<__half>(void const*, __half*)",1453,16974737861232,16974738031013,0,0,32,1,1,1310720,1,1
"KERNEL_DISPATCH",4,2,64,"void convert_unary<float, __half>(void const*, __half*, long, long, long, HIP_vector_type<unsigned int, 3u>, long, long, long)",1454,16974738031013,16974738058273,0,0,256,1,1,655360,1,1
"KERNEL_DISPATCH",4,2,320,"Cijk_Alik_Bljk_HB_MT32x32x24_SN_1LDSB0_APM1_ABV0_ACED0_AF0EM2_AF1EM1_AMAS3_ASE_ASGT_ASLT_ASM_ASAE01_ASCE01_ASEM2_AAC0_BL1_BS1_CLR0_DTLA0_DTLB0_DTVA0_DTVB0_DVO0_ETSP_EPS1_ELFLR0_EMLL0_FSSC10_FL0_GLVWA4_GLVWB4_GRCGA1_GRCGB1_GRPM1_GRVW4_GSU1_GSUASB_GLS0_ISA900_IU1_K1_KLA_LBSPPA0_LBSPPB0_LPA0_LPB0_LDL1_LRVW4_LWPMn1_LDW0_FMA_MIAV0_MDA2_MO40_MMFGLC_MKFGSU256_NTA0_NTB0_NTC0_NTD0_NEPBS0_NLCA3_NLCB3_ONLL1_OPLV0_PK0_PAP0_PGR1_PLR1_PKA0_SIA1_SLW1_SS0_SU32_SUM0_SUS256_SCIUI1_SPO0_SRVW0_SSO0_SVW4_SNLL0_TSGRA0_TSGRB0_TT4_4_TLDS0_UMLDSA0_UMLDSB0_USFGRO0_VAW2_VS1_VW4_VWB4_VFLRP0_WSGRA0_WSGRB0_WS64_WG8_8_1_WGM8",1455,16974738058273,16974738624954,0,7168,64,1,1,4096,4,1
"KERNEL_DISPATCH",4,2,76,"void convert_unary<__half, float>(void const*, float*, long, long, long, HIP_vector_type<unsigned int, 3u>, long, long, long)",1456,16974738624954,16974738634139,0,0,256,1,1,262144,1,1
"KERNEL_DISPATCH",4,2,51,"void dequantize_block_iq3_s<__half>(void const*, __half*)",1457,16974738657251,16974738804662,0,0,32,1,1,1310720,1,1
"KERNEL_DISPATCH",4,2,64,"void convert_unary<float, __half>(void const*, __half*, long, long, long, HIP_vector_type<unsigned int, 3u>, long, long, long)",1458,16974738804662,16974738824366,0,0,256,1,1,655360,1,1
"KERNEL_DISPATCH",4,2,320,"Cijk_Alik_Bljk_HB_MT32x32x24_SN_1LDSB0_APM1_ABV0_ACED0_AF0EM2_AF1EM1_AMAS3_ASE_ASGT_ASLT_ASM_ASAE01_ASCE01_ASEM2_AAC0_BL1_BS1_CLR0_DTLA0_DTLB0_DTVA0_DTVB0_DVO0_ETSP_EPS1_ELFLR0_EMLL0_FSSC10_FL0_GLVWA4_GLVWB4_GRCGA1_GRCGB1_GRPM1_GRVW4_GSU1_GSUASB_GLS0_ISA900_IU1_K1_KLA_LBSPPA0_LBSPPB0_LPA0_LPB0_LDL1_LRVW4_LWPMn1_LDW0_FMA_MIAV0_MDA2_MO40_MMFGLC_MKFGSU256_NTA0_NTB0_NTC0_NTD0_NEPBS0_NLCA3_NLCB3_ONLL1_OPLV0_PK0_PAP0_PGR1_PLR1_PKA0_SIA1_SLW1_SS0_SU32_SUM0_SUS256_SCIUI1_SPO0_SRVW0_SSO0_SVW4_SNLL0_TSGRA0_TSGRB0_TT4_4_TLDS0_UMLDSA0_UMLDSB0_USFGRO0_VAW2_VS1_VW4_VWB4_VFLRP0_WSGRA0_WSGRB0_WS64_WG8_8_1_WGM8",1459,16974738824366,16974739360823,0,7168,64,1,1,4096,4,1
"KERNEL_DISPATCH",4,2,76,"void convert_unary<__half, float>(void const*, float*, long, long, long, HIP_vector_type<unsigned int, 3u>, long, long, long)",1460,16974739360823,16974739368675,0,0,256,1,1,262144,1,1
"KERNEL_DISPATCH",4,2,51,"void dequantize_block_iq3_s<__half>(void const*, __half*)",1461,16974739390306,16974739522457,0,0,32,1,1,1310720,1,1
"KERNEL_DISPATCH",4,2,64,"void convert_unary<float, __half>(void const*, __half*, long, long, long, HIP_vector_type<unsigned int, 3u>, long, long, long)",1462,16974739522457,16974739539939,0,0,256,1,1,655360,1,1
"KERNEL_DISPATCH",4,2,320,"Cijk_Alik_Bljk_HB_MT32x32x24_SN_1LDSB0_APM1_ABV0_ACED0_AF0EM2_AF1EM1_AMAS3_ASE_ASGT_ASLT_ASM_ASAE01_ASCE01_ASEM2_AAC0_BL1_BS1_CLR0_DTLA0_DTLB0_DTVA0_DTVB0_DVO0_ETSP_EPS1_ELFLR0_EMLL0_FSSC10_FL0_GLVWA4_GLVWB4_GRCGA1_GRCGB1_GRPM1_GRVW4_GSU1_GSUASB_GLS0_ISA900_IU1_K1_KLA_LBSPPA0_LBSPPB0_LPA0_LPB0_LDL1_LRVW4_LWPMn1_LDW0_FMA_MIAV0_MDA2_MO40_MMFGLC_MKFGSU256_NTA0_NTB0_NTC0_NTD0_NEPBS0_NLCA3_NLCB3_ONLL1_OPLV0_PK0_PAP0_PGR1_PLR1_PKA0_SIA1_SLW1_SS0_SU32_SUM0_SUS256_SCIUI1_SPO0_SRVW0_SSO0_SVW4_SNLL0_TSGRA0_TSGRB0_TT4_4_TLDS0_UMLDSA0_UMLDSB0_USFGRO0_VAW2_VS1_VW4_VWB4_VFLRP0_WSGRA0_WSGRB0_WS64_WG8_8_1_WGM8",1463,16974739539939,16974740065877,0,7168,64,1,1,4096,4,1
"KERNEL_DISPATCH",4,2,76,"void convert_unary<__half, float>(void const*, float*, long, long, long, HIP_vector_type<unsigned int, 3u>, long, long, long)",1464,16974740065877,16974740074767,0,0,256,1,1,262144,1,1
"KERNEL_DISPATCH",4,2,51,"void dequantize_block_iq3_s<__half>(void const*, __half*)",1465,16974740097582,16974740250919,0,0,32,1,1,1310720,1,1
"KERNEL_DISPATCH",4,2,64,"void convert_unary<float, __half>(void const*, __half*, long, long, long, HIP_vector_type<unsigned int, 3u>, long, long, long)",1466,16974740250919,16974740270623,0,0,256,1,1,655360,1,1
"KERNEL_DISPATCH",4,2,320,"Cijk_Alik_Bljk_HB_MT32x32x24_SN_1LDSB0_APM1_ABV0_ACED0_AF0EM2_AF1EM1_AMAS3_ASE_ASGT_ASLT_ASM_ASAE01_ASCE01_ASEM2_AAC0_BL1_BS1_CLR0_DTLA0_DTLB0_DTVA0_DTVB0_DVO0_ETSP_EPS1_ELFLR0_EMLL0_FSSC10_FL0_GLVWA4_GLVWB4_GRCGA1_GRCGB1_GRPM1_GRVW4_GSU1_GSUASB_GLS0_ISA900_IU1_K1_KLA_LBSPPA0_LBSPPB0_LPA0_LPB0_LDL1_LRVW4_LWPMn1_LDW0_FMA_MIAV0_MDA2_MO40_MMFGLC_MKFGSU256_NTA0_NTB0_NTC0_NTD0_NEPBS0_NLCA3_NLCB3_ONLL1_OPLV0_PK0_PAP0_PGR1_PLR1_PKA0_SIA1_SLW1_SS0_SU32_SUM0_SUS256_SCIUI1_SPO0_SRVW0_SSO0_SVW4_SNLL0_TSGRA0_TSGRB0_TT4_4_TLDS0_UMLDSA0_UMLDSB0_USFGRO0_VAW2_VS1_VW4_VWB4_VFLRP0_WSGRA0_WSGRB0_WS64_WG8_8_1_WGM8",1467,16974740270623,16974740821303,0,7168,64,1,1,4096,4,1
"KERNEL_DISPATCH",4,2,76,"void convert_unary<__half, float>(void const*, float*, long, long, long, HIP_vector_type<unsigned int, 3u>, long, long, long)",1468,16974740821303,16974740829748,0,0,256,1,1,262144,1,1
"KERNEL_DISPATCH",4,2,51,"void dequantize_block_iq3_s<__half>(void const*, __half*)",1469,16974740852711,16974741000270,0,0,32,1,1,1310720,1,1
"KERNEL_DISPATCH",4,2,64,"void convert_unary<float, __half>(void const*, __half*, long, long, long, HIP_vector_type<unsigned int, 3u>, long, long, long)",1470,16974741000270,16974741019975,0,0,256,1,1,655360,1,1
"KERNEL_DISPATCH",4,2,320,"Cijk_Alik_Bljk_HB_MT32x32x24_SN_1LDSB0_APM1_ABV0_ACED0_AF0EM2_AF1EM1_AMAS3_ASE_ASGT_ASLT_ASM_ASAE01_ASCE01_ASEM2_AAC0_BL1_BS1_CLR0_DTLA0_DTLB0_DTVA0_DTVB0_DVO0_ETSP_EPS1_ELFLR0_EMLL0_FSSC10_FL0_GLVWA4_GLVWB4_GRCGA1_GRCGB1_GRPM1_GRVW4_GSU1_GSUASB_GLS0_ISA900_IU1_K1_KLA_LBSPPA0_LBSPPB0_LPA0_LPB0_LDL1_LRVW4_LWPMn1_LDW0_FMA_MIAV0_MDA2_MO40_MMFGLC_MKFGSU256_NTA0_NTB0_NTC0_NTD0_NEPBS0_NLCA3_NLCB3_ONLL1_OPLV0_PK0_PAP0_PGR1_PLR1_PKA0_SIA1_SLW1_SS0_SU32_SUM0_SUS256_SCIUI1_SPO0_SRVW0_SSO0_SVW4_SNLL0_TSGRA0_TSGRB0_TT4_4_TLDS0_UMLDSA0_UMLDSB0_USFGRO0_VAW2_VS1_VW4_VWB4_VFLRP0_WSGRA0_WSGRB0_WS64_WG8_8_1_WGM8",1471,16974741019975,16974741573618,0,7168,64,1,1,4096,4,1
"KERNEL_DISPATCH",4,2,76,"void convert_unary<__half, float>(void const*, float*, long, long, long, HIP_vector_type<unsigned int, 3u>, long, long, long)",1472,16974741573618,16974741582507,0,0,256,1,1,262144,1,1
"KERNEL_DISPATCH",4,2,51,"void dequantize_block_iq3_s<__half>(void const*, __half*)",1473,16974741605618,16974741753326,0,0,32,1,1,1310720,1,1
"KERNEL_DISPATCH",4,2,64,"void convert_unary<float, __half>(void const*, __half*, long, long, long, HIP_vector_type<unsigned int, 3u>, long, long, long)",1474,16974741753326,16974741772882,0,0,256,1,1,655360,1,1
"KERNEL_DISPATCH",4,2,320,"Cijk_Alik_Bljk_HB_MT32x32x24_SN_1LDSB0_APM1_ABV0_ACED0_AF0EM2_AF1EM1_AMAS3_ASE_ASGT_ASLT_ASM_ASAE01_ASCE01_ASEM2_AAC0_BL1_BS1_CLR0_DTLA0_DTLB0_DTVA0_DTVB0_DVO0_ETSP_EPS1_ELFLR0_EMLL0_FSSC10_FL0_GLVWA4_GLVWB4_GRCGA1_GRCGB1_GRPM1_GRVW4_GSU1_GSUASB_GLS0_ISA900_IU1_K1_KLA_LBSPPA0_LBSPPB0_LPA0_LPB0_LDL1_LRVW4_LWPMn1_LDW0_FMA_MIAV0_MDA2_MO40_MMFGLC_MKFGSU256_NTA0_NTB0_NTC0_NTD0_NEPBS0_NLCA3_NLCB3_ONLL1_OPLV0_PK0_PAP0_PGR1_PLR1_PKA0_SIA1_SLW1_SS0_SU32_SUM0_SUS256_SCIUI1_SPO0_SRVW0_SSO0_SVW4_SNLL0_TSGRA0_TSGRB0_TT4_4_TLDS0_UMLDSA0_UMLDSB0_USFGRO0_VAW2_VS1_VW4_VWB4_VFLRP0_WSGRA0_WSGRB0_WS64_WG8_8_1_WGM8",1475,16974741772882,16974742334525,0,7168,64,1,1,4096,4,1
"KERNEL_DISPATCH",4,2,76,"void convert_unary<__half, float>(void const*, float*, long, long, long, HIP_vector_type<unsigned int, 3u>, long, long, long)",1476,16974742334525,16974742343414,0,0,256,1,1,262144,1,1
"KERNEL_DISPATCH",4,2,51,"void dequantize_block_iq3_s<__half>(void const*, __half*)",1477,16974742366081,16974742513640,0,0,32,1,1,1310720,1,1
"KERNEL_DISPATCH",4,2,64,"void convert_unary<float, __half>(void const*, __half*, long, long, long, HIP_vector_type<unsigned int, 3u>, long, long, long)",1478,16974742513640,16974742533196,0,0,256,1,1,655360,1,1
"KERNEL_DISPATCH",4,2,320,"Cijk_Alik_Bljk_HB_MT32x32x24_SN_1LDSB0_APM1_ABV0_ACED0_AF0EM2_AF1EM1_AMAS3_ASE_ASGT_ASLT_ASM_ASAE01_ASCE01_ASEM2_AAC0_BL1_BS1_CLR0_DTLA0_DTLB0_DTVA0_DTVB0_DVO0_ETSP_EPS1_ELFLR0_EMLL0_FSSC10_FL0_GLVWA4_GLVWB4_GRCGA1_GRCGB1_GRPM1_GRVW4_GSU1_GSUASB_GLS0_ISA900_IU1_K1_KLA_LBSPPA0_LBSPPB0_LPA0_LPB0_LDL1_LRVW4_LWPMn1_LDW0_FMA_MIAV0_MDA2_MO40_MMFGLC_MKFGSU256_NTA0_NTB0_NTC0_NTD0_NEPBS0_NLCA3_NLCB3_ONLL1_OPLV0_PK0_PAP0_PGR1_PLR1_PKA0_SIA1_SLW1_SS0_SU32_SUM0_SUS256_SCIUI1_SPO0_SRVW0_SSO0_SVW4_SNLL0_TSGRA0_TSGRB0_TT4_4_TLDS0_UMLDSA0_UMLDSB0_USFGRO0_VAW2_VS1_VW4_VWB4_VFLRP0_WSGRA0_WSGRB0_WS64_WG8_8_1_WGM8",1479,16974742533196,16974743093654,0,7168,64,1,1,4096,4,1
"KERNEL_DISPATCH",4,2,76,"void convert_unary<__half, float>(void const*, float*, long, long, long, HIP_vector_type<unsigned int, 3u>, long, long, long)",1480,16974743093654,16974743104025,0,0,256,1,1,262144,1,1
"KERNEL_DISPATCH",4,2,51,"void dequantize_block_iq3_s<__half>(void const*, __half*)",1481,16974743136767,16974743306400,0,0,32,1,1,1310720,1,1
"KERNEL_DISPATCH",4,2,64,"void convert_unary<float, __half>(void const*, __half*, long, long, long, HIP_vector_type<unsigned int, 3u>, long, long, long)",1482,16974743306400,16974743333660,0,0,256,1,1,655360,1,1
"KERNEL_DISPATCH",4,2,320,"Cijk_Alik_Bljk_HB_MT32x32x24_SN_1LDSB0_APM1_ABV0_ACED0_AF0EM2_AF1EM1_AMAS3_ASE_ASGT_ASLT_ASM_ASAE01_ASCE01_ASEM2_AAC0_BL1_BS1_CLR0_DTLA0_DTLB0_DTVA0_DTVB0_DVO0_ETSP_EPS1_ELFLR0_EMLL0_FSSC10_FL0_GLVWA4_GLVWB4_GRCGA1_GRCGB1_GRPM1_GRVW4_GSU1_GSUASB_GLS0_ISA900_IU1_K1_KLA_LBSPPA0_LBSPPB0_LPA0_LPB0_LDL1_LRVW4_LWPMn1_LDW0_FMA_MIAV0_MDA2_MO40_MMFGLC_MKFGSU256_NTA0_NTB0_NTC0_NTD0_NEPBS0_NLCA3_NLCB3_ONLL1_OPLV0_PK0_PAP0_PGR1_PLR1_PKA0_SIA1_SLW1_SS0_SU32_SUM0_SUS256_SCIUI1_SPO0_SRVW0_SSO0_SVW4_SNLL0_TSGRA0_TSGRB0_TT4_4_TLDS0_UMLDSA0_UMLDSB0_USFGRO0_VAW2_VS1_VW4_VWB4_VFLRP0_WSGRA0_WSGRB0_WS64_WG8_8_1_WGM8",1483,16974743333660,16974743957231,0,7168,64,1,1,4096,4,1
"KERNEL_DISPATCH",4,2,76,"void convert_unary<__half, float>(void const*, float*, long, long, long, HIP_vector_type<unsigned int, 3u>, long, long, long)",1484,16974743957231,16974743967453,0,0,256,1,1,262144,1,1
"KERNEL_DISPATCH",4,2,51,"void dequantize_block_iq3_s<__half>(void const*, __half*)",1485,16974743994417,16974744164643,0,0,32,1,1,1310720,1,1
"KERNEL_DISPATCH",4,2,64,"void convert_unary<float, __half>(void const*, __half*, long, long, long, HIP_vector_type<unsigned int, 3u>, long, long, long)",1486,16974744164643,16974744191903,0,0,256,1,1,655360,1,1
"KERNEL_DISPATCH",4,2,320,"Cijk_Alik_Bljk_HB_MT32x32x24_SN_1LDSB0_APM1_ABV0_ACED0_AF0EM2_AF1EM1_AMAS3_ASE_ASGT_ASLT_ASM_ASAE01_ASCE01_ASEM2_AAC0_BL1_BS1_CLR0_DTLA0_DTLB0_DTVA0_DTVB0_DVO0_ETSP_EPS1_ELFLR0_EMLL0_FSSC10_FL0_GLVWA4_GLVWB4_GRCGA1_GRCGB1_GRPM1_GRVW4_GSU1_GSUASB_GLS0_ISA900_IU1_K1_KLA_LBSPPA0_LBSPPB0_LPA0_LPB0_LDL1_LRVW4_LWPMn1_LDW0_FMA_MIAV0_MDA2_MO40_MMFGLC_MKFGSU256_NTA0_NTB0_NTC0_NTD0_NEPBS0_NLCA3_NLCB3_ONLL1_OPLV0_PK0_PAP0_PGR1_PLR1_PKA0_SIA1_SLW1_SS0_SU32_SUM0_SUS256_SCIUI1_SPO0_SRVW0_SSO0_SVW4_SNLL0_TSGRA0_TSGRB0_TT4_4_TLDS0_UMLDSA0_UMLDSB0_USFGRO0_VAW2_VS1_VW4_VWB4_VFLRP0_WSGRA0_WSGRB0_WS64_WG8_8_1_WGM8",1487,16974744191903,16974744846437,0,7168,64,1,1,4096,4,1
"KERNEL_DISPATCH",4,2,76,"void convert_unary<__half, float>(void const*, float*, long, long, long, HIP_vector_type<unsigned int, 3u>, long, long, long)",1488,16974744846437,16974744856956,0,0,256,1,1,262144,1,1
"KERNEL_DISPATCH",4,2,51,"void dequantize_block_iq3_s<__half>(void const*, __half*)",1489,16974744884216,16974745053702,0,0,32,1,1,1310720,1,1
"KERNEL_DISPATCH",4,2,64,"void convert_unary<float, __half>(void const*, __half*, long, long, long, HIP_vector_type<unsigned int, 3u>, long, long, long)",1490,16974745053702,16974745139926,0,0,256,1,1,655360,1,1
"KERNEL_DISPATCH",4,2,320,"Cijk_Alik_Bljk_HB_MT32x32x24_SN_1LDSB0_APM1_ABV0_ACED0_AF0EM2_AF1EM1_AMAS3_ASE_ASGT_ASLT_ASM_ASAE01_ASCE01_ASEM2_AAC0_BL1_BS1_CLR0_DTLA0_DTLB0_DTVA0_DTVB0_DVO0_ETSP_EPS1_ELFLR0_EMLL0_FSSC10_FL0_GLVWA4_GLVWB4_GRCGA1_GRCGB1_GRPM1_GRVW4_GSU1_GSUASB_GLS0_ISA900_IU1_K1_KLA_LBSPPA0_LBSPPB0_LPA0_LPB0_LDL1_LRVW4_LWPMn1_LDW0_FMA_MIAV0_MDA2_MO40_MMFGLC_MKFGSU256_NTA0_NTB0_NTC0_NTD0_NEPBS0_NLCA3_NLCB3_ONLL1_OPLV0_PK0_PAP0_PGR1_PLR1_PKA0_SIA1_SLW1_SS0_SU32_SUM0_SUS256_SCIUI1_SPO0_SRVW0_SSO0_SVW4_SNLL0_TSGRA0_TSGRB0_TT4_4_TLDS0_UMLDSA0_UMLDSB0_USFGRO0_VAW2_VS1_VW4_VWB4_VFLRP0_WSGRA0_WSGRB0_WS64_WG8_8_1_WGM8",1491,16974745145260,16974745715051,0,7168,64,1,1,4096,4,1
"KERNEL_DISPATCH",4,2,76,"void convert_unary<__half, float>(void const*, float*, long, long, long, HIP_vector_type<unsigned int, 3u>, long, long, long)",1492,16974745715051,16974745723940,0,0,256,1,1,262144,1,1
"KERNEL_DISPATCH",4,2,51,"void dequantize_block_iq3_s<__half>(void const*, __half*)",1493,16974745746459,16974745894167,0,0,32,1,1,1310720,1,1
"KERNEL_DISPATCH",4,2,64,"void convert_unary<float, __half>(void const*, __half*, long, long, long, HIP_vector_type<unsigned int, 3u>, long, long, long)",1494,16974745894167,16974745913426,0,0,256,1,1,655360,1,1
"KERNEL_DISPATCH",4,2,320,"Cijk_Alik_Bljk_HB_MT32x32x24_SN_1LDSB0_APM1_ABV0_ACED0_AF0EM2_AF1EM1_AMAS3_ASE_ASGT_ASLT_ASM_ASAE01_ASCE01_ASEM2_AAC0_BL1_BS1_CLR0_DTLA0_DTLB0_DTVA0_DTVB0_DVO0_ETSP_EPS1_ELFLR0_EMLL0_FSSC10_FL0_GLVWA4_GLVWB4_GRCGA1_GRCGB1_GRPM1_GRVW4_GSU1_GSUASB_GLS0_ISA900_IU1_K1_KLA_LBSPPA0_LBSPPB0_LPA0_LPB0_LDL1_LRVW4_LWPMn1_LDW0_FMA_MIAV0_MDA2_MO40_MMFGLC_MKFGSU256_NTA0_NTB0_NTC0_NTD0_NEPBS0_NLCA3_NLCB3_ONLL1_OPLV0_PK0_PAP0_PGR1_PLR1_PKA0_SIA1_SLW1_SS0_SU32_SUM0_SUS256_SCIUI1_SPO0_SRVW0_SSO0_SVW4_SNLL0_TSGRA0_TSGRB0_TT4_4_TLDS0_UMLDSA0_UMLDSB0_USFGRO0_VAW2_VS1_VW4_VWB4_VFLRP0_WSGRA0_WSGRB0_WS64_WG8_8_1_WGM8",1495,16974745913426,16974746441143,0,7168,64,1,1,4096,4,1
"KERNEL_DISPATCH",4,2,76,"void convert_unary<__half, float>(void const*, float*, long, long, long, HIP_vector_type<unsigned int, 3u>, long, long, long)",1496,16974746441143,16974746448995,0,0,256,1,1,262144,1,1
"KERNEL_DISPATCH",4,2,51,"void dequantize_block_iq3_s<__half>(void const*, __half*)",1497,16974746470625,16974746602924,0,0,32,1,1,1310720,1,1
"KERNEL_DISPATCH",4,2,64,"void convert_unary<float, __half>(void const*, __half*, long, long, long, HIP_vector_type<unsigned int, 3u>, long, long, long)",1498,16974746602924,16974746620703,0,0,256,1,1,655360,1,1
"KERNEL_DISPATCH",4,2,320,"Cijk_Alik_Bljk_HB_MT32x32x24_SN_1LDSB0_APM1_ABV0_ACED0_AF0EM2_AF1EM1_AMAS3_ASE_ASGT_ASLT_ASM_ASAE01_ASCE01_ASEM2_AAC0_BL1_BS1_CLR0_DTLA0_DTLB0_DTVA0_DTVB0_DVO0_ETSP_EPS1_ELFLR0_EMLL0_FSSC10_FL0_GLVWA4_GLVWB4_GRCGA1_GRCGB1_GRPM1_GRVW4_GSU1_GSUASB_GLS0_ISA900_IU1_K1_KLA_LBSPPA0_LBSPPB0_LPA0_LPB0_LDL1_LRVW4_LWPMn1_LDW0_FMA_MIAV0_MDA2_MO40_MMFGLC_MKFGSU256_NTA0_NTB0_NTC0_NTD0_NEPBS0_NLCA3_NLCB3_ONLL1_OPLV0_PK0_PAP0_PGR1_PLR1_PKA0_SIA1_SLW1_SS0_SU32_SUM0_SUS256_SCIUI1_SPO0_SRVW0_SSO0_SVW4_SNLL0_TSGRA0_TSGRB0_TT4_4_TLDS0_UMLDSA0_UMLDSB0_USFGRO0_VAW2_VS1_VW4_VWB4_VFLRP0_WSGRA0_WSGRB0_WS64_WG8_8_1_WGM8",1499,16974746620703,16974747257755,0,7168,64,1,1,4096,4,1
"KERNEL_DISPATCH",4,2,76,"void convert_unary<__half, float>(void const*, float*, long, long, long, HIP_vector_type<unsigned int, 3u>, long, long, long)",1500,16974747257755,16974747266644,0,0,256,1,1,262144,1,1
"KERNEL_DISPATCH",4,2,51,"void dequantize_block_iq3_s<__half>(void const*, __half*)",1501,16974747289311,16974747437167,0,0,32,1,1,1310720,1,1
"KERNEL_DISPATCH",4,2,64,"void convert_unary<float, __half>(void const*, __half*, long, long, long, HIP_vector_type<unsigned int, 3u>, long, long, long)",1502,16974747437167,16974747457315,0,0,256,1,1,655360,1,1
"KERNEL_DISPATCH",4,2,320,"Cijk_Alik_Bljk_HB_MT32x32x24_SN_1LDSB0_APM1_ABV0_ACED0_AF0EM2_AF1EM1_AMAS3_ASE_ASGT_ASLT_ASM_ASAE01_ASCE01_ASEM2_AAC0_BL1_BS1_CLR0_DTLA0_DTLB0_DTVA0_DTVB0_DVO0_ETSP_EPS1_ELFLR0_EMLL0_FSSC10_FL0_GLVWA4_GLVWB4_GRCGA1_GRCGB1_GRPM1_GRVW4_GSU1_GSUASB_GLS0_ISA900_IU1_K1_KLA_LBSPPA0_LBSPPB0_LPA0_LPB0_LDL1_LRVW4_LWPMn1_LDW0_FMA_MIAV0_MDA2_MO40_MMFGLC_MKFGSU256_NTA0_NTB0_NTC0_NTD0_NEPBS0_NLCA3_NLCB3_ONLL1_OPLV0_PK0_PAP0_PGR1_PLR1_PKA0_SIA1_SLW1_SS0_SU32_SUM0_SUS256_SCIUI1_SPO0_SRVW0_SSO0_SVW4_SNLL0_TSGRA0_TSGRB0_TT4_4_TLDS0_UMLDSA0_UMLDSB0_USFGRO0_VAW2_VS1_VW4_VWB4_VFLRP0_WSGRA0_WSGRB0_WS64_WG8_8_1_WGM8",1503,16974747457315,16974748014662,0,7168,64,1,1,4096,4,1
"KERNEL_DISPATCH",4,2,76,"void convert_unary<__half, float>(void const*, float*, long, long, long, HIP_vector_type<unsigned int, 3u>, long, long, long)",1504,16974748014662,16974748023699,0,0,256,1,1,262144,1,1
"KERNEL_DISPATCH",4,2,51,"void dequantize_block_iq3_s<__half>(void const*, __half*)",1505,16974748046811,16974748214519,0,0,32,1,1,1310720,1,1
"KERNEL_DISPATCH",4,2,64,"void convert_unary<float, __half>(void const*, __half*, long, long, long, HIP_vector_type<unsigned int, 3u>, long, long, long)",1506,16974748214519,16974748242223,0,0,256,1,1,655360,1,1
"KERNEL_DISPATCH",4,2,320,"Cijk_Alik_Bljk_HB_MT32x32x24_SN_1LDSB0_APM1_ABV0_ACED0_AF0EM2_AF1EM1_AMAS3_ASE_ASGT_ASLT_ASM_ASAE01_ASCE01_ASEM2_AAC0_BL1_BS1_CLR0_DTLA0_DTLB0_DTVA0_DTVB0_DVO0_ETSP_EPS1_ELFLR0_EMLL0_FSSC10_FL0_GLVWA4_GLVWB4_GRCGA1_GRCGB1_GRPM1_GRVW4_GSU1_GSUASB_GLS0_ISA900_IU1_K1_KLA_LBSPPA0_LBSPPB0_LPA0_LPB0_LDL1_LRVW4_LWPMn1_LDW0_FMA_MIAV0_MDA2_MO40_MMFGLC_MKFGSU256_NTA0_NTB0_NTC0_NTD0_NEPBS0_NLCA3_NLCB3_ONLL1_OPLV0_PK0_PAP0_PGR1_PLR1_PKA0_SIA1_SLW1_SS0_SU32_SUM0_SUS256_SCIUI1_SPO0_SRVW0_SSO0_SVW4_SNLL0_TSGRA0_TSGRB0_TT4_4_TLDS0_UMLDSA0_UMLDSB0_USFGRO0_VAW2_VS1_VW4_VWB4_VFLRP0_WSGRA0_WSGRB0_WS64_WG8_8_1_WGM8",1507,16974748242223,16974748915277,0,7168,64,1,1,4096,4,1
"KERNEL_DISPATCH",4,2,76,"void convert_unary<__half, float>(void const*, float*, long, long, long, HIP_vector_type<unsigned int, 3u>, long, long, long)",1508,16974748915277,16974748925203,0,0,256,1,1,262144,1,1
"KERNEL_DISPATCH",4,2,51,"void dequantize_block_iq3_s<__half>(void const*, __half*)",1509,16974748952018,16974749121800,0,0,32,1,1,1310720,1,1
"KERNEL_DISPATCH",4,2,64,"void convert_unary<float, __half>(void const*, __half*, long, long, long, HIP_vector_type<unsigned int, 3u>, long, long, long)",1510,16974749121800,16974749148467,0,0,256,1,1,655360,1,1
"KERNEL_DISPATCH",4,2,320,"Cijk_Alik_Bljk_HB_MT32x32x24_SN_1LDSB0_APM1_ABV0_ACED0_AF0EM2_AF1EM1_AMAS3_ASE_ASGT_ASLT_ASM_ASAE01_ASCE01_ASEM2_AAC0_BL1_BS1_CLR0_DTLA0_DTLB0_DTVA0_DTVB0_DVO0_ETSP_EPS1_ELFLR0_EMLL0_FSSC10_FL0_GLVWA4_GLVWB4_GRCGA1_GRCGB1_GRPM1_GRVW4_GSU1_GSUASB_GLS0_ISA900_IU1_K1_KLA_LBSPPA0_LBSPPB0_LPA0_LPB0_LDL1_LRVW4_LWPMn1_LDW0_FMA_MIAV0_MDA2_MO40_MMFGLC_MKFGSU256_NTA0_NTB0_NTC0_NTD0_NEPBS0_NLCA3_NLCB3_ONLL1_OPLV0_PK0_PAP0_PGR1_PLR1_PKA0_SIA1_SLW1_SS0_SU32_SUM0_SUS256_SCIUI1_SPO0_SRVW0_SSO0_SVW4_SNLL0_TSGRA0_TSGRB0_TT4_4_TLDS0_UMLDSA0_UMLDSB0_USFGRO0_VAW2_VS1_VW4_VWB4_VFLRP0_WSGRA0_WSGRB0_WS64_WG8_8_1_WGM8",1511,16974749148467,16974749809520,0,7168,64,1,1,4096,4,1
"KERNEL_DISPATCH",4,2,76,"void convert_unary<__half, float>(void const*, float*, long, long, long, HIP_vector_type<unsigned int, 3u>, long, long, long)",1512,16974749809520,16974749819743,0,0,256,1,1,262144,1,1
"KERNEL_DISPATCH",4,2,51,"void dequantize_block_iq3_s<__half>(void const*, __half*)",1513,16979460431555,16979460680450,0,0,32,1,1,2621440,1,1
"KERNEL_DISPATCH",4,2,64,"void convert_unary<float, __half>(void const*, __half*, long, long, long, HIP_vector_type<unsigned int, 3u>, long, long, long)",1514,16979460680450,16979460700598,0,0,256,1,1,655360,1,1
"KERNEL_DISPATCH",4,2,76,"void convert_unary<__half, float>(void const*, float*, long, long, long, HIP_vector_type<unsigned int, 3u>, long, long, long)",1516,16979461972777,16979462025074,0,0,256,1,1,524288,1,1
"KERNEL_DISPATCH",4,2,321,"Cijk_Alik_Bljk_HB_MT32x32x32_SN_1LDSB0_APM1_ABV0_ACED0_AF0EM2_AF1EM1_AMAS3_ASE_ASGT_ASLT_ASM_ASAE01_ASCE01_ASEM2_AAC0_BL1_BS1_CLR0_DTLA0_DTLB0_DTVA0_DTVB0_DVO0_ETSP_EPS1_ELFLR0_EMLL0_FSSC10_FL0_GLVWA4_GLVWB4_GRCGA1_GRCGB1_GRPM1_GRVW4_GSU1_GSUASB_GLS0_ISA900_IU1_K1_KLA_LBSPPA0_LBSPPB0_LPA0_LPB0_LDL1_LRVW4_LWPMn1_LDW0_FMA_MIAV0_MDA2_MO40_MMFGLC_MKFGSU256_NTA0_NTB0_NTC0_NTD0_NEPBS0_NLCA1_NLCB1_ONLL1_OPLV0_PK0_PAP0_PGR1_PLR1_PKA0_SIA1_SLW1_SS0_SU32_SUM0_SUS256_SCIUI1_SPO0_SRVW0_SSO0_SVW4_SNLL0_TSGRA0_TSGRB0_TT4_4_TLDS0_UMLDSA0_UMLDSB0_USFGRO0_VAW2_VS1_VW4_VWB4_VFLRP0_WSGRA0_WSGRB0_WS64_WG8_8_1_WGM8",1515,16979460700598,16979461972777,0,8192,64,1,1,8192,4,1
"KERNEL_DISPATCH",4,2,51,"void dequantize_block_iq3_s<__half>(void const*, __half*)",1517,16979462077668,16979462324044,0,0,32,1,1,2621440,1,1
"KERNEL_DISPATCH",4,2,64,"void convert_unary<float, __half>(void const*, __half*, long, long, long, HIP_vector_type<unsigned int, 3u>, long, long, long)",1518,16979462324044,16979462340637,0,0,256,1,1,655360,1,1
"KERNEL_DISPATCH",4,2,76,"void convert_unary<__half, float>(void const*, float*, long, long, long, HIP_vector_type<unsigned int, 3u>, long, long, long)",1520,16979463569704,16979463611335,0,0,256,1,1,524288,1,1
"KERNEL_DISPATCH",4,2,321,"Cijk_Alik_Bljk_HB_MT32x32x32_SN_1LDSB0_APM1_ABV0_ACED0_AF0EM2_AF1EM1_AMAS3_ASE_ASGT_ASLT_ASM_ASAE01_ASCE01_ASEM2_AAC0_BL1_BS1_CLR0_DTLA0_DTLB0_DTVA0_DTVB0_DVO0_ETSP_EPS1_ELFLR0_EMLL0_FSSC10_FL0_GLVWA4_GLVWB4_GRCGA1_GRCGB1_GRPM1_GRVW4_GSU1_GSUASB_GLS0_ISA900_IU1_K1_KLA_LBSPPA0_LBSPPB0_LPA0_LPB0_LDL1_LRVW4_LWPMn1_LDW0_FMA_MIAV0_MDA2_MO40_MMFGLC_MKFGSU256_NTA0_NTB0_NTC0_NTD0_NEPBS0_NLCA1_NLCB1_ONLL1_OPLV0_PK0_PAP0_PGR1_PLR1_PKA0_SIA1_SLW1_SS0_SU32_SUM0_SUS256_SCIUI1_SPO0_SRVW0_SSO0_SVW4_SNLL0_TSGRA0_TSGRB0_TT4_4_TLDS0_UMLDSA0_UMLDSB0_USFGRO0_VAW2_VS1_VW4_VWB4_VFLRP0_WSGRA0_WSGRB0_WS64_WG8_8_1_WGM8",1519,16979462340637,16979463569704,0,8192,64,1,1,8192,4,1
"KERNEL_DISPATCH",4,2,51,"void dequantize_block_iq3_s<__half>(void const*, __half*)",1521,16979463633558,16979463879934,0,0,32,1,1,2621440,1,1
"KERNEL_DISPATCH",4,2,64,"void convert_unary<float, __half>(void const*, __half*, long, long, long, HIP_vector_type<unsigned int, 3u>, long, long, long)",1522,16979463879934,16979463896823,0,0,256,1,1,655360,1,1
"KERNEL_DISPATCH",4,2,76,"void convert_unary<__half, float>(void const*, float*, long, long, long, HIP_vector_type<unsigned int, 3u>, long, long, long)",1524,16979465179965,16979465222485,0,0,256,1,1,524288,1,1
"KERNEL_DISPATCH",4,2,321,"Cijk_Alik_Bljk_HB_MT32x32x32_SN_1LDSB0_APM1_ABV0_ACED0_AF0EM2_AF1EM1_AMAS3_ASE_ASGT_ASLT_ASM_ASAE01_ASCE01_ASEM2_AAC0_BL1_BS1_CLR0_DTLA0_DTLB0_DTVA0_DTVB0_DVO0_ETSP_EPS1_ELFLR0_EMLL0_FSSC10_FL0_GLVWA4_GLVWB4_GRCGA1_GRCGB1_GRPM1_GRVW4_GSU1_GSUASB_GLS0_ISA900_IU1_K1_KLA_LBSPPA0_LBSPPB0_LPA0_LPB0_LDL1_LRVW4_LWPMn1_LDW0_FMA_MIAV0_MDA2_MO40_MMFGLC_MKFGSU256_NTA0_NTB0_NTC0_NTD0_NEPBS0_NLCA1_NLCB1_ONLL1_OPLV0_PK0_PAP0_PGR1_PLR1_PKA0_SIA1_SLW1_SS0_SU32_SUM0_SUS256_SCIUI1_SPO0_SRVW0_SSO0_SVW4_SNLL0_TSGRA0_TSGRB0_TT4_4_TLDS0_UMLDSA0_UMLDSB0_USFGRO0_VAW2_VS1_VW4_VWB4_VFLRP0_WSGRA0_WSGRB0_WS64_WG8_8_1_WGM8",1523,16979463896823,16979465179965,0,8192,64,1,1,8192,4,1
"KERNEL_DISPATCH",4,2,51,"void dequantize_block_iq3_s<__half>(void const*, __half*)",1525,16979465245597,16979465498936,0,0,32,1,1,2621440,1,1
"KERNEL_DISPATCH",4,2,64,"void convert_unary<float, __half>(void const*, __half*, long, long, long, HIP_vector_type<unsigned int, 3u>, long, long, long)",1526,16979465498936,16979465515974,0,0,256,1,1,655360,1,1
"KERNEL_DISPATCH",4,2,76,"void convert_unary<__half, float>(void const*, float*, long, long, long, HIP_vector_type<unsigned int, 3u>, long, long, long)",1528,16979466804301,16979466846228,0,0,256,1,1,524288,1,1
"KERNEL_DISPATCH",4,2,321,"Cijk_Alik_Bljk_HB_MT32x32x32_SN_1LDSB0_APM1_ABV0_ACED0_AF0EM2_AF1EM1_AMAS3_ASE_ASGT_ASLT_ASM_ASAE01_ASCE01_ASEM2_AAC0_BL1_BS1_CLR0_DTLA0_DTLB0_DTVA0_DTVB0_DVO0_ETSP_EPS1_ELFLR0_EMLL0_FSSC10_FL0_GLVWA4_GLVWB4_GRCGA1_GRCGB1_GRPM1_GRVW4_GSU1_GSUASB_GLS0_ISA900_IU1_K1_KLA_LBSPPA0_LBSPPB0_LPA0_LPB0_LDL1_LRVW4_LWPMn1_LDW0_FMA_MIAV0_MDA2_MO40_MMFGLC_MKFGSU256_NTA0_NTB0_NTC0_NTD0_NEPBS0_NLCA1_NLCB1_ONLL1_OPLV0_PK0_PAP0_PGR1_PLR1_PKA0_SIA1_SLW1_SS0_SU32_SUM0_SUS256_SCIUI1_SPO0_SRVW0_SSO0_SVW4_SNLL0_TSGRA0_TSGRB0_TT4_4_TLDS0_UMLDSA0_UMLDSB0_USFGRO0_VAW2_VS1_VW4_VWB4_VFLRP0_WSGRA0_WSGRB0_WS64_WG8_8_1_WGM8",1527,16979465515974,16979466804301,0,8192,64,1,1,8192,4,1
"KERNEL_DISPATCH",4,2,64,"void convert_unary<float, __half>(void const*, __half*, long, long, long, HIP_vector_type<unsigned int, 3u>, long, long, long)",1530,16979467131568,16979467149791,0,0,256,1,1,655360,1,1
"KERNEL_DISPATCH",4,2,51,"void dequantize_block_iq3_s<__half>(void const*, __half*)",1529,16979466869043,16979467131568,0,0,32,1,1,2621440,1,1
"KERNEL_DISPATCH",4,2,76,"void convert_unary<__half, float>(void const*, float*, long, long, long, HIP_vector_type<unsigned int, 3u>, long, long, long)",1532,16979468319597,16979468361524,0,0,256,1,1,524288,1,1
"KERNEL_DISPATCH",4,2,321,"Cijk_Alik_Bljk_HB_MT32x32x32_SN_1LDSB0_APM1_ABV0_ACED0_AF0EM2_AF1EM1_AMAS3_ASE_ASGT_ASLT_ASM_ASAE01_ASCE01_ASEM2_AAC0_BL1_BS1_CLR0_DTLA0_DTLB0_DTVA0_DTVB0_DVO0_ETSP_EPS1_ELFLR0_EMLL0_FSSC10_FL0_GLVWA4_GLVWB4_GRCGA1_GRCGB1_GRPM1_GRVW4_GSU1_GSUASB_GLS0_ISA900_IU1_K1_KLA_LBSPPA0_LBSPPB0_LPA0_LPB0_LDL1_LRVW4_LWPMn1_LDW0_FMA_MIAV0_MDA2_MO40_MMFGLC_MKFGSU256_NTA0_NTB0_NTC0_NTD0_NEPBS0_NLCA1_NLCB1_ONLL1_OPLV0_PK0_PAP0_PGR1_PLR1_PKA0_SIA1_SLW1_SS0_SU32_SUM0_SUS256_SCIUI1_SPO0_SRVW0_SSO0_SVW4_SNLL0_TSGRA0_TSGRB0_TT4_4_TLDS0_UMLDSA0_UMLDSB0_USFGRO0_VAW2_VS1_VW4_VWB4_VFLRP0_WSGRA0_WSGRB0_WS64_WG8_8_1_WGM8",1531,16979467149791,16979468319597,0,8192,64,1,1,8192,4,1
"KERNEL_DISPATCH",4,2,51,"void dequantize_block_iq3_s<__half>(void const*, __half*)",1533,16979468386413,16979468648198,0,0,32,1,1,2621440,1,1
"KERNEL_DISPATCH",4,2,64,"void convert_unary<float, __half>(void const*, __half*, long, long, long, HIP_vector_type<unsigned int, 3u>, long, long, long)",1534,16979468648198,16979468665976,0,0,256,1,1,655360,1,1
"KERNEL_DISPATCH",4,2,76,"void convert_unary<__half, float>(void const*, float*, long, long, long, HIP_vector_type<unsigned int, 3u>, long, long, long)",1536,16979469958896,16979470000675,0,0,256,1,1,524288,1,1
"KERNEL_DISPATCH",4,2,321,"Cijk_Alik_Bljk_HB_MT32x32x32_SN_1LDSB0_APM1_ABV0_ACED0_AF0EM2_AF1EM1_AMAS3_ASE_ASGT_ASLT_ASM_ASAE01_ASCE01_ASEM2_AAC0_BL1_BS1_CLR0_DTLA0_DTLB0_DTVA0_DTVB0_DVO0_ETSP_EPS1_ELFLR0_EMLL0_FSSC10_FL0_GLVWA4_GLVWB4_GRCGA1_GRCGB1_GRPM1_GRVW4_GSU1_GSUASB_GLS0_ISA900_IU1_K1_KLA_LBSPPA0_LBSPPB0_LPA0_LPB0_LDL1_LRVW4_LWPMn1_LDW0_FMA_MIAV0_MDA2_MO40_MMFGLC_MKFGSU256_NTA0_NTB0_NTC0_NTD0_NEPBS0_NLCA1_NLCB1_ONLL1_OPLV0_PK0_PAP0_PGR1_PLR1_PKA0_SIA1_SLW1_SS0_SU32_SUM0_SUS256_SCIUI1_SPO0_SRVW0_SSO0_SVW4_SNLL0_TSGRA0_TSGRB0_TT4_4_TLDS0_UMLDSA0_UMLDSB0_USFGRO0_VAW2_VS1_VW4_VWB4_VFLRP0_WSGRA0_WSGRB0_WS64_WG8_8_1_WGM8",1535,16979468665976,16979469958896,0,8192,64,1,1,8192,4,1
"KERNEL_DISPATCH",4,2,51,"void dequantize_block_iq3_s<__half>(void const*, __half*)",1537,16979470025416,16979470317571,0,0,32,1,1,2621440,1,1
"KERNEL_DISPATCH",4,2,64,"void convert_unary<float, __half>(void const*, __half*, long, long, long, HIP_vector_type<unsigned int, 3u>, long, long, long)",1538,16979470317571,16979470336979,0,0,256,1,1,655360,1,1
"KERNEL_DISPATCH",4,2,76,"void convert_unary<__half, float>(void const*, float*, long, long, long, HIP_vector_type<unsigned int, 3u>, long, long, long)",1540,16979471577454,16979471619529,0,0,256,1,1,524288,1,1
"KERNEL_DISPATCH",4,2,321,"Cijk_Alik_Bljk_HB_MT32x32x32_SN_1LDSB0_APM1_ABV0_ACED0_AF0EM2_AF1EM1_AMAS3_ASE_ASGT_ASLT_ASM_ASAE01_ASCE01_ASEM2_AAC0_BL1_BS1_CLR0_DTLA0_DTLB0_DTVA0_DTVB0_DVO0_ETSP_EPS1_ELFLR0_EMLL0_FSSC10_FL0_GLVWA4_GLVWB4_GRCGA1_GRCGB1_GRPM1_GRVW4_GSU1_GSUASB_GLS0_ISA900_IU1_K1_KLA_LBSPPA0_LBSPPB0_LPA0_LPB0_LDL1_LRVW4_LWPMn1_LDW0_FMA_MIAV0_MDA2_MO40_MMFGLC_MKFGSU256_NTA0_NTB0_NTC0_NTD0_NEPBS0_NLCA1_NLCB1_ONLL1_OPLV0_PK0_PAP0_PGR1_PLR1_PKA0_SIA1_SLW1_SS0_SU32_SUM0_SUS256_SCIUI1_SPO0_SRVW0_SSO0_SVW4_SNLL0_TSGRA0_TSGRB0_TT4_4_TLDS0_UMLDSA0_UMLDSB0_USFGRO0_VAW2_VS1_VW4_VWB4_VFLRP0_WSGRA0_WSGRB0_WS64_WG8_8_1_WGM8",1539,16979470336979,16979471577454,0,8192,64,1,1,8192,4,1
"KERNEL_DISPATCH",4,2,51,"void dequantize_block_iq3_s<__half>(void const*, __half*)",1541,16979471643826,16979471935981,0,0,32,1,1,2621440,1,1
"KERNEL_DISPATCH",4,2,64,"void convert_unary<float, __half>(void const*, __half*, long, long, long, HIP_vector_type<unsigned int, 3u>, long, long, long)",1542,16979471935981,16979471955537,0,0,256,1,1,655360,1,1
"KERNEL_DISPATCH",4,2,321,"Cijk_Alik_Bljk_HB_MT32x32x32_SN_1LDSB0_APM1_ABV0_ACED0_AF0EM2_AF1EM1_AMAS3_ASE_ASGT_ASLT_ASM_ASAE01_ASCE01_ASEM2_AAC0_BL1_BS1_CLR0_DTLA0_DTLB0_DTVA0_DTVB0_DVO0_ETSP_EPS1_ELFLR0_EMLL0_FSSC10_FL0_GLVWA4_GLVWB4_GRCGA1_GRCGB1_GRPM1_GRVW4_GSU1_GSUASB_GLS0_ISA900_IU1_K1_KLA_LBSPPA0_LBSPPB0_LPA0_LPB0_LDL1_LRVW4_LWPMn1_LDW0_FMA_MIAV0_MDA2_MO40_MMFGLC_MKFGSU256_NTA0_NTB0_NTC0_NTD0_NEPBS0_NLCA1_NLCB1_ONLL1_OPLV0_PK0_PAP0_PGR1_PLR1_PKA0_SIA1_SLW1_SS0_SU32_SUM0_SUS256_SCIUI1_SPO0_SRVW0_SSO0_SVW4_SNLL0_TSGRA0_TSGRB0_TT4_4_TLDS0_UMLDSA0_UMLDSB0_USFGRO0_VAW2_VS1_VW4_VWB4_VFLRP0_WSGRA0_WSGRB0_WS64_WG8_8_1_WGM8",1543,16979471955537,16979473426239,0,8192,64,1,1,8192,4,1
"KERNEL_DISPATCH",4,2,76,"void convert_unary<__half, float>(void const*, float*, long, long, long, HIP_vector_type<unsigned int, 3u>, long, long, long)",1544,16979473426239,16979473468462,0,0,256,1,1,524288,1,1
"KERNEL_DISPATCH",4,2,51,"void dequantize_block_iq3_s<__half>(void const*, __half*)",1545,16979473500315,16979473792915,0,0,32,1,1,2621440,1,1
"KERNEL_DISPATCH",4,2,64,"void convert_unary<float, __half>(void const*, __half*, long, long, long, HIP_vector_type<unsigned int, 3u>, long, long, long)",1546,16979473792915,16979473812323,0,0,256,1,1,655360,1,1
"KERNEL_DISPATCH",4,2,321,"Cijk_Alik_Bljk_HB_MT32x32x32_SN_1LDSB0_APM1_ABV0_ACED0_AF0EM2_AF1EM1_AMAS3_ASE_ASGT_ASLT_ASM_ASAE01_ASCE01_ASEM2_AAC0_BL1_BS1_CLR0_DTLA0_DTLB0_DTVA0_DTVB0_DVO0_ETSP_EPS1_ELFLR0_EMLL0_FSSC10_FL0_GLVWA4_GLVWB4_GRCGA1_GRCGB1_GRPM1_GRVW4_GSU1_GSUASB_GLS0_ISA900_IU1_K1_KLA_LBSPPA0_LBSPPB0_LPA0_LPB0_LDL1_LRVW4_LWPMn1_LDW0_FMA_MIAV0_MDA2_MO40_MMFGLC_MKFGSU256_NTA0_NTB0_NTC0_NTD0_NEPBS0_NLCA1_NLCB1_ONLL1_OPLV0_PK0_PAP0_PGR1_PLR1_PKA0_SIA1_SLW1_SS0_SU32_SUM0_SUS256_SCIUI1_SPO0_SRVW0_SSO0_SVW4_SNLL0_TSGRA0_TSGRB0_TT4_4_TLDS0_UMLDSA0_UMLDSB0_USFGRO0_VAW2_VS1_VW4_VWB4_VFLRP0_WSGRA0_WSGRB0_WS64_WG8_8_1_WGM8",1547,16979473812323,16979475201393,0,8192,64,1,1,8192,4,1
"KERNEL_DISPATCH",4,2,76,"void convert_unary<__half, float>(void const*, float*, long, long, long, HIP_vector_type<unsigned int, 3u>, long, long, long)",1548,16979475201393,16979475244209,0,0,256,1,1,524288,1,1
"KERNEL_DISPATCH",4,2,51,"void dequantize_block_iq3_s<__half>(void const*, __half*)",1549,16979475267765,16979475548661,0,0,32,1,1,2621440,1,1
"KERNEL_DISPATCH",4,2,64,"void convert_unary<float, __half>(void const*, __half*, long, long, long, HIP_vector_type<unsigned int, 3u>, long, long, long)",1550,16979475548661,16979475566143,0,0,256,1,1,655360,1,1
"KERNEL_DISPATCH",4,2,321,"Cijk_Alik_Bljk_HB_MT32x32x32_SN_1LDSB0_APM1_ABV0_ACED0_AF0EM2_AF1EM1_AMAS3_ASE_ASGT_ASLT_ASM_ASAE01_ASCE01_ASEM2_AAC0_BL1_BS1_CLR0_DTLA0_DTLB0_DTVA0_DTVB0_DVO0_ETSP_EPS1_ELFLR0_EMLL0_FSSC10_FL0_GLVWA4_GLVWB4_GRCGA1_GRCGB1_GRPM1_GRVW4_GSU1_GSUASB_GLS0_ISA900_IU1_K1_KLA_LBSPPA0_LBSPPB0_LPA0_LPB0_LDL1_LRVW4_LWPMn1_LDW0_FMA_MIAV0_MDA2_MO40_MMFGLC_MKFGSU256_NTA0_NTB0_NTC0_NTD0_NEPBS0_NLCA1_NLCB1_ONLL1_OPLV0_PK0_PAP0_PGR1_PLR1_PKA0_SIA1_SLW1_SS0_SU32_SUM0_SUS256_SCIUI1_SPO0_SRVW0_SSO0_SVW4_SNLL0_TSGRA0_TSGRB0_TT4_4_TLDS0_UMLDSA0_UMLDSB0_USFGRO0_VAW2_VS1_VW4_VWB4_VFLRP0_WSGRA0_WSGRB0_WS64_WG8_8_1_WGM8",1551,16979475566143,16979476850470,0,8192,64,1,1,8192,4,1
"KERNEL_DISPATCH",4,2,76,"void convert_unary<__half, float>(void const*, float*, long, long, long, HIP_vector_type<unsigned int, 3u>, long, long, long)",1552,16979476850470,16979476893434,0,0,256,1,1,524288,1,1
"KERNEL_DISPATCH",4,2,51,"void dequantize_block_iq3_s<__half>(void const*, __half*)",1553,16979476916398,16979477208553,0,0,32,1,1,2621440,1,1
"KERNEL_DISPATCH",4,2,64,"void convert_unary<float, __half>(void const*, __half*, long, long, long, HIP_vector_type<unsigned int, 3u>, long, long, long)",1554,16979477208553,16979477228109,0,0,256,1,1,655360,1,1
"KERNEL_DISPATCH",4,2,321,"Cijk_Alik_Bljk_HB_MT32x32x32_SN_1LDSB0_APM1_ABV0_ACED0_AF0EM2_AF1EM1_AMAS3_ASE_ASGT_ASLT_ASM_ASAE01_ASCE01_ASEM2_AAC0_BL1_BS1_CLR0_DTLA0_DTLB0_DTVA0_DTVB0_DVO0_ETSP_EPS1_ELFLR0_EMLL0_FSSC10_FL0_GLVWA4_GLVWB4_GRCGA1_GRCGB1_GRPM1_GRVW4_GSU1_GSUASB_GLS0_ISA900_IU1_K1_KLA_LBSPPA0_LBSPPB0_LPA0_LPB0_LDL1_LRVW4_LWPMn1_LDW0_FMA_MIAV0_MDA2_MO40_MMFGLC_MKFGSU256_NTA0_NTB0_NTC0_NTD0_NEPBS0_NLCA1_NLCB1_ONLL1_OPLV0_PK0_PAP0_PGR1_PLR1_PKA0_SIA1_SLW1_SS0_SU32_SUM0_SUS256_SCIUI1_SPO0_SRVW0_SSO0_SVW4_SNLL0_TSGRA0_TSGRB0_TT4_4_TLDS0_UMLDSA0_UMLDSB0_USFGRO0_VAW2_VS1_VW4_VWB4_VFLRP0_WSGRA0_WSGRB0_WS64_WG8_8_1_WGM8",1555,16979477228109,16979478532733,0,8192,64,1,1,8192,4,1
"KERNEL_DISPATCH",4,2,76,"void convert_unary<__half, float>(void const*, float*, long, long, long, HIP_vector_type<unsigned int, 3u>, long, long, long)",1556,16979478532733,16979478574364,0,0,256,1,1,524288,1,1
"KERNEL_DISPATCH",4,2,51,"void dequantize_block_iq3_s<__half>(void const*, __half*)",1557,16979478597920,16979478890223,0,0,32,1,1,2621440,1,1
"KERNEL_DISPATCH",4,2,64,"void convert_unary<float, __half>(void const*, __half*, long, long, long, HIP_vector_type<unsigned int, 3u>, long, long, long)",1558,16979478890223,16979478910372,0,0,256,1,1,655360,1,1
"KERNEL_DISPATCH",4,2,321,"Cijk_Alik_Bljk_HB_MT32x32x32_SN_1LDSB0_APM1_ABV0_ACED0_AF0EM2_AF1EM1_AMAS3_ASE_ASGT_ASLT_ASM_ASAE01_ASCE01_ASEM2_AAC0_BL1_BS1_CLR0_DTLA0_DTLB0_DTVA0_DTVB0_DVO0_ETSP_EPS1_ELFLR0_EMLL0_FSSC10_FL0_GLVWA4_GLVWB4_GRCGA1_GRCGB1_GRPM1_GRVW4_GSU1_GSUASB_GLS0_ISA900_IU1_K1_KLA_LBSPPA0_LBSPPB0_LPA0_LPB0_LDL1_LRVW4_LWPMn1_LDW0_FMA_MIAV0_MDA2_MO40_MMFGLC_MKFGSU256_NTA0_NTB0_NTC0_NTD0_NEPBS0_NLCA1_NLCB1_ONLL1_OPLV0_PK0_PAP0_PGR1_PLR1_PKA0_SIA1_SLW1_SS0_SU32_SUM0_SUS256_SCIUI1_SPO0_SRVW0_SSO0_SVW4_SNLL0_TSGRA0_TSGRB0_TT4_4_TLDS0_UMLDSA0_UMLDSB0_USFGRO0_VAW2_VS1_VW4_VWB4_VFLRP0_WSGRA0_WSGRB0_WS64_WG8_8_1_WGM8",1559,16979478910372,16979480303147,0,8192,64,1,1,8192,4,1
"KERNEL_DISPATCH",4,2,76,"void convert_unary<__half, float>(void const*, float*, long, long, long, HIP_vector_type<unsigned int, 3u>, long, long, long)",1560,16979480303147,16979480345962,0,0,256,1,1,524288,1,1
"KERNEL_DISPATCH",4,2,51,"void dequantize_block_iq3_s<__half>(void const*, __half*)",1561,16979480369519,16979480639155,0,0,32,1,1,2621440,1,1
"KERNEL_DISPATCH",4,2,64,"void convert_unary<float, __half>(void const*, __half*, long, long, long, HIP_vector_type<unsigned int, 3u>, long, long, long)",1562,16979480639155,16979480657377,0,0,256,1,1,655360,1,1
"KERNEL_DISPATCH",4,2,321,"Cijk_Alik_Bljk_HB_MT32x32x32_SN_1LDSB0_APM1_ABV0_ACED0_AF0EM2_AF1EM1_AMAS3_ASE_ASGT_ASLT_ASM_ASAE01_ASCE01_ASEM2_AAC0_BL1_BS1_CLR0_DTLA0_DTLB0_DTVA0_DTVB0_DVO0_ETSP_EPS1_ELFLR0_EMLL0_FSSC10_FL0_GLVWA4_GLVWB4_GRCGA1_GRCGB1_GRPM1_GRVW4_GSU1_GSUASB_GLS0_ISA900_IU1_K1_KLA_LBSPPA0_LBSPPB0_LPA0_LPB0_LDL1_LRVW4_LWPMn1_LDW0_FMA_MIAV0_MDA2_MO40_MMFGLC_MKFGSU256_NTA0_NTB0_NTC0_NTD0_NEPBS0_NLCA1_NLCB1_ONLL1_OPLV0_PK0_PAP0_PGR1_PLR1_PKA0_SIA1_SLW1_SS0_SU32_SUM0_SUS256_SCIUI1_SPO0_SRVW0_SSO0_SVW4_SNLL0_TSGRA0_TSGRB0_TT4_4_TLDS0_UMLDSA0_UMLDSB0_USFGRO0_VAW2_VS1_VW4_VWB4_VFLRP0_WSGRA0_WSGRB0_WS64_WG8_8_1_WGM8",1563,16979480657377,16979481856369,0,8192,64,1,1,8192,4,1
"KERNEL_DISPATCH",4,2,76,"void convert_unary<__half, float>(void const*, float*, long, long, long, HIP_vector_type<unsigned int, 3u>, long, long, long)",1564,16979481856369,16979481898444,0,0,256,1,1,524288,1,1
"KERNEL_DISPATCH",4,2,51,"void dequantize_block_iq3_s<__half>(void const*, __half*)",1565,16979481922001,16979482214008,0,0,32,1,1,2621440,1,1
"KERNEL_DISPATCH",4,2,64,"void convert_unary<float, __half>(void const*, __half*, long, long, long, HIP_vector_type<unsigned int, 3u>, long, long, long)",1566,16979482214008,16979482233564,0,0,256,1,1,655360,1,1
"KERNEL_DISPATCH",4,2,76,"void convert_unary<__half, float>(void const*, float*, long, long, long, HIP_vector_type<unsigned int, 3u>, long, long, long)",1568,16979483566189,16979483607671,0,0,256,1,1,524288,1,1
"KERNEL_DISPATCH",4,2,321,"Cijk_Alik_Bljk_HB_MT32x32x32_SN_1LDSB0_APM1_ABV0_ACED0_AF0EM2_AF1EM1_AMAS3_ASE_ASGT_ASLT_ASM_ASAE01_ASCE01_ASEM2_AAC0_BL1_BS1_CLR0_DTLA0_DTLB0_DTVA0_DTVB0_DVO0_ETSP_EPS1_ELFLR0_EMLL0_FSSC10_FL0_GLVWA4_GLVWB4_GRCGA1_GRCGB1_GRPM1_GRVW4_GSU1_GSUASB_GLS0_ISA900_IU1_K1_KLA_LBSPPA0_LBSPPB0_LPA0_LPB0_LDL1_LRVW4_LWPMn1_LDW0_FMA_MIAV0_MDA2_MO40_MMFGLC_MKFGSU256_NTA0_NTB0_NTC0_NTD0_NEPBS0_NLCA1_NLCB1_ONLL1_OPLV0_PK0_PAP0_PGR1_PLR1_PKA0_SIA1_SLW1_SS0_SU32_SUM0_SUS256_SCIUI1_SPO0_SRVW0_SSO0_SVW4_SNLL0_TSGRA0_TSGRB0_TT4_4_TLDS0_UMLDSA0_UMLDSB0_USFGRO0_VAW2_VS1_VW4_VWB4_VFLRP0_WSGRA0_WSGRB0_WS64_WG8_8_1_WGM8",1567,16979482233564,16979483566189,0,8192,64,1,1,8192,4,1
"KERNEL_DISPATCH",4,2,51,"void dequantize_block_iq3_s<__half>(void const*, __half*)",1569,16979483631820,16979483923679,0,0,32,1,1,2621440,1,1
"KERNEL_DISPATCH",4,2,64,"void convert_unary<float, __half>(void const*, __half*, long, long, long, HIP_vector_type<unsigned int, 3u>, long, long, long)",1570,16979483923679,16979483943383,0,0,256,1,1,655360,1,1
"KERNEL_DISPATCH",4,2,321,"Cijk_Alik_Bljk_HB_MT32x32x32_SN_1LDSB0_APM1_ABV0_ACED0_AF0EM2_AF1EM1_AMAS3_ASE_ASGT_ASLT_ASM_ASAE01_ASCE01_ASEM2_AAC0_BL1_BS1_CLR0_DTLA0_DTLB0_DTVA0_DTVB0_DVO0_ETSP_EPS1_ELFLR0_EMLL0_FSSC10_FL0_GLVWA4_GLVWB4_GRCGA1_GRCGB1_GRPM1_GRVW4_GSU1_GSUASB_GLS0_ISA900_IU1_K1_KLA_LBSPPA0_LBSPPB0_LPA0_LPB0_LDL1_LRVW4_LWPMn1_LDW0_FMA_MIAV0_MDA2_MO40_MMFGLC_MKFGSU256_NTA0_NTB0_NTC0_NTD0_NEPBS0_NLCA1_NLCB1_ONLL1_OPLV0_PK0_PAP0_PGR1_PLR1_PKA0_SIA1_SLW1_SS0_SU32_SUM0_SUS256_SCIUI1_SPO0_SRVW0_SSO0_SVW4_SNLL0_TSGRA0_TSGRB0_TT4_4_TLDS0_UMLDSA0_UMLDSB0_USFGRO0_VAW2_VS1_VW4_VWB4_VFLRP0_WSGRA0_WSGRB0_WS64_WG8_8_1_WGM8",1571,16979483943383,16979485246526,0,8192,64,1,1,8192,4,1
"KERNEL_DISPATCH",4,2,76,"void convert_unary<__half, float>(void const*, float*, long, long, long, HIP_vector_type<unsigned int, 3u>, long, long, long)",1572,16979485246526,16979485288156,0,0,256,1,1,524288,1,1
"KERNEL_DISPATCH",4,2,51,"void dequantize_block_iq3_s<__half>(void const*, __half*)",1573,16979485311564,16979485587571,0,0,32,1,1,2621440,1,1
"KERNEL_DISPATCH",4,2,64,"void convert_unary<float, __half>(void const*, __half*, long, long, long, HIP_vector_type<unsigned int, 3u>, long, long, long)",1574,16979485587571,16979485605201,0,0,256,1,1,655360,1,1
"KERNEL_DISPATCH",4,2,321,"Cijk_Alik_Bljk_HB_MT32x32x32_SN_1LDSB0_APM1_ABV0_ACED0_AF0EM2_AF1EM1_AMAS3_ASE_ASGT_ASLT_ASM_ASAE01_ASCE01_ASEM2_AAC0_BL1_BS1_CLR0_DTLA0_DTLB0_DTVA0_DTVB0_DVO0_ETSP_EPS1_ELFLR0_EMLL0_FSSC10_FL0_GLVWA4_GLVWB4_GRCGA1_GRCGB1_GRPM1_GRVW4_GSU1_GSUASB_GLS0_ISA900_IU1_K1_KLA_LBSPPA0_LBSPPB0_LPA0_LPB0_LDL1_LRVW4_LWPMn1_LDW0_FMA_MIAV0_MDA2_MO40_MMFGLC_MKFGSU256_NTA0_NTB0_NTC0_NTD0_NEPBS0_NLCA1_NLCB1_ONLL1_OPLV0_PK0_PAP0_PGR1_PLR1_PKA0_SIA1_SLW1_SS0_SU32_SUM0_SUS256_SCIUI1_SPO0_SRVW0_SSO0_SVW4_SNLL0_TSGRA0_TSGRB0_TT4_4_TLDS0_UMLDSA0_UMLDSB0_USFGRO0_VAW2_VS1_VW4_VWB4_VFLRP0_WSGRA0_WSGRB0_WS64_WG8_8_1_WGM8",1575,16979485605201,16979486836046,0,8192,64,1,1,8192,4,1
"KERNEL_DISPATCH",4,2,76,"void convert_unary<__half, float>(void const*, float*, long, long, long, HIP_vector_type<unsigned int, 3u>, long, long, long)",1576,16979486836046,16979486878861,0,0,256,1,1,524288,1,1
"KERNEL_DISPATCH",4,2,51,"void dequantize_block_iq3_s<__half>(void const*, __half*)",1577,16979486901973,16979487194721,0,0,32,1,1,2621440,1,1
"KERNEL_DISPATCH",4,2,64,"void convert_unary<float, __half>(void const*, __half*, long, long, long, HIP_vector_type<unsigned int, 3u>, long, long, long)",1578,16979487194721,16979487214277,0,0,256,1,1,655360,1,1
"KERNEL_DISPATCH",4,2,321,"Cijk_Alik_Bljk_HB_MT32x32x32_SN_1LDSB0_APM1_ABV0_ACED0_AF0EM2_AF1EM1_AMAS3_ASE_ASGT_ASLT_ASM_ASAE01_ASCE01_ASEM2_AAC0_BL1_BS1_CLR0_DTLA0_DTLB0_DTVA0_DTVB0_DVO0_ETSP_EPS1_ELFLR0_EMLL0_FSSC10_FL0_GLVWA4_GLVWB4_GRCGA1_GRCGB1_GRPM1_GRVW4_GSU1_GSUASB_GLS0_ISA900_IU1_K1_KLA_LBSPPA0_LBSPPB0_LPA0_LPB0_LDL1_LRVW4_LWPMn1_LDW0_FMA_MIAV0_MDA2_MO40_MMFGLC_MKFGSU256_NTA0_NTB0_NTC0_NTD0_NEPBS0_NLCA1_NLCB1_ONLL1_OPLV0_PK0_PAP0_PGR1_PLR1_PKA0_SIA1_SLW1_SS0_SU32_SUM0_SUS256_SCIUI1_SPO0_SRVW0_SSO0_SVW4_SNLL0_TSGRA0_TSGRB0_TT4_4_TLDS0_UMLDSA0_UMLDSB0_USFGRO0_VAW2_VS1_VW4_VWB4_VFLRP0_WSGRA0_WSGRB0_WS64_WG8_8_1_WGM8",1579,16979487214277,16979488578014,0,8192,64,1,1,8192,4,1
"KERNEL_DISPATCH",4,2,76,"void convert_unary<__half, float>(void const*, float*, long, long, long, HIP_vector_type<unsigned int, 3u>, long, long, long)",1580,16979488578014,16979488620830,0,0,256,1,1,524288,1,1
"KERNEL_DISPATCH",4,2,51,"void dequantize_block_iq3_s<__half>(void const*, __half*)",1581,16979488643941,16979488935800,0,0,32,1,1,2621440,1,1
"KERNEL_DISPATCH",4,2,64,"void convert_unary<float, __half>(void const*, __half*, long, long, long, HIP_vector_type<unsigned int, 3u>, long, long, long)",1582,16979488935800,16979488955801,0,0,256,1,1,655360,1,1
"KERNEL_DISPATCH",4,2,321,"Cijk_Alik_Bljk_HB_MT32x32x32_SN_1LDSB0_APM1_ABV0_ACED0_AF0EM2_AF1EM1_AMAS3_ASE_ASGT_ASLT_ASM_ASAE01_ASCE01_ASEM2_AAC0_BL1_BS1_CLR0_DTLA0_DTLB0_DTVA0_DTVB0_DVO0_ETSP_EPS1_ELFLR0_EMLL0_FSSC10_FL0_GLVWA4_GLVWB4_GRCGA1_GRCGB1_GRPM1_GRVW4_GSU1_GSUASB_GLS0_ISA900_IU1_K1_KLA_LBSPPA0_LBSPPB0_LPA0_LPB0_LDL1_LRVW4_LWPMn1_LDW0_FMA_MIAV0_MDA2_MO40_MMFGLC_MKFGSU256_NTA0_NTB0_NTC0_NTD0_NEPBS0_NLCA1_NLCB1_ONLL1_OPLV0_PK0_PAP0_PGR1_PLR1_PKA0_SIA1_SLW1_SS0_SU32_SUM0_SUS256_SCIUI1_SPO0_SRVW0_SSO0_SVW4_SNLL0_TSGRA0_TSGRB0_TT4_4_TLDS0_UMLDSA0_UMLDSB0_USFGRO0_VAW2_VS1_VW4_VWB4_VFLRP0_WSGRA0_WSGRB0_WS64_WG8_8_1_WGM8",1583,16979488955801,16979490255832,0,8192,64,1,1,8192,4,1
"KERNEL_DISPATCH",4,2,76,"void convert_unary<__half, float>(void const*, float*, long, long, long, HIP_vector_type<unsigned int, 3u>, long, long, long)",1584,16979490255832,16979490297463,0,0,256,1,1,524288,1,1
"KERNEL_DISPATCH",4,2,51,"void dequantize_block_iq3_s<__half>(void const*, __half*)",1585,16979490321167,16979490596729,0,0,32,1,1,2621440,1,1
"KERNEL_DISPATCH",4,2,64,"void convert_unary<float, __half>(void const*, __half*, long, long, long, HIP_vector_type<unsigned int, 3u>, long, long, long)",1586,16979490596729,16979490614359,0,0,256,1,1,655360,1,1
"KERNEL_DISPATCH",4,2,321,"Cijk_Alik_Bljk_HB_MT32x32x32_SN_1LDSB0_APM1_ABV0_ACED0_AF0EM2_AF1EM1_AMAS3_ASE_ASGT_ASLT_ASM_ASAE01_ASCE01_ASEM2_AAC0_BL1_BS1_CLR0_DTLA0_DTLB0_DTVA0_DTVB0_DVO0_ETSP_EPS1_ELFLR0_EMLL0_FSSC10_FL0_GLVWA4_GLVWB4_GRCGA1_GRCGB1_GRPM1_GRVW4_GSU1_GSUASB_GLS0_ISA900_IU1_K1_KLA_LBSPPA0_LBSPPB0_LPA0_LPB0_LDL1_LRVW4_LWPMn1_LDW0_FMA_MIAV0_MDA2_MO40_MMFGLC_MKFGSU256_NTA0_NTB0_NTC0_NTD0_NEPBS0_NLCA1_NLCB1_ONLL1_OPLV0_PK0_PAP0_PGR1_PLR1_PKA0_SIA1_SLW1_SS0_SU32_SUM0_SUS256_SCIUI1_SPO0_SRVW0_SSO0_SVW4_SNLL0_TSGRA0_TSGRB0_TT4_4_TLDS0_UMLDSA0_UMLDSB0_USFGRO0_VAW2_VS1_VW4_VWB4_VFLRP0_WSGRA0_WSGRB0_WS64_WG8_8_1_WGM8",1587,16979490614359,16979491850241,0,8192,64,1,1,8192,4,1
"KERNEL_DISPATCH",4,2,76,"void convert_unary<__half, float>(void const*, float*, long, long, long, HIP_vector_type<unsigned int, 3u>, long, long, long)",1588,16979491850241,16979491892316,0,0,256,1,1,524288,1,1
"KERNEL_DISPATCH",4,2,51,"void dequantize_block_iq3_s<__half>(void const*, __half*)",1589,16979491915872,16979492207731,0,0,32,1,1,2621440,1,1
"KERNEL_DISPATCH",4,2,64,"void convert_unary<float, __half>(void const*, __half*, long, long, long, HIP_vector_type<unsigned int, 3u>, long, long, long)",1590,16979492207731,16979492227584,0,0,256,1,1,655360,1,1
"KERNEL_DISPATCH",4,2,321,"Cijk_Alik_Bljk_HB_MT32x32x32_SN_1LDSB0_APM1_ABV0_ACED0_AF0EM2_AF1EM1_AMAS3_ASE_ASGT_ASLT_ASM_ASAE01_ASCE01_ASEM2_AAC0_BL1_BS1_CLR0_DTLA0_DTLB0_DTVA0_DTVB0_DVO0_ETSP_EPS1_ELFLR0_EMLL0_FSSC10_FL0_GLVWA4_GLVWB4_GRCGA1_GRCGB1_GRPM1_GRVW4_GSU1_GSUASB_GLS0_ISA900_IU1_K1_KLA_LBSPPA0_LBSPPB0_LPA0_LPB0_LDL1_LRVW4_LWPMn1_LDW0_FMA_MIAV0_MDA2_MO40_MMFGLC_MKFGSU256_NTA0_NTB0_NTC0_NTD0_NEPBS0_NLCA1_NLCB1_ONLL1_OPLV0_PK0_PAP0_PGR1_PLR1_PKA0_SIA1_SLW1_SS0_SU32_SUM0_SUS256_SCIUI1_SPO0_SRVW0_SSO0_SVW4_SNLL0_TSGRA0_TSGRB0_TT4_4_TLDS0_UMLDSA0_UMLDSB0_USFGRO0_VAW2_VS1_VW4_VWB4_VFLRP0_WSGRA0_WSGRB0_WS64_WG8_8_1_WGM8",1591,16979492227584,16979493528800,0,8192,64,1,1,8192,4,1
"KERNEL_DISPATCH",4,2,76,"void convert_unary<__half, float>(void const*, float*, long, long, long, HIP_vector_type<unsigned int, 3u>, long, long, long)",1592,16979493528800,16979493571023,0,0,256,1,1,524288,1,1
"KERNEL_DISPATCH",4,2,51,"void dequantize_block_iq3_s<__half>(void const*, __half*)",1593,16979493594876,16979493886735,0,0,32,1,1,2621440,1,1
"KERNEL_DISPATCH",4,2,64,"void convert_unary<float, __half>(void const*, __half*, long, long, long, HIP_vector_type<unsigned int, 3u>, long, long, long)",1594,16979493886735,16979493906291,0,0,256,1,1,655360,1,1
"KERNEL_DISPATCH",4,2,321,"Cijk_Alik_Bljk_HB_MT32x32x32_SN_1LDSB0_APM1_ABV0_ACED0_AF0EM2_AF1EM1_AMAS3_ASE_ASGT_ASLT_ASM_ASAE01_ASCE01_ASEM2_AAC0_BL1_BS1_CLR0_DTLA0_DTLB0_DTVA0_DTVB0_DVO0_ETSP_EPS1_ELFLR0_EMLL0_FSSC10_FL0_GLVWA4_GLVWB4_GRCGA1_GRCGB1_GRPM1_GRVW4_GSU1_GSUASB_GLS0_ISA900_IU1_K1_KLA_LBSPPA0_LBSPPB0_LPA0_LPB0_LDL1_LRVW4_LWPMn1_LDW0_FMA_MIAV0_MDA2_MO40_MMFGLC_MKFGSU256_NTA0_NTB0_NTC0_NTD0_NEPBS0_NLCA1_NLCB1_ONLL1_OPLV0_PK0_PAP0_PGR1_PLR1_PKA0_SIA1_SLW1_SS0_SU32_SUM0_SUS256_SCIUI1_SPO0_SRVW0_SSO0_SVW4_SNLL0_TSGRA0_TSGRB0_TT4_4_TLDS0_UMLDSA0_UMLDSB0_USFGRO0_VAW2_VS1_VW4_VWB4_VFLRP0_WSGRA0_WSGRB0_WS64_WG8_8_1_WGM8",1595,16979493906291,16979495362030,0,8192,64,1,1,8192,4,1
"KERNEL_DISPATCH",4,2,76,"void convert_unary<__half, float>(void const*, float*, long, long, long, HIP_vector_type<unsigned int, 3u>, long, long, long)",1596,16979495362030,16979495406031,0,0,256,1,1,524288,1,1
"KERNEL_DISPATCH",4,2,51,"void dequantize_block_iq3_s<__half>(void const*, __half*)",1597,16979495434476,16979495734631,0,0,32,1,1,2621440,1,1
"KERNEL_DISPATCH",4,2,64,"void convert_unary<float, __half>(void const*, __half*, long, long, long, HIP_vector_type<unsigned int, 3u>, long, long, long)",1598,16979495734631,16979495754632,0,0,256,1,1,655360,1,1
"KERNEL_DISPATCH",4,2,321,"Cijk_Alik_Bljk_HB_MT32x32x32_SN_1LDSB0_APM1_ABV0_ACED0_AF0EM2_AF1EM1_AMAS3_ASE_ASGT_ASLT_ASM_ASAE01_ASCE01_ASEM2_AAC0_BL1_BS1_CLR0_DTLA0_DTLB0_DTVA0_DTVB0_DVO0_ETSP_EPS1_ELFLR0_EMLL0_FSSC10_FL0_GLVWA4_GLVWB4_GRCGA1_GRCGB1_GRPM1_GRVW4_GSU1_GSUASB_GLS0_ISA900_IU1_K1_KLA_LBSPPA0_LBSPPB0_LPA0_LPB0_LDL1_LRVW4_LWPMn1_LDW0_FMA_MIAV0_MDA2_MO40_MMFGLC_MKFGSU256_NTA0_NTB0_NTC0_NTD0_NEPBS0_NLCA1_NLCB1_ONLL1_OPLV0_PK0_PAP0_PGR1_PLR1_PKA0_SIA1_SLW1_SS0_SU32_SUM0_SUS256_SCIUI1_SPO0_SRVW0_SSO0_SVW4_SNLL0_TSGRA0_TSGRB0_TT4_4_TLDS0_UMLDSA0_UMLDSB0_USFGRO0_VAW2_VS1_VW4_VWB4_VFLRP0_WSGRA0_WSGRB0_WS64_WG8_8_1_WGM8",1599,16979495754632,16979497225927,0,8192,64,1,1,8192,4,1
"KERNEL_DISPATCH",4,2,76,"void convert_unary<__half, float>(void const*, float*, long, long, long, HIP_vector_type<unsigned int, 3u>, long, long, long)",1600,16979497225927,16979497268150,0,0,256,1,1,524288,1,1
"KERNEL_DISPATCH",4,2,51,"void dequantize_block_iq3_s<__half>(void const*, __half*)",1601,16979497292299,16979497569935,0,0,32,1,1,2621440,1,1
"KERNEL_DISPATCH",4,2,64,"void convert_unary<float, __half>(void const*, __half*, long, long, long, HIP_vector_type<unsigned int, 3u>, long, long, long)",1602,16979497569935,16979497587713,0,0,256,1,1,655360,1,1
"KERNEL_DISPATCH",4,2,321,"Cijk_Alik_Bljk_HB_MT32x32x32_SN_1LDSB0_APM1_ABV0_ACED0_AF0EM2_AF1EM1_AMAS3_ASE_ASGT_ASLT_ASM_ASAE01_ASCE01_ASEM2_AAC0_BL1_BS1_CLR0_DTLA0_DTLB0_DTVA0_DTVB0_DVO0_ETSP_EPS1_ELFLR0_EMLL0_FSSC10_FL0_GLVWA4_GLVWB4_GRCGA1_GRCGB1_GRPM1_GRVW4_GSU1_GSUASB_GLS0_ISA900_IU1_K1_KLA_LBSPPA0_LBSPPB0_LPA0_LPB0_LDL1_LRVW4_LWPMn1_LDW0_FMA_MIAV0_MDA2_MO40_MMFGLC_MKFGSU256_NTA0_NTB0_NTC0_NTD0_NEPBS0_NLCA1_NLCB1_ONLL1_OPLV0_PK0_PAP0_PGR1_PLR1_PKA0_SIA1_SLW1_SS0_SU32_SUM0_SUS256_SCIUI1_SPO0_SRVW0_SSO0_SVW4_SNLL0_TSGRA0_TSGRB0_TT4_4_TLDS0_UMLDSA0_UMLDSB0_USFGRO0_VAW2_VS1_VW4_VWB4_VFLRP0_WSGRA0_WSGRB0_WS64_WG8_8_1_WGM8",1603,16979497587713,16979498876337,0,8192,64,1,1,8192,4,1
"KERNEL_DISPATCH",4,2,76,"void convert_unary<__half, float>(void const*, float*, long, long, long, HIP_vector_type<unsigned int, 3u>, long, long, long)",1604,16979498876337,16979498918412,0,0,256,1,1,524288,1,1
"KERNEL_DISPATCH",4,2,51,"void dequantize_block_iq3_s<__half>(void const*, __half*)",1605,16979498942413,16979499234716,0,0,32,1,1,2621440,1,1
"KERNEL_DISPATCH",4,2,64,"void convert_unary<float, __half>(void const*, __half*, long, long, long, HIP_vector_type<unsigned int, 3u>, long, long, long)",1606,16979499234716,16979499254420,0,0,256,1,1,655360,1,1
"KERNEL_DISPATCH",4,2,321,"Cijk_Alik_Bljk_HB_MT32x32x32_SN_1LDSB0_APM1_ABV0_ACED0_AF0EM2_AF1EM1_AMAS3_ASE_ASGT_ASLT_ASM_ASAE01_ASCE01_ASEM2_AAC0_BL1_BS1_CLR0_DTLA0_DTLB0_DTVA0_DTVB0_DVO0_ETSP_EPS1_ELFLR0_EMLL0_FSSC10_FL0_GLVWA4_GLVWB4_GRCGA1_GRCGB1_GRPM1_GRVW4_GSU1_GSUASB_GLS0_ISA900_IU1_K1_KLA_LBSPPA0_LBSPPB0_LPA0_LPB0_LDL1_LRVW4_LWPMn1_LDW0_FMA_MIAV0_MDA2_MO40_MMFGLC_MKFGSU256_NTA0_NTB0_NTC0_NTD0_NEPBS0_NLCA1_NLCB1_ONLL1_OPLV0_PK0_PAP0_PGR1_PLR1_PKA0_SIA1_SLW1_SS0_SU32_SUM0_SUS256_SCIUI1_SPO0_SRVW0_SSO0_SVW4_SNLL0_TSGRA0_TSGRB0_TT4_4_TLDS0_UMLDSA0_UMLDSB0_USFGRO0_VAW2_VS1_VW4_VWB4_VFLRP0_WSGRA0_WSGRB0_WS64_WG8_8_1_WGM8",1607,16979499254420,16979500617268,0,8192,64,1,1,8192,4,1
"KERNEL_DISPATCH",4,2,76,"void convert_unary<__half, float>(void const*, float*, long, long, long, HIP_vector_type<unsigned int, 3u>, long, long, long)",1608,16979500617268,16979500659491,0,0,256,1,1,524288,1,1
"KERNEL_DISPATCH",4,2,51,"void dequantize_block_iq3_s<__half>(void const*, __half*)",1609,16979500684529,16979500976684,0,0,32,1,1,2621440,1,1
"KERNEL_DISPATCH",4,2,64,"void convert_unary<float, __half>(void const*, __half*, long, long, long, HIP_vector_type<unsigned int, 3u>, long, long, long)",1610,16979500976684,16979500996092,0,0,256,1,1,655360,1,1
"KERNEL_DISPATCH",4,2,321,"Cijk_Alik_Bljk_HB_MT32x32x32_SN_1LDSB0_APM1_ABV0_ACED0_AF0EM2_AF1EM1_AMAS3_ASE_ASGT_ASLT_ASM_ASAE01_ASCE01_ASEM2_AAC0_BL1_BS1_CLR0_DTLA0_DTLB0_DTVA0_DTVB0_DVO0_ETSP_EPS1_ELFLR0_EMLL0_FSSC10_FL0_GLVWA4_GLVWB4_GRCGA1_GRCGB1_GRPM1_GRVW4_GSU1_GSUASB_GLS0_ISA900_IU1_K1_KLA_LBSPPA0_LBSPPB0_LPA0_LPB0_LDL1_LRVW4_LWPMn1_LDW0_FMA_MIAV0_MDA2_MO40_MMFGLC_MKFGSU256_NTA0_NTB0_NTC0_NTD0_NEPBS0_NLCA1_NLCB1_ONLL1_OPLV0_PK0_PAP0_PGR1_PLR1_PKA0_SIA1_SLW1_SS0_SU32_SUM0_SUS256_SCIUI1_SPO0_SRVW0_SSO0_SVW4_SNLL0_TSGRA0_TSGRB0_TT4_4_TLDS0_UMLDSA0_UMLDSB0_USFGRO0_VAW2_VS1_VW4_VWB4_VFLRP0_WSGRA0_WSGRB0_WS64_WG8_8_1_WGM8",1611,16979500996092,16979502380718,0,8192,64,1,1,8192,4,1
"KERNEL_DISPATCH",4,2,76,"void convert_unary<__half, float>(void const*, float*, long, long, long, HIP_vector_type<unsigned int, 3u>, long, long, long)",1612,16979502380718,16979502428127,0,0,256,1,1,524288,1,1
"KERNEL_DISPATCH",4,2,51,"void dequantize_block_iq3_s<__half>(void const*, __half*)",1613,16979502452424,16979502714208,0,0,32,1,1,2621440,1,1
"KERNEL_DISPATCH",4,2,64,"void convert_unary<float, __half>(void const*, __half*, long, long, long, HIP_vector_type<unsigned int, 3u>, long, long, long)",1614,16979502714208,16979502731986,0,0,256,1,1,655360,1,1
"KERNEL_DISPATCH",4,2,321,"Cijk_Alik_Bljk_HB_MT32x32x32_SN_1LDSB0_APM1_ABV0_ACED0_AF0EM2_AF1EM1_AMAS3_ASE_ASGT_ASLT_ASM_ASAE01_ASCE01_ASEM2_AAC0_BL1_BS1_CLR0_DTLA0_DTLB0_DTVA0_DTVB0_DVO0_ETSP_EPS1_ELFLR0_EMLL0_FSSC10_FL0_GLVWA4_GLVWB4_GRCGA1_GRCGB1_GRPM1_GRVW4_GSU1_GSUASB_GLS0_ISA900_IU1_K1_KLA_LBSPPA0_LBSPPB0_LPA0_LPB0_LDL1_LRVW4_LWPMn1_LDW0_FMA_MIAV0_MDA2_MO40_MMFGLC_MKFGSU256_NTA0_NTB0_NTC0_NTD0_NEPBS0_NLCA1_NLCB1_ONLL1_OPLV0_PK0_PAP0_PGR1_PLR1_PKA0_SIA1_SLW1_SS0_SU32_SUM0_SUS256_SCIUI1_SPO0_SRVW0_SSO0_SVW4_SNLL0_TSGRA0_TSGRB0_TT4_4_TLDS0_UMLDSA0_UMLDSB0_USFGRO0_VAW2_VS1_VW4_VWB4_VFLRP0_WSGRA0_WSGRB0_WS64_WG8_8_1_WGM8",1615,16979502731986,16979503974535,0,8192,64,1,1,8192,4,1
"KERNEL_DISPATCH",4,2,76,"void convert_unary<__half, float>(void const*, float*, long, long, long, HIP_vector_type<unsigned int, 3u>, long, long, long)",1616,16979503974535,16979504016165,0,0,256,1,1,524288,1,1
"KERNEL_DISPATCH",4,2,51,"void dequantize_block_iq3_s<__half>(void const*, __half*)",1617,16979504039722,16979504331580,0,0,32,1,1,2621440,1,1
"KERNEL_DISPATCH",4,2,64,"void convert_unary<float, __half>(void const*, __half*, long, long, long, HIP_vector_type<unsigned int, 3u>, long, long, long)",1618,16979504331580,16979504351433,0,0,256,1,1,655360,1,1
"KERNEL_DISPATCH",4,2,76,"void convert_unary<__half, float>(void const*, float*, long, long, long, HIP_vector_type<unsigned int, 3u>, long, long, long)",1620,16979505632353,16979505674428,0,0,256,1,1,524288,1,1
"KERNEL_DISPATCH",4,2,321,"Cijk_Alik_Bljk_HB_MT32x32x32_SN_1LDSB0_APM1_ABV0_ACED0_AF0EM2_AF1EM1_AMAS3_ASE_ASGT_ASLT_ASM_ASAE01_ASCE01_ASEM2_AAC0_BL1_BS1_CLR0_DTLA0_DTLB0_DTVA0_DTVB0_DVO0_ETSP_EPS1_ELFLR0_EMLL0_FSSC10_FL0_GLVWA4_GLVWB4_GRCGA1_GRCGB1_GRPM1_GRVW4_GSU1_GSUASB_GLS0_ISA900_IU1_K1_KLA_LBSPPA0_LBSPPB0_LPA0_LPB0_LDL1_LRVW4_LWPMn1_LDW0_FMA_MIAV0_MDA2_MO40_MMFGLC_MKFGSU256_NTA0_NTB0_NTC0_NTD0_NEPBS0_NLCA1_NLCB1_ONLL1_OPLV0_PK0_PAP0_PGR1_PLR1_PKA0_SIA1_SLW1_SS0_SU32_SUM0_SUS256_SCIUI1_SPO0_SRVW0_SSO0_SVW4_SNLL0_TSGRA0_TSGRB0_TT4_4_TLDS0_UMLDSA0_UMLDSB0_USFGRO0_VAW2_VS1_VW4_VWB4_VFLRP0_WSGRA0_WSGRB0_WS64_WG8_8_1_WGM8",1619,16979504351433,16979505632353,0,8192,64,1,1,8192,4,1
"KERNEL_DISPATCH",4,2,51,"void dequantize_block_iq3_s<__half>(void const*, __half*)",1621,16979505698577,16979505990880,0,0,32,1,1,2621440,1,1
"KERNEL_DISPATCH",4,2,64,"void convert_unary<float, __half>(void const*, __half*, long, long, long, HIP_vector_type<unsigned int, 3u>, long, long, long)",1622,16979505990880,16979506010880,0,0,256,1,1,655360,1,1
"KERNEL_DISPATCH",4,2,321,"Cijk_Alik_Bljk_HB_MT32x32x32_SN_1LDSB0_APM1_ABV0_ACED0_AF0EM2_AF1EM1_AMAS3_ASE_ASGT_ASLT_ASM_ASAE01_ASCE01_ASEM2_AAC0_BL1_BS1_CLR0_DTLA0_DTLB0_DTVA0_DTVB0_DVO0_ETSP_EPS1_ELFLR0_EMLL0_FSSC10_FL0_GLVWA4_GLVWB4_GRCGA1_GRCGB1_GRPM1_GRVW4_GSU1_GSUASB_GLS0_ISA900_IU1_K1_KLA_LBSPPA0_LBSPPB0_LPA0_LPB0_LDL1_LRVW4_LWPMn1_LDW0_FMA_MIAV0_MDA2_MO40_MMFGLC_MKFGSU256_NTA0_NTB0_NTC0_NTD0_NEPBS0_NLCA1_NLCB1_ONLL1_OPLV0_PK0_PAP0_PGR1_PLR1_PKA0_SIA1_SLW1_SS0_SU32_SUM0_SUS256_SCIUI1_SPO0_SRVW0_SSO0_SVW4_SNLL0_TSGRA0_TSGRB0_TT4_4_TLDS0_UMLDSA0_UMLDSB0_USFGRO0_VAW2_VS1_VW4_VWB4_VFLRP0_WSGRA0_WSGRB0_WS64_WG8_8_1_WGM8",1623,16979506010880,16979507558622,0,8192,64,1,1,8192,4,1
"KERNEL_DISPATCH",4,2,76,"void convert_unary<__half, float>(void const*, float*, long, long, long, HIP_vector_type<unsigned int, 3u>, long, long, long)",1624,16979507558622,16979507600845,0,0,256,1,1,524288,1,1
"KERNEL_DISPATCH",4,2,51,"void dequantize_block_iq3_s<__half>(void const*, __half*)",1625,16979507624549,16979507916556,0,0,32,1,1,2621440,1,1
"KERNEL_DISPATCH",4,2,64,"void convert_unary<float, __half>(void const*, __half*, long, long, long, HIP_vector_type<unsigned int, 3u>, long, long, long)",1626,16979507916556,16979507935964,0,0,256,1,1,655360,1,1
"KERNEL_DISPATCH",4,2,321,"Cijk_Alik_Bljk_HB_MT32x32x32_SN_1LDSB0_APM1_ABV0_ACED0_AF0EM2_AF1EM1_AMAS3_ASE_ASGT_ASLT_ASM_ASAE01_ASCE01_ASEM2_AAC0_BL1_BS1_CLR0_DTLA0_DTLB0_DTVA0_DTVB0_DVO0_ETSP_EPS1_ELFLR0_EMLL0_FSSC10_FL0_GLVWA4_GLVWB4_GRCGA1_GRCGB1_GRPM1_GRVW4_GSU1_GSUASB_GLS0_ISA900_IU1_K1_KLA_LBSPPA0_LBSPPB0_LPA0_LPB0_LDL1_LRVW4_LWPMn1_LDW0_FMA_MIAV0_MDA2_MO40_MMFGLC_MKFGSU256_NTA0_NTB0_NTC0_NTD0_NEPBS0_NLCA1_NLCB1_ONLL1_OPLV0_PK0_PAP0_PGR1_PLR1_PKA0_SIA1_SLW1_SS0_SU32_SUM0_SUS256_SCIUI1_SPO0_SRVW0_SSO0_SVW4_SNLL0_TSGRA0_TSGRB0_TT4_4_TLDS0_UMLDSA0_UMLDSB0_USFGRO0_VAW2_VS1_VW4_VWB4_VFLRP0_WSGRA0_WSGRB0_WS64_WG8_8_1_WGM8",1627,16979507935964,16979509270219,0,8192,64,1,1,8192,4,1
"KERNEL_DISPATCH",4,2,76,"void convert_unary<__half, float>(void const*, float*, long, long, long, HIP_vector_type<unsigned int, 3u>, long, long, long)",1628,16979509270219,16979509312442,0,0,256,1,1,524288,1,1
"KERNEL_DISPATCH",4,2,51,"void dequantize_block_iq3_s<__half>(void const*, __half*)",1629,16979509335998,16979509610523,0,0,32,1,1,2621440,1,1
"KERNEL_DISPATCH",4,2,64,"void convert_unary<float, __half>(void const*, __half*, long, long, long, HIP_vector_type<unsigned int, 3u>, long, long, long)",1630,16979509610523,16979509628153,0,0,256,1,1,655360,1,1
"KERNEL_DISPATCH",4,2,321,"Cijk_Alik_Bljk_HB_MT32x32x32_SN_1LDSB0_APM1_ABV0_ACED0_AF0EM2_AF1EM1_AMAS3_ASE_ASGT_ASLT_ASM_ASAE01_ASCE01_ASEM2_AAC0_BL1_BS1_CLR0_DTLA0_DTLB0_DTVA0_DTVB0_DVO0_ETSP_EPS1_ELFLR0_EMLL0_FSSC10_FL0_GLVWA4_GLVWB4_GRCGA1_GRCGB1_GRPM1_GRVW4_GSU1_GSUASB_GLS0_ISA900_IU1_K1_KLA_LBSPPA0_LBSPPB0_LPA0_LPB0_LDL1_LRVW4_LWPMn1_LDW0_FMA_MIAV0_MDA2_MO40_MMFGLC_MKFGSU256_NTA0_NTB0_NTC0_NTD0_NEPBS0_NLCA1_NLCB1_ONLL1_OPLV0_PK0_PAP0_PGR1_PLR1_PKA0_SIA1_SLW1_SS0_SU32_SUM0_SUS256_SCIUI1_SPO0_SRVW0_SSO0_SVW4_SNLL0_TSGRA0_TSGRB0_TT4_4_TLDS0_UMLDSA0_UMLDSB0_USFGRO0_VAW2_VS1_VW4_VWB4_VFLRP0_WSGRA0_WSGRB0_WS64_WG8_8_1_WGM8",1631,16979509628153,16979510884776,0,8192,64,1,1,8192,4,1
"KERNEL_DISPATCH",4,2,76,"void convert_unary<__half, float>(void const*, float*, long, long, long, HIP_vector_type<unsigned int, 3u>, long, long, long)",1632,16979510884776,16979510927592,0,0,256,1,1,524288,1,1
"KERNEL_DISPATCH",4,2,51,"void dequantize_block_iq3_s<__half>(void const*, __half*)",1633,16979510950704,16979511242563,0,0,32,1,1,2621440,1,1
"KERNEL_DISPATCH",4,2,64,"void convert_unary<float, __half>(void const*, __half*, long, long, long, HIP_vector_type<unsigned int, 3u>, long, long, long)",1634,16979511242563,16979511262119,0,0,256,1,1,655360,1,1
"KERNEL_DISPATCH",4,2,76,"void convert_unary<__half, float>(void const*, float*, long, long, long, HIP_vector_type<unsigned int, 3u>, long, long, long)",1636,16979512570002,16979512612966,0,0,256,1,1,524288,1,1
"KERNEL_DISPATCH",4,2,321,"Cijk_Alik_Bljk_HB_MT32x32x32_SN_1LDSB0_APM1_ABV0_ACED0_AF0EM2_AF1EM1_AMAS3_ASE_ASGT_ASLT_ASM_ASAE01_ASCE01_ASEM2_AAC0_BL1_BS1_CLR0_DTLA0_DTLB0_DTVA0_DTVB0_DVO0_ETSP_EPS1_ELFLR0_EMLL0_FSSC10_FL0_GLVWA4_GLVWB4_GRCGA1_GRCGB1_GRPM1_GRVW4_GSU1_GSUASB_GLS0_ISA900_IU1_K1_KLA_LBSPPA0_LBSPPB0_LPA0_LPB0_LDL1_LRVW4_LWPMn1_LDW0_FMA_MIAV0_MDA2_MO40_MMFGLC_MKFGSU256_NTA0_NTB0_NTC0_NTD0_NEPBS0_NLCA1_NLCB1_ONLL1_OPLV0_PK0_PAP0_PGR1_PLR1_PKA0_SIA1_SLW1_SS0_SU32_SUM0_SUS256_SCIUI1_SPO0_SRVW0_SSO0_SVW4_SNLL0_TSGRA0_TSGRB0_TT4_4_TLDS0_UMLDSA0_UMLDSB0_USFGRO0_VAW2_VS1_VW4_VWB4_VFLRP0_WSGRA0_WSGRB0_WS64_WG8_8_1_WGM8",1635,16979511262119,16979512570002,0,8192,64,1,1,8192,4,1
"KERNEL_DISPATCH",4,2,51,"void dequantize_block_iq3_s<__half>(void const*, __half*)",1637,16979512636522,16979512928974,0,0,32,1,1,2621440,1,1
"KERNEL_DISPATCH",4,2,64,"void convert_unary<float, __half>(void const*, __half*, long, long, long, HIP_vector_type<unsigned int, 3u>, long, long, long)",1638,16979512928974,16979512948530,0,0,256,1,1,655360,1,1
"KERNEL_DISPATCH",4,2,321,"Cijk_Alik_Bljk_HB_MT32x32x32_SN_1LDSB0_APM1_ABV0_ACED0_AF0EM2_AF1EM1_AMAS3_ASE_ASGT_ASLT_ASM_ASAE01_ASCE01_ASEM2_AAC0_BL1_BS1_CLR0_DTLA0_DTLB0_DTVA0_DTVB0_DVO0_ETSP_EPS1_ELFLR0_EMLL0_FSSC10_FL0_GLVWA4_GLVWB4_GRCGA1_GRCGB1_GRPM1_GRVW4_GSU1_GSUASB_GLS0_ISA900_IU1_K1_KLA_LBSPPA0_LBSPPB0_LPA0_LPB0_LDL1_LRVW4_LWPMn1_LDW0_FMA_MIAV0_MDA2_MO40_MMFGLC_MKFGSU256_NTA0_NTB0_NTC0_NTD0_NEPBS0_NLCA1_NLCB1_ONLL1_OPLV0_PK0_PAP0_PGR1_PLR1_PKA0_SIA1_SLW1_SS0_SU32_SUM0_SUS256_SCIUI1_SPO0_SRVW0_SSO0_SVW4_SNLL0_TSGRA0_TSGRB0_TT4_4_TLDS0_UMLDSA0_UMLDSB0_USFGRO0_VAW2_VS1_VW4_VWB4_VFLRP0_WSGRA0_WSGRB0_WS64_WG8_8_1_WGM8",1639,16979512948530,16979514312267,0,8192,64,1,1,8192,4,1
"KERNEL_DISPATCH",4,2,76,"void convert_unary<__half, float>(void const*, float*, long, long, long, HIP_vector_type<unsigned int, 3u>, long, long, long)",1640,16979514312267,16979514353897,0,0,256,1,1,524288,1,1
"KERNEL_DISPATCH",4,2,51,"void dequantize_block_iq3_s<__half>(void const*, __half*)",1641,16979514377157,16979514646793,0,0,32,1,1,2621440,1,1
"KERNEL_DISPATCH",4,2,64,"void convert_unary<float, __half>(void const*, __half*, long, long, long, HIP_vector_type<unsigned int, 3u>, long, long, long)",1642,16979514646793,16979514664423,0,0,256,1,1,655360,1,1
"KERNEL_DISPATCH",4,2,321,"Cijk_Alik_Bljk_HB_MT32x32x32_SN_1LDSB0_APM1_ABV0_ACED0_AF0EM2_AF1EM1_AMAS3_ASE_ASGT_ASLT_ASM_ASAE01_ASCE01_ASEM2_AAC0_BL1_BS1_CLR0_DTLA0_DTLB0_DTVA0_DTVB0_DVO0_ETSP_EPS1_ELFLR0_EMLL0_FSSC10_FL0_GLVWA4_GLVWB4_GRCGA1_GRCGB1_GRPM1_GRVW4_GSU1_GSUASB_GLS0_ISA900_IU1_K1_KLA_LBSPPA0_LBSPPB0_LPA0_LPB0_LDL1_LRVW4_LWPMn1_LDW0_FMA_MIAV0_MDA2_MO40_MMFGLC_MKFGSU256_NTA0_NTB0_NTC0_NTD0_NEPBS0_NLCA1_NLCB1_ONLL1_OPLV0_PK0_PAP0_PGR1_PLR1_PKA0_SIA1_SLW1_SS0_SU32_SUM0_SUS256_SCIUI1_SPO0_SRVW0_SSO0_SVW4_SNLL0_TSGRA0_TSGRB0_TT4_4_TLDS0_UMLDSA0_UMLDSB0_USFGRO0_VAW2_VS1_VW4_VWB4_VFLRP0_WSGRA0_WSGRB0_WS64_WG8_8_1_WGM8",1643,16979514664423,16979515897046,0,8192,64,1,1,8192,4,1
"KERNEL_DISPATCH",4,2,76,"void convert_unary<__half, float>(void const*, float*, long, long, long, HIP_vector_type<unsigned int, 3u>, long, long, long)",1644,16979515897046,16979515939862,0,0,256,1,1,524288,1,1
"KERNEL_DISPATCH",4,2,51,"void dequantize_block_iq3_s<__half>(void const*, __half*)",1645,16979515963121,16979516255277,0,0,32,1,1,2621440,1,1
"KERNEL_DISPATCH",4,2,64,"void convert_unary<float, __half>(void const*, __half*, long, long, long, HIP_vector_type<unsigned int, 3u>, long, long, long)",1646,16979516255277,16979516274685,0,0,256,1,1,655360,1,1
"KERNEL_DISPATCH",4,2,321,"Cijk_Alik_Bljk_HB_MT32x32x32_SN_1LDSB0_APM1_ABV0_ACED0_AF0EM2_AF1EM1_AMAS3_ASE_ASGT_ASLT_ASM_ASAE01_ASCE01_ASEM2_AAC0_BL1_BS1_CLR0_DTLA0_DTLB0_DTVA0_DTVB0_DVO0_ETSP_EPS1_ELFLR0_EMLL0_FSSC10_FL0_GLVWA4_GLVWB4_GRCGA1_GRCGB1_GRPM1_GRVW4_GSU1_GSUASB_GLS0_ISA900_IU1_K1_KLA_LBSPPA0_LBSPPB0_LPA0_LPB0_LDL1_LRVW4_LWPMn1_LDW0_FMA_MIAV0_MDA2_MO40_MMFGLC_MKFGSU256_NTA0_NTB0_NTC0_NTD0_NEPBS0_NLCA1_NLCB1_ONLL1_OPLV0_PK0_PAP0_PGR1_PLR1_PKA0_SIA1_SLW1_SS0_SU32_SUM0_SUS256_SCIUI1_SPO0_SRVW0_SSO0_SVW4_SNLL0_TSGRA0_TSGRB0_TT4_4_TLDS0_UMLDSA0_UMLDSB0_USFGRO0_VAW2_VS1_VW4_VWB4_VFLRP0_WSGRA0_WSGRB0_WS64_WG8_8_1_WGM8",1647,16979516274685,16979517683163,0,8192,64,1,1,8192,4,1
"KERNEL_DISPATCH",4,2,76,"void convert_unary<__half, float>(void const*, float*, long, long, long, HIP_vector_type<unsigned int, 3u>, long, long, long)",1648,16979517683163,16979517725979,0,0,256,1,1,524288,1,1
"KERNEL_DISPATCH",4,2,51,"void dequantize_block_iq3_s<__half>(void const*, __half*)",1649,16979517749683,16979518041987,0,0,32,1,1,2621440,1,1
"KERNEL_DISPATCH",4,2,64,"void convert_unary<float, __half>(void const*, __half*, long, long, long, HIP_vector_type<unsigned int, 3u>, long, long, long)",1650,16979518041987,16979518061543,0,0,256,1,1,655360,1,1
"KERNEL_DISPATCH",4,2,321,"Cijk_Alik_Bljk_HB_MT32x32x32_SN_1LDSB0_APM1_ABV0_ACED0_AF0EM2_AF1EM1_AMAS3_ASE_ASGT_ASLT_ASM_ASAE01_ASCE01_ASEM2_AAC0_BL1_BS1_CLR0_DTLA0_DTLB0_DTVA0_DTVB0_DVO0_ETSP_EPS1_ELFLR0_EMLL0_FSSC10_FL0_GLVWA4_GLVWB4_GRCGA1_GRCGB1_GRPM1_GRVW4_GSU1_GSUASB_GLS0_ISA900_IU1_K1_KLA_LBSPPA0_LBSPPB0_LPA0_LPB0_LDL1_LRVW4_LWPMn1_LDW0_FMA_MIAV0_MDA2_MO40_MMFGLC_MKFGSU256_NTA0_NTB0_NTC0_NTD0_NEPBS0_NLCA1_NLCB1_ONLL1_OPLV0_PK0_PAP0_PGR1_PLR1_PKA0_SIA1_SLW1_SS0_SU32_SUM0_SUS256_SCIUI1_SPO0_SRVW0_SSO0_SVW4_SNLL0_TSGRA0_TSGRB0_TT4_4_TLDS0_UMLDSA0_UMLDSB0_USFGRO0_VAW2_VS1_VW4_VWB4_VFLRP0_WSGRA0_WSGRB0_WS64_WG8_8_1_WGM8",1651,16979518061543,16979519375204,0,8192,64,1,1,8192,4,1
"KERNEL_DISPATCH",4,2,76,"void convert_unary<__half, float>(void const*, float*, long, long, long, HIP_vector_type<unsigned int, 3u>, long, long, long)",1652,16979519375204,16979519417131,0,0,256,1,1,524288,1,1
"KERNEL_DISPATCH",4,2,51,"void dequantize_block_iq3_s<__half>(void const*, __half*)",1653,16979519443354,16979519704990,0,0,32,1,1,2621440,1,1
"KERNEL_DISPATCH",4,2,64,"void convert_unary<float, __half>(void const*, __half*, long, long, long, HIP_vector_type<unsigned int, 3u>, long, long, long)",1654,16979519704990,16979519722916,0,0,256,1,1,655360,1,1
"KERNEL_DISPATCH",4,2,76,"void convert_unary<__half, float>(void const*, float*, long, long, long, HIP_vector_type<unsigned int, 3u>, long, long, long)",1656,16979520980428,16979521022503,0,0,256,1,1,524288,1,1
"KERNEL_DISPATCH",4,2,321,"Cijk_Alik_Bljk_HB_MT32x32x32_SN_1LDSB0_APM1_ABV0_ACED0_AF0EM2_AF1EM1_AMAS3_ASE_ASGT_ASLT_ASM_ASAE01_ASCE01_ASEM2_AAC0_BL1_BS1_CLR0_DTLA0_DTLB0_DTVA0_DTVB0_DVO0_ETSP_EPS1_ELFLR0_EMLL0_FSSC10_FL0_GLVWA4_GLVWB4_GRCGA1_GRCGB1_GRPM1_GRVW4_GSU1_GSUASB_GLS0_ISA900_IU1_K1_KLA_LBSPPA0_LBSPPB0_LPA0_LPB0_LDL1_LRVW4_LWPMn1_LDW0_FMA_MIAV0_MDA2_MO40_MMFGLC_MKFGSU256_NTA0_NTB0_NTC0_NTD0_NEPBS0_NLCA1_NLCB1_ONLL1_OPLV0_PK0_PAP0_PGR1_PLR1_PKA0_SIA1_SLW1_SS0_SU32_SUM0_SUS256_SCIUI1_SPO0_SRVW0_SSO0_SVW4_SNLL0_TSGRA0_TSGRB0_TT4_4_TLDS0_UMLDSA0_UMLDSB0_USFGRO0_VAW2_VS1_VW4_VWB4_VFLRP0_WSGRA0_WSGRB0_WS64_WG8_8_1_WGM8",1655,16979519722916,16979520980428,0,8192,64,1,1,8192,4,1
"KERNEL_DISPATCH",4,2,51,"void dequantize_block_iq3_s<__half>(void const*, __half*)",1657,16979521046208,16979521338511,0,0,32,1,1,2621440,1,1
"KERNEL_DISPATCH",4,2,64,"void convert_unary<float, __half>(void const*, __half*, long, long, long, HIP_vector_type<unsigned int, 3u>, long, long, long)",1658,16979521338511,16979521358363,0,0,256,1,1,655360,1,1
"KERNEL_DISPATCH",4,2,76,"void convert_unary<__half, float>(void const*, float*, long, long, long, HIP_vector_type<unsigned int, 3u>, long, long, long)",1660,16979522637802,16979522680617,0,0,256,1,1,524288,1,1
"KERNEL_DISPATCH",4,2,321,"Cijk_Alik_Bljk_HB_MT32x32x32_SN_1LDSB0_APM1_ABV0_ACED0_AF0EM2_AF1EM1_AMAS3_ASE_ASGT_ASLT_ASM_ASAE01_ASCE01_ASEM2_AAC0_BL1_BS1_CLR0_DTLA0_DTLB0_DTVA0_DTVB0_DVO0_ETSP_EPS1_ELFLR0_EMLL0_FSSC10_FL0_GLVWA4_GLVWB4_GRCGA1_GRCGB1_GRPM1_GRVW4_GSU1_GSUASB_GLS0_ISA900_IU1_K1_KLA_LBSPPA0_LBSPPB0_LPA0_LPB0_LDL1_LRVW4_LWPMn1_LDW0_FMA_MIAV0_MDA2_MO40_MMFGLC_MKFGSU256_NTA0_NTB0_NTC0_NTD0_NEPBS0_NLCA1_NLCB1_ONLL1_OPLV0_PK0_PAP0_PGR1_PLR1_PKA0_SIA1_SLW1_SS0_SU32_SUM0_SUS256_SCIUI1_SPO0_SRVW0_SSO0_SVW4_SNLL0_TSGRA0_TSGRB0_TT4_4_TLDS0_UMLDSA0_UMLDSB0_USFGRO0_VAW2_VS1_VW4_VWB4_VFLRP0_WSGRA0_WSGRB0_WS64_WG8_8_1_WGM8",1659,16979521358363,16979522637802,0,8192,64,1,1,8192,4,1
"KERNEL_DISPATCH",4,2,51,"void dequantize_block_iq3_s<__half>(void const*, __half*)",1661,16979522703581,16979522995588,0,0,32,1,1,2621440,1,1
"KERNEL_DISPATCH",4,2,64,"void convert_unary<float, __half>(void const*, __half*, long, long, long, HIP_vector_type<unsigned int, 3u>, long, long, long)",1662,16979522995588,16979523015440,0,0,256,1,1,655360,1,1
"KERNEL_DISPATCH",4,2,76,"void convert_unary<__half, float>(void const*, float*, long, long, long, HIP_vector_type<unsigned int, 3u>, long, long, long)",1664,16979524471753,16979524514717,0,0,256,1,1,524288,1,1
"KERNEL_DISPATCH",4,2,321,"Cijk_Alik_Bljk_HB_MT32x32x32_SN_1LDSB0_APM1_ABV0_ACED0_AF0EM2_AF1EM1_AMAS3_ASE_ASGT_ASLT_ASM_ASAE01_ASCE01_ASEM2_AAC0_BL1_BS1_CLR0_DTLA0_DTLB0_DTVA0_DTVB0_DVO0_ETSP_EPS1_ELFLR0_EMLL0_FSSC10_FL0_GLVWA4_GLVWB4_GRCGA1_GRCGB1_GRPM1_GRVW4_GSU1_GSUASB_GLS0_ISA900_IU1_K1_KLA_LBSPPA0_LBSPPB0_LPA0_LPB0_LDL1_LRVW4_LWPMn1_LDW0_FMA_MIAV0_MDA2_MO40_MMFGLC_MKFGSU256_NTA0_NTB0_NTC0_NTD0_NEPBS0_NLCA1_NLCB1_ONLL1_OPLV0_PK0_PAP0_PGR1_PLR1_PKA0_SIA1_SLW1_SS0_SU32_SUM0_SUS256_SCIUI1_SPO0_SRVW0_SSO0_SVW4_SNLL0_TSGRA0_TSGRB0_TT4_4_TLDS0_UMLDSA0_UMLDSB0_USFGRO0_VAW2_VS1_VW4_VWB4_VFLRP0_WSGRA0_WSGRB0_WS64_WG8_8_1_WGM8",1663,16979523015570,16979524471753,0,8192,64,1,1,8192,4,1
"KERNEL_DISPATCH",4,2,51,"void dequantize_block_iq3_s<__half>(void const*, __half*)",1665,16979524538274,16979524830428,0,0,32,1,1,2621440,1,1
"KERNEL_DISPATCH",4,2,64,"void convert_unary<float, __half>(void const*, __half*, long, long, long, HIP_vector_type<unsigned int, 3u>, long, long, long)",1666,16979524830428,16979524850132,0,0,256,1,1,655360,1,1
"KERNEL_DISPATCH",4,2,76,"void convert_unary<__half, float>(void const*, float*, long, long, long, HIP_vector_type<unsigned int, 3u>, long, long, long)",1668,16979526248092,16979526290167,0,0,256,1,1,524288,1,1
"KERNEL_DISPATCH",4,2,321,"Cijk_Alik_Bljk_HB_MT32x32x32_SN_1LDSB0_APM1_ABV0_ACED0_AF0EM2_AF1EM1_AMAS3_ASE_ASGT_ASLT_ASM_ASAE01_ASCE01_ASEM2_AAC0_BL1_BS1_CLR0_DTLA0_DTLB0_DTVA0_DTVB0_DVO0_ETSP_EPS1_ELFLR0_EMLL0_FSSC10_FL0_GLVWA4_GLVWB4_GRCGA1_GRCGB1_GRPM1_GRVW4_GSU1_GSUASB_GLS0_ISA900_IU1_K1_KLA_LBSPPA0_LBSPPB0_LPA0_LPB0_LDL1_LRVW4_LWPMn1_LDW0_FMA_MIAV0_MDA2_MO40_MMFGLC_MKFGSU256_NTA0_NTB0_NTC0_NTD0_NEPBS0_NLCA1_NLCB1_ONLL1_OPLV0_PK0_PAP0_PGR1_PLR1_PKA0_SIA1_SLW1_SS0_SU32_SUM0_SUS256_SCIUI1_SPO0_SRVW0_SSO0_SVW4_SNLL0_TSGRA0_TSGRB0_TT4_4_TLDS0_UMLDSA0_UMLDSB0_USFGRO0_VAW2_VS1_VW4_VWB4_VFLRP0_WSGRA0_WSGRB0_WS64_WG8_8_1_WGM8",1667,16979524850132,16979526248092,0,8192,64,1,1,8192,4,1
"KERNEL_DISPATCH",4,2,51,"void dequantize_block_iq3_s<__half>(void const*, __half*)",1669,16979526313130,16979526590174,0,0,32,1,1,2621440,1,1
"KERNEL_DISPATCH",4,2,64,"void convert_unary<float, __half>(void const*, __half*, long, long, long, HIP_vector_type<unsigned int, 3u>, long, long, long)",1670,16979526590174,16979526607656,0,0,256,1,1,655360,1,1
"KERNEL_DISPATCH",4,2,321,"Cijk_Alik_Bljk_HB_MT32x32x32_SN_1LDSB0_APM1_ABV0_ACED0_AF0EM2_AF1EM1_AMAS3_ASE_ASGT_ASLT_ASM_ASAE01_ASCE01_ASEM2_AAC0_BL1_BS1_CLR0_DTLA0_DTLB0_DTVA0_DTVB0_DVO0_ETSP_EPS1_ELFLR0_EMLL0_FSSC10_FL0_GLVWA4_GLVWB4_GRCGA1_GRCGB1_GRPM1_GRVW4_GSU1_GSUASB_GLS0_ISA900_IU1_K1_KLA_LBSPPA0_LBSPPB0_LPA0_LPB0_LDL1_LRVW4_LWPMn1_LDW0_FMA_MIAV0_MDA2_MO40_MMFGLC_MKFGSU256_NTA0_NTB0_NTC0_NTD0_NEPBS0_NLCA1_NLCB1_ONLL1_OPLV0_PK0_PAP0_PGR1_PLR1_PKA0_SIA1_SLW1_SS0_SU32_SUM0_SUS256_SCIUI1_SPO0_SRVW0_SSO0_SVW4_SNLL0_TSGRA0_TSGRB0_TT4_4_TLDS0_UMLDSA0_UMLDSB0_USFGRO0_VAW2_VS1_VW4_VWB4_VFLRP0_WSGRA0_WSGRB0_WS64_WG8_8_1_WGM8",1671,16979526607656,16979527896872,0,8192,64,1,1,8192,4,1
"KERNEL_DISPATCH",4,2,76,"void convert_unary<__half, float>(void const*, float*, long, long, long, HIP_vector_type<unsigned int, 3u>, long, long, long)",1672,16979527896872,16979527938503,0,0,256,1,1,524288,1,1
"KERNEL_DISPATCH",4,2,51,"void dequantize_block_iq3_s<__half>(void const*, __half*)",1673,16979527961615,16979528253474,0,0,32,1,1,2621440,1,1
"KERNEL_DISPATCH",4,2,64,"void convert_unary<float, __half>(void const*, __half*, long, long, long, HIP_vector_type<unsigned int, 3u>, long, long, long)",1674,16979528253474,16979528273178,0,0,256,1,1,655360,1,1
"KERNEL_DISPATCH",4,2,321,"Cijk_Alik_Bljk_HB_MT32x32x32_SN_1LDSB0_APM1_ABV0_ACED0_AF0EM2_AF1EM1_AMAS3_ASE_ASGT_ASLT_ASM_ASAE01_ASCE01_ASEM2_AAC0_BL1_BS1_CLR0_DTLA0_DTLB0_DTVA0_DTVB0_DVO0_ETSP_EPS1_ELFLR0_EMLL0_FSSC10_FL0_GLVWA4_GLVWB4_GRCGA1_GRCGB1_GRPM1_GRVW4_GSU1_GSUASB_GLS0_ISA900_IU1_K1_KLA_LBSPPA0_LBSPPB0_LPA0_LPB0_LDL1_LRVW4_LWPMn1_LDW0_FMA_MIAV0_MDA2_MO40_MMFGLC_MKFGSU256_NTA0_NTB0_NTC0_NTD0_NEPBS0_NLCA1_NLCB1_ONLL1_OPLV0_PK0_PAP0_PGR1_PLR1_PKA0_SIA1_SLW1_SS0_SU32_SUM0_SUS256_SCIUI1_SPO0_SRVW0_SSO0_SVW4_SNLL0_TSGRA0_TSGRB0_TT4_4_TLDS0_UMLDSA0_UMLDSB0_USFGRO0_VAW2_VS1_VW4_VWB4_VFLRP0_WSGRA0_WSGRB0_WS64_WG8_8_1_WGM8",1675,16979528273178,16979529636322,0,8192,64,1,1,8192,4,1
"KERNEL_DISPATCH",4,2,76,"void convert_unary<__half, float>(void const*, float*, long, long, long, HIP_vector_type<unsigned int, 3u>, long, long, long)",1676,16979529636322,16979529679286,0,0,256,1,1,524288,1,1
"KERNEL_DISPATCH",4,2,51,"void dequantize_block_iq3_s<__half>(void const*, __half*)",1677,16979529703138,16979529995294,0,0,32,1,1,2621440,1,1
"KERNEL_DISPATCH",4,2,64,"void convert_unary<float, __half>(void const*, __half*, long, long, long, HIP_vector_type<unsigned int, 3u>, long, long, long)",1678,16979529995294,16979530015146,0,0,256,1,1,655360,1,1
"KERNEL_DISPATCH",4,2,321,"Cijk_Alik_Bljk_HB_MT32x32x32_SN_1LDSB0_APM1_ABV0_ACED0_AF0EM2_AF1EM1_AMAS3_ASE_ASGT_ASLT_ASM_ASAE01_ASCE01_ASEM2_AAC0_BL1_BS1_CLR0_DTLA0_DTLB0_DTVA0_DTVB0_DVO0_ETSP_EPS1_ELFLR0_EMLL0_FSSC10_FL0_GLVWA4_GLVWB4_GRCGA1_GRCGB1_GRPM1_GRVW4_GSU1_GSUASB_GLS0_ISA900_IU1_K1_KLA_LBSPPA0_LBSPPB0_LPA0_LPB0_LDL1_LRVW4_LWPMn1_LDW0_FMA_MIAV0_MDA2_MO40_MMFGLC_MKFGSU256_NTA0_NTB0_NTC0_NTD0_NEPBS0_NLCA1_NLCB1_ONLL1_OPLV0_PK0_PAP0_PGR1_PLR1_PKA0_SIA1_SLW1_SS0_SU32_SUM0_SUS256_SCIUI1_SPO0_SRVW0_SSO0_SVW4_SNLL0_TSGRA0_TSGRB0_TT4_4_TLDS0_UMLDSA0_UMLDSB0_USFGRO0_VAW2_VS1_VW4_VWB4_VFLRP0_WSGRA0_WSGRB0_WS64_WG8_8_1_WGM8",1679,16979530015146,16979531346882,0,8192,64,1,1,8192,4,1
"KERNEL_DISPATCH",4,2,76,"void convert_unary<__half, float>(void const*, float*, long, long, long, HIP_vector_type<unsigned int, 3u>, long, long, long)",1680,16979531346882,16979531388809,0,0,256,1,1,524288,1,1
"KERNEL_DISPATCH",4,2,51,"void dequantize_block_iq3_s<__half>(void const*, __half*)",1681,16979531411032,16979531679927,0,0,32,1,1,2621440,1,1
"KERNEL_DISPATCH",4,2,64,"void convert_unary<float, __half>(void const*, __half*, long, long, long, HIP_vector_type<unsigned int, 3u>, long, long, long)",1682,16979531679927,16979531697409,0,0,256,1,1,655360,1,1
"KERNEL_DISPATCH",4,2,321,"Cijk_Alik_Bljk_HB_MT32x32x32_SN_1LDSB0_APM1_ABV0_ACED0_AF0EM2_AF1EM1_AMAS3_ASE_ASGT_ASLT_ASM_ASAE01_ASCE01_ASEM2_AAC0_BL1_BS1_CLR0_DTLA0_DTLB0_DTVA0_DTVB0_DVO0_ETSP_EPS1_ELFLR0_EMLL0_FSSC10_FL0_GLVWA4_GLVWB4_GRCGA1_GRCGB1_GRPM1_GRVW4_GSU1_GSUASB_GLS0_ISA900_IU1_K1_KLA_LBSPPA0_LBSPPB0_LPA0_LPB0_LDL1_LRVW4_LWPMn1_LDW0_FMA_MIAV0_MDA2_MO40_MMFGLC_MKFGSU256_NTA0_NTB0_NTC0_NTD0_NEPBS0_NLCA1_NLCB1_ONLL1_OPLV0_PK0_PAP0_PGR1_PLR1_PKA0_SIA1_SLW1_SS0_SU32_SUM0_SUS256_SCIUI1_SPO0_SRVW0_SSO0_SVW4_SNLL0_TSGRA0_TSGRB0_TT4_4_TLDS0_UMLDSA0_UMLDSB0_USFGRO0_VAW2_VS1_VW4_VWB4_VFLRP0_WSGRA0_WSGRB0_WS64_WG8_8_1_WGM8",1683,16979531697409,16979532951662,0,8192,64,1,1,8192,4,1
"KERNEL_DISPATCH",4,2,76,"void convert_unary<__half, float>(void const*, float*, long, long, long, HIP_vector_type<unsigned int, 3u>, long, long, long)",1684,16979532951662,16979532994477,0,0,256,1,1,524288,1,1
"KERNEL_DISPATCH",4,2,51,"void dequantize_block_iq3_s<__half>(void const*, __half*)",1685,16979533018182,16979533310337,0,0,32,1,1,2621440,1,1
"KERNEL_DISPATCH",4,2,64,"void convert_unary<float, __half>(void const*, __half*, long, long, long, HIP_vector_type<unsigned int, 3u>, long, long, long)",1686,16979533310337,16979533330041,0,0,256,1,1,655360,1,1
"KERNEL_DISPATCH",4,2,321,"Cijk_Alik_Bljk_HB_MT32x32x32_SN_1LDSB0_APM1_ABV0_ACED0_AF0EM2_AF1EM1_AMAS3_ASE_ASGT_ASLT_ASM_ASAE01_ASCE01_ASEM2_AAC0_BL1_BS1_CLR0_DTLA0_DTLB0_DTVA0_DTVB0_DVO0_ETSP_EPS1_ELFLR0_EMLL0_FSSC10_FL0_GLVWA4_GLVWB4_GRCGA1_GRCGB1_GRPM1_GRVW4_GSU1_GSUASB_GLS0_ISA900_IU1_K1_KLA_LBSPPA0_LBSPPB0_LPA0_LPB0_LDL1_LRVW4_LWPMn1_LDW0_FMA_MIAV0_MDA2_MO40_MMFGLC_MKFGSU256_NTA0_NTB0_NTC0_NTD0_NEPBS0_NLCA1_NLCB1_ONLL1_OPLV0_PK0_PAP0_PGR1_PLR1_PKA0_SIA1_SLW1_SS0_SU32_SUM0_SUS256_SCIUI1_SPO0_SRVW0_SSO0_SVW4_SNLL0_TSGRA0_TSGRB0_TT4_4_TLDS0_UMLDSA0_UMLDSB0_USFGRO0_VAW2_VS1_VW4_VWB4_VFLRP0_WSGRA0_WSGRB0_WS64_WG8_8_1_WGM8",1687,16979533330041,16979534549774,0,8192,64,1,1,8192,4,1
"KERNEL_DISPATCH",4,2,76,"void convert_unary<__half, float>(void const*, float*, long, long, long, HIP_vector_type<unsigned int, 3u>, long, long, long)",1688,16979534549774,16979534591849,0,0,256,1,1,524288,1,1
"KERNEL_DISPATCH",4,2,51,"void dequantize_block_iq3_s<__half>(void const*, __half*)",1689,16979534615850,16979534908005,0,0,32,1,1,2621440,1,1
"KERNEL_DISPATCH",4,2,64,"void convert_unary<float, __half>(void const*, __half*, long, long, long, HIP_vector_type<unsigned int, 3u>, long, long, long)",1690,16979534908005,16979534927561,0,0,256,1,1,655360,1,1
"KERNEL_DISPATCH",4,2,321,"Cijk_Alik_Bljk_HB_MT32x32x32_SN_1LDSB0_APM1_ABV0_ACED0_AF0EM2_AF1EM1_AMAS3_ASE_ASGT_ASLT_ASM_ASAE01_ASCE01_ASEM2_AAC0_BL1_BS1_CLR0_DTLA0_DTLB0_DTVA0_DTVB0_DVO0_ETSP_EPS1_ELFLR0_EMLL0_FSSC10_FL0_GLVWA4_GLVWB4_GRCGA1_GRCGB1_GRPM1_GRVW4_GSU1_GSUASB_GLS0_ISA900_IU1_K1_KLA_LBSPPA0_LBSPPB0_LPA0_LPB0_LDL1_LRVW4_LWPMn1_LDW0_FMA_MIAV0_MDA2_MO40_MMFGLC_MKFGSU256_NTA0_NTB0_NTC0_NTD0_NEPBS0_NLCA1_NLCB1_ONLL1_OPLV0_PK0_PAP0_PGR1_PLR1_PKA0_SIA1_SLW1_SS0_SU32_SUM0_SUS256_SCIUI1_SPO0_SRVW0_SSO0_SVW4_SNLL0_TSGRA0_TSGRB0_TT4_4_TLDS0_UMLDSA0_UMLDSB0_USFGRO0_VAW2_VS1_VW4_VWB4_VFLRP0_WSGRA0_WSGRB0_WS64_WG8_8_1_WGM8",1691,16979534927561,16979536377078,0,8192,64,1,1,8192,4,1
"KERNEL_DISPATCH",4,2,76,"void convert_unary<__half, float>(void const*, float*, long, long, long, HIP_vector_type<unsigned int, 3u>, long, long, long)",1692,16979536377078,16979536419746,0,0,256,1,1,524288,1,1
"KERNEL_DISPATCH",4,2,51,"void dequantize_block_iq3_s<__half>(void const*, __half*)",1693,16979536449228,16979536748642,0,0,32,1,1,2621440,1,1
"KERNEL_DISPATCH",4,2,64,"void convert_unary<float, __half>(void const*, __half*, long, long, long, HIP_vector_type<unsigned int, 3u>, long, long, long)",1694,16979536748642,16979536768198,0,0,256,1,1,655360,1,1
"KERNEL_DISPATCH",4,2,321,"Cijk_Alik_Bljk_HB_MT32x32x32_SN_1LDSB0_APM1_ABV0_ACED0_AF0EM2_AF1EM1_AMAS3_ASE_ASGT_ASLT_ASM_ASAE01_ASCE01_ASEM2_AAC0_BL1_BS1_CLR0_DTLA0_DTLB0_DTVA0_DTVB0_DVO0_ETSP_EPS1_ELFLR0_EMLL0_FSSC10_FL0_GLVWA4_GLVWB4_GRCGA1_GRCGB1_GRPM1_GRVW4_GSU1_GSUASB_GLS0_ISA900_IU1_K1_KLA_LBSPPA0_LBSPPB0_LPA0_LPB0_LDL1_LRVW4_LWPMn1_LDW0_FMA_MIAV0_MDA2_MO40_MMFGLC_MKFGSU256_NTA0_NTB0_NTC0_NTD0_NEPBS0_NLCA1_NLCB1_ONLL1_OPLV0_PK0_PAP0_PGR1_PLR1_PKA0_SIA1_SLW1_SS0_SU32_SUM0_SUS256_SCIUI1_SPO0_SRVW0_SSO0_SVW4_SNLL0_TSGRA0_TSGRB0_TT4_4_TLDS0_UMLDSA0_UMLDSB0_USFGRO0_VAW2_VS1_VW4_VWB4_VFLRP0_WSGRA0_WSGRB0_WS64_WG8_8_1_WGM8",1695,16979536768198,16979538089712,0,8192,64,1,1,8192,4,1
"KERNEL_DISPATCH",4,2,76,"void convert_unary<__half, float>(void const*, float*, long, long, long, HIP_vector_type<unsigned int, 3u>, long, long, long)",1696,16979538089712,16979538132676,0,0,256,1,1,524288,1,1
"KERNEL_DISPATCH",4,2,51,"void dequantize_block_iq3_s<__half>(void const*, __half*)",1697,16979538156528,16979538450017,0,0,32,1,1,2621440,1,1
"KERNEL_DISPATCH",4,2,64,"void convert_unary<float, __half>(void const*, __half*, long, long, long, HIP_vector_type<unsigned int, 3u>, long, long, long)",1698,16979538450017,16979538467647,0,0,256,1,1,655360,1,1
"KERNEL_DISPATCH",4,2,76,"void convert_unary<__half, float>(void const*, float*, long, long, long, HIP_vector_type<unsigned int, 3u>, long, long, long)",1700,16979539741456,16979539782938,0,0,256,1,1,524288,1,1
"KERNEL_DISPATCH",4,2,321,"Cijk_Alik_Bljk_HB_MT32x32x32_SN_1LDSB0_APM1_ABV0_ACED0_AF0EM2_AF1EM1_AMAS3_ASE_ASGT_ASLT_ASM_ASAE01_ASCE01_ASEM2_AAC0_BL1_BS1_CLR0_DTLA0_DTLB0_DTVA0_DTVB0_DVO0_ETSP_EPS1_ELFLR0_EMLL0_FSSC10_FL0_GLVWA4_GLVWB4_GRCGA1_GRCGB1_GRPM1_GRVW4_GSU1_GSUASB_GLS0_ISA900_IU1_K1_KLA_LBSPPA0_LBSPPB0_LPA0_LPB0_LDL1_LRVW4_LWPMn1_LDW0_FMA_MIAV0_MDA2_MO40_MMFGLC_MKFGSU256_NTA0_NTB0_NTC0_NTD0_NEPBS0_NLCA1_NLCB1_ONLL1_OPLV0_PK0_PAP0_PGR1_PLR1_PKA0_SIA1_SLW1_SS0_SU32_SUM0_SUS256_SCIUI1_SPO0_SRVW0_SSO0_SVW4_SNLL0_TSGRA0_TSGRB0_TT4_4_TLDS0_UMLDSA0_UMLDSB0_USFGRO0_VAW2_VS1_VW4_VWB4_VFLRP0_WSGRA0_WSGRB0_WS64_WG8_8_1_WGM8",1699,16979538467647,16979539741456,0,8192,64,1,1,8192,4,1
"KERNEL_DISPATCH",4,2,51,"void dequantize_block_iq3_s<__half>(void const*, __half*)",1701,16979539807087,16979540099094,0,0,32,1,1,2621440,1,1
"KERNEL_DISPATCH",4,2,64,"void convert_unary<float, __half>(void const*, __half*, long, long, long, HIP_vector_type<unsigned int, 3u>, long, long, long)",1702,16979540099094,16979540118650,0,0,256,1,1,655360,1,1
"KERNEL_DISPATCH",4,2,321,"Cijk_Alik_Bljk_HB_MT32x32x32_SN_1LDSB0_APM1_ABV0_ACED0_AF0EM2_AF1EM1_AMAS3_ASE_ASGT_ASLT_ASM_ASAE01_ASCE01_ASEM2_AAC0_BL1_BS1_CLR0_DTLA0_DTLB0_DTVA0_DTVB0_DVO0_ETSP_EPS1_ELFLR0_EMLL0_FSSC10_FL0_GLVWA4_GLVWB4_GRCGA1_GRCGB1_GRPM1_GRVW4_GSU1_GSUASB_GLS0_ISA900_IU1_K1_KLA_LBSPPA0_LBSPPB0_LPA0_LPB0_LDL1_LRVW4_LWPMn1_LDW0_FMA_MIAV0_MDA2_MO40_MMFGLC_MKFGSU256_NTA0_NTB0_NTC0_NTD0_NEPBS0_NLCA1_NLCB1_ONLL1_OPLV0_PK0_PAP0_PGR1_PLR1_PKA0_SIA1_SLW1_SS0_SU32_SUM0_SUS256_SCIUI1_SPO0_SRVW0_SSO0_SVW4_SNLL0_TSGRA0_TSGRB0_TT4_4_TLDS0_UMLDSA0_UMLDSB0_USFGRO0_VAW2_VS1_VW4_VWB4_VFLRP0_WSGRA0_WSGRB0_WS64_WG8_8_1_WGM8",1703,16979540118650,16979541438978,0,8192,64,1,1,8192,4,1
"KERNEL_DISPATCH",4,2,76,"void convert_unary<__half, float>(void const*, float*, long, long, long, HIP_vector_type<unsigned int, 3u>, long, long, long)",1704,16979541438978,16979541481202,0,0,256,1,1,524288,1,1
"KERNEL_DISPATCH",4,2,51,"void dequantize_block_iq3_s<__half>(void const*, __half*)",1705,16979541504610,16979541796765,0,0,32,1,1,2621440,1,1
"KERNEL_DISPATCH",4,2,64,"void convert_unary<float, __half>(void const*, __half*, long, long, long, HIP_vector_type<unsigned int, 3u>, long, long, long)",1706,16979541796765,16979541816173,0,0,256,1,1,655360,1,1
"KERNEL_DISPATCH",4,2,321,"Cijk_Alik_Bljk_HB_MT32x32x32_SN_1LDSB0_APM1_ABV0_ACED0_AF0EM2_AF1EM1_AMAS3_ASE_ASGT_ASLT_ASM_ASAE01_ASCE01_ASEM2_AAC0_BL1_BS1_CLR0_DTLA0_DTLB0_DTVA0_DTVB0_DVO0_ETSP_EPS1_ELFLR0_EMLL0_FSSC10_FL0_GLVWA4_GLVWB4_GRCGA1_GRCGB1_GRPM1_GRVW4_GSU1_GSUASB_GLS0_ISA900_IU1_K1_KLA_LBSPPA0_LBSPPB0_LPA0_LPB0_LDL1_LRVW4_LWPMn1_LDW0_FMA_MIAV0_MDA2_MO40_MMFGLC_MKFGSU256_NTA0_NTB0_NTC0_NTD0_NEPBS0_NLCA1_NLCB1_ONLL1_OPLV0_PK0_PAP0_PGR1_PLR1_PKA0_SIA1_SLW1_SS0_SU32_SUM0_SUS256_SCIUI1_SPO0_SRVW0_SSO0_SVW4_SNLL0_TSGRA0_TSGRB0_TT4_4_TLDS0_UMLDSA0_UMLDSB0_USFGRO0_VAW2_VS1_VW4_VWB4_VFLRP0_WSGRA0_WSGRB0_WS64_WG8_8_1_WGM8",1707,16979541816173,16979543125538,0,8192,64,1,1,8192,4,1
"KERNEL_DISPATCH",4,2,76,"void convert_unary<__half, float>(void const*, float*, long, long, long, HIP_vector_type<unsigned int, 3u>, long, long, long)",1708,16979543125538,16979543168354,0,0,256,1,1,524288,1,1
"KERNEL_DISPATCH",4,2,51,"void dequantize_block_iq3_s<__half>(void const*, __half*)",1709,16979543191465,16979543481102,0,0,32,1,1,2621440,1,1
"KERNEL_DISPATCH",4,2,64,"void convert_unary<float, __half>(void const*, __half*, long, long, long, HIP_vector_type<unsigned int, 3u>, long, long, long)",1710,16979543481102,16979543498732,0,0,256,1,1,655360,1,1
"KERNEL_DISPATCH",4,2,76,"void convert_unary<__half, float>(void const*, float*, long, long, long, HIP_vector_type<unsigned int, 3u>, long, long, long)",1712,16979544802023,16979544844839,0,0,256,1,1,524288,1,1
"KERNEL_DISPATCH",4,2,321,"Cijk_Alik_Bljk_HB_MT32x32x32_SN_1LDSB0_APM1_ABV0_ACED0_AF0EM2_AF1EM1_AMAS3_ASE_ASGT_ASLT_ASM_ASAE01_ASCE01_ASEM2_AAC0_BL1_BS1_CLR0_DTLA0_DTLB0_DTVA0_DTVB0_DVO0_ETSP_EPS1_ELFLR0_EMLL0_FSSC10_FL0_GLVWA4_GLVWB4_GRCGA1_GRCGB1_GRPM1_GRVW4_GSU1_GSUASB_GLS0_ISA900_IU1_K1_KLA_LBSPPA0_LBSPPB0_LPA0_LPB0_LDL1_LRVW4_LWPMn1_LDW0_FMA_MIAV0_MDA2_MO40_MMFGLC_MKFGSU256_NTA0_NTB0_NTC0_NTD0_NEPBS0_NLCA1_NLCB1_ONLL1_OPLV0_PK0_PAP0_PGR1_PLR1_PKA0_SIA1_SLW1_SS0_SU32_SUM0_SUS256_SCIUI1_SPO0_SRVW0_SSO0_SVW4_SNLL0_TSGRA0_TSGRB0_TT4_4_TLDS0_UMLDSA0_UMLDSB0_USFGRO0_VAW2_VS1_VW4_VWB4_VFLRP0_WSGRA0_WSGRB0_WS64_WG8_8_1_WGM8",1711,16979543498732,16979544802023,0,8192,64,1,1,8192,4,1
"KERNEL_DISPATCH",4,2,51,"void dequantize_block_iq3_s<__half>(void const*, __half*)",1713,16979544868543,16979545160550,0,0,32,1,1,2621440,1,1
"KERNEL_DISPATCH",4,2,64,"void convert_unary<float, __half>(void const*, __half*, long, long, long, HIP_vector_type<unsigned int, 3u>, long, long, long)",1714,16979545160550,16979545180106,0,0,256,1,1,655360,1,1
"KERNEL_DISPATCH",4,2,321,"Cijk_Alik_Bljk_HB_MT32x32x32_SN_1LDSB0_APM1_ABV0_ACED0_AF0EM2_AF1EM1_AMAS3_ASE_ASGT_ASLT_ASM_ASAE01_ASCE01_ASEM2_AAC0_BL1_BS1_CLR0_DTLA0_DTLB0_DTVA0_DTVB0_DVO0_ETSP_EPS1_ELFLR0_EMLL0_FSSC10_FL0_GLVWA4_GLVWB4_GRCGA1_GRCGB1_GRPM1_GRVW4_GSU1_GSUASB_GLS0_ISA900_IU1_K1_KLA_LBSPPA0_LBSPPB0_LPA0_LPB0_LDL1_LRVW4_LWPMn1_LDW0_FMA_MIAV0_MDA2_MO40_MMFGLC_MKFGSU256_NTA0_NTB0_NTC0_NTD0_NEPBS0_NLCA1_NLCB1_ONLL1_OPLV0_PK0_PAP0_PGR1_PLR1_PKA0_SIA1_SLW1_SS0_SU32_SUM0_SUS256_SCIUI1_SPO0_SRVW0_SSO0_SVW4_SNLL0_TSGRA0_TSGRB0_TT4_4_TLDS0_UMLDSA0_UMLDSB0_USFGRO0_VAW2_VS1_VW4_VWB4_VFLRP0_WSGRA0_WSGRB0_WS64_WG8_8_1_WGM8",1715,16979545180106,16979546492730,0,8192,64,1,1,8192,4,1
"KERNEL_DISPATCH",4,2,76,"void convert_unary<__half, float>(void const*, float*, long, long, long, HIP_vector_type<unsigned int, 3u>, long, long, long)",1716,16979546492730,16979546534954,0,0,256,1,1,524288,1,1
"KERNEL_DISPATCH",4,2,51,"void dequantize_block_iq3_s<__half>(void const*, __half*)",1717,16979546558806,16979546850665,0,0,32,1,1,2621440,1,1
"KERNEL_DISPATCH",4,2,64,"void convert_unary<float, __half>(void const*, __half*, long, long, long, HIP_vector_type<unsigned int, 3u>, long, long, long)",1718,16979546850665,16979546870221,0,0,256,1,1,655360,1,1
"KERNEL_DISPATCH",4,2,321,"Cijk_Alik_Bljk_HB_MT32x32x32_SN_1LDSB0_APM1_ABV0_ACED0_AF0EM2_AF1EM1_AMAS3_ASE_ASGT_ASLT_ASM_ASAE01_ASCE01_ASEM2_AAC0_BL1_BS1_CLR0_DTLA0_DTLB0_DTVA0_DTVB0_DVO0_ETSP_EPS1_ELFLR0_EMLL0_FSSC10_FL0_GLVWA4_GLVWB4_GRCGA1_GRCGB1_GRPM1_GRVW4_GSU1_GSUASB_GLS0_ISA900_IU1_K1_KLA_LBSPPA0_LBSPPB0_LPA0_LPB0_LDL1_LRVW4_LWPMn1_LDW0_FMA_MIAV0_MDA2_MO40_MMFGLC_MKFGSU256_NTA0_NTB0_NTC0_NTD0_NEPBS0_NLCA1_NLCB1_ONLL1_OPLV0_PK0_PAP0_PGR1_PLR1_PKA0_SIA1_SLW1_SS0_SU32_SUM0_SUS256_SCIUI1_SPO0_SRVW0_SSO0_SVW4_SNLL0_TSGRA0_TSGRB0_TT4_4_TLDS0_UMLDSA0_UMLDSB0_USFGRO0_VAW2_VS1_VW4_VWB4_VFLRP0_WSGRA0_WSGRB0_WS64_WG8_8_1_WGM8",1719,16979546870221,16979548394406,0,8192,64,1,1,8192,4,1
"KERNEL_DISPATCH",4,2,76,"void convert_unary<__half, float>(void const*, float*, long, long, long, HIP_vector_type<unsigned int, 3u>, long, long, long)",1720,16979548394406,16979548436926,0,0,256,1,1,524288,1,1
"KERNEL_DISPATCH",4,2,51,"void dequantize_block_iq3_s<__half>(void const*, __half*)",1721,16979548463297,16979548762711,0,0,32,1,1,2621440,1,1
"KERNEL_DISPATCH",4,2,64,"void convert_unary<float, __half>(void const*, __half*, long, long, long, HIP_vector_type<unsigned int, 3u>, long, long, long)",1722,16979548762711,16979548782119,0,0,256,1,1,655360,1,1
"KERNEL_DISPATCH",4,2,321,"Cijk_Alik_Bljk_HB_MT32x32x32_SN_1LDSB0_APM1_ABV0_ACED0_AF0EM2_AF1EM1_AMAS3_ASE_ASGT_ASLT_ASM_ASAE01_ASCE01_ASEM2_AAC0_BL1_BS1_CLR0_DTLA0_DTLB0_DTVA0_DTVB0_DVO0_ETSP_EPS1_ELFLR0_EMLL0_FSSC10_FL0_GLVWA4_GLVWB4_GRCGA1_GRCGB1_GRPM1_GRVW4_GSU1_GSUASB_GLS0_ISA900_IU1_K1_KLA_LBSPPA0_LBSPPB0_LPA0_LPB0_LDL1_LRVW4_LWPMn1_LDW0_FMA_MIAV0_MDA2_MO40_MMFGLC_MKFGSU256_NTA0_NTB0_NTC0_NTD0_NEPBS0_NLCA1_NLCB1_ONLL1_OPLV0_PK0_PAP0_PGR1_PLR1_PKA0_SIA1_SLW1_SS0_SU32_SUM0_SUS256_SCIUI1_SPO0_SRVW0_SSO0_SVW4_SNLL0_TSGRA0_TSGRB0_TT4_4_TLDS0_UMLDSA0_UMLDSB0_USFGRO0_VAW2_VS1_VW4_VWB4_VFLRP0_WSGRA0_WSGRB0_WS64_WG8_8_1_WGM8",1723,16979548782119,16979550217117,0,8192,64,1,1,8192,4,1
"KERNEL_DISPATCH",4,2,76,"void convert_unary<__half, float>(void const*, float*, long, long, long, HIP_vector_type<unsigned int, 3u>, long, long, long)",1724,16979550217117,16979550259785,0,0,256,1,1,524288,1,1
"KERNEL_DISPATCH",4,2,51,"void dequantize_block_iq3_s<__half>(void const*, __half*)",1725,16979550288082,16979550607200,0,0,32,1,1,2621440,1,1
"KERNEL_DISPATCH",4,2,64,"void convert_unary<float, __half>(void const*, __half*, long, long, long, HIP_vector_type<unsigned int, 3u>, long, long, long)",1726,16979550607200,16979550626905,0,0,256,1,1,655360,1,1
"KERNEL_DISPATCH",4,2,321,"Cijk_Alik_Bljk_HB_MT32x32x32_SN_1LDSB0_APM1_ABV0_ACED0_AF0EM2_AF1EM1_AMAS3_ASE_ASGT_ASLT_ASM_ASAE01_ASCE01_ASEM2_AAC0_BL1_BS1_CLR0_DTLA0_DTLB0_DTVA0_DTVB0_DVO0_ETSP_EPS1_ELFLR0_EMLL0_FSSC10_FL0_GLVWA4_GLVWB4_GRCGA1_GRCGB1_GRPM1_GRVW4_GSU1_GSUASB_GLS0_ISA900_IU1_K1_KLA_LBSPPA0_LBSPPB0_LPA0_LPB0_LDL1_LRVW4_LWPMn1_LDW0_FMA_MIAV0_MDA2_MO40_MMFGLC_MKFGSU256_NTA0_NTB0_NTC0_NTD0_NEPBS0_NLCA1_NLCB1_ONLL1_OPLV0_PK0_PAP0_PGR1_PLR1_PKA0_SIA1_SLW1_SS0_SU32_SUM0_SUS256_SCIUI1_SPO0_SRVW0_SSO0_SVW4_SNLL0_TSGRA0_TSGRB0_TT4_4_TLDS0_UMLDSA0_UMLDSB0_USFGRO0_VAW2_VS1_VW4_VWB4_VFLRP0_WSGRA0_WSGRB0_WS64_WG8_8_1_WGM8",1727,16979550626905,16979552025457,0,8192,64,1,1,8192,4,1
"KERNEL_DISPATCH",4,2,76,"void convert_unary<__half, float>(void const*, float*, long, long, long, HIP_vector_type<unsigned int, 3u>, long, long, long)",1728,16979552025457,16979552067532,0,0,256,1,1,524288,1,1
"KERNEL_DISPATCH",4,2,51,"void dequantize_block_iq3_s<__half>(void const*, __half*)",1729,16979552091533,16979552383243,0,0,32,1,1,2621440,1,1
"KERNEL_DISPATCH",4,2,64,"void convert_unary<float, __half>(void const*, __half*, long, long, long, HIP_vector_type<unsigned int, 3u>, long, long, long)",1730,16979552383243,16979552402207,0,0,256,1,1,655360,1,1
"KERNEL_DISPATCH",4,2,321,"Cijk_Alik_Bljk_HB_MT32x32x32_SN_1LDSB0_APM1_ABV0_ACED0_AF0EM2_AF1EM1_AMAS3_ASE_ASGT_ASLT_ASM_ASAE01_ASCE01_ASEM2_AAC0_BL1_BS1_CLR0_DTLA0_DTLB0_DTVA0_DTVB0_DVO0_ETSP_EPS1_ELFLR0_EMLL0_FSSC10_FL0_GLVWA4_GLVWB4_GRCGA1_GRCGB1_GRPM1_GRVW4_GSU1_GSUASB_GLS0_ISA900_IU1_K1_KLA_LBSPPA0_LBSPPB0_LPA0_LPB0_LDL1_LRVW4_LWPMn1_LDW0_FMA_MIAV0_MDA2_MO40_MMFGLC_MKFGSU256_NTA0_NTB0_NTC0_NTD0_NEPBS0_NLCA1_NLCB1_ONLL1_OPLV0_PK0_PAP0_PGR1_PLR1_PKA0_SIA1_SLW1_SS0_SU32_SUM0_SUS256_SCIUI1_SPO0_SRVW0_SSO0_SVW4_SNLL0_TSGRA0_TSGRB0_TT4_4_TLDS0_UMLDSA0_UMLDSB0_USFGRO0_VAW2_VS1_VW4_VWB4_VFLRP0_WSGRA0_WSGRB0_WS64_WG8_8_1_WGM8",1731,16979552402207,16979553646681,0,8192,64,1,1,8192,4,1
"KERNEL_DISPATCH",4,2,76,"void convert_unary<__half, float>(void const*, float*, long, long, long, HIP_vector_type<unsigned int, 3u>, long, long, long)",1732,16979553646681,16979553688164,0,0,256,1,1,524288,1,1
"KERNEL_DISPATCH",4,2,51,"void dequantize_block_iq3_s<__half>(void const*, __half*)",1733,16979553711127,16979554003135,0,0,32,1,1,2621440,1,1
"KERNEL_DISPATCH",4,2,64,"void convert_unary<float, __half>(void const*, __half*, long, long, long, HIP_vector_type<unsigned int, 3u>, long, long, long)",1734,16979554003135,16979554022839,0,0,256,1,1,655360,1,1
"KERNEL_DISPATCH",4,2,321,"Cijk_Alik_Bljk_HB_MT32x32x32_SN_1LDSB0_APM1_ABV0_ACED0_AF0EM2_AF1EM1_AMAS3_ASE_ASGT_ASLT_ASM_ASAE01_ASCE01_ASEM2_AAC0_BL1_BS1_CLR0_DTLA0_DTLB0_DTVA0_DTVB0_DVO0_ETSP_EPS1_ELFLR0_EMLL0_FSSC10_FL0_GLVWA4_GLVWB4_GRCGA1_GRCGB1_GRPM1_GRVW4_GSU1_GSUASB_GLS0_ISA900_IU1_K1_KLA_LBSPPA0_LBSPPB0_LPA0_LPB0_LDL1_LRVW4_LWPMn1_LDW0_FMA_MIAV0_MDA2_MO40_MMFGLC_MKFGSU256_NTA0_NTB0_NTC0_NTD0_NEPBS0_NLCA1_NLCB1_ONLL1_OPLV0_PK0_PAP0_PGR1_PLR1_PKA0_SIA1_SLW1_SS0_SU32_SUM0_SUS256_SCIUI1_SPO0_SRVW0_SSO0_SVW4_SNLL0_TSGRA0_TSGRB0_TT4_4_TLDS0_UMLDSA0_UMLDSB0_USFGRO0_VAW2_VS1_VW4_VWB4_VFLRP0_WSGRA0_WSGRB0_WS64_WG8_8_1_WGM8",1735,16979554022839,16979555482133,0,8192,64,1,1,8192,4,1
"KERNEL_DISPATCH",4,2,76,"void convert_unary<__half, float>(void const*, float*, long, long, long, HIP_vector_type<unsigned int, 3u>, long, long, long)",1736,16979555482133,16979555529097,0,0,256,1,1,524288,1,1
"KERNEL_DISPATCH",4,2,51,"void dequantize_block_iq3_s<__half>(void const*, __half*)",1737,16979555552950,16979555844957,0,0,32,1,1,2621440,1,1
"KERNEL_DISPATCH",4,2,64,"void convert_unary<float, __half>(void const*, __half*, long, long, long, HIP_vector_type<unsigned int, 3u>, long, long, long)",1738,16979555844957,16979555864661,0,0,256,1,1,655360,1,1
"KERNEL_DISPATCH",4,2,76,"void convert_unary<__half, float>(void const*, float*, long, long, long, HIP_vector_type<unsigned int, 3u>, long, long, long)",1740,16979557229435,16979557271658,0,0,256,1,1,524288,1,1
"KERNEL_DISPATCH",4,2,321,"Cijk_Alik_Bljk_HB_MT32x32x32_SN_1LDSB0_APM1_ABV0_ACED0_AF0EM2_AF1EM1_AMAS3_ASE_ASGT_ASLT_ASM_ASAE01_ASCE01_ASEM2_AAC0_BL1_BS1_CLR0_DTLA0_DTLB0_DTVA0_DTVB0_DVO0_ETSP_EPS1_ELFLR0_EMLL0_FSSC10_FL0_GLVWA4_GLVWB4_GRCGA1_GRCGB1_GRPM1_GRVW4_GSU1_GSUASB_GLS0_ISA900_IU1_K1_KLA_LBSPPA0_LBSPPB0_LPA0_LPB0_LDL1_LRVW4_LWPMn1_LDW0_FMA_MIAV0_MDA2_MO40_MMFGLC_MKFGSU256_NTA0_NTB0_NTC0_NTD0_NEPBS0_NLCA1_NLCB1_ONLL1_OPLV0_PK0_PAP0_PGR1_PLR1_PKA0_SIA1_SLW1_SS0_SU32_SUM0_SUS256_SCIUI1_SPO0_SRVW0_SSO0_SVW4_SNLL0_TSGRA0_TSGRB0_TT4_4_TLDS0_UMLDSA0_UMLDSB0_USFGRO0_VAW2_VS1_VW4_VWB4_VFLRP0_WSGRA0_WSGRB0_WS64_WG8_8_1_WGM8",1739,16979555864661,16979557229435,0,8192,64,1,1,8192,4,1
"KERNEL_DISPATCH",4,2,51,"void dequantize_block_iq3_s<__half>(void const*, __half*)",1741,16979557295511,16979557574480,0,0,32,1,1,2621440,1,1
"KERNEL_DISPATCH",4,2,64,"void convert_unary<float, __half>(void const*, __half*, long, long, long, HIP_vector_type<unsigned int, 3u>, long, long, long)",1742,16979557574480,16979557592110,0,0,256,1,1,655360,1,1
"KERNEL_DISPATCH",4,2,76,"void convert_unary<__half, float>(void const*, float*, long, long, long, HIP_vector_type<unsigned int, 3u>, long, long, long)",1744,16979558817325,16979558860141,0,0,256,1,1,524288,1,1
"KERNEL_DISPATCH",4,2,321,"Cijk_Alik_Bljk_HB_MT32x32x32_SN_1LDSB0_APM1_ABV0_ACED0_AF0EM2_AF1EM1_AMAS3_ASE_ASGT_ASLT_ASM_ASAE01_ASCE01_ASEM2_AAC0_BL1_BS1_CLR0_DTLA0_DTLB0_DTVA0_DTVB0_DVO0_ETSP_EPS1_ELFLR0_EMLL0_FSSC10_FL0_GLVWA4_GLVWB4_GRCGA1_GRCGB1_GRPM1_GRVW4_GSU1_GSUASB_GLS0_ISA900_IU1_K1_KLA_LBSPPA0_LBSPPB0_LPA0_LPB0_LDL1_LRVW4_LWPMn1_LDW0_FMA_MIAV0_MDA2_MO40_MMFGLC_MKFGSU256_NTA0_NTB0_NTC0_NTD0_NEPBS0_NLCA1_NLCB1_ONLL1_OPLV0_PK0_PAP0_PGR1_PLR1_PKA0_SIA1_SLW1_SS0_SU32_SUM0_SUS256_SCIUI1_SPO0_SRVW0_SSO0_SVW4_SNLL0_TSGRA0_TSGRB0_TT4_4_TLDS0_UMLDSA0_UMLDSB0_USFGRO0_VAW2_VS1_VW4_VWB4_VFLRP0_WSGRA0_WSGRB0_WS64_WG8_8_1_WGM8",1743,16979557592110,16979558817325,0,8192,64,1,1,8192,4,1
"KERNEL_DISPATCH",4,2,51,"void dequantize_block_iq3_s<__half>(void const*, __half*)",1745,16979558883845,16979559176297,0,0,32,1,1,2621440,1,1
"KERNEL_DISPATCH",4,2,64,"void convert_unary<float, __half>(void const*, __half*, long, long, long, HIP_vector_type<unsigned int, 3u>, long, long, long)",1746,16979559176297,16979559196001,0,0,256,1,1,655360,1,1
"KERNEL_DISPATCH",4,2,321,"Cijk_Alik_Bljk_HB_MT32x32x32_SN_1LDSB0_APM1_ABV0_ACED0_AF0EM2_AF1EM1_AMAS3_ASE_ASGT_ASLT_ASM_ASAE01_ASCE01_ASEM2_AAC0_BL1_BS1_CLR0_DTLA0_DTLB0_DTVA0_DTVB0_DVO0_ETSP_EPS1_ELFLR0_EMLL0_FSSC10_FL0_GLVWA4_GLVWB4_GRCGA1_GRCGB1_GRPM1_GRVW4_GSU1_GSUASB_GLS0_ISA900_IU1_K1_KLA_LBSPPA0_LBSPPB0_LPA0_LPB0_LDL1_LRVW4_LWPMn1_LDW0_FMA_MIAV0_MDA2_MO40_MMFGLC_MKFGSU256_NTA0_NTB0_NTC0_NTD0_NEPBS0_NLCA1_NLCB1_ONLL1_OPLV0_PK0_PAP0_PGR1_PLR1_PKA0_SIA1_SLW1_SS0_SU32_SUM0_SUS256_SCIUI1_SPO0_SRVW0_SSO0_SVW4_SNLL0_TSGRA0_TSGRB0_TT4_4_TLDS0_UMLDSA0_UMLDSB0_USFGRO0_VAW2_VS1_VW4_VWB4_VFLRP0_WSGRA0_WSGRB0_WS64_WG8_8_1_WGM8",1747,16979559196001,16979560559145,0,8192,64,1,1,8192,4,1
"KERNEL_DISPATCH",4,2,76,"void convert_unary<__half, float>(void const*, float*, long, long, long, HIP_vector_type<unsigned int, 3u>, long, long, long)",1748,16979560559145,16979560600776,0,0,256,1,1,524288,1,1
"KERNEL_DISPATCH",4,2,51,"void dequantize_block_iq3_s<__half>(void const*, __half*)",1749,16979560624332,16979560916932,0,0,32,1,1,2621440,1,1
"KERNEL_DISPATCH",4,2,64,"void convert_unary<float, __half>(void const*, __half*, long, long, long, HIP_vector_type<unsigned int, 3u>, long, long, long)",1750,16979560916932,16979560936340,0,0,256,1,1,655360,1,1
"KERNEL_DISPATCH",4,2,76,"void convert_unary<__half, float>(void const*, float*, long, long, long, HIP_vector_type<unsigned int, 3u>, long, long, long)",1752,16979562443487,16979562489711,0,0,256,1,1,524288,1,1
"KERNEL_DISPATCH",4,2,321,"Cijk_Alik_Bljk_HB_MT32x32x32_SN_1LDSB0_APM1_ABV0_ACED0_AF0EM2_AF1EM1_AMAS3_ASE_ASGT_ASLT_ASM_ASAE01_ASCE01_ASEM2_AAC0_BL1_BS1_CLR0_DTLA0_DTLB0_DTVA0_DTVB0_DVO0_ETSP_EPS1_ELFLR0_EMLL0_FSSC10_FL0_GLVWA4_GLVWB4_GRCGA1_GRCGB1_GRPM1_GRVW4_GSU1_GSUASB_GLS0_ISA900_IU1_K1_KLA_LBSPPA0_LBSPPB0_LPA0_LPB0_LDL1_LRVW4_LWPMn1_LDW0_FMA_MIAV0_MDA2_MO40_MMFGLC_MKFGSU256_NTA0_NTB0_NTC0_NTD0_NEPBS0_NLCA1_NLCB1_ONLL1_OPLV0_PK0_PAP0_PGR1_PLR1_PKA0_SIA1_SLW1_SS0_SU32_SUM0_SUS256_SCIUI1_SPO0_SRVW0_SSO0_SVW4_SNLL0_TSGRA0_TSGRB0_TT4_4_TLDS0_UMLDSA0_UMLDSB0_USFGRO0_VAW2_VS1_VW4_VWB4_VFLRP0_WSGRA0_WSGRB0_WS64_WG8_8_1_WGM8",1751,16979560936340,16979562443487,0,8192,64,1,1,8192,4,1
"KERNEL_DISPATCH",4,2,51,"void dequantize_block_iq3_s<__half>(void const*, __half*)",1753,16979562513118,16979562805126,0,0,32,1,1,2621440,1,1
"KERNEL_DISPATCH",4,2,64,"void convert_unary<float, __half>(void const*, __half*, long, long, long, HIP_vector_type<unsigned int, 3u>, long, long, long)",1754,16979562805126,16979562824830,0,0,256,1,1,655360,1,1
"KERNEL_DISPATCH",4,2,76,"void convert_unary<__half, float>(void const*, float*, long, long, long, HIP_vector_type<unsigned int, 3u>, long, long, long)",1756,16979564206789,16979564249012,0,0,256,1,1,524288,1,1
"KERNEL_DISPATCH",4,2,321,"Cijk_Alik_Bljk_HB_MT32x32x32_SN_1LDSB0_APM1_ABV0_ACED0_AF0EM2_AF1EM1_AMAS3_ASE_ASGT_ASLT_ASM_ASAE01_ASCE01_ASEM2_AAC0_BL1_BS1_CLR0_DTLA0_DTLB0_DTVA0_DTVB0_DVO0_ETSP_EPS1_ELFLR0_EMLL0_FSSC10_FL0_GLVWA4_GLVWB4_GRCGA1_GRCGB1_GRPM1_GRVW4_GSU1_GSUASB_GLS0_ISA900_IU1_K1_KLA_LBSPPA0_LBSPPB0_LPA0_LPB0_LDL1_LRVW4_LWPMn1_LDW0_FMA_MIAV0_MDA2_MO40_MMFGLC_MKFGSU256_NTA0_NTB0_NTC0_NTD0_NEPBS0_NLCA1_NLCB1_ONLL1_OPLV0_PK0_PAP0_PGR1_PLR1_PKA0_SIA1_SLW1_SS0_SU32_SUM0_SUS256_SCIUI1_SPO0_SRVW0_SSO0_SVW4_SNLL0_TSGRA0_TSGRB0_TT4_4_TLDS0_UMLDSA0_UMLDSB0_USFGRO0_VAW2_VS1_VW4_VWB4_VFLRP0_WSGRA0_WSGRB0_WS64_WG8_8_1_WGM8",1755,16979562824830,16979564206789,0,8192,64,1,1,8192,4,1
"KERNEL_DISPATCH",4,2,51,"void dequantize_block_iq3_s<__half>(void const*, __half*)",1757,16979564273013,16979564554205,0,0,32,1,1,2621440,1,1
"KERNEL_DISPATCH",4,2,64,"void convert_unary<float, __half>(void const*, __half*, long, long, long, HIP_vector_type<unsigned int, 3u>, long, long, long)",1758,16979564554205,16979564571835,0,0,256,1,1,655360,1,1
"KERNEL_DISPATCH",4,2,321,"Cijk_Alik_Bljk_HB_MT32x32x32_SN_1LDSB0_APM1_ABV0_ACED0_AF0EM2_AF1EM1_AMAS3_ASE_ASGT_ASLT_ASM_ASAE01_ASCE01_ASEM2_AAC0_BL1_BS1_CLR0_DTLA0_DTLB0_DTVA0_DTVB0_DVO0_ETSP_EPS1_ELFLR0_EMLL0_FSSC10_FL0_GLVWA4_GLVWB4_GRCGA1_GRCGB1_GRPM1_GRVW4_GSU1_GSUASB_GLS0_ISA900_IU1_K1_KLA_LBSPPA0_LBSPPB0_LPA0_LPB0_LDL1_LRVW4_LWPMn1_LDW0_FMA_MIAV0_MDA2_MO40_MMFGLC_MKFGSU256_NTA0_NTB0_NTC0_NTD0_NEPBS0_NLCA1_NLCB1_ONLL1_OPLV0_PK0_PAP0_PGR1_PLR1_PKA0_SIA1_SLW1_SS0_SU32_SUM0_SUS256_SCIUI1_SPO0_SRVW0_SSO0_SVW4_SNLL0_TSGRA0_TSGRB0_TT4_4_TLDS0_UMLDSA0_UMLDSB0_USFGRO0_VAW2_VS1_VW4_VWB4_VFLRP0_WSGRA0_WSGRB0_WS64_WG8_8_1_WGM8",1759,16979564571835,16979565854829,0,8192,64,1,1,8192,4,1
"KERNEL_DISPATCH",4,2,76,"void convert_unary<__half, float>(void const*, float*, long, long, long, HIP_vector_type<unsigned int, 3u>, long, long, long)",1760,16979565854829,16979565896312,0,0,256,1,1,524288,1,1
"KERNEL_DISPATCH",4,2,51,"void dequantize_block_iq3_s<__half>(void const*, __half*)",1761,16979565919720,16979566211578,0,0,32,1,1,2621440,1,1
"KERNEL_DISPATCH",4,2,64,"void convert_unary<float, __half>(void const*, __half*, long, long, long, HIP_vector_type<unsigned int, 3u>, long, long, long)",1762,16979566211578,16979566231431,0,0,256,1,1,655360,1,1
"KERNEL_DISPATCH",4,2,321,"Cijk_Alik_Bljk_HB_MT32x32x32_SN_1LDSB0_APM1_ABV0_ACED0_AF0EM2_AF1EM1_AMAS3_ASE_ASGT_ASLT_ASM_ASAE01_ASCE01_ASEM2_AAC0_BL1_BS1_CLR0_DTLA0_DTLB0_DTVA0_DTVB0_DVO0_ETSP_EPS1_ELFLR0_EMLL0_FSSC10_FL0_GLVWA4_GLVWB4_GRCGA1_GRCGB1_GRPM1_GRVW4_GSU1_GSUASB_GLS0_ISA900_IU1_K1_KLA_LBSPPA0_LBSPPB0_LPA0_LPB0_LDL1_LRVW4_LWPMn1_LDW0_FMA_MIAV0_MDA2_MO40_MMFGLC_MKFGSU256_NTA0_NTB0_NTC0_NTD0_NEPBS0_NLCA1_NLCB1_ONLL1_OPLV0_PK0_PAP0_PGR1_PLR1_PKA0_SIA1_SLW1_SS0_SU32_SUM0_SUS256_SCIUI1_SPO0_SRVW0_SSO0_SVW4_SNLL0_TSGRA0_TSGRB0_TT4_4_TLDS0_UMLDSA0_UMLDSB0_USFGRO0_VAW2_VS1_VW4_VWB4_VFLRP0_WSGRA0_WSGRB0_WS64_WG8_8_1_WGM8",1763,16979566231431,16979567595464,0,8192,64,1,1,8192,4,1
"KERNEL_DISPATCH",4,2,76,"void convert_unary<__half, float>(void const*, float*, long, long, long, HIP_vector_type<unsigned int, 3u>, long, long, long)",1764,16979567595464,16979567638280,0,0,256,1,1,524288,1,1
"KERNEL_DISPATCH",4,2,51,"void dequantize_block_iq3_s<__half>(void const*, __half*)",1765,16981884299224,16981884423820,0,0,32,1,1,1277952,1,1
"KERNEL_DISPATCH",4,2,64,"void convert_unary<float, __half>(void const*, __half*, long, long, long, HIP_vector_type<unsigned int, 3u>, long, long, long)",1766,16981884423820,16981884446931,0,0,256,1,1,786432,1,1
"KERNEL_DISPATCH",4,2,320,"Cijk_Alik_Bljk_HB_MT32x32x24_SN_1LDSB0_APM1_ABV0_ACED0_AF0EM2_AF1EM1_AMAS3_ASE_ASGT_ASLT_ASM_ASAE01_ASCE01_ASEM2_AAC0_BL1_BS1_CLR0_DTLA0_DTLB0_DTVA0_DTVB0_DVO0_ETSP_EPS1_ELFLR0_EMLL0_FSSC10_FL0_GLVWA4_GLVWB4_GRCGA1_GRCGB1_GRPM1_GRVW4_GSU1_GSUASB_GLS0_ISA900_IU1_K1_KLA_LBSPPA0_LBSPPB0_LPA0_LPB0_LDL1_LRVW4_LWPMn1_LDW0_FMA_MIAV0_MDA2_MO40_MMFGLC_MKFGSU256_NTA0_NTB0_NTC0_NTD0_NEPBS0_NLCA3_NLCB3_ONLL1_OPLV0_PK0_PAP0_PGR1_PLR1_PKA0_SIA1_SLW1_SS0_SU32_SUM0_SUS256_SCIUI1_SPO0_SRVW0_SSO0_SVW4_SNLL0_TSGRA0_TSGRB0_TT4_4_TLDS0_UMLDSA0_UMLDSB0_USFGRO0_VAW2_VS1_VW4_VWB4_VFLRP0_WSGRA0_WSGRB0_WS64_WG8_8_1_WGM8",1767,16981884446931,16981885134799,0,7168,64,1,1,3328,4,1
"KERNEL_DISPATCH",4,2,76,"void convert_unary<__half, float>(void const*, float*, long, long, long, HIP_vector_type<unsigned int, 3u>, long, long, long)",1768,16981885134799,16981885142207,0,0,256,1,1,212992,1,1
"KERNEL_DISPATCH",4,2,51,"void dequantize_block_iq3_s<__half>(void const*, __half*)",1769,16981885194060,16981885315396,0,0,32,1,1,1277952,1,1
"KERNEL_DISPATCH",4,2,64,"void convert_unary<float, __half>(void const*, __half*, long, long, long, HIP_vector_type<unsigned int, 3u>, long, long, long)",1770,16981885315396,16981885335249,0,0,256,1,1,786432,1,1
"KERNEL_DISPATCH",4,2,320,"Cijk_Alik_Bljk_HB_MT32x32x24_SN_1LDSB0_APM1_ABV0_ACED0_AF0EM2_AF1EM1_AMAS3_ASE_ASGT_ASLT_ASM_ASAE01_ASCE01_ASEM2_AAC0_BL1_BS1_CLR0_DTLA0_DTLB0_DTVA0_DTVB0_DVO0_ETSP_EPS1_ELFLR0_EMLL0_FSSC10_FL0_GLVWA4_GLVWB4_GRCGA1_GRCGB1_GRPM1_GRVW4_GSU1_GSUASB_GLS0_ISA900_IU1_K1_KLA_LBSPPA0_LBSPPB0_LPA0_LPB0_LDL1_LRVW4_LWPMn1_LDW0_FMA_MIAV0_MDA2_MO40_MMFGLC_MKFGSU256_NTA0_NTB0_NTC0_NTD0_NEPBS0_NLCA3_NLCB3_ONLL1_OPLV0_PK0_PAP0_PGR1_PLR1_PKA0_SIA1_SLW1_SS0_SU32_SUM0_SUS256_SCIUI1_SPO0_SRVW0_SSO0_SVW4_SNLL0_TSGRA0_TSGRB0_TT4_4_TLDS0_UMLDSA0_UMLDSB0_USFGRO0_VAW2_VS1_VW4_VWB4_VFLRP0_WSGRA0_WSGRB0_WS64_WG8_8_1_WGM8",1771,16981885335249,16981886061192,0,7168,64,1,1,3328,4,1
"KERNEL_DISPATCH",4,2,76,"void convert_unary<__half, float>(void const*, float*, long, long, long, HIP_vector_type<unsigned int, 3u>, long, long, long)",1772,16981886061192,16981886068007,0,0,256,1,1,212992,1,1
"KERNEL_DISPATCH",4,2,51,"void dequantize_block_iq3_s<__half>(void const*, __half*)",1773,16981886088007,16981886209640,0,0,32,1,1,1277952,1,1
"KERNEL_DISPATCH",4,2,64,"void convert_unary<float, __half>(void const*, __half*, long, long, long, HIP_vector_type<unsigned int, 3u>, long, long, long)",1774,16981886209640,16981886229641,0,0,256,1,1,786432,1,1
"KERNEL_DISPATCH",4,2,320,"Cijk_Alik_Bljk_HB_MT32x32x24_SN_1LDSB0_APM1_ABV0_ACED0_AF0EM2_AF1EM1_AMAS3_ASE_ASGT_ASLT_ASM_ASAE01_ASCE01_ASEM2_AAC0_BL1_BS1_CLR0_DTLA0_DTLB0_DTVA0_DTVB0_DVO0_ETSP_EPS1_ELFLR0_EMLL0_FSSC10_FL0_GLVWA4_GLVWB4_GRCGA1_GRCGB1_GRPM1_GRVW4_GSU1_GSUASB_GLS0_ISA900_IU1_K1_KLA_LBSPPA0_LBSPPB0_LPA0_LPB0_LDL1_LRVW4_LWPMn1_LDW0_FMA_MIAV0_MDA2_MO40_MMFGLC_MKFGSU256_NTA0_NTB0_NTC0_NTD0_NEPBS0_NLCA3_NLCB3_ONLL1_OPLV0_PK0_PAP0_PGR1_PLR1_PKA0_SIA1_SLW1_SS0_SU32_SUM0_SUS256_SCIUI1_SPO0_SRVW0_SSO0_SVW4_SNLL0_TSGRA0_TSGRB0_TT4_4_TLDS0_UMLDSA0_UMLDSB0_USFGRO0_VAW2_VS1_VW4_VWB4_VFLRP0_WSGRA0_WSGRB0_WS64_WG8_8_1_WGM8",1775,16981886229641,16981886833655,0,7168,64,1,1,3328,4,1
"KERNEL_DISPATCH",4,2,76,"void convert_unary<__half, float>(void const*, float*, long, long, long, HIP_vector_type<unsigned int, 3u>, long, long, long)",1776,16981886833655,16981886840322,0,0,256,1,1,212992,1,1
"KERNEL_DISPATCH",4,2,51,"void dequantize_block_iq3_s<__half>(void const*, __half*)",1777,16981886860619,16981886982103,0,0,32,1,1,1277952,1,1
"KERNEL_DISPATCH",4,2,64,"void convert_unary<float, __half>(void const*, __half*, long, long, long, HIP_vector_type<unsigned int, 3u>, long, long, long)",1778,16981886982103,16981887001511,0,0,256,1,1,786432,1,1
"KERNEL_DISPATCH",4,2,320,"Cijk_Alik_Bljk_HB_MT32x32x24_SN_1LDSB0_APM1_ABV0_ACED0_AF0EM2_AF1EM1_AMAS3_ASE_ASGT_ASLT_ASM_ASAE01_ASCE01_ASEM2_AAC0_BL1_BS1_CLR0_DTLA0_DTLB0_DTVA0_DTVB0_DVO0_ETSP_EPS1_ELFLR0_EMLL0_FSSC10_FL0_GLVWA4_GLVWB4_GRCGA1_GRCGB1_GRPM1_GRVW4_GSU1_GSUASB_GLS0_ISA900_IU1_K1_KLA_LBSPPA0_LBSPPB0_LPA0_LPB0_LDL1_LRVW4_LWPMn1_LDW0_FMA_MIAV0_MDA2_MO40_MMFGLC_MKFGSU256_NTA0_NTB0_NTC0_NTD0_NEPBS0_NLCA3_NLCB3_ONLL1_OPLV0_PK0_PAP0_PGR1_PLR1_PKA0_SIA1_SLW1_SS0_SU32_SUM0_SUS256_SCIUI1_SPO0_SRVW0_SSO0_SVW4_SNLL0_TSGRA0_TSGRB0_TT4_4_TLDS0_UMLDSA0_UMLDSB0_USFGRO0_VAW2_VS1_VW4_VWB4_VFLRP0_WSGRA0_WSGRB0_WS64_WG8_8_1_WGM8",1779,16981887001511,16981887622711,0,7168,64,1,1,3328,4,1
"KERNEL_DISPATCH",4,2,76,"void convert_unary<__half, float>(void const*, float*, long, long, long, HIP_vector_type<unsigned int, 3u>, long, long, long)",1780,16981887622711,16981887629230,0,0,256,1,1,212992,1,1
"KERNEL_DISPATCH",4,2,51,"void dequantize_block_iq3_s<__half>(void const*, __half*)",1781,16981887649082,16981887770419,0,0,32,1,1,1277952,1,1
"KERNEL_DISPATCH",4,2,64,"void convert_unary<float, __half>(void const*, __half*, long, long, long, HIP_vector_type<unsigned int, 3u>, long, long, long)",1782,16981887770419,16981887789827,0,0,256,1,1,786432,1,1
"KERNEL_DISPATCH",4,2,320,"Cijk_Alik_Bljk_HB_MT32x32x24_SN_1LDSB0_APM1_ABV0_ACED0_AF0EM2_AF1EM1_AMAS3_ASE_ASGT_ASLT_ASM_ASAE01_ASCE01_ASEM2_AAC0_BL1_BS1_CLR0_DTLA0_DTLB0_DTVA0_DTVB0_DVO0_ETSP_EPS1_ELFLR0_EMLL0_FSSC10_FL0_GLVWA4_GLVWB4_GRCGA1_GRCGB1_GRPM1_GRVW4_GSU1_GSUASB_GLS0_ISA900_IU1_K1_KLA_LBSPPA0_LBSPPB0_LPA0_LPB0_LDL1_LRVW4_LWPMn1_LDW0_FMA_MIAV0_MDA2_MO40_MMFGLC_MKFGSU256_NTA0_NTB0_NTC0_NTD0_NEPBS0_NLCA3_NLCB3_ONLL1_OPLV0_PK0_PAP0_PGR1_PLR1_PKA0_SIA1_SLW1_SS0_SU32_SUM0_SUS256_SCIUI1_SPO0_SRVW0_SSO0_SVW4_SNLL0_TSGRA0_TSGRB0_TT4_4_TLDS0_UMLDSA0_UMLDSB0_USFGRO0_VAW2_VS1_VW4_VWB4_VFLRP0_WSGRA0_WSGRB0_WS64_WG8_8_1_WGM8",1783,16981887789827,16981888408805,0,7168,64,1,1,3328,4,1
"KERNEL_DISPATCH",4,2,76,"void convert_unary<__half, float>(void const*, float*, long, long, long, HIP_vector_type<unsigned int, 3u>, long, long, long)",1784,16981888408805,16981888415471,0,0,256,1,1,212992,1,1
"KERNEL_DISPATCH",4,2,51,"void dequantize_block_iq3_s<__half>(void const*, __half*)",1785,16981888435176,16981888560364,0,0,32,1,1,1277952,1,1
"KERNEL_DISPATCH",4,2,64,"void convert_unary<float, __half>(void const*, __half*, long, long, long, HIP_vector_type<unsigned int, 3u>, long, long, long)",1786,16981888560364,16981888580957,0,0,256,1,1,786432,1,1
"KERNEL_DISPATCH",4,2,76,"void convert_unary<__half, float>(void const*, float*, long, long, long, HIP_vector_type<unsigned int, 3u>, long, long, long)",1788,16981889368828,16981889375939,0,0,256,1,1,212992,1,1
"KERNEL_DISPATCH",4,2,320,"Cijk_Alik_Bljk_HB_MT32x32x24_SN_1LDSB0_APM1_ABV0_ACED0_AF0EM2_AF1EM1_AMAS3_ASE_ASGT_ASLT_ASM_ASAE01_ASCE01_ASEM2_AAC0_BL1_BS1_CLR0_DTLA0_DTLB0_DTVA0_DTVB0_DVO0_ETSP_EPS1_ELFLR0_EMLL0_FSSC10_FL0_GLVWA4_GLVWB4_GRCGA1_GRCGB1_GRPM1_GRVW4_GSU1_GSUASB_GLS0_ISA900_IU1_K1_KLA_LBSPPA0_LBSPPB0_LPA0_LPB0_LDL1_LRVW4_LWPMn1_LDW0_FMA_MIAV0_MDA2_MO40_MMFGLC_MKFGSU256_NTA0_NTB0_NTC0_NTD0_NEPBS0_NLCA3_NLCB3_ONLL1_OPLV0_PK0_PAP0_PGR1_PLR1_PKA0_SIA1_SLW1_SS0_SU32_SUM0_SUS256_SCIUI1_SPO0_SRVW0_SSO0_SVW4_SNLL0_TSGRA0_TSGRB0_TT4_4_TLDS0_UMLDSA0_UMLDSB0_USFGRO0_VAW2_VS1_VW4_VWB4_VFLRP0_WSGRA0_WSGRB0_WS64_WG8_8_1_WGM8",1787,16981888580957,16981889368828,0,7168,64,1,1,3328,4,1
"KERNEL_DISPATCH",4,2,51,"void dequantize_block_iq3_s<__half>(void const*, __half*)",1789,16981889396680,16981889525572,0,0,32,1,1,1277952,1,1
"KERNEL_DISPATCH",4,2,64,"void convert_unary<float, __half>(void const*, __half*, long, long, long, HIP_vector_type<unsigned int, 3u>, long, long, long)",1790,16981889525572,16981889544980,0,0,256,1,1,786432,1,1
"KERNEL_DISPATCH",4,2,76,"void convert_unary<__half, float>(void const*, float*, long, long, long, HIP_vector_type<unsigned int, 3u>, long, long, long)",1792,16981890247219,16981890253886,0,0,256,1,1,212992,1,1
"KERNEL_DISPATCH",4,2,320,"Cijk_Alik_Bljk_HB_MT32x32x24_SN_1LDSB0_APM1_ABV0_ACED0_AF0EM2_AF1EM1_AMAS3_ASE_ASGT_ASLT_ASM_ASAE01_ASCE01_ASEM2_AAC0_BL1_BS1_CLR0_DTLA0_DTLB0_DTVA0_DTVB0_DVO0_ETSP_EPS1_ELFLR0_EMLL0_FSSC10_FL0_GLVWA4_GLVWB4_GRCGA1_GRCGB1_GRPM1_GRVW4_GSU1_GSUASB_GLS0_ISA900_IU1_K1_KLA_LBSPPA0_LBSPPB0_LPA0_LPB0_LDL1_LRVW4_LWPMn1_LDW0_FMA_MIAV0_MDA2_MO40_MMFGLC_MKFGSU256_NTA0_NTB0_NTC0_NTD0_NEPBS0_NLCA3_NLCB3_ONLL1_OPLV0_PK0_PAP0_PGR1_PLR1_PKA0_SIA1_SLW1_SS0_SU32_SUM0_SUS256_SCIUI1_SPO0_SRVW0_SSO0_SVW4_SNLL0_TSGRA0_TSGRB0_TT4_4_TLDS0_UMLDSA0_UMLDSB0_USFGRO0_VAW2_VS1_VW4_VWB4_VFLRP0_WSGRA0_WSGRB0_WS64_WG8_8_1_WGM8",1791,16981889544980,16981890247219,0,7168,64,1,1,3328,4,1
"KERNEL_DISPATCH",4,2,51,"void dequantize_block_iq3_s<__half>(void const*, __half*)",1793,16981890273739,16981890395075,0,0,32,1,1,1277952,1,1
"KERNEL_DISPATCH",4,2,64,"void convert_unary<float, __half>(void const*, __half*, long, long, long, HIP_vector_type<unsigned int, 3u>, long, long, long)",1794,16981890395075,16981890415075,0,0,256,1,1,786432,1,1
"KERNEL_DISPATCH",4,2,76,"void convert_unary<__half, float>(void const*, float*, long, long, long, HIP_vector_type<unsigned int, 3u>, long, long, long)",1796,16981891062054,16981891068573,0,0,256,1,1,212992,1,1
"KERNEL_DISPATCH",4,2,320,"Cijk_Alik_Bljk_HB_MT32x32x24_SN_1LDSB0_APM1_ABV0_ACED0_AF0EM2_AF1EM1_AMAS3_ASE_ASGT_ASLT_ASM_ASAE01_ASCE01_ASEM2_AAC0_BL1_BS1_CLR0_DTLA0_DTLB0_DTVA0_DTVB0_DVO0_ETSP_EPS1_ELFLR0_EMLL0_FSSC10_FL0_GLVWA4_GLVWB4_GRCGA1_GRCGB1_GRPM1_GRVW4_GSU1_GSUASB_GLS0_ISA900_IU1_K1_KLA_LBSPPA0_LBSPPB0_LPA0_LPB0_LDL1_LRVW4_LWPMn1_LDW0_FMA_MIAV0_MDA2_MO40_MMFGLC_MKFGSU256_NTA0_NTB0_NTC0_NTD0_NEPBS0_NLCA3_NLCB3_ONLL1_OPLV0_PK0_PAP0_PGR1_PLR1_PKA0_SIA1_SLW1_SS0_SU32_SUM0_SUS256_SCIUI1_SPO0_SRVW0_SSO0_SVW4_SNLL0_TSGRA0_TSGRB0_TT4_4_TLDS0_UMLDSA0_UMLDSB0_USFGRO0_VAW2_VS1_VW4_VWB4_VFLRP0_WSGRA0_WSGRB0_WS64_WG8_8_1_WGM8",1795,16981890415075,16981891062054,0,7168,64,1,1,3328,4,1
"KERNEL_DISPATCH",4,2,51,"void dequantize_block_iq3_s<__half>(void const*, __half*)",1797,16981891087981,16981891209761,0,0,32,1,1,1277952,1,1
"KERNEL_DISPATCH",4,2,64,"void convert_unary<float, __half>(void const*, __half*, long, long, long, HIP_vector_type<unsigned int, 3u>, long, long, long)",1798,16981891209761,16981891229614,0,0,256,1,1,786432,1,1
"KERNEL_DISPATCH",4,2,76,"void convert_unary<__half, float>(void const*, float*, long, long, long, HIP_vector_type<unsigned int, 3u>, long, long, long)",1800,16981891855258,16981891861777,0,0,256,1,1,212992,1,1
"KERNEL_DISPATCH",4,2,320,"Cijk_Alik_Bljk_HB_MT32x32x24_SN_1LDSB0_APM1_ABV0_ACED0_AF0EM2_AF1EM1_AMAS3_ASE_ASGT_ASLT_ASM_ASAE01_ASCE01_ASEM2_AAC0_BL1_BS1_CLR0_DTLA0_DTLB0_DTVA0_DTVB0_DVO0_ETSP_EPS1_ELFLR0_EMLL0_FSSC10_FL0_GLVWA4_GLVWB4_GRCGA1_GRCGB1_GRPM1_GRVW4_GSU1_GSUASB_GLS0_ISA900_IU1_K1_KLA_LBSPPA0_LBSPPB0_LPA0_LPB0_LDL1_LRVW4_LWPMn1_LDW0_FMA_MIAV0_MDA2_MO40_MMFGLC_MKFGSU256_NTA0_NTB0_NTC0_NTD0_NEPBS0_NLCA3_NLCB3_ONLL1_OPLV0_PK0_PAP0_PGR1_PLR1_PKA0_SIA1_SLW1_SS0_SU32_SUM0_SUS256_SCIUI1_SPO0_SRVW0_SSO0_SVW4_SNLL0_TSGRA0_TSGRB0_TT4_4_TLDS0_UMLDSA0_UMLDSB0_USFGRO0_VAW2_VS1_VW4_VWB4_VFLRP0_WSGRA0_WSGRB0_WS64_WG8_8_1_WGM8",1799,16981891229614,16981891855258,0,7168,64,1,1,3328,4,1
"KERNEL_DISPATCH",4,2,51,"void dequantize_block_iq3_s<__half>(void const*, __half*)",1801,16981891881185,16981892002818,0,0,32,1,1,1277952,1,1
"KERNEL_DISPATCH",4,2,64,"void convert_unary<float, __half>(void const*, __half*, long, long, long, HIP_vector_type<unsigned int, 3u>, long, long, long)",1802,16981892002818,16981892022225,0,0,256,1,1,786432,1,1
"KERNEL_DISPATCH",4,2,76,"void convert_unary<__half, float>(void const*, float*, long, long, long, HIP_vector_type<unsigned int, 3u>, long, long, long)",1804,16981892656167,16981892662982,0,0,256,1,1,212992,1,1
"KERNEL_DISPATCH",4,2,320,"Cijk_Alik_Bljk_HB_MT32x32x24_SN_1LDSB0_APM1_ABV0_ACED0_AF0EM2_AF1EM1_AMAS3_ASE_ASGT_ASLT_ASM_ASAE01_ASCE01_ASEM2_AAC0_BL1_BS1_CLR0_DTLA0_DTLB0_DTVA0_DTVB0_DVO0_ETSP_EPS1_ELFLR0_EMLL0_FSSC10_FL0_GLVWA4_GLVWB4_GRCGA1_GRCGB1_GRPM1_GRVW4_GSU1_GSUASB_GLS0_ISA900_IU1_K1_KLA_LBSPPA0_LBSPPB0_LPA0_LPB0_LDL1_LRVW4_LWPMn1_LDW0_FMA_MIAV0_MDA2_MO40_MMFGLC_MKFGSU256_NTA0_NTB0_NTC0_NTD0_NEPBS0_NLCA3_NLCB3_ONLL1_OPLV0_PK0_PAP0_PGR1_PLR1_PKA0_SIA1_SLW1_SS0_SU32_SUM0_SUS256_SCIUI1_SPO0_SRVW0_SSO0_SVW4_SNLL0_TSGRA0_TSGRB0_TT4_4_TLDS0_UMLDSA0_UMLDSB0_USFGRO0_VAW2_VS1_VW4_VWB4_VFLRP0_WSGRA0_WSGRB0_WS64_WG8_8_1_WGM8",1803,16981892022225,16981892656167,0,7168,64,1,1,3328,4,1
"KERNEL_DISPATCH",4,2,51,"void dequantize_block_iq3_s<__half>(void const*, __half*)",1805,16981892682241,16981892804022,0,0,32,1,1,1277952,1,1
"KERNEL_DISPATCH",4,2,64,"void convert_unary<float, __half>(void const*, __half*, long, long, long, HIP_vector_type<unsigned int, 3u>, long, long, long)",1806,16981892804022,16981892823875,0,0,256,1,1,786432,1,1
"KERNEL_DISPATCH",4,2,76,"void convert_unary<__half, float>(void const*, float*, long, long, long, HIP_vector_type<unsigned int, 3u>, long, long, long)",1808,16981893563892,16981893571152,0,0,256,1,1,212992,1,1
"KERNEL_DISPATCH",4,2,320,"Cijk_Alik_Bljk_HB_MT32x32x24_SN_1LDSB0_APM1_ABV0_ACED0_AF0EM2_AF1EM1_AMAS3_ASE_ASGT_ASLT_ASM_ASAE01_ASCE01_ASEM2_AAC0_BL1_BS1_CLR0_DTLA0_DTLB0_DTVA0_DTVB0_DVO0_ETSP_EPS1_ELFLR0_EMLL0_FSSC10_FL0_GLVWA4_GLVWB4_GRCGA1_GRCGB1_GRPM1_GRVW4_GSU1_GSUASB_GLS0_ISA900_IU1_K1_KLA_LBSPPA0_LBSPPB0_LPA0_LPB0_LDL1_LRVW4_LWPMn1_LDW0_FMA_MIAV0_MDA2_MO40_MMFGLC_MKFGSU256_NTA0_NTB0_NTC0_NTD0_NEPBS0_NLCA3_NLCB3_ONLL1_OPLV0_PK0_PAP0_PGR1_PLR1_PKA0_SIA1_SLW1_SS0_SU32_SUM0_SUS256_SCIUI1_SPO0_SRVW0_SSO0_SVW4_SNLL0_TSGRA0_TSGRB0_TT4_4_TLDS0_UMLDSA0_UMLDSB0_USFGRO0_VAW2_VS1_VW4_VWB4_VFLRP0_WSGRA0_WSGRB0_WS64_WG8_8_1_WGM8",1807,16981892823875,16981893563892,0,7168,64,1,1,3328,4,1
"KERNEL_DISPATCH",4,2,51,"void dequantize_block_iq3_s<__half>(void const*, __half*)",1809,16981893591449,16981893720489,0,0,32,1,1,1277952,1,1
"KERNEL_DISPATCH",4,2,64,"void convert_unary<float, __half>(void const*, __half*, long, long, long, HIP_vector_type<unsigned int, 3u>, long, long, long)",1810,16981893720489,16981893740934,0,0,256,1,1,786432,1,1
"KERNEL_DISPATCH",4,2,76,"void convert_unary<__half, float>(void const*, float*, long, long, long, HIP_vector_type<unsigned int, 3u>, long, long, long)",1812,16981894410876,16981894417691,0,0,256,1,1,212992,1,1
"KERNEL_DISPATCH",4,2,320,"Cijk_Alik_Bljk_HB_MT32x32x24_SN_1LDSB0_APM1_ABV0_ACED0_AF0EM2_AF1EM1_AMAS3_ASE_ASGT_ASLT_ASM_ASAE01_ASCE01_ASEM2_AAC0_BL1_BS1_CLR0_DTLA0_DTLB0_DTVA0_DTVB0_DVO0_ETSP_EPS1_ELFLR0_EMLL0_FSSC10_FL0_GLVWA4_GLVWB4_GRCGA1_GRCGB1_GRPM1_GRVW4_GSU1_GSUASB_GLS0_ISA900_IU1_K1_KLA_LBSPPA0_LBSPPB0_LPA0_LPB0_LDL1_LRVW4_LWPMn1_LDW0_FMA_MIAV0_MDA2_MO40_MMFGLC_MKFGSU256_NTA0_NTB0_NTC0_NTD0_NEPBS0_NLCA3_NLCB3_ONLL1_OPLV0_PK0_PAP0_PGR1_PLR1_PKA0_SIA1_SLW1_SS0_SU32_SUM0_SUS256_SCIUI1_SPO0_SRVW0_SSO0_SVW4_SNLL0_TSGRA0_TSGRB0_TT4_4_TLDS0_UMLDSA0_UMLDSB0_USFGRO0_VAW2_VS1_VW4_VWB4_VFLRP0_WSGRA0_WSGRB0_WS64_WG8_8_1_WGM8",1811,16981893740934,16981894410876,0,7168,64,1,1,3328,4,1
"KERNEL_DISPATCH",4,2,51,"void dequantize_block_iq3_s<__half>(void const*, __half*)",1813,16981894437988,16981894583325,0,0,32,1,1,1277952,1,1
"KERNEL_DISPATCH",4,2,64,"void convert_unary<float, __half>(void const*, __half*, long, long, long, HIP_vector_type<unsigned int, 3u>, long, long, long)",1814,16981894583325,16981894606140,0,0,256,1,1,786432,1,1
"KERNEL_DISPATCH",4,2,320,"Cijk_Alik_Bljk_HB_MT32x32x24_SN_1LDSB0_APM1_ABV0_ACED0_AF0EM2_AF1EM1_AMAS3_ASE_ASGT_ASLT_ASM_ASAE01_ASCE01_ASEM2_AAC0_BL1_BS1_CLR0_DTLA0_DTLB0_DTVA0_DTVB0_DVO0_ETSP_EPS1_ELFLR0_EMLL0_FSSC10_FL0_GLVWA4_GLVWB4_GRCGA1_GRCGB1_GRPM1_GRVW4_GSU1_GSUASB_GLS0_ISA900_IU1_K1_KLA_LBSPPA0_LBSPPB0_LPA0_LPB0_LDL1_LRVW4_LWPMn1_LDW0_FMA_MIAV0_MDA2_MO40_MMFGLC_MKFGSU256_NTA0_NTB0_NTC0_NTD0_NEPBS0_NLCA3_NLCB3_ONLL1_OPLV0_PK0_PAP0_PGR1_PLR1_PKA0_SIA1_SLW1_SS0_SU32_SUM0_SUS256_SCIUI1_SPO0_SRVW0_SSO0_SVW4_SNLL0_TSGRA0_TSGRB0_TT4_4_TLDS0_UMLDSA0_UMLDSB0_USFGRO0_VAW2_VS1_VW4_VWB4_VFLRP0_WSGRA0_WSGRB0_WS64_WG8_8_1_WGM8",1815,16981894606140,16981895263045,0,7168,64,1,1,3328,4,1
"KERNEL_DISPATCH",4,2,76,"void convert_unary<__half, float>(void const*, float*, long, long, long, HIP_vector_type<unsigned int, 3u>, long, long, long)",1816,16981895263045,16981895270601,0,0,256,1,1,212992,1,1
"KERNEL_DISPATCH",4,2,51,"void dequantize_block_iq3_s<__half>(void const*, __half*)",1817,16981895293268,16981895436975,0,0,32,1,1,1277952,1,1
"KERNEL_DISPATCH",4,2,64,"void convert_unary<float, __half>(void const*, __half*, long, long, long, HIP_vector_type<unsigned int, 3u>, long, long, long)",1818,16981895436975,16981895459790,0,0,256,1,1,786432,1,1
"KERNEL_DISPATCH",4,2,320,"Cijk_Alik_Bljk_HB_MT32x32x24_SN_1LDSB0_APM1_ABV0_ACED0_AF0EM2_AF1EM1_AMAS3_ASE_ASGT_ASLT_ASM_ASAE01_ASCE01_ASEM2_AAC0_BL1_BS1_CLR0_DTLA0_DTLB0_DTVA0_DTVB0_DVO0_ETSP_EPS1_ELFLR0_EMLL0_FSSC10_FL0_GLVWA4_GLVWB4_GRCGA1_GRCGB1_GRPM1_GRVW4_GSU1_GSUASB_GLS0_ISA900_IU1_K1_KLA_LBSPPA0_LBSPPB0_LPA0_LPB0_LDL1_LRVW4_LWPMn1_LDW0_FMA_MIAV0_MDA2_MO40_MMFGLC_MKFGSU256_NTA0_NTB0_NTC0_NTD0_NEPBS0_NLCA3_NLCB3_ONLL1_OPLV0_PK0_PAP0_PGR1_PLR1_PKA0_SIA1_SLW1_SS0_SU32_SUM0_SUS256_SCIUI1_SPO0_SRVW0_SSO0_SVW4_SNLL0_TSGRA0_TSGRB0_TT4_4_TLDS0_UMLDSA0_UMLDSB0_USFGRO0_VAW2_VS1_VW4_VWB4_VFLRP0_WSGRA0_WSGRB0_WS64_WG8_8_1_WGM8",1819,16981895459790,16981896103806,0,7168,64,1,1,3328,4,1
"KERNEL_DISPATCH",4,2,76,"void convert_unary<__half, float>(void const*, float*, long, long, long, HIP_vector_type<unsigned int, 3u>, long, long, long)",1820,16981896103806,16981896110917,0,0,256,1,1,212992,1,1
"KERNEL_DISPATCH",4,2,51,"void dequantize_block_iq3_s<__half>(void const*, __half*)",1821,16981896131066,16981896259958,0,0,32,1,1,1277952,1,1
"KERNEL_DISPATCH",4,2,64,"void convert_unary<float, __half>(void const*, __half*, long, long, long, HIP_vector_type<unsigned int, 3u>, long, long, long)",1822,16981896259958,16981896280403,0,0,256,1,1,786432,1,1
"KERNEL_DISPATCH",4,2,76,"void convert_unary<__half, float>(void const*, float*, long, long, long, HIP_vector_type<unsigned int, 3u>, long, long, long)",1824,16981897026643,16981897033606,0,0,256,1,1,212992,1,1
"KERNEL_DISPATCH",4,2,320,"Cijk_Alik_Bljk_HB_MT32x32x24_SN_1LDSB0_APM1_ABV0_ACED0_AF0EM2_AF1EM1_AMAS3_ASE_ASGT_ASLT_ASM_ASAE01_ASCE01_ASEM2_AAC0_BL1_BS1_CLR0_DTLA0_DTLB0_DTVA0_DTVB0_DVO0_ETSP_EPS1_ELFLR0_EMLL0_FSSC10_FL0_GLVWA4_GLVWB4_GRCGA1_GRCGB1_GRPM1_GRVW4_GSU1_GSUASB_GLS0_ISA900_IU1_K1_KLA_LBSPPA0_LBSPPB0_LPA0_LPB0_LDL1_LRVW4_LWPMn1_LDW0_FMA_MIAV0_MDA2_MO40_MMFGLC_MKFGSU256_NTA0_NTB0_NTC0_NTD0_NEPBS0_NLCA3_NLCB3_ONLL1_OPLV0_PK0_PAP0_PGR1_PLR1_PKA0_SIA1_SLW1_SS0_SU32_SUM0_SUS256_SCIUI1_SPO0_SRVW0_SSO0_SVW4_SNLL0_TSGRA0_TSGRB0_TT4_4_TLDS0_UMLDSA0_UMLDSB0_USFGRO0_VAW2_VS1_VW4_VWB4_VFLRP0_WSGRA0_WSGRB0_WS64_WG8_8_1_WGM8",1823,16981896280403,16981897026643,0,7168,64,1,1,3328,4,1
"KERNEL_DISPATCH",4,2,51,"void dequantize_block_iq3_s<__half>(void const*, __half*)",1825,16981897053903,16981897183091,0,0,32,1,1,1277952,1,1
"KERNEL_DISPATCH",4,2,64,"void convert_unary<float, __half>(void const*, __half*, long, long, long, HIP_vector_type<unsigned int, 3u>, long, long, long)",1826,16981897183091,16981897203536,0,0,256,1,1,786432,1,1
"KERNEL_DISPATCH",4,2,76,"void convert_unary<__half, float>(void const*, float*, long, long, long, HIP_vector_type<unsigned int, 3u>, long, long, long)",1828,16981897895553,16981897902516,0,0,256,1,1,212992,1,1
"KERNEL_DISPATCH",4,2,320,"Cijk_Alik_Bljk_HB_MT32x32x24_SN_1LDSB0_APM1_ABV0_ACED0_AF0EM2_AF1EM1_AMAS3_ASE_ASGT_ASLT_ASM_ASAE01_ASCE01_ASEM2_AAC0_BL1_BS1_CLR0_DTLA0_DTLB0_DTVA0_DTVB0_DVO0_ETSP_EPS1_ELFLR0_EMLL0_FSSC10_FL0_GLVWA4_GLVWB4_GRCGA1_GRCGB1_GRPM1_GRVW4_GSU1_GSUASB_GLS0_ISA900_IU1_K1_KLA_LBSPPA0_LBSPPB0_LPA0_LPB0_LDL1_LRVW4_LWPMn1_LDW0_FMA_MIAV0_MDA2_MO40_MMFGLC_MKFGSU256_NTA0_NTB0_NTC0_NTD0_NEPBS0_NLCA3_NLCB3_ONLL1_OPLV0_PK0_PAP0_PGR1_PLR1_PKA0_SIA1_SLW1_SS0_SU32_SUM0_SUS256_SCIUI1_SPO0_SRVW0_SSO0_SVW4_SNLL0_TSGRA0_TSGRB0_TT4_4_TLDS0_UMLDSA0_UMLDSB0_USFGRO0_VAW2_VS1_VW4_VWB4_VFLRP0_WSGRA0_WSGRB0_WS64_WG8_8_1_WGM8",1827,16981897203536,16981897895553,0,7168,64,1,1,3328,4,1
"KERNEL_DISPATCH",4,2,51,"void dequantize_block_iq3_s<__half>(void const*, __half*)",1829,16981897922961,16981898052594,0,0,32,1,1,1277952,1,1
"KERNEL_DISPATCH",4,2,64,"void convert_unary<float, __half>(void const*, __half*, long, long, long, HIP_vector_type<unsigned int, 3u>, long, long, long)",1830,16981898052594,16981898073039,0,0,256,1,1,786432,1,1
"KERNEL_DISPATCH",4,2,320,"Cijk_Alik_Bljk_HB_MT32x32x24_SN_1LDSB0_APM1_ABV0_ACED0_AF0EM2_AF1EM1_AMAS3_ASE_ASGT_ASLT_ASM_ASAE01_ASCE01_ASEM2_AAC0_BL1_BS1_CLR0_DTLA0_DTLB0_DTVA0_DTVB0_DVO0_ETSP_EPS1_ELFLR0_EMLL0_FSSC10_FL0_GLVWA4_GLVWB4_GRCGA1_GRCGB1_GRPM1_GRVW4_GSU1_GSUASB_GLS0_ISA900_IU1_K1_KLA_LBSPPA0_LBSPPB0_LPA0_LPB0_LDL1_LRVW4_LWPMn1_LDW0_FMA_MIAV0_MDA2_MO40_MMFGLC_MKFGSU256_NTA0_NTB0_NTC0_NTD0_NEPBS0_NLCA3_NLCB3_ONLL1_OPLV0_PK0_PAP0_PGR1_PLR1_PKA0_SIA1_SLW1_SS0_SU32_SUM0_SUS256_SCIUI1_SPO0_SRVW0_SSO0_SVW4_SNLL0_TSGRA0_TSGRB0_TT4_4_TLDS0_UMLDSA0_UMLDSB0_USFGRO0_VAW2_VS1_VW4_VWB4_VFLRP0_WSGRA0_WSGRB0_WS64_WG8_8_1_WGM8",1831,16981898073039,16981898717054,0,7168,64,1,1,3328,4,1
"KERNEL_DISPATCH",4,2,76,"void convert_unary<__half, float>(void const*, float*, long, long, long, HIP_vector_type<unsigned int, 3u>, long, long, long)",1832,16981898717054,16981898724758,0,0,256,1,1,212992,1,1
"KERNEL_DISPATCH",4,2,51,"void dequantize_block_iq3_s<__half>(void const*, __half*)",1833,16981898747277,16981898891429,0,0,32,1,1,1277952,1,1
"KERNEL_DISPATCH",4,2,64,"void convert_unary<float, __half>(void const*, __half*, long, long, long, HIP_vector_type<unsigned int, 3u>, long, long, long)",1834,16981898891429,16981898914689,0,0,256,1,1,786432,1,1
"KERNEL_DISPATCH",4,2,320,"Cijk_Alik_Bljk_HB_MT32x32x24_SN_1LDSB0_APM1_ABV0_ACED0_AF0EM2_AF1EM1_AMAS3_ASE_ASGT_ASLT_ASM_ASAE01_ASCE01_ASEM2_AAC0_BL1_BS1_CLR0_DTLA0_DTLB0_DTVA0_DTVB0_DVO0_ETSP_EPS1_ELFLR0_EMLL0_FSSC10_FL0_GLVWA4_GLVWB4_GRCGA1_GRCGB1_GRPM1_GRVW4_GSU1_GSUASB_GLS0_ISA900_IU1_K1_KLA_LBSPPA0_LBSPPB0_LPA0_LPB0_LDL1_LRVW4_LWPMn1_LDW0_FMA_MIAV0_MDA2_MO40_MMFGLC_MKFGSU256_NTA0_NTB0_NTC0_NTD0_NEPBS0_NLCA3_NLCB3_ONLL1_OPLV0_PK0_PAP0_PGR1_PLR1_PKA0_SIA1_SLW1_SS0_SU32_SUM0_SUS256_SCIUI1_SPO0_SRVW0_SSO0_SVW4_SNLL0_TSGRA0_TSGRB0_TT4_4_TLDS0_UMLDSA0_UMLDSB0_USFGRO0_VAW2_VS1_VW4_VWB4_VFLRP0_WSGRA0_WSGRB0_WS64_WG8_8_1_WGM8",1835,16981898914689,16981899693374,0,7168,64,1,1,3328,4,1
"KERNEL_DISPATCH",4,2,76,"void convert_unary<__half, float>(void const*, float*, long, long, long, HIP_vector_type<unsigned int, 3u>, long, long, long)",1836,16981899693374,16981899702264,0,0,256,1,1,212992,1,1
"KERNEL_DISPATCH",4,2,51,"void dequantize_block_iq3_s<__half>(void const*, __half*)",1837,16981899726857,16981899891898,0,0,32,1,1,1277952,1,1
"KERNEL_DISPATCH",4,2,64,"void convert_unary<float, __half>(void const*, __half*, long, long, long, HIP_vector_type<unsigned int, 3u>, long, long, long)",1838,16981899891898,16981899923454,0,0,256,1,1,786432,1,1
"KERNEL_DISPATCH",4,2,320,"Cijk_Alik_Bljk_HB_MT32x32x24_SN_1LDSB0_APM1_ABV0_ACED0_AF0EM2_AF1EM1_AMAS3_ASE_ASGT_ASLT_ASM_ASAE01_ASCE01_ASEM2_AAC0_BL1_BS1_CLR0_DTLA0_DTLB0_DTVA0_DTVB0_DVO0_ETSP_EPS1_ELFLR0_EMLL0_FSSC10_FL0_GLVWA4_GLVWB4_GRCGA1_GRCGB1_GRPM1_GRVW4_GSU1_GSUASB_GLS0_ISA900_IU1_K1_KLA_LBSPPA0_LBSPPB0_LPA0_LPB0_LDL1_LRVW4_LWPMn1_LDW0_FMA_MIAV0_MDA2_MO40_MMFGLC_MKFGSU256_NTA0_NTB0_NTC0_NTD0_NEPBS0_NLCA3_NLCB3_ONLL1_OPLV0_PK0_PAP0_PGR1_PLR1_PKA0_SIA1_SLW1_SS0_SU32_SUM0_SUS256_SCIUI1_SPO0_SRVW0_SSO0_SVW4_SNLL0_TSGRA0_TSGRB0_TT4_4_TLDS0_UMLDSA0_UMLDSB0_USFGRO0_VAW2_VS1_VW4_VWB4_VFLRP0_WSGRA0_WSGRB0_WS64_WG8_8_1_WGM8",1839,16981899923454,16981900803179,0,7168,64,1,1,3328,4,1
"KERNEL_DISPATCH",4,2,76,"void convert_unary<__half, float>(void const*, float*, long, long, long, HIP_vector_type<unsigned int, 3u>, long, long, long)",1840,16981900803179,16981900810883,0,0,256,1,1,212992,1,1
"KERNEL_DISPATCH",4,2,51,"void dequantize_block_iq3_s<__half>(void const*, __half*)",1841,16981900832809,16981900977257,0,0,32,1,1,1277952,1,1
"KERNEL_DISPATCH",4,2,64,"void convert_unary<float, __half>(void const*, __half*, long, long, long, HIP_vector_type<unsigned int, 3u>, long, long, long)",1842,16981900977257,16981901000665,0,0,256,1,1,786432,1,1
"KERNEL_DISPATCH",4,2,320,"Cijk_Alik_Bljk_HB_MT32x32x24_SN_1LDSB0_APM1_ABV0_ACED0_AF0EM2_AF1EM1_AMAS3_ASE_ASGT_ASLT_ASM_ASAE01_ASCE01_ASEM2_AAC0_BL1_BS1_CLR0_DTLA0_DTLB0_DTVA0_DTVB0_DVO0_ETSP_EPS1_ELFLR0_EMLL0_FSSC10_FL0_GLVWA4_GLVWB4_GRCGA1_GRCGB1_GRPM1_GRVW4_GSU1_GSUASB_GLS0_ISA900_IU1_K1_KLA_LBSPPA0_LBSPPB0_LPA0_LPB0_LDL1_LRVW4_LWPMn1_LDW0_FMA_MIAV0_MDA2_MO40_MMFGLC_MKFGSU256_NTA0_NTB0_NTC0_NTD0_NEPBS0_NLCA3_NLCB3_ONLL1_OPLV0_PK0_PAP0_PGR1_PLR1_PKA0_SIA1_SLW1_SS0_SU32_SUM0_SUS256_SCIUI1_SPO0_SRVW0_SSO0_SVW4_SNLL0_TSGRA0_TSGRB0_TT4_4_TLDS0_UMLDSA0_UMLDSB0_USFGRO0_VAW2_VS1_VW4_VWB4_VFLRP0_WSGRA0_WSGRB0_WS64_WG8_8_1_WGM8",1843,16981901000665,16981901765128,0,7168,64,1,1,3328,4,1
"KERNEL_DISPATCH",4,2,76,"void convert_unary<__half, float>(void const*, float*, long, long, long, HIP_vector_type<unsigned int, 3u>, long, long, long)",1844,16981901765128,16981901772684,0,0,256,1,1,212992,1,1
"KERNEL_DISPATCH",4,2,51,"void dequantize_block_iq3_s<__half>(void const*, __half*)",1845,16981901794907,16981901938762,0,0,32,1,1,1277952,1,1
"KERNEL_DISPATCH",4,2,64,"void convert_unary<float, __half>(void const*, __half*, long, long, long, HIP_vector_type<unsigned int, 3u>, long, long, long)",1846,16981901938762,16981901961429,0,0,256,1,1,786432,1,1
"KERNEL_DISPATCH",4,2,320,"Cijk_Alik_Bljk_HB_MT32x32x24_SN_1LDSB0_APM1_ABV0_ACED0_AF0EM2_AF1EM1_AMAS3_ASE_ASGT_ASLT_ASM_ASAE01_ASCE01_ASEM2_AAC0_BL1_BS1_CLR0_DTLA0_DTLB0_DTVA0_DTVB0_DVO0_ETSP_EPS1_ELFLR0_EMLL0_FSSC10_FL0_GLVWA4_GLVWB4_GRCGA1_GRCGB1_GRPM1_GRVW4_GSU1_GSUASB_GLS0_ISA900_IU1_K1_KLA_LBSPPA0_LBSPPB0_LPA0_LPB0_LDL1_LRVW4_LWPMn1_LDW0_FMA_MIAV0_MDA2_MO40_MMFGLC_MKFGSU256_NTA0_NTB0_NTC0_NTD0_NEPBS0_NLCA3_NLCB3_ONLL1_OPLV0_PK0_PAP0_PGR1_PLR1_PKA0_SIA1_SLW1_SS0_SU32_SUM0_SUS256_SCIUI1_SPO0_SRVW0_SSO0_SVW4_SNLL0_TSGRA0_TSGRB0_TT4_4_TLDS0_UMLDSA0_UMLDSB0_USFGRO0_VAW2_VS1_VW4_VWB4_VFLRP0_WSGRA0_WSGRB0_WS64_WG8_8_1_WGM8",1847,16981901961429,16981902660854,0,7168,64,1,1,3328,4,1
"KERNEL_DISPATCH",4,2,76,"void convert_unary<__half, float>(void const*, float*, long, long, long, HIP_vector_type<unsigned int, 3u>, long, long, long)",1848,16981902660854,16981902668409,0,0,256,1,1,212992,1,1
"KERNEL_DISPATCH",4,2,51,"void dequantize_block_iq3_s<__half>(void const*, __half*)",1849,16981902690632,16981902834339,0,0,32,1,1,1277952,1,1
"KERNEL_DISPATCH",4,2,64,"void convert_unary<float, __half>(void const*, __half*, long, long, long, HIP_vector_type<unsigned int, 3u>, long, long, long)",1850,16981902834339,16981902857007,0,0,256,1,1,786432,1,1
"KERNEL_DISPATCH",4,2,320,"Cijk_Alik_Bljk_HB_MT32x32x24_SN_1LDSB0_APM1_ABV0_ACED0_AF0EM2_AF1EM1_AMAS3_ASE_ASGT_ASLT_ASM_ASAE01_ASCE01_ASEM2_AAC0_BL1_BS1_CLR0_DTLA0_DTLB0_DTVA0_DTVB0_DVO0_ETSP_EPS1_ELFLR0_EMLL0_FSSC10_FL0_GLVWA4_GLVWB4_GRCGA1_GRCGB1_GRPM1_GRVW4_GSU1_GSUASB_GLS0_ISA900_IU1_K1_KLA_LBSPPA0_LBSPPB0_LPA0_LPB0_LDL1_LRVW4_LWPMn1_LDW0_FMA_MIAV0_MDA2_MO40_MMFGLC_MKFGSU256_NTA0_NTB0_NTC0_NTD0_NEPBS0_NLCA3_NLCB3_ONLL1_OPLV0_PK0_PAP0_PGR1_PLR1_PKA0_SIA1_SLW1_SS0_SU32_SUM0_SUS256_SCIUI1_SPO0_SRVW0_SSO0_SVW4_SNLL0_TSGRA0_TSGRB0_TT4_4_TLDS0_UMLDSA0_UMLDSB0_USFGRO0_VAW2_VS1_VW4_VWB4_VFLRP0_WSGRA0_WSGRB0_WS64_WG8_8_1_WGM8",1851,16981902857007,16981903532134,0,7168,64,1,1,3328,4,1
"KERNEL_DISPATCH",4,2,76,"void convert_unary<__half, float>(void const*, float*, long, long, long, HIP_vector_type<unsigned int, 3u>, long, long, long)",1852,16981903532134,16981903539690,0,0,256,1,1,212992,1,1
"KERNEL_DISPATCH",4,2,51,"void dequantize_block_iq3_s<__half>(void const*, __half*)",1853,16981903562061,16981903706212,0,0,32,1,1,1277952,1,1
"KERNEL_DISPATCH",4,2,64,"void convert_unary<float, __half>(void const*, __half*, long, long, long, HIP_vector_type<unsigned int, 3u>, long, long, long)",1854,16981903706212,16981903729028,0,0,256,1,1,786432,1,1
"KERNEL_DISPATCH",4,2,320,"Cijk_Alik_Bljk_HB_MT32x32x24_SN_1LDSB0_APM1_ABV0_ACED0_AF0EM2_AF1EM1_AMAS3_ASE_ASGT_ASLT_ASM_ASAE01_ASCE01_ASEM2_AAC0_BL1_BS1_CLR0_DTLA0_DTLB0_DTVA0_DTVB0_DVO0_ETSP_EPS1_ELFLR0_EMLL0_FSSC10_FL0_GLVWA4_GLVWB4_GRCGA1_GRCGB1_GRPM1_GRVW4_GSU1_GSUASB_GLS0_ISA900_IU1_K1_KLA_LBSPPA0_LBSPPB0_LPA0_LPB0_LDL1_LRVW4_LWPMn1_LDW0_FMA_MIAV0_MDA2_MO40_MMFGLC_MKFGSU256_NTA0_NTB0_NTC0_NTD0_NEPBS0_NLCA3_NLCB3_ONLL1_OPLV0_PK0_PAP0_PGR1_PLR1_PKA0_SIA1_SLW1_SS0_SU32_SUM0_SUS256_SCIUI1_SPO0_SRVW0_SSO0_SVW4_SNLL0_TSGRA0_TSGRB0_TT4_4_TLDS0_UMLDSA0_UMLDSB0_USFGRO0_VAW2_VS1_VW4_VWB4_VFLRP0_WSGRA0_WSGRB0_WS64_WG8_8_1_WGM8",1855,16981903729028,16981904509343,0,7168,64,1,1,3328,4,1
"KERNEL_DISPATCH",4,2,76,"void convert_unary<__half, float>(void const*, float*, long, long, long, HIP_vector_type<unsigned int, 3u>, long, long, long)",1856,16981904509343,16981904517047,0,0,256,1,1,212992,1,1
"KERNEL_DISPATCH",4,2,51,"void dequantize_block_iq3_s<__half>(void const*, __half*)",1857,16981904540159,16981904683866,0,0,32,1,1,1277952,1,1
"KERNEL_DISPATCH",4,2,64,"void convert_unary<float, __half>(void const*, __half*, long, long, long, HIP_vector_type<unsigned int, 3u>, long, long, long)",1858,16981904683866,16981904706977,0,0,256,1,1,786432,1,1
"KERNEL_DISPATCH",4,2,76,"void convert_unary<__half, float>(void const*, float*, long, long, long, HIP_vector_type<unsigned int, 3u>, long, long, long)",1860,16981905498404,16981905506108,0,0,256,1,1,212992,1,1
"KERNEL_DISPATCH",4,2,320,"Cijk_Alik_Bljk_HB_MT32x32x24_SN_1LDSB0_APM1_ABV0_ACED0_AF0EM2_AF1EM1_AMAS3_ASE_ASGT_ASLT_ASM_ASAE01_ASCE01_ASEM2_AAC0_BL1_BS1_CLR0_DTLA0_DTLB0_DTVA0_DTVB0_DVO0_ETSP_EPS1_ELFLR0_EMLL0_FSSC10_FL0_GLVWA4_GLVWB4_GRCGA1_GRCGB1_GRPM1_GRVW4_GSU1_GSUASB_GLS0_ISA900_IU1_K1_KLA_LBSPPA0_LBSPPB0_LPA0_LPB0_LDL1_LRVW4_LWPMn1_LDW0_FMA_MIAV0_MDA2_MO40_MMFGLC_MKFGSU256_NTA0_NTB0_NTC0_NTD0_NEPBS0_NLCA3_NLCB3_ONLL1_OPLV0_PK0_PAP0_PGR1_PLR1_PKA0_SIA1_SLW1_SS0_SU32_SUM0_SUS256_SCIUI1_SPO0_SRVW0_SSO0_SVW4_SNLL0_TSGRA0_TSGRB0_TT4_4_TLDS0_UMLDSA0_UMLDSB0_USFGRO0_VAW2_VS1_VW4_VWB4_VFLRP0_WSGRA0_WSGRB0_WS64_WG8_8_1_WGM8",1859,16981904706977,16981905498404,0,7168,64,1,1,3328,4,1
"KERNEL_DISPATCH",4,2,51,"void dequantize_block_iq3_s<__half>(void const*, __half*)",1861,16981905530257,16981905673816,0,0,32,1,1,1277952,1,1
"KERNEL_DISPATCH",4,2,64,"void convert_unary<float, __half>(void const*, __half*, long, long, long, HIP_vector_type<unsigned int, 3u>, long, long, long)",1862,16981905673816,16981905696779,0,0,256,1,1,786432,1,1
"KERNEL_DISPATCH",4,2,320,"Cijk_Alik_Bljk_HB_MT32x32x24_SN_1LDSB0_APM1_ABV0_ACED0_AF0EM2_AF1EM1_AMAS3_ASE_ASGT_ASLT_ASM_ASAE01_ASCE01_ASEM2_AAC0_BL1_BS1_CLR0_DTLA0_DTLB0_DTVA0_DTVB0_DVO0_ETSP_EPS1_ELFLR0_EMLL0_FSSC10_FL0_GLVWA4_GLVWB4_GRCGA1_GRCGB1_GRPM1_GRVW4_GSU1_GSUASB_GLS0_ISA900_IU1_K1_KLA_LBSPPA0_LBSPPB0_LPA0_LPB0_LDL1_LRVW4_LWPMn1_LDW0_FMA_MIAV0_MDA2_MO40_MMFGLC_MKFGSU256_NTA0_NTB0_NTC0_NTD0_NEPBS0_NLCA3_NLCB3_ONLL1_OPLV0_PK0_PAP0_PGR1_PLR1_PKA0_SIA1_SLW1_SS0_SU32_SUM0_SUS256_SCIUI1_SPO0_SRVW0_SSO0_SVW4_SNLL0_TSGRA0_TSGRB0_TT4_4_TLDS0_UMLDSA0_UMLDSB0_USFGRO0_VAW2_VS1_VW4_VWB4_VFLRP0_WSGRA0_WSGRB0_WS64_WG8_8_1_WGM8",1863,16981905696779,16981906417834,0,7168,64,1,1,3328,4,1
"KERNEL_DISPATCH",4,2,76,"void convert_unary<__half, float>(void const*, float*, long, long, long, HIP_vector_type<unsigned int, 3u>, long, long, long)",1864,16981906417834,16981906425389,0,0,256,1,1,212992,1,1
"KERNEL_DISPATCH",4,2,51,"void dequantize_block_iq3_s<__half>(void const*, __half*)",1865,16981906448946,16981906592801,0,0,32,1,1,1277952,1,1
"KERNEL_DISPATCH",4,2,64,"void convert_unary<float, __half>(void const*, __half*, long, long, long, HIP_vector_type<unsigned int, 3u>, long, long, long)",1866,16981906592801,16981906615913,0,0,256,1,1,786432,1,1
"KERNEL_DISPATCH",4,2,320,"Cijk_Alik_Bljk_HB_MT32x32x24_SN_1LDSB0_APM1_ABV0_ACED0_AF0EM2_AF1EM1_AMAS3_ASE_ASGT_ASLT_ASM_ASAE01_ASCE01_ASEM2_AAC0_BL1_BS1_CLR0_DTLA0_DTLB0_DTVA0_DTVB0_DVO0_ETSP_EPS1_ELFLR0_EMLL0_FSSC10_FL0_GLVWA4_GLVWB4_GRCGA1_GRCGB1_GRPM1_GRVW4_GSU1_GSUASB_GLS0_ISA900_IU1_K1_KLA_LBSPPA0_LBSPPB0_LPA0_LPB0_LDL1_LRVW4_LWPMn1_LDW0_FMA_MIAV0_MDA2_MO40_MMFGLC_MKFGSU256_NTA0_NTB0_NTC0_NTD0_NEPBS0_NLCA3_NLCB3_ONLL1_OPLV0_PK0_PAP0_PGR1_PLR1_PKA0_SIA1_SLW1_SS0_SU32_SUM0_SUS256_SCIUI1_SPO0_SRVW0_SSO0_SVW4_SNLL0_TSGRA0_TSGRB0_TT4_4_TLDS0_UMLDSA0_UMLDSB0_USFGRO0_VAW2_VS1_VW4_VWB4_VFLRP0_WSGRA0_WSGRB0_WS64_WG8_8_1_WGM8",1867,16981906615913,16981907397413,0,7168,64,1,1,3328,4,1
"KERNEL_DISPATCH",4,2,76,"void convert_unary<__half, float>(void const*, float*, long, long, long, HIP_vector_type<unsigned int, 3u>, long, long, long)",1868,16981907397413,16981907404969,0,0,256,1,1,212992,1,1
"KERNEL_DISPATCH",4,2,51,"void dequantize_block_iq3_s<__half>(void const*, __half*)",1869,16981907427932,16981907567639,0,0,32,1,1,1277952,1,1
"KERNEL_DISPATCH",4,2,64,"void convert_unary<float, __half>(void const*, __half*, long, long, long, HIP_vector_type<unsigned int, 3u>, long, long, long)",1870,16981907567639,16981907600233,0,0,256,1,1,786432,1,1
"KERNEL_DISPATCH",4,2,76,"void convert_unary<__half, float>(void const*, float*, long, long, long, HIP_vector_type<unsigned int, 3u>, long, long, long)",1872,16981908242322,16981908249137,0,0,256,1,1,212992,1,1
"KERNEL_DISPATCH",4,2,320,"Cijk_Alik_Bljk_HB_MT32x32x24_SN_1LDSB0_APM1_ABV0_ACED0_AF0EM2_AF1EM1_AMAS3_ASE_ASGT_ASLT_ASM_ASAE01_ASCE01_ASEM2_AAC0_BL1_BS1_CLR0_DTLA0_DTLB0_DTVA0_DTVB0_DVO0_ETSP_EPS1_ELFLR0_EMLL0_FSSC10_FL0_GLVWA4_GLVWB4_GRCGA1_GRCGB1_GRPM1_GRVW4_GSU1_GSUASB_GLS0_ISA900_IU1_K1_KLA_LBSPPA0_LBSPPB0_LPA0_LPB0_LDL1_LRVW4_LWPMn1_LDW0_FMA_MIAV0_MDA2_MO40_MMFGLC_MKFGSU256_NTA0_NTB0_NTC0_NTD0_NEPBS0_NLCA3_NLCB3_ONLL1_OPLV0_PK0_PAP0_PGR1_PLR1_PKA0_SIA1_SLW1_SS0_SU32_SUM0_SUS256_SCIUI1_SPO0_SRVW0_SSO0_SVW4_SNLL0_TSGRA0_TSGRB0_TT4_4_TLDS0_UMLDSA0_UMLDSB0_USFGRO0_VAW2_VS1_VW4_VWB4_VFLRP0_WSGRA0_WSGRB0_WS64_WG8_8_1_WGM8",1871,16981907600233,16981908242322,0,7168,64,1,1,3328,4,1
"KERNEL_DISPATCH",4,2,51,"void dequantize_block_iq3_s<__half>(void const*, __half*)",1873,16981908269582,16981908398622,0,0,32,1,1,1277952,1,1
"KERNEL_DISPATCH",4,2,64,"void convert_unary<float, __half>(void const*, __half*, long, long, long, HIP_vector_type<unsigned int, 3u>, long, long, long)",1874,16981908398622,16981908419216,0,0,256,1,1,786432,1,1
"KERNEL_DISPATCH",4,2,76,"void convert_unary<__half, float>(void const*, float*, long, long, long, HIP_vector_type<unsigned int, 3u>, long, long, long)",1876,16981909112121,16981909118788,0,0,256,1,1,212992,1,1
"KERNEL_DISPATCH",4,2,320,"Cijk_Alik_Bljk_HB_MT32x32x24_SN_1LDSB0_APM1_ABV0_ACED0_AF0EM2_AF1EM1_AMAS3_ASE_ASGT_ASLT_ASM_ASAE01_ASCE01_ASEM2_AAC0_BL1_BS1_CLR0_DTLA0_DTLB0_DTVA0_DTVB0_DVO0_ETSP_EPS1_ELFLR0_EMLL0_FSSC10_FL0_GLVWA4_GLVWB4_GRCGA1_GRCGB1_GRPM1_GRVW4_GSU1_GSUASB_GLS0_ISA900_IU1_K1_KLA_LBSPPA0_LBSPPB0_LPA0_LPB0_LDL1_LRVW4_LWPMn1_LDW0_FMA_MIAV0_MDA2_MO40_MMFGLC_MKFGSU256_NTA0_NTB0_NTC0_NTD0_NEPBS0_NLCA3_NLCB3_ONLL1_OPLV0_PK0_PAP0_PGR1_PLR1_PKA0_SIA1_SLW1_SS0_SU32_SUM0_SUS256_SCIUI1_SPO0_SRVW0_SSO0_SVW4_SNLL0_TSGRA0_TSGRB0_TT4_4_TLDS0_UMLDSA0_UMLDSB0_USFGRO0_VAW2_VS1_VW4_VWB4_VFLRP0_WSGRA0_WSGRB0_WS64_WG8_8_1_WGM8",1875,16981908419216,16981909112121,0,7168,64,1,1,3328,4,1
"KERNEL_DISPATCH",4,2,51,"void dequantize_block_iq3_s<__half>(void const*, __half*)",1877,16981909138640,16981909259977,0,0,32,1,1,1277952,1,1
"KERNEL_DISPATCH",4,2,64,"void convert_unary<float, __half>(void const*, __half*, long, long, long, HIP_vector_type<unsigned int, 3u>, long, long, long)",1878,16981909259977,16981909280125,0,0,256,1,1,786432,1,1
"KERNEL_DISPATCH",4,2,320,"Cijk_Alik_Bljk_HB_MT32x32x24_SN_1LDSB0_APM1_ABV0_ACED0_AF0EM2_AF1EM1_AMAS3_ASE_ASGT_ASLT_ASM_ASAE01_ASCE01_ASEM2_AAC0_BL1_BS1_CLR0_DTLA0_DTLB0_DTVA0_DTVB0_DVO0_ETSP_EPS1_ELFLR0_EMLL0_FSSC10_FL0_GLVWA4_GLVWB4_GRCGA1_GRCGB1_GRPM1_GRVW4_GSU1_GSUASB_GLS0_ISA900_IU1_K1_KLA_LBSPPA0_LBSPPB0_LPA0_LPB0_LDL1_LRVW4_LWPMn1_LDW0_FMA_MIAV0_MDA2_MO40_MMFGLC_MKFGSU256_NTA0_NTB0_NTC0_NTD0_NEPBS0_NLCA3_NLCB3_ONLL1_OPLV0_PK0_PAP0_PGR1_PLR1_PKA0_SIA1_SLW1_SS0_SU32_SUM0_SUS256_SCIUI1_SPO0_SRVW0_SSO0_SVW4_SNLL0_TSGRA0_TSGRB0_TT4_4_TLDS0_UMLDSA0_UMLDSB0_USFGRO0_VAW2_VS1_VW4_VWB4_VFLRP0_WSGRA0_WSGRB0_WS64_WG8_8_1_WGM8",1879,16981909280125,16981910029032,0,7168,64,1,1,3328,4,1
"KERNEL_DISPATCH",4,2,76,"void convert_unary<__half, float>(void const*, float*, long, long, long, HIP_vector_type<unsigned int, 3u>, long, long, long)",1880,16981910029032,16981910035551,0,0,256,1,1,212992,1,1
"KERNEL_DISPATCH",4,2,51,"void dequantize_block_iq3_s<__half>(void const*, __half*)",1881,16981910055552,16981910177184,0,0,32,1,1,1277952,1,1
"KERNEL_DISPATCH",4,2,64,"void convert_unary<float, __half>(void const*, __half*, long, long, long, HIP_vector_type<unsigned int, 3u>, long, long, long)",1882,16981910177184,16981910196740,0,0,256,1,1,786432,1,1
"KERNEL_DISPATCH",4,2,320,"Cijk_Alik_Bljk_HB_MT32x32x24_SN_1LDSB0_APM1_ABV0_ACED0_AF0EM2_AF1EM1_AMAS3_ASE_ASGT_ASLT_ASM_ASAE01_ASCE01_ASEM2_AAC0_BL1_BS1_CLR0_DTLA0_DTLB0_DTVA0_DTVB0_DVO0_ETSP_EPS1_ELFLR0_EMLL0_FSSC10_FL0_GLVWA4_GLVWB4_GRCGA1_GRCGB1_GRPM1_GRVW4_GSU1_GSUASB_GLS0_ISA900_IU1_K1_KLA_LBSPPA0_LBSPPB0_LPA0_LPB0_LDL1_LRVW4_LWPMn1_LDW0_FMA_MIAV0_MDA2_MO40_MMFGLC_MKFGSU256_NTA0_NTB0_NTC0_NTD0_NEPBS0_NLCA3_NLCB3_ONLL1_OPLV0_PK0_PAP0_PGR1_PLR1_PKA0_SIA1_SLW1_SS0_SU32_SUM0_SUS256_SCIUI1_SPO0_SRVW0_SSO0_SVW4_SNLL0_TSGRA0_TSGRB0_TT4_4_TLDS0_UMLDSA0_UMLDSB0_USFGRO0_VAW2_VS1_VW4_VWB4_VFLRP0_WSGRA0_WSGRB0_WS64_WG8_8_1_WGM8",1883,16981910196740,16981910832459,0,7168,64,1,1,3328,4,1
"KERNEL_DISPATCH",4,2,76,"void convert_unary<__half, float>(void const*, float*, long, long, long, HIP_vector_type<unsigned int, 3u>, long, long, long)",1884,16981910832459,16981910839274,0,0,256,1,1,212992,1,1
"KERNEL_DISPATCH",4,2,51,"void dequantize_block_iq3_s<__half>(void const*, __half*)",1885,16981910860016,16981910989204,0,0,32,1,1,1277952,1,1
"KERNEL_DISPATCH",4,2,64,"void convert_unary<float, __half>(void const*, __half*, long, long, long, HIP_vector_type<unsigned int, 3u>, long, long, long)",1886,16981910989204,16981911009649,0,0,256,1,1,786432,1,1
"KERNEL_DISPATCH",4,2,320,"Cijk_Alik_Bljk_HB_MT32x32x24_SN_1LDSB0_APM1_ABV0_ACED0_AF0EM2_AF1EM1_AMAS3_ASE_ASGT_ASLT_ASM_ASAE01_ASCE01_ASEM2_AAC0_BL1_BS1_CLR0_DTLA0_DTLB0_DTVA0_DTVB0_DVO0_ETSP_EPS1_ELFLR0_EMLL0_FSSC10_FL0_GLVWA4_GLVWB4_GRCGA1_GRCGB1_GRPM1_GRVW4_GSU1_GSUASB_GLS0_ISA900_IU1_K1_KLA_LBSPPA0_LBSPPB0_LPA0_LPB0_LDL1_LRVW4_LWPMn1_LDW0_FMA_MIAV0_MDA2_MO40_MMFGLC_MKFGSU256_NTA0_NTB0_NTC0_NTD0_NEPBS0_NLCA3_NLCB3_ONLL1_OPLV0_PK0_PAP0_PGR1_PLR1_PKA0_SIA1_SLW1_SS0_SU32_SUM0_SUS256_SCIUI1_SPO0_SRVW0_SSO0_SVW4_SNLL0_TSGRA0_TSGRB0_TT4_4_TLDS0_UMLDSA0_UMLDSB0_USFGRO0_VAW2_VS1_VW4_VWB4_VFLRP0_WSGRA0_WSGRB0_WS64_WG8_8_1_WGM8",1887,16981911009649,16981911607737,0,7168,64,1,1,3328,4,1
"KERNEL_DISPATCH",4,2,76,"void convert_unary<__half, float>(void const*, float*, long, long, long, HIP_vector_type<unsigned int, 3u>, long, long, long)",1888,16981911607737,16981911615441,0,0,256,1,1,212992,1,1
"KERNEL_DISPATCH",4,2,51,"void dequantize_block_iq3_s<__half>(void const*, __half*)",1889,16981911637368,16981911782112,0,0,32,1,1,1277952,1,1
"KERNEL_DISPATCH",4,2,64,"void convert_unary<float, __half>(void const*, __half*, long, long, long, HIP_vector_type<unsigned int, 3u>, long, long, long)",1890,16981911782112,16981911804927,0,0,256,1,1,786432,1,1
"KERNEL_DISPATCH",4,2,320,"Cijk_Alik_Bljk_HB_MT32x32x24_SN_1LDSB0_APM1_ABV0_ACED0_AF0EM2_AF1EM1_AMAS3_ASE_ASGT_ASLT_ASM_ASAE01_ASCE01_ASEM2_AAC0_BL1_BS1_CLR0_DTLA0_DTLB0_DTVA0_DTVB0_DVO0_ETSP_EPS1_ELFLR0_EMLL0_FSSC10_FL0_GLVWA4_GLVWB4_GRCGA1_GRCGB1_GRPM1_GRVW4_GSU1_GSUASB_GLS0_ISA900_IU1_K1_KLA_LBSPPA0_LBSPPB0_LPA0_LPB0_LDL1_LRVW4_LWPMn1_LDW0_FMA_MIAV0_MDA2_MO40_MMFGLC_MKFGSU256_NTA0_NTB0_NTC0_NTD0_NEPBS0_NLCA3_NLCB3_ONLL1_OPLV0_PK0_PAP0_PGR1_PLR1_PKA0_SIA1_SLW1_SS0_SU32_SUM0_SUS256_SCIUI1_SPO0_SRVW0_SSO0_SVW4_SNLL0_TSGRA0_TSGRB0_TT4_4_TLDS0_UMLDSA0_UMLDSB0_USFGRO0_VAW2_VS1_VW4_VWB4_VFLRP0_WSGRA0_WSGRB0_WS64_WG8_8_1_WGM8",1891,16981911804927,16981912461240,0,7168,64,1,1,3328,4,1
"KERNEL_DISPATCH",4,2,76,"void convert_unary<__half, float>(void const*, float*, long, long, long, HIP_vector_type<unsigned int, 3u>, long, long, long)",1892,16981912461240,16981912468795,0,0,256,1,1,212992,1,1
"KERNEL_DISPATCH",4,2,51,"void dequantize_block_iq3_s<__half>(void const*, __half*)",1893,16981912490870,16981912653540,0,0,32,1,1,1277952,1,1
"KERNEL_DISPATCH",4,2,64,"void convert_unary<float, __half>(void const*, __half*, long, long, long, HIP_vector_type<unsigned int, 3u>, long, long, long)",1894,16981912653540,16981912684652,0,0,256,1,1,786432,1,1
"KERNEL_DISPATCH",4,2,320,"Cijk_Alik_Bljk_HB_MT32x32x24_SN_1LDSB0_APM1_ABV0_ACED0_AF0EM2_AF1EM1_AMAS3_ASE_ASGT_ASLT_ASM_ASAE01_ASCE01_ASEM2_AAC0_BL1_BS1_CLR0_DTLA0_DTLB0_DTVA0_DTVB0_DVO0_ETSP_EPS1_ELFLR0_EMLL0_FSSC10_FL0_GLVWA4_GLVWB4_GRCGA1_GRCGB1_GRPM1_GRVW4_GSU1_GSUASB_GLS0_ISA900_IU1_K1_KLA_LBSPPA0_LBSPPB0_LPA0_LPB0_LDL1_LRVW4_LWPMn1_LDW0_FMA_MIAV0_MDA2_MO40_MMFGLC_MKFGSU256_NTA0_NTB0_NTC0_NTD0_NEPBS0_NLCA3_NLCB3_ONLL1_OPLV0_PK0_PAP0_PGR1_PLR1_PKA0_SIA1_SLW1_SS0_SU32_SUM0_SUS256_SCIUI1_SPO0_SRVW0_SSO0_SVW4_SNLL0_TSGRA0_TSGRB0_TT4_4_TLDS0_UMLDSA0_UMLDSB0_USFGRO0_VAW2_VS1_VW4_VWB4_VFLRP0_WSGRA0_WSGRB0_WS64_WG8_8_1_WGM8",1895,16981912684652,16981913631046,0,7168,64,1,1,3328,4,1
"KERNEL_DISPATCH",4,2,76,"void convert_unary<__half, float>(void const*, float*, long, long, long, HIP_vector_type<unsigned int, 3u>, long, long, long)",1896,16981913631046,16981913644972,0,0,256,1,1,212992,1,1
"KERNEL_DISPATCH",4,2,51,"void dequantize_block_iq3_s<__half>(void const*, __half*)",1897,16981913667491,16981913811346,0,0,32,1,1,1277952,1,1
"KERNEL_DISPATCH",4,2,64,"void convert_unary<float, __half>(void const*, __half*, long, long, long, HIP_vector_type<unsigned int, 3u>, long, long, long)",1898,16981913811346,16981913834014,0,0,256,1,1,786432,1,1
"KERNEL_DISPATCH",4,2,320,"Cijk_Alik_Bljk_HB_MT32x32x24_SN_1LDSB0_APM1_ABV0_ACED0_AF0EM2_AF1EM1_AMAS3_ASE_ASGT_ASLT_ASM_ASAE01_ASCE01_ASEM2_AAC0_BL1_BS1_CLR0_DTLA0_DTLB0_DTVA0_DTVB0_DVO0_ETSP_EPS1_ELFLR0_EMLL0_FSSC10_FL0_GLVWA4_GLVWB4_GRCGA1_GRCGB1_GRPM1_GRVW4_GSU1_GSUASB_GLS0_ISA900_IU1_K1_KLA_LBSPPA0_LBSPPB0_LPA0_LPB0_LDL1_LRVW4_LWPMn1_LDW0_FMA_MIAV0_MDA2_MO40_MMFGLC_MKFGSU256_NTA0_NTB0_NTC0_NTD0_NEPBS0_NLCA3_NLCB3_ONLL1_OPLV0_PK0_PAP0_PGR1_PLR1_PKA0_SIA1_SLW1_SS0_SU32_SUM0_SUS256_SCIUI1_SPO0_SRVW0_SSO0_SVW4_SNLL0_TSGRA0_TSGRB0_TT4_4_TLDS0_UMLDSA0_UMLDSB0_USFGRO0_VAW2_VS1_VW4_VWB4_VFLRP0_WSGRA0_WSGRB0_WS64_WG8_8_1_WGM8",1899,16981913834014,16981914573439,0,7168,64,1,1,3328,4,1
"KERNEL_DISPATCH",4,2,76,"void convert_unary<__half, float>(void const*, float*, long, long, long, HIP_vector_type<unsigned int, 3u>, long, long, long)",1900,16981914573439,16981914581143,0,0,256,1,1,212992,1,1
"KERNEL_DISPATCH",4,2,51,"void dequantize_block_iq3_s<__half>(void const*, __half*)",1901,16981914603217,16981914747962,0,0,32,1,1,1277952,1,1
"KERNEL_DISPATCH",4,2,64,"void convert_unary<float, __half>(void const*, __half*, long, long, long, HIP_vector_type<unsigned int, 3u>, long, long, long)",1902,16981914747962,16981914771073,0,0,256,1,1,786432,1,1
"KERNEL_DISPATCH",4,2,320,"Cijk_Alik_Bljk_HB_MT32x32x24_SN_1LDSB0_APM1_ABV0_ACED0_AF0EM2_AF1EM1_AMAS3_ASE_ASGT_ASLT_ASM_ASAE01_ASCE01_ASEM2_AAC0_BL1_BS1_CLR0_DTLA0_DTLB0_DTVA0_DTVB0_DVO0_ETSP_EPS1_ELFLR0_EMLL0_FSSC10_FL0_GLVWA4_GLVWB4_GRCGA1_GRCGB1_GRPM1_GRVW4_GSU1_GSUASB_GLS0_ISA900_IU1_K1_KLA_LBSPPA0_LBSPPB0_LPA0_LPB0_LDL1_LRVW4_LWPMn1_LDW0_FMA_MIAV0_MDA2_MO40_MMFGLC_MKFGSU256_NTA0_NTB0_NTC0_NTD0_NEPBS0_NLCA3_NLCB3_ONLL1_OPLV0_PK0_PAP0_PGR1_PLR1_PKA0_SIA1_SLW1_SS0_SU32_SUM0_SUS256_SCIUI1_SPO0_SRVW0_SSO0_SVW4_SNLL0_TSGRA0_TSGRB0_TT4_4_TLDS0_UMLDSA0_UMLDSB0_USFGRO0_VAW2_VS1_VW4_VWB4_VFLRP0_WSGRA0_WSGRB0_WS64_WG8_8_1_WGM8",1903,16981914771073,16981915474942,0,7168,64,1,1,3328,4,1
"KERNEL_DISPATCH",4,2,76,"void convert_unary<__half, float>(void const*, float*, long, long, long, HIP_vector_type<unsigned int, 3u>, long, long, long)",1904,16981915474942,16981915482498,0,0,256,1,1,212992,1,1
"KERNEL_DISPATCH",4,2,51,"void dequantize_block_iq3_s<__half>(void const*, __half*)",1905,16981915505017,16981915648872,0,0,32,1,1,1277952,1,1
"KERNEL_DISPATCH",4,2,64,"void convert_unary<float, __half>(void const*, __half*, long, long, long, HIP_vector_type<unsigned int, 3u>, long, long, long)",1906,16981915648872,16981915671836,0,0,256,1,1,786432,1,1
"KERNEL_DISPATCH",4,2,320,"Cijk_Alik_Bljk_HB_MT32x32x24_SN_1LDSB0_APM1_ABV0_ACED0_AF0EM2_AF1EM1_AMAS3_ASE_ASGT_ASLT_ASM_ASAE01_ASCE01_ASEM2_AAC0_BL1_BS1_CLR0_DTLA0_DTLB0_DTVA0_DTVB0_DVO0_ETSP_EPS1_ELFLR0_EMLL0_FSSC10_FL0_GLVWA4_GLVWB4_GRCGA1_GRCGB1_GRPM1_GRVW4_GSU1_GSUASB_GLS0_ISA900_IU1_K1_KLA_LBSPPA0_LBSPPB0_LPA0_LPB0_LDL1_LRVW4_LWPMn1_LDW0_FMA_MIAV0_MDA2_MO40_MMFGLC_MKFGSU256_NTA0_NTB0_NTC0_NTD0_NEPBS0_NLCA3_NLCB3_ONLL1_OPLV0_PK0_PAP0_PGR1_PLR1_PKA0_SIA1_SLW1_SS0_SU32_SUM0_SUS256_SCIUI1_SPO0_SRVW0_SSO0_SVW4_SNLL0_TSGRA0_TSGRB0_TT4_4_TLDS0_UMLDSA0_UMLDSB0_USFGRO0_VAW2_VS1_VW4_VWB4_VFLRP0_WSGRA0_WSGRB0_WS64_WG8_8_1_WGM8",1907,16981915671836,16981916543264,0,7168,64,1,1,3328,4,1
"KERNEL_DISPATCH",4,2,76,"void convert_unary<__half, float>(void const*, float*, long, long, long, HIP_vector_type<unsigned int, 3u>, long, long, long)",1908,16981916543264,16981916550968,0,0,256,1,1,212992,1,1
"KERNEL_DISPATCH",4,2,51,"void dequantize_block_iq3_s<__half>(void const*, __half*)",1909,16981916573191,16981916717491,0,0,32,1,1,1277952,1,1
"KERNEL_DISPATCH",4,2,64,"void convert_unary<float, __half>(void const*, __half*, long, long, long, HIP_vector_type<unsigned int, 3u>, long, long, long)",1910,16981916717491,16981916740603,0,0,256,1,1,786432,1,1
"KERNEL_DISPATCH",4,2,320,"Cijk_Alik_Bljk_HB_MT32x32x24_SN_1LDSB0_APM1_ABV0_ACED0_AF0EM2_AF1EM1_AMAS3_ASE_ASGT_ASLT_ASM_ASAE01_ASCE01_ASEM2_AAC0_BL1_BS1_CLR0_DTLA0_DTLB0_DTVA0_DTVB0_DVO0_ETSP_EPS1_ELFLR0_EMLL0_FSSC10_FL0_GLVWA4_GLVWB4_GRCGA1_GRCGB1_GRPM1_GRVW4_GSU1_GSUASB_GLS0_ISA900_IU1_K1_KLA_LBSPPA0_LBSPPB0_LPA0_LPB0_LDL1_LRVW4_LWPMn1_LDW0_FMA_MIAV0_MDA2_MO40_MMFGLC_MKFGSU256_NTA0_NTB0_NTC0_NTD0_NEPBS0_NLCA3_NLCB3_ONLL1_OPLV0_PK0_PAP0_PGR1_PLR1_PKA0_SIA1_SLW1_SS0_SU32_SUM0_SUS256_SCIUI1_SPO0_SRVW0_SSO0_SVW4_SNLL0_TSGRA0_TSGRB0_TT4_4_TLDS0_UMLDSA0_UMLDSB0_USFGRO0_VAW2_VS1_VW4_VWB4_VFLRP0_WSGRA0_WSGRB0_WS64_WG8_8_1_WGM8",1911,16981916740603,16981917479139,0,7168,64,1,1,3328,4,1
"KERNEL_DISPATCH",4,2,76,"void convert_unary<__half, float>(void const*, float*, long, long, long, HIP_vector_type<unsigned int, 3u>, long, long, long)",1912,16981917479139,16981917486695,0,0,256,1,1,212992,1,1
"KERNEL_DISPATCH",4,2,51,"void dequantize_block_iq3_s<__half>(void const*, __half*)",1913,16981917508917,16981917652625,0,0,32,1,1,1277952,1,1
"KERNEL_DISPATCH",4,2,64,"void convert_unary<float, __half>(void const*, __half*, long, long, long, HIP_vector_type<unsigned int, 3u>, long, long, long)",1914,16981917652625,16981917675440,0,0,256,1,1,786432,1,1
"KERNEL_DISPATCH",4,2,320,"Cijk_Alik_Bljk_HB_MT32x32x24_SN_1LDSB0_APM1_ABV0_ACED0_AF0EM2_AF1EM1_AMAS3_ASE_ASGT_ASLT_ASM_ASAE01_ASCE01_ASEM2_AAC0_BL1_BS1_CLR0_DTLA0_DTLB0_DTVA0_DTVB0_DVO0_ETSP_EPS1_ELFLR0_EMLL0_FSSC10_FL0_GLVWA4_GLVWB4_GRCGA1_GRCGB1_GRPM1_GRVW4_GSU1_GSUASB_GLS0_ISA900_IU1_K1_KLA_LBSPPA0_LBSPPB0_LPA0_LPB0_LDL1_LRVW4_LWPMn1_LDW0_FMA_MIAV0_MDA2_MO40_MMFGLC_MKFGSU256_NTA0_NTB0_NTC0_NTD0_NEPBS0_NLCA3_NLCB3_ONLL1_OPLV0_PK0_PAP0_PGR1_PLR1_PKA0_SIA1_SLW1_SS0_SU32_SUM0_SUS256_SCIUI1_SPO0_SRVW0_SSO0_SVW4_SNLL0_TSGRA0_TSGRB0_TT4_4_TLDS0_UMLDSA0_UMLDSB0_USFGRO0_VAW2_VS1_VW4_VWB4_VFLRP0_WSGRA0_WSGRB0_WS64_WG8_8_1_WGM8",1915,16981917675440,16981918433977,0,7168,64,1,1,3328,4,1
"KERNEL_DISPATCH",4,2,76,"void convert_unary<__half, float>(void const*, float*, long, long, long, HIP_vector_type<unsigned int, 3u>, long, long, long)",1916,16981918433977,16981918441533,0,0,256,1,1,212992,1,1
"KERNEL_DISPATCH",4,2,51,"void dequantize_block_iq3_s<__half>(void const*, __half*)",1917,16981918463459,16981918607166,0,0,32,1,1,1277952,1,1
"KERNEL_DISPATCH",4,2,64,"void convert_unary<float, __half>(void const*, __half*, long, long, long, HIP_vector_type<unsigned int, 3u>, long, long, long)",1918,16981918607166,16981918629834,0,0,256,1,1,786432,1,1
"KERNEL_DISPATCH",4,2,320,"Cijk_Alik_Bljk_HB_MT32x32x24_SN_1LDSB0_APM1_ABV0_ACED0_AF0EM2_AF1EM1_AMAS3_ASE_ASGT_ASLT_ASM_ASAE01_ASCE01_ASEM2_AAC0_BL1_BS1_CLR0_DTLA0_DTLB0_DTVA0_DTVB0_DVO0_ETSP_EPS1_ELFLR0_EMLL0_FSSC10_FL0_GLVWA4_GLVWB4_GRCGA1_GRCGB1_GRPM1_GRVW4_GSU1_GSUASB_GLS0_ISA900_IU1_K1_KLA_LBSPPA0_LBSPPB0_LPA0_LPB0_LDL1_LRVW4_LWPMn1_LDW0_FMA_MIAV0_MDA2_MO40_MMFGLC_MKFGSU256_NTA0_NTB0_NTC0_NTD0_NEPBS0_NLCA3_NLCB3_ONLL1_OPLV0_PK0_PAP0_PGR1_PLR1_PKA0_SIA1_SLW1_SS0_SU32_SUM0_SUS256_SCIUI1_SPO0_SRVW0_SSO0_SVW4_SNLL0_TSGRA0_TSGRB0_TT4_4_TLDS0_UMLDSA0_UMLDSB0_USFGRO0_VAW2_VS1_VW4_VWB4_VFLRP0_WSGRA0_WSGRB0_WS64_WG8_8_1_WGM8",1919,16981918629834,16981919338740,0,7168,64,1,1,3328,4,1
"KERNEL_DISPATCH",4,2,76,"void convert_unary<__half, float>(void const*, float*, long, long, long, HIP_vector_type<unsigned int, 3u>, long, long, long)",1920,16981919338740,16981919346295,0,0,256,1,1,212992,1,1
"KERNEL_DISPATCH",4,2,51,"void dequantize_block_iq3_s<__half>(void const*, __half*)",1921,16981919369111,16981919512670,0,0,32,1,1,1277952,1,1
"KERNEL_DISPATCH",4,2,64,"void convert_unary<float, __half>(void const*, __half*, long, long, long, HIP_vector_type<unsigned int, 3u>, long, long, long)",1922,16981919512670,16981919535189,0,0,256,1,1,786432,1,1
"KERNEL_DISPATCH",4,2,320,"Cijk_Alik_Bljk_HB_MT32x32x24_SN_1LDSB0_APM1_ABV0_ACED0_AF0EM2_AF1EM1_AMAS3_ASE_ASGT_ASLT_ASM_ASAE01_ASCE01_ASEM2_AAC0_BL1_BS1_CLR0_DTLA0_DTLB0_DTVA0_DTVB0_DVO0_ETSP_EPS1_ELFLR0_EMLL0_FSSC10_FL0_GLVWA4_GLVWB4_GRCGA1_GRCGB1_GRPM1_GRVW4_GSU1_GSUASB_GLS0_ISA900_IU1_K1_KLA_LBSPPA0_LBSPPB0_LPA0_LPB0_LDL1_LRVW4_LWPMn1_LDW0_FMA_MIAV0_MDA2_MO40_MMFGLC_MKFGSU256_NTA0_NTB0_NTC0_NTD0_NEPBS0_NLCA3_NLCB3_ONLL1_OPLV0_PK0_PAP0_PGR1_PLR1_PKA0_SIA1_SLW1_SS0_SU32_SUM0_SUS256_SCIUI1_SPO0_SRVW0_SSO0_SVW4_SNLL0_TSGRA0_TSGRB0_TT4_4_TLDS0_UMLDSA0_UMLDSB0_USFGRO0_VAW2_VS1_VW4_VWB4_VFLRP0_WSGRA0_WSGRB0_WS64_WG8_8_1_WGM8",1923,16981919535189,16981920290170,0,7168,64,1,1,3328,4,1
"KERNEL_DISPATCH",4,2,76,"void convert_unary<__half, float>(void const*, float*, long, long, long, HIP_vector_type<unsigned int, 3u>, long, long, long)",1924,16981920290170,16981920297726,0,0,256,1,1,212992,1,1
"KERNEL_DISPATCH",4,2,51,"void dequantize_block_iq3_s<__half>(void const*, __half*)",1925,16981920319652,16981920463656,0,0,32,1,1,1277952,1,1
"KERNEL_DISPATCH",4,2,64,"void convert_unary<float, __half>(void const*, __half*, long, long, long, HIP_vector_type<unsigned int, 3u>, long, long, long)",1926,16981920463656,16981920486471,0,0,256,1,1,786432,1,1
"KERNEL_DISPATCH",4,2,320,"Cijk_Alik_Bljk_HB_MT32x32x24_SN_1LDSB0_APM1_ABV0_ACED0_AF0EM2_AF1EM1_AMAS3_ASE_ASGT_ASLT_ASM_ASAE01_ASCE01_ASEM2_AAC0_BL1_BS1_CLR0_DTLA0_DTLB0_DTVA0_DTVB0_DVO0_ETSP_EPS1_ELFLR0_EMLL0_FSSC10_FL0_GLVWA4_GLVWB4_GRCGA1_GRCGB1_GRPM1_GRVW4_GSU1_GSUASB_GLS0_ISA900_IU1_K1_KLA_LBSPPA0_LBSPPB0_LPA0_LPB0_LDL1_LRVW4_LWPMn1_LDW0_FMA_MIAV0_MDA2_MO40_MMFGLC_MKFGSU256_NTA0_NTB0_NTC0_NTD0_NEPBS0_NLCA3_NLCB3_ONLL1_OPLV0_PK0_PAP0_PGR1_PLR1_PKA0_SIA1_SLW1_SS0_SU32_SUM0_SUS256_SCIUI1_SPO0_SRVW0_SSO0_SVW4_SNLL0_TSGRA0_TSGRB0_TT4_4_TLDS0_UMLDSA0_UMLDSB0_USFGRO0_VAW2_VS1_VW4_VWB4_VFLRP0_WSGRA0_WSGRB0_WS64_WG8_8_1_WGM8",1927,16981920486471,16981921248416,0,7168,64,1,1,3328,4,1
"KERNEL_DISPATCH",4,2,76,"void convert_unary<__half, float>(void const*, float*, long, long, long, HIP_vector_type<unsigned int, 3u>, long, long, long)",1928,16981921248416,16981921255379,0,0,256,1,1,212992,1,1
"KERNEL_DISPATCH",4,2,51,"void dequantize_block_iq3_s<__half>(void const*, __half*)",1929,16981921275824,16981921405308,0,0,32,1,1,1277952,1,1
"KERNEL_DISPATCH",4,2,64,"void convert_unary<float, __half>(void const*, __half*, long, long, long, HIP_vector_type<unsigned int, 3u>, long, long, long)",1930,16981921405308,16981921425605,0,0,256,1,1,786432,1,1
"KERNEL_DISPATCH",4,2,320,"Cijk_Alik_Bljk_HB_MT32x32x24_SN_1LDSB0_APM1_ABV0_ACED0_AF0EM2_AF1EM1_AMAS3_ASE_ASGT_ASLT_ASM_ASAE01_ASCE01_ASEM2_AAC0_BL1_BS1_CLR0_DTLA0_DTLB0_DTVA0_DTVB0_DVO0_ETSP_EPS1_ELFLR0_EMLL0_FSSC10_FL0_GLVWA4_GLVWB4_GRCGA1_GRCGB1_GRPM1_GRVW4_GSU1_GSUASB_GLS0_ISA900_IU1_K1_KLA_LBSPPA0_LBSPPB0_LPA0_LPB0_LDL1_LRVW4_LWPMn1_LDW0_FMA_MIAV0_MDA2_MO40_MMFGLC_MKFGSU256_NTA0_NTB0_NTC0_NTD0_NEPBS0_NLCA3_NLCB3_ONLL1_OPLV0_PK0_PAP0_PGR1_PLR1_PKA0_SIA1_SLW1_SS0_SU32_SUM0_SUS256_SCIUI1_SPO0_SRVW0_SSO0_SVW4_SNLL0_TSGRA0_TSGRB0_TT4_4_TLDS0_UMLDSA0_UMLDSB0_USFGRO0_VAW2_VS1_VW4_VWB4_VFLRP0_WSGRA0_WSGRB0_WS64_WG8_8_1_WGM8",1931,16981921425605,16981922063250,0,7168,64,1,1,3328,4,1
"KERNEL_DISPATCH",4,2,76,"void convert_unary<__half, float>(void const*, float*, long, long, long, HIP_vector_type<unsigned int, 3u>, long, long, long)",1932,16981922063250,16981922069769,0,0,256,1,1,212992,1,1
"KERNEL_DISPATCH",4,2,51,"void dequantize_block_iq3_s<__half>(void const*, __half*)",1933,16981922089621,16981922211106,0,0,32,1,1,1277952,1,1
"KERNEL_DISPATCH",4,2,64,"void convert_unary<float, __half>(void const*, __half*, long, long, long, HIP_vector_type<unsigned int, 3u>, long, long, long)",1934,16981922211106,16981922230810,0,0,256,1,1,786432,1,1
"KERNEL_DISPATCH",4,2,320,"Cijk_Alik_Bljk_HB_MT32x32x24_SN_1LDSB0_APM1_ABV0_ACED0_AF0EM2_AF1EM1_AMAS3_ASE_ASGT_ASLT_ASM_ASAE01_ASCE01_ASEM2_AAC0_BL1_BS1_CLR0_DTLA0_DTLB0_DTVA0_DTVB0_DVO0_ETSP_EPS1_ELFLR0_EMLL0_FSSC10_FL0_GLVWA4_GLVWB4_GRCGA1_GRCGB1_GRPM1_GRVW4_GSU1_GSUASB_GLS0_ISA900_IU1_K1_KLA_LBSPPA0_LBSPPB0_LPA0_LPB0_LDL1_LRVW4_LWPMn1_LDW0_FMA_MIAV0_MDA2_MO40_MMFGLC_MKFGSU256_NTA0_NTB0_NTC0_NTD0_NEPBS0_NLCA3_NLCB3_ONLL1_OPLV0_PK0_PAP0_PGR1_PLR1_PKA0_SIA1_SLW1_SS0_SU32_SUM0_SUS256_SCIUI1_SPO0_SRVW0_SSO0_SVW4_SNLL0_TSGRA0_TSGRB0_TT4_4_TLDS0_UMLDSA0_UMLDSB0_USFGRO0_VAW2_VS1_VW4_VWB4_VFLRP0_WSGRA0_WSGRB0_WS64_WG8_8_1_WGM8",1935,16981922230810,16981922897196,0,7168,64,1,1,3328,4,1
"KERNEL_DISPATCH",4,2,76,"void convert_unary<__half, float>(void const*, float*, long, long, long, HIP_vector_type<unsigned int, 3u>, long, long, long)",1936,16981922897196,16981922904011,0,0,256,1,1,212992,1,1
"KERNEL_DISPATCH",4,2,51,"void dequantize_block_iq3_s<__half>(void const*, __half*)",1937,16981922925197,16981923054830,0,0,32,1,1,1277952,1,1
"KERNEL_DISPATCH",4,2,64,"void convert_unary<float, __half>(void const*, __half*, long, long, long, HIP_vector_type<unsigned int, 3u>, long, long, long)",1938,16981923054830,16981923075719,0,0,256,1,1,786432,1,1
"KERNEL_DISPATCH",4,2,320,"Cijk_Alik_Bljk_HB_MT32x32x24_SN_1LDSB0_APM1_ABV0_ACED0_AF0EM2_AF1EM1_AMAS3_ASE_ASGT_ASLT_ASM_ASAE01_ASCE01_ASEM2_AAC0_BL1_BS1_CLR0_DTLA0_DTLB0_DTVA0_DTVB0_DVO0_ETSP_EPS1_ELFLR0_EMLL0_FSSC10_FL0_GLVWA4_GLVWB4_GRCGA1_GRCGB1_GRPM1_GRVW4_GSU1_GSUASB_GLS0_ISA900_IU1_K1_KLA_LBSPPA0_LBSPPB0_LPA0_LPB0_LDL1_LRVW4_LWPMn1_LDW0_FMA_MIAV0_MDA2_MO40_MMFGLC_MKFGSU256_NTA0_NTB0_NTC0_NTD0_NEPBS0_NLCA3_NLCB3_ONLL1_OPLV0_PK0_PAP0_PGR1_PLR1_PKA0_SIA1_SLW1_SS0_SU32_SUM0_SUS256_SCIUI1_SPO0_SRVW0_SSO0_SVW4_SNLL0_TSGRA0_TSGRB0_TT4_4_TLDS0_UMLDSA0_UMLDSB0_USFGRO0_VAW2_VS1_VW4_VWB4_VFLRP0_WSGRA0_WSGRB0_WS64_WG8_8_1_WGM8",1939,16981923075719,16981923778551,0,7168,64,1,1,3328,4,1
"KERNEL_DISPATCH",4,2,76,"void convert_unary<__half, float>(void const*, float*, long, long, long, HIP_vector_type<unsigned int, 3u>, long, long, long)",1940,16981923778551,16981923786255,0,0,256,1,1,212992,1,1
"KERNEL_DISPATCH",4,2,51,"void dequantize_block_iq3_s<__half>(void const*, __half*)",1941,16981923808626,16981923953222,0,0,32,1,1,1277952,1,1
"KERNEL_DISPATCH",4,2,64,"void convert_unary<float, __half>(void const*, __half*, long, long, long, HIP_vector_type<unsigned int, 3u>, long, long, long)",1942,16981923953222,16981923976185,0,0,256,1,1,786432,1,1
"KERNEL_DISPATCH",4,2,320,"Cijk_Alik_Bljk_HB_MT32x32x24_SN_1LDSB0_APM1_ABV0_ACED0_AF0EM2_AF1EM1_AMAS3_ASE_ASGT_ASLT_ASM_ASAE01_ASCE01_ASEM2_AAC0_BL1_BS1_CLR0_DTLA0_DTLB0_DTVA0_DTVB0_DVO0_ETSP_EPS1_ELFLR0_EMLL0_FSSC10_FL0_GLVWA4_GLVWB4_GRCGA1_GRCGB1_GRPM1_GRVW4_GSU1_GSUASB_GLS0_ISA900_IU1_K1_KLA_LBSPPA0_LBSPPB0_LPA0_LPB0_LDL1_LRVW4_LWPMn1_LDW0_FMA_MIAV0_MDA2_MO40_MMFGLC_MKFGSU256_NTA0_NTB0_NTC0_NTD0_NEPBS0_NLCA3_NLCB3_ONLL1_OPLV0_PK0_PAP0_PGR1_PLR1_PKA0_SIA1_SLW1_SS0_SU32_SUM0_SUS256_SCIUI1_SPO0_SRVW0_SSO0_SVW4_SNLL0_TSGRA0_TSGRB0_TT4_4_TLDS0_UMLDSA0_UMLDSB0_USFGRO0_VAW2_VS1_VW4_VWB4_VFLRP0_WSGRA0_WSGRB0_WS64_WG8_8_1_WGM8",1943,16981923976185,16981924813539,0,7168,64,1,1,3328,4,1
"KERNEL_DISPATCH",4,2,76,"void convert_unary<__half, float>(void const*, float*, long, long, long, HIP_vector_type<unsigned int, 3u>, long, long, long)",1944,16981924813539,16981924822280,0,0,256,1,1,212992,1,1
"KERNEL_DISPATCH",4,2,51,"void dequantize_block_iq3_s<__half>(void const*, __half*)",1945,16981924847318,16981925012655,0,0,32,1,1,1277952,1,1
"KERNEL_DISPATCH",4,2,64,"void convert_unary<float, __half>(void const*, __half*, long, long, long, HIP_vector_type<unsigned int, 3u>, long, long, long)",1946,16981925012655,16981925042878,0,0,256,1,1,786432,1,1
"KERNEL_DISPATCH",4,2,320,"Cijk_Alik_Bljk_HB_MT32x32x24_SN_1LDSB0_APM1_ABV0_ACED0_AF0EM2_AF1EM1_AMAS3_ASE_ASGT_ASLT_ASM_ASAE01_ASCE01_ASEM2_AAC0_BL1_BS1_CLR0_DTLA0_DTLB0_DTVA0_DTVB0_DVO0_ETSP_EPS1_ELFLR0_EMLL0_FSSC10_FL0_GLVWA4_GLVWB4_GRCGA1_GRCGB1_GRPM1_GRVW4_GSU1_GSUASB_GLS0_ISA900_IU1_K1_KLA_LBSPPA0_LBSPPB0_LPA0_LPB0_LDL1_LRVW4_LWPMn1_LDW0_FMA_MIAV0_MDA2_MO40_MMFGLC_MKFGSU256_NTA0_NTB0_NTC0_NTD0_NEPBS0_NLCA3_NLCB3_ONLL1_OPLV0_PK0_PAP0_PGR1_PLR1_PKA0_SIA1_SLW1_SS0_SU32_SUM0_SUS256_SCIUI1_SPO0_SRVW0_SSO0_SVW4_SNLL0_TSGRA0_TSGRB0_TT4_4_TLDS0_UMLDSA0_UMLDSB0_USFGRO0_VAW2_VS1_VW4_VWB4_VFLRP0_WSGRA0_WSGRB0_WS64_WG8_8_1_WGM8",1947,16981925042878,16981925869565,0,7168,64,1,1,3328,4,1
"KERNEL_DISPATCH",4,2,76,"void convert_unary<__half, float>(void const*, float*, long, long, long, HIP_vector_type<unsigned int, 3u>, long, long, long)",1948,16981925869565,16981925878306,0,0,256,1,1,212992,1,1
"KERNEL_DISPATCH",4,2,51,"void dequantize_block_iq3_s<__half>(void const*, __half*)",1949,16981925903788,16981926069421,0,0,32,1,1,1277952,1,1
"KERNEL_DISPATCH",4,2,64,"void convert_unary<float, __half>(void const*, __half*, long, long, long, HIP_vector_type<unsigned int, 3u>, long, long, long)",1950,16981926069421,16981926100681,0,0,256,1,1,786432,1,1
"KERNEL_DISPATCH",4,2,320,"Cijk_Alik_Bljk_HB_MT32x32x24_SN_1LDSB0_APM1_ABV0_ACED0_AF0EM2_AF1EM1_AMAS3_ASE_ASGT_ASLT_ASM_ASAE01_ASCE01_ASEM2_AAC0_BL1_BS1_CLR0_DTLA0_DTLB0_DTVA0_DTVB0_DVO0_ETSP_EPS1_ELFLR0_EMLL0_FSSC10_FL0_GLVWA4_GLVWB4_GRCGA1_GRCGB1_GRPM1_GRVW4_GSU1_GSUASB_GLS0_ISA900_IU1_K1_KLA_LBSPPA0_LBSPPB0_LPA0_LPB0_LDL1_LRVW4_LWPMn1_LDW0_FMA_MIAV0_MDA2_MO40_MMFGLC_MKFGSU256_NTA0_NTB0_NTC0_NTD0_NEPBS0_NLCA3_NLCB3_ONLL1_OPLV0_PK0_PAP0_PGR1_PLR1_PKA0_SIA1_SLW1_SS0_SU32_SUM0_SUS256_SCIUI1_SPO0_SRVW0_SSO0_SVW4_SNLL0_TSGRA0_TSGRB0_TT4_4_TLDS0_UMLDSA0_UMLDSB0_USFGRO0_VAW2_VS1_VW4_VWB4_VFLRP0_WSGRA0_WSGRB0_WS64_WG8_8_1_WGM8",1951,16981926100681,16981926875070,0,7168,64,1,1,3328,4,1
"KERNEL_DISPATCH",4,2,76,"void convert_unary<__half, float>(void const*, float*, long, long, long, HIP_vector_type<unsigned int, 3u>, long, long, long)",1952,16981926875070,16981926882774,0,0,256,1,1,212992,1,1
"KERNEL_DISPATCH",4,2,51,"void dequantize_block_iq3_s<__half>(void const*, __half*)",1953,16981926905293,16981927049445,0,0,32,1,1,1277952,1,1
"KERNEL_DISPATCH",4,2,64,"void convert_unary<float, __half>(void const*, __half*, long, long, long, HIP_vector_type<unsigned int, 3u>, long, long, long)",1954,16981927049445,16981927072112,0,0,256,1,1,786432,1,1
"KERNEL_DISPATCH",4,2,320,"Cijk_Alik_Bljk_HB_MT32x32x24_SN_1LDSB0_APM1_ABV0_ACED0_AF0EM2_AF1EM1_AMAS3_ASE_ASGT_ASLT_ASM_ASAE01_ASCE01_ASEM2_AAC0_BL1_BS1_CLR0_DTLA0_DTLB0_DTVA0_DTVB0_DVO0_ETSP_EPS1_ELFLR0_EMLL0_FSSC10_FL0_GLVWA4_GLVWB4_GRCGA1_GRCGB1_GRPM1_GRVW4_GSU1_GSUASB_GLS0_ISA900_IU1_K1_KLA_LBSPPA0_LBSPPB0_LPA0_LPB0_LDL1_LRVW4_LWPMn1_LDW0_FMA_MIAV0_MDA2_MO40_MMFGLC_MKFGSU256_NTA0_NTB0_NTC0_NTD0_NEPBS0_NLCA3_NLCB3_ONLL1_OPLV0_PK0_PAP0_PGR1_PLR1_PKA0_SIA1_SLW1_SS0_SU32_SUM0_SUS256_SCIUI1_SPO0_SRVW0_SSO0_SVW4_SNLL0_TSGRA0_TSGRB0_TT4_4_TLDS0_UMLDSA0_UMLDSB0_USFGRO0_VAW2_VS1_VW4_VWB4_VFLRP0_WSGRA0_WSGRB0_WS64_WG8_8_1_WGM8",1955,16981927072112,16981927687683,0,7168,64,1,1,3328,4,1
"KERNEL_DISPATCH",4,2,76,"void convert_unary<__half, float>(void const*, float*, long, long, long, HIP_vector_type<unsigned int, 3u>, long, long, long)",1956,16981927687683,16981927695090,0,0,256,1,1,212992,1,1
"KERNEL_DISPATCH",4,2,51,"void dequantize_block_iq3_s<__half>(void const*, __half*)",1957,16981927717609,16981927861465,0,0,32,1,1,1277952,1,1
"KERNEL_DISPATCH",4,2,64,"void convert_unary<float, __half>(void const*, __half*, long, long, long, HIP_vector_type<unsigned int, 3u>, long, long, long)",1958,16981927861465,16981927883984,0,0,256,1,1,786432,1,1
"KERNEL_DISPATCH",4,2,320,"Cijk_Alik_Bljk_HB_MT32x32x24_SN_1LDSB0_APM1_ABV0_ACED0_AF0EM2_AF1EM1_AMAS3_ASE_ASGT_ASLT_ASM_ASAE01_ASCE01_ASEM2_AAC0_BL1_BS1_CLR0_DTLA0_DTLB0_DTVA0_DTVB0_DVO0_ETSP_EPS1_ELFLR0_EMLL0_FSSC10_FL0_GLVWA4_GLVWB4_GRCGA1_GRCGB1_GRPM1_GRVW4_GSU1_GSUASB_GLS0_ISA900_IU1_K1_KLA_LBSPPA0_LBSPPB0_LPA0_LPB0_LDL1_LRVW4_LWPMn1_LDW0_FMA_MIAV0_MDA2_MO40_MMFGLC_MKFGSU256_NTA0_NTB0_NTC0_NTD0_NEPBS0_NLCA3_NLCB3_ONLL1_OPLV0_PK0_PAP0_PGR1_PLR1_PKA0_SIA1_SLW1_SS0_SU32_SUM0_SUS256_SCIUI1_SPO0_SRVW0_SSO0_SVW4_SNLL0_TSGRA0_TSGRB0_TT4_4_TLDS0_UMLDSA0_UMLDSB0_USFGRO0_VAW2_VS1_VW4_VWB4_VFLRP0_WSGRA0_WSGRB0_WS64_WG8_8_1_WGM8",1959,16981927883984,16981928729782,0,7168,64,1,1,3328,4,1
"KERNEL_DISPATCH",4,2,76,"void convert_unary<__half, float>(void const*, float*, long, long, long, HIP_vector_type<unsigned int, 3u>, long, long, long)",1960,16981928729782,16981928737338,0,0,256,1,1,212992,1,1
"KERNEL_DISPATCH",4,2,51,"void dequantize_block_iq3_s<__half>(void const*, __half*)",1961,16981928759264,16981928903416,0,0,32,1,1,1277952,1,1
"KERNEL_DISPATCH",4,2,64,"void convert_unary<float, __half>(void const*, __half*, long, long, long, HIP_vector_type<unsigned int, 3u>, long, long, long)",1962,16981928903416,16981928926379,0,0,256,1,1,786432,1,1
"KERNEL_DISPATCH",4,2,320,"Cijk_Alik_Bljk_HB_MT32x32x24_SN_1LDSB0_APM1_ABV0_ACED0_AF0EM2_AF1EM1_AMAS3_ASE_ASGT_ASLT_ASM_ASAE01_ASCE01_ASEM2_AAC0_BL1_BS1_CLR0_DTLA0_DTLB0_DTVA0_DTVB0_DVO0_ETSP_EPS1_ELFLR0_EMLL0_FSSC10_FL0_GLVWA4_GLVWB4_GRCGA1_GRCGB1_GRPM1_GRVW4_GSU1_GSUASB_GLS0_ISA900_IU1_K1_KLA_LBSPPA0_LBSPPB0_LPA0_LPB0_LDL1_LRVW4_LWPMn1_LDW0_FMA_MIAV0_MDA2_MO40_MMFGLC_MKFGSU256_NTA0_NTB0_NTC0_NTD0_NEPBS0_NLCA3_NLCB3_ONLL1_OPLV0_PK0_PAP0_PGR1_PLR1_PKA0_SIA1_SLW1_SS0_SU32_SUM0_SUS256_SCIUI1_SPO0_SRVW0_SSO0_SVW4_SNLL0_TSGRA0_TSGRB0_TT4_4_TLDS0_UMLDSA0_UMLDSB0_USFGRO0_VAW2_VS1_VW4_VWB4_VFLRP0_WSGRA0_WSGRB0_WS64_WG8_8_1_WGM8",1963,16981928926379,16981929665657,0,7168,64,1,1,3328,4,1
"KERNEL_DISPATCH",4,2,76,"void convert_unary<__half, float>(void const*, float*, long, long, long, HIP_vector_type<unsigned int, 3u>, long, long, long)",1964,16981929665657,16981929673361,0,0,256,1,1,212992,1,1
"KERNEL_DISPATCH",4,2,51,"void dequantize_block_iq3_s<__half>(void const*, __half*)",1965,16981929696324,16981929840031,0,0,32,1,1,1277952,1,1
"KERNEL_DISPATCH",4,2,64,"void convert_unary<float, __half>(void const*, __half*, long, long, long, HIP_vector_type<unsigned int, 3u>, long, long, long)",1966,16981929840031,16981929862995,0,0,256,1,1,786432,1,1
"KERNEL_DISPATCH",4,2,320,"Cijk_Alik_Bljk_HB_MT32x32x24_SN_1LDSB0_APM1_ABV0_ACED0_AF0EM2_AF1EM1_AMAS3_ASE_ASGT_ASLT_ASM_ASAE01_ASCE01_ASEM2_AAC0_BL1_BS1_CLR0_DTLA0_DTLB0_DTVA0_DTVB0_DVO0_ETSP_EPS1_ELFLR0_EMLL0_FSSC10_FL0_GLVWA4_GLVWB4_GRCGA1_GRCGB1_GRPM1_GRVW4_GSU1_GSUASB_GLS0_ISA900_IU1_K1_KLA_LBSPPA0_LBSPPB0_LPA0_LPB0_LDL1_LRVW4_LWPMn1_LDW0_FMA_MIAV0_MDA2_MO40_MMFGLC_MKFGSU256_NTA0_NTB0_NTC0_NTD0_NEPBS0_NLCA3_NLCB3_ONLL1_OPLV0_PK0_PAP0_PGR1_PLR1_PKA0_SIA1_SLW1_SS0_SU32_SUM0_SUS256_SCIUI1_SPO0_SRVW0_SSO0_SVW4_SNLL0_TSGRA0_TSGRB0_TT4_4_TLDS0_UMLDSA0_UMLDSB0_USFGRO0_VAW2_VS1_VW4_VWB4_VFLRP0_WSGRA0_WSGRB0_WS64_WG8_8_1_WGM8",1967,16981929862995,16981930640199,0,7168,64,1,1,3328,4,1
"KERNEL_DISPATCH",4,2,76,"void convert_unary<__half, float>(void const*, float*, long, long, long, HIP_vector_type<unsigned int, 3u>, long, long, long)",1968,16981930640199,16981930649088,0,0,256,1,1,212992,1,1
"KERNEL_DISPATCH",4,2,51,"void dequantize_block_iq3_s<__half>(void const*, __half*)",1969,16981930673829,16981930839463,0,0,32,1,1,1277952,1,1
"KERNEL_DISPATCH",4,2,64,"void convert_unary<float, __half>(void const*, __half*, long, long, long, HIP_vector_type<unsigned int, 3u>, long, long, long)",1970,16981930839463,16981930870130,0,0,256,1,1,786432,1,1
"KERNEL_DISPATCH",4,2,76,"void convert_unary<__half, float>(void const*, float*, long, long, long, HIP_vector_type<unsigned int, 3u>, long, long, long)",1972,16981931837709,16981931846450,0,0,256,1,1,212992,1,1
"KERNEL_DISPATCH",4,2,320,"Cijk_Alik_Bljk_HB_MT32x32x24_SN_1LDSB0_APM1_ABV0_ACED0_AF0EM2_AF1EM1_AMAS3_ASE_ASGT_ASLT_ASM_ASAE01_ASCE01_ASEM2_AAC0_BL1_BS1_CLR0_DTLA0_DTLB0_DTVA0_DTVB0_DVO0_ETSP_EPS1_ELFLR0_EMLL0_FSSC10_FL0_GLVWA4_GLVWB4_GRCGA1_GRCGB1_GRPM1_GRVW4_GSU1_GSUASB_GLS0_ISA900_IU1_K1_KLA_LBSPPA0_LBSPPB0_LPA0_LPB0_LDL1_LRVW4_LWPMn1_LDW0_FMA_MIAV0_MDA2_MO40_MMFGLC_MKFGSU256_NTA0_NTB0_NTC0_NTD0_NEPBS0_NLCA3_NLCB3_ONLL1_OPLV0_PK0_PAP0_PGR1_PLR1_PKA0_SIA1_SLW1_SS0_SU32_SUM0_SUS256_SCIUI1_SPO0_SRVW0_SSO0_SVW4_SNLL0_TSGRA0_TSGRB0_TT4_4_TLDS0_UMLDSA0_UMLDSB0_USFGRO0_VAW2_VS1_VW4_VWB4_VFLRP0_WSGRA0_WSGRB0_WS64_WG8_8_1_WGM8",1971,16981930870130,16981931837709,0,7168,64,1,1,3328,4,1
"KERNEL_DISPATCH",4,2,51,"void dequantize_block_iq3_s<__half>(void const*, __half*)",1973,16981931871784,16981932037270,0,0,32,1,1,1277952,1,1
"KERNEL_DISPATCH",4,2,64,"void convert_unary<float, __half>(void const*, __half*, long, long, long, HIP_vector_type<unsigned int, 3u>, long, long, long)",1974,16981932037270,16981932068530,0,0,256,1,1,786432,1,1
"KERNEL_DISPATCH",4,2,76,"void convert_unary<__half, float>(void const*, float*, long, long, long, HIP_vector_type<unsigned int, 3u>, long, long, long)",1976,16981932807511,16981932815214,0,0,256,1,1,212992,1,1
"KERNEL_DISPATCH",4,2,320,"Cijk_Alik_Bljk_HB_MT32x32x24_SN_1LDSB0_APM1_ABV0_ACED0_AF0EM2_AF1EM1_AMAS3_ASE_ASGT_ASLT_ASM_ASAE01_ASCE01_ASEM2_AAC0_BL1_BS1_CLR0_DTLA0_DTLB0_DTVA0_DTVB0_DVO0_ETSP_EPS1_ELFLR0_EMLL0_FSSC10_FL0_GLVWA4_GLVWB4_GRCGA1_GRCGB1_GRPM1_GRVW4_GSU1_GSUASB_GLS0_ISA900_IU1_K1_KLA_LBSPPA0_LBSPPB0_LPA0_LPB0_LDL1_LRVW4_LWPMn1_LDW0_FMA_MIAV0_MDA2_MO40_MMFGLC_MKFGSU256_NTA0_NTB0_NTC0_NTD0_NEPBS0_NLCA3_NLCB3_ONLL1_OPLV0_PK0_PAP0_PGR1_PLR1_PKA0_SIA1_SLW1_SS0_SU32_SUM0_SUS256_SCIUI1_SPO0_SRVW0_SSO0_SVW4_SNLL0_TSGRA0_TSGRB0_TT4_4_TLDS0_UMLDSA0_UMLDSB0_USFGRO0_VAW2_VS1_VW4_VWB4_VFLRP0_WSGRA0_WSGRB0_WS64_WG8_8_1_WGM8",1975,16981932068530,16981932807511,0,7168,64,1,1,3328,4,1
"KERNEL_DISPATCH",4,2,51,"void dequantize_block_iq3_s<__half>(void const*, __half*)",1977,16981932837289,16981932980996,0,0,32,1,1,1277952,1,1
"KERNEL_DISPATCH",4,2,64,"void convert_unary<float, __half>(void const*, __half*, long, long, long, HIP_vector_type<unsigned int, 3u>, long, long, long)",1978,16981932980996,16981933003960,0,0,256,1,1,786432,1,1
"KERNEL_DISPATCH",4,2,76,"void convert_unary<__half, float>(void const*, float*, long, long, long, HIP_vector_type<unsigned int, 3u>, long, long, long)",1980,16981933703829,16981933711384,0,0,256,1,1,212992,1,1
"KERNEL_DISPATCH",4,2,320,"Cijk_Alik_Bljk_HB_MT32x32x24_SN_1LDSB0_APM1_ABV0_ACED0_AF0EM2_AF1EM1_AMAS3_ASE_ASGT_ASLT_ASM_ASAE01_ASCE01_ASEM2_AAC0_BL1_BS1_CLR0_DTLA0_DTLB0_DTVA0_DTVB0_DVO0_ETSP_EPS1_ELFLR0_EMLL0_FSSC10_FL0_GLVWA4_GLVWB4_GRCGA1_GRCGB1_GRPM1_GRVW4_GSU1_GSUASB_GLS0_ISA900_IU1_K1_KLA_LBSPPA0_LBSPPB0_LPA0_LPB0_LDL1_LRVW4_LWPMn1_LDW0_FMA_MIAV0_MDA2_MO40_MMFGLC_MKFGSU256_NTA0_NTB0_NTC0_NTD0_NEPBS0_NLCA3_NLCB3_ONLL1_OPLV0_PK0_PAP0_PGR1_PLR1_PKA0_SIA1_SLW1_SS0_SU32_SUM0_SUS256_SCIUI1_SPO0_SRVW0_SSO0_SVW4_SNLL0_TSGRA0_TSGRB0_TT4_4_TLDS0_UMLDSA0_UMLDSB0_USFGRO0_VAW2_VS1_VW4_VWB4_VFLRP0_WSGRA0_WSGRB0_WS64_WG8_8_1_WGM8",1979,16981933003960,16981933703829,0,7168,64,1,1,3328,4,1
"KERNEL_DISPATCH",4,2,51,"void dequantize_block_iq3_s<__half>(void const*, __half*)",1981,16981933734052,16981933878055,0,0,32,1,1,1277952,1,1
"KERNEL_DISPATCH",4,2,64,"void convert_unary<float, __half>(void const*, __half*, long, long, long, HIP_vector_type<unsigned int, 3u>, long, long, long)",1982,16981933878055,16981933900722,0,0,256,1,1,786432,1,1
"KERNEL_DISPATCH",4,2,320,"Cijk_Alik_Bljk_HB_MT32x32x24_SN_1LDSB0_APM1_ABV0_ACED0_AF0EM2_AF1EM1_AMAS3_ASE_ASGT_ASLT_ASM_ASAE01_ASCE01_ASEM2_AAC0_BL1_BS1_CLR0_DTLA0_DTLB0_DTVA0_DTVB0_DVO0_ETSP_EPS1_ELFLR0_EMLL0_FSSC10_FL0_GLVWA4_GLVWB4_GRCGA1_GRCGB1_GRPM1_GRVW4_GSU1_GSUASB_GLS0_ISA900_IU1_K1_KLA_LBSPPA0_LBSPPB0_LPA0_LPB0_LDL1_LRVW4_LWPMn1_LDW0_FMA_MIAV0_MDA2_MO40_MMFGLC_MKFGSU256_NTA0_NTB0_NTC0_NTD0_NEPBS0_NLCA3_NLCB3_ONLL1_OPLV0_PK0_PAP0_PGR1_PLR1_PKA0_SIA1_SLW1_SS0_SU32_SUM0_SUS256_SCIUI1_SPO0_SRVW0_SSO0_SVW4_SNLL0_TSGRA0_TSGRB0_TT4_4_TLDS0_UMLDSA0_UMLDSB0_USFGRO0_VAW2_VS1_VW4_VWB4_VFLRP0_WSGRA0_WSGRB0_WS64_WG8_8_1_WGM8",1983,16981933900722,16981934731261,0,7168,64,1,1,3328,4,1
"KERNEL_DISPATCH",4,2,76,"void convert_unary<__half, float>(void const*, float*, long, long, long, HIP_vector_type<unsigned int, 3u>, long, long, long)",1984,16981934731261,16981934738817,0,0,256,1,1,212992,1,1
"KERNEL_DISPATCH",4,2,51,"void dequantize_block_iq3_s<__half>(void const*, __half*)",1985,16981934760891,16981934904747,0,0,32,1,1,1277952,1,1
"KERNEL_DISPATCH",4,2,64,"void convert_unary<float, __half>(void const*, __half*, long, long, long, HIP_vector_type<unsigned int, 3u>, long, long, long)",1986,16981934904747,16981934927562,0,0,256,1,1,786432,1,1
"KERNEL_DISPATCH",4,2,320,"Cijk_Alik_Bljk_HB_MT32x32x24_SN_1LDSB0_APM1_ABV0_ACED0_AF0EM2_AF1EM1_AMAS3_ASE_ASGT_ASLT_ASM_ASAE01_ASCE01_ASEM2_AAC0_BL1_BS1_CLR0_DTLA0_DTLB0_DTVA0_DTVB0_DVO0_ETSP_EPS1_ELFLR0_EMLL0_FSSC10_FL0_GLVWA4_GLVWB4_GRCGA1_GRCGB1_GRPM1_GRVW4_GSU1_GSUASB_GLS0_ISA900_IU1_K1_KLA_LBSPPA0_LBSPPB0_LPA0_LPB0_LDL1_LRVW4_LWPMn1_LDW0_FMA_MIAV0_MDA2_MO40_MMFGLC_MKFGSU256_NTA0_NTB0_NTC0_NTD0_NEPBS0_NLCA3_NLCB3_ONLL1_OPLV0_PK0_PAP0_PGR1_PLR1_PKA0_SIA1_SLW1_SS0_SU32_SUM0_SUS256_SCIUI1_SPO0_SRVW0_SSO0_SVW4_SNLL0_TSGRA0_TSGRB0_TT4_4_TLDS0_UMLDSA0_UMLDSB0_USFGRO0_VAW2_VS1_VW4_VWB4_VFLRP0_WSGRA0_WSGRB0_WS64_WG8_8_1_WGM8",1987,16981934927562,16981935621801,0,7168,64,1,1,3328,4,1
"KERNEL_DISPATCH",4,2,76,"void convert_unary<__half, float>(void const*, float*, long, long, long, HIP_vector_type<unsigned int, 3u>, long, long, long)",1988,16981935621801,16981935629505,0,0,256,1,1,212992,1,1
"KERNEL_DISPATCH",4,2,51,"void dequantize_block_iq3_s<__half>(void const*, __half*)",1989,16981935651580,16981935795435,0,0,32,1,1,1277952,1,1
"KERNEL_DISPATCH",4,2,64,"void convert_unary<float, __half>(void const*, __half*, long, long, long, HIP_vector_type<unsigned int, 3u>, long, long, long)",1990,16981935795435,16981935818250,0,0,256,1,1,786432,1,1
"KERNEL_DISPATCH",4,2,320,"Cijk_Alik_Bljk_HB_MT32x32x24_SN_1LDSB0_APM1_ABV0_ACED0_AF0EM2_AF1EM1_AMAS3_ASE_ASGT_ASLT_ASM_ASAE01_ASCE01_ASEM2_AAC0_BL1_BS1_CLR0_DTLA0_DTLB0_DTVA0_DTVB0_DVO0_ETSP_EPS1_ELFLR0_EMLL0_FSSC10_FL0_GLVWA4_GLVWB4_GRCGA1_GRCGB1_GRPM1_GRVW4_GSU1_GSUASB_GLS0_ISA900_IU1_K1_KLA_LBSPPA0_LBSPPB0_LPA0_LPB0_LDL1_LRVW4_LWPMn1_LDW0_FMA_MIAV0_MDA2_MO40_MMFGLC_MKFGSU256_NTA0_NTB0_NTC0_NTD0_NEPBS0_NLCA3_NLCB3_ONLL1_OPLV0_PK0_PAP0_PGR1_PLR1_PKA0_SIA1_SLW1_SS0_SU32_SUM0_SUS256_SCIUI1_SPO0_SRVW0_SSO0_SVW4_SNLL0_TSGRA0_TSGRB0_TT4_4_TLDS0_UMLDSA0_UMLDSB0_USFGRO0_VAW2_VS1_VW4_VWB4_VFLRP0_WSGRA0_WSGRB0_WS64_WG8_8_1_WGM8",1991,16981935818250,16981936605825,0,7168,64,1,1,3328,4,1
"KERNEL_DISPATCH",4,2,76,"void convert_unary<__half, float>(void const*, float*, long, long, long, HIP_vector_type<unsigned int, 3u>, long, long, long)",1992,16981936605825,16981936613381,0,0,256,1,1,212992,1,1
"KERNEL_DISPATCH",4,2,51,"void dequantize_block_iq3_s<__half>(void const*, __half*)",1993,16981936635307,16981936779755,0,0,32,1,1,1277952,1,1
"KERNEL_DISPATCH",4,2,64,"void convert_unary<float, __half>(void const*, __half*, long, long, long, HIP_vector_type<unsigned int, 3u>, long, long, long)",1994,16981936779755,16981936803015,0,0,256,1,1,786432,1,1
"KERNEL_DISPATCH",4,2,320,"Cijk_Alik_Bljk_HB_MT32x32x24_SN_1LDSB0_APM1_ABV0_ACED0_AF0EM2_AF1EM1_AMAS3_ASE_ASGT_ASLT_ASM_ASAE01_ASCE01_ASEM2_AAC0_BL1_BS1_CLR0_DTLA0_DTLB0_DTVA0_DTVB0_DVO0_ETSP_EPS1_ELFLR0_EMLL0_FSSC10_FL0_GLVWA4_GLVWB4_GRCGA1_GRCGB1_GRPM1_GRVW4_GSU1_GSUASB_GLS0_ISA900_IU1_K1_KLA_LBSPPA0_LBSPPB0_LPA0_LPB0_LDL1_LRVW4_LWPMn1_LDW0_FMA_MIAV0_MDA2_MO40_MMFGLC_MKFGSU256_NTA0_NTB0_NTC0_NTD0_NEPBS0_NLCA3_NLCB3_ONLL1_OPLV0_PK0_PAP0_PGR1_PLR1_PKA0_SIA1_SLW1_SS0_SU32_SUM0_SUS256_SCIUI1_SPO0_SRVW0_SSO0_SVW4_SNLL0_TSGRA0_TSGRB0_TT4_4_TLDS0_UMLDSA0_UMLDSB0_USFGRO0_VAW2_VS1_VW4_VWB4_VFLRP0_WSGRA0_WSGRB0_WS64_WG8_8_1_WGM8",1995,16981936803015,16981937602738,0,7168,64,1,1,3328,4,1
"KERNEL_DISPATCH",4,2,76,"void convert_unary<__half, float>(void const*, float*, long, long, long, HIP_vector_type<unsigned int, 3u>, long, long, long)",1996,16981937602738,16981937611775,0,0,256,1,1,212992,1,1
"KERNEL_DISPATCH",4,2,51,"void dequantize_block_iq3_s<__half>(void const*, __half*)",1997,16981937636220,16981937801558,0,0,32,1,1,1277952,1,1
"KERNEL_DISPATCH",4,2,64,"void convert_unary<float, __half>(void const*, __half*, long, long, long, HIP_vector_type<unsigned int, 3u>, long, long, long)",1998,16981937801558,16981937832225,0,0,256,1,1,786432,1,1
"KERNEL_DISPATCH",4,2,76,"void convert_unary<__half, float>(void const*, float*, long, long, long, HIP_vector_type<unsigned int, 3u>, long, long, long)",2000,16981938904992,16981938948548,0,0,256,1,1,212992,1,1
"KERNEL_DISPATCH",4,2,320,"Cijk_Alik_Bljk_HB_MT32x32x24_SN_1LDSB0_APM1_ABV0_ACED0_AF0EM2_AF1EM1_AMAS3_ASE_ASGT_ASLT_ASM_ASAE01_ASCE01_ASEM2_AAC0_BL1_BS1_CLR0_DTLA0_DTLB0_DTVA0_DTVB0_DVO0_ETSP_EPS1_ELFLR0_EMLL0_FSSC10_FL0_GLVWA4_GLVWB4_GRCGA1_GRCGB1_GRPM1_GRVW4_GSU1_GSUASB_GLS0_ISA900_IU1_K1_KLA_LBSPPA0_LBSPPB0_LPA0_LPB0_LDL1_LRVW4_LWPMn1_LDW0_FMA_MIAV0_MDA2_MO40_MMFGLC_MKFGSU256_NTA0_NTB0_NTC0_NTD0_NEPBS0_NLCA3_NLCB3_ONLL1_OPLV0_PK0_PAP0_PGR1_PLR1_PKA0_SIA1_SLW1_SS0_SU32_SUM0_SUS256_SCIUI1_SPO0_SRVW0_SSO0_SVW4_SNLL0_TSGRA0_TSGRB0_TT4_4_TLDS0_UMLDSA0_UMLDSB0_USFGRO0_VAW2_VS1_VW4_VWB4_VFLRP0_WSGRA0_WSGRB0_WS64_WG8_8_1_WGM8",1999,16981937832225,16981938904992,0,7168,64,1,1,3328,4,1
"KERNEL_DISPATCH",4,2,51,"void dequantize_block_iq3_s<__half>(void const*, __half*)",2001,16981938971808,16981939115664,0,0,32,1,1,1277952,1,1
"KERNEL_DISPATCH",4,2,64,"void convert_unary<float, __half>(void const*, __half*, long, long, long, HIP_vector_type<unsigned int, 3u>, long, long, long)",2002,16981939115664,16981939138627,0,0,256,1,1,786432,1,1
"KERNEL_DISPATCH",4,2,320,"Cijk_Alik_Bljk_HB_MT32x32x24_SN_1LDSB0_APM1_ABV0_ACED0_AF0EM2_AF1EM1_AMAS3_ASE_ASGT_ASLT_ASM_ASAE01_ASCE01_ASEM2_AAC0_BL1_BS1_CLR0_DTLA0_DTLB0_DTVA0_DTVB0_DVO0_ETSP_EPS1_ELFLR0_EMLL0_FSSC10_FL0_GLVWA4_GLVWB4_GRCGA1_GRCGB1_GRPM1_GRVW4_GSU1_GSUASB_GLS0_ISA900_IU1_K1_KLA_LBSPPA0_LBSPPB0_LPA0_LPB0_LDL1_LRVW4_LWPMn1_LDW0_FMA_MIAV0_MDA2_MO40_MMFGLC_MKFGSU256_NTA0_NTB0_NTC0_NTD0_NEPBS0_NLCA3_NLCB3_ONLL1_OPLV0_PK0_PAP0_PGR1_PLR1_PKA0_SIA1_SLW1_SS0_SU32_SUM0_SUS256_SCIUI1_SPO0_SRVW0_SSO0_SVW4_SNLL0_TSGRA0_TSGRB0_TT4_4_TLDS0_UMLDSA0_UMLDSB0_USFGRO0_VAW2_VS1_VW4_VWB4_VFLRP0_WSGRA0_WSGRB0_WS64_WG8_8_1_WGM8",2003,16981939138627,16981939828125,0,7168,64,1,1,3328,4,1
"KERNEL_DISPATCH",4,2,76,"void convert_unary<__half, float>(void const*, float*, long, long, long, HIP_vector_type<unsigned int, 3u>, long, long, long)",2004,16981939828125,16981939835977,0,0,256,1,1,212992,1,1
"KERNEL_DISPATCH",4,2,51,"void dequantize_block_iq3_s<__half>(void const*, __half*)",2005,16981939859385,16981940003241,0,0,32,1,1,1277952,1,1
"KERNEL_DISPATCH",4,2,64,"void convert_unary<float, __half>(void const*, __half*, long, long, long, HIP_vector_type<unsigned int, 3u>, long, long, long)",2006,16981940003241,16981940025760,0,0,256,1,1,786432,1,1
"KERNEL_DISPATCH",4,2,76,"void convert_unary<__half, float>(void const*, float*, long, long, long, HIP_vector_type<unsigned int, 3u>, long, long, long)",2008,16981940799112,16981940806816,0,0,256,1,1,212992,1,1
"KERNEL_DISPATCH",4,2,320,"Cijk_Alik_Bljk_HB_MT32x32x24_SN_1LDSB0_APM1_ABV0_ACED0_AF0EM2_AF1EM1_AMAS3_ASE_ASGT_ASLT_ASM_ASAE01_ASCE01_ASEM2_AAC0_BL1_BS1_CLR0_DTLA0_DTLB0_DTVA0_DTVB0_DVO0_ETSP_EPS1_ELFLR0_EMLL0_FSSC10_FL0_GLVWA4_GLVWB4_GRCGA1_GRCGB1_GRPM1_GRVW4_GSU1_GSUASB_GLS0_ISA900_IU1_K1_KLA_LBSPPA0_LBSPPB0_LPA0_LPB0_LDL1_LRVW4_LWPMn1_LDW0_FMA_MIAV0_MDA2_MO40_MMFGLC_MKFGSU256_NTA0_NTB0_NTC0_NTD0_NEPBS0_NLCA3_NLCB3_ONLL1_OPLV0_PK0_PAP0_PGR1_PLR1_PKA0_SIA1_SLW1_SS0_SU32_SUM0_SUS256_SCIUI1_SPO0_SRVW0_SSO0_SVW4_SNLL0_TSGRA0_TSGRB0_TT4_4_TLDS0_UMLDSA0_UMLDSB0_USFGRO0_VAW2_VS1_VW4_VWB4_VFLRP0_WSGRA0_WSGRB0_WS64_WG8_8_1_WGM8",2007,16981940025760,16981940799112,0,7168,64,1,1,3328,4,1
"KERNEL_DISPATCH",4,2,51,"void dequantize_block_iq3_s<__half>(void const*, __half*)",2009,16981940830964,16981940975116,0,0,32,1,1,1277952,1,1
"KERNEL_DISPATCH",4,2,64,"void convert_unary<float, __half>(void const*, __half*, long, long, long, HIP_vector_type<unsigned int, 3u>, long, long, long)",2010,16981940975116,16981940997931,0,0,256,1,1,786432,1,1
"KERNEL_DISPATCH",4,2,320,"Cijk_Alik_Bljk_HB_MT32x32x24_SN_1LDSB0_APM1_ABV0_ACED0_AF0EM2_AF1EM1_AMAS3_ASE_ASGT_ASLT_ASM_ASAE01_ASCE01_ASEM2_AAC0_BL1_BS1_CLR0_DTLA0_DTLB0_DTVA0_DTVB0_DVO0_ETSP_EPS1_ELFLR0_EMLL0_FSSC10_FL0_GLVWA4_GLVWB4_GRCGA1_GRCGB1_GRPM1_GRVW4_GSU1_GSUASB_GLS0_ISA900_IU1_K1_KLA_LBSPPA0_LBSPPB0_LPA0_LPB0_LDL1_LRVW4_LWPMn1_LDW0_FMA_MIAV0_MDA2_MO40_MMFGLC_MKFGSU256_NTA0_NTB0_NTC0_NTD0_NEPBS0_NLCA3_NLCB3_ONLL1_OPLV0_PK0_PAP0_PGR1_PLR1_PKA0_SIA1_SLW1_SS0_SU32_SUM0_SUS256_SCIUI1_SPO0_SRVW0_SSO0_SVW4_SNLL0_TSGRA0_TSGRB0_TT4_4_TLDS0_UMLDSA0_UMLDSB0_USFGRO0_VAW2_VS1_VW4_VWB4_VFLRP0_WSGRA0_WSGRB0_WS64_WG8_8_1_WGM8",2011,16981940997931,16981941837063,0,7168,64,1,1,3328,4,1
"KERNEL_DISPATCH",4,2,76,"void convert_unary<__half, float>(void const*, float*, long, long, long, HIP_vector_type<unsigned int, 3u>, long, long, long)",2012,16981941837063,16981941844470,0,0,256,1,1,212992,1,1
"KERNEL_DISPATCH",4,2,51,"void dequantize_block_iq3_s<__half>(void const*, __half*)",2013,16981941866693,16981942010697,0,0,32,1,1,1277952,1,1
"KERNEL_DISPATCH",4,2,64,"void convert_unary<float, __half>(void const*, __half*, long, long, long, HIP_vector_type<unsigned int, 3u>, long, long, long)",2014,16981942010697,16981942033364,0,0,256,1,1,786432,1,1
"KERNEL_DISPATCH",4,2,320,"Cijk_Alik_Bljk_HB_MT32x32x24_SN_1LDSB0_APM1_ABV0_ACED0_AF0EM2_AF1EM1_AMAS3_ASE_ASGT_ASLT_ASM_ASAE01_ASCE01_ASEM2_AAC0_BL1_BS1_CLR0_DTLA0_DTLB0_DTVA0_DTVB0_DVO0_ETSP_EPS1_ELFLR0_EMLL0_FSSC10_FL0_GLVWA4_GLVWB4_GRCGA1_GRCGB1_GRPM1_GRVW4_GSU1_GSUASB_GLS0_ISA900_IU1_K1_KLA_LBSPPA0_LBSPPB0_LPA0_LPB0_LDL1_LRVW4_LWPMn1_LDW0_FMA_MIAV0_MDA2_MO40_MMFGLC_MKFGSU256_NTA0_NTB0_NTC0_NTD0_NEPBS0_NLCA3_NLCB3_ONLL1_OPLV0_PK0_PAP0_PGR1_PLR1_PKA0_SIA1_SLW1_SS0_SU32_SUM0_SUS256_SCIUI1_SPO0_SRVW0_SSO0_SVW4_SNLL0_TSGRA0_TSGRB0_TT4_4_TLDS0_UMLDSA0_UMLDSB0_USFGRO0_VAW2_VS1_VW4_VWB4_VFLRP0_WSGRA0_WSGRB0_WS64_WG8_8_1_WGM8",2015,16981942033364,16981942804197,0,7168,64,1,1,3328,4,1
"KERNEL_DISPATCH",4,2,76,"void convert_unary<__half, float>(void const*, float*, long, long, long, HIP_vector_type<unsigned int, 3u>, long, long, long)",2016,16981942804197,16981942812790,0,0,256,1,1,212992,1,1
"KERNEL_DISPATCH",4,2,51,"void dequantize_block_iq3_s<__half>(void const*, __half*)",2017,16982242190467,16982242209578,0,0,32,1,1,163840,1,1
"KERNEL_DISPATCH",4,2,64,"void convert_unary<float, __half>(void const*, __half*, long, long, long, HIP_vector_type<unsigned int, 3u>, long, long, long)",2018,16982242209578,16982242230170,0,0,256,1,1,655360,1,1
"KERNEL_DISPATCH",4,2,285,"Cijk_Alik_Bljk_HB_MT16x16x24_SN_1LDSB0_APM1_ABV0_ACED0_AF0EM2_AF1EM1_AMAS3_ASE_ASGT_ASLT_ASM_ASAE01_ASCE01_ASEM2_AAC0_BL1_BS1_CLR0_DTLA0_DTLB0_DTVA0_DTVB0_DVO0_ETSP_EPS1_ELFLR0_EMLL0_FSSC10_FL0_GLVWA2_GLVWB2_GRCGA1_GRCGB1_GRPM1_GRVW2_GSU1_GSUASB_GLS0_ISA900_IU1_K1_KLA_LBSPPA0_LBSPPB0_LPA0_LPB0_LDL1_LRVW2_LWPMn1_LDW0_FMA_MIAV0_MDA2_MO40_MMFGLC_MKFGSU256_NTA0_NTB0_NTC0_NTD0_NEPBS0_NLCA3_NLCB3_ONLL1_OPLV0_PK0_PAP0_PGR1_PLR1_PKA0_SIA1_SLW1_SS0_SU32_SUM0_SUS256_SCIUI1_SPO0_SRVW0_SSO0_SVW4_SNLL0_TSGRA0_TSGRB0_TT2_2_TLDS0_UMLDSA0_UMLDSB0_USFGRO1_VAW2_VS1_VW2_VWB2_VFLRP0_WSGRA0_WSGRB0_WS64_WG8_8_1_WGM8",2019,16982242250615,16982242459658,0,3584,64,1,1,1024,8,1
"KERNEL_DISPATCH",4,2,76,"void convert_unary<__half, float>(void const*, float*, long, long, long, HIP_vector_type<unsigned int, 3u>, long, long, long)",2020,16982242459658,16982242463658,0,0,256,1,1,32768,1,1
"KERNEL_DISPATCH",4,2,51,"void dequantize_block_iq3_s<__half>(void const*, __half*)",2021,16982242517140,16982242534622,0,0,32,1,1,163840,1,1
"KERNEL_DISPATCH",4,2,64,"void convert_unary<float, __half>(void const*, __half*, long, long, long, HIP_vector_type<unsigned int, 3u>, long, long, long)",2022,16982242534622,16982242551363,0,0,256,1,1,655360,1,1
"KERNEL_DISPATCH",4,2,285,"Cijk_Alik_Bljk_HB_MT16x16x24_SN_1LDSB0_APM1_ABV0_ACED0_AF0EM2_AF1EM1_AMAS3_ASE_ASGT_ASLT_ASM_ASAE01_ASCE01_ASEM2_AAC0_BL1_BS1_CLR0_DTLA0_DTLB0_DTVA0_DTVB0_DVO0_ETSP_EPS1_ELFLR0_EMLL0_FSSC10_FL0_GLVWA2_GLVWB2_GRCGA1_GRCGB1_GRPM1_GRVW2_GSU1_GSUASB_GLS0_ISA900_IU1_K1_KLA_LBSPPA0_LBSPPB0_LPA0_LPB0_LDL1_LRVW2_LWPMn1_LDW0_FMA_MIAV0_MDA2_MO40_MMFGLC_MKFGSU256_NTA0_NTB0_NTC0_NTD0_NEPBS0_NLCA3_NLCB3_ONLL1_OPLV0_PK0_PAP0_PGR1_PLR1_PKA0_SIA1_SLW1_SS0_SU32_SUM0_SUS256_SCIUI1_SPO0_SRVW0_SSO0_SVW4_SNLL0_TSGRA0_TSGRB0_TT2_2_TLDS0_UMLDSA0_UMLDSB0_USFGRO1_VAW2_VS1_VW2_VWB2_VFLRP0_WSGRA0_WSGRB0_WS64_WG8_8_1_WGM8",2023,16982242551363,16982242753591,0,3584,64,1,1,1024,8,1
"KERNEL_DISPATCH",4,2,76,"void convert_unary<__half, float>(void const*, float*, long, long, long, HIP_vector_type<unsigned int, 3u>, long, long, long)",2024,16982242753591,16982242757739,0,0,256,1,1,32768,1,1
"KERNEL_DISPATCH",4,2,51,"void dequantize_block_iq3_s<__half>(void const*, __half*)",2025,16982242777591,16982242794925,0,0,32,1,1,163840,1,1
"KERNEL_DISPATCH",4,2,64,"void convert_unary<float, __half>(void const*, __half*, long, long, long, HIP_vector_type<unsigned int, 3u>, long, long, long)",2026,16982242794925,16982242811518,0,0,256,1,1,655360,1,1
"KERNEL_DISPATCH",4,2,285,"Cijk_Alik_Bljk_HB_MT16x16x24_SN_1LDSB0_APM1_ABV0_ACED0_AF0EM2_AF1EM1_AMAS3_ASE_ASGT_ASLT_ASM_ASAE01_ASCE01_ASEM2_AAC0_BL1_BS1_CLR0_DTLA0_DTLB0_DTVA0_DTVB0_DVO0_ETSP_EPS1_ELFLR0_EMLL0_FSSC10_FL0_GLVWA2_GLVWB2_GRCGA1_GRCGB1_GRPM1_GRVW2_GSU1_GSUASB_GLS0_ISA900_IU1_K1_KLA_LBSPPA0_LBSPPB0_LPA0_LPB0_LDL1_LRVW2_LWPMn1_LDW0_FMA_MIAV0_MDA2_MO40_MMFGLC_MKFGSU256_NTA0_NTB0_NTC0_NTD0_NEPBS0_NLCA3_NLCB3_ONLL1_OPLV0_PK0_PAP0_PGR1_PLR1_PKA0_SIA1_SLW1_SS0_SU32_SUM0_SUS256_SCIUI1_SPO0_SRVW0_SSO0_SVW4_SNLL0_TSGRA0_TSGRB0_TT2_2_TLDS0_UMLDSA0_UMLDSB0_USFGRO1_VAW2_VS1_VW2_VWB2_VFLRP0_WSGRA0_WSGRB0_WS64_WG8_8_1_WGM8",2027,16982242811518,16982243013745,0,3584,64,1,1,1024,8,1
"KERNEL_DISPATCH",4,2,76,"void convert_unary<__half, float>(void const*, float*, long, long, long, HIP_vector_type<unsigned int, 3u>, long, long, long)",2028,16982243013745,16982243018041,0,0,256,1,1,32768,1,1
"KERNEL_DISPATCH",4,2,51,"void dequantize_block_iq3_s<__half>(void const*, __half*)",2029,16982243037894,16982243056116,0,0,32,1,1,163840,1,1
"KERNEL_DISPATCH",4,2,64,"void convert_unary<float, __half>(void const*, __half*, long, long, long, HIP_vector_type<unsigned int, 3u>, long, long, long)",2030,16982243056116,16982243072858,0,0,256,1,1,655360,1,1
"KERNEL_DISPATCH",4,2,285,"Cijk_Alik_Bljk_HB_MT16x16x24_SN_1LDSB0_APM1_ABV0_ACED0_AF0EM2_AF1EM1_AMAS3_ASE_ASGT_ASLT_ASM_ASAE01_ASCE01_ASEM2_AAC0_BL1_BS1_CLR0_DTLA0_DTLB0_DTVA0_DTVB0_DVO0_ETSP_EPS1_ELFLR0_EMLL0_FSSC10_FL0_GLVWA2_GLVWB2_GRCGA1_GRCGB1_GRPM1_GRVW2_GSU1_GSUASB_GLS0_ISA900_IU1_K1_KLA_LBSPPA0_LBSPPB0_LPA0_LPB0_LDL1_LRVW2_LWPMn1_LDW0_FMA_MIAV0_MDA2_MO40_MMFGLC_MKFGSU256_NTA0_NTB0_NTC0_NTD0_NEPBS0_NLCA3_NLCB3_ONLL1_OPLV0_PK0_PAP0_PGR1_PLR1_PKA0_SIA1_SLW1_SS0_SU32_SUM0_SUS256_SCIUI1_SPO0_SRVW0_SSO0_SVW4_SNLL0_TSGRA0_TSGRB0_TT2_2_TLDS0_UMLDSA0_UMLDSB0_USFGRO1_VAW2_VS1_VW2_VWB2_VFLRP0_WSGRA0_WSGRB0_WS64_WG8_8_1_WGM8",2031,16982243072858,16982243274937,0,3584,64,1,1,1024,8,1
"KERNEL_DISPATCH",4,2,76,"void convert_unary<__half, float>(void const*, float*, long, long, long, HIP_vector_type<unsigned int, 3u>, long, long, long)",2032,16982243274937,16982243279233,0,0,256,1,1,32768,1,1
"KERNEL_DISPATCH",4,2,51,"void dequantize_block_iq3_s<__half>(void const*, __half*)",2033,16982243298196,16982243315975,0,0,32,1,1,163840,1,1
"KERNEL_DISPATCH",4,2,64,"void convert_unary<float, __half>(void const*, __half*, long, long, long, HIP_vector_type<unsigned int, 3u>, long, long, long)",2034,16982243315975,16982243332716,0,0,256,1,1,655360,1,1
"KERNEL_DISPATCH",4,2,285,"Cijk_Alik_Bljk_HB_MT16x16x24_SN_1LDSB0_APM1_ABV0_ACED0_AF0EM2_AF1EM1_AMAS3_ASE_ASGT_ASLT_ASM_ASAE01_ASCE01_ASEM2_AAC0_BL1_BS1_CLR0_DTLA0_DTLB0_DTVA0_DTVB0_DVO0_ETSP_EPS1_ELFLR0_EMLL0_FSSC10_FL0_GLVWA2_GLVWB2_GRCGA1_GRCGB1_GRPM1_GRVW2_GSU1_GSUASB_GLS0_ISA900_IU1_K1_KLA_LBSPPA0_LBSPPB0_LPA0_LPB0_LDL1_LRVW2_LWPMn1_LDW0_FMA_MIAV0_MDA2_MO40_MMFGLC_MKFGSU256_NTA0_NTB0_NTC0_NTD0_NEPBS0_NLCA3_NLCB3_ONLL1_OPLV0_PK0_PAP0_PGR1_PLR1_PKA0_SIA1_SLW1_SS0_SU32_SUM0_SUS256_SCIUI1_SPO0_SRVW0_SSO0_SVW4_SNLL0_TSGRA0_TSGRB0_TT2_2_TLDS0_UMLDSA0_UMLDSB0_USFGRO1_VAW2_VS1_VW2_VWB2_VFLRP0_WSGRA0_WSGRB0_WS64_WG8_8_1_WGM8",2035,16982243332716,16982243535091,0,3584,64,1,1,1024,8,1
"KERNEL_DISPATCH",4,2,76,"void convert_unary<__half, float>(void const*, float*, long, long, long, HIP_vector_type<unsigned int, 3u>, long, long, long)",2036,16982243535091,16982243539387,0,0,256,1,1,32768,1,1
"KERNEL_DISPATCH",4,2,51,"void dequantize_block_iq3_s<__half>(void const*, __half*)",2037,16982243558795,16982243576277,0,0,32,1,1,163840,1,1
"KERNEL_DISPATCH",4,2,64,"void convert_unary<float, __half>(void const*, __half*, long, long, long, HIP_vector_type<unsigned int, 3u>, long, long, long)",2038,16982243576277,16982243592870,0,0,256,1,1,655360,1,1
"KERNEL_DISPATCH",4,2,285,"Cijk_Alik_Bljk_HB_MT16x16x24_SN_1LDSB0_APM1_ABV0_ACED0_AF0EM2_AF1EM1_AMAS3_ASE_ASGT_ASLT_ASM_ASAE01_ASCE01_ASEM2_AAC0_BL1_BS1_CLR0_DTLA0_DTLB0_DTVA0_DTVB0_DVO0_ETSP_EPS1_ELFLR0_EMLL0_FSSC10_FL0_GLVWA2_GLVWB2_GRCGA1_GRCGB1_GRPM1_GRVW2_GSU1_GSUASB_GLS0_ISA900_IU1_K1_KLA_LBSPPA0_LBSPPB0_LPA0_LPB0_LDL1_LRVW2_LWPMn1_LDW0_FMA_MIAV0_MDA2_MO40_MMFGLC_MKFGSU256_NTA0_NTB0_NTC0_NTD0_NEPBS0_NLCA3_NLCB3_ONLL1_OPLV0_PK0_PAP0_PGR1_PLR1_PKA0_SIA1_SLW1_SS0_SU32_SUM0_SUS256_SCIUI1_SPO0_SRVW0_SSO0_SVW4_SNLL0_TSGRA0_TSGRB0_TT2_2_TLDS0_UMLDSA0_UMLDSB0_USFGRO1_VAW2_VS1_VW2_VWB2_VFLRP0_WSGRA0_WSGRB0_WS64_WG8_8_1_WGM8",2039,16982243592870,16982243794949,0,3584,64,1,1,1024,8,1
"KERNEL_DISPATCH",4,2,76,"void convert_unary<__half, float>(void const*, float*, long, long, long, HIP_vector_type<unsigned int, 3u>, long, long, long)",2040,16982243794949,16982243799246,0,0,256,1,1,32768,1,1
"KERNEL_DISPATCH",4,2,51,"void dequantize_block_iq3_s<__half>(void const*, __half*)",2041,16982243817913,16982243835246,0,0,32,1,1,163840,1,1
"KERNEL_DISPATCH",4,2,64,"void convert_unary<float, __half>(void const*, __half*, long, long, long, HIP_vector_type<unsigned int, 3u>, long, long, long)",2042,16982243835246,16982243851988,0,0,256,1,1,655360,1,1
"KERNEL_DISPATCH",4,2,285,"Cijk_Alik_Bljk_HB_MT16x16x24_SN_1LDSB0_APM1_ABV0_ACED0_AF0EM2_AF1EM1_AMAS3_ASE_ASGT_ASLT_ASM_ASAE01_ASCE01_ASEM2_AAC0_BL1_BS1_CLR0_DTLA0_DTLB0_DTVA0_DTVB0_DVO0_ETSP_EPS1_ELFLR0_EMLL0_FSSC10_FL0_GLVWA2_GLVWB2_GRCGA1_GRCGB1_GRPM1_GRVW2_GSU1_GSUASB_GLS0_ISA900_IU1_K1_KLA_LBSPPA0_LBSPPB0_LPA0_LPB0_LDL1_LRVW2_LWPMn1_LDW0_FMA_MIAV0_MDA2_MO40_MMFGLC_MKFGSU256_NTA0_NTB0_NTC0_NTD0_NEPBS0_NLCA3_NLCB3_ONLL1_OPLV0_PK0_PAP0_PGR1_PLR1_PKA0_SIA1_SLW1_SS0_SU32_SUM0_SUS256_SCIUI1_SPO0_SRVW0_SSO0_SVW4_SNLL0_TSGRA0_TSGRB0_TT2_2_TLDS0_UMLDSA0_UMLDSB0_USFGRO1_VAW2_VS1_VW2_VWB2_VFLRP0_WSGRA0_WSGRB0_WS64_WG8_8_1_WGM8",2043,16982243851988,16982244054215,0,3584,64,1,1,1024,8,1
"KERNEL_DISPATCH",4,2,76,"void convert_unary<__half, float>(void const*, float*, long, long, long, HIP_vector_type<unsigned int, 3u>, long, long, long)",2044,16982244054215,16982244058511,0,0,256,1,1,32768,1,1
"KERNEL_DISPATCH",4,2,51,"void dequantize_block_iq3_s<__half>(void const*, __half*)",2045,16982244077771,16982244095401,0,0,32,1,1,163840,1,1
"KERNEL_DISPATCH",4,2,64,"void convert_unary<float, __half>(void const*, __half*, long, long, long, HIP_vector_type<unsigned int, 3u>, long, long, long)",2046,16982244095401,16982244112142,0,0,256,1,1,655360,1,1
"KERNEL_DISPATCH",4,2,285,"Cijk_Alik_Bljk_HB_MT16x16x24_SN_1LDSB0_APM1_ABV0_ACED0_AF0EM2_AF1EM1_AMAS3_ASE_ASGT_ASLT_ASM_ASAE01_ASCE01_ASEM2_AAC0_BL1_BS1_CLR0_DTLA0_DTLB0_DTVA0_DTVB0_DVO0_ETSP_EPS1_ELFLR0_EMLL0_FSSC10_FL0_GLVWA2_GLVWB2_GRCGA1_GRCGB1_GRPM1_GRVW2_GSU1_GSUASB_GLS0_ISA900_IU1_K1_KLA_LBSPPA0_LBSPPB0_LPA0_LPB0_LDL1_LRVW2_LWPMn1_LDW0_FMA_MIAV0_MDA2_MO40_MMFGLC_MKFGSU256_NTA0_NTB0_NTC0_NTD0_NEPBS0_NLCA3_NLCB3_ONLL1_OPLV0_PK0_PAP0_PGR1_PLR1_PKA0_SIA1_SLW1_SS0_SU32_SUM0_SUS256_SCIUI1_SPO0_SRVW0_SSO0_SVW4_SNLL0_TSGRA0_TSGRB0_TT2_2_TLDS0_UMLDSA0_UMLDSB0_USFGRO1_VAW2_VS1_VW2_VWB2_VFLRP0_WSGRA0_WSGRB0_WS64_WG8_8_1_WGM8",2047,16982244112142,16982244314369,0,3584,64,1,1,1024,8,1
"KERNEL_DISPATCH",4,2,76,"void convert_unary<__half, float>(void const*, float*, long, long, long, HIP_vector_type<unsigned int, 3u>, long, long, long)",2048,16982244314369,16982244318517,0,0,256,1,1,32768,1,1
"KERNEL_DISPATCH",4,2,51,"void dequantize_block_iq3_s<__half>(void const*, __half*)",2049,16982244337629,16982244355111,0,0,32,1,1,163840,1,1
"KERNEL_DISPATCH",4,2,64,"void convert_unary<float, __half>(void const*, __half*, long, long, long, HIP_vector_type<unsigned int, 3u>, long, long, long)",2050,16982244355111,16982244372000,0,0,256,1,1,655360,1,1
"KERNEL_DISPATCH",4,2,285,"Cijk_Alik_Bljk_HB_MT16x16x24_SN_1LDSB0_APM1_ABV0_ACED0_AF0EM2_AF1EM1_AMAS3_ASE_ASGT_ASLT_ASM_ASAE01_ASCE01_ASEM2_AAC0_BL1_BS1_CLR0_DTLA0_DTLB0_DTVA0_DTVB0_DVO0_ETSP_EPS1_ELFLR0_EMLL0_FSSC10_FL0_GLVWA2_GLVWB2_GRCGA1_GRCGB1_GRPM1_GRVW2_GSU1_GSUASB_GLS0_ISA900_IU1_K1_KLA_LBSPPA0_LBSPPB0_LPA0_LPB0_LDL1_LRVW2_LWPMn1_LDW0_FMA_MIAV0_MDA2_MO40_MMFGLC_MKFGSU256_NTA0_NTB0_NTC0_NTD0_NEPBS0_NLCA3_NLCB3_ONLL1_OPLV0_PK0_PAP0_PGR1_PLR1_PKA0_SIA1_SLW1_SS0_SU32_SUM0_SUS256_SCIUI1_SPO0_SRVW0_SSO0_SVW4_SNLL0_TSGRA0_TSGRB0_TT2_2_TLDS0_UMLDSA0_UMLDSB0_USFGRO1_VAW2_VS1_VW2_VWB2_VFLRP0_WSGRA0_WSGRB0_WS64_WG8_8_1_WGM8",2051,16982244372000,16982244574227,0,3584,64,1,1,1024,8,1
"KERNEL_DISPATCH",4,2,76,"void convert_unary<__half, float>(void const*, float*, long, long, long, HIP_vector_type<unsigned int, 3u>, long, long, long)",2052,16982244574227,16982244578227,0,0,256,1,1,32768,1,1
"KERNEL_DISPATCH",4,2,51,"void dequantize_block_iq3_s<__half>(void const*, __half*)",2053,16982244598524,16982244616006,0,0,32,1,1,163840,1,1
"KERNEL_DISPATCH",4,2,64,"void convert_unary<float, __half>(void const*, __half*, long, long, long, HIP_vector_type<unsigned int, 3u>, long, long, long)",2054,16982244616006,16982244632747,0,0,256,1,1,655360,1,1
"KERNEL_DISPATCH",4,2,285,"Cijk_Alik_Bljk_HB_MT16x16x24_SN_1LDSB0_APM1_ABV0_ACED0_AF0EM2_AF1EM1_AMAS3_ASE_ASGT_ASLT_ASM_ASAE01_ASCE01_ASEM2_AAC0_BL1_BS1_CLR0_DTLA0_DTLB0_DTVA0_DTVB0_DVO0_ETSP_EPS1_ELFLR0_EMLL0_FSSC10_FL0_GLVWA2_GLVWB2_GRCGA1_GRCGB1_GRPM1_GRVW2_GSU1_GSUASB_GLS0_ISA900_IU1_K1_KLA_LBSPPA0_LBSPPB0_LPA0_LPB0_LDL1_LRVW2_LWPMn1_LDW0_FMA_MIAV0_MDA2_MO40_MMFGLC_MKFGSU256_NTA0_NTB0_NTC0_NTD0_NEPBS0_NLCA3_NLCB3_ONLL1_OPLV0_PK0_PAP0_PGR1_PLR1_PKA0_SIA1_SLW1_SS0_SU32_SUM0_SUS256_SCIUI1_SPO0_SRVW0_SSO0_SVW4_SNLL0_TSGRA0_TSGRB0_TT2_2_TLDS0_UMLDSA0_UMLDSB0_USFGRO1_VAW2_VS1_VW2_VWB2_VFLRP0_WSGRA0_WSGRB0_WS64_WG8_8_1_WGM8",2055,16982244632747,16982244835123,0,3584,64,1,1,1024,8,1
"KERNEL_DISPATCH",4,2,76,"void convert_unary<__half, float>(void const*, float*, long, long, long, HIP_vector_type<unsigned int, 3u>, long, long, long)",2056,16982244835123,16982244839271,0,0,256,1,1,32768,1,1
"KERNEL_DISPATCH",4,2,51,"void dequantize_block_iq3_s<__half>(void const*, __half*)",2057,16982244857790,16982244875272,0,0,32,1,1,163840,1,1
"KERNEL_DISPATCH",4,2,64,"void convert_unary<float, __half>(void const*, __half*, long, long, long, HIP_vector_type<unsigned int, 3u>, long, long, long)",2058,16982244875272,16982244892013,0,0,256,1,1,655360,1,1
"KERNEL_DISPATCH",4,2,285,"Cijk_Alik_Bljk_HB_MT16x16x24_SN_1LDSB0_APM1_ABV0_ACED0_AF0EM2_AF1EM1_AMAS3_ASE_ASGT_ASLT_ASM_ASAE01_ASCE01_ASEM2_AAC0_BL1_BS1_CLR0_DTLA0_DTLB0_DTVA0_DTVB0_DVO0_ETSP_EPS1_ELFLR0_EMLL0_FSSC10_FL0_GLVWA2_GLVWB2_GRCGA1_GRCGB1_GRPM1_GRVW2_GSU1_GSUASB_GLS0_ISA900_IU1_K1_KLA_LBSPPA0_LBSPPB0_LPA0_LPB0_LDL1_LRVW2_LWPMn1_LDW0_FMA_MIAV0_MDA2_MO40_MMFGLC_MKFGSU256_NTA0_NTB0_NTC0_NTD0_NEPBS0_NLCA3_NLCB3_ONLL1_OPLV0_PK0_PAP0_PGR1_PLR1_PKA0_SIA1_SLW1_SS0_SU32_SUM0_SUS256_SCIUI1_SPO0_SRVW0_SSO0_SVW4_SNLL0_TSGRA0_TSGRB0_TT2_2_TLDS0_UMLDSA0_UMLDSB0_USFGRO1_VAW2_VS1_VW2_VWB2_VFLRP0_WSGRA0_WSGRB0_WS64_WG8_8_1_WGM8",2059,16982244892013,16982245094092,0,3584,64,1,1,1024,8,1
"KERNEL_DISPATCH",4,2,76,"void convert_unary<__half, float>(void const*, float*, long, long, long, HIP_vector_type<unsigned int, 3u>, long, long, long)",2060,16982245094092,16982245098240,0,0,256,1,1,32768,1,1
"KERNEL_DISPATCH",4,2,51,"void dequantize_block_iq3_s<__half>(void const*, __half*)",2061,16982245116759,16982245134389,0,0,32,1,1,163840,1,1
"KERNEL_DISPATCH",4,2,64,"void convert_unary<float, __half>(void const*, __half*, long, long, long, HIP_vector_type<unsigned int, 3u>, long, long, long)",2062,16982245134389,16982245151130,0,0,256,1,1,655360,1,1
"KERNEL_DISPATCH",4,2,285,"Cijk_Alik_Bljk_HB_MT16x16x24_SN_1LDSB0_APM1_ABV0_ACED0_AF0EM2_AF1EM1_AMAS3_ASE_ASGT_ASLT_ASM_ASAE01_ASCE01_ASEM2_AAC0_BL1_BS1_CLR0_DTLA0_DTLB0_DTVA0_DTVB0_DVO0_ETSP_EPS1_ELFLR0_EMLL0_FSSC10_FL0_GLVWA2_GLVWB2_GRCGA1_GRCGB1_GRPM1_GRVW2_GSU1_GSUASB_GLS0_ISA900_IU1_K1_KLA_LBSPPA0_LBSPPB0_LPA0_LPB0_LDL1_LRVW2_LWPMn1_LDW0_FMA_MIAV0_MDA2_MO40_MMFGLC_MKFGSU256_NTA0_NTB0_NTC0_NTD0_NEPBS0_NLCA3_NLCB3_ONLL1_OPLV0_PK0_PAP0_PGR1_PLR1_PKA0_SIA1_SLW1_SS0_SU32_SUM0_SUS256_SCIUI1_SPO0_SRVW0_SSO0_SVW4_SNLL0_TSGRA0_TSGRB0_TT2_2_TLDS0_UMLDSA0_UMLDSB0_USFGRO1_VAW2_VS1_VW2_VWB2_VFLRP0_WSGRA0_WSGRB0_WS64_WG8_8_1_WGM8",2063,16982245151130,16982245353061,0,3584,64,1,1,1024,8,1
"KERNEL_DISPATCH",4,2,76,"void convert_unary<__half, float>(void const*, float*, long, long, long, HIP_vector_type<unsigned int, 3u>, long, long, long)",2064,16982245353061,16982245357357,0,0,256,1,1,32768,1,1
"KERNEL_DISPATCH",4,2,51,"void dequantize_block_iq3_s<__half>(void const*, __half*)",2065,16982245376173,16982245393506,0,0,32,1,1,163840,1,1
"KERNEL_DISPATCH",4,2,64,"void convert_unary<float, __half>(void const*, __half*, long, long, long, HIP_vector_type<unsigned int, 3u>, long, long, long)",2066,16982245393506,16982245464175,0,0,256,1,1,655360,1,1
"KERNEL_DISPATCH",4,2,285,"Cijk_Alik_Bljk_HB_MT16x16x24_SN_1LDSB0_APM1_ABV0_ACED0_AF0EM2_AF1EM1_AMAS3_ASE_ASGT_ASLT_ASM_ASAE01_ASCE01_ASEM2_AAC0_BL1_BS1_CLR0_DTLA0_DTLB0_DTVA0_DTVB0_DVO0_ETSP_EPS1_ELFLR0_EMLL0_FSSC10_FL0_GLVWA2_GLVWB2_GRCGA1_GRCGB1_GRPM1_GRVW2_GSU1_GSUASB_GLS0_ISA900_IU1_K1_KLA_LBSPPA0_LBSPPB0_LPA0_LPB0_LDL1_LRVW2_LWPMn1_LDW0_FMA_MIAV0_MDA2_MO40_MMFGLC_MKFGSU256_NTA0_NTB0_NTC0_NTD0_NEPBS0_NLCA3_NLCB3_ONLL1_OPLV0_PK0_PAP0_PGR1_PLR1_PKA0_SIA1_SLW1_SS0_SU32_SUM0_SUS256_SCIUI1_SPO0_SRVW0_SSO0_SVW4_SNLL0_TSGRA0_TSGRB0_TT2_2_TLDS0_UMLDSA0_UMLDSB0_USFGRO1_VAW2_VS1_VW2_VWB2_VFLRP0_WSGRA0_WSGRB0_WS64_WG8_8_1_WGM8",2067,16982245464175,16982245666254,0,3584,64,1,1,1024,8,1
"KERNEL_DISPATCH",4,2,76,"void convert_unary<__half, float>(void const*, float*, long, long, long, HIP_vector_type<unsigned int, 3u>, long, long, long)",2068,16982245666254,16982245670402,0,0,256,1,1,32768,1,1
"KERNEL_DISPATCH",4,2,51,"void dequantize_block_iq3_s<__half>(void const*, __half*)",2069,16982245688921,16982245706255,0,0,32,1,1,163840,1,1
"KERNEL_DISPATCH",4,2,64,"void convert_unary<float, __half>(void const*, __half*, long, long, long, HIP_vector_type<unsigned int, 3u>, long, long, long)",2070,16982245706255,16982245722848,0,0,256,1,1,655360,1,1
"KERNEL_DISPATCH",4,2,285,"Cijk_Alik_Bljk_HB_MT16x16x24_SN_1LDSB0_APM1_ABV0_ACED0_AF0EM2_AF1EM1_AMAS3_ASE_ASGT_ASLT_ASM_ASAE01_ASCE01_ASEM2_AAC0_BL1_BS1_CLR0_DTLA0_DTLB0_DTVA0_DTVB0_DVO0_ETSP_EPS1_ELFLR0_EMLL0_FSSC10_FL0_GLVWA2_GLVWB2_GRCGA1_GRCGB1_GRPM1_GRVW2_GSU1_GSUASB_GLS0_ISA900_IU1_K1_KLA_LBSPPA0_LBSPPB0_LPA0_LPB0_LDL1_LRVW2_LWPMn1_LDW0_FMA_MIAV0_MDA2_MO40_MMFGLC_MKFGSU256_NTA0_NTB0_NTC0_NTD0_NEPBS0_NLCA3_NLCB3_ONLL1_OPLV0_PK0_PAP0_PGR1_PLR1_PKA0_SIA1_SLW1_SS0_SU32_SUM0_SUS256_SCIUI1_SPO0_SRVW0_SSO0_SVW4_SNLL0_TSGRA0_TSGRB0_TT2_2_TLDS0_UMLDSA0_UMLDSB0_USFGRO1_VAW2_VS1_VW2_VWB2_VFLRP0_WSGRA0_WSGRB0_WS64_WG8_8_1_WGM8",2071,16982245722848,16982245925223,0,3584,64,1,1,1024,8,1
"KERNEL_DISPATCH",4,2,76,"void convert_unary<__half, float>(void const*, float*, long, long, long, HIP_vector_type<unsigned int, 3u>, long, long, long)",2072,16982245925223,16982245929371,0,0,256,1,1,32768,1,1
"KERNEL_DISPATCH",4,2,51,"void dequantize_block_iq3_s<__half>(void const*, __half*)",2073,16982245947890,16982245965520,0,0,32,1,1,163840,1,1
"KERNEL_DISPATCH",4,2,64,"void convert_unary<float, __half>(void const*, __half*, long, long, long, HIP_vector_type<unsigned int, 3u>, long, long, long)",2074,16982245965520,16982245982261,0,0,256,1,1,655360,1,1
"KERNEL_DISPATCH",4,2,285,"Cijk_Alik_Bljk_HB_MT16x16x24_SN_1LDSB0_APM1_ABV0_ACED0_AF0EM2_AF1EM1_AMAS3_ASE_ASGT_ASLT_ASM_ASAE01_ASCE01_ASEM2_AAC0_BL1_BS1_CLR0_DTLA0_DTLB0_DTVA0_DTVB0_DVO0_ETSP_EPS1_ELFLR0_EMLL0_FSSC10_FL0_GLVWA2_GLVWB2_GRCGA1_GRCGB1_GRPM1_GRVW2_GSU1_GSUASB_GLS0_ISA900_IU1_K1_KLA_LBSPPA0_LBSPPB0_LPA0_LPB0_LDL1_LRVW2_LWPMn1_LDW0_FMA_MIAV0_MDA2_MO40_MMFGLC_MKFGSU256_NTA0_NTB0_NTC0_NTD0_NEPBS0_NLCA3_NLCB3_ONLL1_OPLV0_PK0_PAP0_PGR1_PLR1_PKA0_SIA1_SLW1_SS0_SU32_SUM0_SUS256_SCIUI1_SPO0_SRVW0_SSO0_SVW4_SNLL0_TSGRA0_TSGRB0_TT2_2_TLDS0_UMLDSA0_UMLDSB0_USFGRO1_VAW2_VS1_VW2_VWB2_VFLRP0_WSGRA0_WSGRB0_WS64_WG8_8_1_WGM8",2075,16982245982261,16982246184489,0,3584,64,1,1,1024,8,1
"KERNEL_DISPATCH",4,2,76,"void convert_unary<__half, float>(void const*, float*, long, long, long, HIP_vector_type<unsigned int, 3u>, long, long, long)",2076,16982246184489,16982246188637,0,0,256,1,1,32768,1,1
"KERNEL_DISPATCH",4,2,51,"void dequantize_block_iq3_s<__half>(void const*, __half*)",2077,16982246207156,16982246224786,0,0,32,1,1,163840,1,1
"KERNEL_DISPATCH",4,2,64,"void convert_unary<float, __half>(void const*, __half*, long, long, long, HIP_vector_type<unsigned int, 3u>, long, long, long)",2078,16982246224786,16982246241379,0,0,256,1,1,655360,1,1
"KERNEL_DISPATCH",4,2,285,"Cijk_Alik_Bljk_HB_MT16x16x24_SN_1LDSB0_APM1_ABV0_ACED0_AF0EM2_AF1EM1_AMAS3_ASE_ASGT_ASLT_ASM_ASAE01_ASCE01_ASEM2_AAC0_BL1_BS1_CLR0_DTLA0_DTLB0_DTVA0_DTVB0_DVO0_ETSP_EPS1_ELFLR0_EMLL0_FSSC10_FL0_GLVWA2_GLVWB2_GRCGA1_GRCGB1_GRPM1_GRVW2_GSU1_GSUASB_GLS0_ISA900_IU1_K1_KLA_LBSPPA0_LBSPPB0_LPA0_LPB0_LDL1_LRVW2_LWPMn1_LDW0_FMA_MIAV0_MDA2_MO40_MMFGLC_MKFGSU256_NTA0_NTB0_NTC0_NTD0_NEPBS0_NLCA3_NLCB3_ONLL1_OPLV0_PK0_PAP0_PGR1_PLR1_PKA0_SIA1_SLW1_SS0_SU32_SUM0_SUS256_SCIUI1_SPO0_SRVW0_SSO0_SVW4_SNLL0_TSGRA0_TSGRB0_TT2_2_TLDS0_UMLDSA0_UMLDSB0_USFGRO1_VAW2_VS1_VW2_VWB2_VFLRP0_WSGRA0_WSGRB0_WS64_WG8_8_1_WGM8",2079,16982246241379,16982246443606,0,3584,64,1,1,1024,8,1
"KERNEL_DISPATCH",4,2,76,"void convert_unary<__half, float>(void const*, float*, long, long, long, HIP_vector_type<unsigned int, 3u>, long, long, long)",2080,16982246443606,16982246447754,0,0,256,1,1,32768,1,1
"KERNEL_DISPATCH",4,2,51,"void dequantize_block_iq3_s<__half>(void const*, __half*)",2081,16982246466125,16982246484200,0,0,32,1,1,163840,1,1
"KERNEL_DISPATCH",4,2,64,"void convert_unary<float, __half>(void const*, __half*, long, long, long, HIP_vector_type<unsigned int, 3u>, long, long, long)",2082,16982246484200,16982246500941,0,0,256,1,1,655360,1,1
"KERNEL_DISPATCH",4,2,285,"Cijk_Alik_Bljk_HB_MT16x16x24_SN_1LDSB0_APM1_ABV0_ACED0_AF0EM2_AF1EM1_AMAS3_ASE_ASGT_ASLT_ASM_ASAE01_ASCE01_ASEM2_AAC0_BL1_BS1_CLR0_DTLA0_DTLB0_DTVA0_DTVB0_DVO0_ETSP_EPS1_ELFLR0_EMLL0_FSSC10_FL0_GLVWA2_GLVWB2_GRCGA1_GRCGB1_GRPM1_GRVW2_GSU1_GSUASB_GLS0_ISA900_IU1_K1_KLA_LBSPPA0_LBSPPB0_LPA0_LPB0_LDL1_LRVW2_LWPMn1_LDW0_FMA_MIAV0_MDA2_MO40_MMFGLC_MKFGSU256_NTA0_NTB0_NTC0_NTD0_NEPBS0_NLCA3_NLCB3_ONLL1_OPLV0_PK0_PAP0_PGR1_PLR1_PKA0_SIA1_SLW1_SS0_SU32_SUM0_SUS256_SCIUI1_SPO0_SRVW0_SSO0_SVW4_SNLL0_TSGRA0_TSGRB0_TT2_2_TLDS0_UMLDSA0_UMLDSB0_USFGRO1_VAW2_VS1_VW2_VWB2_VFLRP0_WSGRA0_WSGRB0_WS64_WG8_8_1_WGM8",2083,16982246500941,16982246703168,0,3584,64,1,1,1024,8,1
"KERNEL_DISPATCH",4,2,76,"void convert_unary<__half, float>(void const*, float*, long, long, long, HIP_vector_type<unsigned int, 3u>, long, long, long)",2084,16982246703168,16982246707316,0,0,256,1,1,32768,1,1
"KERNEL_DISPATCH",4,2,51,"void dequantize_block_iq3_s<__half>(void const*, __half*)",2085,16982246725835,16982246743317,0,0,32,1,1,163840,1,1
"KERNEL_DISPATCH",4,2,64,"void convert_unary<float, __half>(void const*, __half*, long, long, long, HIP_vector_type<unsigned int, 3u>, long, long, long)",2086,16982246743317,16982246760058,0,0,256,1,1,655360,1,1
"KERNEL_DISPATCH",4,2,285,"Cijk_Alik_Bljk_HB_MT16x16x24_SN_1LDSB0_APM1_ABV0_ACED0_AF0EM2_AF1EM1_AMAS3_ASE_ASGT_ASLT_ASM_ASAE01_ASCE01_ASEM2_AAC0_BL1_BS1_CLR0_DTLA0_DTLB0_DTVA0_DTVB0_DVO0_ETSP_EPS1_ELFLR0_EMLL0_FSSC10_FL0_GLVWA2_GLVWB2_GRCGA1_GRCGB1_GRPM1_GRVW2_GSU1_GSUASB_GLS0_ISA900_IU1_K1_KLA_LBSPPA0_LBSPPB0_LPA0_LPB0_LDL1_LRVW2_LWPMn1_LDW0_FMA_MIAV0_MDA2_MO40_MMFGLC_MKFGSU256_NTA0_NTB0_NTC0_NTD0_NEPBS0_NLCA3_NLCB3_ONLL1_OPLV0_PK0_PAP0_PGR1_PLR1_PKA0_SIA1_SLW1_SS0_SU32_SUM0_SUS256_SCIUI1_SPO0_SRVW0_SSO0_SVW4_SNLL0_TSGRA0_TSGRB0_TT2_2_TLDS0_UMLDSA0_UMLDSB0_USFGRO1_VAW2_VS1_VW2_VWB2_VFLRP0_WSGRA0_WSGRB0_WS64_WG8_8_1_WGM8",2087,16982246760058,16982246961544,0,3584,64,1,1,1024,8,1
"KERNEL_DISPATCH",4,2,76,"void convert_unary<__half, float>(void const*, float*, long, long, long, HIP_vector_type<unsigned int, 3u>, long, long, long)",2088,16982246961544,16982246965841,0,0,256,1,1,32768,1,1
"KERNEL_DISPATCH",4,2,51,"void dequantize_block_iq3_s<__half>(void const*, __half*)",2089,16982246984212,16982247001694,0,0,32,1,1,163840,1,1
"KERNEL_DISPATCH",4,2,64,"void convert_unary<float, __half>(void const*, __half*, long, long, long, HIP_vector_type<unsigned int, 3u>, long, long, long)",2090,16982247001694,16982247018583,0,0,256,1,1,655360,1,1
"KERNEL_DISPATCH",4,2,285,"Cijk_Alik_Bljk_HB_MT16x16x24_SN_1LDSB0_APM1_ABV0_ACED0_AF0EM2_AF1EM1_AMAS3_ASE_ASGT_ASLT_ASM_ASAE01_ASCE01_ASEM2_AAC0_BL1_BS1_CLR0_DTLA0_DTLB0_DTVA0_DTVB0_DVO0_ETSP_EPS1_ELFLR0_EMLL0_FSSC10_FL0_GLVWA2_GLVWB2_GRCGA1_GRCGB1_GRPM1_GRVW2_GSU1_GSUASB_GLS0_ISA900_IU1_K1_KLA_LBSPPA0_LBSPPB0_LPA0_LPB0_LDL1_LRVW2_LWPMn1_LDW0_FMA_MIAV0_MDA2_MO40_MMFGLC_MKFGSU256_NTA0_NTB0_NTC0_NTD0_NEPBS0_NLCA3_NLCB3_ONLL1_OPLV0_PK0_PAP0_PGR1_PLR1_PKA0_SIA1_SLW1_SS0_SU32_SUM0_SUS256_SCIUI1_SPO0_SRVW0_SSO0_SVW4_SNLL0_TSGRA0_TSGRB0_TT2_2_TLDS0_UMLDSA0_UMLDSB0_USFGRO1_VAW2_VS1_VW2_VWB2_VFLRP0_WSGRA0_WSGRB0_WS64_WG8_8_1_WGM8",2091,16982247018583,16982247220514,0,3584,64,1,1,1024,8,1
"KERNEL_DISPATCH",4,2,76,"void convert_unary<__half, float>(void const*, float*, long, long, long, HIP_vector_type<unsigned int, 3u>, long, long, long)",2092,16982247220514,16982247224662,0,0,256,1,1,32768,1,1
"KERNEL_DISPATCH",4,2,51,"void dequantize_block_iq3_s<__half>(void const*, __half*)",2093,16982247242736,16982247260218,0,0,32,1,1,163840,1,1
"KERNEL_DISPATCH",4,2,64,"void convert_unary<float, __half>(void const*, __half*, long, long, long, HIP_vector_type<unsigned int, 3u>, long, long, long)",2094,16982247260218,16982247277108,0,0,256,1,1,655360,1,1
"KERNEL_DISPATCH",4,2,285,"Cijk_Alik_Bljk_HB_MT16x16x24_SN_1LDSB0_APM1_ABV0_ACED0_AF0EM2_AF1EM1_AMAS3_ASE_ASGT_ASLT_ASM_ASAE01_ASCE01_ASEM2_AAC0_BL1_BS1_CLR0_DTLA0_DTLB0_DTVA0_DTVB0_DVO0_ETSP_EPS1_ELFLR0_EMLL0_FSSC10_FL0_GLVWA2_GLVWB2_GRCGA1_GRCGB1_GRPM1_GRVW2_GSU1_GSUASB_GLS0_ISA900_IU1_K1_KLA_LBSPPA0_LBSPPB0_LPA0_LPB0_LDL1_LRVW2_LWPMn1_LDW0_FMA_MIAV0_MDA2_MO40_MMFGLC_MKFGSU256_NTA0_NTB0_NTC0_NTD0_NEPBS0_NLCA3_NLCB3_ONLL1_OPLV0_PK0_PAP0_PGR1_PLR1_PKA0_SIA1_SLW1_SS0_SU32_SUM0_SUS256_SCIUI1_SPO0_SRVW0_SSO0_SVW4_SNLL0_TSGRA0_TSGRB0_TT2_2_TLDS0_UMLDSA0_UMLDSB0_USFGRO1_VAW2_VS1_VW2_VWB2_VFLRP0_WSGRA0_WSGRB0_WS64_WG8_8_1_WGM8",2095,16982247277108,16982247479187,0,3584,64,1,1,1024,8,1
"KERNEL_DISPATCH",4,2,76,"void convert_unary<__half, float>(void const*, float*, long, long, long, HIP_vector_type<unsigned int, 3u>, long, long, long)",2096,16982247479187,16982247483335,0,0,256,1,1,32768,1,1
"KERNEL_DISPATCH",4,2,51,"void dequantize_block_iq3_s<__half>(void const*, __half*)",2097,16982247502743,16982247520225,0,0,32,1,1,163840,1,1
"KERNEL_DISPATCH",4,2,64,"void convert_unary<float, __half>(void const*, __half*, long, long, long, HIP_vector_type<unsigned int, 3u>, long, long, long)",2098,16982247520225,16982247536966,0,0,256,1,1,655360,1,1
"KERNEL_DISPATCH",4,2,285,"Cijk_Alik_Bljk_HB_MT16x16x24_SN_1LDSB0_APM1_ABV0_ACED0_AF0EM2_AF1EM1_AMAS3_ASE_ASGT_ASLT_ASM_ASAE01_ASCE01_ASEM2_AAC0_BL1_BS1_CLR0_DTLA0_DTLB0_DTVA0_DTVB0_DVO0_ETSP_EPS1_ELFLR0_EMLL0_FSSC10_FL0_GLVWA2_GLVWB2_GRCGA1_GRCGB1_GRPM1_GRVW2_GSU1_GSUASB_GLS0_ISA900_IU1_K1_KLA_LBSPPA0_LBSPPB0_LPA0_LPB0_LDL1_LRVW2_LWPMn1_LDW0_FMA_MIAV0_MDA2_MO40_MMFGLC_MKFGSU256_NTA0_NTB0_NTC0_NTD0_NEPBS0_NLCA3_NLCB3_ONLL1_OPLV0_PK0_PAP0_PGR1_PLR1_PKA0_SIA1_SLW1_SS0_SU32_SUM0_SUS256_SCIUI1_SPO0_SRVW0_SSO0_SVW4_SNLL0_TSGRA0_TSGRB0_TT2_2_TLDS0_UMLDSA0_UMLDSB0_USFGRO1_VAW2_VS1_VW2_VWB2_VFLRP0_WSGRA0_WSGRB0_WS64_WG8_8_1_WGM8",2099,16982247536966,16982247738897,0,3584,64,1,1,1024,8,1
"KERNEL_DISPATCH",4,2,76,"void convert_unary<__half, float>(void const*, float*, long, long, long, HIP_vector_type<unsigned int, 3u>, long, long, long)",2100,16982247738897,16982247743193,0,0,256,1,1,32768,1,1
"KERNEL_DISPATCH",4,2,51,"void dequantize_block_iq3_s<__half>(void const*, __half*)",2101,16982247762008,16982247779490,0,0,32,1,1,163840,1,1
"KERNEL_DISPATCH",4,2,64,"void convert_unary<float, __half>(void const*, __half*, long, long, long, HIP_vector_type<unsigned int, 3u>, long, long, long)",2102,16982247779490,16982247796380,0,0,256,1,1,655360,1,1
"KERNEL_DISPATCH",4,2,285,"Cijk_Alik_Bljk_HB_MT16x16x24_SN_1LDSB0_APM1_ABV0_ACED0_AF0EM2_AF1EM1_AMAS3_ASE_ASGT_ASLT_ASM_ASAE01_ASCE01_ASEM2_AAC0_BL1_BS1_CLR0_DTLA0_DTLB0_DTVA0_DTVB0_DVO0_ETSP_EPS1_ELFLR0_EMLL0_FSSC10_FL0_GLVWA2_GLVWB2_GRCGA1_GRCGB1_GRPM1_GRVW2_GSU1_GSUASB_GLS0_ISA900_IU1_K1_KLA_LBSPPA0_LBSPPB0_LPA0_LPB0_LDL1_LRVW2_LWPMn1_LDW0_FMA_MIAV0_MDA2_MO40_MMFGLC_MKFGSU256_NTA0_NTB0_NTC0_NTD0_NEPBS0_NLCA3_NLCB3_ONLL1_OPLV0_PK0_PAP0_PGR1_PLR1_PKA0_SIA1_SLW1_SS0_SU32_SUM0_SUS256_SCIUI1_SPO0_SRVW0_SSO0_SVW4_SNLL0_TSGRA0_TSGRB0_TT2_2_TLDS0_UMLDSA0_UMLDSB0_USFGRO1_VAW2_VS1_VW2_VWB2_VFLRP0_WSGRA0_WSGRB0_WS64_WG8_8_1_WGM8",2103,16982247796380,16982247998607,0,3584,64,1,1,1024,8,1
"KERNEL_DISPATCH",4,2,76,"void convert_unary<__half, float>(void const*, float*, long, long, long, HIP_vector_type<unsigned int, 3u>, long, long, long)",2104,16982247998607,16982248002755,0,0,256,1,1,32768,1,1
"KERNEL_DISPATCH",4,2,51,"void dequantize_block_iq3_s<__half>(void const*, __half*)",2105,16982248021422,16982248039052,0,0,32,1,1,163840,1,1
"KERNEL_DISPATCH",4,2,64,"void convert_unary<float, __half>(void const*, __half*, long, long, long, HIP_vector_type<unsigned int, 3u>, long, long, long)",2106,16982248039052,16982248055645,0,0,256,1,1,655360,1,1
"KERNEL_DISPATCH",4,2,285,"Cijk_Alik_Bljk_HB_MT16x16x24_SN_1LDSB0_APM1_ABV0_ACED0_AF0EM2_AF1EM1_AMAS3_ASE_ASGT_ASLT_ASM_ASAE01_ASCE01_ASEM2_AAC0_BL1_BS1_CLR0_DTLA0_DTLB0_DTVA0_DTVB0_DVO0_ETSP_EPS1_ELFLR0_EMLL0_FSSC10_FL0_GLVWA2_GLVWB2_GRCGA1_GRCGB1_GRPM1_GRVW2_GSU1_GSUASB_GLS0_ISA900_IU1_K1_KLA_LBSPPA0_LBSPPB0_LPA0_LPB0_LDL1_LRVW2_LWPMn1_LDW0_FMA_MIAV0_MDA2_MO40_MMFGLC_MKFGSU256_NTA0_NTB0_NTC0_NTD0_NEPBS0_NLCA3_NLCB3_ONLL1_OPLV0_PK0_PAP0_PGR1_PLR1_PKA0_SIA1_SLW1_SS0_SU32_SUM0_SUS256_SCIUI1_SPO0_SRVW0_SSO0_SVW4_SNLL0_TSGRA0_TSGRB0_TT2_2_TLDS0_UMLDSA0_UMLDSB0_USFGRO1_VAW2_VS1_VW2_VWB2_VFLRP0_WSGRA0_WSGRB0_WS64_WG8_8_1_WGM8",2107,16982248055645,16982248257872,0,3584,64,1,1,1024,8,1
"KERNEL_DISPATCH",4,2,76,"void convert_unary<__half, float>(void const*, float*, long, long, long, HIP_vector_type<unsigned int, 3u>, long, long, long)",2108,16982248257872,16982248262169,0,0,256,1,1,32768,1,1
"KERNEL_DISPATCH",4,2,51,"void dequantize_block_iq3_s<__half>(void const*, __half*)",2109,16982248281132,16982248299058,0,0,32,1,1,163840,1,1
"KERNEL_DISPATCH",4,2,64,"void convert_unary<float, __half>(void const*, __half*, long, long, long, HIP_vector_type<unsigned int, 3u>, long, long, long)",2110,16982248299058,16982248315800,0,0,256,1,1,655360,1,1
"KERNEL_DISPATCH",4,2,285,"Cijk_Alik_Bljk_HB_MT16x16x24_SN_1LDSB0_APM1_ABV0_ACED0_AF0EM2_AF1EM1_AMAS3_ASE_ASGT_ASLT_ASM_ASAE01_ASCE01_ASEM2_AAC0_BL1_BS1_CLR0_DTLA0_DTLB0_DTVA0_DTVB0_DVO0_ETSP_EPS1_ELFLR0_EMLL0_FSSC10_FL0_GLVWA2_GLVWB2_GRCGA1_GRCGB1_GRPM1_GRVW2_GSU1_GSUASB_GLS0_ISA900_IU1_K1_KLA_LBSPPA0_LBSPPB0_LPA0_LPB0_LDL1_LRVW2_LWPMn1_LDW0_FMA_MIAV0_MDA2_MO40_MMFGLC_MKFGSU256_NTA0_NTB0_NTC0_NTD0_NEPBS0_NLCA3_NLCB3_ONLL1_OPLV0_PK0_PAP0_PGR1_PLR1_PKA0_SIA1_SLW1_SS0_SU32_SUM0_SUS256_SCIUI1_SPO0_SRVW0_SSO0_SVW4_SNLL0_TSGRA0_TSGRB0_TT2_2_TLDS0_UMLDSA0_UMLDSB0_USFGRO1_VAW2_VS1_VW2_VWB2_VFLRP0_WSGRA0_WSGRB0_WS64_WG8_8_1_WGM8",2111,16982248315800,16982248517582,0,3584,64,1,1,1024,8,1
"KERNEL_DISPATCH",4,2,76,"void convert_unary<__half, float>(void const*, float*, long, long, long, HIP_vector_type<unsigned int, 3u>, long, long, long)",2112,16982248517582,16982248521879,0,0,256,1,1,32768,1,1
"KERNEL_DISPATCH",4,2,51,"void dequantize_block_iq3_s<__half>(void const*, __half*)",2113,16982248540990,16982248558620,0,0,32,1,1,163840,1,1
"KERNEL_DISPATCH",4,2,64,"void convert_unary<float, __half>(void const*, __half*, long, long, long, HIP_vector_type<unsigned int, 3u>, long, long, long)",2114,16982248558620,16982248575361,0,0,256,1,1,655360,1,1
"KERNEL_DISPATCH",4,2,285,"Cijk_Alik_Bljk_HB_MT16x16x24_SN_1LDSB0_APM1_ABV0_ACED0_AF0EM2_AF1EM1_AMAS3_ASE_ASGT_ASLT_ASM_ASAE01_ASCE01_ASEM2_AAC0_BL1_BS1_CLR0_DTLA0_DTLB0_DTVA0_DTVB0_DVO0_ETSP_EPS1_ELFLR0_EMLL0_FSSC10_FL0_GLVWA2_GLVWB2_GRCGA1_GRCGB1_GRPM1_GRVW2_GSU1_GSUASB_GLS0_ISA900_IU1_K1_KLA_LBSPPA0_LBSPPB0_LPA0_LPB0_LDL1_LRVW2_LWPMn1_LDW0_FMA_MIAV0_MDA2_MO40_MMFGLC_MKFGSU256_NTA0_NTB0_NTC0_NTD0_NEPBS0_NLCA3_NLCB3_ONLL1_OPLV0_PK0_PAP0_PGR1_PLR1_PKA0_SIA1_SLW1_SS0_SU32_SUM0_SUS256_SCIUI1_SPO0_SRVW0_SSO0_SVW4_SNLL0_TSGRA0_TSGRB0_TT2_2_TLDS0_UMLDSA0_UMLDSB0_USFGRO1_VAW2_VS1_VW2_VWB2_VFLRP0_WSGRA0_WSGRB0_WS64_WG8_8_1_WGM8",2115,16982248575361,16982248777737,0,3584,64,1,1,1024,8,1
"KERNEL_DISPATCH",4,2,76,"void convert_unary<__half, float>(void const*, float*, long, long, long, HIP_vector_type<unsigned int, 3u>, long, long, long)",2116,16982248777737,16982248782033,0,0,256,1,1,32768,1,1
"KERNEL_DISPATCH",4,2,51,"void dequantize_block_iq3_s<__half>(void const*, __half*)",2117,16982248800552,16982248818182,0,0,32,1,1,163840,1,1
"KERNEL_DISPATCH",4,2,64,"void convert_unary<float, __half>(void const*, __half*, long, long, long, HIP_vector_type<unsigned int, 3u>, long, long, long)",2118,16982248818182,16982248834775,0,0,256,1,1,655360,1,1
"KERNEL_DISPATCH",4,2,285,"Cijk_Alik_Bljk_HB_MT16x16x24_SN_1LDSB0_APM1_ABV0_ACED0_AF0EM2_AF1EM1_AMAS3_ASE_ASGT_ASLT_ASM_ASAE01_ASCE01_ASEM2_AAC0_BL1_BS1_CLR0_DTLA0_DTLB0_DTVA0_DTVB0_DVO0_ETSP_EPS1_ELFLR0_EMLL0_FSSC10_FL0_GLVWA2_GLVWB2_GRCGA1_GRCGB1_GRPM1_GRVW2_GSU1_GSUASB_GLS0_ISA900_IU1_K1_KLA_LBSPPA0_LBSPPB0_LPA0_LPB0_LDL1_LRVW2_LWPMn1_LDW0_FMA_MIAV0_MDA2_MO40_MMFGLC_MKFGSU256_NTA0_NTB0_NTC0_NTD0_NEPBS0_NLCA3_NLCB3_ONLL1_OPLV0_PK0_PAP0_PGR1_PLR1_PKA0_SIA1_SLW1_SS0_SU32_SUM0_SUS256_SCIUI1_SPO0_SRVW0_SSO0_SVW4_SNLL0_TSGRA0_TSGRB0_TT2_2_TLDS0_UMLDSA0_UMLDSB0_USFGRO1_VAW2_VS1_VW2_VWB2_VFLRP0_WSGRA0_WSGRB0_WS64_WG8_8_1_WGM8",2119,16982248834775,16982249037299,0,3584,64,1,1,1024,8,1
"KERNEL_DISPATCH",4,2,76,"void convert_unary<__half, float>(void const*, float*, long, long, long, HIP_vector_type<unsigned int, 3u>, long, long, long)",2120,16982249037299,16982249041447,0,0,256,1,1,32768,1,1
"KERNEL_DISPATCH",4,2,51,"void dequantize_block_iq3_s<__half>(void const*, __half*)",2121,16982249060262,16982249078040,0,0,32,1,1,163840,1,1
"KERNEL_DISPATCH",4,2,64,"void convert_unary<float, __half>(void const*, __half*, long, long, long, HIP_vector_type<unsigned int, 3u>, long, long, long)",2122,16982249078040,16982249094633,0,0,256,1,1,655360,1,1
"KERNEL_DISPATCH",4,2,285,"Cijk_Alik_Bljk_HB_MT16x16x24_SN_1LDSB0_APM1_ABV0_ACED0_AF0EM2_AF1EM1_AMAS3_ASE_ASGT_ASLT_ASM_ASAE01_ASCE01_ASEM2_AAC0_BL1_BS1_CLR0_DTLA0_DTLB0_DTVA0_DTVB0_DVO0_ETSP_EPS1_ELFLR0_EMLL0_FSSC10_FL0_GLVWA2_GLVWB2_GRCGA1_GRCGB1_GRPM1_GRVW2_GSU1_GSUASB_GLS0_ISA900_IU1_K1_KLA_LBSPPA0_LBSPPB0_LPA0_LPB0_LDL1_LRVW2_LWPMn1_LDW0_FMA_MIAV0_MDA2_MO40_MMFGLC_MKFGSU256_NTA0_NTB0_NTC0_NTD0_NEPBS0_NLCA3_NLCB3_ONLL1_OPLV0_PK0_PAP0_PGR1_PLR1_PKA0_SIA1_SLW1_SS0_SU32_SUM0_SUS256_SCIUI1_SPO0_SRVW0_SSO0_SVW4_SNLL0_TSGRA0_TSGRB0_TT2_2_TLDS0_UMLDSA0_UMLDSB0_USFGRO1_VAW2_VS1_VW2_VWB2_VFLRP0_WSGRA0_WSGRB0_WS64_WG8_8_1_WGM8",2123,16982249094633,16982249298786,0,3584,64,1,1,1024,8,1
"KERNEL_DISPATCH",4,2,76,"void convert_unary<__half, float>(void const*, float*, long, long, long, HIP_vector_type<unsigned int, 3u>, long, long, long)",2124,16982249298786,16982249303083,0,0,256,1,1,32768,1,1
"KERNEL_DISPATCH",4,2,51,"void dequantize_block_iq3_s<__half>(void const*, __half*)",2125,16982249321602,16982249339380,0,0,32,1,1,163840,1,1
"KERNEL_DISPATCH",4,2,64,"void convert_unary<float, __half>(void const*, __half*, long, long, long, HIP_vector_type<unsigned int, 3u>, long, long, long)",2126,16982249339380,16982249355973,0,0,256,1,1,655360,1,1
"KERNEL_DISPATCH",4,2,285,"Cijk_Alik_Bljk_HB_MT16x16x24_SN_1LDSB0_APM1_ABV0_ACED0_AF0EM2_AF1EM1_AMAS3_ASE_ASGT_ASLT_ASM_ASAE01_ASCE01_ASEM2_AAC0_BL1_BS1_CLR0_DTLA0_DTLB0_DTVA0_DTVB0_DVO0_ETSP_EPS1_ELFLR0_EMLL0_FSSC10_FL0_GLVWA2_GLVWB2_GRCGA1_GRCGB1_GRPM1_GRVW2_GSU1_GSUASB_GLS0_ISA900_IU1_K1_KLA_LBSPPA0_LBSPPB0_LPA0_LPB0_LDL1_LRVW2_LWPMn1_LDW0_FMA_MIAV0_MDA2_MO40_MMFGLC_MKFGSU256_NTA0_NTB0_NTC0_NTD0_NEPBS0_NLCA3_NLCB3_ONLL1_OPLV0_PK0_PAP0_PGR1_PLR1_PKA0_SIA1_SLW1_SS0_SU32_SUM0_SUS256_SCIUI1_SPO0_SRVW0_SSO0_SVW4_SNLL0_TSGRA0_TSGRB0_TT2_2_TLDS0_UMLDSA0_UMLDSB0_USFGRO1_VAW2_VS1_VW2_VWB2_VFLRP0_WSGRA0_WSGRB0_WS64_WG8_8_1_WGM8",2127,16982249355973,16982249558052,0,3584,64,1,1,1024,8,1
"KERNEL_DISPATCH",4,2,76,"void convert_unary<__half, float>(void const*, float*, long, long, long, HIP_vector_type<unsigned int, 3u>, long, long, long)",2128,16982249558052,16982249562348,0,0,256,1,1,32768,1,1
"KERNEL_DISPATCH",4,2,51,"void dequantize_block_iq3_s<__half>(void const*, __half*)",2129,16982249580719,16982249598201,0,0,32,1,1,163840,1,1
"KERNEL_DISPATCH",4,2,64,"void convert_unary<float, __half>(void const*, __half*, long, long, long, HIP_vector_type<unsigned int, 3u>, long, long, long)",2130,16982249598201,16982249614942,0,0,256,1,1,655360,1,1
"KERNEL_DISPATCH",4,2,285,"Cijk_Alik_Bljk_HB_MT16x16x24_SN_1LDSB0_APM1_ABV0_ACED0_AF0EM2_AF1EM1_AMAS3_ASE_ASGT_ASLT_ASM_ASAE01_ASCE01_ASEM2_AAC0_BL1_BS1_CLR0_DTLA0_DTLB0_DTVA0_DTVB0_DVO0_ETSP_EPS1_ELFLR0_EMLL0_FSSC10_FL0_GLVWA2_GLVWB2_GRCGA1_GRCGB1_GRPM1_GRVW2_GSU1_GSUASB_GLS0_ISA900_IU1_K1_KLA_LBSPPA0_LBSPPB0_LPA0_LPB0_LDL1_LRVW2_LWPMn1_LDW0_FMA_MIAV0_MDA2_MO40_MMFGLC_MKFGSU256_NTA0_NTB0_NTC0_NTD0_NEPBS0_NLCA3_NLCB3_ONLL1_OPLV0_PK0_PAP0_PGR1_PLR1_PKA0_SIA1_SLW1_SS0_SU32_SUM0_SUS256_SCIUI1_SPO0_SRVW0_SSO0_SVW4_SNLL0_TSGRA0_TSGRB0_TT2_2_TLDS0_UMLDSA0_UMLDSB0_USFGRO1_VAW2_VS1_VW2_VWB2_VFLRP0_WSGRA0_WSGRB0_WS64_WG8_8_1_WGM8",2131,16982249614942,16982249817021,0,3584,64,1,1,1024,8,1
"KERNEL_DISPATCH",4,2,76,"void convert_unary<__half, float>(void const*, float*, long, long, long, HIP_vector_type<unsigned int, 3u>, long, long, long)",2132,16982249817021,16982249821169,0,0,256,1,1,32768,1,1
"KERNEL_DISPATCH",4,2,51,"void dequantize_block_iq3_s<__half>(void const*, __half*)",2133,16982249839392,16982249856874,0,0,32,1,1,163840,1,1
"KERNEL_DISPATCH",4,2,64,"void convert_unary<float, __half>(void const*, __half*, long, long, long, HIP_vector_type<unsigned int, 3u>, long, long, long)",2134,16982249856874,16982249873467,0,0,256,1,1,655360,1,1
"KERNEL_DISPATCH",4,2,285,"Cijk_Alik_Bljk_HB_MT16x16x24_SN_1LDSB0_APM1_ABV0_ACED0_AF0EM2_AF1EM1_AMAS3_ASE_ASGT_ASLT_ASM_ASAE01_ASCE01_ASEM2_AAC0_BL1_BS1_CLR0_DTLA0_DTLB0_DTVA0_DTVB0_DVO0_ETSP_EPS1_ELFLR0_EMLL0_FSSC10_FL0_GLVWA2_GLVWB2_GRCGA1_GRCGB1_GRPM1_GRVW2_GSU1_GSUASB_GLS0_ISA900_IU1_K1_KLA_LBSPPA0_LBSPPB0_LPA0_LPB0_LDL1_LRVW2_LWPMn1_LDW0_FMA_MIAV0_MDA2_MO40_MMFGLC_MKFGSU256_NTA0_NTB0_NTC0_NTD0_NEPBS0_NLCA3_NLCB3_ONLL1_OPLV0_PK0_PAP0_PGR1_PLR1_PKA0_SIA1_SLW1_SS0_SU32_SUM0_SUS256_SCIUI1_SPO0_SRVW0_SSO0_SVW4_SNLL0_TSGRA0_TSGRB0_TT2_2_TLDS0_UMLDSA0_UMLDSB0_USFGRO1_VAW2_VS1_VW2_VWB2_VFLRP0_WSGRA0_WSGRB0_WS64_WG8_8_1_WGM8",2135,16982249873467,16982250075398,0,3584,64,1,1,1024,8,1
"KERNEL_DISPATCH",4,2,76,"void convert_unary<__half, float>(void const*, float*, long, long, long, HIP_vector_type<unsigned int, 3u>, long, long, long)",2136,16982250075398,16982250079546,0,0,256,1,1,32768,1,1
"KERNEL_DISPATCH",4,2,51,"void dequantize_block_iq3_s<__half>(void const*, __half*)",2137,16982250097769,16982250115547,0,0,32,1,1,163840,1,1
"KERNEL_DISPATCH",4,2,64,"void convert_unary<float, __half>(void const*, __half*, long, long, long, HIP_vector_type<unsigned int, 3u>, long, long, long)",2138,16982250115547,16982250132288,0,0,256,1,1,655360,1,1
"KERNEL_DISPATCH",4,2,285,"Cijk_Alik_Bljk_HB_MT16x16x24_SN_1LDSB0_APM1_ABV0_ACED0_AF0EM2_AF1EM1_AMAS3_ASE_ASGT_ASLT_ASM_ASAE01_ASCE01_ASEM2_AAC0_BL1_BS1_CLR0_DTLA0_DTLB0_DTVA0_DTVB0_DVO0_ETSP_EPS1_ELFLR0_EMLL0_FSSC10_FL0_GLVWA2_GLVWB2_GRCGA1_GRCGB1_GRPM1_GRVW2_GSU1_GSUASB_GLS0_ISA900_IU1_K1_KLA_LBSPPA0_LBSPPB0_LPA0_LPB0_LDL1_LRVW2_LWPMn1_LDW0_FMA_MIAV0_MDA2_MO40_MMFGLC_MKFGSU256_NTA0_NTB0_NTC0_NTD0_NEPBS0_NLCA3_NLCB3_ONLL1_OPLV0_PK0_PAP0_PGR1_PLR1_PKA0_SIA1_SLW1_SS0_SU32_SUM0_SUS256_SCIUI1_SPO0_SRVW0_SSO0_SVW4_SNLL0_TSGRA0_TSGRB0_TT2_2_TLDS0_UMLDSA0_UMLDSB0_USFGRO1_VAW2_VS1_VW2_VWB2_VFLRP0_WSGRA0_WSGRB0_WS64_WG8_8_1_WGM8",2139,16982250132288,16982250334663,0,3584,64,1,1,1024,8,1
"KERNEL_DISPATCH",4,2,76,"void convert_unary<__half, float>(void const*, float*, long, long, long, HIP_vector_type<unsigned int, 3u>, long, long, long)",2140,16982250334663,16982250338812,0,0,256,1,1,32768,1,1
"KERNEL_DISPATCH",4,2,51,"void dequantize_block_iq3_s<__half>(void const*, __half*)",2141,16982250358071,16982250376146,0,0,32,1,1,163840,1,1
"KERNEL_DISPATCH",4,2,64,"void convert_unary<float, __half>(void const*, __half*, long, long, long, HIP_vector_type<unsigned int, 3u>, long, long, long)",2142,16982250376146,16982250392739,0,0,256,1,1,655360,1,1
"KERNEL_DISPATCH",4,2,285,"Cijk_Alik_Bljk_HB_MT16x16x24_SN_1LDSB0_APM1_ABV0_ACED0_AF0EM2_AF1EM1_AMAS3_ASE_ASGT_ASLT_ASM_ASAE01_ASCE01_ASEM2_AAC0_BL1_BS1_CLR0_DTLA0_DTLB0_DTVA0_DTVB0_DVO0_ETSP_EPS1_ELFLR0_EMLL0_FSSC10_FL0_GLVWA2_GLVWB2_GRCGA1_GRCGB1_GRPM1_GRVW2_GSU1_GSUASB_GLS0_ISA900_IU1_K1_KLA_LBSPPA0_LBSPPB0_LPA0_LPB0_LDL1_LRVW2_LWPMn1_LDW0_FMA_MIAV0_MDA2_MO40_MMFGLC_MKFGSU256_NTA0_NTB0_NTC0_NTD0_NEPBS0_NLCA3_NLCB3_ONLL1_OPLV0_PK0_PAP0_PGR1_PLR1_PKA0_SIA1_SLW1_SS0_SU32_SUM0_SUS256_SCIUI1_SPO0_SRVW0_SSO0_SVW4_SNLL0_TSGRA0_TSGRB0_TT2_2_TLDS0_UMLDSA0_UMLDSB0_USFGRO1_VAW2_VS1_VW2_VWB2_VFLRP0_WSGRA0_WSGRB0_WS64_WG8_8_1_WGM8",2143,16982250392739,16982250595262,0,3584,64,1,1,1024,8,1
"KERNEL_DISPATCH",4,2,76,"void convert_unary<__half, float>(void const*, float*, long, long, long, HIP_vector_type<unsigned int, 3u>, long, long, long)",2144,16982250595262,16982250599410,0,0,256,1,1,32768,1,1
"KERNEL_DISPATCH",4,2,51,"void dequantize_block_iq3_s<__half>(void const*, __half*)",2145,16982250618226,16982250636004,0,0,32,1,1,163840,1,1
"KERNEL_DISPATCH",4,2,64,"void convert_unary<float, __half>(void const*, __half*, long, long, long, HIP_vector_type<unsigned int, 3u>, long, long, long)",2146,16982250636004,16982250652745,0,0,256,1,1,655360,1,1
"KERNEL_DISPATCH",4,2,285,"Cijk_Alik_Bljk_HB_MT16x16x24_SN_1LDSB0_APM1_ABV0_ACED0_AF0EM2_AF1EM1_AMAS3_ASE_ASGT_ASLT_ASM_ASAE01_ASCE01_ASEM2_AAC0_BL1_BS1_CLR0_DTLA0_DTLB0_DTVA0_DTVB0_DVO0_ETSP_EPS1_ELFLR0_EMLL0_FSSC10_FL0_GLVWA2_GLVWB2_GRCGA1_GRCGB1_GRPM1_GRVW2_GSU1_GSUASB_GLS0_ISA900_IU1_K1_KLA_LBSPPA0_LBSPPB0_LPA0_LPB0_LDL1_LRVW2_LWPMn1_LDW0_FMA_MIAV0_MDA2_MO40_MMFGLC_MKFGSU256_NTA0_NTB0_NTC0_NTD0_NEPBS0_NLCA3_NLCB3_ONLL1_OPLV0_PK0_PAP0_PGR1_PLR1_PKA0_SIA1_SLW1_SS0_SU32_SUM0_SUS256_SCIUI1_SPO0_SRVW0_SSO0_SVW4_SNLL0_TSGRA0_TSGRB0_TT2_2_TLDS0_UMLDSA0_UMLDSB0_USFGRO1_VAW2_VS1_VW2_VWB2_VFLRP0_WSGRA0_WSGRB0_WS64_WG8_8_1_WGM8",2147,16982250652745,16982250854824,0,3584,64,1,1,1024,8,1
"KERNEL_DISPATCH",4,2,76,"void convert_unary<__half, float>(void const*, float*, long, long, long, HIP_vector_type<unsigned int, 3u>, long, long, long)",2148,16982250854824,16982250858972,0,0,256,1,1,32768,1,1
"KERNEL_DISPATCH",4,2,51,"void dequantize_block_iq3_s<__half>(void const*, __half*)",2149,16982250877343,16982250894825,0,0,32,1,1,163840,1,1
"KERNEL_DISPATCH",4,2,64,"void convert_unary<float, __half>(void const*, __half*, long, long, long, HIP_vector_type<unsigned int, 3u>, long, long, long)",2150,16982250894825,16982250911566,0,0,256,1,1,655360,1,1
"KERNEL_DISPATCH",4,2,285,"Cijk_Alik_Bljk_HB_MT16x16x24_SN_1LDSB0_APM1_ABV0_ACED0_AF0EM2_AF1EM1_AMAS3_ASE_ASGT_ASLT_ASM_ASAE01_ASCE01_ASEM2_AAC0_BL1_BS1_CLR0_DTLA0_DTLB0_DTVA0_DTVB0_DVO0_ETSP_EPS1_ELFLR0_EMLL0_FSSC10_FL0_GLVWA2_GLVWB2_GRCGA1_GRCGB1_GRPM1_GRVW2_GSU1_GSUASB_GLS0_ISA900_IU1_K1_KLA_LBSPPA0_LBSPPB0_LPA0_LPB0_LDL1_LRVW2_LWPMn1_LDW0_FMA_MIAV0_MDA2_MO40_MMFGLC_MKFGSU256_NTA0_NTB0_NTC0_NTD0_NEPBS0_NLCA3_NLCB3_ONLL1_OPLV0_PK0_PAP0_PGR1_PLR1_PKA0_SIA1_SLW1_SS0_SU32_SUM0_SUS256_SCIUI1_SPO0_SRVW0_SSO0_SVW4_SNLL0_TSGRA0_TSGRB0_TT2_2_TLDS0_UMLDSA0_UMLDSB0_USFGRO1_VAW2_VS1_VW2_VWB2_VFLRP0_WSGRA0_WSGRB0_WS64_WG8_8_1_WGM8",2151,16982250911566,16982251113793,0,3584,64,1,1,1024,8,1
"KERNEL_DISPATCH",4,2,76,"void convert_unary<__half, float>(void const*, float*, long, long, long, HIP_vector_type<unsigned int, 3u>, long, long, long)",2152,16982251113793,16982251117942,0,0,256,1,1,32768,1,1
"KERNEL_DISPATCH",4,2,51,"void dequantize_block_iq3_s<__half>(void const*, __half*)",2153,16982251136757,16982251154239,0,0,32,1,1,163840,1,1
"KERNEL_DISPATCH",4,2,64,"void convert_unary<float, __half>(void const*, __half*, long, long, long, HIP_vector_type<unsigned int, 3u>, long, long, long)",2154,16982251154239,16982251170980,0,0,256,1,1,655360,1,1
"KERNEL_DISPATCH",4,2,285,"Cijk_Alik_Bljk_HB_MT16x16x24_SN_1LDSB0_APM1_ABV0_ACED0_AF0EM2_AF1EM1_AMAS3_ASE_ASGT_ASLT_ASM_ASAE01_ASCE01_ASEM2_AAC0_BL1_BS1_CLR0_DTLA0_DTLB0_DTVA0_DTVB0_DVO0_ETSP_EPS1_ELFLR0_EMLL0_FSSC10_FL0_GLVWA2_GLVWB2_GRCGA1_GRCGB1_GRPM1_GRVW2_GSU1_GSUASB_GLS0_ISA900_IU1_K1_KLA_LBSPPA0_LBSPPB0_LPA0_LPB0_LDL1_LRVW2_LWPMn1_LDW0_FMA_MIAV0_MDA2_MO40_MMFGLC_MKFGSU256_NTA0_NTB0_NTC0_NTD0_NEPBS0_NLCA3_NLCB3_ONLL1_OPLV0_PK0_PAP0_PGR1_PLR1_PKA0_SIA1_SLW1_SS0_SU32_SUM0_SUS256_SCIUI1_SPO0_SRVW0_SSO0_SVW4_SNLL0_TSGRA0_TSGRB0_TT2_2_TLDS0_UMLDSA0_UMLDSB0_USFGRO1_VAW2_VS1_VW2_VWB2_VFLRP0_WSGRA0_WSGRB0_WS64_WG8_8_1_WGM8",2155,16982251170980,16982251373059,0,3584,64,1,1,1024,8,1
"KERNEL_DISPATCH",4,2,76,"void convert_unary<__half, float>(void const*, float*, long, long, long, HIP_vector_type<unsigned int, 3u>, long, long, long)",2156,16982251373059,16982251377355,0,0,256,1,1,32768,1,1
"KERNEL_DISPATCH",4,2,51,"void dequantize_block_iq3_s<__half>(void const*, __half*)",2157,16982251401356,16982251419282,0,0,32,1,1,163840,1,1
"KERNEL_DISPATCH",4,2,64,"void convert_unary<float, __half>(void const*, __half*, long, long, long, HIP_vector_type<unsigned int, 3u>, long, long, long)",2158,16982251419282,16982251436023,0,0,256,1,1,655360,1,1
"KERNEL_DISPATCH",4,2,285,"Cijk_Alik_Bljk_HB_MT16x16x24_SN_1LDSB0_APM1_ABV0_ACED0_AF0EM2_AF1EM1_AMAS3_ASE_ASGT_ASLT_ASM_ASAE01_ASCE01_ASEM2_AAC0_BL1_BS1_CLR0_DTLA0_DTLB0_DTVA0_DTVB0_DVO0_ETSP_EPS1_ELFLR0_EMLL0_FSSC10_FL0_GLVWA2_GLVWB2_GRCGA1_GRCGB1_GRPM1_GRVW2_GSU1_GSUASB_GLS0_ISA900_IU1_K1_KLA_LBSPPA0_LBSPPB0_LPA0_LPB0_LDL1_LRVW2_LWPMn1_LDW0_FMA_MIAV0_MDA2_MO40_MMFGLC_MKFGSU256_NTA0_NTB0_NTC0_NTD0_NEPBS0_NLCA3_NLCB3_ONLL1_OPLV0_PK0_PAP0_PGR1_PLR1_PKA0_SIA1_SLW1_SS0_SU32_SUM0_SUS256_SCIUI1_SPO0_SRVW0_SSO0_SVW4_SNLL0_TSGRA0_TSGRB0_TT2_2_TLDS0_UMLDSA0_UMLDSB0_USFGRO1_VAW2_VS1_VW2_VWB2_VFLRP0_WSGRA0_WSGRB0_WS64_WG8_8_1_WGM8",2159,16982251436023,16982251638399,0,3584,64,1,1,1024,8,1
"KERNEL_DISPATCH",4,2,76,"void convert_unary<__half, float>(void const*, float*, long, long, long, HIP_vector_type<unsigned int, 3u>, long, long, long)",2160,16982251638399,16982251642547,0,0,256,1,1,32768,1,1
"KERNEL_DISPATCH",4,2,51,"void dequantize_block_iq3_s<__half>(void const*, __half*)",2161,16982251661510,16982251679140,0,0,32,1,1,163840,1,1
"KERNEL_DISPATCH",4,2,64,"void convert_unary<float, __half>(void const*, __half*, long, long, long, HIP_vector_type<unsigned int, 3u>, long, long, long)",2162,16982251679140,16982251695733,0,0,256,1,1,655360,1,1
"KERNEL_DISPATCH",4,2,285,"Cijk_Alik_Bljk_HB_MT16x16x24_SN_1LDSB0_APM1_ABV0_ACED0_AF0EM2_AF1EM1_AMAS3_ASE_ASGT_ASLT_ASM_ASAE01_ASCE01_ASEM2_AAC0_BL1_BS1_CLR0_DTLA0_DTLB0_DTVA0_DTVB0_DVO0_ETSP_EPS1_ELFLR0_EMLL0_FSSC10_FL0_GLVWA2_GLVWB2_GRCGA1_GRCGB1_GRPM1_GRVW2_GSU1_GSUASB_GLS0_ISA900_IU1_K1_KLA_LBSPPA0_LBSPPB0_LPA0_LPB0_LDL1_LRVW2_LWPMn1_LDW0_FMA_MIAV0_MDA2_MO40_MMFGLC_MKFGSU256_NTA0_NTB0_NTC0_NTD0_NEPBS0_NLCA3_NLCB3_ONLL1_OPLV0_PK0_PAP0_PGR1_PLR1_PKA0_SIA1_SLW1_SS0_SU32_SUM0_SUS256_SCIUI1_SPO0_SRVW0_SSO0_SVW4_SNLL0_TSGRA0_TSGRB0_TT2_2_TLDS0_UMLDSA0_UMLDSB0_USFGRO1_VAW2_VS1_VW2_VWB2_VFLRP0_WSGRA0_WSGRB0_WS64_WG8_8_1_WGM8",2163,16982251695733,16982251898109,0,3584,64,1,1,1024,8,1
"KERNEL_DISPATCH",4,2,76,"void convert_unary<__half, float>(void const*, float*, long, long, long, HIP_vector_type<unsigned int, 3u>, long, long, long)",2164,16982251898109,16982251902257,0,0,256,1,1,32768,1,1
"KERNEL_DISPATCH",4,2,51,"void dequantize_block_iq3_s<__half>(void const*, __half*)",2165,16982251921220,16982251938850,0,0,32,1,1,163840,1,1
"KERNEL_DISPATCH",4,2,64,"void convert_unary<float, __half>(void const*, __half*, long, long, long, HIP_vector_type<unsigned int, 3u>, long, long, long)",2166,16982251938850,16982251955740,0,0,256,1,1,655360,1,1
"KERNEL_DISPATCH",4,2,285,"Cijk_Alik_Bljk_HB_MT16x16x24_SN_1LDSB0_APM1_ABV0_ACED0_AF0EM2_AF1EM1_AMAS3_ASE_ASGT_ASLT_ASM_ASAE01_ASCE01_ASEM2_AAC0_BL1_BS1_CLR0_DTLA0_DTLB0_DTVA0_DTVB0_DVO0_ETSP_EPS1_ELFLR0_EMLL0_FSSC10_FL0_GLVWA2_GLVWB2_GRCGA1_GRCGB1_GRPM1_GRVW2_GSU1_GSUASB_GLS0_ISA900_IU1_K1_KLA_LBSPPA0_LBSPPB0_LPA0_LPB0_LDL1_LRVW2_LWPMn1_LDW0_FMA_MIAV0_MDA2_MO40_MMFGLC_MKFGSU256_NTA0_NTB0_NTC0_NTD0_NEPBS0_NLCA3_NLCB3_ONLL1_OPLV0_PK0_PAP0_PGR1_PLR1_PKA0_SIA1_SLW1_SS0_SU32_SUM0_SUS256_SCIUI1_SPO0_SRVW0_SSO0_SVW4_SNLL0_TSGRA0_TSGRB0_TT2_2_TLDS0_UMLDSA0_UMLDSB0_USFGRO1_VAW2_VS1_VW2_VWB2_VFLRP0_WSGRA0_WSGRB0_WS64_WG8_8_1_WGM8",2167,16982251955740,16982252157819,0,3584,64,1,1,1024,8,1
"KERNEL_DISPATCH",4,2,76,"void convert_unary<__half, float>(void const*, float*, long, long, long, HIP_vector_type<unsigned int, 3u>, long, long, long)",2168,16982252157819,16982252162115,0,0,256,1,1,32768,1,1
"KERNEL_DISPATCH",4,2,51,"void dequantize_block_iq3_s<__half>(void const*, __half*)",2169,16982252180782,16982252198857,0,0,32,1,1,163840,1,1
"KERNEL_DISPATCH",4,2,64,"void convert_unary<float, __half>(void const*, __half*, long, long, long, HIP_vector_type<unsigned int, 3u>, long, long, long)",2170,16982252198857,16982252215450,0,0,256,1,1,655360,1,1
"KERNEL_DISPATCH",4,2,285,"Cijk_Alik_Bljk_HB_MT16x16x24_SN_1LDSB0_APM1_ABV0_ACED0_AF0EM2_AF1EM1_AMAS3_ASE_ASGT_ASLT_ASM_ASAE01_ASCE01_ASEM2_AAC0_BL1_BS1_CLR0_DTLA0_DTLB0_DTVA0_DTVB0_DVO0_ETSP_EPS1_ELFLR0_EMLL0_FSSC10_FL0_GLVWA2_GLVWB2_GRCGA1_GRCGB1_GRPM1_GRVW2_GSU1_GSUASB_GLS0_ISA900_IU1_K1_KLA_LBSPPA0_LBSPPB0_LPA0_LPB0_LDL1_LRVW2_LWPMn1_LDW0_FMA_MIAV0_MDA2_MO40_MMFGLC_MKFGSU256_NTA0_NTB0_NTC0_NTD0_NEPBS0_NLCA3_NLCB3_ONLL1_OPLV0_PK0_PAP0_PGR1_PLR1_PKA0_SIA1_SLW1_SS0_SU32_SUM0_SUS256_SCIUI1_SPO0_SRVW0_SSO0_SVW4_SNLL0_TSGRA0_TSGRB0_TT2_2_TLDS0_UMLDSA0_UMLDSB0_USFGRO1_VAW2_VS1_VW2_VWB2_VFLRP0_WSGRA0_WSGRB0_WS64_WG8_8_1_WGM8",2171,16982252215450,16982252417529,0,3584,64,1,1,1024,8,1
"KERNEL_DISPATCH",4,2,76,"void convert_unary<__half, float>(void const*, float*, long, long, long, HIP_vector_type<unsigned int, 3u>, long, long, long)",2172,16982252417529,16982252421677,0,0,256,1,1,32768,1,1
"KERNEL_DISPATCH",4,2,51,"void dequantize_block_iq3_s<__half>(void const*, __half*)",2173,16982252440492,16982252457974,0,0,32,1,1,163840,1,1
"KERNEL_DISPATCH",4,2,64,"void convert_unary<float, __half>(void const*, __half*, long, long, long, HIP_vector_type<unsigned int, 3u>, long, long, long)",2174,16982252457974,16982252474863,0,0,256,1,1,655360,1,1
"KERNEL_DISPATCH",4,2,285,"Cijk_Alik_Bljk_HB_MT16x16x24_SN_1LDSB0_APM1_ABV0_ACED0_AF0EM2_AF1EM1_AMAS3_ASE_ASGT_ASLT_ASM_ASAE01_ASCE01_ASEM2_AAC0_BL1_BS1_CLR0_DTLA0_DTLB0_DTVA0_DTVB0_DVO0_ETSP_EPS1_ELFLR0_EMLL0_FSSC10_FL0_GLVWA2_GLVWB2_GRCGA1_GRCGB1_GRPM1_GRVW2_GSU1_GSUASB_GLS0_ISA900_IU1_K1_KLA_LBSPPA0_LBSPPB0_LPA0_LPB0_LDL1_LRVW2_LWPMn1_LDW0_FMA_MIAV0_MDA2_MO40_MMFGLC_MKFGSU256_NTA0_NTB0_NTC0_NTD0_NEPBS0_NLCA3_NLCB3_ONLL1_OPLV0_PK0_PAP0_PGR1_PLR1_PKA0_SIA1_SLW1_SS0_SU32_SUM0_SUS256_SCIUI1_SPO0_SRVW0_SSO0_SVW4_SNLL0_TSGRA0_TSGRB0_TT2_2_TLDS0_UMLDSA0_UMLDSB0_USFGRO1_VAW2_VS1_VW2_VWB2_VFLRP0_WSGRA0_WSGRB0_WS64_WG8_8_1_WGM8",2175,16982252474863,16982252676942,0,3584,64,1,1,1024,8,1
"KERNEL_DISPATCH",4,2,76,"void convert_unary<__half, float>(void const*, float*, long, long, long, HIP_vector_type<unsigned int, 3u>, long, long, long)",2176,16982252676942,16982252681239,0,0,256,1,1,32768,1,1
"KERNEL_DISPATCH",4,2,51,"void dequantize_block_iq3_s<__half>(void const*, __half*)",2177,16982252700054,16982252717536,0,0,32,1,1,163840,1,1
"KERNEL_DISPATCH",4,2,64,"void convert_unary<float, __half>(void const*, __half*, long, long, long, HIP_vector_type<unsigned int, 3u>, long, long, long)",2178,16982252717536,16982252787612,0,0,256,1,1,655360,1,1
"KERNEL_DISPATCH",4,2,285,"Cijk_Alik_Bljk_HB_MT16x16x24_SN_1LDSB0_APM1_ABV0_ACED0_AF0EM2_AF1EM1_AMAS3_ASE_ASGT_ASLT_ASM_ASAE01_ASCE01_ASEM2_AAC0_BL1_BS1_CLR0_DTLA0_DTLB0_DTVA0_DTVB0_DVO0_ETSP_EPS1_ELFLR0_EMLL0_FSSC10_FL0_GLVWA2_GLVWB2_GRCGA1_GRCGB1_GRPM1_GRVW2_GSU1_GSUASB_GLS0_ISA900_IU1_K1_KLA_LBSPPA0_LBSPPB0_LPA0_LPB0_LDL1_LRVW2_LWPMn1_LDW0_FMA_MIAV0_MDA2_MO40_MMFGLC_MKFGSU256_NTA0_NTB0_NTC0_NTD0_NEPBS0_NLCA3_NLCB3_ONLL1_OPLV0_PK0_PAP0_PGR1_PLR1_PKA0_SIA1_SLW1_SS0_SU32_SUM0_SUS256_SCIUI1_SPO0_SRVW0_SSO0_SVW4_SNLL0_TSGRA0_TSGRB0_TT2_2_TLDS0_UMLDSA0_UMLDSB0_USFGRO1_VAW2_VS1_VW2_VWB2_VFLRP0_WSGRA0_WSGRB0_WS64_WG8_8_1_WGM8",2179,16982252787612,16982252989839,0,3584,64,1,1,1024,8,1
"KERNEL_DISPATCH",4,2,76,"void convert_unary<__half, float>(void const*, float*, long, long, long, HIP_vector_type<unsigned int, 3u>, long, long, long)",2180,16982252989839,16982252993987,0,0,256,1,1,32768,1,1
"KERNEL_DISPATCH",4,2,51,"void dequantize_block_iq3_s<__half>(void const*, __half*)",2181,16982253012654,16982253029988,0,0,32,1,1,163840,1,1
"KERNEL_DISPATCH",4,2,64,"void convert_unary<float, __half>(void const*, __half*, long, long, long, HIP_vector_type<unsigned int, 3u>, long, long, long)",2182,16982253029988,16982253046729,0,0,256,1,1,655360,1,1
"KERNEL_DISPATCH",4,2,285,"Cijk_Alik_Bljk_HB_MT16x16x24_SN_1LDSB0_APM1_ABV0_ACED0_AF0EM2_AF1EM1_AMAS3_ASE_ASGT_ASLT_ASM_ASAE01_ASCE01_ASEM2_AAC0_BL1_BS1_CLR0_DTLA0_DTLB0_DTVA0_DTVB0_DVO0_ETSP_EPS1_ELFLR0_EMLL0_FSSC10_FL0_GLVWA2_GLVWB2_GRCGA1_GRCGB1_GRPM1_GRVW2_GSU1_GSUASB_GLS0_ISA900_IU1_K1_KLA_LBSPPA0_LBSPPB0_LPA0_LPB0_LDL1_LRVW2_LWPMn1_LDW0_FMA_MIAV0_MDA2_MO40_MMFGLC_MKFGSU256_NTA0_NTB0_NTC0_NTD0_NEPBS0_NLCA3_NLCB3_ONLL1_OPLV0_PK0_PAP0_PGR1_PLR1_PKA0_SIA1_SLW1_SS0_SU32_SUM0_SUS256_SCIUI1_SPO0_SRVW0_SSO0_SVW4_SNLL0_TSGRA0_TSGRB0_TT2_2_TLDS0_UMLDSA0_UMLDSB0_USFGRO1_VAW2_VS1_VW2_VWB2_VFLRP0_WSGRA0_WSGRB0_WS64_WG8_8_1_WGM8",2183,16982253046729,16982253248956,0,3584,64,1,1,1024,8,1
"KERNEL_DISPATCH",4,2,76,"void convert_unary<__half, float>(void const*, float*, long, long, long, HIP_vector_type<unsigned int, 3u>, long, long, long)",2184,16982253248956,16982253253104,0,0,256,1,1,32768,1,1
"KERNEL_DISPATCH",4,2,51,"void dequantize_block_iq3_s<__half>(void const*, __half*)",2185,16982253272660,16982253290439,0,0,32,1,1,163840,1,1
"KERNEL_DISPATCH",4,2,64,"void convert_unary<float, __half>(void const*, __half*, long, long, long, HIP_vector_type<unsigned int, 3u>, long, long, long)",2186,16982253290439,16982253307032,0,0,256,1,1,655360,1,1
"KERNEL_DISPATCH",4,2,285,"Cijk_Alik_Bljk_HB_MT16x16x24_SN_1LDSB0_APM1_ABV0_ACED0_AF0EM2_AF1EM1_AMAS3_ASE_ASGT_ASLT_ASM_ASAE01_ASCE01_ASEM2_AAC0_BL1_BS1_CLR0_DTLA0_DTLB0_DTVA0_DTVB0_DVO0_ETSP_EPS1_ELFLR0_EMLL0_FSSC10_FL0_GLVWA2_GLVWB2_GRCGA1_GRCGB1_GRPM1_GRVW2_GSU1_GSUASB_GLS0_ISA900_IU1_K1_KLA_LBSPPA0_LBSPPB0_LPA0_LPB0_LDL1_LRVW2_LWPMn1_LDW0_FMA_MIAV0_MDA2_MO40_MMFGLC_MKFGSU256_NTA0_NTB0_NTC0_NTD0_NEPBS0_NLCA3_NLCB3_ONLL1_OPLV0_PK0_PAP0_PGR1_PLR1_PKA0_SIA1_SLW1_SS0_SU32_SUM0_SUS256_SCIUI1_SPO0_SRVW0_SSO0_SVW4_SNLL0_TSGRA0_TSGRB0_TT2_2_TLDS0_UMLDSA0_UMLDSB0_USFGRO1_VAW2_VS1_VW2_VWB2_VFLRP0_WSGRA0_WSGRB0_WS64_WG8_8_1_WGM8",2187,16982253307032,16982253509407,0,3584,64,1,1,1024,8,1
"KERNEL_DISPATCH",4,2,76,"void convert_unary<__half, float>(void const*, float*, long, long, long, HIP_vector_type<unsigned int, 3u>, long, long, long)",2188,16982253509407,16982253513703,0,0,256,1,1,32768,1,1
"KERNEL_DISPATCH",4,2,51,"void dequantize_block_iq3_s<__half>(void const*, __half*)",2189,16982253532519,16982253550001,0,0,32,1,1,163840,1,1
"KERNEL_DISPATCH",4,2,64,"void convert_unary<float, __half>(void const*, __half*, long, long, long, HIP_vector_type<unsigned int, 3u>, long, long, long)",2190,16982253550001,16982253566890,0,0,256,1,1,655360,1,1
"KERNEL_DISPATCH",4,2,285,"Cijk_Alik_Bljk_HB_MT16x16x24_SN_1LDSB0_APM1_ABV0_ACED0_AF0EM2_AF1EM1_AMAS3_ASE_ASGT_ASLT_ASM_ASAE01_ASCE01_ASEM2_AAC0_BL1_BS1_CLR0_DTLA0_DTLB0_DTVA0_DTVB0_DVO0_ETSP_EPS1_ELFLR0_EMLL0_FSSC10_FL0_GLVWA2_GLVWB2_GRCGA1_GRCGB1_GRPM1_GRVW2_GSU1_GSUASB_GLS0_ISA900_IU1_K1_KLA_LBSPPA0_LBSPPB0_LPA0_LPB0_LDL1_LRVW2_LWPMn1_LDW0_FMA_MIAV0_MDA2_MO40_MMFGLC_MKFGSU256_NTA0_NTB0_NTC0_NTD0_NEPBS0_NLCA3_NLCB3_ONLL1_OPLV0_PK0_PAP0_PGR1_PLR1_PKA0_SIA1_SLW1_SS0_SU32_SUM0_SUS256_SCIUI1_SPO0_SRVW0_SSO0_SVW4_SNLL0_TSGRA0_TSGRB0_TT2_2_TLDS0_UMLDSA0_UMLDSB0_USFGRO1_VAW2_VS1_VW2_VWB2_VFLRP0_WSGRA0_WSGRB0_WS64_WG8_8_1_WGM8",2191,16982253566890,16982253768969,0,3584,64,1,1,1024,8,1
"KERNEL_DISPATCH",4,2,76,"void convert_unary<__half, float>(void const*, float*, long, long, long, HIP_vector_type<unsigned int, 3u>, long, long, long)",2192,16982253768969,16982253773265,0,0,256,1,1,32768,1,1
"KERNEL_DISPATCH",4,2,51,"void dequantize_block_iq3_s<__half>(void const*, __half*)",2193,16982253791932,16982253809562,0,0,32,1,1,163840,1,1
"KERNEL_DISPATCH",4,2,64,"void convert_unary<float, __half>(void const*, __half*, long, long, long, HIP_vector_type<unsigned int, 3u>, long, long, long)",2194,16982253809562,16982253826304,0,0,256,1,1,655360,1,1
"KERNEL_DISPATCH",4,2,285,"Cijk_Alik_Bljk_HB_MT16x16x24_SN_1LDSB0_APM1_ABV0_ACED0_AF0EM2_AF1EM1_AMAS3_ASE_ASGT_ASLT_ASM_ASAE01_ASCE01_ASEM2_AAC0_BL1_BS1_CLR0_DTLA0_DTLB0_DTVA0_DTVB0_DVO0_ETSP_EPS1_ELFLR0_EMLL0_FSSC10_FL0_GLVWA2_GLVWB2_GRCGA1_GRCGB1_GRPM1_GRVW2_GSU1_GSUASB_GLS0_ISA900_IU1_K1_KLA_LBSPPA0_LBSPPB0_LPA0_LPB0_LDL1_LRVW2_LWPMn1_LDW0_FMA_MIAV0_MDA2_MO40_MMFGLC_MKFGSU256_NTA0_NTB0_NTC0_NTD0_NEPBS0_NLCA3_NLCB3_ONLL1_OPLV0_PK0_PAP0_PGR1_PLR1_PKA0_SIA1_SLW1_SS0_SU32_SUM0_SUS256_SCIUI1_SPO0_SRVW0_SSO0_SVW4_SNLL0_TSGRA0_TSGRB0_TT2_2_TLDS0_UMLDSA0_UMLDSB0_USFGRO1_VAW2_VS1_VW2_VWB2_VFLRP0_WSGRA0_WSGRB0_WS64_WG8_8_1_WGM8",2195,16982253826304,16982254028531,0,3584,64,1,1,1024,8,1
"KERNEL_DISPATCH",4,2,76,"void convert_unary<__half, float>(void const*, float*, long, long, long, HIP_vector_type<unsigned int, 3u>, long, long, long)",2196,16982254028531,16982254032827,0,0,256,1,1,32768,1,1
"KERNEL_DISPATCH",4,2,51,"void dequantize_block_iq3_s<__half>(void const*, __half*)",2197,16982254051790,16982254069421,0,0,32,1,1,163840,1,1
"KERNEL_DISPATCH",4,2,64,"void convert_unary<float, __half>(void const*, __half*, long, long, long, HIP_vector_type<unsigned int, 3u>, long, long, long)",2198,16982254069421,16982254086014,0,0,256,1,1,655360,1,1
"KERNEL_DISPATCH",4,2,285,"Cijk_Alik_Bljk_HB_MT16x16x24_SN_1LDSB0_APM1_ABV0_ACED0_AF0EM2_AF1EM1_AMAS3_ASE_ASGT_ASLT_ASM_ASAE01_ASCE01_ASEM2_AAC0_BL1_BS1_CLR0_DTLA0_DTLB0_DTVA0_DTVB0_DVO0_ETSP_EPS1_ELFLR0_EMLL0_FSSC10_FL0_GLVWA2_GLVWB2_GRCGA1_GRCGB1_GRPM1_GRVW2_GSU1_GSUASB_GLS0_ISA900_IU1_K1_KLA_LBSPPA0_LBSPPB0_LPA0_LPB0_LDL1_LRVW2_LWPMn1_LDW0_FMA_MIAV0_MDA2_MO40_MMFGLC_MKFGSU256_NTA0_NTB0_NTC0_NTD0_NEPBS0_NLCA3_NLCB3_ONLL1_OPLV0_PK0_PAP0_PGR1_PLR1_PKA0_SIA1_SLW1_SS0_SU32_SUM0_SUS256_SCIUI1_SPO0_SRVW0_SSO0_SVW4_SNLL0_TSGRA0_TSGRB0_TT2_2_TLDS0_UMLDSA0_UMLDSB0_USFGRO1_VAW2_VS1_VW2_VWB2_VFLRP0_WSGRA0_WSGRB0_WS64_WG8_8_1_WGM8",2199,16982254086014,16982254288241,0,3584,64,1,1,1024,8,1
"KERNEL_DISPATCH",4,2,76,"void convert_unary<__half, float>(void const*, float*, long, long, long, HIP_vector_type<unsigned int, 3u>, long, long, long)",2200,16982254288241,16982254292389,0,0,256,1,1,32768,1,1
"KERNEL_DISPATCH",4,2,51,"void dequantize_block_iq3_s<__half>(void const*, __half*)",2201,16982254311501,16982254328834,0,0,32,1,1,163840,1,1
"KERNEL_DISPATCH",4,2,64,"void convert_unary<float, __half>(void const*, __half*, long, long, long, HIP_vector_type<unsigned int, 3u>, long, long, long)",2202,16982254328834,16982254345427,0,0,256,1,1,655360,1,1
"KERNEL_DISPATCH",4,2,285,"Cijk_Alik_Bljk_HB_MT16x16x24_SN_1LDSB0_APM1_ABV0_ACED0_AF0EM2_AF1EM1_AMAS3_ASE_ASGT_ASLT_ASM_ASAE01_ASCE01_ASEM2_AAC0_BL1_BS1_CLR0_DTLA0_DTLB0_DTVA0_DTVB0_DVO0_ETSP_EPS1_ELFLR0_EMLL0_FSSC10_FL0_GLVWA2_GLVWB2_GRCGA1_GRCGB1_GRPM1_GRVW2_GSU1_GSUASB_GLS0_ISA900_IU1_K1_KLA_LBSPPA0_LBSPPB0_LPA0_LPB0_LDL1_LRVW2_LWPMn1_LDW0_FMA_MIAV0_MDA2_MO40_MMFGLC_MKFGSU256_NTA0_NTB0_NTC0_NTD0_NEPBS0_NLCA3_NLCB3_ONLL1_OPLV0_PK0_PAP0_PGR1_PLR1_PKA0_SIA1_SLW1_SS0_SU32_SUM0_SUS256_SCIUI1_SPO0_SRVW0_SSO0_SVW4_SNLL0_TSGRA0_TSGRB0_TT2_2_TLDS0_UMLDSA0_UMLDSB0_USFGRO1_VAW2_VS1_VW2_VWB2_VFLRP0_WSGRA0_WSGRB0_WS64_WG8_8_1_WGM8",2203,16982254345427,16982254547654,0,3584,64,1,1,1024,8,1
"KERNEL_DISPATCH",4,2,76,"void convert_unary<__half, float>(void const*, float*, long, long, long, HIP_vector_type<unsigned int, 3u>, long, long, long)",2204,16982254547654,16982254551951,0,0,256,1,1,32768,1,1
"KERNEL_DISPATCH",4,2,51,"void dequantize_block_iq3_s<__half>(void const*, __half*)",2205,16982254570618,16982254587952,0,0,32,1,1,163840,1,1
"KERNEL_DISPATCH",4,2,64,"void convert_unary<float, __half>(void const*, __half*, long, long, long, HIP_vector_type<unsigned int, 3u>, long, long, long)",2206,16982254587952,16982254604841,0,0,256,1,1,655360,1,1
"KERNEL_DISPATCH",4,2,285,"Cijk_Alik_Bljk_HB_MT16x16x24_SN_1LDSB0_APM1_ABV0_ACED0_AF0EM2_AF1EM1_AMAS3_ASE_ASGT_ASLT_ASM_ASAE01_ASCE01_ASEM2_AAC0_BL1_BS1_CLR0_DTLA0_DTLB0_DTVA0_DTVB0_DVO0_ETSP_EPS1_ELFLR0_EMLL0_FSSC10_FL0_GLVWA2_GLVWB2_GRCGA1_GRCGB1_GRPM1_GRVW2_GSU1_GSUASB_GLS0_ISA900_IU1_K1_KLA_LBSPPA0_LBSPPB0_LPA0_LPB0_LDL1_LRVW2_LWPMn1_LDW0_FMA_MIAV0_MDA2_MO40_MMFGLC_MKFGSU256_NTA0_NTB0_NTC0_NTD0_NEPBS0_NLCA3_NLCB3_ONLL1_OPLV0_PK0_PAP0_PGR1_PLR1_PKA0_SIA1_SLW1_SS0_SU32_SUM0_SUS256_SCIUI1_SPO0_SRVW0_SSO0_SVW4_SNLL0_TSGRA0_TSGRB0_TT2_2_TLDS0_UMLDSA0_UMLDSB0_USFGRO1_VAW2_VS1_VW2_VWB2_VFLRP0_WSGRA0_WSGRB0_WS64_WG8_8_1_WGM8",2207,16982254604841,16982254807068,0,3584,64,1,1,1024,8,1
"KERNEL_DISPATCH",4,2,76,"void convert_unary<__half, float>(void const*, float*, long, long, long, HIP_vector_type<unsigned int, 3u>, long, long, long)",2208,16982254807068,16982254811216,0,0,256,1,1,32768,1,1
"KERNEL_DISPATCH",4,2,51,"void dequantize_block_iq3_s<__half>(void const*, __half*)",2209,16982254830032,16982254847662,0,0,32,1,1,163840,1,1
"KERNEL_DISPATCH",4,2,64,"void convert_unary<float, __half>(void const*, __half*, long, long, long, HIP_vector_type<unsigned int, 3u>, long, long, long)",2210,16982254847662,16982254864403,0,0,256,1,1,655360,1,1
"KERNEL_DISPATCH",4,2,285,"Cijk_Alik_Bljk_HB_MT16x16x24_SN_1LDSB0_APM1_ABV0_ACED0_AF0EM2_AF1EM1_AMAS3_ASE_ASGT_ASLT_ASM_ASAE01_ASCE01_ASEM2_AAC0_BL1_BS1_CLR0_DTLA0_DTLB0_DTVA0_DTVB0_DVO0_ETSP_EPS1_ELFLR0_EMLL0_FSSC10_FL0_GLVWA2_GLVWB2_GRCGA1_GRCGB1_GRPM1_GRVW2_GSU1_GSUASB_GLS0_ISA900_IU1_K1_KLA_LBSPPA0_LBSPPB0_LPA0_LPB0_LDL1_LRVW2_LWPMn1_LDW0_FMA_MIAV0_MDA2_MO40_MMFGLC_MKFGSU256_NTA0_NTB0_NTC0_NTD0_NEPBS0_NLCA3_NLCB3_ONLL1_OPLV0_PK0_PAP0_PGR1_PLR1_PKA0_SIA1_SLW1_SS0_SU32_SUM0_SUS256_SCIUI1_SPO0_SRVW0_SSO0_SVW4_SNLL0_TSGRA0_TSGRB0_TT2_2_TLDS0_UMLDSA0_UMLDSB0_USFGRO1_VAW2_VS1_VW2_VWB2_VFLRP0_WSGRA0_WSGRB0_WS64_WG8_8_1_WGM8",2211,16982254864403,16982255066926,0,3584,64,1,1,1024,8,1
"KERNEL_DISPATCH",4,2,76,"void convert_unary<__half, float>(void const*, float*, long, long, long, HIP_vector_type<unsigned int, 3u>, long, long, long)",2212,16982255066926,16982255071223,0,0,256,1,1,32768,1,1
"KERNEL_DISPATCH",4,2,51,"void dequantize_block_iq3_s<__half>(void const*, __half*)",2213,16982255090038,16982255107520,0,0,32,1,1,163840,1,1
"KERNEL_DISPATCH",4,2,64,"void convert_unary<float, __half>(void const*, __half*, long, long, long, HIP_vector_type<unsigned int, 3u>, long, long, long)",2214,16982255107520,16982255124409,0,0,256,1,1,655360,1,1
"KERNEL_DISPATCH",4,2,285,"Cijk_Alik_Bljk_HB_MT16x16x24_SN_1LDSB0_APM1_ABV0_ACED0_AF0EM2_AF1EM1_AMAS3_ASE_ASGT_ASLT_ASM_ASAE01_ASCE01_ASEM2_AAC0_BL1_BS1_CLR0_DTLA0_DTLB0_DTVA0_DTVB0_DVO0_ETSP_EPS1_ELFLR0_EMLL0_FSSC10_FL0_GLVWA2_GLVWB2_GRCGA1_GRCGB1_GRPM1_GRVW2_GSU1_GSUASB_GLS0_ISA900_IU1_K1_KLA_LBSPPA0_LBSPPB0_LPA0_LPB0_LDL1_LRVW2_LWPMn1_LDW0_FMA_MIAV0_MDA2_MO40_MMFGLC_MKFGSU256_NTA0_NTB0_NTC0_NTD0_NEPBS0_NLCA3_NLCB3_ONLL1_OPLV0_PK0_PAP0_PGR1_PLR1_PKA0_SIA1_SLW1_SS0_SU32_SUM0_SUS256_SCIUI1_SPO0_SRVW0_SSO0_SVW4_SNLL0_TSGRA0_TSGRB0_TT2_2_TLDS0_UMLDSA0_UMLDSB0_USFGRO1_VAW2_VS1_VW2_VWB2_VFLRP0_WSGRA0_WSGRB0_WS64_WG8_8_1_WGM8",2215,16982255124409,16982255326933,0,3584,64,1,1,1024,8,1
"KERNEL_DISPATCH",4,2,76,"void convert_unary<__half, float>(void const*, float*, long, long, long, HIP_vector_type<unsigned int, 3u>, long, long, long)",2216,16982255326933,16982255331229,0,0,256,1,1,32768,1,1
"KERNEL_DISPATCH",4,2,51,"void dequantize_block_iq3_s<__half>(void const*, __half*)",2217,16982255349896,16982255367526,0,0,32,1,1,163840,1,1
"KERNEL_DISPATCH",4,2,64,"void convert_unary<float, __half>(void const*, __half*, long, long, long, HIP_vector_type<unsigned int, 3u>, long, long, long)",2218,16982255367526,16982255384119,0,0,256,1,1,655360,1,1
"KERNEL_DISPATCH",4,2,285,"Cijk_Alik_Bljk_HB_MT16x16x24_SN_1LDSB0_APM1_ABV0_ACED0_AF0EM2_AF1EM1_AMAS3_ASE_ASGT_ASLT_ASM_ASAE01_ASCE01_ASEM2_AAC0_BL1_BS1_CLR0_DTLA0_DTLB0_DTVA0_DTVB0_DVO0_ETSP_EPS1_ELFLR0_EMLL0_FSSC10_FL0_GLVWA2_GLVWB2_GRCGA1_GRCGB1_GRPM1_GRVW2_GSU1_GSUASB_GLS0_ISA900_IU1_K1_KLA_LBSPPA0_LBSPPB0_LPA0_LPB0_LDL1_LRVW2_LWPMn1_LDW0_FMA_MIAV0_MDA2_MO40_MMFGLC_MKFGSU256_NTA0_NTB0_NTC0_NTD0_NEPBS0_NLCA3_NLCB3_ONLL1_OPLV0_PK0_PAP0_PGR1_PLR1_PKA0_SIA1_SLW1_SS0_SU32_SUM0_SUS256_SCIUI1_SPO0_SRVW0_SSO0_SVW4_SNLL0_TSGRA0_TSGRB0_TT2_2_TLDS0_UMLDSA0_UMLDSB0_USFGRO1_VAW2_VS1_VW2_VWB2_VFLRP0_WSGRA0_WSGRB0_WS64_WG8_8_1_WGM8",2219,16982255384119,16982255590198,0,3584,64,1,1,1024,8,1
"KERNEL_DISPATCH",4,2,76,"void convert_unary<__half, float>(void const*, float*, long, long, long, HIP_vector_type<unsigned int, 3u>, long, long, long)",2220,16982255590198,16982255594791,0,0,256,1,1,32768,1,1
"KERNEL_DISPATCH",4,2,51,"void dequantize_block_iq3_s<__half>(void const*, __half*)",2221,16982255614199,16982255632866,0,0,32,1,1,163840,1,1
"KERNEL_DISPATCH",4,2,64,"void convert_unary<float, __half>(void const*, __half*, long, long, long, HIP_vector_type<unsigned int, 3u>, long, long, long)",2222,16982255632866,16982255650348,0,0,256,1,1,655360,1,1
"KERNEL_DISPATCH",4,2,285,"Cijk_Alik_Bljk_HB_MT16x16x24_SN_1LDSB0_APM1_ABV0_ACED0_AF0EM2_AF1EM1_AMAS3_ASE_ASGT_ASLT_ASM_ASAE01_ASCE01_ASEM2_AAC0_BL1_BS1_CLR0_DTLA0_DTLB0_DTVA0_DTVB0_DVO0_ETSP_EPS1_ELFLR0_EMLL0_FSSC10_FL0_GLVWA2_GLVWB2_GRCGA1_GRCGB1_GRPM1_GRVW2_GSU1_GSUASB_GLS0_ISA900_IU1_K1_KLA_LBSPPA0_LBSPPB0_LPA0_LPB0_LDL1_LRVW2_LWPMn1_LDW0_FMA_MIAV0_MDA2_MO40_MMFGLC_MKFGSU256_NTA0_NTB0_NTC0_NTD0_NEPBS0_NLCA3_NLCB3_ONLL1_OPLV0_PK0_PAP0_PGR1_PLR1_PKA0_SIA1_SLW1_SS0_SU32_SUM0_SUS256_SCIUI1_SPO0_SRVW0_SSO0_SVW4_SNLL0_TSGRA0_TSGRB0_TT2_2_TLDS0_UMLDSA0_UMLDSB0_USFGRO1_VAW2_VS1_VW2_VWB2_VFLRP0_WSGRA0_WSGRB0_WS64_WG8_8_1_WGM8",2223,16982255650348,16982255865464,0,3584,64,1,1,1024,8,1
"KERNEL_DISPATCH",4,2,76,"void convert_unary<__half, float>(void const*, float*, long, long, long, HIP_vector_type<unsigned int, 3u>, long, long, long)",2224,16982255865464,16982255869909,0,0,256,1,1,32768,1,1
"KERNEL_DISPATCH",4,2,51,"void dequantize_block_iq3_s<__half>(void const*, __half*)",2225,16982255888724,16982255907391,0,0,32,1,1,163840,1,1
"KERNEL_DISPATCH",4,2,64,"void convert_unary<float, __half>(void const*, __half*, long, long, long, HIP_vector_type<unsigned int, 3u>, long, long, long)",2226,16982255907391,16982255924873,0,0,256,1,1,655360,1,1
"KERNEL_DISPATCH",4,2,76,"void convert_unary<__half, float>(void const*, float*, long, long, long, HIP_vector_type<unsigned int, 3u>, long, long, long)",2228,16982256140137,16982256144582,0,0,256,1,1,32768,1,1
"KERNEL_DISPATCH",4,2,285,"Cijk_Alik_Bljk_HB_MT16x16x24_SN_1LDSB0_APM1_ABV0_ACED0_AF0EM2_AF1EM1_AMAS3_ASE_ASGT_ASLT_ASM_ASAE01_ASCE01_ASEM2_AAC0_BL1_BS1_CLR0_DTLA0_DTLB0_DTVA0_DTVB0_DVO0_ETSP_EPS1_ELFLR0_EMLL0_FSSC10_FL0_GLVWA2_GLVWB2_GRCGA1_GRCGB1_GRPM1_GRVW2_GSU1_GSUASB_GLS0_ISA900_IU1_K1_KLA_LBSPPA0_LBSPPB0_LPA0_LPB0_LDL1_LRVW2_LWPMn1_LDW0_FMA_MIAV0_MDA2_MO40_MMFGLC_MKFGSU256_NTA0_NTB0_NTC0_NTD0_NEPBS0_NLCA3_NLCB3_ONLL1_OPLV0_PK0_PAP0_PGR1_PLR1_PKA0_SIA1_SLW1_SS0_SU32_SUM0_SUS256_SCIUI1_SPO0_SRVW0_SSO0_SVW4_SNLL0_TSGRA0_TSGRB0_TT2_2_TLDS0_UMLDSA0_UMLDSB0_USFGRO1_VAW2_VS1_VW2_VWB2_VFLRP0_WSGRA0_WSGRB0_WS64_WG8_8_1_WGM8",2227,16982255924873,16982256140137,0,3584,64,1,1,1024,8,1
"KERNEL_DISPATCH",4,2,51,"void dequantize_block_iq3_s<__half>(void const*, __half*)",2229,16982256165027,16982256183842,0,0,32,1,1,163840,1,1
"KERNEL_DISPATCH",4,2,64,"void convert_unary<float, __half>(void const*, __half*, long, long, long, HIP_vector_type<unsigned int, 3u>, long, long, long)",2230,16982256183842,16982256201324,0,0,256,1,1,655360,1,1
"KERNEL_DISPATCH",4,2,285,"Cijk_Alik_Bljk_HB_MT16x16x24_SN_1LDSB0_APM1_ABV0_ACED0_AF0EM2_AF1EM1_AMAS3_ASE_ASGT_ASLT_ASM_ASAE01_ASCE01_ASEM2_AAC0_BL1_BS1_CLR0_DTLA0_DTLB0_DTVA0_DTVB0_DVO0_ETSP_EPS1_ELFLR0_EMLL0_FSSC10_FL0_GLVWA2_GLVWB2_GRCGA1_GRCGB1_GRPM1_GRVW2_GSU1_GSUASB_GLS0_ISA900_IU1_K1_KLA_LBSPPA0_LBSPPB0_LPA0_LPB0_LDL1_LRVW2_LWPMn1_LDW0_FMA_MIAV0_MDA2_MO40_MMFGLC_MKFGSU256_NTA0_NTB0_NTC0_NTD0_NEPBS0_NLCA3_NLCB3_ONLL1_OPLV0_PK0_PAP0_PGR1_PLR1_PKA0_SIA1_SLW1_SS0_SU32_SUM0_SUS256_SCIUI1_SPO0_SRVW0_SSO0_SVW4_SNLL0_TSGRA0_TSGRB0_TT2_2_TLDS0_UMLDSA0_UMLDSB0_USFGRO1_VAW2_VS1_VW2_VWB2_VFLRP0_WSGRA0_WSGRB0_WS64_WG8_8_1_WGM8",2231,16982256201324,16982256416292,0,3584,64,1,1,1024,8,1
"KERNEL_DISPATCH",4,2,76,"void convert_unary<__half, float>(void const*, float*, long, long, long, HIP_vector_type<unsigned int, 3u>, long, long, long)",2232,16982256416292,16982256420737,0,0,256,1,1,32768,1,1
"KERNEL_DISPATCH",4,2,51,"void dequantize_block_iq3_s<__half>(void const*, __half*)",2233,16982256440441,16982256458960,0,0,32,1,1,163840,1,1
"KERNEL_DISPATCH",4,2,64,"void convert_unary<float, __half>(void const*, __half*, long, long, long, HIP_vector_type<unsigned int, 3u>, long, long, long)",2234,16982256458960,16982256476442,0,0,256,1,1,655360,1,1
"KERNEL_DISPATCH",4,2,285,"Cijk_Alik_Bljk_HB_MT16x16x24_SN_1LDSB0_APM1_ABV0_ACED0_AF0EM2_AF1EM1_AMAS3_ASE_ASGT_ASLT_ASM_ASAE01_ASCE01_ASEM2_AAC0_BL1_BS1_CLR0_DTLA0_DTLB0_DTVA0_DTVB0_DVO0_ETSP_EPS1_ELFLR0_EMLL0_FSSC10_FL0_GLVWA2_GLVWB2_GRCGA1_GRCGB1_GRPM1_GRVW2_GSU1_GSUASB_GLS0_ISA900_IU1_K1_KLA_LBSPPA0_LBSPPB0_LPA0_LPB0_LDL1_LRVW2_LWPMn1_LDW0_FMA_MIAV0_MDA2_MO40_MMFGLC_MKFGSU256_NTA0_NTB0_NTC0_NTD0_NEPBS0_NLCA3_NLCB3_ONLL1_OPLV0_PK0_PAP0_PGR1_PLR1_PKA0_SIA1_SLW1_SS0_SU32_SUM0_SUS256_SCIUI1_SPO0_SRVW0_SSO0_SVW4_SNLL0_TSGRA0_TSGRB0_TT2_2_TLDS0_UMLDSA0_UMLDSB0_USFGRO1_VAW2_VS1_VW2_VWB2_VFLRP0_WSGRA0_WSGRB0_WS64_WG8_8_1_WGM8",2235,16982256476442,16982256682817,0,3584,64,1,1,1024,8,1
"KERNEL_DISPATCH",4,2,76,"void convert_unary<__half, float>(void const*, float*, long, long, long, HIP_vector_type<unsigned int, 3u>, long, long, long)",2236,16982256682817,16982256687114,0,0,256,1,1,32768,1,1
"KERNEL_DISPATCH",4,2,51,"void dequantize_block_iq3_s<__half>(void const*, __half*)",2237,16982256705929,16982256723559,0,0,32,1,1,163840,1,1
"KERNEL_DISPATCH",4,2,64,"void convert_unary<float, __half>(void const*, __half*, long, long, long, HIP_vector_type<unsigned int, 3u>, long, long, long)",2238,16982256723559,16982256740448,0,0,256,1,1,655360,1,1
"KERNEL_DISPATCH",4,2,285,"Cijk_Alik_Bljk_HB_MT16x16x24_SN_1LDSB0_APM1_ABV0_ACED0_AF0EM2_AF1EM1_AMAS3_ASE_ASGT_ASLT_ASM_ASAE01_ASCE01_ASEM2_AAC0_BL1_BS1_CLR0_DTLA0_DTLB0_DTVA0_DTVB0_DVO0_ETSP_EPS1_ELFLR0_EMLL0_FSSC10_FL0_GLVWA2_GLVWB2_GRCGA1_GRCGB1_GRPM1_GRVW2_GSU1_GSUASB_GLS0_ISA900_IU1_K1_KLA_LBSPPA0_LBSPPB0_LPA0_LPB0_LDL1_LRVW2_LWPMn1_LDW0_FMA_MIAV0_MDA2_MO40_MMFGLC_MKFGSU256_NTA0_NTB0_NTC0_NTD0_NEPBS0_NLCA3_NLCB3_ONLL1_OPLV0_PK0_PAP0_PGR1_PLR1_PKA0_SIA1_SLW1_SS0_SU32_SUM0_SUS256_SCIUI1_SPO0_SRVW0_SSO0_SVW4_SNLL0_TSGRA0_TSGRB0_TT2_2_TLDS0_UMLDSA0_UMLDSB0_USFGRO1_VAW2_VS1_VW2_VWB2_VFLRP0_WSGRA0_WSGRB0_WS64_WG8_8_1_WGM8",2239,16982256740448,16982256942675,0,3584,64,1,1,1024,8,1
"KERNEL_DISPATCH",4,2,76,"void convert_unary<__half, float>(void const*, float*, long, long, long, HIP_vector_type<unsigned int, 3u>, long, long, long)",2240,16982256942675,16982256946824,0,0,256,1,1,32768,1,1
"KERNEL_DISPATCH",4,2,51,"void dequantize_block_iq3_s<__half>(void const*, __half*)",2241,16982256965787,16982256983417,0,0,32,1,1,163840,1,1
"KERNEL_DISPATCH",4,2,64,"void convert_unary<float, __half>(void const*, __half*, long, long, long, HIP_vector_type<unsigned int, 3u>, long, long, long)",2242,16982256983417,16982257000158,0,0,256,1,1,655360,1,1
"KERNEL_DISPATCH",4,2,285,"Cijk_Alik_Bljk_HB_MT16x16x24_SN_1LDSB0_APM1_ABV0_ACED0_AF0EM2_AF1EM1_AMAS3_ASE_ASGT_ASLT_ASM_ASAE01_ASCE01_ASEM2_AAC0_BL1_BS1_CLR0_DTLA0_DTLB0_DTVA0_DTVB0_DVO0_ETSP_EPS1_ELFLR0_EMLL0_FSSC10_FL0_GLVWA2_GLVWB2_GRCGA1_GRCGB1_GRPM1_GRVW2_GSU1_GSUASB_GLS0_ISA900_IU1_K1_KLA_LBSPPA0_LBSPPB0_LPA0_LPB0_LDL1_LRVW2_LWPMn1_LDW0_FMA_MIAV0_MDA2_MO40_MMFGLC_MKFGSU256_NTA0_NTB0_NTC0_NTD0_NEPBS0_NLCA3_NLCB3_ONLL1_OPLV0_PK0_PAP0_PGR1_PLR1_PKA0_SIA1_SLW1_SS0_SU32_SUM0_SUS256_SCIUI1_SPO0_SRVW0_SSO0_SVW4_SNLL0_TSGRA0_TSGRB0_TT2_2_TLDS0_UMLDSA0_UMLDSB0_USFGRO1_VAW2_VS1_VW2_VWB2_VFLRP0_WSGRA0_WSGRB0_WS64_WG8_8_1_WGM8",2243,16982257000158,16982257202385,0,3584,64,1,1,1024,8,1
"KERNEL_DISPATCH",4,2,76,"void convert_unary<__half, float>(void const*, float*, long, long, long, HIP_vector_type<unsigned int, 3u>, long, long, long)",2244,16982257202385,16982257206534,0,0,256,1,1,32768,1,1
"KERNEL_DISPATCH",4,2,51,"void dequantize_block_iq3_s<__half>(void const*, __half*)",2245,16982257225201,16982257242979,0,0,32,1,1,163840,1,1
"KERNEL_DISPATCH",4,2,64,"void convert_unary<float, __half>(void const*, __half*, long, long, long, HIP_vector_type<unsigned int, 3u>, long, long, long)",2246,16982257242979,16982257259572,0,0,256,1,1,655360,1,1
"KERNEL_DISPATCH",4,2,285,"Cijk_Alik_Bljk_HB_MT16x16x24_SN_1LDSB0_APM1_ABV0_ACED0_AF0EM2_AF1EM1_AMAS3_ASE_ASGT_ASLT_ASM_ASAE01_ASCE01_ASEM2_AAC0_BL1_BS1_CLR0_DTLA0_DTLB0_DTVA0_DTVB0_DVO0_ETSP_EPS1_ELFLR0_EMLL0_FSSC10_FL0_GLVWA2_GLVWB2_GRCGA1_GRCGB1_GRPM1_GRVW2_GSU1_GSUASB_GLS0_ISA900_IU1_K1_KLA_LBSPPA0_LBSPPB0_LPA0_LPB0_LDL1_LRVW2_LWPMn1_LDW0_FMA_MIAV0_MDA2_MO40_MMFGLC_MKFGSU256_NTA0_NTB0_NTC0_NTD0_NEPBS0_NLCA3_NLCB3_ONLL1_OPLV0_PK0_PAP0_PGR1_PLR1_PKA0_SIA1_SLW1_SS0_SU32_SUM0_SUS256_SCIUI1_SPO0_SRVW0_SSO0_SVW4_SNLL0_TSGRA0_TSGRB0_TT2_2_TLDS0_UMLDSA0_UMLDSB0_USFGRO1_VAW2_VS1_VW2_VWB2_VFLRP0_WSGRA0_WSGRB0_WS64_WG8_8_1_WGM8",2247,16982257259572,16982257461947,0,3584,64,1,1,1024,8,1
"KERNEL_DISPATCH",4,2,76,"void convert_unary<__half, float>(void const*, float*, long, long, long, HIP_vector_type<unsigned int, 3u>, long, long, long)",2248,16982257461947,16982257466244,0,0,256,1,1,32768,1,1
"KERNEL_DISPATCH",4,2,51,"void dequantize_block_iq3_s<__half>(void const*, __half*)",2249,16982257484911,16982257502393,0,0,32,1,1,163840,1,1
"KERNEL_DISPATCH",4,2,64,"void convert_unary<float, __half>(void const*, __half*, long, long, long, HIP_vector_type<unsigned int, 3u>, long, long, long)",2250,16982257502393,16982257519134,0,0,256,1,1,655360,1,1
"KERNEL_DISPATCH",4,2,285,"Cijk_Alik_Bljk_HB_MT16x16x24_SN_1LDSB0_APM1_ABV0_ACED0_AF0EM2_AF1EM1_AMAS3_ASE_ASGT_ASLT_ASM_ASAE01_ASCE01_ASEM2_AAC0_BL1_BS1_CLR0_DTLA0_DTLB0_DTVA0_DTVB0_DVO0_ETSP_EPS1_ELFLR0_EMLL0_FSSC10_FL0_GLVWA2_GLVWB2_GRCGA1_GRCGB1_GRPM1_GRVW2_GSU1_GSUASB_GLS0_ISA900_IU1_K1_KLA_LBSPPA0_LBSPPB0_LPA0_LPB0_LDL1_LRVW2_LWPMn1_LDW0_FMA_MIAV0_MDA2_MO40_MMFGLC_MKFGSU256_NTA0_NTB0_NTC0_NTD0_NEPBS0_NLCA3_NLCB3_ONLL1_OPLV0_PK0_PAP0_PGR1_PLR1_PKA0_SIA1_SLW1_SS0_SU32_SUM0_SUS256_SCIUI1_SPO0_SRVW0_SSO0_SVW4_SNLL0_TSGRA0_TSGRB0_TT2_2_TLDS0_UMLDSA0_UMLDSB0_USFGRO1_VAW2_VS1_VW2_VWB2_VFLRP0_WSGRA0_WSGRB0_WS64_WG8_8_1_WGM8",2251,16982257519134,16982257721213,0,3584,64,1,1,1024,8,1
"KERNEL_DISPATCH",4,2,76,"void convert_unary<__half, float>(void const*, float*, long, long, long, HIP_vector_type<unsigned int, 3u>, long, long, long)",2252,16982257721213,16982257725361,0,0,256,1,1,32768,1,1
"KERNEL_DISPATCH",4,2,51,"void dequantize_block_iq3_s<__half>(void const*, __half*)",2253,16982257744176,16982257761658,0,0,32,1,1,163840,1,1
"KERNEL_DISPATCH",4,2,64,"void convert_unary<float, __half>(void const*, __half*, long, long, long, HIP_vector_type<unsigned int, 3u>, long, long, long)",2254,16982257761658,16982257778399,0,0,256,1,1,655360,1,1
"KERNEL_DISPATCH",4,2,285,"Cijk_Alik_Bljk_HB_MT16x16x24_SN_1LDSB0_APM1_ABV0_ACED0_AF0EM2_AF1EM1_AMAS3_ASE_ASGT_ASLT_ASM_ASAE01_ASCE01_ASEM2_AAC0_BL1_BS1_CLR0_DTLA0_DTLB0_DTVA0_DTVB0_DVO0_ETSP_EPS1_ELFLR0_EMLL0_FSSC10_FL0_GLVWA2_GLVWB2_GRCGA1_GRCGB1_GRPM1_GRVW2_GSU1_GSUASB_GLS0_ISA900_IU1_K1_KLA_LBSPPA0_LBSPPB0_LPA0_LPB0_LDL1_LRVW2_LWPMn1_LDW0_FMA_MIAV0_MDA2_MO40_MMFGLC_MKFGSU256_NTA0_NTB0_NTC0_NTD0_NEPBS0_NLCA3_NLCB3_ONLL1_OPLV0_PK0_PAP0_PGR1_PLR1_PKA0_SIA1_SLW1_SS0_SU32_SUM0_SUS256_SCIUI1_SPO0_SRVW0_SSO0_SVW4_SNLL0_TSGRA0_TSGRB0_TT2_2_TLDS0_UMLDSA0_UMLDSB0_USFGRO1_VAW2_VS1_VW2_VWB2_VFLRP0_WSGRA0_WSGRB0_WS64_WG8_8_1_WGM8",2255,16982257778399,16982257980627,0,3584,64,1,1,1024,8,1
"KERNEL_DISPATCH",4,2,76,"void convert_unary<__half, float>(void const*, float*, long, long, long, HIP_vector_type<unsigned int, 3u>, long, long, long)",2256,16982257980627,16982257984923,0,0,256,1,1,32768,1,1
"KERNEL_DISPATCH",4,2,51,"void dequantize_block_iq3_s<__half>(void const*, __half*)",2257,16982258003738,16982258021220,0,0,32,1,1,163840,1,1
"KERNEL_DISPATCH",4,2,64,"void convert_unary<float, __half>(void const*, __half*, long, long, long, HIP_vector_type<unsigned int, 3u>, long, long, long)",2258,16982258021220,16982258037961,0,0,256,1,1,655360,1,1
"KERNEL_DISPATCH",4,2,285,"Cijk_Alik_Bljk_HB_MT16x16x24_SN_1LDSB0_APM1_ABV0_ACED0_AF0EM2_AF1EM1_AMAS3_ASE_ASGT_ASLT_ASM_ASAE01_ASCE01_ASEM2_AAC0_BL1_BS1_CLR0_DTLA0_DTLB0_DTVA0_DTVB0_DVO0_ETSP_EPS1_ELFLR0_EMLL0_FSSC10_FL0_GLVWA2_GLVWB2_GRCGA1_GRCGB1_GRPM1_GRVW2_GSU1_GSUASB_GLS0_ISA900_IU1_K1_KLA_LBSPPA0_LBSPPB0_LPA0_LPB0_LDL1_LRVW2_LWPMn1_LDW0_FMA_MIAV0_MDA2_MO40_MMFGLC_MKFGSU256_NTA0_NTB0_NTC0_NTD0_NEPBS0_NLCA3_NLCB3_ONLL1_OPLV0_PK0_PAP0_PGR1_PLR1_PKA0_SIA1_SLW1_SS0_SU32_SUM0_SUS256_SCIUI1_SPO0_SRVW0_SSO0_SVW4_SNLL0_TSGRA0_TSGRB0_TT2_2_TLDS0_UMLDSA0_UMLDSB0_USFGRO1_VAW2_VS1_VW2_VWB2_VFLRP0_WSGRA0_WSGRB0_WS64_WG8_8_1_WGM8",2259,16982258037961,16982258240337,0,3584,64,1,1,1024,8,1
"KERNEL_DISPATCH",4,2,76,"void convert_unary<__half, float>(void const*, float*, long, long, long, HIP_vector_type<unsigned int, 3u>, long, long, long)",2260,16982258240337,16982258244633,0,0,256,1,1,32768,1,1
"KERNEL_DISPATCH",4,2,51,"void dequantize_block_iq3_s<__half>(void const*, __half*)",2261,16982258263300,16982258280634,0,0,32,1,1,163840,1,1
"KERNEL_DISPATCH",4,2,64,"void convert_unary<float, __half>(void const*, __half*, long, long, long, HIP_vector_type<unsigned int, 3u>, long, long, long)",2262,16982258280634,16982258297375,0,0,256,1,1,655360,1,1
"KERNEL_DISPATCH",4,2,285,"Cijk_Alik_Bljk_HB_MT16x16x24_SN_1LDSB0_APM1_ABV0_ACED0_AF0EM2_AF1EM1_AMAS3_ASE_ASGT_ASLT_ASM_ASAE01_ASCE01_ASEM2_AAC0_BL1_BS1_CLR0_DTLA0_DTLB0_DTVA0_DTVB0_DVO0_ETSP_EPS1_ELFLR0_EMLL0_FSSC10_FL0_GLVWA2_GLVWB2_GRCGA1_GRCGB1_GRPM1_GRVW2_GSU1_GSUASB_GLS0_ISA900_IU1_K1_KLA_LBSPPA0_LBSPPB0_LPA0_LPB0_LDL1_LRVW2_LWPMn1_LDW0_FMA_MIAV0_MDA2_MO40_MMFGLC_MKFGSU256_NTA0_NTB0_NTC0_NTD0_NEPBS0_NLCA3_NLCB3_ONLL1_OPLV0_PK0_PAP0_PGR1_PLR1_PKA0_SIA1_SLW1_SS0_SU32_SUM0_SUS256_SCIUI1_SPO0_SRVW0_SSO0_SVW4_SNLL0_TSGRA0_TSGRB0_TT2_2_TLDS0_UMLDSA0_UMLDSB0_USFGRO1_VAW2_VS1_VW2_VWB2_VFLRP0_WSGRA0_WSGRB0_WS64_WG8_8_1_WGM8",2263,16982258297375,16982258499454,0,3584,64,1,1,1024,8,1
"KERNEL_DISPATCH",4,2,76,"void convert_unary<__half, float>(void const*, float*, long, long, long, HIP_vector_type<unsigned int, 3u>, long, long, long)",2264,16982258499454,16982258503750,0,0,256,1,1,32768,1,1
"KERNEL_DISPATCH",4,2,51,"void dequantize_block_iq3_s<__half>(void const*, __half*)",2265,16982258522417,16982258540047,0,0,32,1,1,163840,1,1
"KERNEL_DISPATCH",4,2,64,"void convert_unary<float, __half>(void const*, __half*, long, long, long, HIP_vector_type<unsigned int, 3u>, long, long, long)",2266,16982258540047,16982258556789,0,0,256,1,1,655360,1,1
"KERNEL_DISPATCH",4,2,285,"Cijk_Alik_Bljk_HB_MT16x16x24_SN_1LDSB0_APM1_ABV0_ACED0_AF0EM2_AF1EM1_AMAS3_ASE_ASGT_ASLT_ASM_ASAE01_ASCE01_ASEM2_AAC0_BL1_BS1_CLR0_DTLA0_DTLB0_DTVA0_DTVB0_DVO0_ETSP_EPS1_ELFLR0_EMLL0_FSSC10_FL0_GLVWA2_GLVWB2_GRCGA1_GRCGB1_GRPM1_GRVW2_GSU1_GSUASB_GLS0_ISA900_IU1_K1_KLA_LBSPPA0_LBSPPB0_LPA0_LPB0_LDL1_LRVW2_LWPMn1_LDW0_FMA_MIAV0_MDA2_MO40_MMFGLC_MKFGSU256_NTA0_NTB0_NTC0_NTD0_NEPBS0_NLCA3_NLCB3_ONLL1_OPLV0_PK0_PAP0_PGR1_PLR1_PKA0_SIA1_SLW1_SS0_SU32_SUM0_SUS256_SCIUI1_SPO0_SRVW0_SSO0_SVW4_SNLL0_TSGRA0_TSGRB0_TT2_2_TLDS0_UMLDSA0_UMLDSB0_USFGRO1_VAW2_VS1_VW2_VWB2_VFLRP0_WSGRA0_WSGRB0_WS64_WG8_8_1_WGM8",2267,16982258556789,16982258758868,0,3584,64,1,1,1024,8,1
"KERNEL_DISPATCH",4,2,76,"void convert_unary<__half, float>(void const*, float*, long, long, long, HIP_vector_type<unsigned int, 3u>, long, long, long)",2268,16982258758868,16982258763016,0,0,256,1,1,32768,1,1
"KERNEL_DISPATCH",4,2,51,"void dequantize_block_iq3_s<__half>(void const*, __half*)",2269,16982555422633,16982555441300,0,0,32,1,1,163840,1,1
"KERNEL_DISPATCH",4,2,64,"void convert_unary<float, __half>(void const*, __half*, long, long, long, HIP_vector_type<unsigned int, 3u>, long, long, long)",2270,16982555441300,16982555459966,0,0,256,1,1,655360,1,1
"KERNEL_DISPATCH",4,2,285,"Cijk_Alik_Bljk_HB_MT16x16x24_SN_1LDSB0_APM1_ABV0_ACED0_AF0EM2_AF1EM1_AMAS3_ASE_ASGT_ASLT_ASM_ASAE01_ASCE01_ASEM2_AAC0_BL1_BS1_CLR0_DTLA0_DTLB0_DTVA0_DTVB0_DVO0_ETSP_EPS1_ELFLR0_EMLL0_FSSC10_FL0_GLVWA2_GLVWB2_GRCGA1_GRCGB1_GRPM1_GRVW2_GSU1_GSUASB_GLS0_ISA900_IU1_K1_KLA_LBSPPA0_LBSPPB0_LPA0_LPB0_LDL1_LRVW2_LWPMn1_LDW0_FMA_MIAV0_MDA2_MO40_MMFGLC_MKFGSU256_NTA0_NTB0_NTC0_NTD0_NEPBS0_NLCA3_NLCB3_ONLL1_OPLV0_PK0_PAP0_PGR1_PLR1_PKA0_SIA1_SLW1_SS0_SU32_SUM0_SUS256_SCIUI1_SPO0_SRVW0_SSO0_SVW4_SNLL0_TSGRA0_TSGRB0_TT2_2_TLDS0_UMLDSA0_UMLDSB0_USFGRO1_VAW2_VS1_VW2_VWB2_VFLRP0_WSGRA0_WSGRB0_WS64_WG8_8_1_WGM8",2271,16982555459966,16982555663526,0,3584,64,1,1,1024,8,1
"KERNEL_DISPATCH",4,2,76,"void convert_unary<__half, float>(void const*, float*, long, long, long, HIP_vector_type<unsigned int, 3u>, long, long, long)",2272,16982555663526,16982555667674,0,0,256,1,1,32768,1,1
"KERNEL_DISPATCH",4,2,51,"void dequantize_block_iq3_s<__half>(void const*, __half*)",2273,16982555687082,16982555704712,0,0,32,1,1,163840,1,1
"KERNEL_DISPATCH",4,2,64,"void convert_unary<float, __half>(void const*, __half*, long, long, long, HIP_vector_type<unsigned int, 3u>, long, long, long)",2274,16982555704712,16982555721602,0,0,256,1,1,655360,1,1
"KERNEL_DISPATCH",4,2,285,"Cijk_Alik_Bljk_HB_MT16x16x24_SN_1LDSB0_APM1_ABV0_ACED0_AF0EM2_AF1EM1_AMAS3_ASE_ASGT_ASLT_ASM_ASAE01_ASCE01_ASEM2_AAC0_BL1_BS1_CLR0_DTLA0_DTLB0_DTVA0_DTVB0_DVO0_ETSP_EPS1_ELFLR0_EMLL0_FSSC10_FL0_GLVWA2_GLVWB2_GRCGA1_GRCGB1_GRPM1_GRVW2_GSU1_GSUASB_GLS0_ISA900_IU1_K1_KLA_LBSPPA0_LBSPPB0_LPA0_LPB0_LDL1_LRVW2_LWPMn1_LDW0_FMA_MIAV0_MDA2_MO40_MMFGLC_MKFGSU256_NTA0_NTB0_NTC0_NTD0_NEPBS0_NLCA3_NLCB3_ONLL1_OPLV0_PK0_PAP0_PGR1_PLR1_PKA0_SIA1_SLW1_SS0_SU32_SUM0_SUS256_SCIUI1_SPO0_SRVW0_SSO0_SVW4_SNLL0_TSGRA0_TSGRB0_TT2_2_TLDS0_UMLDSA0_UMLDSB0_USFGRO1_VAW2_VS1_VW2_VWB2_VFLRP0_WSGRA0_WSGRB0_WS64_WG8_8_1_WGM8",2275,16982555721602,16982555923977,0,3584,64,1,1,1024,8,1
"KERNEL_DISPATCH",4,2,76,"void convert_unary<__half, float>(void const*, float*, long, long, long, HIP_vector_type<unsigned int, 3u>, long, long, long)",2276,16982555923977,16982555928125,0,0,256,1,1,32768,1,1
"KERNEL_DISPATCH",4,2,51,"void dequantize_block_iq3_s<__half>(void const*, __half*)",2277,16982555946792,16982555964274,0,0,32,1,1,163840,1,1
"KERNEL_DISPATCH",4,2,64,"void convert_unary<float, __half>(void const*, __half*, long, long, long, HIP_vector_type<unsigned int, 3u>, long, long, long)",2278,16982555964274,16982555981015,0,0,256,1,1,655360,1,1
"KERNEL_DISPATCH",4,2,285,"Cijk_Alik_Bljk_HB_MT16x16x24_SN_1LDSB0_APM1_ABV0_ACED0_AF0EM2_AF1EM1_AMAS3_ASE_ASGT_ASLT_ASM_ASAE01_ASCE01_ASEM2_AAC0_BL1_BS1_CLR0_DTLA0_DTLB0_DTVA0_DTVB0_DVO0_ETSP_EPS1_ELFLR0_EMLL0_FSSC10_FL0_GLVWA2_GLVWB2_GRCGA1_GRCGB1_GRPM1_GRVW2_GSU1_GSUASB_GLS0_ISA900_IU1_K1_KLA_LBSPPA0_LBSPPB0_LPA0_LPB0_LDL1_LRVW2_LWPMn1_LDW0_FMA_MIAV0_MDA2_MO40_MMFGLC_MKFGSU256_NTA0_NTB0_NTC0_NTD0_NEPBS0_NLCA3_NLCB3_ONLL1_OPLV0_PK0_PAP0_PGR1_PLR1_PKA0_SIA1_SLW1_SS0_SU32_SUM0_SUS256_SCIUI1_SPO0_SRVW0_SSO0_SVW4_SNLL0_TSGRA0_TSGRB0_TT2_2_TLDS0_UMLDSA0_UMLDSB0_USFGRO1_VAW2_VS1_VW2_VWB2_VFLRP0_WSGRA0_WSGRB0_WS64_WG8_8_1_WGM8",2279,16982555981015,16982556183243,0,3584,64,1,1,1024,8,1
"KERNEL_DISPATCH",4,2,76,"void convert_unary<__half, float>(void const*, float*, long, long, long, HIP_vector_type<unsigned int, 3u>, long, long, long)",2280,16982556183243,16982556187391,0,0,256,1,1,32768,1,1
"KERNEL_DISPATCH",4,2,51,"void dequantize_block_iq3_s<__half>(void const*, __half*)",2281,16982556206799,16982556224577,0,0,32,1,1,163840,1,1
"KERNEL_DISPATCH",4,2,64,"void convert_unary<float, __half>(void const*, __half*, long, long, long, HIP_vector_type<unsigned int, 3u>, long, long, long)",2282,16982556224577,16982556241318,0,0,256,1,1,655360,1,1
"KERNEL_DISPATCH",4,2,285,"Cijk_Alik_Bljk_HB_MT16x16x24_SN_1LDSB0_APM1_ABV0_ACED0_AF0EM2_AF1EM1_AMAS3_ASE_ASGT_ASLT_ASM_ASAE01_ASCE01_ASEM2_AAC0_BL1_BS1_CLR0_DTLA0_DTLB0_DTVA0_DTVB0_DVO0_ETSP_EPS1_ELFLR0_EMLL0_FSSC10_FL0_GLVWA2_GLVWB2_GRCGA1_GRCGB1_GRPM1_GRVW2_GSU1_GSUASB_GLS0_ISA900_IU1_K1_KLA_LBSPPA0_LBSPPB0_LPA0_LPB0_LDL1_LRVW2_LWPMn1_LDW0_FMA_MIAV0_MDA2_MO40_MMFGLC_MKFGSU256_NTA0_NTB0_NTC0_NTD0_NEPBS0_NLCA3_NLCB3_ONLL1_OPLV0_PK0_PAP0_PGR1_PLR1_PKA0_SIA1_SLW1_SS0_SU32_SUM0_SUS256_SCIUI1_SPO0_SRVW0_SSO0_SVW4_SNLL0_TSGRA0_TSGRB0_TT2_2_TLDS0_UMLDSA0_UMLDSB0_USFGRO1_VAW2_VS1_VW2_VWB2_VFLRP0_WSGRA0_WSGRB0_WS64_WG8_8_1_WGM8",2283,16982556241318,16982556443545,0,3584,64,1,1,1024,8,1
"KERNEL_DISPATCH",4,2,76,"void convert_unary<__half, float>(void const*, float*, long, long, long, HIP_vector_type<unsigned int, 3u>, long, long, long)",2284,16982556443545,16982556447693,0,0,256,1,1,32768,1,1
"KERNEL_DISPATCH",4,2,51,"void dequantize_block_iq3_s<__half>(void const*, __half*)",2285,16982556466509,16982556483991,0,0,32,1,1,163840,1,1
"KERNEL_DISPATCH",4,2,64,"void convert_unary<float, __half>(void const*, __half*, long, long, long, HIP_vector_type<unsigned int, 3u>, long, long, long)",2286,16982556483991,16982556500732,0,0,256,1,1,655360,1,1
"KERNEL_DISPATCH",4,2,285,"Cijk_Alik_Bljk_HB_MT16x16x24_SN_1LDSB0_APM1_ABV0_ACED0_AF0EM2_AF1EM1_AMAS3_ASE_ASGT_ASLT_ASM_ASAE01_ASCE01_ASEM2_AAC0_BL1_BS1_CLR0_DTLA0_DTLB0_DTVA0_DTVB0_DVO0_ETSP_EPS1_ELFLR0_EMLL0_FSSC10_FL0_GLVWA2_GLVWB2_GRCGA1_GRCGB1_GRPM1_GRVW2_GSU1_GSUASB_GLS0_ISA900_IU1_K1_KLA_LBSPPA0_LBSPPB0_LPA0_LPB0_LDL1_LRVW2_LWPMn1_LDW0_FMA_MIAV0_MDA2_MO40_MMFGLC_MKFGSU256_NTA0_NTB0_NTC0_NTD0_NEPBS0_NLCA3_NLCB3_ONLL1_OPLV0_PK0_PAP0_PGR1_PLR1_PKA0_SIA1_SLW1_SS0_SU32_SUM0_SUS256_SCIUI1_SPO0_SRVW0_SSO0_SVW4_SNLL0_TSGRA0_TSGRB0_TT2_2_TLDS0_UMLDSA0_UMLDSB0_USFGRO1_VAW2_VS1_VW2_VWB2_VFLRP0_WSGRA0_WSGRB0_WS64_WG8_8_1_WGM8",2287,16982556500732,16982556702811,0,3584,64,1,1,1024,8,1
"KERNEL_DISPATCH",4,2,76,"void convert_unary<__half, float>(void const*, float*, long, long, long, HIP_vector_type<unsigned int, 3u>, long, long, long)",2288,16982556702811,16982556707107,0,0,256,1,1,32768,1,1
"KERNEL_DISPATCH",4,2,51,"void dequantize_block_iq3_s<__half>(void const*, __half*)",2289,16982556726071,16982556743552,0,0,32,1,1,163840,1,1
"KERNEL_DISPATCH",4,2,64,"void convert_unary<float, __half>(void const*, __half*, long, long, long, HIP_vector_type<unsigned int, 3u>, long, long, long)",2290,16982556743552,16982556760442,0,0,256,1,1,655360,1,1
"KERNEL_DISPATCH",4,2,285,"Cijk_Alik_Bljk_HB_MT16x16x24_SN_1LDSB0_APM1_ABV0_ACED0_AF0EM2_AF1EM1_AMAS3_ASE_ASGT_ASLT_ASM_ASAE01_ASCE01_ASEM2_AAC0_BL1_BS1_CLR0_DTLA0_DTLB0_DTVA0_DTVB0_DVO0_ETSP_EPS1_ELFLR0_EMLL0_FSSC10_FL0_GLVWA2_GLVWB2_GRCGA1_GRCGB1_GRPM1_GRVW2_GSU1_GSUASB_GLS0_ISA900_IU1_K1_KLA_LBSPPA0_LBSPPB0_LPA0_LPB0_LDL1_LRVW2_LWPMn1_LDW0_FMA_MIAV0_MDA2_MO40_MMFGLC_MKFGSU256_NTA0_NTB0_NTC0_NTD0_NEPBS0_NLCA3_NLCB3_ONLL1_OPLV0_PK0_PAP0_PGR1_PLR1_PKA0_SIA1_SLW1_SS0_SU32_SUM0_SUS256_SCIUI1_SPO0_SRVW0_SSO0_SVW4_SNLL0_TSGRA0_TSGRB0_TT2_2_TLDS0_UMLDSA0_UMLDSB0_USFGRO1_VAW2_VS1_VW2_VWB2_VFLRP0_WSGRA0_WSGRB0_WS64_WG8_8_1_WGM8",2291,16982556760442,16982556962669,0,3584,64,1,1,1024,8,1
"KERNEL_DISPATCH",4,2,76,"void convert_unary<__half, float>(void const*, float*, long, long, long, HIP_vector_type<unsigned int, 3u>, long, long, long)",2292,16982556962669,16982556966965,0,0,256,1,1,32768,1,1
"KERNEL_DISPATCH",4,2,51,"void dequantize_block_iq3_s<__half>(void const*, __half*)",2293,16982556985929,16982557003411,0,0,32,1,1,163840,1,1
"KERNEL_DISPATCH",4,2,64,"void convert_unary<float, __half>(void const*, __half*, long, long, long, HIP_vector_type<unsigned int, 3u>, long, long, long)",2294,16982557003411,16982557020004,0,0,256,1,1,655360,1,1
"KERNEL_DISPATCH",4,2,285,"Cijk_Alik_Bljk_HB_MT16x16x24_SN_1LDSB0_APM1_ABV0_ACED0_AF0EM2_AF1EM1_AMAS3_ASE_ASGT_ASLT_ASM_ASAE01_ASCE01_ASEM2_AAC0_BL1_BS1_CLR0_DTLA0_DTLB0_DTVA0_DTVB0_DVO0_ETSP_EPS1_ELFLR0_EMLL0_FSSC10_FL0_GLVWA2_GLVWB2_GRCGA1_GRCGB1_GRPM1_GRVW2_GSU1_GSUASB_GLS0_ISA900_IU1_K1_KLA_LBSPPA0_LBSPPB0_LPA0_LPB0_LDL1_LRVW2_LWPMn1_LDW0_FMA_MIAV0_MDA2_MO40_MMFGLC_MKFGSU256_NTA0_NTB0_NTC0_NTD0_NEPBS0_NLCA3_NLCB3_ONLL1_OPLV0_PK0_PAP0_PGR1_PLR1_PKA0_SIA1_SLW1_SS0_SU32_SUM0_SUS256_SCIUI1_SPO0_SRVW0_SSO0_SVW4_SNLL0_TSGRA0_TSGRB0_TT2_2_TLDS0_UMLDSA0_UMLDSB0_USFGRO1_VAW2_VS1_VW2_VWB2_VFLRP0_WSGRA0_WSGRB0_WS64_WG8_8_1_WGM8",2295,16982557020004,16982557222083,0,3584,64,1,1,1024,8,1
"KERNEL_DISPATCH",4,2,76,"void convert_unary<__half, float>(void const*, float*, long, long, long, HIP_vector_type<unsigned int, 3u>, long, long, long)",2296,16982557222083,16982557226379,0,0,256,1,1,32768,1,1
"KERNEL_DISPATCH",4,2,51,"void dequantize_block_iq3_s<__half>(void const*, __half*)",2297,16982557245046,16982557262676,0,0,32,1,1,163840,1,1
"KERNEL_DISPATCH",4,2,64,"void convert_unary<float, __half>(void const*, __half*, long, long, long, HIP_vector_type<unsigned int, 3u>, long, long, long)",2298,16982557262676,16982557279565,0,0,256,1,1,655360,1,1
"KERNEL_DISPATCH",4,2,285,"Cijk_Alik_Bljk_HB_MT16x16x24_SN_1LDSB0_APM1_ABV0_ACED0_AF0EM2_AF1EM1_AMAS3_ASE_ASGT_ASLT_ASM_ASAE01_ASCE01_ASEM2_AAC0_BL1_BS1_CLR0_DTLA0_DTLB0_DTVA0_DTVB0_DVO0_ETSP_EPS1_ELFLR0_EMLL0_FSSC10_FL0_GLVWA2_GLVWB2_GRCGA1_GRCGB1_GRPM1_GRVW2_GSU1_GSUASB_GLS0_ISA900_IU1_K1_KLA_LBSPPA0_LBSPPB0_LPA0_LPB0_LDL1_LRVW2_LWPMn1_LDW0_FMA_MIAV0_MDA2_MO40_MMFGLC_MKFGSU256_NTA0_NTB0_NTC0_NTD0_NEPBS0_NLCA3_NLCB3_ONLL1_OPLV0_PK0_PAP0_PGR1_PLR1_PKA0_SIA1_SLW1_SS0_SU32_SUM0_SUS256_SCIUI1_SPO0_SRVW0_SSO0_SVW4_SNLL0_TSGRA0_TSGRB0_TT2_2_TLDS0_UMLDSA0_UMLDSB0_USFGRO1_VAW2_VS1_VW2_VWB2_VFLRP0_WSGRA0_WSGRB0_WS64_WG8_8_1_WGM8",2299,16982557279565,16982557481644,0,3584,64,1,1,1024,8,1
"KERNEL_DISPATCH",4,2,76,"void convert_unary<__half, float>(void const*, float*, long, long, long, HIP_vector_type<unsigned int, 3u>, long, long, long)",2300,16982557481644,16982557485793,0,0,256,1,1,32768,1,1
"KERNEL_DISPATCH",4,2,51,"void dequantize_block_iq3_s<__half>(void const*, __half*)",2301,16982557504460,16982557521942,0,0,32,1,1,163840,1,1
"KERNEL_DISPATCH",4,2,64,"void convert_unary<float, __half>(void const*, __half*, long, long, long, HIP_vector_type<unsigned int, 3u>, long, long, long)",2302,16982557521942,16982557538535,0,0,256,1,1,655360,1,1
"KERNEL_DISPATCH",4,2,285,"Cijk_Alik_Bljk_HB_MT16x16x24_SN_1LDSB0_APM1_ABV0_ACED0_AF0EM2_AF1EM1_AMAS3_ASE_ASGT_ASLT_ASM_ASAE01_ASCE01_ASEM2_AAC0_BL1_BS1_CLR0_DTLA0_DTLB0_DTVA0_DTVB0_DVO0_ETSP_EPS1_ELFLR0_EMLL0_FSSC10_FL0_GLVWA2_GLVWB2_GRCGA1_GRCGB1_GRPM1_GRVW2_GSU1_GSUASB_GLS0_ISA900_IU1_K1_KLA_LBSPPA0_LBSPPB0_LPA0_LPB0_LDL1_LRVW2_LWPMn1_LDW0_FMA_MIAV0_MDA2_MO40_MMFGLC_MKFGSU256_NTA0_NTB0_NTC0_NTD0_NEPBS0_NLCA3_NLCB3_ONLL1_OPLV0_PK0_PAP0_PGR1_PLR1_PKA0_SIA1_SLW1_SS0_SU32_SUM0_SUS256_SCIUI1_SPO0_SRVW0_SSO0_SVW4_SNLL0_TSGRA0_TSGRB0_TT2_2_TLDS0_UMLDSA0_UMLDSB0_USFGRO1_VAW2_VS1_VW2_VWB2_VFLRP0_WSGRA0_WSGRB0_WS64_WG8_8_1_WGM8",2303,16982557538535,16982557740910,0,3584,64,1,1,1024,8,1
"KERNEL_DISPATCH",4,2,76,"void convert_unary<__half, float>(void const*, float*, long, long, long, HIP_vector_type<unsigned int, 3u>, long, long, long)",2304,16982557740910,16982557745058,0,0,256,1,1,32768,1,1
"KERNEL_DISPATCH",4,2,51,"void dequantize_block_iq3_s<__half>(void const*, __half*)",2305,16982557764170,16982557781504,0,0,32,1,1,163840,1,1
"KERNEL_DISPATCH",4,2,64,"void convert_unary<float, __half>(void const*, __half*, long, long, long, HIP_vector_type<unsigned int, 3u>, long, long, long)",2306,16982557781504,16982557798097,0,0,256,1,1,655360,1,1
"KERNEL_DISPATCH",4,2,285,"Cijk_Alik_Bljk_HB_MT16x16x24_SN_1LDSB0_APM1_ABV0_ACED0_AF0EM2_AF1EM1_AMAS3_ASE_ASGT_ASLT_ASM_ASAE01_ASCE01_ASEM2_AAC0_BL1_BS1_CLR0_DTLA0_DTLB0_DTVA0_DTVB0_DVO0_ETSP_EPS1_ELFLR0_EMLL0_FSSC10_FL0_GLVWA2_GLVWB2_GRCGA1_GRCGB1_GRPM1_GRVW2_GSU1_GSUASB_GLS0_ISA900_IU1_K1_KLA_LBSPPA0_LBSPPB0_LPA0_LPB0_LDL1_LRVW2_LWPMn1_LDW0_FMA_MIAV0_MDA2_MO40_MMFGLC_MKFGSU256_NTA0_NTB0_NTC0_NTD0_NEPBS0_NLCA3_NLCB3_ONLL1_OPLV0_PK0_PAP0_PGR1_PLR1_PKA0_SIA1_SLW1_SS0_SU32_SUM0_SUS256_SCIUI1_SPO0_SRVW0_SSO0_SVW4_SNLL0_TSGRA0_TSGRB0_TT2_2_TLDS0_UMLDSA0_UMLDSB0_USFGRO1_VAW2_VS1_VW2_VWB2_VFLRP0_WSGRA0_WSGRB0_WS64_WG8_8_1_WGM8",2307,16982557798097,16982558000472,0,3584,64,1,1,1024,8,1
"KERNEL_DISPATCH",4,2,76,"void convert_unary<__half, float>(void const*, float*, long, long, long, HIP_vector_type<unsigned int, 3u>, long, long, long)",2308,16982558000472,16982558004620,0,0,256,1,1,32768,1,1
"KERNEL_DISPATCH",4,2,51,"void dequantize_block_iq3_s<__half>(void const*, __half*)",2309,16982558023435,16982558040769,0,0,32,1,1,163840,1,1
"KERNEL_DISPATCH",4,2,64,"void convert_unary<float, __half>(void const*, __half*, long, long, long, HIP_vector_type<unsigned int, 3u>, long, long, long)",2310,16982558040769,16982558057510,0,0,256,1,1,655360,1,1
"KERNEL_DISPATCH",4,2,285,"Cijk_Alik_Bljk_HB_MT16x16x24_SN_1LDSB0_APM1_ABV0_ACED0_AF0EM2_AF1EM1_AMAS3_ASE_ASGT_ASLT_ASM_ASAE01_ASCE01_ASEM2_AAC0_BL1_BS1_CLR0_DTLA0_DTLB0_DTVA0_DTVB0_DVO0_ETSP_EPS1_ELFLR0_EMLL0_FSSC10_FL0_GLVWA2_GLVWB2_GRCGA1_GRCGB1_GRPM1_GRVW2_GSU1_GSUASB_GLS0_ISA900_IU1_K1_KLA_LBSPPA0_LBSPPB0_LPA0_LPB0_LDL1_LRVW2_LWPMn1_LDW0_FMA_MIAV0_MDA2_MO40_MMFGLC_MKFGSU256_NTA0_NTB0_NTC0_NTD0_NEPBS0_NLCA3_NLCB3_ONLL1_OPLV0_PK0_PAP0_PGR1_PLR1_PKA0_SIA1_SLW1_SS0_SU32_SUM0_SUS256_SCIUI1_SPO0_SRVW0_SSO0_SVW4_SNLL0_TSGRA0_TSGRB0_TT2_2_TLDS0_UMLDSA0_UMLDSB0_USFGRO1_VAW2_VS1_VW2_VWB2_VFLRP0_WSGRA0_WSGRB0_WS64_WG8_8_1_WGM8",2311,16982558057510,16982558259589,0,3584,64,1,1,1024,8,1
"KERNEL_DISPATCH",4,2,76,"void convert_unary<__half, float>(void const*, float*, long, long, long, HIP_vector_type<unsigned int, 3u>, long, long, long)",2312,16982558259589,16982558263886,0,0,256,1,1,32768,1,1
"KERNEL_DISPATCH",4,2,51,"void dequantize_block_iq3_s<__half>(void const*, __half*)",2313,16982558281960,16982558299590,0,0,32,1,1,163840,1,1
"KERNEL_DISPATCH",4,2,64,"void convert_unary<float, __half>(void const*, __half*, long, long, long, HIP_vector_type<unsigned int, 3u>, long, long, long)",2314,16982558299590,16982558316183,0,0,256,1,1,655360,1,1
"KERNEL_DISPATCH",4,2,285,"Cijk_Alik_Bljk_HB_MT16x16x24_SN_1LDSB0_APM1_ABV0_ACED0_AF0EM2_AF1EM1_AMAS3_ASE_ASGT_ASLT_ASM_ASAE01_ASCE01_ASEM2_AAC0_BL1_BS1_CLR0_DTLA0_DTLB0_DTVA0_DTVB0_DVO0_ETSP_EPS1_ELFLR0_EMLL0_FSSC10_FL0_GLVWA2_GLVWB2_GRCGA1_GRCGB1_GRPM1_GRVW2_GSU1_GSUASB_GLS0_ISA900_IU1_K1_KLA_LBSPPA0_LBSPPB0_LPA0_LPB0_LDL1_LRVW2_LWPMn1_LDW0_FMA_MIAV0_MDA2_MO40_MMFGLC_MKFGSU256_NTA0_NTB0_NTC0_NTD0_NEPBS0_NLCA3_NLCB3_ONLL1_OPLV0_PK0_PAP0_PGR1_PLR1_PKA0_SIA1_SLW1_SS0_SU32_SUM0_SUS256_SCIUI1_SPO0_SRVW0_SSO0_SVW4_SNLL0_TSGRA0_TSGRB0_TT2_2_TLDS0_UMLDSA0_UMLDSB0_USFGRO1_VAW2_VS1_VW2_VWB2_VFLRP0_WSGRA0_WSGRB0_WS64_WG8_8_1_WGM8",2315,16982558316183,16982558518410,0,3584,64,1,1,1024,8,1
"KERNEL_DISPATCH",4,2,76,"void convert_unary<__half, float>(void const*, float*, long, long, long, HIP_vector_type<unsigned int, 3u>, long, long, long)",2316,16982558518410,16982558522559,0,0,256,1,1,32768,1,1
"KERNEL_DISPATCH",4,2,51,"void dequantize_block_iq3_s<__half>(void const*, __half*)",2317,16982558541966,16982558559745,0,0,32,1,1,163840,1,1
"KERNEL_DISPATCH",4,2,64,"void convert_unary<float, __half>(void const*, __half*, long, long, long, HIP_vector_type<unsigned int, 3u>, long, long, long)",2318,16982558559745,16982558576486,0,0,256,1,1,655360,1,1
"KERNEL_DISPATCH",4,2,285,"Cijk_Alik_Bljk_HB_MT16x16x24_SN_1LDSB0_APM1_ABV0_ACED0_AF0EM2_AF1EM1_AMAS3_ASE_ASGT_ASLT_ASM_ASAE01_ASCE01_ASEM2_AAC0_BL1_BS1_CLR0_DTLA0_DTLB0_DTVA0_DTVB0_DVO0_ETSP_EPS1_ELFLR0_EMLL0_FSSC10_FL0_GLVWA2_GLVWB2_GRCGA1_GRCGB1_GRPM1_GRVW2_GSU1_GSUASB_GLS0_ISA900_IU1_K1_KLA_LBSPPA0_LBSPPB0_LPA0_LPB0_LDL1_LRVW2_LWPMn1_LDW0_FMA_MIAV0_MDA2_MO40_MMFGLC_MKFGSU256_NTA0_NTB0_NTC0_NTD0_NEPBS0_NLCA3_NLCB3_ONLL1_OPLV0_PK0_PAP0_PGR1_PLR1_PKA0_SIA1_SLW1_SS0_SU32_SUM0_SUS256_SCIUI1_SPO0_SRVW0_SSO0_SVW4_SNLL0_TSGRA0_TSGRB0_TT2_2_TLDS0_UMLDSA0_UMLDSB0_USFGRO1_VAW2_VS1_VW2_VWB2_VFLRP0_WSGRA0_WSGRB0_WS64_WG8_8_1_WGM8",2319,16982558576486,16982558778417,0,3584,64,1,1,1024,8,1
"KERNEL_DISPATCH",4,2,76,"void convert_unary<__half, float>(void const*, float*, long, long, long, HIP_vector_type<unsigned int, 3u>, long, long, long)",2320,16982558778417,16982558782565,0,0,256,1,1,32768,1,1
"KERNEL_DISPATCH",4,2,51,"void dequantize_block_iq3_s<__half>(void const*, __half*)",2321,16982558800788,16982558818418,0,0,32,1,1,163840,1,1
"KERNEL_DISPATCH",4,2,64,"void convert_unary<float, __half>(void const*, __half*, long, long, long, HIP_vector_type<unsigned int, 3u>, long, long, long)",2322,16982558818418,16982558835159,0,0,256,1,1,655360,1,1
"KERNEL_DISPATCH",4,2,285,"Cijk_Alik_Bljk_HB_MT16x16x24_SN_1LDSB0_APM1_ABV0_ACED0_AF0EM2_AF1EM1_AMAS3_ASE_ASGT_ASLT_ASM_ASAE01_ASCE01_ASEM2_AAC0_BL1_BS1_CLR0_DTLA0_DTLB0_DTVA0_DTVB0_DVO0_ETSP_EPS1_ELFLR0_EMLL0_FSSC10_FL0_GLVWA2_GLVWB2_GRCGA1_GRCGB1_GRPM1_GRVW2_GSU1_GSUASB_GLS0_ISA900_IU1_K1_KLA_LBSPPA0_LBSPPB0_LPA0_LPB0_LDL1_LRVW2_LWPMn1_LDW0_FMA_MIAV0_MDA2_MO40_MMFGLC_MKFGSU256_NTA0_NTB0_NTC0_NTD0_NEPBS0_NLCA3_NLCB3_ONLL1_OPLV0_PK0_PAP0_PGR1_PLR1_PKA0_SIA1_SLW1_SS0_SU32_SUM0_SUS256_SCIUI1_SPO0_SRVW0_SSO0_SVW4_SNLL0_TSGRA0_TSGRB0_TT2_2_TLDS0_UMLDSA0_UMLDSB0_USFGRO1_VAW2_VS1_VW2_VWB2_VFLRP0_WSGRA0_WSGRB0_WS64_WG8_8_1_WGM8",2323,16982558835159,16982559037238,0,3584,64,1,1,1024,8,1
"KERNEL_DISPATCH",4,2,76,"void convert_unary<__half, float>(void const*, float*, long, long, long, HIP_vector_type<unsigned int, 3u>, long, long, long)",2324,16982559037238,16982559041386,0,0,256,1,1,32768,1,1
"KERNEL_DISPATCH",4,2,51,"void dequantize_block_iq3_s<__half>(void const*, __half*)",2325,16982559059757,16982559077683,0,0,32,1,1,163840,1,1
"KERNEL_DISPATCH",4,2,64,"void convert_unary<float, __half>(void const*, __half*, long, long, long, HIP_vector_type<unsigned int, 3u>, long, long, long)",2326,16982559077683,16982559094276,0,0,256,1,1,655360,1,1
"KERNEL_DISPATCH",4,2,285,"Cijk_Alik_Bljk_HB_MT16x16x24_SN_1LDSB0_APM1_ABV0_ACED0_AF0EM2_AF1EM1_AMAS3_ASE_ASGT_ASLT_ASM_ASAE01_ASCE01_ASEM2_AAC0_BL1_BS1_CLR0_DTLA0_DTLB0_DTVA0_DTVB0_DVO0_ETSP_EPS1_ELFLR0_EMLL0_FSSC10_FL0_GLVWA2_GLVWB2_GRCGA1_GRCGB1_GRPM1_GRVW2_GSU1_GSUASB_GLS0_ISA900_IU1_K1_KLA_LBSPPA0_LBSPPB0_LPA0_LPB0_LDL1_LRVW2_LWPMn1_LDW0_FMA_MIAV0_MDA2_MO40_MMFGLC_MKFGSU256_NTA0_NTB0_NTC0_NTD0_NEPBS0_NLCA3_NLCB3_ONLL1_OPLV0_PK0_PAP0_PGR1_PLR1_PKA0_SIA1_SLW1_SS0_SU32_SUM0_SUS256_SCIUI1_SPO0_SRVW0_SSO0_SVW4_SNLL0_TSGRA0_TSGRB0_TT2_2_TLDS0_UMLDSA0_UMLDSB0_USFGRO1_VAW2_VS1_VW2_VWB2_VFLRP0_WSGRA0_WSGRB0_WS64_WG8_8_1_WGM8",2327,16982559094276,16982559298577,0,3584,64,1,1,1024,8,1
"KERNEL_DISPATCH",4,2,76,"void convert_unary<__half, float>(void const*, float*, long, long, long, HIP_vector_type<unsigned int, 3u>, long, long, long)",2328,16982559298577,16982559302726,0,0,256,1,1,32768,1,1
"KERNEL_DISPATCH",4,2,51,"void dequantize_block_iq3_s<__half>(void const*, __half*)",2329,16982559321245,16982559339171,0,0,32,1,1,163840,1,1
"KERNEL_DISPATCH",4,2,64,"void convert_unary<float, __half>(void const*, __half*, long, long, long, HIP_vector_type<unsigned int, 3u>, long, long, long)",2330,16982559339171,16982559356060,0,0,256,1,1,655360,1,1
"KERNEL_DISPATCH",4,2,285,"Cijk_Alik_Bljk_HB_MT16x16x24_SN_1LDSB0_APM1_ABV0_ACED0_AF0EM2_AF1EM1_AMAS3_ASE_ASGT_ASLT_ASM_ASAE01_ASCE01_ASEM2_AAC0_BL1_BS1_CLR0_DTLA0_DTLB0_DTVA0_DTVB0_DVO0_ETSP_EPS1_ELFLR0_EMLL0_FSSC10_FL0_GLVWA2_GLVWB2_GRCGA1_GRCGB1_GRPM1_GRVW2_GSU1_GSUASB_GLS0_ISA900_IU1_K1_KLA_LBSPPA0_LBSPPB0_LPA0_LPB0_LDL1_LRVW2_LWPMn1_LDW0_FMA_MIAV0_MDA2_MO40_MMFGLC_MKFGSU256_NTA0_NTB0_NTC0_NTD0_NEPBS0_NLCA3_NLCB3_ONLL1_OPLV0_PK0_PAP0_PGR1_PLR1_PKA0_SIA1_SLW1_SS0_SU32_SUM0_SUS256_SCIUI1_SPO0_SRVW0_SSO0_SVW4_SNLL0_TSGRA0_TSGRB0_TT2_2_TLDS0_UMLDSA0_UMLDSB0_USFGRO1_VAW2_VS1_VW2_VWB2_VFLRP0_WSGRA0_WSGRB0_WS64_WG8_8_1_WGM8",2331,16982559356060,16982559557991,0,3584,64,1,1,1024,8,1
"KERNEL_DISPATCH",4,2,76,"void convert_unary<__half, float>(void const*, float*, long, long, long, HIP_vector_type<unsigned int, 3u>, long, long, long)",2332,16982559557991,16982559562139,0,0,256,1,1,32768,1,1
"KERNEL_DISPATCH",4,2,51,"void dequantize_block_iq3_s<__half>(void const*, __half*)",2333,16982559580510,16982559597844,0,0,32,1,1,163840,1,1
"KERNEL_DISPATCH",4,2,64,"void convert_unary<float, __half>(void const*, __half*, long, long, long, HIP_vector_type<unsigned int, 3u>, long, long, long)",2334,16982559597844,16982559614733,0,0,256,1,1,655360,1,1
"KERNEL_DISPATCH",4,2,285,"Cijk_Alik_Bljk_HB_MT16x16x24_SN_1LDSB0_APM1_ABV0_ACED0_AF0EM2_AF1EM1_AMAS3_ASE_ASGT_ASLT_ASM_ASAE01_ASCE01_ASEM2_AAC0_BL1_BS1_CLR0_DTLA0_DTLB0_DTVA0_DTVB0_DVO0_ETSP_EPS1_ELFLR0_EMLL0_FSSC10_FL0_GLVWA2_GLVWB2_GRCGA1_GRCGB1_GRPM1_GRVW2_GSU1_GSUASB_GLS0_ISA900_IU1_K1_KLA_LBSPPA0_LBSPPB0_LPA0_LPB0_LDL1_LRVW2_LWPMn1_LDW0_FMA_MIAV0_MDA2_MO40_MMFGLC_MKFGSU256_NTA0_NTB0_NTC0_NTD0_NEPBS0_NLCA3_NLCB3_ONLL1_OPLV0_PK0_PAP0_PGR1_PLR1_PKA0_SIA1_SLW1_SS0_SU32_SUM0_SUS256_SCIUI1_SPO0_SRVW0_SSO0_SVW4_SNLL0_TSGRA0_TSGRB0_TT2_2_TLDS0_UMLDSA0_UMLDSB0_USFGRO1_VAW2_VS1_VW2_VWB2_VFLRP0_WSGRA0_WSGRB0_WS64_WG8_8_1_WGM8",2335,16982559614733,16982559816664,0,3584,64,1,1,1024,8,1
"KERNEL_DISPATCH",4,2,76,"void convert_unary<__half, float>(void const*, float*, long, long, long, HIP_vector_type<unsigned int, 3u>, long, long, long)",2336,16982559816664,16982559820960,0,0,256,1,1,32768,1,1
"KERNEL_DISPATCH",4,2,51,"void dequantize_block_iq3_s<__half>(void const*, __half*)",2337,16982559839331,16982559857554,0,0,32,1,1,163840,1,1
"KERNEL_DISPATCH",4,2,64,"void convert_unary<float, __half>(void const*, __half*, long, long, long, HIP_vector_type<unsigned int, 3u>, long, long, long)",2338,16982559857554,16982559874295,0,0,256,1,1,655360,1,1
"KERNEL_DISPATCH",4,2,285,"Cijk_Alik_Bljk_HB_MT16x16x24_SN_1LDSB0_APM1_ABV0_ACED0_AF0EM2_AF1EM1_AMAS3_ASE_ASGT_ASLT_ASM_ASAE01_ASCE01_ASEM2_AAC0_BL1_BS1_CLR0_DTLA0_DTLB0_DTVA0_DTVB0_DVO0_ETSP_EPS1_ELFLR0_EMLL0_FSSC10_FL0_GLVWA2_GLVWB2_GRCGA1_GRCGB1_GRPM1_GRVW2_GSU1_GSUASB_GLS0_ISA900_IU1_K1_KLA_LBSPPA0_LBSPPB0_LPA0_LPB0_LDL1_LRVW2_LWPMn1_LDW0_FMA_MIAV0_MDA2_MO40_MMFGLC_MKFGSU256_NTA0_NTB0_NTC0_NTD0_NEPBS0_NLCA3_NLCB3_ONLL1_OPLV0_PK0_PAP0_PGR1_PLR1_PKA0_SIA1_SLW1_SS0_SU32_SUM0_SUS256_SCIUI1_SPO0_SRVW0_SSO0_SVW4_SNLL0_TSGRA0_TSGRB0_TT2_2_TLDS0_UMLDSA0_UMLDSB0_USFGRO1_VAW2_VS1_VW2_VWB2_VFLRP0_WSGRA0_WSGRB0_WS64_WG8_8_1_WGM8",2339,16982559874295,16982560076374,0,3584,64,1,1,1024,8,1
"KERNEL_DISPATCH",4,2,76,"void convert_unary<__half, float>(void const*, float*, long, long, long, HIP_vector_type<unsigned int, 3u>, long, long, long)",2340,16982560076374,16982560080522,0,0,256,1,1,32768,1,1
"KERNEL_DISPATCH",4,2,51,"void dequantize_block_iq3_s<__half>(void const*, __half*)",2341,16982560099338,16982560116819,0,0,32,1,1,163840,1,1
"KERNEL_DISPATCH",4,2,64,"void convert_unary<float, __half>(void const*, __half*, long, long, long, HIP_vector_type<unsigned int, 3u>, long, long, long)",2342,16982560116819,16982560133561,0,0,256,1,1,655360,1,1
"KERNEL_DISPATCH",4,2,285,"Cijk_Alik_Bljk_HB_MT16x16x24_SN_1LDSB0_APM1_ABV0_ACED0_AF0EM2_AF1EM1_AMAS3_ASE_ASGT_ASLT_ASM_ASAE01_ASCE01_ASEM2_AAC0_BL1_BS1_CLR0_DTLA0_DTLB0_DTVA0_DTVB0_DVO0_ETSP_EPS1_ELFLR0_EMLL0_FSSC10_FL0_GLVWA2_GLVWB2_GRCGA1_GRCGB1_GRPM1_GRVW2_GSU1_GSUASB_GLS0_ISA900_IU1_K1_KLA_LBSPPA0_LBSPPB0_LPA0_LPB0_LDL1_LRVW2_LWPMn1_LDW0_FMA_MIAV0_MDA2_MO40_MMFGLC_MKFGSU256_NTA0_NTB0_NTC0_NTD0_NEPBS0_NLCA3_NLCB3_ONLL1_OPLV0_PK0_PAP0_PGR1_PLR1_PKA0_SIA1_SLW1_SS0_SU32_SUM0_SUS256_SCIUI1_SPO0_SRVW0_SSO0_SVW4_SNLL0_TSGRA0_TSGRB0_TT2_2_TLDS0_UMLDSA0_UMLDSB0_USFGRO1_VAW2_VS1_VW2_VWB2_VFLRP0_WSGRA0_WSGRB0_WS64_WG8_8_1_WGM8",2343,16982560133561,16982560350899,0,3584,64,1,1,1024,8,1
"KERNEL_DISPATCH",4,2,76,"void convert_unary<__half, float>(void const*, float*, long, long, long, HIP_vector_type<unsigned int, 3u>, long, long, long)",2344,16982560350899,16982560355047,0,0,256,1,1,32768,1,1
"KERNEL_DISPATCH",4,2,51,"void dequantize_block_iq3_s<__half>(void const*, __half*)",2345,16982560373715,16982560391493,0,0,32,1,1,163840,1,1
"KERNEL_DISPATCH",4,2,64,"void convert_unary<float, __half>(void const*, __half*, long, long, long, HIP_vector_type<unsigned int, 3u>, long, long, long)",2346,16982560391493,16982560408086,0,0,256,1,1,655360,1,1
"KERNEL_DISPATCH",4,2,285,"Cijk_Alik_Bljk_HB_MT16x16x24_SN_1LDSB0_APM1_ABV0_ACED0_AF0EM2_AF1EM1_AMAS3_ASE_ASGT_ASLT_ASM_ASAE01_ASCE01_ASEM2_AAC0_BL1_BS1_CLR0_DTLA0_DTLB0_DTVA0_DTVB0_DVO0_ETSP_EPS1_ELFLR0_EMLL0_FSSC10_FL0_GLVWA2_GLVWB2_GRCGA1_GRCGB1_GRPM1_GRVW2_GSU1_GSUASB_GLS0_ISA900_IU1_K1_KLA_LBSPPA0_LBSPPB0_LPA0_LPB0_LDL1_LRVW2_LWPMn1_LDW0_FMA_MIAV0_MDA2_MO40_MMFGLC_MKFGSU256_NTA0_NTB0_NTC0_NTD0_NEPBS0_NLCA3_NLCB3_ONLL1_OPLV0_PK0_PAP0_PGR1_PLR1_PKA0_SIA1_SLW1_SS0_SU32_SUM0_SUS256_SCIUI1_SPO0_SRVW0_SSO0_SVW4_SNLL0_TSGRA0_TSGRB0_TT2_2_TLDS0_UMLDSA0_UMLDSB0_USFGRO1_VAW2_VS1_VW2_VWB2_VFLRP0_WSGRA0_WSGRB0_WS64_WG8_8_1_WGM8",2347,16982560408086,16982560610313,0,3584,64,1,1,1024,8,1
"KERNEL_DISPATCH",4,2,76,"void convert_unary<__half, float>(void const*, float*, long, long, long, HIP_vector_type<unsigned int, 3u>, long, long, long)",2348,16982560610313,16982560614461,0,0,256,1,1,32768,1,1
"KERNEL_DISPATCH",4,2,51,"void dequantize_block_iq3_s<__half>(void const*, __half*)",2349,16982560632832,16982560650314,0,0,32,1,1,163840,1,1
"KERNEL_DISPATCH",4,2,64,"void convert_unary<float, __half>(void const*, __half*, long, long, long, HIP_vector_type<unsigned int, 3u>, long, long, long)",2350,16982560650314,16982560666907,0,0,256,1,1,655360,1,1
"KERNEL_DISPATCH",4,2,285,"Cijk_Alik_Bljk_HB_MT16x16x24_SN_1LDSB0_APM1_ABV0_ACED0_AF0EM2_AF1EM1_AMAS3_ASE_ASGT_ASLT_ASM_ASAE01_ASCE01_ASEM2_AAC0_BL1_BS1_CLR0_DTLA0_DTLB0_DTVA0_DTVB0_DVO0_ETSP_EPS1_ELFLR0_EMLL0_FSSC10_FL0_GLVWA2_GLVWB2_GRCGA1_GRCGB1_GRPM1_GRVW2_GSU1_GSUASB_GLS0_ISA900_IU1_K1_KLA_LBSPPA0_LBSPPB0_LPA0_LPB0_LDL1_LRVW2_LWPMn1_LDW0_FMA_MIAV0_MDA2_MO40_MMFGLC_MKFGSU256_NTA0_NTB0_NTC0_NTD0_NEPBS0_NLCA3_NLCB3_ONLL1_OPLV0_PK0_PAP0_PGR1_PLR1_PKA0_SIA1_SLW1_SS0_SU32_SUM0_SUS256_SCIUI1_SPO0_SRVW0_SSO0_SVW4_SNLL0_TSGRA0_TSGRB0_TT2_2_TLDS0_UMLDSA0_UMLDSB0_USFGRO1_VAW2_VS1_VW2_VWB2_VFLRP0_WSGRA0_WSGRB0_WS64_WG8_8_1_WGM8",2351,16982560666907,16982560868986,0,3584,64,1,1,1024,8,1
"KERNEL_DISPATCH",4,2,76,"void convert_unary<__half, float>(void const*, float*, long, long, long, HIP_vector_type<unsigned int, 3u>, long, long, long)",2352,16982560868986,16982560873134,0,0,256,1,1,32768,1,1
"KERNEL_DISPATCH",4,2,51,"void dequantize_block_iq3_s<__half>(void const*, __half*)",2353,16982560891505,16982560909135,0,0,32,1,1,163840,1,1
"KERNEL_DISPATCH",4,2,64,"void convert_unary<float, __half>(void const*, __half*, long, long, long, HIP_vector_type<unsigned int, 3u>, long, long, long)",2354,16982560909135,16982560925728,0,0,256,1,1,655360,1,1
"KERNEL_DISPATCH",4,2,285,"Cijk_Alik_Bljk_HB_MT16x16x24_SN_1LDSB0_APM1_ABV0_ACED0_AF0EM2_AF1EM1_AMAS3_ASE_ASGT_ASLT_ASM_ASAE01_ASCE01_ASEM2_AAC0_BL1_BS1_CLR0_DTLA0_DTLB0_DTVA0_DTVB0_DVO0_ETSP_EPS1_ELFLR0_EMLL0_FSSC10_FL0_GLVWA2_GLVWB2_GRCGA1_GRCGB1_GRPM1_GRVW2_GSU1_GSUASB_GLS0_ISA900_IU1_K1_KLA_LBSPPA0_LBSPPB0_LPA0_LPB0_LDL1_LRVW2_LWPMn1_LDW0_FMA_MIAV0_MDA2_MO40_MMFGLC_MKFGSU256_NTA0_NTB0_NTC0_NTD0_NEPBS0_NLCA3_NLCB3_ONLL1_OPLV0_PK0_PAP0_PGR1_PLR1_PKA0_SIA1_SLW1_SS0_SU32_SUM0_SUS256_SCIUI1_SPO0_SRVW0_SSO0_SVW4_SNLL0_TSGRA0_TSGRB0_TT2_2_TLDS0_UMLDSA0_UMLDSB0_USFGRO1_VAW2_VS1_VW2_VWB2_VFLRP0_WSGRA0_WSGRB0_WS64_WG8_8_1_WGM8",2355,16982560925728,16982561128251,0,3584,64,1,1,1024,8,1
"KERNEL_DISPATCH",4,2,76,"void convert_unary<__half, float>(void const*, float*, long, long, long, HIP_vector_type<unsigned int, 3u>, long, long, long)",2356,16982561128251,16982561132400,0,0,256,1,1,32768,1,1
"KERNEL_DISPATCH",4,2,51,"void dequantize_block_iq3_s<__half>(void const*, __half*)",2357,16982561150919,16982561168549,0,0,32,1,1,163840,1,1
"KERNEL_DISPATCH",4,2,64,"void convert_unary<float, __half>(void const*, __half*, long, long, long, HIP_vector_type<unsigned int, 3u>, long, long, long)",2358,16982561168549,16982561185290,0,0,256,1,1,655360,1,1
"KERNEL_DISPATCH",4,2,285,"Cijk_Alik_Bljk_HB_MT16x16x24_SN_1LDSB0_APM1_ABV0_ACED0_AF0EM2_AF1EM1_AMAS3_ASE_ASGT_ASLT_ASM_ASAE01_ASCE01_ASEM2_AAC0_BL1_BS1_CLR0_DTLA0_DTLB0_DTVA0_DTVB0_DVO0_ETSP_EPS1_ELFLR0_EMLL0_FSSC10_FL0_GLVWA2_GLVWB2_GRCGA1_GRCGB1_GRPM1_GRVW2_GSU1_GSUASB_GLS0_ISA900_IU1_K1_KLA_LBSPPA0_LBSPPB0_LPA0_LPB0_LDL1_LRVW2_LWPMn1_LDW0_FMA_MIAV0_MDA2_MO40_MMFGLC_MKFGSU256_NTA0_NTB0_NTC0_NTD0_NEPBS0_NLCA3_NLCB3_ONLL1_OPLV0_PK0_PAP0_PGR1_PLR1_PKA0_SIA1_SLW1_SS0_SU32_SUM0_SUS256_SCIUI1_SPO0_SRVW0_SSO0_SVW4_SNLL0_TSGRA0_TSGRB0_TT2_2_TLDS0_UMLDSA0_UMLDSB0_USFGRO1_VAW2_VS1_VW2_VWB2_VFLRP0_WSGRA0_WSGRB0_WS64_WG8_8_1_WGM8",2359,16982561185290,16982561387665,0,3584,64,1,1,1024,8,1
"KERNEL_DISPATCH",4,2,76,"void convert_unary<__half, float>(void const*, float*, long, long, long, HIP_vector_type<unsigned int, 3u>, long, long, long)",2360,16982561387665,16982561391961,0,0,256,1,1,32768,1,1
"KERNEL_DISPATCH",4,2,51,"void dequantize_block_iq3_s<__half>(void const*, __half*)",2361,16982561411369,16982561428999,0,0,32,1,1,163840,1,1
"KERNEL_DISPATCH",4,2,64,"void convert_unary<float, __half>(void const*, __half*, long, long, long, HIP_vector_type<unsigned int, 3u>, long, long, long)",2362,16982561428999,16982561445741,0,0,256,1,1,655360,1,1
"KERNEL_DISPATCH",4,2,285,"Cijk_Alik_Bljk_HB_MT16x16x24_SN_1LDSB0_APM1_ABV0_ACED0_AF0EM2_AF1EM1_AMAS3_ASE_ASGT_ASLT_ASM_ASAE01_ASCE01_ASEM2_AAC0_BL1_BS1_CLR0_DTLA0_DTLB0_DTVA0_DTVB0_DVO0_ETSP_EPS1_ELFLR0_EMLL0_FSSC10_FL0_GLVWA2_GLVWB2_GRCGA1_GRCGB1_GRPM1_GRVW2_GSU1_GSUASB_GLS0_ISA900_IU1_K1_KLA_LBSPPA0_LBSPPB0_LPA0_LPB0_LDL1_LRVW2_LWPMn1_LDW0_FMA_MIAV0_MDA2_MO40_MMFGLC_MKFGSU256_NTA0_NTB0_NTC0_NTD0_NEPBS0_NLCA3_NLCB3_ONLL1_OPLV0_PK0_PAP0_PGR1_PLR1_PKA0_SIA1_SLW1_SS0_SU32_SUM0_SUS256_SCIUI1_SPO0_SRVW0_SSO0_SVW4_SNLL0_TSGRA0_TSGRB0_TT2_2_TLDS0_UMLDSA0_UMLDSB0_USFGRO1_VAW2_VS1_VW2_VWB2_VFLRP0_WSGRA0_WSGRB0_WS64_WG8_8_1_WGM8",2363,16982561445741,16982561647968,0,3584,64,1,1,1024,8,1
"KERNEL_DISPATCH",4,2,76,"void convert_unary<__half, float>(void const*, float*, long, long, long, HIP_vector_type<unsigned int, 3u>, long, long, long)",2364,16982561647968,16982561652116,0,0,256,1,1,32768,1,1
"KERNEL_DISPATCH",4,2,51,"void dequantize_block_iq3_s<__half>(void const*, __half*)",2365,16982561671079,16982561688709,0,0,32,1,1,163840,1,1
"KERNEL_DISPATCH",4,2,64,"void convert_unary<float, __half>(void const*, __half*, long, long, long, HIP_vector_type<unsigned int, 3u>, long, long, long)",2366,16982561688709,16982561705451,0,0,256,1,1,655360,1,1
"KERNEL_DISPATCH",4,2,285,"Cijk_Alik_Bljk_HB_MT16x16x24_SN_1LDSB0_APM1_ABV0_ACED0_AF0EM2_AF1EM1_AMAS3_ASE_ASGT_ASLT_ASM_ASAE01_ASCE01_ASEM2_AAC0_BL1_BS1_CLR0_DTLA0_DTLB0_DTVA0_DTVB0_DVO0_ETSP_EPS1_ELFLR0_EMLL0_FSSC10_FL0_GLVWA2_GLVWB2_GRCGA1_GRCGB1_GRPM1_GRVW2_GSU1_GSUASB_GLS0_ISA900_IU1_K1_KLA_LBSPPA0_LBSPPB0_LPA0_LPB0_LDL1_LRVW2_LWPMn1_LDW0_FMA_MIAV0_MDA2_MO40_MMFGLC_MKFGSU256_NTA0_NTB0_NTC0_NTD0_NEPBS0_NLCA3_NLCB3_ONLL1_OPLV0_PK0_PAP0_PGR1_PLR1_PKA0_SIA1_SLW1_SS0_SU32_SUM0_SUS256_SCIUI1_SPO0_SRVW0_SSO0_SVW4_SNLL0_TSGRA0_TSGRB0_TT2_2_TLDS0_UMLDSA0_UMLDSB0_USFGRO1_VAW2_VS1_VW2_VWB2_VFLRP0_WSGRA0_WSGRB0_WS64_WG8_8_1_WGM8",2367,16982561705451,16982561907826,0,3584,64,1,1,1024,8,1
"KERNEL_DISPATCH",4,2,76,"void convert_unary<__half, float>(void const*, float*, long, long, long, HIP_vector_type<unsigned int, 3u>, long, long, long)",2368,16982561907826,16982561912122,0,0,256,1,1,32768,1,1
"KERNEL_DISPATCH",4,2,51,"void dequantize_block_iq3_s<__half>(void const*, __half*)",2369,16982561930789,16982561948271,0,0,32,1,1,163840,1,1
"KERNEL_DISPATCH",4,2,64,"void convert_unary<float, __half>(void const*, __half*, long, long, long, HIP_vector_type<unsigned int, 3u>, long, long, long)",2370,16982561948271,16982561964864,0,0,256,1,1,655360,1,1
"KERNEL_DISPATCH",4,2,285,"Cijk_Alik_Bljk_HB_MT16x16x24_SN_1LDSB0_APM1_ABV0_ACED0_AF0EM2_AF1EM1_AMAS3_ASE_ASGT_ASLT_ASM_ASAE01_ASCE01_ASEM2_AAC0_BL1_BS1_CLR0_DTLA0_DTLB0_DTVA0_DTVB0_DVO0_ETSP_EPS1_ELFLR0_EMLL0_FSSC10_FL0_GLVWA2_GLVWB2_GRCGA1_GRCGB1_GRPM1_GRVW2_GSU1_GSUASB_GLS0_ISA900_IU1_K1_KLA_LBSPPA0_LBSPPB0_LPA0_LPB0_LDL1_LRVW2_LWPMn1_LDW0_FMA_MIAV0_MDA2_MO40_MMFGLC_MKFGSU256_NTA0_NTB0_NTC0_NTD0_NEPBS0_NLCA3_NLCB3_ONLL1_OPLV0_PK0_PAP0_PGR1_PLR1_PKA0_SIA1_SLW1_SS0_SU32_SUM0_SUS256_SCIUI1_SPO0_SRVW0_SSO0_SVW4_SNLL0_TSGRA0_TSGRB0_TT2_2_TLDS0_UMLDSA0_UMLDSB0_USFGRO1_VAW2_VS1_VW2_VWB2_VFLRP0_WSGRA0_WSGRB0_WS64_WG8_8_1_WGM8",2371,16982561964864,16982562167091,0,3584,64,1,1,1024,8,1
"KERNEL_DISPATCH",4,2,76,"void convert_unary<__half, float>(void const*, float*, long, long, long, HIP_vector_type<unsigned int, 3u>, long, long, long)",2372,16982562167091,16982562171240,0,0,256,1,1,32768,1,1
"KERNEL_DISPATCH",4,2,51,"void dequantize_block_iq3_s<__half>(void const*, __half*)",2373,16982562189907,16982562207537,0,0,32,1,1,163840,1,1
"KERNEL_DISPATCH",4,2,64,"void convert_unary<float, __half>(void const*, __half*, long, long, long, HIP_vector_type<unsigned int, 3u>, long, long, long)",2374,16982562207537,16982562223982,0,0,256,1,1,655360,1,1
"KERNEL_DISPATCH",4,2,285,"Cijk_Alik_Bljk_HB_MT16x16x24_SN_1LDSB0_APM1_ABV0_ACED0_AF0EM2_AF1EM1_AMAS3_ASE_ASGT_ASLT_ASM_ASAE01_ASCE01_ASEM2_AAC0_BL1_BS1_CLR0_DTLA0_DTLB0_DTVA0_DTVB0_DVO0_ETSP_EPS1_ELFLR0_EMLL0_FSSC10_FL0_GLVWA2_GLVWB2_GRCGA1_GRCGB1_GRPM1_GRVW2_GSU1_GSUASB_GLS0_ISA900_IU1_K1_KLA_LBSPPA0_LBSPPB0_LPA0_LPB0_LDL1_LRVW2_LWPMn1_LDW0_FMA_MIAV0_MDA2_MO40_MMFGLC_MKFGSU256_NTA0_NTB0_NTC0_NTD0_NEPBS0_NLCA3_NLCB3_ONLL1_OPLV0_PK0_PAP0_PGR1_PLR1_PKA0_SIA1_SLW1_SS0_SU32_SUM0_SUS256_SCIUI1_SPO0_SRVW0_SSO0_SVW4_SNLL0_TSGRA0_TSGRB0_TT2_2_TLDS0_UMLDSA0_UMLDSB0_USFGRO1_VAW2_VS1_VW2_VWB2_VFLRP0_WSGRA0_WSGRB0_WS64_WG8_8_1_WGM8",2375,16982562223982,16982562426357,0,3584,64,1,1,1024,8,1
"KERNEL_DISPATCH",4,2,76,"void convert_unary<__half, float>(void const*, float*, long, long, long, HIP_vector_type<unsigned int, 3u>, long, long, long)",2376,16982562426357,16982562430801,0,0,256,1,1,32768,1,1
"KERNEL_DISPATCH",4,2,51,"void dequantize_block_iq3_s<__half>(void const*, __half*)",2377,16982562449469,16982562467099,0,0,32,1,1,163840,1,1
"KERNEL_DISPATCH",4,2,64,"void convert_unary<float, __half>(void const*, __half*, long, long, long, HIP_vector_type<unsigned int, 3u>, long, long, long)",2378,16982562467099,16982562483840,0,0,256,1,1,655360,1,1
"KERNEL_DISPATCH",4,2,285,"Cijk_Alik_Bljk_HB_MT16x16x24_SN_1LDSB0_APM1_ABV0_ACED0_AF0EM2_AF1EM1_AMAS3_ASE_ASGT_ASLT_ASM_ASAE01_ASCE01_ASEM2_AAC0_BL1_BS1_CLR0_DTLA0_DTLB0_DTVA0_DTVB0_DVO0_ETSP_EPS1_ELFLR0_EMLL0_FSSC10_FL0_GLVWA2_GLVWB2_GRCGA1_GRCGB1_GRPM1_GRVW2_GSU1_GSUASB_GLS0_ISA900_IU1_K1_KLA_LBSPPA0_LBSPPB0_LPA0_LPB0_LDL1_LRVW2_LWPMn1_LDW0_FMA_MIAV0_MDA2_MO40_MMFGLC_MKFGSU256_NTA0_NTB0_NTC0_NTD0_NEPBS0_NLCA3_NLCB3_ONLL1_OPLV0_PK0_PAP0_PGR1_PLR1_PKA0_SIA1_SLW1_SS0_SU32_SUM0_SUS256_SCIUI1_SPO0_SRVW0_SSO0_SVW4_SNLL0_TSGRA0_TSGRB0_TT2_2_TLDS0_UMLDSA0_UMLDSB0_USFGRO1_VAW2_VS1_VW2_VWB2_VFLRP0_WSGRA0_WSGRB0_WS64_WG8_8_1_WGM8",2379,16982562483840,16982562686215,0,3584,64,1,1,1024,8,1
"KERNEL_DISPATCH",4,2,76,"void convert_unary<__half, float>(void const*, float*, long, long, long, HIP_vector_type<unsigned int, 3u>, long, long, long)",2380,16982562686215,16982562690363,0,0,256,1,1,32768,1,1
"KERNEL_DISPATCH",4,2,51,"void dequantize_block_iq3_s<__half>(void const*, __half*)",2381,16982562708734,16982562726216,0,0,32,1,1,163840,1,1
"KERNEL_DISPATCH",4,2,64,"void convert_unary<float, __half>(void const*, __half*, long, long, long, HIP_vector_type<unsigned int, 3u>, long, long, long)",2382,16982562726216,16982562742957,0,0,256,1,1,655360,1,1
"KERNEL_DISPATCH",4,2,285,"Cijk_Alik_Bljk_HB_MT16x16x24_SN_1LDSB0_APM1_ABV0_ACED0_AF0EM2_AF1EM1_AMAS3_ASE_ASGT_ASLT_ASM_ASAE01_ASCE01_ASEM2_AAC0_BL1_BS1_CLR0_DTLA0_DTLB0_DTVA0_DTVB0_DVO0_ETSP_EPS1_ELFLR0_EMLL0_FSSC10_FL0_GLVWA2_GLVWB2_GRCGA1_GRCGB1_GRPM1_GRVW2_GSU1_GSUASB_GLS0_ISA900_IU1_K1_KLA_LBSPPA0_LBSPPB0_LPA0_LPB0_LDL1_LRVW2_LWPMn1_LDW0_FMA_MIAV0_MDA2_MO40_MMFGLC_MKFGSU256_NTA0_NTB0_NTC0_NTD0_NEPBS0_NLCA3_NLCB3_ONLL1_OPLV0_PK0_PAP0_PGR1_PLR1_PKA0_SIA1_SLW1_SS0_SU32_SUM0_SUS256_SCIUI1_SPO0_SRVW0_SSO0_SVW4_SNLL0_TSGRA0_TSGRB0_TT2_2_TLDS0_UMLDSA0_UMLDSB0_USFGRO1_VAW2_VS1_VW2_VWB2_VFLRP0_WSGRA0_WSGRB0_WS64_WG8_8_1_WGM8",2383,16982562742957,16982562945184,0,3584,64,1,1,1024,8,1
"KERNEL_DISPATCH",4,2,76,"void convert_unary<__half, float>(void const*, float*, long, long, long, HIP_vector_type<unsigned int, 3u>, long, long, long)",2384,16982562945184,16982562949333,0,0,256,1,1,32768,1,1
"KERNEL_DISPATCH",4,2,51,"void dequantize_block_iq3_s<__half>(void const*, __half*)",2385,16982562967852,16982562985333,0,0,32,1,1,163840,1,1
"KERNEL_DISPATCH",4,2,64,"void convert_unary<float, __half>(void const*, __half*, long, long, long, HIP_vector_type<unsigned int, 3u>, long, long, long)",2386,16982562985333,16982563002371,0,0,256,1,1,655360,1,1
"KERNEL_DISPATCH",4,2,285,"Cijk_Alik_Bljk_HB_MT16x16x24_SN_1LDSB0_APM1_ABV0_ACED0_AF0EM2_AF1EM1_AMAS3_ASE_ASGT_ASLT_ASM_ASAE01_ASCE01_ASEM2_AAC0_BL1_BS1_CLR0_DTLA0_DTLB0_DTVA0_DTVB0_DVO0_ETSP_EPS1_ELFLR0_EMLL0_FSSC10_FL0_GLVWA2_GLVWB2_GRCGA1_GRCGB1_GRPM1_GRVW2_GSU1_GSUASB_GLS0_ISA900_IU1_K1_KLA_LBSPPA0_LBSPPB0_LPA0_LPB0_LDL1_LRVW2_LWPMn1_LDW0_FMA_MIAV0_MDA2_MO40_MMFGLC_MKFGSU256_NTA0_NTB0_NTC0_NTD0_NEPBS0_NLCA3_NLCB3_ONLL1_OPLV0_PK0_PAP0_PGR1_PLR1_PKA0_SIA1_SLW1_SS0_SU32_SUM0_SUS256_SCIUI1_SPO0_SRVW0_SSO0_SVW4_SNLL0_TSGRA0_TSGRB0_TT2_2_TLDS0_UMLDSA0_UMLDSB0_USFGRO1_VAW2_VS1_VW2_VWB2_VFLRP0_WSGRA0_WSGRB0_WS64_WG8_8_1_WGM8",2387,16982563002371,16982563204598,0,3584,64,1,1,1024,8,1
"KERNEL_DISPATCH",4,2,76,"void convert_unary<__half, float>(void const*, float*, long, long, long, HIP_vector_type<unsigned int, 3u>, long, long, long)",2388,16982563204598,16982563208746,0,0,256,1,1,32768,1,1
"KERNEL_DISPATCH",4,2,51,"void dequantize_block_iq3_s<__half>(void const*, __half*)",2389,16982563227413,16982563244895,0,0,32,1,1,163840,1,1
"KERNEL_DISPATCH",4,2,64,"void convert_unary<float, __half>(void const*, __half*, long, long, long, HIP_vector_type<unsigned int, 3u>, long, long, long)",2390,16982563244895,16982563261785,0,0,256,1,1,655360,1,1
"KERNEL_DISPATCH",4,2,285,"Cijk_Alik_Bljk_HB_MT16x16x24_SN_1LDSB0_APM1_ABV0_ACED0_AF0EM2_AF1EM1_AMAS3_ASE_ASGT_ASLT_ASM_ASAE01_ASCE01_ASEM2_AAC0_BL1_BS1_CLR0_DTLA0_DTLB0_DTVA0_DTVB0_DVO0_ETSP_EPS1_ELFLR0_EMLL0_FSSC10_FL0_GLVWA2_GLVWB2_GRCGA1_GRCGB1_GRPM1_GRVW2_GSU1_GSUASB_GLS0_ISA900_IU1_K1_KLA_LBSPPA0_LBSPPB0_LPA0_LPB0_LDL1_LRVW2_LWPMn1_LDW0_FMA_MIAV0_MDA2_MO40_MMFGLC_MKFGSU256_NTA0_NTB0_NTC0_NTD0_NEPBS0_NLCA3_NLCB3_ONLL1_OPLV0_PK0_PAP0_PGR1_PLR1_PKA0_SIA1_SLW1_SS0_SU32_SUM0_SUS256_SCIUI1_SPO0_SRVW0_SSO0_SVW4_SNLL0_TSGRA0_TSGRB0_TT2_2_TLDS0_UMLDSA0_UMLDSB0_USFGRO1_VAW2_VS1_VW2_VWB2_VFLRP0_WSGRA0_WSGRB0_WS64_WG8_8_1_WGM8",2391,16982563261785,16982563464012,0,3584,64,1,1,1024,8,1
"KERNEL_DISPATCH",4,2,76,"void convert_unary<__half, float>(void const*, float*, long, long, long, HIP_vector_type<unsigned int, 3u>, long, long, long)",2392,16982563464012,16982563468308,0,0,256,1,1,32768,1,1
"KERNEL_DISPATCH",4,2,51,"void dequantize_block_iq3_s<__half>(void const*, __half*)",2393,16982563486975,16982563505050,0,0,32,1,1,163840,1,1
"KERNEL_DISPATCH",4,2,64,"void convert_unary<float, __half>(void const*, __half*, long, long, long, HIP_vector_type<unsigned int, 3u>, long, long, long)",2394,16982563505050,16982563521791,0,0,256,1,1,655360,1,1
"KERNEL_DISPATCH",4,2,285,"Cijk_Alik_Bljk_HB_MT16x16x24_SN_1LDSB0_APM1_ABV0_ACED0_AF0EM2_AF1EM1_AMAS3_ASE_ASGT_ASLT_ASM_ASAE01_ASCE01_ASEM2_AAC0_BL1_BS1_CLR0_DTLA0_DTLB0_DTVA0_DTVB0_DVO0_ETSP_EPS1_ELFLR0_EMLL0_FSSC10_FL0_GLVWA2_GLVWB2_GRCGA1_GRCGB1_GRPM1_GRVW2_GSU1_GSUASB_GLS0_ISA900_IU1_K1_KLA_LBSPPA0_LBSPPB0_LPA0_LPB0_LDL1_LRVW2_LWPMn1_LDW0_FMA_MIAV0_MDA2_MO40_MMFGLC_MKFGSU256_NTA0_NTB0_NTC0_NTD0_NEPBS0_NLCA3_NLCB3_ONLL1_OPLV0_PK0_PAP0_PGR1_PLR1_PKA0_SIA1_SLW1_SS0_SU32_SUM0_SUS256_SCIUI1_SPO0_SRVW0_SSO0_SVW4_SNLL0_TSGRA0_TSGRB0_TT2_2_TLDS0_UMLDSA0_UMLDSB0_USFGRO1_VAW2_VS1_VW2_VWB2_VFLRP0_WSGRA0_WSGRB0_WS64_WG8_8_1_WGM8",2395,16982563521791,16982563723870,0,3584,64,1,1,1024,8,1
"KERNEL_DISPATCH",4,2,76,"void convert_unary<__half, float>(void const*, float*, long, long, long, HIP_vector_type<unsigned int, 3u>, long, long, long)",2396,16982563723870,16982563728018,0,0,256,1,1,32768,1,1
"KERNEL_DISPATCH",4,2,51,"void dequantize_block_iq3_s<__half>(void const*, __half*)",2397,16982563746685,16982563764167,0,0,32,1,1,163840,1,1
"KERNEL_DISPATCH",4,2,64,"void convert_unary<float, __half>(void const*, __half*, long, long, long, HIP_vector_type<unsigned int, 3u>, long, long, long)",2398,16982563764167,16982563780908,0,0,256,1,1,655360,1,1
"KERNEL_DISPATCH",4,2,285,"Cijk_Alik_Bljk_HB_MT16x16x24_SN_1LDSB0_APM1_ABV0_ACED0_AF0EM2_AF1EM1_AMAS3_ASE_ASGT_ASLT_ASM_ASAE01_ASCE01_ASEM2_AAC0_BL1_BS1_CLR0_DTLA0_DTLB0_DTVA0_DTVB0_DVO0_ETSP_EPS1_ELFLR0_EMLL0_FSSC10_FL0_GLVWA2_GLVWB2_GRCGA1_GRCGB1_GRPM1_GRVW2_GSU1_GSUASB_GLS0_ISA900_IU1_K1_KLA_LBSPPA0_LBSPPB0_LPA0_LPB0_LDL1_LRVW2_LWPMn1_LDW0_FMA_MIAV0_MDA2_MO40_MMFGLC_MKFGSU256_NTA0_NTB0_NTC0_NTD0_NEPBS0_NLCA3_NLCB3_ONLL1_OPLV0_PK0_PAP0_PGR1_PLR1_PKA0_SIA1_SLW1_SS0_SU32_SUM0_SUS256_SCIUI1_SPO0_SRVW0_SSO0_SVW4_SNLL0_TSGRA0_TSGRB0_TT2_2_TLDS0_UMLDSA0_UMLDSB0_USFGRO1_VAW2_VS1_VW2_VWB2_VFLRP0_WSGRA0_WSGRB0_WS64_WG8_8_1_WGM8",2399,16982563780908,16982563982839,0,3584,64,1,1,1024,8,1
"KERNEL_DISPATCH",4,2,76,"void convert_unary<__half, float>(void const*, float*, long, long, long, HIP_vector_type<unsigned int, 3u>, long, long, long)",2400,16982563982839,16982563987136,0,0,256,1,1,32768,1,1
"KERNEL_DISPATCH",4,2,51,"void dequantize_block_iq3_s<__half>(void const*, __half*)",2401,16982564007432,16982564024914,0,0,32,1,1,163840,1,1
"KERNEL_DISPATCH",4,2,64,"void convert_unary<float, __half>(void const*, __half*, long, long, long, HIP_vector_type<unsigned int, 3u>, long, long, long)",2402,16982564024914,16982564041804,0,0,256,1,1,655360,1,1
"KERNEL_DISPATCH",4,2,285,"Cijk_Alik_Bljk_HB_MT16x16x24_SN_1LDSB0_APM1_ABV0_ACED0_AF0EM2_AF1EM1_AMAS3_ASE_ASGT_ASLT_ASM_ASAE01_ASCE01_ASEM2_AAC0_BL1_BS1_CLR0_DTLA0_DTLB0_DTVA0_DTVB0_DVO0_ETSP_EPS1_ELFLR0_EMLL0_FSSC10_FL0_GLVWA2_GLVWB2_GRCGA1_GRCGB1_GRPM1_GRVW2_GSU1_GSUASB_GLS0_ISA900_IU1_K1_KLA_LBSPPA0_LBSPPB0_LPA0_LPB0_LDL1_LRVW2_LWPMn1_LDW0_FMA_MIAV0_MDA2_MO40_MMFGLC_MKFGSU256_NTA0_NTB0_NTC0_NTD0_NEPBS0_NLCA3_NLCB3_ONLL1_OPLV0_PK0_PAP0_PGR1_PLR1_PKA0_SIA1_SLW1_SS0_SU32_SUM0_SUS256_SCIUI1_SPO0_SRVW0_SSO0_SVW4_SNLL0_TSGRA0_TSGRB0_TT2_2_TLDS0_UMLDSA0_UMLDSB0_USFGRO1_VAW2_VS1_VW2_VWB2_VFLRP0_WSGRA0_WSGRB0_WS64_WG8_8_1_WGM8",2403,16982564041804,16982564244031,0,3584,64,1,1,1024,8,1
"KERNEL_DISPATCH",4,2,76,"void convert_unary<__half, float>(void const*, float*, long, long, long, HIP_vector_type<unsigned int, 3u>, long, long, long)",2404,16982564244031,16982564248327,0,0,256,1,1,32768,1,1
"KERNEL_DISPATCH",4,2,51,"void dequantize_block_iq3_s<__half>(void const*, __half*)",2405,16982564267587,16982564285217,0,0,32,1,1,163840,1,1
"KERNEL_DISPATCH",4,2,64,"void convert_unary<float, __half>(void const*, __half*, long, long, long, HIP_vector_type<unsigned int, 3u>, long, long, long)",2406,16982564285217,16982564301810,0,0,256,1,1,655360,1,1
"KERNEL_DISPATCH",4,2,285,"Cijk_Alik_Bljk_HB_MT16x16x24_SN_1LDSB0_APM1_ABV0_ACED0_AF0EM2_AF1EM1_AMAS3_ASE_ASGT_ASLT_ASM_ASAE01_ASCE01_ASEM2_AAC0_BL1_BS1_CLR0_DTLA0_DTLB0_DTVA0_DTVB0_DVO0_ETSP_EPS1_ELFLR0_EMLL0_FSSC10_FL0_GLVWA2_GLVWB2_GRCGA1_GRCGB1_GRPM1_GRVW2_GSU1_GSUASB_GLS0_ISA900_IU1_K1_KLA_LBSPPA0_LBSPPB0_LPA0_LPB0_LDL1_LRVW2_LWPMn1_LDW0_FMA_MIAV0_MDA2_MO40_MMFGLC_MKFGSU256_NTA0_NTB0_NTC0_NTD0_NEPBS0_NLCA3_NLCB3_ONLL1_OPLV0_PK0_PAP0_PGR1_PLR1_PKA0_SIA1_SLW1_SS0_SU32_SUM0_SUS256_SCIUI1_SPO0_SRVW0_SSO0_SVW4_SNLL0_TSGRA0_TSGRB0_TT2_2_TLDS0_UMLDSA0_UMLDSB0_USFGRO1_VAW2_VS1_VW2_VWB2_VFLRP0_WSGRA0_WSGRB0_WS64_WG8_8_1_WGM8",2407,16982564301810,16982564504037,0,3584,64,1,1,1024,8,1
"KERNEL_DISPATCH",4,2,76,"void convert_unary<__half, float>(void const*, float*, long, long, long, HIP_vector_type<unsigned int, 3u>, long, long, long)",2408,16982564504037,16982564508333,0,0,256,1,1,32768,1,1
"KERNEL_DISPATCH",4,2,51,"void dequantize_block_iq3_s<__half>(void const*, __half*)",2409,16982564526852,16982564544927,0,0,32,1,1,163840,1,1
"KERNEL_DISPATCH",4,2,64,"void convert_unary<float, __half>(void const*, __half*, long, long, long, HIP_vector_type<unsigned int, 3u>, long, long, long)",2410,16982564544927,16982564561668,0,0,256,1,1,655360,1,1
"KERNEL_DISPATCH",4,2,285,"Cijk_Alik_Bljk_HB_MT16x16x24_SN_1LDSB0_APM1_ABV0_ACED0_AF0EM2_AF1EM1_AMAS3_ASE_ASGT_ASLT_ASM_ASAE01_ASCE01_ASEM2_AAC0_BL1_BS1_CLR0_DTLA0_DTLB0_DTVA0_DTVB0_DVO0_ETSP_EPS1_ELFLR0_EMLL0_FSSC10_FL0_GLVWA2_GLVWB2_GRCGA1_GRCGB1_GRPM1_GRVW2_GSU1_GSUASB_GLS0_ISA900_IU1_K1_KLA_LBSPPA0_LBSPPB0_LPA0_LPB0_LDL1_LRVW2_LWPMn1_LDW0_FMA_MIAV0_MDA2_MO40_MMFGLC_MKFGSU256_NTA0_NTB0_NTC0_NTD0_NEPBS0_NLCA3_NLCB3_ONLL1_OPLV0_PK0_PAP0_PGR1_PLR1_PKA0_SIA1_SLW1_SS0_SU32_SUM0_SUS256_SCIUI1_SPO0_SRVW0_SSO0_SVW4_SNLL0_TSGRA0_TSGRB0_TT2_2_TLDS0_UMLDSA0_UMLDSB0_USFGRO1_VAW2_VS1_VW2_VWB2_VFLRP0_WSGRA0_WSGRB0_WS64_WG8_8_1_WGM8",2411,16982564561668,16982564763895,0,3584,64,1,1,1024,8,1
"KERNEL_DISPATCH",4,2,76,"void convert_unary<__half, float>(void const*, float*, long, long, long, HIP_vector_type<unsigned int, 3u>, long, long, long)",2412,16982564763895,16982564768192,0,0,256,1,1,32768,1,1
"KERNEL_DISPATCH",4,2,51,"void dequantize_block_iq3_s<__half>(void const*, __half*)",2413,16982564786710,16982564804637,0,0,32,1,1,163840,1,1
"KERNEL_DISPATCH",4,2,64,"void convert_unary<float, __half>(void const*, __half*, long, long, long, HIP_vector_type<unsigned int, 3u>, long, long, long)",2414,16982564804637,16982564821378,0,0,256,1,1,655360,1,1
"KERNEL_DISPATCH",4,2,285,"Cijk_Alik_Bljk_HB_MT16x16x24_SN_1LDSB0_APM1_ABV0_ACED0_AF0EM2_AF1EM1_AMAS3_ASE_ASGT_ASLT_ASM_ASAE01_ASCE01_ASEM2_AAC0_BL1_BS1_CLR0_DTLA0_DTLB0_DTVA0_DTVB0_DVO0_ETSP_EPS1_ELFLR0_EMLL0_FSSC10_FL0_GLVWA2_GLVWB2_GRCGA1_GRCGB1_GRPM1_GRVW2_GSU1_GSUASB_GLS0_ISA900_IU1_K1_KLA_LBSPPA0_LBSPPB0_LPA0_LPB0_LDL1_LRVW2_LWPMn1_LDW0_FMA_MIAV0_MDA2_MO40_MMFGLC_MKFGSU256_NTA0_NTB0_NTC0_NTD0_NEPBS0_NLCA3_NLCB3_ONLL1_OPLV0_PK0_PAP0_PGR1_PLR1_PKA0_SIA1_SLW1_SS0_SU32_SUM0_SUS256_SCIUI1_SPO0_SRVW0_SSO0_SVW4_SNLL0_TSGRA0_TSGRB0_TT2_2_TLDS0_UMLDSA0_UMLDSB0_USFGRO1_VAW2_VS1_VW2_VWB2_VFLRP0_WSGRA0_WSGRB0_WS64_WG8_8_1_WGM8",2415,16982564821378,16982565023605,0,3584,64,1,1,1024,8,1
"KERNEL_DISPATCH",4,2,76,"void convert_unary<__half, float>(void const*, float*, long, long, long, HIP_vector_type<unsigned int, 3u>, long, long, long)",2416,16982565023605,16982565027902,0,0,256,1,1,32768,1,1
"KERNEL_DISPATCH",4,2,51,"void dequantize_block_iq3_s<__half>(void const*, __half*)",2417,16982565046124,16982565063754,0,0,32,1,1,163840,1,1
"KERNEL_DISPATCH",4,2,64,"void convert_unary<float, __half>(void const*, __half*, long, long, long, HIP_vector_type<unsigned int, 3u>, long, long, long)",2418,16982565063754,16982565080495,0,0,256,1,1,655360,1,1
"KERNEL_DISPATCH",4,2,285,"Cijk_Alik_Bljk_HB_MT16x16x24_SN_1LDSB0_APM1_ABV0_ACED0_AF0EM2_AF1EM1_AMAS3_ASE_ASGT_ASLT_ASM_ASAE01_ASCE01_ASEM2_AAC0_BL1_BS1_CLR0_DTLA0_DTLB0_DTVA0_DTVB0_DVO0_ETSP_EPS1_ELFLR0_EMLL0_FSSC10_FL0_GLVWA2_GLVWB2_GRCGA1_GRCGB1_GRPM1_GRVW2_GSU1_GSUASB_GLS0_ISA900_IU1_K1_KLA_LBSPPA0_LBSPPB0_LPA0_LPB0_LDL1_LRVW2_LWPMn1_LDW0_FMA_MIAV0_MDA2_MO40_MMFGLC_MKFGSU256_NTA0_NTB0_NTC0_NTD0_NEPBS0_NLCA3_NLCB3_ONLL1_OPLV0_PK0_PAP0_PGR1_PLR1_PKA0_SIA1_SLW1_SS0_SU32_SUM0_SUS256_SCIUI1_SPO0_SRVW0_SSO0_SVW4_SNLL0_TSGRA0_TSGRB0_TT2_2_TLDS0_UMLDSA0_UMLDSB0_USFGRO1_VAW2_VS1_VW2_VWB2_VFLRP0_WSGRA0_WSGRB0_WS64_WG8_8_1_WGM8",2419,16982565080495,16982565282723,0,3584,64,1,1,1024,8,1
"KERNEL_DISPATCH",4,2,76,"void convert_unary<__half, float>(void const*, float*, long, long, long, HIP_vector_type<unsigned int, 3u>, long, long, long)",2420,16982565282723,16982565287019,0,0,256,1,1,32768,1,1
"KERNEL_DISPATCH",4,2,51,"void dequantize_block_iq3_s<__half>(void const*, __half*)",2421,16982565305686,16982565323168,0,0,32,1,1,163840,1,1
"KERNEL_DISPATCH",4,2,64,"void convert_unary<float, __half>(void const*, __half*, long, long, long, HIP_vector_type<unsigned int, 3u>, long, long, long)",2422,16982565323168,16982565392799,0,0,256,1,1,655360,1,1
"KERNEL_DISPATCH",4,2,285,"Cijk_Alik_Bljk_HB_MT16x16x24_SN_1LDSB0_APM1_ABV0_ACED0_AF0EM2_AF1EM1_AMAS3_ASE_ASGT_ASLT_ASM_ASAE01_ASCE01_ASEM2_AAC0_BL1_BS1_CLR0_DTLA0_DTLB0_DTVA0_DTVB0_DVO0_ETSP_EPS1_ELFLR0_EMLL0_FSSC10_FL0_GLVWA2_GLVWB2_GRCGA1_GRCGB1_GRPM1_GRVW2_GSU1_GSUASB_GLS0_ISA900_IU1_K1_KLA_LBSPPA0_LBSPPB0_LPA0_LPB0_LDL1_LRVW2_LWPMn1_LDW0_FMA_MIAV0_MDA2_MO40_MMFGLC_MKFGSU256_NTA0_NTB0_NTC0_NTD0_NEPBS0_NLCA3_NLCB3_ONLL1_OPLV0_PK0_PAP0_PGR1_PLR1_PKA0_SIA1_SLW1_SS0_SU32_SUM0_SUS256_SCIUI1_SPO0_SRVW0_SSO0_SVW4_SNLL0_TSGRA0_TSGRB0_TT2_2_TLDS0_UMLDSA0_UMLDSB0_USFGRO1_VAW2_VS1_VW2_VWB2_VFLRP0_WSGRA0_WSGRB0_WS64_WG8_8_1_WGM8",2423,16982565392799,16982565594878,0,3584,64,1,1,1024,8,1
"KERNEL_DISPATCH",4,2,76,"void convert_unary<__half, float>(void const*, float*, long, long, long, HIP_vector_type<unsigned int, 3u>, long, long, long)",2424,16982565594878,16982565599026,0,0,256,1,1,32768,1,1
"KERNEL_DISPATCH",4,2,51,"void dequantize_block_iq3_s<__half>(void const*, __half*)",2425,16982565617101,16982565635176,0,0,32,1,1,163840,1,1
"KERNEL_DISPATCH",4,2,64,"void convert_unary<float, __half>(void const*, __half*, long, long, long, HIP_vector_type<unsigned int, 3u>, long, long, long)",2426,16982565635176,16982565651917,0,0,256,1,1,655360,1,1
"KERNEL_DISPATCH",4,2,285,"Cijk_Alik_Bljk_HB_MT16x16x24_SN_1LDSB0_APM1_ABV0_ACED0_AF0EM2_AF1EM1_AMAS3_ASE_ASGT_ASLT_ASM_ASAE01_ASCE01_ASEM2_AAC0_BL1_BS1_CLR0_DTLA0_DTLB0_DTVA0_DTVB0_DVO0_ETSP_EPS1_ELFLR0_EMLL0_FSSC10_FL0_GLVWA2_GLVWB2_GRCGA1_GRCGB1_GRPM1_GRVW2_GSU1_GSUASB_GLS0_ISA900_IU1_K1_KLA_LBSPPA0_LBSPPB0_LPA0_LPB0_LDL1_LRVW2_LWPMn1_LDW0_FMA_MIAV0_MDA2_MO40_MMFGLC_MKFGSU256_NTA0_NTB0_NTC0_NTD0_NEPBS0_NLCA3_NLCB3_ONLL1_OPLV0_PK0_PAP0_PGR1_PLR1_PKA0_SIA1_SLW1_SS0_SU32_SUM0_SUS256_SCIUI1_SPO0_SRVW0_SSO0_SVW4_SNLL0_TSGRA0_TSGRB0_TT2_2_TLDS0_UMLDSA0_UMLDSB0_USFGRO1_VAW2_VS1_VW2_VWB2_VFLRP0_WSGRA0_WSGRB0_WS64_WG8_8_1_WGM8",2427,16982565651917,16982565854144,0,3584,64,1,1,1024,8,1
"KERNEL_DISPATCH",4,2,76,"void convert_unary<__half, float>(void const*, float*, long, long, long, HIP_vector_type<unsigned int, 3u>, long, long, long)",2428,16982565854144,16982565858292,0,0,256,1,1,32768,1,1
"KERNEL_DISPATCH",4,2,51,"void dequantize_block_iq3_s<__half>(void const*, __half*)",2429,16982565876663,16982565894441,0,0,32,1,1,163840,1,1
"KERNEL_DISPATCH",4,2,64,"void convert_unary<float, __half>(void const*, __half*, long, long, long, HIP_vector_type<unsigned int, 3u>, long, long, long)",2430,16982565894441,16982565911182,0,0,256,1,1,655360,1,1
"KERNEL_DISPATCH",4,2,285,"Cijk_Alik_Bljk_HB_MT16x16x24_SN_1LDSB0_APM1_ABV0_ACED0_AF0EM2_AF1EM1_AMAS3_ASE_ASGT_ASLT_ASM_ASAE01_ASCE01_ASEM2_AAC0_BL1_BS1_CLR0_DTLA0_DTLB0_DTVA0_DTVB0_DVO0_ETSP_EPS1_ELFLR0_EMLL0_FSSC10_FL0_GLVWA2_GLVWB2_GRCGA1_GRCGB1_GRPM1_GRVW2_GSU1_GSUASB_GLS0_ISA900_IU1_K1_KLA_LBSPPA0_LBSPPB0_LPA0_LPB0_LDL1_LRVW2_LWPMn1_LDW0_FMA_MIAV0_MDA2_MO40_MMFGLC_MKFGSU256_NTA0_NTB0_NTC0_NTD0_NEPBS0_NLCA3_NLCB3_ONLL1_OPLV0_PK0_PAP0_PGR1_PLR1_PKA0_SIA1_SLW1_SS0_SU32_SUM0_SUS256_SCIUI1_SPO0_SRVW0_SSO0_SVW4_SNLL0_TSGRA0_TSGRB0_TT2_2_TLDS0_UMLDSA0_UMLDSB0_USFGRO1_VAW2_VS1_VW2_VWB2_VFLRP0_WSGRA0_WSGRB0_WS64_WG8_8_1_WGM8",2431,16982565911182,16982566113409,0,3584,64,1,1,1024,8,1
"KERNEL_DISPATCH",4,2,76,"void convert_unary<__half, float>(void const*, float*, long, long, long, HIP_vector_type<unsigned int, 3u>, long, long, long)",2432,16982566113409,16982566117706,0,0,256,1,1,32768,1,1
"KERNEL_DISPATCH",4,2,51,"void dequantize_block_iq3_s<__half>(void const*, __half*)",2433,16982566136225,16982566153707,0,0,32,1,1,163840,1,1
"KERNEL_DISPATCH",4,2,64,"void convert_unary<float, __half>(void const*, __half*, long, long, long, HIP_vector_type<unsigned int, 3u>, long, long, long)",2434,16982566153707,16982566170596,0,0,256,1,1,655360,1,1
"KERNEL_DISPATCH",4,2,285,"Cijk_Alik_Bljk_HB_MT16x16x24_SN_1LDSB0_APM1_ABV0_ACED0_AF0EM2_AF1EM1_AMAS3_ASE_ASGT_ASLT_ASM_ASAE01_ASCE01_ASEM2_AAC0_BL1_BS1_CLR0_DTLA0_DTLB0_DTVA0_DTVB0_DVO0_ETSP_EPS1_ELFLR0_EMLL0_FSSC10_FL0_GLVWA2_GLVWB2_GRCGA1_GRCGB1_GRPM1_GRVW2_GSU1_GSUASB_GLS0_ISA900_IU1_K1_KLA_LBSPPA0_LBSPPB0_LPA0_LPB0_LDL1_LRVW2_LWPMn1_LDW0_FMA_MIAV0_MDA2_MO40_MMFGLC_MKFGSU256_NTA0_NTB0_NTC0_NTD0_NEPBS0_NLCA3_NLCB3_ONLL1_OPLV0_PK0_PAP0_PGR1_PLR1_PKA0_SIA1_SLW1_SS0_SU32_SUM0_SUS256_SCIUI1_SPO0_SRVW0_SSO0_SVW4_SNLL0_TSGRA0_TSGRB0_TT2_2_TLDS0_UMLDSA0_UMLDSB0_USFGRO1_VAW2_VS1_VW2_VWB2_VFLRP0_WSGRA0_WSGRB0_WS64_WG8_8_1_WGM8",2435,16982566170596,16982566372823,0,3584,64,1,1,1024,8,1
"KERNEL_DISPATCH",4,2,76,"void convert_unary<__half, float>(void const*, float*, long, long, long, HIP_vector_type<unsigned int, 3u>, long, long, long)",2436,16982566372823,16982566377119,0,0,256,1,1,32768,1,1
"KERNEL_DISPATCH",4,2,51,"void dequantize_block_iq3_s<__half>(void const*, __half*)",2437,16982566395638,16982566413565,0,0,32,1,1,163840,1,1
"KERNEL_DISPATCH",4,2,64,"void convert_unary<float, __half>(void const*, __half*, long, long, long, HIP_vector_type<unsigned int, 3u>, long, long, long)",2438,16982566413565,16982566430306,0,0,256,1,1,655360,1,1
"KERNEL_DISPATCH",4,2,285,"Cijk_Alik_Bljk_HB_MT16x16x24_SN_1LDSB0_APM1_ABV0_ACED0_AF0EM2_AF1EM1_AMAS3_ASE_ASGT_ASLT_ASM_ASAE01_ASCE01_ASEM2_AAC0_BL1_BS1_CLR0_DTLA0_DTLB0_DTVA0_DTVB0_DVO0_ETSP_EPS1_ELFLR0_EMLL0_FSSC10_FL0_GLVWA2_GLVWB2_GRCGA1_GRCGB1_GRPM1_GRVW2_GSU1_GSUASB_GLS0_ISA900_IU1_K1_KLA_LBSPPA0_LBSPPB0_LPA0_LPB0_LDL1_LRVW2_LWPMn1_LDW0_FMA_MIAV0_MDA2_MO40_MMFGLC_MKFGSU256_NTA0_NTB0_NTC0_NTD0_NEPBS0_NLCA3_NLCB3_ONLL1_OPLV0_PK0_PAP0_PGR1_PLR1_PKA0_SIA1_SLW1_SS0_SU32_SUM0_SUS256_SCIUI1_SPO0_SRVW0_SSO0_SVW4_SNLL0_TSGRA0_TSGRB0_TT2_2_TLDS0_UMLDSA0_UMLDSB0_USFGRO1_VAW2_VS1_VW2_VWB2_VFLRP0_WSGRA0_WSGRB0_WS64_WG8_8_1_WGM8",2439,16982566430306,16982566632385,0,3584,64,1,1,1024,8,1
"KERNEL_DISPATCH",4,2,76,"void convert_unary<__half, float>(void const*, float*, long, long, long, HIP_vector_type<unsigned int, 3u>, long, long, long)",2440,16982566632385,16982566636681,0,0,256,1,1,32768,1,1
"KERNEL_DISPATCH",4,2,51,"void dequantize_block_iq3_s<__half>(void const*, __half*)",2441,16982566655200,16982566672830,0,0,32,1,1,163840,1,1
"KERNEL_DISPATCH",4,2,64,"void convert_unary<float, __half>(void const*, __half*, long, long, long, HIP_vector_type<unsigned int, 3u>, long, long, long)",2442,16982566672830,16982566689275,0,0,256,1,1,655360,1,1
"KERNEL_DISPATCH",4,2,285,"Cijk_Alik_Bljk_HB_MT16x16x24_SN_1LDSB0_APM1_ABV0_ACED0_AF0EM2_AF1EM1_AMAS3_ASE_ASGT_ASLT_ASM_ASAE01_ASCE01_ASEM2_AAC0_BL1_BS1_CLR0_DTLA0_DTLB0_DTVA0_DTVB0_DVO0_ETSP_EPS1_ELFLR0_EMLL0_FSSC10_FL0_GLVWA2_GLVWB2_GRCGA1_GRCGB1_GRPM1_GRVW2_GSU1_GSUASB_GLS0_ISA900_IU1_K1_KLA_LBSPPA0_LBSPPB0_LPA0_LPB0_LDL1_LRVW2_LWPMn1_LDW0_FMA_MIAV0_MDA2_MO40_MMFGLC_MKFGSU256_NTA0_NTB0_NTC0_NTD0_NEPBS0_NLCA3_NLCB3_ONLL1_OPLV0_PK0_PAP0_PGR1_PLR1_PKA0_SIA1_SLW1_SS0_SU32_SUM0_SUS256_SCIUI1_SPO0_SRVW0_SSO0_SVW4_SNLL0_TSGRA0_TSGRB0_TT2_2_TLDS0_UMLDSA0_UMLDSB0_USFGRO1_VAW2_VS1_VW2_VWB2_VFLRP0_WSGRA0_WSGRB0_WS64_WG8_8_1_WGM8",2443,16982566689275,16982566891502,0,3584,64,1,1,1024,8,1
"KERNEL_DISPATCH",4,2,76,"void convert_unary<__half, float>(void const*, float*, long, long, long, HIP_vector_type<unsigned int, 3u>, long, long, long)",2444,16982566891502,16982566895799,0,0,256,1,1,32768,1,1
"KERNEL_DISPATCH",4,2,51,"void dequantize_block_iq3_s<__half>(void const*, __half*)",2445,16982566914021,16982566931503,0,0,32,1,1,163840,1,1
"KERNEL_DISPATCH",4,2,64,"void convert_unary<float, __half>(void const*, __half*, long, long, long, HIP_vector_type<unsigned int, 3u>, long, long, long)",2446,16982566931503,16982566948096,0,0,256,1,1,655360,1,1
"KERNEL_DISPATCH",4,2,285,"Cijk_Alik_Bljk_HB_MT16x16x24_SN_1LDSB0_APM1_ABV0_ACED0_AF0EM2_AF1EM1_AMAS3_ASE_ASGT_ASLT_ASM_ASAE01_ASCE01_ASEM2_AAC0_BL1_BS1_CLR0_DTLA0_DTLB0_DTVA0_DTVB0_DVO0_ETSP_EPS1_ELFLR0_EMLL0_FSSC10_FL0_GLVWA2_GLVWB2_GRCGA1_GRCGB1_GRPM1_GRVW2_GSU1_GSUASB_GLS0_ISA900_IU1_K1_KLA_LBSPPA0_LBSPPB0_LPA0_LPB0_LDL1_LRVW2_LWPMn1_LDW0_FMA_MIAV0_MDA2_MO40_MMFGLC_MKFGSU256_NTA0_NTB0_NTC0_NTD0_NEPBS0_NLCA3_NLCB3_ONLL1_OPLV0_PK0_PAP0_PGR1_PLR1_PKA0_SIA1_SLW1_SS0_SU32_SUM0_SUS256_SCIUI1_SPO0_SRVW0_SSO0_SVW4_SNLL0_TSGRA0_TSGRB0_TT2_2_TLDS0_UMLDSA0_UMLDSB0_USFGRO1_VAW2_VS1_VW2_VWB2_VFLRP0_WSGRA0_WSGRB0_WS64_WG8_8_1_WGM8",2447,16982566948096,16982567150175,0,3584,64,1,1,1024,8,1
"KERNEL_DISPATCH",4,2,76,"void convert_unary<__half, float>(void const*, float*, long, long, long, HIP_vector_type<unsigned int, 3u>, long, long, long)",2448,16982567150175,16982567154472,0,0,256,1,1,32768,1,1
"KERNEL_DISPATCH",4,2,51,"void dequantize_block_iq3_s<__half>(void const*, __half*)",2449,16982567173139,16982567190769,0,0,32,1,1,163840,1,1
"KERNEL_DISPATCH",4,2,64,"void convert_unary<float, __half>(void const*, __half*, long, long, long, HIP_vector_type<unsigned int, 3u>, long, long, long)",2450,16982567190769,16982567207510,0,0,256,1,1,655360,1,1
"KERNEL_DISPATCH",4,2,285,"Cijk_Alik_Bljk_HB_MT16x16x24_SN_1LDSB0_APM1_ABV0_ACED0_AF0EM2_AF1EM1_AMAS3_ASE_ASGT_ASLT_ASM_ASAE01_ASCE01_ASEM2_AAC0_BL1_BS1_CLR0_DTLA0_DTLB0_DTVA0_DTVB0_DVO0_ETSP_EPS1_ELFLR0_EMLL0_FSSC10_FL0_GLVWA2_GLVWB2_GRCGA1_GRCGB1_GRPM1_GRVW2_GSU1_GSUASB_GLS0_ISA900_IU1_K1_KLA_LBSPPA0_LBSPPB0_LPA0_LPB0_LDL1_LRVW2_LWPMn1_LDW0_FMA_MIAV0_MDA2_MO40_MMFGLC_MKFGSU256_NTA0_NTB0_NTC0_NTD0_NEPBS0_NLCA3_NLCB3_ONLL1_OPLV0_PK0_PAP0_PGR1_PLR1_PKA0_SIA1_SLW1_SS0_SU32_SUM0_SUS256_SCIUI1_SPO0_SRVW0_SSO0_SVW4_SNLL0_TSGRA0_TSGRB0_TT2_2_TLDS0_UMLDSA0_UMLDSB0_USFGRO1_VAW2_VS1_VW2_VWB2_VFLRP0_WSGRA0_WSGRB0_WS64_WG8_8_1_WGM8",2451,16982567207510,16982567409441,0,3584,64,1,1,1024,8,1
"KERNEL_DISPATCH",4,2,76,"void convert_unary<__half, float>(void const*, float*, long, long, long, HIP_vector_type<unsigned int, 3u>, long, long, long)",2452,16982567409441,16982567413589,0,0,256,1,1,32768,1,1
"KERNEL_DISPATCH",4,2,51,"void dequantize_block_iq3_s<__half>(void const*, __half*)",2453,16982567432256,16982567449738,0,0,32,1,1,163840,1,1
"KERNEL_DISPATCH",4,2,64,"void convert_unary<float, __half>(void const*, __half*, long, long, long, HIP_vector_type<unsigned int, 3u>, long, long, long)",2454,16982567449738,16982567466331,0,0,256,1,1,655360,1,1
"KERNEL_DISPATCH",4,2,285,"Cijk_Alik_Bljk_HB_MT16x16x24_SN_1LDSB0_APM1_ABV0_ACED0_AF0EM2_AF1EM1_AMAS3_ASE_ASGT_ASLT_ASM_ASAE01_ASCE01_ASEM2_AAC0_BL1_BS1_CLR0_DTLA0_DTLB0_DTVA0_DTVB0_DVO0_ETSP_EPS1_ELFLR0_EMLL0_FSSC10_FL0_GLVWA2_GLVWB2_GRCGA1_GRCGB1_GRPM1_GRVW2_GSU1_GSUASB_GLS0_ISA900_IU1_K1_KLA_LBSPPA0_LBSPPB0_LPA0_LPB0_LDL1_LRVW2_LWPMn1_LDW0_FMA_MIAV0_MDA2_MO40_MMFGLC_MKFGSU256_NTA0_NTB0_NTC0_NTD0_NEPBS0_NLCA3_NLCB3_ONLL1_OPLV0_PK0_PAP0_PGR1_PLR1_PKA0_SIA1_SLW1_SS0_SU32_SUM0_SUS256_SCIUI1_SPO0_SRVW0_SSO0_SVW4_SNLL0_TSGRA0_TSGRB0_TT2_2_TLDS0_UMLDSA0_UMLDSB0_USFGRO1_VAW2_VS1_VW2_VWB2_VFLRP0_WSGRA0_WSGRB0_WS64_WG8_8_1_WGM8",2455,16982567466331,16982567668558,0,3584,64,1,1,1024,8,1
"KERNEL_DISPATCH",4,2,76,"void convert_unary<__half, float>(void const*, float*, long, long, long, HIP_vector_type<unsigned int, 3u>, long, long, long)",2456,16982567668558,16982567672706,0,0,256,1,1,32768,1,1
"KERNEL_DISPATCH",4,2,51,"void dequantize_block_iq3_s<__half>(void const*, __half*)",2457,16982567691374,16982567709004,0,0,32,1,1,163840,1,1
"KERNEL_DISPATCH",4,2,64,"void convert_unary<float, __half>(void const*, __half*, long, long, long, HIP_vector_type<unsigned int, 3u>, long, long, long)",2458,16982567709004,16982567725597,0,0,256,1,1,655360,1,1
"KERNEL_DISPATCH",4,2,285,"Cijk_Alik_Bljk_HB_MT16x16x24_SN_1LDSB0_APM1_ABV0_ACED0_AF0EM2_AF1EM1_AMAS3_ASE_ASGT_ASLT_ASM_ASAE01_ASCE01_ASEM2_AAC0_BL1_BS1_CLR0_DTLA0_DTLB0_DTVA0_DTVB0_DVO0_ETSP_EPS1_ELFLR0_EMLL0_FSSC10_FL0_GLVWA2_GLVWB2_GRCGA1_GRCGB1_GRPM1_GRVW2_GSU1_GSUASB_GLS0_ISA900_IU1_K1_KLA_LBSPPA0_LBSPPB0_LPA0_LPB0_LDL1_LRVW2_LWPMn1_LDW0_FMA_MIAV0_MDA2_MO40_MMFGLC_MKFGSU256_NTA0_NTB0_NTC0_NTD0_NEPBS0_NLCA3_NLCB3_ONLL1_OPLV0_PK0_PAP0_PGR1_PLR1_PKA0_SIA1_SLW1_SS0_SU32_SUM0_SUS256_SCIUI1_SPO0_SRVW0_SSO0_SVW4_SNLL0_TSGRA0_TSGRB0_TT2_2_TLDS0_UMLDSA0_UMLDSB0_USFGRO1_VAW2_VS1_VW2_VWB2_VFLRP0_WSGRA0_WSGRB0_WS64_WG8_8_1_WGM8",2459,16982567725597,16982567927972,0,3584,64,1,1,1024,8,1
"KERNEL_DISPATCH",4,2,76,"void convert_unary<__half, float>(void const*, float*, long, long, long, HIP_vector_type<unsigned int, 3u>, long, long, long)",2460,16982567927972,16982567932120,0,0,256,1,1,32768,1,1
"KERNEL_DISPATCH",4,2,51,"void dequantize_block_iq3_s<__half>(void const*, __half*)",2461,16982567950639,16982567968269,0,0,32,1,1,163840,1,1
"KERNEL_DISPATCH",4,2,64,"void convert_unary<float, __half>(void const*, __half*, long, long, long, HIP_vector_type<unsigned int, 3u>, long, long, long)",2462,16982567968269,16982567985158,0,0,256,1,1,655360,1,1
"KERNEL_DISPATCH",4,2,285,"Cijk_Alik_Bljk_HB_MT16x16x24_SN_1LDSB0_APM1_ABV0_ACED0_AF0EM2_AF1EM1_AMAS3_ASE_ASGT_ASLT_ASM_ASAE01_ASCE01_ASEM2_AAC0_BL1_BS1_CLR0_DTLA0_DTLB0_DTVA0_DTVB0_DVO0_ETSP_EPS1_ELFLR0_EMLL0_FSSC10_FL0_GLVWA2_GLVWB2_GRCGA1_GRCGB1_GRPM1_GRVW2_GSU1_GSUASB_GLS0_ISA900_IU1_K1_KLA_LBSPPA0_LBSPPB0_LPA0_LPB0_LDL1_LRVW2_LWPMn1_LDW0_FMA_MIAV0_MDA2_MO40_MMFGLC_MKFGSU256_NTA0_NTB0_NTC0_NTD0_NEPBS0_NLCA3_NLCB3_ONLL1_OPLV0_PK0_PAP0_PGR1_PLR1_PKA0_SIA1_SLW1_SS0_SU32_SUM0_SUS256_SCIUI1_SPO0_SRVW0_SSO0_SVW4_SNLL0_TSGRA0_TSGRB0_TT2_2_TLDS0_UMLDSA0_UMLDSB0_USFGRO1_VAW2_VS1_VW2_VWB2_VFLRP0_WSGRA0_WSGRB0_WS64_WG8_8_1_WGM8",2463,16982567985158,16982568187534,0,3584,64,1,1,1024,8,1
"KERNEL_DISPATCH",4,2,76,"void convert_unary<__half, float>(void const*, float*, long, long, long, HIP_vector_type<unsigned int, 3u>, long, long, long)",2464,16982568187534,16982568191682,0,0,256,1,1,32768,1,1
"KERNEL_DISPATCH",4,2,51,"void dequantize_block_iq3_s<__half>(void const*, __half*)",2465,16982568210349,16982568228127,0,0,32,1,1,163840,1,1
"KERNEL_DISPATCH",4,2,64,"void convert_unary<float, __half>(void const*, __half*, long, long, long, HIP_vector_type<unsigned int, 3u>, long, long, long)",2466,16982568228127,16982568244868,0,0,256,1,1,655360,1,1
"KERNEL_DISPATCH",4,2,285,"Cijk_Alik_Bljk_HB_MT16x16x24_SN_1LDSB0_APM1_ABV0_ACED0_AF0EM2_AF1EM1_AMAS3_ASE_ASGT_ASLT_ASM_ASAE01_ASCE01_ASEM2_AAC0_BL1_BS1_CLR0_DTLA0_DTLB0_DTVA0_DTVB0_DVO0_ETSP_EPS1_ELFLR0_EMLL0_FSSC10_FL0_GLVWA2_GLVWB2_GRCGA1_GRCGB1_GRPM1_GRVW2_GSU1_GSUASB_GLS0_ISA900_IU1_K1_KLA_LBSPPA0_LBSPPB0_LPA0_LPB0_LDL1_LRVW2_LWPMn1_LDW0_FMA_MIAV0_MDA2_MO40_MMFGLC_MKFGSU256_NTA0_NTB0_NTC0_NTD0_NEPBS0_NLCA3_NLCB3_ONLL1_OPLV0_PK0_PAP0_PGR1_PLR1_PKA0_SIA1_SLW1_SS0_SU32_SUM0_SUS256_SCIUI1_SPO0_SRVW0_SSO0_SVW4_SNLL0_TSGRA0_TSGRB0_TT2_2_TLDS0_UMLDSA0_UMLDSB0_USFGRO1_VAW2_VS1_VW2_VWB2_VFLRP0_WSGRA0_WSGRB0_WS64_WG8_8_1_WGM8",2467,16982568244868,16982568446947,0,3584,64,1,1,1024,8,1
"KERNEL_DISPATCH",4,2,76,"void convert_unary<__half, float>(void const*, float*, long, long, long, HIP_vector_type<unsigned int, 3u>, long, long, long)",2468,16982568446947,16982568451244,0,0,256,1,1,32768,1,1
"KERNEL_DISPATCH",4,2,51,"void dequantize_block_iq3_s<__half>(void const*, __half*)",2469,16982568469911,16982568487393,0,0,32,1,1,163840,1,1
"KERNEL_DISPATCH",4,2,64,"void convert_unary<float, __half>(void const*, __half*, long, long, long, HIP_vector_type<unsigned int, 3u>, long, long, long)",2470,16982568487393,16982568557320,0,0,256,1,1,655360,1,1
"KERNEL_DISPATCH",4,2,285,"Cijk_Alik_Bljk_HB_MT16x16x24_SN_1LDSB0_APM1_ABV0_ACED0_AF0EM2_AF1EM1_AMAS3_ASE_ASGT_ASLT_ASM_ASAE01_ASCE01_ASEM2_AAC0_BL1_BS1_CLR0_DTLA0_DTLB0_DTVA0_DTVB0_DVO0_ETSP_EPS1_ELFLR0_EMLL0_FSSC10_FL0_GLVWA2_GLVWB2_GRCGA1_GRCGB1_GRPM1_GRVW2_GSU1_GSUASB_GLS0_ISA900_IU1_K1_KLA_LBSPPA0_LBSPPB0_LPA0_LPB0_LDL1_LRVW2_LWPMn1_LDW0_FMA_MIAV0_MDA2_MO40_MMFGLC_MKFGSU256_NTA0_NTB0_NTC0_NTD0_NEPBS0_NLCA3_NLCB3_ONLL1_OPLV0_PK0_PAP0_PGR1_PLR1_PKA0_SIA1_SLW1_SS0_SU32_SUM0_SUS256_SCIUI1_SPO0_SRVW0_SSO0_SVW4_SNLL0_TSGRA0_TSGRB0_TT2_2_TLDS0_UMLDSA0_UMLDSB0_USFGRO1_VAW2_VS1_VW2_VWB2_VFLRP0_WSGRA0_WSGRB0_WS64_WG8_8_1_WGM8",2471,16982568557320,16982568759548,0,3584,64,1,1,1024,8,1
"KERNEL_DISPATCH",4,2,76,"void convert_unary<__half, float>(void const*, float*, long, long, long, HIP_vector_type<unsigned int, 3u>, long, long, long)",2472,16982568759548,16982568763696,0,0,256,1,1,32768,1,1
"KERNEL_DISPATCH",4,2,51,"void dequantize_block_iq3_s<__half>(void const*, __half*)",2473,16982568782363,16982568799697,0,0,32,1,1,163840,1,1
"KERNEL_DISPATCH",4,2,64,"void convert_unary<float, __half>(void const*, __half*, long, long, long, HIP_vector_type<unsigned int, 3u>, long, long, long)",2474,16982568799697,16982568816438,0,0,256,1,1,655360,1,1
"KERNEL_DISPATCH",4,2,285,"Cijk_Alik_Bljk_HB_MT16x16x24_SN_1LDSB0_APM1_ABV0_ACED0_AF0EM2_AF1EM1_AMAS3_ASE_ASGT_ASLT_ASM_ASAE01_ASCE01_ASEM2_AAC0_BL1_BS1_CLR0_DTLA0_DTLB0_DTVA0_DTVB0_DVO0_ETSP_EPS1_ELFLR0_EMLL0_FSSC10_FL0_GLVWA2_GLVWB2_GRCGA1_GRCGB1_GRPM1_GRVW2_GSU1_GSUASB_GLS0_ISA900_IU1_K1_KLA_LBSPPA0_LBSPPB0_LPA0_LPB0_LDL1_LRVW2_LWPMn1_LDW0_FMA_MIAV0_MDA2_MO40_MMFGLC_MKFGSU256_NTA0_NTB0_NTC0_NTD0_NEPBS0_NLCA3_NLCB3_ONLL1_OPLV0_PK0_PAP0_PGR1_PLR1_PKA0_SIA1_SLW1_SS0_SU32_SUM0_SUS256_SCIUI1_SPO0_SRVW0_SSO0_SVW4_SNLL0_TSGRA0_TSGRB0_TT2_2_TLDS0_UMLDSA0_UMLDSB0_USFGRO1_VAW2_VS1_VW2_VWB2_VFLRP0_WSGRA0_WSGRB0_WS64_WG8_8_1_WGM8",2475,16982568816438,16982569018665,0,3584,64,1,1,1024,8,1
"KERNEL_DISPATCH",4,2,76,"void convert_unary<__half, float>(void const*, float*, long, long, long, HIP_vector_type<unsigned int, 3u>, long, long, long)",2476,16982569018665,16982569022813,0,0,256,1,1,32768,1,1
"KERNEL_DISPATCH",4,2,51,"void dequantize_block_iq3_s<__half>(void const*, __half*)",2477,16982569041480,16982569058962,0,0,32,1,1,163840,1,1
"KERNEL_DISPATCH",4,2,64,"void convert_unary<float, __half>(void const*, __half*, long, long, long, HIP_vector_type<unsigned int, 3u>, long, long, long)",2478,16982569058962,16982569075703,0,0,256,1,1,655360,1,1
"KERNEL_DISPATCH",4,2,285,"Cijk_Alik_Bljk_HB_MT16x16x24_SN_1LDSB0_APM1_ABV0_ACED0_AF0EM2_AF1EM1_AMAS3_ASE_ASGT_ASLT_ASM_ASAE01_ASCE01_ASEM2_AAC0_BL1_BS1_CLR0_DTLA0_DTLB0_DTVA0_DTVB0_DVO0_ETSP_EPS1_ELFLR0_EMLL0_FSSC10_FL0_GLVWA2_GLVWB2_GRCGA1_GRCGB1_GRPM1_GRVW2_GSU1_GSUASB_GLS0_ISA900_IU1_K1_KLA_LBSPPA0_LBSPPB0_LPA0_LPB0_LDL1_LRVW2_LWPMn1_LDW0_FMA_MIAV0_MDA2_MO40_MMFGLC_MKFGSU256_NTA0_NTB0_NTC0_NTD0_NEPBS0_NLCA3_NLCB3_ONLL1_OPLV0_PK0_PAP0_PGR1_PLR1_PKA0_SIA1_SLW1_SS0_SU32_SUM0_SUS256_SCIUI1_SPO0_SRVW0_SSO0_SVW4_SNLL0_TSGRA0_TSGRB0_TT2_2_TLDS0_UMLDSA0_UMLDSB0_USFGRO1_VAW2_VS1_VW2_VWB2_VFLRP0_WSGRA0_WSGRB0_WS64_WG8_8_1_WGM8",2479,16982569075703,16982569277782,0,3584,64,1,1,1024,8,1
"KERNEL_DISPATCH",4,2,76,"void convert_unary<__half, float>(void const*, float*, long, long, long, HIP_vector_type<unsigned int, 3u>, long, long, long)",2480,16982569277782,16982569281931,0,0,256,1,1,32768,1,1
"KERNEL_DISPATCH",4,2,51,"void dequantize_block_iq3_s<__half>(void const*, __half*)",2481,16982569300598,16982569318376,0,0,32,1,1,163840,1,1
"KERNEL_DISPATCH",4,2,64,"void convert_unary<float, __half>(void const*, __half*, long, long, long, HIP_vector_type<unsigned int, 3u>, long, long, long)",2482,16982569318376,16982569334969,0,0,256,1,1,655360,1,1
"KERNEL_DISPATCH",4,2,285,"Cijk_Alik_Bljk_HB_MT16x16x24_SN_1LDSB0_APM1_ABV0_ACED0_AF0EM2_AF1EM1_AMAS3_ASE_ASGT_ASLT_ASM_ASAE01_ASCE01_ASEM2_AAC0_BL1_BS1_CLR0_DTLA0_DTLB0_DTVA0_DTVB0_DVO0_ETSP_EPS1_ELFLR0_EMLL0_FSSC10_FL0_GLVWA2_GLVWB2_GRCGA1_GRCGB1_GRPM1_GRVW2_GSU1_GSUASB_GLS0_ISA900_IU1_K1_KLA_LBSPPA0_LBSPPB0_LPA0_LPB0_LDL1_LRVW2_LWPMn1_LDW0_FMA_MIAV0_MDA2_MO40_MMFGLC_MKFGSU256_NTA0_NTB0_NTC0_NTD0_NEPBS0_NLCA3_NLCB3_ONLL1_OPLV0_PK0_PAP0_PGR1_PLR1_PKA0_SIA1_SLW1_SS0_SU32_SUM0_SUS256_SCIUI1_SPO0_SRVW0_SSO0_SVW4_SNLL0_TSGRA0_TSGRB0_TT2_2_TLDS0_UMLDSA0_UMLDSB0_USFGRO1_VAW2_VS1_VW2_VWB2_VFLRP0_WSGRA0_WSGRB0_WS64_WG8_8_1_WGM8",2483,16982569334969,16982569537196,0,3584,64,1,1,1024,8,1
"KERNEL_DISPATCH",4,2,76,"void convert_unary<__half, float>(void const*, float*, long, long, long, HIP_vector_type<unsigned int, 3u>, long, long, long)",2484,16982569537196,16982569541344,0,0,256,1,1,32768,1,1
"KERNEL_DISPATCH",4,2,51,"void dequantize_block_iq3_s<__half>(void const*, __half*)",2485,16982569560011,16982569577493,0,0,32,1,1,163840,1,1
"KERNEL_DISPATCH",4,2,64,"void convert_unary<float, __half>(void const*, __half*, long, long, long, HIP_vector_type<unsigned int, 3u>, long, long, long)",2486,16982569577493,16982569594383,0,0,256,1,1,655360,1,1
"KERNEL_DISPATCH",4,2,285,"Cijk_Alik_Bljk_HB_MT16x16x24_SN_1LDSB0_APM1_ABV0_ACED0_AF0EM2_AF1EM1_AMAS3_ASE_ASGT_ASLT_ASM_ASAE01_ASCE01_ASEM2_AAC0_BL1_BS1_CLR0_DTLA0_DTLB0_DTVA0_DTVB0_DVO0_ETSP_EPS1_ELFLR0_EMLL0_FSSC10_FL0_GLVWA2_GLVWB2_GRCGA1_GRCGB1_GRPM1_GRVW2_GSU1_GSUASB_GLS0_ISA900_IU1_K1_KLA_LBSPPA0_LBSPPB0_LPA0_LPB0_LDL1_LRVW2_LWPMn1_LDW0_FMA_MIAV0_MDA2_MO40_MMFGLC_MKFGSU256_NTA0_NTB0_NTC0_NTD0_NEPBS0_NLCA3_NLCB3_ONLL1_OPLV0_PK0_PAP0_PGR1_PLR1_PKA0_SIA1_SLW1_SS0_SU32_SUM0_SUS256_SCIUI1_SPO0_SRVW0_SSO0_SVW4_SNLL0_TSGRA0_TSGRB0_TT2_2_TLDS0_UMLDSA0_UMLDSB0_USFGRO1_VAW2_VS1_VW2_VWB2_VFLRP0_WSGRA0_WSGRB0_WS64_WG8_8_1_WGM8",2487,16982569594383,16982569796610,0,3584,64,1,1,1024,8,1
"KERNEL_DISPATCH",4,2,76,"void convert_unary<__half, float>(void const*, float*, long, long, long, HIP_vector_type<unsigned int, 3u>, long, long, long)",2488,16982569796610,16982569800906,0,0,256,1,1,32768,1,1
"KERNEL_DISPATCH",4,2,51,"void dequantize_block_iq3_s<__half>(void const*, __half*)",2489,16982569818981,16982569836463,0,0,32,1,1,163840,1,1
"KERNEL_DISPATCH",4,2,64,"void convert_unary<float, __half>(void const*, __half*, long, long, long, HIP_vector_type<unsigned int, 3u>, long, long, long)",2490,16982569836463,16982569853056,0,0,256,1,1,655360,1,1
"KERNEL_DISPATCH",4,2,285,"Cijk_Alik_Bljk_HB_MT16x16x24_SN_1LDSB0_APM1_ABV0_ACED0_AF0EM2_AF1EM1_AMAS3_ASE_ASGT_ASLT_ASM_ASAE01_ASCE01_ASEM2_AAC0_BL1_BS1_CLR0_DTLA0_DTLB0_DTVA0_DTVB0_DVO0_ETSP_EPS1_ELFLR0_EMLL0_FSSC10_FL0_GLVWA2_GLVWB2_GRCGA1_GRCGB1_GRPM1_GRVW2_GSU1_GSUASB_GLS0_ISA900_IU1_K1_KLA_LBSPPA0_LBSPPB0_LPA0_LPB0_LDL1_LRVW2_LWPMn1_LDW0_FMA_MIAV0_MDA2_MO40_MMFGLC_MKFGSU256_NTA0_NTB0_NTC0_NTD0_NEPBS0_NLCA3_NLCB3_ONLL1_OPLV0_PK0_PAP0_PGR1_PLR1_PKA0_SIA1_SLW1_SS0_SU32_SUM0_SUS256_SCIUI1_SPO0_SRVW0_SSO0_SVW4_SNLL0_TSGRA0_TSGRB0_TT2_2_TLDS0_UMLDSA0_UMLDSB0_USFGRO1_VAW2_VS1_VW2_VWB2_VFLRP0_WSGRA0_WSGRB0_WS64_WG8_8_1_WGM8",2491,16982569853056,16982570055135,0,3584,64,1,1,1024,8,1
"KERNEL_DISPATCH",4,2,76,"void convert_unary<__half, float>(void const*, float*, long, long, long, HIP_vector_type<unsigned int, 3u>, long, long, long)",2492,16982570055135,16982570059283,0,0,256,1,1,32768,1,1
"KERNEL_DISPATCH",4,2,51,"void dequantize_block_iq3_s<__half>(void const*, __half*)",2493,16982570078098,16982570095728,0,0,32,1,1,163840,1,1
"KERNEL_DISPATCH",4,2,64,"void convert_unary<float, __half>(void const*, __half*, long, long, long, HIP_vector_type<unsigned int, 3u>, long, long, long)",2494,16982570095728,16982570112469,0,0,256,1,1,655360,1,1
"KERNEL_DISPATCH",4,2,285,"Cijk_Alik_Bljk_HB_MT16x16x24_SN_1LDSB0_APM1_ABV0_ACED0_AF0EM2_AF1EM1_AMAS3_ASE_ASGT_ASLT_ASM_ASAE01_ASCE01_ASEM2_AAC0_BL1_BS1_CLR0_DTLA0_DTLB0_DTVA0_DTVB0_DVO0_ETSP_EPS1_ELFLR0_EMLL0_FSSC10_FL0_GLVWA2_GLVWB2_GRCGA1_GRCGB1_GRPM1_GRVW2_GSU1_GSUASB_GLS0_ISA900_IU1_K1_KLA_LBSPPA0_LBSPPB0_LPA0_LPB0_LDL1_LRVW2_LWPMn1_LDW0_FMA_MIAV0_MDA2_MO40_MMFGLC_MKFGSU256_NTA0_NTB0_NTC0_NTD0_NEPBS0_NLCA3_NLCB3_ONLL1_OPLV0_PK0_PAP0_PGR1_PLR1_PKA0_SIA1_SLW1_SS0_SU32_SUM0_SUS256_SCIUI1_SPO0_SRVW0_SSO0_SVW4_SNLL0_TSGRA0_TSGRB0_TT2_2_TLDS0_UMLDSA0_UMLDSB0_USFGRO1_VAW2_VS1_VW2_VWB2_VFLRP0_WSGRA0_WSGRB0_WS64_WG8_8_1_WGM8",2495,16982570112469,16982570314696,0,3584,64,1,1,1024,8,1
"KERNEL_DISPATCH",4,2,76,"void convert_unary<__half, float>(void const*, float*, long, long, long, HIP_vector_type<unsigned int, 3u>, long, long, long)",2496,16982570314696,16982570318845,0,0,256,1,1,32768,1,1
"KERNEL_DISPATCH",4,2,51,"void dequantize_block_iq3_s<__half>(void const*, __half*)",2497,16982570337512,16982570354994,0,0,32,1,1,163840,1,1
"KERNEL_DISPATCH",4,2,64,"void convert_unary<float, __half>(void const*, __half*, long, long, long, HIP_vector_type<unsigned int, 3u>, long, long, long)",2498,16982570354994,16982570371735,0,0,256,1,1,655360,1,1
"KERNEL_DISPATCH",4,2,285,"Cijk_Alik_Bljk_HB_MT16x16x24_SN_1LDSB0_APM1_ABV0_ACED0_AF0EM2_AF1EM1_AMAS3_ASE_ASGT_ASLT_ASM_ASAE01_ASCE01_ASEM2_AAC0_BL1_BS1_CLR0_DTLA0_DTLB0_DTVA0_DTVB0_DVO0_ETSP_EPS1_ELFLR0_EMLL0_FSSC10_FL0_GLVWA2_GLVWB2_GRCGA1_GRCGB1_GRPM1_GRVW2_GSU1_GSUASB_GLS0_ISA900_IU1_K1_KLA_LBSPPA0_LBSPPB0_LPA0_LPB0_LDL1_LRVW2_LWPMn1_LDW0_FMA_MIAV0_MDA2_MO40_MMFGLC_MKFGSU256_NTA0_NTB0_NTC0_NTD0_NEPBS0_NLCA3_NLCB3_ONLL1_OPLV0_PK0_PAP0_PGR1_PLR1_PKA0_SIA1_SLW1_SS0_SU32_SUM0_SUS256_SCIUI1_SPO0_SRVW0_SSO0_SVW4_SNLL0_TSGRA0_TSGRB0_TT2_2_TLDS0_UMLDSA0_UMLDSB0_USFGRO1_VAW2_VS1_VW2_VWB2_VFLRP0_WSGRA0_WSGRB0_WS64_WG8_8_1_WGM8",2499,16982570371735,16982570573814,0,3584,64,1,1,1024,8,1
"KERNEL_DISPATCH",4,2,76,"void convert_unary<__half, float>(void const*, float*, long, long, long, HIP_vector_type<unsigned int, 3u>, long, long, long)",2500,16982570573814,16982570577962,0,0,256,1,1,32768,1,1
"KERNEL_DISPATCH",4,2,51,"void dequantize_block_iq3_s<__half>(void const*, __half*)",2501,16982570596629,16982570614259,0,0,32,1,1,163840,1,1
"KERNEL_DISPATCH",4,2,64,"void convert_unary<float, __half>(void const*, __half*, long, long, long, HIP_vector_type<unsigned int, 3u>, long, long, long)",2502,16982570614259,16982570630852,0,0,256,1,1,655360,1,1
"KERNEL_DISPATCH",4,2,285,"Cijk_Alik_Bljk_HB_MT16x16x24_SN_1LDSB0_APM1_ABV0_ACED0_AF0EM2_AF1EM1_AMAS3_ASE_ASGT_ASLT_ASM_ASAE01_ASCE01_ASEM2_AAC0_BL1_BS1_CLR0_DTLA0_DTLB0_DTVA0_DTVB0_DVO0_ETSP_EPS1_ELFLR0_EMLL0_FSSC10_FL0_GLVWA2_GLVWB2_GRCGA1_GRCGB1_GRPM1_GRVW2_GSU1_GSUASB_GLS0_ISA900_IU1_K1_KLA_LBSPPA0_LBSPPB0_LPA0_LPB0_LDL1_LRVW2_LWPMn1_LDW0_FMA_MIAV0_MDA2_MO40_MMFGLC_MKFGSU256_NTA0_NTB0_NTC0_NTD0_NEPBS0_NLCA3_NLCB3_ONLL1_OPLV0_PK0_PAP0_PGR1_PLR1_PKA0_SIA1_SLW1_SS0_SU32_SUM0_SUS256_SCIUI1_SPO0_SRVW0_SSO0_SVW4_SNLL0_TSGRA0_TSGRB0_TT2_2_TLDS0_UMLDSA0_UMLDSB0_USFGRO1_VAW2_VS1_VW2_VWB2_VFLRP0_WSGRA0_WSGRB0_WS64_WG8_8_1_WGM8",2503,16982570630852,16982570833079,0,3584,64,1,1,1024,8,1
"KERNEL_DISPATCH",4,2,76,"void convert_unary<__half, float>(void const*, float*, long, long, long, HIP_vector_type<unsigned int, 3u>, long, long, long)",2504,16982570833079,16982570837228,0,0,256,1,1,32768,1,1
"KERNEL_DISPATCH",4,2,51,"void dequantize_block_iq3_s<__half>(void const*, __half*)",2505,16982570855747,16982570873228,0,0,32,1,1,163840,1,1
"KERNEL_DISPATCH",4,2,64,"void convert_unary<float, __half>(void const*, __half*, long, long, long, HIP_vector_type<unsigned int, 3u>, long, long, long)",2506,16982570873228,16982570889821,0,0,256,1,1,655360,1,1
"KERNEL_DISPATCH",4,2,285,"Cijk_Alik_Bljk_HB_MT16x16x24_SN_1LDSB0_APM1_ABV0_ACED0_AF0EM2_AF1EM1_AMAS3_ASE_ASGT_ASLT_ASM_ASAE01_ASCE01_ASEM2_AAC0_BL1_BS1_CLR0_DTLA0_DTLB0_DTVA0_DTVB0_DVO0_ETSP_EPS1_ELFLR0_EMLL0_FSSC10_FL0_GLVWA2_GLVWB2_GRCGA1_GRCGB1_GRPM1_GRVW2_GSU1_GSUASB_GLS0_ISA900_IU1_K1_KLA_LBSPPA0_LBSPPB0_LPA0_LPB0_LDL1_LRVW2_LWPMn1_LDW0_FMA_MIAV0_MDA2_MO40_MMFGLC_MKFGSU256_NTA0_NTB0_NTC0_NTD0_NEPBS0_NLCA3_NLCB3_ONLL1_OPLV0_PK0_PAP0_PGR1_PLR1_PKA0_SIA1_SLW1_SS0_SU32_SUM0_SUS256_SCIUI1_SPO0_SRVW0_SSO0_SVW4_SNLL0_TSGRA0_TSGRB0_TT2_2_TLDS0_UMLDSA0_UMLDSB0_USFGRO1_VAW2_VS1_VW2_VWB2_VFLRP0_WSGRA0_WSGRB0_WS64_WG8_8_1_WGM8",2507,16982570889821,16982571092049,0,3584,64,1,1,1024,8,1
"KERNEL_DISPATCH",4,2,76,"void convert_unary<__half, float>(void const*, float*, long, long, long, HIP_vector_type<unsigned int, 3u>, long, long, long)",2508,16982571092049,16982571096345,0,0,256,1,1,32768,1,1
"KERNEL_DISPATCH",4,2,51,"void dequantize_block_iq3_s<__half>(void const*, __half*)",2509,16982571115160,16982571132938,0,0,32,1,1,163840,1,1
"KERNEL_DISPATCH",4,2,64,"void convert_unary<float, __half>(void const*, __half*, long, long, long, HIP_vector_type<unsigned int, 3u>, long, long, long)",2510,16982571132938,16982571149680,0,0,256,1,1,655360,1,1
"KERNEL_DISPATCH",4,2,285,"Cijk_Alik_Bljk_HB_MT16x16x24_SN_1LDSB0_APM1_ABV0_ACED0_AF0EM2_AF1EM1_AMAS3_ASE_ASGT_ASLT_ASM_ASAE01_ASCE01_ASEM2_AAC0_BL1_BS1_CLR0_DTLA0_DTLB0_DTVA0_DTVB0_DVO0_ETSP_EPS1_ELFLR0_EMLL0_FSSC10_FL0_GLVWA2_GLVWB2_GRCGA1_GRCGB1_GRPM1_GRVW2_GSU1_GSUASB_GLS0_ISA900_IU1_K1_KLA_LBSPPA0_LBSPPB0_LPA0_LPB0_LDL1_LRVW2_LWPMn1_LDW0_FMA_MIAV0_MDA2_MO40_MMFGLC_MKFGSU256_NTA0_NTB0_NTC0_NTD0_NEPBS0_NLCA3_NLCB3_ONLL1_OPLV0_PK0_PAP0_PGR1_PLR1_PKA0_SIA1_SLW1_SS0_SU32_SUM0_SUS256_SCIUI1_SPO0_SRVW0_SSO0_SVW4_SNLL0_TSGRA0_TSGRB0_TT2_2_TLDS0_UMLDSA0_UMLDSB0_USFGRO1_VAW2_VS1_VW2_VWB2_VFLRP0_WSGRA0_WSGRB0_WS64_WG8_8_1_WGM8",2511,16982571149680,16982571351759,0,3584,64,1,1,1024,8,1
"KERNEL_DISPATCH",4,2,76,"void convert_unary<__half, float>(void const*, float*, long, long, long, HIP_vector_type<unsigned int, 3u>, long, long, long)",2512,16982571351759,16982571355907,0,0,256,1,1,32768,1,1
"KERNEL_DISPATCH",4,2,51,"void dequantize_block_iq3_s<__half>(void const*, __half*)",2513,16982571374574,16982571392204,0,0,32,1,1,163840,1,1
"KERNEL_DISPATCH",4,2,64,"void convert_unary<float, __half>(void const*, __half*, long, long, long, HIP_vector_type<unsigned int, 3u>, long, long, long)",2514,16982571392204,16982571408797,0,0,256,1,1,655360,1,1
"KERNEL_DISPATCH",4,2,285,"Cijk_Alik_Bljk_HB_MT16x16x24_SN_1LDSB0_APM1_ABV0_ACED0_AF0EM2_AF1EM1_AMAS3_ASE_ASGT_ASLT_ASM_ASAE01_ASCE01_ASEM2_AAC0_BL1_BS1_CLR0_DTLA0_DTLB0_DTVA0_DTVB0_DVO0_ETSP_EPS1_ELFLR0_EMLL0_FSSC10_FL0_GLVWA2_GLVWB2_GRCGA1_GRCGB1_GRPM1_GRVW2_GSU1_GSUASB_GLS0_ISA900_IU1_K1_KLA_LBSPPA0_LBSPPB0_LPA0_LPB0_LDL1_LRVW2_LWPMn1_LDW0_FMA_MIAV0_MDA2_MO40_MMFGLC_MKFGSU256_NTA0_NTB0_NTC0_NTD0_NEPBS0_NLCA3_NLCB3_ONLL1_OPLV0_PK0_PAP0_PGR1_PLR1_PKA0_SIA1_SLW1_SS0_SU32_SUM0_SUS256_SCIUI1_SPO0_SRVW0_SSO0_SVW4_SNLL0_TSGRA0_TSGRB0_TT2_2_TLDS0_UMLDSA0_UMLDSB0_USFGRO1_VAW2_VS1_VW2_VWB2_VFLRP0_WSGRA0_WSGRB0_WS64_WG8_8_1_WGM8",2515,16982571408797,16982571615469,0,3584,64,1,1,1024,8,1
"KERNEL_DISPATCH",4,2,76,"void convert_unary<__half, float>(void const*, float*, long, long, long, HIP_vector_type<unsigned int, 3u>, long, long, long)",2516,16982571615469,16982571619765,0,0,256,1,1,32768,1,1
"KERNEL_DISPATCH",4,2,51,"void dequantize_block_iq3_s<__half>(void const*, __half*)",2517,16982571639173,16982571657840,0,0,32,1,1,163840,1,1
"KERNEL_DISPATCH",4,2,64,"void convert_unary<float, __half>(void const*, __half*, long, long, long, HIP_vector_type<unsigned int, 3u>, long, long, long)",2518,16982571657840,16982571675026,0,0,256,1,1,655360,1,1
"KERNEL_DISPATCH",4,2,285,"Cijk_Alik_Bljk_HB_MT16x16x24_SN_1LDSB0_APM1_ABV0_ACED0_AF0EM2_AF1EM1_AMAS3_ASE_ASGT_ASLT_ASM_ASAE01_ASCE01_ASEM2_AAC0_BL1_BS1_CLR0_DTLA0_DTLB0_DTVA0_DTVB0_DVO0_ETSP_EPS1_ELFLR0_EMLL0_FSSC10_FL0_GLVWA2_GLVWB2_GRCGA1_GRCGB1_GRPM1_GRVW2_GSU1_GSUASB_GLS0_ISA900_IU1_K1_KLA_LBSPPA0_LBSPPB0_LPA0_LPB0_LDL1_LRVW2_LWPMn1_LDW0_FMA_MIAV0_MDA2_MO40_MMFGLC_MKFGSU256_NTA0_NTB0_NTC0_NTD0_NEPBS0_NLCA3_NLCB3_ONLL1_OPLV0_PK0_PAP0_PGR1_PLR1_PKA0_SIA1_SLW1_SS0_SU32_SUM0_SUS256_SCIUI1_SPO0_SRVW0_SSO0_SVW4_SNLL0_TSGRA0_TSGRB0_TT2_2_TLDS0_UMLDSA0_UMLDSB0_USFGRO1_VAW2_VS1_VW2_VWB2_VFLRP0_WSGRA0_WSGRB0_WS64_WG8_8_1_WGM8",2519,16982571675026,16982571890290,0,3584,64,1,1,1024,8,1
"KERNEL_DISPATCH",4,2,76,"void convert_unary<__half, float>(void const*, float*, long, long, long, HIP_vector_type<unsigned int, 3u>, long, long, long)",2520,16982571890290,16982571894735,0,0,256,1,1,32768,1,1
